date,rainfall_mm
2001-01-01,0.0
2001-01-02,0.0
2001-01-03,0.0
2001-01-04,0.0
2001-01-05,0.0
2001-01-06,0.0
2001-01-07,0.0
2001-01-08,0.0
2001-01-09,0.0
2001-01-10,0.0
2001-01-11,0.0
2001-01-12,0.0
2001-01-13,0.0
2001-01-14,0.0
2001-01-15,0.0
2001-01-16,0.0
2001-01-17,0.0
2001-01-18,0.0
2001-01-19,0.0
2001-01-20,0.0
2001-01-21,0.0
2001-01-22,0.0
2001-01-23,0.0
2001-01-24,0.0
2001-01-25,0.0
2001-01-26,0.0
2001-01-27,0.0
2001-01-28,0.0
2001-01-29,0.0
2001-01-30,0.0
2001-01-31,0.0
2001-02-01,0.0
2001-02-02,0.0
2001-02-03,0.0
2001-02-04,0.0
2001-02-05,0.0
2001-02-06,0.0
2001-02-07,0.0
2001-02-08,0.0
2001-02-09,0.0
2001-02-10,0.0
2001-02-11,0.0
2001-02-12,0.0
2001-02-13,0.0
2001-02-14,0.0
2001-02-15,0.0
2001-02-16,0.0
2001-02-17,0.0
2001-02-18,0.0
2001-02-19,0.0
2001-02-20,0.0
2001-02-21,13.96
2001-02-22,8.39
2001-02-23,0.0
2001-02-24,0.0
2001-02-25,0.0
2001-02-26,6.82
2001-02-27,0.0
2001-02-28,0.02
2001-03-01,0.0
2001-03-02,0.0
2001-03-03,0.0
2001-03-04,0.0
2001-03-05,0.6
2001-03-06,0.0
2001-03-07,0.0
2001-03-08,0.0
2001-03-09,0.0
2001-03-10,0.0
2001-03-11,0.0
2001-03-12,0.0
2001-03-13,0.0
2001-03-14,0.0
2001-03-15,0.0
2001-03-16,0.0
2001-03-17,0.0
2001-03-18,0.0
2001-03-19,0.0
2001-03-20,0.0
2001-03-21,0.0
2001-03-22,2.4
2001-03-23,3.94
2001-03-24,0.0
2001-03-25,0.02
2001-03-26,0.0
2001-03-27,0.0
2001-03-28,0.0
2001-03-29,0.0
2001-03-30,2.22
2001-03-31,0.0
2001-04-01,2.8
2001-04-02,9.78
2001-04-03,0.0
2001-04-04,0.0
2001-04-05,0.0
2001-04-06,1.62
2001-04-07,0.0
2001-04-08,0.29
2001-04-09,1.23
2001-04-10,0.3
2001-04-11,0.07
2001-04-12,0.28
2001-04-13,9.36
2001-04-14,0.26
2001-04-15,1.02
2001-04-16,0.34
2001-04-17,0.18
2001-04-18,5.27
2001-04-19,0.17
2001-04-20,0.0
2001-04-21,0.0
2001-04-22,0.0
2001-04-23,0.0
2001-04-24,0.0
2001-04-25,0.0
2001-04-26,0.0
2001-04-27,0.24
2001-04-28,0.0
2001-04-29,11.8
2001-04-30,6.26
2001-05-01,0.01
2001-05-02,1.2
2001-05-03,72.97
2001-05-04,4.17
2001-05-05,7.64
2001-05-06,6.7
2001-05-07,31.84
2001-05-08,120.64
2001-05-09,8.1
2001-05-10,28.17
2001-05-11,27.67
2001-05-12,0.54
2001-05-13,0.13
2001-05-14,0.3
2001-05-15,1.18
2001-05-16,1.51
2001-05-17,2.37
2001-05-18,1.82
2001-05-19,8.85
2001-05-20,10.12
2001-05-21,1.68
2001-05-22,5.68
2001-05-23,12.2
2001-05-24,13.74
2001-05-25,0.0
2001-05-26,20.8
2001-05-27,2.4
2001-05-28,3.1
2001-05-29,10.59
2001-05-30,11.9
2001-05-31,5.31
2001-06-01,1.6
2001-06-02,7.44
2001-06-03,31.03
2001-06-04,9.78
2001-06-05,52.56
2001-06-06,37.42
2001-06-07,53.38
2001-06-08,28.62
2001-06-09,12.22
2001-06-10,2.38
2001-06-11,10.09
2001-06-12,7.8
2001-06-13,73.32
2001-06-14,229.36
2001-06-15,23.39
2001-06-16,70.02
2001-06-17,61.92
2001-06-18,7.72
2001-06-19,32.86
2001-06-20,19.42
2001-06-21,1.3
2001-06-22,11.8
2001-06-23,6.96
2001-06-24,7.29
2001-06-25,3.38
2001-06-26,8.3
2001-06-27,2.28
2001-06-28,12.31
2001-06-29,4.5
2001-06-30,27.01
2001-07-01,26.24
2001-07-02,12.02
2001-07-03,9.5
2001-07-04,5.16
2001-07-05,8.31
2001-07-06,9.34
2001-07-07,7.54
2001-07-08,2.12
2001-07-09,25.0
2001-07-10,10.94
2001-07-11,5.61
2001-07-12,1.54
2001-07-13,11.16
2001-07-14,10.06
2001-07-15,10.31
2001-07-16,2.95
2001-07-17,15.72
2001-07-18,9.73
2001-07-19,6.94
2001-07-20,20.92
2001-07-21,29.42
2001-07-22,1.4
2001-07-23,2.29
2001-07-24,20.82
2001-07-25,32.88
2001-07-26,5.42
2001-07-27,7.48
2001-07-28,19.89
2001-07-29,27.04
2001-07-30,44.36
2001-07-31,48.62
2001-08-01,28.62
2001-08-02,10.28
2001-08-03,1.04
2001-08-04,26.94
2001-08-05,22.06
2001-08-06,4.09
2001-08-07,21.7
2001-08-08,41.45
2001-08-09,1.94
2001-08-10,2.55
2001-08-11,3.24
2001-08-12,16.32
2001-08-13,1.47
2001-08-14,7.07
2001-08-15,12.44
2001-08-16,3.43
2001-08-17,8.7
2001-08-18,11.07
2001-08-19,11.41
2001-08-20,2.61
2001-08-21,2.17
2001-08-22,0.61
2001-08-23,1.32
2001-08-24,3.5
2001-08-25,2.22
2001-08-26,31.63
2001-08-27,21.18
2001-08-28,12.89
2001-08-29,24.38
2001-08-30,0.91
2001-08-31,6.48
2001-09-01,14.06
2001-09-02,2.27
2001-09-03,0.0
2001-09-04,9.7
2001-09-05,5.22
2001-09-06,7.93
2001-09-07,13.14
2001-09-08,0.88
2001-09-09,12.65
2001-09-10,8.44
2001-09-11,7.44
2001-09-12,2.64
2001-09-13,0.21
2001-09-14,1.12
2001-09-15,0.74
2001-09-16,43.71
2001-09-17,24.27
2001-09-18,17.09
2001-09-19,14.44
2001-09-20,0.46
2001-09-21,0.28
2001-09-22,0.64
2001-09-23,28.82
2001-09-24,21.76
2001-09-25,8.33
2001-09-26,0.06
2001-09-27,4.15
2001-09-28,16.26
2001-09-29,0.64
2001-09-30,2.56
2001-10-01,6.2
2001-10-02,10.15
2001-10-03,26.36
2001-10-04,8.66
2001-10-05,0.0
2001-10-06,2.42
2001-10-07,0.0
2001-10-08,0.05
2001-10-09,15.78
2001-10-10,18.36
2001-10-11,1.12
2001-10-12,0.7
2001-10-13,1.86
2001-10-14,16.78
2001-10-15,0.0
2001-10-16,0.0
2001-10-17,6.66
2001-10-18,11.93
2001-10-19,0.25
2001-10-20,0.51
2001-10-21,0.0
2001-10-22,0.0
2001-10-23,0.0
2001-10-24,0.0
2001-10-25,0.0
2001-10-26,6.7
2001-10-27,33.76
2001-10-28,6.82
2001-10-29,7.15
2001-10-30,66.09
2001-10-31,1.12
2001-11-01,0.0
2001-11-02,0.0
2001-11-03,0.0
2001-11-04,0.0
2001-11-05,0.0
2001-11-06,2.84
2001-11-07,5.78
2001-11-08,3.84
2001-11-09,0.04
2001-11-10,21.6
2001-11-11,23.92
2001-11-12,16.0
2001-11-13,0.59
2001-11-14,0.0
2001-11-15,0.0
2001-11-16,0.0
2001-11-17,0.0
2001-11-18,0.0
2001-11-19,0.0
2001-11-20,0.0
2001-11-21,0.0
2001-11-22,0.0
2001-11-23,0.01
2001-11-24,0.0
2001-11-25,0.0
2001-11-26,0.0
2001-11-27,0.0
2001-11-28,0.0
2001-11-29,0.0
2001-11-30,0.0
2001-12-01,0.0
2001-12-02,0.0
2001-12-03,0.0
2001-12-04,0.0
2001-12-05,0.0
2001-12-06,0.0
2001-12-07,0.0
2001-12-08,0.0
2001-12-09,0.0
2001-12-10,0.0
2001-12-11,0.0
2001-12-12,0.0
2001-12-13,0.0
2001-12-14,0.0
2001-12-15,0.0
2001-12-16,0.0
2001-12-17,0.0
2001-12-18,0.0
2001-12-19,0.0
2001-12-20,0.0
2001-12-21,0.0
2001-12-22,0.0
2001-12-23,0.0
2001-12-24,0.0
2001-12-25,0.0
2001-12-26,0.0
2001-12-27,0.0
2001-12-28,0.0
2001-12-29,0.0
2001-12-30,0.0
2001-12-31,0.0
2002-01-01,0.0
2002-01-02,0.0
2002-01-03,0.0
2002-01-04,0.0
2002-01-05,0.0
2002-01-06,0.01
2002-01-07,0.64
2002-01-08,0.88
2002-01-09,0.0
2002-01-10,0.0
2002-01-11,0.0
2002-01-12,0.0
2002-01-13,0.0
2002-01-14,0.0
2002-01-15,0.0
2002-01-16,0.0
2002-01-17,0.0
2002-01-18,0.0
2002-01-19,0.0
2002-01-20,0.0
2002-01-21,0.0
2002-01-22,1.7
2002-01-23,4.9
2002-01-24,0.0
2002-01-25,0.0
2002-01-26,0.0
2002-01-27,0.0
2002-01-28,2.0
2002-01-29,1.6
2002-01-30,1.27
2002-01-31,0.0
2002-02-01,0.0
2002-02-02,0.0
2002-02-03,0.0
2002-02-04,0.0
2002-02-05,0.0
2002-02-06,0.0
2002-02-07,0.0
2002-02-08,0.0
2002-02-09,0.0
2002-02-10,0.0
2002-02-11,0.0
2002-02-12,0.2
2002-02-13,0.77
2002-02-14,0.0
2002-02-15,0.0
2002-02-16,0.0
2002-02-17,0.0
2002-02-18,0.0
2002-02-19,0.0
2002-02-20,0.0
2002-02-21,0.0
2002-02-22,0.0
2002-02-23,0.0
2002-02-24,0.0
2002-02-25,0.0
2002-02-26,0.0
2002-02-27,0.0
2002-02-28,0.0
2002-03-01,0.0
2002-03-02,0.0
2002-03-03,0.0
2002-03-04,0.0
2002-03-05,0.0
2002-03-06,0.0
2002-03-07,0.0
2002-03-08,0.0
2002-03-09,0.0
2002-03-10,0.0
2002-03-11,0.14
2002-03-12,0.0
2002-03-13,0.0
2002-03-14,0.0
2002-03-15,3.85
2002-03-16,0.0
2002-03-17,0.0
2002-03-18,0.0
2002-03-19,0.0
2002-03-20,0.0
2002-03-21,0.0
2002-03-22,0.0
2002-03-23,0.0
2002-03-24,0.04
2002-03-25,0.0
2002-03-26,0.0
2002-03-27,34.56
2002-03-28,2.06
2002-03-29,29.53
2002-03-30,0.0
2002-03-31,0.23
2002-04-01,2.31
2002-04-02,0.3
2002-04-03,22.47
2002-04-04,0.0
2002-04-05,0.88
2002-04-06,0.0
2002-04-07,0.0
2002-04-08,10.42
2002-04-09,1.32
2002-04-10,13.24
2002-04-11,15.19
2002-04-12,5.16
2002-04-13,0.0
2002-04-14,0.0
2002-04-15,1.36
2002-04-16,0.0
2002-04-17,0.0
2002-04-18,0.0
2002-04-19,0.0
2002-04-20,9.36
2002-04-21,3.74
2002-04-22,11.76
2002-04-23,0.61
2002-04-24,0.0
2002-04-25,0.0
2002-04-26,1.98
2002-04-27,4.14
2002-04-28,0.0
2002-04-29,4.21
2002-04-30,0.04
2002-05-01,0.0
2002-05-02,0.51
2002-05-03,1.58
2002-05-04,12.04
2002-05-05,5.12
2002-05-06,4.4
2002-05-07,0.0
2002-05-08,95.76
2002-05-09,2.8
2002-05-10,37.29
2002-05-11,44.56
2002-05-12,10.1
2002-05-13,15.55
2002-05-14,0.3
2002-05-15,0.24
2002-05-16,1.08
2002-05-17,0.76
2002-05-18,0.02
2002-05-19,0.0
2002-05-20,0.0
2002-05-21,0.71
2002-05-22,75.83
2002-05-23,19.52
2002-05-24,4.82
2002-05-25,11.59
2002-05-26,9.41
2002-05-27,17.94
2002-05-28,4.81
2002-05-29,15.9
2002-05-30,3.66
2002-05-31,1.3
2002-06-01,10.28
2002-06-02,2.9
2002-06-03,23.67
2002-06-04,9.72
2002-06-05,0.67
2002-06-06,3.02
2002-06-07,58.0
2002-06-08,12.48
2002-06-09,26.71
2002-06-10,8.4
2002-06-11,21.93
2002-06-12,48.1
2002-06-13,82.84
2002-06-14,6.08
2002-06-15,22.48
2002-06-16,3.17
2002-06-17,1.72
2002-06-18,1.97
2002-06-19,0.8
2002-06-20,7.18
2002-06-21,13.27
2002-06-22,42.35
2002-06-23,24.99
2002-06-24,4.65
2002-06-25,20.12
2002-06-26,10.39
2002-06-27,6.95
2002-06-28,25.81
2002-06-29,15.72
2002-06-30,91.26
2002-07-01,86.96
2002-07-02,21.48
2002-07-03,38.1
2002-07-04,17.08
2002-07-05,32.56
2002-07-06,43.24
2002-07-07,15.08
2002-07-08,51.48
2002-07-09,37.06
2002-07-10,33.18
2002-07-11,9.8
2002-07-12,6.27
2002-07-13,7.26
2002-07-14,3.03
2002-07-15,35.88
2002-07-16,27.98
2002-07-17,0.57
2002-07-18,12.98
2002-07-19,16.78
2002-07-20,18.05
2002-07-21,45.88
2002-07-22,27.2
2002-07-23,11.61
2002-07-24,2.4
2002-07-25,19.69
2002-07-26,1.84
2002-07-27,10.74
2002-07-28,4.03
2002-07-29,10.53
2002-07-30,14.86
2002-07-31,6.92
2002-08-01,3.46
2002-08-02,17.56
2002-08-03,9.98
2002-08-04,3.12
2002-08-05,1.36
2002-08-06,15.88
2002-08-07,19.54
2002-08-08,2.63
2002-08-09,0.06
2002-08-10,4.34
2002-08-11,28.42
2002-08-12,29.96
2002-08-13,9.89
2002-08-14,30.49
2002-08-15,21.16
2002-08-16,29.24
2002-08-17,21.83
2002-08-18,8.78
2002-08-19,19.87
2002-08-20,10.37
2002-08-21,23.78
2002-08-22,20.18
2002-08-23,2.7
2002-08-24,5.9
2002-08-25,1.66
2002-08-26,25.9
2002-08-27,28.7
2002-08-28,19.58
2002-08-29,2.91
2002-08-30,2.72
2002-08-31,0.7
2002-09-01,1.5
2002-09-02,1.16
2002-09-03,7.46
2002-09-04,11.08
2002-09-05,9.6
2002-09-06,8.2
2002-09-07,8.86
2002-09-08,29.42
2002-09-09,9.46
2002-09-10,16.41
2002-09-11,7.5
2002-09-12,9.9
2002-09-13,1.91
2002-09-14,1.45
2002-09-15,3.43
2002-09-16,16.13
2002-09-17,1.47
2002-09-18,3.91
2002-09-19,27.38
2002-09-20,64.68
2002-09-21,9.4
2002-09-22,3.7
2002-09-23,37.2
2002-09-24,18.66
2002-09-25,2.8
2002-09-26,16.79
2002-09-27,9.97
2002-09-28,8.64
2002-09-29,4.38
2002-09-30,0.04
2002-10-01,0.01
2002-10-02,0.44
2002-10-03,0.3
2002-10-04,1.32
2002-10-05,0.0
2002-10-06,0.0
2002-10-07,27.3
2002-10-08,0.44
2002-10-09,1.9
2002-10-10,0.0
2002-10-11,0.0
2002-10-12,0.54
2002-10-13,11.36
2002-10-14,40.77
2002-10-15,0.7
2002-10-16,0.0
2002-10-17,0.0
2002-10-18,11.26
2002-10-19,7.04
2002-10-20,0.73
2002-10-21,0.0
2002-10-22,0.0
2002-10-23,0.0
2002-10-24,1.46
2002-10-25,0.0
2002-10-26,0.0
2002-10-27,0.0
2002-10-28,0.0
2002-10-29,0.0
2002-10-30,0.0
2002-10-31,0.0
2002-11-01,0.0
2002-11-02,1.94
2002-11-03,0.0
2002-11-04,0.0
2002-11-05,0.0
2002-11-06,0.0
2002-11-07,5.64
2002-11-08,1.66
2002-11-09,2.0
2002-11-10,1.65
2002-11-11,10.78
2002-11-12,79.74
2002-11-13,0.0
2002-11-14,0.0
2002-11-15,0.0
2002-11-16,0.0
2002-11-17,0.0
2002-11-18,0.0
2002-11-19,0.0
2002-11-20,0.0
2002-11-21,0.0
2002-11-22,0.0
2002-11-23,0.0
2002-11-24,0.0
2002-11-25,0.0
2002-11-26,0.0
2002-11-27,0.0
2002-11-28,0.0
2002-11-29,0.0
2002-11-30,0.0
2002-12-01,0.0
2002-12-02,0.0
2002-12-03,0.0
2002-12-04,0.0
2002-12-05,0.0
2002-12-06,0.0
2002-12-07,0.12
2002-12-08,0.0
2002-12-09,0.0
2002-12-10,0.0
2002-12-11,0.0
2002-12-12,0.0
2002-12-13,0.0
2002-12-14,0.0
2002-12-15,0.0
2002-12-16,0.0
2002-12-17,0.0
2002-12-18,0.0
2002-12-19,0.0
2002-12-20,0.0
2002-12-21,0.0
2002-12-22,0.0
2002-12-23,0.0
2002-12-24,0.0
2002-12-25,0.0
2002-12-26,0.0
2002-12-27,0.0
2002-12-28,0.0
2002-12-29,0.0
2002-12-30,0.0
2002-12-31,0.0
2003-01-01,0.0
2003-01-02,0.0
2003-01-03,0.0
2003-01-04,0.0
2003-01-05,0.0
2003-01-06,0.0
2003-01-07,0.0
2003-01-08,0.0
2003-01-09,0.0
2003-01-10,0.0
2003-01-11,0.0
2003-01-12,0.0
2003-01-13,0.0
2003-01-14,0.0
2003-01-15,0.0
2003-01-16,0.0
2003-01-17,0.0
2003-01-18,0.0
2003-01-19,0.0
2003-01-20,0.0
2003-01-21,0.0
2003-01-22,0.0
2003-01-23,0.0
2003-01-24,0.0
2003-01-25,0.0
2003-01-26,0.0
2003-01-27,0.0
2003-01-28,0.0
2003-01-29,0.0
2003-01-30,0.0
2003-01-31,0.0
2003-02-01,0.0
2003-02-02,0.98
2003-02-03,0.0
2003-02-04,7.99
2003-02-05,0.14
2003-02-06,0.0
2003-02-07,0.0
2003-02-08,0.0
2003-02-09,0.02
2003-02-10,0.0
2003-02-11,0.0
2003-02-12,0.0
2003-02-13,0.06
2003-02-14,0.0
2003-02-15,0.0
2003-02-16,0.0
2003-02-17,0.0
2003-02-18,0.0
2003-02-19,0.27
2003-02-20,0.0
2003-02-21,0.0
2003-02-22,0.0
2003-02-23,0.0
2003-02-24,0.0
2003-02-25,0.0
2003-02-26,0.0
2003-02-27,0.0
2003-02-28,0.0
2003-03-01,0.0
2003-03-02,0.0
2003-03-03,0.0
2003-03-04,0.07
2003-03-05,0.0
2003-03-06,0.0
2003-03-07,0.0
2003-03-08,0.0
2003-03-09,0.0
2003-03-10,0.0
2003-03-11,0.08
2003-03-12,16.7
2003-03-13,4.61
2003-03-14,2.76
2003-03-15,1.02
2003-03-16,73.61
2003-03-17,7.8
2003-03-18,2.02
2003-03-19,1.8
2003-03-20,0.0
2003-03-21,0.0
2003-03-22,0.0
2003-03-23,0.0
2003-03-24,0.0
2003-03-25,0.0
2003-03-26,0.0
2003-03-27,0.04
2003-03-28,0.0
2003-03-29,0.0
2003-03-30,0.07
2003-03-31,4.59
2003-04-01,0.0
2003-04-02,0.0
2003-04-03,0.0
2003-04-04,4.11
2003-04-05,0.0
2003-04-06,0.0
2003-04-07,0.0
2003-04-08,0.0
2003-04-09,0.0
2003-04-10,0.6
2003-04-11,0.0
2003-04-12,0.0
2003-04-13,0.0
2003-04-14,2.82
2003-04-15,0.0
2003-04-16,2.06
2003-04-17,0.06
2003-04-18,0.6
2003-04-19,0.0
2003-04-20,31.56
2003-04-21,8.98
2003-04-22,0.0
2003-04-23,0.04
2003-04-24,0.0
2003-04-25,0.0
2003-04-26,0.0
2003-04-27,0.0
2003-04-28,1.55
2003-04-29,3.03
2003-04-30,35.96
2003-05-01,5.03
2003-05-02,25.55
2003-05-03,1.12
2003-05-04,0.0
2003-05-05,0.02
2003-05-06,0.0
2003-05-07,0.0
2003-05-08,4.75
2003-05-09,3.16
2003-05-10,0.0
2003-05-11,0.32
2003-05-12,0.0
2003-05-13,0.31
2003-05-14,13.63
2003-05-15,19.3
2003-05-16,4.07
2003-05-17,0.0
2003-05-18,0.0
2003-05-19,7.9
2003-05-20,8.66
2003-05-21,22.06
2003-05-22,1.95
2003-05-23,27.6
2003-05-24,2.16
2003-05-25,2.02
2003-05-26,0.08
2003-05-27,0.0
2003-05-28,1.32
2003-05-29,0.0
2003-05-30,0.0
2003-05-31,0.0
2003-06-01,0.0
2003-06-02,0.0
2003-06-03,20.57
2003-06-04,0.85
2003-06-05,124.12
2003-06-06,0.36
2003-06-07,53.9
2003-06-08,0.68
2003-06-09,34.71
2003-06-10,37.51
2003-06-11,18.3
2003-06-12,1.5
2003-06-13,7.34
2003-06-14,0.88
2003-06-15,30.17
2003-06-16,27.02
2003-06-17,8.2
2003-06-18,3.28
2003-06-19,4.92
2003-06-20,14.4
2003-06-21,113.7
2003-06-22,78.73
2003-06-23,17.26
2003-06-24,1.08
2003-06-25,34.72
2003-06-26,53.15
2003-06-27,7.12
2003-06-28,106.85
2003-06-29,48.08
2003-06-30,23.26
2003-07-01,14.36
2003-07-02,3.86
2003-07-03,7.46
2003-07-04,2.19
2003-07-05,4.07
2003-07-06,1.56
2003-07-07,0.79
2003-07-08,1.88
2003-07-09,8.56
2003-07-10,13.34
2003-07-11,3.94
2003-07-12,29.08
2003-07-13,13.72
2003-07-14,4.32
2003-07-15,6.6
2003-07-16,5.48
2003-07-17,2.5
2003-07-18,1.74
2003-07-19,3.36
2003-07-20,24.34
2003-07-21,25.14
2003-07-22,8.99
2003-07-23,27.46
2003-07-24,23.76
2003-07-25,9.65
2003-07-26,1.26
2003-07-27,4.12
2003-07-28,8.32
2003-07-29,43.33
2003-07-30,14.74
2003-07-31,3.9
2003-08-01,3.94
2003-08-02,0.58
2003-08-03,1.42
2003-08-04,2.66
2003-08-05,2.66
2003-08-06,0.01
2003-08-07,16.5
2003-08-08,13.36
2003-08-09,10.44
2003-08-10,77.32
2003-08-11,37.07
2003-08-12,0.7
2003-08-13,1.41
2003-08-14,4.32
2003-08-15,5.24
2003-08-16,3.22
2003-08-17,0.08
2003-08-18,2.03
2003-08-19,27.49
2003-08-20,38.56
2003-08-21,1.36
2003-08-22,7.5
2003-08-23,25.89
2003-08-24,9.86
2003-08-25,11.37
2003-08-26,1.94
2003-08-27,1.94
2003-08-28,10.41
2003-08-29,2.74
2003-08-30,4.52
2003-08-31,3.32
2003-09-01,10.57
2003-09-02,35.59
2003-09-03,2.67
2003-09-04,4.87
2003-09-05,1.42
2003-09-06,14.01
2003-09-07,17.98
2003-09-08,22.21
2003-09-09,3.08
2003-09-10,34.18
2003-09-11,22.54
2003-09-12,12.08
2003-09-13,6.34
2003-09-14,3.56
2003-09-15,3.94
2003-09-16,5.48
2003-09-17,5.11
2003-09-18,1.87
2003-09-19,1.46
2003-09-20,2.26
2003-09-21,6.91
2003-09-22,3.5
2003-09-23,22.85
2003-09-24,1.43
2003-09-25,4.47
2003-09-26,18.56
2003-09-27,3.32
2003-09-28,1.15
2003-09-29,0.3
2003-09-30,1.46
2003-10-01,0.08
2003-10-02,0.19
2003-10-03,0.0
2003-10-04,5.38
2003-10-05,0.38
2003-10-06,21.98
2003-10-07,43.74
2003-10-08,106.16
2003-10-09,19.42
2003-10-10,16.14
2003-10-11,1.24
2003-10-12,0.1
2003-10-13,0.0
2003-10-14,0.44
2003-10-15,5.74
2003-10-16,0.42
2003-10-17,0.84
2003-10-18,3.28
2003-10-19,0.0
2003-10-20,0.0
2003-10-21,0.58
2003-10-22,1.64
2003-10-23,0.56
2003-10-24,3.3
2003-10-25,2.5
2003-10-26,5.34
2003-10-27,0.16
2003-10-28,0.0
2003-10-29,0.0
2003-10-30,0.0
2003-10-31,0.0
2003-11-01,0.04
2003-11-02,0.0
2003-11-03,0.0
2003-11-04,0.0
2003-11-05,0.0
2003-11-06,0.0
2003-11-07,0.0
2003-11-08,0.0
2003-11-09,0.0
2003-11-10,0.0
2003-11-11,0.0
2003-11-12,0.0
2003-11-13,0.0
2003-11-14,0.0
2003-11-15,0.0
2003-11-16,0.0
2003-11-17,0.0
2003-11-18,0.0
2003-11-19,0.0
2003-11-20,0.0
2003-11-21,0.0
2003-11-22,0.0
2003-11-23,0.0
2003-11-24,0.0
2003-11-25,0.0
2003-11-26,0.0
2003-11-27,0.0
2003-11-28,0.0
2003-11-29,0.0
2003-11-30,0.0
2003-12-01,0.0
2003-12-02,0.0
2003-12-03,0.0
2003-12-04,0.0
2003-12-05,0.0
2003-12-06,0.0
2003-12-07,0.0
2003-12-08,0.0
2003-12-09,0.0
2003-12-10,0.0
2003-12-11,0.0
2003-12-12,8.33
2003-12-13,0.0
2003-12-14,4.5
2003-12-15,0.0
2003-12-16,1.3
2003-12-17,20.36
2003-12-18,3.44
2003-12-19,0.0
2003-12-20,0.0
2003-12-21,0.0
2003-12-22,0.0
2003-12-23,0.0
2003-12-24,0.0
2003-12-25,0.0
2003-12-26,0.0
2003-12-27,0.34
2003-12-28,1.9
2003-12-29,0.0
2003-12-30,0.0
2003-12-31,0.0
2004-01-01,0.0
2004-01-02,0.02
2004-01-03,0.0
2004-01-04,0.0
2004-01-05,0.0
2004-01-06,0.0
2004-01-07,0.0
2004-01-08,0.0
2004-01-09,0.0
2004-01-10,0.0
2004-01-11,0.0
2004-01-12,0.0
2004-01-13,0.0
2004-01-14,0.0
2004-01-15,0.0
2004-01-16,0.0
2004-01-17,0.0
2004-01-18,0.0
2004-01-19,0.0
2004-01-20,0.0
2004-01-21,0.0
2004-01-22,0.0
2004-01-23,0.96
2004-01-24,0.0
2004-01-25,0.0
2004-01-26,0.0
2004-01-27,0.0
2004-01-28,0.0
2004-01-29,0.0
2004-01-30,0.0
2004-01-31,0.0
2004-02-01,0.0
2004-02-02,0.0
2004-02-03,0.0
2004-02-04,0.0
2004-02-05,0.0
2004-02-06,0.0
2004-02-07,0.0
2004-02-08,0.0
2004-02-09,0.0
2004-02-10,0.0
2004-02-11,0.0
2004-02-12,0.0
2004-02-13,0.0
2004-02-14,0.0
2004-02-15,0.0
2004-02-16,0.0
2004-02-17,0.0
2004-02-18,0.0
2004-02-19,0.0
2004-02-20,0.0
2004-02-21,0.0
2004-02-22,0.0
2004-02-23,0.0
2004-02-24,0.0
2004-02-25,0.0
2004-02-26,0.0
2004-02-27,0.0
2004-02-28,0.0
2004-02-29,0.0
2004-03-01,0.0
2004-03-02,0.0
2004-03-03,0.0
2004-03-04,0.0
2004-03-05,0.0
2004-03-06,0.0
2004-03-07,4.62
2004-03-08,0.04
2004-03-09,4.46
2004-03-10,4.57
2004-03-11,0.0
2004-03-12,0.0
2004-03-13,0.0
2004-03-14,0.0
2004-03-15,0.0
2004-03-16,0.0
2004-03-17,0.0
2004-03-18,0.0
2004-03-19,0.0
2004-03-20,0.0
2004-03-21,0.0
2004-03-22,0.0
2004-03-23,0.0
2004-03-24,0.0
2004-03-25,0.0
2004-03-26,0.0
2004-03-27,0.0
2004-03-28,0.0
2004-03-29,0.03
2004-03-30,0.9
2004-03-31,0.4
2004-04-01,2.86
2004-04-02,0.22
2004-04-03,0.0
2004-04-04,35.31
2004-04-05,10.96
2004-04-06,6.02
2004-04-07,21.26
2004-04-08,0.82
2004-04-09,2.75
2004-04-10,13.54
2004-04-11,0.0
2004-04-12,0.16
2004-04-13,0.0
2004-04-14,0.0
2004-04-15,0.0
2004-04-16,0.0
2004-04-17,0.12
2004-04-18,29.06
2004-04-19,4.62
2004-04-20,0.36
2004-04-21,0.64
2004-04-22,2.1
2004-04-23,38.46
2004-04-24,1.96
2004-04-25,0.74
2004-04-26,0.11
2004-04-27,0.66
2004-04-28,0.14
2004-04-29,0.0
2004-04-30,0.02
2004-05-01,0.0
2004-05-02,0.0
2004-05-03,0.0
2004-05-04,0.06
2004-05-05,0.32
2004-05-06,0.0
2004-05-07,0.0
2004-05-08,0.0
2004-05-09,0.1
2004-05-10,0.0
2004-05-11,0.64
2004-05-12,0.0
2004-05-13,0.0
2004-05-14,3.49
2004-05-15,0.24
2004-05-16,0.18
2004-05-17,25.9
2004-05-18,0.64
2004-05-19,6.6
2004-05-20,0.07
2004-05-21,20.7
2004-05-22,21.12
2004-05-23,63.56
2004-05-24,6.76
2004-05-25,0.13
2004-05-26,0.85
2004-05-27,0.0
2004-05-28,7.01
2004-05-29,1.46
2004-05-30,0.0
2004-05-31,0.0
2004-06-01,2.5
2004-06-02,1.28
2004-06-03,29.22
2004-06-04,2.08
2004-06-05,0.0
2004-06-06,0.87
2004-06-07,2.2
2004-06-08,0.0
2004-06-09,0.0
2004-06-10,13.46
2004-06-11,31.08
2004-06-12,19.9
2004-06-13,66.24
2004-06-14,32.56
2004-06-15,16.7
2004-06-16,5.16
2004-06-17,24.94
2004-06-18,59.84
2004-06-19,43.46
2004-06-20,53.34
2004-06-21,21.7
2004-06-22,11.28
2004-06-23,14.8
2004-06-24,23.5
2004-06-25,24.12
2004-06-26,28.12
2004-06-27,1.85
2004-06-28,0.32
2004-06-29,7.98
2004-06-30,19.59
2004-07-01,13.62
2004-07-02,2.26
2004-07-03,2.91
2004-07-04,23.86
2004-07-05,36.4
2004-07-06,30.16
2004-07-07,58.7
2004-07-08,31.84
2004-07-09,23.42
2004-07-10,15.78
2004-07-11,17.56
2004-07-12,4.61
2004-07-13,11.04
2004-07-14,7.6
2004-07-15,9.52
2004-07-16,6.3
2004-07-17,4.15
2004-07-18,18.76
2004-07-19,109.21
2004-07-20,42.39
2004-07-21,6.91
2004-07-22,13.18
2004-07-23,16.6
2004-07-24,4.45
2004-07-25,7.92
2004-07-26,1.16
2004-07-27,2.12
2004-07-28,6.1
2004-07-29,2.34
2004-07-30,2.87
2004-07-31,7.37
2004-08-01,11.4
2004-08-02,6.22
2004-08-03,7.72
2004-08-04,15.96
2004-08-05,21.98
2004-08-06,8.84
2004-08-07,5.71
2004-08-08,11.93
2004-08-09,3.02
2004-08-10,3.54
2004-08-11,0.92
2004-08-12,29.04
2004-08-13,48.56
2004-08-14,8.12
2004-08-15,1.66
2004-08-16,11.72
2004-08-17,5.29
2004-08-18,1.88
2004-08-19,1.1
2004-08-20,1.33
2004-08-21,2.65
2004-08-22,1.06
2004-08-23,1.06
2004-08-24,11.58
2004-08-25,30.0
2004-08-26,57.24
2004-08-27,4.79
2004-08-28,2.28
2004-08-29,27.34
2004-08-30,7.47
2004-08-31,11.64
2004-09-01,2.01
2004-09-02,24.84
2004-09-03,13.9
2004-09-04,7.02
2004-09-05,5.75
2004-09-06,0.0
2004-09-07,0.38
2004-09-08,5.95
2004-09-09,25.67
2004-09-10,58.77
2004-09-11,84.76
2004-09-12,125.32
2004-09-13,127.12
2004-09-14,84.83
2004-09-15,29.42
2004-09-16,85.74
2004-09-17,6.22
2004-09-18,1.77
2004-09-19,4.42
2004-09-20,6.18
2004-09-21,18.31
2004-09-22,16.52
2004-09-23,10.7
2004-09-24,17.7
2004-09-25,8.9
2004-09-26,2.62
2004-09-27,9.15
2004-09-28,9.02
2004-09-29,7.98
2004-09-30,4.11
2004-10-01,2.29
2004-10-02,1.48
2004-10-03,3.54
2004-10-04,22.22
2004-10-05,97.81
2004-10-06,49.89
2004-10-07,40.9
2004-10-08,12.91
2004-10-09,1.9
2004-10-10,1.64
2004-10-11,0.06
2004-10-12,0.54
2004-10-13,2.14
2004-10-14,36.25
2004-10-15,3.93
2004-10-16,0.0
2004-10-17,0.0
2004-10-18,0.0
2004-10-19,0.0
2004-10-20,0.0
2004-10-21,0.0
2004-10-22,0.0
2004-10-23,0.0
2004-10-24,0.0
2004-10-25,0.0
2004-10-26,0.03
2004-10-27,0.0
2004-10-28,0.0
2004-10-29,1.54
2004-10-30,1.64
2004-10-31,0.55
2004-11-01,0.0
2004-11-02,0.0
2004-11-03,0.0
2004-11-04,0.0
2004-11-05,0.01
2004-11-06,0.0
2004-11-07,0.0
2004-11-08,0.0
2004-11-09,0.0
2004-11-10,0.89
2004-11-11,0.0
2004-11-12,0.0
2004-11-13,0.0
2004-11-14,0.0
2004-11-15,0.0
2004-11-16,0.0
2004-11-17,0.0
2004-11-18,0.0
2004-11-19,0.0
2004-11-20,0.0
2004-11-21,0.0
2004-11-22,0.0
2004-11-23,0.0
2004-11-24,0.0
2004-11-25,0.0
2004-11-26,0.0
2004-11-27,0.0
2004-11-28,0.0
2004-11-29,0.0
2004-11-30,0.0
2004-12-01,0.0
2004-12-02,0.0
2004-12-03,0.0
2004-12-04,0.0
2004-12-05,0.0
2004-12-06,0.0
2004-12-07,0.0
2004-12-08,0.0
2004-12-09,0.0
2004-12-10,0.0
2004-12-11,0.0
2004-12-12,0.0
2004-12-13,0.0
2004-12-14,0.3
2004-12-15,0.0
2004-12-16,0.0
2004-12-17,0.0
2004-12-18,0.0
2004-12-19,0.0
2004-12-20,0.0
2004-12-21,0.0
2004-12-22,0.0
2004-12-23,0.0
2004-12-24,0.0
2004-12-25,0.0
2004-12-26,0.0
2004-12-27,0.0
2004-12-28,0.0
2004-12-29,0.0
2004-12-30,0.0
2004-12-31,0.0
2005-01-01,0.13
2005-01-02,0.0
2005-01-03,1.62
2005-01-04,4.87
2005-01-05,0.0
2005-01-06,0.0
2005-01-07,0.0
2005-01-08,0.0
2005-01-09,0.0
2005-01-10,0.0
2005-01-11,1.18
2005-01-12,0.0
2005-01-13,0.0
2005-01-14,0.0
2005-01-15,0.0
2005-01-16,0.0
2005-01-17,0.0
2005-01-18,0.02
2005-01-19,0.0
2005-01-20,0.0
2005-01-21,0.0
2005-01-22,0.0
2005-01-23,0.02
2005-01-24,0.0
2005-01-25,0.0
2005-01-26,0.0
2005-01-27,0.11
2005-01-28,2.45
2005-01-29,1.43
2005-01-30,0.0
2005-01-31,0.2
2005-02-01,0.26
2005-02-02,0.03
2005-02-03,0.0
2005-02-04,0.0
2005-02-05,0.0
2005-02-06,0.0
2005-02-07,0.0
2005-02-08,0.0
2005-02-09,0.0
2005-02-10,0.0
2005-02-11,0.0
2005-02-12,0.0
2005-02-13,0.0
2005-02-14,0.0
2005-02-15,0.0
2005-02-16,0.0
2005-02-17,0.0
2005-02-18,0.0
2005-02-19,1.49
2005-02-20,0.0
2005-02-21,0.0
2005-02-22,0.0
2005-02-23,0.0
2005-02-24,0.0
2005-02-25,0.0
2005-02-26,0.0
2005-02-27,0.0
2005-02-28,0.0
2005-03-01,0.0
2005-03-02,0.0
2005-03-03,0.0
2005-03-04,0.0
2005-03-05,0.17
2005-03-06,0.0
2005-03-07,0.0
2005-03-08,0.12
2005-03-09,0.02
2005-03-10,1.37
2005-03-11,17.57
2005-03-12,1.29
2005-03-13,0.22
2005-03-14,2.55
2005-03-15,1.14
2005-03-16,0.0
2005-03-17,0.0
2005-03-18,0.0
2005-03-19,0.0
2005-03-20,0.0
2005-03-21,0.0
2005-03-22,14.97
2005-03-23,42.08
2005-03-24,35.68
2005-03-25,0.98
2005-03-26,0.0
2005-03-27,0.0
2005-03-28,0.0
2005-03-29,0.04
2005-03-30,0.36
2005-03-31,0.02
2005-04-01,2.5
2005-04-02,0.0
2005-04-03,0.0
2005-04-04,0.0
2005-04-05,0.0
2005-04-06,0.0
2005-04-07,0.0
2005-04-08,0.0
2005-04-09,0.0
2005-04-10,17.47
2005-04-11,9.67
2005-04-12,0.0
2005-04-13,0.0
2005-04-14,0.0
2005-04-15,0.0
2005-04-16,0.0
2005-04-17,0.0
2005-04-18,0.01
2005-04-19,1.42
2005-04-20,0.26
2005-04-21,0.0
2005-04-22,0.0
2005-04-23,0.0
2005-04-24,3.38
2005-04-25,1.99
2005-04-26,0.0
2005-04-27,0.0
2005-04-28,0.0
2005-04-29,58.88
2005-04-30,3.31
2005-05-01,0.55
2005-05-02,3.19
2005-05-03,0.04
2005-05-04,2.04
2005-05-05,5.18
2005-05-06,1.66
2005-05-07,0.0
2005-05-08,0.1
2005-05-09,31.1
2005-05-10,0.42
2005-05-11,0.0
2005-05-12,0.0
2005-05-13,0.0
2005-05-14,0.0
2005-05-15,0.14
2005-05-16,0.0
2005-05-17,29.64
2005-05-18,0.0
2005-05-19,86.04
2005-05-20,0.9
2005-05-21,1.06
2005-05-22,27.63
2005-05-23,2.87
2005-05-24,0.1
2005-05-25,0.0
2005-05-26,0.0
2005-05-27,0.0
2005-05-28,0.99
2005-05-29,0.24
2005-05-30,0.0
2005-05-31,0.0
2005-06-01,0.0
2005-06-02,0.0
2005-06-03,0.0
2005-06-04,0.39
2005-06-05,0.96
2005-06-06,0.01
2005-06-07,0.08
2005-06-08,0.07
2005-06-09,2.17
2005-06-10,0.16
2005-06-11,1.48
2005-06-12,0.0
2005-06-13,0.52
2005-06-14,8.49
2005-06-15,0.26
2005-06-16,14.23
2005-06-17,0.03
2005-06-18,0.61
2005-06-19,0.62
2005-06-20,0.0
2005-06-21,0.68
2005-06-22,5.88
2005-06-23,27.76
2005-06-24,28.05
2005-06-25,16.35
2005-06-26,2.24
2005-06-27,49.1
2005-06-28,62.97
2005-06-29,69.47
2005-06-30,66.66
2005-07-01,27.52
2005-07-02,13.02
2005-07-03,36.59
2005-07-04,67.45
2005-07-05,50.34
2005-07-06,3.98
2005-07-07,2.83
2005-07-08,1.18
2005-07-09,2.58
2005-07-10,11.32
2005-07-11,11.99
2005-07-12,14.95
2005-07-13,23.61
2005-07-14,62.92
2005-07-15,41.91
2005-07-16,2.52
2005-07-17,6.68
2005-07-18,6.08
2005-07-19,1.38
2005-07-20,34.96
2005-07-21,51.6
2005-07-22,17.87
2005-07-23,11.28
2005-07-24,9.18
2005-07-25,2.5
2005-07-26,7.25
2005-07-27,2.3
2005-07-28,3.16
2005-07-29,2.56
2005-07-30,0.86
2005-07-31,0.86
2005-08-01,7.58
2005-08-02,1.3
2005-08-03,2.19
2005-08-04,8.52
2005-08-05,44.83
2005-08-06,35.58
2005-08-07,13.96
2005-08-08,26.6
2005-08-09,20.16
2005-08-10,55.66
2005-08-11,10.65
2005-08-12,0.77
2005-08-13,19.84
2005-08-14,37.86
2005-08-15,3.4
2005-08-16,5.51
2005-08-17,19.78
2005-08-18,4.32
2005-08-19,4.57
2005-08-20,25.18
2005-08-21,40.84
2005-08-22,15.98
2005-08-23,21.5
2005-08-24,39.26
2005-08-25,28.8
2005-08-26,19.39
2005-08-27,9.15
2005-08-28,12.48
2005-08-29,7.14
2005-08-30,4.53
2005-08-31,18.58
2005-09-01,12.28
2005-09-02,26.16
2005-09-03,7.82
2005-09-04,4.84
2005-09-05,1.7
2005-09-06,6.58
2005-09-07,7.74
2005-09-08,18.96
2005-09-09,23.42
2005-09-10,11.86
2005-09-11,4.66
2005-09-12,4.99
2005-09-13,8.53
2005-09-14,0.3
2005-09-15,19.28
2005-09-16,34.91
2005-09-17,1.34
2005-09-18,0.81
2005-09-19,14.42
2005-09-20,19.01
2005-09-21,3.07
2005-09-22,1.42
2005-09-23,12.14
2005-09-24,7.72
2005-09-25,1.16
2005-09-26,0.82
2005-09-27,5.86
2005-09-28,46.34
2005-09-29,3.62
2005-09-30,51.34
2005-10-01,43.9
2005-10-02,47.19
2005-10-03,28.1
2005-10-04,3.56
2005-10-05,0.6
2005-10-06,0.78
2005-10-07,2.0
2005-10-08,1.8
2005-10-09,0.12
2005-10-10,0.17
2005-10-11,2.66
2005-10-12,0.52
2005-10-13,0.0
2005-10-14,0.44
2005-10-15,0.0
2005-10-16,0.0
2005-10-17,1.8
2005-10-18,2.41
2005-10-19,9.23
2005-10-20,61.1
2005-10-21,39.24
2005-10-22,29.67
2005-10-23,30.92
2005-10-24,0.0
2005-10-25,0.0
2005-10-26,0.0
2005-10-27,2.36
2005-10-28,2.99
2005-10-29,0.0
2005-10-30,0.0
2005-10-31,0.18
2005-11-01,4.78
2005-11-02,0.0
2005-11-03,0.0
2005-11-04,0.0
2005-11-05,0.0
2005-11-06,0.0
2005-11-07,0.08
2005-11-08,3.76
2005-11-09,0.0
2005-11-10,0.0
2005-11-11,0.0
2005-11-12,0.0
2005-11-13,0.0
2005-11-14,0.0
2005-11-15,0.0
2005-11-16,0.0
2005-11-17,0.0
2005-11-18,0.0
2005-11-19,0.0
2005-11-20,0.0
2005-11-21,0.0
2005-11-22,0.0
2005-11-23,0.0
2005-11-24,0.0
2005-11-25,0.0
2005-11-26,0.0
2005-11-27,0.0
2005-11-28,0.0
2005-11-29,0.0
2005-11-30,0.0
2005-12-01,0.0
2005-12-02,0.0
2005-12-03,0.0
2005-12-04,0.0
2005-12-05,0.0
2005-12-06,0.0
2005-12-07,0.0
2005-12-08,0.0
2005-12-09,0.0
2005-12-10,0.0
2005-12-11,0.0
2005-12-12,0.0
2005-12-13,0.0
2005-12-14,0.0
2005-12-15,0.0
2005-12-16,0.0
2005-12-17,0.02
2005-12-18,0.0
2005-12-19,0.0
2005-12-20,0.0
2005-12-21,1.85
2005-12-22,2.97
2005-12-23,0.51
2005-12-24,0.0
2005-12-25,0.0
2005-12-26,0.0
2005-12-27,0.0
2005-12-28,0.0
2005-12-29,0.0
2005-12-30,0.0
2005-12-31,0.0
2006-01-01,0.0
2006-01-02,0.04
2006-01-03,0.19
2006-01-04,0.0
2006-01-05,0.0
2006-01-06,0.0
2006-01-07,0.7
2006-01-08,0.0
2006-01-09,0.0
2006-01-10,0.0
2006-01-11,0.0
2006-01-12,0.0
2006-01-13,0.0
2006-01-14,0.0
2006-01-15,0.0
2006-01-16,0.0
2006-01-17,0.0
2006-01-18,0.0
2006-01-19,0.0
2006-01-20,0.0
2006-01-21,0.0
2006-01-22,0.0
2006-01-23,0.0
2006-01-24,0.0
2006-01-25,0.0
2006-01-26,0.0
2006-01-27,0.0
2006-01-28,0.0
2006-01-29,0.0
2006-01-30,0.0
2006-01-31,0.0
2006-02-01,0.0
2006-02-02,0.0
2006-02-03,0.0
2006-02-04,0.0
2006-02-05,0.0
2006-02-06,0.0
2006-02-07,0.0
2006-02-08,0.0
2006-02-09,1.57
2006-02-10,0.0
2006-02-11,0.0
2006-02-12,0.0
2006-02-13,0.0
2006-02-14,0.0
2006-02-15,0.0
2006-02-16,0.0
2006-02-17,0.0
2006-02-18,0.0
2006-02-19,0.0
2006-02-20,0.0
2006-02-21,0.0
2006-02-22,0.0
2006-02-23,0.0
2006-02-24,0.0
2006-02-25,0.0
2006-02-26,0.0
2006-02-27,0.0
2006-02-28,0.0
2006-03-01,0.0
2006-03-02,0.0
2006-03-03,0.0
2006-03-04,0.0
2006-03-05,1.03
2006-03-06,0.0
2006-03-07,0.0
2006-03-08,0.0
2006-03-09,0.0
2006-03-10,0.0
2006-03-11,0.9
2006-03-12,0.0
2006-03-13,0.0
2006-03-14,0.0
2006-03-15,0.0
2006-03-16,0.0
2006-03-17,0.0
2006-03-18,0.0
2006-03-19,0.0
2006-03-20,0.0
2006-03-21,0.0
2006-03-22,0.0
2006-03-23,0.0
2006-03-24,0.0
2006-03-25,0.0
2006-03-26,0.0
2006-03-27,0.0
2006-03-28,0.22
2006-03-29,0.23
2006-03-30,0.0
2006-03-31,0.0
2006-04-01,0.0
2006-04-02,0.0
2006-04-03,0.02
2006-04-04,13.52
2006-04-05,12.65
2006-04-06,0.0
2006-04-07,0.0
2006-04-08,0.22
2006-04-09,0.0
2006-04-10,0.0
2006-04-11,0.0
2006-04-12,0.0
2006-04-13,6.41
2006-04-14,0.0
2006-04-15,0.0
2006-04-16,0.09
2006-04-17,29.59
2006-04-18,3.42
2006-04-19,7.14
2006-04-20,0.0
2006-04-21,0.0
2006-04-22,0.02
2006-04-23,0.0
2006-04-24,0.94
2006-04-25,0.0
2006-04-26,0.0
2006-04-27,0.16
2006-04-28,0.16
2006-04-29,0.0
2006-04-30,0.0
2006-05-01,0.0
2006-05-02,0.46
2006-05-03,0.0
2006-05-04,0.0
2006-05-05,0.0
2006-05-06,4.76
2006-05-07,22.42
2006-05-08,0.0
2006-05-09,18.73
2006-05-10,0.1
2006-05-11,7.16
2006-05-12,93.98
2006-05-13,3.69
2006-05-14,38.06
2006-05-15,4.8
2006-05-16,0.0
2006-05-17,0.0
2006-05-18,0.0
2006-05-19,0.01
2006-05-20,1.72
2006-05-21,0.02
2006-05-22,0.0
2006-05-23,0.54
2006-05-24,0.85
2006-05-25,34.9
2006-05-26,89.83
2006-05-27,67.63
2006-05-28,41.16
2006-05-29,45.04
2006-05-30,5.98
2006-05-31,33.2
2006-06-01,22.94
2006-06-02,33.81
2006-06-03,6.18
2006-06-04,15.46
2006-06-05,2.18
2006-06-06,9.04
2006-06-07,1.94
2006-06-08,10.57
2006-06-09,38.95
2006-06-10,46.54
2006-06-11,3.75
2006-06-12,4.78
2006-06-13,11.9
2006-06-14,25.18
2006-06-15,1.2
2006-06-16,1.5
2006-06-17,0.38
2006-06-18,0.23
2006-06-19,26.08
2006-06-20,27.92
2006-06-21,16.02
2006-06-22,22.3
2006-06-23,7.98
2006-06-24,10.36
2006-06-25,9.74
2006-06-26,23.16
2006-06-27,1.76
2006-06-28,6.66
2006-06-29,0.34
2006-06-30,3.1
2006-07-01,3.6
2006-07-02,0.58
2006-07-03,12.65
2006-07-04,3.42
2006-07-05,27.56
2006-07-06,43.4
2006-07-07,15.7
2006-07-08,16.1
2006-07-09,32.21
2006-07-10,21.26
2006-07-11,13.98
2006-07-12,1.68
2006-07-13,9.47
2006-07-14,0.84
2006-07-15,0.61
2006-07-16,8.88
2006-07-17,1.42
2006-07-18,4.28
2006-07-19,27.0
2006-07-20,1.67
2006-07-21,1.56
2006-07-22,0.44
2006-07-23,0.5
2006-07-24,0.08
2006-07-25,9.76
2006-07-26,38.49
2006-07-27,2.44
2006-07-28,21.41
2006-07-29,61.8
2006-07-30,0.66
2006-07-31,13.52
2006-08-01,1.37
2006-08-02,0.58
2006-08-03,3.08
2006-08-04,0.82
2006-08-05,8.94
2006-08-06,1.05
2006-08-07,3.43
2006-08-08,24.38
2006-08-09,79.26
2006-08-10,6.14
2006-08-11,11.2
2006-08-12,3.26
2006-08-13,1.56
2006-08-14,2.2
2006-08-15,5.2
2006-08-16,1.64
2006-08-17,7.01
2006-08-18,30.6
2006-08-19,6.12
2006-08-20,25.2
2006-08-21,1.14
2006-08-22,13.94
2006-08-23,5.4
2006-08-24,6.92
2006-08-25,2.66
2006-08-26,0.36
2006-08-27,7.86
2006-08-28,1.61
2006-08-29,8.02
2006-08-30,2.28
2006-08-31,19.85
2006-09-01,0.88
2006-09-02,13.98
2006-09-03,0.57
2006-09-04,1.82
2006-09-05,1.44
2006-09-06,0.3
2006-09-07,0.0
2006-09-08,0.0
2006-09-09,2.18
2006-09-10,21.68
2006-09-11,33.1
2006-09-12,9.94
2006-09-13,2.26
2006-09-14,6.71
2006-09-15,1.21
2006-09-16,2.16
2006-09-17,2.33
2006-09-18,25.36
2006-09-19,19.27
2006-09-20,84.64
2006-09-21,112.66
2006-09-22,67.53
2006-09-23,16.43
2006-09-24,4.19
2006-09-25,3.01
2006-09-26,5.64
2006-09-27,3.9
2006-09-28,38.54
2006-09-29,9.36
2006-09-30,3.42
2006-10-01,0.63
2006-10-02,0.0
2006-10-03,0.44
2006-10-04,18.58
2006-10-05,14.47
2006-10-06,0.12
2006-10-07,0.0
2006-10-08,0.0
2006-10-09,0.22
2006-10-10,0.0
2006-10-11,0.0
2006-10-12,0.0
2006-10-13,2.69
2006-10-14,1.98
2006-10-15,0.46
2006-10-16,0.51
2006-10-17,9.07
2006-10-18,0.6
2006-10-19,7.02
2006-10-20,1.63
2006-10-21,0.0
2006-10-22,0.06
2006-10-23,0.0
2006-10-24,0.0
2006-10-25,0.04
2006-10-26,0.0
2006-10-27,0.14
2006-10-28,1.16
2006-10-29,0.24
2006-10-30,0.66
2006-10-31,2.02
2006-11-01,0.3
2006-11-02,0.0
2006-11-03,0.0
2006-11-04,0.0
2006-11-05,0.0
2006-11-06,0.02
2006-11-07,0.88
2006-11-08,1.28
2006-11-09,2.55
2006-11-10,1.92
2006-11-11,0.99
2006-11-12,0.0
2006-11-13,0.01
2006-11-14,0.0
2006-11-15,0.0
2006-11-16,0.0
2006-11-17,0.0
2006-11-18,0.0
2006-11-19,0.0
2006-11-20,0.0
2006-11-21,0.0
2006-11-22,0.0
2006-11-23,0.0
2006-11-24,0.0
2006-11-25,0.0
2006-11-26,0.0
2006-11-27,0.0
2006-11-28,0.0
2006-11-29,0.0
2006-11-30,0.0
2006-12-01,0.0
2006-12-02,0.0
2006-12-03,0.0
2006-12-04,0.0
2006-12-05,0.0
2006-12-06,0.0
2006-12-07,0.0
2006-12-08,0.0
2006-12-09,0.0
2006-12-10,0.0
2006-12-11,0.0
2006-12-12,0.0
2006-12-13,0.0
2006-12-14,0.0
2006-12-15,0.0
2006-12-16,0.0
2006-12-17,0.0
2006-12-18,0.0
2006-12-19,0.0
2006-12-20,0.0
2006-12-21,0.0
2006-12-22,0.0
2006-12-23,0.0
2006-12-24,0.0
2006-12-25,0.0
2006-12-26,0.0
2006-12-27,0.0
2006-12-28,0.0
2006-12-29,0.0
2006-12-30,0.0
2006-12-31,0.0
2007-01-01,0.0
2007-01-02,0.0
2007-01-03,0.0
2007-01-04,0.0
2007-01-05,0.0
2007-01-06,0.0
2007-01-07,0.0
2007-01-08,0.0
2007-01-09,0.0
2007-01-10,0.0
2007-01-11,0.0
2007-01-12,0.0
2007-01-13,0.0
2007-01-14,0.0
2007-01-15,0.0
2007-01-16,0.0
2007-01-17,0.0
2007-01-18,0.0
2007-01-19,0.0
2007-01-20,0.0
2007-01-21,0.0
2007-01-22,0.0
2007-01-23,0.0
2007-01-24,0.0
2007-01-25,0.0
2007-01-26,0.0
2007-01-27,0.0
2007-01-28,0.0
2007-01-29,1.1
2007-01-30,1.02
2007-01-31,0.19
2007-02-01,0.0
2007-02-02,0.0
2007-02-03,0.0
2007-02-04,3.97
2007-02-05,0.0
2007-02-06,4.12
2007-02-07,8.38
2007-02-08,2.44
2007-02-09,0.0
2007-02-10,0.0
2007-02-11,0.0
2007-02-12,0.0
2007-02-13,33.48
2007-02-14,17.72
2007-02-15,0.0
2007-02-16,0.0
2007-02-17,0.0
2007-02-18,0.0
2007-02-19,0.0
2007-02-20,0.0
2007-02-21,0.0
2007-02-22,0.0
2007-02-23,0.0
2007-02-24,0.0
2007-02-25,0.0
2007-02-26,0.0
2007-02-27,0.0
2007-02-28,0.0
2007-03-01,0.68
2007-03-02,0.66
2007-03-03,0.0
2007-03-04,0.0
2007-03-05,0.0
2007-03-06,0.0
2007-03-07,0.0
2007-03-08,0.0
2007-03-09,0.0
2007-03-10,0.63
2007-03-11,0.0
2007-03-12,0.0
2007-03-13,0.0
2007-03-14,0.0
2007-03-15,0.0
2007-03-16,0.0
2007-03-17,0.0
2007-03-18,0.0
2007-03-19,0.0
2007-03-20,0.0
2007-03-21,0.0
2007-03-22,13.28
2007-03-23,0.0
2007-03-24,0.0
2007-03-25,0.0
2007-03-26,0.0
2007-03-27,0.0
2007-03-28,0.0
2007-03-29,0.0
2007-03-30,0.0
2007-03-31,0.0
2007-04-01,0.0
2007-04-02,0.0
2007-04-03,0.0
2007-04-04,0.0
2007-04-05,0.0
2007-04-06,0.0
2007-04-07,0.0
2007-04-08,0.06
2007-04-09,1.56
2007-04-10,0.54
2007-04-11,52.64
2007-04-12,64.65
2007-04-13,0.0
2007-04-14,0.0
2007-04-15,0.0
2007-04-16,0.02
2007-04-17,0.0
2007-04-18,0.0
2007-04-19,0.22
2007-04-20,0.47
2007-04-21,0.48
2007-04-22,8.98
2007-04-23,0.0
2007-04-24,17.0
2007-04-25,0.0
2007-04-26,0.26
2007-04-27,4.64
2007-04-28,2.82
2007-04-29,0.0
2007-04-30,0.0
2007-05-01,0.0
2007-05-02,0.0
2007-05-03,4.57
2007-05-04,0.0
2007-05-05,4.7
2007-05-06,6.72
2007-05-07,8.62
2007-05-08,1.88
2007-05-09,3.28
2007-05-10,8.3
2007-05-11,0.0
2007-05-12,1.44
2007-05-13,20.68
2007-05-14,81.89
2007-05-15,0.14
2007-05-16,27.05
2007-05-17,0.68
2007-05-18,2.31
2007-05-19,0.6
2007-05-20,28.33
2007-05-21,16.1
2007-05-22,0.27
2007-05-23,0.1
2007-05-24,12.45
2007-05-25,0.0
2007-05-26,0.06
2007-05-27,0.11
2007-05-28,0.0
2007-05-29,0.0
2007-05-30,0.0
2007-05-31,0.0
2007-06-01,0.0
2007-06-02,0.0
2007-06-03,17.02
2007-06-04,0.7
2007-06-05,8.68
2007-06-06,22.42
2007-06-07,1.56
2007-06-08,60.37
2007-06-09,11.75
2007-06-10,52.27
2007-06-11,86.99
2007-06-12,12.16
2007-06-13,2.58
2007-06-14,2.72
2007-06-15,58.96
2007-06-16,61.08
2007-06-17,33.93
2007-06-18,1.03
2007-06-19,1.18
2007-06-20,2.15
2007-06-21,11.7
2007-06-22,12.03
2007-06-23,1.86
2007-06-24,5.93
2007-06-25,0.78
2007-06-26,1.42
2007-06-27,0.19
2007-06-28,27.25
2007-06-29,53.08
2007-06-30,23.12
2007-07-01,46.25
2007-07-02,13.85
2007-07-03,1.4
2007-07-04,13.38
2007-07-05,13.98
2007-07-06,35.28
2007-07-07,10.56
2007-07-08,6.34
2007-07-09,6.03
2007-07-10,4.24
2007-07-11,0.0
2007-07-12,3.66
2007-07-13,2.12
2007-07-14,73.47
2007-07-15,7.41
2007-07-16,40.16
2007-07-17,43.54
2007-07-18,32.53
2007-07-19,54.12
2007-07-20,28.78
2007-07-21,73.74
2007-07-22,14.53
2007-07-23,30.94
2007-07-24,10.84
2007-07-25,28.91
2007-07-26,56.76
2007-07-27,36.53
2007-07-28,8.22
2007-07-29,2.83
2007-07-30,2.12
2007-07-31,2.35
2007-08-01,1.99
2007-08-02,5.1
2007-08-03,0.26
2007-08-04,8.98
2007-08-05,0.55
2007-08-06,2.24
2007-08-07,7.48
2007-08-08,0.0
2007-08-09,0.23
2007-08-10,2.11
2007-08-11,5.74
2007-08-12,0.88
2007-08-13,36.84
2007-08-14,16.3
2007-08-15,45.06
2007-08-16,5.86
2007-08-17,2.53
2007-08-18,3.19
2007-08-19,1.18
2007-08-20,0.46
2007-08-21,0.7
2007-08-22,0.58
2007-08-23,18.56
2007-08-24,34.89
2007-08-25,27.43
2007-08-26,54.36
2007-08-27,14.9
2007-08-28,4.39
2007-08-29,6.05
2007-08-30,21.82
2007-08-31,12.08
2007-09-01,5.46
2007-09-02,10.66
2007-09-03,13.84
2007-09-04,41.12
2007-09-05,49.52
2007-09-06,37.91
2007-09-07,93.27
2007-09-08,33.49
2007-09-09,31.38
2007-09-10,9.06
2007-09-11,14.67
2007-09-12,4.99
2007-09-13,2.8
2007-09-14,4.86
2007-09-15,0.47
2007-09-16,3.54
2007-09-17,12.86
2007-09-18,7.94
2007-09-19,17.51
2007-09-20,5.41
2007-09-21,3.76
2007-09-22,14.66
2007-09-23,26.16
2007-09-24,9.94
2007-09-25,8.02
2007-09-26,1.43
2007-09-27,3.78
2007-09-28,6.03
2007-09-29,3.96
2007-09-30,2.32
2007-10-01,1.0
2007-10-02,10.14
2007-10-03,0.02
2007-10-04,0.04
2007-10-05,19.0
2007-10-06,111.96
2007-10-07,65.7
2007-10-08,43.1
2007-10-09,2.69
2007-10-10,0.53
2007-10-11,0.16
2007-10-12,0.7
2007-10-13,25.33
2007-10-14,8.34
2007-10-15,116.98
2007-10-16,1.9
2007-10-17,1.04
2007-10-18,1.8
2007-10-19,0.0
2007-10-20,0.0
2007-10-21,0.0
2007-10-22,0.0
2007-10-23,0.0
2007-10-24,0.0
2007-10-25,0.0
2007-10-26,0.0
2007-10-27,0.0
2007-10-28,0.0
2007-10-29,0.0
2007-10-30,0.0
2007-10-31,0.14
2007-11-01,0.22
2007-11-02,0.26
2007-11-03,0.0
2007-11-04,0.0
2007-11-05,0.0
2007-11-06,0.0
2007-11-07,0.0
2007-11-08,0.0
2007-11-09,0.0
2007-11-10,0.12
2007-11-11,0.0
2007-11-12,0.0
2007-11-13,0.0
2007-11-14,23.07
2007-11-15,80.31
2007-11-16,0.38
2007-11-17,0.0
2007-11-18,0.0
2007-11-19,0.0
2007-11-20,0.0
2007-11-21,0.0
2007-11-22,0.0
2007-11-23,0.0
2007-11-24,0.0
2007-11-25,0.0
2007-11-26,0.0
2007-11-27,0.0
2007-11-28,0.0
2007-11-29,0.0
2007-11-30,0.0
2007-12-01,0.0
2007-12-02,0.05
2007-12-03,0.02
2007-12-04,0.0
2007-12-05,0.0
2007-12-06,0.0
2007-12-07,0.0
2007-12-08,0.0
2007-12-09,0.0
2007-12-10,0.0
2007-12-11,0.0
2007-12-12,0.0
2007-12-13,0.0
2007-12-14,0.0
2007-12-15,0.0
2007-12-16,0.0
2007-12-17,0.0
2007-12-18,0.0
2007-12-19,0.0
2007-12-20,0.0
2007-12-21,0.0
2007-12-22,0.0
2007-12-23,0.0
2007-12-24,0.0
2007-12-25,0.0
2007-12-26,0.0
2007-12-27,0.0
2007-12-28,0.0
2007-12-29,0.0
2007-12-30,0.0
2007-12-31,0.0
2008-01-01,0.0
2008-01-02,0.0
2008-01-03,0.0
2008-01-04,0.0
2008-01-05,0.0
2008-01-06,0.0
2008-01-07,0.0
2008-01-08,0.0
2008-01-09,0.0
2008-01-10,0.0
2008-01-11,0.0
2008-01-12,0.0
2008-01-13,0.0
2008-01-14,0.0
2008-01-15,0.0
2008-01-16,0.0
2008-01-17,0.0
2008-01-18,0.0
2008-01-19,0.0
2008-01-20,0.0
2008-01-21,0.0
2008-01-22,0.0
2008-01-23,0.58
2008-01-24,10.52
2008-01-25,11.54
2008-01-26,16.57
2008-01-27,1.36
2008-01-28,0.0
2008-01-29,0.0
2008-01-30,1.2
2008-01-31,0.0
2008-02-01,0.0
2008-02-02,0.0
2008-02-03,0.0
2008-02-04,0.0
2008-02-05,0.0
2008-02-06,0.0
2008-02-07,0.0
2008-02-08,0.11
2008-02-09,2.74
2008-02-10,0.12
2008-02-11,0.0
2008-02-12,0.0
2008-02-13,0.0
2008-02-14,0.0
2008-02-15,0.0
2008-02-16,0.0
2008-02-17,0.0
2008-02-18,0.0
2008-02-19,0.51
2008-02-20,18.09
2008-02-21,0.0
2008-02-22,0.0
2008-02-23,0.0
2008-02-24,0.0
2008-02-25,0.0
2008-02-26,0.0
2008-02-27,0.0
2008-02-28,0.0
2008-02-29,0.0
2008-03-01,0.0
2008-03-02,0.0
2008-03-03,0.0
2008-03-04,0.03
2008-03-05,1.63
2008-03-06,0.0
2008-03-07,0.0
2008-03-08,0.0
2008-03-09,0.0
2008-03-10,0.48
2008-03-11,3.18
2008-03-12,0.0
2008-03-13,1.57
2008-03-14,0.31
2008-03-15,4.2
2008-03-16,0.06
2008-03-17,0.0
2008-03-18,0.0
2008-03-19,0.0
2008-03-20,10.46
2008-03-21,0.0
2008-03-22,0.0
2008-03-23,1.58
2008-03-24,5.08
2008-03-25,0.0
2008-03-26,0.0
2008-03-27,0.0
2008-03-28,0.0
2008-03-29,0.01
2008-03-30,0.0
2008-03-31,0.0
2008-04-01,0.45
2008-04-02,0.0
2008-04-03,0.09
2008-04-04,5.78
2008-04-05,0.1
2008-04-06,0.0
2008-04-07,0.0
2008-04-08,0.0
2008-04-09,4.0
2008-04-10,0.2
2008-04-11,7.5
2008-04-12,0.0
2008-04-13,0.0
2008-04-14,0.0
2008-04-15,0.0
2008-04-16,0.0
2008-04-17,0.0
2008-04-18,0.0
2008-04-19,0.0
2008-04-20,0.0
2008-04-21,0.0
2008-04-22,0.0
2008-04-23,0.0
2008-04-24,0.0
2008-04-25,0.0
2008-04-26,0.0
2008-04-27,0.26
2008-04-28,1.6
2008-04-29,0.0
2008-04-30,0.0
2008-05-01,0.0
2008-05-02,0.0
2008-05-03,1.56
2008-05-04,0.34
2008-05-05,2.22
2008-05-06,0.0
2008-05-07,0.0
2008-05-08,0.77
2008-05-09,0.0
2008-05-10,0.9
2008-05-11,0.35
2008-05-12,0.0
2008-05-13,3.14
2008-05-14,23.28
2008-05-15,0.12
2008-05-16,3.64
2008-05-17,8.99
2008-05-18,71.74
2008-05-19,29.67
2008-05-20,1.84
2008-05-21,0.1
2008-05-22,4.61
2008-05-23,12.25
2008-05-24,8.17
2008-05-25,13.18
2008-05-26,14.55
2008-05-27,0.94
2008-05-28,8.26
2008-05-29,0.16
2008-05-30,8.03
2008-05-31,0.0
2008-06-01,7.07
2008-06-02,27.53
2008-06-03,3.78
2008-06-04,1.12
2008-06-05,21.68
2008-06-06,13.22
2008-06-07,12.43
2008-06-08,19.73
2008-06-09,36.49
2008-06-10,22.08
2008-06-11,3.62
2008-06-12,0.14
2008-06-13,0.12
2008-06-14,0.66
2008-06-15,15.2
2008-06-16,17.25
2008-06-17,22.59
2008-06-18,17.14
2008-06-19,21.65
2008-06-20,23.4
2008-06-21,7.31
2008-06-22,0.16
2008-06-23,26.56
2008-06-24,2.1
2008-06-25,0.34
2008-06-26,3.34
2008-06-27,17.68
2008-06-28,41.58
2008-06-29,19.56
2008-06-30,49.84
2008-07-01,66.4
2008-07-02,16.17
2008-07-03,87.33
2008-07-04,37.34
2008-07-05,72.51
2008-07-06,22.26
2008-07-07,9.06
2008-07-08,23.39
2008-07-09,7.94
2008-07-10,7.56
2008-07-11,41.64
2008-07-12,3.5
2008-07-13,76.86
2008-07-14,20.04
2008-07-15,31.24
2008-07-16,24.46
2008-07-17,5.82
2008-07-18,6.68
2008-07-19,21.83
2008-07-20,18.34
2008-07-21,9.7
2008-07-22,0.38
2008-07-23,8.0
2008-07-24,14.62
2008-07-25,15.26
2008-07-26,7.42
2008-07-27,4.69
2008-07-28,1.8
2008-07-29,5.56
2008-07-30,6.6
2008-07-31,4.62
2008-08-01,0.28
2008-08-02,5.31
2008-08-03,4.42
2008-08-04,8.24
2008-08-05,36.15
2008-08-06,20.45
2008-08-07,0.56
2008-08-08,69.33
2008-08-09,10.96
2008-08-10,18.2
2008-08-11,31.11
2008-08-12,27.04
2008-08-13,12.16
2008-08-14,4.84
2008-08-15,10.09
2008-08-16,12.42
2008-08-17,14.31
2008-08-18,85.1
2008-08-19,5.88
2008-08-20,1.52
2008-08-21,0.96
2008-08-22,2.0
2008-08-23,11.14
2008-08-24,4.96
2008-08-25,1.82
2008-08-26,3.02
2008-08-27,3.31
2008-08-28,23.3
2008-08-29,25.39
2008-08-30,7.42
2008-08-31,2.88
2008-09-01,0.25
2008-09-02,3.94
2008-09-03,3.64
2008-09-04,9.6
2008-09-05,25.32
2008-09-06,0.62
2008-09-07,7.3
2008-09-08,6.6
2008-09-09,1.37
2008-09-10,4.81
2008-09-11,24.4
2008-09-12,8.15
2008-09-13,26.44
2008-09-14,23.46
2008-09-15,20.57
2008-09-16,6.24
2008-09-17,11.73
2008-09-18,2.02
2008-09-19,10.42
2008-09-20,23.54
2008-09-21,2.48
2008-09-22,19.89
2008-09-23,4.04
2008-09-24,0.04
2008-09-25,0.64
2008-09-26,0.7
2008-09-27,15.27
2008-09-28,8.6
2008-09-29,0.62
2008-09-30,1.12
2008-10-01,8.78
2008-10-02,20.66
2008-10-03,13.43
2008-10-04,0.12
2008-10-05,1.13
2008-10-06,22.08
2008-10-07,1.46
2008-10-08,0.46
2008-10-09,0.14
2008-10-10,1.37
2008-10-11,0.26
2008-10-12,0.0
2008-10-13,0.0
2008-10-14,0.0
2008-10-15,0.0
2008-10-16,0.0
2008-10-17,0.0
2008-10-18,0.0
2008-10-19,0.05
2008-10-20,0.14
2008-10-21,0.0
2008-10-22,0.0
2008-10-23,2.68
2008-10-24,21.76
2008-10-25,157.14
2008-10-26,47.5
2008-10-27,1.34
2008-10-28,0.0
2008-10-29,0.0
2008-10-30,0.0
2008-10-31,0.0
2008-11-01,0.0
2008-11-02,0.0
2008-11-03,0.0
2008-11-04,0.0
2008-11-05,0.0
2008-11-06,0.0
2008-11-07,0.0
2008-11-08,0.0
2008-11-09,0.0
2008-11-10,0.0
2008-11-11,0.0
2008-11-12,0.0
2008-11-13,0.06
2008-11-14,0.03
2008-11-15,0.23
2008-11-16,0.0
2008-11-17,0.0
2008-11-18,0.0
2008-11-19,0.0
2008-11-20,0.0
2008-11-21,0.0
2008-11-22,0.0
2008-11-23,0.0
2008-11-24,0.0
2008-11-25,0.0
2008-11-26,0.0
2008-11-27,0.0
2008-11-28,0.0
2008-11-29,0.0
2008-11-30,0.0
2008-12-01,0.02
2008-12-02,0.0
2008-12-03,0.0
2008-12-04,0.0
2008-12-05,0.0
2008-12-06,0.0
2008-12-07,0.0
2008-12-08,0.0
2008-12-09,0.0
2008-12-10,0.0
2008-12-11,0.0
2008-12-12,0.0
2008-12-13,0.0
2008-12-14,0.0
2008-12-15,0.0
2008-12-16,0.0
2008-12-17,0.0
2008-12-18,0.0
2008-12-19,0.0
2008-12-20,0.0
2008-12-21,0.0
2008-12-22,0.0
2008-12-23,0.0
2008-12-24,0.0
2008-12-25,0.0
2008-12-26,0.0
2008-12-27,0.0
2008-12-28,0.0
2008-12-29,0.0
2008-12-30,0.0
2008-12-31,0.0
2009-01-01,0.0
2009-01-02,0.0
2009-01-03,0.0
2009-01-04,0.0
2009-01-05,0.0
2009-01-06,0.0
2009-01-07,0.0
2009-01-08,0.0
2009-01-09,0.0
2009-01-10,0.0
2009-01-11,0.0
2009-01-12,0.0
2009-01-13,0.0
2009-01-14,0.0
2009-01-15,0.0
2009-01-16,0.0
2009-01-17,0.0
2009-01-18,0.0
2009-01-19,0.0
2009-01-20,0.0
2009-01-21,0.0
2009-01-22,0.0
2009-01-23,0.0
2009-01-24,0.0
2009-01-25,0.0
2009-01-26,0.0
2009-01-27,0.0
2009-01-28,0.0
2009-01-29,0.0
2009-01-30,0.0
2009-01-31,0.0
2009-02-01,0.0
2009-02-02,0.0
2009-02-03,0.0
2009-02-04,0.0
2009-02-05,0.0
2009-02-06,0.0
2009-02-07,0.0
2009-02-08,0.0
2009-02-09,0.0
2009-02-10,0.0
2009-02-11,0.0
2009-02-12,0.0
2009-02-13,0.0
2009-02-14,0.0
2009-02-15,0.0
2009-02-16,0.0
2009-02-17,0.0
2009-02-18,0.0
2009-02-19,0.0
2009-02-20,0.0
2009-02-21,0.0
2009-02-22,0.0
2009-02-23,0.0
2009-02-24,0.0
2009-02-25,0.0
2009-02-26,0.0
2009-02-27,0.0
2009-02-28,0.0
2009-03-01,0.0
2009-03-02,0.0
2009-03-03,0.0
2009-03-04,0.0
2009-03-05,0.0
2009-03-06,0.0
2009-03-07,0.0
2009-03-08,0.0
2009-03-09,0.48
2009-03-10,0.78
2009-03-11,0.06
2009-03-12,0.14
2009-03-13,0.0
2009-03-14,0.0
2009-03-15,0.73
2009-03-16,1.44
2009-03-17,0.0
2009-03-18,0.0
2009-03-19,0.0
2009-03-20,0.0
2009-03-21,0.0
2009-03-22,0.06
2009-03-23,0.0
2009-03-24,0.0
2009-03-25,0.0
2009-03-26,2.2
2009-03-27,19.66
2009-03-28,0.0
2009-03-29,1.1
2009-03-30,0.82
2009-03-31,29.34
2009-04-01,0.0
2009-04-02,1.32
2009-04-03,0.0
2009-04-04,0.0
2009-04-05,0.0
2009-04-06,1.6
2009-04-07,0.0
2009-04-08,0.0
2009-04-09,0.02
2009-04-10,0.0
2009-04-11,0.0
2009-04-12,0.0
2009-04-13,0.0
2009-04-14,0.0
2009-04-15,0.0
2009-04-16,12.24
2009-04-17,50.07
2009-04-18,0.0
2009-04-19,0.0
2009-04-20,0.0
2009-04-21,0.0
2009-04-22,0.0
2009-04-23,0.0
2009-04-24,0.0
2009-04-25,0.0
2009-04-26,0.0
2009-04-27,0.0
2009-04-28,0.0
2009-04-29,0.0
2009-04-30,0.0
2009-05-01,0.0
2009-05-02,46.93
2009-05-03,24.76
2009-05-04,0.0
2009-05-05,0.0
2009-05-06,0.0
2009-05-07,0.0
2009-05-08,0.0
2009-05-09,0.0
2009-05-10,1.76
2009-05-11,16.92
2009-05-12,0.02
2009-05-13,5.76
2009-05-14,6.64
2009-05-15,6.26
2009-05-16,3.98
2009-05-17,0.05
2009-05-18,18.44
2009-05-19,0.0
2009-05-20,0.0
2009-05-21,0.0
2009-05-22,0.0
2009-05-23,0.08
2009-05-24,31.86
2009-05-25,49.6
2009-05-26,53.38
2009-05-27,0.31
2009-05-28,0.96
2009-05-29,0.0
2009-05-30,0.57
2009-05-31,26.46
2009-06-01,4.45
2009-06-02,19.27
2009-06-03,15.76
2009-06-04,2.04
2009-06-05,1.02
2009-06-06,36.51
2009-06-07,13.14
2009-06-08,18.52
2009-06-09,0.26
2009-06-10,1.24
2009-06-11,0.0
2009-06-12,5.82
2009-06-13,0.46
2009-06-14,6.03
2009-06-15,0.0
2009-06-16,0.17
2009-06-17,0.0
2009-06-18,5.0
2009-06-19,6.26
2009-06-20,0.74
2009-06-21,0.0
2009-06-22,1.58
2009-06-23,0.0
2009-06-24,0.9
2009-06-25,0.0
2009-06-26,0.1
2009-06-27,36.09
2009-06-28,22.86
2009-06-29,76.08
2009-06-30,38.54
2009-07-01,59.4
2009-07-02,74.99
2009-07-03,50.8
2009-07-04,8.58
2009-07-05,13.88
2009-07-06,14.36
2009-07-07,9.02
2009-07-08,1.62
2009-07-09,34.27
2009-07-10,3.16
2009-07-11,0.48
2009-07-12,0.66
2009-07-13,10.72
2009-07-14,2.1
2009-07-15,2.29
2009-07-16,27.62
2009-07-17,0.13
2009-07-18,7.68
2009-07-19,1.32
2009-07-20,0.68
2009-07-21,3.9
2009-07-22,20.26
2009-07-23,0.36
2009-07-24,0.96
2009-07-25,0.77
2009-07-26,9.41
2009-07-27,75.33
2009-07-28,63.07
2009-07-29,86.23
2009-07-30,36.26
2009-07-31,21.21
2009-08-01,54.38
2009-08-02,2.38
2009-08-03,1.5
2009-08-04,1.72
2009-08-05,54.71
2009-08-06,17.3
2009-08-07,5.72
2009-08-08,7.04
2009-08-09,1.74
2009-08-10,7.44
2009-08-11,25.04
2009-08-12,2.16
2009-08-13,4.68
2009-08-14,11.85
2009-08-15,49.25
2009-08-16,13.62
2009-08-17,7.46
2009-08-18,23.72
2009-08-19,38.95
2009-08-20,32.67
2009-08-21,8.64
2009-08-22,3.32
2009-08-23,17.5
2009-08-24,12.98
2009-08-25,3.6
2009-08-26,28.74
2009-08-27,57.47
2009-08-28,0.0
2009-08-29,2.16
2009-08-30,14.96
2009-08-31,24.6
2009-09-01,7.36
2009-09-02,47.14
2009-09-03,4.0
2009-09-04,5.2
2009-09-05,16.01
2009-09-06,9.32
2009-09-07,15.36
2009-09-08,24.04
2009-09-09,7.59
2009-09-10,2.53
2009-09-11,0.42
2009-09-12,0.48
2009-09-13,3.1
2009-09-14,20.24
2009-09-15,13.58
2009-09-16,10.92
2009-09-17,0.06
2009-09-18,1.32
2009-09-19,7.22
2009-09-20,3.89
2009-09-21,0.94
2009-09-22,5.16
2009-09-23,5.98
2009-09-24,4.16
2009-09-25,0.25
2009-09-26,6.93
2009-09-27,3.66
2009-09-28,2.94
2009-09-29,1.5
2009-09-30,1.08
2009-10-01,0.46
2009-10-02,22.62
2009-10-03,28.28
2009-10-04,41.08
2009-10-05,11.18
2009-10-06,35.28
2009-10-07,21.98
2009-10-08,30.57
2009-10-09,6.39
2009-10-10,0.0
2009-10-11,0.0
2009-10-12,0.0
2009-10-13,0.0
2009-10-14,0.77
2009-10-15,9.41
2009-10-16,1.96
2009-10-17,0.5
2009-10-18,0.0
2009-10-19,0.0
2009-10-20,0.0
2009-10-21,0.0
2009-10-22,0.0
2009-10-23,0.0
2009-10-24,0.0
2009-10-25,0.0
2009-10-26,0.0
2009-10-27,0.0
2009-10-28,0.0
2009-10-29,0.0
2009-10-30,0.0
2009-10-31,0.0
2009-11-01,0.0
2009-11-02,0.02
2009-11-03,2.4
2009-11-04,2.64
2009-11-05,3.38
2009-11-06,0.0
2009-11-07,0.0
2009-11-08,0.0
2009-11-09,0.0
2009-11-10,0.04
2009-11-11,0.01
2009-11-12,0.0
2009-11-13,0.0
2009-11-14,0.0
2009-11-15,0.08
2009-11-16,14.58
2009-11-17,1.98
2009-11-18,0.54
2009-11-19,0.0
2009-11-20,0.0
2009-11-21,0.0
2009-11-22,0.0
2009-11-23,0.0
2009-11-24,0.54
2009-11-25,0.0
2009-11-26,0.0
2009-11-27,0.0
2009-11-28,0.0
2009-11-29,0.0
2009-11-30,0.0
2009-12-01,0.0
2009-12-02,0.0
2009-12-03,0.0
2009-12-04,0.0
2009-12-05,0.0
2009-12-06,0.0
2009-12-07,0.0
2009-12-08,0.0
2009-12-09,0.0
2009-12-10,0.0
2009-12-11,0.0
2009-12-12,0.0
2009-12-13,0.0
2009-12-14,0.0
2009-12-15,0.0
2009-12-16,0.0
2009-12-17,0.0
2009-12-18,0.14
2009-12-19,0.0
2009-12-20,0.0
2009-12-21,0.0
2009-12-22,0.0
2009-12-23,0.0
2009-12-24,0.0
2009-12-25,0.0
2009-12-26,0.0
2009-12-27,0.0
2009-12-28,0.0
2009-12-29,0.0
2009-12-30,0.0
2009-12-31,0.0
2010-01-01,0.0
2010-01-02,0.0
2010-01-03,0.0
2010-01-04,0.0
2010-01-05,0.0
2010-01-06,0.0
2010-01-07,0.0
2010-01-08,0.0
2010-01-09,0.0
2010-01-10,0.0
2010-01-11,0.0
2010-01-12,0.0
2010-01-13,0.7
2010-01-14,0.61
2010-01-15,0.0
2010-01-16,0.0
2010-01-17,0.0
2010-01-18,0.04
2010-01-19,0.0
2010-01-20,0.0
2010-01-21,0.0
2010-01-22,0.0
2010-01-23,0.0
2010-01-24,0.0
2010-01-25,0.0
2010-01-26,0.0
2010-01-27,0.0
2010-01-28,0.0
2010-01-29,0.0
2010-01-30,0.0
2010-01-31,0.0
2010-02-01,0.0
2010-02-02,0.0
2010-02-03,0.0
2010-02-04,0.02
2010-02-05,0.0
2010-02-06,0.0
2010-02-07,0.0
2010-02-08,0.0
2010-02-09,0.12
2010-02-10,0.52
2010-02-11,0.0
2010-02-12,0.38
2010-02-13,0.0
2010-02-14,0.0
2010-02-15,0.0
2010-02-16,0.61
2010-02-17,16.6
2010-02-18,0.0
2010-02-19,0.05
2010-02-20,0.36
2010-02-21,0.0
2010-02-22,0.0
2010-02-23,0.0
2010-02-24,0.0
2010-02-25,1.25
2010-02-26,0.0
2010-02-27,0.0
2010-02-28,0.0
2010-03-01,0.0
2010-03-02,0.0
2010-03-03,0.0
2010-03-04,0.0
2010-03-05,0.0
2010-03-06,0.0
2010-03-07,0.0
2010-03-08,0.0
2010-03-09,0.0
2010-03-10,0.0
2010-03-11,0.0
2010-03-12,0.0
2010-03-13,0.0
2010-03-14,0.0
2010-03-15,4.71
2010-03-16,0.0
2010-03-17,9.4
2010-03-18,0.0
2010-03-19,0.0
2010-03-20,0.0
2010-03-21,0.0
2010-03-22,0.0
2010-03-23,0.0
2010-03-24,0.0
2010-03-25,0.0
2010-03-26,0.0
2010-03-27,0.6
2010-03-28,0.07
2010-03-29,0.0
2010-03-30,0.0
2010-03-31,0.0
2010-04-01,0.0
2010-04-02,0.0
2010-04-03,0.0
2010-04-04,0.08
2010-04-05,0.0
2010-04-06,0.0
2010-04-07,0.0
2010-04-08,0.0
2010-04-09,0.0
2010-04-10,0.0
2010-04-11,0.0
2010-04-12,0.0
2010-04-13,0.0
2010-04-14,0.0
2010-04-15,0.0
2010-04-16,0.0
2010-04-17,0.0
2010-04-18,0.1
2010-04-19,5.11
2010-04-20,0.0
2010-04-21,0.0
2010-04-22,6.11
2010-04-23,0.0
2010-04-24,0.0
2010-04-25,0.0
2010-04-26,16.2
2010-04-27,0.0
2010-04-28,4.64
2010-04-29,0.0
2010-04-30,21.02
2010-05-01,0.36
2010-05-02,0.46
2010-05-03,7.86
2010-05-04,10.33
2010-05-05,21.58
2010-05-06,1.56
2010-05-07,0.42
2010-05-08,0.57
2010-05-09,0.0
2010-05-10,0.0
2010-05-11,0.0
2010-05-12,0.0
2010-05-13,0.14
2010-05-14,3.0
2010-05-15,0.0
2010-05-16,0.0
2010-05-17,0.4
2010-05-18,0.25
2010-05-19,5.38
2010-05-20,7.04
2010-05-21,49.34
2010-05-22,28.78
2010-05-23,3.22
2010-05-24,16.23
2010-05-25,1.38
2010-05-26,26.15
2010-05-27,6.19
2010-05-28,29.36
2010-05-29,29.64
2010-05-30,0.49
2010-05-31,44.85
2010-06-01,0.44
2010-06-02,0.74
2010-06-03,10.22
2010-06-04,36.46
2010-06-05,62.76
2010-06-06,18.49
2010-06-07,0.04
2010-06-08,0.0
2010-06-09,0.03
2010-06-10,0.24
2010-06-11,1.18
2010-06-12,60.62
2010-06-13,53.62
2010-06-14,15.62
2010-06-15,12.2
2010-06-16,0.0
2010-06-17,1.13
2010-06-18,27.67
2010-06-19,28.2
2010-06-20,21.16
2010-06-21,9.8
2010-06-22,22.82
2010-06-23,1.21
2010-06-24,4.89
2010-06-25,9.59
2010-06-26,55.56
2010-06-27,15.94
2010-06-28,6.85
2010-06-29,107.7
2010-06-30,4.64
2010-07-01,2.8
2010-07-02,6.73
2010-07-03,2.66
2010-07-04,1.16
2010-07-05,11.77
2010-07-06,1.66
2010-07-07,9.14
2010-07-08,0.02
2010-07-09,2.31
2010-07-10,2.98
2010-07-11,33.28
2010-07-12,43.4
2010-07-13,17.26
2010-07-14,0.81
2010-07-15,2.82
2010-07-16,1.42
2010-07-17,2.12
2010-07-18,3.02
2010-07-19,3.45
2010-07-20,30.7
2010-07-21,37.75
2010-07-22,12.8
2010-07-23,1.73
2010-07-24,6.74
2010-07-25,10.25
2010-07-26,3.18
2010-07-27,1.8
2010-07-28,20.23
2010-07-29,36.85
2010-07-30,34.64
2010-07-31,4.22
2010-08-01,8.36
2010-08-02,3.25
2010-08-03,8.04
2010-08-04,21.38
2010-08-05,1.28
2010-08-06,1.67
2010-08-07,0.16
2010-08-08,0.91
2010-08-09,8.14
2010-08-10,34.7
2010-08-11,63.0
2010-08-12,9.7
2010-08-13,52.18
2010-08-14,25.02
2010-08-15,12.92
2010-08-16,9.44
2010-08-17,7.38
2010-08-18,0.78
2010-08-19,2.7
2010-08-20,38.28
2010-08-21,1.38
2010-08-22,0.28
2010-08-23,8.86
2010-08-24,7.82
2010-08-25,4.71
2010-08-26,3.54
2010-08-27,23.92
2010-08-28,4.12
2010-08-29,5.98
2010-08-30,5.03
2010-08-31,0.0
2010-09-01,0.14
2010-09-02,3.19
2010-09-03,2.98
2010-09-04,0.93
2010-09-05,1.99
2010-09-06,2.02
2010-09-07,2.67
2010-09-08,0.53
2010-09-09,1.59
2010-09-10,6.04
2010-09-11,0.86
2010-09-12,0.2
2010-09-13,9.52
2010-09-14,42.62
2010-09-15,35.88
2010-09-16,6.86
2010-09-17,20.14
2010-09-18,14.14
2010-09-19,28.54
2010-09-20,6.3
2010-09-21,11.58
2010-09-22,3.44
2010-09-23,0.18
2010-09-24,2.68
2010-09-25,10.98
2010-09-26,12.58
2010-09-27,0.33
2010-09-28,2.94
2010-09-29,0.0
2010-09-30,0.64
2010-10-01,0.0
2010-10-02,0.0
2010-10-03,0.21
2010-10-04,0.0
2010-10-05,19.52
2010-10-06,47.99
2010-10-07,141.26
2010-10-08,44.47
2010-10-09,0.16
2010-10-10,0.18
2010-10-11,0.16
2010-10-12,1.3
2010-10-13,9.42
2010-10-14,29.64
2010-10-15,0.38
2010-10-16,0.0
2010-10-17,0.0
2010-10-18,0.0
2010-10-19,0.0
2010-10-20,0.0
2010-10-21,1.68
2010-10-22,11.06
2010-10-23,0.27
2010-10-24,0.28
2010-10-25,1.08
2010-10-26,0.26
2010-10-27,0.26
2010-10-28,0.0
2010-10-29,0.0
2010-10-30,0.0
2010-10-31,0.0
2010-11-01,14.84
2010-11-02,0.0
2010-11-03,0.0
2010-11-04,0.0
2010-11-05,0.0
2010-11-06,0.0
2010-11-07,0.0
2010-11-08,0.1
2010-11-09,0.0
2010-11-10,0.0
2010-11-11,0.0
2010-11-12,0.0
2010-11-13,0.0
2010-11-14,0.0
2010-11-15,0.0
2010-11-16,0.0
2010-11-17,0.0
2010-11-18,0.0
2010-11-19,2.73
2010-11-20,0.0
2010-11-21,0.0
2010-11-22,0.0
2010-11-23,0.0
2010-11-24,0.0
2010-11-25,0.0
2010-11-26,0.0
2010-11-27,0.0
2010-11-28,0.0
2010-11-29,0.0
2010-11-30,0.0
2010-12-01,0.0
2010-12-02,0.0
2010-12-03,0.0
2010-12-04,0.0
2010-12-05,1.12
2010-12-06,1.7
2010-12-07,0.08
2010-12-08,15.04
2010-12-09,1.2
2010-12-10,0.42
2010-12-11,0.0
2010-12-12,0.0
2010-12-13,0.0
2010-12-14,0.0
2010-12-15,0.0
2010-12-16,0.0
2010-12-17,0.0
2010-12-18,0.0
2010-12-19,0.0
2010-12-20,0.0
2010-12-21,0.0
2010-12-22,0.0
2010-12-23,0.0
2010-12-24,0.0
2010-12-25,0.0
2010-12-26,0.0
2010-12-27,0.0
2010-12-28,0.0
2010-12-29,0.0
2010-12-30,0.0
2010-12-31,0.0
2011-01-01,0.0
2011-01-02,0.0
2011-01-03,0.0
2011-01-04,0.0
2011-01-05,0.0
2011-01-06,0.0
2011-01-07,0.0
2011-01-08,0.0
2011-01-09,0.0
2011-01-10,0.0
2011-01-11,0.0
2011-01-12,0.0
2011-01-13,0.0
2011-01-14,0.0
2011-01-15,0.0
2011-01-16,0.0
2011-01-17,0.0
2011-01-18,0.0
2011-01-19,0.0
2011-01-20,0.0
2011-01-21,0.0
2011-01-22,0.0
2011-01-23,0.0
2011-01-24,0.0
2011-01-25,0.0
2011-01-26,0.0
2011-01-27,0.0
2011-01-28,0.0
2011-01-29,0.0
2011-01-30,0.0
2011-01-31,0.0
2011-02-01,0.0
2011-02-02,0.0
2011-02-03,0.0
2011-02-04,0.0
2011-02-05,0.0
2011-02-06,0.0
2011-02-07,0.0
2011-02-08,0.0
2011-02-09,0.0
2011-02-10,0.0
2011-02-11,0.0
2011-02-12,0.0
2011-02-13,0.0
2011-02-14,0.0
2011-02-15,0.0
2011-02-16,0.0
2011-02-17,0.52
2011-02-18,0.0
2011-02-19,0.0
2011-02-20,0.0
2011-02-21,0.66
2011-02-22,0.0
2011-02-23,0.0
2011-02-24,0.0
2011-02-25,0.0
2011-02-26,0.0
2011-02-27,0.0
2011-02-28,0.0
2011-03-01,0.0
2011-03-02,0.0
2011-03-03,0.0
2011-03-04,0.0
2011-03-05,0.0
2011-03-06,0.0
2011-03-07,0.0
2011-03-08,0.0
2011-03-09,0.0
2011-03-10,0.0
2011-03-11,0.54
2011-03-12,0.0
2011-03-13,0.0
2011-03-14,0.0
2011-03-15,12.9
2011-03-16,0.0
2011-03-17,0.0
2011-03-18,0.0
2011-03-19,0.0
2011-03-20,0.0
2011-03-21,0.0
2011-03-22,0.0
2011-03-23,0.0
2011-03-24,1.44
2011-03-25,0.0
2011-03-26,24.94
2011-03-27,5.65
2011-03-28,22.27
2011-03-29,2.98
2011-03-30,11.45
2011-03-31,4.4
2011-04-01,0.2
2011-04-02,0.0
2011-04-03,0.0
2011-04-04,0.0
2011-04-05,0.0
2011-04-06,0.0
2011-04-07,0.0
2011-04-08,0.02
2011-04-09,0.0
2011-04-10,4.22
2011-04-11,0.0
2011-04-12,0.0
2011-04-13,0.0
2011-04-14,0.04
2011-04-15,0.16
2011-04-16,0.06
2011-04-17,0.0
2011-04-18,2.06
2011-04-19,0.12
2011-04-20,6.04
2011-04-21,6.36
2011-04-22,12.62
2011-04-23,6.22
2011-04-24,0.48
2011-04-25,17.61
2011-04-26,2.17
2011-04-27,1.84
2011-04-28,1.4
2011-04-29,0.0
2011-04-30,0.0
2011-05-01,7.18
2011-05-02,0.06
2011-05-03,4.08
2011-05-04,22.18
2011-05-05,16.6
2011-05-06,3.56
2011-05-07,10.26
2011-05-08,1.74
2011-05-09,0.0
2011-05-10,7.83
2011-05-11,15.34
2011-05-12,0.0
2011-05-13,7.9
2011-05-14,1.68
2011-05-15,0.0
2011-05-16,0.0
2011-05-17,1.42
2011-05-18,3.82
2011-05-19,9.1
2011-05-20,0.0
2011-05-21,8.12
2011-05-22,59.4
2011-05-23,6.36
2011-05-24,10.02
2011-05-25,19.96
2011-05-26,2.79
2011-05-27,5.58
2011-05-28,7.5
2011-05-29,17.56
2011-05-30,10.3
2011-05-31,18.14
2011-06-01,0.6
2011-06-02,24.32
2011-06-03,0.0
2011-06-04,0.76
2011-06-05,0.0
2011-06-06,0.0
2011-06-07,28.43
2011-06-08,38.94
2011-06-09,12.74
2011-06-10,0.83
2011-06-11,1.46
2011-06-12,0.0
2011-06-13,0.99
2011-06-14,36.1
2011-06-15,23.32
2011-06-16,21.19
2011-06-17,72.6
2011-06-18,57.34
2011-06-19,1.86
2011-06-20,3.68
2011-06-21,7.72
2011-06-22,3.44
2011-06-23,1.61
2011-06-24,23.82
2011-06-25,6.33
2011-06-26,17.8
2011-06-27,18.23
2011-06-28,40.6
2011-06-29,42.32
2011-06-30,12.36
2011-07-01,101.1
2011-07-02,34.84
2011-07-03,10.65
2011-07-04,5.94
2011-07-05,2.5
2011-07-06,0.26
2011-07-07,8.7
2011-07-08,0.12
2011-07-09,2.36
2011-07-10,4.52
2011-07-11,3.86
2011-07-12,7.62
2011-07-13,0.57
2011-07-14,9.48
2011-07-15,9.02
2011-07-16,14.34
2011-07-17,23.82
2011-07-18,40.47
2011-07-19,55.42
2011-07-20,1.86
2011-07-21,59.16
2011-07-22,6.4
2011-07-23,4.28
2011-07-24,0.73
2011-07-25,4.78
2011-07-26,2.21
2011-07-27,0.78
2011-07-28,2.48
2011-07-29,1.27
2011-07-30,0.06
2011-07-31,11.0
2011-08-01,26.69
2011-08-02,20.5
2011-08-03,28.16
2011-08-04,25.74
2011-08-05,26.1
2011-08-06,22.4
2011-08-07,101.82
2011-08-08,101.54
2011-08-09,56.1
2011-08-10,29.99
2011-08-11,7.39
2011-08-12,7.34
2011-08-13,13.48
2011-08-14,3.21
2011-08-15,3.81
2011-08-16,35.67
2011-08-17,34.46
2011-08-18,4.4
2011-08-19,4.37
2011-08-20,16.45
2011-08-21,34.93
2011-08-22,8.33
2011-08-23,15.97
2011-08-24,21.15
2011-08-25,2.46
2011-08-26,11.42
2011-08-27,5.66
2011-08-28,0.55
2011-08-29,0.03
2011-08-30,0.12
2011-08-31,2.34
2011-09-01,2.37
2011-09-02,27.2
2011-09-03,11.97
2011-09-04,1.61
2011-09-05,19.45
2011-09-06,38.94
2011-09-07,87.44
2011-09-08,58.56
2011-09-09,5.22
2011-09-10,0.45
2011-09-11,2.37
2011-09-12,1.0
2011-09-13,19.58
2011-09-14,20.99
2011-09-15,15.1
2011-09-16,39.38
2011-09-17,35.82
2011-09-18,13.64
2011-09-19,3.16
2011-09-20,22.67
2011-09-21,2.47
2011-09-22,3.05
2011-09-23,2.95
2011-09-24,3.78
2011-09-25,0.48
2011-09-26,0.0
2011-09-27,1.58
2011-09-28,0.0
2011-09-29,3.98
2011-09-30,6.13
2011-10-01,0.37
2011-10-02,3.6
2011-10-03,18.77
2011-10-04,18.95
2011-10-05,0.96
2011-10-06,0.14
2011-10-07,8.38
2011-10-08,3.6
2011-10-09,0.0
2011-10-10,0.0
2011-10-11,0.11
2011-10-12,0.0
2011-10-13,0.0
2011-10-14,0.0
2011-10-15,0.0
2011-10-16,0.0
2011-10-17,9.22
2011-10-18,4.0
2011-10-19,0.2
2011-10-20,0.06
2011-10-21,4.19
2011-10-22,3.82
2011-10-23,0.0
2011-10-24,0.0
2011-10-25,0.0
2011-10-26,1.27
2011-10-27,0.0
2011-10-28,0.0
2011-10-29,0.0
2011-10-30,0.0
2011-10-31,0.0
2011-11-01,0.0
2011-11-02,0.0
2011-11-03,0.0
2011-11-04,0.0
2011-11-05,0.0
2011-11-06,0.0
2011-11-07,0.0
2011-11-08,0.0
2011-11-09,0.0
2011-11-10,0.0
2011-11-11,0.0
2011-11-12,0.0
2011-11-13,0.0
2011-11-14,0.0
2011-11-15,0.0
2011-11-16,0.0
2011-11-17,0.0
2011-11-18,0.0
2011-11-19,0.0
2011-11-20,0.0
2011-11-21,0.0
2011-11-22,0.0
2011-11-23,0.0
2011-11-24,0.0
2011-11-25,0.0
2011-11-26,0.0
2011-11-27,0.0
2011-11-28,0.0
2011-11-29,0.0
2011-11-30,0.0
2011-12-01,0.0
2011-12-02,0.0
2011-12-03,0.0
2011-12-04,0.0
2011-12-05,0.0
2011-12-06,0.0
2011-12-07,0.0
2011-12-08,0.0
2011-12-09,0.0
2011-12-10,0.0
2011-12-11,0.0
2011-12-12,0.0
2011-12-13,0.0
2011-12-14,0.0
2011-12-15,0.0
2011-12-16,0.0
2011-12-17,0.0
2011-12-18,0.0
2011-12-19,0.0
2011-12-20,0.0
2011-12-21,0.0
2011-12-22,0.0
2011-12-23,0.0
2011-12-24,0.0
2011-12-25,0.0
2011-12-26,0.0
2011-12-27,0.0
2011-12-28,0.15
2011-12-29,0.0
2011-12-30,0.0
2011-12-31,0.0
2012-01-01,1.89
2012-01-02,5.62
2012-01-03,0.0
2012-01-04,0.0
2012-01-05,0.0
2012-01-06,0.0
2012-01-07,0.2
2012-01-08,1.66
2012-01-09,0.58
2012-01-10,0.32
2012-01-11,0.0
2012-01-12,0.0
2012-01-13,0.0
2012-01-14,0.0
2012-01-15,0.0
2012-01-16,0.0
2012-01-17,0.0
2012-01-18,0.0
2012-01-19,0.0
2012-01-20,0.0
2012-01-21,0.0
2012-01-22,0.0
2012-01-23,0.0
2012-01-24,0.0
2012-01-25,0.0
2012-01-26,0.0
2012-01-27,0.0
2012-01-28,0.0
2012-01-29,0.0
2012-01-30,0.0
2012-01-31,0.0
2012-02-01,0.0
2012-02-02,0.0
2012-02-03,0.0
2012-02-04,0.0
2012-02-05,0.0
2012-02-06,0.0
2012-02-07,0.0
2012-02-08,0.38
2012-02-09,0.0
2012-02-10,0.0
2012-02-11,0.0
2012-02-12,0.0
2012-02-13,0.01
2012-02-14,0.0
2012-02-15,2.09
2012-02-16,0.46
2012-02-17,0.0
2012-02-18,0.0
2012-02-19,0.0
2012-02-20,0.0
2012-02-21,0.0
2012-02-22,0.0
2012-02-23,0.0
2012-02-24,0.0
2012-02-25,0.0
2012-02-26,0.0
2012-02-27,0.0
2012-02-28,0.07
2012-02-29,2.0
2012-03-01,0.0
2012-03-02,0.0
2012-03-03,0.0
2012-03-04,0.0
2012-03-05,0.0
2012-03-06,0.0
2012-03-07,0.0
2012-03-08,0.0
2012-03-09,0.0
2012-03-10,0.0
2012-03-11,0.0
2012-03-12,0.0
2012-03-13,1.97
2012-03-14,0.0
2012-03-15,0.0
2012-03-16,0.0
2012-03-17,0.9
2012-03-18,0.0
2012-03-19,0.0
2012-03-20,0.0
2012-03-21,0.0
2012-03-22,0.0
2012-03-23,0.0
2012-03-24,0.0
2012-03-25,0.0
2012-03-26,0.0
2012-03-27,0.0
2012-03-28,0.0
2012-03-29,0.0
2012-03-30,0.0
2012-03-31,0.0
2012-04-01,0.0
2012-04-02,0.0
2012-04-03,0.0
2012-04-04,0.1
2012-04-05,0.04
2012-04-06,38.08
2012-04-07,7.74
2012-04-08,28.5
2012-04-09,71.54
2012-04-10,6.58
2012-04-11,0.0
2012-04-12,8.04
2012-04-13,12.04
2012-04-14,0.0
2012-04-15,0.0
2012-04-16,0.06
2012-04-17,0.0
2012-04-18,0.0
2012-04-19,0.0
2012-04-20,0.14
2012-04-21,62.8
2012-04-22,0.0
2012-04-23,0.02
2012-04-24,0.14
2012-04-25,0.0
2012-04-26,0.0
2012-04-27,0.98
2012-04-28,15.62
2012-04-29,0.72
2012-04-30,2.28
2012-05-01,20.88
2012-05-02,24.96
2012-05-03,0.15
2012-05-04,9.17
2012-05-05,0.0
2012-05-06,0.0
2012-05-07,0.0
2012-05-08,0.0
2012-05-09,0.0
2012-05-10,0.0
2012-05-11,0.0
2012-05-12,8.36
2012-05-13,21.39
2012-05-14,0.0
2012-05-15,0.0
2012-05-16,0.01
2012-05-17,5.98
2012-05-18,0.0
2012-05-19,18.76
2012-05-20,6.02
2012-05-21,0.0
2012-05-22,0.0
2012-05-23,0.0
2012-05-24,0.16
2012-05-25,0.0
2012-05-26,0.0
2012-05-27,0.0
2012-05-28,0.03
2012-05-29,7.42
2012-05-30,3.86
2012-05-31,25.7
2012-06-01,54.72
2012-06-02,66.39
2012-06-03,0.32
2012-06-04,46.81
2012-06-05,10.6
2012-06-06,5.11
2012-06-07,0.65
2012-06-08,0.0
2012-06-09,0.55
2012-06-10,0.0
2012-06-11,0.0
2012-06-12,0.0
2012-06-13,1.18
2012-06-14,0.41
2012-06-15,23.91
2012-06-16,56.72
2012-06-17,0.01
2012-06-18,0.78
2012-06-19,25.56
2012-06-20,8.07
2012-06-21,26.18
2012-06-22,22.4
2012-06-23,93.1
2012-06-24,40.56
2012-06-25,53.56
2012-06-26,14.6
2012-06-27,3.35
2012-06-28,1.44
2012-06-29,1.01
2012-06-30,1.84
2012-07-01,2.59
2012-07-02,1.05
2012-07-03,7.14
2012-07-04,6.54
2012-07-05,6.9
2012-07-06,5.02
2012-07-07,6.94
2012-07-08,13.17
2012-07-09,42.08
2012-07-10,22.68
2012-07-11,2.42
2012-07-12,57.84
2012-07-13,21.78
2012-07-14,87.42
2012-07-15,42.36
2012-07-16,16.32
2012-07-17,11.11
2012-07-18,20.13
2012-07-19,0.52
2012-07-20,1.68
2012-07-21,0.9
2012-07-22,17.8
2012-07-23,21.88
2012-07-24,4.54
2012-07-25,0.5
2012-07-26,1.96
2012-07-27,12.16
2012-07-28,24.02
2012-07-29,9.76
2012-07-30,4.98
2012-07-31,2.35
2012-08-01,2.09
2012-08-02,6.06
2012-08-03,11.84
2012-08-04,5.76
2012-08-05,20.32
2012-08-06,1.28
2012-08-07,20.64
2012-08-08,39.26
2012-08-09,0.69
2012-08-10,1.64
2012-08-11,24.75
2012-08-12,31.54
2012-08-13,13.36
2012-08-14,6.51
2012-08-15,0.9
2012-08-16,2.84
2012-08-17,0.14
2012-08-18,2.24
2012-08-19,10.9
2012-08-20,34.61
2012-08-21,0.05
2012-08-22,5.54
2012-08-23,4.66
2012-08-24,46.26
2012-08-25,4.2
2012-08-26,16.48
2012-08-27,3.5
2012-08-28,7.49
2012-08-29,0.78
2012-08-30,8.08
2012-08-31,11.04
2012-09-01,0.56
2012-09-02,5.26
2012-09-03,3.56
2012-09-04,35.85
2012-09-05,17.2
2012-09-06,9.13
2012-09-07,1.72
2012-09-08,12.17
2012-09-09,15.72
2012-09-10,4.38
2012-09-11,23.06
2012-09-12,28.42
2012-09-13,35.22
2012-09-14,1.87
2012-09-15,17.62
2012-09-16,13.14
2012-09-17,2.5
2012-09-18,0.16
2012-09-19,0.49
2012-09-20,0.27
2012-09-21,0.4
2012-09-22,2.19
2012-09-23,4.35
2012-09-24,0.93
2012-09-25,17.64
2012-09-26,6.97
2012-09-27,0.33
2012-09-28,11.24
2012-09-29,16.33
2012-09-30,0.0
2012-10-01,0.68
2012-10-02,0.0
2012-10-03,8.74
2012-10-04,35.05
2012-10-05,34.29
2012-10-06,0.68
2012-10-07,0.0
2012-10-08,13.62
2012-10-09,20.04
2012-10-10,98.64
2012-10-11,8.51
2012-10-12,10.82
2012-10-13,0.04
2012-10-14,1.18
2012-10-15,0.0
2012-10-16,0.0
2012-10-17,0.0
2012-10-18,0.0
2012-10-19,0.0
2012-10-20,0.0
2012-10-21,0.0
2012-10-22,0.0
2012-10-23,0.0
2012-10-24,0.0
2012-10-25,0.0
2012-10-26,0.0
2012-10-27,0.0
2012-10-28,0.0
2012-10-29,0.0
2012-10-30,0.0
2012-10-31,0.0
2012-11-01,0.11
2012-11-02,0.39
2012-11-03,14.82
2012-11-04,0.76
2012-11-05,21.08
2012-11-06,0.34
2012-11-07,0.0
2012-11-08,0.0
2012-11-09,0.0
2012-11-10,0.0
2012-11-11,0.0
2012-11-12,0.0
2012-11-13,0.0
2012-11-14,0.0
2012-11-15,0.02
2012-11-16,0.0
2012-11-17,0.43
2012-11-18,0.28
2012-11-19,0.0
2012-11-20,0.0
2012-11-21,0.0
2012-11-22,0.0
2012-11-23,0.0
2012-11-24,0.0
2012-11-25,0.0
2012-11-26,0.0
2012-11-27,0.0
2012-11-28,0.0
2012-11-29,0.0
2012-11-30,0.0
2012-12-01,0.0
2012-12-02,0.0
2012-12-03,0.0
2012-12-04,0.0
2012-12-05,0.0
2012-12-06,0.0
2012-12-07,0.0
2012-12-08,0.0
2012-12-09,0.0
2012-12-10,0.0
2012-12-11,0.08
2012-12-12,5.22
2012-12-13,0.0
2012-12-14,0.0
2012-12-15,0.0
2012-12-16,0.0
2012-12-17,0.0
2012-12-18,0.0
2012-12-19,0.0
2012-12-20,0.0
2012-12-21,0.0
2012-12-22,0.0
2012-12-23,0.0
2012-12-24,0.0
2012-12-25,0.0
2012-12-26,0.0
2012-12-27,0.0
2012-12-28,0.0
2012-12-29,0.0
2012-12-30,0.0
2012-12-31,0.0
2013-01-01,0.0
2013-01-02,0.0
2013-01-03,0.0
2013-01-04,0.0
2013-01-05,0.0
2013-01-06,0.0
2013-01-07,0.0
2013-01-08,0.0
2013-01-09,0.0
2013-01-10,0.0
2013-01-11,0.0
2013-01-12,0.0
2013-01-13,0.0
2013-01-14,0.0
2013-01-15,0.0
2013-01-16,0.0
2013-01-17,0.0
2013-01-18,0.0
2013-01-19,0.0
2013-01-20,0.0
2013-01-21,0.0
2013-01-22,0.0
2013-01-23,0.0
2013-01-24,0.0
2013-01-25,0.0
2013-01-26,0.0
2013-01-27,0.0
2013-01-28,0.0
2013-01-29,0.0
2013-01-30,0.0
2013-01-31,0.0
2013-02-01,0.42
2013-02-02,0.08
2013-02-03,0.0
2013-02-04,0.0
2013-02-05,0.0
2013-02-06,0.0
2013-02-07,0.0
2013-02-08,0.06
2013-02-09,0.0
2013-02-10,0.0
2013-02-11,0.0
2013-02-12,0.03
2013-02-13,0.02
2013-02-14,0.0
2013-02-15,0.0
2013-02-16,0.19
2013-02-17,3.36
2013-02-18,0.0
2013-02-19,0.0
2013-02-20,0.0
2013-02-21,0.0
2013-02-22,0.0
2013-02-23,0.0
2013-02-24,0.0
2013-02-25,0.0
2013-02-26,0.0
2013-02-27,0.0
2013-02-28,0.0
2013-03-01,0.0
2013-03-02,0.0
2013-03-03,0.0
2013-03-04,0.0
2013-03-05,0.0
2013-03-06,0.0
2013-03-07,0.0
2013-03-08,0.0
2013-03-09,0.0
2013-03-10,0.0
2013-03-11,0.0
2013-03-12,0.0
2013-03-13,0.0
2013-03-14,0.04
2013-03-15,0.0
2013-03-16,0.0
2013-03-17,9.04
2013-03-18,0.0
2013-03-19,0.0
2013-03-20,0.0
2013-03-21,0.0
2013-03-22,0.0
2013-03-23,0.0
2013-03-24,0.08
2013-03-25,0.0
2013-03-26,0.0
2013-03-27,0.0
2013-03-28,0.0
2013-03-29,0.52
2013-03-30,7.42
2013-03-31,0.0
2013-04-01,1.22
2013-04-02,0.0
2013-04-03,0.66
2013-04-04,0.0
2013-04-05,0.0
2013-04-06,0.0
2013-04-07,0.0
2013-04-08,0.0
2013-04-09,0.0
2013-04-10,0.0
2013-04-11,0.0
2013-04-12,0.0
2013-04-13,0.0
2013-04-14,0.32
2013-04-15,7.84
2013-04-16,21.08
2013-04-17,25.28
2013-04-18,3.92
2013-04-19,2.77
2013-04-20,0.28
2013-04-21,9.03
2013-04-22,10.26
2013-04-23,0.0
2013-04-24,0.0
2013-04-25,0.0
2013-04-26,0.0
2013-04-27,0.0
2013-04-28,0.0
2013-04-29,1.78
2013-04-30,0.0
2013-05-01,0.0
2013-05-02,0.0
2013-05-03,0.03
2013-05-04,24.96
2013-05-05,38.17
2013-05-06,70.65
2013-05-07,24.74
2013-05-08,30.77
2013-05-09,0.92
2013-05-10,0.0
2013-05-11,0.0
2013-05-12,16.18
2013-05-13,0.76
2013-05-14,2.08
2013-05-15,54.54
2013-05-16,26.06
2013-05-17,15.78
2013-05-18,0.14
2013-05-19,0.14
2013-05-20,112.21
2013-05-21,82.16
2013-05-22,39.09
2013-05-23,51.1
2013-05-24,27.19
2013-05-25,7.86
2013-05-26,1.76
2013-05-27,12.26
2013-05-28,5.38
2013-05-29,6.9
2013-05-30,18.41
2013-05-31,8.4
2013-06-01,1.01
2013-06-02,0.64
2013-06-03,14.1
2013-06-04,0.5
2013-06-05,1.12
2013-06-06,32.79
2013-06-07,18.77
2013-06-08,11.08
2013-06-09,28.71
2013-06-10,7.18
2013-06-11,0.66
2013-06-12,11.3
2013-06-13,2.73
2013-06-14,0.9
2013-06-15,0.0
2013-06-16,0.37
2013-06-17,1.62
2013-06-18,0.0
2013-06-19,2.54
2013-06-20,30.0
2013-06-21,71.5
2013-06-22,1.56
2013-06-23,12.63
2013-06-24,35.42
2013-06-25,31.88
2013-06-26,17.74
2013-06-27,33.54
2013-06-28,27.36
2013-06-29,16.74
2013-06-30,16.74
2013-07-01,0.4
2013-07-02,4.18
2013-07-03,3.92
2013-07-04,3.42
2013-07-05,3.72
2013-07-06,30.74
2013-07-07,4.14
2013-07-08,0.08
2013-07-09,24.52
2013-07-10,8.64
2013-07-11,2.26
2013-07-12,17.48
2013-07-13,17.02
2013-07-14,1.06
2013-07-15,10.56
2013-07-16,10.03
2013-07-17,3.27
2013-07-18,2.63
2013-07-19,2.4
2013-07-20,9.9
2013-07-21,2.86
2013-07-22,9.18
2013-07-23,9.86
2013-07-24,5.45
2013-07-25,8.32
2013-07-26,34.38
2013-07-27,77.34
2013-07-28,57.3
2013-07-29,2.66
2013-07-30,8.03
2013-07-31,8.4
2013-08-01,2.24
2013-08-02,4.49
2013-08-03,0.77
2013-08-04,6.65
2013-08-05,3.92
2013-08-06,50.84
2013-08-07,0.65
2013-08-08,5.55
2013-08-09,7.17
2013-08-10,23.01
2013-08-11,16.67
2013-08-12,13.98
2013-08-13,5.43
2013-08-14,9.68
2013-08-15,14.02
2013-08-16,28.24
2013-08-17,15.86
2013-08-18,19.99
2013-08-19,28.17
2013-08-20,49.03
2013-08-21,6.95
2013-08-22,2.0
2013-08-23,38.92
2013-08-24,0.97
2013-08-25,5.16
2013-08-26,4.58
2013-08-27,13.41
2013-08-28,34.43
2013-08-29,15.72
2013-08-30,8.16
2013-08-31,5.6
2013-09-01,21.34
2013-09-02,15.02
2013-09-03,7.68
2013-09-04,4.96
2013-09-05,14.16
2013-09-06,0.04
2013-09-07,4.84
2013-09-08,18.66
2013-09-09,15.13
2013-09-10,14.48
2013-09-11,5.96
2013-09-12,0.0
2013-09-13,40.37
2013-09-14,24.91
2013-09-15,2.04
2013-09-16,7.26
2013-09-17,11.47
2013-09-18,0.32
2013-09-19,0.24
2013-09-20,0.02
2013-09-21,0.1
2013-09-22,0.12
2013-09-23,0.12
2013-09-24,6.88
2013-09-25,4.24
2013-09-26,2.78
2013-09-27,38.15
2013-09-28,21.43
2013-09-29,40.16
2013-09-30,9.8
2013-10-01,0.22
2013-10-02,21.28
2013-10-03,10.46
2013-10-04,3.78
2013-10-05,15.69
2013-10-06,6.35
2013-10-07,12.46
2013-10-08,21.74
2013-10-09,4.96
2013-10-10,0.0
2013-10-11,0.26
2013-10-12,0.76
2013-10-13,4.26
2013-10-14,0.0
2013-10-15,0.0
2013-10-16,0.0
2013-10-17,0.0
2013-10-18,0.0
2013-10-19,0.0
2013-10-20,2.35
2013-10-21,13.74
2013-10-22,27.39
2013-10-23,3.9
2013-10-24,0.06
2013-10-25,32.26
2013-10-26,32.0
2013-10-27,0.08
2013-10-28,0.0
2013-10-29,0.0
2013-10-30,0.0
2013-10-31,0.0
2013-11-01,0.0
2013-11-02,0.0
2013-11-03,0.0
2013-11-04,0.0
2013-11-05,0.0
2013-11-06,0.0
2013-11-07,0.0
2013-11-08,0.0
2013-11-09,0.0
2013-11-10,0.0
2013-11-11,0.0
2013-11-12,0.0
2013-11-13,0.0
2013-11-14,0.08
2013-11-15,0.0
2013-11-16,0.0
2013-11-17,0.0
2013-11-18,0.0
2013-11-19,0.0
2013-11-20,0.0
2013-11-21,0.0
2013-11-22,0.0
2013-11-23,0.0
2013-11-24,0.0
2013-11-25,0.0
2013-11-26,0.0
2013-11-27,0.0
2013-11-28,0.0
2013-11-29,0.0
2013-11-30,0.0
2013-12-01,0.0
2013-12-02,0.0
2013-12-03,0.0
2013-12-04,0.0
2013-12-05,0.0
2013-12-06,0.0
2013-12-07,0.0
2013-12-08,0.0
2013-12-09,0.0
2013-12-10,0.0
2013-12-11,0.0
2013-12-12,0.0
2013-12-13,0.0
2013-12-14,0.0
2013-12-15,0.0
2013-12-16,0.0
2013-12-17,0.0
2013-12-18,0.0
2013-12-19,0.0
2013-12-20,0.0
2013-12-21,0.0
2013-12-22,0.0
2013-12-23,0.0
2013-12-24,0.0
2013-12-25,0.0
2013-12-26,0.0
2013-12-27,0.0
2013-12-28,0.0
2013-12-29,0.0
2013-12-30,0.0
2013-12-31,0.0
2014-01-01,0.0
2014-01-02,0.0
2014-01-03,0.0
2014-01-04,0.0
2014-01-05,0.0
2014-01-06,0.0
2014-01-07,0.0
2014-01-08,0.0
2014-01-09,0.0
2014-01-10,0.0
2014-01-11,0.0
2014-01-12,0.0
2014-01-13,0.0
2014-01-14,0.0
2014-01-15,0.0
2014-01-16,0.0
2014-01-17,0.0
2014-01-18,0.0
2014-01-19,0.0
2014-01-20,0.0
2014-01-21,0.0
2014-01-22,0.0
2014-01-23,0.0
2014-01-24,0.0
2014-01-25,0.0
2014-01-26,0.0
2014-01-27,0.04
2014-01-28,0.0
2014-01-29,0.0
2014-01-30,0.0
2014-01-31,0.0
2014-02-01,0.0
2014-02-02,0.0
2014-02-03,0.0
2014-02-04,0.0
2014-02-05,0.0
2014-02-06,0.0
2014-02-07,0.0
2014-02-08,0.0
2014-02-09,0.0
2014-02-10,0.0
2014-02-11,0.0
2014-02-12,0.0
2014-02-13,0.0
2014-02-14,0.0
2014-02-15,0.0
2014-02-16,13.31
2014-02-17,0.7
2014-02-18,0.0
2014-02-19,0.0
2014-02-20,0.0
2014-02-21,0.0
2014-02-22,0.0
2014-02-23,0.0
2014-02-24,0.0
2014-02-25,0.0
2014-02-26,0.0
2014-02-27,0.0
2014-02-28,0.0
2014-03-01,0.0
2014-03-02,0.0
2014-03-03,0.0
2014-03-04,0.08
2014-03-05,0.02
2014-03-06,0.0
2014-03-07,0.0
2014-03-08,0.0
2014-03-09,0.0
2014-03-10,0.0
2014-03-11,0.0
2014-03-12,0.0
2014-03-13,0.03
2014-03-14,0.0
2014-03-15,0.0
2014-03-16,0.0
2014-03-17,0.0
2014-03-18,0.0
2014-03-19,0.0
2014-03-20,0.0
2014-03-21,0.0
2014-03-22,12.7
2014-03-23,0.0
2014-03-24,2.46
2014-03-25,0.0
2014-03-26,0.0
2014-03-27,0.0
2014-03-28,0.0
2014-03-29,0.0
2014-03-30,0.0
2014-03-31,0.0
2014-04-01,1.27
2014-04-02,0.0
2014-04-03,0.0
2014-04-04,3.9
2014-04-05,2.73
2014-04-06,1.84
2014-04-07,0.0
2014-04-08,0.0
2014-04-09,0.0
2014-04-10,0.0
2014-04-11,0.0
2014-04-12,0.0
2014-04-13,0.0
2014-04-14,0.0
2014-04-15,0.0
2014-04-16,0.0
2014-04-17,0.0
2014-04-18,0.0
2014-04-19,0.0
2014-04-20,0.04
2014-04-21,0.0
2014-04-22,0.0
2014-04-23,0.3
2014-04-24,0.0
2014-04-25,0.0
2014-04-26,0.0
2014-04-27,0.0
2014-04-28,0.0
2014-04-29,17.7
2014-04-30,0.0
2014-05-01,10.66
2014-05-02,0.0
2014-05-03,43.62
2014-05-04,1.36
2014-05-05,1.88
2014-05-06,0.0
2014-05-07,2.52
2014-05-08,1.04
2014-05-09,0.14
2014-05-10,2.27
2014-05-11,11.02
2014-05-12,0.0
2014-05-13,0.0
2014-05-14,8.46
2014-05-15,31.3
2014-05-16,0.0
2014-05-17,0.0
2014-05-18,0.0
2014-05-19,0.0
2014-05-20,0.0
2014-05-21,0.0
2014-05-22,0.08
2014-05-23,1.98
2014-05-24,35.16
2014-05-25,25.48
2014-05-26,5.96
2014-05-27,13.6
2014-05-28,4.34
2014-05-29,0.3
2014-05-30,12.53
2014-05-31,2.04
2014-06-01,6.58
2014-06-02,0.0
2014-06-03,2.84
2014-06-04,0.92
2014-06-05,0.0
2014-06-06,0.0
2014-06-07,0.0
2014-06-08,0.0
2014-06-09,0.0
2014-06-10,0.24
2014-06-11,7.38
2014-06-12,0.0
2014-06-13,1.11
2014-06-14,8.04
2014-06-15,0.46
2014-06-16,3.92
2014-06-17,15.79
2014-06-18,36.24
2014-06-19,78.64
2014-06-20,47.82
2014-06-21,80.7
2014-06-22,143.52
2014-06-23,25.34
2014-06-24,20.34
2014-06-25,33.72
2014-06-26,8.96
2014-06-27,4.4
2014-06-28,11.75
2014-06-29,97.53
2014-06-30,0.96
2014-07-01,0.62
2014-07-02,7.89
2014-07-03,30.57
2014-07-04,25.74
2014-07-05,52.91
2014-07-06,0.76
2014-07-07,1.78
2014-07-08,0.0
2014-07-09,0.0
2014-07-10,5.9
2014-07-11,2.52
2014-07-12,0.42
2014-07-13,13.84
2014-07-14,4.39
2014-07-15,24.38
2014-07-16,40.58
2014-07-17,2.84
2014-07-18,2.32
2014-07-19,1.59
2014-07-20,2.39
2014-07-21,54.06
2014-07-22,15.13
2014-07-23,13.78
2014-07-24,3.32
2014-07-25,22.57
2014-07-26,16.76
2014-07-27,9.06
2014-07-28,4.54
2014-07-29,1.88
2014-07-30,7.08
2014-07-31,8.94
2014-08-01,0.12
2014-08-02,0.34
2014-08-03,8.83
2014-08-04,15.08
2014-08-05,24.5
2014-08-06,11.56
2014-08-07,7.24
2014-08-08,0.0
2014-08-09,0.19
2014-08-10,3.1
2014-08-11,3.55
2014-08-12,18.57
2014-08-13,59.76
2014-08-14,47.47
2014-08-15,71.51
2014-08-16,43.23
2014-08-17,16.69
2014-08-18,3.72
2014-08-19,12.26
2014-08-20,11.86
2014-08-21,19.37
2014-08-22,1.27
2014-08-23,16.0
2014-08-24,6.54
2014-08-25,11.17
2014-08-26,4.22
2014-08-27,26.88
2014-08-28,23.14
2014-08-29,3.24
2014-08-30,28.35
2014-08-31,8.49
2014-09-01,3.12
2014-09-02,0.26
2014-09-03,2.64
2014-09-04,8.77
2014-09-05,3.48
2014-09-06,1.99
2014-09-07,2.3
2014-09-08,3.54
2014-09-09,11.48
2014-09-10,3.5
2014-09-11,0.78
2014-09-12,15.28
2014-09-13,12.46
2014-09-14,8.23
2014-09-15,16.24
2014-09-16,0.38
2014-09-17,0.0
2014-09-18,40.61
2014-09-19,65.6
2014-09-20,57.13
2014-09-21,2.46
2014-09-22,42.99
2014-09-23,16.11
2014-09-24,1.2
2014-09-25,1.28
2014-09-26,3.67
2014-09-27,0.0
2014-09-28,0.0
2014-09-29,0.0
2014-09-30,0.0
2014-10-01,0.0
2014-10-02,6.06
2014-10-03,0.13
2014-10-04,10.01
2014-10-05,0.0
2014-10-06,4.75
2014-10-07,0.0
2014-10-08,0.09
2014-10-09,0.0
2014-10-10,6.94
2014-10-11,27.4
2014-10-12,15.21
2014-10-13,4.63
2014-10-14,0.37
2014-10-15,0.0
2014-10-16,11.31
2014-10-17,0.0
2014-10-18,0.23
2014-10-19,0.0
2014-10-20,0.0
2014-10-21,0.0
2014-10-22,0.0
2014-10-23,0.0
2014-10-24,0.0
2014-10-25,0.0
2014-10-26,1.69
2014-10-27,6.16
2014-10-28,6.43
2014-10-29,0.0
2014-10-30,0.0
2014-10-31,0.0
2014-11-01,0.0
2014-11-02,0.0
2014-11-03,0.0
2014-11-04,0.34
2014-11-05,0.06
2014-11-06,0.0
2014-11-07,0.0
2014-11-08,0.0
2014-11-09,0.0
2014-11-10,0.0
2014-11-11,0.0
2014-11-12,0.0
2014-11-13,0.0
2014-11-14,0.0
2014-11-15,0.0
2014-11-16,0.0
2014-11-17,0.0
2014-11-18,0.0
2014-11-19,0.0
2014-11-20,0.0
2014-11-21,0.0
2014-11-22,0.0
2014-11-23,0.0
2014-11-24,0.0
2014-11-25,0.0
2014-11-26,0.0
2014-11-27,0.0
2014-11-28,0.0
2014-11-29,0.0
2014-11-30,0.0
2014-12-01,0.0
2014-12-02,0.0
2014-12-03,0.0
2014-12-04,0.0
2014-12-05,0.0
2014-12-06,0.0
2014-12-07,0.0
2014-12-08,0.0
2014-12-09,0.0
2014-12-10,0.0
2014-12-11,0.0
2014-12-12,0.0
2014-12-13,0.02
2014-12-14,0.0
2014-12-15,0.06
2014-12-16,0.0
2014-12-17,0.0
2014-12-18,0.0
2014-12-19,0.0
2014-12-20,0.0
2014-12-21,0.01
2014-12-22,0.0
2014-12-23,0.0
2014-12-24,0.0
2014-12-25,0.0
2014-12-26,0.0
2014-12-27,0.0
2014-12-28,0.0
2014-12-29,0.0
2014-12-30,0.84
2014-12-31,3.08
2015-01-01,4.37
2015-01-02,0.0
2015-01-03,0.0
2015-01-04,0.0
2015-01-05,0.0
2015-01-06,0.0
2015-01-07,0.0
2015-01-08,0.0
2015-01-09,0.0
2015-01-10,0.0
2015-01-11,0.0
2015-01-12,0.0
2015-01-13,0.0
2015-01-14,0.0
2015-01-15,0.0
2015-01-16,0.62
2015-01-17,0.0
2015-01-18,0.0
2015-01-19,0.0
2015-01-20,0.0
2015-01-21,0.0
2015-01-22,0.0
2015-01-23,0.0
2015-01-24,0.0
2015-01-25,0.0
2015-01-26,0.0
2015-01-27,0.0
2015-01-28,0.0
2015-01-29,0.0
2015-01-30,0.0
2015-01-31,0.0
2015-02-01,0.0
2015-02-02,0.0
2015-02-03,0.0
2015-02-04,0.0
2015-02-05,0.0
2015-02-06,0.0
2015-02-07,0.0
2015-02-08,0.0
2015-02-09,0.0
2015-02-10,0.0
2015-02-11,0.0
2015-02-12,0.0
2015-02-13,0.0
2015-02-14,0.0
2015-02-15,0.04
2015-02-16,0.0
2015-02-17,0.0
2015-02-18,0.06
2015-02-19,11.44
2015-02-20,0.0
2015-02-21,0.0
2015-02-22,0.0
2015-02-23,0.0
2015-02-24,0.0
2015-02-25,0.0
2015-02-26,0.0
2015-02-27,0.0
2015-02-28,0.0
2015-03-01,0.01
2015-03-02,0.0
2015-03-03,0.99
2015-03-04,3.36
2015-03-05,0.0
2015-03-06,0.0
2015-03-07,0.0
2015-03-08,0.0
2015-03-09,0.0
2015-03-10,0.0
2015-03-11,0.0
2015-03-12,0.0
2015-03-13,0.0
2015-03-14,0.0
2015-03-15,0.0
2015-03-16,0.0
2015-03-17,0.0
2015-03-18,0.0
2015-03-19,0.0
2015-03-20,0.0
2015-03-21,0.0
2015-03-22,0.0
2015-03-23,0.0
2015-03-24,0.0
2015-03-25,2.16
2015-03-26,0.0
2015-03-27,0.0
2015-03-28,3.47
2015-03-29,0.0
2015-03-30,3.04
2015-03-31,0.24
2015-04-01,88.15
2015-04-02,0.0
2015-04-03,0.0
2015-04-04,0.0
2015-04-05,22.98
2015-04-06,4.6
2015-04-07,3.3
2015-04-08,0.0
2015-04-09,0.0
2015-04-10,0.0
2015-04-11,0.0
2015-04-12,0.42
2015-04-13,0.0
2015-04-14,0.22
2015-04-15,0.32
2015-04-16,6.54
2015-04-17,1.69
2015-04-18,0.0
2015-04-19,0.0
2015-04-20,0.0
2015-04-21,0.0
2015-04-22,0.02
2015-04-23,9.42
2015-04-24,4.18
2015-04-25,13.96
2015-04-26,3.09
2015-04-27,0.07
2015-04-28,0.91
2015-04-29,0.0
2015-04-30,3.7
2015-05-01,11.98
2015-05-02,4.78
2015-05-03,0.0
2015-05-04,0.0
2015-05-05,0.0
2015-05-06,0.0
2015-05-07,0.06
2015-05-08,0.0
2015-05-09,4.34
2015-05-10,4.28
2015-05-11,17.22
2015-05-12,12.34
2015-05-13,0.03
2015-05-14,0.09
2015-05-15,11.17
2015-05-16,1.09
2015-05-17,16.09
2015-05-18,0.62
2015-05-19,0.0
2015-05-20,0.64
2015-05-21,0.65
2015-05-22,0.0
2015-05-23,11.65
2015-05-24,27.43
2015-05-25,0.2
2015-05-26,0.0
2015-05-27,0.0
2015-05-28,0.0
2015-05-29,1.95
2015-05-30,0.0
2015-05-31,0.0
2015-06-01,0.0
2015-06-02,0.0
2015-06-03,2.21
2015-06-04,7.19
2015-06-05,0.56
2015-06-06,13.48
2015-06-07,0.0
2015-06-08,0.0
2015-06-09,0.14
2015-06-10,13.81
2015-06-11,111.46
2015-06-12,2.08
2015-06-13,40.87
2015-06-14,3.94
2015-06-15,12.83
2015-06-16,40.78
2015-06-17,27.46
2015-06-18,5.14
2015-06-19,0.64
2015-06-20,0.78
2015-06-21,16.74
2015-06-22,66.81
2015-06-23,62.28
2015-06-24,44.24
2015-06-25,41.44
2015-06-26,23.88
2015-06-27,48.78
2015-06-28,2.56
2015-06-29,0.39
2015-06-30,0.44
2015-07-01,6.24
2015-07-02,12.93
2015-07-03,0.6
2015-07-04,2.94
2015-07-05,5.26
2015-07-06,4.91
2015-07-07,86.72
2015-07-08,100.24
2015-07-09,71.24
2015-07-10,19.49
2015-07-11,13.12
2015-07-12,9.48
2015-07-13,0.72
2015-07-14,2.45
2015-07-15,42.25
2015-07-16,32.94
2015-07-17,60.16
2015-07-18,20.71
2015-07-19,50.98
2015-07-20,37.34
2015-07-21,12.06
2015-07-22,24.96
2015-07-23,38.43
2015-07-24,48.84
2015-07-25,16.23
2015-07-26,59.94
2015-07-27,57.82
2015-07-28,38.53
2015-07-29,24.55
2015-07-30,38.97
2015-07-31,13.34
2015-08-01,17.14
2015-08-02,4.69
2015-08-03,2.69
2015-08-04,2.82
2015-08-05,8.2
2015-08-06,4.56
2015-08-07,12.87
2015-08-08,5.26
2015-08-09,4.58
2015-08-10,26.16
2015-08-11,12.69
2015-08-12,0.28
2015-08-13,9.38
2015-08-14,12.72
2015-08-15,0.51
2015-08-16,17.64
2015-08-17,3.2
2015-08-18,18.87
2015-08-19,73.6
2015-08-20,52.01
2015-08-21,19.68
2015-08-22,13.9
2015-08-23,13.34
2015-08-24,7.55
2015-08-25,13.61
2015-08-26,10.57
2015-08-27,1.74
2015-08-28,18.84
2015-08-29,5.19
2015-08-30,37.38
2015-08-31,36.63
2015-09-01,30.74
2015-09-02,34.56
2015-09-03,9.9
2015-09-04,7.42
2015-09-05,0.71
2015-09-06,5.29
2015-09-07,8.78
2015-09-08,0.58
2015-09-09,43.62
2015-09-10,0.88
2015-09-11,12.16
2015-09-12,5.64
2015-09-13,21.84
2015-09-14,0.45
2015-09-15,0.46
2015-09-16,0.12
2015-09-17,0.56
2015-09-18,2.42
2015-09-19,61.65
2015-09-20,43.53
2015-09-21,44.18
2015-09-22,20.07
2015-09-23,12.02
2015-09-24,9.2
2015-09-25,0.0
2015-09-26,0.0
2015-09-27,0.0
2015-09-28,0.0
2015-09-29,0.24
2015-09-30,0.0
2015-10-01,0.56
2015-10-02,1.7
2015-10-03,0.0
2015-10-04,7.74
2015-10-05,0.01
2015-10-06,15.27
2015-10-07,8.59
2015-10-08,98.76
2015-10-09,0.74
2015-10-10,4.5
2015-10-11,1.58
2015-10-12,9.28
2015-10-13,6.96
2015-10-14,2.58
2015-10-15,0.0
2015-10-16,0.0
2015-10-17,0.0
2015-10-18,0.0
2015-10-19,0.0
2015-10-20,0.0
2015-10-21,0.0
2015-10-22,0.0
2015-10-23,0.0
2015-10-24,0.0
2015-10-25,0.0
2015-10-26,0.0
2015-10-27,0.0
2015-10-28,0.0
2015-10-29,0.82
2015-10-30,2.3
2015-10-31,5.48
2015-11-01,0.5
2015-11-02,0.0
2015-11-03,0.0
2015-11-04,0.0
2015-11-05,0.0
2015-11-06,0.0
2015-11-07,0.0
2015-11-08,0.0
2015-11-09,0.0
2015-11-10,0.0
2015-11-11,0.0
2015-11-12,0.0
2015-11-13,0.0
2015-11-14,0.0
2015-11-15,0.0
2015-11-16,0.0
2015-11-17,5.7
2015-11-18,0.76
2015-11-19,0.0
2015-11-20,0.0
2015-11-21,0.0
2015-11-22,0.0
2015-11-23,0.0
2015-11-24,0.0
2015-11-25,0.0
2015-11-26,0.0
2015-11-27,0.0
2015-11-28,0.0
2015-11-29,0.0
2015-11-30,0.02
2015-12-01,0.32
2015-12-02,0.72
2015-12-03,0.08
2015-12-04,0.0
2015-12-05,0.0
2015-12-06,0.0
2015-12-07,0.0
2015-12-08,0.0
2015-12-09,0.0
2015-12-10,0.0
2015-12-11,0.0
2015-12-12,0.0
2015-12-13,0.0
2015-12-14,0.0
2015-12-15,0.0
2015-12-16,0.0
2015-12-17,0.0
2015-12-18,1.68
2015-12-19,0.0
2015-12-20,0.0
2015-12-21,0.0
2015-12-22,0.0
2015-12-23,0.0
2015-12-24,0.0
2015-12-25,0.0
2015-12-26,0.0
2015-12-27,0.0
2015-12-28,0.0
2015-12-29,0.0
2015-12-30,0.06
2015-12-31,0.0
2016-01-01,0.0
2016-01-02,0.0
2016-01-03,0.0
2016-01-04,0.0
2016-01-05,0.0
2016-01-06,0.0
2016-01-07,0.0
2016-01-08,0.0
2016-01-09,0.0
2016-01-10,0.0
2016-01-11,0.0
2016-01-12,0.0
2016-01-13,0.0
2016-01-14,0.37
2016-01-15,0.0
2016-01-16,0.0
2016-01-17,0.0
2016-01-18,0.0
2016-01-19,0.0
2016-01-20,2.99
2016-01-21,0.34
2016-01-22,0.0
2016-01-23,0.0
2016-01-24,0.0
2016-01-25,0.0
2016-01-26,0.0
2016-01-27,0.0
2016-01-28,0.0
2016-01-29,0.0
2016-01-30,0.0
2016-01-31,0.0
2016-02-01,0.0
2016-02-02,0.0
2016-02-03,0.0
2016-02-04,0.0
2016-02-05,0.0
2016-02-06,0.0
2016-02-07,0.0
2016-02-08,0.0
2016-02-09,0.0
2016-02-10,0.0
2016-02-11,0.0
2016-02-12,0.11
2016-02-13,0.0
2016-02-14,0.0
2016-02-15,0.0
2016-02-16,0.0
2016-02-17,0.0
2016-02-18,0.0
2016-02-19,0.0
2016-02-20,0.0
2016-02-21,0.0
2016-02-22,0.0
2016-02-23,1.32
2016-02-24,16.17
2016-02-25,0.38
2016-02-26,3.04
2016-02-27,0.0
2016-02-28,0.0
2016-02-29,0.0
2016-03-01,0.0
2016-03-02,0.0
2016-03-03,0.0
2016-03-04,0.0
2016-03-05,0.0
2016-03-06,0.0
2016-03-07,0.0
2016-03-08,0.0
2016-03-09,0.0
2016-03-10,0.0
2016-03-11,0.0
2016-03-12,0.0
2016-03-13,0.2
2016-03-14,0.06
2016-03-15,0.0
2016-03-16,0.07
2016-03-17,0.0
2016-03-18,11.31
2016-03-19,0.05
2016-03-20,5.28
2016-03-21,3.5
2016-03-22,0.0
2016-03-23,0.0
2016-03-24,0.0
2016-03-25,0.0
2016-03-26,0.0
2016-03-27,0.0
2016-03-28,1.0
2016-03-29,0.0
2016-03-30,0.04
2016-03-31,59.11
2016-04-01,14.68
2016-04-02,17.84
2016-04-03,1.21
2016-04-04,2.06
2016-04-05,0.68
2016-04-06,0.0
2016-04-07,0.17
2016-04-08,3.96
2016-04-09,0.0
2016-04-10,0.0
2016-04-11,0.0
2016-04-12,0.0
2016-04-13,0.0
2016-04-14,0.0
2016-04-15,0.0
2016-04-16,0.0
2016-04-17,0.0
2016-04-18,0.03
2016-04-19,0.0
2016-04-20,0.0
2016-04-21,0.0
2016-04-22,0.0
2016-04-23,0.0
2016-04-24,0.0
2016-04-25,0.0
2016-04-26,0.1
2016-04-27,0.0
2016-04-28,0.1
2016-04-29,0.0
2016-04-30,0.0
2016-05-01,1.86
2016-05-02,2.08
2016-05-03,0.0
2016-05-04,0.43
2016-05-05,0.18
2016-05-06,0.0
2016-05-07,28.34
2016-05-08,0.0
2016-05-09,0.26
2016-05-10,0.0
2016-05-11,0.0
2016-05-12,0.04
2016-05-13,98.16
2016-05-14,0.0
2016-05-15,0.92
2016-05-16,1.33
2016-05-17,7.08
2016-05-18,34.26
2016-05-19,44.48
2016-05-20,100.85
2016-05-21,26.22
2016-05-22,0.03
2016-05-23,3.68
2016-05-24,14.85
2016-05-25,14.14
2016-05-26,0.46
2016-05-27,2.33
2016-05-28,7.06
2016-05-29,0.6
2016-05-30,0.39
2016-05-31,13.7
2016-06-01,0.0
2016-06-02,0.31
2016-06-03,0.0
2016-06-04,0.19
2016-06-05,6.26
2016-06-06,2.66
2016-06-07,22.78
2016-06-08,17.32
2016-06-09,15.84
2016-06-10,1.25
2016-06-11,100.75
2016-06-12,41.36
2016-06-13,53.54
2016-06-14,1.02
2016-06-15,1.27
2016-06-16,0.24
2016-06-17,2.63
2016-06-18,7.8
2016-06-19,2.91
2016-06-20,4.66
2016-06-21,6.22
2016-06-22,1.74
2016-06-23,5.8
2016-06-24,2.28
2016-06-25,19.67
2016-06-26,2.72
2016-06-27,0.0
2016-06-28,14.12
2016-06-29,6.06
2016-06-30,0.37
2016-07-01,25.06
2016-07-02,45.78
2016-07-03,44.42
2016-07-04,63.16
2016-07-05,13.64
2016-07-06,19.74
2016-07-07,15.26
2016-07-08,1.75
2016-07-09,3.1
2016-07-10,7.88
2016-07-11,4.72
2016-07-12,17.07
2016-07-13,13.33
2016-07-14,1.48
2016-07-15,46.82
2016-07-16,35.82
2016-07-17,21.36
2016-07-18,32.79
2016-07-19,9.17
2016-07-20,4.81
2016-07-21,3.36
2016-07-22,6.46
2016-07-23,3.19
2016-07-24,16.46
2016-07-25,39.98
2016-07-26,1.32
2016-07-27,0.58
2016-07-28,6.45
2016-07-29,7.69
2016-07-30,29.61
2016-07-31,72.75
2016-08-01,5.58
2016-08-02,1.52
2016-08-03,8.44
2016-08-04,1.02
2016-08-05,19.14
2016-08-06,8.24
2016-08-07,3.8
2016-08-08,11.88
2016-08-09,47.0
2016-08-10,25.82
2016-08-11,12.22
2016-08-12,5.26
2016-08-13,12.52
2016-08-14,14.78
2016-08-15,2.04
2016-08-16,10.16
2016-08-17,10.74
2016-08-18,0.49
2016-08-19,0.0
2016-08-20,56.08
2016-08-21,47.42
2016-08-22,0.1
2016-08-23,1.76
2016-08-24,5.31
2016-08-25,24.22
2016-08-26,43.03
2016-08-27,8.74
2016-08-28,22.42
2016-08-29,0.32
2016-08-30,20.82
2016-08-31,40.3
2016-09-01,14.78
2016-09-02,27.48
2016-09-03,18.21
2016-09-04,2.38
2016-09-05,4.05
2016-09-06,7.81
2016-09-07,1.13
2016-09-08,0.17
2016-09-09,7.52
2016-09-10,0.48
2016-09-11,1.35
2016-09-12,9.41
2016-09-13,33.88
2016-09-14,2.56
2016-09-15,0.0
2016-09-16,1.74
2016-09-17,0.82
2016-09-18,3.06
2016-09-19,0.56
2016-09-20,8.41
2016-09-21,1.54
2016-09-22,2.47
2016-09-23,4.46
2016-09-24,4.44
2016-09-25,2.33
2016-09-26,17.66
2016-09-27,62.64
2016-09-28,12.78
2016-09-29,0.0
2016-09-30,12.71
2016-10-01,5.55
2016-10-02,8.03
2016-10-03,25.54
2016-10-04,17.02
2016-10-05,3.44
2016-10-06,1.12
2016-10-07,5.9
2016-10-08,13.11
2016-10-09,12.86
2016-10-10,38.82
2016-10-11,65.86
2016-10-12,2.85
2016-10-13,0.0
2016-10-14,0.08
2016-10-15,0.0
2016-10-16,0.0
2016-10-17,0.0
2016-10-18,0.0
2016-10-19,0.0
2016-10-20,0.0
2016-10-21,0.0
2016-10-22,0.0
2016-10-23,0.0
2016-10-24,0.08
2016-10-25,2.27
2016-10-26,1.08
2016-10-27,6.88
2016-10-28,1.3
2016-10-29,3.74
2016-10-30,0.11
2016-10-31,0.0
2016-11-01,0.0
2016-11-02,0.01
2016-11-03,2.41
2016-11-04,48.78
2016-11-05,76.02
2016-11-06,9.01
2016-11-07,0.0
2016-11-08,0.0
2016-11-09,0.0
2016-11-10,0.0
2016-11-11,0.0
2016-11-12,0.0
2016-11-13,0.0
2016-11-14,0.0
2016-11-15,0.0
2016-11-16,0.0
2016-11-17,0.0
2016-11-18,0.0
2016-11-19,0.0
2016-11-20,0.0
2016-11-21,0.0
2016-11-22,0.0
2016-11-23,0.0
2016-11-24,0.0
2016-11-25,0.0
2016-11-26,0.0
2016-11-27,0.0
2016-11-28,0.0
2016-11-29,0.0
2016-11-30,0.0
2016-12-01,0.0
2016-12-02,0.0
2016-12-03,0.0
2016-12-04,0.0
2016-12-05,0.0
2016-12-06,0.0
2016-12-07,0.0
2016-12-08,0.0
2016-12-09,0.0
2016-12-10,0.0
2016-12-11,0.0
2016-12-12,0.0
2016-12-13,0.0
2016-12-14,0.0
2016-12-15,0.0
2016-12-16,0.0
2016-12-17,0.0
2016-12-18,0.0
2016-12-19,0.0
2016-12-20,0.0
2016-12-21,0.0
2016-12-22,0.0
2016-12-23,0.0
2016-12-24,0.0
2016-12-25,0.0
2016-12-26,0.0
2016-12-27,0.0
2016-12-28,0.0
2016-12-29,0.0
2016-12-30,0.0
2016-12-31,0.0
2017-01-01,0.0
2017-01-02,0.0
2017-01-03,0.0
2017-01-04,0.0
2017-01-05,0.0
2017-01-06,0.0
2017-01-07,0.0
2017-01-08,0.0
2017-01-09,0.0
2017-01-10,0.0
2017-01-11,0.0
2017-01-12,0.0
2017-01-13,0.0
2017-01-14,0.0
2017-01-15,0.0
2017-01-16,0.0
2017-01-17,0.0
2017-01-18,0.0
2017-01-19,0.0
2017-01-20,0.0
2017-01-21,0.0
2017-01-22,0.0
2017-01-23,0.0
2017-01-24,0.0
2017-01-25,0.0
2017-01-26,0.0
2017-01-27,0.48
2017-01-28,0.0
2017-01-29,0.0
2017-01-30,0.0
2017-01-31,0.0
2017-02-01,0.0
2017-02-02,0.0
2017-02-03,0.0
2017-02-04,0.0
2017-02-05,0.0
2017-02-06,0.0
2017-02-07,0.0
2017-02-08,0.0
2017-02-09,0.0
2017-02-10,0.0
2017-02-11,0.0
2017-02-12,0.0
2017-02-13,0.0
2017-02-14,0.0
2017-02-15,0.0
2017-02-16,0.0
2017-02-17,0.0
2017-02-18,0.0
2017-02-19,0.0
2017-02-20,0.0
2017-02-21,0.0
2017-02-22,0.0
2017-02-23,0.84
2017-02-24,0.0
2017-02-25,0.0
2017-02-26,0.0
2017-02-27,0.0
2017-02-28,0.0
2017-03-01,0.0
2017-03-02,0.0
2017-03-03,0.0
2017-03-04,0.0
2017-03-05,7.54
2017-03-06,5.01
2017-03-07,0.1
2017-03-08,39.3
2017-03-09,0.35
2017-03-10,24.96
2017-03-11,23.98
2017-03-12,2.2
2017-03-13,0.0
2017-03-14,0.0
2017-03-15,0.0
2017-03-16,0.0
2017-03-17,0.0
2017-03-18,5.06
2017-03-19,1.61
2017-03-20,23.6
2017-03-21,0.0
2017-03-22,0.0
2017-03-23,0.0
2017-03-24,0.0
2017-03-25,0.0
2017-03-26,0.0
2017-03-27,0.0
2017-03-28,0.0
2017-03-29,6.46
2017-03-30,0.0
2017-03-31,0.0
2017-04-01,0.0
2017-04-02,0.0
2017-04-03,24.98
2017-04-04,24.23
2017-04-05,20.27
2017-04-06,0.0
2017-04-07,0.0
2017-04-08,0.0
2017-04-09,0.0
2017-04-10,0.0
2017-04-11,0.0
2017-04-12,0.0
2017-04-13,0.0
2017-04-14,0.0
2017-04-15,0.54
2017-04-16,0.06
2017-04-17,0.0
2017-04-18,0.0
2017-04-19,80.0
2017-04-20,16.02
2017-04-21,33.77
2017-04-22,77.24
2017-04-23,30.54
2017-04-24,28.35
2017-04-25,0.0
2017-04-26,0.0
2017-04-27,0.0
2017-04-28,0.0
2017-04-29,0.0
2017-04-30,0.0
2017-05-01,0.3
2017-05-02,0.0
2017-05-03,0.0
2017-05-04,0.0
2017-05-05,1.72
2017-05-06,0.1
2017-05-07,0.0
2017-05-08,0.0
2017-05-09,37.26
2017-05-10,0.68
2017-05-11,0.42
2017-05-12,0.0
2017-05-13,0.13
2017-05-14,0.0
2017-05-15,17.21
2017-05-16,1.81
2017-05-17,9.84
2017-05-18,0.0
2017-05-19,0.11
2017-05-20,0.0
2017-05-21,0.0
2017-05-22,0.0
2017-05-23,0.0
2017-05-24,0.0
2017-05-25,0.0
2017-05-26,0.0
2017-05-27,10.54
2017-05-28,11.79
2017-05-29,19.89
2017-05-30,55.54
2017-05-31,5.14
2017-06-01,86.07
2017-06-02,6.44
2017-06-03,0.28
2017-06-04,2.97
2017-06-05,36.22
2017-06-06,0.0
2017-06-07,7.32
2017-06-08,32.1
2017-06-09,1.74
2017-06-10,16.2
2017-06-11,50.98
2017-06-12,56.0
2017-06-13,67.89
2017-06-14,0.42
2017-06-15,14.82
2017-06-16,9.26
2017-06-17,20.88
2017-06-18,17.01
2017-06-19,79.04
2017-06-20,7.12
2017-06-21,12.7
2017-06-22,13.7
2017-06-23,0.22
2017-06-24,1.82
2017-06-25,0.0
2017-06-26,0.81
2017-06-27,1.2
2017-06-28,1.46
2017-06-29,4.0
2017-06-30,17.26
2017-07-01,28.14
2017-07-02,48.7
2017-07-03,27.76
2017-07-04,30.1
2017-07-05,15.0
2017-07-06,1.08
2017-07-07,0.1
2017-07-08,11.67
2017-07-09,10.92
2017-07-10,40.1
2017-07-11,1.92
2017-07-12,20.26
2017-07-13,43.8
2017-07-14,15.68
2017-07-15,3.18
2017-07-16,21.06
2017-07-17,7.36
2017-07-18,46.23
2017-07-19,63.18
2017-07-20,98.74
2017-07-21,39.32
2017-07-22,5.36
2017-07-23,18.1
2017-07-24,76.5
2017-07-25,37.38
2017-07-26,37.58
2017-07-27,5.41
2017-07-28,9.2
2017-07-29,15.29
2017-07-30,5.2
2017-07-31,0.0
2017-08-01,6.52
2017-08-02,5.48
2017-08-03,6.6
2017-08-04,5.28
2017-08-05,18.2
2017-08-06,43.44
2017-08-07,20.2
2017-08-08,7.37
2017-08-09,7.0
2017-08-10,32.04
2017-08-11,27.16
2017-08-12,52.02
2017-08-13,21.32
2017-08-14,2.19
2017-08-15,36.51
2017-08-16,42.5
2017-08-17,2.04
2017-08-18,11.12
2017-08-19,8.65
2017-08-20,7.75
2017-08-21,28.2
2017-08-22,19.86
2017-08-23,12.14
2017-08-24,17.66
2017-08-25,4.97
2017-08-26,11.14
2017-08-27,6.1
2017-08-28,6.26
2017-08-29,8.22
2017-08-30,13.72
2017-08-31,40.76
2017-09-01,21.99
2017-09-02,4.16
2017-09-03,9.73
2017-09-04,7.58
2017-09-05,14.72
2017-09-06,1.52
2017-09-07,9.64
2017-09-08,12.28
2017-09-09,2.93
2017-09-10,8.1
2017-09-11,26.14
2017-09-12,13.82
2017-09-13,0.55
2017-09-14,1.96
2017-09-15,1.18
2017-09-16,11.74
2017-09-17,40.72
2017-09-18,33.22
2017-09-19,60.42
2017-09-20,9.68
2017-09-21,4.25
2017-09-22,1.64
2017-09-23,11.9
2017-09-24,21.02
2017-09-25,25.69
2017-09-26,28.23
2017-09-27,35.4
2017-09-28,5.52
2017-09-29,23.18
2017-09-30,11.33
2017-10-01,0.46
2017-10-02,1.03
2017-10-03,2.63
2017-10-04,2.86
2017-10-05,1.62
2017-10-06,6.8
2017-10-07,0.8
2017-10-08,15.7
2017-10-09,12.09
2017-10-10,0.0
2017-10-11,0.0
2017-10-12,0.73
2017-10-13,0.0
2017-10-14,0.0
2017-10-15,0.0
2017-10-16,0.0
2017-10-17,2.79
2017-10-18,12.24
2017-10-19,29.84
2017-10-20,162.49
2017-10-21,65.66
2017-10-22,0.0
2017-10-23,0.0
2017-10-24,0.0
2017-10-25,0.0
2017-10-26,0.0
2017-10-27,0.0
2017-10-28,2.09
2017-10-29,18.34
2017-10-30,15.5
2017-10-31,0.0
2017-11-01,0.0
2017-11-02,0.0
2017-11-03,0.0
2017-11-04,0.0
2017-11-05,0.0
2017-11-06,0.0
2017-11-07,0.0
2017-11-08,0.0
2017-11-09,0.0
2017-11-10,0.0
2017-11-11,0.0
2017-11-12,0.22
2017-11-13,0.0
2017-11-14,0.21
2017-11-15,6.87
2017-11-16,3.93
2017-11-17,1.06
2017-11-18,0.0
2017-11-19,0.0
2017-11-20,0.0
2017-11-21,0.0
2017-11-22,0.0
2017-11-23,0.0
2017-11-24,0.0
2017-11-25,0.0
2017-11-26,0.0
2017-11-27,0.0
2017-11-28,0.0
2017-11-29,0.0
2017-11-30,0.0
2017-12-01,0.0
2017-12-02,0.0
2017-12-03,0.0
2017-12-04,0.0
2017-12-05,0.0
2017-12-06,0.64
2017-12-07,3.8
2017-12-08,40.83
2017-12-09,21.34
2017-12-10,6.14
2017-12-11,0.0
2017-12-12,0.0
2017-12-13,0.0
2017-12-14,0.0
2017-12-15,0.0
2017-12-16,0.0
2017-12-17,0.0
2017-12-18,0.0
2017-12-19,0.0
2017-12-20,0.0
2017-12-21,0.0
2017-12-22,0.0
2017-12-23,0.0
2017-12-24,0.0
2017-12-25,0.0
2017-12-26,0.0
2017-12-27,0.0
2017-12-28,0.0
2017-12-29,0.0
2017-12-30,0.0
2017-12-31,0.0
2018-01-01,3.12
2018-01-02,0.19
2018-01-03,0.0
2018-01-04,0.0
2018-01-05,0.0
2018-01-06,0.0
2018-01-07,0.0
2018-01-08,0.0
2018-01-09,0.0
2018-01-10,0.0
2018-01-11,0.0
2018-01-12,0.0
2018-01-13,0.0
2018-01-14,0.0
2018-01-15,0.0
2018-01-16,0.0
2018-01-17,0.0
2018-01-18,0.0
2018-01-19,0.0
2018-01-20,0.0
2018-01-21,0.0
2018-01-22,0.0
2018-01-23,0.0
2018-01-24,0.0
2018-01-25,0.0
2018-01-26,0.0
2018-01-27,0.0
2018-01-28,0.0
2018-01-29,0.0
2018-01-30,0.0
2018-01-31,0.0
2018-02-01,0.0
2018-02-02,0.0
2018-02-03,0.0
2018-02-04,0.0
2018-02-05,0.0
2018-02-06,0.0
2018-02-07,0.28
2018-02-08,1.25
2018-02-09,0.0
2018-02-10,0.17
2018-02-11,0.02
2018-02-12,0.0
2018-02-13,0.0
2018-02-14,0.0
2018-02-15,0.0
2018-02-16,0.0
2018-02-17,0.0
2018-02-18,0.0
2018-02-19,0.0
2018-02-20,0.0
2018-02-21,0.0
2018-02-22,0.0
2018-02-23,0.0
2018-02-24,0.0
2018-02-25,0.17
2018-02-26,0.72
2018-02-27,0.0
2018-02-28,0.0
2018-03-01,0.0
2018-03-02,0.0
2018-03-03,0.0
2018-03-04,0.0
2018-03-05,0.0
2018-03-06,0.0
2018-03-07,0.0
2018-03-08,0.0
2018-03-09,0.0
2018-03-10,0.0
2018-03-11,0.0
2018-03-12,0.0
2018-03-13,0.0
2018-03-14,0.0
2018-03-15,0.0
2018-03-16,9.65
2018-03-17,0.01
2018-03-18,0.0
2018-03-19,0.0
2018-03-20,0.0
2018-03-21,0.0
2018-03-22,0.0
2018-03-23,0.0
2018-03-24,0.0
2018-03-25,0.0
2018-03-26,0.0
2018-03-27,0.0
2018-03-28,0.0
2018-03-29,0.0
2018-03-30,0.03
2018-03-31,1.86
2018-04-01,0.0
2018-04-02,1.16
2018-04-03,0.0
2018-04-04,0.0
2018-04-05,0.0
2018-04-06,5.97
2018-04-07,0.95
2018-04-08,0.0
2018-04-09,0.52
2018-04-10,0.74
2018-04-11,0.0
2018-04-12,0.2
2018-04-13,0.0
2018-04-14,21.82
2018-04-15,0.0
2018-04-16,0.0
2018-04-17,31.02
2018-04-18,0.52
2018-04-19,0.0
2018-04-20,0.2
2018-04-21,0.0
2018-04-22,10.18
2018-04-23,0.0
2018-04-24,0.02
2018-04-25,0.0
2018-04-26,6.53
2018-04-27,0.0
2018-04-28,0.0
2018-04-29,36.98
2018-04-30,74.98
2018-05-01,1.76
2018-05-02,1.16
2018-05-03,4.32
2018-05-04,1.57
2018-05-05,52.06
2018-05-06,0.46
2018-05-07,26.2
2018-05-08,3.76
2018-05-09,0.0
2018-05-10,16.82
2018-05-11,13.42
2018-05-12,0.64
2018-05-13,10.01
2018-05-14,1.2
2018-05-15,0.0
2018-05-16,14.98
2018-05-17,0.0
2018-05-18,37.48
2018-05-19,4.34
2018-05-20,12.3
2018-05-21,35.08
2018-05-22,10.16
2018-05-23,18.92
2018-05-24,11.3
2018-05-25,4.06
2018-05-26,0.92
2018-05-27,0.0
2018-05-28,10.68
2018-05-29,17.56
2018-05-30,9.38
2018-05-31,33.26
2018-06-01,4.76
2018-06-02,26.87
2018-06-03,0.96
2018-06-04,43.36
2018-06-05,21.56
2018-06-06,1.94
2018-06-07,0.57
2018-06-08,14.78
2018-06-09,60.44
2018-06-10,42.71
2018-06-11,76.28
2018-06-12,52.63
2018-06-13,7.76
2018-06-14,3.99
2018-06-15,20.41
2018-06-16,17.55
2018-06-17,2.56
2018-06-18,0.17
2018-06-19,16.55
2018-06-20,11.88
2018-06-21,3.52
2018-06-22,17.28
2018-06-23,45.26
2018-06-24,61.47
2018-06-25,12.46
2018-06-26,5.78
2018-06-27,0.83
2018-06-28,5.52
2018-06-29,2.56
2018-06-30,2.22
2018-07-01,14.4
2018-07-02,42.13
2018-07-03,58.88
2018-07-04,40.36
2018-07-05,3.64
2018-07-06,11.57
2018-07-07,2.78
2018-07-08,3.51
2018-07-09,2.65
2018-07-10,6.92
2018-07-11,12.68
2018-07-12,3.62
2018-07-13,7.76
2018-07-14,13.4
2018-07-15,5.88
2018-07-16,16.06
2018-07-17,10.45
2018-07-18,3.42
2018-07-19,0.48
2018-07-20,12.68
2018-07-21,20.52
2018-07-22,17.76
2018-07-23,56.48
2018-07-24,63.36
2018-07-25,30.81
2018-07-26,28.68
2018-07-27,23.07
2018-07-28,24.02
2018-07-29,8.66
2018-07-30,10.46
2018-07-31,8.34
2018-08-01,7.37
2018-08-02,7.93
2018-08-03,6.6
2018-08-04,5.96
2018-08-05,26.92
2018-08-06,14.72
2018-08-07,2.24
2018-08-08,0.16
2018-08-09,1.46
2018-08-10,1.26
2018-08-11,7.92
2018-08-12,2.22
2018-08-13,3.36
2018-08-14,17.15
2018-08-15,1.42
2018-08-16,0.98
2018-08-17,11.04
2018-08-18,16.17
2018-08-19,16.91
2018-08-20,36.5
2018-08-21,30.14
2018-08-22,3.45
2018-08-23,18.7
2018-08-24,32.56
2018-08-25,6.88
2018-08-26,2.17
2018-08-27,2.6
2018-08-28,2.82
2018-08-29,3.23
2018-08-30,3.88
2018-08-31,2.35
2018-09-01,9.12
2018-09-02,10.8
2018-09-03,14.09
2018-09-04,3.72
2018-09-05,0.88
2018-09-06,8.69
2018-09-07,1.48
2018-09-08,0.64
2018-09-09,6.38
2018-09-10,6.65
2018-09-11,4.3
2018-09-12,27.26
2018-09-13,1.7
2018-09-14,1.08
2018-09-15,10.5
2018-09-16,0.38
2018-09-17,0.04
2018-09-18,7.4
2018-09-19,7.7
2018-09-20,9.1
2018-09-21,0.52
2018-09-22,1.01
2018-09-23,3.97
2018-09-24,6.45
2018-09-25,0.21
2018-09-26,0.02
2018-09-27,0.72
2018-09-28,6.74
2018-09-29,0.0
2018-09-30,0.0
2018-10-01,0.0
2018-10-02,0.0
2018-10-03,0.0
2018-10-04,0.0
2018-10-05,0.0
2018-10-06,0.0
2018-10-07,0.0
2018-10-08,0.28
2018-10-09,14.4
2018-10-10,26.08
2018-10-11,30.02
2018-10-12,32.4
2018-10-13,12.84
2018-10-14,0.0
2018-10-15,0.0
2018-10-16,0.0
2018-10-17,0.0
2018-10-18,0.0
2018-10-19,0.0
2018-10-20,0.0
2018-10-21,0.0
2018-10-22,0.0
2018-10-23,0.0
2018-10-24,0.0
2018-10-25,0.0
2018-10-26,0.0
2018-10-27,0.88
2018-10-28,7.44
2018-10-29,19.39
2018-10-30,8.56
2018-10-31,1.18
2018-11-01,0.0
2018-11-02,0.0
2018-11-03,0.0
2018-11-04,0.0
2018-11-05,0.0
2018-11-06,0.0
2018-11-07,0.0
2018-11-08,0.0
2018-11-09,0.0
2018-11-10,0.0
2018-11-11,0.0
2018-11-12,0.04
2018-11-13,0.0
2018-11-14,0.0
2018-11-15,0.0
2018-11-16,0.0
2018-11-17,0.0
2018-11-18,0.0
2018-11-19,0.0
2018-11-20,0.0
2018-11-21,0.14
2018-11-22,0.0
2018-11-23,0.0
2018-11-24,0.0
2018-11-25,0.0
2018-11-26,0.0
2018-11-27,0.0
2018-11-28,0.0
2018-11-29,0.0
2018-11-30,0.0
2018-12-01,0.0
2018-12-02,0.0
2018-12-03,0.0
2018-12-04,0.0
2018-12-05,0.0
2018-12-06,0.82
2018-12-07,0.0
2018-12-08,0.0
2018-12-09,0.0
2018-12-10,0.0
2018-12-11,0.0
2018-12-12,0.0
2018-12-13,0.0
2018-12-14,0.0
2018-12-15,0.03
2018-12-16,6.99
2018-12-17,2.19
2018-12-18,0.1
2018-12-19,0.0
2018-12-20,0.0
2018-12-21,0.0
2018-12-22,0.0
2018-12-23,0.0
2018-12-24,0.0
2018-12-25,0.0
2018-12-26,0.0
2018-12-27,0.0
2018-12-28,0.0
2018-12-29,0.0
2018-12-30,0.0
2018-12-31,0.0
2019-01-01,0.0
2019-01-02,0.0
2019-01-03,0.0
2019-01-04,0.0
2019-01-05,0.0
2019-01-06,0.0
2019-01-07,0.0
2019-01-08,0.0
2019-01-09,0.0
2019-01-10,0.0
2019-01-11,0.0
2019-01-12,0.0
2019-01-13,0.0
2019-01-14,0.0
2019-01-15,0.0
2019-01-16,0.0
2019-01-17,0.0
2019-01-18,0.0
2019-01-19,0.0
2019-01-20,0.0
2019-01-21,0.0
2019-01-22,0.0
2019-01-23,0.0
2019-01-24,0.0
2019-01-25,0.0
2019-01-26,0.0
2019-01-27,0.0
2019-01-28,0.15
2019-01-29,0.0
2019-01-30,0.0
2019-01-31,0.0
2019-02-01,0.0
2019-02-02,0.0
2019-02-03,0.0
2019-02-04,0.0
2019-02-05,0.0
2019-02-06,0.0
2019-02-07,0.0
2019-02-08,0.0
2019-02-09,0.0
2019-02-10,0.0
2019-02-11,0.0
2019-02-12,0.0
2019-02-13,0.0
2019-02-14,0.0
2019-02-15,0.0
2019-02-16,1.96
2019-02-17,0.48
2019-02-18,0.0
2019-02-19,0.0
2019-02-20,0.0
2019-02-21,0.0
2019-02-22,0.0
2019-02-23,0.0
2019-02-24,0.18
2019-02-25,31.3
2019-02-26,25.34
2019-02-27,10.46
2019-02-28,7.45
2019-03-01,0.0
2019-03-02,0.0
2019-03-03,0.0
2019-03-04,0.62
2019-03-05,9.6
2019-03-06,0.0
2019-03-07,0.0
2019-03-08,0.0
2019-03-09,0.0
2019-03-10,0.0
2019-03-11,0.0
2019-03-12,0.0
2019-03-13,0.0
2019-03-14,0.0
2019-03-15,0.0
2019-03-16,0.08
2019-03-17,0.98
2019-03-18,0.26
2019-03-19,0.0
2019-03-20,3.55
2019-03-21,0.0
2019-03-22,2.56
2019-03-23,0.0
2019-03-24,0.0
2019-03-25,0.0
2019-03-26,0.09
2019-03-27,0.43
2019-03-28,0.0
2019-03-29,0.0
2019-03-30,0.0
2019-03-31,28.5
2019-04-01,1.96
2019-04-02,20.66
2019-04-03,11.33
2019-04-04,0.0
2019-04-05,0.0
2019-04-06,19.88
2019-04-07,1.18
2019-04-08,2.67
2019-04-09,14.39
2019-04-10,5.47
2019-04-11,11.57
2019-04-12,0.0
2019-04-13,26.66
2019-04-14,0.0
2019-04-15,0.0
2019-04-16,0.0
2019-04-17,0.0
2019-04-18,0.0
2019-04-19,0.14
2019-04-20,0.0
2019-04-21,2.38
2019-04-22,0.12
2019-04-23,0.0
2019-04-24,0.0
2019-04-25,0.0
2019-04-26,0.0
2019-04-27,0.0
2019-04-28,0.0
2019-04-29,0.0
2019-04-30,0.0
2019-05-01,0.0
2019-05-02,0.82
2019-05-03,58.15
2019-05-04,20.66
2019-05-05,0.0
2019-05-06,0.0
2019-05-07,0.0
2019-05-08,0.0
2019-05-09,0.0
2019-05-10,0.0
2019-05-11,0.0
2019-05-12,0.0
2019-05-13,29.16
2019-05-14,6.88
2019-05-15,6.1
2019-05-16,0.73
2019-05-17,0.0
2019-05-18,0.0
2019-05-19,0.0
2019-05-20,0.0
2019-05-21,0.0
2019-05-22,26.04
2019-05-23,1.16
2019-05-24,13.34
2019-05-25,21.66
2019-05-26,0.0
2019-05-27,0.0
2019-05-28,0.0
2019-05-29,0.0
2019-05-30,0.0
2019-05-31,0.98
2019-06-01,4.22
2019-06-02,15.68
2019-06-03,15.22
2019-06-04,24.8
2019-06-05,8.26
2019-06-06,5.26
2019-06-07,4.69
2019-06-08,9.2
2019-06-09,59.27
2019-06-10,0.0
2019-06-11,0.0
2019-06-12,0.0
2019-06-13,20.13
2019-06-14,1.56
2019-06-15,47.31
2019-06-16,0.0
2019-06-17,1.6
2019-06-18,3.9
2019-06-19,9.08
2019-06-20,6.94
2019-06-21,11.96
2019-06-22,0.2
2019-06-23,0.0
2019-06-24,0.0
2019-06-25,0.0
2019-06-26,9.21
2019-06-27,1.85
2019-06-28,2.62
2019-06-29,3.26
2019-06-30,0.48
2019-07-01,12.54
2019-07-02,16.39
2019-07-03,14.68
2019-07-04,2.33
2019-07-05,5.58
2019-07-06,27.08
2019-07-07,62.72
2019-07-08,57.9
2019-07-09,56.56
2019-07-10,28.55
2019-07-11,50.46
2019-07-12,31.08
2019-07-13,44.44
2019-07-14,56.24
2019-07-15,15.08
2019-07-16,0.15
2019-07-17,46.06
2019-07-18,45.43
2019-07-19,2.47
2019-07-20,1.1
2019-07-21,0.0
2019-07-22,1.0
2019-07-23,8.6
2019-07-24,2.41
2019-07-25,80.4
2019-07-26,9.48
2019-07-27,1.81
2019-07-28,0.99
2019-07-29,9.57
2019-07-30,30.96
2019-07-31,3.75
2019-08-01,1.79
2019-08-02,2.82
2019-08-03,4.44
2019-08-04,13.54
2019-08-05,31.0
2019-08-06,4.62
2019-08-07,7.88
2019-08-08,11.78
2019-08-09,20.43
2019-08-10,2.48
2019-08-11,39.29
2019-08-12,8.16
2019-08-13,54.52
2019-08-14,37.49
2019-08-15,8.98
2019-08-16,25.43
2019-08-17,2.87
2019-08-18,9.54
2019-08-19,0.5
2019-08-20,2.38
2019-08-21,2.34
2019-08-22,16.35
2019-08-23,11.12
2019-08-24,16.36
2019-08-25,13.25
2019-08-26,0.76
2019-08-27,1.06
2019-08-28,6.0
2019-08-29,0.34
2019-08-30,5.47
2019-08-31,23.61
2019-09-01,15.83
2019-09-02,10.09
2019-09-03,2.29
2019-09-04,4.92
2019-09-05,0.78
2019-09-06,3.51
2019-09-07,9.98
2019-09-08,34.53
2019-09-09,6.87
2019-09-10,22.94
2019-09-11,1.18
2019-09-12,54.16
2019-09-13,7.48
2019-09-14,0.57
2019-09-15,0.1
2019-09-16,0.65
2019-09-17,0.0
2019-09-18,0.48
2019-09-19,0.48
2019-09-20,0.99
2019-09-21,2.84
2019-09-22,3.94
2019-09-23,12.24
2019-09-24,23.07
2019-09-25,11.62
2019-09-26,11.48
2019-09-27,2.18
2019-09-28,8.78
2019-09-29,17.43
2019-09-30,24.56
2019-10-01,26.56
2019-10-02,2.68
2019-10-03,0.0
2019-10-04,0.28
2019-10-05,2.23
2019-10-06,10.61
2019-10-07,13.55
2019-10-08,0.0
2019-10-09,3.32
2019-10-10,32.26
2019-10-11,0.24
2019-10-12,0.0
2019-10-13,0.0
2019-10-14,0.0
2019-10-15,2.46
2019-10-16,26.35
2019-10-17,0.0
2019-10-18,0.0
2019-10-19,0.0
2019-10-20,0.0
2019-10-21,0.0
2019-10-22,0.0
2019-10-23,1.11
2019-10-24,7.88
2019-10-25,22.18
2019-10-26,3.86
2019-10-27,0.0
2019-10-28,0.0
2019-10-29,0.16
2019-10-30,0.02
2019-10-31,0.0
2019-11-01,0.0
2019-11-02,0.0
2019-11-03,0.0
2019-11-04,0.0
2019-11-05,0.0
2019-11-06,0.4
2019-11-07,0.54
2019-11-08,36.2
2019-11-09,34.44
2019-11-10,45.6
2019-11-11,0.0
2019-11-12,0.0
2019-11-13,0.0
2019-11-14,0.0
2019-11-15,0.0
2019-11-16,0.0
2019-11-17,0.0
2019-11-18,0.0
2019-11-19,0.0
2019-11-20,0.0
2019-11-21,0.0
2019-11-22,0.0
2019-11-23,0.0
2019-11-24,0.0
2019-11-25,0.0
2019-11-26,0.0
2019-11-27,0.0
2019-11-28,0.0
2019-11-29,0.0
2019-11-30,0.0
2019-12-01,0.48
2019-12-02,0.0
2019-12-03,0.0
2019-12-04,0.0
2019-12-05,0.0
2019-12-06,0.0
2019-12-07,0.0
2019-12-08,0.0
2019-12-09,0.0
2019-12-10,0.0
2019-12-11,0.0
2019-12-12,0.0
2019-12-13,0.0
2019-12-14,0.0
2019-12-15,0.0
2019-12-16,0.0
2019-12-17,0.0
2019-12-18,0.0
2019-12-19,0.0
2019-12-20,0.0
2019-12-21,2.54
2019-12-22,0.0
2019-12-23,0.0
2019-12-24,0.0
2019-12-25,0.0
2019-12-26,1.36
2019-12-27,2.6
2019-12-28,0.0
2019-12-29,0.0
2019-12-30,0.04
2019-12-31,0.0
2020-01-01,0.46
2020-01-02,0.62
2020-01-03,45.64
2020-01-04,2.13
2020-01-05,0.0
2020-01-06,0.0
2020-01-07,0.16
2020-01-08,0.0
2020-01-09,1.02
2020-01-10,0.0
2020-01-11,0.0
2020-01-12,0.0
2020-01-13,0.0
2020-01-14,0.0
2020-01-15,0.0
2020-01-16,0.0
2020-01-17,0.0
2020-01-18,0.0
2020-01-19,0.0
2020-01-20,0.0
2020-01-21,0.0
2020-01-22,0.0
2020-01-23,0.0
2020-01-24,0.0
2020-01-25,0.0
2020-01-26,0.0
2020-01-27,0.0
2020-01-28,0.11
2020-01-29,2.16
2020-01-30,0.0
2020-01-31,0.0
2020-02-01,0.0
2020-02-02,0.0
2020-02-03,0.0
2020-02-04,0.0
2020-02-05,0.0
2020-02-06,0.0
2020-02-07,0.1
2020-02-08,0.32
2020-02-09,0.28
2020-02-10,0.0
2020-02-11,0.0
2020-02-12,0.0
2020-02-13,0.0
2020-02-14,0.0
2020-02-15,0.0
2020-02-16,0.0
2020-02-17,0.0
2020-02-18,0.0
2020-02-19,0.0
2020-02-20,0.0
2020-02-21,0.0
2020-02-22,0.0
2020-02-23,0.0
2020-02-24,0.08
2020-02-25,0.18
2020-02-26,3.16
2020-02-27,0.0
2020-02-28,0.0
2020-02-29,0.0
2020-03-01,0.0
2020-03-02,0.0
2020-03-03,5.96
2020-03-04,0.0
2020-03-05,0.06
2020-03-06,0.6
2020-03-07,3.98
2020-03-08,0.0
2020-03-09,0.0
2020-03-10,0.0
2020-03-11,0.0
2020-03-12,0.0
2020-03-13,0.0
2020-03-14,0.0
2020-03-15,0.0
2020-03-16,0.0
2020-03-17,0.0
2020-03-18,0.0
2020-03-19,0.35
2020-03-20,0.0
2020-03-21,0.24
2020-03-22,0.45
2020-03-23,0.0
2020-03-24,0.0
2020-03-25,0.0
2020-03-26,0.0
2020-03-27,0.0
2020-03-28,0.0
2020-03-29,0.0
2020-03-30,0.0
2020-03-31,0.0
2020-04-01,0.0
2020-04-02,0.0
2020-04-03,0.02
2020-04-04,0.21
2020-04-05,0.24
2020-04-06,0.0
2020-04-07,0.0
2020-04-08,1.4
2020-04-09,0.01
2020-04-10,0.0
2020-04-11,0.0
2020-04-12,0.0
2020-04-13,0.0
2020-04-14,0.0
2020-04-15,1.22
2020-04-16,0.0
2020-04-17,0.05
2020-04-18,25.84
2020-04-19,0.0
2020-04-20,29.2
2020-04-21,4.55
2020-04-22,11.27
2020-04-23,14.82
2020-04-24,35.45
2020-04-25,2.6
2020-04-26,11.68
2020-04-27,0.12
2020-04-28,15.58
2020-04-29,0.09
2020-04-30,41.17
2020-05-01,1.85
2020-05-02,11.3
2020-05-03,7.36
2020-05-04,1.08
2020-05-05,0.0
2020-05-06,4.34
2020-05-07,0.68
2020-05-08,0.0
2020-05-09,0.0
2020-05-10,0.0
2020-05-11,2.5
2020-05-12,0.0
2020-05-13,6.43
2020-05-14,0.0
2020-05-15,6.9
2020-05-16,0.0
2020-05-17,0.0
2020-05-18,1.88
2020-05-19,58.1
2020-05-20,28.12
2020-05-21,6.02
2020-05-22,0.1
2020-05-23,0.0
2020-05-24,0.0
2020-05-25,3.06
2020-05-26,0.33
2020-05-27,53.82
2020-05-28,3.0
2020-05-29,33.3
2020-05-30,10.24
2020-05-31,0.0
2020-06-01,13.22
2020-06-02,17.52
2020-06-03,1.34
2020-06-04,28.46
2020-06-05,0.28
2020-06-06,35.06
2020-06-07,0.0
2020-06-08,5.9
2020-06-09,6.44
2020-06-10,24.78
2020-06-11,13.66
2020-06-12,38.3
2020-06-13,30.62
2020-06-14,0.78
2020-06-15,16.92
2020-06-16,12.17
2020-06-17,33.5
2020-06-18,47.18
2020-06-19,7.09
2020-06-20,0.58
2020-06-21,11.92
2020-06-22,7.31
2020-06-23,22.52
2020-06-24,0.79
2020-06-25,6.59
2020-06-26,3.54
2020-06-27,44.34
2020-06-28,16.24
2020-06-29,2.26
2020-06-30,11.5
2020-07-01,0.24
2020-07-02,1.76
2020-07-03,6.3
2020-07-04,12.44
2020-07-05,18.96
2020-07-06,9.98
2020-07-07,0.36
2020-07-08,38.3
2020-07-09,14.8
2020-07-10,16.28
2020-07-11,68.46
2020-07-12,72.2
2020-07-13,13.14
2020-07-14,5.4
2020-07-15,3.5
2020-07-16,0.0
2020-07-17,1.62
2020-07-18,16.46
2020-07-19,26.79
2020-07-20,26.81
2020-07-21,38.06
2020-07-22,21.66
2020-07-23,32.83
2020-07-24,6.45
2020-07-25,0.0
2020-07-26,6.88
2020-07-27,6.6
2020-07-28,27.7
2020-07-29,7.47
2020-07-30,2.01
2020-07-31,12.46
2020-08-01,14.04
2020-08-02,18.02
2020-08-03,31.5
2020-08-04,14.31
2020-08-05,7.5
2020-08-06,19.97
2020-08-07,23.59
2020-08-08,1.96
2020-08-09,1.57
2020-08-10,2.2
2020-08-11,16.84
2020-08-12,1.5
2020-08-13,0.63
2020-08-14,3.92
2020-08-15,27.49
2020-08-16,27.12
2020-08-17,34.76
2020-08-18,8.06
2020-08-19,35.06
2020-08-20,56.66
2020-08-21,47.61
2020-08-22,28.78
2020-08-23,29.3
2020-08-24,17.05
2020-08-25,7.87
2020-08-26,3.81
2020-08-27,4.82
2020-08-28,1.36
2020-08-29,0.0
2020-08-30,2.37
2020-08-31,17.97
2020-09-01,14.72
2020-09-02,1.01
2020-09-03,0.0
2020-09-04,0.0
2020-09-05,2.48
2020-09-06,0.0
2020-09-07,0.34
2020-09-08,0.96
2020-09-09,14.6
2020-09-10,9.46
2020-09-11,3.86
2020-09-12,3.0
2020-09-13,1.69
2020-09-14,5.58
2020-09-15,32.29
2020-09-16,4.45
2020-09-17,1.02
2020-09-18,0.0
2020-09-19,8.5
2020-09-20,14.16
2020-09-21,30.0
2020-09-22,26.41
2020-09-23,55.84
2020-09-24,52.19
2020-09-25,33.84
2020-09-26,20.62
2020-09-27,8.64
2020-09-28,0.55
2020-09-29,9.52
2020-09-30,13.12
2020-10-01,1.27
2020-10-02,2.45
2020-10-03,4.0
2020-10-04,8.22
2020-10-05,14.18
2020-10-06,11.38
2020-10-07,1.16
2020-10-08,0.0
2020-10-09,0.0
2020-10-10,0.02
2020-10-11,0.69
2020-10-12,1.05
2020-10-13,0.0
2020-10-14,0.0
2020-10-15,0.0
2020-10-16,0.0
2020-10-17,3.5
2020-10-18,13.14
2020-10-19,4.84
2020-10-20,2.84
2020-10-21,4.81
2020-10-22,110.74
2020-10-23,74.06
2020-10-24,2.08
2020-10-25,0.37
2020-10-26,0.0
2020-10-27,0.0
2020-10-28,0.0
2020-10-29,0.0
2020-10-30,86.49
2020-10-31,15.18
2020-11-01,17.82
2020-11-02,3.44
2020-11-03,2.86
2020-11-04,0.34
2020-11-05,0.0
2020-11-06,0.0
2020-11-07,0.0
2020-11-08,0.0
2020-11-09,0.0
2020-11-10,0.0
2020-11-11,0.0
2020-11-12,0.0
2020-11-13,0.0
2020-11-14,0.0
2020-11-15,0.0
2020-11-16,0.0
2020-11-17,0.0
2020-11-18,0.0
2020-11-19,0.0
2020-11-20,0.0
2020-11-21,8.38
2020-11-22,0.0
2020-11-23,0.0
2020-11-24,2.19
2020-11-25,1.16
2020-11-26,0.44
2020-11-27,0.0
2020-11-28,0.0
2020-11-29,0.0
2020-11-30,0.0
2020-12-01,0.0
2020-12-02,0.0
2020-12-03,0.0
2020-12-04,0.0
2020-12-05,0.0
2020-12-06,0.0
2020-12-07,0.0
2020-12-08,0.0
2020-12-09,0.0
2020-12-10,0.0
2020-12-11,0.0
2020-12-12,0.0
2020-12-13,0.0
2020-12-14,0.0
2020-12-15,0.36
2020-12-16,0.0
2020-12-17,0.0
2020-12-18,0.0
2020-12-19,0.0
2020-12-20,0.0
2020-12-21,0.0
2020-12-22,0.0
2020-12-23,0.0
2020-12-24,0.0
2020-12-25,0.0
2020-12-26,0.0
2020-12-27,0.0
2020-12-28,0.0
2020-12-29,0.0
2020-12-30,0.0
2020-12-31,0.0
2021-01-01,0.0
2021-01-02,0.0
2021-01-03,0.0
2021-01-04,0.0
2021-01-05,0.0
2021-01-06,0.0
2021-01-07,0.0
2021-01-08,0.0
2021-01-09,0.0
2021-01-10,0.0
2021-01-11,0.0
2021-01-12,0.0
2021-01-13,0.0
2021-01-14,0.0
2021-01-15,0.0
2021-01-16,0.0
2021-01-17,0.0
2021-01-18,0.0
2021-01-19,0.0
2021-01-20,0.0
2021-01-21,0.0
2021-01-22,0.0
2021-01-23,0.0
2021-01-24,0.0
2021-01-25,0.0
2021-01-26,0.0
2021-01-27,0.0
2021-01-28,0.0
2021-01-29,0.0
2021-01-30,0.0
2021-01-31,0.0
2021-02-01,0.0
2021-02-02,0.0
2021-02-03,0.0
2021-02-04,0.0
2021-02-05,0.0
2021-02-06,0.0
2021-02-07,0.0
2021-02-08,0.0
2021-02-09,0.0
2021-02-10,0.0
2021-02-11,0.0
2021-02-12,0.0
2021-02-13,0.0
2021-02-14,0.0
2021-02-15,0.0
2021-02-16,0.0
2021-02-17,0.0
2021-02-18,0.0
2021-02-19,0.02
2021-02-20,1.86
2021-02-21,0.0
2021-02-22,0.0
2021-02-23,0.0
2021-02-24,0.0
2021-02-25,0.0
2021-02-26,0.0
2021-02-27,0.0
2021-02-28,0.0
2021-03-01,0.0
2021-03-02,0.0
2021-03-03,0.0
2021-03-04,0.0
2021-03-05,0.0
2021-03-06,0.0
2021-03-07,0.0
2021-03-08,0.0
2021-03-09,0.0
2021-03-10,0.0
2021-03-11,0.0
2021-03-12,0.0
2021-03-13,0.0
2021-03-14,0.0
2021-03-15,0.0
2021-03-16,0.0
2021-03-17,0.0
2021-03-18,0.0
2021-03-19,0.0
2021-03-20,0.72
2021-03-21,0.04
2021-03-22,0.0
2021-03-23,0.0
2021-03-24,0.0
2021-03-25,0.0
2021-03-26,0.0
2021-03-27,0.0
2021-03-28,0.2
2021-03-29,0.0
2021-03-30,0.0
2021-03-31,0.0
2021-04-01,0.0
2021-04-02,0.0
2021-04-03,0.0
2021-04-04,0.0
2021-04-05,0.0
2021-04-06,0.0
2021-04-07,0.0
2021-04-08,0.0
2021-04-09,0.0
2021-04-10,0.08
2021-04-11,0.0
2021-04-12,0.0
2021-04-13,0.0
2021-04-14,0.0
2021-04-15,0.1
2021-04-16,6.25
2021-04-17,3.92
2021-04-18,0.0
2021-04-19,0.0
2021-04-20,0.0
2021-04-21,0.0
2021-04-22,0.67
2021-04-23,2.08
2021-04-24,0.0
2021-04-25,0.0
2021-04-26,0.0
2021-04-27,0.0
2021-04-28,0.0
2021-04-29,0.0
2021-04-30,0.0
2021-05-01,0.0
2021-05-02,1.29
2021-05-03,0.0
2021-05-04,10.64
2021-05-05,0.03
2021-05-06,2.94
2021-05-07,0.5
2021-05-08,2.25
2021-05-09,5.62
2021-05-10,1.88
2021-05-11,16.94
2021-05-12,0.0
2021-05-13,5.62
2021-05-14,0.04
2021-05-15,0.0
2021-05-16,0.0
2021-05-17,0.0
2021-05-18,5.23
2021-05-19,0.0
2021-05-20,0.0
2021-05-21,0.0
2021-05-22,0.0
2021-05-23,4.87
2021-05-24,27.61
2021-05-25,0.04
2021-05-26,2.15
2021-05-27,0.0
2021-05-28,0.0
2021-05-29,0.0
2021-05-30,0.0
2021-05-31,47.76
2021-06-01,53.28
2021-06-02,0.28
2021-06-03,2.2
2021-06-04,0.0
2021-06-05,16.1
2021-06-06,64.88
2021-06-07,10.38
2021-06-08,13.0
2021-06-09,5.98
2021-06-10,23.89
2021-06-11,11.8
2021-06-12,1.54
2021-06-13,8.18
2021-06-14,9.88
2021-06-15,11.85
2021-06-16,37.58
2021-06-17,16.2
2021-06-18,42.25
2021-06-19,27.21
2021-06-20,22.35
2021-06-21,28.84
2021-06-22,0.74
2021-06-23,1.41
2021-06-24,18.93
2021-06-25,18.58
2021-06-26,29.99
2021-06-27,0.38
2021-06-28,11.67
2021-06-29,31.91
2021-06-30,102.86
2021-07-01,45.32
2021-07-02,10.74
2021-07-03,13.84
2021-07-04,12.82
2021-07-05,5.46
2021-07-06,17.9
2021-07-07,26.68
2021-07-08,1.12
2021-07-09,2.5
2021-07-10,22.4
2021-07-11,45.92
2021-07-12,13.09
2021-07-13,3.76
2021-07-14,0.0
2021-07-15,3.0
2021-07-16,39.48
2021-07-17,21.84
2021-07-18,12.08
2021-07-19,18.41
2021-07-20,3.38
2021-07-21,4.92
2021-07-22,3.82
2021-07-23,79.65
2021-07-24,34.17
2021-07-25,0.3
2021-07-26,8.4
2021-07-27,20.68
2021-07-28,46.97
2021-07-29,49.03
2021-07-30,18.2
2021-07-31,26.23
2021-08-01,9.44
2021-08-02,14.12
2021-08-03,11.49
2021-08-04,0.0
2021-08-05,17.13
2021-08-06,11.5
2021-08-07,30.36
2021-08-08,11.81
2021-08-09,12.84
2021-08-10,11.87
2021-08-11,20.47
2021-08-12,29.66
2021-08-13,37.66
2021-08-14,8.54
2021-08-15,17.73
2021-08-16,35.75
2021-08-17,52.54
2021-08-18,40.01
2021-08-19,12.7
2021-08-20,16.7
2021-08-21,0.0
2021-08-22,2.04
2021-08-23,2.17
2021-08-24,16.46
2021-08-25,39.8
2021-08-26,9.14
2021-08-27,1.8
2021-08-28,2.96
2021-08-29,11.26
2021-08-30,9.61
2021-08-31,5.62
2021-09-01,9.36
2021-09-02,1.76
2021-09-03,5.35
2021-09-04,40.98
2021-09-05,25.69
2021-09-06,4.51
2021-09-07,4.58
2021-09-08,2.41
2021-09-09,5.74
2021-09-10,5.33
2021-09-11,2.84
2021-09-12,1.69
2021-09-13,5.36
2021-09-14,8.75
2021-09-15,6.56
2021-09-16,5.0
2021-09-17,19.43
2021-09-18,32.03
2021-09-19,29.3
2021-09-20,12.36
2021-09-21,3.38
2021-09-22,5.78
2021-09-23,0.0
2021-09-24,2.04
2021-09-25,2.26
2021-09-26,17.22
2021-09-27,13.67
2021-09-28,5.41
2021-09-29,13.34
2021-09-30,0.18
2021-10-01,0.48
2021-10-02,0.13
2021-10-03,6.59
2021-10-04,0.0
2021-10-05,0.13
2021-10-06,0.0
2021-10-07,0.0
2021-10-08,0.0
2021-10-09,1.99
2021-10-10,0.0
2021-10-11,0.16
2021-10-12,60.51
2021-10-13,12.97
2021-10-14,0.0
2021-10-15,68.56
2021-10-16,2.46
2021-10-17,28.4
2021-10-18,21.01
2021-10-19,36.8
2021-10-20,15.87
2021-10-21,0.06
2021-10-22,0.0
2021-10-23,0.0
2021-10-24,0.0
2021-10-25,0.0
2021-10-26,2.92
2021-10-27,0.62
2021-10-28,0.0
2021-10-29,0.0
2021-10-30,0.0
2021-10-31,0.0
2021-11-01,0.0
2021-11-02,0.0
2021-11-03,0.0
2021-11-04,0.0
2021-11-05,0.0
2021-11-06,0.0
2021-11-07,0.0
2021-11-08,0.0
2021-11-09,0.0
2021-11-10,0.0
2021-11-11,0.0
2021-11-12,0.56
2021-11-13,2.76
2021-11-14,0.24
2021-11-15,1.26
2021-11-16,0.0
2021-11-17,0.0
2021-11-18,0.0
2021-11-19,0.0
2021-11-20,0.0
2021-11-21,0.0
2021-11-22,0.0
2021-11-23,0.0
2021-11-24,0.0
2021-11-25,0.0
2021-11-26,0.0
2021-11-27,0.0
2021-11-28,0.0
2021-11-29,0.0
2021-11-30,0.0
2021-12-01,0.0
2021-12-02,0.0
2021-12-03,7.59
2021-12-04,35.87
2021-12-05,15.05
2021-12-06,29.84
2021-12-07,0.0
2021-12-08,0.83
2021-12-09,5.44
2021-12-10,0.0
2021-12-11,0.0
2021-12-12,0.0
2021-12-13,0.0
2021-12-14,0.0
2021-12-15,0.0
2021-12-16,0.0
2021-12-17,0.0
2021-12-18,0.0
2021-12-19,0.0
2021-12-20,0.0
2021-12-21,0.0
2021-12-22,0.0
2021-12-23,0.0
2021-12-24,0.0
2021-12-25,0.0
2021-12-26,0.0
2021-12-27,0.0
2021-12-28,0.0
2021-12-29,0.0
2021-12-30,0.0
2021-12-31,0.0
2022-01-01,0.0
2022-01-02,0.0
2022-01-03,0.0
2022-01-04,0.0
2022-01-05,0.02
2022-01-06,0.0
2022-01-07,0.0
2022-01-08,0.0
2022-01-09,0.0
2022-01-10,0.0
2022-01-11,0.0
2022-01-12,3.33
2022-01-13,0.08
2022-01-14,0.88
2022-01-15,2.46
2022-01-16,0.0
2022-01-17,0.0
2022-01-18,0.0
2022-01-19,0.0
2022-01-20,0.0
2022-01-21,0.0
2022-01-22,0.0
2022-01-23,1.0
2022-01-24,0.1
2022-01-25,0.0
2022-01-26,0.02
2022-01-27,0.01
2022-01-28,0.0
2022-01-29,0.0
2022-01-30,0.0
2022-01-31,0.0
2022-02-01,0.0
2022-02-02,0.0
2022-02-03,2.44
2022-02-04,13.9
2022-02-05,0.0
2022-02-06,0.0
2022-02-07,0.0
2022-02-08,0.0
2022-02-09,0.0
2022-02-10,0.02
2022-02-11,0.0
2022-02-12,0.0
2022-02-13,0.0
2022-02-14,0.0
2022-02-15,0.0
2022-02-16,0.0
2022-02-17,0.0
2022-02-18,0.0
2022-02-19,0.0
2022-02-20,1.66
2022-02-21,0.0
2022-02-22,0.0
2022-02-23,0.0
2022-02-24,0.69
2022-02-25,0.0
2022-02-26,0.0
2022-02-27,1.06
2022-02-28,0.0
2022-03-01,0.0
2022-03-02,0.0
2022-03-03,0.0
2022-03-04,0.0
2022-03-05,0.0
2022-03-06,0.0
2022-03-07,0.0
2022-03-08,0.0
2022-03-09,0.0
2022-03-10,0.0
2022-03-11,0.0
2022-03-12,0.0
2022-03-13,0.03
2022-03-14,0.88
2022-03-15,0.0
2022-03-16,0.0
2022-03-17,0.0
2022-03-18,0.0
2022-03-19,0.0
2022-03-20,0.0
2022-03-21,0.0
2022-03-22,0.0
2022-03-23,0.0
2022-03-24,0.0
2022-03-25,0.0
2022-03-26,0.0
2022-03-27,0.0
2022-03-28,0.0
2022-03-29,0.0
2022-03-30,0.0
2022-03-31,0.0
2022-04-01,0.0
2022-04-02,0.0
2022-04-03,0.0
2022-04-04,0.0
2022-04-05,0.0
2022-04-06,0.0
2022-04-07,0.0
2022-04-08,0.0
2022-04-09,0.0
2022-04-10,0.0
2022-04-11,0.0
2022-04-12,0.0
2022-04-13,0.0
2022-04-14,0.0
2022-04-15,0.0
2022-04-16,0.0
2022-04-17,0.0
2022-04-18,0.0
2022-04-19,0.0
2022-04-20,12.41
2022-04-21,0.0
2022-04-22,32.11
2022-04-23,0.27
2022-04-24,0.0
2022-04-25,0.0
2022-04-26,0.0
2022-04-27,0.0
2022-04-28,0.0
2022-04-29,2.1
2022-04-30,1.7
2022-05-01,0.0
2022-05-02,0.0
2022-05-03,25.44
2022-05-04,9.91
2022-05-05,8.56
2022-05-06,0.0
2022-05-07,0.0
2022-05-08,14.8
2022-05-09,66.08
2022-05-10,29.38
2022-05-11,22.56
2022-05-12,6.16
2022-05-13,30.51
2022-05-14,0.0
2022-05-15,0.49
2022-05-16,0.12
2022-05-17,0.1
2022-05-18,0.09
2022-05-19,8.54
2022-05-20,0.0
2022-05-21,11.26
2022-05-22,5.73
2022-05-23,0.0
2022-05-24,8.1
2022-05-25,0.08
2022-05-26,0.06
2022-05-27,5.59
2022-05-28,1.67
2022-05-29,32.46
2022-05-30,13.92
2022-05-31,3.7
2022-06-01,3.22
2022-06-02,3.78
2022-06-03,42.36
2022-06-04,0.0
2022-06-05,0.0
2022-06-06,0.16
2022-06-07,4.31
2022-06-08,1.15
2022-06-09,46.49
2022-06-10,0.72
2022-06-11,0.0
2022-06-12,0.0
2022-06-13,4.03
2022-06-14,27.32
2022-06-15,50.88
2022-06-16,4.92
2022-06-17,20.16
2022-06-18,20.48
2022-06-19,57.1
2022-06-20,13.97
2022-06-21,15.2
2022-06-22,0.65
2022-06-23,1.86
2022-06-24,2.88
2022-06-25,1.01
2022-06-26,0.75
2022-06-27,0.0
2022-06-28,2.72
2022-06-29,61.8
2022-06-30,39.86
2022-07-01,0.82
2022-07-02,1.04
2022-07-03,7.58
2022-07-04,12.11
2022-07-05,9.14
2022-07-06,3.9
2022-07-07,7.14
2022-07-08,0.51
2022-07-09,1.39
2022-07-10,2.68
2022-07-11,0.82
2022-07-12,7.32
2022-07-13,1.04
2022-07-14,16.14
2022-07-15,2.37
2022-07-16,5.58
2022-07-17,0.0
2022-07-18,1.43
2022-07-19,14.18
2022-07-20,17.89
2022-07-21,3.86
2022-07-22,4.83
2022-07-23,27.32
2022-07-24,14.68
2022-07-25,16.85
2022-07-26,27.61
2022-07-27,0.0
2022-07-28,1.48
2022-07-29,3.42
2022-07-30,4.97
2022-07-31,0.74
2022-08-01,5.58
2022-08-02,58.86
2022-08-03,6.49
2022-08-04,5.2
2022-08-05,12.22
2022-08-06,3.52
2022-08-07,9.61
2022-08-08,6.23
2022-08-09,0.76
2022-08-10,7.82
2022-08-11,1.84
2022-08-12,15.14
2022-08-13,5.79
2022-08-14,16.75
2022-08-15,15.3
2022-08-16,0.18
2022-08-17,0.0
2022-08-18,33.66
2022-08-19,10.75
2022-08-20,2.18
2022-08-21,1.98
2022-08-22,57.54
2022-08-23,4.81
2022-08-24,0.0
2022-08-25,0.46
2022-08-26,8.28
2022-08-27,9.68
2022-08-28,1.74
2022-08-29,0.0
2022-08-30,1.23
2022-08-31,2.58
2022-09-01,1.02
2022-09-02,22.48
2022-09-03,0.92
2022-09-04,4.63
2022-09-05,8.48
2022-09-06,0.89
2022-09-07,3.9
2022-09-08,18.24
2022-09-09,21.8
2022-09-10,45.79
2022-09-11,36.62
2022-09-12,58.71
2022-09-13,53.46
2022-09-14,4.86
2022-09-15,5.6
2022-09-16,4.99
2022-09-17,18.4
2022-09-18,53.89
2022-09-19,0.54
2022-09-20,0.43
2022-09-21,0.0
2022-09-22,5.71
2022-09-23,6.51
2022-09-24,4.54
2022-09-25,0.1
2022-09-26,8.58
2022-09-27,1.51
2022-09-28,1.59
2022-09-29,0.0
2022-09-30,25.34
2022-10-01,42.12
2022-10-02,43.65
2022-10-03,32.4
2022-10-04,19.06
2022-10-05,0.55
2022-10-06,0.62
2022-10-07,1.0
2022-10-08,0.27
2022-10-09,2.57
2022-10-10,0.0
2022-10-11,0.0
2022-10-12,0.43
2022-10-13,2.24
2022-10-14,0.42
2022-10-15,0.12
2022-10-16,0.0
2022-10-17,0.0
2022-10-18,0.0
2022-10-19,0.0
2022-10-20,0.0
2022-10-21,0.0
2022-10-22,0.88
2022-10-23,77.55
2022-10-24,56.3
2022-10-25,0.0
2022-10-26,0.0
2022-10-27,0.0
2022-10-28,0.0
2022-10-29,0.0
2022-10-30,0.0
2022-10-31,0.0
2022-11-01,0.0
2022-11-02,0.0
2022-11-03,0.6
2022-11-04,0.0
2022-11-05,0.0
2022-11-06,0.0
2022-11-07,0.0
2022-11-08,0.0
2022-11-09,0.0
2022-11-10,1.83
2022-11-11,0.0
2022-11-12,0.0
2022-11-13,0.0
2022-11-14,0.0
2022-11-15,0.0
2022-11-16,0.0
2022-11-17,0.0
2022-11-18,0.0
2022-11-19,0.0
2022-11-20,0.0
2022-11-21,0.0
2022-11-22,0.0
2022-11-23,0.0
2022-11-24,0.0
2022-11-25,0.0
2022-11-26,0.0
2022-11-27,0.0
2022-11-28,0.0
2022-11-29,0.0
2022-11-30,0.0
2022-12-01,0.0
2022-12-02,0.0
2022-12-03,0.0
2022-12-04,0.0
2022-12-05,0.0
2022-12-06,0.0
2022-12-07,0.18
2022-12-08,0.0
2022-12-09,0.0
2022-12-10,0.0
2022-12-11,0.0
2022-12-12,0.0
2022-12-13,0.0
2022-12-14,0.0
2022-12-15,0.0
2022-12-16,0.0
2022-12-17,0.0
2022-12-18,0.0
2022-12-19,0.0
2022-12-20,0.0
2022-12-21,0.0
2022-12-22,0.0
2022-12-23,0.0
2022-12-24,0.0
2022-12-25,0.0
2022-12-26,0.0
2022-12-27,0.0
2022-12-28,0.0
2022-12-29,0.0
2022-12-30,0.0
2022-12-31,0.0
2023-01-01,0.0
2023-01-02,0.0
2023-01-03,0.0
2023-01-04,0.0
2023-01-05,0.0
2023-01-06,0.0
2023-01-07,0.0
2023-01-08,0.0
2023-01-09,0.0
2023-01-10,0.0
2023-01-11,0.0
2023-01-12,0.0
2023-01-13,0.0
2023-01-14,0.0
2023-01-15,0.0
2023-01-16,0.0
2023-01-17,0.0
2023-01-18,0.0
2023-01-19,0.0
2023-01-20,0.0
2023-01-21,0.0
2023-01-22,0.0
2023-01-23,0.0
2023-01-24,0.0
2023-01-25,0.0
2023-01-26,0.0
2023-01-27,0.0
2023-01-28,0.0
2023-01-29,0.0
2023-01-30,0.0
2023-01-31,0.0
2023-02-01,0.28
2023-02-02,0.0
2023-02-03,0.0
2023-02-04,0.0
2023-02-05,0.0
2023-02-06,0.0
2023-02-07,0.0
2023-02-08,0.0
2023-02-09,0.0
2023-02-10,0.0
2023-02-11,0.0
2023-02-12,0.0
2023-02-13,0.0
2023-02-14,0.0
2023-02-15,0.0
2023-02-16,0.0
2023-02-17,0.0
2023-02-18,0.0
2023-02-19,0.0
2023-02-20,0.0
2023-02-21,0.0
2023-02-22,0.0
2023-02-23,0.0
2023-02-24,0.0
2023-02-25,0.0
2023-02-26,0.0
2023-02-27,0.0
2023-02-28,0.0
2023-03-01,0.0
2023-03-02,0.0
2023-03-03,0.0
2023-03-04,0.0
2023-03-05,0.0
2023-03-06,0.0
2023-03-07,0.0
2023-03-08,0.02
2023-03-09,0.4
2023-03-10,0.03
2023-03-11,0.0
2023-03-12,0.0
2023-03-13,0.0
2023-03-14,0.0
2023-03-15,0.0
2023-03-16,0.06
2023-03-17,0.01
2023-03-18,1.4
2023-03-19,7.36
2023-03-20,8.66
2023-03-21,6.36
2023-03-22,0.0
2023-03-23,0.61
2023-03-24,0.0
2023-03-25,0.0
2023-03-26,0.07
2023-03-27,0.4
2023-03-28,0.0
2023-03-29,15.38
2023-03-30,0.29
2023-03-31,5.45
2023-04-01,3.94
2023-04-02,0.0
2023-04-03,0.0
2023-04-04,0.0
2023-04-05,0.08
2023-04-06,0.0
2023-04-07,0.0
2023-04-08,0.0
2023-04-09,0.0
2023-04-10,0.01
2023-04-11,0.0
2023-04-12,0.0
2023-04-13,0.0
2023-04-14,0.0
2023-04-15,0.0
2023-04-16,0.0
2023-04-17,0.0
2023-04-18,0.0
2023-04-19,0.0
2023-04-20,0.0
2023-04-21,2.74
2023-04-22,0.0
2023-04-23,0.0
2023-04-24,0.0
2023-04-25,0.0
2023-04-26,0.0
2023-04-27,25.65
2023-04-28,0.72
2023-04-29,0.16
2023-04-30,0.25
2023-05-01,0.6
2023-05-02,0.05
2023-05-03,11.84
2023-05-04,1.02
2023-05-05,0.29
2023-05-06,0.0
2023-05-07,0.0
2023-05-08,0.0
2023-05-09,0.0
2023-05-10,0.0
2023-05-11,0.1
2023-05-12,2.54
2023-05-13,20.95
2023-05-14,20.5
2023-05-15,0.2
2023-05-16,0.0
2023-05-17,16.42
2023-05-18,12.69
2023-05-19,0.0
2023-05-20,0.0
2023-05-21,13.92
2023-05-22,0.0
2023-05-23,29.83
2023-05-24,27.45
2023-05-25,1.87
2023-05-26,0.0
2023-05-27,0.0
2023-05-28,0.0
2023-05-29,0.0
2023-05-30,0.28
2023-05-31,0.28
2023-06-01,0.0
2023-06-02,0.0
2023-06-03,0.0
2023-06-04,0.0
2023-06-05,0.12
2023-06-06,0.0
2023-06-07,10.74
2023-06-08,93.78
2023-06-09,10.92
2023-06-10,33.52
2023-06-11,14.0
2023-06-12,7.77
2023-06-13,0.73
2023-06-14,0.72
2023-06-15,25.45
2023-06-16,4.42
2023-06-17,0.78
2023-06-18,35.22
2023-06-19,26.32
2023-06-20,3.44
2023-06-21,3.03
2023-06-22,9.64
2023-06-23,1.0
2023-06-24,0.07
2023-06-25,0.92
2023-06-26,22.25
2023-06-27,66.5
2023-06-28,11.32
2023-06-29,16.46
2023-06-30,17.81
2023-07-01,0.38
2023-07-02,1.29
2023-07-03,0.64
2023-07-04,17.66
2023-07-05,15.46
2023-07-06,0.96
2023-07-07,2.68
2023-07-08,1.44
2023-07-09,2.7
2023-07-10,10.94
2023-07-11,10.88
2023-07-12,4.24
2023-07-13,23.52
2023-07-14,1.59
2023-07-15,0.0
2023-07-16,0.78
2023-07-17,7.16
2023-07-18,14.46
2023-07-19,0.0
2023-07-20,0.0
2023-07-21,3.76
2023-07-22,0.9
2023-07-23,8.7
2023-07-24,19.09
2023-07-25,1.5
2023-07-26,1.42
2023-07-27,3.26
2023-07-28,0.18
2023-07-29,0.0
2023-07-30,11.21
2023-07-31,20.8
2023-08-01,10.9
2023-08-02,15.16
2023-08-03,18.3
2023-08-04,38.38
2023-08-05,36.7
2023-08-06,159.02
2023-08-07,43.34
2023-08-08,23.5
2023-08-09,3.1
2023-08-10,26.18
2023-08-11,10.0
2023-08-12,4.54
2023-08-13,16.27
2023-08-14,7.28
2023-08-15,0.46
2023-08-16,25.37
2023-08-17,11.09
2023-08-18,0.32
2023-08-19,1.02
2023-08-20,1.22
2023-08-21,14.02
2023-08-22,9.42
2023-08-23,3.05
2023-08-24,13.08
2023-08-25,2.0
2023-08-26,30.48
2023-08-27,18.51
2023-08-28,67.84
2023-08-29,2.54
2023-08-30,11.1
2023-08-31,22.42
2023-09-01,11.18
2023-09-02,32.74
2023-09-03,5.44
2023-09-04,1.6
2023-09-05,1.96
2023-09-06,9.91
2023-09-07,25.11
2023-09-08,36.48
2023-09-09,5.18
2023-09-10,2.94
2023-09-11,22.64
2023-09-12,5.46
2023-09-13,1.64
2023-09-14,6.22
2023-09-15,0.26
2023-09-16,0.0
2023-09-17,60.3
2023-09-18,25.87
2023-09-19,4.4
2023-09-20,25.98
2023-09-21,21.91
2023-09-22,11.84
2023-09-23,4.75
2023-09-24,3.21
2023-09-25,0.0
2023-09-26,0.08
2023-09-27,7.28
2023-09-28,16.22
2023-09-29,3.68
2023-09-30,2.33
2023-10-01,3.38
2023-10-02,0.6
2023-10-03,55.64
2023-10-04,75.97
2023-10-05,14.23
2023-10-06,0.16
2023-10-07,0.8
2023-10-08,0.46
2023-10-09,0.0
2023-10-10,0.0
2023-10-11,0.0
2023-10-12,0.0
2023-10-13,0.0
2023-10-14,0.0
2023-10-15,0.0
2023-10-16,0.0
2023-10-17,0.0
2023-10-18,0.0
2023-10-19,0.0
2023-10-20,0.0
2023-10-21,0.0
2023-10-22,3.54
2023-10-23,22.2
2023-10-24,24.31
2023-10-25,0.0
2023-10-26,0.0
2023-10-27,0.0
2023-10-28,0.0
2023-10-29,0.0
2023-10-30,0.0
2023-10-31,0.36
2023-11-01,0.0
2023-11-02,0.0
2023-11-03,0.0
2023-11-04,0.0
2023-11-05,0.0
2023-11-06,0.0
2023-11-07,0.0
2023-11-08,0.0
2023-11-09,0.0
2023-11-10,0.0
2023-11-11,0.0
2023-11-12,0.0
2023-11-13,0.0
2023-11-14,0.0
2023-11-15,0.72
2023-11-16,62.82
2023-11-17,53.2
2023-11-18,0.0
2023-11-19,0.0
2023-11-20,0.6
2023-11-21,0.89
2023-11-22,0.0
2023-11-23,0.0
2023-11-24,0.0
2023-11-25,0.0
2023-11-26,0.0
2023-11-27,0.13
2023-11-28,0.0
2023-11-29,0.14
2023-11-30,0.0
2023-12-01,0.42
2023-12-02,0.26
2023-12-03,0.02
2023-12-04,1.58
2023-12-05,1.25
2023-12-06,8.82
2023-12-07,10.36
2023-12-08,0.0
2023-12-09,0.0
2023-12-10,0.0
2023-12-11,0.0
2023-12-12,0.0
2023-12-13,0.0
2023-12-14,0.0
2023-12-15,0.0
2023-12-16,0.0
2023-12-17,0.0
2023-12-18,0.0
2023-12-19,0.0
2023-12-20,0.0
2023-12-21,0.0
2023-12-22,0.0
2023-12-23,0.0
2023-12-24,0.0
2023-12-25,0.0
2023-12-26,0.0
2023-12-27,0.0
2023-12-28,0.0
2023-12-29,0.0
2023-12-30,0.0
2023-12-31,0.0
2024-01-01,0.0
2024-01-02,0.0
2024-01-03,0.0
2024-01-04,0.0
2024-01-05,0.0
2024-01-06,0.0
2024-01-07,0.0
2024-01-08,0.0
2024-01-09,0.0
2024-01-10,0.0
2024-01-11,0.0
2024-01-12,0.0
2024-01-13,0.0
2024-01-14,0.0
2024-01-15,0.0
2024-01-16,0.0
2024-01-17,0.0
2024-01-18,0.04
2024-01-19,0.0
2024-01-20,0.0
2024-01-21,0.0
2024-01-22,0.0
2024-01-23,0.0
2024-01-24,3.64
2024-01-25,0.0
2024-01-26,0.0
2024-01-27,0.19
2024-01-28,0.0
2024-01-29,0.0
2024-01-30,1.02
2024-01-31,1.11
2024-02-01,13.18
2024-02-02,0.0
2024-02-03,0.0
2024-02-04,0.0
2024-02-05,0.0
2024-02-06,0.0
2024-02-07,0.0
2024-02-08,0.07
2024-02-09,0.0
2024-02-10,0.0
2024-02-11,0.0
2024-02-12,0.22
2024-02-13,0.01
2024-02-14,7.78
2024-02-15,0.0
2024-02-16,0.0
2024-02-17,0.0
2024-02-18,0.0
2024-02-19,0.0
2024-02-20,0.0
2024-02-21,0.8
2024-02-22,1.26
2024-02-23,0.98
2024-02-24,0.0
2024-02-25,0.0
2024-02-26,0.0
2024-02-27,0.0
2024-02-28,0.0
2024-02-29,0.0
2024-03-01,0.0
2024-03-02,0.0
2024-03-03,0.0
2024-03-04,0.04
2024-03-05,0.0
2024-03-06,0.0
2024-03-07,0.0
2024-03-08,0.0
2024-03-09,0.0
2024-03-10,0.0
2024-03-11,0.0
2024-03-12,0.0
2024-03-13,0.0
2024-03-14,5.08
2024-03-15,0.0
2024-03-16,0.0
2024-03-17,0.0
2024-03-18,0.0
2024-03-19,14.2
2024-03-20,1.44
2024-03-21,19.77
2024-03-22,0.0
2024-03-23,0.0
2024-03-24,2.51
2024-03-25,0.99
2024-03-26,0.0
2024-03-27,11.6
2024-03-28,0.34
2024-03-29,5.54
2024-03-30,0.0
2024-03-31,0.52
2024-04-01,0.0
2024-04-02,0.0
2024-04-03,0.0
2024-04-04,0.0
2024-04-05,0.0
2024-04-06,0.0
2024-04-07,6.1
2024-04-08,0.05
2024-04-09,0.0
2024-04-10,0.0
2024-04-11,2.16
2024-04-12,1.24
2024-04-13,0.0
2024-04-14,0.04
2024-04-15,0.0
2024-04-16,3.34
2024-04-17,4.54
2024-04-18,0.0
2024-04-19,0.0
2024-04-20,0.0
2024-04-21,0.0
2024-04-22,0.0
2024-04-23,0.0
2024-04-24,0.0
2024-04-25,0.0
2024-04-26,0.0
2024-04-27,0.0
2024-04-28,0.0
2024-04-29,0.0
2024-04-30,0.0
2024-05-01,0.0
2024-05-02,0.0
2024-05-03,0.68
2024-05-04,0.0
2024-05-05,0.0
2024-05-06,102.65
2024-05-07,3.42
2024-05-08,11.38
2024-05-09,0.16
2024-05-10,0.0
2024-05-11,8.46
2024-05-12,6.4
2024-05-13,0.0
2024-05-14,0.08
2024-05-15,0.0
2024-05-16,0.0
2024-05-17,0.0
2024-05-18,6.73
2024-05-19,10.14
2024-05-20,26.86
2024-05-21,0.01
2024-05-22,0.7
2024-05-23,0.2
2024-05-24,0.0
2024-05-25,2.2
2024-05-26,34.57
2024-05-27,150.74
2024-05-28,9.63
2024-05-29,0.75
2024-05-30,0.0
2024-05-31,0.15
2024-06-01,0.0
2024-06-02,0.0
2024-06-03,6.02
2024-06-04,0.0
2024-06-05,0.04
2024-06-06,2.15
2024-06-07,4.12
2024-06-08,0.0
2024-06-09,18.33
2024-06-10,5.32
2024-06-11,0.0
2024-06-12,10.86
2024-06-13,125.91
2024-06-14,0.0
2024-06-15,6.71
2024-06-16,0.18
2024-06-17,0.5
2024-06-18,25.39
2024-06-19,50.53
2024-06-20,20.56
2024-06-21,19.66
2024-06-22,3.88
2024-06-23,1.72
2024-06-24,0.56
2024-06-25,3.74
2024-06-26,15.84
2024-06-27,5.98
2024-06-28,11.15
2024-06-29,40.03
2024-06-30,26.56
2024-07-01,43.56
2024-07-02,57.09
2024-07-03,6.3
2024-07-04,21.66
2024-07-05,42.99
2024-07-06,3.38
2024-07-07,17.2
2024-07-08,8.68
2024-07-09,2.38
2024-07-10,6.74
2024-07-11,21.88
2024-07-12,23.19
2024-07-13,0.0
2024-07-14,4.05
2024-07-15,4.82
2024-07-16,5.24
2024-07-17,7.18
2024-07-18,0.38
2024-07-19,3.26
2024-07-20,5.53
2024-07-21,19.86
2024-07-22,45.58
2024-07-23,13.03
2024-07-24,5.14
2024-07-25,1.16
2024-07-26,1.54
2024-07-27,3.08
2024-07-28,3.44
2024-07-29,13.48
2024-07-30,64.12
2024-07-31,41.57
2024-08-01,125.43
2024-08-02,73.26
2024-08-03,46.4
2024-08-04,26.45
2024-08-05,12.15
2024-08-06,15.0
2024-08-07,23.06
2024-08-08,21.96
2024-08-09,23.0
2024-08-10,26.72
2024-08-11,36.2
2024-08-12,18.78
2024-08-13,0.53
2024-08-14,7.41
2024-08-15,0.52
2024-08-16,78.61
2024-08-17,8.2
2024-08-18,28.43
2024-08-19,90.86
2024-08-20,41.43
2024-08-21,82.21
2024-08-22,102.49
2024-08-23,13.54
2024-08-24,30.5
2024-08-25,52.64
2024-08-26,18.2
2024-08-27,9.36
2024-08-28,9.4
2024-08-29,8.6
2024-08-30,10.5
2024-08-31,3.68
2024-09-01,5.5
2024-09-02,22.55
2024-09-03,1.35
2024-09-04,1.31
2024-09-05,20.45
2024-09-06,31.82
2024-09-07,2.9
2024-09-08,1.07
2024-09-09,1.54
2024-09-10,0.93
2024-09-11,39.62
2024-09-12,29.99
2024-09-13,10.6
2024-09-14,67.76
2024-09-15,17.79
2024-09-16,2.8
2024-09-17,1.34
2024-09-18,9.07
2024-09-19,0.42
2024-09-20,77.6
2024-09-21,17.1
2024-09-22,1.7
2024-09-23,7.13
2024-09-24,12.16
2024-09-25,50.01
2024-09-26,13.34
2024-09-27,2.6
2024-09-28,0.82
2024-09-29,0.07
2024-09-30,8.48
2024-10-01,4.51
2024-10-02,55.62
2024-10-03,16.84
2024-10-04,6.62
2024-10-05,38.34
2024-10-06,1.44
2024-10-07,0.13
2024-10-08,10.72
2024-10-09,1.47
2024-10-10,0.74
2024-10-11,0.6
2024-10-12,3.86
2024-10-13,1.85
2024-10-14,0.91
2024-10-15,0.44
2024-10-16,1.36
2024-10-17,3.34
2024-10-18,5.16
2024-10-19,27.18
2024-10-20,0.43
2024-10-21,0.0
2024-10-22,6.94
2024-10-23,45.3
2024-10-24,17.56
2024-10-25,1.16
2024-10-26,0.44
2024-10-27,0.0
2024-10-28,0.0
2024-10-29,0.0
2024-10-30,0.0
2024-10-31,0.0
2024-11-01,0.0
2024-11-02,0.0
2024-11-03,0.0
2024-11-04,0.0
2024-11-05,3.51
2024-11-06,5.62
2024-11-07,0.0
2024-11-08,0.0
2024-11-09,0.0
2024-11-10,0.0
2024-11-11,0.0
2024-11-12,0.0
2024-11-13,0.0
2024-11-14,0.0
2024-11-15,0.0
2024-11-16,0.0
2024-11-17,0.0
2024-11-18,0.0
2024-11-19,0.0
2024-11-20,0.0
2024-11-21,0.0
2024-11-22,0.0
2024-11-23,0.0
2024-11-24,0.0
2024-11-25,0.0
2024-11-26,0.0
2024-11-27,0.0
2024-11-28,0.04
2024-11-29,0.0
2024-11-30,0.68
2024-12-01,0.0
2024-12-02,0.0
2024-12-03,0.0
2024-12-04,0.0
2024-12-05,0.0
2024-12-06,0.0
2024-12-07,0.0
2024-12-08,0.0
2024-12-09,0.0
2024-12-10,0.0
2024-12-11,0.0
2024-12-12,0.0
2024-12-13,0.0
2024-12-14,0.0
2024-12-15,0.0
2024-12-16,0.0
2024-12-17,0.02
2024-12-18,0.0
2024-12-19,0.08
2024-12-20,0.88
2024-12-21,0.75
2024-12-22,0.0
2024-12-23,0.0
2024-12-24,0.0
2024-12-25,0.02
2024-12-26,0.0
2024-12-27,0.0
2024-12-28,0.0
2024-12-29,0.0
2024-12-30,0.0
2024-12-31,0.0
2025-01-01,0.0
2025-01-02,0.0
2025-01-03,0.0
2025-01-04,0.0
2025-01-05,0.0
2025-01-06,0.0
2025-01-07,0.0
2025-01-08,0.0
2025-01-09,0.0
2025-01-10,0.0
2025-01-11,0.0
2025-01-12,0.0
2025-01-13,0.0
2025-01-14,0.0
2025-01-15,0.0
2025-01-16,0.0
2025-01-17,0.0
2025-01-18,0.0
2025-01-19,0.0
2025-01-20,0.0
2025-01-21,0.0
2025-01-22,0.0
2025-01-23,0.0
2025-01-24,0.0
2025-01-25,0.0
2025-01-26,0.0
2025-01-27,0.0
2025-01-28,0.0
2025-01-29,0.0
2025-01-30,0.0
2025-01-31,0.0
2025-02-01,0.0
2025-02-02,0.0
2025-02-03,0.0
2025-02-04,0.0
2025-02-05,0.0
2025-02-06,0.0
2025-02-07,0.0
2025-02-08,0.0
2025-02-09,0.0
2025-02-10,0.0
2025-02-11,0.0
2025-02-12,0.0
2025-02-13,0.0
2025-02-14,0.0
2025-02-15,0.0
2025-02-16,0.0
2025-02-17,0.0
2025-02-18,0.0
2025-02-19,0.01
2025-02-20,0.0
2025-02-21,0.0
2025-02-22,0.0
2025-02-23,0.06
2025-02-24,0.0
2025-02-25,0.0
2025-02-26,0.0
2025-02-27,0.0
2025-02-28,0.0
2025-03-01,0.0
2025-03-02,0.0
2025-03-03,0.0
2025-03-04,0.0
2025-03-05,0.0
2025-03-06,0.0
2025-03-07,0.0
2025-03-08,0.0
2025-03-09,0.0
2025-03-10,0.0
2025-03-11,0.0
2025-03-12,0.0
2025-03-13,0.0
2025-03-14,0.0
2025-03-15,0.0
2025-03-16,0.0
2025-03-17,0.0
2025-03-18,0.0
2025-03-19,0.0
2025-03-20,0.33
2025-03-21,0.42
2025-03-22,0.6
2025-03-23,0.0
2025-03-24,0.0
2025-03-25,0.0
2025-03-26,0.0
2025-03-27,0.0
2025-03-28,0.0
2025-03-29,0.0
2025-03-30,0.0
2025-03-31,0.0
2025-04-01,0.0
2025-04-02,0.0
2025-04-03,0.02
2025-04-04,1.76
2025-04-05,0.0
2025-04-06,0.0
2025-04-07,0.0
2025-04-08,0.1
2025-04-09,0.0
2025-04-10,0.0
2025-04-11,0.0
2025-04-12,0.0
2025-04-13,0.0
2025-04-14,4.13
2025-04-15,1.1
2025-04-16,6.36
2025-04-17,19.24
2025-04-18,7.97
2025-04-19,9.96
2025-04-20,7.76
2025-04-21,2.77
2025-04-22,0.0
2025-04-23,0.0
2025-04-24,0.0
2025-04-25,0.0
2025-04-26,0.0
2025-04-27,22.34
2025-04-28,27.61
2025-04-29,0.04
2025-04-30,4.7
2025-05-01,38.58
2025-05-02,0.0
2025-05-03,0.8
2025-05-04,0.96
2025-05-05,0.0
2025-05-06,0.14
2025-05-07,0.0
2025-05-08,2.61
2025-05-09,0.34
2025-05-10,0.0
2025-05-11,0.0
2025-05-12,0.99
2025-05-13,0.08
2025-05-14,5.22
2025-05-15,1.01
2025-05-16,0.58
2025-05-17,36.84
2025-05-18,3.19
2025-05-19,9.86
2025-05-20,32.8
2025-05-21,9.32
2025-05-22,2.36
2025-05-23,10.23
2025-05-24,6.14
2025-05-25,4.15
2025-05-26,9.91
2025-05-27,17.11
2025-05-28,22.0
2025-05-29,175.66
2025-05-30,23.71
2025-05-31,13.4
2025-06-01,22.61
2025-06-02,12.37
2025-06-03,5.37
2025-06-04,27.7
2025-06-05,0.0
2025-06-06,1.01
2025-06-07,2.0
2025-06-08,0.2
2025-06-09,0.05
2025-06-10,15.68
2025-06-11,5.17
2025-06-12,0.19
2025-06-13,8.2
2025-06-14,35.96
2025-06-15,30.51
2025-06-16,23.22
2025-06-17,45.6
2025-06-18,60.92
2025-06-19,29.22
2025-06-20,24.81
2025-06-21,30.56
2025-06-22,0.62
2025-06-23,7.91
2025-06-24,7.58
2025-06-25,7.99
2025-06-26,13.06
2025-06-27,28.31
2025-06-28,3.55
2025-06-29,8.28
2025-06-30,1.56
2025-07-01,7.89
2025-07-02,6.72
2025-07-03,9.24
2025-07-04,10.3
2025-07-05,17.96
2025-07-06,15.55
2025-07-07,74.46
2025-07-08,108.52
2025-07-09,59.31
2025-07-10,53.46
2025-07-11,1.24
2025-07-12,20.32
2025-07-13,26.97
2025-07-14,27.64
2025-07-15,4.4
2025-07-16,0.24
2025-07-17,14.74
2025-07-18,4.64
2025-07-19,5.24
2025-07-20,9.01
2025-07-21,10.88
2025-07-22,8.59
2025-07-23,56.69
2025-07-24,39.87
2025-07-25,4.19
2025-07-26,29.35
2025-07-27,6.0
2025-07-28,42.06
2025-07-29,6.33
2025-07-30,11.82
2025-07-31,16.16
2025-08-01,15.82
2025-08-02,13.77
2025-08-03,14.84
2025-08-04,6.49
2025-08-05,15.73
2025-08-06,13.18
2025-08-07,24.11
2025-08-08,21.33
2025-08-09,0.4
2025-08-10,5.18
2025-08-11,0.3
2025-08-12,22.88
2025-08-13,11.89
2025-08-14,4.93
2025-08-15,29.38
2025-08-16,22.52
2025-08-17,22.22
2025-08-18,10.42
2025-08-19,2.93
2025-08-20,32.94
2025-08-21,20.9
2025-08-22,6.34
2025-08-23,39.55
2025-08-24,14.28
2025-08-25,2.03
2025-08-26,13.64
2025-08-27,6.88
2025-08-28,16.77
2025-08-29,9.1
2025-08-30,10.62
2025-08-31,0.04
2025-09-01,10.65
2025-09-02,2.44
2025-09-03,5.66
2025-09-04,6.5
2025-09-05,0.95
2025-09-06,8.09
2025-09-07,10.18
2025-09-08,20.68
2025-09-09,6.08
2025-09-10,2.92
2025-09-11,12.62
2025-09-12,9.62
2025-09-13,22.22
2025-09-14,12.66
2025-09-15,12.17
2025-09-16,13.02
2025-09-17,1.82
2025-09-18,0.0
2025-09-19,24.37
2025-09-20,0.03
2025-09-21,51.72
2025-09-22,19.13
2025-09-23,0.62
2025-09-24,5.1
2025-09-25,1.92
2025-09-26,0.45
2025-09-27,1.76
2025-09-28,8.48
2025-09-29,0.0
2025-09-30,26.09
