date,rainfall_mm
2001-01-01,0.0
2001-01-02,0.0
2001-01-03,0.0
2001-01-04,0.0
2001-01-05,0.0
2001-01-06,0.0
2001-01-07,0.0
2001-01-08,0.0
2001-01-09,0.0
2001-01-10,0.0
2001-01-11,0.0
2001-01-12,0.0
2001-01-13,0.0
2001-01-14,0.0
2001-01-15,0.0
2001-01-16,0.0
2001-01-17,0.0
2001-01-18,0.0
2001-01-19,0.0
2001-01-20,0.0
2001-01-21,0.0
2001-01-22,0.0
2001-01-23,0.0
2001-01-24,0.0
2001-01-25,0.0
2001-01-26,0.0
2001-01-27,0.0
2001-01-28,0.0
2001-01-29,0.0
2001-01-30,0.0
2001-01-31,0.0
2001-02-01,0.0
2001-02-02,0.0
2001-02-03,0.0
2001-02-04,0.0
2001-02-05,0.0
2001-02-06,0.0
2001-02-07,0.0
2001-02-08,0.0
2001-02-09,0.0
2001-02-10,0.0
2001-02-11,0.0
2001-02-12,0.0
2001-02-13,0.0
2001-02-14,0.0
2001-02-15,0.0
2001-02-16,0.0
2001-02-17,0.0
2001-02-18,0.0
2001-02-19,0.0
2001-02-20,0.0
2001-02-21,14.62
2001-02-22,3.05
2001-02-23,0.0
2001-02-24,0.0
2001-02-25,0.0
2001-02-26,6.79
2001-02-27,0.0
2001-02-28,0.1
2001-03-01,0.0
2001-03-02,0.0
2001-03-03,0.0
2001-03-04,0.0
2001-03-05,3.52
2001-03-06,0.0
2001-03-07,0.0
2001-03-08,0.0
2001-03-09,0.0
2001-03-10,0.0
2001-03-11,0.0
2001-03-12,0.0
2001-03-13,0.0
2001-03-14,0.0
2001-03-15,0.0
2001-03-16,0.0
2001-03-17,0.0
2001-03-18,0.0
2001-03-19,0.0
2001-03-20,0.0
2001-03-21,0.0
2001-03-22,1.12
2001-03-23,6.52
2001-03-24,0.0
2001-03-25,0.0
2001-03-26,0.0
2001-03-27,0.0
2001-03-28,0.0
2001-03-29,0.0
2001-03-30,0.28
2001-03-31,0.1
2001-04-01,7.0
2001-04-02,0.22
2001-04-03,0.0
2001-04-04,0.0
2001-04-05,0.0
2001-04-06,2.22
2001-04-07,0.0
2001-04-08,0.67
2001-04-09,0.74
2001-04-10,0.49
2001-04-11,0.2
2001-04-12,0.02
2001-04-13,8.56
2001-04-14,0.0
2001-04-15,0.12
2001-04-16,0.0
2001-04-17,0.52
2001-04-18,0.06
2001-04-19,0.12
2001-04-20,0.0
2001-04-21,0.0
2001-04-22,0.0
2001-04-23,0.0
2001-04-24,0.0
2001-04-25,0.0
2001-04-26,0.0
2001-04-27,1.92
2001-04-28,0.0
2001-04-29,0.32
2001-04-30,37.24
2001-05-01,0.56
2001-05-02,2.24
2001-05-03,25.08
2001-05-04,21.62
2001-05-05,8.69
2001-05-06,5.45
2001-05-07,59.33
2001-05-08,68.98
2001-05-09,4.42
2001-05-10,49.34
2001-05-11,99.44
2001-05-12,0.7
2001-05-13,0.0
2001-05-14,0.54
2001-05-15,0.28
2001-05-16,5.81
2001-05-17,0.5
2001-05-18,0.16
2001-05-19,7.18
2001-05-20,6.9
2001-05-21,0.0
2001-05-22,6.26
2001-05-23,1.62
2001-05-24,6.15
2001-05-25,0.0
2001-05-26,10.28
2001-05-27,0.66
2001-05-28,1.08
2001-05-29,12.4
2001-05-30,6.3
2001-05-31,7.68
2001-06-01,9.96
2001-06-02,6.12
2001-06-03,25.34
2001-06-04,25.16
2001-06-05,52.86
2001-06-06,71.44
2001-06-07,44.68
2001-06-08,27.59
2001-06-09,22.79
2001-06-10,3.88
2001-06-11,18.26
2001-06-12,6.84
2001-06-13,36.1
2001-06-14,172.68
2001-06-15,51.02
2001-06-16,57.34
2001-06-17,55.78
2001-06-18,3.86
2001-06-19,42.16
2001-06-20,14.1
2001-06-21,1.77
2001-06-22,9.52
2001-06-23,6.26
2001-06-24,9.81
2001-06-25,5.05
2001-06-26,5.16
2001-06-27,0.28
2001-06-28,7.74
2001-06-29,2.57
2001-06-30,18.42
2001-07-01,24.56
2001-07-02,3.9
2001-07-03,4.09
2001-07-04,22.04
2001-07-05,3.0
2001-07-06,3.92
2001-07-07,9.75
2001-07-08,0.7
2001-07-09,10.6
2001-07-10,2.82
2001-07-11,7.2
2001-07-12,1.95
2001-07-13,5.5
2001-07-14,5.88
2001-07-15,9.26
2001-07-16,3.36
2001-07-17,15.18
2001-07-18,5.54
2001-07-19,7.09
2001-07-20,26.09
2001-07-21,16.95
2001-07-22,2.92
2001-07-23,3.3
2001-07-24,11.52
2001-07-25,8.4
2001-07-26,6.02
2001-07-27,7.14
2001-07-28,23.82
2001-07-29,39.48
2001-07-30,42.83
2001-07-31,70.5
2001-08-01,12.16
2001-08-02,6.74
2001-08-03,1.48
2001-08-04,28.32
2001-08-05,56.78
2001-08-06,8.54
2001-08-07,32.88
2001-08-08,27.48
2001-08-09,0.44
2001-08-10,0.82
2001-08-11,1.38
2001-08-12,15.51
2001-08-13,1.98
2001-08-14,0.77
2001-08-15,0.49
2001-08-16,7.22
2001-08-17,11.56
2001-08-18,9.4
2001-08-19,11.44
2001-08-20,4.11
2001-08-21,0.6
2001-08-22,0.28
2001-08-23,0.16
2001-08-24,1.9
2001-08-25,5.66
2001-08-26,45.14
2001-08-27,14.44
2001-08-28,15.49
2001-08-29,36.53
2001-08-30,1.92
2001-08-31,2.76
2001-09-01,7.58
2001-09-02,5.94
2001-09-03,6.11
2001-09-04,0.44
2001-09-05,2.04
2001-09-06,3.92
2001-09-07,23.94
2001-09-08,1.28
2001-09-09,5.92
2001-09-10,4.36
2001-09-11,10.74
2001-09-12,0.78
2001-09-13,1.94
2001-09-14,3.17
2001-09-15,0.1
2001-09-16,13.77
2001-09-17,15.04
2001-09-18,21.38
2001-09-19,22.71
2001-09-20,0.0
2001-09-21,0.28
2001-09-22,5.05
2001-09-23,26.38
2001-09-24,18.9
2001-09-25,4.53
2001-09-26,0.4
2001-09-27,0.08
2001-09-28,1.21
2001-09-29,0.0
2001-09-30,10.02
2001-10-01,6.56
2001-10-02,10.1
2001-10-03,19.97
2001-10-04,0.68
2001-10-05,0.1
2001-10-06,2.87
2001-10-07,0.0
2001-10-08,0.0
2001-10-09,73.44
2001-10-10,7.48
2001-10-11,0.04
2001-10-12,6.63
2001-10-13,9.44
2001-10-14,20.68
2001-10-15,0.0
2001-10-16,0.0
2001-10-17,15.27
2001-10-18,10.9
2001-10-19,0.0
2001-10-20,0.0
2001-10-21,0.0
2001-10-22,0.0
2001-10-23,0.0
2001-10-24,0.0
2001-10-25,0.0
2001-10-26,5.45
2001-10-27,23.32
2001-10-28,3.04
2001-10-29,1.22
2001-10-30,23.92
2001-10-31,2.76
2001-11-01,0.0
2001-11-02,0.0
2001-11-03,0.0
2001-11-04,0.0
2001-11-05,0.0
2001-11-06,2.28
2001-11-07,3.32
2001-11-08,1.09
2001-11-09,1.22
2001-11-10,14.52
2001-11-11,25.76
2001-11-12,18.64
2001-11-13,0.0
2001-11-14,0.0
2001-11-15,0.0
2001-11-16,0.0
2001-11-17,0.0
2001-11-18,0.0
2001-11-19,0.0
2001-11-20,0.0
2001-11-21,0.0
2001-11-22,0.0
2001-11-23,0.0
2001-11-24,0.0
2001-11-25,0.0
2001-11-26,0.0
2001-11-27,0.0
2001-11-28,0.0
2001-11-29,0.0
2001-11-30,0.0
2001-12-01,0.0
2001-12-02,0.0
2001-12-03,0.0
2001-12-04,0.0
2001-12-05,0.0
2001-12-06,0.0
2001-12-07,0.0
2001-12-08,0.0
2001-12-09,0.0
2001-12-10,0.0
2001-12-11,0.0
2001-12-12,0.0
2001-12-13,0.0
2001-12-14,0.0
2001-12-15,0.0
2001-12-16,0.0
2001-12-17,0.0
2001-12-18,0.0
2001-12-19,0.0
2001-12-20,0.0
2001-12-21,0.0
2001-12-22,0.0
2001-12-23,0.0
2001-12-24,0.0
2001-12-25,0.0
2001-12-26,0.0
2001-12-27,0.0
2001-12-28,0.0
2001-12-29,0.0
2001-12-30,0.0
2001-12-31,0.0
2002-01-01,0.0
2002-01-02,0.0
2002-01-03,0.0
2002-01-04,0.0
2002-01-05,0.0
2002-01-06,0.04
2002-01-07,1.1
2002-01-08,0.44
2002-01-09,0.0
2002-01-10,0.0
2002-01-11,0.0
2002-01-12,0.0
2002-01-13,0.0
2002-01-14,0.0
2002-01-15,0.0
2002-01-16,0.0
2002-01-17,0.0
2002-01-18,0.0
2002-01-19,0.0
2002-01-20,0.0
2002-01-21,0.0
2002-01-22,1.06
2002-01-23,5.15
2002-01-24,0.0
2002-01-25,0.0
2002-01-26,0.0
2002-01-27,0.0
2002-01-28,0.94
2002-01-29,3.3
2002-01-30,0.9
2002-01-31,0.0
2002-02-01,0.0
2002-02-02,0.0
2002-02-03,0.0
2002-02-04,0.0
2002-02-05,0.0
2002-02-06,0.0
2002-02-07,0.0
2002-02-08,0.0
2002-02-09,0.0
2002-02-10,0.0
2002-02-11,0.0
2002-02-12,0.48
2002-02-13,1.0
2002-02-14,0.0
2002-02-15,0.0
2002-02-16,0.0
2002-02-17,0.0
2002-02-18,0.0
2002-02-19,0.0
2002-02-20,0.0
2002-02-21,0.0
2002-02-22,0.0
2002-02-23,0.0
2002-02-24,0.0
2002-02-25,0.0
2002-02-26,0.0
2002-02-27,0.0
2002-02-28,0.0
2002-03-01,0.0
2002-03-02,0.0
2002-03-03,0.0
2002-03-04,0.0
2002-03-05,0.0
2002-03-06,0.0
2002-03-07,0.0
2002-03-08,0.0
2002-03-09,0.0
2002-03-10,0.0
2002-03-11,0.39
2002-03-12,0.0
2002-03-13,0.0
2002-03-14,0.0
2002-03-15,2.81
2002-03-16,0.0
2002-03-17,0.0
2002-03-18,0.0
2002-03-19,0.0
2002-03-20,0.0
2002-03-21,0.0
2002-03-22,0.0
2002-03-23,0.74
2002-03-24,21.72
2002-03-25,0.0
2002-03-26,0.56
2002-03-27,37.48
2002-03-28,0.16
2002-03-29,22.1
2002-03-30,0.0
2002-03-31,0.0
2002-04-01,0.0
2002-04-02,2.34
2002-04-03,13.66
2002-04-04,0.0
2002-04-05,0.0
2002-04-06,0.0
2002-04-07,0.0
2002-04-08,40.51
2002-04-09,1.23
2002-04-10,0.0
2002-04-11,11.15
2002-04-12,0.72
2002-04-13,0.0
2002-04-14,0.0
2002-04-15,3.02
2002-04-16,0.0
2002-04-17,0.0
2002-04-18,0.0
2002-04-19,0.0
2002-04-20,2.7
2002-04-21,8.2
2002-04-22,37.2
2002-04-23,0.0
2002-04-24,0.0
2002-04-25,0.0
2002-04-26,2.18
2002-04-27,0.08
2002-04-28,0.0
2002-04-29,1.21
2002-04-30,0.51
2002-05-01,37.52
2002-05-02,4.88
2002-05-03,3.88
2002-05-04,15.85
2002-05-05,1.74
2002-05-06,16.77
2002-05-07,0.35
2002-05-08,25.52
2002-05-09,0.08
2002-05-10,13.22
2002-05-11,29.9
2002-05-12,0.86
2002-05-13,1.63
2002-05-14,0.81
2002-05-15,0.1
2002-05-16,0.22
2002-05-17,10.44
2002-05-18,0.0
2002-05-19,0.0
2002-05-20,0.0
2002-05-21,2.44
2002-05-22,54.69
2002-05-23,55.69
2002-05-24,17.36
2002-05-25,26.23
2002-05-26,37.78
2002-05-27,36.82
2002-05-28,1.3
2002-05-29,7.34
2002-05-30,1.03
2002-05-31,1.04
2002-06-01,17.99
2002-06-02,3.31
2002-06-03,8.47
2002-06-04,19.48
2002-06-05,0.08
2002-06-06,4.26
2002-06-07,41.52
2002-06-08,62.77
2002-06-09,26.0
2002-06-10,5.16
2002-06-11,28.03
2002-06-12,54.76
2002-06-13,81.39
2002-06-14,11.41
2002-06-15,10.15
2002-06-16,3.37
2002-06-17,0.64
2002-06-18,1.51
2002-06-19,0.48
2002-06-20,1.15
2002-06-21,24.54
2002-06-22,6.8
2002-06-23,40.16
2002-06-24,3.6
2002-06-25,16.3
2002-06-26,7.4
2002-06-27,4.66
2002-06-28,25.77
2002-06-29,2.12
2002-06-30,40.26
2002-07-01,44.02
2002-07-02,19.9
2002-07-03,33.27
2002-07-04,33.34
2002-07-05,63.32
2002-07-06,33.43
2002-07-07,7.29
2002-07-08,35.29
2002-07-09,23.86
2002-07-10,40.98
2002-07-11,19.68
2002-07-12,5.5
2002-07-13,5.62
2002-07-14,3.46
2002-07-15,37.74
2002-07-16,34.1
2002-07-17,0.86
2002-07-18,3.76
2002-07-19,32.62
2002-07-20,16.74
2002-07-21,59.47
2002-07-22,25.08
2002-07-23,19.32
2002-07-24,1.92
2002-07-25,4.24
2002-07-26,1.04
2002-07-27,8.73
2002-07-28,6.89
2002-07-29,34.21
2002-07-30,19.26
2002-07-31,5.5
2002-08-01,4.88
2002-08-02,11.46
2002-08-03,11.96
2002-08-04,1.66
2002-08-05,3.38
2002-08-06,13.09
2002-08-07,17.79
2002-08-08,7.54
2002-08-09,1.8
2002-08-10,11.48
2002-08-11,6.7
2002-08-12,15.6
2002-08-13,9.75
2002-08-14,29.79
2002-08-15,9.77
2002-08-16,10.2
2002-08-17,20.0
2002-08-18,5.07
2002-08-19,13.97
2002-08-20,12.0
2002-08-21,23.72
2002-08-22,19.26
2002-08-23,3.31
2002-08-24,10.96
2002-08-25,2.02
2002-08-26,27.3
2002-08-27,88.31
2002-08-28,7.96
2002-08-29,1.42
2002-08-30,0.57
2002-08-31,0.38
2002-09-01,0.13
2002-09-02,0.05
2002-09-03,0.06
2002-09-04,3.62
2002-09-05,22.0
2002-09-06,4.53
2002-09-07,32.46
2002-09-08,23.92
2002-09-09,5.21
2002-09-10,2.04
2002-09-11,1.87
2002-09-12,4.62
2002-09-13,0.27
2002-09-14,0.5
2002-09-15,0.0
2002-09-16,2.74
2002-09-17,0.18
2002-09-18,0.0
2002-09-19,30.03
2002-09-20,78.28
2002-09-21,11.01
2002-09-22,2.82
2002-09-23,16.76
2002-09-24,13.08
2002-09-25,0.0
2002-09-26,19.82
2002-09-27,18.74
2002-09-28,11.62
2002-09-29,6.91
2002-09-30,0.0
2002-10-01,0.0
2002-10-02,0.0
2002-10-03,0.0
2002-10-04,0.0
2002-10-05,0.0
2002-10-06,0.0
2002-10-07,13.87
2002-10-08,2.83
2002-10-09,2.06
2002-10-10,1.1
2002-10-11,0.0
2002-10-12,0.08
2002-10-13,14.56
2002-10-14,51.3
2002-10-15,3.57
2002-10-16,0.0
2002-10-17,0.0
2002-10-18,3.28
2002-10-19,11.2
2002-10-20,1.23
2002-10-21,0.0
2002-10-22,0.0
2002-10-23,0.0
2002-10-24,1.84
2002-10-25,0.0
2002-10-26,0.0
2002-10-27,0.0
2002-10-28,0.0
2002-10-29,0.0
2002-10-30,0.0
2002-10-31,0.0
2002-11-01,0.0
2002-11-02,0.3
2002-11-03,0.0
2002-11-04,0.0
2002-11-05,0.0
2002-11-06,0.84
2002-11-07,8.0
2002-11-08,1.3
2002-11-09,2.9
2002-11-10,0.14
2002-11-11,10.62
2002-11-12,86.92
2002-11-13,0.0
2002-11-14,0.0
2002-11-15,0.0
2002-11-16,0.0
2002-11-17,0.0
2002-11-18,0.0
2002-11-19,0.0
2002-11-20,0.0
2002-11-21,0.0
2002-11-22,0.0
2002-11-23,0.0
2002-11-24,0.0
2002-11-25,0.0
2002-11-26,0.0
2002-11-27,0.0
2002-11-28,0.0
2002-11-29,0.0
2002-11-30,0.0
2002-12-01,0.0
2002-12-02,0.0
2002-12-03,0.0
2002-12-04,0.0
2002-12-05,0.0
2002-12-06,0.0
2002-12-07,0.0
2002-12-08,0.0
2002-12-09,0.0
2002-12-10,0.0
2002-12-11,0.0
2002-12-12,0.0
2002-12-13,0.0
2002-12-14,0.0
2002-12-15,0.0
2002-12-16,0.0
2002-12-17,0.0
2002-12-18,0.0
2002-12-19,0.0
2002-12-20,0.0
2002-12-21,0.0
2002-12-22,0.0
2002-12-23,0.0
2002-12-24,0.0
2002-12-25,0.0
2002-12-26,0.0
2002-12-27,0.0
2002-12-28,0.0
2002-12-29,0.0
2002-12-30,0.0
2002-12-31,0.0
2003-01-01,0.0
2003-01-02,0.0
2003-01-03,0.0
2003-01-04,0.0
2003-01-05,0.0
2003-01-06,0.0
2003-01-07,0.0
2003-01-08,0.0
2003-01-09,0.0
2003-01-10,0.0
2003-01-11,0.0
2003-01-12,0.0
2003-01-13,0.0
2003-01-14,0.0
2003-01-15,0.0
2003-01-16,0.0
2003-01-17,0.0
2003-01-18,0.0
2003-01-19,0.0
2003-01-20,0.0
2003-01-21,0.0
2003-01-22,0.0
2003-01-23,0.0
2003-01-24,0.0
2003-01-25,0.0
2003-01-26,0.0
2003-01-27,0.0
2003-01-28,0.0
2003-01-29,0.0
2003-01-30,0.06
2003-01-31,0.0
2003-02-01,0.0
2003-02-02,0.09
2003-02-03,0.0
2003-02-04,5.96
2003-02-05,0.4
2003-02-06,0.0
2003-02-07,0.0
2003-02-08,0.0
2003-02-09,0.19
2003-02-10,0.0
2003-02-11,0.0
2003-02-12,0.0
2003-02-13,5.04
2003-02-14,0.0
2003-02-15,0.0
2003-02-16,0.0
2003-02-17,0.0
2003-02-18,0.0
2003-02-19,0.07
2003-02-20,0.0
2003-02-21,0.0
2003-02-22,0.0
2003-02-23,0.0
2003-02-24,0.0
2003-02-25,0.0
2003-02-26,0.0
2003-02-27,0.0
2003-02-28,0.0
2003-03-01,0.0
2003-03-02,0.0
2003-03-03,0.0
2003-03-04,0.0
2003-03-05,0.0
2003-03-06,0.0
2003-03-07,0.0
2003-03-08,0.0
2003-03-09,0.0
2003-03-10,0.0
2003-03-11,0.6
2003-03-12,13.84
2003-03-13,3.48
2003-03-14,10.13
2003-03-15,0.0
2003-03-16,66.54
2003-03-17,10.46
2003-03-18,0.42
2003-03-19,1.5
2003-03-20,0.0
2003-03-21,0.0
2003-03-22,0.0
2003-03-23,0.0
2003-03-24,0.0
2003-03-25,0.0
2003-03-26,0.0
2003-03-27,0.1
2003-03-28,0.0
2003-03-29,0.0
2003-03-30,4.56
2003-03-31,3.6
2003-04-01,0.92
2003-04-02,0.0
2003-04-03,0.0
2003-04-04,14.97
2003-04-05,0.05
2003-04-06,0.0
2003-04-07,0.0
2003-04-08,0.0
2003-04-09,0.0
2003-04-10,4.78
2003-04-11,0.0
2003-04-12,0.0
2003-04-13,0.0
2003-04-14,8.16
2003-04-15,0.0
2003-04-16,0.16
2003-04-17,0.0
2003-04-18,0.0
2003-04-19,0.18
2003-04-20,30.62
2003-04-21,26.38
2003-04-22,0.0
2003-04-23,0.0
2003-04-24,0.0
2003-04-25,0.0
2003-04-26,0.0
2003-04-27,0.0
2003-04-28,1.31
2003-04-29,0.95
2003-04-30,14.62
2003-05-01,3.04
2003-05-02,11.18
2003-05-03,31.36
2003-05-04,2.68
2003-05-05,0.04
2003-05-06,0.0
2003-05-07,0.0
2003-05-08,2.0
2003-05-09,2.82
2003-05-10,0.0
2003-05-11,0.0
2003-05-12,0.0
2003-05-13,6.52
2003-05-14,5.04
2003-05-15,12.66
2003-05-16,0.0
2003-05-17,0.0
2003-05-18,0.0
2003-05-19,9.68
2003-05-20,16.08
2003-05-21,2.56
2003-05-22,2.45
2003-05-23,38.64
2003-05-24,9.45
2003-05-25,0.1
2003-05-26,0.0
2003-05-27,0.0
2003-05-28,2.83
2003-05-29,0.0
2003-05-30,0.0
2003-05-31,0.0
2003-06-01,0.0
2003-06-02,0.06
2003-06-03,47.9
2003-06-04,4.48
2003-06-05,167.18
2003-06-06,1.75
2003-06-07,98.34
2003-06-08,1.73
2003-06-09,101.45
2003-06-10,49.12
2003-06-11,7.52
2003-06-12,2.42
2003-06-13,4.94
2003-06-14,1.34
2003-06-15,8.69
2003-06-16,21.18
2003-06-17,4.3
2003-06-18,2.2
2003-06-19,2.84
2003-06-20,11.41
2003-06-21,79.29
2003-06-22,79.92
2003-06-23,0.67
2003-06-24,0.35
2003-06-25,23.26
2003-06-26,45.57
2003-06-27,10.1
2003-06-28,58.16
2003-06-29,51.67
2003-06-30,16.57
2003-07-01,16.47
2003-07-02,3.48
2003-07-03,3.82
2003-07-04,0.78
2003-07-05,7.44
2003-07-06,8.4
2003-07-07,0.98
2003-07-08,1.04
2003-07-09,4.22
2003-07-10,21.0
2003-07-11,5.12
2003-07-12,36.68
2003-07-13,21.28
2003-07-14,2.94
2003-07-15,8.44
2003-07-16,3.94
2003-07-17,0.8
2003-07-18,1.21
2003-07-19,6.1
2003-07-20,1.8
2003-07-21,9.19
2003-07-22,3.26
2003-07-23,58.36
2003-07-24,7.29
2003-07-25,2.24
2003-07-26,0.57
2003-07-27,2.05
2003-07-28,1.9
2003-07-29,42.09
2003-07-30,18.88
2003-07-31,2.45
2003-08-01,3.96
2003-08-02,0.91
2003-08-03,0.06
2003-08-04,2.84
2003-08-05,0.57
2003-08-06,0.3
2003-08-07,30.86
2003-08-08,3.32
2003-08-09,2.74
2003-08-10,73.78
2003-08-11,28.5
2003-08-12,2.34
2003-08-13,3.56
2003-08-14,0.98
2003-08-15,2.58
2003-08-16,0.2
2003-08-17,3.08
2003-08-18,0.56
2003-08-19,16.18
2003-08-20,64.61
2003-08-21,2.9
2003-08-22,5.34
2003-08-23,3.62
2003-08-24,11.57
2003-08-25,13.86
2003-08-26,0.52
2003-08-27,0.72
2003-08-28,0.68
2003-08-29,0.86
2003-08-30,1.19
2003-08-31,3.86
2003-09-01,2.78
2003-09-02,14.96
2003-09-03,0.77
2003-09-04,2.93
2003-09-05,2.86
2003-09-06,4.58
2003-09-07,3.54
2003-09-08,14.56
2003-09-09,4.66
2003-09-10,31.4
2003-09-11,35.49
2003-09-12,12.54
2003-09-13,12.32
2003-09-14,10.94
2003-09-15,5.76
2003-09-16,11.58
2003-09-17,12.08
2003-09-18,3.72
2003-09-19,0.96
2003-09-20,5.35
2003-09-21,0.48
2003-09-22,6.3
2003-09-23,18.79
2003-09-24,19.55
2003-09-25,6.14
2003-09-26,6.64
2003-09-27,4.3
2003-09-28,2.22
2003-09-29,0.0
2003-09-30,0.0
2003-10-01,2.45
2003-10-02,18.61
2003-10-03,0.14
2003-10-04,3.32
2003-10-05,0.18
2003-10-06,19.4
2003-10-07,27.6
2003-10-08,88.04
2003-10-09,8.04
2003-10-10,21.18
2003-10-11,1.52
2003-10-12,0.0
2003-10-13,0.1
2003-10-14,0.14
2003-10-15,4.66
2003-10-16,0.0
2003-10-17,0.26
2003-10-18,2.66
2003-10-19,0.0
2003-10-20,0.0
2003-10-21,7.02
2003-10-22,0.0
2003-10-23,0.0
2003-10-24,0.66
2003-10-25,1.08
2003-10-26,3.3
2003-10-27,3.38
2003-10-28,0.0
2003-10-29,0.0
2003-10-30,0.0
2003-10-31,0.0
2003-11-01,0.0
2003-11-02,0.0
2003-11-03,0.0
2003-11-04,0.0
2003-11-05,0.0
2003-11-06,0.0
2003-11-07,0.0
2003-11-08,0.0
2003-11-09,0.0
2003-11-10,0.0
2003-11-11,0.0
2003-11-12,0.0
2003-11-13,0.0
2003-11-14,0.0
2003-11-15,0.0
2003-11-16,0.0
2003-11-17,0.0
2003-11-18,0.0
2003-11-19,0.0
2003-11-20,0.0
2003-11-21,0.0
2003-11-22,0.0
2003-11-23,0.0
2003-11-24,0.0
2003-11-25,0.0
2003-11-26,0.0
2003-11-27,0.0
2003-11-28,0.0
2003-11-29,0.0
2003-11-30,0.0
2003-12-01,0.0
2003-12-02,0.0
2003-12-03,0.0
2003-12-04,0.0
2003-12-05,0.0
2003-12-06,0.0
2003-12-07,0.0
2003-12-08,0.0
2003-12-09,0.0
2003-12-10,0.0
2003-12-11,0.0
2003-12-12,3.14
2003-12-13,0.0
2003-12-14,3.14
2003-12-15,0.0
2003-12-16,3.28
2003-12-17,21.63
2003-12-18,3.82
2003-12-19,5.12
2003-12-20,0.77
2003-12-21,0.0
2003-12-22,0.0
2003-12-23,0.0
2003-12-24,0.0
2003-12-25,0.0
2003-12-26,0.0
2003-12-27,0.5
2003-12-28,1.22
2003-12-29,0.0
2003-12-30,0.0
2003-12-31,0.0
2004-01-01,0.0
2004-01-02,0.56
2004-01-03,0.0
2004-01-04,0.0
2004-01-05,0.0
2004-01-06,0.0
2004-01-07,0.0
2004-01-08,0.0
2004-01-09,0.0
2004-01-10,0.0
2004-01-11,0.0
2004-01-12,0.0
2004-01-13,0.0
2004-01-14,0.0
2004-01-15,0.0
2004-01-16,0.0
2004-01-17,0.0
2004-01-18,0.0
2004-01-19,0.0
2004-01-20,0.0
2004-01-21,0.0
2004-01-22,0.0
2004-01-23,1.14
2004-01-24,0.06
2004-01-25,0.0
2004-01-26,0.0
2004-01-27,0.0
2004-01-28,0.0
2004-01-29,0.0
2004-01-30,0.0
2004-01-31,0.0
2004-02-01,0.0
2004-02-02,0.0
2004-02-03,0.0
2004-02-04,0.0
2004-02-05,0.0
2004-02-06,0.0
2004-02-07,0.0
2004-02-08,0.0
2004-02-09,0.0
2004-02-10,0.0
2004-02-11,0.0
2004-02-12,0.0
2004-02-13,0.0
2004-02-14,0.0
2004-02-15,0.0
2004-02-16,0.0
2004-02-17,0.0
2004-02-18,0.0
2004-02-19,0.0
2004-02-20,0.0
2004-02-21,0.0
2004-02-22,0.0
2004-02-23,0.0
2004-02-24,0.0
2004-02-25,0.0
2004-02-26,0.0
2004-02-27,0.0
2004-02-28,0.0
2004-02-29,0.0
2004-03-01,0.0
2004-03-02,0.0
2004-03-03,0.0
2004-03-04,0.0
2004-03-05,0.0
2004-03-06,0.0
2004-03-07,3.29
2004-03-08,0.11
2004-03-09,3.7
2004-03-10,5.4
2004-03-11,0.0
2004-03-12,0.0
2004-03-13,0.0
2004-03-14,0.0
2004-03-15,0.0
2004-03-16,0.0
2004-03-17,0.0
2004-03-18,0.0
2004-03-19,0.0
2004-03-20,0.0
2004-03-21,0.0
2004-03-22,0.0
2004-03-23,0.0
2004-03-24,0.0
2004-03-25,0.0
2004-03-26,0.0
2004-03-27,0.4
2004-03-28,0.0
2004-03-29,0.0
2004-03-30,2.96
2004-03-31,1.01
2004-04-01,5.83
2004-04-02,0.0
2004-04-03,0.0
2004-04-04,24.0
2004-04-05,6.19
2004-04-06,45.49
2004-04-07,8.88
2004-04-08,0.4
2004-04-09,12.16
2004-04-10,11.86
2004-04-11,1.5
2004-04-12,0.0
2004-04-13,0.0
2004-04-14,0.0
2004-04-15,0.0
2004-04-16,0.0
2004-04-17,2.08
2004-04-18,36.83
2004-04-19,16.32
2004-04-20,10.3
2004-04-21,3.5
2004-04-22,0.48
2004-04-23,30.36
2004-04-24,4.28
2004-04-25,0.0
2004-04-26,0.0
2004-04-27,0.72
2004-04-28,0.0
2004-04-29,0.0
2004-04-30,0.0
2004-05-01,0.0
2004-05-02,0.0
2004-05-03,0.0
2004-05-04,0.0
2004-05-05,0.4
2004-05-06,0.0
2004-05-07,0.0
2004-05-08,0.0
2004-05-09,0.0
2004-05-10,0.0
2004-05-11,0.12
2004-05-12,0.0
2004-05-13,0.0
2004-05-14,1.0
2004-05-15,1.16
2004-05-16,0.1
2004-05-17,24.62
2004-05-18,1.94
2004-05-19,6.08
2004-05-20,3.72
2004-05-21,20.02
2004-05-22,14.62
2004-05-23,56.59
2004-05-24,17.85
2004-05-25,5.9
2004-05-26,1.36
2004-05-27,0.0
2004-05-28,0.82
2004-05-29,8.38
2004-05-30,0.0
2004-05-31,0.2
2004-06-01,0.85
2004-06-02,11.46
2004-06-03,27.9
2004-06-04,0.4
2004-06-05,0.0
2004-06-06,0.11
2004-06-07,0.9
2004-06-08,0.12
2004-06-09,0.0
2004-06-10,10.84
2004-06-11,49.06
2004-06-12,26.63
2004-06-13,53.09
2004-06-14,20.6
2004-06-15,2.24
2004-06-16,4.73
2004-06-17,8.7
2004-06-18,38.26
2004-06-19,46.73
2004-06-20,55.56
2004-06-21,34.96
2004-06-22,26.67
2004-06-23,55.91
2004-06-24,78.58
2004-06-25,8.97
2004-06-26,8.93
2004-06-27,0.35
2004-06-28,0.13
2004-06-29,1.9
2004-06-30,2.26
2004-07-01,32.1
2004-07-02,2.24
2004-07-03,0.3
2004-07-04,8.79
2004-07-05,57.65
2004-07-06,38.51
2004-07-07,57.14
2004-07-08,43.95
2004-07-09,29.18
2004-07-10,19.27
2004-07-11,10.76
2004-07-12,5.51
2004-07-13,8.82
2004-07-14,12.86
2004-07-15,2.16
2004-07-16,1.25
2004-07-17,10.16
2004-07-18,15.06
2004-07-19,86.22
2004-07-20,31.43
2004-07-21,7.7
2004-07-22,21.01
2004-07-23,23.74
2004-07-24,2.95
2004-07-25,20.48
2004-07-26,1.42
2004-07-27,2.58
2004-07-28,7.04
2004-07-29,0.56
2004-07-30,0.95
2004-07-31,0.32
2004-08-01,19.8
2004-08-02,6.18
2004-08-03,15.4
2004-08-04,8.11
2004-08-05,3.4
2004-08-06,7.66
2004-08-07,2.84
2004-08-08,2.38
2004-08-09,2.51
2004-08-10,4.47
2004-08-11,5.24
2004-08-12,15.0
2004-08-13,26.96
2004-08-14,1.75
2004-08-15,3.67
2004-08-16,20.11
2004-08-17,6.78
2004-08-18,8.0
2004-08-19,4.36
2004-08-20,1.96
2004-08-21,0.58
2004-08-22,1.24
2004-08-23,0.71
2004-08-24,5.84
2004-08-25,5.96
2004-08-26,42.97
2004-08-27,1.2
2004-08-28,0.54
2004-08-29,37.16
2004-08-30,5.16
2004-08-31,8.27
2004-09-01,4.8
2004-09-02,7.04
2004-09-03,21.12
2004-09-04,5.08
2004-09-05,5.24
2004-09-06,0.0
2004-09-07,0.0
2004-09-08,2.65
2004-09-09,37.32
2004-09-10,30.5
2004-09-11,67.32
2004-09-12,143.03
2004-09-13,132.34
2004-09-14,79.61
2004-09-15,10.96
2004-09-16,51.3
2004-09-17,3.24
2004-09-18,1.35
2004-09-19,0.95
2004-09-20,5.46
2004-09-21,11.62
2004-09-22,81.26
2004-09-23,4.5
2004-09-24,1.23
2004-09-25,6.98
2004-09-26,0.02
2004-09-27,22.76
2004-09-28,1.96
2004-09-29,5.94
2004-09-30,0.36
2004-10-01,0.0
2004-10-02,10.0
2004-10-03,1.54
2004-10-04,24.14
2004-10-05,53.43
2004-10-06,65.11
2004-10-07,41.47
2004-10-08,15.32
2004-10-09,1.06
2004-10-10,0.08
2004-10-11,0.0
2004-10-12,0.06
2004-10-13,1.88
2004-10-14,34.94
2004-10-15,7.46
2004-10-16,0.0
2004-10-17,0.0
2004-10-18,0.0
2004-10-19,0.0
2004-10-20,0.0
2004-10-21,0.0
2004-10-22,0.0
2004-10-23,0.0
2004-10-24,0.0
2004-10-25,0.0
2004-10-26,0.0
2004-10-27,0.0
2004-10-28,0.0
2004-10-29,1.77
2004-10-30,0.89
2004-10-31,0.02
2004-11-01,0.0
2004-11-02,0.0
2004-11-03,0.0
2004-11-04,0.0
2004-11-05,0.0
2004-11-06,0.0
2004-11-07,0.0
2004-11-08,0.0
2004-11-09,0.0
2004-11-10,0.05
2004-11-11,0.0
2004-11-12,0.0
2004-11-13,0.0
2004-11-14,0.0
2004-11-15,0.0
2004-11-16,0.0
2004-11-17,0.0
2004-11-18,0.0
2004-11-19,0.0
2004-11-20,0.0
2004-11-21,0.0
2004-11-22,0.0
2004-11-23,0.0
2004-11-24,0.0
2004-11-25,0.0
2004-11-26,0.0
2004-11-27,0.0
2004-11-28,0.0
2004-11-29,0.0
2004-11-30,0.0
2004-12-01,0.0
2004-12-02,0.0
2004-12-03,0.0
2004-12-04,0.0
2004-12-05,0.0
2004-12-06,0.0
2004-12-07,0.0
2004-12-08,0.0
2004-12-09,0.0
2004-12-10,0.0
2004-12-11,0.0
2004-12-12,0.0
2004-12-13,0.0
2004-12-14,0.0
2004-12-15,0.0
2004-12-16,0.0
2004-12-17,0.0
2004-12-18,0.0
2004-12-19,0.0
2004-12-20,0.0
2004-12-21,0.0
2004-12-22,0.0
2004-12-23,0.0
2004-12-24,0.0
2004-12-25,0.0
2004-12-26,0.0
2004-12-27,0.0
2004-12-28,0.0
2004-12-29,0.0
2004-12-30,0.0
2004-12-31,0.0
2005-01-01,0.3
2005-01-02,0.0
2005-01-03,1.23
2005-01-04,0.65
2005-01-05,0.0
2005-01-06,0.0
2005-01-07,0.0
2005-01-08,0.0
2005-01-09,0.0
2005-01-10,0.0
2005-01-11,1.68
2005-01-12,0.0
2005-01-13,0.0
2005-01-14,0.0
2005-01-15,0.0
2005-01-16,0.0
2005-01-17,0.0
2005-01-18,0.06
2005-01-19,0.0
2005-01-20,0.0
2005-01-21,0.0
2005-01-22,0.0
2005-01-23,0.02
2005-01-24,0.0
2005-01-25,0.0
2005-01-26,0.0
2005-01-27,0.24
2005-01-28,2.68
2005-01-29,1.7
2005-01-30,0.0
2005-01-31,0.01
2005-02-01,0.24
2005-02-02,0.0
2005-02-03,0.0
2005-02-04,0.0
2005-02-05,0.0
2005-02-06,0.0
2005-02-07,0.0
2005-02-08,0.0
2005-02-09,0.0
2005-02-10,0.0
2005-02-11,0.0
2005-02-12,0.0
2005-02-13,0.0
2005-02-14,0.0
2005-02-15,0.0
2005-02-16,0.0
2005-02-17,0.0
2005-02-18,0.0
2005-02-19,0.24
2005-02-20,0.0
2005-02-21,0.0
2005-02-22,0.0
2005-02-23,0.0
2005-02-24,0.0
2005-02-25,0.0
2005-02-26,0.0
2005-02-27,0.0
2005-02-28,0.0
2005-03-01,0.0
2005-03-02,0.0
2005-03-03,0.0
2005-03-04,0.0
2005-03-05,0.0
2005-03-06,0.0
2005-03-07,0.0
2005-03-08,0.0
2005-03-09,0.03
2005-03-10,1.38
2005-03-11,5.66
2005-03-12,3.06
2005-03-13,3.48
2005-03-14,1.55
2005-03-15,2.28
2005-03-16,0.0
2005-03-17,0.0
2005-03-18,0.0
2005-03-19,0.0
2005-03-20,0.0
2005-03-21,0.0
2005-03-22,14.04
2005-03-23,50.68
2005-03-24,31.59
2005-03-25,0.72
2005-03-26,0.0
2005-03-27,12.84
2005-03-28,0.0
2005-03-29,0.0
2005-03-30,0.72
2005-03-31,0.26
2005-04-01,1.08
2005-04-02,0.17
2005-04-03,0.0
2005-04-04,0.0
2005-04-05,0.0
2005-04-06,0.0
2005-04-07,0.0
2005-04-08,0.0
2005-04-09,0.0
2005-04-10,11.68
2005-04-11,4.79
2005-04-12,0.0
2005-04-13,0.0
2005-04-14,0.0
2005-04-15,0.0
2005-04-16,0.0
2005-04-17,0.83
2005-04-18,0.0
2005-04-19,6.07
2005-04-20,0.04
2005-04-21,0.0
2005-04-22,0.0
2005-04-23,0.0
2005-04-24,12.75
2005-04-25,17.79
2005-04-26,0.0
2005-04-27,8.1
2005-04-28,21.66
2005-04-29,39.87
2005-04-30,2.68
2005-05-01,0.27
2005-05-02,3.47
2005-05-03,0.1
2005-05-04,7.22
2005-05-05,4.44
2005-05-06,2.56
2005-05-07,1.14
2005-05-08,21.12
2005-05-09,13.56
2005-05-10,0.56
2005-05-11,0.05
2005-05-12,0.03
2005-05-13,0.0
2005-05-14,0.0
2005-05-15,26.09
2005-05-16,3.72
2005-05-17,38.1
2005-05-18,0.0
2005-05-19,42.44
2005-05-20,0.9
2005-05-21,8.72
2005-05-22,19.98
2005-05-23,43.4
2005-05-24,9.56
2005-05-25,0.05
2005-05-26,0.0
2005-05-27,0.03
2005-05-28,0.0
2005-05-29,0.22
2005-05-30,0.0
2005-05-31,0.01
2005-06-01,0.0
2005-06-02,0.0
2005-06-03,0.0
2005-06-04,6.23
2005-06-05,0.08
2005-06-06,0.02
2005-06-07,0.0
2005-06-08,0.0
2005-06-09,1.9
2005-06-10,2.37
2005-06-11,0.06
2005-06-12,0.0
2005-06-13,1.7
2005-06-14,0.18
2005-06-15,1.13
2005-06-16,27.19
2005-06-17,0.28
2005-06-18,2.26
2005-06-19,0.72
2005-06-20,0.02
2005-06-21,5.11
2005-06-22,2.42
2005-06-23,16.83
2005-06-24,12.56
2005-06-25,48.78
2005-06-26,0.98
2005-06-27,41.32
2005-06-28,76.2
2005-06-29,43.8
2005-06-30,42.1
2005-07-01,16.92
2005-07-02,10.11
2005-07-03,12.2
2005-07-04,34.06
2005-07-05,45.26
2005-07-06,7.42
2005-07-07,2.06
2005-07-08,1.74
2005-07-09,0.34
2005-07-10,1.82
2005-07-11,6.36
2005-07-12,20.96
2005-07-13,26.63
2005-07-14,83.44
2005-07-15,42.47
2005-07-16,1.09
2005-07-17,8.26
2005-07-18,9.12
2005-07-19,4.99
2005-07-20,28.77
2005-07-21,20.52
2005-07-22,24.27
2005-07-23,19.36
2005-07-24,6.81
2005-07-25,1.64
2005-07-26,4.62
2005-07-27,3.16
2005-07-28,0.92
2005-07-29,5.76
2005-07-30,0.94
2005-07-31,0.0
2005-08-01,17.66
2005-08-02,2.06
2005-08-03,1.92
2005-08-04,9.41
2005-08-05,57.64
2005-08-06,67.36
2005-08-07,29.71
2005-08-08,16.7
2005-08-09,6.58
2005-08-10,26.74
2005-08-11,14.79
2005-08-12,4.06
2005-08-13,27.86
2005-08-14,20.74
2005-08-15,6.11
2005-08-16,7.22
2005-08-17,5.77
2005-08-18,3.47
2005-08-19,3.2
2005-08-20,38.92
2005-08-21,39.77
2005-08-22,12.12
2005-08-23,20.54
2005-08-24,29.28
2005-08-25,25.18
2005-08-26,10.13
2005-08-27,15.84
2005-08-28,11.72
2005-08-29,19.95
2005-08-30,2.5
2005-08-31,9.18
2005-09-01,30.9
2005-09-02,18.56
2005-09-03,1.89
2005-09-04,4.08
2005-09-05,4.26
2005-09-06,3.96
2005-09-07,2.14
2005-09-08,19.8
2005-09-09,20.2
2005-09-10,9.26
2005-09-11,10.56
2005-09-12,9.13
2005-09-13,17.74
2005-09-14,0.18
2005-09-15,17.24
2005-09-16,30.5
2005-09-17,3.22
2005-09-18,0.05
2005-09-19,18.65
2005-09-20,15.38
2005-09-21,0.98
2005-09-22,0.9
2005-09-23,12.37
2005-09-24,12.12
2005-09-25,4.34
2005-09-26,0.6
2005-09-27,13.86
2005-09-28,30.61
2005-09-29,5.63
2005-09-30,66.31
2005-10-01,21.4
2005-10-02,18.2
2005-10-03,29.95
2005-10-04,4.24
2005-10-05,0.0
2005-10-06,0.0
2005-10-07,0.1
2005-10-08,0.0
2005-10-09,0.0
2005-10-10,0.0
2005-10-11,0.64
2005-10-12,0.0
2005-10-13,0.0
2005-10-14,0.0
2005-10-15,0.74
2005-10-16,0.05
2005-10-17,1.27
2005-10-18,0.0
2005-10-19,6.99
2005-10-20,49.26
2005-10-21,33.62
2005-10-22,37.1
2005-10-23,41.28
2005-10-24,0.0
2005-10-25,0.0
2005-10-26,0.0
2005-10-27,0.94
2005-10-28,1.6
2005-10-29,0.0
2005-10-30,0.0
2005-10-31,0.0
2005-11-01,2.64
2005-11-02,0.0
2005-11-03,0.0
2005-11-04,0.0
2005-11-05,0.0
2005-11-06,0.0
2005-11-07,0.16
2005-11-08,7.56
2005-11-09,0.0
2005-11-10,0.0
2005-11-11,0.0
2005-11-12,0.0
2005-11-13,0.0
2005-11-14,0.0
2005-11-15,0.0
2005-11-16,0.0
2005-11-17,0.0
2005-11-18,0.0
2005-11-19,0.0
2005-11-20,0.0
2005-11-21,0.0
2005-11-22,0.0
2005-11-23,0.0
2005-11-24,0.0
2005-11-25,0.0
2005-11-26,0.0
2005-11-27,0.0
2005-11-28,0.0
2005-11-29,0.0
2005-11-30,0.0
2005-12-01,0.0
2005-12-02,0.0
2005-12-03,0.0
2005-12-04,0.0
2005-12-05,0.0
2005-12-06,0.0
2005-12-07,0.0
2005-12-08,0.0
2005-12-09,0.0
2005-12-10,0.0
2005-12-11,0.0
2005-12-12,0.0
2005-12-13,0.0
2005-12-14,0.0
2005-12-15,0.0
2005-12-16,0.0
2005-12-17,0.01
2005-12-18,0.0
2005-12-19,0.0
2005-12-20,0.0
2005-12-21,1.06
2005-12-22,1.8
2005-12-23,0.63
2005-12-24,0.0
2005-12-25,0.0
2005-12-26,0.0
2005-12-27,0.0
2005-12-28,0.0
2005-12-29,0.0
2005-12-30,0.0
2005-12-31,0.0
2006-01-01,0.0
2006-01-02,0.0
2006-01-03,0.53
2006-01-04,0.0
2006-01-05,0.0
2006-01-06,0.0
2006-01-07,0.08
2006-01-08,0.0
2006-01-09,0.0
2006-01-10,0.0
2006-01-11,0.0
2006-01-12,0.0
2006-01-13,0.0
2006-01-14,0.0
2006-01-15,0.0
2006-01-16,0.0
2006-01-17,0.0
2006-01-18,0.0
2006-01-19,0.0
2006-01-20,0.0
2006-01-21,0.0
2006-01-22,0.0
2006-01-23,0.0
2006-01-24,0.0
2006-01-25,0.0
2006-01-26,0.0
2006-01-27,0.0
2006-01-28,0.0
2006-01-29,0.0
2006-01-30,0.0
2006-01-31,0.0
2006-02-01,0.0
2006-02-02,0.0
2006-02-03,0.0
2006-02-04,0.0
2006-02-05,0.0
2006-02-06,0.0
2006-02-07,0.0
2006-02-08,0.0
2006-02-09,2.06
2006-02-10,0.0
2006-02-11,0.0
2006-02-12,0.0
2006-02-13,0.0
2006-02-14,0.0
2006-02-15,0.0
2006-02-16,0.0
2006-02-17,0.0
2006-02-18,0.0
2006-02-19,0.0
2006-02-20,0.0
2006-02-21,0.0
2006-02-22,0.0
2006-02-23,0.0
2006-02-24,0.0
2006-02-25,0.0
2006-02-26,0.0
2006-02-27,0.0
2006-02-28,0.0
2006-03-01,0.0
2006-03-02,0.0
2006-03-03,0.0
2006-03-04,0.2
2006-03-05,0.19
2006-03-06,0.0
2006-03-07,0.0
2006-03-08,0.0
2006-03-09,0.0
2006-03-10,0.0
2006-03-11,0.98
2006-03-12,0.0
2006-03-13,0.0
2006-03-14,0.0
2006-03-15,0.0
2006-03-16,0.0
2006-03-17,0.0
2006-03-18,0.0
2006-03-19,0.0
2006-03-20,0.0
2006-03-21,0.0
2006-03-22,0.0
2006-03-23,0.0
2006-03-24,0.0
2006-03-25,0.0
2006-03-26,0.0
2006-03-27,0.0
2006-03-28,0.05
2006-03-29,0.84
2006-03-30,0.0
2006-03-31,0.0
2006-04-01,0.0
2006-04-02,0.0
2006-04-03,0.42
2006-04-04,30.78
2006-04-05,9.78
2006-04-06,0.0
2006-04-07,0.0
2006-04-08,0.88
2006-04-09,0.0
2006-04-10,0.51
2006-04-11,0.0
2006-04-12,0.0
2006-04-13,5.74
2006-04-14,0.0
2006-04-15,0.0
2006-04-16,0.0
2006-04-17,23.52
2006-04-18,2.86
2006-04-19,8.12
2006-04-20,0.0
2006-04-21,0.39
2006-04-22,0.0
2006-04-23,0.0
2006-04-24,2.63
2006-04-25,0.0
2006-04-26,0.04
2006-04-27,0.16
2006-04-28,0.22
2006-04-29,0.0
2006-04-30,0.0
2006-05-01,0.0
2006-05-02,0.0
2006-05-03,0.0
2006-05-04,0.0
2006-05-05,0.0
2006-05-06,5.62
2006-05-07,11.14
2006-05-08,0.06
2006-05-09,2.52
2006-05-10,1.76
2006-05-11,72.66
2006-05-12,75.92
2006-05-13,1.23
2006-05-14,23.48
2006-05-15,0.6
2006-05-16,8.5
2006-05-17,0.0
2006-05-18,0.0
2006-05-19,53.66
2006-05-20,0.04
2006-05-21,6.73
2006-05-22,0.0
2006-05-23,0.4
2006-05-24,5.56
2006-05-25,43.2
2006-05-26,72.35
2006-05-27,89.7
2006-05-28,35.83
2006-05-29,45.42
2006-05-30,10.74
2006-05-31,6.82
2006-06-01,11.34
2006-06-02,21.14
2006-06-03,2.81
2006-06-04,16.12
2006-06-05,3.29
2006-06-06,14.68
2006-06-07,3.85
2006-06-08,0.69
2006-06-09,46.7
2006-06-10,48.29
2006-06-11,1.71
2006-06-12,1.3
2006-06-13,8.72
2006-06-14,8.78
2006-06-15,0.0
2006-06-16,0.16
2006-06-17,2.45
2006-06-18,2.66
2006-06-19,36.38
2006-06-20,78.5
2006-06-21,7.74
2006-06-22,4.45
2006-06-23,7.14
2006-06-24,8.39
2006-06-25,6.94
2006-06-26,26.83
2006-06-27,0.18
2006-06-28,10.73
2006-06-29,3.33
2006-06-30,8.36
2006-07-01,16.08
2006-07-02,1.32
2006-07-03,4.85
2006-07-04,0.49
2006-07-05,101.78
2006-07-06,5.96
2006-07-07,25.91
2006-07-08,30.4
2006-07-09,10.48
2006-07-10,16.9
2006-07-11,10.76
2006-07-12,0.98
2006-07-13,13.91
2006-07-14,0.76
2006-07-15,0.64
2006-07-16,6.12
2006-07-17,0.0
2006-07-18,2.74
2006-07-19,9.56
2006-07-20,1.98
2006-07-21,0.15
2006-07-22,0.55
2006-07-23,0.44
2006-07-24,0.72
2006-07-25,11.36
2006-07-26,19.9
2006-07-27,5.17
2006-07-28,7.04
2006-07-29,28.7
2006-07-30,0.59
2006-07-31,22.94
2006-08-01,4.4
2006-08-02,0.06
2006-08-03,6.9
2006-08-04,1.6
2006-08-05,10.8
2006-08-06,1.56
2006-08-07,0.08
2006-08-08,18.02
2006-08-09,52.72
2006-08-10,6.13
2006-08-11,17.27
2006-08-12,1.82
2006-08-13,0.9
2006-08-14,4.12
2006-08-15,6.38
2006-08-16,0.8
2006-08-17,2.58
2006-08-18,16.22
2006-08-19,6.13
2006-08-20,28.58
2006-08-21,0.43
2006-08-22,11.62
2006-08-23,0.4
2006-08-24,10.47
2006-08-25,3.74
2006-08-26,0.0
2006-08-27,16.38
2006-08-28,3.15
2006-08-29,5.66
2006-08-30,0.54
2006-08-31,5.71
2006-09-01,0.45
2006-09-02,10.96
2006-09-03,0.01
2006-09-04,0.42
2006-09-05,5.4
2006-09-06,0.17
2006-09-07,0.0
2006-09-08,0.04
2006-09-09,1.25
2006-09-10,17.02
2006-09-11,33.72
2006-09-12,5.04
2006-09-13,0.64
2006-09-14,11.46
2006-09-15,1.01
2006-09-16,0.16
2006-09-17,0.09
2006-09-18,68.89
2006-09-19,16.82
2006-09-20,58.92
2006-09-21,94.0
2006-09-22,49.18
2006-09-23,22.88
2006-09-24,3.78
2006-09-25,0.0
2006-09-26,0.48
2006-09-27,2.38
2006-09-28,2.88
2006-09-29,12.91
2006-09-30,1.8
2006-10-01,0.56
2006-10-02,0.0
2006-10-03,4.34
2006-10-04,0.85
2006-10-05,0.94
2006-10-06,0.2
2006-10-07,0.0
2006-10-08,0.11
2006-10-09,6.97
2006-10-10,0.0
2006-10-11,0.0
2006-10-12,0.12
2006-10-13,0.68
2006-10-14,0.62
2006-10-15,0.87
2006-10-16,0.0
2006-10-17,5.88
2006-10-18,0.08
2006-10-19,15.36
2006-10-20,14.16
2006-10-21,0.0
2006-10-22,0.0
2006-10-23,0.0
2006-10-24,0.0
2006-10-25,3.82
2006-10-26,0.0
2006-10-27,0.98
2006-10-28,0.76
2006-10-29,0.0
2006-10-30,3.95
2006-10-31,0.53
2006-11-01,0.3
2006-11-02,0.0
2006-11-03,0.0
2006-11-04,0.0
2006-11-05,0.0
2006-11-06,0.07
2006-11-07,0.5
2006-11-08,3.96
2006-11-09,1.56
2006-11-10,1.09
2006-11-11,0.01
2006-11-12,0.0
2006-11-13,0.1
2006-11-14,0.0
2006-11-15,0.0
2006-11-16,0.0
2006-11-17,0.0
2006-11-18,0.0
2006-11-19,0.0
2006-11-20,0.0
2006-11-21,0.0
2006-11-22,0.0
2006-11-23,0.0
2006-11-24,0.0
2006-11-25,0.0
2006-11-26,0.02
2006-11-27,0.0
2006-11-28,0.0
2006-11-29,0.0
2006-11-30,0.0
2006-12-01,0.0
2006-12-02,0.0
2006-12-03,0.0
2006-12-04,0.0
2006-12-05,0.0
2006-12-06,0.0
2006-12-07,0.0
2006-12-08,0.0
2006-12-09,0.0
2006-12-10,0.0
2006-12-11,0.0
2006-12-12,0.0
2006-12-13,0.0
2006-12-14,0.0
2006-12-15,0.0
2006-12-16,0.0
2006-12-17,0.0
2006-12-18,0.0
2006-12-19,0.0
2006-12-20,0.0
2006-12-21,0.0
2006-12-22,0.0
2006-12-23,0.0
2006-12-24,0.0
2006-12-25,0.0
2006-12-26,0.0
2006-12-27,0.0
2006-12-28,0.0
2006-12-29,0.0
2006-12-30,0.0
2006-12-31,0.0
2007-01-01,0.0
2007-01-02,0.0
2007-01-03,0.0
2007-01-04,0.0
2007-01-05,0.0
2007-01-06,0.0
2007-01-07,0.0
2007-01-08,0.0
2007-01-09,0.0
2007-01-10,0.0
2007-01-11,0.0
2007-01-12,0.0
2007-01-13,0.0
2007-01-14,0.0
2007-01-15,0.0
2007-01-16,0.0
2007-01-17,0.0
2007-01-18,0.0
2007-01-19,0.0
2007-01-20,0.0
2007-01-21,0.0
2007-01-22,0.0
2007-01-23,0.0
2007-01-24,0.0
2007-01-25,0.0
2007-01-26,0.0
2007-01-27,0.0
2007-01-28,0.0
2007-01-29,1.34
2007-01-30,0.6
2007-01-31,0.16
2007-02-01,0.0
2007-02-02,0.0
2007-02-03,0.0
2007-02-04,37.68
2007-02-05,0.08
2007-02-06,2.78
2007-02-07,2.8
2007-02-08,3.48
2007-02-09,0.0
2007-02-10,0.0
2007-02-11,0.0
2007-02-12,0.0
2007-02-13,19.38
2007-02-14,8.12
2007-02-15,0.0
2007-02-16,0.0
2007-02-17,0.0
2007-02-18,0.0
2007-02-19,0.0
2007-02-20,0.0
2007-02-21,0.0
2007-02-22,0.0
2007-02-23,0.0
2007-02-24,0.0
2007-02-25,0.0
2007-02-26,0.0
2007-02-27,0.0
2007-02-28,0.0
2007-03-01,0.1
2007-03-02,0.08
2007-03-03,0.0
2007-03-04,0.0
2007-03-05,0.0
2007-03-06,0.0
2007-03-07,0.0
2007-03-08,0.0
2007-03-09,0.0
2007-03-10,0.0
2007-03-11,0.0
2007-03-12,0.0
2007-03-13,0.0
2007-03-14,0.0
2007-03-15,0.0
2007-03-16,0.0
2007-03-17,0.0
2007-03-18,0.0
2007-03-19,0.0
2007-03-20,0.0
2007-03-21,0.0
2007-03-22,15.1
2007-03-23,0.0
2007-03-24,0.0
2007-03-25,0.0
2007-03-26,0.0
2007-03-27,0.0
2007-03-28,0.0
2007-03-29,0.0
2007-03-30,0.0
2007-03-31,0.0
2007-04-01,0.0
2007-04-02,0.0
2007-04-03,0.0
2007-04-04,0.0
2007-04-05,0.0
2007-04-06,0.0
2007-04-07,0.0
2007-04-08,0.38
2007-04-09,13.24
2007-04-10,7.37
2007-04-11,35.84
2007-04-12,59.66
2007-04-13,0.0
2007-04-14,0.0
2007-04-15,0.0
2007-04-16,0.0
2007-04-17,0.0
2007-04-18,0.0
2007-04-19,0.3
2007-04-20,0.0
2007-04-21,0.0
2007-04-22,30.03
2007-04-23,0.12
2007-04-24,38.12
2007-04-25,0.0
2007-04-26,0.26
2007-04-27,6.82
2007-04-28,0.07
2007-04-29,0.0
2007-04-30,0.0
2007-05-01,0.0
2007-05-02,0.0
2007-05-03,3.02
2007-05-04,0.0
2007-05-05,42.25
2007-05-06,8.8
2007-05-07,0.68
2007-05-08,0.34
2007-05-09,0.11
2007-05-10,0.0
2007-05-11,0.0
2007-05-12,0.0
2007-05-13,25.04
2007-05-14,105.0
2007-05-15,1.15
2007-05-16,10.13
2007-05-17,0.37
2007-05-18,8.01
2007-05-19,3.68
2007-05-20,6.16
2007-05-21,13.65
2007-05-22,0.0
2007-05-23,0.0
2007-05-24,14.29
2007-05-25,0.0
2007-05-26,0.0
2007-05-27,3.32
2007-05-28,0.0
2007-05-29,0.0
2007-05-30,0.0
2007-05-31,0.0
2007-06-01,0.0
2007-06-02,0.0
2007-06-03,115.37
2007-06-04,0.32
2007-06-05,2.62
2007-06-06,1.2
2007-06-07,6.58
2007-06-08,26.09
2007-06-09,13.8
2007-06-10,93.68
2007-06-11,91.14
2007-06-12,11.54
2007-06-13,1.54
2007-06-14,1.31
2007-06-15,48.04
2007-06-16,60.91
2007-06-17,24.93
2007-06-18,2.42
2007-06-19,3.3
2007-06-20,9.43
2007-06-21,20.48
2007-06-22,12.86
2007-06-23,8.23
2007-06-24,0.5
2007-06-25,0.48
2007-06-26,0.82
2007-06-27,0.44
2007-06-28,7.89
2007-06-29,26.95
2007-06-30,24.63
2007-07-01,53.2
2007-07-02,17.46
2007-07-03,1.38
2007-07-04,4.18
2007-07-05,10.96
2007-07-06,11.2
2007-07-07,1.58
2007-07-08,5.28
2007-07-09,4.64
2007-07-10,0.6
2007-07-11,1.44
2007-07-12,10.73
2007-07-13,4.9
2007-07-14,73.39
2007-07-15,11.96
2007-07-16,37.97
2007-07-17,53.64
2007-07-18,54.22
2007-07-19,51.27
2007-07-20,30.82
2007-07-21,81.35
2007-07-22,6.87
2007-07-23,18.24
2007-07-24,8.8
2007-07-25,27.89
2007-07-26,69.19
2007-07-27,26.86
2007-07-28,7.25
2007-07-29,3.34
2007-07-30,11.78
2007-07-31,3.62
2007-08-01,8.1
2007-08-02,3.18
2007-08-03,0.94
2007-08-04,12.37
2007-08-05,0.64
2007-08-06,6.56
2007-08-07,1.34
2007-08-08,0.02
2007-08-09,0.06
2007-08-10,1.32
2007-08-11,7.15
2007-08-12,2.86
2007-08-13,24.79
2007-08-14,25.3
2007-08-15,27.38
2007-08-16,9.24
2007-08-17,6.44
2007-08-18,4.08
2007-08-19,1.0
2007-08-20,0.0
2007-08-21,5.98
2007-08-22,1.2
2007-08-23,11.56
2007-08-24,27.45
2007-08-25,22.84
2007-08-26,37.94
2007-08-27,26.23
2007-08-28,8.34
2007-08-29,7.96
2007-08-30,28.96
2007-08-31,23.5
2007-09-01,6.87
2007-09-02,5.84
2007-09-03,16.38
2007-09-04,22.12
2007-09-05,20.96
2007-09-06,66.9
2007-09-07,91.84
2007-09-08,36.86
2007-09-09,32.02
2007-09-10,8.93
2007-09-11,10.28
2007-09-12,5.94
2007-09-13,7.41
2007-09-14,6.15
2007-09-15,0.1
2007-09-16,5.55
2007-09-17,10.44
2007-09-18,17.5
2007-09-19,21.97
2007-09-20,2.21
2007-09-21,4.01
2007-09-22,17.4
2007-09-23,30.44
2007-09-24,0.68
2007-09-25,1.62
2007-09-26,1.38
2007-09-27,1.3
2007-09-28,4.69
2007-09-29,6.76
2007-09-30,5.42
2007-10-01,11.33
2007-10-02,6.65
2007-10-03,0.57
2007-10-04,0.0
2007-10-05,11.26
2007-10-06,93.2
2007-10-07,53.47
2007-10-08,67.78
2007-10-09,2.06
2007-10-10,3.41
2007-10-11,0.0
2007-10-12,10.68
2007-10-13,5.6
2007-10-14,7.54
2007-10-15,118.84
2007-10-16,0.4
2007-10-17,0.18
2007-10-18,1.11
2007-10-19,0.0
2007-10-20,0.0
2007-10-21,0.0
2007-10-22,0.0
2007-10-23,0.0
2007-10-24,0.0
2007-10-25,0.0
2007-10-26,0.0
2007-10-27,0.0
2007-10-28,0.0
2007-10-29,0.0
2007-10-30,0.0
2007-10-31,0.0
2007-11-01,0.63
2007-11-02,0.23
2007-11-03,0.0
2007-11-04,0.0
2007-11-05,0.0
2007-11-06,0.0
2007-11-07,0.0
2007-11-08,0.0
2007-11-09,0.0
2007-11-10,0.07
2007-11-11,0.0
2007-11-12,0.0
2007-11-13,0.0
2007-11-14,23.06
2007-11-15,82.78
2007-11-16,0.06
2007-11-17,0.0
2007-11-18,0.0
2007-11-19,0.0
2007-11-20,0.0
2007-11-21,0.0
2007-11-22,0.0
2007-11-23,0.0
2007-11-24,0.0
2007-11-25,0.0
2007-11-26,0.0
2007-11-27,0.0
2007-11-28,0.0
2007-11-29,0.0
2007-11-30,0.0
2007-12-01,0.0
2007-12-02,0.0
2007-12-03,0.02
2007-12-04,0.0
2007-12-05,0.0
2007-12-06,0.0
2007-12-07,0.0
2007-12-08,0.0
2007-12-09,0.0
2007-12-10,0.0
2007-12-11,0.0
2007-12-12,0.0
2007-12-13,0.0
2007-12-14,0.0
2007-12-15,0.04
2007-12-16,0.0
2007-12-17,0.0
2007-12-18,0.0
2007-12-19,0.0
2007-12-20,0.0
2007-12-21,0.0
2007-12-22,0.0
2007-12-23,0.0
2007-12-24,0.0
2007-12-25,0.0
2007-12-26,0.0
2007-12-27,0.0
2007-12-28,0.0
2007-12-29,0.0
2007-12-30,0.0
2007-12-31,0.0
2008-01-01,0.0
2008-01-02,0.0
2008-01-03,0.0
2008-01-04,0.0
2008-01-05,0.0
2008-01-06,0.0
2008-01-07,0.0
2008-01-08,0.0
2008-01-09,0.0
2008-01-10,0.0
2008-01-11,0.0
2008-01-12,0.0
2008-01-13,0.0
2008-01-14,0.0
2008-01-15,0.0
2008-01-16,0.0
2008-01-17,0.0
2008-01-18,0.0
2008-01-19,0.0
2008-01-20,0.0
2008-01-21,0.0
2008-01-22,0.0
2008-01-23,0.69
2008-01-24,7.09
2008-01-25,13.8
2008-01-26,17.42
2008-01-27,2.17
2008-01-28,0.0
2008-01-29,0.0
2008-01-30,1.34
2008-01-31,0.21
2008-02-01,0.0
2008-02-02,0.0
2008-02-03,0.0
2008-02-04,0.0
2008-02-05,0.0
2008-02-06,0.0
2008-02-07,0.28
2008-02-08,0.13
2008-02-09,1.78
2008-02-10,0.05
2008-02-11,0.0
2008-02-12,0.0
2008-02-13,0.0
2008-02-14,0.0
2008-02-15,0.0
2008-02-16,0.0
2008-02-17,0.0
2008-02-18,0.0
2008-02-19,0.1
2008-02-20,17.42
2008-02-21,0.0
2008-02-22,0.0
2008-02-23,0.0
2008-02-24,0.0
2008-02-25,0.0
2008-02-26,0.0
2008-02-27,0.0
2008-02-28,0.0
2008-02-29,0.0
2008-03-01,0.0
2008-03-02,0.0
2008-03-03,0.0
2008-03-04,2.61
2008-03-05,9.44
2008-03-06,0.0
2008-03-07,0.0
2008-03-08,0.0
2008-03-09,0.0
2008-03-10,0.22
2008-03-11,0.32
2008-03-12,0.0
2008-03-13,0.01
2008-03-14,0.88
2008-03-15,3.96
2008-03-16,0.0
2008-03-17,0.0
2008-03-18,0.0
2008-03-19,0.06
2008-03-20,11.04
2008-03-21,0.0
2008-03-22,0.0
2008-03-23,2.48
2008-03-24,1.72
2008-03-25,0.0
2008-03-26,0.0
2008-03-27,0.0
2008-03-28,0.0
2008-03-29,0.0
2008-03-30,0.0
2008-03-31,0.0
2008-04-01,0.24
2008-04-02,11.8
2008-04-03,1.62
2008-04-04,4.88
2008-04-05,0.0
2008-04-06,0.0
2008-04-07,0.0
2008-04-08,0.0
2008-04-09,0.08
2008-04-10,0.0
2008-04-11,1.72
2008-04-12,0.0
2008-04-13,0.61
2008-04-14,0.0
2008-04-15,0.0
2008-04-16,0.0
2008-04-17,1.13
2008-04-18,0.0
2008-04-19,0.0
2008-04-20,0.0
2008-04-21,0.0
2008-04-22,0.0
2008-04-23,0.0
2008-04-24,0.0
2008-04-25,0.0
2008-04-26,0.0
2008-04-27,0.0
2008-04-28,0.0
2008-04-29,0.0
2008-04-30,0.0
2008-05-01,0.0
2008-05-02,0.0
2008-05-03,0.0
2008-05-04,0.48
2008-05-05,11.52
2008-05-06,0.0
2008-05-07,0.04
2008-05-08,0.03
2008-05-09,0.0
2008-05-10,0.13
2008-05-11,0.0
2008-05-12,0.0
2008-05-13,6.94
2008-05-14,14.08
2008-05-15,1.89
2008-05-16,8.88
2008-05-17,86.0
2008-05-18,48.62
2008-05-19,22.42
2008-05-20,1.26
2008-05-21,0.14
2008-05-22,7.02
2008-05-23,21.69
2008-05-24,9.14
2008-05-25,3.19
2008-05-26,10.96
2008-05-27,4.38
2008-05-28,4.88
2008-05-29,1.92
2008-05-30,2.83
2008-05-31,0.0
2008-06-01,38.98
2008-06-02,13.88
2008-06-03,15.31
2008-06-04,3.44
2008-06-05,14.7
2008-06-06,27.14
2008-06-07,13.97
2008-06-08,13.59
2008-06-09,29.65
2008-06-10,12.56
2008-06-11,8.53
2008-06-12,0.54
2008-06-13,2.72
2008-06-14,1.55
2008-06-15,11.45
2008-06-16,17.2
2008-06-17,49.48
2008-06-18,24.35
2008-06-19,31.34
2008-06-20,12.67
2008-06-21,5.54
2008-06-22,5.18
2008-06-23,4.2
2008-06-24,5.24
2008-06-25,2.42
2008-06-26,3.42
2008-06-27,2.78
2008-06-28,25.5
2008-06-29,18.98
2008-06-30,40.07
2008-07-01,43.86
2008-07-02,15.28
2008-07-03,73.09
2008-07-04,39.59
2008-07-05,31.3
2008-07-06,35.7
2008-07-07,7.54
2008-07-08,6.64
2008-07-09,15.32
2008-07-10,12.65
2008-07-11,39.43
2008-07-12,2.58
2008-07-13,63.56
2008-07-14,52.55
2008-07-15,4.79
2008-07-16,14.94
2008-07-17,0.98
2008-07-18,1.32
2008-07-19,4.6
2008-07-20,10.32
2008-07-21,29.11
2008-07-22,3.56
2008-07-23,12.01
2008-07-24,9.94
2008-07-25,19.23
2008-07-26,1.03
2008-07-27,57.9
2008-07-28,2.58
2008-07-29,3.34
2008-07-30,0.0
2008-07-31,0.7
2008-08-01,2.07
2008-08-02,4.63
2008-08-03,1.9
2008-08-04,10.06
2008-08-05,63.79
2008-08-06,12.5
2008-08-07,0.42
2008-08-08,78.74
2008-08-09,6.38
2008-08-10,2.81
2008-08-11,75.97
2008-08-12,32.54
2008-08-13,2.84
2008-08-14,3.36
2008-08-15,6.76
2008-08-16,6.21
2008-08-17,12.26
2008-08-18,30.51
2008-08-19,9.24
2008-08-20,2.89
2008-08-21,1.73
2008-08-22,1.16
2008-08-23,2.8
2008-08-24,2.66
2008-08-25,0.0
2008-08-26,0.71
2008-08-27,8.63
2008-08-28,56.66
2008-08-29,33.35
2008-08-30,5.95
2008-08-31,0.32
2008-09-01,0.0
2008-09-02,2.7
2008-09-03,0.22
2008-09-04,6.85
2008-09-05,18.93
2008-09-06,1.58
2008-09-07,1.95
2008-09-08,5.3
2008-09-09,1.3
2008-09-10,15.47
2008-09-11,19.29
2008-09-12,15.26
2008-09-13,42.82
2008-09-14,20.89
2008-09-15,21.59
2008-09-16,2.35
2008-09-17,0.08
2008-09-18,1.06
2008-09-19,5.69
2008-09-20,21.2
2008-09-21,0.93
2008-09-22,7.9
2008-09-23,1.21
2008-09-24,0.0
2008-09-25,2.76
2008-09-26,2.7
2008-09-27,20.18
2008-09-28,4.08
2008-09-29,0.3
2008-09-30,0.0
2008-10-01,22.98
2008-10-02,3.48
2008-10-03,8.46
2008-10-04,0.01
2008-10-05,1.57
2008-10-06,14.65
2008-10-07,5.23
2008-10-08,0.0
2008-10-09,1.12
2008-10-10,1.36
2008-10-11,0.0
2008-10-12,0.0
2008-10-13,0.0
2008-10-14,0.0
2008-10-15,0.0
2008-10-16,0.0
2008-10-17,0.0
2008-10-18,0.0
2008-10-19,0.0
2008-10-20,0.0
2008-10-21,0.0
2008-10-22,0.06
2008-10-23,3.7
2008-10-24,28.96
2008-10-25,120.74
2008-10-26,53.67
2008-10-27,2.91
2008-10-28,0.0
2008-10-29,0.0
2008-10-30,0.0
2008-10-31,0.0
2008-11-01,0.0
2008-11-02,0.0
2008-11-03,0.0
2008-11-04,0.0
2008-11-05,0.0
2008-11-06,0.0
2008-11-07,0.0
2008-11-08,0.0
2008-11-09,0.0
2008-11-10,0.0
2008-11-11,0.0
2008-11-12,0.0
2008-11-13,0.06
2008-11-14,0.0
2008-11-15,0.0
2008-11-16,0.0
2008-11-17,0.0
2008-11-18,0.0
2008-11-19,0.0
2008-11-20,0.0
2008-11-21,0.0
2008-11-22,0.0
2008-11-23,0.0
2008-11-24,0.0
2008-11-25,0.0
2008-11-26,0.0
2008-11-27,0.0
2008-11-28,0.0
2008-11-29,0.0
2008-11-30,0.0
2008-12-01,0.0
2008-12-02,0.0
2008-12-03,0.0
2008-12-04,0.0
2008-12-05,0.0
2008-12-06,0.0
2008-12-07,0.0
2008-12-08,0.0
2008-12-09,0.0
2008-12-10,0.0
2008-12-11,0.0
2008-12-12,0.0
2008-12-13,0.0
2008-12-14,0.0
2008-12-15,0.0
2008-12-16,0.0
2008-12-17,0.0
2008-12-18,0.0
2008-12-19,0.0
2008-12-20,0.0
2008-12-21,0.0
2008-12-22,0.0
2008-12-23,0.0
2008-12-24,0.0
2008-12-25,0.0
2008-12-26,0.0
2008-12-27,0.0
2008-12-28,0.0
2008-12-29,0.0
2008-12-30,0.0
2008-12-31,0.0
2009-01-01,0.0
2009-01-02,0.0
2009-01-03,0.0
2009-01-04,0.0
2009-01-05,0.0
2009-01-06,0.0
2009-01-07,0.0
2009-01-08,0.0
2009-01-09,0.0
2009-01-10,0.0
2009-01-11,0.0
2009-01-12,0.0
2009-01-13,0.0
2009-01-14,0.0
2009-01-15,0.0
2009-01-16,0.0
2009-01-17,0.0
2009-01-18,0.0
2009-01-19,0.0
2009-01-20,0.0
2009-01-21,0.0
2009-01-22,0.0
2009-01-23,0.0
2009-01-24,0.0
2009-01-25,0.0
2009-01-26,0.0
2009-01-27,0.0
2009-01-28,0.0
2009-01-29,0.0
2009-01-30,0.0
2009-01-31,0.0
2009-02-01,0.0
2009-02-02,0.0
2009-02-03,0.0
2009-02-04,0.0
2009-02-05,0.0
2009-02-06,0.0
2009-02-07,0.0
2009-02-08,0.0
2009-02-09,0.0
2009-02-10,0.0
2009-02-11,0.0
2009-02-12,0.0
2009-02-13,0.0
2009-02-14,0.0
2009-02-15,0.0
2009-02-16,0.0
2009-02-17,0.0
2009-02-18,0.0
2009-02-19,0.0
2009-02-20,0.0
2009-02-21,0.0
2009-02-22,0.0
2009-02-23,0.0
2009-02-24,0.0
2009-02-25,0.0
2009-02-26,0.0
2009-02-27,0.0
2009-02-28,0.0
2009-03-01,0.0
2009-03-02,0.0
2009-03-03,0.0
2009-03-04,0.0
2009-03-05,0.0
2009-03-06,0.0
2009-03-07,0.0
2009-03-08,0.0
2009-03-09,0.23
2009-03-10,1.48
2009-03-11,0.26
2009-03-12,0.1
2009-03-13,0.0
2009-03-14,0.0
2009-03-15,0.41
2009-03-16,1.77
2009-03-17,0.0
2009-03-18,0.01
2009-03-19,0.08
2009-03-20,0.0
2009-03-21,0.0
2009-03-22,0.34
2009-03-23,0.0
2009-03-24,0.0
2009-03-25,0.0
2009-03-26,1.74
2009-03-27,3.01
2009-03-28,0.0
2009-03-29,2.15
2009-03-30,2.95
2009-03-31,20.99
2009-04-01,0.0
2009-04-02,0.0
2009-04-03,0.0
2009-04-04,0.0
2009-04-05,0.0
2009-04-06,0.0
2009-04-07,0.0
2009-04-08,0.0
2009-04-09,0.08
2009-04-10,0.0
2009-04-11,0.0
2009-04-12,0.0
2009-04-13,0.0
2009-04-14,0.0
2009-04-15,0.0
2009-04-16,6.1
2009-04-17,44.97
2009-04-18,0.0
2009-04-19,0.0
2009-04-20,0.0
2009-04-21,0.03
2009-04-22,0.0
2009-04-23,0.0
2009-04-24,0.0
2009-04-25,0.0
2009-04-26,0.0
2009-04-27,0.0
2009-04-28,0.0
2009-04-29,0.0
2009-04-30,0.0
2009-05-01,38.17
2009-05-02,39.08
2009-05-03,14.96
2009-05-04,0.0
2009-05-05,0.0
2009-05-06,0.0
2009-05-07,0.0
2009-05-08,0.0
2009-05-09,0.0
2009-05-10,1.14
2009-05-11,6.08
2009-05-12,0.0
2009-05-13,6.34
2009-05-14,1.08
2009-05-15,0.21
2009-05-16,14.0
2009-05-17,0.5
2009-05-18,101.52
2009-05-19,0.07
2009-05-20,0.0
2009-05-21,0.0
2009-05-22,0.0
2009-05-23,0.27
2009-05-24,22.32
2009-05-25,139.23
2009-05-26,68.62
2009-05-27,0.86
2009-05-28,0.36
2009-05-29,3.14
2009-05-30,0.27
2009-05-31,6.24
2009-06-01,2.96
2009-06-02,7.02
2009-06-03,15.4
2009-06-04,2.04
2009-06-05,3.77
2009-06-06,33.38
2009-06-07,18.29
2009-06-08,35.76
2009-06-09,1.74
2009-06-10,0.44
2009-06-11,0.0
2009-06-12,0.24
2009-06-13,0.0
2009-06-14,5.64
2009-06-15,0.0
2009-06-16,0.0
2009-06-17,5.4
2009-06-18,2.84
2009-06-19,13.79
2009-06-20,2.91
2009-06-21,0.0
2009-06-22,0.0
2009-06-23,1.54
2009-06-24,3.37
2009-06-25,0.54
2009-06-26,0.21
2009-06-27,30.7
2009-06-28,3.82
2009-06-29,85.6
2009-06-30,67.73
2009-07-01,107.34
2009-07-02,76.74
2009-07-03,14.34
2009-07-04,2.06
2009-07-05,1.42
2009-07-06,8.66
2009-07-07,6.18
2009-07-08,0.56
2009-07-09,12.64
2009-07-10,2.57
2009-07-11,0.24
2009-07-12,0.15
2009-07-13,15.32
2009-07-14,5.12
2009-07-15,7.58
2009-07-16,11.6
2009-07-17,8.44
2009-07-18,13.64
2009-07-19,0.02
2009-07-20,1.06
2009-07-21,0.63
2009-07-22,7.31
2009-07-23,0.11
2009-07-24,0.36
2009-07-25,2.75
2009-07-26,17.4
2009-07-27,50.1
2009-07-28,81.06
2009-07-29,87.64
2009-07-30,18.77
2009-07-31,35.76
2009-08-01,28.84
2009-08-02,11.64
2009-08-03,1.61
2009-08-04,0.7
2009-08-05,42.92
2009-08-06,30.02
2009-08-07,12.38
2009-08-08,1.2
2009-08-09,4.22
2009-08-10,8.54
2009-08-11,1.4
2009-08-12,13.79
2009-08-13,8.86
2009-08-14,3.44
2009-08-15,37.9
2009-08-16,14.48
2009-08-17,15.8
2009-08-18,25.57
2009-08-19,28.7
2009-08-20,27.1
2009-08-21,18.69
2009-08-22,3.68
2009-08-23,25.98
2009-08-24,24.34
2009-08-25,6.32
2009-08-26,16.03
2009-08-27,37.43
2009-08-28,1.01
2009-08-29,0.0
2009-08-30,16.71
2009-08-31,44.78
2009-09-01,7.36
2009-09-02,60.14
2009-09-03,7.06
2009-09-04,4.64
2009-09-05,4.22
2009-09-06,3.54
2009-09-07,14.96
2009-09-08,22.09
2009-09-09,3.63
2009-09-10,0.36
2009-09-11,0.06
2009-09-12,0.5
2009-09-13,5.71
2009-09-14,21.64
2009-09-15,26.05
2009-09-16,1.16
2009-09-17,0.06
2009-09-18,4.34
2009-09-19,0.68
2009-09-20,4.16
2009-09-21,1.92
2009-09-22,4.24
2009-09-23,11.36
2009-09-24,2.44
2009-09-25,0.0
2009-09-26,2.22
2009-09-27,2.12
2009-09-28,0.96
2009-09-29,0.21
2009-09-30,0.0
2009-10-01,0.0
2009-10-02,27.15
2009-10-03,34.96
2009-10-04,34.98
2009-10-05,2.0
2009-10-06,33.0
2009-10-07,4.18
2009-10-08,40.41
2009-10-09,13.33
2009-10-10,2.22
2009-10-11,0.0
2009-10-12,0.0
2009-10-13,0.0
2009-10-14,0.13
2009-10-15,10.2
2009-10-16,0.07
2009-10-17,0.0
2009-10-18,0.1
2009-10-19,0.0
2009-10-20,0.0
2009-10-21,0.0
2009-10-22,0.0
2009-10-23,0.0
2009-10-24,0.0
2009-10-25,0.0
2009-10-26,0.0
2009-10-27,0.0
2009-10-28,0.0
2009-10-29,0.0
2009-10-30,0.0
2009-10-31,0.0
2009-11-01,0.0
2009-11-02,0.0
2009-11-03,0.57
2009-11-04,0.38
2009-11-05,0.84
2009-11-06,0.0
2009-11-07,0.0
2009-11-08,0.0
2009-11-09,0.0
2009-11-10,0.0
2009-11-11,0.0
2009-11-12,0.0
2009-11-13,0.0
2009-11-14,0.0
2009-11-15,11.2
2009-11-16,29.8
2009-11-17,0.06
2009-11-18,0.04
2009-11-19,0.0
2009-11-20,0.0
2009-11-21,0.0
2009-11-22,0.0
2009-11-23,0.0
2009-11-24,0.0
2009-11-25,0.0
2009-11-26,0.0
2009-11-27,0.0
2009-11-28,0.0
2009-11-29,0.0
2009-11-30,0.0
2009-12-01,0.0
2009-12-02,0.0
2009-12-03,0.0
2009-12-04,0.0
2009-12-05,0.0
2009-12-06,0.0
2009-12-07,0.0
2009-12-08,0.0
2009-12-09,0.0
2009-12-10,0.0
2009-12-11,0.0
2009-12-12,0.0
2009-12-13,0.0
2009-12-14,0.0
2009-12-15,0.0
2009-12-16,0.32
2009-12-17,0.0
2009-12-18,0.0
2009-12-19,0.0
2009-12-20,0.0
2009-12-21,0.0
2009-12-22,0.0
2009-12-23,0.0
2009-12-24,0.0
2009-12-25,0.0
2009-12-26,0.0
2009-12-27,0.0
2009-12-28,0.0
2009-12-29,0.0
2009-12-30,0.0
2009-12-31,0.0
2010-01-01,0.0
2010-01-02,0.0
2010-01-03,0.0
2010-01-04,0.0
2010-01-05,0.0
2010-01-06,0.0
2010-01-07,0.0
2010-01-08,0.0
2010-01-09,0.0
2010-01-10,0.0
2010-01-11,0.0
2010-01-12,0.0
2010-01-13,0.96
2010-01-14,0.27
2010-01-15,0.0
2010-01-16,0.0
2010-01-17,0.0
2010-01-18,0.02
2010-01-19,0.0
2010-01-20,0.0
2010-01-21,0.0
2010-01-22,0.0
2010-01-23,0.0
2010-01-24,0.0
2010-01-25,0.0
2010-01-26,0.0
2010-01-27,0.0
2010-01-28,0.0
2010-01-29,0.0
2010-01-30,0.0
2010-01-31,0.0
2010-02-01,0.0
2010-02-02,0.0
2010-02-03,0.0
2010-02-04,0.0
2010-02-05,0.0
2010-02-06,0.0
2010-02-07,0.0
2010-02-08,0.0
2010-02-09,0.0
2010-02-10,1.05
2010-02-11,0.0
2010-02-12,0.51
2010-02-13,0.0
2010-02-14,0.0
2010-02-15,0.0
2010-02-16,1.25
2010-02-17,17.08
2010-02-18,0.0
2010-02-19,0.0
2010-02-20,0.0
2010-02-21,0.0
2010-02-22,0.0
2010-02-23,0.0
2010-02-24,0.56
2010-02-25,0.02
2010-02-26,0.0
2010-02-27,0.0
2010-02-28,0.0
2010-03-01,0.0
2010-03-02,0.0
2010-03-03,0.0
2010-03-04,0.0
2010-03-05,0.0
2010-03-06,0.0
2010-03-07,0.0
2010-03-08,0.0
2010-03-09,0.0
2010-03-10,0.0
2010-03-11,0.0
2010-03-12,0.0
2010-03-13,0.0
2010-03-14,0.0
2010-03-15,3.97
2010-03-16,0.0
2010-03-17,7.4
2010-03-18,0.0
2010-03-19,0.0
2010-03-20,0.0
2010-03-21,0.0
2010-03-22,0.0
2010-03-23,0.0
2010-03-24,0.0
2010-03-25,0.0
2010-03-26,0.0
2010-03-27,1.01
2010-03-28,13.05
2010-03-29,0.0
2010-03-30,0.0
2010-03-31,0.0
2010-04-01,0.0
2010-04-02,0.0
2010-04-03,0.0
2010-04-04,0.42
2010-04-05,0.0
2010-04-06,0.0
2010-04-07,0.0
2010-04-08,0.0
2010-04-09,0.0
2010-04-10,0.0
2010-04-11,0.0
2010-04-12,0.0
2010-04-13,0.0
2010-04-14,0.0
2010-04-15,0.0
2010-04-16,0.0
2010-04-17,0.0
2010-04-18,0.01
2010-04-19,0.0
2010-04-20,0.0
2010-04-21,0.0
2010-04-22,0.52
2010-04-23,0.0
2010-04-24,0.0
2010-04-25,4.24
2010-04-26,10.82
2010-04-27,0.0
2010-04-28,12.14
2010-04-29,30.29
2010-04-30,11.64
2010-05-01,0.0
2010-05-02,2.74
2010-05-03,2.52
2010-05-04,2.7
2010-05-05,3.15
2010-05-06,0.82
2010-05-07,0.0
2010-05-08,0.0
2010-05-09,10.76
2010-05-10,0.0
2010-05-11,0.0
2010-05-12,0.0
2010-05-13,0.0
2010-05-14,6.61
2010-05-15,0.0
2010-05-16,0.02
2010-05-17,4.0
2010-05-18,0.0
2010-05-19,2.75
2010-05-20,17.71
2010-05-21,21.9
2010-05-22,15.95
2010-05-23,1.41
2010-05-24,11.48
2010-05-25,22.34
2010-05-26,26.18
2010-05-27,9.94
2010-05-28,38.6
2010-05-29,51.54
2010-05-30,35.79
2010-05-31,66.46
2010-06-01,2.04
2010-06-02,2.84
2010-06-03,87.2
2010-06-04,52.12
2010-06-05,101.54
2010-06-06,16.87
2010-06-07,0.02
2010-06-08,0.46
2010-06-09,0.0
2010-06-10,0.12
2010-06-11,0.86
2010-06-12,42.0
2010-06-13,50.28
2010-06-14,27.48
2010-06-15,11.0
2010-06-16,0.86
2010-06-17,5.36
2010-06-18,9.38
2010-06-19,13.55
2010-06-20,8.94
2010-06-21,7.6
2010-06-22,17.78
2010-06-23,0.86
2010-06-24,11.44
2010-06-25,13.5
2010-06-26,39.28
2010-06-27,5.2
2010-06-28,3.94
2010-06-29,44.49
2010-06-30,2.62
2010-07-01,3.47
2010-07-02,8.58
2010-07-03,0.5
2010-07-04,2.26
2010-07-05,11.22
2010-07-06,2.8
2010-07-07,16.1
2010-07-08,0.2
2010-07-09,0.11
2010-07-10,7.53
2010-07-11,21.52
2010-07-12,40.23
2010-07-13,7.72
2010-07-14,1.18
2010-07-15,3.17
2010-07-16,0.23
2010-07-17,1.4
2010-07-18,3.28
2010-07-19,2.15
2010-07-20,24.78
2010-07-21,15.24
2010-07-22,14.5
2010-07-23,2.92
2010-07-24,4.86
2010-07-25,13.94
2010-07-26,1.5
2010-07-27,0.1
2010-07-28,26.68
2010-07-29,15.47
2010-07-30,37.59
2010-07-31,5.7
2010-08-01,2.38
2010-08-02,1.55
2010-08-03,3.65
2010-08-04,30.04
2010-08-05,1.3
2010-08-06,5.5
2010-08-07,0.46
2010-08-08,3.35
2010-08-09,4.0
2010-08-10,77.56
2010-08-11,63.92
2010-08-12,23.37
2010-08-13,40.24
2010-08-14,10.33
2010-08-15,2.36
2010-08-16,1.55
2010-08-17,4.93
2010-08-18,1.0
2010-08-19,9.91
2010-08-20,20.16
2010-08-21,1.59
2010-08-22,0.28
2010-08-23,5.37
2010-08-24,4.04
2010-08-25,20.69
2010-08-26,4.64
2010-08-27,14.18
2010-08-28,0.26
2010-08-29,5.94
2010-08-30,1.62
2010-08-31,0.44
2010-09-01,0.35
2010-09-02,7.98
2010-09-03,5.44
2010-09-04,4.04
2010-09-05,3.76
2010-09-06,0.98
2010-09-07,0.0
2010-09-08,0.02
2010-09-09,2.07
2010-09-10,24.32
2010-09-11,0.14
2010-09-12,14.81
2010-09-13,16.94
2010-09-14,14.96
2010-09-15,8.95
2010-09-16,2.24
2010-09-17,14.88
2010-09-18,21.72
2010-09-19,7.81
2010-09-20,7.42
2010-09-21,14.58
2010-09-22,0.42
2010-09-23,0.0
2010-09-24,4.13
2010-09-25,17.05
2010-09-26,14.02
2010-09-27,3.64
2010-09-28,5.99
2010-09-29,0.0
2010-09-30,0.0
2010-10-01,0.0
2010-10-02,0.0
2010-10-03,0.0
2010-10-04,0.0
2010-10-05,17.58
2010-10-06,51.8
2010-10-07,136.46
2010-10-08,45.9
2010-10-09,0.0
2010-10-10,1.72
2010-10-11,0.0
2010-10-12,0.14
2010-10-13,0.54
2010-10-14,34.68
2010-10-15,0.0
2010-10-16,0.26
2010-10-17,0.0
2010-10-18,0.0
2010-10-19,0.05
2010-10-20,0.0
2010-10-21,0.44
2010-10-22,12.22
2010-10-23,0.14
2010-10-24,0.0
2010-10-25,0.2
2010-10-26,0.1
2010-10-27,2.41
2010-10-28,0.0
2010-10-29,0.0
2010-10-30,0.0
2010-10-31,0.0
2010-11-01,2.8
2010-11-02,1.1
2010-11-03,0.0
2010-11-04,0.0
2010-11-05,0.0
2010-11-06,0.0
2010-11-07,0.0
2010-11-08,0.0
2010-11-09,0.0
2010-11-10,0.0
2010-11-11,0.0
2010-11-12,0.0
2010-11-13,0.0
2010-11-14,0.0
2010-11-15,0.0
2010-11-16,0.0
2010-11-17,0.0
2010-11-18,0.0
2010-11-19,0.0
2010-11-20,4.89
2010-11-21,0.0
2010-11-22,0.0
2010-11-23,0.0
2010-11-24,0.0
2010-11-25,0.0
2010-11-26,0.0
2010-11-27,0.0
2010-11-28,0.0
2010-11-29,0.0
2010-11-30,0.0
2010-12-01,0.0
2010-12-02,0.0
2010-12-03,0.0
2010-12-04,0.0
2010-12-05,0.06
2010-12-06,1.28
2010-12-07,0.36
2010-12-08,6.0
2010-12-09,2.6
2010-12-10,0.46
2010-12-11,0.0
2010-12-12,0.0
2010-12-13,0.0
2010-12-14,0.0
2010-12-15,0.0
2010-12-16,0.0
2010-12-17,0.0
2010-12-18,0.0
2010-12-19,0.0
2010-12-20,0.0
2010-12-21,0.0
2010-12-22,0.0
2010-12-23,0.0
2010-12-24,0.0
2010-12-25,0.0
2010-12-26,0.0
2010-12-27,0.0
2010-12-28,0.0
2010-12-29,0.0
2010-12-30,0.0
2010-12-31,0.0
2011-01-01,0.0
2011-01-02,0.0
2011-01-03,0.0
2011-01-04,0.0
2011-01-05,0.0
2011-01-06,0.0
2011-01-07,0.0
2011-01-08,0.0
2011-01-09,0.0
2011-01-10,0.0
2011-01-11,0.0
2011-01-12,0.0
2011-01-13,0.0
2011-01-14,0.0
2011-01-15,0.0
2011-01-16,0.02
2011-01-17,0.0
2011-01-18,0.0
2011-01-19,0.0
2011-01-20,0.0
2011-01-21,0.0
2011-01-22,0.0
2011-01-23,0.0
2011-01-24,0.0
2011-01-25,0.0
2011-01-26,0.0
2011-01-27,0.0
2011-01-28,0.0
2011-01-29,0.0
2011-01-30,0.0
2011-01-31,0.0
2011-02-01,0.0
2011-02-02,0.0
2011-02-03,0.0
2011-02-04,0.0
2011-02-05,0.0
2011-02-06,0.0
2011-02-07,0.0
2011-02-08,0.0
2011-02-09,0.0
2011-02-10,0.0
2011-02-11,0.0
2011-02-12,0.0
2011-02-13,0.0
2011-02-14,0.0
2011-02-15,0.0
2011-02-16,0.0
2011-02-17,0.0
2011-02-18,0.0
2011-02-19,0.0
2011-02-20,0.0
2011-02-21,0.65
2011-02-22,0.0
2011-02-23,0.0
2011-02-24,0.0
2011-02-25,0.0
2011-02-26,0.0
2011-02-27,0.0
2011-02-28,0.0
2011-03-01,0.0
2011-03-02,0.0
2011-03-03,0.0
2011-03-04,0.0
2011-03-05,0.0
2011-03-06,0.0
2011-03-07,0.0
2011-03-08,0.0
2011-03-09,0.0
2011-03-10,0.68
2011-03-11,2.4
2011-03-12,0.15
2011-03-13,0.0
2011-03-14,0.0
2011-03-15,1.08
2011-03-16,0.0
2011-03-17,0.0
2011-03-18,0.0
2011-03-19,0.0
2011-03-20,0.0
2011-03-21,0.0
2011-03-22,0.0
2011-03-23,0.0
2011-03-24,1.76
2011-03-25,0.0
2011-03-26,3.56
2011-03-27,13.92
2011-03-28,2.14
2011-03-29,5.13
2011-03-30,37.64
2011-03-31,8.26
2011-04-01,0.39
2011-04-02,0.0
2011-04-03,0.0
2011-04-04,0.0
2011-04-05,0.0
2011-04-06,0.0
2011-04-07,0.0
2011-04-08,0.02
2011-04-09,0.08
2011-04-10,4.7
2011-04-11,0.0
2011-04-12,0.0
2011-04-13,0.0
2011-04-14,0.92
2011-04-15,0.0
2011-04-16,0.64
2011-04-17,0.0
2011-04-18,0.75
2011-04-19,0.18
2011-04-20,2.74
2011-04-21,10.8
2011-04-22,10.06
2011-04-23,1.89
2011-04-24,0.0
2011-04-25,16.24
2011-04-26,2.14
2011-04-27,0.83
2011-04-28,1.66
2011-04-29,0.0
2011-04-30,0.16
2011-05-01,0.0
2011-05-02,0.0
2011-05-03,4.08
2011-05-04,42.39
2011-05-05,3.92
2011-05-06,8.06
2011-05-07,0.16
2011-05-08,0.16
2011-05-09,0.0
2011-05-10,10.2
2011-05-11,9.84
2011-05-12,0.0
2011-05-13,5.16
2011-05-14,0.0
2011-05-15,0.0
2011-05-16,0.04
2011-05-17,11.36
2011-05-18,6.24
2011-05-19,18.96
2011-05-20,0.37
2011-05-21,18.5
2011-05-22,30.98
2011-05-23,10.85
2011-05-24,5.88
2011-05-25,107.0
2011-05-26,2.29
2011-05-27,1.66
2011-05-28,5.4
2011-05-29,23.31
2011-05-30,2.58
2011-05-31,6.84
2011-06-01,0.0
2011-06-02,34.1
2011-06-03,0.0
2011-06-04,13.34
2011-06-05,0.0
2011-06-06,0.0
2011-06-07,16.5
2011-06-08,21.63
2011-06-09,17.86
2011-06-10,12.54
2011-06-11,0.66
2011-06-12,1.04
2011-06-13,1.16
2011-06-14,24.76
2011-06-15,23.26
2011-06-16,33.02
2011-06-17,45.5
2011-06-18,21.19
2011-06-19,0.11
2011-06-20,2.93
2011-06-21,1.57
2011-06-22,1.68
2011-06-23,11.68
2011-06-24,31.58
2011-06-25,14.36
2011-06-26,14.98
2011-06-27,18.58
2011-06-28,30.44
2011-06-29,61.56
2011-06-30,23.72
2011-07-01,61.48
2011-07-02,19.34
2011-07-03,24.83
2011-07-04,5.54
2011-07-05,0.55
2011-07-06,0.09
2011-07-07,17.3
2011-07-08,0.34
2011-07-09,0.88
2011-07-10,0.0
2011-07-11,9.4
2011-07-12,17.16
2011-07-13,1.6
2011-07-14,5.12
2011-07-15,0.91
2011-07-16,3.93
2011-07-17,17.42
2011-07-18,13.55
2011-07-19,50.92
2011-07-20,6.3
2011-07-21,51.45
2011-07-22,9.27
2011-07-23,5.96
2011-07-24,0.57
2011-07-25,7.9
2011-07-26,4.86
2011-07-27,0.22
2011-07-28,1.06
2011-07-29,1.63
2011-07-30,0.1
2011-07-31,20.77
2011-08-01,8.18
2011-08-02,10.56
2011-08-03,16.48
2011-08-04,25.85
2011-08-05,18.96
2011-08-06,15.34
2011-08-07,61.22
2011-08-08,56.96
2011-08-09,67.97
2011-08-10,18.26
2011-08-11,8.11
2011-08-12,2.84
2011-08-13,4.57
2011-08-14,0.19
2011-08-15,6.8
2011-08-16,48.98
2011-08-17,41.65
2011-08-18,5.96
2011-08-19,6.45
2011-08-20,63.81
2011-08-21,48.42
2011-08-22,13.38
2011-08-23,15.94
2011-08-24,19.68
2011-08-25,42.5
2011-08-26,6.2
2011-08-27,0.78
2011-08-28,8.39
2011-08-29,2.22
2011-08-30,0.0
2011-08-31,1.26
2011-09-01,2.37
2011-09-02,14.24
2011-09-03,0.3
2011-09-04,2.38
2011-09-05,5.2
2011-09-06,26.6
2011-09-07,88.12
2011-09-08,26.04
2011-09-09,0.9
2011-09-10,0.0
2011-09-11,6.57
2011-09-12,12.78
2011-09-13,10.71
2011-09-14,17.42
2011-09-15,1.78
2011-09-16,46.84
2011-09-17,64.12
2011-09-18,5.43
2011-09-19,6.96
2011-09-20,43.1
2011-09-21,0.89
2011-09-22,6.84
2011-09-23,5.56
2011-09-24,1.15
2011-09-25,0.07
2011-09-26,5.94
2011-09-27,5.47
2011-09-28,0.09
2011-09-29,0.08
2011-09-30,14.52
2011-10-01,24.36
2011-10-02,13.0
2011-10-03,1.38
2011-10-04,1.03
2011-10-05,9.47
2011-10-06,0.0
2011-10-07,2.74
2011-10-08,0.0
2011-10-09,0.0
2011-10-10,0.0
2011-10-11,0.0
2011-10-12,0.0
2011-10-13,0.0
2011-10-14,0.0
2011-10-15,0.0
2011-10-16,0.0
2011-10-17,10.42
2011-10-18,6.21
2011-10-19,0.4
2011-10-20,0.0
2011-10-21,0.78
2011-10-22,4.46
2011-10-23,0.0
2011-10-24,0.0
2011-10-25,0.0
2011-10-26,0.04
2011-10-27,0.0
2011-10-28,0.0
2011-10-29,0.0
2011-10-30,0.0
2011-10-31,0.0
2011-11-01,0.0
2011-11-02,0.0
2011-11-03,0.0
2011-11-04,0.0
2011-11-05,0.0
2011-11-06,0.0
2011-11-07,0.0
2011-11-08,0.0
2011-11-09,0.0
2011-11-10,0.0
2011-11-11,0.0
2011-11-12,0.0
2011-11-13,0.0
2011-11-14,0.0
2011-11-15,0.0
2011-11-16,0.0
2011-11-17,0.0
2011-11-18,0.0
2011-11-19,0.0
2011-11-20,0.0
2011-11-21,0.0
2011-11-22,0.0
2011-11-23,0.0
2011-11-24,0.0
2011-11-25,0.0
2011-11-26,0.0
2011-11-27,0.0
2011-11-28,0.0
2011-11-29,0.0
2011-11-30,0.0
2011-12-01,0.0
2011-12-02,0.0
2011-12-03,0.0
2011-12-04,0.0
2011-12-05,0.0
2011-12-06,0.0
2011-12-07,0.0
2011-12-08,0.0
2011-12-09,0.0
2011-12-10,0.0
2011-12-11,0.0
2011-12-12,0.0
2011-12-13,0.0
2011-12-14,0.0
2011-12-15,0.0
2011-12-16,0.0
2011-12-17,0.0
2011-12-18,0.0
2011-12-19,0.0
2011-12-20,0.0
2011-12-21,0.0
2011-12-22,0.0
2011-12-23,0.04
2011-12-24,0.03
2011-12-25,0.0
2011-12-26,0.0
2011-12-27,0.0
2011-12-28,0.16
2011-12-29,0.0
2011-12-30,0.0
2011-12-31,0.0
2012-01-01,0.42
2012-01-02,1.39
2012-01-03,0.0
2012-01-04,0.0
2012-01-05,0.0
2012-01-06,0.0
2012-01-07,0.08
2012-01-08,0.14
2012-01-09,0.77
2012-01-10,4.49
2012-01-11,0.0
2012-01-12,0.0
2012-01-13,0.0
2012-01-14,0.0
2012-01-15,0.0
2012-01-16,0.0
2012-01-17,0.0
2012-01-18,0.0
2012-01-19,0.0
2012-01-20,0.0
2012-01-21,0.0
2012-01-22,0.0
2012-01-23,0.0
2012-01-24,0.0
2012-01-25,0.0
2012-01-26,0.0
2012-01-27,0.0
2012-01-28,0.0
2012-01-29,0.0
2012-01-30,0.0
2012-01-31,0.0
2012-02-01,0.0
2012-02-02,0.0
2012-02-03,0.0
2012-02-04,0.0
2012-02-05,0.0
2012-02-06,0.0
2012-02-07,0.0
2012-02-08,0.02
2012-02-09,0.0
2012-02-10,0.0
2012-02-11,0.0
2012-02-12,0.0
2012-02-13,0.0
2012-02-14,0.0
2012-02-15,0.0
2012-02-16,0.22
2012-02-17,0.0
2012-02-18,0.0
2012-02-19,0.0
2012-02-20,0.0
2012-02-21,0.0
2012-02-22,0.0
2012-02-23,0.0
2012-02-24,0.0
2012-02-25,0.0
2012-02-26,0.0
2012-02-27,0.0
2012-02-28,4.54
2012-02-29,1.71
2012-03-01,0.0
2012-03-02,3.27
2012-03-03,0.0
2012-03-04,0.0
2012-03-05,0.0
2012-03-06,0.0
2012-03-07,0.0
2012-03-08,0.0
2012-03-09,0.0
2012-03-10,0.0
2012-03-11,0.0
2012-03-12,0.0
2012-03-13,2.14
2012-03-14,0.0
2012-03-15,0.0
2012-03-16,0.0
2012-03-17,0.0
2012-03-18,0.0
2012-03-19,0.0
2012-03-20,0.0
2012-03-21,0.0
2012-03-22,0.0
2012-03-23,0.0
2012-03-24,0.0
2012-03-25,0.0
2012-03-26,0.0
2012-03-27,0.0
2012-03-28,0.0
2012-03-29,0.0
2012-03-30,0.0
2012-03-31,0.0
2012-04-01,0.0
2012-04-02,0.0
2012-04-03,0.0
2012-04-04,0.0
2012-04-05,0.04
2012-04-06,22.4
2012-04-07,11.29
2012-04-08,32.14
2012-04-09,57.02
2012-04-10,10.54
2012-04-11,0.0
2012-04-12,23.12
2012-04-13,2.32
2012-04-14,0.0
2012-04-15,0.0
2012-04-16,0.0
2012-04-17,0.0
2012-04-18,0.0
2012-04-19,0.0
2012-04-20,10.91
2012-04-21,55.21
2012-04-22,0.0
2012-04-23,1.25
2012-04-24,0.0
2012-04-25,0.0
2012-04-26,0.0
2012-04-27,0.1
2012-04-28,57.42
2012-04-29,1.7
2012-04-30,2.14
2012-05-01,42.6
2012-05-02,15.58
2012-05-03,0.32
2012-05-04,6.06
2012-05-05,0.01
2012-05-06,0.0
2012-05-07,0.0
2012-05-08,0.36
2012-05-09,0.0
2012-05-10,0.0
2012-05-11,0.0
2012-05-12,1.64
2012-05-13,12.49
2012-05-14,0.09
2012-05-15,0.0
2012-05-16,1.77
2012-05-17,5.44
2012-05-18,0.0
2012-05-19,15.73
2012-05-20,0.15
2012-05-21,0.0
2012-05-22,0.0
2012-05-23,0.0
2012-05-24,8.26
2012-05-25,0.0
2012-05-26,0.26
2012-05-27,0.0
2012-05-28,0.04
2012-05-29,16.04
2012-05-30,4.62
2012-05-31,26.23
2012-06-01,51.88
2012-06-02,65.58
2012-06-03,0.16
2012-06-04,88.38
2012-06-05,20.96
2012-06-06,21.08
2012-06-07,0.53
2012-06-08,0.02
2012-06-09,0.05
2012-06-10,0.39
2012-06-11,0.0
2012-06-12,0.0
2012-06-13,0.35
2012-06-14,0.0
2012-06-15,54.96
2012-06-16,62.78
2012-06-17,0.82
2012-06-18,2.89
2012-06-19,30.98
2012-06-20,5.76
2012-06-21,13.45
2012-06-22,14.18
2012-06-23,68.28
2012-06-24,21.49
2012-06-25,75.34
2012-06-26,17.07
2012-06-27,2.32
2012-06-28,0.48
2012-06-29,0.2
2012-06-30,4.28
2012-07-01,3.4
2012-07-02,0.65
2012-07-03,0.28
2012-07-04,3.96
2012-07-05,5.72
2012-07-06,3.64
2012-07-07,11.76
2012-07-08,5.5
2012-07-09,43.91
2012-07-10,11.02
2012-07-11,3.79
2012-07-12,42.29
2012-07-13,47.9
2012-07-14,111.08
2012-07-15,43.02
2012-07-16,15.16
2012-07-17,13.7
2012-07-18,20.9
2012-07-19,0.73
2012-07-20,7.62
2012-07-21,1.07
2012-07-22,7.82
2012-07-23,30.01
2012-07-24,5.55
2012-07-25,0.48
2012-07-26,1.42
2012-07-27,6.5
2012-07-28,29.35
2012-07-29,3.24
2012-07-30,0.62
2012-07-31,0.13
2012-08-01,6.8
2012-08-02,18.82
2012-08-03,19.59
2012-08-04,1.14
2012-08-05,5.98
2012-08-06,4.94
2012-08-07,7.7
2012-08-08,13.25
2012-08-09,1.88
2012-08-10,12.21
2012-08-11,21.12
2012-08-12,33.26
2012-08-13,11.07
2012-08-14,12.38
2012-08-15,4.84
2012-08-16,3.82
2012-08-17,0.0
2012-08-18,2.56
2012-08-19,17.95
2012-08-20,27.0
2012-08-21,1.57
2012-08-22,3.68
2012-08-23,2.58
2012-08-24,64.28
2012-08-25,11.98
2012-08-26,17.12
2012-08-27,1.04
2012-08-28,1.82
2012-08-29,0.58
2012-08-30,3.34
2012-08-31,1.46
2012-09-01,5.8
2012-09-02,7.16
2012-09-03,4.98
2012-09-04,26.8
2012-09-05,10.54
2012-09-06,1.29
2012-09-07,3.38
2012-09-08,9.86
2012-09-09,3.64
2012-09-10,2.92
2012-09-11,4.7
2012-09-12,6.18
2012-09-13,25.58
2012-09-14,1.85
2012-09-15,26.44
2012-09-16,21.42
2012-09-17,4.01
2012-09-18,0.14
2012-09-19,0.0
2012-09-20,0.0
2012-09-21,3.44
2012-09-22,0.32
2012-09-23,2.52
2012-09-24,0.22
2012-09-25,13.54
2012-09-26,21.42
2012-09-27,0.22
2012-09-28,27.78
2012-09-29,16.52
2012-09-30,0.08
2012-10-01,0.19
2012-10-02,0.0
2012-10-03,3.91
2012-10-04,24.68
2012-10-05,40.04
2012-10-06,1.01
2012-10-07,1.34
2012-10-08,19.18
2012-10-09,2.66
2012-10-10,98.2
2012-10-11,56.92
2012-10-12,22.74
2012-10-13,7.44
2012-10-14,0.0
2012-10-15,0.0
2012-10-16,0.0
2012-10-17,0.0
2012-10-18,0.0
2012-10-19,0.0
2012-10-20,0.0
2012-10-21,0.0
2012-10-22,0.0
2012-10-23,0.0
2012-10-24,0.0
2012-10-25,0.0
2012-10-26,0.0
2012-10-27,0.0
2012-10-28,0.0
2012-10-29,0.0
2012-10-30,0.0
2012-10-31,0.0
2012-11-01,0.0
2012-11-02,0.82
2012-11-03,12.22
2012-11-04,3.74
2012-11-05,14.79
2012-11-06,1.25
2012-11-07,0.0
2012-11-08,0.0
2012-11-09,0.0
2012-11-10,0.0
2012-11-11,0.0
2012-11-12,0.0
2012-11-13,0.0
2012-11-14,0.0
2012-11-15,0.01
2012-11-16,0.0
2012-11-17,0.55
2012-11-18,0.0
2012-11-19,0.0
2012-11-20,0.0
2012-11-21,0.0
2012-11-22,0.0
2012-11-23,0.0
2012-11-24,0.0
2012-11-25,0.0
2012-11-26,0.0
2012-11-27,0.0
2012-11-28,0.0
2012-11-29,0.0
2012-11-30,0.0
2012-12-01,0.0
2012-12-02,0.0
2012-12-03,0.0
2012-12-04,0.0
2012-12-05,0.0
2012-12-06,0.0
2012-12-07,0.0
2012-12-08,0.0
2012-12-09,0.0
2012-12-10,0.0
2012-12-11,0.04
2012-12-12,4.7
2012-12-13,0.0
2012-12-14,0.0
2012-12-15,0.0
2012-12-16,0.0
2012-12-17,0.0
2012-12-18,0.0
2012-12-19,0.0
2012-12-20,0.0
2012-12-21,0.0
2012-12-22,0.0
2012-12-23,0.0
2012-12-24,0.0
2012-12-25,0.0
2012-12-26,0.0
2012-12-27,0.0
2012-12-28,0.0
2012-12-29,0.0
2012-12-30,0.0
2012-12-31,0.0
2013-01-01,0.0
2013-01-02,0.0
2013-01-03,0.18
2013-01-04,0.0
2013-01-05,0.0
2013-01-06,0.0
2013-01-07,0.0
2013-01-08,0.0
2013-01-09,0.0
2013-01-10,0.0
2013-01-11,0.02
2013-01-12,0.0
2013-01-13,0.0
2013-01-14,0.0
2013-01-15,0.0
2013-01-16,0.0
2013-01-17,0.0
2013-01-18,0.0
2013-01-19,0.0
2013-01-20,0.0
2013-01-21,0.0
2013-01-22,0.0
2013-01-23,0.0
2013-01-24,0.0
2013-01-25,0.0
2013-01-26,0.0
2013-01-27,0.0
2013-01-28,0.0
2013-01-29,0.0
2013-01-30,0.0
2013-01-31,0.0
2013-02-01,0.98
2013-02-02,0.02
2013-02-03,0.0
2013-02-04,0.0
2013-02-05,0.0
2013-02-06,0.0
2013-02-07,0.0
2013-02-08,0.0
2013-02-09,0.0
2013-02-10,0.0
2013-02-11,0.0
2013-02-12,0.01
2013-02-13,0.0
2013-02-14,0.0
2013-02-15,0.0
2013-02-16,0.2
2013-02-17,2.68
2013-02-18,0.0
2013-02-19,0.0
2013-02-20,0.0
2013-02-21,0.0
2013-02-22,0.0
2013-02-23,0.0
2013-02-24,0.0
2013-02-25,0.0
2013-02-26,0.0
2013-02-27,0.0
2013-02-28,0.0
2013-03-01,0.0
2013-03-02,0.0
2013-03-03,0.0
2013-03-04,0.0
2013-03-05,0.0
2013-03-06,0.0
2013-03-07,0.0
2013-03-08,0.0
2013-03-09,0.0
2013-03-10,0.0
2013-03-11,0.0
2013-03-12,0.0
2013-03-13,0.0
2013-03-14,0.0
2013-03-15,0.02
2013-03-16,0.0
2013-03-17,1.72
2013-03-18,0.0
2013-03-19,0.0
2013-03-20,0.0
2013-03-21,0.0
2013-03-22,16.44
2013-03-23,0.0
2013-03-24,0.0
2013-03-25,0.0
2013-03-26,0.0
2013-03-27,0.0
2013-03-28,0.0
2013-03-29,0.6
2013-03-30,0.0
2013-03-31,0.0
2013-04-01,13.9
2013-04-02,0.0
2013-04-03,0.32
2013-04-04,0.0
2013-04-05,0.0
2013-04-06,0.0
2013-04-07,0.0
2013-04-08,0.0
2013-04-09,0.0
2013-04-10,0.0
2013-04-11,0.0
2013-04-12,0.0
2013-04-13,0.0
2013-04-14,2.02
2013-04-15,5.38
2013-04-16,19.38
2013-04-17,29.52
2013-04-18,1.37
2013-04-19,0.24
2013-04-20,0.3
2013-04-21,4.06
2013-04-22,11.1
2013-04-23,0.0
2013-04-24,0.0
2013-04-25,0.0
2013-04-26,0.0
2013-04-27,7.14
2013-04-28,0.0
2013-04-29,2.04
2013-04-30,0.0
2013-05-01,0.0
2013-05-02,0.0
2013-05-03,1.86
2013-05-04,100.36
2013-05-05,58.88
2013-05-06,99.12
2013-05-07,19.8
2013-05-08,17.72
2013-05-09,32.03
2013-05-10,0.0
2013-05-11,0.19
2013-05-12,10.78
2013-05-13,1.92
2013-05-14,2.4
2013-05-15,32.92
2013-05-16,20.72
2013-05-17,0.0
2013-05-18,0.0
2013-05-19,0.0
2013-05-20,19.68
2013-05-21,106.56
2013-05-22,69.62
2013-05-23,12.88
2013-05-24,27.05
2013-05-25,2.31
2013-05-26,0.82
2013-05-27,7.13
2013-05-28,4.36
2013-05-29,1.53
2013-05-30,2.2
2013-05-31,3.56
2013-06-01,0.0
2013-06-02,0.0
2013-06-03,6.32
2013-06-04,0.08
2013-06-05,5.66
2013-06-06,20.52
2013-06-07,8.36
2013-06-08,11.0
2013-06-09,12.78
2013-06-10,2.96
2013-06-11,1.62
2013-06-12,8.32
2013-06-13,9.01
2013-06-14,2.96
2013-06-15,0.16
2013-06-16,3.04
2013-06-17,0.56
2013-06-18,0.0
2013-06-19,4.66
2013-06-20,3.84
2013-06-21,62.75
2013-06-22,6.24
2013-06-23,20.29
2013-06-24,8.97
2013-06-25,38.17
2013-06-26,38.2
2013-06-27,73.26
2013-06-28,30.23
2013-06-29,20.25
2013-06-30,8.46
2013-07-01,2.09
2013-07-02,4.68
2013-07-03,5.66
2013-07-04,3.05
2013-07-05,1.14
2013-07-06,19.52
2013-07-07,4.77
2013-07-08,0.3
2013-07-09,12.16
2013-07-10,2.39
2013-07-11,2.77
2013-07-12,2.46
2013-07-13,1.69
2013-07-14,0.4
2013-07-15,18.64
2013-07-16,3.46
2013-07-17,2.54
2013-07-18,0.92
2013-07-19,2.71
2013-07-20,7.37
2013-07-21,3.89
2013-07-22,13.57
2013-07-23,11.98
2013-07-24,7.52
2013-07-25,3.72
2013-07-26,22.14
2013-07-27,109.52
2013-07-28,32.97
2013-07-29,2.84
2013-07-30,11.13
2013-07-31,1.71
2013-08-01,0.4
2013-08-02,2.36
2013-08-03,16.73
2013-08-04,44.29
2013-08-05,7.8
2013-08-06,52.46
2013-08-07,3.4
2013-08-08,2.63
2013-08-09,2.93
2013-08-10,24.1
2013-08-11,12.74
2013-08-12,6.43
2013-08-13,1.16
2013-08-14,5.46
2013-08-15,20.93
2013-08-16,9.15
2013-08-17,6.54
2013-08-18,11.12
2013-08-19,14.38
2013-08-20,53.14
2013-08-21,3.58
2013-08-22,0.0
2013-08-23,27.53
2013-08-24,1.71
2013-08-25,2.75
2013-08-26,4.0
2013-08-27,5.71
2013-08-28,26.07
2013-08-29,16.28
2013-08-30,1.9
2013-08-31,4.34
2013-09-01,11.1
2013-09-02,22.9
2013-09-03,8.7
2013-09-04,7.64
2013-09-05,8.76
2013-09-06,0.03
2013-09-07,4.01
2013-09-08,6.74
2013-09-09,12.51
2013-09-10,5.9
2013-09-11,0.04
2013-09-12,0.0
2013-09-13,12.23
2013-09-14,22.64
2013-09-15,4.26
2013-09-16,4.56
2013-09-17,12.42
2013-09-18,0.28
2013-09-19,0.02
2013-09-20,0.0
2013-09-21,3.06
2013-09-22,1.15
2013-09-23,8.46
2013-09-24,70.35
2013-09-25,35.16
2013-09-26,4.33
2013-09-27,9.45
2013-09-28,12.81
2013-09-29,16.1
2013-09-30,4.72
2013-10-01,0.95
2013-10-02,19.4
2013-10-03,7.3
2013-10-04,9.2
2013-10-05,7.56
2013-10-06,12.7
2013-10-07,1.48
2013-10-08,23.85
2013-10-09,2.42
2013-10-10,0.0
2013-10-11,0.0
2013-10-12,1.07
2013-10-13,3.36
2013-10-14,0.0
2013-10-15,0.0
2013-10-16,0.0
2013-10-17,0.0
2013-10-18,0.0
2013-10-19,0.0
2013-10-20,0.77
2013-10-21,16.7
2013-10-22,23.69
2013-10-23,4.24
2013-10-24,0.8
2013-10-25,34.6
2013-10-26,52.64
2013-10-27,0.0
2013-10-28,0.0
2013-10-29,0.0
2013-10-30,0.0
2013-10-31,0.0
2013-11-01,0.0
2013-11-02,0.0
2013-11-03,0.0
2013-11-04,0.0
2013-11-05,0.0
2013-11-06,0.0
2013-11-07,0.0
2013-11-08,0.0
2013-11-09,0.0
2013-11-10,0.0
2013-11-11,0.0
2013-11-12,0.0
2013-11-13,0.0
2013-11-14,0.0
2013-11-15,0.0
2013-11-16,0.0
2013-11-17,0.02
2013-11-18,0.0
2013-11-19,0.0
2013-11-20,0.0
2013-11-21,0.0
2013-11-22,0.0
2013-11-23,0.0
2013-11-24,0.0
2013-11-25,0.0
2013-11-26,0.0
2013-11-27,0.0
2013-11-28,0.0
2013-11-29,0.0
2013-11-30,0.0
2013-12-01,0.0
2013-12-02,0.0
2013-12-03,0.0
2013-12-04,0.0
2013-12-05,0.0
2013-12-06,0.0
2013-12-07,0.0
2013-12-08,0.0
2013-12-09,0.0
2013-12-10,0.0
2013-12-11,0.0
2013-12-12,0.0
2013-12-13,0.0
2013-12-14,0.0
2013-12-15,0.0
2013-12-16,0.0
2013-12-17,0.0
2013-12-18,0.0
2013-12-19,0.0
2013-12-20,0.0
2013-12-21,0.0
2013-12-22,0.0
2013-12-23,0.0
2013-12-24,0.0
2013-12-25,0.0
2013-12-26,0.0
2013-12-27,0.0
2013-12-28,0.0
2013-12-29,0.0
2013-12-30,0.0
2013-12-31,0.0
2014-01-01,0.0
2014-01-02,0.0
2014-01-03,0.0
2014-01-04,0.0
2014-01-05,0.0
2014-01-06,0.0
2014-01-07,0.0
2014-01-08,0.0
2014-01-09,0.0
2014-01-10,0.0
2014-01-11,0.0
2014-01-12,0.0
2014-01-13,0.0
2014-01-14,0.0
2014-01-15,0.0
2014-01-16,0.0
2014-01-17,0.0
2014-01-18,0.0
2014-01-19,0.0
2014-01-20,0.0
2014-01-21,0.0
2014-01-22,0.0
2014-01-23,0.0
2014-01-24,0.0
2014-01-25,0.0
2014-01-26,0.0
2014-01-27,0.0
2014-01-28,0.0
2014-01-29,0.0
2014-01-30,0.0
2014-01-31,0.0
2014-02-01,0.0
2014-02-02,0.0
2014-02-03,0.0
2014-02-04,0.0
2014-02-05,0.0
2014-02-06,0.0
2014-02-07,0.0
2014-02-08,0.0
2014-02-09,0.0
2014-02-10,0.0
2014-02-11,0.0
2014-02-12,0.0
2014-02-13,0.0
2014-02-14,0.0
2014-02-15,0.0
2014-02-16,9.37
2014-02-17,0.22
2014-02-18,0.0
2014-02-19,0.0
2014-02-20,0.0
2014-02-21,0.0
2014-02-22,0.0
2014-02-23,0.0
2014-02-24,0.0
2014-02-25,0.0
2014-02-26,0.0
2014-02-27,0.0
2014-02-28,0.0
2014-03-01,0.0
2014-03-02,0.0
2014-03-03,0.0
2014-03-04,0.0
2014-03-05,0.0
2014-03-06,0.0
2014-03-07,0.0
2014-03-08,0.0
2014-03-09,0.0
2014-03-10,0.0
2014-03-11,0.0
2014-03-12,0.0
2014-03-13,0.7
2014-03-14,0.0
2014-03-15,0.0
2014-03-16,0.0
2014-03-17,0.0
2014-03-18,0.0
2014-03-19,0.91
2014-03-20,0.0
2014-03-21,0.0
2014-03-22,8.56
2014-03-23,0.0
2014-03-24,5.64
2014-03-25,0.0
2014-03-26,0.0
2014-03-27,0.0
2014-03-28,0.0
2014-03-29,0.0
2014-03-30,0.0
2014-03-31,0.0
2014-04-01,0.0
2014-04-02,0.0
2014-04-03,0.18
2014-04-04,13.7
2014-04-05,0.0
2014-04-06,12.32
2014-04-07,0.0
2014-04-08,0.0
2014-04-09,0.0
2014-04-10,0.0
2014-04-11,0.0
2014-04-12,0.0
2014-04-13,0.0
2014-04-14,0.0
2014-04-15,0.0
2014-04-16,0.0
2014-04-17,0.8
2014-04-18,0.0
2014-04-19,0.0
2014-04-20,0.0
2014-04-21,0.0
2014-04-22,0.0
2014-04-23,0.0
2014-04-24,0.0
2014-04-25,0.0
2014-04-26,0.0
2014-04-27,0.0
2014-04-28,0.0
2014-04-29,12.9
2014-04-30,0.0
2014-05-01,5.59
2014-05-02,0.08
2014-05-03,18.56
2014-05-04,0.16
2014-05-05,0.56
2014-05-06,0.0
2014-05-07,14.44
2014-05-08,14.78
2014-05-09,0.0
2014-05-10,0.0
2014-05-11,12.87
2014-05-12,0.0
2014-05-13,0.0
2014-05-14,14.72
2014-05-15,20.34
2014-05-16,0.0
2014-05-17,0.0
2014-05-18,0.0
2014-05-19,0.0
2014-05-20,0.0
2014-05-21,0.0
2014-05-22,0.13
2014-05-23,0.74
2014-05-24,30.96
2014-05-25,19.6
2014-05-26,0.14
2014-05-27,8.91
2014-05-28,24.14
2014-05-29,0.4
2014-05-30,26.08
2014-05-31,8.96
2014-06-01,1.38
2014-06-02,0.0
2014-06-03,0.04
2014-06-04,0.06
2014-06-05,0.0
2014-06-06,0.0
2014-06-07,0.0
2014-06-08,0.4
2014-06-09,0.0
2014-06-10,3.16
2014-06-11,25.4
2014-06-12,0.0
2014-06-13,1.84
2014-06-14,21.62
2014-06-15,0.76
2014-06-16,5.93
2014-06-17,28.3
2014-06-18,44.04
2014-06-19,69.93
2014-06-20,67.82
2014-06-21,109.32
2014-06-22,142.96
2014-06-23,29.92
2014-06-24,4.63
2014-06-25,28.94
2014-06-26,5.36
2014-06-27,0.64
2014-06-28,25.93
2014-06-29,28.66
2014-06-30,8.06
2014-07-01,0.16
2014-07-02,0.86
2014-07-03,48.94
2014-07-04,17.48
2014-07-05,44.64
2014-07-06,0.2
2014-07-07,0.04
2014-07-08,1.02
2014-07-09,1.94
2014-07-10,1.3
2014-07-11,6.13
2014-07-12,0.78
2014-07-13,19.77
2014-07-14,3.54
2014-07-15,12.37
2014-07-16,18.8
2014-07-17,1.19
2014-07-18,4.66
2014-07-19,0.82
2014-07-20,0.58
2014-07-21,32.26
2014-07-22,9.85
2014-07-23,4.76
2014-07-24,4.22
2014-07-25,9.24
2014-07-26,42.86
2014-07-27,12.74
2014-07-28,0.28
2014-07-29,3.96
2014-07-30,12.32
2014-07-31,3.87
2014-08-01,0.25
2014-08-02,3.62
2014-08-03,1.7
2014-08-04,6.59
2014-08-05,5.3
2014-08-06,6.11
2014-08-07,5.39
2014-08-08,0.65
2014-08-09,1.63
2014-08-10,2.52
2014-08-11,8.94
2014-08-12,27.92
2014-08-13,96.71
2014-08-14,68.96
2014-08-15,57.22
2014-08-16,25.11
2014-08-17,7.06
2014-08-18,1.86
2014-08-19,9.2
2014-08-20,2.98
2014-08-21,24.24
2014-08-22,3.2
2014-08-23,10.08
2014-08-24,2.72
2014-08-25,0.65
2014-08-26,6.97
2014-08-27,46.48
2014-08-28,35.74
2014-08-29,12.04
2014-08-30,19.05
2014-08-31,8.18
2014-09-01,1.2
2014-09-02,0.3
2014-09-03,2.94
2014-09-04,13.42
2014-09-05,3.36
2014-09-06,3.38
2014-09-07,1.61
2014-09-08,3.2
2014-09-09,2.32
2014-09-10,0.66
2014-09-11,0.0
2014-09-12,30.19
2014-09-13,2.19
2014-09-14,0.74
2014-09-15,8.38
2014-09-16,1.24
2014-09-17,0.99
2014-09-18,45.92
2014-09-19,8.47
2014-09-20,70.68
2014-09-21,9.67
2014-09-22,83.12
2014-09-23,24.56
2014-09-24,2.52
2014-09-25,4.06
2014-09-26,8.78
2014-09-27,0.0
2014-09-28,0.0
2014-09-29,0.0
2014-09-30,0.0
2014-10-01,0.0
2014-10-02,3.48
2014-10-03,0.0
2014-10-04,0.0
2014-10-05,0.0
2014-10-06,13.76
2014-10-07,0.0
2014-10-08,0.0
2014-10-09,0.0
2014-10-10,2.5
2014-10-11,30.42
2014-10-12,13.36
2014-10-13,2.08
2014-10-14,0.06
2014-10-15,0.12
2014-10-16,0.66
2014-10-17,0.0
2014-10-18,0.4
2014-10-19,0.0
2014-10-20,0.0
2014-10-21,0.0
2014-10-22,0.0
2014-10-23,0.0
2014-10-24,0.0
2014-10-25,0.0
2014-10-26,1.0
2014-10-27,11.76
2014-10-28,14.06
2014-10-29,0.0
2014-10-30,0.0
2014-10-31,0.0
2014-11-01,0.0
2014-11-02,0.0
2014-11-03,0.0
2014-11-04,0.0
2014-11-05,0.7
2014-11-06,0.0
2014-11-07,0.0
2014-11-08,0.0
2014-11-09,0.0
2014-11-10,0.0
2014-11-11,0.0
2014-11-12,0.0
2014-11-13,0.0
2014-11-14,0.0
2014-11-15,0.0
2014-11-16,0.0
2014-11-17,0.0
2014-11-18,0.0
2014-11-19,0.0
2014-11-20,0.0
2014-11-21,0.0
2014-11-22,0.0
2014-11-23,0.0
2014-11-24,0.0
2014-11-25,0.0
2014-11-26,0.0
2014-11-27,0.0
2014-11-28,0.0
2014-11-29,0.0
2014-11-30,0.0
2014-12-01,0.0
2014-12-02,0.0
2014-12-03,0.0
2014-12-04,0.0
2014-12-05,0.0
2014-12-06,0.0
2014-12-07,0.0
2014-12-08,0.0
2014-12-09,0.0
2014-12-10,0.0
2014-12-11,0.0
2014-12-12,0.0
2014-12-13,0.01
2014-12-14,0.0
2014-12-15,0.04
2014-12-16,0.0
2014-12-17,0.0
2014-12-18,0.0
2014-12-19,0.0
2014-12-20,0.0
2014-12-21,0.02
2014-12-22,0.0
2014-12-23,0.0
2014-12-24,0.0
2014-12-25,0.0
2014-12-26,0.0
2014-12-27,0.0
2014-12-28,0.0
2014-12-29,0.0
2014-12-30,0.38
2014-12-31,1.44
2015-01-01,3.28
2015-01-02,0.0
2015-01-03,0.0
2015-01-04,0.02
2015-01-05,0.0
2015-01-06,0.0
2015-01-07,0.0
2015-01-08,0.0
2015-01-09,0.0
2015-01-10,0.0
2015-01-11,0.0
2015-01-12,0.0
2015-01-13,0.0
2015-01-14,0.0
2015-01-15,0.0
2015-01-16,1.0
2015-01-17,0.0
2015-01-18,0.0
2015-01-19,0.0
2015-01-20,0.0
2015-01-21,0.0
2015-01-22,0.0
2015-01-23,0.0
2015-01-24,0.0
2015-01-25,0.0
2015-01-26,0.0
2015-01-27,0.0
2015-01-28,0.0
2015-01-29,0.0
2015-01-30,0.0
2015-01-31,0.0
2015-02-01,0.0
2015-02-02,0.0
2015-02-03,0.0
2015-02-04,0.0
2015-02-05,0.0
2015-02-06,0.0
2015-02-07,0.0
2015-02-08,0.0
2015-02-09,0.0
2015-02-10,0.0
2015-02-11,0.0
2015-02-12,0.0
2015-02-13,0.0
2015-02-14,0.0
2015-02-15,0.0
2015-02-16,0.0
2015-02-17,0.0
2015-02-18,0.0
2015-02-19,1.36
2015-02-20,0.0
2015-02-21,0.0
2015-02-22,0.0
2015-02-23,0.0
2015-02-24,0.0
2015-02-25,0.0
2015-02-26,0.0
2015-02-27,0.0
2015-02-28,0.0
2015-03-01,0.0
2015-03-02,0.0
2015-03-03,0.87
2015-03-04,4.61
2015-03-05,0.0
2015-03-06,0.0
2015-03-07,0.0
2015-03-08,0.0
2015-03-09,0.0
2015-03-10,0.0
2015-03-11,0.0
2015-03-12,0.0
2015-03-13,0.0
2015-03-14,0.0
2015-03-15,0.0
2015-03-16,0.0
2015-03-17,0.0
2015-03-18,0.0
2015-03-19,0.0
2015-03-20,0.0
2015-03-21,0.0
2015-03-22,0.0
2015-03-23,0.0
2015-03-24,0.0
2015-03-25,0.15
2015-03-26,0.0
2015-03-27,0.96
2015-03-28,0.13
2015-03-29,1.06
2015-03-30,1.06
2015-03-31,2.12
2015-04-01,28.39
2015-04-02,24.74
2015-04-03,2.78
2015-04-04,1.01
2015-04-05,13.4
2015-04-06,2.66
2015-04-07,0.72
2015-04-08,0.04
2015-04-09,0.0
2015-04-10,0.0
2015-04-11,0.0
2015-04-12,0.14
2015-04-13,0.04
2015-04-14,0.0
2015-04-15,0.54
2015-04-16,4.91
2015-04-17,1.92
2015-04-18,0.06
2015-04-19,0.0
2015-04-20,0.0
2015-04-21,0.0
2015-04-22,36.29
2015-04-23,12.08
2015-04-24,3.58
2015-04-25,6.34
2015-04-26,2.68
2015-04-27,5.04
2015-04-28,1.76
2015-04-29,0.04
2015-04-30,41.69
2015-05-01,1.46
2015-05-02,14.6
2015-05-03,0.0
2015-05-04,0.0
2015-05-05,0.0
2015-05-06,0.0
2015-05-07,0.02
2015-05-08,0.0
2015-05-09,0.27
2015-05-10,0.58
2015-05-11,82.86
2015-05-12,16.96
2015-05-13,1.0
2015-05-14,0.0
2015-05-15,10.51
2015-05-16,0.5
2015-05-17,9.27
2015-05-18,1.2
2015-05-19,0.0
2015-05-20,0.0
2015-05-21,0.16
2015-05-22,0.0
2015-05-23,14.6
2015-05-24,15.3
2015-05-25,0.0
2015-05-26,0.0
2015-05-27,3.61
2015-05-28,5.39
2015-05-29,0.0
2015-05-30,0.0
2015-05-31,0.0
2015-06-01,0.0
2015-06-02,0.0
2015-06-03,5.98
2015-06-04,0.22
2015-06-05,2.12
2015-06-06,14.92
2015-06-07,0.02
2015-06-08,0.0
2015-06-09,0.86
2015-06-10,17.64
2015-06-11,144.53
2015-06-12,4.26
2015-06-13,22.6
2015-06-14,9.37
2015-06-15,32.99
2015-06-16,24.59
2015-06-17,18.72
2015-06-18,5.16
2015-06-19,6.59
2015-06-20,1.49
2015-06-21,4.76
2015-06-22,53.74
2015-06-23,63.64
2015-06-24,44.12
2015-06-25,16.74
2015-06-26,14.49
2015-06-27,21.39
2015-06-28,0.68
2015-06-29,0.0
2015-06-30,0.0
2015-07-01,1.25
2015-07-02,31.74
2015-07-03,1.17
2015-07-04,4.68
2015-07-05,11.98
2015-07-06,14.4
2015-07-07,69.45
2015-07-08,86.14
2015-07-09,65.29
2015-07-10,16.01
2015-07-11,0.8
2015-07-12,0.0
2015-07-13,0.52
2015-07-14,3.6
2015-07-15,18.64
2015-07-16,24.26
2015-07-17,40.19
2015-07-18,36.38
2015-07-19,56.68
2015-07-20,23.16
2015-07-21,5.56
2015-07-22,12.16
2015-07-23,52.98
2015-07-24,57.44
2015-07-25,31.08
2015-07-26,101.64
2015-07-27,43.94
2015-07-28,35.39
2015-07-29,22.24
2015-07-30,49.03
2015-07-31,26.18
2015-08-01,21.49
2015-08-02,6.56
2015-08-03,0.54
2015-08-04,3.93
2015-08-05,3.15
2015-08-06,4.93
2015-08-07,12.16
2015-08-08,9.98
2015-08-09,5.82
2015-08-10,9.04
2015-08-11,15.06
2015-08-12,3.4
2015-08-13,4.28
2015-08-14,22.96
2015-08-15,0.06
2015-08-16,11.28
2015-08-17,13.34
2015-08-18,6.32
2015-08-19,32.17
2015-08-20,60.9
2015-08-21,19.74
2015-08-22,6.34
2015-08-23,10.55
2015-08-24,8.04
2015-08-25,25.2
2015-08-26,22.5
2015-08-27,2.55
2015-08-28,30.22
2015-08-29,36.62
2015-08-30,30.75
2015-08-31,22.44
2015-09-01,36.74
2015-09-02,15.69
2015-09-03,11.36
2015-09-04,7.46
2015-09-05,0.05
2015-09-06,9.54
2015-09-07,9.06
2015-09-08,0.04
2015-09-09,36.21
2015-09-10,3.2
2015-09-11,21.11
2015-09-12,2.45
2015-09-13,30.84
2015-09-14,0.98
2015-09-15,0.24
2015-09-16,0.0
2015-09-17,0.16
2015-09-18,8.76
2015-09-19,22.06
2015-09-20,38.37
2015-09-21,40.1
2015-09-22,22.66
2015-09-23,11.45
2015-09-24,4.01
2015-09-25,0.0
2015-09-26,0.0
2015-09-27,0.0
2015-09-28,0.0
2015-09-29,0.27
2015-09-30,0.0
2015-10-01,0.21
2015-10-02,8.65
2015-10-03,0.0
2015-10-04,11.88
2015-10-05,0.0
2015-10-06,21.49
2015-10-07,10.77
2015-10-08,94.78
2015-10-09,1.36
2015-10-10,6.78
2015-10-11,0.53
2015-10-12,7.58
2015-10-13,4.62
2015-10-14,2.68
2015-10-15,0.0
2015-10-16,0.0
2015-10-17,0.0
2015-10-18,0.0
2015-10-19,0.0
2015-10-20,0.0
2015-10-21,0.0
2015-10-22,0.0
2015-10-23,0.0
2015-10-24,0.0
2015-10-25,0.0
2015-10-26,0.0
2015-10-27,0.0
2015-10-28,0.0
2015-10-29,0.44
2015-10-30,1.17
2015-10-31,3.85
2015-11-01,0.5
2015-11-02,0.0
2015-11-03,0.0
2015-11-04,0.0
2015-11-05,0.0
2015-11-06,0.0
2015-11-07,0.0
2015-11-08,0.0
2015-11-09,0.0
2015-11-10,0.0
2015-11-11,0.0
2015-11-12,0.0
2015-11-13,0.0
2015-11-14,0.0
2015-11-15,0.0
2015-11-16,0.0
2015-11-17,4.82
2015-11-18,0.14
2015-11-19,0.0
2015-11-20,0.0
2015-11-21,0.0
2015-11-22,0.0
2015-11-23,0.0
2015-11-24,0.0
2015-11-25,0.0
2015-11-26,0.0
2015-11-27,0.0
2015-11-28,0.0
2015-11-29,0.0
2015-11-30,0.06
2015-12-01,0.02
2015-12-02,1.42
2015-12-03,0.15
2015-12-04,0.0
2015-12-05,0.0
2015-12-06,0.0
2015-12-07,0.0
2015-12-08,0.0
2015-12-09,0.0
2015-12-10,0.0
2015-12-11,0.0
2015-12-12,0.0
2015-12-13,0.0
2015-12-14,0.0
2015-12-15,0.0
2015-12-16,0.0
2015-12-17,0.0
2015-12-18,0.88
2015-12-19,0.0
2015-12-20,0.0
2015-12-21,0.0
2015-12-22,0.0
2015-12-23,0.0
2015-12-24,0.0
2015-12-25,0.0
2015-12-26,0.0
2015-12-27,0.0
2015-12-28,0.0
2015-12-29,0.0
2015-12-30,0.0
2015-12-31,0.0
2016-01-01,0.0
2016-01-02,0.0
2016-01-03,0.0
2016-01-04,0.0
2016-01-05,0.0
2016-01-06,0.0
2016-01-07,0.02
2016-01-08,0.0
2016-01-09,0.0
2016-01-10,0.0
2016-01-11,0.0
2016-01-12,0.0
2016-01-13,0.0
2016-01-14,0.0
2016-01-15,0.0
2016-01-16,0.0
2016-01-17,0.0
2016-01-18,0.0
2016-01-19,0.0
2016-01-20,2.59
2016-01-21,0.27
2016-01-22,0.0
2016-01-23,0.0
2016-01-24,0.0
2016-01-25,0.0
2016-01-26,0.0
2016-01-27,0.0
2016-01-28,0.0
2016-01-29,0.0
2016-01-30,0.0
2016-01-31,0.0
2016-02-01,0.0
2016-02-02,0.0
2016-02-03,0.0
2016-02-04,0.0
2016-02-05,0.0
2016-02-06,0.0
2016-02-07,0.0
2016-02-08,1.44
2016-02-09,0.0
2016-02-10,0.0
2016-02-11,0.0
2016-02-12,1.78
2016-02-13,0.0
2016-02-14,0.0
2016-02-15,0.0
2016-02-16,0.0
2016-02-17,0.0
2016-02-18,0.0
2016-02-19,0.0
2016-02-20,0.04
2016-02-21,0.0
2016-02-22,0.04
2016-02-23,0.48
2016-02-24,11.12
2016-02-25,0.36
2016-02-26,8.7
2016-02-27,0.0
2016-02-28,0.0
2016-02-29,0.0
2016-03-01,0.0
2016-03-02,0.0
2016-03-03,0.0
2016-03-04,0.0
2016-03-05,0.0
2016-03-06,14.28
2016-03-07,0.0
2016-03-08,0.0
2016-03-09,1.68
2016-03-10,0.0
2016-03-11,0.0
2016-03-12,0.02
2016-03-13,0.57
2016-03-14,0.06
2016-03-15,0.0
2016-03-16,0.0
2016-03-17,0.0
2016-03-18,0.0
2016-03-19,0.0
2016-03-20,0.79
2016-03-21,15.44
2016-03-22,0.0
2016-03-23,0.0
2016-03-24,0.0
2016-03-25,0.0
2016-03-26,0.0
2016-03-27,0.0
2016-03-28,10.12
2016-03-29,0.0
2016-03-30,0.02
2016-03-31,54.56
2016-04-01,13.12
2016-04-02,6.44
2016-04-03,11.88
2016-04-04,19.48
2016-04-05,0.0
2016-04-06,0.0
2016-04-07,0.1
2016-04-08,4.15
2016-04-09,0.0
2016-04-10,0.0
2016-04-11,0.0
2016-04-12,0.0
2016-04-13,0.0
2016-04-14,0.0
2016-04-15,0.0
2016-04-16,0.0
2016-04-17,0.0
2016-04-18,0.0
2016-04-19,0.0
2016-04-20,0.0
2016-04-21,0.0
2016-04-22,0.0
2016-04-23,0.0
2016-04-24,0.0
2016-04-25,0.0
2016-04-26,3.04
2016-04-27,0.0
2016-04-28,0.0
2016-04-29,0.0
2016-04-30,0.0
2016-05-01,10.03
2016-05-02,33.74
2016-05-03,0.0
2016-05-04,0.33
2016-05-05,0.0
2016-05-06,3.58
2016-05-07,8.25
2016-05-08,0.03
2016-05-09,0.0
2016-05-10,0.0
2016-05-11,0.02
2016-05-12,2.17
2016-05-13,43.32
2016-05-14,0.0
2016-05-15,0.0
2016-05-16,4.61
2016-05-17,8.12
2016-05-18,45.86
2016-05-19,28.9
2016-05-20,88.28
2016-05-21,46.85
2016-05-22,0.0
2016-05-23,0.08
2016-05-24,18.56
2016-05-25,12.31
2016-05-26,0.0
2016-05-27,3.7
2016-05-28,10.05
2016-05-29,19.95
2016-05-30,0.0
2016-05-31,10.18
2016-06-01,0.0
2016-06-02,0.0
2016-06-03,0.0
2016-06-04,0.0
2016-06-05,0.03
2016-06-06,7.86
2016-06-07,39.97
2016-06-08,22.38
2016-06-09,12.46
2016-06-10,15.98
2016-06-11,98.48
2016-06-12,37.66
2016-06-13,38.67
2016-06-14,0.0
2016-06-15,0.32
2016-06-16,0.51
2016-06-17,2.77
2016-06-18,0.37
2016-06-19,0.0
2016-06-20,0.52
2016-06-21,2.19
2016-06-22,0.11
2016-06-23,3.08
2016-06-24,1.01
2016-06-25,19.96
2016-06-26,1.59
2016-06-27,1.94
2016-06-28,26.56
2016-06-29,5.8
2016-06-30,0.12
2016-07-01,17.8
2016-07-02,7.04
2016-07-03,52.36
2016-07-04,50.97
2016-07-05,8.46
2016-07-06,16.3
2016-07-07,22.0
2016-07-08,1.56
2016-07-09,2.26
2016-07-10,3.23
2016-07-11,1.0
2016-07-12,8.3
2016-07-13,14.5
2016-07-14,2.68
2016-07-15,47.57
2016-07-16,30.04
2016-07-17,10.36
2016-07-18,40.75
2016-07-19,11.28
2016-07-20,2.08
2016-07-21,2.04
2016-07-22,5.53
2016-07-23,5.01
2016-07-24,21.45
2016-07-25,44.98
2016-07-26,0.1
2016-07-27,0.33
2016-07-28,6.03
2016-07-29,17.76
2016-07-30,54.1
2016-07-31,50.62
2016-08-01,4.68
2016-08-02,2.34
2016-08-03,3.44
2016-08-04,3.14
2016-08-05,0.52
2016-08-06,4.01
2016-08-07,1.16
2016-08-08,1.93
2016-08-09,21.8
2016-08-10,33.99
2016-08-11,7.04
2016-08-12,1.06
2016-08-13,16.71
2016-08-14,22.81
2016-08-15,3.96
2016-08-16,24.67
2016-08-17,6.88
2016-08-18,0.26
2016-08-19,0.0
2016-08-20,59.74
2016-08-21,32.71
2016-08-22,0.0
2016-08-23,0.43
2016-08-24,0.0
2016-08-25,37.1
2016-08-26,29.52
2016-08-27,26.46
2016-08-28,18.9
2016-08-29,2.06
2016-08-30,24.16
2016-08-31,40.49
2016-09-01,11.17
2016-09-02,9.96
2016-09-03,11.65
2016-09-04,2.86
2016-09-05,2.13
2016-09-06,2.72
2016-09-07,0.25
2016-09-08,0.37
2016-09-09,0.0
2016-09-10,4.13
2016-09-11,18.75
2016-09-12,15.95
2016-09-13,29.5
2016-09-14,2.35
2016-09-15,1.0
2016-09-16,10.98
2016-09-17,3.36
2016-09-18,0.51
2016-09-19,0.8
2016-09-20,11.24
2016-09-21,2.24
2016-09-22,14.32
2016-09-23,1.79
2016-09-24,1.1
2016-09-25,0.44
2016-09-26,0.86
2016-09-27,84.82
2016-09-28,8.48
2016-09-29,0.0
2016-09-30,14.45
2016-10-01,8.85
2016-10-02,10.8
2016-10-03,6.52
2016-10-04,3.98
2016-10-05,2.53
2016-10-06,1.36
2016-10-07,22.98
2016-10-08,9.06
2016-10-09,17.07
2016-10-10,31.06
2016-10-11,68.98
2016-10-12,6.32
2016-10-13,0.0
2016-10-14,1.94
2016-10-15,0.0
2016-10-16,0.0
2016-10-17,0.0
2016-10-18,0.0
2016-10-19,0.0
2016-10-20,0.0
2016-10-21,0.0
2016-10-22,0.0
2016-10-23,0.0
2016-10-24,0.0
2016-10-25,0.17
2016-10-26,1.34
2016-10-27,5.66
2016-10-28,11.06
2016-10-29,3.2
2016-10-30,0.0
2016-10-31,0.0
2016-11-01,0.0
2016-11-02,0.0
2016-11-03,7.78
2016-11-04,36.06
2016-11-05,73.49
2016-11-06,26.71
2016-11-07,0.0
2016-11-08,0.0
2016-11-09,0.0
2016-11-10,0.0
2016-11-11,0.0
2016-11-12,0.0
2016-11-13,0.0
2016-11-14,0.0
2016-11-15,0.0
2016-11-16,0.0
2016-11-17,0.0
2016-11-18,0.0
2016-11-19,0.0
2016-11-20,0.0
2016-11-21,0.0
2016-11-22,0.0
2016-11-23,0.0
2016-11-24,0.0
2016-11-25,0.0
2016-11-26,0.0
2016-11-27,0.0
2016-11-28,0.0
2016-11-29,0.0
2016-11-30,0.0
2016-12-01,0.0
2016-12-02,0.0
2016-12-03,0.0
2016-12-04,0.0
2016-12-05,0.0
2016-12-06,0.0
2016-12-07,0.0
2016-12-08,0.0
2016-12-09,0.0
2016-12-10,0.0
2016-12-11,0.0
2016-12-12,0.0
2016-12-13,0.0
2016-12-14,0.0
2016-12-15,0.0
2016-12-16,0.0
2016-12-17,0.0
2016-12-18,0.0
2016-12-19,0.0
2016-12-20,0.0
2016-12-21,0.0
2016-12-22,0.0
2016-12-23,0.0
2016-12-24,0.0
2016-12-25,0.0
2016-12-26,0.0
2016-12-27,0.0
2016-12-28,0.0
2016-12-29,0.0
2016-12-30,0.0
2016-12-31,0.0
2017-01-01,0.0
2017-01-02,0.0
2017-01-03,0.0
2017-01-04,0.0
2017-01-05,0.0
2017-01-06,0.0
2017-01-07,0.0
2017-01-08,0.0
2017-01-09,0.0
2017-01-10,0.0
2017-01-11,0.0
2017-01-12,0.0
2017-01-13,0.0
2017-01-14,0.0
2017-01-15,0.0
2017-01-16,0.0
2017-01-17,0.0
2017-01-18,0.0
2017-01-19,0.0
2017-01-20,0.0
2017-01-21,0.0
2017-01-22,0.0
2017-01-23,0.0
2017-01-24,0.0
2017-01-25,0.0
2017-01-26,0.0
2017-01-27,0.74
2017-01-28,0.0
2017-01-29,0.0
2017-01-30,0.0
2017-01-31,0.0
2017-02-01,0.0
2017-02-02,0.0
2017-02-03,0.0
2017-02-04,0.0
2017-02-05,0.0
2017-02-06,0.0
2017-02-07,0.0
2017-02-08,0.0
2017-02-09,0.0
2017-02-10,0.0
2017-02-11,0.0
2017-02-12,0.0
2017-02-13,0.0
2017-02-14,0.0
2017-02-15,0.0
2017-02-16,0.0
2017-02-17,0.0
2017-02-18,0.0
2017-02-19,0.0
2017-02-20,0.0
2017-02-21,0.0
2017-02-22,0.0
2017-02-23,0.0
2017-02-24,0.0
2017-02-25,0.0
2017-02-26,0.0
2017-02-27,0.0
2017-02-28,0.0
2017-03-01,0.0
2017-03-02,0.0
2017-03-03,0.0
2017-03-04,0.0
2017-03-05,9.46
2017-03-06,12.94
2017-03-07,7.49
2017-03-08,34.56
2017-03-09,0.64
2017-03-10,12.3
2017-03-11,22.28
2017-03-12,0.0
2017-03-13,0.0
2017-03-14,0.0
2017-03-15,0.0
2017-03-16,0.0
2017-03-17,0.0
2017-03-18,47.0
2017-03-19,0.42
2017-03-20,12.17
2017-03-21,0.0
2017-03-22,0.0
2017-03-23,0.0
2017-03-24,0.0
2017-03-25,0.0
2017-03-26,0.0
2017-03-27,0.0
2017-03-28,0.0
2017-03-29,6.28
2017-03-30,3.9
2017-03-31,0.0
2017-04-01,0.0
2017-04-02,0.0
2017-04-03,10.3
2017-04-04,44.82
2017-04-05,51.74
2017-04-06,0.0
2017-04-07,0.0
2017-04-08,0.0
2017-04-09,0.0
2017-04-10,0.0
2017-04-11,0.0
2017-04-12,0.0
2017-04-13,0.0
2017-04-14,0.0
2017-04-15,0.38
2017-04-16,2.12
2017-04-17,0.0
2017-04-18,0.0
2017-04-19,99.31
2017-04-20,10.76
2017-04-21,36.74
2017-04-22,56.31
2017-04-23,13.18
2017-04-24,43.84
2017-04-25,3.29
2017-04-26,0.0
2017-04-27,0.0
2017-04-28,0.04
2017-04-29,0.0
2017-04-30,0.0
2017-05-01,0.39
2017-05-02,0.0
2017-05-03,0.0
2017-05-04,0.0
2017-05-05,0.56
2017-05-06,3.24
2017-05-07,0.0
2017-05-08,0.0
2017-05-09,45.86
2017-05-10,0.15
2017-05-11,0.0
2017-05-12,0.0
2017-05-13,0.66
2017-05-14,0.12
2017-05-15,13.44
2017-05-16,17.18
2017-05-17,14.98
2017-05-18,0.0
2017-05-19,0.21
2017-05-20,0.0
2017-05-21,0.0
2017-05-22,0.0
2017-05-23,0.0
2017-05-24,0.0
2017-05-25,0.0
2017-05-26,0.16
2017-05-27,0.58
2017-05-28,22.16
2017-05-29,10.72
2017-05-30,73.06
2017-05-31,6.01
2017-06-01,179.72
2017-06-02,3.22
2017-06-03,0.0
2017-06-04,18.75
2017-06-05,2.58
2017-06-06,0.0
2017-06-07,0.69
2017-06-08,53.66
2017-06-09,1.44
2017-06-10,17.19
2017-06-11,42.27
2017-06-12,54.18
2017-06-13,32.89
2017-06-14,0.0
2017-06-15,33.59
2017-06-16,8.56
2017-06-17,0.93
2017-06-18,16.3
2017-06-19,73.57
2017-06-20,6.37
2017-06-21,51.3
2017-06-22,13.19
2017-06-23,0.1
2017-06-24,1.11
2017-06-25,1.72
2017-06-26,0.62
2017-06-27,0.55
2017-06-28,0.21
2017-06-29,3.26
2017-06-30,9.32
2017-07-01,27.33
2017-07-02,42.98
2017-07-03,29.06
2017-07-04,29.88
2017-07-05,22.98
2017-07-06,0.85
2017-07-07,0.82
2017-07-08,3.28
2017-07-09,11.9
2017-07-10,20.43
2017-07-11,1.86
2017-07-12,12.51
2017-07-13,21.44
2017-07-14,15.69
2017-07-15,5.24
2017-07-16,7.74
2017-07-17,20.74
2017-07-18,55.99
2017-07-19,83.56
2017-07-20,132.34
2017-07-21,40.72
2017-07-22,5.0
2017-07-23,13.48
2017-07-24,71.22
2017-07-25,30.74
2017-07-26,17.36
2017-07-27,5.78
2017-07-28,9.71
2017-07-29,18.37
2017-07-30,1.32
2017-07-31,0.0
2017-08-01,13.28
2017-08-02,5.22
2017-08-03,11.25
2017-08-04,9.86
2017-08-05,8.93
2017-08-06,10.61
2017-08-07,8.15
2017-08-08,6.94
2017-08-09,4.62
2017-08-10,38.51
2017-08-11,43.26
2017-08-12,49.38
2017-08-13,13.18
2017-08-14,0.46
2017-08-15,40.23
2017-08-16,9.48
2017-08-17,7.96
2017-08-18,17.63
2017-08-19,14.94
2017-08-20,14.28
2017-08-21,41.18
2017-08-22,29.9
2017-08-23,11.57
2017-08-24,35.8
2017-08-25,10.5
2017-08-26,13.46
2017-08-27,7.92
2017-08-28,5.16
2017-08-29,1.65
2017-08-30,27.48
2017-08-31,39.84
2017-09-01,27.83
2017-09-02,2.54
2017-09-03,11.35
2017-09-04,3.88
2017-09-05,3.32
2017-09-06,0.0
2017-09-07,10.7
2017-09-08,1.9
2017-09-09,2.8
2017-09-10,39.68
2017-09-11,25.48
2017-09-12,3.34
2017-09-13,1.92
2017-09-14,2.82
2017-09-15,3.89
2017-09-16,8.0
2017-09-17,46.44
2017-09-18,35.58
2017-09-19,18.06
2017-09-20,7.24
2017-09-21,12.16
2017-09-22,0.0
2017-09-23,18.62
2017-09-24,20.05
2017-09-25,35.03
2017-09-26,25.54
2017-09-27,16.02
2017-09-28,23.76
2017-09-29,38.58
2017-09-30,32.38
2017-10-01,0.29
2017-10-02,0.28
2017-10-03,8.81
2017-10-04,11.7
2017-10-05,0.65
2017-10-06,5.19
2017-10-07,1.98
2017-10-08,1.44
2017-10-09,8.82
2017-10-10,0.22
2017-10-11,0.0
2017-10-12,0.44
2017-10-13,0.0
2017-10-14,0.0
2017-10-15,0.0
2017-10-16,0.0
2017-10-17,2.74
2017-10-18,8.22
2017-10-19,24.69
2017-10-20,117.97
2017-10-21,90.68
2017-10-22,0.0
2017-10-23,0.0
2017-10-24,0.0
2017-10-25,0.0
2017-10-26,0.0
2017-10-27,0.0
2017-10-28,4.52
2017-10-29,48.2
2017-10-30,12.34
2017-10-31,0.0
2017-11-01,0.0
2017-11-02,0.0
2017-11-03,0.0
2017-11-04,0.0
2017-11-05,0.0
2017-11-06,0.0
2017-11-07,0.0
2017-11-08,0.0
2017-11-09,0.0
2017-11-10,0.0
2017-11-11,0.0
2017-11-12,0.16
2017-11-13,0.0
2017-11-14,0.14
2017-11-15,4.8
2017-11-16,3.02
2017-11-17,0.29
2017-11-18,0.0
2017-11-19,0.0
2017-11-20,0.0
2017-11-21,0.0
2017-11-22,0.0
2017-11-23,0.0
2017-11-24,0.0
2017-11-25,0.0
2017-11-26,0.0
2017-11-27,0.0
2017-11-28,0.0
2017-11-29,0.0
2017-11-30,0.0
2017-12-01,0.0
2017-12-02,0.0
2017-12-03,0.0
2017-12-04,0.0
2017-12-05,0.0
2017-12-06,1.67
2017-12-07,1.49
2017-12-08,36.4
2017-12-09,26.87
2017-12-10,16.18
2017-12-11,0.08
2017-12-12,0.0
2017-12-13,0.0
2017-12-14,0.0
2017-12-15,0.0
2017-12-16,0.0
2017-12-17,0.0
2017-12-18,0.0
2017-12-19,0.0
2017-12-20,0.0
2017-12-21,0.0
2017-12-22,0.0
2017-12-23,0.0
2017-12-24,0.0
2017-12-25,0.0
2017-12-26,0.0
2017-12-27,0.0
2017-12-28,0.0
2017-12-29,0.0
2017-12-30,0.0
2017-12-31,0.02
2018-01-01,3.8
2018-01-02,0.11
2018-01-03,0.0
2018-01-04,0.0
2018-01-05,0.0
2018-01-06,0.0
2018-01-07,0.0
2018-01-08,0.0
2018-01-09,0.0
2018-01-10,0.0
2018-01-11,0.0
2018-01-12,0.0
2018-01-13,0.0
2018-01-14,0.0
2018-01-15,0.0
2018-01-16,0.0
2018-01-17,0.0
2018-01-18,0.0
2018-01-19,0.0
2018-01-20,0.0
2018-01-21,0.0
2018-01-22,0.0
2018-01-23,0.0
2018-01-24,0.0
2018-01-25,0.0
2018-01-26,0.0
2018-01-27,0.0
2018-01-28,0.0
2018-01-29,0.0
2018-01-30,0.0
2018-01-31,0.0
2018-02-01,0.0
2018-02-02,0.0
2018-02-03,0.0
2018-02-04,0.0
2018-02-05,0.0
2018-02-06,0.0
2018-02-07,0.76
2018-02-08,1.09
2018-02-09,0.49
2018-02-10,0.19
2018-02-11,0.14
2018-02-12,0.0
2018-02-13,0.0
2018-02-14,0.0
2018-02-15,0.0
2018-02-16,0.0
2018-02-17,0.0
2018-02-18,0.0
2018-02-19,0.0
2018-02-20,0.0
2018-02-21,0.0
2018-02-22,0.0
2018-02-23,0.0
2018-02-24,0.0
2018-02-25,0.14
2018-02-26,0.48
2018-02-27,0.0
2018-02-28,0.0
2018-03-01,0.0
2018-03-02,0.0
2018-03-03,0.0
2018-03-04,0.0
2018-03-05,0.02
2018-03-06,0.0
2018-03-07,0.0
2018-03-08,0.0
2018-03-09,0.0
2018-03-10,0.0
2018-03-11,0.0
2018-03-12,0.0
2018-03-13,0.0
2018-03-14,0.0
2018-03-15,0.0
2018-03-16,2.21
2018-03-17,0.04
2018-03-18,0.0
2018-03-19,0.0
2018-03-20,0.0
2018-03-21,0.0
2018-03-22,0.0
2018-03-23,0.0
2018-03-24,0.0
2018-03-25,0.0
2018-03-26,0.0
2018-03-27,0.0
2018-03-28,0.0
2018-03-29,0.0
2018-03-30,15.36
2018-03-31,1.42
2018-04-01,0.11
2018-04-02,0.72
2018-04-03,0.02
2018-04-04,0.0
2018-04-05,0.0
2018-04-06,11.86
2018-04-07,1.27
2018-04-08,11.66
2018-04-09,7.2
2018-04-10,5.32
2018-04-11,1.92
2018-04-12,1.24
2018-04-13,0.0
2018-04-14,20.26
2018-04-15,0.0
2018-04-16,0.0
2018-04-17,46.71
2018-04-18,11.61
2018-04-19,1.13
2018-04-20,11.48
2018-04-21,0.22
2018-04-22,8.53
2018-04-23,0.0
2018-04-24,0.0
2018-04-25,0.0
2018-04-26,0.06
2018-04-27,0.0
2018-04-28,0.0
2018-04-29,20.61
2018-04-30,73.94
2018-05-01,0.04
2018-05-02,13.5
2018-05-03,1.76
2018-05-04,14.83
2018-05-05,38.44
2018-05-06,2.95
2018-05-07,53.44
2018-05-08,0.18
2018-05-09,0.06
2018-05-10,20.5
2018-05-11,45.42
2018-05-12,0.11
2018-05-13,15.06
2018-05-14,4.07
2018-05-15,0.0
2018-05-16,2.44
2018-05-17,12.42
2018-05-18,29.82
2018-05-19,20.78
2018-05-20,3.08
2018-05-21,13.54
2018-05-22,2.06
2018-05-23,21.82
2018-05-24,7.06
2018-05-25,0.0
2018-05-26,0.11
2018-05-27,0.0
2018-05-28,6.56
2018-05-29,10.09
2018-05-30,12.43
2018-05-31,21.71
2018-06-01,6.86
2018-06-02,7.56
2018-06-03,2.69
2018-06-04,34.38
2018-06-05,20.07
2018-06-06,3.16
2018-06-07,0.0
2018-06-08,22.48
2018-06-09,74.48
2018-06-10,54.14
2018-06-11,55.17
2018-06-12,113.87
2018-06-13,7.28
2018-06-14,9.33
2018-06-15,16.11
2018-06-16,36.94
2018-06-17,45.76
2018-06-18,0.0
2018-06-19,7.62
2018-06-20,4.46
2018-06-21,0.0
2018-06-22,2.52
2018-06-23,17.24
2018-06-24,60.97
2018-06-25,9.74
2018-06-26,5.44
2018-06-27,1.01
2018-06-28,2.55
2018-06-29,1.09
2018-06-30,1.1
2018-07-01,5.36
2018-07-02,42.6
2018-07-03,75.43
2018-07-04,14.54
2018-07-05,6.73
2018-07-06,0.97
2018-07-07,0.94
2018-07-08,1.31
2018-07-09,2.64
2018-07-10,1.86
2018-07-11,7.89
2018-07-12,2.14
2018-07-13,24.18
2018-07-14,18.44
2018-07-15,10.32
2018-07-16,16.51
2018-07-17,5.09
2018-07-18,5.18
2018-07-19,1.88
2018-07-20,11.62
2018-07-21,31.39
2018-07-22,10.72
2018-07-23,77.69
2018-07-24,31.32
2018-07-25,13.32
2018-07-26,17.2
2018-07-27,43.75
2018-07-28,27.57
2018-07-29,2.64
2018-07-30,2.3
2018-07-31,7.65
2018-08-01,22.18
2018-08-02,10.06
2018-08-03,4.77
2018-08-04,7.92
2018-08-05,30.3
2018-08-06,14.62
2018-08-07,0.31
2018-08-08,0.42
2018-08-09,1.45
2018-08-10,1.26
2018-08-11,2.15
2018-08-12,3.28
2018-08-13,4.97
2018-08-14,34.6
2018-08-15,1.12
2018-08-16,2.88
2018-08-17,13.41
2018-08-18,10.74
2018-08-19,9.76
2018-08-20,5.0
2018-08-21,54.59
2018-08-22,3.26
2018-08-23,14.14
2018-08-24,8.19
2018-08-25,10.14
2018-08-26,4.22
2018-08-27,1.78
2018-08-28,1.14
2018-08-29,0.26
2018-08-30,1.1
2018-08-31,1.74
2018-09-01,6.32
2018-09-02,8.01
2018-09-03,6.22
2018-09-04,9.41
2018-09-05,1.12
2018-09-06,0.22
2018-09-07,0.0
2018-09-08,0.78
2018-09-09,5.86
2018-09-10,2.66
2018-09-11,7.92
2018-09-12,25.6
2018-09-13,2.52
2018-09-14,1.0
2018-09-15,12.31
2018-09-16,0.0
2018-09-17,0.38
2018-09-18,8.9
2018-09-19,18.54
2018-09-20,15.38
2018-09-21,0.0
2018-09-22,0.0
2018-09-23,1.74
2018-09-24,8.01
2018-09-25,3.5
2018-09-26,0.4
2018-09-27,0.0
2018-09-28,2.34
2018-09-29,0.0
2018-09-30,0.0
2018-10-01,0.0
2018-10-02,0.0
2018-10-03,0.0
2018-10-04,0.0
2018-10-05,0.0
2018-10-06,0.0
2018-10-07,0.0
2018-10-08,0.15
2018-10-09,13.12
2018-10-10,12.98
2018-10-11,28.42
2018-10-12,30.62
2018-10-13,12.0
2018-10-14,0.0
2018-10-15,0.0
2018-10-16,0.0
2018-10-17,0.0
2018-10-18,0.0
2018-10-19,0.0
2018-10-20,0.0
2018-10-21,0.0
2018-10-22,0.0
2018-10-23,0.0
2018-10-24,0.0
2018-10-25,0.0
2018-10-26,0.0
2018-10-27,3.16
2018-10-28,3.96
2018-10-29,19.24
2018-10-30,8.52
2018-10-31,1.08
2018-11-01,0.0
2018-11-02,0.0
2018-11-03,0.0
2018-11-04,0.0
2018-11-05,0.0
2018-11-06,0.0
2018-11-07,0.0
2018-11-08,0.0
2018-11-09,0.0
2018-11-10,0.0
2018-11-11,0.0
2018-11-12,0.02
2018-11-13,0.0
2018-11-14,0.0
2018-11-15,0.0
2018-11-16,0.0
2018-11-17,0.0
2018-11-18,0.0
2018-11-19,0.0
2018-11-20,0.0
2018-11-21,0.0
2018-11-22,0.0
2018-11-23,0.0
2018-11-24,0.0
2018-11-25,0.0
2018-11-26,0.0
2018-11-27,0.0
2018-11-28,0.0
2018-11-29,0.0
2018-11-30,0.0
2018-12-01,0.0
2018-12-02,0.0
2018-12-03,0.0
2018-12-04,0.0
2018-12-05,0.0
2018-12-06,0.79
2018-12-07,0.0
2018-12-08,0.0
2018-12-09,0.0
2018-12-10,0.0
2018-12-11,0.0
2018-12-12,0.0
2018-12-13,0.0
2018-12-14,0.0
2018-12-15,0.08
2018-12-16,8.41
2018-12-17,2.1
2018-12-18,0.14
2018-12-19,0.0
2018-12-20,0.0
2018-12-21,0.0
2018-12-22,0.0
2018-12-23,0.0
2018-12-24,0.0
2018-12-25,0.0
2018-12-26,0.0
2018-12-27,0.0
2018-12-28,0.0
2018-12-29,0.0
2018-12-30,0.0
2018-12-31,0.0
2019-01-01,0.0
2019-01-02,0.0
2019-01-03,0.0
2019-01-04,0.0
2019-01-05,0.0
2019-01-06,0.0
2019-01-07,0.0
2019-01-08,0.0
2019-01-09,0.0
2019-01-10,0.0
2019-01-11,0.0
2019-01-12,0.0
2019-01-13,0.0
2019-01-14,0.0
2019-01-15,0.0
2019-01-16,0.0
2019-01-17,0.0
2019-01-18,0.0
2019-01-19,0.0
2019-01-20,0.0
2019-01-21,0.0
2019-01-22,0.0
2019-01-23,0.0
2019-01-24,0.0
2019-01-25,0.0
2019-01-26,0.0
2019-01-27,0.0
2019-01-28,0.48
2019-01-29,0.0
2019-01-30,0.0
2019-01-31,0.0
2019-02-01,0.0
2019-02-02,0.0
2019-02-03,0.0
2019-02-04,0.0
2019-02-05,0.0
2019-02-06,0.0
2019-02-07,0.0
2019-02-08,0.0
2019-02-09,0.0
2019-02-10,0.0
2019-02-11,0.0
2019-02-12,0.0
2019-02-13,0.0
2019-02-14,0.0
2019-02-15,0.0
2019-02-16,0.88
2019-02-17,0.71
2019-02-18,0.0
2019-02-19,0.0
2019-02-20,0.0
2019-02-21,0.0
2019-02-22,0.0
2019-02-23,0.0
2019-02-24,0.03
2019-02-25,36.28
2019-02-26,25.65
2019-02-27,9.58
2019-02-28,5.86
2019-03-01,0.0
2019-03-02,0.0
2019-03-03,0.3
2019-03-04,0.35
2019-03-05,14.86
2019-03-06,0.0
2019-03-07,0.0
2019-03-08,0.0
2019-03-09,0.0
2019-03-10,0.0
2019-03-11,0.0
2019-03-12,0.0
2019-03-13,0.0
2019-03-14,0.0
2019-03-15,0.1
2019-03-16,5.27
2019-03-17,4.7
2019-03-18,1.18
2019-03-19,0.49
2019-03-20,2.31
2019-03-21,0.0
2019-03-22,0.02
2019-03-23,0.0
2019-03-24,0.0
2019-03-25,0.0
2019-03-26,0.06
2019-03-27,0.28
2019-03-28,0.0
2019-03-29,0.0
2019-03-30,0.0
2019-03-31,21.64
2019-04-01,3.45
2019-04-02,23.12
2019-04-03,2.28
2019-04-04,0.0
2019-04-05,0.0
2019-04-06,17.5
2019-04-07,0.0
2019-04-08,11.49
2019-04-09,27.32
2019-04-10,3.52
2019-04-11,9.68
2019-04-12,0.0
2019-04-13,17.16
2019-04-14,0.0
2019-04-15,0.0
2019-04-16,0.0
2019-04-17,0.0
2019-04-18,0.0
2019-04-19,0.0
2019-04-20,0.0
2019-04-21,0.4
2019-04-22,1.02
2019-04-23,0.0
2019-04-24,0.0
2019-04-25,0.0
2019-04-26,0.0
2019-04-27,0.0
2019-04-28,0.0
2019-04-29,0.0
2019-04-30,0.0
2019-05-01,0.0
2019-05-02,0.88
2019-05-03,24.86
2019-05-04,34.62
2019-05-05,0.0
2019-05-06,0.0
2019-05-07,0.0
2019-05-08,0.0
2019-05-09,0.0
2019-05-10,0.0
2019-05-11,0.0
2019-05-12,0.0
2019-05-13,28.16
2019-05-14,0.0
2019-05-15,6.07
2019-05-16,4.04
2019-05-17,3.18
2019-05-18,0.0
2019-05-19,0.0
2019-05-20,0.0
2019-05-21,0.0
2019-05-22,10.76
2019-05-23,0.85
2019-05-24,80.06
2019-05-25,2.65
2019-05-26,0.0
2019-05-27,0.0
2019-05-28,0.0
2019-05-29,0.0
2019-05-30,0.0
2019-05-31,1.52
2019-06-01,7.42
2019-06-02,5.25
2019-06-03,10.26
2019-06-04,13.46
2019-06-05,1.78
2019-06-06,0.34
2019-06-07,1.16
2019-06-08,4.8
2019-06-09,6.04
2019-06-10,0.0
2019-06-11,0.0
2019-06-12,0.3
2019-06-13,106.92
2019-06-14,6.1
2019-06-15,44.53
2019-06-16,0.0
2019-06-17,0.0
2019-06-18,16.6
2019-06-19,11.93
2019-06-20,2.28
2019-06-21,0.25
2019-06-22,0.42
2019-06-23,0.0
2019-06-24,0.52
2019-06-25,0.0
2019-06-26,9.34
2019-06-27,8.26
2019-06-28,3.34
2019-06-29,1.47
2019-06-30,1.28
2019-07-01,0.22
2019-07-02,2.3
2019-07-03,1.62
2019-07-04,1.18
2019-07-05,1.35
2019-07-06,25.72
2019-07-07,38.28
2019-07-08,73.4
2019-07-09,63.44
2019-07-10,32.9
2019-07-11,79.12
2019-07-12,48.36
2019-07-13,41.64
2019-07-14,43.12
2019-07-15,4.8
2019-07-16,0.0
2019-07-17,43.79
2019-07-18,73.01
2019-07-19,8.3
2019-07-20,0.0
2019-07-21,1.85
2019-07-22,2.76
2019-07-23,27.68
2019-07-24,2.02
2019-07-25,36.8
2019-07-26,11.02
2019-07-27,4.68
2019-07-28,0.0
2019-07-29,9.1
2019-07-30,34.55
2019-07-31,2.88
2019-08-01,0.98
2019-08-02,1.6
2019-08-03,2.78
2019-08-04,22.37
2019-08-05,31.78
2019-08-06,7.28
2019-08-07,1.8
2019-08-08,27.94
2019-08-09,3.79
2019-08-10,2.88
2019-08-11,43.16
2019-08-12,19.58
2019-08-13,29.08
2019-08-14,54.29
2019-08-15,16.89
2019-08-16,11.38
2019-08-17,0.98
2019-08-18,1.46
2019-08-19,0.27
2019-08-20,0.72
2019-08-21,5.93
2019-08-22,19.03
2019-08-23,15.01
2019-08-24,15.51
2019-08-25,9.43
2019-08-26,0.0
2019-08-27,0.26
2019-08-28,1.58
2019-08-29,0.0
2019-08-30,9.14
2019-08-31,26.08
2019-09-01,12.47
2019-09-02,19.76
2019-09-03,3.24
2019-09-04,8.55
2019-09-05,1.75
2019-09-06,1.08
2019-09-07,14.04
2019-09-08,32.65
2019-09-09,4.9
2019-09-10,1.96
2019-09-11,6.06
2019-09-12,46.92
2019-09-13,12.41
2019-09-14,1.53
2019-09-15,0.14
2019-09-16,0.41
2019-09-17,0.12
2019-09-18,2.37
2019-09-19,2.65
2019-09-20,0.0
2019-09-21,0.42
2019-09-22,10.6
2019-09-23,5.19
2019-09-24,36.78
2019-09-25,12.12
2019-09-26,3.04
2019-09-27,2.94
2019-09-28,0.48
2019-09-29,10.69
2019-09-30,27.52
2019-10-01,42.1
2019-10-02,0.0
2019-10-03,0.0
2019-10-04,3.57
2019-10-05,0.02
2019-10-06,14.86
2019-10-07,0.0
2019-10-08,0.62
2019-10-09,17.02
2019-10-10,29.53
2019-10-11,0.0
2019-10-12,0.0
2019-10-13,0.0
2019-10-14,0.0
2019-10-15,0.38
2019-10-16,0.0
2019-10-17,0.0
2019-10-18,0.0
2019-10-19,0.0
2019-10-20,0.0
2019-10-21,0.0
2019-10-22,0.0
2019-10-23,3.24
2019-10-24,6.12
2019-10-25,20.39
2019-10-26,7.26
2019-10-27,0.0
2019-10-28,0.0
2019-10-29,0.0
2019-10-30,0.0
2019-10-31,0.0
2019-11-01,0.0
2019-11-02,0.0
2019-11-03,0.0
2019-11-04,0.0
2019-11-05,0.0
2019-11-06,0.38
2019-11-07,0.0
2019-11-08,24.14
2019-11-09,11.36
2019-11-10,52.64
2019-11-11,0.0
2019-11-12,0.0
2019-11-13,0.0
2019-11-14,0.0
2019-11-15,0.0
2019-11-16,0.0
2019-11-17,0.0
2019-11-18,0.0
2019-11-19,0.0
2019-11-20,0.0
2019-11-21,0.0
2019-11-22,0.0
2019-11-23,0.0
2019-11-24,0.0
2019-11-25,0.0
2019-11-26,0.0
2019-11-27,0.0
2019-11-28,0.0
2019-11-29,0.0
2019-11-30,0.0
2019-12-01,0.0
2019-12-02,0.0
2019-12-03,0.0
2019-12-04,0.0
2019-12-05,0.0
2019-12-06,0.0
2019-12-07,0.0
2019-12-08,0.0
2019-12-09,0.0
2019-12-10,0.0
2019-12-11,0.0
2019-12-12,0.0
2019-12-13,0.0
2019-12-14,0.0
2019-12-15,0.0
2019-12-16,0.0
2019-12-17,0.0
2019-12-18,0.0
2019-12-19,0.0
2019-12-20,0.0
2019-12-21,1.16
2019-12-22,0.0
2019-12-23,0.0
2019-12-24,0.0
2019-12-25,0.0
2019-12-26,1.52
2019-12-27,2.62
2019-12-28,0.0
2019-12-29,0.0
2019-12-30,0.0
2019-12-31,0.0
2020-01-01,0.0
2020-01-02,2.06
2020-01-03,47.12
2020-01-04,0.55
2020-01-05,0.02
2020-01-06,0.0
2020-01-07,0.0
2020-01-08,0.0
2020-01-09,1.48
2020-01-10,0.0
2020-01-11,0.0
2020-01-12,0.0
2020-01-13,0.0
2020-01-14,0.0
2020-01-15,0.0
2020-01-16,0.0
2020-01-17,0.0
2020-01-18,0.0
2020-01-19,0.0
2020-01-20,0.0
2020-01-21,0.0
2020-01-22,0.0
2020-01-23,0.0
2020-01-24,0.0
2020-01-25,0.0
2020-01-26,0.0
2020-01-27,0.0
2020-01-28,0.0
2020-01-29,1.32
2020-01-30,0.0
2020-01-31,0.0
2020-02-01,0.0
2020-02-02,0.0
2020-02-03,0.0
2020-02-04,0.0
2020-02-05,0.0
2020-02-06,0.0
2020-02-07,0.1
2020-02-08,0.28
2020-02-09,0.46
2020-02-10,0.0
2020-02-11,0.0
2020-02-12,0.0
2020-02-13,0.0
2020-02-14,0.0
2020-02-15,0.0
2020-02-16,0.0
2020-02-17,0.0
2020-02-18,0.0
2020-02-19,0.0
2020-02-20,0.0
2020-02-21,0.0
2020-02-22,0.0
2020-02-23,0.0
2020-02-24,0.0
2020-02-25,0.06
2020-02-26,3.1
2020-02-27,0.0
2020-02-28,0.0
2020-02-29,0.0
2020-03-01,0.0
2020-03-02,0.0
2020-03-03,11.12
2020-03-04,0.0
2020-03-05,0.0
2020-03-06,0.12
2020-03-07,0.8
2020-03-08,0.0
2020-03-09,0.0
2020-03-10,0.0
2020-03-11,0.0
2020-03-12,0.0
2020-03-13,0.0
2020-03-14,0.0
2020-03-15,0.0
2020-03-16,0.02
2020-03-17,0.0
2020-03-18,0.0
2020-03-19,0.08
2020-03-20,0.0
2020-03-21,0.39
2020-03-22,0.08
2020-03-23,0.0
2020-03-24,0.0
2020-03-25,0.0
2020-03-26,0.0
2020-03-27,0.0
2020-03-28,0.0
2020-03-29,0.0
2020-03-30,0.0
2020-03-31,0.0
2020-04-01,0.0
2020-04-02,10.78
2020-04-03,0.04
2020-04-04,0.0
2020-04-05,6.14
2020-04-06,0.0
2020-04-07,0.0
2020-04-08,7.74
2020-04-09,0.0
2020-04-10,0.0
2020-04-11,0.0
2020-04-12,0.0
2020-04-13,0.0
2020-04-14,0.0
2020-04-15,1.08
2020-04-16,0.0
2020-04-17,0.0
2020-04-18,33.04
2020-04-19,0.0
2020-04-20,19.52
2020-04-21,10.14
2020-04-22,4.64
2020-04-23,16.34
2020-04-24,29.88
2020-04-25,22.39
2020-04-26,8.07
2020-04-27,0.0
2020-04-28,18.97
2020-04-29,0.0
2020-04-30,2.19
2020-05-01,0.68
2020-05-02,7.02
2020-05-03,0.0
2020-05-04,2.08
2020-05-05,0.0
2020-05-06,9.48
2020-05-07,1.2
2020-05-08,0.0
2020-05-09,0.0
2020-05-10,0.0
2020-05-11,0.0
2020-05-12,0.58
2020-05-13,100.74
2020-05-14,1.18
2020-05-15,3.54
2020-05-16,0.04
2020-05-17,0.0
2020-05-18,1.06
2020-05-19,22.93
2020-05-20,20.48
2020-05-21,0.75
2020-05-22,0.0
2020-05-23,0.0
2020-05-24,0.12
2020-05-25,1.7
2020-05-26,0.01
2020-05-27,80.16
2020-05-28,0.86
2020-05-29,18.06
2020-05-30,13.32
2020-05-31,0.13
2020-06-01,3.26
2020-06-02,3.2
2020-06-03,7.46
2020-06-04,32.38
2020-06-05,0.42
2020-06-06,16.94
2020-06-07,6.84
2020-06-08,6.02
2020-06-09,36.67
2020-06-10,18.92
2020-06-11,11.48
2020-06-12,31.56
2020-06-13,32.72
2020-06-14,1.94
2020-06-15,5.6
2020-06-16,15.22
2020-06-17,55.96
2020-06-18,56.59
2020-06-19,7.54
2020-06-20,0.2
2020-06-21,7.2
2020-06-22,7.61
2020-06-23,29.39
2020-06-24,0.0
2020-06-25,8.52
2020-06-26,3.4
2020-06-27,54.5
2020-06-28,4.82
2020-06-29,1.25
2020-06-30,0.6
2020-07-01,1.64
2020-07-02,3.86
2020-07-03,3.35
2020-07-04,6.82
2020-07-05,14.69
2020-07-06,4.34
2020-07-07,0.24
2020-07-08,30.97
2020-07-09,12.82
2020-07-10,24.1
2020-07-11,62.21
2020-07-12,71.2
2020-07-13,10.38
2020-07-14,3.48
2020-07-15,0.84
2020-07-16,0.88
2020-07-17,0.94
2020-07-18,32.4
2020-07-19,27.2
2020-07-20,29.88
2020-07-21,22.38
2020-07-22,27.0
2020-07-23,38.69
2020-07-24,2.84
2020-07-25,0.0
2020-07-26,3.78
2020-07-27,10.18
2020-07-28,22.8
2020-07-29,10.38
2020-07-30,5.86
2020-07-31,24.13
2020-08-01,31.56
2020-08-02,18.3
2020-08-03,28.4
2020-08-04,18.88
2020-08-05,2.32
2020-08-06,10.07
2020-08-07,1.38
2020-08-08,2.63
2020-08-09,0.67
2020-08-10,0.85
2020-08-11,16.15
2020-08-12,0.0
2020-08-13,1.0
2020-08-14,3.95
2020-08-15,25.62
2020-08-16,22.52
2020-08-17,29.13
2020-08-18,7.36
2020-08-19,39.94
2020-08-20,32.36
2020-08-21,27.12
2020-08-22,20.96
2020-08-23,3.48
2020-08-24,27.28
2020-08-25,8.84
2020-08-26,1.76
2020-08-27,1.0
2020-08-28,0.89
2020-08-29,0.44
2020-08-30,0.38
2020-08-31,26.66
2020-09-01,11.38
2020-09-02,0.0
2020-09-03,0.0
2020-09-04,0.0
2020-09-05,1.99
2020-09-06,0.48
2020-09-07,0.42
2020-09-08,2.85
2020-09-09,20.98
2020-09-10,8.84
2020-09-11,1.62
2020-09-12,0.79
2020-09-13,6.05
2020-09-14,3.82
2020-09-15,27.94
2020-09-16,1.46
2020-09-17,0.0
2020-09-18,0.21
2020-09-19,2.44
2020-09-20,22.54
2020-09-21,25.33
2020-09-22,35.96
2020-09-23,49.12
2020-09-24,40.76
2020-09-25,18.8
2020-09-26,28.49
2020-09-27,5.9
2020-09-28,0.46
2020-09-29,15.82
2020-09-30,19.25
2020-10-01,0.44
2020-10-02,0.0
2020-10-03,6.64
2020-10-04,5.06
2020-10-05,13.12
2020-10-06,5.11
2020-10-07,1.09
2020-10-08,0.0
2020-10-09,0.0
2020-10-10,0.5
2020-10-11,12.24
2020-10-12,15.86
2020-10-13,0.02
2020-10-14,0.0
2020-10-15,0.0
2020-10-16,0.0
2020-10-17,15.56
2020-10-18,29.07
2020-10-19,4.2
2020-10-20,0.28
2020-10-21,2.67
2020-10-22,97.96
2020-10-23,75.03
2020-10-24,0.0
2020-10-25,0.0
2020-10-26,0.0
2020-10-27,0.0
2020-10-28,0.0
2020-10-29,0.0
2020-10-30,20.34
2020-10-31,36.82
2020-11-01,7.72
2020-11-02,2.52
2020-11-03,2.52
2020-11-04,8.07
2020-11-05,0.0
2020-11-06,0.0
2020-11-07,0.0
2020-11-08,0.0
2020-11-09,0.0
2020-11-10,0.0
2020-11-11,0.0
2020-11-12,0.0
2020-11-13,0.0
2020-11-14,0.0
2020-11-15,0.0
2020-11-16,0.0
2020-11-17,0.0
2020-11-18,0.0
2020-11-19,0.0
2020-11-20,0.0
2020-11-21,6.68
2020-11-22,0.0
2020-11-23,0.0
2020-11-24,0.16
2020-11-25,2.19
2020-11-26,0.0
2020-11-27,0.06
2020-11-28,0.0
2020-11-29,0.0
2020-11-30,0.0
2020-12-01,0.0
2020-12-02,0.0
2020-12-03,0.0
2020-12-04,0.0
2020-12-05,0.0
2020-12-06,0.0
2020-12-07,0.0
2020-12-08,0.0
2020-12-09,0.0
2020-12-10,0.0
2020-12-11,0.0
2020-12-12,0.0
2020-12-13,0.0
2020-12-14,0.0
2020-12-15,0.0
2020-12-16,0.0
2020-12-17,0.0
2020-12-18,0.0
2020-12-19,0.0
2020-12-20,0.0
2020-12-21,0.0
2020-12-22,0.0
2020-12-23,0.0
2020-12-24,0.0
2020-12-25,0.0
2020-12-26,0.0
2020-12-27,0.0
2020-12-28,0.0
2020-12-29,0.0
2020-12-30,0.0
2020-12-31,0.0
2021-01-01,0.0
2021-01-02,0.0
2021-01-03,0.0
2021-01-04,0.0
2021-01-05,0.0
2021-01-06,0.0
2021-01-07,0.0
2021-01-08,0.0
2021-01-09,0.0
2021-01-10,0.0
2021-01-11,0.0
2021-01-12,0.0
2021-01-13,0.0
2021-01-14,0.0
2021-01-15,0.0
2021-01-16,0.0
2021-01-17,0.0
2021-01-18,0.0
2021-01-19,0.0
2021-01-20,0.0
2021-01-21,0.0
2021-01-22,0.0
2021-01-23,0.0
2021-01-24,0.0
2021-01-25,0.0
2021-01-26,0.0
2021-01-27,0.0
2021-01-28,0.0
2021-01-29,0.0
2021-01-30,0.0
2021-01-31,0.0
2021-02-01,0.0
2021-02-02,0.0
2021-02-03,0.0
2021-02-04,0.0
2021-02-05,0.0
2021-02-06,0.0
2021-02-07,0.01
2021-02-08,0.0
2021-02-09,0.0
2021-02-10,0.0
2021-02-11,0.0
2021-02-12,0.0
2021-02-13,0.0
2021-02-14,0.0
2021-02-15,0.0
2021-02-16,0.0
2021-02-17,0.0
2021-02-18,0.0
2021-02-19,0.0
2021-02-20,1.2
2021-02-21,0.0
2021-02-22,0.0
2021-02-23,0.0
2021-02-24,0.0
2021-02-25,0.0
2021-02-26,0.0
2021-02-27,0.0
2021-02-28,0.0
2021-03-01,0.0
2021-03-02,0.0
2021-03-03,0.0
2021-03-04,0.0
2021-03-05,0.0
2021-03-06,0.0
2021-03-07,0.0
2021-03-08,0.0
2021-03-09,0.0
2021-03-10,0.0
2021-03-11,0.0
2021-03-12,0.0
2021-03-13,0.0
2021-03-14,0.0
2021-03-15,0.0
2021-03-16,0.0
2021-03-17,0.0
2021-03-18,0.0
2021-03-19,0.08
2021-03-20,1.01
2021-03-21,0.0
2021-03-22,0.0
2021-03-23,0.0
2021-03-24,0.0
2021-03-25,0.0
2021-03-26,0.0
2021-03-27,0.0
2021-03-28,0.4
2021-03-29,0.0
2021-03-30,0.0
2021-03-31,1.12
2021-04-01,0.0
2021-04-02,0.0
2021-04-03,0.0
2021-04-04,0.0
2021-04-05,0.0
2021-04-06,0.0
2021-04-07,0.0
2021-04-08,0.0
2021-04-09,0.0
2021-04-10,0.0
2021-04-11,0.0
2021-04-12,0.0
2021-04-13,0.0
2021-04-14,0.0
2021-04-15,0.0
2021-04-16,1.16
2021-04-17,0.62
2021-04-18,0.0
2021-04-19,0.0
2021-04-20,0.0
2021-04-21,0.0
2021-04-22,2.34
2021-04-23,2.9
2021-04-24,0.0
2021-04-25,0.0
2021-04-26,0.0
2021-04-27,0.0
2021-04-28,0.0
2021-04-29,0.0
2021-04-30,0.0
2021-05-01,0.2
2021-05-02,0.77
2021-05-03,0.0
2021-05-04,21.54
2021-05-05,0.46
2021-05-06,0.0
2021-05-07,0.0
2021-05-08,0.0
2021-05-09,10.01
2021-05-10,0.0
2021-05-11,16.22
2021-05-12,0.0
2021-05-13,2.81
2021-05-14,0.48
2021-05-15,1.25
2021-05-16,0.0
2021-05-17,0.04
2021-05-18,14.81
2021-05-19,0.0
2021-05-20,0.09
2021-05-21,0.0
2021-05-22,0.0
2021-05-23,12.26
2021-05-24,29.1
2021-05-25,0.06
2021-05-26,1.32
2021-05-27,0.0
2021-05-28,0.0
2021-05-29,0.28
2021-05-30,0.0
2021-05-31,33.17
2021-06-01,74.1
2021-06-02,0.68
2021-06-03,6.67
2021-06-04,0.48
2021-06-05,18.08
2021-06-06,110.34
2021-06-07,3.78
2021-06-08,8.06
2021-06-09,3.67
2021-06-10,6.34
2021-06-11,4.89
2021-06-12,0.2
2021-06-13,5.0
2021-06-14,1.22
2021-06-15,3.1
2021-06-16,9.1
2021-06-17,23.8
2021-06-18,46.48
2021-06-19,18.5
2021-06-20,16.11
2021-06-21,4.74
2021-06-22,0.0
2021-06-23,0.0
2021-06-24,0.1
2021-06-25,6.78
2021-06-26,18.63
2021-06-27,0.18
2021-06-28,12.62
2021-06-29,38.47
2021-06-30,131.9
2021-07-01,39.62
2021-07-02,15.48
2021-07-03,12.01
2021-07-04,9.84
2021-07-05,0.41
2021-07-06,17.64
2021-07-07,18.66
2021-07-08,3.1
2021-07-09,5.48
2021-07-10,27.36
2021-07-11,38.37
2021-07-12,22.19
2021-07-13,1.91
2021-07-14,0.0
2021-07-15,1.94
2021-07-16,42.56
2021-07-17,8.72
2021-07-18,23.36
2021-07-19,23.52
2021-07-20,4.7
2021-07-21,6.2
2021-07-22,14.6
2021-07-23,42.17
2021-07-24,50.88
2021-07-25,0.8
2021-07-26,11.96
2021-07-27,6.02
2021-07-28,40.71
2021-07-29,84.35
2021-07-30,13.26
2021-07-31,20.87
2021-08-01,1.56
2021-08-02,5.72
2021-08-03,5.78
2021-08-04,0.18
2021-08-05,11.02
2021-08-06,17.44
2021-08-07,21.66
2021-08-08,12.03
2021-08-09,7.52
2021-08-10,28.98
2021-08-11,9.14
2021-08-12,12.16
2021-08-13,45.5
2021-08-14,7.99
2021-08-15,29.42
2021-08-16,32.36
2021-08-17,35.12
2021-08-18,21.7
2021-08-19,19.24
2021-08-20,12.2
2021-08-21,1.02
2021-08-22,0.68
2021-08-23,0.76
2021-08-24,16.93
2021-08-25,48.48
2021-08-26,8.38
2021-08-27,2.16
2021-08-28,3.64
2021-08-29,15.19
2021-08-30,18.88
2021-08-31,6.76
2021-09-01,15.39
2021-09-02,2.19
2021-09-03,7.77
2021-09-04,20.88
2021-09-05,40.62
2021-09-06,9.12
2021-09-07,5.04
2021-09-08,0.74
2021-09-09,2.12
2021-09-10,13.32
2021-09-11,7.2
2021-09-12,1.84
2021-09-13,1.65
2021-09-14,3.68
2021-09-15,13.16
2021-09-16,6.39
2021-09-17,17.74
2021-09-18,14.9
2021-09-19,13.2
2021-09-20,5.57
2021-09-21,0.15
2021-09-22,0.48
2021-09-23,0.0
2021-09-24,0.0
2021-09-25,1.5
2021-09-26,29.93
2021-09-27,28.75
2021-09-28,8.1
2021-09-29,27.64
2021-09-30,0.0
2021-10-01,0.0
2021-10-02,6.18
2021-10-03,3.86
2021-10-04,0.0
2021-10-05,0.0
2021-10-06,0.0
2021-10-07,3.8
2021-10-08,0.0
2021-10-09,0.82
2021-10-10,0.0
2021-10-11,0.0
2021-10-12,45.5
2021-10-13,3.84
2021-10-14,0.0
2021-10-15,46.87
2021-10-16,4.64
2021-10-17,29.14
2021-10-18,29.28
2021-10-19,39.26
2021-10-20,16.13
2021-10-21,1.42
2021-10-22,0.0
2021-10-23,0.0
2021-10-24,0.0
2021-10-25,0.0
2021-10-26,0.0
2021-10-27,0.82
2021-10-28,0.0
2021-10-29,0.0
2021-10-30,0.0
2021-10-31,0.0
2021-11-01,0.0
2021-11-02,0.0
2021-11-03,0.0
2021-11-04,0.0
2021-11-05,0.0
2021-11-06,0.0
2021-11-07,0.0
2021-11-08,0.0
2021-11-09,0.0
2021-11-10,0.0
2021-11-11,0.0
2021-11-12,0.82
2021-11-13,3.84
2021-11-14,11.52
2021-11-15,0.86
2021-11-16,0.0
2021-11-17,0.0
2021-11-18,0.0
2021-11-19,0.0
2021-11-20,0.0
2021-11-21,0.0
2021-11-22,0.0
2021-11-23,0.0
2021-11-24,0.0
2021-11-25,0.0
2021-11-26,0.0
2021-11-27,0.0
2021-11-28,0.0
2021-11-29,0.0
2021-11-30,0.0
2021-12-01,0.0
2021-12-02,0.0
2021-12-03,11.04
2021-12-04,24.87
2021-12-05,18.1
2021-12-06,36.2
2021-12-07,0.0
2021-12-08,0.0
2021-12-09,11.54
2021-12-10,0.0
2021-12-11,0.0
2021-12-12,0.0
2021-12-13,0.0
2021-12-14,0.0
2021-12-15,0.0
2021-12-16,0.0
2021-12-17,0.0
2021-12-18,0.0
2021-12-19,0.0
2021-12-20,0.0
2021-12-21,0.0
2021-12-22,0.0
2021-12-23,0.0
2021-12-24,0.0
2021-12-25,0.0
2021-12-26,0.0
2021-12-27,0.0
2021-12-28,0.0
2021-12-29,0.0
2021-12-30,0.0
2021-12-31,0.0
2022-01-01,0.0
2022-01-02,0.0
2022-01-03,0.0
2022-01-04,0.0
2022-01-05,0.0
2022-01-06,0.0
2022-01-07,0.0
2022-01-08,0.0
2022-01-09,0.0
2022-01-10,0.0
2022-01-11,0.0
2022-01-12,2.89
2022-01-13,0.36
2022-01-14,1.47
2022-01-15,2.74
2022-01-16,0.0
2022-01-17,0.0
2022-01-18,0.0
2022-01-19,0.0
2022-01-20,0.0
2022-01-21,0.0
2022-01-22,0.0
2022-01-23,1.48
2022-01-24,0.11
2022-01-25,0.0
2022-01-26,0.0
2022-01-27,0.0
2022-01-28,0.0
2022-01-29,0.0
2022-01-30,0.0
2022-01-31,0.0
2022-02-01,0.0
2022-02-02,0.0
2022-02-03,0.0
2022-02-04,12.85
2022-02-05,0.0
2022-02-06,0.0
2022-02-07,0.0
2022-02-08,0.0
2022-02-09,0.0
2022-02-10,0.0
2022-02-11,0.0
2022-02-12,0.0
2022-02-13,0.0
2022-02-14,0.0
2022-02-15,0.0
2022-02-16,0.0
2022-02-17,0.0
2022-02-18,0.0
2022-02-19,0.0
2022-02-20,1.73
2022-02-21,0.0
2022-02-22,0.0
2022-02-23,0.0
2022-02-24,1.12
2022-02-25,0.0
2022-02-26,0.0
2022-02-27,0.0
2022-02-28,0.0
2022-03-01,0.0
2022-03-02,0.0
2022-03-03,0.0
2022-03-04,0.0
2022-03-05,0.0
2022-03-06,0.0
2022-03-07,0.0
2022-03-08,0.0
2022-03-09,0.0
2022-03-10,0.0
2022-03-11,0.0
2022-03-12,0.0
2022-03-13,0.0
2022-03-14,0.0
2022-03-15,0.0
2022-03-16,0.0
2022-03-17,0.0
2022-03-18,0.0
2022-03-19,0.0
2022-03-20,0.0
2022-03-21,0.0
2022-03-22,0.0
2022-03-23,0.0
2022-03-24,0.0
2022-03-25,0.0
2022-03-26,0.0
2022-03-27,0.0
2022-03-28,0.0
2022-03-29,0.0
2022-03-30,0.0
2022-03-31,0.0
2022-04-01,0.0
2022-04-02,0.0
2022-04-03,0.2
2022-04-04,0.0
2022-04-05,0.0
2022-04-06,0.0
2022-04-07,0.0
2022-04-08,0.0
2022-04-09,0.0
2022-04-10,0.0
2022-04-11,0.0
2022-04-12,0.0
2022-04-13,0.0
2022-04-14,0.0
2022-04-15,0.0
2022-04-16,0.0
2022-04-17,0.0
2022-04-18,0.0
2022-04-19,0.0
2022-04-20,28.44
2022-04-21,0.0
2022-04-22,19.93
2022-04-23,0.0
2022-04-24,0.0
2022-04-25,0.0
2022-04-26,0.0
2022-04-27,0.0
2022-04-28,0.0
2022-04-29,0.44
2022-04-30,0.0
2022-05-01,2.06
2022-05-02,14.11
2022-05-03,16.05
2022-05-04,17.14
2022-05-05,0.0
2022-05-06,2.71
2022-05-07,0.0
2022-05-08,12.36
2022-05-09,48.41
2022-05-10,13.3
2022-05-11,40.68
2022-05-12,8.84
2022-05-13,35.45
2022-05-14,0.0
2022-05-15,0.0
2022-05-16,0.0
2022-05-17,0.78
2022-05-18,1.76
2022-05-19,4.64
2022-05-20,0.0
2022-05-21,4.0
2022-05-22,4.54
2022-05-23,0.0
2022-05-24,33.9
2022-05-25,2.1
2022-05-26,12.93
2022-05-27,11.84
2022-05-28,0.1
2022-05-29,42.86
2022-05-30,1.52
2022-05-31,1.24
2022-06-01,2.57
2022-06-02,1.68
2022-06-03,22.92
2022-06-04,0.0
2022-06-05,0.0
2022-06-06,0.46
2022-06-07,23.63
2022-06-08,6.18
2022-06-09,10.22
2022-06-10,0.0
2022-06-11,0.0
2022-06-12,0.0
2022-06-13,9.63
2022-06-14,53.76
2022-06-15,13.24
2022-06-16,6.68
2022-06-17,43.6
2022-06-18,30.28
2022-06-19,97.75
2022-06-20,28.46
2022-06-21,5.6
2022-06-22,0.56
2022-06-23,0.2
2022-06-24,0.0
2022-06-25,0.17
2022-06-26,0.0
2022-06-27,0.0
2022-06-28,0.22
2022-06-29,47.07
2022-06-30,32.13
2022-07-01,0.0
2022-07-02,1.14
2022-07-03,1.1
2022-07-04,23.12
2022-07-05,9.9
2022-07-06,5.67
2022-07-07,0.0
2022-07-08,1.34
2022-07-09,1.58
2022-07-10,1.17
2022-07-11,1.42
2022-07-12,2.8
2022-07-13,3.68
2022-07-14,14.88
2022-07-15,2.36
2022-07-16,8.55
2022-07-17,0.0
2022-07-18,0.1
2022-07-19,15.39
2022-07-20,16.58
2022-07-21,5.6
2022-07-22,6.84
2022-07-23,19.26
2022-07-24,5.96
2022-07-25,14.4
2022-07-26,49.2
2022-07-27,0.69
2022-07-28,1.15
2022-07-29,2.0
2022-07-30,3.57
2022-07-31,0.49
2022-08-01,4.9
2022-08-02,35.16
2022-08-03,7.18
2022-08-04,9.66
2022-08-05,13.53
2022-08-06,5.65
2022-08-07,6.81
2022-08-08,7.58
2022-08-09,1.12
2022-08-10,1.12
2022-08-11,0.15
2022-08-12,10.82
2022-08-13,1.84
2022-08-14,5.18
2022-08-15,3.76
2022-08-16,0.0
2022-08-17,0.0
2022-08-18,38.01
2022-08-19,9.26
2022-08-20,3.62
2022-08-21,0.16
2022-08-22,75.83
2022-08-23,0.66
2022-08-24,0.0
2022-08-25,0.0
2022-08-26,19.8
2022-08-27,8.82
2022-08-28,0.0
2022-08-29,0.0
2022-08-30,0.0
2022-08-31,1.36
2022-09-01,1.97
2022-09-02,31.36
2022-09-03,2.66
2022-09-04,14.67
2022-09-05,9.26
2022-09-06,1.46
2022-09-07,1.27
2022-09-08,16.18
2022-09-09,52.09
2022-09-10,35.76
2022-09-11,32.33
2022-09-12,27.7
2022-09-13,45.43
2022-09-14,2.38
2022-09-15,1.1
2022-09-16,2.62
2022-09-17,28.08
2022-09-18,40.34
2022-09-19,0.19
2022-09-20,0.09
2022-09-21,0.0
2022-09-22,1.28
2022-09-23,9.2
2022-09-24,2.45
2022-09-25,2.0
2022-09-26,13.26
2022-09-27,0.42
2022-09-28,0.0
2022-09-29,0.0
2022-09-30,49.92
2022-10-01,63.12
2022-10-02,5.88
2022-10-03,3.68
2022-10-04,31.58
2022-10-05,0.0
2022-10-06,0.0
2022-10-07,0.0
2022-10-08,0.0
2022-10-09,6.18
2022-10-10,0.26
2022-10-11,0.0
2022-10-12,0.41
2022-10-13,0.0
2022-10-14,0.0
2022-10-15,0.0
2022-10-16,0.0
2022-10-17,0.0
2022-10-18,0.0
2022-10-19,0.0
2022-10-20,0.0
2022-10-21,0.0
2022-10-22,0.22
2022-10-23,55.75
2022-10-24,65.83
2022-10-25,0.0
2022-10-26,0.0
2022-10-27,0.0
2022-10-28,0.0
2022-10-29,0.0
2022-10-30,0.0
2022-10-31,0.0
2022-11-01,0.0
2022-11-02,0.0
2022-11-03,0.97
2022-11-04,0.0
2022-11-05,0.0
2022-11-06,0.0
2022-11-07,0.0
2022-11-08,0.0
2022-11-09,0.0
2022-11-10,0.18
2022-11-11,0.0
2022-11-12,0.0
2022-11-13,0.0
2022-11-14,0.0
2022-11-15,0.0
2022-11-16,0.0
2022-11-17,0.0
2022-11-18,0.0
2022-11-19,0.0
2022-11-20,0.0
2022-11-21,0.0
2022-11-22,0.0
2022-11-23,0.0
2022-11-24,0.0
2022-11-25,0.0
2022-11-26,0.0
2022-11-27,0.0
2022-11-28,0.0
2022-11-29,0.0
2022-11-30,0.0
2022-12-01,0.0
2022-12-02,0.0
2022-12-03,0.0
2022-12-04,0.0
2022-12-05,0.0
2022-12-06,0.0
2022-12-07,0.0
2022-12-08,0.0
2022-12-09,0.0
2022-12-10,0.0
2022-12-11,0.0
2022-12-12,0.0
2022-12-13,0.0
2022-12-14,0.0
2022-12-15,0.0
2022-12-16,0.0
2022-12-17,0.0
2022-12-18,0.0
2022-12-19,0.0
2022-12-20,0.0
2022-12-21,0.0
2022-12-22,0.0
2022-12-23,0.0
2022-12-24,0.0
2022-12-25,0.0
2022-12-26,0.0
2022-12-27,0.0
2022-12-28,0.0
2022-12-29,0.0
2022-12-30,0.0
2022-12-31,0.0
2023-01-01,0.0
2023-01-02,0.0
2023-01-03,0.0
2023-01-04,0.0
2023-01-05,0.0
2023-01-06,0.0
2023-01-07,0.0
2023-01-08,0.0
2023-01-09,0.0
2023-01-10,0.0
2023-01-11,0.0
2023-01-12,0.0
2023-01-13,0.0
2023-01-14,0.0
2023-01-15,0.0
2023-01-16,0.0
2023-01-17,0.0
2023-01-18,0.0
2023-01-19,0.0
2023-01-20,0.0
2023-01-21,0.0
2023-01-22,0.0
2023-01-23,0.0
2023-01-24,0.0
2023-01-25,0.0
2023-01-26,0.0
2023-01-27,0.0
2023-01-28,0.0
2023-01-29,0.0
2023-01-30,0.0
2023-01-31,0.0
2023-02-01,0.16
2023-02-02,0.0
2023-02-03,0.0
2023-02-04,0.0
2023-02-05,0.0
2023-02-06,0.0
2023-02-07,0.0
2023-02-08,0.0
2023-02-09,0.0
2023-02-10,0.0
2023-02-11,0.0
2023-02-12,0.0
2023-02-13,0.0
2023-02-14,0.0
2023-02-15,0.0
2023-02-16,0.0
2023-02-17,0.0
2023-02-18,0.0
2023-02-19,0.0
2023-02-20,0.0
2023-02-21,0.0
2023-02-22,0.0
2023-02-23,0.0
2023-02-24,0.0
2023-02-25,0.0
2023-02-26,0.0
2023-02-27,0.0
2023-02-28,0.0
2023-03-01,0.0
2023-03-02,0.0
2023-03-03,0.0
2023-03-04,0.0
2023-03-05,0.0
2023-03-06,0.0
2023-03-07,0.0
2023-03-08,0.29
2023-03-09,0.03
2023-03-10,0.04
2023-03-11,0.0
2023-03-12,0.0
2023-03-13,0.0
2023-03-14,0.0
2023-03-15,0.0
2023-03-16,0.12
2023-03-17,0.0
2023-03-18,0.01
2023-03-19,7.3
2023-03-20,12.56
2023-03-21,18.42
2023-03-22,0.0
2023-03-23,0.82
2023-03-24,0.0
2023-03-25,0.0
2023-03-26,0.0
2023-03-27,0.0
2023-03-28,0.0
2023-03-29,6.9
2023-03-30,0.1
2023-03-31,1.82
2023-04-01,10.5
2023-04-02,0.0
2023-04-03,0.0
2023-04-04,0.0
2023-04-05,0.0
2023-04-06,0.0
2023-04-07,0.0
2023-04-08,0.0
2023-04-09,0.0
2023-04-10,0.06
2023-04-11,0.0
2023-04-12,0.0
2023-04-13,0.0
2023-04-14,0.0
2023-04-15,0.0
2023-04-16,0.0
2023-04-17,0.0
2023-04-18,0.0
2023-04-19,0.0
2023-04-20,0.0
2023-04-21,6.13
2023-04-22,0.0
2023-04-23,0.02
2023-04-24,0.0
2023-04-25,0.0
2023-04-26,0.0
2023-04-27,11.95
2023-04-28,0.74
2023-04-29,0.78
2023-04-30,0.15
2023-05-01,1.67
2023-05-02,0.22
2023-05-03,11.32
2023-05-04,1.32
2023-05-05,3.96
2023-05-06,0.01
2023-05-07,0.0
2023-05-08,0.0
2023-05-09,0.0
2023-05-10,0.0
2023-05-11,0.02
2023-05-12,1.08
2023-05-13,27.52
2023-05-14,30.42
2023-05-15,0.0
2023-05-16,0.0
2023-05-17,17.8
2023-05-18,11.88
2023-05-19,0.0
2023-05-20,0.0
2023-05-21,5.71
2023-05-22,0.0
2023-05-23,17.3
2023-05-24,10.34
2023-05-25,0.23
2023-05-26,0.0
2023-05-27,0.0
2023-05-28,0.0
2023-05-29,0.0
2023-05-30,2.49
2023-05-31,0.82
2023-06-01,0.0
2023-06-02,0.0
2023-06-03,0.0
2023-06-04,0.0
2023-06-05,0.0
2023-06-06,0.97
2023-06-07,5.84
2023-06-08,100.81
2023-06-09,7.38
2023-06-10,58.22
2023-06-11,31.42
2023-06-12,4.69
2023-06-13,0.72
2023-06-14,0.0
2023-06-15,0.76
2023-06-16,7.25
2023-06-17,10.3
2023-06-18,16.45
2023-06-19,37.82
2023-06-20,13.17
2023-06-21,1.16
2023-06-22,5.88
2023-06-23,0.12
2023-06-24,0.0
2023-06-25,0.26
2023-06-26,9.22
2023-06-27,70.17
2023-06-28,12.14
2023-06-29,11.86
2023-06-30,24.58
2023-07-01,0.72
2023-07-02,1.22
2023-07-03,0.0
2023-07-04,24.86
2023-07-05,1.72
2023-07-06,0.09
2023-07-07,0.0
2023-07-08,0.74
2023-07-09,7.84
2023-07-10,4.16
2023-07-11,10.26
2023-07-12,2.02
2023-07-13,3.32
2023-07-14,1.62
2023-07-15,0.4
2023-07-16,1.17
2023-07-17,12.74
2023-07-18,25.36
2023-07-19,0.54
2023-07-20,1.25
2023-07-21,6.92
2023-07-22,1.62
2023-07-23,11.54
2023-07-24,24.02
2023-07-25,2.28
2023-07-26,0.6
2023-07-27,4.38
2023-07-28,0.04
2023-07-29,0.08
2023-07-30,6.84
2023-07-31,20.39
2023-08-01,7.64
2023-08-02,22.62
2023-08-03,40.06
2023-08-04,31.22
2023-08-05,19.63
2023-08-06,115.34
2023-08-07,52.03
2023-08-08,28.14
2023-08-09,7.92
2023-08-10,7.84
2023-08-11,4.13
2023-08-12,2.24
2023-08-13,5.35
2023-08-14,2.76
2023-08-15,52.91
2023-08-16,53.05
2023-08-17,13.34
2023-08-18,0.0
2023-08-19,0.45
2023-08-20,0.58
2023-08-21,4.63
2023-08-22,2.65
2023-08-23,2.09
2023-08-24,20.41
2023-08-25,13.78
2023-08-26,39.86
2023-08-27,31.74
2023-08-28,0.34
2023-08-29,0.45
2023-08-30,18.14
2023-08-31,35.38
2023-09-01,14.56
2023-09-02,43.15
2023-09-03,4.32
2023-09-04,0.38
2023-09-05,0.82
2023-09-06,16.14
2023-09-07,13.53
2023-09-08,26.08
2023-09-09,4.93
2023-09-10,2.38
2023-09-11,17.33
2023-09-12,10.42
2023-09-13,1.32
2023-09-14,3.95
2023-09-15,0.0
2023-09-16,0.83
2023-09-17,38.65
2023-09-18,28.57
2023-09-19,5.16
2023-09-20,7.93
2023-09-21,6.77
2023-09-22,4.94
2023-09-23,0.58
2023-09-24,0.71
2023-09-25,0.0
2023-09-26,6.64
2023-09-27,9.48
2023-09-28,22.48
2023-09-29,6.87
2023-09-30,3.47
2023-10-01,2.3
2023-10-02,0.45
2023-10-03,11.27
2023-10-04,62.42
2023-10-05,24.15
2023-10-06,1.33
2023-10-07,0.91
2023-10-08,3.32
2023-10-09,0.0
2023-10-10,0.0
2023-10-11,0.29
2023-10-12,0.0
2023-10-13,0.0
2023-10-14,0.0
2023-10-15,0.0
2023-10-16,0.0
2023-10-17,0.0
2023-10-18,0.0
2023-10-19,0.0
2023-10-20,0.0
2023-10-21,0.0
2023-10-22,5.29
2023-10-23,18.55
2023-10-24,34.96
2023-10-25,0.0
2023-10-26,0.0
2023-10-27,0.0
2023-10-28,0.0
2023-10-29,0.0
2023-10-30,0.0
2023-10-31,0.0
2023-11-01,0.0
2023-11-02,0.0
2023-11-03,0.0
2023-11-04,0.0
2023-11-05,0.0
2023-11-06,0.0
2023-11-07,0.0
2023-11-08,0.0
2023-11-09,0.0
2023-11-10,0.0
2023-11-11,0.0
2023-11-12,0.0
2023-11-13,0.0
2023-11-14,0.0
2023-11-15,0.7
2023-11-16,54.34
2023-11-17,53.48
2023-11-18,0.0
2023-11-19,0.0
2023-11-20,0.46
2023-11-21,0.58
2023-11-22,0.0
2023-11-23,0.0
2023-11-24,0.0
2023-11-25,0.0
2023-11-26,0.0
2023-11-27,0.0
2023-11-28,0.0
2023-11-29,0.02
2023-11-30,0.0
2023-12-01,0.15
2023-12-02,0.04
2023-12-03,0.0
2023-12-04,3.26
2023-12-05,1.6
2023-12-06,8.92
2023-12-07,13.13
2023-12-08,0.0
2023-12-09,0.0
2023-12-10,0.0
2023-12-11,0.0
2023-12-12,0.0
2023-12-13,0.0
2023-12-14,0.0
2023-12-15,0.0
2023-12-16,0.0
2023-12-17,0.0
2023-12-18,0.0
2023-12-19,0.0
2023-12-20,0.0
2023-12-21,0.0
2023-12-22,0.0
2023-12-23,0.46
2023-12-24,0.0
2023-12-25,0.0
2023-12-26,0.0
2023-12-27,0.0
2023-12-28,0.0
2023-12-29,0.0
2023-12-30,0.0
2023-12-31,0.0
2024-01-01,0.0
2024-01-02,0.0
2024-01-03,0.0
2024-01-04,0.0
2024-01-05,0.0
2024-01-06,0.0
2024-01-07,0.0
2024-01-08,0.0
2024-01-09,0.0
2024-01-10,0.0
2024-01-11,0.0
2024-01-12,0.0
2024-01-13,0.0
2024-01-14,0.0
2024-01-15,0.0
2024-01-16,0.0
2024-01-17,0.0
2024-01-18,0.06
2024-01-19,0.0
2024-01-20,0.0
2024-01-21,0.0
2024-01-22,0.0
2024-01-23,0.0
2024-01-24,4.06
2024-01-25,0.0
2024-01-26,0.0
2024-01-27,0.0
2024-01-28,0.0
2024-01-29,0.0
2024-01-30,0.01
2024-01-31,0.3
2024-02-01,1.27
2024-02-02,0.0
2024-02-03,0.0
2024-02-04,0.0
2024-02-05,0.0
2024-02-06,0.0
2024-02-07,0.0
2024-02-08,0.0
2024-02-09,0.0
2024-02-10,0.0
2024-02-11,0.0
2024-02-12,0.38
2024-02-13,0.29
2024-02-14,2.11
2024-02-15,0.0
2024-02-16,0.0
2024-02-17,0.0
2024-02-18,0.0
2024-02-19,0.0
2024-02-20,0.0
2024-02-21,3.26
2024-02-22,0.0
2024-02-23,0.12
2024-02-24,0.0
2024-02-25,0.0
2024-02-26,0.0
2024-02-27,0.0
2024-02-28,0.0
2024-02-29,0.0
2024-03-01,0.0
2024-03-02,0.0
2024-03-03,0.0
2024-03-04,0.0
2024-03-05,0.0
2024-03-06,0.0
2024-03-07,0.0
2024-03-08,0.0
2024-03-09,0.0
2024-03-10,0.0
2024-03-11,0.0
2024-03-12,0.0
2024-03-13,0.0
2024-03-14,14.22
2024-03-15,0.7
2024-03-16,0.0
2024-03-17,0.0
2024-03-18,0.0
2024-03-19,10.86
2024-03-20,0.16
2024-03-21,9.99
2024-03-22,0.08
2024-03-23,0.26
2024-03-24,10.76
2024-03-25,1.77
2024-03-26,0.0
2024-03-27,8.04
2024-03-28,6.11
2024-03-29,8.59
2024-03-30,0.0
2024-03-31,7.14
2024-04-01,0.0
2024-04-02,0.0
2024-04-03,0.0
2024-04-04,0.0
2024-04-05,0.0
2024-04-06,0.0
2024-04-07,0.45
2024-04-08,0.06
2024-04-09,0.1
2024-04-10,0.04
2024-04-11,0.89
2024-04-12,0.27
2024-04-13,0.02
2024-04-14,1.98
2024-04-15,0.0
2024-04-16,13.64
2024-04-17,5.95
2024-04-18,0.38
2024-04-19,0.0
2024-04-20,0.0
2024-04-21,0.0
2024-04-22,0.04
2024-04-23,0.0
2024-04-24,0.0
2024-04-25,0.0
2024-04-26,0.0
2024-04-27,0.0
2024-04-28,0.0
2024-04-29,0.0
2024-04-30,0.0
2024-05-01,0.0
2024-05-02,20.68
2024-05-03,0.42
2024-05-04,4.01
2024-05-05,0.0
2024-05-06,150.83
2024-05-07,4.57
2024-05-08,3.7
2024-05-09,0.02
2024-05-10,0.0
2024-05-11,2.76
2024-05-12,5.74
2024-05-13,0.0
2024-05-14,0.0
2024-05-15,0.0
2024-05-16,0.0
2024-05-17,0.05
2024-05-18,17.07
2024-05-19,25.22
2024-05-20,10.68
2024-05-21,0.0
2024-05-22,1.38
2024-05-23,0.2
2024-05-24,0.09
2024-05-25,4.3
2024-05-26,24.53
2024-05-27,102.78
2024-05-28,11.56
2024-05-29,0.18
2024-05-30,0.0
2024-05-31,0.68
2024-06-01,0.0
2024-06-02,0.0
2024-06-03,12.66
2024-06-04,0.33
2024-06-05,0.0
2024-06-06,6.04
2024-06-07,15.63
2024-06-08,8.54
2024-06-09,19.23
2024-06-10,29.26
2024-06-11,1.52
2024-06-12,28.28
2024-06-13,70.36
2024-06-14,0.0
2024-06-15,20.68
2024-06-16,0.36
2024-06-17,2.57
2024-06-18,45.08
2024-06-19,33.26
2024-06-20,4.36
2024-06-21,1.17
2024-06-22,2.43
2024-06-23,2.39
2024-06-24,6.33
2024-06-25,1.13
2024-06-26,32.98
2024-06-27,6.53
2024-06-28,8.66
2024-06-29,77.31
2024-06-30,30.62
2024-07-01,91.05
2024-07-02,37.46
2024-07-03,6.24
2024-07-04,22.48
2024-07-05,24.16
2024-07-06,3.05
2024-07-07,25.7
2024-07-08,21.34
2024-07-09,13.06
2024-07-10,13.14
2024-07-11,14.03
2024-07-12,6.32
2024-07-13,0.0
2024-07-14,10.11
2024-07-15,4.36
2024-07-16,13.64
2024-07-17,6.88
2024-07-18,2.92
2024-07-19,9.12
2024-07-20,5.51
2024-07-21,6.88
2024-07-22,33.85
2024-07-23,12.68
2024-07-24,2.51
2024-07-25,0.18
2024-07-26,1.57
2024-07-27,5.46
2024-07-28,1.8
2024-07-29,13.72
2024-07-30,30.54
2024-07-31,39.41
2024-08-01,108.94
2024-08-02,111.45
2024-08-03,34.12
2024-08-04,11.0
2024-08-05,6.59
2024-08-06,4.68
2024-08-07,22.18
2024-08-08,8.02
2024-08-09,13.0
2024-08-10,28.64
2024-08-11,29.06
2024-08-12,26.26
2024-08-13,0.52
2024-08-14,18.48
2024-08-15,1.08
2024-08-16,89.44
2024-08-17,10.86
2024-08-18,30.16
2024-08-19,103.82
2024-08-20,60.69
2024-08-21,145.27
2024-08-22,82.08
2024-08-23,3.64
2024-08-24,19.08
2024-08-25,17.74
2024-08-26,23.19
2024-08-27,3.62
2024-08-28,4.43
2024-08-29,9.1
2024-08-30,7.54
2024-08-31,7.13
2024-09-01,6.22
2024-09-02,18.59
2024-09-03,0.7
2024-09-04,0.08
2024-09-05,21.32
2024-09-06,24.72
2024-09-07,2.82
2024-09-08,0.0
2024-09-09,0.5
2024-09-10,0.57
2024-09-11,36.36
2024-09-12,8.46
2024-09-13,17.92
2024-09-14,37.39
2024-09-15,13.62
2024-09-16,0.24
2024-09-17,0.0
2024-09-18,6.58
2024-09-19,0.0
2024-09-20,59.02
2024-09-21,47.07
2024-09-22,1.15
2024-09-23,17.12
2024-09-24,7.09
2024-09-25,28.8
2024-09-26,6.63
2024-09-27,0.04
2024-09-28,0.18
2024-09-29,0.16
2024-09-30,7.28
2024-10-01,4.14
2024-10-02,50.16
2024-10-03,9.46
2024-10-04,11.06
2024-10-05,26.5
2024-10-06,1.73
2024-10-07,1.34
2024-10-08,8.54
2024-10-09,2.38
2024-10-10,0.26
2024-10-11,1.0
2024-10-12,1.39
2024-10-13,0.0
2024-10-14,0.0
2024-10-15,0.0
2024-10-16,0.0
2024-10-17,1.52
2024-10-18,0.42
2024-10-19,2.66
2024-10-20,0.0
2024-10-21,0.0
2024-10-22,7.56
2024-10-23,59.65
2024-10-24,16.3
2024-10-25,0.85
2024-10-26,0.0
2024-10-27,0.0
2024-10-28,0.0
2024-10-29,0.0
2024-10-30,0.0
2024-10-31,0.0
2024-11-01,0.0
2024-11-02,0.0
2024-11-03,0.0
2024-11-04,0.0
2024-11-05,1.14
2024-11-06,5.86
2024-11-07,0.0
2024-11-08,0.0
2024-11-09,0.0
2024-11-10,0.0
2024-11-11,0.0
2024-11-12,0.0
2024-11-13,0.0
2024-11-14,0.0
2024-11-15,0.0
2024-11-16,0.0
2024-11-17,0.0
2024-11-18,0.0
2024-11-19,0.0
2024-11-20,0.0
2024-11-21,0.0
2024-11-22,0.0
2024-11-23,0.0
2024-11-24,0.0
2024-11-25,0.0
2024-11-26,0.0
2024-11-27,0.0
2024-11-28,0.0
2024-11-29,0.0
2024-11-30,1.66
2024-12-01,0.0
2024-12-02,0.0
2024-12-03,0.0
2024-12-04,0.0
2024-12-05,0.0
2024-12-06,0.0
2024-12-07,0.0
2024-12-08,0.0
2024-12-09,0.0
2024-12-10,0.0
2024-12-11,0.0
2024-12-12,0.0
2024-12-13,0.0
2024-12-14,0.0
2024-12-15,0.0
2024-12-16,0.0
2024-12-17,0.0
2024-12-18,0.0
2024-12-19,0.0
2024-12-20,0.82
2024-12-21,1.13
2024-12-22,0.0
2024-12-23,0.0
2024-12-24,0.0
2024-12-25,0.0
2024-12-26,0.0
2024-12-27,0.0
2024-12-28,0.0
2024-12-29,0.0
2024-12-30,0.0
2024-12-31,0.0
2025-01-01,0.0
2025-01-02,0.0
2025-01-03,0.0
2025-01-04,0.0
2025-01-05,0.0
2025-01-06,0.0
2025-01-07,0.0
2025-01-08,0.0
2025-01-09,0.0
2025-01-10,0.0
2025-01-11,0.0
2025-01-12,0.0
2025-01-13,0.0
2025-01-14,0.0
2025-01-15,0.0
2025-01-16,0.0
2025-01-17,0.0
2025-01-18,0.0
2025-01-19,0.0
2025-01-20,0.0
2025-01-21,0.0
2025-01-22,0.0
2025-01-23,0.0
2025-01-24,0.0
2025-01-25,0.0
2025-01-26,0.0
2025-01-27,0.0
2025-01-28,0.0
2025-01-29,0.0
2025-01-30,0.0
2025-01-31,0.0
2025-02-01,0.0
2025-02-02,0.0
2025-02-03,0.0
2025-02-04,0.0
2025-02-05,0.0
2025-02-06,0.0
2025-02-07,0.0
2025-02-08,0.0
2025-02-09,0.0
2025-02-10,0.0
2025-02-11,0.0
2025-02-12,0.0
2025-02-13,0.0
2025-02-14,0.0
2025-02-15,0.0
2025-02-16,0.0
2025-02-17,0.0
2025-02-18,0.0
2025-02-19,0.15
2025-02-20,0.04
2025-02-21,0.0
2025-02-22,0.0
2025-02-23,0.0
2025-02-24,0.0
2025-02-25,0.0
2025-02-26,0.0
2025-02-27,0.0
2025-02-28,0.0
2025-03-01,0.0
2025-03-02,0.0
2025-03-03,0.0
2025-03-04,0.0
2025-03-05,0.0
2025-03-06,0.0
2025-03-07,0.0
2025-03-08,0.0
2025-03-09,0.0
2025-03-10,0.0
2025-03-11,0.0
2025-03-12,0.0
2025-03-13,0.0
2025-03-14,0.0
2025-03-15,0.0
2025-03-16,0.0
2025-03-17,0.02
2025-03-18,0.0
2025-03-19,0.0
2025-03-20,0.46
2025-03-21,0.28
2025-03-22,0.08
2025-03-23,0.0
2025-03-24,0.0
2025-03-25,0.0
2025-03-26,0.0
2025-03-27,0.0
2025-03-28,0.0
2025-03-29,0.0
2025-03-30,0.0
2025-03-31,0.0
2025-04-01,0.0
2025-04-02,0.0
2025-04-03,0.0
2025-04-04,1.14
2025-04-05,0.0
2025-04-06,0.0
2025-04-07,0.0
2025-04-08,0.01
2025-04-09,0.0
2025-04-10,0.0
2025-04-11,0.0
2025-04-12,0.0
2025-04-13,0.0
2025-04-14,0.16
2025-04-15,0.1
2025-04-16,1.6
2025-04-17,28.64
2025-04-18,7.76
2025-04-19,1.22
2025-04-20,0.04
2025-04-21,6.41
2025-04-22,0.0
2025-04-23,0.0
2025-04-24,0.0
2025-04-25,0.0
2025-04-26,0.0
2025-04-27,11.73
2025-04-28,67.16
2025-04-29,0.98
2025-04-30,0.93
2025-05-01,3.52
2025-05-02,2.62
2025-05-03,1.02
2025-05-04,0.01
2025-05-05,0.0
2025-05-06,0.12
2025-05-07,0.0
2025-05-08,0.12
2025-05-09,14.38
2025-05-10,0.0
2025-05-11,0.0
2025-05-12,0.03
2025-05-13,10.64
2025-05-14,12.82
2025-05-15,0.24
2025-05-16,1.3
2025-05-17,46.75
2025-05-18,0.0
2025-05-19,11.92
2025-05-20,59.1
2025-05-21,7.0
2025-05-22,2.2
2025-05-23,2.52
2025-05-24,7.58
2025-05-25,0.12
2025-05-26,29.59
2025-05-27,5.68
2025-05-28,11.32
2025-05-29,153.92
2025-05-30,30.92
2025-05-31,32.3
2025-06-01,29.02
2025-06-02,18.38
2025-06-03,10.36
2025-06-04,8.6
2025-06-05,0.0
2025-06-06,0.82
2025-06-07,0.0
2025-06-08,0.0
2025-06-09,0.82
2025-06-10,39.53
2025-06-11,27.86
2025-06-12,1.64
2025-06-13,18.82
2025-06-14,17.12
2025-06-15,6.71
2025-06-16,35.84
2025-06-17,57.72
2025-06-18,73.55
2025-06-19,32.28
2025-06-20,25.16
2025-06-21,21.04
2025-06-22,0.12
2025-06-23,7.08
2025-06-24,3.97
2025-06-25,7.68
2025-06-26,1.82
2025-06-27,11.46
2025-06-28,0.61
2025-06-29,4.78
2025-06-30,4.2
2025-07-01,10.2
2025-07-02,3.88
2025-07-03,0.42
2025-07-04,2.9
2025-07-05,10.19
2025-07-06,8.68
2025-07-07,62.24
2025-07-08,117.52
2025-07-09,55.24
2025-07-10,41.32
2025-07-11,0.39
2025-07-12,34.56
2025-07-13,20.77
2025-07-14,26.77
2025-07-15,2.44
2025-07-16,0.86
2025-07-17,10.74
2025-07-18,8.28
2025-07-19,15.12
2025-07-20,8.91
2025-07-21,10.42
2025-07-22,7.52
2025-07-23,47.52
2025-07-24,24.26
2025-07-25,6.44
2025-07-26,26.56
2025-07-27,11.97
2025-07-28,23.8
2025-07-29,1.0
2025-07-30,8.37
2025-07-31,11.8
2025-08-01,14.74
2025-08-02,15.0
2025-08-03,16.6
2025-08-04,10.92
2025-08-05,23.82
2025-08-06,4.37
2025-08-07,5.81
2025-08-08,10.18
2025-08-09,0.0
2025-08-10,6.46
2025-08-11,0.45
2025-08-12,27.13
2025-08-13,23.4
2025-08-14,6.96
2025-08-15,34.82
2025-08-16,39.08
2025-08-17,23.3
2025-08-18,27.17
2025-08-19,0.05
2025-08-20,19.33
2025-08-21,9.74
2025-08-22,6.64
2025-08-23,26.52
2025-08-24,1.74
2025-08-25,0.86
2025-08-26,11.2
2025-08-27,12.9
2025-08-28,9.96
2025-08-29,4.58
2025-08-30,35.39
2025-08-31,0.0
2025-09-01,2.17
2025-09-02,5.84
2025-09-03,9.74
2025-09-04,13.84
2025-09-05,1.47
2025-09-06,15.38
2025-09-07,11.09
2025-09-08,25.86
2025-09-09,7.33
2025-09-10,1.67
2025-09-11,18.82
2025-09-12,4.92
2025-09-13,22.01
2025-09-14,9.6
2025-09-15,4.16
2025-09-16,4.06
2025-09-17,4.75
2025-09-18,0.0
2025-09-19,30.2
2025-09-20,0.0
2025-09-21,39.56
2025-09-22,5.88
2025-09-23,0.28
2025-09-24,9.43
2025-09-25,1.01
2025-09-26,0.14
2025-09-27,3.62
2025-09-28,7.02
2025-09-29,0.0
2025-09-30,38.89
