date,rainfall_mm,temp_c,solar_rad_kwh_m2
2001-01-01,0.0,18.05,16.31
2001-01-02,0.01,18.43,15.92
2001-01-03,0.0,19.06,15.68
2001-01-04,0.0,16.32,14.49
2001-01-05,0.0,15.37,14.69
2001-01-06,0.0,14.49,15.51
2001-01-07,0.0,14.96,16.08
2001-01-08,0.0,15.55,16.67
2001-01-09,0.0,16.17,13.62
2001-01-10,0.0,14.98,14.2
2001-01-11,0.0,14.07,15.84
2001-01-12,0.0,13.9,15.87
2001-01-13,0.0,15.1,16.28
2001-01-14,0.0,15.79,16.7
2001-01-15,0.0,16.75,17.55
2001-01-16,0.0,17.41,17.76
2001-01-17,0.0,18.06,18.14
2001-01-18,0.0,17.8,18.25
2001-01-19,0.0,17.86,18.47
2001-01-20,0.0,18.85,18.35
2001-01-21,0.0,18.22,18.22
2001-01-22,0.0,18.15,17.77
2001-01-23,0.05,18.46,13.55
2001-01-24,0.0,18.04,14.97
2001-01-25,0.0,15.12,16.8
2001-01-26,0.0,14.41,17.17
2001-01-27,0.0,14.47,16.44
2001-01-28,0.0,15.4,17.1
2001-01-29,0.0,16.38,17.31
2001-01-30,0.0,17.98,16.75
2001-01-31,0.0,17.97,15.86
2001-02-01,0.0,19.1,14.52
2001-02-02,0.0,20.02,16.18
2001-02-03,0.0,19.45,16.69
2001-02-04,0.0,18.8,19.12
2001-02-05,0.0,19.82,15.36
2001-02-06,0.0,20.64,14.93
2001-02-07,0.0,18.93,19.07
2001-02-08,0.0,18.86,19.12
2001-02-09,0.0,18.9,18.44
2001-02-10,0.0,18.63,17.77
2001-02-11,0.0,19.49,18.59
2001-02-12,0.0,18.75,19.62
2001-02-13,0.0,19.46,20.48
2001-02-14,0.0,20.54,20.36
2001-02-15,0.0,22.56,17.38
2001-02-16,0.0,22.97,20.58
2001-02-17,0.0,23.96,19.75
2001-02-18,0.0,24.39,19.59
2001-02-19,0.04,24.1,16.82
2001-02-20,0.0,23.57,19.56
2001-02-21,0.34,23.17,18.07
2001-02-22,0.91,23.63,16.12
2001-02-23,0.0,22.85,19.1
2001-02-24,1.17,22.43,17.28
2001-02-25,3.36,23.75,15.8
2001-02-26,43.93,23.61,12.23
2001-02-27,9.79,24.41,15.77
2001-02-28,0.0,24.49,17.42
2001-03-01,0.23,24.54,18.54
2001-03-02,0.0,25.21,20.21
2001-03-03,0.0,24.15,21.99
2001-03-04,0.0,23.9,23.6
2001-03-05,0.29,23.22,16.85
2001-03-06,0.0,22.86,22.61
2001-03-07,0.0,22.76,23.0
2001-03-08,0.0,23.43,21.14
2001-03-09,0.0,24.34,18.28
2001-03-10,0.0,24.57,22.1
2001-03-11,0.0,23.95,23.57
2001-03-12,0.0,24.47,23.09
2001-03-13,0.0,25.35,23.4
2001-03-14,0.01,25.32,22.32
2001-03-15,0.06,26.28,21.73
2001-03-16,0.0,26.8,21.14
2001-03-17,0.0,27.41,23.32
2001-03-18,1.28,26.92,21.97
2001-03-19,0.01,27.33,24.2
2001-03-20,0.0,27.29,23.9
2001-03-21,0.0,28.22,22.8
2001-03-22,0.01,29.32,21.93
2001-03-23,0.9,27.09,14.94
2001-03-24,1.85,29.05,19.86
2001-03-25,0.48,28.53,21.67
2001-03-26,0.03,28.2,19.91
2001-03-27,1.05,27.99,21.75
2001-03-28,3.66,28.51,18.98
2001-03-29,5.51,28.94,20.96
2001-03-30,2.02,28.14,17.08
2001-03-31,1.29,27.06,20.61
2001-04-01,3.65,28.24,22.96
2001-04-02,6.13,27.7,19.92
2001-04-03,0.5,29.46,23.88
2001-04-04,0.0,30.82,24.68
2001-04-05,0.3,30.04,23.86
2001-04-06,0.0,30.64,24.16
2001-04-07,0.0,31.97,24.61
2001-04-08,0.03,32.17,22.92
2001-04-09,0.02,30.8,16.52
2001-04-10,0.25,30.36,19.64
2001-04-11,0.6,30.49,20.93
2001-04-12,0.72,29.98,19.26
2001-04-13,5.23,29.22,12.18
2001-04-14,1.8,28.41,16.05
2001-04-15,0.41,29.3,19.73
2001-04-16,1.29,29.77,22.27
2001-04-17,6.48,30.26,23.22
2001-04-18,3.87,29.12,20.19
2001-04-19,0.17,30.35,25.69
2001-04-20,2.54,31.45,22.58
2001-04-21,0.04,30.81,24.71
2001-04-22,0.0,30.67,25.95
2001-04-23,0.0,31.45,26.46
2001-04-24,0.0,31.32,26.09
2001-04-25,0.0,31.81,26.05
2001-04-26,0.06,32.19,25.08
2001-04-27,1.1,31.43,22.95
2001-04-28,6.74,30.32,21.22
2001-04-29,9.58,29.97,16.4
2001-04-30,39.94,28.09,16.81
2001-05-01,4.93,29.42,25.56
2001-05-02,4.02,30.17,11.56
2001-05-03,23.8,28.47,6.3
2001-05-04,52.89,26.97,10.15
2001-05-05,24.01,26.77,11.66
2001-05-06,15.94,25.45,11.77
2001-05-07,33.84,26.79,8.88
2001-05-08,34.66,27.35,2.83
2001-05-09,17.72,27.77,10.46
2001-05-10,32.46,28.37,4.23
2001-05-11,15.83,27.89,13.99
2001-05-12,1.64,25.61,20.28
2001-05-13,0.08,27.1,27.35
2001-05-14,0.01,28.68,24.25
2001-05-15,0.07,29.6,23.42
2001-05-16,0.43,29.71,20.85
2001-05-17,2.93,28.86,22.77
2001-05-18,8.5,28.56,23.49
2001-05-19,9.63,28.6,16.8
2001-05-20,10.44,28.72,19.61
2001-05-21,10.11,27.59,22.34
2001-05-22,7.57,28.11,11.91
2001-05-23,17.84,28.96,15.98
2001-05-24,3.11,28.19,12.87
2001-05-25,0.48,28.42,21.9
2001-05-26,9.85,27.98,13.07
2001-05-27,0.06,28.59,23.08
2001-05-28,1.1,28.34,21.8
2001-05-29,8.09,27.97,13.74
2001-05-30,8.34,27.67,18.29
2001-05-31,11.52,28.24,14.85
2001-06-01,17.62,28.52,15.71
2001-06-02,21.75,28.18,18.69
2001-06-03,13.12,27.41,10.02
2001-06-04,54.52,26.56,8.95
2001-06-05,104.88,26.9,2.48
2001-06-06,69.3,27.31,3.32
2001-06-07,12.78,27.35,14.24
2001-06-08,15.6,27.12,9.82
2001-06-09,5.4,27.35,19.19
2001-06-10,7.03,27.64,21.9
2001-06-11,16.09,27.86,23.69
2001-06-12,0.87,28.14,25.59
2001-06-13,12.62,27.69,19.21
2001-06-14,18.63,26.8,3.88
2001-06-15,27.08,27.14,9.69
2001-06-16,21.13,27.01,14.86
2001-06-17,17.46,26.68,12.48
2001-06-18,19.32,26.91,12.26
2001-06-19,16.59,27.76,13.84
2001-06-20,43.43,28.0,13.61
2001-06-21,4.61,28.82,19.74
2001-06-22,1.28,28.91,22.93
2001-06-23,3.23,28.85,20.34
2001-06-24,3.24,28.12,20.84
2001-06-25,0.33,28.1,20.73
2001-06-26,3.03,27.53,20.54
2001-06-27,3.55,27.41,19.38
2001-06-28,0.32,28.18,20.3
2001-06-29,4.33,27.73,17.76
2001-06-30,14.35,27.4,11.15
2001-07-01,27.29,27.45,10.35
2001-07-02,2.92,27.47,18.2
2001-07-03,0.68,27.36,21.78
2001-07-04,1.05,28.86,22.4
2001-07-05,3.29,28.2,21.27
2001-07-06,5.49,28.03,22.48
2001-07-07,3.71,27.89,23.67
2001-07-08,6.31,28.45,24.2
2001-07-09,2.16,28.59,15.93
2001-07-10,6.0,27.57,17.3
2001-07-11,10.28,27.24,17.61
2001-07-12,9.51,27.87,15.63
2001-07-13,9.19,27.39,17.06
2001-07-14,12.79,27.67,15.87
2001-07-15,6.08,27.95,20.66
2001-07-16,3.97,27.4,19.36
2001-07-17,4.49,27.82,21.38
2001-07-18,6.38,28.24,20.83
2001-07-19,4.1,27.58,16.07
2001-07-20,9.78,27.32,17.65
2001-07-21,5.85,27.98,15.82
2001-07-22,2.31,27.44,20.75
2001-07-23,4.72,28.42,20.6
2001-07-24,4.48,27.49,17.06
2001-07-25,5.07,27.59,13.21
2001-07-26,6.35,27.5,17.06
2001-07-27,3.57,28.07,16.84
2001-07-28,10.18,27.99,11.8
2001-07-29,35.09,27.94,10.66
2001-07-30,29.2,27.5,7.76
2001-07-31,47.15,28.14,10.72
2001-08-01,44.72,27.65,11.16
2001-08-02,4.4,28.84,16.38
2001-08-03,1.59,28.75,20.14
2001-08-04,5.35,27.64,18.33
2001-08-05,26.23,27.87,17.0
2001-08-06,9.03,27.86,16.91
2001-08-07,5.68,28.91,22.16
2001-08-08,6.41,27.12,19.77
2001-08-09,12.09,27.83,20.4
2001-08-10,3.2,28.25,21.24
2001-08-11,3.36,28.4,19.94
2001-08-12,1.55,28.28,20.01
2001-08-13,4.92,27.88,17.25
2001-08-14,5.04,27.11,18.52
2001-08-15,2.71,28.01,19.02
2001-08-16,2.45,28.53,19.25
2001-08-17,1.53,28.98,19.28
2001-08-18,1.3,28.46,21.61
2001-08-19,7.71,28.28,18.23
2001-08-20,10.8,28.98,20.91
2001-08-21,4.0,27.56,17.89
2001-08-22,0.59,27.88,20.68
2001-08-23,0.77,27.98,21.06
2001-08-24,3.0,27.99,13.61
2001-08-25,3.62,28.11,15.46
2001-08-26,11.04,28.39,16.16
2001-08-27,8.64,27.7,14.59
2001-08-28,4.67,27.92,20.59
2001-08-29,8.0,28.77,16.75
2001-08-30,4.54,28.07,19.78
2001-08-31,3.76,28.42,18.51
2001-09-01,3.76,27.61,16.99
2001-09-02,1.04,27.7,18.27
2001-09-03,1.07,27.61,12.25
2001-09-04,0.77,27.7,20.81
2001-09-05,1.58,27.78,18.95
2001-09-06,7.68,27.77,18.31
2001-09-07,4.95,27.78,17.24
2001-09-08,2.38,27.91,18.39
2001-09-09,4.09,28.13,16.74
2001-09-10,3.11,27.63,18.81
2001-09-11,2.69,27.34,18.29
2001-09-12,6.06,27.76,17.85
2001-09-13,7.05,27.2,19.53
2001-09-14,3.92,27.89,19.63
2001-09-15,0.06,28.55,19.7
2001-09-16,7.1,28.65,15.92
2001-09-17,14.69,27.45,16.86
2001-09-18,54.92,26.93,8.77
2001-09-19,51.29,26.11,5.16
2001-09-20,7.78,27.24,16.03
2001-09-21,1.41,26.5,20.22
2001-09-22,0.66,28.35,18.22
2001-09-23,3.78,28.11,15.0
2001-09-24,4.19,28.31,14.55
2001-09-25,1.79,27.74,16.26
2001-09-26,1.85,27.98,20.72
2001-09-27,0.55,28.51,17.51
2001-09-28,0.1,28.29,19.98
2001-09-29,0.55,28.06,22.26
2001-09-30,9.99,27.25,17.51
2001-10-01,7.59,27.19,16.06
2001-10-02,17.92,26.65,13.66
2001-10-03,35.22,26.92,13.1
2001-10-04,18.73,26.31,15.1
2001-10-05,7.19,25.87,17.46
2001-10-06,2.49,26.81,17.73
2001-10-07,1.51,27.36,19.23
2001-10-08,2.4,27.74,18.09
2001-10-09,5.23,27.23,18.67
2001-10-10,8.04,27.31,8.13
2001-10-11,1.11,26.66,15.84
2001-10-12,0.43,26.47,17.63
2001-10-13,1.55,27.26,13.8
2001-10-14,15.75,26.9,5.5
2001-10-15,10.79,27.29,19.43
2001-10-16,12.95,27.26,19.61
2001-10-17,20.66,27.16,17.97
2001-10-18,31.95,25.23,11.37
2001-10-19,2.28,26.15,16.79
2001-10-20,0.0,25.76,18.78
2001-10-21,0.0,25.89,19.3
2001-10-22,0.0,26.07,20.85
2001-10-23,0.0,25.69,20.91
2001-10-24,0.0,25.99,20.39
2001-10-25,0.0,27.04,20.37
2001-10-26,0.46,26.21,20.21
2001-10-27,2.0,25.77,6.53
2001-10-28,0.4,24.72,12.5
2001-10-29,0.05,25.46,14.33
2001-10-30,5.09,25.29,8.69
2001-10-31,14.63,25.31,11.0
2001-11-01,3.61,25.75,16.4
2001-11-02,0.04,24.65,18.96
2001-11-03,0.26,23.81,18.84
2001-11-04,0.02,23.92,17.69
2001-11-05,0.01,23.57,18.93
2001-11-06,0.0,23.17,18.4
2001-11-07,1.02,23.61,9.19
2001-11-08,1.52,24.06,7.54
2001-11-09,0.06,23.44,12.37
2001-11-10,0.61,23.09,10.6
2001-11-11,8.53,22.7,5.91
2001-11-12,15.58,21.9,6.1
2001-11-13,0.21,24.03,16.53
2001-11-14,0.0,23.59,18.36
2001-11-15,0.0,23.83,17.27
2001-11-16,0.0,23.58,18.1
2001-11-17,0.0,23.13,18.32
2001-11-18,0.03,22.39,17.61
2001-11-19,0.6,22.38,8.95
2001-11-20,0.0,21.97,17.27
2001-11-21,0.28,22.39,16.7
2001-11-22,0.14,22.22,14.72
2001-11-23,0.0,21.06,13.02
2001-11-24,0.0,20.73,14.92
2001-11-25,0.0,21.0,17.21
2001-11-26,0.0,21.14,17.59
2001-11-27,0.0,20.95,17.33
2001-11-28,0.0,19.47,17.5
2001-11-29,0.0,18.55,16.52
2001-11-30,0.0,17.71,16.62
2001-12-01,0.0,17.38,15.82
2001-12-02,0.0,17.16,15.72
2001-12-03,0.0,16.61,15.51
2001-12-04,0.0,18.08,16.1
2001-12-05,0.0,18.34,16.06
2001-12-06,0.0,17.68,15.86
2001-12-07,0.0,18.18,15.14
2001-12-08,0.0,18.39,14.28
2001-12-09,0.02,17.65,13.65
2001-12-10,0.0,17.26,15.04
2001-12-11,0.0,17.32,16.0
2001-12-12,0.0,17.42,16.17
2001-12-13,0.0,16.89,15.78
2001-12-14,0.0,17.16,14.3
2001-12-15,0.0,17.94,15.9
2001-12-16,0.0,17.88,15.62
2001-12-17,0.0,16.69,16.64
2001-12-18,0.0,17.38,15.41
2001-12-19,0.0,17.54,15.72
2001-12-20,0.0,17.66,13.24
2001-12-21,0.0,17.37,11.82
2001-12-22,9.26,18.19,12.33
2001-12-23,0.0,19.07,15.99
2001-12-24,0.0,19.02,14.61
2001-12-25,0.0,19.35,16.32
2001-12-26,0.0,19.07,15.7
2001-12-27,0.0,19.12,15.82
2001-12-28,0.0,18.56,16.68
2001-12-29,0.0,18.05,16.45
2001-12-30,0.0,17.32,15.8
2001-12-31,0.0,16.84,15.83
2002-01-01,0.0,16.18,14.59
2002-01-02,0.0,16.99,16.9
2002-01-03,0.0,18.21,17.05
2002-01-04,0.0,18.79,14.62
2002-01-05,0.0,19.48,16.11
2002-01-06,0.0,19.06,16.4
2002-01-07,0.0,18.44,9.03
2002-01-08,0.14,19.26,9.9
2002-01-09,0.0,18.99,15.4
2002-01-10,0.0,17.85,14.99
2002-01-11,0.0,17.61,16.07
2002-01-12,0.0,17.06,16.39
2002-01-13,0.0,17.49,17.6
2002-01-14,0.0,18.07,17.07
2002-01-15,0.0,18.9,14.32
2002-01-16,0.0,19.57,15.7
2002-01-17,0.5,19.95,15.6
2002-01-18,0.02,19.95,14.54
2002-01-19,0.0,20.54,15.41
2002-01-20,0.0,20.92,17.33
2002-01-21,0.02,21.19,17.07
2002-01-22,2.79,21.37,12.51
2002-01-23,2.29,20.49,5.52
2002-01-24,0.19,19.58,12.0
2002-01-25,0.0,16.65,17.0
2002-01-26,0.0,16.78,16.77
2002-01-27,0.0,15.75,17.57
2002-01-28,3.58,15.73,3.82
2002-01-29,0.22,17.98,14.83
2002-01-30,1.2,18.23,8.08
2002-01-31,0.0,16.93,18.39
2002-02-01,0.0,17.02,19.15
2002-02-02,0.0,16.99,19.3
2002-02-03,0.0,16.67,18.22
2002-02-04,0.0,16.95,18.57
2002-02-05,0.0,17.38,19.01
2002-02-06,0.0,18.58,19.32
2002-02-07,0.0,19.76,18.74
2002-02-08,0.0,21.47,18.09
2002-02-09,0.0,22.52,19.16
2002-02-10,0.0,23.13,19.31
2002-02-11,0.0,22.89,19.62
2002-02-12,0.0,22.35,15.14
2002-02-13,0.0,21.62,16.55
2002-02-14,0.0,20.59,20.7
2002-02-15,0.0,20.73,21.63
2002-02-16,0.0,21.82,21.7
2002-02-17,0.0,23.3,21.35
2002-02-18,0.0,23.61,21.59
2002-02-19,0.0,22.95,20.39
2002-02-20,0.0,22.95,20.08
2002-02-21,0.0,23.82,20.4
2002-02-22,0.0,24.3,19.85
2002-02-23,0.0,23.73,20.09
2002-02-24,0.0,25.0,20.89
2002-02-25,0.16,24.2,20.71
2002-02-26,0.72,24.38,19.16
2002-02-27,0.0,22.9,19.51
2002-02-28,0.0,22.91,22.26
2002-03-01,0.0,23.55,21.96
2002-03-02,0.0,24.0,21.59
2002-03-03,5.33,24.32,12.49
2002-03-04,8.19,25.56,18.16
2002-03-05,0.0,23.93,21.16
2002-03-06,0.0,23.89,21.62
2002-03-07,0.0,23.62,22.72
2002-03-08,0.0,24.49,23.04
2002-03-09,0.0,24.73,21.66
2002-03-10,0.45,26.48,20.42
2002-03-11,2.58,27.22,20.2
2002-03-12,0.0,27.14,20.87
2002-03-13,0.0,25.67,21.43
2002-03-14,0.0,24.7,20.89
2002-03-15,0.0,26.53,22.14
2002-03-16,0.0,26.95,18.9
2002-03-17,0.0,26.17,23.47
2002-03-18,0.0,26.54,24.82
2002-03-19,0.0,27.74,24.13
2002-03-20,0.0,28.58,23.88
2002-03-21,0.0,27.99,24.06
2002-03-22,0.06,27.49,22.08
2002-03-23,0.7,28.01,20.62
2002-03-24,14.66,27.09,19.35
2002-03-25,12.35,27.37,19.83
2002-03-26,14.13,26.64,16.48
2002-03-27,25.28,26.28,11.49
2002-03-28,2.3,27.11,16.59
2002-03-29,5.27,28.24,12.44
2002-03-30,1.45,28.42,23.32
2002-03-31,0.01,28.01,22.51
2002-04-01,5.4,28.06,20.6
2002-04-02,21.08,25.69,12.59
2002-04-03,12.95,23.75,10.79
2002-04-04,0.23,26.59,23.46
2002-04-05,0.06,27.98,25.06
2002-04-06,11.64,27.94,22.93
2002-04-07,0.36,29.66,24.41
2002-04-08,0.02,29.8,24.14
2002-04-09,0.48,29.54,19.52
2002-04-10,0.62,30.13,20.74
2002-04-11,2.87,28.56,9.61
2002-04-12,0.0,28.11,24.43
2002-04-13,0.07,28.21,25.42
2002-04-14,0.23,28.94,25.27
2002-04-15,4.07,28.61,14.17
2002-04-16,2.73,28.97,17.48
2002-04-17,6.3,29.54,13.94
2002-04-18,1.21,30.04,20.72
2002-04-19,0.61,30.15,19.1
2002-04-20,0.09,31.33,21.33
2002-04-21,0.59,29.22,19.11
2002-04-22,2.67,28.85,10.75
2002-04-23,0.11,28.77,19.67
2002-04-24,6.5,30.24,24.05
2002-04-25,9.7,29.76,22.42
2002-04-26,15.39,29.25,17.28
2002-04-27,28.71,27.48,22.32
2002-04-28,0.9,28.76,23.15
2002-04-29,8.47,28.39,22.08
2002-04-30,19.97,27.94,23.43
2002-05-01,6.61,28.32,18.32
2002-05-02,8.42,29.01,20.15
2002-05-03,0.5,29.44,24.49
2002-05-04,4.82,29.04,22.4
2002-05-05,15.44,28.98,11.44
2002-05-06,12.56,26.62,4.59
2002-05-07,19.06,28.54,22.76
2002-05-08,9.04,29.18,18.42
2002-05-09,2.87,29.32,21.68
2002-05-10,8.54,28.92,11.64
2002-05-11,12.64,28.93,10.77
2002-05-12,3.92,30.11,18.77
2002-05-13,0.2,30.62,19.13
2002-05-14,3.55,29.84,21.78
2002-05-15,3.89,28.85,22.71
2002-05-16,4.09,29.82,25.95
2002-05-17,1.7,31.38,24.78
2002-05-18,8.42,31.82,25.59
2002-05-19,7.17,30.88,17.93
2002-05-20,7.3,30.08,16.86
2002-05-21,23.53,30.23,15.71
2002-05-22,22.96,29.57,11.8
2002-05-23,9.91,28.9,15.33
2002-05-24,1.81,28.43,21.57
2002-05-25,12.42,26.84,20.34
2002-05-26,28.81,27.3,10.55
2002-05-27,13.46,26.83,14.12
2002-05-28,1.02,27.39,14.62
2002-05-29,1.0,26.81,19.22
2002-05-30,1.21,27.65,21.52
2002-05-31,9.26,28.18,12.94
2002-06-01,13.88,28.01,12.46
2002-06-02,3.01,28.48,22.45
2002-06-03,8.67,29.21,17.2
2002-06-04,9.58,28.53,20.28
2002-06-05,7.51,28.54,22.29
2002-06-06,11.45,27.71,17.87
2002-06-07,32.95,27.8,8.44
2002-06-08,54.6,27.64,6.57
2002-06-09,6.13,27.94,16.65
2002-06-10,4.69,27.94,16.25
2002-06-11,10.49,26.43,13.83
2002-06-12,15.51,26.89,8.47
2002-06-13,27.64,27.28,1.88
2002-06-14,21.62,27.57,16.12
2002-06-15,19.44,28.17,7.99
2002-06-16,13.9,28.41,17.99
2002-06-17,4.79,28.16,19.74
2002-06-18,5.8,28.4,20.64
2002-06-19,1.29,28.19,21.55
2002-06-20,0.66,27.89,21.42
2002-06-21,5.79,27.91,14.09
2002-06-22,14.11,28.55,15.39
2002-06-23,10.67,28.1,21.4
2002-06-24,28.75,28.86,20.79
2002-06-25,4.19,28.23,18.49
2002-06-26,6.92,27.94,18.33
2002-06-27,2.33,28.39,19.38
2002-06-28,3.51,28.91,14.23
2002-06-29,10.04,28.85,17.77
2002-06-30,19.31,28.2,11.82
2002-07-01,20.47,29.34,8.52
2002-07-02,17.94,27.94,13.9
2002-07-03,17.38,28.29,8.27
2002-07-04,26.7,28.19,10.99
2002-07-05,21.02,28.24,12.79
2002-07-06,11.13,28.77,14.4
2002-07-07,20.23,29.66,13.45
2002-07-08,7.19,29.0,8.73
2002-07-09,2.33,28.53,9.78
2002-07-10,1.93,28.91,6.98
2002-07-11,22.2,28.07,8.92
2002-07-12,6.17,28.54,12.2
2002-07-13,6.5,28.74,11.43
2002-07-14,21.77,28.66,17.47
2002-07-15,10.57,28.67,17.73
2002-07-16,14.24,28.08,18.21
2002-07-17,13.75,28.01,21.18
2002-07-18,2.84,27.65,16.22
2002-07-19,10.88,28.08,12.6
2002-07-20,12.04,27.55,14.86
2002-07-21,36.18,27.74,5.85
2002-07-22,55.6,27.35,4.56
2002-07-23,21.71,27.67,7.51
2002-07-24,7.56,28.1,18.73
2002-07-25,5.88,28.22,10.98
2002-07-26,11.15,28.0,17.74
2002-07-27,0.43,28.11,15.92
2002-07-28,13.46,28.12,13.04
2002-07-29,21.27,27.79,18.11
2002-07-30,9.1,27.86,12.69
2002-07-31,4.85,27.58,19.04
2002-08-01,1.99,27.74,21.3
2002-08-02,10.2,27.52,10.01
2002-08-03,6.95,27.57,11.85
2002-08-04,4.64,26.87,15.64
2002-08-05,2.68,28.09,22.17
2002-08-06,6.98,28.41,23.01
2002-08-07,17.31,27.56,17.46
2002-08-08,2.71,28.31,22.84
2002-08-09,3.46,28.36,15.23
2002-08-10,11.39,28.09,17.07
2002-08-11,11.3,27.95,14.17
2002-08-12,9.33,27.56,13.63
2002-08-13,21.58,27.73,16.74
2002-08-14,17.43,27.62,14.31
2002-08-15,10.49,27.24,19.43
2002-08-16,7.95,26.99,16.89
2002-08-17,16.79,27.21,12.34
2002-08-18,1.75,27.69,18.25
2002-08-19,6.3,27.28,12.36
2002-08-20,9.04,27.78,11.0
2002-08-21,7.43,27.3,16.83
2002-08-22,6.77,27.5,21.05
2002-08-23,3.22,26.87,15.73
2002-08-24,4.17,25.96,14.6
2002-08-25,10.03,26.87,11.21
2002-08-26,10.61,28.22,9.53
2002-08-27,11.6,28.47,19.49
2002-08-28,9.45,28.04,20.23
2002-08-29,3.76,27.31,20.85
2002-08-30,2.25,27.85,21.86
2002-08-31,0.91,27.47,22.03
2002-09-01,0.97,27.88,22.54
2002-09-02,0.83,28.12,22.1
2002-09-03,4.36,28.1,21.38
2002-09-04,4.46,27.57,21.45
2002-09-05,1.6,27.98,23.82
2002-09-06,31.49,28.02,14.68
2002-09-07,0.45,28.23,22.83
2002-09-08,0.88,28.21,20.94
2002-09-09,1.47,27.27,14.97
2002-09-10,16.02,26.51,13.89
2002-09-11,1.64,26.44,12.01
2002-09-12,0.08,27.53,17.01
2002-09-13,0.02,27.9,21.37
2002-09-14,0.45,27.35,19.33
2002-09-15,4.65,27.21,20.82
2002-09-16,7.48,26.95,10.68
2002-09-17,1.12,27.55,20.13
2002-09-18,0.04,26.45,23.05
2002-09-19,0.3,28.06,21.03
2002-09-20,2.87,27.79,22.25
2002-09-21,6.28,27.4,21.87
2002-09-22,8.0,27.67,15.03
2002-09-23,2.57,26.56,16.82
2002-09-24,13.78,26.48,17.28
2002-09-25,4.32,26.64,18.42
2002-09-26,13.29,26.35,16.84
2002-09-27,21.48,26.67,5.26
2002-09-28,10.59,26.72,11.05
2002-09-29,5.81,26.09,15.32
2002-09-30,3.73,26.97,18.28
2002-10-01,5.96,27.3,13.32
2002-10-02,2.11,27.84,16.48
2002-10-03,0.54,28.0,16.28
2002-10-04,0.05,27.79,17.99
2002-10-05,0.15,27.78,18.9
2002-10-06,0.0,28.48,21.02
2002-10-07,1.93,28.17,21.26
2002-10-08,2.71,27.56,21.05
2002-10-09,0.92,26.67,15.67
2002-10-10,0.17,26.78,18.73
2002-10-11,0.75,27.1,18.69
2002-10-12,0.64,26.49,20.22
2002-10-13,8.31,25.81,15.15
2002-10-14,7.73,24.75,7.99
2002-10-15,9.35,24.12,8.54
2002-10-16,5.53,25.82,10.92
2002-10-17,1.24,26.03,18.89
2002-10-18,1.12,25.7,10.94
2002-10-19,7.44,24.62,8.58
2002-10-20,1.12,25.28,14.33
2002-10-21,0.08,24.29,18.0
2002-10-22,0.0,24.29,19.74
2002-10-23,0.0,24.23,20.56
2002-10-24,0.0,23.99,19.99
2002-10-25,0.0,23.55,18.61
2002-10-26,0.0,23.39,19.56
2002-10-27,0.0,23.02,19.77
2002-10-28,0.0,22.52,19.95
2002-10-29,0.0,22.57,19.4
2002-10-30,0.0,22.52,19.31
2002-10-31,0.0,22.52,18.66
2002-11-01,0.0,22.61,18.54
2002-11-02,0.0,23.43,12.68
2002-11-03,0.0,24.37,13.86
2002-11-04,0.01,25.12,18.21
2002-11-05,0.01,24.75,16.71
2002-11-06,0.0,23.94,18.36
2002-11-07,0.0,23.57,14.33
2002-11-08,0.0,24.5,14.46
2002-11-09,0.0,24.5,17.8
2002-11-10,0.0,24.27,17.24
2002-11-11,20.11,22.79,6.21
2002-11-12,74.08,21.5,2.21
2002-11-13,28.18,23.94,6.98
2002-11-14,0.08,21.14,14.84
2002-11-15,0.0,20.2,17.6
2002-11-16,0.0,20.66,18.01
2002-11-17,0.0,20.9,18.22
2002-11-18,0.0,21.06,16.26
2002-11-19,0.0,21.18,17.31
2002-11-20,0.0,21.51,16.87
2002-11-21,0.0,19.96,18.0
2002-11-22,0.0,20.94,16.82
2002-11-23,0.0,21.66,17.16
2002-11-24,0.0,21.34,15.19
2002-11-25,0.0,22.14,15.92
2002-11-26,0.02,22.85,14.25
2002-11-27,0.0,21.82,15.3
2002-11-28,0.03,21.68,16.61
2002-11-29,0.02,21.62,14.23
2002-11-30,0.0,21.65,12.45
2002-12-01,0.0,20.93,14.06
2002-12-02,0.0,21.09,14.95
2002-12-03,0.0,20.25,16.3
2002-12-04,0.0,20.13,17.0
2002-12-05,0.0,19.63,16.89
2002-12-06,0.0,19.06,16.23
2002-12-07,0.0,18.73,15.41
2002-12-08,0.0,18.23,15.89
2002-12-09,0.0,19.01,16.92
2002-12-10,0.0,18.3,15.96
2002-12-11,0.0,18.86,16.34
2002-12-12,0.0,19.3,16.25
2002-12-13,0.0,19.83,15.05
2002-12-14,0.0,20.37,15.55
2002-12-15,0.0,20.18,15.0
2002-12-16,0.0,21.14,14.33
2002-12-17,0.0,20.6,14.05
2002-12-18,0.0,21.04,13.46
2002-12-19,3.03,20.19,11.64
2002-12-20,9.98,19.26,13.1
2002-12-21,0.0,20.6,13.52
2002-12-22,0.0,18.62,14.26
2002-12-23,0.0,17.87,15.06
2002-12-24,0.0,17.6,14.43
2002-12-25,0.0,17.93,13.41
2002-12-26,0.0,17.06,15.25
2002-12-27,0.0,17.29,15.8
2002-12-28,0.0,16.42,14.18
2002-12-29,0.0,15.46,14.97
2002-12-30,0.0,15.01,15.82
2002-12-31,8.83,15.16,16.03
2003-01-01,0.04,15.43,15.16
2003-01-02,0.0,16.17,16.47
2003-01-03,0.0,17.83,16.86
2003-01-04,0.0,18.6,15.06
2003-01-05,0.0,16.05,14.0
2003-01-06,0.0,16.12,15.23
2003-01-07,0.0,16.34,14.7
2003-01-08,0.01,15.34,7.66
2003-01-09,0.0,14.67,8.76
2003-01-10,0.0,15.0,7.92
2003-01-11,0.01,15.34,8.72
2003-01-12,0.0,15.67,10.76
2003-01-13,0.0,16.13,8.75
2003-01-14,0.0,15.75,7.68
2003-01-15,0.0,15.97,14.26
2003-01-16,0.0,16.6,14.37
2003-01-17,0.0,17.26,17.7
2003-01-18,0.0,18.21,18.33
2003-01-19,0.0,18.37,18.39
2003-01-20,0.0,16.53,18.49
2003-01-21,0.0,15.32,18.07
2003-01-22,0.0,14.78,17.37
2003-01-23,0.0,15.39,16.9
2003-01-24,0.0,16.06,16.25
2003-01-25,0.0,15.62,16.8
2003-01-26,0.0,16.09,15.67
2003-01-27,0.0,16.64,16.21
2003-01-28,0.0,17.61,17.22
2003-01-29,3.6,17.41,16.04
2003-01-30,41.04,17.14,9.23
2003-01-31,0.0,18.88,14.98
2003-02-01,0.21,18.76,16.81
2003-02-02,0.15,20.14,17.85
2003-02-03,0.0,21.26,19.08
2003-02-04,0.0,21.82,16.85
2003-02-05,0.04,20.38,11.92
2003-02-06,0.19,20.25,18.91
2003-02-07,0.0,20.06,17.95
2003-02-08,0.0,19.56,17.65
2003-02-09,0.3,19.77,16.85
2003-02-10,0.32,20.98,17.25
2003-02-11,0.09,21.13,16.71
2003-02-12,4.36,20.23,10.71
2003-02-13,0.78,21.12,13.53
2003-02-14,0.3,21.09,15.43
2003-02-15,0.0,18.94,18.86
2003-02-16,0.0,18.95,20.3
2003-02-17,0.0,20.11,20.31
2003-02-18,0.0,21.56,20.2
2003-02-19,7.42,22.24,20.37
2003-02-20,0.59,22.7,19.7
2003-02-21,0.0,21.52,18.63
2003-02-22,0.0,20.0,21.52
2003-02-23,0.0,20.97,22.22
2003-02-24,0.0,21.42,21.94
2003-02-25,0.0,22.2,21.33
2003-02-26,0.16,23.05,17.91
2003-02-27,0.42,23.85,19.23
2003-02-28,2.23,23.59,19.92
2003-03-01,0.0,25.26,20.91
2003-03-02,0.57,26.6,20.11
2003-03-03,0.0,26.28,21.47
2003-03-04,0.01,26.26,20.05
2003-03-05,0.0,20.76,21.23
2003-03-06,0.0,20.31,23.5
2003-03-07,0.0,20.57,23.15
2003-03-08,0.0,21.34,23.83
2003-03-09,0.0,21.14,23.3
2003-03-10,0.0,22.76,23.08
2003-03-11,0.95,22.75,14.02
2003-03-12,18.86,22.19,14.45
2003-03-13,0.07,21.04,18.54
2003-03-14,9.3,22.34,15.16
2003-03-15,2.61,23.89,16.81
2003-03-16,5.15,24.79,15.95
2003-03-17,14.27,24.05,10.8
2003-03-18,0.87,23.6,14.71
2003-03-19,0.0,25.53,21.9
2003-03-20,2.36,25.91,23.14
2003-03-21,6.4,25.13,22.79
2003-03-22,0.08,24.82,22.77
2003-03-23,0.0,26.11,23.75
2003-03-24,0.0,26.46,22.51
2003-03-25,0.03,27.87,21.27
2003-03-26,9.65,27.09,20.28
2003-03-27,6.83,26.54,22.38
2003-03-28,0.0,27.19,18.09
2003-03-29,0.0,27.89,21.3
2003-03-30,9.69,26.26,13.39
2003-03-31,27.71,25.63,11.98
2003-04-01,27.93,26.36,15.95
2003-04-02,30.92,25.99,21.64
2003-04-03,0.03,27.11,19.82
2003-04-04,1.83,27.29,14.45
2003-04-05,0.0,27.97,20.55
2003-04-06,0.0,28.43,23.42
2003-04-07,0.0,29.75,24.58
2003-04-08,0.0,29.23,22.45
2003-04-09,0.0,29.16,20.04
2003-04-10,0.05,28.72,21.76
2003-04-11,0.17,29.44,23.26
2003-04-12,1.85,28.78,20.3
2003-04-13,2.55,29.32,19.47
2003-04-14,1.39,29.28,22.63
2003-04-15,0.46,29.72,23.94
2003-04-16,0.21,29.4,20.95
2003-04-17,1.74,29.4,18.89
2003-04-18,2.86,30.12,21.27
2003-04-19,2.38,30.02,21.34
2003-04-20,12.88,28.89,14.71
2003-04-21,11.04,28.24,21.65
2003-04-22,10.64,28.95,24.86
2003-04-23,5.12,29.22,25.19
2003-04-24,0.0,29.94,22.1
2003-04-25,0.18,30.7,22.45
2003-04-26,1.44,30.72,22.03
2003-04-27,2.08,30.79,20.76
2003-04-28,4.09,28.89,18.03
2003-04-29,24.05,29.34,23.7
2003-04-30,5.8,28.53,16.36
2003-05-01,0.12,28.14,17.03
2003-05-02,15.86,27.35,13.21
2003-05-03,25.08,28.41,12.87
2003-05-04,13.76,28.83,14.77
2003-05-05,2.48,29.28,18.23
2003-05-06,1.79,29.36,18.34
2003-05-07,3.3,29.41,20.57
2003-05-08,15.88,29.26,20.31
2003-05-09,0.05,29.19,12.95
2003-05-10,0.7,29.14,17.45
2003-05-11,0.0,29.33,24.65
2003-05-12,2.21,29.74,25.35
2003-05-13,0.0,30.13,22.53
2003-05-14,0.02,30.19,17.98
2003-05-15,0.45,26.83,9.63
2003-05-16,0.26,30.71,22.07
2003-05-17,0.17,30.65,23.76
2003-05-18,0.1,31.45,23.61
2003-05-19,0.38,31.19,21.82
2003-05-20,3.27,32.19,24.6
2003-05-21,20.45,29.24,16.8
2003-05-22,2.36,29.74,18.17
2003-05-23,2.78,28.92,16.75
2003-05-24,4.11,30.05,19.47
2003-05-25,9.9,29.89,21.48
2003-05-26,24.81,29.45,18.87
2003-05-27,7.34,30.62,18.16
2003-05-28,8.24,30.97,18.75
2003-05-29,0.59,30.5,21.09
2003-05-30,0.03,31.84,21.72
2003-05-31,0.06,32.81,22.69
2003-06-01,0.01,32.83,23.35
2003-06-02,0.01,32.22,21.82
2003-06-03,2.77,30.81,19.73
2003-06-04,8.24,29.36,12.96
2003-06-05,7.05,28.67,3.79
2003-06-06,1.18,29.5,15.69
2003-06-07,59.74,28.58,5.68
2003-06-08,29.18,28.35,16.15
2003-06-09,28.11,28.9,9.65
2003-06-10,75.42,27.96,3.9
2003-06-11,39.9,28.0,5.62
2003-06-12,9.31,27.25,12.81
2003-06-13,1.29,27.9,16.93
2003-06-14,0.86,27.63,18.04
2003-06-15,0.8,27.68,16.34
2003-06-16,0.57,27.94,13.15
2003-06-17,36.64,27.4,18.61
2003-06-18,38.52,27.62,18.84
2003-06-19,13.62,26.66,21.32
2003-06-20,13.97,27.54,9.59
2003-06-21,27.8,27.41,5.95
2003-06-22,52.82,27.55,3.03
2003-06-23,36.56,27.27,15.72
2003-06-24,0.13,28.06,21.74
2003-06-25,2.19,27.99,15.98
2003-06-26,5.74,27.64,5.53
2003-06-27,5.49,27.89,8.54
2003-06-28,16.6,27.98,4.72
2003-06-29,29.18,27.8,2.99
2003-06-30,10.73,27.38,14.1
2003-07-01,5.58,27.6,13.15
2003-07-02,2.55,27.75,19.25
2003-07-03,1.67,27.81,21.07
2003-07-04,3.7,28.21,20.64
2003-07-05,5.21,28.77,20.57
2003-07-06,4.12,28.55,19.41
2003-07-07,2.26,28.35,18.52
2003-07-08,4.45,27.75,17.53
2003-07-09,4.02,28.46,21.74
2003-07-10,4.25,27.4,18.26
2003-07-11,15.81,27.26,14.06
2003-07-12,13.91,27.65,11.95
2003-07-13,7.15,28.33,18.42
2003-07-14,2.95,28.54,21.58
2003-07-15,1.26,28.6,24.52
2003-07-16,4.85,28.31,19.4
2003-07-17,7.36,28.99,25.5
2003-07-18,7.41,28.6,20.67
2003-07-19,1.9,28.27,19.08
2003-07-20,2.46,28.48,18.36
2003-07-21,4.73,27.68,18.09
2003-07-22,1.45,27.99,20.55
2003-07-23,1.52,29.88,24.63
2003-07-24,11.08,30.18,22.17
2003-07-25,19.95,28.41,21.41
2003-07-26,2.96,28.16,23.74
2003-07-27,10.77,28.13,24.52
2003-07-28,5.94,28.06,16.72
2003-07-29,12.59,27.39,7.64
2003-07-30,9.54,27.89,11.14
2003-07-31,3.98,28.51,19.6
2003-08-01,2.39,27.64,17.82
2003-08-02,2.15,28.06,19.0
2003-08-03,1.13,28.79,24.35
2003-08-04,7.93,29.28,22.21
2003-08-05,6.14,29.41,24.84
2003-08-06,2.15,28.4,24.19
2003-08-07,4.54,29.53,20.89
2003-08-08,12.63,28.36,20.71
2003-08-09,5.72,28.22,16.17
2003-08-10,6.12,28.24,12.22
2003-08-11,27.51,28.49,11.52
2003-08-12,13.2,28.49,19.29
2003-08-13,2.81,28.65,21.74
2003-08-14,2.52,28.57,17.72
2003-08-15,5.12,28.09,17.08
2003-08-16,1.32,28.0,20.92
2003-08-17,3.55,28.69,20.06
2003-08-18,3.26,28.4,16.4
2003-08-19,5.23,28.27,16.0
2003-08-20,7.52,28.66,18.08
2003-08-21,1.25,30.23,20.37
2003-08-22,4.51,28.75,15.19
2003-08-23,1.85,27.97,17.55
2003-08-24,16.38,27.36,18.52
2003-08-25,11.07,29.16,22.11
2003-08-26,9.24,29.39,22.65
2003-08-27,0.45,28.92,22.31
2003-08-28,1.82,27.96,16.25
2003-08-29,5.71,27.37,17.89
2003-08-30,8.19,27.96,14.47
2003-08-31,4.2,28.44,18.76
2003-09-01,1.52,28.09,17.98
2003-09-02,14.23,27.72,13.19
2003-09-03,3.63,28.06,16.76
2003-09-04,2.57,27.68,21.48
2003-09-05,2.52,28.69,19.73
2003-09-06,4.44,27.6,18.66
2003-09-07,9.79,27.52,13.81
2003-09-08,5.52,27.24,15.33
2003-09-09,2.39,27.52,18.59
2003-09-10,1.22,27.31,17.16
2003-09-11,3.25,28.55,16.41
2003-09-12,9.38,27.4,17.63
2003-09-13,9.14,28.74,18.02
2003-09-14,4.65,28.27,16.18
2003-09-15,2.42,27.47,17.72
2003-09-16,6.67,27.56,13.98
2003-09-17,2.27,27.22,17.08
2003-09-18,0.31,27.56,14.88
2003-09-19,12.42,27.03,17.05
2003-09-20,16.69,26.88,12.41
2003-09-21,1.68,28.39,15.84
2003-09-22,9.58,27.87,15.73
2003-09-23,10.82,28.39,16.39
2003-09-24,7.73,27.33,8.47
2003-09-25,11.93,27.6,17.85
2003-09-26,23.18,26.58,17.92
2003-09-27,13.22,26.7,16.52
2003-09-28,4.85,26.5,15.12
2003-09-29,1.67,27.84,18.62
2003-09-30,0.34,28.4,17.81
2003-10-01,4.18,28.79,18.09
2003-10-02,15.78,27.96,16.26
2003-10-03,4.35,27.41,19.07
2003-10-04,3.36,27.04,16.6
2003-10-05,0.51,26.71,19.9
2003-10-06,0.35,26.76,12.65
2003-10-07,7.8,25.4,7.48
2003-10-08,35.52,25.23,3.96
2003-10-09,12.21,26.26,12.27
2003-10-10,16.53,26.77,7.21
2003-10-11,1.32,26.96,14.72
2003-10-12,0.0,25.75,17.99
2003-10-13,0.0,25.28,20.0
2003-10-14,0.01,26.49,20.2
2003-10-15,10.44,27.59,19.73
2003-10-16,5.08,27.34,20.67
2003-10-17,0.04,27.22,19.85
2003-10-18,0.56,26.1,10.77
2003-10-19,0.34,26.47,18.35
2003-10-20,2.7,26.98,15.48
2003-10-21,5.08,26.96,14.2
2003-10-22,3.19,26.21,16.83
2003-10-23,1.0,26.39,18.61
2003-10-24,0.39,25.83,16.99
2003-10-25,2.41,25.61,14.59
2003-10-26,4.02,25.2,15.17
2003-10-27,4.19,26.4,14.39
2003-10-28,1.52,26.06,15.16
2003-10-29,0.0,25.66,17.87
2003-10-30,0.02,25.05,19.45
2003-10-31,0.14,24.84,18.56
2003-11-01,0.08,24.7,18.68
2003-11-02,0.0,24.02,19.63
2003-11-03,0.0,23.66,18.45
2003-11-04,0.0,23.29,18.83
2003-11-05,0.0,22.82,18.47
2003-11-06,0.25,23.17,16.39
2003-11-07,0.03,23.74,17.54
2003-11-08,0.0,23.32,17.48
2003-11-09,0.0,21.13,17.9
2003-11-10,0.0,21.36,18.09
2003-11-11,0.0,21.49,18.61
2003-11-12,0.0,22.28,18.41
2003-11-13,0.0,21.83,19.07
2003-11-14,0.0,21.2,18.85
2003-11-15,0.0,21.39,18.85
2003-11-16,0.0,21.21,18.78
2003-11-17,11.14,21.07,17.43
2003-11-18,0.0,21.19,18.32
2003-11-19,0.0,20.61,17.76
2003-11-20,0.0,20.88,16.98
2003-11-21,0.0,19.94,17.6
2003-11-22,0.0,20.39,17.69
2003-11-23,0.0,20.62,17.66
2003-11-24,0.0,20.68,17.11
2003-11-25,0.0,21.2,17.61
2003-11-26,0.0,21.15,16.76
2003-11-27,0.0,20.53,17.2
2003-11-28,0.0,19.68,16.8
2003-11-29,0.0,19.44,16.99
2003-11-30,0.0,19.82,17.35
2003-12-01,0.0,18.86,17.47
2003-12-02,0.0,18.82,17.38
2003-12-03,0.0,18.8,16.74
2003-12-04,0.0,18.4,16.36
2003-12-05,0.0,18.03,15.92
2003-12-06,0.0,18.18,16.23
2003-12-07,0.0,18.16,16.39
2003-12-08,0.0,19.55,15.78
2003-12-09,0.0,20.35,15.08
2003-12-10,0.0,20.02,15.66
2003-12-11,0.0,19.69,16.11
2003-12-12,0.0,19.75,15.37
2003-12-13,0.0,19.85,16.63
2003-12-14,0.0,20.29,16.84
2003-12-15,0.0,19.74,16.43
2003-12-16,0.16,19.8,10.22
2003-12-17,0.83,19.67,4.25
2003-12-18,1.81,19.2,6.39
2003-12-19,27.35,19.21,7.94
2003-12-20,2.31,19.42,11.22
2003-12-21,0.0,20.28,12.08
2003-12-22,0.0,20.07,15.02
2003-12-23,0.0,19.45,16.22
2003-12-24,0.0,18.35,15.6
2003-12-25,0.04,17.35,16.32
2003-12-26,0.0,16.95,16.63
2003-12-27,0.0,16.94,11.23
2003-12-28,4.99,16.41,4.13
2003-12-29,0.65,15.71,11.11
2003-12-30,0.0,15.91,14.85
2003-12-31,0.0,16.58,13.51
2004-01-01,0.0,16.67,10.54
2004-01-02,0.0,16.06,6.61
2004-01-03,0.24,15.26,12.81
2004-01-04,0.0,14.24,8.16
2004-01-05,0.0,14.41,14.54
2004-01-06,0.0,16.68,16.19
2004-01-07,0.0,18.17,16.02
2004-01-08,0.0,18.12,15.29
2004-01-09,0.0,16.24,15.4
2004-01-10,0.0,16.85,12.15
2004-01-11,0.0,18.16,17.28
2004-01-12,0.0,18.91,16.93
2004-01-13,0.0,18.66,15.49
2004-01-14,0.0,18.1,12.22
2004-01-15,0.05,18.82,13.06
2004-01-16,0.85,18.32,12.66
2004-01-17,0.0,18.93,12.0
2004-01-18,0.0,19.37,11.42
2004-01-19,1.5,19.18,10.31
2004-01-20,1.15,20.17,13.68
2004-01-21,0.0,19.46,16.52
2004-01-22,0.0,19.47,16.36
2004-01-23,0.02,19.82,11.95
2004-01-24,0.76,19.86,12.92
2004-01-25,0.0,18.38,11.78
2004-01-26,0.0,15.88,9.52
2004-01-27,0.0,16.19,18.56
2004-01-28,0.0,15.77,18.39
2004-01-29,0.0,16.06,19.5
2004-01-30,0.0,17.28,19.25
2004-01-31,0.0,17.98,19.12
2004-02-01,0.0,17.91,12.67
2004-02-02,0.0,19.89,15.89
2004-02-03,0.0,16.68,17.55
2004-02-04,0.0,15.61,18.87
2004-02-05,0.0,16.29,19.16
2004-02-06,0.0,17.57,14.81
2004-02-07,0.0,17.79,17.74
2004-02-08,0.0,17.78,19.62
2004-02-09,0.0,19.06,19.59
2004-02-10,0.0,20.88,19.94
2004-02-11,0.0,21.31,20.49
2004-02-12,0.0,20.66,21.04
2004-02-13,0.0,20.87,20.68
2004-02-14,0.0,21.27,20.56
2004-02-15,0.0,21.97,19.54
2004-02-16,0.0,20.71,18.63
2004-02-17,0.0,21.33,20.44
2004-02-18,0.0,21.66,20.8
2004-02-19,0.0,22.27,20.32
2004-02-20,6.33,22.19,15.81
2004-02-21,0.23,22.18,16.99
2004-02-22,0.0,22.3,19.21
2004-02-23,0.0,22.81,18.29
2004-02-24,0.0,22.57,20.7
2004-02-25,0.0,23.17,21.04
2004-02-26,0.0,23.96,19.35
2004-02-27,0.0,24.89,19.54
2004-02-28,0.09,24.44,19.93
2004-02-29,0.0,25.13,19.25
2004-03-01,0.0,25.05,20.44
2004-03-02,0.0,24.37,22.64
2004-03-03,0.0,23.19,23.36
2004-03-04,0.0,22.79,23.39
2004-03-05,0.0,23.58,22.98
2004-03-06,0.0,25.32,22.97
2004-03-07,1.66,23.49,5.5
2004-03-08,0.14,24.36,17.17
2004-03-09,0.0,25.7,15.41
2004-03-10,2.46,23.46,5.72
2004-03-11,0.0,23.38,22.68
2004-03-12,0.0,25.17,22.88
2004-03-13,0.01,25.99,22.39
2004-03-14,0.01,26.49,22.49
2004-03-15,0.0,27.82,22.94
2004-03-16,0.0,28.78,20.73
2004-03-17,0.13,28.34,21.39
2004-03-18,0.0,28.26,19.59
2004-03-19,0.27,27.76,18.86
2004-03-20,5.06,28.06,17.43
2004-03-21,0.02,28.47,17.29
2004-03-22,0.0,28.86,18.4
2004-03-23,0.01,29.15,16.69
2004-03-24,0.0,29.21,17.44
2004-03-25,0.0,29.26,18.98
2004-03-26,0.0,29.58,21.14
2004-03-27,0.0,30.64,20.89
2004-03-28,0.01,30.81,20.48
2004-03-29,0.1,30.58,17.73
2004-03-30,0.06,29.25,13.22
2004-03-31,11.51,29.17,16.66
2004-04-01,12.28,27.97,15.23
2004-04-02,0.16,28.67,22.02
2004-04-03,3.97,29.43,16.87
2004-04-04,3.92,28.98,12.93
2004-04-05,1.12,29.88,18.09
2004-04-06,14.0,28.45,15.46
2004-04-07,5.92,25.69,6.99
2004-04-08,0.82,26.65,18.88
2004-04-09,15.19,25.76,20.46
2004-04-10,29.74,26.79,15.53
2004-04-11,4.94,29.06,13.45
2004-04-12,4.73,29.34,12.27
2004-04-13,4.62,29.36,16.48
2004-04-14,6.37,29.89,16.16
2004-04-15,7.65,29.72,17.72
2004-04-16,12.95,29.52,17.46
2004-04-17,15.85,28.94,15.96
2004-04-18,49.78,28.14,16.47
2004-04-19,28.91,27.1,14.52
2004-04-20,16.37,26.52,11.69
2004-04-21,0.28,27.8,18.15
2004-04-22,8.4,28.18,18.53
2004-04-23,19.51,27.07,10.62
2004-04-24,6.7,26.72,22.21
2004-04-25,0.0,26.86,22.77
2004-04-26,0.57,27.27,25.44
2004-04-27,5.68,27.87,20.87
2004-04-28,5.14,28.87,25.59
2004-04-29,1.01,28.04,22.93
2004-04-30,0.06,29.12,23.08
2004-05-01,0.61,29.7,24.94
2004-05-02,4.23,30.37,24.71
2004-05-03,0.0,29.29,25.32
2004-05-04,0.0,28.07,26.73
2004-05-05,0.0,29.34,19.26
2004-05-06,0.0,31.06,24.0
2004-05-07,0.0,31.21,25.6
2004-05-08,0.03,31.29,25.99
2004-05-09,0.04,31.26,23.4
2004-05-10,0.04,31.52,23.08
2004-05-11,1.37,31.99,17.92
2004-05-12,2.48,31.19,19.56
2004-05-13,4.22,30.81,17.03
2004-05-14,6.4,30.3,13.83
2004-05-15,0.46,29.99,17.38
2004-05-16,0.88,30.58,19.76
2004-05-17,16.11,30.26,11.46
2004-05-18,6.02,29.76,18.18
2004-05-19,0.92,31.14,19.5
2004-05-20,15.1,30.14,16.77
2004-05-21,12.44,30.3,14.49
2004-05-22,15.91,29.0,18.84
2004-05-23,5.61,27.52,6.16
2004-05-24,0.96,27.48,17.2
2004-05-25,0.5,26.72,20.68
2004-05-26,0.07,28.31,21.11
2004-05-27,0.37,30.08,20.49
2004-05-28,1.6,30.39,20.79
2004-05-29,2.4,29.71,17.21
2004-05-30,11.36,29.4,22.8
2004-05-31,6.37,29.08,23.11
2004-06-01,2.45,30.57,17.13
2004-06-02,18.51,28.47,17.77
2004-06-03,43.39,27.75,8.95
2004-06-04,4.19,27.76,14.94
2004-06-05,3.99,28.76,21.78
2004-06-06,5.46,29.35,19.24
2004-06-07,5.55,29.82,22.08
2004-06-08,0.59,29.31,20.95
2004-06-09,0.99,30.22,22.71
2004-06-10,7.39,30.7,22.94
2004-06-11,8.15,29.13,17.27
2004-06-12,1.82,29.35,22.45
2004-06-13,5.3,27.85,12.66
2004-06-14,5.5,27.91,13.48
2004-06-15,1.98,28.82,18.7
2004-06-16,6.17,28.89,20.62
2004-06-17,19.0,29.16,19.68
2004-06-18,14.09,28.77,10.77
2004-06-19,34.51,28.36,16.41
2004-06-20,15.18,28.51,5.47
2004-06-21,38.93,27.85,5.07
2004-06-22,15.4,28.61,6.69
2004-06-23,58.64,29.2,9.02
2004-06-24,112.85,27.93,6.6
2004-06-25,19.34,28.79,12.19
2004-06-26,7.63,27.33,13.44
2004-06-27,0.17,28.79,19.45
2004-06-28,0.38,29.11,19.37
2004-06-29,0.51,27.84,17.45
2004-06-30,0.7,27.92,19.74
2004-07-01,6.54,28.73,19.91
2004-07-02,20.39,29.81,19.18
2004-07-03,9.24,29.49,16.86
2004-07-04,8.07,27.78,16.88
2004-07-05,11.93,27.98,9.61
2004-07-06,28.98,27.79,13.0
2004-07-07,34.56,28.01,3.8
2004-07-08,12.05,27.5,13.72
2004-07-09,23.82,27.25,7.8
2004-07-10,16.7,27.08,8.06
2004-07-11,16.8,27.64,13.74
2004-07-12,8.77,27.36,19.66
2004-07-13,1.48,28.27,16.35
2004-07-14,9.59,26.71,17.74
2004-07-15,22.34,26.9,15.93
2004-07-16,12.9,27.3,14.61
2004-07-17,10.98,27.51,13.1
2004-07-18,19.08,27.4,6.56
2004-07-19,72.74,27.46,3.85
2004-07-20,38.24,27.13,8.22
2004-07-21,0.86,26.65,16.69
2004-07-22,2.05,28.25,13.94
2004-07-23,14.12,28.84,21.08
2004-07-24,20.55,27.35,18.37
2004-07-25,17.9,28.09,20.61
2004-07-26,7.4,28.31,19.03
2004-07-27,4.52,28.04,20.23
2004-07-28,4.82,27.9,20.85
2004-07-29,6.33,27.42,18.8
2004-07-30,5.06,26.88,19.38
2004-07-31,4.36,28.01,19.0
2004-08-01,3.49,28.53,21.78
2004-08-02,9.37,28.67,21.26
2004-08-03,19.44,28.99,23.5
2004-08-04,8.1,27.59,17.44
2004-08-05,7.21,27.24,16.23
2004-08-06,5.45,27.91,19.88
2004-08-07,0.82,27.16,15.79
2004-08-08,1.64,27.49,19.51
2004-08-09,4.45,27.47,18.66
2004-08-10,6.29,27.6,20.07
2004-08-11,3.05,28.36,21.29
2004-08-12,8.13,28.23,18.54
2004-08-13,10.01,27.2,12.06
2004-08-14,4.07,27.61,18.08
2004-08-15,0.82,28.15,17.24
2004-08-16,1.21,28.99,22.44
2004-08-17,2.99,28.13,21.08
2004-08-18,32.15,28.51,20.33
2004-08-19,20.51,27.62,19.71
2004-08-20,12.13,28.07,21.97
2004-08-21,1.79,28.41,21.04
2004-08-22,0.47,28.73,20.8
2004-08-23,2.27,27.93,16.97
2004-08-24,3.19,27.99,15.96
2004-08-25,5.87,27.72,14.39
2004-08-26,7.46,27.86,11.12
2004-08-27,8.97,27.74,18.11
2004-08-28,15.21,28.72,16.26
2004-08-29,8.13,27.55,15.33
2004-08-30,3.64,28.15,11.82
2004-08-31,3.63,27.48,14.73
2004-09-01,2.2,28.02,14.81
2004-09-02,2.76,27.91,11.14
2004-09-03,6.06,27.62,14.6
2004-09-04,9.19,28.09,15.29
2004-09-05,12.58,28.21,14.66
2004-09-06,2.12,28.29,16.86
2004-09-07,4.23,27.89,16.79
2004-09-08,7.26,27.71,17.22
2004-09-09,5.75,27.18,9.07
2004-09-10,40.97,26.19,16.79
2004-09-11,73.4,25.6,8.77
2004-09-12,127.7,26.39,3.24
2004-09-13,136.07,25.76,4.61
2004-09-14,31.4,25.18,5.91
2004-09-15,13.14,25.35,14.85
2004-09-16,6.19,24.9,7.76
2004-09-17,7.58,25.96,16.67
2004-09-18,6.19,26.71,19.92
2004-09-19,12.28,26.57,19.24
2004-09-20,3.49,27.52,15.21
2004-09-21,4.42,27.51,16.78
2004-09-22,17.36,27.49,11.78
2004-09-23,5.78,26.19,13.44
2004-09-24,2.22,27.02,15.1
2004-09-25,3.93,26.92,12.46
2004-09-26,0.64,27.64,19.67
2004-09-27,4.06,28.03,18.4
2004-09-28,7.59,27.4,14.72
2004-09-29,3.63,27.84,13.88
2004-09-30,2.48,27.47,18.3
2004-10-01,0.05,28.03,21.42
2004-10-02,0.55,27.11,20.27
2004-10-03,0.94,26.25,22.13
2004-10-04,4.51,25.92,18.35
2004-10-05,24.99,25.45,8.4
2004-10-06,23.94,25.72,5.15
2004-10-07,50.31,24.96,3.09
2004-10-08,23.58,25.39,12.46
2004-10-09,3.65,25.81,18.94
2004-10-10,0.0,26.23,20.08
2004-10-11,0.15,26.34,20.49
2004-10-12,0.25,26.38,20.93
2004-10-13,1.38,25.97,19.49
2004-10-14,6.85,25.85,7.32
2004-10-15,37.16,25.33,6.96
2004-10-16,0.42,24.6,14.59
2004-10-17,0.03,23.99,19.6
2004-10-18,0.0,24.6,20.87
2004-10-19,0.0,25.28,20.12
2004-10-20,0.0,24.83,21.13
2004-10-21,0.0,24.36,21.13
2004-10-22,0.0,24.27,20.66
2004-10-23,0.24,23.8,20.25
2004-10-24,0.23,23.69,20.17
2004-10-25,0.12,24.14,20.56
2004-10-26,0.01,23.42,20.25
2004-10-27,0.01,23.74,19.99
2004-10-28,0.02,24.12,19.76
2004-10-29,0.12,23.48,19.78
2004-10-30,0.01,23.12,15.28
2004-10-31,0.0,22.25,17.72
2004-11-01,0.0,21.95,19.43
2004-11-02,0.0,21.58,19.33
2004-11-03,0.0,21.97,19.95
2004-11-04,0.0,22.53,18.96
2004-11-05,0.0,23.57,16.76
2004-11-06,0.0,23.71,18.08
2004-11-07,0.0,23.22,18.81
2004-11-08,0.0,23.31,17.74
2004-11-09,0.0,22.36,18.13
2004-11-10,0.0,20.89,16.69
2004-11-11,0.0,20.2,18.39
2004-11-12,0.0,20.45,18.56
2004-11-13,0.0,20.08,18.79
2004-11-14,0.0,20.39,18.52
2004-11-15,0.0,20.44,17.64
2004-11-16,0.0,21.02,17.46
2004-11-17,0.0,21.04,17.93
2004-11-18,0.0,21.52,17.54
2004-11-19,0.0,22.13,16.78
2004-11-20,0.0,21.43,17.13
2004-11-21,0.0,21.36,16.96
2004-11-22,0.0,21.69,16.89
2004-11-23,0.22,21.52,16.78
2004-11-24,0.38,20.66,14.71
2004-11-25,0.0,19.78,16.33
2004-11-26,0.0,20.09,17.52
2004-11-27,0.0,21.06,17.55
2004-11-28,0.47,20.72,17.21
2004-11-29,0.01,21.21,17.29
2004-11-30,0.0,21.13,17.15
2004-12-01,0.0,20.4,16.16
2004-12-02,0.0,19.81,16.39
2004-12-03,0.0,18.74,16.81
2004-12-04,0.0,18.8,17.22
2004-12-05,0.0,20.06,15.46
2004-12-06,0.0,20.22,15.53
2004-12-07,0.0,20.08,14.81
2004-12-08,0.0,20.48,14.19
2004-12-09,0.0,20.35,14.32
2004-12-10,0.0,20.6,14.7
2004-12-11,0.0,21.02,15.62
2004-12-12,0.0,20.94,15.64
2004-12-13,0.0,20.92,14.22
2004-12-14,0.0,20.76,13.8
2004-12-15,0.0,21.0,14.18
2004-12-16,0.01,21.03,14.17
2004-12-17,0.0,21.12,15.89
2004-12-18,0.0,20.22,16.6
2004-12-19,0.0,19.3,15.07
2004-12-20,0.0,18.47,13.83
2004-12-21,1.14,18.64,7.88
2004-12-22,0.49,19.71,12.21
2004-12-23,0.0,18.44,12.15
2004-12-24,0.0,18.44,12.64
2004-12-25,0.0,18.64,8.93
2004-12-26,0.0,16.82,15.22
2004-12-27,0.0,14.62,16.64
2004-12-28,0.0,14.41,16.98
2004-12-29,0.0,15.54,16.52
2004-12-30,0.0,16.38,15.85
2004-12-31,0.0,16.24,16.28
2005-01-01,0.0,16.83,15.81
2005-01-02,0.0,17.7,13.64
2005-01-03,0.0,19.23,14.46
2005-01-04,0.0,18.71,8.13
2005-01-05,0.0,18.12,16.36
2005-01-06,0.0,18.28,16.8
2005-01-07,0.0,17.94,16.74
2005-01-08,0.0,17.95,15.79
2005-01-09,0.0,16.92,14.27
2005-01-10,0.06,17.05,14.89
2005-01-11,1.87,17.07,3.33
2005-01-12,0.92,16.66,15.71
2005-01-13,0.0,15.84,15.24
2005-01-14,0.0,16.28,15.9
2005-01-15,0.0,16.77,14.37
2005-01-16,0.0,18.11,16.56
2005-01-17,0.0,17.78,17.06
2005-01-18,0.2,18.31,16.29
2005-01-19,0.43,17.72,13.6
2005-01-20,0.0,17.13,16.23
2005-01-21,0.0,15.16,16.88
2005-01-22,0.0,16.09,14.89
2005-01-23,0.37,17.3,13.18
2005-01-24,0.03,17.87,14.86
2005-01-25,0.0,17.17,15.42
2005-01-26,0.0,17.19,16.27
2005-01-27,0.0,18.28,16.38
2005-01-28,0.0,17.43,14.01
2005-01-29,0.03,18.51,12.62
2005-01-30,0.0,18.86,18.42
2005-01-31,0.0,20.64,18.63
2005-02-01,0.15,20.25,14.2
2005-02-02,0.0,18.5,16.95
2005-02-03,0.0,16.26,19.47
2005-02-04,0.0,16.45,20.11
2005-02-05,0.0,17.65,20.12
2005-02-06,0.0,19.58,17.82
2005-02-07,0.0,20.98,17.54
2005-02-08,0.0,21.22,18.59
2005-02-09,0.0,21.94,18.95
2005-02-10,0.0,21.97,19.72
2005-02-11,0.0,22.29,19.36
2005-02-12,0.0,23.21,19.46
2005-02-13,0.03,23.14,15.55
2005-02-14,0.0,22.51,20.92
2005-02-15,0.0,22.59,20.52
2005-02-16,0.39,24.4,14.29
2005-02-17,6.81,24.67,15.21
2005-02-18,3.95,24.85,14.97
2005-02-19,0.2,25.79,15.29
2005-02-20,0.16,26.04,15.8
2005-02-21,0.0,26.64,17.65
2005-02-22,0.11,25.08,15.8
2005-02-23,0.06,23.29,20.99
2005-02-24,0.0,23.29,19.99
2005-02-25,0.0,22.81,21.78
2005-02-26,0.0,24.72,22.03
2005-02-27,0.0,24.41,22.25
2005-02-28,0.0,23.53,22.63
2005-03-01,0.0,24.52,21.17
2005-03-02,0.0,26.25,21.44
2005-03-03,0.0,26.28,20.32
2005-03-04,0.0,26.97,21.02
2005-03-05,0.06,27.87,19.11
2005-03-06,0.07,28.5,15.71
2005-03-07,0.72,27.78,14.75
2005-03-08,4.25,27.35,14.02
2005-03-09,0.17,27.32,17.95
2005-03-10,0.16,28.21,19.67
2005-03-11,0.55,27.08,14.22
2005-03-12,0.36,26.08,8.71
2005-03-13,0.0,26.51,19.12
2005-03-14,0.0,27.08,19.06
2005-03-15,0.07,27.33,18.2
2005-03-16,0.0,27.05,21.28
2005-03-17,0.02,28.11,20.1
2005-03-18,1.5,28.21,18.3
2005-03-19,0.95,29.04,19.21
2005-03-20,5.27,28.73,18.91
2005-03-21,7.26,28.99,18.97
2005-03-22,4.52,29.11,18.53
2005-03-23,12.53,27.35,9.06
2005-03-24,31.19,24.44,4.05
2005-03-25,4.78,25.13,16.3
2005-03-26,2.49,25.57,19.89
2005-03-27,5.51,26.57,18.01
2005-03-28,16.26,26.6,18.95
2005-03-29,1.76,27.09,16.66
2005-03-30,51.96,26.78,19.86
2005-03-31,9.93,26.38,9.4
2005-04-01,0.21,27.47,21.77
2005-04-02,0.04,27.38,21.5
2005-04-03,0.13,27.55,25.44
2005-04-04,7.26,26.34,24.06
2005-04-05,0.01,27.25,22.9
2005-04-06,1.52,27.98,20.13
2005-04-07,0.31,28.31,21.51
2005-04-08,0.02,28.37,20.66
2005-04-09,1.11,28.56,18.52
2005-04-10,22.01,28.06,15.45
2005-04-11,11.95,26.86,16.24
2005-04-12,5.92,27.85,20.15
2005-04-13,0.0,26.73,24.67
2005-04-14,0.0,26.75,24.04
2005-04-15,0.0,28.3,24.98
2005-04-16,0.01,28.92,22.72
2005-04-17,0.36,27.95,19.72
2005-04-18,2.89,27.89,22.84
2005-04-19,0.01,27.63,21.31
2005-04-20,0.0,28.4,15.6
2005-04-21,0.0,29.87,25.27
2005-04-22,0.03,30.09,22.97
2005-04-23,3.22,29.79,22.1
2005-04-24,2.98,29.88,24.73
2005-04-25,4.37,29.16,23.61
2005-04-26,8.21,29.62,22.4
2005-04-27,12.97,29.03,17.96
2005-04-28,14.77,29.51,16.78
2005-04-29,16.3,26.49,16.09
2005-04-30,3.12,26.11,22.01
2005-05-01,0.56,27.41,24.41
2005-05-02,0.05,26.72,22.41
2005-05-03,4.52,28.41,23.29
2005-05-04,2.53,28.49,17.52
2005-05-05,10.71,27.04,17.22
2005-05-06,2.56,25.65,20.52
2005-05-07,8.05,27.53,19.62
2005-05-08,3.8,28.44,16.29
2005-05-09,9.53,29.18,15.97
2005-05-10,1.33,30.7,20.8
2005-05-11,2.46,30.3,20.14
2005-05-12,0.73,30.62,25.8
2005-05-13,21.88,28.89,23.89
2005-05-14,7.58,29.33,24.07
2005-05-15,29.82,28.64,20.36
2005-05-16,3.01,29.87,21.14
2005-05-17,18.62,29.25,21.73
2005-05-18,9.4,29.38,21.27
2005-05-19,23.03,27.05,10.26
2005-05-20,41.89,27.25,22.78
2005-05-21,20.25,26.81,23.43
2005-05-22,38.27,27.14,9.92
2005-05-23,2.58,27.77,14.91
2005-05-24,19.86,28.04,15.24
2005-05-25,13.81,27.9,21.49
2005-05-26,1.29,28.12,21.95
2005-05-27,4.18,28.17,21.68
2005-05-28,3.31,28.44,22.15
2005-05-29,0.73,28.36,22.61
2005-05-30,0.37,29.75,23.99
2005-05-31,0.22,29.16,23.7
2005-06-01,0.2,29.01,21.52
2005-06-02,0.75,29.13,21.19
2005-06-03,4.81,29.13,22.86
2005-06-04,10.82,28.6,20.07
2005-06-05,0.53,27.89,20.76
2005-06-06,0.1,27.5,22.31
2005-06-07,0.0,28.68,22.67
2005-06-08,0.21,29.02,21.61
2005-06-09,5.86,29.58,19.67
2005-06-10,12.32,29.52,22.08
2005-06-11,0.01,29.19,16.73
2005-06-12,0.02,30.2,20.3
2005-06-13,0.25,29.61,17.15
2005-06-14,13.98,29.87,16.22
2005-06-15,8.41,29.3,17.76
2005-06-16,6.74,29.45,10.91
2005-06-17,0.63,30.03,15.55
2005-06-18,2.47,29.3,19.14
2005-06-19,1.06,29.3,17.14
2005-06-20,0.13,29.36,18.93
2005-06-21,1.9,28.69,20.18
2005-06-22,2.04,28.54,17.11
2005-06-23,6.12,28.89,13.38
2005-06-24,9.41,28.83,16.63
2005-06-25,1.63,27.54,12.47
2005-06-26,3.29,28.44,18.36
2005-06-27,7.72,29.18,14.86
2005-06-28,10.54,28.35,8.3
2005-06-29,16.83,28.51,10.95
2005-06-30,13.49,28.09,11.45
2005-07-01,14.31,28.58,13.19
2005-07-02,25.84,28.46,12.47
2005-07-03,20.71,28.24,14.37
2005-07-04,11.65,28.02,13.87
2005-07-05,7.95,27.14,14.34
2005-07-06,0.72,28.23,20.36
2005-07-07,4.22,28.52,24.43
2005-07-08,0.35,28.66,20.97
2005-07-09,2.05,28.32,15.28
2005-07-10,6.88,28.29,14.75
2005-07-11,12.84,28.01,12.75
2005-07-12,16.31,27.54,13.71
2005-07-13,18.17,27.6,10.36
2005-07-14,43.54,26.68,5.53
2005-07-15,17.53,26.25,4.09
2005-07-16,5.91,27.22,20.47
2005-07-17,6.53,28.03,18.56
2005-07-18,9.41,27.94,11.37
2005-07-19,1.59,28.47,16.86
2005-07-20,11.56,28.84,16.26
2005-07-21,16.01,27.67,11.48
2005-07-22,9.49,28.69,18.13
2005-07-23,9.27,29.46,14.63
2005-07-24,24.6,29.13,21.91
2005-07-25,33.24,29.17,20.32
2005-07-26,8.98,28.62,18.1
2005-07-27,13.53,28.79,20.07
2005-07-28,3.46,29.28,19.77
2005-07-29,1.26,28.91,20.32
2005-07-30,1.55,28.91,19.02
2005-07-31,4.17,28.72,20.84
2005-08-01,0.26,29.9,20.27
2005-08-02,9.15,29.19,18.97
2005-08-03,2.36,28.79,18.42
2005-08-04,4.29,28.74,17.54
2005-08-05,14.22,28.16,13.43
2005-08-06,19.34,28.3,6.56
2005-08-07,6.17,28.73,8.16
2005-08-08,9.94,29.28,10.81
2005-08-09,16.06,28.38,12.58
2005-08-10,16.94,28.49,6.22
2005-08-11,16.29,27.63,12.7
2005-08-12,14.2,29.38,11.19
2005-08-13,3.01,29.76,17.3
2005-08-14,8.17,27.77,11.12
2005-08-15,2.7,28.36,18.6
2005-08-16,3.88,27.68,18.93
2005-08-17,3.81,28.79,17.07
2005-08-18,9.88,28.48,17.47
2005-08-19,7.74,28.34,19.33
2005-08-20,17.45,28.16,12.33
2005-08-21,19.95,28.08,9.97
2005-08-22,27.37,28.03,11.88
2005-08-23,28.34,28.35,11.56
2005-08-24,44.13,27.82,9.65
2005-08-25,20.61,27.75,11.04
2005-08-26,6.46,27.77,16.8
2005-08-27,10.72,27.61,12.95
2005-08-28,14.01,27.38,17.77
2005-08-29,5.55,28.05,16.84
2005-08-30,6.04,27.79,17.94
2005-08-31,3.73,28.96,15.71
2005-09-01,27.91,29.78,15.34
2005-09-02,9.94,29.71,14.76
2005-09-03,2.3,28.53,17.43
2005-09-04,1.5,27.42,13.33
2005-09-05,2.39,28.5,15.54
2005-09-06,4.68,28.62,21.61
2005-09-07,6.61,28.86,15.39
2005-09-08,4.33,28.78,18.99
2005-09-09,11.78,28.99,19.22
2005-09-10,19.2,26.99,19.06
2005-09-11,18.51,26.25,19.44
2005-09-12,10.64,27.17,18.94
2005-09-13,3.56,27.09,19.66
2005-09-14,0.65,27.97,20.75
2005-09-15,2.91,28.74,22.81
2005-09-16,3.15,28.0,20.26
2005-09-17,2.12,27.04,18.73
2005-09-18,0.53,28.53,19.47
2005-09-19,19.41,28.6,18.54
2005-09-20,28.32,26.56,4.33
2005-09-21,13.65,26.92,16.89
2005-09-22,2.94,26.99,17.81
2005-09-23,5.32,27.08,9.99
2005-09-24,29.11,27.2,8.46
2005-09-25,5.03,27.69,14.23
2005-09-26,1.46,28.38,18.75
2005-09-27,4.71,27.78,16.71
2005-09-28,3.29,28.17,17.65
2005-09-29,15.24,27.59,15.05
2005-09-30,14.89,26.62,14.0
2005-10-01,42.91,25.72,8.74
2005-10-02,27.01,26.25,8.4
2005-10-03,10.42,26.47,20.77
2005-10-04,15.4,26.36,16.0
2005-10-05,3.73,27.1,19.58
2005-10-06,0.04,27.59,19.71
2005-10-07,0.0,27.33,20.35
2005-10-08,0.34,27.44,20.42
2005-10-09,0.3,27.55,19.7
2005-10-10,0.0,28.25,21.12
2005-10-11,0.41,27.92,17.35
2005-10-12,0.17,26.89,19.58
2005-10-13,0.0,27.18,20.29
2005-10-14,0.0,27.57,20.86
2005-10-15,0.0,27.0,19.8
2005-10-16,2.28,27.5,18.66
2005-10-17,5.52,26.87,16.75
2005-10-18,8.66,25.41,17.97
2005-10-19,7.45,24.17,17.05
2005-10-20,9.49,23.73,9.44
2005-10-21,11.99,23.93,9.79
2005-10-22,30.91,23.56,9.17
2005-10-23,50.53,23.15,6.96
2005-10-24,7.75,24.52,14.54
2005-10-25,0.0,24.04,16.47
2005-10-26,0.0,25.42,14.35
2005-10-27,0.03,25.05,15.37
2005-10-28,0.16,25.13,8.62
2005-10-29,0.0,25.4,16.22
2005-10-30,0.01,25.07,17.76
2005-10-31,0.16,23.73,14.66
2005-11-01,0.0,23.29,16.18
2005-11-02,0.0,22.67,18.37
2005-11-03,0.0,22.64,19.26
2005-11-04,0.0,22.54,19.53
2005-11-05,0.0,22.27,19.18
2005-11-06,0.0,21.41,19.36
2005-11-07,0.0,22.18,18.46
2005-11-08,1.38,24.35,9.92
2005-11-09,0.98,24.45,14.22
2005-11-10,0.07,23.98,17.88
2005-11-11,0.0,22.88,17.64
2005-11-12,0.0,21.39,18.55
2005-11-13,0.0,20.85,17.6
2005-11-14,0.0,20.63,18.35
2005-11-15,0.0,20.74,17.84
2005-11-16,0.0,21.54,18.34
2005-11-17,0.0,22.07,17.79
2005-11-18,0.0,21.83,16.76
2005-11-19,0.0,20.32,17.64
2005-11-20,0.0,20.98,17.28
2005-11-21,0.0,20.98,15.54
2005-11-22,0.0,21.36,16.72
2005-11-23,0.03,21.36,16.78
2005-11-24,0.01,20.08,17.04
2005-11-25,0.0,19.04,17.67
2005-11-26,0.0,18.36,16.34
2005-11-27,0.0,18.58,17.59
2005-11-28,0.0,17.99,17.47
2005-11-29,0.0,18.36,17.51
2005-11-30,0.0,18.28,17.61
2005-12-01,0.0,17.94,17.43
2005-12-02,0.0,18.78,16.84
2005-12-03,0.0,19.0,17.01
2005-12-04,0.0,18.87,16.1
2005-12-05,0.0,17.89,16.83
2005-12-06,0.0,17.33,17.47
2005-12-07,0.0,17.32,16.76
2005-12-08,0.0,18.25,15.79
2005-12-09,0.0,18.01,17.0
2005-12-10,0.0,17.71,16.82
2005-12-11,0.0,17.05,17.08
2005-12-12,0.0,16.57,17.29
2005-12-13,0.0,16.98,16.7
2005-12-14,0.0,17.04,17.0
2005-12-15,0.0,18.06,16.36
2005-12-16,0.0,19.96,15.87
2005-12-17,0.0,20.79,14.61
2005-12-18,0.0,20.86,11.9
2005-12-19,0.0,19.61,15.98
2005-12-20,0.0,19.32,15.0
2005-12-21,0.0,19.79,12.66
2005-12-22,0.37,19.49,5.76
2005-12-23,0.43,19.58,6.75
2005-12-24,0.01,18.39,15.57
2005-12-25,0.0,18.79,16.42
2005-12-26,0.01,17.91,15.07
2005-12-27,0.01,17.61,14.66
2005-12-28,0.0,17.36,16.3
2005-12-29,0.0,17.7,16.54
2005-12-30,0.0,16.98,17.09
2005-12-31,0.0,17.53,17.48
2006-01-01,0.0,17.67,17.36
2006-01-02,0.0,18.08,16.78
2006-01-03,0.0,17.89,15.02
2006-01-04,0.0,17.1,15.95
2006-01-05,0.0,16.78,16.59
2006-01-06,0.0,17.46,15.99
2006-01-07,0.0,17.55,13.21
2006-01-08,0.0,17.42,11.31
2006-01-09,0.0,16.15,8.7
2006-01-10,0.0,15.96,15.53
2006-01-11,0.0,15.99,15.28
2006-01-12,0.04,16.24,15.86
2006-01-13,0.0,16.08,16.35
2006-01-14,0.0,15.85,15.51
2006-01-15,0.0,16.19,15.73
2006-01-16,0.0,16.33,14.8
2006-01-17,0.0,17.71,14.2
2006-01-18,0.0,18.3,15.01
2006-01-19,0.0,19.37,16.06
2006-01-20,0.0,18.66,16.56
2006-01-21,0.0,18.04,17.8
2006-01-22,0.0,17.97,18.29
2006-01-23,0.0,16.87,18.86
2006-01-24,0.0,17.1,16.75
2006-01-25,0.0,18.35,16.51
2006-01-26,0.0,17.99,18.03
2006-01-27,0.0,17.97,18.77
2006-01-28,0.0,19.04,19.18
2006-01-29,0.0,18.9,19.1
2006-01-30,0.0,19.44,18.67
2006-01-31,0.0,20.56,18.53
2006-02-01,0.0,20.84,18.73
2006-02-02,0.0,21.61,18.93
2006-02-03,0.0,21.78,18.62
2006-02-04,0.0,21.85,18.25
2006-02-05,0.0,21.24,17.04
2006-02-06,0.0,20.7,18.72
2006-02-07,0.0,21.79,19.52
2006-02-08,0.0,21.26,19.54
2006-02-09,0.0,21.92,18.06
2006-02-10,0.0,21.74,19.73
2006-02-11,0.0,21.56,20.35
2006-02-12,0.0,22.45,20.75
2006-02-13,0.0,22.21,18.28
2006-02-14,0.03,22.15,18.1
2006-02-15,0.35,23.06,16.47
2006-02-16,0.22,24.41,15.85
2006-02-17,3.55,24.81,16.62
2006-02-18,2.08,24.53,17.88
2006-02-19,0.22,25.16,16.6
2006-02-20,0.0,25.22,18.73
2006-02-21,4.39,24.62,15.7
2006-02-22,1.87,25.03,16.33
2006-02-23,0.23,25.43,20.24
2006-02-24,0.0,25.39,20.54
2006-02-25,0.0,25.47,20.81
2006-02-26,0.0,25.42,21.21
2006-02-27,0.0,25.93,21.04
2006-02-28,0.0,27.09,20.09
2006-03-01,0.0,26.97,17.99
2006-03-02,0.05,26.24,18.66
2006-03-03,0.01,25.25,17.16
2006-03-04,0.0,24.86,21.8
2006-03-05,0.04,26.09,14.25
2006-03-06,0.0,27.14,20.47
2006-03-07,0.0,27.33,20.71
2006-03-08,0.0,26.61,20.82
2006-03-09,0.0,27.86,19.79
2006-03-10,0.14,27.57,19.75
2006-03-11,0.25,26.53,15.29
2006-03-12,0.61,24.63,22.94
2006-03-13,0.02,26.09,18.91
2006-03-14,0.0,26.54,21.93
2006-03-15,0.01,27.48,20.69
2006-03-16,0.21,26.71,16.0
2006-03-17,0.08,26.58,21.69
2006-03-18,0.0,25.47,24.25
2006-03-19,0.0,24.57,24.96
2006-03-20,0.0,25.01,25.16
2006-03-21,0.0,26.62,24.55
2006-03-22,0.82,27.13,17.7
2006-03-23,0.56,27.46,19.84
2006-03-24,0.0,27.83,23.6
2006-03-25,0.0,27.93,23.67
2006-03-26,0.0,29.07,24.14
2006-03-27,0.0,30.03,21.47
2006-03-28,0.0,29.94,20.74
2006-03-29,0.0,28.69,20.08
2006-03-30,0.0,29.21,23.53
2006-03-31,0.0,29.66,21.62
2006-04-01,0.41,29.93,21.39
2006-04-02,1.27,30.67,22.9
2006-04-03,10.01,28.08,15.99
2006-04-04,45.66,26.72,11.61
2006-04-05,35.64,27.15,14.88
2006-04-06,20.4,27.56,20.32
2006-04-07,1.44,28.32,20.4
2006-04-08,1.94,28.34,19.17
2006-04-09,2.14,28.64,18.56
2006-04-10,0.88,28.76,18.3
2006-04-11,1.4,29.58,15.55
2006-04-12,0.07,30.33,18.13
2006-04-13,2.66,29.54,20.14
2006-04-14,2.01,30.44,23.47
2006-04-15,0.0,30.87,18.46
2006-04-16,2.06,29.94,16.15
2006-04-17,11.97,27.79,17.25
2006-04-18,1.56,26.47,12.41
2006-04-19,4.01,27.58,17.91
2006-04-20,0.0,27.62,25.42
2006-04-21,0.0,28.46,26.55
2006-04-22,2.82,29.28,24.58
2006-04-23,2.42,30.01,23.61
2006-04-24,1.9,30.3,24.8
2006-04-25,0.08,30.62,25.31
2006-04-26,0.1,30.79,23.32
2006-04-27,3.13,30.49,20.88
2006-04-28,0.14,30.6,22.85
2006-04-29,0.05,31.49,23.47
2006-04-30,0.0,31.47,25.95
2006-05-01,3.47,31.64,20.24
2006-05-02,0.16,32.42,24.78
2006-05-03,0.27,31.31,23.66
2006-05-04,0.73,31.94,22.87
2006-05-05,2.22,31.36,21.32
2006-05-06,11.02,30.0,21.6
2006-05-07,12.62,27.74,10.22
2006-05-08,0.02,28.64,22.89
2006-05-09,1.88,28.93,22.11
2006-05-10,9.54,28.27,19.0
2006-05-11,41.51,27.61,17.05
2006-05-12,38.99,27.37,3.32
2006-05-13,13.64,27.69,19.32
2006-05-14,13.47,27.12,15.25
2006-05-15,0.64,27.26,23.52
2006-05-16,0.0,28.63,26.68
2006-05-17,0.0,29.92,27.41
2006-05-18,0.0,31.36,27.25
2006-05-19,0.1,31.17,26.69
2006-05-20,0.62,31.08,23.6
2006-05-21,0.57,31.6,24.24
2006-05-22,0.76,31.94,26.12
2006-05-23,1.48,32.38,26.69
2006-05-24,7.24,31.58,25.34
2006-05-25,9.16,30.4,19.65
2006-05-26,32.51,27.53,10.61
2006-05-27,88.03,27.08,3.19
2006-05-28,43.2,26.83,5.13
2006-05-29,17.05,27.5,3.44
2006-05-30,15.92,27.68,9.63
2006-05-31,21.97,27.64,13.67
2006-06-01,31.58,27.69,8.53
2006-06-02,43.83,27.42,10.88
2006-06-03,16.48,27.19,19.79
2006-06-04,10.93,27.91,19.54
2006-06-05,12.06,27.91,19.1
2006-06-06,8.44,28.23,14.28
2006-06-07,4.56,28.47,19.05
2006-06-08,3.63,27.81,15.41
2006-06-09,25.25,27.77,8.19
2006-06-10,69.03,27.55,5.09
2006-06-11,10.99,28.64,14.77
2006-06-12,15.72,28.59,9.42
2006-06-13,28.13,28.03,9.57
2006-06-14,21.67,27.61,8.56
2006-06-15,2.72,27.88,21.6
2006-06-16,11.31,27.99,19.5
2006-06-17,9.82,28.22,18.51
2006-06-18,1.21,29.05,21.9
2006-06-19,1.46,30.0,20.45
2006-06-20,7.51,28.83,23.2
2006-06-21,11.96,28.8,23.77
2006-06-22,6.77,28.19,23.16
2006-06-23,17.88,28.02,20.11
2006-06-24,2.55,28.08,15.91
2006-06-25,1.49,28.22,15.16
2006-06-26,8.4,28.17,12.04
2006-06-27,7.06,28.37,14.75
2006-06-28,11.7,28.61,17.08
2006-06-29,1.28,29.8,22.8
2006-06-30,6.73,29.2,23.01
2006-07-01,19.33,29.77,23.5
2006-07-02,4.4,29.75,20.79
2006-07-03,0.61,28.92,19.62
2006-07-04,5.07,28.08,14.68
2006-07-05,6.9,28.16,16.58
2006-07-06,22.61,28.72,12.14
2006-07-07,31.97,29.19,7.21
2006-07-08,19.74,28.16,7.5
2006-07-09,12.63,28.17,13.0
2006-07-10,12.41,28.64,9.56
2006-07-11,12.43,27.9,10.83
2006-07-12,5.82,28.31,16.69
2006-07-13,2.16,27.94,16.78
2006-07-14,2.35,28.5,21.45
2006-07-15,1.0,28.31,21.72
2006-07-16,3.27,28.91,22.17
2006-07-17,6.22,28.11,20.56
2006-07-18,5.02,27.94,15.59
2006-07-19,7.49,27.6,12.92
2006-07-20,2.12,27.97,16.67
2006-07-21,2.49,28.0,17.82
2006-07-22,8.71,27.63,17.88
2006-07-23,2.76,27.46,17.79
2006-07-24,5.21,28.4,18.98
2006-07-25,3.66,28.45,20.2
2006-07-26,2.44,27.59,9.13
2006-07-27,4.61,27.9,19.05
2006-07-28,2.46,27.54,20.99
2006-07-29,3.21,27.67,9.95
2006-07-30,1.38,27.88,19.65
2006-07-31,1.05,28.58,20.44
2006-08-01,2.28,28.82,19.94
2006-08-02,2.35,27.75,21.31
2006-08-03,4.55,27.71,10.7
2006-08-04,6.73,26.14,17.7
2006-08-05,9.27,25.45,16.28
2006-08-06,4.11,26.69,16.86
2006-08-07,4.4,27.57,19.96
2006-08-08,3.51,28.3,12.83
2006-08-09,6.02,28.99,21.28
2006-08-10,24.94,28.78,24.06
2006-08-11,29.08,29.72,22.49
2006-08-12,12.94,28.58,23.41
2006-08-13,4.49,27.69,21.45
2006-08-14,2.22,27.52,19.8
2006-08-15,3.38,28.35,22.47
2006-08-16,0.17,27.96,24.21
2006-08-17,1.02,27.63,18.27
2006-08-18,2.13,27.99,14.0
2006-08-19,7.66,28.38,18.89
2006-08-20,13.11,28.15,15.62
2006-08-21,18.28,27.74,17.01
2006-08-22,3.4,27.28,14.88
2006-08-23,13.01,27.13,16.0
2006-08-24,37.78,27.69,14.25
2006-08-25,11.57,28.12,16.29
2006-08-26,1.75,27.78,19.06
2006-08-27,1.22,28.24,19.06
2006-08-28,6.85,28.39,18.92
2006-08-29,5.1,27.64,15.71
2006-08-30,7.4,26.67,20.96
2006-08-31,0.99,27.04,19.41
2006-09-01,0.59,27.58,19.43
2006-09-02,6.47,27.66,16.79
2006-09-03,7.49,27.59,20.46
2006-09-04,1.26,27.0,23.89
2006-09-05,1.24,27.32,20.01
2006-09-06,0.09,27.86,21.14
2006-09-07,1.94,28.02,17.7
2006-09-08,5.63,28.53,19.04
2006-09-09,4.25,28.75,16.15
2006-09-10,34.39,27.18,9.29
2006-09-11,31.77,26.73,5.9
2006-09-12,14.08,26.69,9.49
2006-09-13,1.96,27.47,17.95
2006-09-14,0.43,27.92,19.91
2006-09-15,0.61,28.3,18.46
2006-09-16,2.49,28.27,19.2
2006-09-17,1.4,28.99,16.33
2006-09-18,2.35,28.72,21.03
2006-09-19,6.36,27.22,19.24
2006-09-20,13.98,25.78,4.94
2006-09-21,47.32,25.36,4.66
2006-09-22,46.16,25.58,5.81
2006-09-23,25.9,25.49,11.15
2006-09-24,3.99,26.84,17.68
2006-09-25,3.72,27.33,19.09
2006-09-26,0.96,27.65,20.46
2006-09-27,0.01,28.2,18.51
2006-09-28,1.37,28.21,19.45
2006-09-29,3.53,28.05,18.42
2006-09-30,9.52,27.25,16.65
2006-10-01,4.95,27.0,11.05
2006-10-02,4.49,27.94,20.57
2006-10-03,5.33,28.62,18.77
2006-10-04,14.02,28.19,7.87
2006-10-05,6.78,27.24,11.99
2006-10-06,12.63,27.9,20.29
2006-10-07,2.58,27.67,19.28
2006-10-08,0.0,27.88,21.41
2006-10-09,0.2,28.12,18.8
2006-10-10,0.52,27.91,18.41
2006-10-11,0.69,28.11,19.24
2006-10-12,2.64,28.38,17.95
2006-10-13,5.28,27.87,14.29
2006-10-14,10.59,26.75,17.62
2006-10-15,2.01,27.25,16.28
2006-10-16,0.11,26.86,18.86
2006-10-17,1.26,25.82,15.28
2006-10-18,0.35,25.03,13.71
2006-10-19,0.16,25.02,8.52
2006-10-20,1.13,25.14,7.53
2006-10-21,0.27,25.34,18.19
2006-10-22,0.0,25.26,19.81
2006-10-23,0.0,25.09,20.16
2006-10-24,0.0,24.49,20.32
2006-10-25,0.0,24.32,15.8
2006-10-26,0.0,24.5,19.84
2006-10-27,0.0,24.77,18.22
2006-10-28,0.0,23.97,10.15
2006-10-29,0.0,24.28,17.45
2006-10-30,0.0,23.64,11.87
2006-10-31,0.01,24.09,10.22
2006-11-01,0.2,24.83,11.17
2006-11-02,0.49,25.11,16.76
2006-11-03,0.0,25.15,19.22
2006-11-04,0.0,24.44,19.15
2006-11-05,0.0,23.71,17.46
2006-11-06,0.0,23.77,11.83
2006-11-07,0.12,22.63,11.57
2006-11-08,0.42,23.42,11.97
2006-11-09,0.27,23.24,7.11
2006-11-10,0.45,23.1,9.57
2006-11-11,0.88,21.81,7.92
2006-11-12,0.44,22.68,16.54
2006-11-13,0.07,23.6,15.84
2006-11-14,0.0,24.16,15.89
2006-11-15,0.0,23.23,17.91
2006-11-16,0.0,22.48,15.75
2006-11-17,0.0,21.74,17.92
2006-11-18,0.0,21.87,18.1
2006-11-19,0.0,21.98,17.93
2006-11-20,0.15,22.16,15.86
2006-11-21,0.07,21.48,14.7
2006-11-22,0.0,20.9,15.88
2006-11-23,0.0,21.28,15.81
2006-11-24,0.0,21.62,16.01
2006-11-25,0.01,22.73,12.78
2006-11-26,0.44,22.27,10.77
2006-11-27,0.0,20.42,16.04
2006-11-28,0.0,18.02,17.22
2006-11-29,0.0,17.19,17.15
2006-11-30,0.0,17.21,16.75
2006-12-01,0.0,17.3,16.47
2006-12-02,0.0,17.09,16.9
2006-12-03,0.0,17.31,16.98
2006-12-04,0.0,18.61,16.8
2006-12-05,0.0,19.44,16.82
2006-12-06,0.0,19.99,16.85
2006-12-07,0.0,20.05,16.77
2006-12-08,0.0,20.47,16.21
2006-12-09,0.0,20.1,15.63
2006-12-10,0.0,20.28,15.07
2006-12-11,0.0,19.92,15.79
2006-12-12,0.71,19.45,13.1
2006-12-13,0.0,19.24,13.85
2006-12-14,0.0,17.55,15.8
2006-12-15,0.0,18.36,16.13
2006-12-16,0.0,19.82,16.1
2006-12-17,0.0,20.17,14.27
2006-12-18,0.2,20.35,13.06
2006-12-19,0.01,21.18,13.46
2006-12-20,0.0,21.55,14.65
2006-12-21,0.0,21.18,15.16
2006-12-22,0.0,20.89,15.31
2006-12-23,0.0,20.48,15.15
2006-12-24,0.0,19.43,15.74
2006-12-25,0.0,18.3,16.14
2006-12-26,0.0,18.06,15.69
2006-12-27,0.0,18.46,15.31
2006-12-28,0.0,17.97,13.19
2006-12-29,0.0,17.66,14.44
2006-12-30,0.0,17.68,13.1
2006-12-31,0.0,17.25,13.42
2007-01-01,0.0,17.09,15.82
2007-01-02,0.0,16.57,15.24
2007-01-03,0.0,15.41,14.2
2007-01-04,0.0,14.76,14.48
2007-01-05,0.0,15.8,14.06
2007-01-06,0.0,17.04,11.09
2007-01-07,0.0,17.52,8.96
2007-01-08,0.0,17.02,12.15
2007-01-09,0.0,17.18,13.31
2007-01-10,0.0,17.46,16.57
2007-01-11,0.0,16.85,16.84
2007-01-12,0.0,16.83,17.21
2007-01-13,0.0,17.0,14.61
2007-01-14,0.0,16.28,11.34
2007-01-15,0.0,14.75,13.57
2007-01-16,0.0,15.84,15.7
2007-01-17,0.0,16.84,14.39
2007-01-18,0.0,16.58,17.86
2007-01-19,0.0,15.93,17.18
2007-01-20,0.0,16.77,14.71
2007-01-21,0.0,16.77,15.09
2007-01-22,0.0,18.0,16.32
2007-01-23,0.0,17.18,17.41
2007-01-24,0.0,17.34,18.17
2007-01-25,0.0,18.71,18.37
2007-01-26,0.0,20.09,18.19
2007-01-27,0.0,20.82,17.96
2007-01-28,0.0,21.52,16.42
2007-01-29,0.0,21.84,16.06
2007-01-30,0.0,20.99,12.54
2007-01-31,0.0,21.33,12.13
2007-02-01,0.54,21.83,12.96
2007-02-02,0.0,21.11,13.04
2007-02-03,0.01,21.98,15.12
2007-02-04,12.79,21.1,10.01
2007-02-05,10.85,20.23,8.7
2007-02-06,0.6,20.43,12.53
2007-02-07,5.19,19.94,16.69
2007-02-08,1.18,20.83,11.79
2007-02-09,0.13,21.54,18.26
2007-02-10,0.0,21.77,19.09
2007-02-11,0.0,22.87,19.77
2007-02-12,0.07,21.66,14.38
2007-02-13,1.95,21.18,12.02
2007-02-14,12.8,19.05,5.49
2007-02-15,0.0,18.47,17.56
2007-02-16,0.01,18.32,20.97
2007-02-17,0.0,18.88,16.81
2007-02-18,0.0,19.63,20.05
2007-02-19,0.0,19.39,21.14
2007-02-20,0.0,19.47,21.67
2007-02-21,0.0,20.0,21.89
2007-02-22,0.0,20.94,21.99
2007-02-23,0.0,21.69,21.69
2007-02-24,0.0,23.15,22.01
2007-02-25,0.0,23.18,20.9
2007-02-26,0.3,23.0,18.83
2007-02-27,0.07,22.3,20.99
2007-02-28,0.0,22.93,22.36
2007-03-01,1.68,23.81,16.48
2007-03-02,3.39,22.08,5.95
2007-03-03,0.1,22.12,21.48
2007-03-04,0.0,21.9,23.45
2007-03-05,0.0,22.08,23.15
2007-03-06,0.0,22.11,23.15
2007-03-07,0.0,22.06,24.38
2007-03-08,0.0,21.88,23.39
2007-03-09,0.0,21.86,24.0
2007-03-10,0.0,23.03,22.42
2007-03-11,0.0,24.65,22.37
2007-03-12,0.0,26.28,21.95
2007-03-13,0.33,25.81,21.64
2007-03-14,0.0,26.13,19.25
2007-03-15,0.02,25.98,22.65
2007-03-16,0.0,23.94,25.33
2007-03-17,0.0,24.16,25.33
2007-03-18,0.0,23.84,24.62
2007-03-19,0.0,25.09,22.92
2007-03-20,0.0,26.1,21.55
2007-03-21,0.0,26.39,17.34
2007-03-22,1.38,26.99,12.46
2007-03-23,0.33,27.61,17.3
2007-03-24,1.02,27.95,16.72
2007-03-25,0.61,28.23,21.47
2007-03-26,0.0,28.02,24.43
2007-03-27,0.0,26.89,24.98
2007-03-28,0.32,27.36,25.53
2007-03-29,0.0,28.96,23.63
2007-03-30,0.0,29.3,23.08
2007-03-31,0.0,28.49,23.53
2007-04-01,0.0,29.22,24.05
2007-04-02,0.0,29.88,20.3
2007-04-03,2.4,30.05,19.54
2007-04-04,3.71,29.91,18.14
2007-04-05,3.2,29.27,20.65
2007-04-06,1.81,29.48,22.33
2007-04-07,1.0,29.93,21.26
2007-04-08,2.58,29.24,19.27
2007-04-09,2.13,29.93,16.87
2007-04-10,76.99,27.41,21.6
2007-04-11,49.07,26.01,4.36
2007-04-12,14.39,25.93,5.97
2007-04-13,0.85,25.45,22.87
2007-04-14,0.0,26.26,22.6
2007-04-15,0.0,27.75,24.77
2007-04-16,0.21,28.06,21.9
2007-04-17,0.44,28.5,23.24
2007-04-18,1.33,29.85,23.84
2007-04-19,2.44,29.79,18.25
2007-04-20,2.58,28.96,22.41
2007-04-21,12.03,28.28,20.89
2007-04-22,52.33,27.21,14.36
2007-04-23,33.61,27.77,16.67
2007-04-24,28.91,27.41,18.23
2007-04-25,11.91,27.2,19.28
2007-04-26,10.74,27.66,13.84
2007-04-27,13.62,27.08,11.83
2007-04-28,0.74,25.92,24.15
2007-04-29,0.0,27.26,24.39
2007-04-30,0.0,27.66,27.43
2007-05-01,0.0,28.49,26.64
2007-05-02,0.0,29.65,26.15
2007-05-03,0.0,29.4,21.22
2007-05-04,0.0,30.22,25.04
2007-05-05,0.0,31.28,24.76
2007-05-06,0.18,31.3,21.61
2007-05-07,0.21,30.21,23.98
2007-05-08,0.91,29.77,22.47
2007-05-09,14.55,28.86,19.05
2007-05-10,18.43,29.56,23.77
2007-05-11,7.41,29.55,22.12
2007-05-12,13.48,28.54,20.4
2007-05-13,0.65,27.68,24.1
2007-05-14,10.06,25.99,7.58
2007-05-15,18.51,25.7,10.62
2007-05-16,8.6,27.9,19.24
2007-05-17,12.83,26.23,21.57
2007-05-18,19.72,27.42,21.29
2007-05-19,13.66,27.73,20.68
2007-05-20,42.22,27.41,16.35
2007-05-21,12.64,27.53,15.02
2007-05-22,4.04,27.77,15.23
2007-05-23,4.82,27.99,18.17
2007-05-24,9.91,27.51,14.77
2007-05-25,21.7,27.11,19.5
2007-05-26,10.2,26.7,22.34
2007-05-27,10.32,27.28,18.04
2007-05-28,18.3,27.87,23.22
2007-05-29,2.35,29.02,23.35
2007-05-30,0.11,28.62,22.65
2007-05-31,0.84,28.66,22.76
2007-06-01,2.26,28.63,19.75
2007-06-02,3.38,28.13,20.58
2007-06-03,6.67,28.11,10.73
2007-06-04,7.04,28.78,10.75
2007-06-05,8.68,27.67,10.21
2007-06-06,6.78,27.64,14.53
2007-06-07,28.22,27.96,17.83
2007-06-08,87.02,27.93,8.83
2007-06-09,16.12,27.42,8.48
2007-06-10,74.71,26.84,2.24
2007-06-11,85.3,27.66,3.8
2007-06-12,16.57,28.16,10.85
2007-06-13,2.01,27.53,13.93
2007-06-14,0.23,27.88,18.73
2007-06-15,16.48,27.12,14.34
2007-06-16,78.04,27.33,3.63
2007-06-17,31.53,27.42,9.38
2007-06-18,26.62,27.49,18.24
2007-06-19,2.02,28.58,18.42
2007-06-20,1.97,29.57,14.1
2007-06-21,6.55,27.99,23.01
2007-06-22,9.53,28.28,21.94
2007-06-23,7.04,28.31,23.78
2007-06-24,2.49,28.32,18.33
2007-06-25,9.32,27.79,19.69
2007-06-26,6.16,28.74,25.82
2007-06-27,1.18,29.71,22.47
2007-06-28,5.38,28.39,18.04
2007-06-29,0.55,27.74,12.91
2007-06-30,21.12,27.33,18.92
2007-07-01,18.89,28.48,18.55
2007-07-02,11.38,29.66,18.09
2007-07-03,5.44,28.79,19.77
2007-07-04,2.95,28.24,12.29
2007-07-05,9.25,28.83,12.55
2007-07-06,3.76,28.34,12.83
2007-07-07,7.92,27.71,19.16
2007-07-08,4.67,27.67,16.59
2007-07-09,4.45,28.42,15.51
2007-07-10,1.65,28.37,15.02
2007-07-11,0.21,28.69,18.98
2007-07-12,1.98,29.68,21.0
2007-07-13,4.55,28.86,19.86
2007-07-14,7.48,28.77,21.66
2007-07-15,17.35,28.74,17.4
2007-07-16,21.75,28.34,12.9
2007-07-17,33.82,27.95,11.9
2007-07-18,42.99,28.23,11.31
2007-07-19,66.57,28.5,6.68
2007-07-20,36.94,27.68,6.26
2007-07-21,58.71,26.79,5.83
2007-07-22,43.11,26.82,9.21
2007-07-23,33.71,27.26,14.09
2007-07-24,39.56,26.95,11.87
2007-07-25,32.89,26.44,7.9
2007-07-26,107.46,26.55,4.63
2007-07-27,51.79,26.12,10.2
2007-07-28,11.46,26.13,19.3
2007-07-29,10.21,26.66,15.35
2007-07-30,4.79,27.87,18.29
2007-07-31,13.79,27.6,13.97
2007-08-01,43.19,27.49,10.34
2007-08-02,7.85,27.87,16.52
2007-08-03,0.64,28.19,21.34
2007-08-04,0.89,29.18,25.56
2007-08-05,3.78,30.2,25.94
2007-08-06,2.19,28.84,20.68
2007-08-07,4.82,28.28,19.18
2007-08-08,2.79,28.5,21.09
2007-08-09,0.38,30.13,23.32
2007-08-10,0.31,30.71,17.74
2007-08-11,3.02,30.16,16.65
2007-08-12,5.16,27.67,11.75
2007-08-13,13.83,27.5,10.41
2007-08-14,22.51,27.69,9.32
2007-08-15,25.61,28.35,7.71
2007-08-16,7.62,28.23,12.6
2007-08-17,6.41,27.82,16.52
2007-08-18,8.73,27.55,18.87
2007-08-19,3.64,27.24,21.8
2007-08-20,2.15,27.22,23.41
2007-08-21,3.37,28.79,19.07
2007-08-22,1.6,27.5,17.86
2007-08-23,0.99,28.54,16.19
2007-08-24,9.41,27.2,15.67
2007-08-25,25.83,27.67,11.49
2007-08-26,17.15,27.34,12.5
2007-08-27,14.68,27.39,14.89
2007-08-28,1.53,28.05,17.2
2007-08-29,2.08,26.97,16.25
2007-08-30,2.88,28.46,15.89
2007-08-31,3.72,28.78,17.87
2007-09-01,4.6,28.4,19.77
2007-09-02,6.03,28.16,17.11
2007-09-03,4.28,28.0,12.74
2007-09-04,5.47,27.36,10.98
2007-09-05,14.79,26.96,12.13
2007-09-06,34.99,26.4,5.78
2007-09-07,40.64,26.86,6.65
2007-09-08,47.35,26.86,2.46
2007-09-09,15.41,27.51,5.74
2007-09-10,4.63,27.68,11.82
2007-09-11,7.71,28.11,13.08
2007-09-12,5.18,27.5,16.35
2007-09-13,0.73,28.45,17.23
2007-09-14,2.59,27.37,17.93
2007-09-15,3.18,27.67,19.72
2007-09-16,2.11,27.76,15.95
2007-09-17,0.95,28.38,15.56
2007-09-18,1.26,28.13,15.8
2007-09-19,0.4,28.77,19.4
2007-09-20,0.66,28.02,23.08
2007-09-21,0.0,27.16,15.75
2007-09-22,0.4,25.68,11.44
2007-09-23,1.25,25.77,9.1
2007-09-24,1.7,25.26,12.84
2007-09-25,0.25,25.98,14.71
2007-09-26,0.02,27.61,19.81
2007-09-27,0.1,28.03,17.63
2007-09-28,0.16,27.67,18.61
2007-09-29,2.68,26.9,16.33
2007-09-30,16.03,27.4,12.3
2007-10-01,3.1,27.36,16.93
2007-10-02,2.51,28.33,20.38
2007-10-03,3.02,27.23,21.17
2007-10-04,0.0,28.02,20.61
2007-10-05,0.0,28.59,20.39
2007-10-06,3.31,27.9,18.6
2007-10-07,21.4,27.5,13.92
2007-10-08,75.21,26.36,9.71
2007-10-09,42.47,26.42,12.69
2007-10-10,1.84,26.12,13.46
2007-10-11,1.61,26.5,16.16
2007-10-12,0.02,27.23,17.05
2007-10-13,0.31,27.09,14.79
2007-10-14,1.16,25.26,11.97
2007-10-15,13.16,24.73,5.68
2007-10-16,51.41,24.59,8.98
2007-10-17,5.22,25.53,13.13
2007-10-18,9.08,25.35,11.11
2007-10-19,3.85,25.1,16.98
2007-10-20,0.4,25.22,14.27
2007-10-21,0.01,23.02,19.48
2007-10-22,0.0,22.97,20.76
2007-10-23,0.0,22.45,21.17
2007-10-24,0.0,22.67,21.26
2007-10-25,0.0,22.76,21.35
2007-10-26,0.0,22.65,21.35
2007-10-27,0.0,22.79,21.02
2007-10-28,0.0,22.86,20.98
2007-10-29,0.0,23.05,20.5
2007-10-30,0.0,23.76,19.51
2007-10-31,0.2,23.56,9.76
2007-11-01,0.26,24.35,13.21
2007-11-02,0.17,23.76,10.19
2007-11-03,0.08,24.05,16.59
2007-11-04,0.0,23.77,17.72
2007-11-05,0.0,24.03,17.61
2007-11-06,0.0,24.07,17.56
2007-11-07,0.0,24.19,17.56
2007-11-08,0.0,23.92,18.03
2007-11-09,0.06,23.92,17.74
2007-11-10,0.04,23.3,13.91
2007-11-11,0.0,23.36,17.49
2007-11-12,0.0,22.75,18.56
2007-11-13,0.01,21.99,18.37
2007-11-14,3.06,21.91,7.52
2007-11-15,64.05,20.67,4.15
2007-11-16,12.54,22.5,8.14
2007-11-17,0.12,22.96,15.2
2007-11-18,0.0,22.1,15.44
2007-11-19,0.0,21.77,18.02
2007-11-20,0.0,22.0,17.82
2007-11-21,0.0,21.74,17.59
2007-11-22,0.0,21.79,17.21
2007-11-23,0.0,22.02,17.35
2007-11-24,0.0,21.94,18.0
2007-11-25,0.0,21.4,17.85
2007-11-26,0.0,21.52,17.49
2007-11-27,0.0,21.41,16.54
2007-11-28,0.0,21.09,16.42
2007-11-29,0.0,21.27,15.92
2007-11-30,0.0,21.58,15.2
2007-12-01,0.0,21.71,14.4
2007-12-02,0.0,20.6,14.53
2007-12-03,0.0,19.99,12.76
2007-12-04,0.0,19.48,14.72
2007-12-05,0.0,18.68,16.12
2007-12-06,0.0,18.24,16.66
2007-12-07,0.0,19.19,15.74
2007-12-08,0.0,20.04,16.36
2007-12-09,0.0,18.05,16.41
2007-12-10,0.0,17.81,16.94
2007-12-11,0.0,17.78,16.81
2007-12-12,0.0,17.3,16.59
2007-12-13,0.0,17.73,16.21
2007-12-14,0.0,18.67,14.81
2007-12-15,0.0,18.13,6.99
2007-12-16,0.0,17.21,14.52
2007-12-17,0.0,16.11,9.07
2007-12-18,0.0,16.72,16.84
2007-12-19,0.0,17.0,17.07
2007-12-20,0.0,15.5,16.87
2007-12-21,0.0,14.72,15.53
2007-12-22,0.0,15.1,13.44
2007-12-23,0.0,15.93,14.99
2007-12-24,0.0,16.56,15.03
2007-12-25,0.0,17.61,15.45
2007-12-26,0.0,17.65,14.56
2007-12-27,0.0,17.66,15.36
2007-12-28,0.0,16.84,15.75
2007-12-29,0.0,17.13,14.46
2007-12-30,0.0,16.6,14.72
2007-12-31,0.0,16.12,16.22
2008-01-01,0.0,16.64,17.06
2008-01-02,0.0,17.55,15.56
2008-01-03,0.0,19.0,16.56
2008-01-04,0.0,17.76,16.83
2008-01-05,0.0,17.06,17.18
2008-01-06,0.0,17.19,17.39
2008-01-07,0.0,18.46,17.13
2008-01-08,0.0,18.92,17.05
2008-01-09,0.0,18.68,17.31
2008-01-10,0.0,18.08,17.11
2008-01-11,0.0,19.36,15.5
2008-01-12,0.0,19.22,15.12
2008-01-13,0.0,17.69,15.71
2008-01-14,0.0,16.81,15.68
2008-01-15,0.0,16.25,16.59
2008-01-16,0.0,16.61,16.42
2008-01-17,0.0,17.61,15.96
2008-01-18,0.0,18.86,16.17
2008-01-19,0.0,18.34,15.73
2008-01-20,0.26,18.76,14.69
2008-01-21,13.17,19.08,9.93
2008-01-22,0.0,16.75,15.07
2008-01-23,0.25,16.01,14.73
2008-01-24,2.68,17.76,8.25
2008-01-25,1.7,16.08,3.86
2008-01-26,14.4,16.37,4.9
2008-01-27,3.9,17.05,5.49
2008-01-28,0.04,15.97,16.17
2008-01-29,0.07,15.21,17.05
2008-01-30,0.2,15.94,12.09
2008-01-31,2.13,16.54,11.14
2008-02-01,0.0,16.19,14.58
2008-02-02,0.0,14.32,18.18
2008-02-03,0.0,14.42,18.98
2008-02-04,0.0,16.37,18.63
2008-02-05,0.0,18.0,18.66
2008-02-06,0.0,19.57,17.45
2008-02-07,0.0,19.85,15.81
2008-02-08,0.05,20.64,13.06
2008-02-09,0.94,20.36,4.75
2008-02-10,2.31,19.03,7.56
2008-02-11,0.0,16.54,18.81
2008-02-12,0.0,15.87,19.85
2008-02-13,0.0,15.95,20.36
2008-02-14,0.0,15.98,20.81
2008-02-15,0.0,15.82,20.56
2008-02-16,0.0,17.48,18.73
2008-02-17,0.0,18.67,18.26
2008-02-18,0.0,19.41,16.85
2008-02-19,9.66,20.0,16.82
2008-02-20,1.8,19.1,14.0
2008-02-21,0.0,19.71,20.65
2008-02-22,0.0,20.44,21.74
2008-02-23,0.0,21.17,22.34
2008-02-24,0.0,22.25,21.31
2008-02-25,0.03,21.54,11.74
2008-02-26,0.13,22.21,16.15
2008-02-27,0.0,21.05,20.34
2008-02-28,0.0,21.34,21.33
2008-02-29,0.0,22.24,21.02
2008-03-01,0.0,22.86,21.65
2008-03-02,0.0,22.67,19.04
2008-03-03,0.53,23.88,19.47
2008-03-04,10.31,23.4,20.67
2008-03-05,8.26,23.3,17.67
2008-03-06,0.0,23.63,19.0
2008-03-07,0.03,24.57,16.85
2008-03-08,0.0,25.41,19.04
2008-03-09,0.0,25.29,18.45
2008-03-10,0.0,25.18,17.17
2008-03-11,0.0,24.14,15.76
2008-03-12,0.0,23.95,19.01
2008-03-13,0.0,25.8,17.8
2008-03-14,0.0,24.69,12.09
2008-03-15,0.0,26.76,18.61
2008-03-16,0.05,26.66,14.46
2008-03-17,0.18,26.98,22.27
2008-03-18,0.6,26.83,22.46
2008-03-19,1.72,26.8,21.63
2008-03-20,1.04,27.21,13.21
2008-03-21,1.68,28.22,18.94
2008-03-22,4.25,28.09,18.23
2008-03-23,11.7,27.0,12.03
2008-03-24,1.26,26.83,8.15
2008-03-25,0.33,28.37,23.35
2008-03-26,0.26,28.31,20.91
2008-03-27,0.95,28.83,16.94
2008-03-28,4.21,28.81,20.16
2008-03-29,0.32,28.66,19.67
2008-03-30,1.2,28.28,19.81
2008-03-31,1.83,27.83,19.31
2008-04-01,2.5,27.37,16.62
2008-04-02,0.0,27.51,23.67
2008-04-03,14.36,26.97,20.01
2008-04-04,10.53,25.92,11.85
2008-04-05,0.06,26.29,23.94
2008-04-06,0.06,27.45,25.17
2008-04-07,0.0,26.86,26.51
2008-04-08,0.0,26.68,27.08
2008-04-09,0.0,26.71,22.1
2008-04-10,0.0,28.49,20.47
2008-04-11,0.0,29.63,17.79
2008-04-12,0.0,30.16,24.58
2008-04-13,2.32,29.85,22.23
2008-04-14,9.27,28.48,22.7
2008-04-15,1.45,29.76,20.55
2008-04-16,0.32,29.72,20.6
2008-04-17,2.9,30.44,21.51
2008-04-18,2.17,30.64,20.0
2008-04-19,1.04,31.34,21.39
2008-04-20,0.0,31.3,23.67
2008-04-21,0.0,30.97,25.0
2008-04-22,0.0,30.73,26.29
2008-04-23,0.0,31.76,24.87
2008-04-24,0.0,31.84,25.08
2008-04-25,0.0,31.55,25.53
2008-04-26,0.0,31.47,25.88
2008-04-27,0.03,31.69,17.88
2008-04-28,0.08,32.09,20.5
2008-04-29,0.02,31.65,20.5
2008-04-30,0.08,32.52,23.2
2008-05-01,0.13,31.93,24.18
2008-05-02,3.58,31.31,23.81
2008-05-03,1.13,32.36,24.51
2008-05-04,1.46,32.29,16.79
2008-05-05,18.27,30.17,20.47
2008-05-06,24.33,29.36,23.25
2008-05-07,4.52,28.77,22.01
2008-05-08,7.04,28.95,22.01
2008-05-09,7.85,29.22,25.18
2008-05-10,0.55,30.66,20.15
2008-05-11,0.24,31.76,25.05
2008-05-12,0.0,30.76,22.93
2008-05-13,0.02,31.37,23.66
2008-05-14,0.0,31.99,18.31
2008-05-15,0.44,32.29,21.56
2008-05-16,2.18,31.63,21.14
2008-05-17,3.15,31.49,10.24
2008-05-18,8.43,30.49,17.62
2008-05-19,7.96,29.29,22.44
2008-05-20,1.75,30.59,19.52
2008-05-21,0.46,30.6,22.71
2008-05-22,11.33,30.8,21.23
2008-05-23,13.48,28.77,15.73
2008-05-24,2.99,29.87,22.05
2008-05-25,10.22,28.24,19.09
2008-05-26,26.62,27.72,14.09
2008-05-27,25.96,27.24,14.46
2008-05-28,4.97,28.25,14.36
2008-05-29,6.69,29.1,21.84
2008-05-30,6.11,28.63,21.11
2008-05-31,5.97,28.88,21.2
2008-06-01,14.45,28.37,19.25
2008-06-02,16.61,27.72,12.8
2008-06-03,19.54,28.06,13.49
2008-06-04,5.69,28.2,15.45
2008-06-05,22.27,27.73,12.64
2008-06-06,2.9,28.14,15.85
2008-06-07,4.67,26.66,18.17
2008-06-08,2.68,27.32,13.78
2008-06-09,8.41,26.97,13.21
2008-06-10,5.34,28.28,16.74
2008-06-11,0.42,28.5,17.46
2008-06-12,0.34,29.34,17.37
2008-06-13,0.94,29.55,18.47
2008-06-14,1.32,29.06,18.59
2008-06-15,21.07,30.42,21.12
2008-06-16,6.54,28.4,17.87
2008-06-17,32.2,27.7,6.14
2008-06-18,9.77,27.57,11.5
2008-06-19,8.76,27.34,9.88
2008-06-20,5.07,27.0,8.81
2008-06-21,3.54,28.07,14.9
2008-06-22,1.26,28.58,17.57
2008-06-23,2.93,28.29,15.54
2008-06-24,1.05,29.16,20.4
2008-06-25,0.96,28.31,22.83
2008-06-26,0.74,28.38,16.96
2008-06-27,3.29,28.35,16.92
2008-06-28,19.58,28.29,17.18
2008-06-29,19.57,27.55,14.6
2008-06-30,11.05,27.46,10.29
2008-07-01,12.23,28.03,10.25
2008-07-02,15.87,28.64,13.98
2008-07-03,11.91,28.33,10.01
2008-07-04,26.26,27.44,13.47
2008-07-05,19.48,27.41,8.01
2008-07-06,6.96,27.7,16.57
2008-07-07,7.49,27.31,18.96
2008-07-08,15.18,27.26,18.19
2008-07-09,21.66,27.53,18.12
2008-07-10,21.22,27.3,18.18
2008-07-11,9.52,27.14,8.75
2008-07-12,10.52,27.93,20.39
2008-07-13,11.03,27.51,13.78
2008-07-14,44.08,27.81,7.51
2008-07-15,32.8,27.97,12.5
2008-07-16,5.12,28.12,12.11
2008-07-17,1.01,28.64,17.58
2008-07-18,1.56,28.72,13.13
2008-07-19,1.51,27.52,13.88
2008-07-20,3.84,27.61,13.88
2008-07-21,4.19,28.03,13.36
2008-07-22,1.35,27.88,17.62
2008-07-23,1.38,27.64,16.15
2008-07-24,0.13,29.17,18.23
2008-07-25,0.53,28.36,20.7
2008-07-26,9.04,28.75,18.26
2008-07-27,12.98,28.09,20.65
2008-07-28,3.81,28.06,20.17
2008-07-29,0.18,28.04,20.9
2008-07-30,0.75,28.02,21.91
2008-07-31,0.53,28.09,23.14
2008-08-01,0.18,27.57,20.6
2008-08-02,0.9,27.3,17.24
2008-08-03,8.84,27.13,16.13
2008-08-04,4.31,28.19,18.17
2008-08-05,13.1,27.48,10.68
2008-08-06,5.48,27.67,18.15
2008-08-07,3.8,28.13,19.62
2008-08-08,10.44,29.87,17.25
2008-08-09,9.74,28.87,19.32
2008-08-10,15.4,27.7,16.81
2008-08-11,28.52,27.26,8.41
2008-08-12,13.44,27.28,12.06
2008-08-13,9.74,27.71,16.87
2008-08-14,6.49,27.84,18.38
2008-08-15,9.28,27.13,15.9
2008-08-16,16.23,27.34,16.34
2008-08-17,6.54,27.61,10.25
2008-08-18,11.79,27.87,10.02
2008-08-19,13.53,28.14,17.61
2008-08-20,1.24,27.85,19.73
2008-08-21,1.53,27.67,17.98
2008-08-22,1.5,28.2,20.06
2008-08-23,1.56,28.53,19.08
2008-08-24,4.4,27.76,18.98
2008-08-25,1.09,27.97,16.15
2008-08-26,1.24,26.99,18.24
2008-08-27,10.73,27.67,12.42
2008-08-28,42.45,27.43,7.7
2008-08-29,20.38,27.44,7.9
2008-08-30,4.4,27.34,11.72
2008-08-31,0.41,27.58,18.41
2008-09-01,1.77,27.75,20.04
2008-09-02,3.77,26.96,17.59
2008-09-03,4.38,27.51,16.6
2008-09-04,3.82,26.65,15.76
2008-09-05,2.14,26.91,9.86
2008-09-06,0.1,27.24,20.57
2008-09-07,1.34,27.97,16.91
2008-09-08,6.57,27.12,17.45
2008-09-09,1.58,27.2,19.6
2008-09-10,3.35,28.49,21.8
2008-09-11,5.36,27.45,20.48
2008-09-12,1.33,28.07,23.2
2008-09-13,4.24,27.11,19.99
2008-09-14,2.6,27.33,20.62
2008-09-15,6.02,27.53,21.04
2008-09-16,7.1,26.95,13.98
2008-09-17,5.01,26.77,17.94
2008-09-18,11.34,27.5,15.37
2008-09-19,13.28,27.26,21.53
2008-09-20,6.27,28.41,13.95
2008-09-21,12.13,27.31,19.79
2008-09-22,11.59,26.23,17.23
2008-09-23,3.83,26.42,19.31
2008-09-24,4.63,27.89,20.99
2008-09-25,1.38,28.49,20.13
2008-09-26,5.03,27.87,16.89
2008-09-27,3.7,27.16,13.76
2008-09-28,3.29,26.96,9.65
2008-09-29,0.4,27.26,14.9
2008-09-30,0.0,27.7,16.28
2008-10-01,0.57,28.51,19.97
2008-10-02,3.97,26.67,10.81
2008-10-03,3.15,26.83,11.65
2008-10-04,5.4,26.78,13.97
2008-10-05,9.34,26.18,13.13
2008-10-06,12.09,25.51,10.69
2008-10-07,4.77,25.54,12.98
2008-10-08,7.22,25.83,15.59
2008-10-09,10.91,25.86,11.64
2008-10-10,3.03,26.84,17.99
2008-10-11,0.0,27.16,20.45
2008-10-12,0.0,26.88,20.78
2008-10-13,0.0,27.29,20.16
2008-10-14,0.0,27.71,20.56
2008-10-15,0.0,27.13,21.47
2008-10-16,0.0,26.86,21.7
2008-10-17,0.0,26.87,21.82
2008-10-18,0.0,26.88,21.33
2008-10-19,0.0,26.41,21.05
2008-10-20,0.0,26.48,20.92
2008-10-21,0.01,26.39,19.99
2008-10-22,0.04,26.41,17.42
2008-10-23,0.34,26.68,16.27
2008-10-24,2.38,25.59,5.45
2008-10-25,33.51,23.8,5.23
2008-10-26,64.08,20.87,5.0
2008-10-27,24.97,23.14,7.81
2008-10-28,0.14,22.55,17.57
2008-10-29,0.0,23.58,17.85
2008-10-30,0.0,24.43,17.9
2008-10-31,0.0,24.42,19.23
2008-11-01,0.0,24.65,19.55
2008-11-02,0.0,25.3,19.64
2008-11-03,0.01,25.38,19.9
2008-11-04,0.0,24.09,13.84
2008-11-05,0.09,24.03,13.64
2008-11-06,0.01,23.36,18.06
2008-11-07,0.0,22.17,19.25
2008-11-08,0.0,21.26,19.61
2008-11-09,0.0,21.99,19.57
2008-11-10,0.0,23.13,19.27
2008-11-11,0.0,23.63,19.12
2008-11-12,0.0,22.64,18.77
2008-11-13,0.0,22.11,17.04
2008-11-14,0.0,22.03,15.12
2008-11-15,0.0,21.71,16.74
2008-11-16,0.0,22.24,17.3
2008-11-17,0.0,21.25,17.46
2008-11-18,0.0,20.94,17.85
2008-11-19,0.0,21.02,18.08
2008-11-20,0.0,21.22,17.64
2008-11-21,0.0,22.27,16.93
2008-11-22,0.0,21.68,16.67
2008-11-23,0.0,21.1,17.16
2008-11-24,0.0,21.12,17.72
2008-11-25,0.0,21.12,17.7
2008-11-26,0.06,21.31,17.56
2008-11-27,0.0,21.33,17.63
2008-11-28,0.0,22.09,17.48
2008-11-29,0.0,21.87,17.01
2008-11-30,0.0,22.65,16.37
2008-12-01,0.0,22.79,15.4
2008-12-02,0.0,21.98,14.38
2008-12-03,0.0,21.9,15.58
2008-12-04,0.0,21.72,15.57
2008-12-05,0.0,22.19,16.12
2008-12-06,0.0,22.57,14.73
2008-12-07,0.0,22.6,15.39
2008-12-08,0.0,22.08,15.28
2008-12-09,0.08,22.37,10.36
2008-12-10,0.04,22.83,14.2
2008-12-11,0.0,22.42,14.83
2008-12-12,0.0,21.76,13.35
2008-12-13,0.0,20.7,14.33
2008-12-14,0.0,19.66,15.49
2008-12-15,0.0,19.69,11.93
2008-12-16,0.0,18.86,12.8
2008-12-17,0.0,18.81,13.59
2008-12-18,0.0,19.3,14.19
2008-12-19,0.0,19.37,12.19
2008-12-20,0.0,20.11,11.7
2008-12-21,0.0,19.98,8.54
2008-12-22,0.0,19.98,10.59
2008-12-23,0.0,19.87,14.15
2008-12-24,0.0,19.82,12.27
2008-12-25,0.0,19.6,13.39
2008-12-26,0.0,19.24,14.05
2008-12-27,0.0,18.39,13.46
2008-12-28,0.0,18.79,13.11
2008-12-29,0.0,18.95,15.43
2008-12-30,0.0,18.71,16.15
2008-12-31,3.32,18.72,16.31
2009-01-01,0.0,18.42,16.93
2009-01-02,0.0,17.87,16.66
2009-01-03,0.0,16.89,17.01
2009-01-04,0.0,17.39,15.58
2009-01-05,0.0,18.2,16.3
2009-01-06,0.0,18.43,14.86
2009-01-07,0.0,18.49,15.64
2009-01-08,0.0,20.04,14.59
2009-01-09,0.0,20.34,14.59
2009-01-10,0.0,19.62,15.92
2009-01-11,0.0,19.65,16.02
2009-01-12,0.0,19.32,15.97
2009-01-13,0.0,18.54,16.4
2009-01-14,0.0,18.9,14.6
2009-01-15,0.0,19.47,14.93
2009-01-16,0.0,19.3,17.01
2009-01-17,0.0,19.52,17.17
2009-01-18,0.0,19.96,17.38
2009-01-19,0.0,19.71,17.26
2009-01-20,0.0,19.79,14.51
2009-01-21,0.0,19.57,14.86
2009-01-22,0.0,18.84,14.85
2009-01-23,0.0,19.19,13.82
2009-01-24,0.0,20.26,13.25
2009-01-25,0.0,20.32,13.15
2009-01-26,0.0,20.84,8.6
2009-01-27,0.0,21.64,13.63
2009-01-28,0.0,21.71,14.73
2009-01-29,0.0,20.57,16.92
2009-01-30,0.0,19.8,18.66
2009-01-31,0.0,20.18,18.98
2009-02-01,0.46,19.79,18.26
2009-02-02,0.0,18.75,18.79
2009-02-03,0.0,19.29,19.25
2009-02-04,0.0,20.05,19.37
2009-02-05,0.0,20.63,19.46
2009-02-06,0.0,21.57,19.68
2009-02-07,1.06,21.57,19.89
2009-02-08,0.0,21.44,19.9
2009-02-09,1.7,21.44,19.78
2009-02-10,0.0,22.38,19.87
2009-02-11,0.0,22.95,19.36
2009-02-12,0.34,22.51,13.53
2009-02-13,0.0,22.09,18.6
2009-02-14,0.0,21.41,19.82
2009-02-15,0.0,22.21,20.94
2009-02-16,0.0,21.76,20.79
2009-02-17,0.0,22.19,21.37
2009-02-18,0.0,22.61,21.57
2009-02-19,0.0,22.4,21.33
2009-02-20,0.0,22.54,21.59
2009-02-21,0.0,22.73,21.72
2009-02-22,0.0,22.04,21.5
2009-02-23,0.0,22.77,21.07
2009-02-24,0.0,23.27,18.37
2009-02-25,1.58,25.43,15.22
2009-02-26,1.64,25.6,17.81
2009-02-27,0.0,25.4,18.45
2009-02-28,0.03,25.39,18.39
2009-03-01,0.0,23.85,21.41
2009-03-02,0.0,22.77,22.84
2009-03-03,0.0,23.57,20.58
2009-03-04,0.02,25.06,17.21
2009-03-05,0.6,25.44,19.55
2009-03-06,5.83,26.48,19.79
2009-03-07,0.0,26.24,20.71
2009-03-08,0.0,26.66,21.59
2009-03-09,0.0,28.19,21.55
2009-03-10,0.0,28.04,10.99
2009-03-11,0.0,27.98,17.09
2009-03-12,0.0,26.65,19.55
2009-03-13,0.0,25.16,21.04
2009-03-14,0.0,25.23,18.91
2009-03-15,0.0,26.48,12.61
2009-03-16,0.0,25.39,10.19
2009-03-17,0.0,27.8,16.69
2009-03-18,0.0,28.03,17.18
2009-03-19,0.0,28.19,16.93
2009-03-20,0.0,28.11,19.5
2009-03-21,0.0,28.75,19.67
2009-03-22,0.01,28.53,17.03
2009-03-23,0.0,28.91,20.31
2009-03-24,0.0,29.16,22.92
2009-03-25,0.0,29.44,21.27
2009-03-26,0.0,29.42,17.19
2009-03-27,3.04,27.45,16.94
2009-03-28,0.44,26.91,21.02
2009-03-29,5.95,27.95,21.54
2009-03-30,6.14,27.12,21.45
2009-03-31,7.0,27.76,7.14
2009-04-01,9.69,27.18,22.73
2009-04-02,6.39,27.93,20.96
2009-04-03,8.85,27.77,21.87
2009-04-04,9.71,28.33,24.02
2009-04-05,0.06,29.97,20.93
2009-04-06,1.05,29.66,20.23
2009-04-07,0.06,30.12,21.64
2009-04-08,0.37,30.88,22.39
2009-04-09,1.43,30.51,21.15
2009-04-10,0.08,30.54,26.13
2009-04-11,1.48,30.68,22.91
2009-04-12,0.0,30.73,23.28
2009-04-13,0.0,31.15,24.37
2009-04-14,0.0,31.81,24.56
2009-04-15,0.0,31.58,23.6
2009-04-16,0.73,30.42,19.22
2009-04-17,6.71,27.8,5.92
2009-04-18,0.68,30.33,18.91
2009-04-19,1.72,31.45,19.19
2009-04-20,3.75,30.56,19.17
2009-04-21,14.53,29.6,17.06
2009-04-22,2.32,31.01,17.38
2009-04-23,1.49,31.61,19.89
2009-04-24,0.47,31.61,22.64
2009-04-25,0.0,31.24,25.06
2009-04-26,0.0,32.05,25.17
2009-04-27,0.0,31.8,23.98
2009-04-28,0.0,31.09,22.78
2009-04-29,0.0,30.88,20.81
2009-04-30,2.38,30.34,19.56
2009-05-01,12.52,29.38,19.86
2009-05-02,15.97,27.34,8.7
2009-05-03,15.15,28.02,18.52
2009-05-04,4.48,28.16,24.99
2009-05-05,2.69,29.53,23.42
2009-05-06,8.0,29.14,23.02
2009-05-07,0.63,30.2,21.71
2009-05-08,0.04,31.08,23.34
2009-05-09,1.09,30.74,23.91
2009-05-10,7.45,29.78,22.65
2009-05-11,11.04,29.71,23.01
2009-05-12,0.54,29.84,22.29
2009-05-13,2.08,29.09,18.81
2009-05-14,12.41,27.8,15.65
2009-05-15,0.34,29.56,21.33
2009-05-16,8.11,29.3,18.44
2009-05-17,6.92,29.6,16.88
2009-05-18,48.83,28.51,9.32
2009-05-19,7.79,28.93,20.48
2009-05-20,2.02,30.03,24.56
2009-05-21,0.08,31.62,24.45
2009-05-22,0.03,32.22,25.82
2009-05-23,0.8,32.15,25.91
2009-05-24,16.91,29.21,19.54
2009-05-25,27.73,27.58,8.94
2009-05-26,35.48,28.69,9.23
2009-05-27,10.25,29.25,17.62
2009-05-28,0.01,29.08,22.19
2009-05-29,9.18,29.06,22.1
2009-05-30,21.76,28.85,21.22
2009-05-31,9.81,27.83,13.0
2009-06-01,7.82,27.78,18.77
2009-06-02,12.96,28.79,13.01
2009-06-03,3.88,29.3,18.07
2009-06-04,8.53,29.42,23.63
2009-06-05,29.06,28.39,22.41
2009-06-06,16.81,28.23,21.91
2009-06-07,11.88,27.19,19.07
2009-06-08,18.36,27.83,15.38
2009-06-09,18.21,28.64,17.58
2009-06-10,4.71,28.53,21.67
2009-06-11,3.0,28.44,20.89
2009-06-12,7.25,28.57,19.39
2009-06-13,25.23,27.85,21.72
2009-06-14,11.63,27.75,17.02
2009-06-15,7.04,27.95,16.8
2009-06-16,4.24,28.63,19.85
2009-06-17,0.05,29.21,22.11
2009-06-18,0.27,28.27,21.62
2009-06-19,2.08,29.33,17.64
2009-06-20,11.5,28.65,16.5
2009-06-21,7.28,28.59,20.66
2009-06-22,0.52,28.64,21.73
2009-06-23,1.53,29.31,21.15
2009-06-24,11.63,28.86,19.64
2009-06-25,9.48,28.49,18.54
2009-06-26,0.81,28.04,16.09
2009-06-27,11.6,29.03,18.51
2009-06-28,17.01,28.4,12.48
2009-06-29,35.74,28.2,8.87
2009-06-30,64.75,28.34,12.24
2009-07-01,45.05,28.13,5.49
2009-07-02,34.8,27.7,10.2
2009-07-03,26.46,27.47,11.4
2009-07-04,8.72,27.63,19.32
2009-07-05,2.17,27.25,21.1
2009-07-06,3.94,28.34,19.58
2009-07-07,5.0,28.21,14.61
2009-07-08,2.25,28.01,18.31
2009-07-09,2.9,27.91,15.23
2009-07-10,2.49,27.88,18.28
2009-07-11,1.43,28.53,15.7
2009-07-12,1.17,28.99,20.55
2009-07-13,4.55,29.4,20.14
2009-07-14,5.06,28.65,19.02
2009-07-15,2.09,28.82,19.5
2009-07-16,8.43,28.78,16.39
2009-07-17,0.44,29.05,22.87
2009-07-18,12.92,28.42,18.02
2009-07-19,13.03,29.14,23.83
2009-07-20,0.32,29.51,24.98
2009-07-21,4.27,28.06,18.27
2009-07-22,10.72,28.35,17.34
2009-07-23,2.59,28.67,19.8
2009-07-24,1.5,28.79,20.06
2009-07-25,4.33,29.18,21.85
2009-07-26,10.19,29.25,21.8
2009-07-27,79.17,28.24,11.59
2009-07-28,101.3,28.29,6.45
2009-07-29,27.04,28.45,8.74
2009-07-30,17.41,28.02,10.75
2009-07-31,12.02,28.62,9.22
2009-08-01,1.07,29.29,17.9
2009-08-02,3.04,30.41,18.35
2009-08-03,6.12,29.5,16.45
2009-08-04,13.22,28.94,19.2
2009-08-05,12.92,29.73,10.93
2009-08-06,50.96,29.82,14.72
2009-08-07,22.14,30.23,16.28
2009-08-08,12.69,28.84,19.98
2009-08-09,5.29,29.25,19.64
2009-08-10,2.11,29.25,19.53
2009-08-11,1.75,28.48,16.92
2009-08-12,1.54,28.32,13.65
2009-08-13,6.64,28.11,15.39
2009-08-14,8.38,27.45,15.15
2009-08-15,8.28,27.28,8.93
2009-08-16,8.87,27.59,15.87
2009-08-17,4.4,27.61,15.52
2009-08-18,35.78,27.66,14.81
2009-08-19,21.99,27.53,14.12
2009-08-20,30.52,26.78,8.45
2009-08-21,7.66,26.48,8.17
2009-08-22,6.97,27.34,17.52
2009-08-23,5.52,27.2,15.61
2009-08-24,11.51,28.6,18.91
2009-08-25,5.69,27.83,18.99
2009-08-26,13.15,27.46,17.89
2009-08-27,7.55,26.67,9.9
2009-08-28,3.97,27.69,22.58
2009-08-29,0.1,29.04,20.64
2009-08-30,15.14,28.76,16.99
2009-08-31,14.89,29.65,18.58
2009-09-01,6.06,29.31,21.91
2009-09-02,2.84,29.13,22.71
2009-09-03,7.87,28.0,22.84
2009-09-04,7.93,27.41,17.98
2009-09-05,9.01,27.34,16.74
2009-09-06,8.11,27.59,20.49
2009-09-07,5.0,28.43,20.37
2009-09-08,4.97,27.72,13.74
2009-09-09,5.45,26.67,14.03
2009-09-10,5.5,26.49,16.86
2009-09-11,4.72,27.89,22.06
2009-09-12,0.0,28.87,23.03
2009-09-13,0.08,29.33,20.66
2009-09-14,4.22,27.83,10.16
2009-09-15,9.79,28.14,8.81
2009-09-16,8.66,27.82,11.98
2009-09-17,28.2,26.94,13.79
2009-09-18,8.11,27.4,12.35
2009-09-19,8.29,27.22,17.48
2009-09-20,3.5,26.89,15.29
2009-09-21,14.97,26.88,16.51
2009-09-22,16.23,26.4,14.54
2009-09-23,7.06,26.11,14.75
2009-09-24,5.51,27.2,15.0
2009-09-25,6.36,27.24,21.34
2009-09-26,0.01,28.08,20.92
2009-09-27,0.0,28.22,13.77
2009-09-28,1.2,27.44,18.23
2009-09-29,3.88,29.03,20.14
2009-09-30,1.18,27.52,21.77
2009-10-01,0.0,28.57,18.16
2009-10-02,4.36,28.71,19.22
2009-10-03,12.27,27.55,13.65
2009-10-04,14.98,26.43,16.9
2009-10-05,30.27,26.4,15.92
2009-10-06,12.6,26.99,10.94
2009-10-07,12.07,26.92,13.57
2009-10-08,18.47,26.82,9.41
2009-10-09,9.51,26.35,5.17
2009-10-10,3.22,26.19,13.87
2009-10-11,0.24,27.04,18.16
2009-10-12,0.0,26.61,20.1
2009-10-13,0.0,26.41,20.67
2009-10-14,0.0,26.66,20.24
2009-10-15,0.93,27.02,12.28
2009-10-16,2.78,26.94,13.61
2009-10-17,10.21,26.79,15.97
2009-10-18,3.38,26.51,14.13
2009-10-19,1.3,25.99,17.57
2009-10-20,0.0,23.91,20.73
2009-10-21,0.0,23.32,21.2
2009-10-22,0.0,24.2,20.79
2009-10-23,0.0,24.07,19.74
2009-10-24,0.0,24.14,20.04
2009-10-25,0.0,23.46,20.35
2009-10-26,0.0,23.48,20.19
2009-10-27,0.0,23.25,20.39
2009-10-28,0.0,23.17,20.14
2009-10-29,0.0,23.77,20.23
2009-10-30,0.0,23.55,19.97
2009-10-31,0.0,23.47,20.21
2009-11-01,0.0,23.27,20.08
2009-11-02,0.0,23.19,18.37
2009-11-03,0.0,23.63,14.7
2009-11-04,0.0,22.75,14.61
2009-11-05,0.0,24.75,11.43
2009-11-06,0.0,25.07,18.03
2009-11-07,0.0,24.63,17.86
2009-11-08,0.0,23.73,18.66
2009-11-09,0.0,23.31,18.92
2009-11-10,0.0,22.62,15.42
2009-11-11,0.0,22.8,16.71
2009-11-12,0.0,22.86,17.25
2009-11-13,0.0,23.03,16.84
2009-11-14,0.0,24.33,14.88
2009-11-15,0.22,24.87,12.38
2009-11-16,18.91,25.09,13.51
2009-11-17,15.2,22.92,11.25
2009-11-18,0.38,21.88,5.07
2009-11-19,0.24,22.39,14.51
2009-11-20,0.0,20.67,16.83
2009-11-21,0.0,19.24,17.66
2009-11-22,0.0,19.73,17.43
2009-11-23,0.0,20.47,17.07
2009-11-24,0.0,20.87,15.82
2009-11-25,0.0,20.38,16.97
2009-11-26,0.0,20.89,16.65
2009-11-27,0.0,20.53,17.11
2009-11-28,0.0,20.44,17.34
2009-11-29,0.0,20.8,17.17
2009-11-30,0.0,21.17,17.01
2009-12-01,0.0,21.77,16.43
2009-12-02,0.0,20.88,15.67
2009-12-03,0.0,20.4,15.61
2009-12-04,0.0,21.16,15.49
2009-12-05,0.0,20.96,15.28
2009-12-06,0.0,20.34,15.15
2009-12-07,0.0,19.44,14.14
2009-12-08,0.0,18.47,14.6
2009-12-09,0.0,18.28,14.08
2009-12-10,0.0,18.22,11.92
2009-12-11,0.0,17.53,10.21
2009-12-12,0.0,17.78,12.7
2009-12-13,0.0,19.01,13.68
2009-12-14,0.0,19.41,16.34
2009-12-15,0.0,19.17,15.82
2009-12-16,0.0,19.8,15.72
2009-12-17,0.0,20.42,14.17
2009-12-18,0.0,20.1,15.44
2009-12-19,9.92,20.38,13.22
2009-12-20,0.15,18.92,14.62
2009-12-21,0.0,17.55,16.39
2009-12-22,0.0,17.29,16.86
2009-12-23,0.0,17.53,16.52
2009-12-24,0.0,16.94,15.93
2009-12-25,0.01,15.73,14.52
2009-12-26,0.0,16.09,15.47
2009-12-27,0.0,16.15,15.89
2009-12-28,0.0,16.37,16.46
2009-12-29,0.0,15.94,16.68
2009-12-30,0.0,17.03,16.32
2009-12-31,0.01,16.54,14.98
2010-01-01,0.0,15.52,15.75
2010-01-02,0.0,16.3,14.4
2010-01-03,0.0,17.55,15.83
2010-01-04,0.0,16.13,12.84
2010-01-05,0.0,16.49,14.32
2010-01-06,0.0,16.48,13.49
2010-01-07,0.0,18.12,13.59
2010-01-08,0.0,18.94,17.41
2010-01-09,0.0,17.51,17.48
2010-01-10,0.0,17.09,17.14
2010-01-11,0.0,16.26,15.87
2010-01-12,0.0,15.85,13.93
2010-01-13,0.0,16.72,11.7
2010-01-14,0.0,18.37,11.41
2010-01-15,0.0,18.04,17.11
2010-01-16,0.0,18.27,14.3
2010-01-17,0.0,19.73,7.64
2010-01-18,0.0,19.21,9.86
2010-01-19,0.08,18.41,6.96
2010-01-20,0.0,18.59,15.93
2010-01-21,0.0,18.36,16.3
2010-01-22,0.0,19.09,18.11
2010-01-23,0.0,19.16,18.34
2010-01-24,0.0,19.29,18.98
2010-01-25,0.0,19.95,18.45
2010-01-26,0.0,20.22,18.75
2010-01-27,0.0,19.14,18.8
2010-01-28,0.0,18.49,18.17
2010-01-29,0.0,18.67,19.36
2010-01-30,0.0,18.56,19.27
2010-01-31,0.0,18.12,18.99
2010-02-01,0.0,18.38,18.55
2010-02-02,0.0,18.79,19.44
2010-02-03,0.0,18.67,19.01
2010-02-04,0.0,17.97,18.87
2010-02-05,0.0,18.46,19.85
2010-02-06,0.0,17.7,20.12
2010-02-07,0.0,18.48,20.33
2010-02-08,0.0,21.23,19.65
2010-02-09,0.0,20.39,15.5
2010-02-10,0.0,21.14,13.63
2010-02-11,0.0,22.26,17.38
2010-02-12,0.0,21.47,19.95
2010-02-13,0.0,21.69,18.29
2010-02-14,0.0,22.28,19.09
2010-02-15,0.0,22.97,17.35
2010-02-16,0.03,22.49,15.49
2010-02-17,0.08,23.37,10.91
2010-02-18,0.0,22.58,17.37
2010-02-19,0.0,20.86,19.21
2010-02-20,0.0,20.87,20.42
2010-02-21,0.0,20.92,20.01
2010-02-22,0.0,21.43,20.49
2010-02-23,0.07,22.37,17.93
2010-02-24,0.31,23.82,17.81
2010-02-25,10.29,23.37,14.68
2010-02-26,0.0,24.16,18.32
2010-02-27,0.0,23.24,20.84
2010-02-28,0.0,24.21,18.35
2010-03-01,0.0,24.77,19.45
2010-03-02,0.0,25.41,21.18
2010-03-03,0.0,25.58,20.73
2010-03-04,0.0,26.16,18.22
2010-03-05,0.0,27.16,18.79
2010-03-06,0.0,27.27,15.49
2010-03-07,0.0,27.48,19.43
2010-03-08,0.0,27.22,18.6
2010-03-09,0.0,26.47,22.54
2010-03-10,0.0,25.51,23.52
2010-03-11,0.0,25.2,23.69
2010-03-12,0.0,25.73,22.6
2010-03-13,0.0,26.13,21.64
2010-03-14,0.05,27.08,22.11
2010-03-15,12.52,26.61,20.67
2010-03-16,0.24,27.33,21.87
2010-03-17,0.0,28.06,21.89
2010-03-18,0.0,28.59,19.52
2010-03-19,0.0,28.63,21.8
2010-03-20,0.0,29.26,22.02
2010-03-21,0.0,29.73,22.98
2010-03-22,0.0,29.23,22.22
2010-03-23,0.45,29.34,21.15
2010-03-24,0.28,29.71,18.98
2010-03-25,0.0,29.54,19.23
2010-03-26,0.0,29.18,18.36
2010-03-27,0.06,28.84,17.03
2010-03-28,7.6,28.58,16.98
2010-03-29,17.55,28.36,17.26
2010-03-30,12.43,28.35,16.74
2010-03-31,12.4,28.87,13.92
2010-04-01,2.39,30.03,18.25
2010-04-02,5.19,29.51,17.55
2010-04-03,7.22,29.34,19.14
2010-04-04,0.18,29.82,19.42
2010-04-05,0.54,30.33,18.17
2010-04-06,0.5,30.77,21.22
2010-04-07,0.45,31.43,22.8
2010-04-08,0.0,31.51,23.19
2010-04-09,0.0,31.02,22.63
2010-04-10,0.89,31.31,20.71
2010-04-11,1.76,30.8,19.43
2010-04-12,0.02,30.95,20.73
2010-04-13,1.3,29.96,20.0
2010-04-14,4.31,29.28,20.42
2010-04-15,5.27,28.51,21.94
2010-04-16,2.08,31.08,23.49
2010-04-17,13.68,29.54,19.75
2010-04-18,15.62,28.04,11.94
2010-04-19,5.52,29.97,15.81
2010-04-20,3.67,30.89,16.6
2010-04-21,4.55,31.0,18.37
2010-04-22,2.21,30.95,19.16
2010-04-23,1.63,30.82,20.23
2010-04-24,5.17,30.35,19.45
2010-04-25,9.58,29.34,19.18
2010-04-26,10.45,29.15,19.71
2010-04-27,2.43,27.02,21.12
2010-04-28,7.32,29.07,16.22
2010-04-29,23.74,27.5,12.32
2010-04-30,21.72,27.27,18.84
2010-05-01,3.16,28.37,20.03
2010-05-02,15.19,27.96,13.04
2010-05-03,10.13,26.95,22.71
2010-05-04,0.31,28.03,18.33
2010-05-05,2.82,28.42,19.04
2010-05-06,4.98,27.63,19.06
2010-05-07,3.5,28.16,20.63
2010-05-08,0.71,28.66,19.46
2010-05-09,9.1,30.37,16.88
2010-05-10,18.76,30.69,17.32
2010-05-11,1.82,30.96,20.44
2010-05-12,3.36,30.42,18.32
2010-05-13,4.39,30.11,20.29
2010-05-14,7.21,29.74,20.13
2010-05-15,5.2,29.57,23.46
2010-05-16,2.24,30.23,18.61
2010-05-17,4.94,30.77,24.92
2010-05-18,3.68,31.32,21.11
2010-05-19,5.85,30.61,18.44
2010-05-20,64.08,28.53,16.1
2010-05-21,36.93,27.44,8.15
2010-05-22,8.89,27.08,10.86
2010-05-23,3.19,27.12,19.79
2010-05-24,1.96,26.05,7.53
2010-05-25,24.76,28.36,20.68
2010-05-26,47.16,28.11,14.66
2010-05-27,7.05,28.35,21.73
2010-05-28,67.42,26.26,12.82
2010-05-29,5.58,27.72,10.39
2010-05-30,15.24,27.8,12.25
2010-05-31,18.6,27.84,4.04
2010-06-01,13.82,28.27,14.49
2010-06-02,18.8,28.86,18.73
2010-06-03,34.98,28.11,9.78
2010-06-04,42.39,27.76,8.65
2010-06-05,35.88,26.96,8.85
2010-06-06,22.76,27.67,13.18
2010-06-07,3.14,28.43,16.43
2010-06-08,2.88,28.76,17.76
2010-06-09,1.72,28.07,21.62
2010-06-10,2.22,28.15,16.86
2010-06-11,5.62,28.23,20.69
2010-06-12,20.42,27.34,11.98
2010-06-13,34.85,27.27,12.88
2010-06-14,7.42,27.54,10.22
2010-06-15,5.71,28.23,14.48
2010-06-16,8.54,28.9,14.51
2010-06-17,25.97,28.61,15.36
2010-06-18,11.3,27.31,11.54
2010-06-19,4.18,28.43,15.01
2010-06-20,8.76,28.52,13.69
2010-06-21,5.11,28.58,12.74
2010-06-22,2.4,28.58,14.28
2010-06-23,0.5,28.27,19.93
2010-06-24,1.03,28.59,17.48
2010-06-25,9.49,28.06,12.17
2010-06-26,25.82,27.65,5.96
2010-06-27,22.83,28.36,16.25
2010-06-28,15.55,28.06,14.39
2010-06-29,51.83,28.59,5.82
2010-06-30,23.63,28.32,17.95
2010-07-01,4.94,27.89,20.85
2010-07-02,6.11,27.8,18.08
2010-07-03,5.53,28.5,18.44
2010-07-04,3.78,28.74,21.66
2010-07-05,7.12,27.55,15.23
2010-07-06,5.37,27.86,20.4
2010-07-07,8.27,27.98,16.61
2010-07-08,2.54,27.94,20.94
2010-07-09,3.94,28.4,17.46
2010-07-10,4.08,28.59,18.32
2010-07-11,7.18,28.65,16.09
2010-07-12,2.23,27.95,11.69
2010-07-13,5.15,28.33,15.82
2010-07-14,0.86,28.41,22.24
2010-07-15,1.4,28.67,17.61
2010-07-16,0.37,28.18,19.36
2010-07-17,1.33,29.16,19.74
2010-07-18,2.22,28.97,18.06
2010-07-19,10.5,28.18,18.35
2010-07-20,3.7,27.83,11.06
2010-07-21,4.4,28.28,16.28
2010-07-22,2.68,28.36,16.63
2010-07-23,5.1,28.7,20.01
2010-07-24,1.75,29.17,21.29
2010-07-25,5.27,28.45,18.83
2010-07-26,4.98,27.92,19.92
2010-07-27,3.48,28.63,23.77
2010-07-28,4.16,29.34,20.89
2010-07-29,11.65,27.36,16.31
2010-07-30,24.51,27.44,17.42
2010-07-31,16.19,26.96,14.57
2010-08-01,6.55,27.43,19.58
2010-08-02,3.73,27.54,22.54
2010-08-03,2.95,27.86,17.24
2010-08-04,5.3,28.31,16.53
2010-08-05,9.41,28.17,19.56
2010-08-06,1.04,28.25,18.65
2010-08-07,0.31,28.44,20.83
2010-08-08,8.58,28.91,20.92
2010-08-09,0.86,29.87,18.4
2010-08-10,7.5,29.24,19.89
2010-08-11,20.82,28.09,13.82
2010-08-12,44.82,28.25,17.4
2010-08-13,17.45,27.49,14.15
2010-08-14,12.27,27.55,16.74
2010-08-15,2.77,27.76,16.93
2010-08-16,6.3,27.96,16.05
2010-08-17,4.84,28.21,16.07
2010-08-18,4.62,28.15,18.89
2010-08-19,7.13,27.9,14.59
2010-08-20,21.66,27.93,16.85
2010-08-21,3.13,28.33,17.89
2010-08-22,5.17,27.85,16.91
2010-08-23,1.05,29.02,17.85
2010-08-24,3.22,27.66,17.45
2010-08-25,10.42,28.7,18.89
2010-08-26,13.33,27.81,14.18
2010-08-27,5.55,27.16,15.17
2010-08-28,13.62,27.63,17.78
2010-08-29,8.53,28.01,21.15
2010-08-30,16.6,28.18,20.39
2010-08-31,1.46,27.69,19.56
2010-09-01,0.41,28.41,19.58
2010-09-02,0.53,27.42,22.4
2010-09-03,6.82,27.65,11.96
2010-09-04,6.13,27.56,19.22
2010-09-05,1.1,28.51,17.09
2010-09-06,4.32,28.39,19.28
2010-09-07,5.32,27.93,18.7
2010-09-08,1.72,28.31,18.8
2010-09-09,2.41,27.85,18.28
2010-09-10,4.74,27.67,13.94
2010-09-11,3.82,27.89,17.66
2010-09-12,1.9,27.93,15.77
2010-09-13,7.54,26.57,12.26
2010-09-14,15.9,26.83,14.34
2010-09-15,4.25,26.82,16.46
2010-09-16,6.05,26.74,18.09
2010-09-17,9.83,26.69,15.3
2010-09-18,5.4,26.21,18.57
2010-09-19,5.21,25.98,16.26
2010-09-20,3.4,26.42,15.73
2010-09-21,5.45,27.04,7.86
2010-09-22,1.24,27.95,16.74
2010-09-23,1.43,28.16,18.2
2010-09-24,12.35,26.89,17.64
2010-09-25,15.31,26.55,15.55
2010-09-26,11.12,26.38,6.16
2010-09-27,24.18,27.34,14.46
2010-09-28,17.03,28.27,6.99
2010-09-29,2.04,27.85,20.49
2010-09-30,0.17,27.8,18.78
2010-10-01,0.86,27.96,21.5
2010-10-02,0.11,28.81,21.95
2010-10-03,0.0,28.81,22.27
2010-10-04,0.0,27.79,21.0
2010-10-05,10.49,26.82,14.8
2010-10-06,17.18,25.71,7.81
2010-10-07,29.52,24.41,4.04
2010-10-08,124.14,25.38,2.11
2010-10-09,33.35,26.65,9.59
2010-10-10,0.04,26.1,17.45
2010-10-11,0.01,25.9,19.7
2010-10-12,0.0,25.56,14.52
2010-10-13,0.09,26.83,18.81
2010-10-14,4.24,26.55,16.92
2010-10-15,5.21,27.22,19.47
2010-10-16,1.51,26.81,18.73
2010-10-17,0.51,27.04,19.45
2010-10-18,0.44,26.96,18.09
2010-10-19,0.28,28.37,19.39
2010-10-20,0.31,27.63,19.62
2010-10-21,4.74,27.1,18.0
2010-10-22,3.1,26.88,13.38
2010-10-23,2.05,26.1,15.45
2010-10-24,2.83,26.12,15.58
2010-10-25,3.36,26.2,16.38
2010-10-26,0.22,26.12,15.9
2010-10-27,0.0,24.93,10.73
2010-10-28,0.0,23.68,18.52
2010-10-29,0.0,23.25,19.69
2010-10-30,0.0,24.18,19.28
2010-10-31,0.07,25.19,17.86
2010-11-01,0.61,24.6,15.34
2010-11-02,0.47,23.73,12.7
2010-11-03,0.14,24.76,17.34
2010-11-04,0.0,24.47,18.54
2010-11-05,0.0,25.26,18.82
2010-11-06,0.0,25.5,18.59
2010-11-07,0.0,25.41,16.24
2010-11-08,0.0,24.77,19.06
2010-11-09,0.0,23.66,19.03
2010-11-10,0.0,23.99,18.31
2010-11-11,0.0,23.9,16.44
2010-11-12,0.0,23.93,16.09
2010-11-13,0.0,23.53,16.6
2010-11-14,0.0,23.59,17.82
2010-11-15,0.0,23.72,18.02
2010-11-16,0.0,23.63,17.59
2010-11-17,0.0,22.98,16.81
2010-11-18,0.0,22.8,17.04
2010-11-19,0.01,23.76,12.68
2010-11-20,5.59,23.44,11.9
2010-11-21,1.33,22.43,11.42
2010-11-22,0.0,20.54,17.31
2010-11-23,0.0,21.14,17.18
2010-11-24,0.0,21.86,17.18
2010-11-25,0.0,22.48,16.93
2010-11-26,0.0,22.96,14.89
2010-11-27,0.0,23.17,12.21
2010-11-28,0.0,23.07,14.01
2010-11-29,0.0,22.39,14.83
2010-11-30,0.0,20.94,15.81
2010-12-01,0.0,18.73,17.02
2010-12-02,0.0,19.65,16.97
2010-12-03,0.0,20.45,16.95
2010-12-04,10.15,20.89,15.86
2010-12-05,0.0,20.72,12.3
2010-12-06,0.02,20.5,8.81
2010-12-07,0.16,21.17,10.15
2010-12-08,0.5,21.12,10.64
2010-12-09,46.89,20.99,3.74
2010-12-10,3.18,22.63,8.63
2010-12-11,0.02,21.07,15.3
2010-12-12,0.0,18.75,14.56
2010-12-13,0.0,17.64,15.11
2010-12-14,0.0,17.52,14.29
2010-12-15,0.0,16.61,14.6
2010-12-16,0.0,17.67,16.22
2010-12-17,0.0,18.36,16.85
2010-12-18,0.0,18.08,16.72
2010-12-19,0.0,17.2,16.69
2010-12-20,0.0,16.85,17.11
2010-12-21,0.0,16.67,16.97
2010-12-22,0.0,17.6,16.53
2010-12-23,0.0,17.36,16.46
2010-12-24,0.0,17.39,16.68
2010-12-25,0.0,16.06,16.55
2010-12-26,0.0,16.63,16.12
2010-12-27,0.0,17.67,16.91
2010-12-28,0.0,17.34,15.66
2010-12-29,0.0,17.04,16.91
2010-12-30,0.0,18.04,16.73
2010-12-31,0.0,18.04,15.75
2011-01-01,0.01,18.19,15.01
2011-01-02,0.0,17.21,12.5
2011-01-03,0.0,16.05,15.0
2011-01-04,0.0,16.43,13.87
2011-01-05,0.0,17.31,12.83
2011-01-06,0.0,17.52,15.35
2011-01-07,0.0,17.96,16.68
2011-01-08,0.0,17.68,14.61
2011-01-09,0.0,18.41,13.27
2011-01-10,0.0,16.47,15.1
2011-01-11,0.0,14.46,13.14
2011-01-12,0.0,14.16,13.01
2011-01-13,0.0,13.99,13.27
2011-01-14,0.0,15.11,12.76
2011-01-15,0.0,16.36,16.25
2011-01-16,0.14,16.69,9.66
2011-01-17,0.1,16.13,10.47
2011-01-18,0.0,14.23,14.95
2011-01-19,0.0,14.67,15.68
2011-01-20,0.0,15.42,16.67
2011-01-21,0.0,15.12,16.5
2011-01-22,0.0,15.96,17.31
2011-01-23,0.0,16.08,17.02
2011-01-24,0.0,16.52,16.88
2011-01-25,0.0,18.43,17.26
2011-01-26,0.0,18.82,17.94
2011-01-27,0.0,19.82,14.38
2011-01-28,0.0,18.41,16.47
2011-01-29,0.0,17.26,18.49
2011-01-30,0.0,18.19,17.03
2011-01-31,0.0,19.68,15.02
2011-02-01,0.0,19.55,15.84
2011-02-02,0.0,18.49,17.65
2011-02-03,0.0,19.9,18.81
2011-02-04,0.0,21.03,19.51
2011-02-05,0.0,20.92,19.85
2011-02-06,0.0,21.36,19.5
2011-02-07,0.0,21.91,19.11
2011-02-08,0.0,21.64,17.36
2011-02-09,0.0,21.37,17.79
2011-02-10,0.0,21.27,20.33
2011-02-11,0.0,20.38,20.55
2011-02-12,0.0,19.95,20.19
2011-02-13,0.0,20.86,19.03
2011-02-14,0.0,21.08,17.76
2011-02-15,0.0,22.42,16.75
2011-02-16,0.02,23.26,17.38
2011-02-17,1.81,22.28,16.62
2011-02-18,0.1,22.03,15.9
2011-02-19,0.0,22.48,17.81
2011-02-20,0.0,22.14,13.68
2011-02-21,0.0,21.46,7.06
2011-02-22,0.0,21.17,20.57
2011-02-23,0.0,21.51,22.31
2011-02-24,0.0,21.84,22.29
2011-02-25,0.0,21.85,22.45
2011-02-26,0.0,23.48,21.55
2011-02-27,0.0,23.27,21.6
2011-02-28,0.0,21.91,21.74
2011-03-01,0.0,21.76,23.3
2011-03-02,0.0,23.46,23.33
2011-03-03,0.0,24.05,21.95
2011-03-04,0.0,25.26,21.75
2011-03-05,0.0,26.15,21.12
2011-03-06,0.0,26.13,21.28
2011-03-07,0.0,24.21,24.09
2011-03-08,0.0,25.18,23.42
2011-03-09,0.0,25.54,23.54
2011-03-10,0.12,26.26,18.43
2011-03-11,0.01,26.85,12.45
2011-03-12,0.09,26.84,18.64
2011-03-13,0.0,26.85,22.34
2011-03-14,0.0,25.79,20.16
2011-03-15,0.0,26.17,19.63
2011-03-16,0.07,25.63,20.94
2011-03-17,0.22,25.47,21.98
2011-03-18,0.83,25.46,16.51
2011-03-19,1.19,26.97,14.2
2011-03-20,0.01,27.51,16.61
2011-03-21,1.59,28.19,18.93
2011-03-22,1.01,27.89,16.61
2011-03-23,0.02,28.0,21.75
2011-03-24,1.06,28.51,21.46
2011-03-25,0.7,28.66,19.76
2011-03-26,4.49,28.21,16.34
2011-03-27,0.55,26.25,17.74
2011-03-28,0.53,26.82,18.35
2011-03-29,1.52,26.3,16.8
2011-03-30,13.67,25.93,10.95
2011-03-31,25.29,25.83,11.95
2011-04-01,1.6,26.88,21.47
2011-04-02,8.33,26.56,22.11
2011-04-03,6.21,27.22,21.69
2011-04-04,0.07,28.46,19.65
2011-04-05,2.77,27.62,16.86
2011-04-06,0.0,28.78,24.36
2011-04-07,0.0,29.75,25.29
2011-04-08,0.0,28.75,23.24
2011-04-09,0.0,29.67,21.9
2011-04-10,0.0,27.63,15.87
2011-04-11,0.0,29.17,21.03
2011-04-12,0.0,30.21,24.49
2011-04-13,0.02,30.24,23.1
2011-04-14,1.14,30.24,19.99
2011-04-15,1.56,29.35,22.97
2011-04-16,1.6,30.06,24.18
2011-04-17,2.96,30.51,23.47
2011-04-18,0.12,30.43,21.92
2011-04-19,4.76,28.4,21.24
2011-04-20,12.88,28.55,22.15
2011-04-21,4.94,28.14,22.55
2011-04-22,1.79,28.94,19.55
2011-04-23,0.08,28.2,16.21
2011-04-24,0.14,29.38,19.65
2011-04-25,2.68,27.67,17.08
2011-04-26,2.46,28.36,18.23
2011-04-27,4.89,26.65,16.38
2011-04-28,3.04,28.15,14.54
2011-04-29,6.74,28.0,23.14
2011-04-30,0.7,29.05,22.66
2011-05-01,6.52,28.95,22.21
2011-05-02,7.15,29.05,22.44
2011-05-03,3.83,29.1,20.24
2011-05-04,8.5,28.36,14.08
2011-05-05,20.71,27.33,17.67
2011-05-06,7.95,28.79,20.46
2011-05-07,8.63,29.13,22.68
2011-05-08,4.94,29.58,20.45
2011-05-09,1.92,30.94,25.28
2011-05-10,12.84,29.72,25.0
2011-05-11,23.31,28.63,16.91
2011-05-12,4.1,29.81,20.81
2011-05-13,5.51,29.74,20.19
2011-05-14,20.81,28.93,21.2
2011-05-15,3.83,29.09,21.75
2011-05-16,3.63,30.02,20.96
2011-05-17,0.78,29.71,17.75
2011-05-18,13.35,29.14,16.39
2011-05-19,29.06,28.67,13.75
2011-05-20,3.01,28.3,20.64
2011-05-21,33.6,27.96,13.44
2011-05-22,14.72,28.0,13.28
2011-05-23,12.11,28.75,10.06
2011-05-24,26.13,28.58,17.58
2011-05-25,10.71,28.74,15.81
2011-05-26,3.72,28.07,23.55
2011-05-27,2.4,27.54,17.0
2011-05-28,3.06,28.52,22.48
2011-05-29,18.97,27.26,18.18
2011-05-30,16.78,27.29,13.8
2011-05-31,22.13,27.52,14.13
2011-06-01,13.76,26.85,21.45
2011-06-02,7.85,27.06,11.99
2011-06-03,9.4,28.0,22.0
2011-06-04,3.1,27.92,18.93
2011-06-05,2.05,28.42,21.32
2011-06-06,0.75,28.9,23.98
2011-06-07,18.22,27.82,20.07
2011-06-08,35.82,26.91,12.57
2011-06-09,15.33,28.39,8.05
2011-06-10,0.38,28.46,12.7
2011-06-11,3.63,27.91,10.27
2011-06-12,4.54,28.12,21.81
2011-06-13,2.59,29.29,20.5
2011-06-14,2.77,27.21,16.15
2011-06-15,13.12,28.05,21.16
2011-06-16,6.87,27.65,11.5
2011-06-17,24.9,27.55,9.63
2011-06-18,2.73,27.73,12.31
2011-06-19,0.9,28.36,19.8
2011-06-20,4.94,28.77,19.92
2011-06-21,0.16,28.61,19.64
2011-06-22,1.19,28.5,14.66
2011-06-23,3.78,28.54,18.0
2011-06-24,10.38,29.13,9.75
2011-06-25,4.94,29.02,14.42
2011-06-26,8.65,27.98,15.04
2011-06-27,13.78,27.65,13.7
2011-06-28,16.79,27.5,12.32
2011-06-29,13.54,27.8,8.87
2011-06-30,40.53,27.79,8.6
2011-07-01,28.37,28.19,5.75
2011-07-02,32.78,27.75,10.75
2011-07-03,1.57,27.57,11.12
2011-07-04,5.43,27.05,15.52
2011-07-05,3.97,27.67,20.55
2011-07-06,3.03,27.56,20.35
2011-07-07,10.71,27.61,15.3
2011-07-08,16.7,27.82,18.93
2011-07-09,7.43,28.26,18.18
2011-07-10,1.68,28.77,22.46
2011-07-11,0.7,29.05,18.91
2011-07-12,3.79,28.43,15.34
2011-07-13,3.06,28.49,17.45
2011-07-14,3.62,28.09,18.69
2011-07-15,10.04,27.87,16.98
2011-07-16,1.9,27.95,15.13
2011-07-17,0.8,28.08,18.79
2011-07-18,5.12,27.69,11.81
2011-07-19,20.82,28.1,15.27
2011-07-20,9.59,28.15,12.69
2011-07-21,20.0,27.94,11.87
2011-07-22,7.79,27.52,13.33
2011-07-23,1.5,26.76,19.03
2011-07-24,1.48,28.25,18.51
2011-07-25,5.15,27.97,17.51
2011-07-26,6.35,28.34,16.11
2011-07-27,0.51,28.21,20.58
2011-07-28,1.77,28.78,20.46
2011-07-29,2.23,28.63,19.84
2011-07-30,9.06,28.89,21.19
2011-07-31,7.49,29.72,21.17
2011-08-01,0.22,30.73,18.16
2011-08-02,6.26,30.37,11.03
2011-08-03,10.14,28.82,14.71
2011-08-04,11.3,28.33,12.87
2011-08-05,20.08,27.65,10.95
2011-08-06,25.02,28.02,18.49
2011-08-07,11.21,27.83,11.51
2011-08-08,23.3,27.41,8.85
2011-08-09,47.54,26.99,7.68
2011-08-10,26.21,27.18,7.8
2011-08-11,2.45,27.81,16.98
2011-08-12,3.23,27.29,21.28
2011-08-13,10.14,27.17,11.87
2011-08-14,8.08,27.22,19.58
2011-08-15,13.64,27.44,12.58
2011-08-16,72.82,26.22,8.4
2011-08-17,31.15,25.5,8.48
2011-08-18,6.38,26.43,18.12
2011-08-19,8.61,26.7,20.82
2011-08-20,11.02,28.06,18.67
2011-08-21,13.92,26.93,13.83
2011-08-22,8.5,27.57,19.3
2011-08-23,9.73,27.59,17.46
2011-08-24,8.23,26.82,9.05
2011-08-25,3.84,26.6,19.77
2011-08-26,3.51,26.88,19.44
2011-08-27,2.63,27.3,20.36
2011-08-28,0.7,27.19,22.89
2011-08-29,0.5,28.37,22.23
2011-08-30,2.63,28.51,23.13
2011-08-31,3.19,27.64,21.45
2011-09-01,1.78,27.47,19.04
2011-09-02,3.62,27.19,17.75
2011-09-03,0.48,27.75,18.84
2011-09-04,1.46,28.19,21.22
2011-09-05,3.57,28.21,20.23
2011-09-06,5.13,27.57,16.69
2011-09-07,8.99,26.58,8.66
2011-09-08,4.73,27.0,14.86
2011-09-09,0.9,27.39,19.93
2011-09-10,1.46,27.59,20.08
2011-09-11,4.83,27.95,20.61
2011-09-12,1.21,28.97,21.8
2011-09-13,5.81,29.61,16.66
2011-09-14,18.93,26.82,14.89
2011-09-15,9.66,26.51,14.8
2011-09-16,46.06,26.79,7.33
2011-09-17,21.74,26.91,4.21
2011-09-18,5.09,27.14,15.87
2011-09-19,2.51,28.05,19.23
2011-09-20,4.34,26.88,15.88
2011-09-21,2.66,27.26,17.79
2011-09-22,2.0,27.32,18.56
2011-09-23,3.1,27.0,14.88
2011-09-24,1.3,27.11,16.96
2011-09-25,1.02,27.29,19.82
2011-09-26,1.51,27.31,16.19
2011-09-27,7.18,27.21,16.49
2011-09-28,3.13,27.93,16.8
2011-09-29,0.27,28.04,17.85
2011-09-30,0.24,28.17,16.55
2011-10-01,0.16,28.69,17.17
2011-10-02,1.89,27.97,17.41
2011-10-03,12.29,27.7,17.04
2011-10-04,7.1,27.63,18.61
2011-10-05,1.01,28.01,20.85
2011-10-06,0.96,28.68,20.35
2011-10-07,1.85,27.98,18.84
2011-10-08,3.09,28.52,19.94
2011-10-09,1.3,28.42,20.47
2011-10-10,0.68,28.2,19.83
2011-10-11,0.16,28.15,19.75
2011-10-12,0.0,26.97,21.18
2011-10-13,0.0,26.35,21.79
2011-10-14,0.0,26.46,21.22
2011-10-15,0.0,26.95,19.7
2011-10-16,0.0,27.09,20.35
2011-10-17,0.15,26.61,19.34
2011-10-18,0.74,25.33,13.64
2011-10-19,0.91,25.79,12.93
2011-10-20,0.0,25.1,18.85
2011-10-21,2.15,25.49,16.3
2011-10-22,9.17,25.34,12.36
2011-10-23,1.81,25.92,18.59
2011-10-24,0.0,25.38,20.32
2011-10-25,0.0,25.38,20.23
2011-10-26,0.0,25.54,15.34
2011-10-27,0.0,25.72,18.97
2011-10-28,0.0,24.72,19.64
2011-10-29,0.0,24.57,19.9
2011-10-30,0.0,24.79,19.75
2011-10-31,0.0,24.19,18.79
2011-11-01,0.0,23.92,18.4
2011-11-02,0.0,23.63,18.98
2011-11-03,0.0,23.08,17.6
2011-11-04,0.0,23.02,18.76
2011-11-05,0.0,23.58,19.27
2011-11-06,0.0,23.6,17.69
2011-11-07,0.0,22.75,17.41
2011-11-08,0.0,22.84,19.14
2011-11-09,0.0,23.5,19.17
2011-11-10,0.0,23.66,19.23
2011-11-11,0.0,23.78,19.01
2011-11-12,0.0,23.98,17.83
2011-11-13,0.0,24.05,17.06
2011-11-14,0.0,23.72,17.15
2011-11-15,0.0,23.33,17.0
2011-11-16,0.02,23.49,15.33
2011-11-17,0.01,22.18,15.27
2011-11-18,0.0,21.88,15.83
2011-11-19,0.0,21.88,16.94
2011-11-20,0.0,22.7,17.22
2011-11-21,0.0,22.94,17.37
2011-11-22,0.0,23.08,18.01
2011-11-23,0.0,22.69,17.65
2011-11-24,0.0,22.89,17.46
2011-11-25,0.0,22.69,17.42
2011-11-26,0.0,22.3,17.53
2011-11-27,0.0,21.68,16.17
2011-11-28,0.0,21.37,15.92
2011-11-29,0.0,21.22,15.64
2011-11-30,0.0,21.1,15.54
2011-12-01,0.0,22.9,16.25
2011-12-02,0.0,23.47,15.3
2011-12-03,0.0,22.74,14.18
2011-12-04,0.0,21.91,12.19
2011-12-05,0.0,22.72,13.87
2011-12-06,0.0,22.16,15.36
2011-12-07,0.0,22.26,16.33
2011-12-08,0.0,22.22,16.47
2011-12-09,0.0,21.72,16.43
2011-12-10,0.0,21.22,14.61
2011-12-11,0.0,20.35,11.5
2011-12-12,0.0,19.69,14.71
2011-12-13,0.0,18.01,13.75
2011-12-14,0.0,17.77,14.23
2011-12-15,0.0,17.4,13.96
2011-12-16,0.0,17.21,11.77
2011-12-17,0.0,16.94,10.36
2011-12-18,0.06,16.88,7.6
2011-12-19,0.0,17.08,10.55
2011-12-20,0.0,16.87,8.44
2011-12-21,0.0,17.33,7.61
2011-12-22,0.04,16.67,7.89
2011-12-23,0.0,16.51,9.85
2011-12-24,0.0,18.04,5.86
2011-12-25,0.0,18.78,11.89
2011-12-26,0.0,19.86,15.74
2011-12-27,0.0,20.8,15.48
2011-12-28,0.0,20.87,12.75
2011-12-29,0.0,21.14,14.85
2011-12-30,0.0,20.51,16.33
2011-12-31,0.0,19.51,16.46
2012-01-01,0.0,20.54,15.56
2012-01-02,1.19,21.55,4.17
2012-01-03,0.89,19.74,11.13
2012-01-04,0.0,18.93,11.96
2012-01-05,0.03,18.99,13.45
2012-01-06,0.11,18.9,8.85
2012-01-07,0.01,19.16,8.91
2012-01-08,0.31,19.7,8.24
2012-01-09,3.89,20.29,3.8
2012-01-10,0.77,20.33,7.96
2012-01-11,0.01,20.2,13.43
2012-01-12,0.0,17.41,11.28
2012-01-13,0.0,14.71,14.21
2012-01-14,0.0,14.81,15.08
2012-01-15,0.0,15.39,17.0
2012-01-16,0.0,16.96,16.97
2012-01-17,0.0,18.16,15.78
2012-01-18,0.03,19.29,11.9
2012-01-19,0.95,20.23,14.34
2012-01-20,0.28,19.29,13.87
2012-01-21,0.0,19.68,11.28
2012-01-22,0.0,16.32,16.39
2012-01-23,0.0,15.86,17.53
2012-01-24,0.0,15.96,16.82
2012-01-25,0.0,16.13,16.96
2012-01-26,0.0,17.02,17.81
2012-01-27,0.0,17.83,16.49
2012-01-28,0.0,17.59,17.86
2012-01-29,0.0,16.88,18.07
2012-01-30,0.0,18.05,17.01
2012-01-31,0.0,17.66,18.49
2012-02-01,0.0,17.67,18.43
2012-02-02,0.0,16.56,18.75
2012-02-03,0.0,17.66,19.48
2012-02-04,0.0,19.11,19.06
2012-02-05,0.0,20.26,19.05
2012-02-06,0.0,20.96,18.41
2012-02-07,0.0,21.45,18.5
2012-02-08,0.0,20.82,15.9
2012-02-09,0.0,22.39,16.96
2012-02-10,0.0,19.52,17.87
2012-02-11,0.0,17.75,18.85
2012-02-12,0.0,17.39,20.64
2012-02-13,0.0,19.3,20.55
2012-02-14,0.0,20.68,19.97
2012-02-15,0.0,22.32,16.51
2012-02-16,0.01,23.27,12.0
2012-02-17,0.0,23.28,15.24
2012-02-18,0.0,22.79,19.0
2012-02-19,0.0,21.43,21.09
2012-02-20,0.0,21.01,20.88
2012-02-21,0.0,22.01,20.17
2012-02-22,0.0,23.73,20.57
2012-02-23,0.0,24.74,20.09
2012-02-24,0.0,25.09,21.45
2012-02-25,0.0,25.64,22.39
2012-02-26,0.0,25.36,21.86
2012-02-27,0.0,23.41,22.66
2012-02-28,0.0,22.67,21.42
2012-02-29,13.95,22.69,15.19
2012-03-01,0.15,25.31,17.82
2012-03-02,0.64,24.46,14.56
2012-03-03,0.74,24.59,17.98
2012-03-04,0.18,24.39,19.94
2012-03-05,0.0,25.5,19.48
2012-03-06,0.01,25.86,17.92
2012-03-07,0.42,26.84,17.2
2012-03-08,2.18,26.22,17.39
2012-03-09,0.0,26.74,19.23
2012-03-10,0.04,26.73,18.51
2012-03-11,0.0,25.85,22.64
2012-03-12,0.0,24.89,24.17
2012-03-13,0.0,26.07,19.46
2012-03-14,0.15,25.16,20.28
2012-03-15,0.0,25.09,20.76
2012-03-16,0.0,24.79,22.91
2012-03-17,0.0,25.7,21.73
2012-03-18,3.62,25.67,19.12
2012-03-19,0.05,27.24,18.74
2012-03-20,0.01,28.39,17.21
2012-03-21,0.0,29.22,17.77
2012-03-22,0.06,29.46,21.06
2012-03-23,0.0,28.1,20.75
2012-03-24,0.0,27.51,23.39
2012-03-25,0.0,27.79,22.55
2012-03-26,0.0,28.72,21.84
2012-03-27,0.0,29.24,21.58
2012-03-28,0.0,29.83,22.67
2012-03-29,0.0,30.41,22.59
2012-03-30,0.0,30.45,21.95
2012-03-31,0.0,30.12,20.94
2012-04-01,0.0,30.88,21.25
2012-04-02,0.0,31.45,22.25
2012-04-03,0.0,31.67,22.13
2012-04-04,0.48,31.35,18.56
2012-04-05,2.97,29.94,19.08
2012-04-06,18.32,25.62,4.33
2012-04-07,8.21,25.6,11.36
2012-04-08,31.48,25.89,13.29
2012-04-09,26.6,26.17,7.62
2012-04-10,15.59,25.75,14.05
2012-04-11,8.46,25.65,23.53
2012-04-12,15.88,26.3,10.58
2012-04-13,8.46,25.52,12.73
2012-04-14,0.14,27.43,26.18
2012-04-15,6.12,27.71,25.0
2012-04-16,9.41,28.0,20.48
2012-04-17,5.1,28.73,24.48
2012-04-18,3.73,29.1,21.47
2012-04-19,11.49,28.54,20.39
2012-04-20,8.71,28.68,20.71
2012-04-21,14.12,27.92,23.4
2012-04-22,6.01,28.65,22.65
2012-04-23,0.75,29.94,19.44
2012-04-24,1.3,29.68,20.52
2012-04-25,5.02,29.34,23.5
2012-04-26,16.37,28.21,23.11
2012-04-27,6.09,29.0,19.49
2012-04-28,5.02,29.54,14.37
2012-04-29,5.71,30.08,20.36
2012-04-30,14.3,29.16,16.83
2012-05-01,20.37,28.21,14.32
2012-05-02,11.55,28.63,18.41
2012-05-03,12.51,28.19,23.68
2012-05-04,2.95,27.32,10.28
2012-05-05,0.0,27.79,26.67
2012-05-06,0.0,29.92,26.33
2012-05-07,0.0,30.28,26.56
2012-05-08,0.0,30.35,25.19
2012-05-09,0.02,30.17,23.9
2012-05-10,0.09,29.65,22.98
2012-05-11,1.51,29.62,24.09
2012-05-12,5.97,29.2,20.52
2012-05-13,6.16,28.83,17.3
2012-05-14,6.54,29.78,19.41
2012-05-15,6.25,29.82,15.55
2012-05-16,6.92,28.92,16.36
2012-05-17,2.04,29.77,19.83
2012-05-18,1.47,29.86,22.75
2012-05-19,14.33,29.12,11.35
2012-05-20,9.56,29.59,13.33
2012-05-21,11.46,28.38,23.26
2012-05-22,1.24,30.06,22.21
2012-05-23,2.9,30.0,20.43
2012-05-24,4.55,29.68,21.12
2012-05-25,3.06,30.07,21.41
2012-05-26,3.31,30.16,21.17
2012-05-27,8.94,29.3,20.53
2012-05-28,12.15,29.28,21.12
2012-05-29,5.03,30.44,21.35
2012-05-30,13.25,28.7,19.92
2012-05-31,14.57,27.75,14.62
2012-06-01,15.35,28.14,3.95
2012-06-02,13.82,28.38,15.23
2012-06-03,14.42,29.21,17.3
2012-06-04,21.88,29.2,16.83
2012-06-05,14.98,28.78,16.32
2012-06-06,4.77,28.1,16.17
2012-06-07,9.25,29.24,15.26
2012-06-08,4.2,29.57,21.85
2012-06-09,1.01,29.16,18.27
2012-06-10,3.69,28.69,17.71
2012-06-11,8.33,28.89,22.03
2012-06-12,3.0,29.59,21.63
2012-06-13,1.46,29.71,21.41
2012-06-14,9.04,29.03,18.48
2012-06-15,45.78,28.22,4.52
2012-06-16,45.47,27.42,3.05
2012-06-17,4.65,28.41,20.07
2012-06-18,8.28,29.09,20.16
2012-06-19,14.07,28.38,18.46
2012-06-20,3.85,28.46,20.7
2012-06-21,11.23,28.7,16.56
2012-06-22,10.23,27.58,12.91
2012-06-23,18.14,27.76,8.84
2012-06-24,24.85,28.2,7.76
2012-06-25,23.15,27.68,5.56
2012-06-26,6.23,27.72,9.14
2012-06-27,2.69,27.91,8.42
2012-06-28,2.04,28.48,17.76
2012-06-29,0.0,28.85,20.19
2012-06-30,0.07,29.13,20.06
2012-07-01,15.22,28.95,23.18
2012-07-02,3.21,28.5,20.14
2012-07-03,2.83,27.99,18.41
2012-07-04,5.48,27.49,17.57
2012-07-05,6.77,28.34,18.37
2012-07-06,1.74,28.55,20.44
2012-07-07,5.7,28.34,19.73
2012-07-08,3.65,28.25,19.04
2012-07-09,8.0,28.19,18.57
2012-07-10,9.96,28.19,15.48
2012-07-11,4.48,28.27,16.51
2012-07-12,10.66,28.87,14.92
2012-07-13,24.51,28.96,18.18
2012-07-14,26.43,27.85,11.55
2012-07-15,7.93,27.74,12.01
2012-07-16,2.67,27.93,18.92
2012-07-17,17.33,28.46,16.15
2012-07-18,30.71,27.74,13.82
2012-07-19,26.49,28.15,18.28
2012-07-20,10.89,28.26,20.83
2012-07-21,2.31,28.4,19.97
2012-07-22,3.4,28.26,17.02
2012-07-23,18.36,28.21,17.15
2012-07-24,15.02,27.82,18.18
2012-07-25,1.12,28.47,19.54
2012-07-26,2.26,28.0,18.82
2012-07-27,3.97,28.04,14.14
2012-07-28,4.64,27.29,14.89
2012-07-29,5.94,27.77,15.2
2012-07-30,1.29,28.09,18.33
2012-07-31,1.16,27.8,16.75
2012-08-01,1.21,28.18,14.0
2012-08-02,4.13,27.81,12.85
2012-08-03,14.36,27.95,20.84
2012-08-04,16.09,27.89,19.23
2012-08-05,16.74,28.15,18.52
2012-08-06,10.04,27.87,18.48
2012-08-07,4.12,27.36,18.34
2012-08-08,10.97,27.7,17.41
2012-08-09,8.28,28.22,19.74
2012-08-10,5.69,27.82,17.45
2012-08-11,5.33,27.72,19.23
2012-08-12,21.44,27.08,11.46
2012-08-13,22.36,27.15,14.55
2012-08-14,5.77,27.91,19.83
2012-08-15,17.63,28.1,19.73
2012-08-16,12.35,28.56,19.3
2012-08-17,19.1,28.44,21.89
2012-08-18,0.2,28.24,21.07
2012-08-19,4.79,28.08,17.92
2012-08-20,8.28,26.9,8.15
2012-08-21,27.1,27.32,15.83
2012-08-22,31.07,27.9,20.5
2012-08-23,5.97,27.77,17.81
2012-08-24,3.17,28.14,21.45
2012-08-25,5.11,28.33,19.0
2012-08-26,3.62,27.15,14.45
2012-08-27,6.79,27.91,18.79
2012-08-28,2.1,28.07,18.04
2012-08-29,12.75,28.5,17.26
2012-08-30,12.49,28.06,17.71
2012-08-31,1.09,28.41,18.07
2012-09-01,1.5,28.61,20.21
2012-09-02,5.34,27.72,18.76
2012-09-03,4.57,27.77,15.12
2012-09-04,3.51,26.86,13.15
2012-09-05,2.76,26.33,13.73
2012-09-06,4.5,27.13,17.0
2012-09-07,0.35,28.14,22.32
2012-09-08,3.25,28.57,19.54
2012-09-09,9.92,27.74,9.95
2012-09-10,2.93,27.29,18.95
2012-09-11,6.02,27.02,14.94
2012-09-12,24.33,27.23,10.22
2012-09-13,4.13,27.16,12.62
2012-09-14,8.73,26.95,16.02
2012-09-15,18.69,26.56,19.24
2012-09-16,16.89,26.65,14.78
2012-09-17,5.74,27.23,14.56
2012-09-18,2.36,27.42,18.45
2012-09-19,2.35,27.51,17.95
2012-09-20,1.85,27.63,17.43
2012-09-21,0.84,27.66,14.77
2012-09-22,1.2,27.57,18.84
2012-09-23,3.25,27.46,15.98
2012-09-24,14.61,27.45,15.94
2012-09-25,11.04,27.79,19.52
2012-09-26,7.32,28.13,21.03
2012-09-27,1.82,28.29,20.21
2012-09-28,0.0,27.91,19.66
2012-09-29,0.01,26.88,14.87
2012-09-30,0.13,26.69,15.39
2012-10-01,2.76,26.83,16.49
2012-10-02,3.6,27.11,15.69
2012-10-03,9.26,26.91,13.04
2012-10-04,16.21,26.59,8.51
2012-10-05,10.06,26.75,5.45
2012-10-06,6.06,26.99,15.81
2012-10-07,0.0,27.73,20.1
2012-10-08,0.23,27.4,15.43
2012-10-09,6.25,27.84,18.02
2012-10-10,5.71,26.97,11.58
2012-10-11,10.14,25.47,5.85
2012-10-12,1.85,26.43,11.03
2012-10-13,0.57,26.54,9.98
2012-10-14,0.19,25.46,14.92
2012-10-15,0.1,25.72,17.74
2012-10-16,0.0,25.63,19.95
2012-10-17,0.0,26.45,18.94
2012-10-18,0.0,26.32,18.99
2012-10-19,0.0,25.48,19.23
2012-10-20,0.0,24.82,19.28
2012-10-21,0.0,24.69,19.9
2012-10-22,0.0,24.5,21.25
2012-10-23,0.0,24.37,20.59
2012-10-24,0.0,23.06,20.28
2012-10-25,0.0,22.8,20.64
2012-10-26,0.0,22.14,20.31
2012-10-27,0.0,21.77,20.26
2012-10-28,0.0,23.09,19.39
2012-10-29,0.0,24.35,20.02
2012-10-30,0.0,24.96,19.69
2012-10-31,0.0,25.3,19.39
2012-11-01,0.0,24.68,17.53
2012-11-02,0.09,23.03,15.54
2012-11-03,4.29,21.26,7.57
2012-11-04,6.37,22.41,6.87
2012-11-05,13.16,24.36,11.01
2012-11-06,11.72,24.93,10.16
2012-11-07,8.21,23.67,10.97
2012-11-08,0.0,22.66,13.5
2012-11-09,0.0,21.53,15.67
2012-11-10,0.0,20.94,17.25
2012-11-11,0.0,21.35,18.14
2012-11-12,0.0,21.7,17.92
2012-11-13,0.0,21.79,17.14
2012-11-14,0.0,22.08,16.6
2012-11-15,0.0,22.27,18.1
2012-11-16,0.0,22.68,17.83
2012-11-17,0.0,23.67,16.17
2012-11-18,0.0,24.43,14.39
2012-11-19,0.15,23.84,16.23
2012-11-20,0.0,23.31,13.72
2012-11-21,0.0,22.57,16.21
2012-11-22,0.0,19.76,16.48
2012-11-23,0.0,18.51,16.44
2012-11-24,0.0,17.8,17.29
2012-11-25,0.0,17.71,16.59
2012-11-26,0.0,17.91,16.42
2012-11-27,0.0,17.37,16.28
2012-11-28,0.0,17.32,16.53
2012-11-29,0.0,17.35,16.98
2012-11-30,0.0,18.5,17.05
2012-12-01,0.0,18.9,15.98
2012-12-02,0.0,18.61,16.98
2012-12-03,0.0,17.98,16.91
2012-12-04,0.0,18.03,16.82
2012-12-05,0.0,18.31,16.64
2012-12-06,0.0,18.12,15.78
2012-12-07,0.0,17.7,13.41
2012-12-08,0.0,17.34,13.66
2012-12-09,0.0,17.53,13.34
2012-12-10,0.0,18.21,12.32
2012-12-11,0.0,19.88,12.88
2012-12-12,1.23,20.09,8.59
2012-12-13,0.0,20.16,14.55
2012-12-14,0.0,19.51,14.54
2012-12-15,0.0,19.43,15.95
2012-12-16,0.0,17.93,16.3
2012-12-17,0.0,17.36,15.0
2012-12-18,0.0,17.67,12.17
2012-12-19,0.0,17.34,8.33
2012-12-20,0.0,16.72,10.24
2012-12-21,0.0,15.78,14.06
2012-12-22,0.0,14.14,10.99
2012-12-23,0.0,15.79,15.24
2012-12-24,0.0,16.89,13.23
2012-12-25,0.0,15.63,7.8
2012-12-26,0.0,14.14,14.35
2012-12-27,0.0,13.85,9.75
2012-12-28,0.0,14.54,9.36
2012-12-29,0.08,15.48,12.64
2012-12-30,0.0,15.64,14.05
2012-12-31,4.15,14.69,15.34
2013-01-01,0.0,16.68,16.74
2013-01-02,0.0,17.36,16.66
2013-01-03,0.02,17.46,9.91
2013-01-04,0.0,18.54,15.11
2013-01-05,0.0,15.72,14.89
2013-01-06,0.0,15.14,15.16
2013-01-07,0.0,15.34,10.3
2013-01-08,0.0,12.36,12.6
2013-01-09,0.0,10.87,12.18
2013-01-10,0.0,11.81,12.85
2013-01-11,0.0,13.04,13.19
2013-01-12,0.0,14.66,15.45
2013-01-13,0.0,15.64,16.46
2013-01-14,0.0,17.43,16.66
2013-01-15,0.0,17.67,17.28
2013-01-16,0.0,18.36,17.07
2013-01-17,0.0,19.75,16.56
2013-01-18,0.0,20.43,16.77
2013-01-19,0.0,20.48,17.21
2013-01-20,0.0,20.08,16.22
2013-01-21,0.0,18.11,15.24
2013-01-22,0.0,16.66,17.55
2013-01-23,0.0,16.32,18.49
2013-01-24,0.0,15.29,18.74
2013-01-25,0.0,14.14,18.38
2013-01-26,0.0,14.08,18.8
2013-01-27,0.0,14.81,17.9
2013-01-28,0.0,17.36,14.35
2013-01-29,0.0,17.32,18.36
2013-01-30,0.0,16.99,17.93
2013-01-31,0.0,18.37,17.53
2013-02-01,0.0,17.71,12.96
2013-02-02,0.0,18.67,18.33
2013-02-03,0.0,19.45,17.18
2013-02-04,0.0,20.76,18.48
2013-02-05,0.0,22.69,19.28
2013-02-06,0.0,23.56,19.77
2013-02-07,0.0,23.48,17.75
2013-02-08,0.0,22.25,15.9
2013-02-09,0.0,20.13,18.42
2013-02-10,0.0,19.56,19.91
2013-02-11,0.0,19.93,21.07
2013-02-12,0.0,20.13,18.06
2013-02-13,0.0,20.85,12.7
2013-02-14,0.0,21.42,20.07
2013-02-15,0.0,21.83,21.06
2013-02-16,0.0,22.78,16.79
2013-02-17,1.18,22.73,7.26
2013-02-18,6.4,20.18,16.83
2013-02-19,0.0,19.58,21.23
2013-02-20,0.0,20.38,21.33
2013-02-21,0.0,21.41,22.16
2013-02-22,0.0,22.91,22.25
2013-02-23,0.0,24.12,21.92
2013-02-24,0.0,24.65,21.96
2013-02-25,0.0,24.67,21.47
2013-02-26,0.0,24.4,22.18
2013-02-27,0.0,23.92,22.42
2013-02-28,0.0,23.85,22.52
2013-03-01,0.0,23.04,23.23
2013-03-02,0.0,22.88,22.05
2013-03-03,0.0,23.88,22.77
2013-03-04,0.0,24.56,22.81
2013-03-05,0.0,25.07,22.52
2013-03-06,0.0,25.62,22.42
2013-03-07,0.0,25.29,22.36
2013-03-08,0.0,25.59,20.3
2013-03-09,0.0,25.04,21.32
2013-03-10,0.0,25.6,22.06
2013-03-11,0.0,25.99,21.87
2013-03-12,0.19,26.96,19.6
2013-03-13,1.51,27.39,19.77
2013-03-14,2.15,27.39,21.04
2013-03-15,0.0,28.49,19.15
2013-03-16,0.0,29.41,19.15
2013-03-17,6.52,27.47,19.51
2013-03-18,0.83,25.94,23.2
2013-03-19,0.0,26.45,22.17
2013-03-20,0.0,27.72,22.53
2013-03-21,0.14,28.27,21.39
2013-03-22,2.89,28.32,15.81
2013-03-23,6.04,27.75,21.29
2013-03-24,4.09,28.6,19.46
2013-03-25,0.0,29.29,19.76
2013-03-26,0.0,29.4,22.52
2013-03-27,0.0,29.35,20.09
2013-03-28,0.0,29.31,22.84
2013-03-29,0.0,29.36,17.52
2013-03-30,0.0,30.04,17.75
2013-03-31,1.33,30.22,18.22
2013-04-01,4.73,29.63,19.74
2013-04-02,3.07,29.9,21.92
2013-04-03,1.38,30.54,20.35
2013-04-04,0.22,31.5,20.14
2013-04-05,0.0,30.46,25.58
2013-04-06,0.0,29.29,25.19
2013-04-07,0.0,29.59,23.94
2013-04-08,0.0,30.58,24.31
2013-04-09,0.0,31.14,23.92
2013-04-10,0.06,31.33,23.17
2013-04-11,0.26,31.16,22.78
2013-04-12,0.0,31.74,21.49
2013-04-13,0.0,32.14,20.81
2013-04-14,0.11,31.85,13.98
2013-04-15,8.08,29.03,19.24
2013-04-16,14.26,27.38,15.19
2013-04-17,3.87,27.78,16.6
2013-04-18,1.57,28.91,14.62
2013-04-19,3.31,27.58,22.79
2013-04-20,2.8,27.83,22.52
2013-04-21,0.16,27.75,20.6
2013-04-22,0.26,28.28,7.93
2013-04-23,0.12,28.91,26.05
2013-04-24,0.05,29.98,25.96
2013-04-25,0.0,31.25,23.68
2013-04-26,1.19,31.85,20.85
2013-04-27,16.51,29.49,16.64
2013-04-28,10.43,29.65,17.2
2013-04-29,10.07,30.65,18.04
2013-04-30,10.34,30.95,20.44
2013-05-01,4.44,31.37,19.13
2013-05-02,3.85,31.19,16.72
2013-05-03,6.26,31.06,20.04
2013-05-04,30.0,28.75,10.15
2013-05-05,40.65,26.72,12.23
2013-05-06,40.6,27.11,7.47
2013-05-07,40.1,27.21,11.15
2013-05-08,45.59,28.33,10.05
2013-05-09,34.79,28.58,11.74
2013-05-10,37.56,28.24,18.31
2013-05-11,27.32,28.49,20.16
2013-05-12,13.33,28.32,18.68
2013-05-13,6.61,27.04,18.95
2013-05-14,3.53,27.31,16.87
2013-05-15,27.51,27.16,13.25
2013-05-16,49.83,25.89,5.1
2013-05-17,5.22,27.31,20.08
2013-05-18,13.08,27.87,16.74
2013-05-19,4.73,28.21,21.03
2013-05-20,11.33,27.69,13.01
2013-05-21,14.85,27.0,6.52
2013-05-22,14.29,27.29,8.13
2013-05-23,26.26,27.22,5.09
2013-05-24,14.04,27.39,8.0
2013-05-25,3.56,27.66,14.01
2013-05-26,0.5,27.6,21.14
2013-05-27,7.63,27.96,17.45
2013-05-28,8.76,27.69,17.79
2013-05-29,15.35,28.16,17.31
2013-05-30,5.16,27.19,15.28
2013-05-31,10.18,26.8,13.64
2013-06-01,4.49,28.03,20.15
2013-06-02,2.09,28.3,23.96
2013-06-03,0.01,28.61,22.29
2013-06-04,5.27,28.66,22.01
2013-06-05,7.53,28.35,15.46
2013-06-06,5.58,27.9,20.43
2013-06-07,12.07,27.25,13.32
2013-06-08,10.78,27.49,15.63
2013-06-09,3.04,27.96,17.79
2013-06-10,0.37,28.54,19.56
2013-06-11,0.23,28.16,22.58
2013-06-12,4.41,28.58,23.39
2013-06-13,7.29,28.6,18.17
2013-06-14,9.69,27.9,21.28
2013-06-15,2.12,28.64,25.04
2013-06-16,0.23,29.37,24.07
2013-06-17,0.01,28.96,22.28
2013-06-18,0.12,29.27,23.84
2013-06-19,9.07,28.57,21.7
2013-06-20,15.48,28.77,16.14
2013-06-21,19.61,28.29,20.82
2013-06-22,21.62,29.35,21.03
2013-06-23,48.96,29.1,22.92
2013-06-24,26.27,28.56,22.12
2013-06-25,13.57,28.12,11.28
2013-06-26,11.61,28.32,14.12
2013-06-27,19.46,28.06,8.77
2013-06-28,23.64,28.23,13.3
2013-06-29,24.19,28.07,10.51
2013-06-30,3.59,28.64,13.07
2013-07-01,1.52,28.63,18.6
2013-07-02,3.88,27.7,19.26
2013-07-03,9.64,28.24,17.86
2013-07-04,3.09,27.86,17.28
2013-07-05,3.77,28.18,19.35
2013-07-06,4.83,27.54,13.69
2013-07-07,6.39,28.36,15.95
2013-07-08,0.72,28.34,20.26
2013-07-09,1.36,28.07,15.07
2013-07-10,3.64,28.38,22.11
2013-07-11,4.56,27.75,19.83
2013-07-12,3.3,27.18,18.16
2013-07-13,3.01,27.41,16.68
2013-07-14,2.72,28.27,18.77
2013-07-15,7.69,28.08,21.94
2013-07-16,14.59,28.86,20.46
2013-07-17,6.52,28.24,19.56
2013-07-18,2.97,27.75,18.59
2013-07-19,5.11,28.39,18.32
2013-07-20,3.68,28.28,20.96
2013-07-21,4.8,28.75,23.3
2013-07-22,2.73,29.17,22.81
2013-07-23,4.29,28.76,19.72
2013-07-24,1.91,28.76,20.05
2013-07-25,1.49,28.71,18.8
2013-07-26,18.34,28.22,13.95
2013-07-27,43.65,27.29,7.28
2013-07-28,27.92,27.56,10.74
2013-07-29,1.99,28.2,19.16
2013-07-30,0.96,28.01,18.79
2013-07-31,10.82,27.76,17.9
2013-08-01,5.87,27.77,19.3
2013-08-02,2.03,27.49,20.98
2013-08-03,5.82,28.89,21.88
2013-08-04,5.69,27.99,14.32
2013-08-05,2.17,27.45,14.97
2013-08-06,12.11,27.25,18.04
2013-08-07,31.93,27.72,12.79
2013-08-08,11.73,27.79,18.45
2013-08-09,4.81,27.4,21.16
2013-08-10,12.98,27.76,17.77
2013-08-11,17.22,26.61,15.69
2013-08-12,8.8,27.65,16.05
2013-08-13,2.5,27.99,19.96
2013-08-14,7.58,27.38,17.1
2013-08-15,17.6,27.16,11.68
2013-08-16,10.68,27.02,12.99
2013-08-17,2.85,27.59,17.89
2013-08-18,5.07,27.16,17.02
2013-08-19,8.66,27.23,17.65
2013-08-20,6.52,27.17,11.4
2013-08-21,5.21,27.4,17.92
2013-08-22,0.57,27.73,18.23
2013-08-23,12.89,27.95,21.66
2013-08-24,7.68,28.11,18.94
2013-08-25,0.09,28.72,18.11
2013-08-26,4.6,27.58,14.12
2013-08-27,10.19,27.64,14.6
2013-08-28,7.64,26.9,12.28
2013-08-29,4.25,27.65,11.31
2013-08-30,5.08,27.88,14.2
2013-08-31,8.91,28.1,16.88
2013-09-01,3.16,28.43,16.08
2013-09-02,5.6,27.59,15.73
2013-09-03,4.54,27.44,12.78
2013-09-04,16.41,27.77,10.01
2013-09-05,15.32,27.64,7.11
2013-09-06,2.88,28.02,18.26
2013-09-07,6.02,27.06,18.36
2013-09-08,9.29,27.23,11.02
2013-09-09,8.05,26.42,13.57
2013-09-10,4.12,27.18,13.54
2013-09-11,2.49,26.78,19.11
2013-09-12,0.55,28.69,21.89
2013-09-13,4.09,29.02,22.15
2013-09-14,4.32,28.23,13.34
2013-09-15,5.69,27.82,20.39
2013-09-16,8.94,27.51,17.65
2013-09-17,9.34,28.04,17.98
2013-09-18,9.8,27.36,20.03
2013-09-19,3.74,27.76,20.3
2013-09-20,2.86,28.23,19.36
2013-09-21,4.03,27.79,20.06
2013-09-22,2.43,28.56,18.7
2013-09-23,1.29,28.8,19.13
2013-09-24,2.16,29.19,20.99
2013-09-25,3.79,27.68,17.79
2013-09-26,6.12,28.45,11.83
2013-09-27,8.46,28.28,15.27
2013-09-28,6.62,26.53,11.78
2013-09-29,21.39,26.08,12.0
2013-09-30,11.11,26.93,15.25
2013-10-01,1.55,27.39,17.95
2013-10-02,5.81,28.54,19.41
2013-10-03,18.71,26.27,19.81
2013-10-04,9.16,25.34,8.07
2013-10-05,15.91,25.88,10.38
2013-10-06,27.48,26.12,8.4
2013-10-07,6.82,26.05,14.3
2013-10-08,2.15,24.67,10.8
2013-10-09,0.41,24.53,13.16
2013-10-10,0.0,27.28,21.12
2013-10-11,0.0,27.59,21.12
2013-10-12,9.96,26.65,18.33
2013-10-13,8.25,26.99,17.18
2013-10-14,0.2,27.27,18.13
2013-10-15,1.43,27.18,17.08
2013-10-16,3.6,27.37,19.1
2013-10-17,0.89,27.5,19.71
2013-10-18,0.0,27.83,19.06
2013-10-19,0.19,27.73,18.65
2013-10-20,3.97,27.04,15.55
2013-10-21,22.86,26.64,9.27
2013-10-22,7.6,24.95,8.67
2013-10-23,0.8,25.33,10.18
2013-10-24,0.76,26.39,18.07
2013-10-25,13.36,24.76,6.86
2013-10-26,3.03,23.74,4.8
2013-10-27,2.71,24.17,13.82
2013-10-28,0.0,24.65,17.34
2013-10-29,0.68,25.06,18.18
2013-10-30,1.17,25.11,18.15
2013-10-31,0.0,24.45,17.85
2013-11-01,0.0,23.92,18.32
2013-11-02,0.0,23.81,17.58
2013-11-03,0.0,24.13,15.88
2013-11-04,0.0,23.29,17.66
2013-11-05,0.0,23.25,18.41
2013-11-06,0.0,23.5,19.32
2013-11-07,0.0,24.21,19.34
2013-11-08,0.0,23.83,19.17
2013-11-09,0.0,24.0,19.07
2013-11-10,0.0,23.78,19.25
2013-11-11,0.0,23.21,19.37
2013-11-12,0.0,22.34,19.27
2013-11-13,0.0,21.25,18.86
2013-11-14,0.0,21.68,18.86
2013-11-15,0.0,22.4,17.31
2013-11-16,0.0,22.8,18.33
2013-11-17,0.0,22.23,14.65
2013-11-18,0.0,22.57,17.83
2013-11-19,0.0,21.08,18.28
2013-11-20,0.0,20.66,18.06
2013-11-21,0.0,21.5,17.53
2013-11-22,0.0,21.6,18.04
2013-11-23,0.0,21.31,17.76
2013-11-24,0.0,20.4,17.19
2013-11-25,0.0,21.82,17.39
2013-11-26,0.0,22.47,17.58
2013-11-27,0.0,22.73,15.29
2013-11-28,0.0,22.68,15.29
2013-11-29,0.0,22.97,15.4
2013-11-30,0.0,22.21,15.61
2013-12-01,0.0,22.08,16.07
2013-12-02,0.0,21.93,16.35
2013-12-03,0.01,22.87,16.59
2013-12-04,0.0,22.73,15.9
2013-12-05,0.0,22.69,16.37
2013-12-06,0.0,22.49,15.66
2013-12-07,0.0,22.12,14.88
2013-12-08,0.0,21.98,13.96
2013-12-09,0.0,21.57,13.88
2013-12-10,0.0,21.56,15.51
2013-12-11,0.0,20.29,16.82
2013-12-12,0.0,18.62,16.02
2013-12-13,0.0,18.89,14.57
2013-12-14,0.0,18.99,13.2
2013-12-15,0.0,18.84,15.3
2013-12-16,0.0,18.22,17.28
2013-12-17,0.0,18.23,16.44
2013-12-18,0.0,18.07,15.45
2013-12-19,0.0,17.42,12.35
2013-12-20,1.11,17.9,10.05
2013-12-21,1.3,19.2,9.05
2013-12-22,0.0,19.67,13.8
2013-12-23,0.05,19.68,9.0
2013-12-24,0.0,19.57,12.36
2013-12-25,0.0,17.11,13.71
2013-12-26,0.0,15.91,10.77
2013-12-27,0.0,16.28,11.63
2013-12-28,0.0,17.12,10.71
2013-12-29,0.0,17.58,13.34
2013-12-30,0.0,16.65,12.64
2013-12-31,0.0,17.21,15.65
2014-01-01,0.0,17.82,16.57
2014-01-02,0.0,18.18,15.81
2014-01-03,0.0,16.56,15.48
2014-01-04,0.0,16.0,16.15
2014-01-05,0.0,16.48,14.87
2014-01-06,0.0,17.57,9.45
2014-01-07,0.02,16.88,13.35
2014-01-08,0.0,15.61,15.38
2014-01-09,0.0,15.45,13.88
2014-01-10,0.0,17.03,15.5
2014-01-11,0.0,18.99,16.49
2014-01-12,0.0,17.54,11.35
2014-01-13,0.0,18.83,16.1
2014-01-14,0.0,18.37,15.02
2014-01-15,0.0,18.29,11.26
2014-01-16,0.0,17.75,13.75
2014-01-17,0.0,19.17,14.43
2014-01-18,0.0,20.93,16.44
2014-01-19,0.0,20.31,15.22
2014-01-20,0.0,19.58,16.37
2014-01-21,0.0,19.47,15.51
2014-01-22,0.0,20.77,16.83
2014-01-23,0.0,21.35,17.71
2014-01-24,0.0,19.99,17.4
2014-01-25,0.0,20.31,17.18
2014-01-26,0.0,18.93,18.2
2014-01-27,0.0,17.97,17.96
2014-01-28,0.0,17.09,13.11
2014-01-29,0.0,19.16,16.9
2014-01-30,0.0,19.98,17.45
2014-01-31,0.0,19.9,19.19
2014-02-01,0.0,19.75,18.33
2014-02-02,0.0,19.06,19.22
2014-02-03,0.0,18.78,19.41
2014-02-04,0.0,18.59,18.65
2014-02-05,0.0,19.3,15.97
2014-02-06,0.0,21.23,15.96
2014-02-07,0.0,21.56,18.93
2014-02-08,0.0,22.23,17.29
2014-02-09,0.0,22.87,14.31
2014-02-10,0.5,22.2,15.83
2014-02-11,0.0,22.11,16.75
2014-02-12,0.0,21.2,16.81
2014-02-13,0.0,20.39,20.59
2014-02-14,0.0,20.48,19.35
2014-02-15,2.77,20.72,13.76
2014-02-16,4.16,18.6,5.8
2014-02-17,5.11,18.22,5.3
2014-02-18,0.0,17.75,20.66
2014-02-19,0.0,19.75,21.59
2014-02-20,0.0,21.05,22.15
2014-02-21,0.0,21.6,21.49
2014-02-22,0.0,21.87,21.05
2014-02-23,0.0,22.71,18.32
2014-02-24,0.0,23.1,19.43
2014-02-25,0.0,22.86,20.57
2014-02-26,0.0,22.43,21.63
2014-02-27,0.0,23.73,19.24
2014-02-28,0.15,23.95,18.08
2014-03-01,0.0,23.98,18.98
2014-03-02,0.0,24.35,20.14
2014-03-03,0.0,24.09,21.16
2014-03-04,0.0,22.84,15.02
2014-03-05,0.0,23.26,21.5
2014-03-06,0.0,22.93,22.6
2014-03-07,0.0,23.13,21.61
2014-03-08,0.0,23.26,23.37
2014-03-09,0.0,23.61,23.77
2014-03-10,0.0,23.68,21.21
2014-03-11,0.0,24.72,22.12
2014-03-12,0.0,26.02,22.13
2014-03-13,0.0,26.64,17.46
2014-03-14,0.0,27.28,20.6
2014-03-15,0.0,26.17,22.64
2014-03-16,0.0,26.19,23.02
2014-03-17,0.0,26.41,23.8
2014-03-18,0.0,27.03,22.05
2014-03-19,2.63,28.08,18.83
2014-03-20,2.54,27.34,20.69
2014-03-21,0.84,27.25,21.14
2014-03-22,4.57,26.9,21.58
2014-03-23,2.43,26.02,22.97
2014-03-24,1.46,27.23,20.84
2014-03-25,6.86,27.18,21.28
2014-03-26,1.04,28.25,22.1
2014-03-27,0.19,29.82,21.53
2014-03-28,0.0,30.32,21.54
2014-03-29,0.0,30.24,24.49
2014-03-30,0.0,31.04,25.04
2014-03-31,0.0,31.02,23.83
2014-04-01,0.0,30.51,20.67
2014-04-02,0.0,30.7,21.82
2014-04-03,12.34,29.17,20.82
2014-04-04,7.01,28.04,17.25
2014-04-05,0.1,28.97,21.91
2014-04-06,1.56,28.81,15.21
2014-04-07,2.14,29.12,17.84
2014-04-08,14.85,29.17,19.44
2014-04-09,4.14,29.94,18.12
2014-04-10,7.1,29.26,21.48
2014-04-11,0.0,29.98,24.84
2014-04-12,0.0,30.31,24.72
2014-04-13,0.0,30.68,24.32
2014-04-14,0.0,31.54,24.7
2014-04-15,0.0,31.81,22.49
2014-04-16,0.0,32.02,23.15
2014-04-17,0.0,32.07,20.72
2014-04-18,0.06,32.44,23.72
2014-04-19,3.06,32.4,22.76
2014-04-20,6.16,32.97,25.07
2014-04-21,0.0,33.04,25.43
2014-04-22,0.0,32.99,26.52
2014-04-23,0.0,32.61,24.89
2014-04-24,0.0,33.03,24.36
2014-04-25,1.66,33.59,22.64
2014-04-26,2.67,32.75,23.62
2014-04-27,1.66,32.85,23.92
2014-04-28,9.51,31.3,15.47
2014-04-29,5.95,31.11,22.2
2014-04-30,7.46,30.87,25.24
2014-05-01,4.32,30.19,21.95
2014-05-02,5.09,29.19,19.0
2014-05-03,2.58,29.64,18.07
2014-05-04,2.06,29.86,24.24
2014-05-05,1.03,29.28,15.39
2014-05-06,0.39,30.93,22.22
2014-05-07,26.96,30.23,16.67
2014-05-08,41.22,28.49,14.55
2014-05-09,23.69,30.11,20.9
2014-05-10,6.68,30.42,16.74
2014-05-11,4.96,29.6,7.64
2014-05-12,2.87,29.76,21.85
2014-05-13,5.98,30.61,22.76
2014-05-14,5.2,30.35,20.69
2014-05-15,2.19,30.83,20.02
2014-05-16,0.77,31.71,23.05
2014-05-17,4.47,31.24,23.27
2014-05-18,2.73,32.16,22.34
2014-05-19,0.0,33.12,22.65
2014-05-20,0.0,32.84,24.05
2014-05-21,0.0,32.34,24.21
2014-05-22,0.19,32.39,23.01
2014-05-23,1.42,32.49,21.8
2014-05-24,3.18,30.79,15.61
2014-05-25,20.43,28.27,19.57
2014-05-26,9.11,29.69,23.66
2014-05-27,7.36,29.31,19.2
2014-05-28,13.07,29.64,17.04
2014-05-29,11.05,29.59,20.1
2014-05-30,31.4,29.25,12.55
2014-05-31,53.38,27.84,14.19
2014-06-01,4.83,28.9,11.51
2014-06-02,11.14,28.59,20.0
2014-06-03,7.23,29.07,20.05
2014-06-04,1.58,29.93,18.59
2014-06-05,0.05,29.77,16.11
2014-06-06,0.0,30.28,22.24
2014-06-07,0.0,30.24,20.19
2014-06-08,0.31,29.88,20.17
2014-06-09,0.66,29.79,18.25
2014-06-10,38.83,29.75,19.31
2014-06-11,72.03,29.2,15.41
2014-06-12,12.72,29.54,21.45
2014-06-13,23.07,29.11,12.49
2014-06-14,3.93,29.37,22.95
2014-06-15,9.1,28.91,18.48
2014-06-16,18.92,29.03,14.8
2014-06-17,11.34,29.33,19.92
2014-06-18,20.21,28.17,14.68
2014-06-19,15.0,28.74,12.66
2014-06-20,22.42,27.97,8.63
2014-06-21,52.69,27.84,3.56
2014-06-22,52.81,28.4,4.35
2014-06-23,38.39,28.43,6.34
2014-06-24,7.33,27.61,14.8
2014-06-25,2.57,28.99,21.98
2014-06-26,21.68,28.01,14.85
2014-06-27,5.55,28.44,15.11
2014-06-28,5.07,28.37,16.92
2014-06-29,11.77,28.43,10.5
2014-06-30,7.21,28.73,21.05
2014-07-01,6.02,28.77,21.07
2014-07-02,7.75,28.25,19.1
2014-07-03,6.94,27.23,10.35
2014-07-04,16.73,27.49,12.0
2014-07-05,12.17,28.52,10.39
2014-07-06,8.74,28.73,19.4
2014-07-07,4.68,28.27,20.51
2014-07-08,3.12,28.47,18.41
2014-07-09,9.46,28.84,21.84
2014-07-10,4.64,28.87,20.38
2014-07-11,6.15,29.14,21.56
2014-07-12,3.13,29.74,21.88
2014-07-13,8.15,28.98,21.26
2014-07-14,5.28,29.03,20.84
2014-07-15,3.41,28.58,19.81
2014-07-16,2.93,27.79,16.5
2014-07-17,4.6,28.22,18.49
2014-07-18,3.65,28.62,19.38
2014-07-19,3.08,29.1,19.34
2014-07-20,4.52,29.04,18.34
2014-07-21,13.01,27.87,10.74
2014-07-22,1.74,27.76,17.96
2014-07-23,3.32,27.05,19.83
2014-07-24,4.68,27.71,21.47
2014-07-25,1.95,28.72,21.0
2014-07-26,10.02,28.77,20.65
2014-07-27,19.85,28.29,18.02
2014-07-28,18.69,28.98,18.91
2014-07-29,1.89,28.0,19.22
2014-07-30,1.59,29.02,20.39
2014-07-31,6.06,28.98,19.11
2014-08-01,3.33,28.69,20.07
2014-08-02,1.42,28.69,21.11
2014-08-03,1.44,27.63,20.39
2014-08-04,4.74,27.93,14.54
2014-08-05,14.06,28.32,14.76
2014-08-06,7.59,27.75,19.27
2014-08-07,6.74,28.3,18.67
2014-08-08,7.4,29.06,20.52
2014-08-09,3.51,28.3,21.51
2014-08-10,1.97,27.95,16.79
2014-08-11,7.69,27.84,17.44
2014-08-12,8.83,28.35,15.66
2014-08-13,43.88,28.49,7.22
2014-08-14,73.46,27.63,2.88
2014-08-15,21.56,27.93,5.67
2014-08-16,20.69,27.27,10.47
2014-08-17,2.87,27.85,13.49
2014-08-18,9.77,28.06,19.82
2014-08-19,11.73,28.08,13.36
2014-08-20,28.33,27.84,14.57
2014-08-21,7.75,27.79,13.68
2014-08-22,6.17,27.32,11.02
2014-08-23,6.45,27.51,15.61
2014-08-24,12.26,27.77,17.6
2014-08-25,10.49,27.62,15.2
2014-08-26,6.1,27.46,17.98
2014-08-27,12.25,28.18,19.0
2014-08-28,23.57,28.03,18.82
2014-08-29,5.51,28.43,22.94
2014-08-30,5.97,27.43,14.44
2014-08-31,9.7,27.09,19.95
2014-09-01,4.56,27.3,20.11
2014-09-02,1.82,27.81,21.99
2014-09-03,4.5,27.99,19.68
2014-09-04,3.46,27.3,17.59
2014-09-05,4.87,28.21,19.83
2014-09-06,3.81,28.17,22.57
2014-09-07,15.52,27.34,19.95
2014-09-08,2.88,27.43,19.22
2014-09-09,1.84,27.58,15.59
2014-09-10,1.62,27.6,21.9
2014-09-11,1.3,27.72,16.15
2014-09-12,1.3,27.69,18.51
2014-09-13,3.23,27.72,18.98
2014-09-14,5.21,28.01,18.92
2014-09-15,6.16,28.06,15.49
2014-09-16,2.05,28.35,22.32
2014-09-17,0.0,28.47,20.75
2014-09-18,18.45,27.87,14.98
2014-09-19,42.65,26.99,14.89
2014-09-20,20.7,26.91,7.22
2014-09-21,25.82,26.84,10.22
2014-09-22,47.19,27.17,7.19
2014-09-23,30.79,26.64,3.62
2014-09-24,7.28,27.08,16.37
2014-09-25,10.85,26.37,15.98
2014-09-26,20.45,26.37,11.28
2014-09-27,11.78,27.34,17.39
2014-09-28,0.24,27.35,22.13
2014-09-29,0.07,27.2,20.3
2014-09-30,0.02,28.07,21.16
2014-10-01,0.0,28.48,19.93
2014-10-02,0.26,28.81,19.35
2014-10-03,0.27,28.3,19.48
2014-10-04,0.01,28.43,20.83
2014-10-05,0.0,28.53,21.88
2014-10-06,1.68,28.98,21.41
2014-10-07,1.3,27.66,20.67
2014-10-08,0.12,28.05,21.16
2014-10-09,0.0,28.7,20.53
2014-10-10,3.31,27.69,18.92
2014-10-11,14.37,27.14,12.62
2014-10-12,12.49,26.4,16.62
2014-10-13,6.21,26.91,15.93
2014-10-14,2.14,26.76,17.92
2014-10-15,19.02,27.21,16.48
2014-10-16,4.97,26.5,15.86
2014-10-17,0.12,25.36,19.56
2014-10-18,0.0,24.45,15.28
2014-10-19,0.0,24.84,19.19
2014-10-20,0.0,24.77,20.8
2014-10-21,0.0,25.48,21.11
2014-10-22,0.0,25.61,20.57
2014-10-23,0.0,25.13,19.69
2014-10-24,0.0,25.27,19.73
2014-10-25,1.17,25.73,20.66
2014-10-26,0.28,24.47,15.19
2014-10-27,0.13,22.97,8.91
2014-10-28,1.0,22.62,5.85
2014-10-29,0.05,23.04,18.97
2014-10-30,0.0,23.7,18.81
2014-10-31,0.0,24.36,18.98
2014-11-01,0.0,24.57,19.03
2014-11-02,0.0,24.98,18.95
2014-11-03,0.0,24.53,19.02
2014-11-04,0.0,25.53,19.25
2014-11-05,0.0,25.16,16.95
2014-11-06,0.0,24.64,18.47
2014-11-07,0.0,25.85,18.35
2014-11-08,0.0,26.47,14.66
2014-11-09,0.01,26.24,15.54
2014-11-10,0.0,24.6,16.06
2014-11-11,0.0,23.67,18.08
2014-11-12,0.0,24.35,17.17
2014-11-13,0.0,24.26,16.9
2014-11-14,0.0,22.43,17.18
2014-11-15,0.0,22.01,17.31
2014-11-16,0.0,22.49,16.79
2014-11-17,0.0,22.57,16.9
2014-11-18,0.0,23.5,17.8
2014-11-19,0.0,22.91,18.06
2014-11-20,0.0,22.15,17.24
2014-11-21,0.0,21.74,16.38
2014-11-22,0.0,21.48,16.01
2014-11-23,0.0,21.83,15.67
2014-11-24,0.0,20.48,16.26
2014-11-25,0.0,20.53,17.23
2014-11-26,0.0,20.07,17.04
2014-11-27,0.0,20.99,15.79
2014-11-28,0.0,20.66,15.77
2014-11-29,0.0,21.43,15.92
2014-11-30,0.0,20.84,16.53
2014-12-01,0.0,21.36,16.51
2014-12-02,0.0,21.63,15.94
2014-12-03,0.0,21.71,15.52
2014-12-04,0.0,22.34,15.72
2014-12-05,0.0,22.17,16.7
2014-12-06,0.0,22.08,16.11
2014-12-07,0.0,20.09,15.83
2014-12-08,0.0,19.0,10.51
2014-12-09,0.0,19.82,10.8
2014-12-10,0.0,18.98,12.1
2014-12-11,0.12,17.8,11.61
2014-12-12,12.15,16.59,8.96
2014-12-13,0.0,18.09,9.39
2014-12-14,0.0,19.83,14.1
2014-12-15,0.0,20.78,9.79
2014-12-16,0.0,20.44,16.38
2014-12-17,0.0,18.69,15.52
2014-12-18,0.0,16.28,12.1
2014-12-19,0.0,17.55,14.25
2014-12-20,0.0,18.7,16.39
2014-12-21,0.0,19.7,15.62
2014-12-22,0.0,18.64,16.21
2014-12-23,0.0,18.92,16.5
2014-12-24,0.0,19.23,16.71
2014-12-25,0.0,18.37,16.54
2014-12-26,0.0,16.55,14.96
2014-12-27,0.0,15.94,11.16
2014-12-28,0.0,17.03,12.58
2014-12-29,0.0,17.59,14.3
2014-12-30,0.0,18.12,11.24
2014-12-31,0.02,19.27,6.55
2015-01-01,0.21,20.0,6.15
2015-01-02,0.01,23.21,12.16
2015-01-03,0.06,23.69,14.1
2015-01-04,1.26,22.13,11.92
2015-01-05,0.06,19.71,14.02
2015-01-06,0.0,17.89,16.29
2015-01-07,0.0,16.93,15.08
2015-01-08,0.0,17.3,14.97
2015-01-09,0.01,17.54,11.44
2015-01-10,0.0,17.11,14.78
2015-01-11,0.0,16.9,12.67
2015-01-12,0.0,17.61,12.96
2015-01-13,0.0,19.16,15.62
2015-01-14,0.0,20.19,15.63
2015-01-15,0.0,20.39,16.81
2015-01-16,0.0,20.53,14.91
2015-01-17,2.76,20.44,15.7
2015-01-18,0.13,17.61,11.5
2015-01-19,0.0,17.1,7.06
2015-01-20,0.0,17.39,11.56
2015-01-21,0.0,18.27,13.37
2015-01-22,0.0,19.21,17.44
2015-01-23,0.0,19.63,17.03
2015-01-24,0.0,19.71,17.39
2015-01-25,0.0,19.4,17.92
2015-01-26,0.0,18.78,18.39
2015-01-27,0.0,19.95,17.4
2015-01-28,0.0,21.48,17.16
2015-01-29,0.0,21.09,17.11
2015-01-30,0.0,19.6,12.68
2015-01-31,0.0,16.77,18.35
2015-02-01,0.0,16.53,19.0
2015-02-02,0.0,18.05,19.3
2015-02-03,0.0,20.99,19.72
2015-02-04,0.0,21.6,19.43
2015-02-05,0.0,22.41,17.1
2015-02-06,0.0,20.09,16.55
2015-02-07,0.0,18.81,16.73
2015-02-08,0.0,19.5,18.61
2015-02-09,0.0,20.59,18.51
2015-02-10,0.0,22.01,15.7
2015-02-11,0.0,20.14,15.61
2015-02-12,0.0,20.08,19.41
2015-02-13,0.0,21.12,18.02
2015-02-14,0.0,21.25,17.48
2015-02-15,0.95,21.84,12.04
2015-02-16,0.0,22.71,17.56
2015-02-17,0.0,23.43,19.68
2015-02-18,0.19,23.02,17.69
2015-02-19,15.5,22.21,9.33
2015-02-20,0.13,23.33,18.39
2015-02-21,0.05,24.05,18.58
2015-02-22,14.07,23.83,17.59
2015-02-23,0.0,24.33,20.16
2015-02-24,0.0,25.22,18.94
2015-02-25,0.0,24.88,18.74
2015-02-26,0.0,24.95,17.59
2015-02-27,0.02,25.42,19.5
2015-02-28,0.0,26.07,18.31
2015-03-01,0.0,26.81,18.39
2015-03-02,0.0,27.4,20.66
2015-03-03,0.0,25.61,18.31
2015-03-04,12.02,22.08,7.95
2015-03-05,0.17,23.35,18.47
2015-03-06,0.0,21.95,23.53
2015-03-07,0.0,22.31,22.67
2015-03-08,0.0,23.69,23.31
2015-03-09,0.0,25.11,23.66
2015-03-10,0.0,25.49,22.77
2015-03-11,0.0,24.16,23.52
2015-03-12,0.0,23.68,24.39
2015-03-13,0.0,24.7,23.88
2015-03-14,0.0,26.73,22.1
2015-03-15,0.0,27.94,22.34
2015-03-16,0.0,27.9,22.37
2015-03-17,0.0,27.85,22.22
2015-03-18,0.0,28.09,18.81
2015-03-19,0.0,27.81,23.29
2015-03-20,0.0,26.39,25.15
2015-03-21,0.0,26.34,24.67
2015-03-22,0.0,27.44,24.72
2015-03-23,0.0,28.85,23.51
2015-03-24,0.0,28.59,21.3
2015-03-25,0.06,28.85,18.7
2015-03-26,0.19,28.33,19.99
2015-03-27,0.01,28.83,19.94
2015-03-28,4.82,27.61,14.58
2015-03-29,0.92,28.72,19.71
2015-03-30,0.29,28.89,20.57
2015-03-31,4.8,26.84,13.44
2015-04-01,3.76,27.87,14.93
2015-04-02,41.13,26.48,17.43
2015-04-03,18.9,27.75,17.66
2015-04-04,14.63,27.88,17.63
2015-04-05,40.7,26.45,14.64
2015-04-06,33.46,26.32,14.31
2015-04-07,2.97,27.04,18.52
2015-04-08,5.22,27.27,21.15
2015-04-09,1.08,27.38,22.38
2015-04-10,0.39,28.05,22.47
2015-04-11,6.89,27.91,21.54
2015-04-12,11.47,27.36,20.2
2015-04-13,0.05,27.38,21.89
2015-04-14,0.03,27.76,21.45
2015-04-15,0.0,27.8,20.87
2015-04-16,0.0,27.99,16.48
2015-04-17,0.07,27.44,13.26
2015-04-18,19.39,26.65,18.99
2015-04-19,27.98,27.4,17.51
2015-04-20,12.26,27.93,20.52
2015-04-21,21.61,28.01,17.67
2015-04-22,28.64,27.43,17.77
2015-04-23,25.69,26.92,21.67
2015-04-24,5.46,25.83,19.46
2015-04-25,9.46,25.08,8.42
2015-04-26,1.94,24.97,13.58
2015-04-27,0.7,26.21,19.43
2015-04-28,0.52,26.21,22.3
2015-04-29,2.16,26.16,19.81
2015-04-30,5.82,26.79,18.12
2015-05-01,16.72,27.58,18.12
2015-05-02,7.92,26.93,14.36
2015-05-03,1.44,27.45,21.99
2015-05-04,0.61,28.63,23.07
2015-05-05,0.19,28.04,25.25
2015-05-06,5.16,28.1,24.15
2015-05-07,8.03,27.94,17.41
2015-05-08,14.32,26.83,18.51
2015-05-09,0.27,27.77,20.44
2015-05-10,22.39,27.87,11.12
2015-05-11,27.31,27.03,10.62
2015-05-12,7.92,27.65,12.48
2015-05-13,0.74,28.18,23.18
2015-05-14,1.3,28.93,22.23
2015-05-15,21.74,28.57,17.61
2015-05-16,12.33,27.3,19.72
2015-05-17,13.1,27.55,14.43
2015-05-18,4.81,27.9,16.65
2015-05-19,0.04,28.54,24.52
2015-05-20,0.0,29.19,23.56
2015-05-21,1.74,29.01,20.53
2015-05-22,6.77,29.4,20.42
2015-05-23,11.12,29.42,21.07
2015-05-24,24.38,27.86,14.76
2015-05-25,6.63,28.09,23.72
2015-05-26,13.32,27.88,16.86
2015-05-27,23.7,27.58,17.54
2015-05-28,12.72,28.1,19.46
2015-05-29,2.98,28.67,19.1
2015-05-30,25.23,28.6,12.8
2015-05-31,12.7,28.35,19.4
2015-06-01,3.83,28.36,21.2
2015-06-02,3.06,28.8,20.91
2015-06-03,11.13,28.89,22.58
2015-06-04,0.43,28.84,21.88
2015-06-05,0.6,29.43,20.19
2015-06-06,0.22,28.83,14.93
2015-06-07,1.39,28.24,21.99
2015-06-08,0.89,28.99,19.21
2015-06-09,4.73,28.94,19.33
2015-06-10,37.6,28.33,7.5
2015-06-11,38.94,27.79,2.15
2015-06-12,26.55,27.56,14.72
2015-06-13,35.45,27.28,8.66
2015-06-14,11.24,27.67,18.49
2015-06-15,7.65,27.02,12.75
2015-06-16,6.24,27.2,13.82
2015-06-17,1.81,27.63,17.45
2015-06-18,1.82,27.69,21.37
2015-06-19,12.63,28.98,22.05
2015-06-20,13.2,28.29,23.51
2015-06-21,8.18,28.22,21.59
2015-06-22,17.69,28.18,12.54
2015-06-23,15.41,28.14,5.68
2015-06-24,11.17,29.03,7.35
2015-06-25,37.52,29.01,10.35
2015-06-26,30.89,27.62,7.85
2015-06-27,15.65,27.22,11.22
2015-06-28,6.69,27.71,16.66
2015-06-29,3.91,27.42,16.95
2015-06-30,2.44,28.07,18.83
2015-07-01,3.24,28.03,20.58
2015-07-02,5.87,28.34,15.93
2015-07-03,4.7,29.0,15.82
2015-07-04,1.89,29.08,16.37
2015-07-05,6.17,28.78,16.43
2015-07-06,9.52,28.36,18.98
2015-07-07,22.59,28.9,16.66
2015-07-08,54.85,28.17,15.76
2015-07-09,51.1,27.47,6.98
2015-07-10,22.72,28.03,10.99
2015-07-11,31.18,27.49,20.72
2015-07-12,2.37,28.53,19.36
2015-07-13,6.69,28.94,17.87
2015-07-14,18.75,29.09,19.28
2015-07-15,41.48,28.28,5.01
2015-07-16,72.74,27.82,13.26
2015-07-17,23.3,26.91,11.25
2015-07-18,46.84,26.82,8.52
2015-07-19,64.81,26.73,5.42
2015-07-20,17.43,27.68,10.34
2015-07-21,13.81,27.53,19.43
2015-07-22,11.13,27.31,14.73
2015-07-23,14.51,27.41,14.14
2015-07-24,23.98,26.83,4.97
2015-07-25,18.2,26.45,12.18
2015-07-26,7.14,26.38,7.83
2015-07-27,17.3,26.36,6.42
2015-07-28,10.16,27.3,17.65
2015-07-29,1.33,28.54,17.52
2015-07-30,16.13,27.21,11.11
2015-07-31,38.94,26.54,9.1
2015-08-01,22.84,26.58,12.54
2015-08-02,0.7,26.43,18.22
2015-08-03,6.07,26.85,19.15
2015-08-04,16.91,27.49,19.61
2015-08-05,5.31,27.87,19.3
2015-08-06,1.46,28.55,20.73
2015-08-07,9.88,27.78,15.01
2015-08-08,0.71,28.09,10.65
2015-08-09,5.75,28.22,17.14
2015-08-10,16.57,28.25,16.55
2015-08-11,7.22,29.01,18.96
2015-08-12,5.46,28.61,17.27
2015-08-13,5.74,28.19,18.84
2015-08-14,7.04,28.62,15.0
2015-08-15,4.16,28.17,17.37
2015-08-16,7.16,27.87,14.15
2015-08-17,24.27,27.68,13.59
2015-08-18,33.12,27.92,10.17
2015-08-19,37.71,28.35,9.26
2015-08-20,26.89,28.36,4.65
2015-08-21,20.42,27.1,12.63
2015-08-22,2.13,28.02,16.49
2015-08-23,4.52,27.4,18.85
2015-08-24,0.64,28.24,18.25
2015-08-25,0.13,28.01,15.7
2015-08-26,1.27,27.85,17.14
2015-08-27,3.58,27.47,16.83
2015-08-28,3.88,27.2,17.43
2015-08-29,5.64,27.75,13.57
2015-08-30,22.07,27.71,14.02
2015-08-31,49.55,27.54,5.9
2015-09-01,14.08,27.3,6.02
2015-09-02,7.16,27.34,11.51
2015-09-03,11.17,26.67,10.08
2015-09-04,5.31,27.08,10.25
2015-09-05,5.78,27.46,11.63
2015-09-06,1.61,28.02,17.5
2015-09-07,3.1,27.51,14.17
2015-09-08,3.55,27.32,18.75
2015-09-09,1.68,28.97,19.27
2015-09-10,5.63,28.49,18.1
2015-09-11,9.31,28.17,19.75
2015-09-12,4.86,29.15,22.85
2015-09-13,9.85,28.13,15.64
2015-09-14,13.55,27.6,18.12
2015-09-15,8.68,28.32,20.52
2015-09-16,0.64,28.61,21.7
2015-09-17,0.0,29.81,20.2
2015-09-18,1.68,30.38,20.98
2015-09-19,6.55,27.21,11.27
2015-09-20,11.85,26.42,14.6
2015-09-21,23.09,27.36,8.56
2015-09-22,18.73,27.97,3.94
2015-09-23,23.11,27.23,5.27
2015-09-24,7.66,27.18,8.13
2015-09-25,0.49,27.81,18.64
2015-09-26,0.0,28.38,20.74
2015-09-27,0.0,28.04,21.63
2015-09-28,0.0,27.82,22.05
2015-09-29,0.0,28.43,22.16
2015-09-30,0.06,28.84,21.77
2015-10-01,0.19,28.69,16.9
2015-10-02,1.66,28.52,18.26
2015-10-03,9.46,27.81,17.17
2015-10-04,0.44,28.72,19.47
2015-10-05,8.18,27.9,18.37
2015-10-06,6.22,27.66,19.4
2015-10-07,15.46,26.99,16.45
2015-10-08,15.7,25.6,3.01
2015-10-09,11.31,27.15,16.5
2015-10-10,1.35,27.69,11.26
2015-10-11,1.27,26.86,12.66
2015-10-12,5.79,25.45,17.05
2015-10-13,4.24,24.88,13.21
2015-10-14,2.65,25.46,15.47
2015-10-15,1.02,26.14,18.59
2015-10-16,0.35,26.29,18.73
2015-10-17,0.0,26.69,18.69
2015-10-18,0.0,26.63,19.94
2015-10-19,0.0,26.98,20.24
2015-10-20,0.0,27.02,20.53
2015-10-21,0.0,26.69,20.39
2015-10-22,0.0,26.08,20.33
2015-10-23,1.47,25.83,16.64
2015-10-24,0.14,25.68,19.35
2015-10-25,0.0,25.36,19.79
2015-10-26,0.0,25.02,20.81
2015-10-27,0.0,24.69,20.45
2015-10-28,0.0,24.2,19.7
2015-10-29,0.0,24.49,15.91
2015-10-30,0.0,24.5,11.33
2015-10-31,0.28,23.73,7.24
2015-11-01,2.4,23.79,9.31
2015-11-02,3.13,23.95,17.0
2015-11-03,0.0,24.52,17.84
2015-11-04,0.01,24.87,18.15
2015-11-05,0.09,25.26,17.36
2015-11-06,0.05,25.14,18.04
2015-11-07,0.0,23.91,18.49
2015-11-08,0.0,22.72,19.19
2015-11-09,0.0,23.13,16.49
2015-11-10,0.0,23.48,18.15
2015-11-11,0.0,23.4,17.71
2015-11-12,0.0,23.58,18.73
2015-11-13,0.0,23.58,18.68
2015-11-14,0.0,23.27,17.61
2015-11-15,0.09,22.81,16.74
2015-11-16,0.03,22.98,16.82
2015-11-17,0.01,22.88,7.98
2015-11-18,0.01,23.26,8.24
2015-11-19,0.0,22.56,17.16
2015-11-20,0.0,23.25,18.33
2015-11-21,0.0,23.94,18.39
2015-11-22,0.0,23.88,18.36
2015-11-23,0.0,22.98,18.33
2015-11-24,0.0,22.91,18.18
2015-11-25,0.0,21.49,17.32
2015-11-26,0.0,21.22,16.72
2015-11-27,0.0,20.86,15.72
2015-11-28,0.0,21.34,15.75
2015-11-29,0.0,22.94,16.63
2015-11-30,0.0,22.95,16.31
2015-12-01,0.0,23.22,13.44
2015-12-02,0.0,22.42,7.41
2015-12-03,0.04,22.28,9.67
2015-12-04,0.04,22.49,10.88
2015-12-05,0.0,21.89,14.5
2015-12-06,0.0,21.76,14.85
2015-12-07,0.0,21.36,11.93
2015-12-08,0.01,21.42,11.0
2015-12-09,0.01,21.82,12.05
2015-12-10,0.0,21.05,14.41
2015-12-11,0.0,20.6,11.75
2015-12-12,0.11,20.3,10.73
2015-12-13,2.27,21.66,7.91
2015-12-14,0.01,20.89,8.67
2015-12-15,0.0,19.01,9.19
2015-12-16,0.0,17.46,12.71
2015-12-17,0.0,17.66,15.58
2015-12-18,0.14,14.98,7.18
2015-12-19,0.0,16.56,13.71
2015-12-20,0.0,17.32,15.69
2015-12-21,0.0,17.21,16.09
2015-12-22,0.0,17.65,15.57
2015-12-23,0.0,17.5,15.82
2015-12-24,0.0,17.71,14.59
2015-12-25,0.0,17.09,8.05
2015-12-26,0.0,16.54,15.71
2015-12-27,0.0,17.75,15.88
2015-12-28,0.0,18.69,15.28
2015-12-29,0.0,18.91,13.76
2015-12-30,0.0,20.24,14.26
2015-12-31,0.0,20.42,12.12
2016-01-01,0.0,19.99,16.53
2016-01-02,0.0,20.02,16.68
2016-01-03,0.0,19.45,15.34
2016-01-04,0.0,19.55,15.74
2016-01-05,0.0,19.31,16.11
2016-01-06,0.0,19.53,15.83
2016-01-07,0.0,20.14,14.83
2016-01-08,0.0,19.67,15.47
2016-01-09,0.16,19.12,13.1
2016-01-10,0.01,19.92,10.38
2016-01-11,0.0,18.58,13.25
2016-01-12,0.0,18.02,15.14
2016-01-13,0.0,18.28,13.41
2016-01-14,0.0,19.23,12.28
2016-01-15,0.0,19.08,15.22
2016-01-16,0.0,20.21,14.04
2016-01-17,0.0,19.53,14.25
2016-01-18,0.0,19.47,15.62
2016-01-19,0.1,19.64,15.36
2016-01-20,17.48,19.26,10.46
2016-01-21,2.11,17.77,8.23
2016-01-22,0.0,16.43,13.62
2016-01-23,0.01,15.86,12.66
2016-01-24,0.0,15.56,16.25
2016-01-25,0.0,15.5,17.0
2016-01-26,0.0,16.24,17.94
2016-01-27,0.0,16.83,17.6
2016-01-28,0.0,18.21,13.61
2016-01-29,0.0,19.06,12.41
2016-01-30,0.0,19.58,12.18
2016-01-31,0.0,19.89,9.7
2016-02-01,0.0,20.3,10.99
2016-02-02,0.0,21.14,12.48
2016-02-03,0.0,21.74,12.86
2016-02-04,0.0,19.61,17.2
2016-02-05,0.0,19.18,18.24
2016-02-06,0.0,20.1,18.66
2016-02-07,0.0,21.25,19.11
2016-02-08,0.0,20.33,18.85
2016-02-09,0.35,20.28,11.37
2016-02-10,0.33,22.06,13.4
2016-02-11,0.13,21.85,15.36
2016-02-12,15.82,22.31,8.61
2016-02-13,0.08,23.43,16.55
2016-02-14,0.0,23.62,16.41
2016-02-15,0.0,24.64,17.08
2016-02-16,0.0,25.48,17.62
2016-02-17,0.0,25.82,16.79
2016-02-18,0.0,26.61,17.28
2016-02-19,0.0,25.58,18.38
2016-02-20,0.0,26.23,17.86
2016-02-21,0.0,26.83,17.2
2016-02-22,0.4,26.65,14.21
2016-02-23,0.73,26.06,16.43
2016-02-24,18.55,24.93,8.77
2016-02-25,22.03,24.78,15.16
2016-02-26,0.0,25.42,20.02
2016-02-27,0.01,24.59,17.77
2016-02-28,0.0,26.16,19.97
2016-02-29,0.0,26.32,20.75
2016-03-01,0.0,26.1,18.05
2016-03-02,0.0,26.68,18.15
2016-03-03,0.12,27.28,18.5
2016-03-04,0.17,26.15,19.36
2016-03-05,0.89,26.6,18.31
2016-03-06,0.0,27.45,20.11
2016-03-07,2.78,26.71,20.98
2016-03-08,0.0,27.5,18.03
2016-03-09,0.0,27.89,18.68
2016-03-10,0.1,28.52,15.05
2016-03-11,0.01,28.94,15.88
2016-03-12,0.0,27.28,17.25
2016-03-13,0.01,27.75,19.44
2016-03-14,0.0,27.7,17.74
2016-03-15,0.05,27.39,21.63
2016-03-16,3.5,27.36,16.18
2016-03-17,0.0,27.43,23.44
2016-03-18,0.0,27.31,23.63
2016-03-19,6.04,27.04,14.22
2016-03-20,1.32,28.3,13.09
2016-03-21,5.15,28.66,16.46
2016-03-22,8.59,28.23,21.25
2016-03-23,0.21,28.46,19.4
2016-03-24,0.03,28.52,22.84
2016-03-25,0.0,29.12,23.66
2016-03-26,0.0,28.78,20.59
2016-03-27,0.01,29.27,18.66
2016-03-28,25.61,26.29,10.09
2016-03-29,20.94,26.49,15.51
2016-03-30,4.56,27.23,19.83
2016-03-31,13.1,25.01,12.43
2016-04-01,21.72,23.38,10.32
2016-04-02,1.43,26.01,15.27
2016-04-03,20.68,27.1,13.99
2016-04-04,71.3,26.69,8.74
2016-04-05,8.67,26.77,14.71
2016-04-06,9.55,27.62,18.26
2016-04-07,2.1,27.92,20.51
2016-04-08,1.02,28.37,19.58
2016-04-09,0.34,28.8,21.41
2016-04-10,0.0,29.55,22.59
2016-04-11,0.01,29.33,22.09
2016-04-12,0.63,29.8,18.3
2016-04-13,2.67,29.79,20.24
2016-04-14,18.59,29.11,21.38
2016-04-15,15.91,28.73,20.22
2016-04-16,17.75,28.7,18.55
2016-04-17,5.37,28.22,15.84
2016-04-18,4.1,28.02,16.01
2016-04-19,1.07,29.14,19.54
2016-04-20,1.5,28.44,20.3
2016-04-21,2.71,28.85,18.67
2016-04-22,5.56,29.11,19.11
2016-04-23,2.82,29.4,19.13
2016-04-24,1.0,30.13,21.47
2016-04-25,4.61,29.69,20.09
2016-04-26,4.16,29.68,22.0
2016-04-27,0.82,29.51,20.46
2016-04-28,1.39,29.45,20.32
2016-04-29,0.74,29.32,20.35
2016-04-30,0.74,29.84,21.19
2016-05-01,7.4,29.58,18.45
2016-05-02,16.69,27.71,13.15
2016-05-03,14.29,27.5,19.45
2016-05-04,20.81,27.19,17.94
2016-05-05,3.0,28.43,18.66
2016-05-06,23.02,27.83,21.03
2016-05-07,14.84,27.79,18.43
2016-05-08,2.09,28.94,22.68
2016-05-09,0.93,29.32,23.68
2016-05-10,0.04,29.15,23.25
2016-05-11,0.09,30.53,22.92
2016-05-12,4.84,30.2,17.62
2016-05-13,37.21,27.34,13.63
2016-05-14,42.14,28.33,22.1
2016-05-15,34.13,28.42,19.92
2016-05-16,6.86,28.89,21.42
2016-05-17,12.42,28.96,18.42
2016-05-18,22.14,28.8,13.84
2016-05-19,52.77,26.91,10.58
2016-05-20,16.06,26.13,8.48
2016-05-21,137.66,25.51,3.43
2016-05-22,4.73,28.08,20.05
2016-05-23,0.75,28.94,23.84
2016-05-24,0.39,28.69,23.12
2016-05-25,1.63,29.5,21.3
2016-05-26,17.9,28.7,23.61
2016-05-27,13.97,28.8,16.58
2016-05-28,64.55,28.11,10.77
2016-05-29,14.04,28.52,15.87
2016-05-30,6.85,28.91,20.31
2016-05-31,7.67,28.52,15.18
2016-06-01,4.97,28.64,21.6
2016-06-02,0.28,28.9,23.35
2016-06-03,1.34,29.2,23.7
2016-06-04,18.74,28.74,24.29
2016-06-05,2.1,28.57,23.16
2016-06-06,17.92,27.76,20.39
2016-06-07,26.83,27.03,15.63
2016-06-08,13.82,27.7,18.42
2016-06-09,7.23,27.0,13.21
2016-06-10,7.51,28.52,17.06
2016-06-11,14.97,29.07,11.72
2016-06-12,24.03,28.0,8.42
2016-06-13,5.84,27.29,10.32
2016-06-14,4.06,28.22,17.22
2016-06-15,5.96,28.02,16.04
2016-06-16,14.78,28.6,18.29
2016-06-17,12.24,27.84,18.8
2016-06-18,2.06,27.76,19.84
2016-06-19,4.43,27.8,20.43
2016-06-20,4.73,28.43,18.57
2016-06-21,4.26,28.55,21.24
2016-06-22,16.92,28.17,16.23
2016-06-23,10.21,28.36,10.5
2016-06-24,3.78,28.68,18.81
2016-06-25,1.34,29.01,20.67
2016-06-26,11.15,29.06,22.59
2016-06-27,6.54,29.12,22.83
2016-06-28,10.08,29.64,23.04
2016-06-29,13.03,29.32,22.88
2016-06-30,2.33,28.74,19.24
2016-07-01,8.66,28.68,19.54
2016-07-02,13.64,28.04,12.86
2016-07-03,39.29,28.15,11.97
2016-07-04,22.73,27.89,5.26
2016-07-05,24.86,27.92,12.62
2016-07-06,17.1,28.56,11.91
2016-07-07,10.89,28.93,21.99
2016-07-08,5.66,29.08,22.58
2016-07-09,13.52,28.17,18.78
2016-07-10,9.98,28.06,17.29
2016-07-11,3.6,28.42,20.08
2016-07-12,7.41,28.26,17.49
2016-07-13,12.45,28.7,18.09
2016-07-14,4.97,28.57,17.98
2016-07-15,13.51,27.77,18.19
2016-07-16,25.81,27.2,10.78
2016-07-17,16.48,27.79,15.68
2016-07-18,30.93,27.5,10.86
2016-07-19,35.42,27.82,9.32
2016-07-20,18.02,28.22,13.48
2016-07-21,5.06,28.28,15.27
2016-07-22,6.18,27.15,15.95
2016-07-23,21.01,27.57,15.12
2016-07-24,13.93,27.17,17.4
2016-07-25,18.68,26.75,9.33
2016-07-26,5.78,27.19,18.82
2016-07-27,0.89,28.11,18.72
2016-07-28,3.49,27.89,16.73
2016-07-29,12.38,28.25,15.19
2016-07-30,24.49,28.13,20.22
2016-07-31,30.09,27.27,19.1
2016-08-01,24.37,28.2,22.24
2016-08-02,15.6,28.01,21.18
2016-08-03,2.56,28.72,23.44
2016-08-04,5.07,28.72,24.57
2016-08-05,8.51,28.36,18.65
2016-08-06,5.36,27.53,19.66
2016-08-07,1.67,27.55,17.61
2016-08-08,3.85,28.03,20.25
2016-08-09,4.74,27.54,14.62
2016-08-10,10.56,26.73,4.8
2016-08-11,3.58,28.31,15.97
2016-08-12,2.09,28.5,17.33
2016-08-13,24.81,28.62,18.88
2016-08-14,34.97,28.31,17.94
2016-08-15,21.13,28.82,19.92
2016-08-16,20.36,28.8,21.36
2016-08-17,23.55,28.1,14.02
2016-08-18,1.6,28.34,19.24
2016-08-19,0.25,28.57,18.8
2016-08-20,2.02,29.14,10.43
2016-08-21,20.98,28.14,6.82
2016-08-22,0.82,27.66,22.89
2016-08-23,0.24,28.21,20.12
2016-08-24,0.04,28.81,20.07
2016-08-25,14.16,29.25,20.85
2016-08-26,23.52,28.4,17.64
2016-08-27,13.46,29.31,22.33
2016-08-28,29.72,28.11,16.04
2016-08-29,19.8,28.2,20.87
2016-08-30,6.5,28.07,18.99
2016-08-31,21.01,27.61,16.21
2016-09-01,25.49,27.33,14.5
2016-09-02,13.38,28.11,11.99
2016-09-03,14.1,28.56,17.5
2016-09-04,11.04,28.03,18.13
2016-09-05,5.62,27.92,15.52
2016-09-06,10.84,27.59,16.31
2016-09-07,1.58,28.17,17.55
2016-09-08,3.67,27.89,17.6
2016-09-09,7.9,28.09,15.87
2016-09-10,5.65,27.74,15.33
2016-09-11,9.12,27.17,12.08
2016-09-12,15.33,27.09,11.29
2016-09-13,14.69,25.95,14.56
2016-09-14,23.57,26.84,14.05
2016-09-15,15.76,27.9,22.05
2016-09-16,4.23,28.2,13.35
2016-09-17,5.12,27.99,15.04
2016-09-18,18.22,28.18,19.18
2016-09-19,11.89,27.8,15.19
2016-09-20,10.77,27.85,11.98
2016-09-21,4.9,28.29,17.86
2016-09-22,3.13,27.86,17.52
2016-09-23,4.98,28.26,19.3
2016-09-24,7.53,27.78,17.61
2016-09-25,7.47,27.53,18.84
2016-09-26,9.87,27.84,18.3
2016-09-27,6.56,28.5,18.88
2016-09-28,11.28,28.11,12.92
2016-09-29,7.69,28.31,19.38
2016-09-30,1.73,27.84,19.24
2016-10-01,7.38,28.46,20.29
2016-10-02,4.01,28.04,15.81
2016-10-03,1.67,28.39,17.22
2016-10-04,4.82,28.64,18.44
2016-10-05,17.8,28.25,16.88
2016-10-06,30.22,27.76,17.23
2016-10-07,8.87,28.16,12.81
2016-10-08,27.26,26.99,16.11
2016-10-09,7.47,26.83,13.85
2016-10-10,5.12,26.91,10.37
2016-10-11,11.7,26.13,10.03
2016-10-12,12.08,25.79,7.85
2016-10-13,15.11,27.31,14.63
2016-10-14,5.1,27.33,12.11
2016-10-15,1.26,26.24,19.54
2016-10-16,0.0,27.04,20.37
2016-10-17,0.0,27.48,20.42
2016-10-18,0.0,27.51,20.3
2016-10-19,0.0,26.93,20.35
2016-10-20,0.0,26.54,20.98
2016-10-21,0.0,25.9,21.37
2016-10-22,0.0,25.6,21.32
2016-10-23,0.0,24.63,21.48
2016-10-24,0.0,25.32,20.27
2016-10-25,0.01,26.34,19.1
2016-10-26,0.24,26.84,13.98
2016-10-27,7.25,26.89,8.19
2016-10-28,10.63,26.21,11.81
2016-10-29,14.99,26.52,13.89
2016-10-30,5.87,26.46,17.66
2016-10-31,1.44,27.02,17.82
2016-11-01,0.0,27.39,18.45
2016-11-02,0.0,27.78,18.67
2016-11-03,0.67,27.12,16.08
2016-11-04,11.01,24.84,6.02
2016-11-05,54.76,22.7,3.86
2016-11-06,96.42,23.52,6.33
2016-11-07,23.02,23.81,7.81
2016-11-08,0.34,23.34,15.56
2016-11-09,0.0,23.68,18.29
2016-11-10,0.0,23.31,17.34
2016-11-11,0.0,22.46,17.53
2016-11-12,0.0,23.26,17.07
2016-11-13,0.0,23.52,18.31
2016-11-14,0.0,22.76,18.01
2016-11-15,0.0,21.61,18.1
2016-11-16,0.0,21.74,17.99
2016-11-17,0.0,21.54,18.3
2016-11-18,0.0,21.66,18.72
2016-11-19,0.0,21.68,18.74
2016-11-20,0.0,22.17,18.57
2016-11-21,0.0,22.04,17.73
2016-11-22,0.0,22.11,17.53
2016-11-23,0.0,21.58,17.44
2016-11-24,0.0,21.45,17.1
2016-11-25,0.0,21.98,17.07
2016-11-26,0.0,22.45,16.99
2016-11-27,0.0,22.16,16.15
2016-11-28,0.0,21.78,14.98
2016-11-29,0.0,22.14,15.86
2016-11-30,0.0,22.18,16.23
2016-12-01,0.0,22.03,16.57
2016-12-02,0.0,22.47,16.61
2016-12-03,0.0,21.33,16.73
2016-12-04,0.0,21.61,17.04
2016-12-05,0.0,21.21,16.19
2016-12-06,0.0,21.91,17.19
2016-12-07,0.0,21.64,17.22
2016-12-08,0.0,21.09,17.26
2016-12-09,0.0,20.91,16.94
2016-12-10,0.0,20.04,16.29
2016-12-11,0.0,19.6,16.23
2016-12-12,0.0,19.18,16.6
2016-12-13,0.0,17.98,16.5
2016-12-14,0.0,17.8,15.23
2016-12-15,0.0,18.39,14.87
2016-12-16,0.0,19.22,16.24
2016-12-17,0.0,19.86,14.71
2016-12-18,0.0,19.86,14.45
2016-12-19,0.0,19.74,13.37
2016-12-20,0.0,19.31,11.46
2016-12-21,0.0,18.21,11.94
2016-12-22,0.0,19.43,13.7
2016-12-23,0.0,19.97,14.34
2016-12-24,0.0,20.9,14.78
2016-12-25,0.0,22.12,15.2
2016-12-26,0.87,21.56,14.51
2016-12-27,0.66,20.37,11.65
2016-12-28,0.0,19.33,15.59
2016-12-29,0.0,20.04,15.95
2016-12-30,0.0,19.48,14.77
2016-12-31,0.0,19.36,15.43
2017-01-01,0.0,19.91,16.24
2017-01-02,0.0,20.24,16.46
2017-01-03,0.0,19.43,16.07
2017-01-04,0.0,18.66,16.13
2017-01-05,0.0,18.32,16.32
2017-01-06,0.0,17.84,14.37
2017-01-07,0.0,17.9,14.44
2017-01-08,0.0,18.09,17.16
2017-01-09,0.0,19.22,16.58
2017-01-10,0.0,18.79,15.67
2017-01-11,0.0,17.57,15.63
2017-01-12,0.0,16.34,16.14
2017-01-13,0.0,14.66,16.28
2017-01-14,5.68,13.64,17.31
2017-01-15,0.0,14.65,17.73
2017-01-16,0.0,15.44,17.62
2017-01-17,0.0,16.57,17.67
2017-01-18,0.0,17.79,17.34
2017-01-19,0.0,18.23,17.97
2017-01-20,0.0,17.66,17.01
2017-01-21,0.0,17.95,18.28
2017-01-22,0.0,17.84,18.4
2017-01-23,0.0,18.2,18.33
2017-01-24,0.0,19.82,18.41
2017-01-25,0.0,20.87,18.68
2017-01-26,0.0,21.28,19.17
2017-01-27,0.0,20.96,14.86
2017-01-28,0.0,20.64,16.69
2017-01-29,0.0,19.02,16.13
2017-01-30,0.0,18.66,16.7
2017-01-31,0.0,19.49,16.08
2017-02-01,0.0,19.39,17.01
2017-02-02,0.0,18.3,18.26
2017-02-03,0.0,18.53,18.44
2017-02-04,0.0,19.82,19.21
2017-02-05,0.0,21.18,19.44
2017-02-06,0.0,20.69,19.78
2017-02-07,0.0,21.26,18.13
2017-02-08,0.0,21.18,17.87
2017-02-09,0.0,20.2,18.95
2017-02-10,0.0,20.74,19.24
2017-02-11,0.0,22.34,17.75
2017-02-12,0.0,22.08,18.18
2017-02-13,0.0,22.25,16.38
2017-02-14,0.0,22.76,19.1
2017-02-15,0.0,22.15,19.58
2017-02-16,0.0,22.68,20.0
2017-02-17,0.0,23.32,20.15
2017-02-18,0.0,23.32,20.18
2017-02-19,0.0,22.56,17.17
2017-02-20,0.47,23.18,11.28
2017-02-21,4.8,24.34,15.25
2017-02-22,2.09,24.53,15.62
2017-02-23,15.62,24.08,11.8
2017-02-24,0.07,23.94,21.1
2017-02-25,0.12,21.55,22.46
2017-02-26,0.0,22.34,22.34
2017-02-27,0.0,21.89,22.22
2017-02-28,0.0,23.19,21.64
2017-03-01,0.0,24.16,21.59
2017-03-02,0.0,23.31,21.97
2017-03-03,0.0,24.51,18.96
2017-03-04,0.01,24.46,13.45
2017-03-05,9.66,24.17,14.06
2017-03-06,39.38,23.89,15.55
2017-03-07,22.58,24.42,18.36
2017-03-08,4.93,24.69,14.28
2017-03-09,9.8,23.61,19.28
2017-03-10,8.7,24.29,15.14
2017-03-11,49.72,24.36,6.84
2017-03-12,5.07,23.39,12.32
2017-03-13,0.02,22.18,22.73
2017-03-14,0.0,22.08,23.97
2017-03-15,0.0,22.31,24.81
2017-03-16,0.0,22.63,24.75
2017-03-17,0.0,22.23,24.71
2017-03-18,6.94,22.21,11.57
2017-03-19,4.56,24.25,21.4
2017-03-20,4.46,21.54,5.84
2017-03-21,0.36,22.91,21.74
2017-03-22,0.18,24.1,22.77
2017-03-23,0.0,25.45,22.5
2017-03-24,0.03,25.86,20.75
2017-03-25,30.92,25.35,12.28
2017-03-26,0.86,26.09,21.06
2017-03-27,0.15,26.23,16.82
2017-03-28,2.43,26.24,13.64
2017-03-29,27.17,25.96,8.07
2017-03-30,22.8,26.81,15.71
2017-03-31,19.28,26.53,18.19
2017-04-01,9.34,26.32,20.12
2017-04-02,4.56,26.39,16.33
2017-04-03,20.85,26.09,14.0
2017-04-04,25.62,25.9,11.32
2017-04-05,35.15,25.7,11.54
2017-04-06,26.37,26.49,16.79
2017-04-07,3.9,27.14,18.38
2017-04-08,1.48,27.48,18.7
2017-04-09,2.92,27.72,17.03
2017-04-10,0.39,27.03,20.73
2017-04-11,0.16,27.19,21.67
2017-04-12,0.0,27.43,23.67
2017-04-13,0.0,27.92,25.37
2017-04-14,0.0,27.11,24.69
2017-04-15,0.66,26.3,20.83
2017-04-16,24.74,25.73,16.76
2017-04-17,1.29,26.56,25.52
2017-04-18,0.65,26.77,22.2
2017-04-19,69.13,26.63,15.3
2017-04-20,90.18,26.71,14.02
2017-04-21,98.83,25.64,11.79
2017-04-22,84.27,25.86,3.06
2017-04-23,51.23,26.59,7.4
2017-04-24,31.66,26.79,6.49
2017-04-25,21.75,27.56,17.85
2017-04-26,10.32,27.53,19.37
2017-04-27,8.84,26.9,20.76
2017-04-28,2.45,26.24,21.5
2017-04-29,10.34,26.76,24.17
2017-04-30,5.88,26.8,23.23
2017-05-01,17.99,26.48,22.27
2017-05-02,43.54,27.0,25.35
2017-05-03,2.26,27.85,24.72
2017-05-04,3.82,28.05,24.38
2017-05-05,0.93,27.37,20.44
2017-05-06,6.62,27.24,21.6
2017-05-07,8.73,26.97,21.81
2017-05-08,1.9,27.18,21.74
2017-05-09,3.59,26.34,14.96
2017-05-10,2.51,27.13,22.71
2017-05-11,3.14,28.2,22.27
2017-05-12,2.54,29.01,19.61
2017-05-13,2.86,28.79,16.97
2017-05-14,19.92,28.43,16.9
2017-05-15,28.13,28.2,16.12
2017-05-16,38.97,27.61,13.04
2017-05-17,14.98,28.27,16.78
2017-05-18,5.86,28.58,21.22
2017-05-19,39.28,28.66,17.0
2017-05-20,34.9,28.82,21.66
2017-05-21,18.21,28.79,22.11
2017-05-22,2.59,28.71,21.89
2017-05-23,1.74,29.26,22.58
2017-05-24,3.75,29.28,19.27
2017-05-25,1.75,29.25,22.44
2017-05-26,3.98,29.72,23.41
2017-05-27,5.95,29.75,22.33
2017-05-28,1.75,29.47,25.59
2017-05-29,3.3,28.74,15.36
2017-05-30,47.13,27.36,4.89
2017-05-31,45.75,27.75,16.74
2017-06-01,83.3,28.34,4.12
2017-06-02,35.56,28.32,11.79
2017-06-03,44.32,28.43,17.43
2017-06-04,50.83,28.35,10.15
2017-06-05,17.38,27.93,18.54
2017-06-06,15.27,28.79,21.99
2017-06-07,3.05,29.72,23.62
2017-06-08,18.29,29.24,23.3
2017-06-09,5.86,28.29,24.05
2017-06-10,7.75,28.36,22.59
2017-06-11,53.55,27.56,15.56
2017-06-12,88.62,27.12,4.33
2017-06-13,43.77,27.96,6.84
2017-06-14,23.17,28.45,18.8
2017-06-15,22.75,27.37,19.58
2017-06-16,45.32,26.88,10.05
2017-06-17,68.36,28.06,13.94
2017-06-18,42.12,28.07,13.77
2017-06-19,62.3,27.14,3.24
2017-06-20,28.68,27.2,11.52
2017-06-21,11.63,27.4,15.54
2017-06-22,21.86,27.93,14.41
2017-06-23,24.06,28.38,20.8
2017-06-24,6.47,28.7,22.75
2017-06-25,7.83,28.47,23.15
2017-06-26,8.77,28.58,21.28
2017-06-27,2.07,27.23,21.0
2017-06-28,8.21,27.71,18.59
2017-06-29,8.38,28.09,20.82
2017-06-30,16.17,27.73,13.31
2017-07-01,17.07,27.91,16.01
2017-07-02,22.54,28.76,14.89
2017-07-03,29.17,28.14,9.89
2017-07-04,29.52,27.83,9.52
2017-07-05,11.98,28.41,11.92
2017-07-06,3.74,28.42,19.4
2017-07-07,4.1,28.5,19.87
2017-07-08,3.42,27.63,16.0
2017-07-09,8.42,27.95,13.84
2017-07-10,19.82,27.68,7.13
2017-07-11,39.01,27.18,11.13
2017-07-12,23.43,27.56,17.49
2017-07-13,28.81,27.47,17.88
2017-07-14,20.35,27.94,19.3
2017-07-15,2.31,28.63,19.53
2017-07-16,3.99,28.13,22.19
2017-07-17,8.88,29.73,21.0
2017-07-18,7.8,29.63,17.87
2017-07-19,21.37,27.58,9.21
2017-07-20,85.33,27.25,3.31
2017-07-21,53.5,28.23,13.82
2017-07-22,3.56,28.57,20.9
2017-07-23,28.43,27.47,11.3
2017-07-24,29.03,26.9,5.81
2017-07-25,41.99,26.98,10.99
2017-07-26,41.38,27.37,11.34
2017-07-27,6.48,27.62,18.73
2017-07-28,13.76,28.71,20.09
2017-07-29,4.11,28.21,14.58
2017-07-30,14.15,28.23,17.7
2017-07-31,6.41,28.53,21.07
2017-08-01,2.86,28.14,18.65
2017-08-02,15.58,28.44,16.04
2017-08-03,18.53,28.91,20.78
2017-08-04,16.09,29.39,21.18
2017-08-05,23.0,28.86,19.61
2017-08-06,15.16,28.3,15.6
2017-08-07,11.72,28.12,14.99
2017-08-08,10.36,28.2,18.43
2017-08-09,22.27,27.96,14.96
2017-08-10,34.47,27.9,12.22
2017-08-11,151.47,27.82,2.38
2017-08-12,124.3,27.62,4.24
2017-08-13,24.91,27.39,13.76
2017-08-14,12.94,27.99,14.79
2017-08-15,57.35,28.14,11.1
2017-08-16,24.29,27.61,12.69
2017-08-17,9.53,28.28,18.72
2017-08-18,27.64,28.28,18.28
2017-08-19,11.91,28.4,18.58
2017-08-20,7.12,28.2,19.63
2017-08-21,9.5,29.02,21.17
2017-08-22,16.44,28.24,16.98
2017-08-23,21.31,28.41,20.12
2017-08-24,31.25,27.98,19.71
2017-08-25,15.13,28.36,20.18
2017-08-26,11.23,27.78,11.88
2017-08-27,4.78,28.28,21.05
2017-08-28,19.31,27.84,20.58
2017-08-29,9.38,28.03,18.67
2017-08-30,10.99,28.15,13.75
2017-08-31,23.54,28.0,10.61
2017-09-01,39.39,27.45,14.0
2017-09-02,18.31,27.68,14.74
2017-09-03,24.19,27.67,14.03
2017-09-04,8.89,27.46,15.2
2017-09-05,20.1,27.83,15.81
2017-09-06,18.39,28.16,15.22
2017-09-07,53.23,27.33,13.82
2017-09-08,24.02,27.45,14.21
2017-09-09,13.02,27.49,15.26
2017-09-10,50.42,26.55,9.43
2017-09-11,45.35,27.23,4.08
2017-09-12,17.23,27.44,12.97
2017-09-13,7.4,27.53,16.0
2017-09-14,17.04,28.08,17.32
2017-09-15,11.25,28.87,19.92
2017-09-16,6.05,29.84,21.4
2017-09-17,10.75,28.78,9.94
2017-09-18,20.3,27.71,20.13
2017-09-19,25.19,27.67,14.08
2017-09-20,13.72,28.16,14.17
2017-09-21,3.33,28.1,17.13
2017-09-22,7.47,28.18,19.1
2017-09-23,4.92,29.02,18.27
2017-09-24,1.61,29.65,18.59
2017-09-25,6.55,29.39,14.39
2017-09-26,4.85,29.3,11.03
2017-09-27,11.96,27.78,16.45
2017-09-28,23.81,27.72,17.06
2017-09-29,32.2,27.11,11.92
2017-09-30,35.8,27.26,9.24
2017-10-01,11.66,27.38,17.95
2017-10-02,4.87,28.17,21.36
2017-10-03,2.48,28.58,17.52
2017-10-04,0.87,28.46,20.91
2017-10-05,0.17,28.55,18.43
2017-10-06,9.08,28.45,19.46
2017-10-07,28.86,26.64,17.24
2017-10-08,12.81,26.43,16.21
2017-10-09,2.42,27.4,13.09
2017-10-10,0.1,28.22,20.41
2017-10-11,0.06,28.24,20.36
2017-10-12,0.63,27.97,14.48
2017-10-13,4.7,27.52,17.79
2017-10-14,1.11,27.43,18.41
2017-10-15,11.39,28.0,16.88
2017-10-16,0.02,27.47,19.37
2017-10-17,1.31,27.83,19.7
2017-10-18,23.85,26.78,14.12
2017-10-19,19.44,26.4,11.09
2017-10-20,89.98,25.59,3.54
2017-10-21,133.04,25.61,1.89
2017-10-22,13.64,24.49,8.66
2017-10-23,1.12,25.36,18.01
2017-10-24,0.0,25.47,16.73
2017-10-25,0.0,25.39,16.38
2017-10-26,0.0,24.2,19.16
2017-10-27,0.0,23.26,19.76
2017-10-28,0.01,23.44,19.74
2017-10-29,3.97,23.65,9.87
2017-10-30,11.76,22.44,3.8
2017-10-31,0.68,23.01,17.44
2017-11-01,0.08,22.99,16.84
2017-11-02,0.0,23.85,19.48
2017-11-03,0.0,23.78,19.56
2017-11-04,0.0,24.28,19.15
2017-11-05,0.0,24.62,19.14
2017-11-06,0.0,24.35,18.96
2017-11-07,0.0,24.02,19.37
2017-11-08,0.11,23.9,19.47
2017-11-09,0.0,24.09,19.01
2017-11-10,0.0,23.28,19.01
2017-11-11,0.0,23.64,18.28
2017-11-12,0.0,23.37,18.86
2017-11-13,0.0,23.27,18.45
2017-11-14,0.0,23.44,16.42
2017-11-15,2.21,22.72,7.34
2017-11-16,2.81,22.38,6.77
2017-11-17,1.77,24.01,9.78
2017-11-18,2.88,24.96,12.42
2017-11-19,0.03,24.61,14.79
2017-11-20,0.0,23.16,17.33
2017-11-21,0.0,22.16,16.3
2017-11-22,0.0,20.34,16.02
2017-11-23,0.0,19.29,15.94
2017-11-24,0.0,18.96,15.91
2017-11-25,0.0,19.9,16.39
2017-11-26,0.0,19.77,16.9
2017-11-27,0.0,20.04,16.47
2017-11-28,0.0,20.77,15.79
2017-11-29,0.0,20.01,16.49
2017-11-30,0.0,19.88,16.85
2017-12-01,0.0,20.09,17.58
2017-12-02,0.0,20.63,17.6
2017-12-03,0.0,19.76,17.69
2017-12-04,0.0,19.96,17.63
2017-12-05,0.0,20.3,17.28
2017-12-06,0.0,20.05,15.26
2017-12-07,0.0,20.63,16.08
2017-12-08,3.75,18.76,7.0
2017-12-09,16.58,20.14,4.51
2017-12-10,55.08,22.97,4.58
2017-12-11,94.07,23.14,4.14
2017-12-12,2.98,22.11,12.04
2017-12-13,0.0,22.18,15.09
2017-12-14,0.0,20.92,12.82
2017-12-15,0.0,19.7,14.62
2017-12-16,0.0,19.22,14.02
2017-12-17,0.0,18.79,15.05
2017-12-18,0.0,19.07,13.44
2017-12-19,0.0,19.14,11.33
2017-12-20,0.0,20.35,12.37
2017-12-21,0.0,20.68,14.57
2017-12-22,0.0,20.41,14.2
2017-12-23,0.0,19.76,15.42
2017-12-24,0.0,19.38,15.95
2017-12-25,0.0,19.76,16.1
2017-12-26,0.0,19.9,15.99
2017-12-27,0.0,19.43,16.1
2017-12-28,0.0,19.45,15.92
2017-12-29,0.0,19.91,16.14
2017-12-30,0.0,20.0,16.99
2017-12-31,0.0,20.25,16.06
2018-01-01,0.0,19.75,10.7
2018-01-02,1.42,18.41,9.9
2018-01-03,5.98,16.62,11.76
2018-01-04,10.77,14.6,15.68
2018-01-05,0.0,14.93,15.93
2018-01-06,0.0,14.17,15.46
2018-01-07,0.0,12.76,16.63
2018-01-08,0.0,12.2,15.11
2018-01-09,0.0,13.2,16.52
2018-01-10,0.0,13.23,16.45
2018-01-11,0.0,13.35,14.65
2018-01-12,0.0,14.57,13.11
2018-01-13,0.0,15.43,12.38
2018-01-14,0.0,15.18,11.3
2018-01-15,0.0,15.04,11.45
2018-01-16,0.0,16.13,12.89
2018-01-17,0.0,16.64,15.18
2018-01-18,0.0,17.18,15.29
2018-01-19,0.0,16.67,16.62
2018-01-20,0.0,15.81,16.57
2018-01-21,0.0,16.25,16.61
2018-01-22,0.0,16.5,17.11
2018-01-23,0.0,16.84,17.33
2018-01-24,0.0,17.32,16.74
2018-01-25,0.0,17.85,14.02
2018-01-26,0.0,16.43,16.2
2018-01-27,0.0,15.34,17.2
2018-01-28,0.0,14.44,17.76
2018-01-29,0.0,15.3,18.1
2018-01-30,0.0,15.94,16.17
2018-01-31,0.0,15.89,14.36
2018-02-01,0.0,17.56,12.78
2018-02-02,0.0,18.87,13.31
2018-02-03,0.0,18.79,15.07
2018-02-04,0.0,18.67,14.87
2018-02-05,0.0,19.48,14.32
2018-02-06,0.0,19.96,13.44
2018-02-07,0.0,19.36,14.21
2018-02-08,0.0,19.7,12.19
2018-02-09,0.0,20.06,14.55
2018-02-10,0.17,21.1,10.18
2018-02-11,0.0,20.1,14.68
2018-02-12,0.0,19.69,19.08
2018-02-13,0.0,20.37,17.65
2018-02-14,0.0,20.31,17.49
2018-02-15,0.0,20.43,20.0
2018-02-16,0.0,19.36,21.16
2018-02-17,0.0,19.57,20.53
2018-02-18,0.0,21.14,19.43
2018-02-19,0.0,22.19,20.28
2018-02-20,0.0,21.71,18.1
2018-02-21,0.0,22.55,19.76
2018-02-22,0.0,23.11,17.61
2018-02-23,0.11,23.38,17.71
2018-02-24,1.48,23.71,19.3
2018-02-25,0.79,23.46,20.14
2018-02-26,25.34,22.65,14.43
2018-02-27,1.46,23.34,19.16
2018-02-28,0.21,23.75,18.78
2018-03-01,0.0,24.43,18.46
2018-03-02,0.0,24.17,18.19
2018-03-03,0.01,24.13,19.95
2018-03-04,0.02,24.86,21.2
2018-03-05,0.0,25.09,18.73
2018-03-06,0.0,25.69,20.15
2018-03-07,0.0,25.33,21.04
2018-03-08,0.0,23.63,23.23
2018-03-09,0.0,24.2,22.17
2018-03-10,0.0,24.59,22.76
2018-03-11,0.0,24.86,22.53
2018-03-12,0.0,24.41,22.26
2018-03-13,0.27,24.89,16.9
2018-03-14,0.0,24.88,19.09
2018-03-15,0.01,25.45,20.76
2018-03-16,0.79,25.59,9.46
2018-03-17,0.51,25.87,15.01
2018-03-18,0.22,26.28,19.86
2018-03-19,0.0,26.6,21.87
2018-03-20,0.0,26.99,23.35
2018-03-21,0.0,26.49,22.59
2018-03-22,0.0,26.66,22.16
2018-03-23,0.0,26.64,19.32
2018-03-24,0.0,27.38,19.44
2018-03-25,0.97,28.43,20.79
2018-03-26,5.42,28.12,18.07
2018-03-27,12.66,26.79,17.36
2018-03-28,3.84,27.11,18.48
2018-03-29,4.5,27.05,19.12
2018-03-30,1.67,26.87,19.99
2018-03-31,26.36,24.69,17.35
2018-04-01,0.32,26.06,22.12
2018-04-02,0.0,25.73,15.95
2018-04-03,0.04,27.02,19.25
2018-04-04,0.34,27.51,21.98
2018-04-05,0.16,26.83,20.19
2018-04-06,11.19,26.24,15.08
2018-04-07,3.04,26.96,13.44
2018-04-08,3.32,25.61,13.94
2018-04-09,3.58,26.35,21.28
2018-04-10,3.9,26.91,18.75
2018-04-11,4.47,26.98,19.68
2018-04-12,3.36,27.78,22.66
2018-04-13,3.37,27.68,22.99
2018-04-14,9.12,28.09,20.17
2018-04-15,5.5,28.61,23.09
2018-04-16,1.49,29.93,23.92
2018-04-17,10.64,28.44,12.53
2018-04-18,6.74,27.67,23.09
2018-04-19,23.42,26.99,20.31
2018-04-20,22.51,27.33,17.67
2018-04-21,52.63,27.46,13.31
2018-04-22,32.54,27.56,16.61
2018-04-23,6.79,27.91,20.01
2018-04-24,7.78,28.58,21.84
2018-04-25,2.29,27.63,26.21
2018-04-26,24.67,27.06,20.93
2018-04-27,16.86,25.42,17.28
2018-04-28,4.18,26.32,22.53
2018-04-29,48.43,25.81,7.14
2018-04-30,34.26,25.58,9.37
2018-05-01,23.9,26.45,17.28
2018-05-02,3.73,26.7,21.76
2018-05-03,8.92,26.45,21.24
2018-05-04,16.15,26.35,14.44
2018-05-05,40.92,26.84,17.93
2018-05-06,26.82,27.41,16.78
2018-05-07,31.39,27.44,11.28
2018-05-08,21.82,28.09,10.83
2018-05-09,22.43,27.64,14.36
2018-05-10,39.61,27.11,12.3
2018-05-11,24.91,27.03,13.98
2018-05-12,12.02,26.93,24.84
2018-05-13,3.43,27.35,14.87
2018-05-14,7.71,26.54,18.61
2018-05-15,27.72,26.74,21.22
2018-05-16,37.71,25.87,11.43
2018-05-17,54.73,26.54,16.37
2018-05-18,57.59,27.06,9.04
2018-05-19,22.88,27.23,10.9
2018-05-20,25.85,27.57,11.85
2018-05-21,26.26,27.57,8.46
2018-05-22,7.1,27.62,19.28
2018-05-23,27.82,27.21,13.35
2018-05-24,8.68,27.05,13.44
2018-05-25,14.78,27.44,19.78
2018-05-26,17.92,28.07,18.68
2018-05-27,1.98,28.14,23.33
2018-05-28,4.41,28.46,24.08
2018-05-29,23.88,29.49,20.64
2018-05-30,11.16,29.18,21.95
2018-05-31,51.12,28.09,5.81
2018-06-01,11.79,27.3,16.94
2018-06-02,15.9,27.56,17.14
2018-06-03,11.59,28.27,22.26
2018-06-04,18.23,28.1,20.23
2018-06-05,22.67,27.38,20.02
2018-06-06,22.06,28.16,21.47
2018-06-07,9.46,28.12,22.71
2018-06-08,15.86,28.59,19.51
2018-06-09,7.14,28.15,20.81
2018-06-10,30.08,27.88,10.91
2018-06-11,43.8,28.23,10.53
2018-06-12,53.78,27.91,4.98
2018-06-13,32.54,27.76,9.22
2018-06-14,25.1,28.62,10.16
2018-06-15,75.43,28.02,7.89
2018-06-16,35.14,27.37,11.66
2018-06-17,10.24,28.62,13.57
2018-06-18,18.04,28.79,18.47
2018-06-19,33.66,28.87,10.98
2018-06-20,6.06,28.52,17.62
2018-06-21,3.31,28.37,18.91
2018-06-22,10.79,28.44,20.17
2018-06-23,17.37,28.02,9.14
2018-06-24,17.65,27.71,15.2
2018-06-25,17.3,28.51,8.97
2018-06-26,5.46,28.21,18.82
2018-06-27,8.26,28.1,19.41
2018-06-28,2.23,27.71,20.26
2018-06-29,2.06,27.66,19.18
2018-06-30,2.19,27.97,16.99
2018-07-01,8.23,27.75,18.25
2018-07-02,12.48,28.25,11.9
2018-07-03,41.08,27.63,5.95
2018-07-04,37.05,27.86,9.15
2018-07-05,10.76,28.52,13.47
2018-07-06,3.28,28.95,19.45
2018-07-07,0.35,29.27,19.45
2018-07-08,4.59,28.57,17.51
2018-07-09,2.02,28.56,19.85
2018-07-10,2.42,28.08,16.19
2018-07-11,1.21,28.9,19.69
2018-07-12,4.12,28.37,21.57
2018-07-13,8.4,29.23,21.45
2018-07-14,14.24,29.56,22.6
2018-07-15,4.78,29.43,21.34
2018-07-16,7.51,28.92,21.19
2018-07-17,3.57,28.77,18.54
2018-07-18,6.0,29.63,22.27
2018-07-19,0.02,30.81,22.7
2018-07-20,4.6,29.93,16.74
2018-07-21,24.39,28.3,13.09
2018-07-22,16.07,27.71,15.84
2018-07-23,34.12,27.9,8.47
2018-07-24,30.15,27.63,8.86
2018-07-25,13.17,28.09,15.48
2018-07-26,17.13,27.67,14.73
2018-07-27,13.5,28.21,12.23
2018-07-28,11.63,27.97,12.38
2018-07-29,6.62,28.09,18.63
2018-07-30,3.08,27.69,17.5
2018-07-31,5.98,27.33,18.11
2018-08-01,11.4,27.83,9.82
2018-08-02,11.62,27.41,10.69
2018-08-03,14.04,27.71,12.21
2018-08-04,7.21,28.24,16.93
2018-08-05,5.64,28.92,16.56
2018-08-06,6.04,28.25,18.66
2018-08-07,1.82,28.32,19.89
2018-08-08,2.41,28.1,20.96
2018-08-09,0.99,28.34,19.13
2018-08-10,5.52,28.95,19.62
2018-08-11,16.6,28.22,18.73
2018-08-12,16.33,28.43,17.45
2018-08-13,4.67,27.95,18.88
2018-08-14,6.2,28.74,19.98
2018-08-15,12.5,28.82,18.78
2018-08-16,11.63,28.99,22.18
2018-08-17,31.73,28.13,19.62
2018-08-18,35.44,29.11,20.39
2018-08-19,14.28,29.18,16.61
2018-08-20,9.44,29.16,14.42
2018-08-21,10.37,28.18,9.18
2018-08-22,4.65,28.56,15.13
2018-08-23,4.36,28.58,14.41
2018-08-24,6.1,28.13,14.01
2018-08-25,25.2,28.59,19.93
2018-08-26,8.42,28.64,20.33
2018-08-27,1.38,28.07,16.42
2018-08-28,10.77,27.79,17.52
2018-08-29,5.13,28.0,15.98
2018-08-30,1.96,28.16,16.47
2018-08-31,2.88,28.45,20.29
2018-09-01,12.75,27.68,15.36
2018-09-02,4.54,27.7,13.75
2018-09-03,6.54,28.22,19.19
2018-09-04,7.27,28.67,16.75
2018-09-05,15.25,28.23,22.69
2018-09-06,4.14,27.47,20.65
2018-09-07,1.64,27.57,18.1
2018-09-08,2.99,27.85,17.29
2018-09-09,0.62,27.31,17.25
2018-09-10,3.52,27.88,12.93
2018-09-11,5.95,27.65,14.55
2018-09-12,19.49,27.37,6.96
2018-09-13,8.17,27.6,14.48
2018-09-14,6.99,27.42,16.41
2018-09-15,1.15,28.56,19.68
2018-09-16,0.24,28.54,21.67
2018-09-17,0.43,29.26,22.8
2018-09-18,0.41,28.94,22.25
2018-09-19,1.78,28.45,20.91
2018-09-20,13.33,27.82,17.98
2018-09-21,5.17,27.68,20.98
2018-09-22,0.43,28.42,21.53
2018-09-23,1.04,28.44,16.55
2018-09-24,1.13,28.11,17.22
2018-09-25,13.6,27.66,14.68
2018-09-26,13.19,27.97,16.17
2018-09-27,23.37,28.39,16.86
2018-09-28,29.67,29.15,18.07
2018-09-29,0.59,28.63,17.22
2018-09-30,0.33,29.13,18.27
2018-10-01,0.95,28.9,18.24
2018-10-02,0.1,28.47,20.42
2018-10-03,0.05,27.69,19.03
2018-10-04,0.88,28.05,19.19
2018-10-05,0.88,27.71,19.81
2018-10-06,3.63,28.21,17.85
2018-10-07,0.94,27.55,18.01
2018-10-08,0.0,26.61,18.56
2018-10-09,0.17,26.33,14.71
2018-10-10,4.02,25.28,10.06
2018-10-11,16.9,23.66,5.07
2018-10-12,2.1,24.71,7.08
2018-10-13,11.76,24.18,7.8
2018-10-14,10.94,25.52,12.39
2018-10-15,0.24,25.62,19.94
2018-10-16,0.5,24.81,20.71
2018-10-17,0.0,24.92,20.21
2018-10-18,0.64,24.8,19.34
2018-10-19,1.06,25.16,19.65
2018-10-20,0.0,25.38,19.55
2018-10-21,0.0,25.35,20.53
2018-10-22,0.0,25.49,20.14
2018-10-23,0.0,25.34,19.86
2018-10-24,0.0,24.56,20.24
2018-10-25,0.0,23.72,19.61
2018-10-26,0.0,23.92,19.49
2018-10-27,2.12,24.76,17.52
2018-10-28,20.49,24.13,6.12
2018-10-29,0.94,23.4,7.74
2018-10-30,0.03,22.25,7.4
2018-10-31,0.06,22.97,13.59
2018-11-01,0.0,25.31,19.17
2018-11-02,0.05,25.43,18.47
2018-11-03,2.32,24.89,15.29
2018-11-04,1.82,24.1,14.66
2018-11-05,2.15,23.9,13.76
2018-11-06,16.93,24.58,7.78
2018-11-07,0.13,23.38,16.73
2018-11-08,0.0,22.15,18.09
2018-11-09,0.0,22.55,18.43
2018-11-10,0.0,22.4,18.7
2018-11-11,0.0,22.17,18.39
2018-11-12,0.0,22.57,17.55
2018-11-13,0.0,22.35,18.08
2018-11-14,0.0,22.65,17.25
2018-11-15,0.0,22.79,17.06
2018-11-16,0.0,23.27,15.2
2018-11-17,0.01,22.66,12.77
2018-11-18,0.01,21.54,14.96
2018-11-19,0.0,20.66,16.41
2018-11-20,0.0,20.54,16.12
2018-11-21,0.0,20.54,16.27
2018-11-22,0.0,21.73,17.15
2018-11-23,0.0,21.63,16.75
2018-11-24,0.0,21.25,16.79
2018-11-25,0.0,21.19,17.73
2018-11-26,0.0,21.39,17.58
2018-11-27,0.0,21.79,17.55
2018-11-28,0.0,21.17,17.28
2018-11-29,0.0,21.68,17.45
2018-11-30,0.0,20.78,17.26
2018-12-01,0.0,20.67,15.26
2018-12-02,0.0,20.96,15.98
2018-12-03,0.0,20.65,16.21
2018-12-04,0.0,20.28,16.61
2018-12-05,0.0,20.58,16.49
2018-12-06,0.0,21.13,10.44
2018-12-07,0.0,19.69,16.28
2018-12-08,0.0,19.14,16.43
2018-12-09,0.0,20.04,16.94
2018-12-10,0.0,20.22,17.04
2018-12-11,0.0,20.49,16.21
2018-12-12,0.0,20.57,15.84
2018-12-13,0.0,20.21,15.43
2018-12-14,0.0,20.01,13.99
2018-12-15,0.0,19.88,9.68
2018-12-16,0.0,20.76,5.79
2018-12-17,8.07,20.55,4.44
2018-12-18,25.81,20.14,4.9
2018-12-19,0.87,18.49,5.17
2018-12-20,0.0,17.53,12.46
2018-12-21,0.0,18.05,14.14
2018-12-22,0.0,18.16,16.29
2018-12-23,0.0,18.4,16.8
2018-12-24,0.0,18.41,16.68
2018-12-25,0.0,18.14,15.62
2018-12-26,0.0,16.58,16.08
2018-12-27,0.0,16.12,15.48
2018-12-28,0.0,15.03,15.24
2018-12-29,0.0,14.17,15.21
2018-12-30,0.0,16.1,17.04
2018-12-31,0.0,17.16,17.06
2019-01-01,0.0,18.23,16.05
2019-01-02,0.0,18.47,16.45
2019-01-03,0.0,17.84,16.54
2019-01-04,0.0,16.81,16.37
2019-01-05,0.0,17.0,16.87
2019-01-06,0.0,18.04,17.28
2019-01-07,0.0,19.23,17.38
2019-01-08,0.0,19.44,16.92
2019-01-09,0.0,18.69,16.09
2019-01-10,0.0,17.67,15.48
2019-01-11,0.0,17.68,17.12
2019-01-12,0.0,18.03,17.44
2019-01-13,0.0,18.74,17.49
2019-01-14,0.0,18.79,15.37
2019-01-15,0.0,17.26,15.73
2019-01-16,0.0,17.7,17.38
2019-01-17,0.0,18.36,17.66
2019-01-18,0.0,18.32,17.45
2019-01-19,0.0,18.5,17.46
2019-01-20,0.0,18.18,17.05
2019-01-21,0.0,19.47,17.56
2019-01-22,0.0,20.08,18.1
2019-01-23,0.0,19.99,18.3
2019-01-24,0.0,20.48,17.62
2019-01-25,0.0,20.81,17.27
2019-01-26,0.0,21.51,17.62
2019-01-27,0.0,21.94,16.51
2019-01-28,0.0,21.63,11.08
2019-01-29,0.0,19.23,13.31
2019-01-30,0.0,16.36,18.65
2019-01-31,0.0,18.88,19.36
2019-02-01,0.0,20.58,19.71
2019-02-02,0.0,19.91,19.62
2019-02-03,0.0,20.47,19.37
2019-02-04,0.0,19.68,19.14
2019-02-05,0.0,19.75,18.83
2019-02-06,0.0,20.01,19.08
2019-02-07,0.0,20.12,18.53
2019-02-08,0.0,21.86,17.41
2019-02-09,0.14,22.33,15.58
2019-02-10,0.0,19.46,17.6
2019-02-11,0.0,18.71,20.35
2019-02-12,0.0,20.33,20.74
2019-02-13,0.0,22.24,20.25
2019-02-14,0.0,23.63,20.54
2019-02-15,0.0,23.71,19.86
2019-02-16,0.03,22.96,10.44
2019-02-17,12.97,20.21,11.36
2019-02-18,0.02,20.23,18.15
2019-02-19,0.0,21.16,18.19
2019-02-20,0.0,22.67,16.47
2019-02-21,0.0,22.81,18.87
2019-02-22,0.0,23.24,18.14
2019-02-23,0.0,24.12,17.12
2019-02-24,0.11,24.7,18.61
2019-02-25,8.7,22.77,7.28
2019-02-26,20.6,21.95,7.43
2019-02-27,17.09,21.23,9.6
2019-02-28,26.42,21.51,11.46
2019-03-01,0.86,19.25,21.93
2019-03-02,0.0,18.99,23.67
2019-03-03,0.0,20.99,19.69
2019-03-04,0.02,21.01,9.46
2019-03-05,8.95,21.16,9.17
2019-03-06,0.17,24.24,14.98
2019-03-07,0.17,24.19,15.87
2019-03-08,0.0,23.1,18.74
2019-03-09,0.0,22.48,22.1
2019-03-10,0.0,22.59,20.75
2019-03-11,0.0,24.22,17.49
2019-03-12,0.0,25.4,18.06
2019-03-13,0.0,26.42,20.6
2019-03-14,0.0,27.41,18.34
2019-03-15,0.0,27.67,20.07
2019-03-16,0.0,27.65,20.88
2019-03-17,2.91,28.38,20.43
2019-03-18,7.21,26.23,13.7
2019-03-19,2.82,24.99,16.19
2019-03-20,3.11,25.84,19.41
2019-03-21,0.97,26.51,20.35
2019-03-22,3.2,26.74,20.74
2019-03-23,5.02,26.74,21.83
2019-03-24,0.0,27.18,24.19
2019-03-25,0.0,27.2,25.23
2019-03-26,0.0,28.03,23.22
2019-03-27,2.65,27.11,17.23
2019-03-28,0.0,28.04,23.48
2019-03-29,0.0,27.84,22.89
2019-03-30,0.0,27.9,21.35
2019-03-31,17.68,27.62,17.29
2019-04-01,58.25,25.69,22.35
2019-04-02,13.71,25.85,16.58
2019-04-03,5.76,26.09,21.11
2019-04-04,1.46,26.44,18.83
2019-04-05,1.2,26.9,14.99
2019-04-06,4.88,26.02,16.75
2019-04-07,4.77,26.19,18.29
2019-04-08,7.76,25.87,9.97
2019-04-09,22.11,25.38,14.51
2019-04-10,19.28,25.49,15.67
2019-04-11,0.07,27.17,21.22
2019-04-12,0.28,27.75,18.74
2019-04-13,0.12,28.58,20.91
2019-04-14,0.09,28.66,23.56
2019-04-15,0.88,28.89,20.99
2019-04-16,1.72,29.01,20.68
2019-04-17,4.0,30.01,22.02
2019-04-18,0.0,30.2,23.65
2019-04-19,0.0,30.41,22.49
2019-04-20,0.71,29.13,22.9
2019-04-21,4.32,28.97,24.4
2019-04-22,0.46,28.34,21.5
2019-04-23,0.0,28.64,25.79
2019-04-24,0.05,30.2,25.02
2019-04-25,0.05,31.69,24.37
2019-04-26,0.0,31.15,23.96
2019-04-27,2.15,30.43,19.17
2019-04-28,5.14,30.59,18.67
2019-04-29,5.59,30.67,22.31
2019-04-30,4.48,30.47,21.95
2019-05-01,1.09,30.43,22.82
2019-05-02,4.65,30.11,20.79
2019-05-03,15.55,29.2,16.63
2019-05-04,65.45,27.11,5.47
2019-05-05,0.56,28.34,23.79
2019-05-06,1.44,29.73,21.98
2019-05-07,0.01,30.02,23.31
2019-05-08,0.04,30.39,21.77
2019-05-09,1.61,30.05,21.09
2019-05-10,3.21,30.56,21.01
2019-05-11,4.62,30.16,20.54
2019-05-12,3.06,29.52,21.41
2019-05-13,2.82,29.66,20.02
2019-05-14,23.71,28.99,23.18
2019-05-15,7.94,29.91,19.84
2019-05-16,5.8,29.82,17.56
2019-05-17,19.56,28.98,20.81
2019-05-18,20.32,28.94,19.13
2019-05-19,8.96,28.69,19.09
2019-05-20,0.03,29.67,22.2
2019-05-21,0.65,29.59,21.87
2019-05-22,9.27,29.25,20.37
2019-05-23,47.65,28.28,19.36
2019-05-24,64.34,28.21,9.35
2019-05-25,66.88,27.81,10.82
2019-05-26,16.97,28.11,20.42
2019-05-27,22.26,28.49,20.28
2019-05-28,6.61,28.81,26.11
2019-05-29,7.99,29.19,24.12
2019-05-30,0.53,28.89,23.57
2019-05-31,61.95,29.12,18.45
2019-06-01,49.28,28.54,16.15
2019-06-02,35.88,28.68,12.9
2019-06-03,49.63,27.89,12.54
2019-06-04,44.72,27.87,9.02
2019-06-05,11.1,26.59,16.24
2019-06-06,9.13,26.83,19.66
2019-06-07,4.3,26.98,18.33
2019-06-08,14.4,27.41,17.92
2019-06-09,8.7,28.19,11.42
2019-06-10,5.23,28.91,21.69
2019-06-11,0.41,29.02,22.49
2019-06-12,0.02,30.25,23.31
2019-06-13,2.27,29.74,20.95
2019-06-14,44.88,28.94,7.67
2019-06-15,35.45,28.77,5.93
2019-06-16,3.7,28.54,18.66
2019-06-17,9.47,28.68,18.22
2019-06-18,4.15,29.16,18.66
2019-06-19,0.33,30.36,19.61
2019-06-20,9.65,27.71,19.98
2019-06-21,16.3,29.01,20.42
2019-06-22,7.18,28.83,20.55
2019-06-23,0.14,29.42,21.18
2019-06-24,0.5,29.12,22.51
2019-06-25,1.68,29.48,19.53
2019-06-26,11.46,29.08,19.19
2019-06-27,12.46,28.72,14.18
2019-06-28,19.97,28.63,16.78
2019-06-29,38.22,28.76,19.49
2019-06-30,4.75,29.61,19.36
2019-07-01,4.78,29.44,20.98
2019-07-02,5.38,29.16,19.52
2019-07-03,2.5,29.0,19.92
2019-07-04,1.73,29.5,17.97
2019-07-05,6.83,28.78,20.5
2019-07-06,8.53,28.57,9.25
2019-07-07,22.03,28.27,9.52
2019-07-08,40.15,28.15,5.66
2019-07-09,82.6,28.05,3.69
2019-07-10,48.05,28.11,7.0
2019-07-11,47.62,27.6,5.37
2019-07-12,26.87,27.66,7.44
2019-07-13,95.13,27.94,11.63
2019-07-14,79.4,27.33,5.01
2019-07-15,90.73,28.12,5.86
2019-07-16,14.29,28.46,20.22
2019-07-17,3.04,29.76,22.05
2019-07-18,6.23,29.47,18.79
2019-07-19,13.35,28.45,18.34
2019-07-20,18.79,28.75,20.85
2019-07-21,3.86,28.89,20.86
2019-07-22,23.51,27.85,18.14
2019-07-23,20.8,27.05,20.87
2019-07-24,14.23,28.01,19.04
2019-07-25,21.55,29.0,19.81
2019-07-26,26.3,27.84,16.78
2019-07-27,8.65,27.91,17.49
2019-07-28,6.5,28.25,22.23
2019-07-29,8.08,27.58,21.81
2019-07-30,18.01,27.29,12.52
2019-07-31,16.91,27.9,16.07
2019-08-01,5.43,28.23,22.35
2019-08-02,0.43,27.9,23.04
2019-08-03,9.19,27.39,17.81
2019-08-04,3.29,29.41,21.3
2019-08-05,2.26,29.28,24.58
2019-08-06,17.51,29.32,19.84
2019-08-07,9.55,27.99,16.93
2019-08-08,26.48,27.4,9.01
2019-08-09,13.38,28.45,17.18
2019-08-10,2.33,29.42,19.6
2019-08-11,2.6,29.42,21.52
2019-08-12,22.65,28.47,19.77
2019-08-13,32.5,27.39,14.91
2019-08-14,52.57,27.38,5.86
2019-08-15,26.5,28.04,10.33
2019-08-16,18.47,28.04,12.78
2019-08-17,9.22,28.62,16.63
2019-08-18,11.73,27.53,20.26
2019-08-19,1.64,28.35,19.26
2019-08-20,0.87,28.62,18.95
2019-08-21,0.72,29.45,17.6
2019-08-22,4.73,28.94,20.28
2019-08-23,10.52,28.23,18.38
2019-08-24,20.15,27.69,12.52
2019-08-25,3.28,28.67,22.75
2019-08-26,2.08,28.87,23.61
2019-08-27,3.85,28.69,22.91
2019-08-28,4.62,28.15,15.52
2019-08-29,2.1,29.16,22.18
2019-08-30,1.91,29.25,18.07
2019-08-31,12.3,29.48,19.56
2019-09-01,11.45,29.55,20.61
2019-09-02,13.5,28.84,19.78
2019-09-03,29.51,29.0,19.78
2019-09-04,9.38,28.09,19.35
2019-09-05,17.98,28.42,18.42
2019-09-06,4.79,28.41,20.16
2019-09-07,4.07,27.97,16.66
2019-09-08,15.17,28.06,14.48
2019-09-09,8.88,28.51,10.77
2019-09-10,10.51,28.36,15.17
2019-09-11,4.97,28.34,16.43
2019-09-12,23.78,27.65,11.72
2019-09-13,16.54,27.22,12.75
2019-09-14,7.85,27.47,17.62
2019-09-15,3.59,28.29,19.19
2019-09-16,2.84,27.98,16.31
2019-09-17,6.75,28.77,19.79
2019-09-18,1.29,29.46,21.05
2019-09-19,0.53,29.76,21.84
2019-09-20,0.47,28.72,20.61
2019-09-21,1.36,29.17,12.79
2019-09-22,17.16,29.15,17.71
2019-09-23,7.49,27.69,18.59
2019-09-24,30.98,26.65,14.72
2019-09-25,30.93,25.81,12.84
2019-09-26,3.19,26.14,16.05
2019-09-27,1.16,26.04,19.18
2019-09-28,0.45,26.09,14.21
2019-09-29,6.29,25.85,10.12
2019-09-30,26.42,26.04,15.51
2019-10-01,17.49,25.73,8.89
2019-10-02,20.24,26.7,14.54
2019-10-03,5.23,27.41,15.1
2019-10-04,11.17,27.17,16.88
2019-10-05,2.18,27.27,16.11
2019-10-06,6.28,27.35,14.96
2019-10-07,8.77,27.27,15.24
2019-10-08,8.23,26.48,15.97
2019-10-09,5.89,25.86,15.77
2019-10-10,60.52,25.45,5.79
2019-10-11,12.87,26.19,15.46
2019-10-12,4.29,26.48,20.26
2019-10-13,0.0,25.45,21.19
2019-10-14,0.0,25.95,20.67
2019-10-15,2.17,26.41,19.02
2019-10-16,24.05,26.64,15.16
2019-10-17,11.22,26.95,19.76
2019-10-18,0.04,27.72,19.62
2019-10-19,0.0,27.37,19.79
2019-10-20,0.0,26.23,19.09
2019-10-21,2.57,25.82,18.05
2019-10-22,3.1,26.11,14.09
2019-10-23,1.9,25.19,15.47
2019-10-24,12.25,21.92,9.14
2019-10-25,10.6,23.36,8.7
2019-10-26,42.68,25.46,10.61
2019-10-27,8.99,25.7,13.18
2019-10-28,0.53,24.05,14.78
2019-10-29,0.0,24.29,17.45
2019-10-30,0.0,24.95,18.41
2019-10-31,0.0,25.13,17.56
2019-11-01,0.0,24.98,18.2
2019-11-02,0.0,25.3,19.15
2019-11-03,0.0,25.44,17.49
2019-11-04,0.0,25.0,18.07
2019-11-05,0.0,25.16,17.68
2019-11-06,0.0,24.63,16.46
2019-11-07,0.0,24.82,16.88
2019-11-08,2.33,23.79,7.62
2019-11-09,22.96,23.03,7.1
2019-11-10,7.45,23.09,2.61
2019-11-11,26.98,23.77,8.57
2019-11-12,0.51,23.26,15.5
2019-11-13,0.0,23.82,17.3
2019-11-14,0.0,24.53,18.5
2019-11-15,0.03,24.34,18.49
2019-11-16,0.0,23.95,18.25
2019-11-17,0.0,23.67,17.04
2019-11-18,0.0,23.26,17.35
2019-11-19,0.0,23.42,16.77
2019-11-20,0.0,22.28,16.58
2019-11-21,0.0,21.42,17.31
2019-11-22,0.0,21.38,17.83
2019-11-23,0.0,21.37,17.1
2019-11-24,0.0,21.38,16.63
2019-11-25,0.0,21.47,16.92
2019-11-26,0.0,21.93,17.19
2019-11-27,0.0,22.18,17.22
2019-11-28,0.0,22.84,17.32
2019-11-29,0.0,22.81,17.3
2019-11-30,0.0,22.46,16.85
2019-12-01,0.0,21.05,14.15
2019-12-02,0.0,19.76,14.9
2019-12-03,0.0,19.58,16.59
2019-12-04,0.0,19.51,16.91
2019-12-05,0.0,20.06,16.79
2019-12-06,0.0,19.75,16.46
2019-12-07,0.0,20.53,16.32
2019-12-08,0.0,21.38,14.18
2019-12-09,0.0,20.7,14.27
2019-12-10,0.0,20.49,13.21
2019-12-11,0.0,20.11,13.78
2019-12-12,0.0,19.39,15.39
2019-12-13,0.0,18.94,15.93
2019-12-14,0.0,19.75,15.69
2019-12-15,0.0,19.8,15.13
2019-12-16,0.0,19.39,13.46
2019-12-17,0.0,18.38,14.1
2019-12-18,0.0,16.6,14.79
2019-12-19,0.0,15.27,5.51
2019-12-20,0.0,15.15,11.36
2019-12-21,0.0,14.88,7.06
2019-12-22,0.0,14.72,13.4
2019-12-23,0.0,15.75,10.44
2019-12-24,0.0,15.68,12.27
2019-12-25,0.0,15.21,12.83
2019-12-26,0.13,16.88,12.12
2019-12-27,8.47,15.41,4.13
2019-12-28,0.08,14.81,6.62
2019-12-29,0.02,16.2,14.16
2019-12-30,0.0,17.67,14.63
2019-12-31,0.0,18.97,15.49
2020-01-01,0.04,20.07,12.74
2020-01-02,0.06,19.95,7.88
2020-01-03,34.4,17.5,5.16
2020-01-04,3.83,18.01,9.9
2020-01-05,6.58,17.46,10.61
2020-01-06,0.1,14.52,15.01
2020-01-07,0.31,14.76,11.1
2020-01-08,0.0,15.8,10.36
2020-01-09,0.85,16.68,8.93
2020-01-10,0.61,16.32,15.01
2020-01-11,0.86,15.11,5.57
2020-01-12,0.0,15.62,11.58
2020-01-13,0.0,15.66,10.68
2020-01-14,0.0,16.46,12.39
2020-01-15,0.0,17.3,16.34
2020-01-16,0.0,18.94,16.32
2020-01-17,0.0,19.4,16.78
2020-01-18,0.0,20.46,16.7
2020-01-19,0.0,19.92,15.9
2020-01-20,0.0,16.59,12.35
2020-01-21,0.0,14.91,15.89
2020-01-22,0.0,14.86,17.2
2020-01-23,0.0,15.97,13.49
2020-01-24,0.0,15.23,15.3
2020-01-25,0.0,15.6,17.3
2020-01-26,0.0,14.86,15.75
2020-01-27,0.0,15.4,13.67
2020-01-28,0.0,16.87,13.77
2020-01-29,0.03,16.83,7.66
2020-01-30,0.21,17.99,10.87
2020-01-31,4.11,17.85,11.43
2020-02-01,0.07,16.53,15.56
2020-02-02,0.0,15.86,15.9
2020-02-03,0.0,14.68,18.48
2020-02-04,0.0,15.3,18.91
2020-02-05,0.0,16.3,17.37
2020-02-06,0.0,17.05,17.83
2020-02-07,0.0,17.2,14.84
2020-02-08,0.0,17.93,9.09
2020-02-09,0.01,18.6,12.67
2020-02-10,0.0,16.45,19.2
2020-02-11,0.0,16.75,19.92
2020-02-12,0.0,16.82,18.49
2020-02-13,0.0,17.6,17.39
2020-02-14,0.0,18.25,17.18
2020-02-15,0.0,19.14,13.94
2020-02-16,0.0,20.5,15.7
2020-02-17,0.0,20.56,17.32
2020-02-18,0.0,20.62,17.44
2020-02-19,0.0,21.39,16.93
2020-02-20,0.0,21.52,17.39
2020-02-21,0.0,21.89,20.22
2020-02-22,0.0,23.44,19.74
2020-02-23,0.0,23.33,18.75
2020-02-24,0.0,22.76,15.63
2020-02-25,0.82,21.72,9.14
2020-02-26,1.56,20.88,6.34
2020-02-27,0.17,20.61,19.36
2020-02-28,0.09,21.9,22.25
2020-02-29,0.0,22.72,22.58
2020-03-01,0.0,23.34,21.66
2020-03-02,0.07,23.94,20.35
2020-03-03,7.46,23.6,14.31
2020-03-04,4.18,23.33,15.01
2020-03-05,0.83,24.01,16.84
2020-03-06,5.07,23.88,10.55
2020-03-07,1.0,23.51,7.02
2020-03-08,1.18,23.49,16.32
2020-03-09,0.0,23.5,22.33
2020-03-10,0.06,22.51,21.08
2020-03-11,0.0,23.37,22.45
2020-03-12,0.0,26.03,20.61
2020-03-13,0.0,26.33,22.8
2020-03-14,0.0,26.38,22.27
2020-03-15,0.0,25.16,21.72
2020-03-16,0.0,25.69,21.19
2020-03-17,0.0,24.98,20.73
2020-03-18,0.0,24.94,22.04
2020-03-19,0.0,25.29,22.05
2020-03-20,0.04,25.3,17.73
2020-03-21,0.07,26.17,18.27
2020-03-22,1.64,24.45,17.03
2020-03-23,0.12,24.72,19.97
2020-03-24,0.01,25.8,19.97
2020-03-25,0.06,26.46,22.8
2020-03-26,0.0,27.87,20.57
2020-03-27,0.0,28.83,22.85
2020-03-28,0.0,29.46,23.68
2020-03-29,0.0,29.5,25.46
2020-03-30,0.0,29.25,26.06
2020-03-31,0.0,28.14,25.69
2020-04-01,0.0,28.58,25.34
2020-04-02,0.57,28.98,22.34
2020-04-03,7.47,28.79,19.88
2020-04-04,6.11,28.01,21.52
2020-04-05,3.43,28.07,19.58
2020-04-06,3.34,27.7,21.96
2020-04-07,4.14,28.35,24.06
2020-04-08,0.01,29.24,11.04
2020-04-09,0.09,28.61,19.71
2020-04-10,0.0,29.63,23.56
2020-04-11,3.71,29.34,24.6
2020-04-12,5.4,28.81,20.6
2020-04-13,3.12,29.27,24.83
2020-04-14,0.01,30.31,23.46
2020-04-15,3.19,29.08,17.12
2020-04-16,14.21,28.02,21.95
2020-04-17,20.2,27.61,14.42
2020-04-18,10.74,27.24,16.14
2020-04-19,8.52,28.68,25.04
2020-04-20,20.52,27.44,15.63
2020-04-21,22.14,26.51,11.77
2020-04-22,2.34,25.92,16.31
2020-04-23,15.7,26.83,17.08
2020-04-24,20.78,25.29,13.37
2020-04-25,11.43,26.45,16.93
2020-04-26,15.74,26.22,13.24
2020-04-27,11.99,26.24,22.18
2020-04-28,11.61,26.04,12.71
2020-04-29,19.2,25.57,20.27
2020-04-30,15.88,26.97,15.9
2020-05-01,6.07,26.95,15.37
2020-05-02,4.99,27.11,17.4
2020-05-03,21.74,26.4,16.29
2020-05-04,13.51,27.17,20.66
2020-05-05,8.76,28.25,20.38
2020-05-06,34.38,27.67,12.52
2020-05-07,8.33,27.92,26.31
2020-05-08,2.59,27.73,27.13
2020-05-09,10.21,28.54,26.63
2020-05-10,12.02,29.57,23.5
2020-05-11,0.53,29.27,21.53
2020-05-12,0.26,29.26,24.75
2020-05-13,3.2,28.22,16.78
2020-05-14,9.68,28.42,23.58
2020-05-15,17.4,28.44,18.12
2020-05-16,10.08,28.82,21.94
2020-05-17,18.34,29.47,22.85
2020-05-18,0.05,29.73,23.14
2020-05-19,1.14,28.5,15.26
2020-05-20,19.42,27.77,10.7
2020-05-21,32.27,27.66,11.84
2020-05-22,13.47,28.25,14.54
2020-05-23,1.55,28.99,20.22
2020-05-24,14.32,28.73,18.9
2020-05-25,8.11,28.52,15.15
2020-05-26,7.64,28.18,17.01
2020-05-27,83.65,27.66,5.12
2020-05-28,26.24,27.58,18.96
2020-05-29,19.91,27.69,15.69
2020-05-30,25.55,27.54,14.14
2020-05-31,11.27,27.89,16.65
2020-06-01,19.3,27.51,19.02
2020-06-02,14.11,27.49,18.64
2020-06-03,13.82,27.29,16.71
2020-06-04,51.94,27.1,7.52
2020-06-05,34.3,27.35,22.0
2020-06-06,23.94,27.64,10.51
2020-06-07,30.68,28.16,15.67
2020-06-08,25.36,28.53,12.56
2020-06-09,2.62,29.39,23.73
2020-06-10,30.35,28.4,15.03
2020-06-11,14.63,27.95,18.94
2020-06-12,9.4,27.99,12.84
2020-06-13,42.89,27.99,6.54
2020-06-14,9.16,28.86,21.63
2020-06-15,4.4,28.79,20.35
2020-06-16,11.22,28.08,18.96
2020-06-17,56.16,27.58,9.0
2020-06-18,18.04,27.64,8.26
2020-06-19,7.09,28.42,16.81
2020-06-20,9.43,28.01,20.88
2020-06-21,10.52,27.94,20.99
2020-06-22,5.27,28.21,19.99
2020-06-23,7.55,28.61,18.72
2020-06-24,5.07,28.81,21.04
2020-06-25,2.17,28.6,20.65
2020-06-26,20.06,28.02,13.89
2020-06-27,36.18,28.06,10.09
2020-06-28,8.2,26.82,9.53
2020-06-29,8.55,28.05,17.11
2020-06-30,1.88,28.36,19.83
2020-07-01,13.95,28.25,19.72
2020-07-02,7.35,28.42,18.29
2020-07-03,1.25,29.22,22.99
2020-07-04,8.01,28.76,16.7
2020-07-05,8.86,28.36,16.67
2020-07-06,3.61,28.35,17.05
2020-07-07,6.68,28.48,18.75
2020-07-08,4.09,28.55,14.33
2020-07-09,15.0,28.63,14.57
2020-07-10,24.03,28.69,8.96
2020-07-11,38.14,28.08,6.7
2020-07-12,28.05,28.28,12.05
2020-07-13,7.97,28.61,14.87
2020-07-14,9.74,27.93,17.18
2020-07-15,10.41,28.65,18.81
2020-07-16,11.98,28.5,20.85
2020-07-17,3.77,28.48,20.15
2020-07-18,12.98,28.11,17.17
2020-07-19,20.28,28.33,13.8
2020-07-20,34.56,27.56,6.79
2020-07-21,29.34,28.01,8.24
2020-07-22,39.43,27.82,11.07
2020-07-23,8.3,27.45,14.1
2020-07-24,8.13,28.02,17.6
2020-07-25,2.45,28.36,20.42
2020-07-26,2.28,29.04,18.88
2020-07-27,15.41,28.57,18.06
2020-07-28,15.7,28.46,14.59
2020-07-29,15.21,28.01,13.53
2020-07-30,2.85,28.12,18.03
2020-07-31,1.79,28.73,19.74
2020-08-01,5.03,29.52,19.94
2020-08-02,5.95,29.22,14.43
2020-08-03,1.58,30.34,20.01
2020-08-04,4.46,28.85,16.57
2020-08-05,4.46,28.98,17.71
2020-08-06,2.58,28.21,18.22
2020-08-07,7.5,28.59,19.81
2020-08-08,11.25,28.4,17.74
2020-08-09,4.07,28.19,19.29
2020-08-10,3.95,28.83,19.8
2020-08-11,10.24,28.77,15.96
2020-08-12,3.89,29.08,17.84
2020-08-13,0.6,29.3,22.25
2020-08-14,17.05,29.65,19.27
2020-08-15,18.65,27.87,16.41
2020-08-16,6.66,27.72,14.97
2020-08-17,11.5,27.53,10.11
2020-08-18,3.67,27.57,13.05
2020-08-19,1.88,27.19,18.6
2020-08-20,10.7,26.45,12.82
2020-08-21,6.8,26.44,16.6
2020-08-22,11.92,27.03,12.84
2020-08-23,12.41,27.03,17.88
2020-08-24,23.41,28.56,19.98
2020-08-25,16.01,27.47,16.35
2020-08-26,3.68,27.86,19.5
2020-08-27,3.25,26.87,18.41
2020-08-28,19.2,27.83,14.97
2020-08-29,11.17,28.18,17.4
2020-08-30,5.13,28.46,18.54
2020-08-31,10.61,28.5,8.07
2020-09-01,24.14,27.91,14.08
2020-09-02,28.62,27.67,21.6
2020-09-03,1.8,28.89,22.54
2020-09-04,1.04,29.27,21.02
2020-09-05,3.33,29.08,18.21
2020-09-06,4.75,28.22,20.78
2020-09-07,12.18,27.49,17.1
2020-09-08,5.88,27.93,19.03
2020-09-09,3.3,28.77,17.48
2020-09-10,11.8,28.07,15.09
2020-09-11,17.57,27.83,16.76
2020-09-12,10.89,28.34,16.4
2020-09-13,13.1,27.94,13.85
2020-09-14,8.81,27.9,16.07
2020-09-15,12.86,28.14,11.67
2020-09-16,7.5,27.46,17.68
2020-09-17,17.01,28.18,18.03
2020-09-18,2.03,29.45,20.34
2020-09-19,0.3,30.07,22.57
2020-09-20,1.97,30.59,16.08
2020-09-21,34.01,28.19,15.37
2020-09-22,28.15,27.39,6.99
2020-09-23,24.72,27.5,9.24
2020-09-24,17.96,27.48,5.13
2020-09-25,41.85,27.44,11.82
2020-09-26,20.19,27.46,10.31
2020-09-27,13.03,27.32,13.33
2020-09-28,2.16,28.45,16.89
2020-09-29,0.83,28.31,15.32
2020-09-30,2.5,28.66,12.71
2020-10-01,4.27,28.38,17.55
2020-10-02,15.34,28.24,18.61
2020-10-03,15.62,28.39,18.5
2020-10-04,9.0,27.97,17.08
2020-10-05,7.0,27.43,14.98
2020-10-06,44.51,26.63,14.7
2020-10-07,10.88,27.17,17.23
2020-10-08,7.84,28.38,18.57
2020-10-09,0.7,29.2,19.46
2020-10-10,0.16,29.13,16.31
2020-10-11,1.36,29.96,18.86
2020-10-12,3.58,29.83,16.65
2020-10-13,5.47,29.46,19.07
2020-10-14,10.29,28.38,19.09
2020-10-15,0.25,28.95,19.64
2020-10-16,0.0,29.38,20.22
2020-10-17,0.93,29.43,18.33
2020-10-18,6.45,27.48,11.66
2020-10-19,0.68,27.59,16.17
2020-10-20,3.21,27.59,14.98
2020-10-21,14.42,25.91,12.69
2020-10-22,21.8,25.19,4.1
2020-10-23,91.72,25.54,1.93
2020-10-24,9.76,26.69,9.3
2020-10-25,4.83,26.27,14.45
2020-10-26,0.5,26.56,17.56
2020-10-27,0.0,26.12,18.21
2020-10-28,0.0,26.2,19.22
2020-10-29,1.01,27.27,18.89
2020-10-30,2.44,28.03,18.51
2020-10-31,34.8,26.09,9.74
2020-11-01,6.92,25.86,12.73
2020-11-02,4.82,26.1,12.9
2020-11-03,1.5,26.35,13.86
2020-11-04,1.84,25.63,13.29
2020-11-05,0.0,23.15,16.73
2020-11-06,0.0,21.2,18.65
2020-11-07,0.0,22.41,19.3
2020-11-08,0.0,24.0,19.05
2020-11-09,0.0,24.35,19.17
2020-11-10,0.0,23.9,18.79
2020-11-11,0.0,23.83,18.59
2020-11-12,0.0,25.34,17.92
2020-11-13,0.0,25.45,18.02
2020-11-14,0.0,24.99,18.44
2020-11-15,0.0,24.13,18.45
2020-11-16,0.0,23.75,17.91
2020-11-17,0.0,23.32,16.6
2020-11-18,0.0,23.13,17.03
2020-11-19,0.0,21.63,16.16
2020-11-20,0.01,22.14,15.72
2020-11-21,1.62,22.77,3.87
2020-11-22,1.14,20.88,12.62
2020-11-23,0.0,18.39,16.52
2020-11-24,0.0,19.62,15.51
2020-11-25,0.0,20.7,16.26
2020-11-26,0.0,21.24,15.09
2020-11-27,0.0,21.2,16.39
2020-11-28,0.0,21.69,15.52
2020-11-29,0.0,21.61,17.36
2020-11-30,0.0,21.23,17.42
2020-12-01,0.0,22.07,17.1
2020-12-02,0.0,21.76,16.51
2020-12-03,0.0,21.54,16.09
2020-12-04,0.0,20.92,15.5
2020-12-05,0.0,20.46,15.17
2020-12-06,0.0,20.49,15.29
2020-12-07,0.0,19.41,13.81
2020-12-08,0.0,19.11,12.68
2020-12-09,0.0,19.5,9.93
2020-12-10,0.0,19.07,10.1
2020-12-11,0.0,18.6,10.74
2020-12-12,0.0,18.24,10.83
2020-12-13,0.0,18.81,13.52
2020-12-14,0.0,18.44,15.26
2020-12-15,0.0,17.64,14.26
2020-12-16,0.0,18.12,13.52
2020-12-17,0.0,17.93,12.53
2020-12-18,0.0,16.64,14.05
2020-12-19,0.0,14.34,16.1
2020-12-20,0.0,14.8,16.69
2020-12-21,0.0,16.39,16.38
2020-12-22,0.0,17.24,16.21
2020-12-23,0.07,17.33,16.07
2020-12-24,0.0,17.9,14.82
2020-12-25,0.0,17.49,16.37
2020-12-26,0.0,16.77,16.76
2020-12-27,0.0,16.59,16.8
2020-12-28,0.0,16.93,16.54
2020-12-29,0.0,16.25,16.45
2020-12-30,0.0,17.02,16.44
2020-12-31,0.0,17.42,16.49
2021-01-01,0.0,18.05,16.04
2021-01-02,0.0,17.95,16.89
2021-01-03,0.0,18.26,16.66
2021-01-04,0.0,18.54,16.5
2021-01-05,0.0,18.96,16.41
2021-01-06,0.0,19.87,15.85
2021-01-07,0.0,20.85,15.96
2021-01-08,0.0,19.97,15.15
2021-01-09,0.0,19.52,14.62
2021-01-10,0.0,19.77,11.61
2021-01-11,0.0,20.59,9.52
2021-01-12,0.0,18.81,12.18
2021-01-13,0.0,16.67,13.54
2021-01-14,0.0,15.63,12.31
2021-01-15,0.04,15.76,12.58
2021-01-16,0.0,16.07,13.39
2021-01-17,0.0,16.57,14.65
2021-01-18,0.0,17.21,14.87
2021-01-19,0.0,16.68,11.89
2021-01-20,2.98,17.16,5.53
2021-01-21,0.37,18.54,10.5
2021-01-22,0.95,16.39,14.1
2021-01-23,0.0,16.28,13.45
2021-01-24,0.0,17.36,15.48
2021-01-25,0.0,16.57,16.57
2021-01-26,0.0,16.36,17.27
2021-01-27,0.0,15.65,15.56
2021-01-28,0.0,16.21,15.19
2021-01-29,0.0,17.07,15.13
2021-01-30,0.0,16.25,12.82
2021-01-31,0.0,14.26,16.32
2021-02-01,0.0,14.5,17.3
2021-02-02,0.0,15.2,18.45
2021-02-03,0.0,17.22,19.09
2021-02-04,0.0,19.07,18.52
2021-02-05,0.0,20.19,19.18
2021-02-06,0.0,19.87,19.71
2021-02-07,0.02,18.35,10.46
2021-02-08,0.0,18.42,18.79
2021-02-09,0.0,18.49,19.56
2021-02-10,0.0,19.5,20.15
2021-02-11,0.0,20.54,17.5
2021-02-12,0.0,20.51,16.41
2021-02-13,0.0,20.3,18.71
2021-02-14,0.0,20.53,19.08
2021-02-15,0.0,21.61,16.78
2021-02-16,0.0,21.06,18.02
2021-02-17,0.0,21.4,16.65
2021-02-18,0.0,23.52,18.9
2021-02-19,0.0,23.47,16.36
2021-02-20,0.0,22.19,9.92
2021-02-21,0.0,22.2,21.08
2021-02-22,0.0,21.5,21.61
2021-02-23,0.0,22.18,21.44
2021-02-24,0.0,22.97,18.56
2021-02-25,0.0,23.45,16.19
2021-02-26,0.0,23.57,17.42
2021-02-27,0.0,23.47,19.14
2021-02-28,0.0,24.5,18.16
2021-03-01,0.0,25.17,19.06
2021-03-02,0.0,26.05,20.88
2021-03-03,0.0,25.77,20.61
2021-03-04,0.0,24.19,20.07
2021-03-05,0.03,24.32,17.98
2021-03-06,5.38,25.2,17.01
2021-03-07,4.88,25.48,18.12
2021-03-08,8.68,24.83,15.58
2021-03-09,5.84,25.59,15.53
2021-03-10,18.23,25.87,12.97
2021-03-11,0.0,26.65,18.44
2021-03-12,0.0,27.14,19.48
2021-03-13,1.64,26.98,20.1
2021-03-14,0.15,25.97,20.74
2021-03-15,0.23,25.99,21.92
2021-03-16,0.0,26.73,22.87
2021-03-17,0.0,27.2,23.05
2021-03-18,0.0,27.79,21.93
2021-03-19,0.0,27.9,18.83
2021-03-20,0.0,27.56,18.22
2021-03-21,0.0,28.84,17.79
2021-03-22,0.0,29.6,20.87
2021-03-23,0.0,29.27,22.44
2021-03-24,0.0,29.92,19.85
2021-03-25,0.0,29.59,22.35
2021-03-26,0.0,28.9,21.56
2021-03-27,0.0,28.79,22.15
2021-03-28,0.0,28.37,16.88
2021-03-29,0.55,29.01,19.81
2021-03-30,13.33,28.67,15.71
2021-03-31,8.56,28.95,16.74
2021-04-01,10.9,28.78,22.08
2021-04-02,0.88,28.41,19.89
2021-04-03,0.72,28.47,22.13
2021-04-04,0.64,28.48,20.9
2021-04-05,0.18,28.91,22.78
2021-04-06,0.82,28.96,22.85
2021-04-07,0.0,28.84,21.13
2021-04-08,0.47,29.25,17.33
2021-04-09,4.4,29.77,22.05
2021-04-10,6.4,29.46,16.8
2021-04-11,0.26,30.81,20.66
2021-04-12,0.18,31.91,21.79
2021-04-13,0.0,31.92,20.99
2021-04-14,0.03,31.08,23.62
2021-04-15,0.3,28.95,22.8
2021-04-16,1.83,28.36,21.06
2021-04-17,20.4,27.9,19.17
2021-04-18,19.13,28.05,23.82
2021-04-19,4.18,29.6,21.72
2021-04-20,3.74,29.46,22.87
2021-04-21,0.75,29.86,24.12
2021-04-22,2.0,30.22,18.78
2021-04-23,0.12,30.11,22.48
2021-04-24,0.0,30.19,27.2
2021-04-25,0.0,30.23,25.59
2021-04-26,0.0,31.77,24.05
2021-04-27,0.0,31.84,23.35
2021-04-28,0.04,31.43,21.45
2021-04-29,0.1,30.8,21.16
2021-04-30,0.28,31.77,20.43
2021-05-01,1.57,31.14,20.42
2021-05-02,3.38,30.91,21.36
2021-05-03,12.65,26.98,16.84
2021-05-04,15.99,26.3,12.49
2021-05-05,13.65,26.19,21.82
2021-05-06,1.26,28.18,12.34
2021-05-07,6.59,28.79,20.72
2021-05-08,9.62,28.54,20.84
2021-05-09,2.56,29.31,20.64
2021-05-10,22.92,28.83,22.64
2021-05-11,22.79,28.18,16.6
2021-05-12,9.89,27.8,22.7
2021-05-13,19.11,27.5,15.22
2021-05-14,24.4,27.68,21.29
2021-05-15,14.28,29.38,21.78
2021-05-16,21.96,29.88,17.92
2021-05-17,8.17,30.64,20.83
2021-05-18,6.98,30.33,19.01
2021-05-19,1.82,29.75,19.84
2021-05-20,2.48,29.92,20.34
2021-05-21,8.57,30.01,23.51
2021-05-22,1.46,30.53,25.05
2021-05-23,0.0,31.01,19.58
2021-05-24,3.93,29.67,22.85
2021-05-25,35.33,29.88,19.8
2021-05-26,4.98,28.47,14.78
2021-05-27,1.09,28.23,16.17
2021-05-28,5.08,29.91,22.48
2021-05-29,0.33,30.13,21.23
2021-05-30,1.95,30.13,21.91
2021-05-31,36.7,28.32,13.66
2021-06-01,22.31,28.43,4.24
2021-06-02,21.46,27.46,14.58
2021-06-03,3.69,28.84,16.22
2021-06-04,4.24,28.95,18.29
2021-06-05,57.92,28.38,5.77
2021-06-06,23.42,28.86,3.47
2021-06-07,20.03,28.44,15.3
2021-06-08,17.9,27.55,8.1
2021-06-09,4.91,27.48,19.25
2021-06-10,9.19,27.8,17.25
2021-06-11,14.65,27.27,18.26
2021-06-12,15.68,28.0,19.61
2021-06-13,8.91,28.97,17.29
2021-06-14,4.28,28.54,19.34
2021-06-15,5.48,28.37,18.88
2021-06-16,5.19,28.14,13.81
2021-06-17,4.76,27.58,17.69
2021-06-18,26.49,27.01,13.02
2021-06-19,17.19,27.1,9.35
2021-06-20,7.79,26.52,12.55
2021-06-21,7.14,27.53,12.88
2021-06-22,3.48,27.56,13.36
2021-06-23,2.3,27.98,19.33
2021-06-24,6.46,28.1,20.1
2021-06-25,3.38,27.85,19.18
2021-06-26,6.63,28.16,16.13
2021-06-27,2.59,28.46,20.23
2021-06-28,13.58,27.99,10.86
2021-06-29,10.27,28.25,13.3
2021-06-30,50.47,28.81,9.6
2021-07-01,53.54,27.93,10.61
2021-07-02,25.43,27.43,7.91
2021-07-03,17.76,27.93,12.16
2021-07-04,8.68,28.52,10.63
2021-07-05,2.85,28.53,16.9
2021-07-06,39.06,28.84,16.48
2021-07-07,15.14,28.55,9.08
2021-07-08,3.29,28.56,20.58
2021-07-09,1.06,28.55,20.74
2021-07-10,8.27,28.76,16.81
2021-07-11,29.22,29.23,21.85
2021-07-12,10.47,28.98,21.28
2021-07-13,15.18,28.04,20.46
2021-07-14,5.88,28.1,21.38
2021-07-15,1.94,28.58,21.2
2021-07-16,18.92,27.61,16.33
2021-07-17,4.38,28.36,16.19
2021-07-18,12.81,27.86,17.18
2021-07-19,24.72,27.45,14.9
2021-07-20,17.04,28.64,16.73
2021-07-21,7.54,28.39,17.82
2021-07-22,20.8,29.12,22.15
2021-07-23,6.73,27.94,13.11
2021-07-24,18.68,28.31,14.93
2021-07-25,8.01,28.28,17.93
2021-07-26,0.94,29.26,20.83
2021-07-27,2.95,29.69,17.56
2021-07-28,13.91,28.74,16.68
2021-07-29,17.33,27.89,8.09
2021-07-30,13.24,28.22,11.39
2021-07-31,8.64,27.77,11.47
2021-08-01,17.08,28.2,16.1
2021-08-02,6.37,28.05,16.6
2021-08-03,29.32,28.5,18.1
2021-08-04,9.3,28.88,21.01
2021-08-05,7.2,29.88,20.3
2021-08-06,19.03,28.19,18.52
2021-08-07,31.09,28.06,11.66
2021-08-08,9.21,28.8,11.78
2021-08-09,12.89,28.8,12.43
2021-08-10,9.76,28.86,16.23
2021-08-11,6.55,28.85,16.26
2021-08-12,13.84,27.6,17.22
2021-08-13,15.05,27.86,8.82
2021-08-14,4.35,28.76,13.5
2021-08-15,20.34,28.01,17.72
2021-08-16,6.44,28.13,12.48
2021-08-17,6.77,27.92,12.07
2021-08-18,10.02,27.41,15.31
2021-08-19,5.56,27.07,15.6
2021-08-20,4.42,27.58,15.14
2021-08-21,0.82,27.87,17.14
2021-08-22,5.92,28.15,19.31
2021-08-23,13.67,28.71,16.35
2021-08-24,18.37,28.32,16.57
2021-08-25,19.13,27.54,9.82
2021-08-26,5.26,27.88,15.56
2021-08-27,14.71,27.15,17.61
2021-08-28,16.18,27.46,19.03
2021-08-29,4.54,27.14,15.94
2021-08-30,25.84,26.92,16.02
2021-08-31,4.27,28.06,20.76
2021-09-01,12.09,27.02,13.49
2021-09-02,12.93,27.52,17.95
2021-09-03,1.48,28.12,19.45
2021-09-04,1.88,28.91,19.66
2021-09-05,14.91,29.27,19.62
2021-09-06,15.27,28.33,18.12
2021-09-07,12.78,27.89,19.59
2021-09-08,11.8,27.5,20.17
2021-09-09,8.46,27.57,18.29
2021-09-10,9.85,27.79,17.75
2021-09-11,24.69,27.94,20.94
2021-09-12,1.01,28.64,21.37
2021-09-13,3.38,27.87,19.69
2021-09-14,3.99,28.09,17.61
2021-09-15,10.94,28.9,18.5
2021-09-16,18.19,27.34,18.9
2021-09-17,7.89,27.67,16.24
2021-09-18,14.38,27.04,12.72
2021-09-19,15.76,27.15,12.97
2021-09-20,3.53,26.59,13.11
2021-09-21,2.55,25.97,14.67
2021-09-22,0.64,26.41,20.09
2021-09-23,0.47,27.94,21.33
2021-09-24,0.18,28.68,20.67
2021-09-25,11.11,28.47,15.35
2021-09-26,12.57,28.72,19.82
2021-09-27,7.58,28.76,19.6
2021-09-28,12.06,27.43,14.72
2021-09-29,8.08,26.89,15.91
2021-09-30,19.67,28.26,17.82
2021-10-01,1.28,27.82,18.58
2021-10-02,10.16,27.68,12.15
2021-10-03,7.22,27.46,17.54
2021-10-04,22.08,26.97,16.4
2021-10-05,16.59,27.43,11.4
2021-10-06,9.91,27.39,19.12
2021-10-07,4.46,28.08,17.61
2021-10-08,4.24,28.32,16.09
2021-10-09,4.53,28.66,14.81
2021-10-10,1.93,28.55,17.01
2021-10-11,0.11,28.37,19.75
2021-10-12,2.9,28.21,16.24
2021-10-13,3.91,28.28,16.92
2021-10-14,3.86,29.04,18.52
2021-10-15,0.77,29.5,19.93
2021-10-16,1.24,29.54,19.07
2021-10-17,9.42,28.11,15.46
2021-10-18,18.24,26.03,15.31
2021-10-19,20.42,26.13,12.59
2021-10-20,24.19,26.56,13.97
2021-10-21,2.76,25.91,14.6
2021-10-22,3.34,23.73,12.56
2021-10-23,0.01,24.13,16.14
2021-10-24,0.0,25.05,18.15
2021-10-25,0.26,24.72,17.81
2021-10-26,0.05,24.46,16.52
2021-10-27,0.34,24.57,11.77
2021-10-28,0.01,25.32,14.36
2021-10-29,0.01,25.52,19.42
2021-10-30,0.0,24.67,19.09
2021-10-31,0.0,23.34,18.72
2021-11-01,0.0,22.02,18.27
2021-11-02,0.0,21.72,17.82
2021-11-03,0.0,22.29,16.67
2021-11-04,0.0,22.83,17.09
2021-11-05,0.0,21.57,19.41
2021-11-06,0.0,20.82,19.52
2021-11-07,0.0,20.69,19.27
2021-11-08,0.0,21.03,19.31
2021-11-09,0.0,22.04,18.57
2021-11-10,0.0,22.54,18.11
2021-11-11,0.0,22.47,16.77
2021-11-12,0.0,22.93,13.68
2021-11-13,0.76,22.89,5.73
2021-11-14,4.86,22.45,8.67
2021-11-15,6.13,23.03,6.81
2021-11-16,3.36,22.55,10.68
2021-11-17,0.43,21.71,16.96
2021-11-18,0.0,21.79,17.66
2021-11-19,0.0,21.39,17.76
2021-11-20,0.0,21.42,16.18
2021-11-21,0.0,22.48,14.36
2021-11-22,0.0,22.89,15.94
2021-11-23,0.0,22.24,15.32
2021-11-24,0.0,21.11,14.79
2021-11-25,0.0,20.24,15.5
2021-11-26,0.0,18.76,15.99
2021-11-27,0.0,18.69,16.88
2021-11-28,0.0,19.4,17.26
2021-11-29,0.0,18.7,17.26
2021-11-30,0.0,19.89,17.12
2021-12-01,0.0,20.8,16.68
2021-12-02,0.0,21.5,16.71
2021-12-03,0.05,22.36,16.23
2021-12-04,1.52,22.5,8.72
2021-12-05,5.21,21.9,5.43
2021-12-06,69.27,21.81,2.56
2021-12-07,24.89,22.62,4.63
2021-12-08,1.45,21.92,10.42
2021-12-09,0.54,21.9,12.58
2021-12-10,1.27,19.76,10.35
2021-12-11,0.11,19.18,14.84
2021-12-12,0.0,17.25,16.18
2021-12-13,0.0,17.75,16.46
2021-12-14,0.0,17.91,16.36
2021-12-15,0.0,17.15,16.33
2021-12-16,0.0,16.86,15.97
2021-12-17,0.0,16.97,15.96
2021-12-18,0.0,17.49,16.56
2021-12-19,0.0,16.47,15.57
2021-12-20,0.0,15.14,16.5
2021-12-21,0.0,17.02,14.42
2021-12-22,0.32,17.06,12.74
2021-12-23,0.08,17.8,14.15
2021-12-24,0.09,18.11,15.33
2021-12-25,0.0,18.25,14.56
2021-12-26,0.0,17.65,15.67
2021-12-27,0.0,17.6,15.06
2021-12-28,0.0,17.55,14.96
2021-12-29,0.0,17.16,13.23
2021-12-30,0.0,17.96,14.98
2021-12-31,0.0,17.53,16.17
2022-01-01,0.0,17.29,16.24
2022-01-02,0.0,17.38,14.82
2022-01-03,0.0,17.12,14.43
2022-01-04,0.0,17.09,14.88
2022-01-05,0.0,17.52,14.01
2022-01-06,0.0,18.07,15.28
2022-01-07,0.0,18.46,16.21
2022-01-08,0.0,18.42,16.53
2022-01-09,0.0,19.06,16.74
2022-01-10,0.0,19.68,15.37
2022-01-11,0.01,19.65,15.28
2022-01-12,2.24,19.3,6.05
2022-01-13,4.01,18.37,11.48
2022-01-14,0.62,17.17,4.89
2022-01-15,0.25,17.78,6.5
2022-01-16,0.16,16.87,16.5
2022-01-17,0.0,17.12,17.49
2022-01-18,0.0,17.82,15.29
2022-01-19,0.0,18.09,15.5
2022-01-20,0.03,17.29,12.5
2022-01-21,0.02,17.51,14.41
2022-01-22,0.0,18.31,11.35
2022-01-23,0.09,18.12,12.5
2022-01-24,3.08,17.36,8.33
2022-01-25,1.27,18.47,14.27
2022-01-26,1.89,18.47,10.15
2022-01-27,8.63,17.19,9.07
2022-01-28,0.04,14.27,15.81
2022-01-29,0.0,14.07,17.14
2022-01-30,0.0,14.81,14.45
2022-01-31,0.0,16.1,14.55
2022-02-01,0.6,15.89,12.86
2022-02-02,0.34,17.61,14.26
2022-02-03,0.51,18.5,14.05
2022-02-04,3.5,19.04,12.53
2022-02-05,20.33,17.11,10.77
2022-02-06,8.38,15.35,18.73
2022-02-07,0.0,14.83,18.03
2022-02-08,0.0,16.1,18.47
2022-02-09,0.0,17.57,18.72
2022-02-10,0.01,18.04,6.72
2022-02-11,0.01,17.92,15.48
2022-02-12,0.0,16.74,18.34
2022-02-13,0.0,16.96,20.64
2022-02-14,0.0,17.91,21.34
2022-02-15,0.0,17.88,21.69
2022-02-16,0.0,17.84,21.14
2022-02-17,0.0,18.1,20.54
2022-02-18,0.0,18.43,20.67
2022-02-19,0.0,18.93,20.59
2022-02-20,1.23,18.78,17.29
2022-02-21,2.42,18.9,18.66
2022-02-22,1.28,20.23,18.2
2022-02-23,0.11,21.48,18.32
2022-02-24,0.0,22.27,17.46
2022-02-25,1.35,21.81,16.82
2022-02-26,0.41,22.51,19.89
2022-02-27,0.0,23.1,20.7
2022-02-28,0.01,23.65,17.37
2022-03-01,0.0,23.2,20.95
2022-03-02,0.0,22.25,21.5
2022-03-03,0.0,22.42,21.62
2022-03-04,0.0,23.29,22.35
2022-03-05,0.0,24.38,21.81
2022-03-06,0.0,23.66,22.34
2022-03-07,0.0,25.07,23.41
2022-03-08,0.0,25.81,22.76
2022-03-09,0.0,25.43,22.81
2022-03-10,0.0,24.74,21.58
2022-03-11,0.0,24.67,21.94
2022-03-12,0.0,24.48,21.35
2022-03-13,0.0,25.3,23.1
2022-03-14,0.0,26.09,22.32
2022-03-15,0.0,26.49,21.15
2022-03-16,0.0,27.26,22.53
2022-03-17,0.0,27.8,21.86
2022-03-18,0.0,28.43,22.25
2022-03-19,0.0,28.1,21.72
2022-03-20,0.0,26.85,23.77
2022-03-21,0.0,26.15,24.21
2022-03-22,0.0,27.99,21.62
2022-03-23,0.0,30.03,20.96
2022-03-24,0.45,28.76,18.39
2022-03-25,1.64,27.84,17.11
2022-03-26,3.9,27.97,12.16
2022-03-27,2.46,28.13,17.74
2022-03-28,2.57,27.77,14.85
2022-03-29,7.14,27.31,14.06
2022-03-30,8.69,27.11,13.01
2022-03-31,2.97,28.26,18.01
2022-04-01,2.61,28.67,18.38
2022-04-02,3.4,28.67,16.53
2022-04-03,0.4,28.33,16.74
2022-04-04,1.15,28.77,21.52
2022-04-05,2.59,28.81,20.18
2022-04-06,2.51,29.09,20.41
2022-04-07,0.0,30.26,21.24
2022-04-08,0.0,30.02,23.16
2022-04-09,0.4,29.94,21.24
2022-04-10,9.09,29.31,19.99
2022-04-11,6.16,29.64,16.58
2022-04-12,2.98,29.68,18.11
2022-04-13,1.47,30.26,19.63
2022-04-14,1.8,29.77,16.53
2022-04-15,0.79,30.6,19.67
2022-04-16,0.96,29.92,17.35
2022-04-17,4.26,29.8,19.25
2022-04-18,3.74,30.0,21.23
2022-04-19,4.75,30.11,22.1
2022-04-20,11.95,28.85,6.58
2022-04-21,9.45,28.28,23.03
2022-04-22,8.78,28.66,17.84
2022-04-23,8.5,29.05,22.23
2022-04-24,4.04,30.21,24.11
2022-04-25,1.21,30.67,22.19
2022-04-26,1.09,30.59,22.94
2022-04-27,2.46,30.59,21.69
2022-04-28,0.23,31.74,22.2
2022-04-29,0.72,32.14,22.1
2022-04-30,4.3,31.27,20.33
2022-05-01,1.2,31.47,22.9
2022-05-02,2.83,30.59,17.65
2022-05-03,5.02,29.46,8.86
2022-05-04,18.32,28.18,11.56
2022-05-05,6.18,28.24,20.29
2022-05-06,3.93,29.86,23.0
2022-05-07,1.0,31.12,23.39
2022-05-08,1.89,31.03,22.99
2022-05-09,6.13,29.63,8.61
2022-05-10,20.74,27.37,13.62
2022-05-11,36.94,28.14,13.39
2022-05-12,19.89,29.1,18.98
2022-05-13,68.06,28.65,11.58
2022-05-14,42.71,28.87,17.01
2022-05-15,3.42,29.21,18.61
2022-05-16,3.98,28.46,19.3
2022-05-17,24.06,27.93,13.51
2022-05-18,14.13,27.21,19.3
2022-05-19,48.71,28.28,18.28
2022-05-20,29.0,27.9,19.39
2022-05-21,49.03,27.44,10.97
2022-05-22,19.65,28.36,21.76
2022-05-23,23.45,28.19,20.75
2022-05-24,2.45,28.67,19.94
2022-05-25,5.41,28.38,15.67
2022-05-26,11.13,27.89,18.75
2022-05-27,13.06,28.05,18.28
2022-05-28,7.81,28.2,17.92
2022-05-29,14.26,27.82,13.22
2022-05-30,14.69,27.13,14.54
2022-05-31,4.44,27.63,18.06
2022-06-01,8.39,27.72,17.34
2022-06-02,5.46,27.99,14.38
2022-06-03,11.72,27.89,9.92
2022-06-04,18.4,27.79,10.0
2022-06-05,11.85,28.0,16.82
2022-06-06,15.0,28.09,20.04
2022-06-07,14.75,28.59,17.37
2022-06-08,36.17,28.22,14.64
2022-06-09,13.93,28.13,13.6
2022-06-10,35.57,27.22,16.72
2022-06-11,1.4,27.74,19.73
2022-06-12,5.15,28.21,16.14
2022-06-13,15.18,28.67,13.18
2022-06-14,17.63,28.19,13.1
2022-06-15,21.83,27.32,10.18
2022-06-16,23.68,26.69,13.62
2022-06-17,58.39,26.62,2.78
2022-06-18,70.78,26.84,5.03
2022-06-19,42.21,26.6,4.04
2022-06-20,35.97,26.76,9.56
2022-06-21,12.85,26.51,13.06
2022-06-22,1.21,27.51,19.23
2022-06-23,9.95,27.47,14.82
2022-06-24,1.86,26.98,19.88
2022-06-25,2.9,27.64,20.23
2022-06-26,2.86,27.41,22.14
2022-06-27,2.45,28.17,21.52
2022-06-28,5.86,27.95,19.0
2022-06-29,10.35,27.87,9.79
2022-06-30,15.46,27.34,8.25
2022-07-01,6.22,28.09,18.27
2022-07-02,5.06,27.96,22.58
2022-07-03,4.95,28.13,19.81
2022-07-04,5.0,27.72,22.84
2022-07-05,1.34,28.67,18.22
2022-07-06,30.47,27.46,15.21
2022-07-07,2.38,27.87,21.43
2022-07-08,3.75,27.78,16.84
2022-07-09,1.58,27.53,23.64
2022-07-10,2.65,28.28,23.27
2022-07-11,5.53,27.56,18.49
2022-07-12,3.93,28.76,23.3
2022-07-13,3.8,29.35,23.68
2022-07-14,8.05,29.32,24.48
2022-07-15,17.78,28.9,21.36
2022-07-16,2.24,29.16,21.43
2022-07-17,8.56,28.77,21.99
2022-07-18,3.82,28.52,18.44
2022-07-19,3.76,28.11,18.06
2022-07-20,9.96,28.12,15.02
2022-07-21,2.47,28.47,20.67
2022-07-22,2.21,28.86,21.69
2022-07-23,15.65,27.88,18.97
2022-07-24,1.08,27.59,10.86
2022-07-25,19.31,27.04,14.92
2022-07-26,6.37,27.98,8.87
2022-07-27,4.01,28.52,20.89
2022-07-28,10.27,28.66,15.36
2022-07-29,6.36,27.93,19.73
2022-07-30,7.01,28.68,18.97
2022-07-31,10.18,27.86,15.46
2022-08-01,14.54,28.61,14.57
2022-08-02,11.8,29.17,16.45
2022-08-03,12.21,28.12,18.83
2022-08-04,23.98,29.06,18.98
2022-08-05,27.14,28.82,20.84
2022-08-06,24.81,28.6,19.97
2022-08-07,11.11,30.14,22.31
2022-08-08,9.9,28.0,19.41
2022-08-09,3.05,27.9,20.53
2022-08-10,0.53,27.47,14.59
2022-08-11,0.78,28.0,20.54
2022-08-12,0.69,28.58,20.44
2022-08-13,15.67,27.35,14.73
2022-08-14,14.35,27.56,18.64
2022-08-15,10.4,28.07,18.21
2022-08-16,4.1,28.63,17.4
2022-08-17,10.53,29.63,19.38
2022-08-18,9.14,29.94,20.56
2022-08-19,16.31,28.41,17.83
2022-08-20,7.16,28.0,19.14
2022-08-21,2.26,27.97,20.98
2022-08-22,2.07,28.93,18.73
2022-08-23,14.69,28.22,18.4
2022-08-24,7.1,27.72,19.23
2022-08-25,2.3,28.3,20.49
2022-08-26,1.77,28.52,17.36
2022-08-27,5.25,27.35,11.89
2022-08-28,8.09,27.48,19.06
2022-08-29,0.61,28.11,20.44
2022-08-30,2.31,29.09,20.23
2022-08-31,4.93,28.67,19.98
2022-09-01,8.32,27.61,16.86
2022-09-02,15.25,27.47,14.13
2022-09-03,38.52,28.3,16.06
2022-09-04,34.03,28.72,9.41
2022-09-05,16.47,28.29,15.5
2022-09-06,13.32,28.37,15.95
2022-09-07,5.88,28.44,19.22
2022-09-08,6.75,29.76,21.21
2022-09-09,13.22,28.71,21.33
2022-09-10,11.43,27.27,17.85
2022-09-11,16.68,26.78,18.91
2022-09-12,8.04,26.52,15.18
2022-09-13,26.57,26.67,9.85
2022-09-14,43.4,27.12,5.48
2022-09-15,17.53,27.47,15.8
2022-09-16,7.27,27.84,14.05
2022-09-17,0.73,28.38,19.52
2022-09-18,1.18,28.58,16.57
2022-09-19,20.89,28.12,19.83
2022-09-20,1.1,27.66,19.27
2022-09-21,3.91,27.27,18.58
2022-09-22,3.1,27.29,18.94
2022-09-23,2.72,27.38,12.73
2022-09-24,7.35,27.14,10.34
2022-09-25,6.5,27.77,15.03
2022-09-26,4.93,27.81,17.7
2022-09-27,9.23,27.5,16.97
2022-09-28,2.79,26.55,19.45
2022-09-29,0.32,28.32,19.55
2022-09-30,1.13,29.18,18.11
2022-10-01,11.01,29.1,13.57
2022-10-02,43.99,27.21,12.24
2022-10-03,20.66,26.75,15.59
2022-10-04,4.53,27.66,19.6
2022-10-05,19.82,27.4,18.86
2022-10-06,3.49,27.39,20.01
2022-10-07,2.14,27.75,21.35
2022-10-08,1.42,27.95,18.84
2022-10-09,3.68,27.34,17.42
2022-10-10,6.37,27.2,15.6
2022-10-11,24.0,26.69,17.48
2022-10-12,15.37,26.36,17.54
2022-10-13,12.26,26.56,17.75
2022-10-14,13.79,27.28,18.25
2022-10-15,0.25,26.81,20.27
2022-10-16,0.89,26.71,19.75
2022-10-17,0.02,27.38,18.42
2022-10-18,1.24,27.37,18.05
2022-10-19,0.35,26.39,16.92
2022-10-20,0.17,26.25,20.1
2022-10-21,0.0,26.21,20.45
2022-10-22,0.0,25.99,20.36
2022-10-23,11.66,24.56,8.11
2022-10-24,69.57,22.79,2.64
2022-10-25,12.29,23.32,10.95
2022-10-26,0.4,24.07,18.48
2022-10-27,0.0,23.63,19.74
2022-10-28,0.0,23.87,19.93
2022-10-29,0.02,24.54,19.7
2022-10-30,0.88,25.9,18.76
2022-10-31,0.0,26.12,18.69
2022-11-01,0.0,25.3,19.39
2022-11-02,0.0,25.68,18.69
2022-11-03,0.01,24.65,13.59
2022-11-04,0.0,24.67,18.05
2022-11-05,0.06,26.1,18.03
2022-11-06,0.79,25.8,18.23
2022-11-07,0.0,24.45,18.12
2022-11-08,0.0,24.09,17.13
2022-11-09,0.0,23.44,18.7
2022-11-10,0.0,23.15,18.8
2022-11-11,0.0,22.51,17.6
2022-11-12,0.0,23.01,18.03
2022-11-13,0.0,21.28,18.43
2022-11-14,0.01,21.68,18.3
2022-11-15,0.0,21.83,18.16
2022-11-16,0.0,21.84,18.12
2022-11-17,0.0,21.78,18.36
2022-11-18,0.0,20.77,18.33
2022-11-19,0.0,20.3,17.11
2022-11-20,0.14,22.19,15.23
2022-11-21,0.06,21.55,17.1
2022-11-22,0.0,20.33,17.51
2022-11-23,0.0,20.26,17.4
2022-11-24,0.0,20.65,17.43
2022-11-25,0.0,21.45,17.57
2022-11-26,0.0,21.74,17.34
2022-11-27,0.0,21.78,16.73
2022-11-28,0.0,21.62,14.49
2022-11-29,0.01,23.58,10.48
2022-11-30,0.01,23.38,13.19
2022-12-01,0.0,21.4,15.27
2022-12-02,0.0,20.36,15.7
2022-12-03,0.0,20.55,16.61
2022-12-04,0.0,20.69,16.89
2022-12-05,0.0,20.25,16.76
2022-12-06,0.0,21.06,16.83
2022-12-07,0.0,20.26,16.41
2022-12-08,0.0,20.15,14.17
2022-12-09,0.0,19.87,16.51
2022-12-10,0.0,20.25,16.22
2022-12-11,0.0,19.72,16.37
2022-12-12,0.0,19.44,15.62
2022-12-13,0.0,19.03,14.88
2022-12-14,0.0,19.21,14.73
2022-12-15,0.0,18.69,14.48
2022-12-16,0.0,17.92,13.3
2022-12-17,0.0,18.8,13.34
2022-12-18,0.0,19.42,14.72
2022-12-19,0.0,19.88,14.5
2022-12-20,0.0,19.8,14.89
2022-12-21,0.0,19.37,15.7
2022-12-22,0.0,19.67,15.28
2022-12-23,0.0,18.57,14.81
2022-12-24,0.0,18.48,15.15
2022-12-25,0.13,19.6,13.03
2022-12-26,0.19,20.28,11.98
2022-12-27,5.05,20.16,6.31
2022-12-28,0.84,18.95,7.87
2022-12-29,0.0,16.48,11.85
2022-12-30,0.0,16.7,12.22
2022-12-31,0.0,16.82,14.4
2023-01-01,0.0,16.55,15.15
2023-01-02,0.0,16.81,15.44
2023-01-03,0.0,17.01,16.0
2023-01-04,0.0,16.04,12.03
2023-01-05,0.0,15.89,7.92
2023-01-06,0.0,16.61,6.09
2023-01-07,0.0,17.85,8.88
2023-01-08,0.0,18.63,11.95
2023-01-09,0.0,19.53,15.67
2023-01-10,0.0,19.52,16.77
2023-01-11,0.0,17.69,16.48
2023-01-12,0.0,16.36,16.32
2023-01-13,0.0,17.84,16.0
2023-01-14,0.0,18.31,11.38
2023-01-15,0.0,18.19,11.75
2023-01-16,0.0,17.04,13.66
2023-01-17,0.0,16.2,14.26
2023-01-18,0.0,15.3,15.46
2023-01-19,0.0,14.84,17.29
2023-01-20,0.0,15.69,17.73
2023-01-21,1.6,16.72,17.62
2023-01-22,0.0,17.53,16.98
2023-01-23,0.0,18.15,16.05
2023-01-24,0.0,19.14,16.9
2023-01-25,0.0,20.07,16.61
2023-01-26,0.0,20.61,15.11
2023-01-27,0.0,20.57,15.55
2023-01-28,0.0,20.48,16.39
2023-01-29,0.0,20.43,15.93
2023-01-30,0.0,21.13,18.92
2023-01-31,0.0,21.5,18.28
2023-02-01,0.0,21.21,11.39
2023-02-02,0.0,18.67,18.39
2023-02-03,0.0,18.88,19.41
2023-02-04,0.0,18.86,17.48
2023-02-05,0.0,19.76,17.66
2023-02-06,0.0,20.3,16.79
2023-02-07,0.0,20.29,17.11
2023-02-08,0.0,20.9,16.83
2023-02-09,0.0,21.82,15.34
2023-02-10,0.0,20.76,17.11
2023-02-11,0.0,21.75,18.56
2023-02-12,0.0,21.37,15.7
2023-02-13,0.0,19.19,21.1
2023-02-14,0.0,19.56,20.93
2023-02-15,0.0,20.36,20.14
2023-02-16,0.0,21.24,20.02
2023-02-17,0.0,21.29,20.24
2023-02-18,0.0,22.74,18.61
2023-02-19,0.0,23.25,15.98
2023-02-20,0.0,24.13,14.25
2023-02-21,0.0,23.78,13.76
2023-02-22,0.09,24.69,15.3
2023-02-23,0.77,24.64,17.09
2023-02-24,1.05,24.57,18.89
2023-02-25,0.06,24.24,19.21
2023-02-26,0.63,24.44,20.96
2023-02-27,0.0,24.43,20.34
2023-02-28,0.0,23.71,20.28
2023-03-01,0.0,23.79,19.37
2023-03-02,0.0,25.16,20.88
2023-03-03,0.0,25.46,20.55
2023-03-04,0.0,27.2,21.09
2023-03-05,0.0,26.65,20.65
2023-03-06,0.0,27.54,21.16
2023-03-07,0.0,26.92,22.12
2023-03-08,0.0,26.18,18.96
2023-03-09,0.0,26.69,16.57
2023-03-10,0.0,25.17,14.49
2023-03-11,0.0,27.17,18.27
2023-03-12,0.0,27.04,20.0
2023-03-13,0.0,27.4,22.0
2023-03-14,0.03,27.45,18.79
2023-03-15,1.15,26.84,10.95
2023-03-16,3.99,25.76,14.28
2023-03-17,1.44,24.88,10.19
2023-03-18,5.43,25.41,13.4
2023-03-19,9.22,23.39,7.85
2023-03-20,13.74,22.37,12.6
2023-03-21,16.59,23.67,16.04
2023-03-22,10.03,24.11,18.21
2023-03-23,2.41,24.11,21.26
2023-03-24,4.66,24.87,21.72
2023-03-25,4.44,25.67,18.26
2023-03-26,1.71,26.75,19.72
2023-03-27,1.0,27.21,17.14
2023-03-28,1.31,27.25,17.83
2023-03-29,16.07,26.24,11.55
2023-03-30,5.12,26.1,17.21
2023-03-31,24.78,25.55,18.9
2023-04-01,36.71,24.14,10.43
2023-04-02,4.53,24.69,23.4
2023-04-03,20.62,25.06,21.28
2023-04-04,4.56,26.3,20.48
2023-04-05,7.25,26.96,16.56
2023-04-06,4.93,27.61,22.8
2023-04-07,4.05,28.19,25.13
2023-04-08,0.0,29.35,25.82
2023-04-09,0.25,29.48,25.18
2023-04-10,0.98,28.89,24.45
2023-04-11,0.0,29.33,23.9
2023-04-12,0.0,29.53,25.47
2023-04-13,0.0,29.52,25.53
2023-04-14,0.0,30.28,25.5
2023-04-15,0.0,31.15,22.77
2023-04-16,0.0,30.75,23.15
2023-04-17,0.0,30.22,22.38
2023-04-18,0.04,30.67,22.2
2023-04-19,0.05,30.18,21.53
2023-04-20,1.11,30.29,21.96
2023-04-21,6.87,29.76,14.63
2023-04-22,4.69,29.23,21.86
2023-04-23,12.99,27.11,13.88
2023-04-24,0.13,27.62,23.91
2023-04-25,0.0,28.98,25.65
2023-04-26,0.0,29.5,25.01
2023-04-27,0.19,30.33,24.76
2023-04-28,4.06,29.25,22.69
2023-04-29,1.67,30.57,24.48
2023-04-30,3.07,29.49,22.78
2023-05-01,0.27,29.07,20.53
2023-05-02,0.15,29.51,22.89
2023-05-03,1.44,29.54,15.31
2023-05-04,6.78,28.84,13.1
2023-05-05,4.11,29.03,19.87
2023-05-06,1.47,30.05,19.97
2023-05-07,3.18,31.07,23.75
2023-05-08,0.0,31.64,26.16
2023-05-09,0.0,31.85,22.36
2023-05-10,0.06,32.57,23.57
2023-05-11,0.63,32.46,24.17
2023-05-12,1.33,31.55,19.12
2023-05-13,0.16,31.49,8.63
2023-05-14,0.7,29.12,7.63
2023-05-15,0.52,29.46,24.52
2023-05-16,6.98,30.19,21.79
2023-05-17,16.54,28.56,10.91
2023-05-18,28.87,27.86,11.34
2023-05-19,4.96,28.11,17.89
2023-05-20,9.48,28.73,22.71
2023-05-21,9.7,28.5,23.4
2023-05-22,16.09,28.12,21.87
2023-05-23,12.79,27.83,13.96
2023-05-24,20.54,26.8,11.36
2023-05-25,0.45,27.93,22.19
2023-05-26,17.2,28.42,22.41
2023-05-27,15.96,28.11,18.25
2023-05-28,18.24,28.92,24.82
2023-05-29,1.06,30.38,26.52
2023-05-30,0.0,31.2,25.53
2023-05-31,0.0,32.06,25.06
2023-06-01,0.1,30.19,21.68
2023-06-02,0.38,30.28,22.72
2023-06-03,5.3,30.17,21.93
2023-06-04,1.21,30.41,22.05
2023-06-05,0.4,30.96,24.74
2023-06-06,0.02,31.33,22.2
2023-06-07,0.96,31.77,15.35
2023-06-08,13.97,30.68,6.18
2023-06-09,47.91,28.28,13.09
2023-06-10,16.72,28.92,6.94
2023-06-11,21.36,28.95,10.37
2023-06-12,12.9,28.4,11.17
2023-06-13,12.39,29.11,17.86
2023-06-14,22.34,28.48,12.58
2023-06-15,32.57,28.19,12.03
2023-06-16,53.03,28.56,12.94
2023-06-17,29.91,28.4,9.63
2023-06-18,42.73,28.36,9.08
2023-06-19,35.11,27.68,9.67
2023-06-20,13.14,28.09,16.1
2023-06-21,16.78,28.13,18.74
2023-06-22,8.47,27.74,17.31
2023-06-23,6.66,28.23,20.46
2023-06-24,5.39,28.36,20.13
2023-06-25,1.91,27.91,22.96
2023-06-26,5.52,27.21,19.33
2023-06-27,22.62,27.82,10.54
2023-06-28,39.64,27.92,12.71
2023-06-29,38.18,28.27,14.56
2023-06-30,33.1,28.02,13.32
2023-07-01,49.13,28.95,14.73
2023-07-02,16.58,28.53,17.69
2023-07-03,15.22,29.09,18.5
2023-07-04,1.56,29.29,21.96
2023-07-05,49.4,29.25,20.44
2023-07-06,19.0,28.37,18.33
2023-07-07,4.81,27.99,19.14
2023-07-08,4.01,28.06,20.22
2023-07-09,4.1,28.83,13.23
2023-07-10,2.94,28.79,16.93
2023-07-11,3.94,28.34,16.03
2023-07-12,3.25,27.65,19.42
2023-07-13,4.59,28.06,18.16
2023-07-14,14.99,28.03,18.4
2023-07-15,4.12,28.57,20.42
2023-07-16,4.67,27.62,17.67
2023-07-17,6.67,27.91,14.12
2023-07-18,4.65,29.12,23.61
2023-07-19,12.87,29.38,24.53
2023-07-20,5.26,29.14,21.96
2023-07-21,5.59,29.67,21.62
2023-07-22,11.75,28.8,22.86
2023-07-23,5.66,28.84,21.29
2023-07-24,0.93,29.82,22.86
2023-07-25,4.71,29.39,23.14
2023-07-26,9.79,28.42,21.12
2023-07-27,6.07,28.92,18.2
2023-07-28,9.52,28.81,18.54
2023-07-29,7.8,29.19,19.66
2023-07-30,0.74,30.36,23.57
2023-07-31,7.13,31.23,23.58
2023-08-01,16.1,30.27,18.66
2023-08-02,6.48,28.61,12.02
2023-08-03,16.09,28.16,5.8
2023-08-04,18.07,28.27,9.54
2023-08-05,4.05,28.28,12.66
2023-08-06,45.91,27.9,4.16
2023-08-07,68.03,28.5,5.34
2023-08-08,57.01,27.98,5.37
2023-08-09,10.4,28.25,16.63
2023-08-10,4.87,27.98,11.94
2023-08-11,7.91,27.7,13.29
2023-08-12,20.89,26.73,12.95
2023-08-13,14.88,27.35,9.17
2023-08-14,6.4,27.66,14.12
2023-08-15,31.67,28.71,10.96
2023-08-16,14.86,29.18,15.5
2023-08-17,4.21,28.87,19.55
2023-08-18,2.64,28.78,21.04
2023-08-19,2.72,28.03,19.03
2023-08-20,1.12,28.62,18.57
2023-08-21,4.93,27.94,19.51
2023-08-22,8.21,27.32,12.46
2023-08-23,3.25,27.87,15.93
2023-08-24,8.29,28.25,15.56
2023-08-25,3.12,28.27,15.26
2023-08-26,43.58,28.31,9.8
2023-08-27,16.96,28.35,8.55
2023-08-28,10.74,28.84,13.89
2023-08-29,1.3,29.28,20.11
2023-08-30,0.1,29.55,19.01
2023-08-31,4.43,28.47,17.09
2023-09-01,6.42,28.91,15.42
2023-09-02,5.07,29.77,16.77
2023-09-03,8.67,28.14,17.45
2023-09-04,14.42,27.98,18.58
2023-09-05,7.28,29.54,18.73
2023-09-06,1.68,29.4,18.63
2023-09-07,14.59,28.11,18.32
2023-09-08,15.83,27.42,12.55
2023-09-09,0.11,28.77,20.39
2023-09-10,4.37,29.12,14.59
2023-09-11,2.92,29.13,17.26
2023-09-12,19.3,29.03,18.44
2023-09-13,9.43,28.82,18.69
2023-09-14,3.92,27.88,17.97
2023-09-15,3.44,28.18,20.74
2023-09-16,0.47,28.69,20.98
2023-09-17,0.49,29.89,20.93
2023-09-18,14.71,28.26,13.86
2023-09-19,25.8,27.98,16.17
2023-09-20,13.96,27.31,14.2
2023-09-21,15.17,27.15,15.31
2023-09-22,11.66,27.66,13.11
2023-09-23,22.17,27.69,15.92
2023-09-24,4.01,27.8,18.35
2023-09-25,6.06,28.24,19.92
2023-09-26,19.17,29.37,19.99
2023-09-27,19.23,28.36,15.59
2023-09-28,0.46,29.25,19.92
2023-09-29,4.97,28.63,18.28
2023-09-30,4.31,28.37,18.11
2023-10-01,3.5,28.02,19.27
2023-10-02,3.94,27.63,17.17
2023-10-03,9.7,27.33,13.63
2023-10-04,16.28,26.56,11.56
2023-10-05,34.27,26.51,7.96
2023-10-06,66.04,27.42,3.33
2023-10-07,17.9,27.48,11.28
2023-10-08,4.46,27.93,11.72
2023-10-09,9.91,28.0,15.45
2023-10-10,1.14,28.54,17.59
2023-10-11,1.06,27.95,16.57
2023-10-12,8.08,28.04,13.06
2023-10-13,9.11,27.61,17.04
2023-10-14,0.07,26.81,17.92
2023-10-15,0.0,26.39,19.01
2023-10-16,0.0,26.39,20.27
2023-10-17,0.02,26.78,20.66
2023-10-18,0.31,26.33,19.85
2023-10-19,0.05,25.58,19.42
2023-10-20,0.0,25.28,20.37
2023-10-21,0.0,25.41,20.16
2023-10-22,1.06,25.91,15.86
2023-10-23,1.04,25.96,9.05
2023-10-24,3.68,24.74,6.06
2023-10-25,5.09,25.69,13.95
2023-10-26,12.02,25.94,17.16
2023-10-27,5.14,25.39,18.06
2023-10-28,0.0,24.39,19.27
2023-10-29,0.0,24.53,18.37
2023-10-30,0.0,25.33,19.72
2023-10-31,0.0,25.43,18.96
2023-11-01,0.0,25.41,19.41
2023-11-02,0.0,25.18,19.47
2023-11-03,0.0,24.93,17.89
2023-11-04,0.0,25.31,15.6
2023-11-05,1.17,23.98,15.75
2023-11-06,0.0,23.42,18.08
2023-11-07,0.0,22.68,16.41
2023-11-08,0.0,22.7,16.52
2023-11-09,0.0,22.84,17.64
2023-11-10,0.0,23.24,18.19
2023-11-11,0.0,23.44,18.17
2023-11-12,0.0,23.14,17.9
2023-11-13,0.0,23.44,18.35
2023-11-14,0.0,23.72,17.78
2023-11-15,0.0,24.1,15.98
2023-11-16,7.66,23.83,5.06
2023-11-17,91.86,22.4,1.69
2023-11-18,16.07,22.7,9.19
2023-11-19,6.36,23.63,16.12
2023-11-20,0.01,24.23,15.77
2023-11-21,0.03,23.69,9.29
2023-11-22,0.06,22.16,15.47
2023-11-23,0.0,21.67,16.13
2023-11-24,0.0,22.85,16.37
2023-11-25,0.0,22.19,17.02
2023-11-26,0.0,21.95,17.49
2023-11-27,0.0,22.4,16.73
2023-11-28,0.0,23.52,15.55
2023-11-29,0.0,22.54,10.44
2023-11-30,0.0,21.73,16.57
2023-12-01,0.0,21.89,16.44
2023-12-02,0.0,22.74,15.54
2023-12-03,0.0,22.34,14.04
2023-12-04,0.0,22.24,10.58
2023-12-05,0.0,22.42,5.64
2023-12-06,1.76,21.95,5.48
2023-12-07,20.16,20.77,4.15
2023-12-08,25.52,21.11,5.73
2023-12-09,2.92,20.07,13.92
2023-12-10,0.0,18.54,10.03
2023-12-11,0.0,18.5,12.59
2023-12-12,0.07,18.83,10.77
2023-12-13,0.0,18.32,12.22
2023-12-14,0.0,16.93,15.0
2023-12-15,0.0,17.27,15.15
2023-12-16,0.0,18.21,15.71
2023-12-17,0.0,18.31,16.41
2023-12-18,0.0,18.64,16.06
2023-12-19,0.0,18.44,15.97
2023-12-20,0.0,18.14,15.82
2023-12-21,0.0,19.15,14.08
2023-12-22,0.0,19.93,12.94
2023-12-23,0.0,20.21,11.97
2023-12-24,0.13,20.91,12.74
2023-12-25,0.09,20.58,13.99
2023-12-26,0.0,20.02,13.79
2023-12-27,0.0,20.53,14.17
2023-12-28,0.0,20.66,14.67
2023-12-29,0.0,20.34,15.95
2023-12-30,0.0,20.66,15.62
2023-12-31,0.0,19.45,15.2
2024-01-01,0.0,18.15,13.14
2024-01-02,1.47,17.37,12.36
2024-01-03,0.0,17.67,10.34
2024-01-04,0.0,17.24,8.33
2024-01-05,0.0,17.16,13.82
2024-01-06,0.0,18.57,15.51
2024-01-07,0.0,18.52,15.23
2024-01-08,0.0,17.32,15.93
2024-01-09,0.0,16.79,11.43
2024-01-10,0.0,16.5,11.12
2024-01-11,0.0,16.11,14.57
2024-01-12,0.0,15.2,8.11
2024-01-13,0.0,15.59,8.47
2024-01-14,0.0,16.48,7.02
2024-01-15,0.0,16.46,10.78
2024-01-16,0.0,15.34,10.79
2024-01-17,0.0,15.72,11.0
2024-01-18,0.0,15.76,10.58
2024-01-19,0.23,17.17,13.21
2024-01-20,2.08,15.89,15.04
2024-01-21,0.0,15.09,12.96
2024-01-22,0.0,14.38,9.63
2024-01-23,0.0,14.82,13.41
2024-01-24,0.34,15.91,13.31
2024-01-25,0.01,16.47,14.1
2024-01-26,0.3,15.39,14.74
2024-01-27,0.0,14.98,13.23
2024-01-28,0.0,15.38,16.51
2024-01-29,0.0,16.08,16.14
2024-01-30,0.0,17.84,17.05
2024-01-31,0.03,19.01,9.35
2024-02-01,0.15,19.74,10.46
2024-02-02,0.68,19.49,6.72
2024-02-03,0.06,19.24,15.89
2024-02-04,0.06,18.28,17.7
2024-02-05,0.0,19.61,16.72
2024-02-06,0.0,20.5,9.91
2024-02-07,0.0,19.65,10.83
2024-02-08,0.0,16.89,18.81
2024-02-09,0.0,16.39,19.02
2024-02-10,0.0,18.12,20.03
2024-02-11,0.0,18.92,19.9
2024-02-12,0.0,19.98,16.32
2024-02-13,0.0,20.46,18.47
2024-02-14,0.0,21.68,14.63
2024-02-15,0.06,22.01,16.03
2024-02-16,0.01,21.65,18.09
2024-02-17,0.05,20.64,18.78
2024-02-18,0.0,20.79,18.51
2024-02-19,0.0,20.89,19.84
2024-02-20,0.08,22.07,13.61
2024-02-21,1.34,23.63,14.74
2024-02-22,21.62,24.05,11.69
2024-02-23,18.47,22.45,9.44
2024-02-24,0.34,21.39,18.43
2024-02-25,0.11,20.62,16.21
2024-02-26,0.24,20.38,20.71
2024-02-27,0.0,21.84,17.88
2024-02-28,0.0,22.4,19.57
2024-02-29,0.0,22.76,19.66
2024-03-01,0.0,21.85,21.45
2024-03-02,0.0,22.27,20.46
2024-03-03,0.0,23.36,20.51
2024-03-04,0.24,23.56,9.19
2024-03-05,0.1,23.85,21.54
2024-03-06,0.0,23.29,23.46
2024-03-07,0.0,22.7,21.59
2024-03-08,0.0,22.97,22.45
2024-03-09,0.0,22.9,22.92
2024-03-10,0.0,22.26,23.63
2024-03-11,0.0,22.59,23.25
2024-03-12,0.0,24.69,21.72
2024-03-13,0.03,25.62,20.57
2024-03-14,2.85,26.03,14.65
2024-03-15,3.38,26.84,20.09
2024-03-16,7.19,26.79,20.99
2024-03-17,0.46,27.72,20.33
2024-03-18,0.15,27.82,17.01
2024-03-19,1.8,27.68,12.76
2024-03-20,0.84,25.49,18.41
2024-03-21,1.53,24.36,8.07
2024-03-22,2.43,23.49,17.39
2024-03-23,7.43,23.97,21.46
2024-03-24,14.51,25.48,18.88
2024-03-25,8.69,25.78,19.18
2024-03-26,17.38,26.53,21.34
2024-03-27,0.39,26.84,20.92
2024-03-28,4.51,26.72,14.15
2024-03-29,4.88,26.19,14.39
2024-03-30,13.44,26.58,14.71
2024-03-31,23.09,27.49,13.77
2024-04-01,14.9,27.65,19.69
2024-04-02,0.72,28.28,20.09
2024-04-03,2.77,28.48,22.28
2024-04-04,1.86,28.78,22.04
2024-04-05,1.05,28.9,14.98
2024-04-06,0.17,29.81,21.8
2024-04-07,3.88,29.1,7.25
2024-04-08,0.19,28.86,16.23
2024-04-09,0.0,28.68,20.13
2024-04-10,0.0,28.79,14.55
2024-04-11,0.0,28.33,16.34
2024-04-12,0.0,29.51,20.26
2024-04-13,0.0,29.1,23.33
2024-04-14,0.0,29.72,20.87
2024-04-15,0.01,31.26,20.19
2024-04-16,0.66,31.14,19.42
2024-04-17,7.05,30.01,18.24
2024-04-18,15.42,29.57,22.27
2024-04-19,8.8,29.87,23.76
2024-04-20,8.76,30.56,24.64
2024-04-21,1.27,30.58,23.14
2024-04-22,3.6,30.67,18.86
2024-04-23,1.35,30.25,20.44
2024-04-24,0.06,30.87,22.23
2024-04-25,0.25,31.95,23.2
2024-04-26,1.41,31.5,23.69
2024-04-27,5.51,31.01,23.75
2024-04-28,3.25,31.74,23.56
2024-04-29,4.99,31.92,23.53
2024-04-30,0.68,31.95,22.13
2024-05-01,3.07,31.74,21.84
2024-05-02,13.58,30.13,15.56
2024-05-03,2.65,30.97,23.62
2024-05-04,7.45,30.52,21.89
2024-05-05,34.34,28.37,21.23
2024-05-06,37.24,28.1,11.28
2024-05-07,11.74,26.77,21.79
2024-05-08,5.13,26.37,13.12
2024-05-09,0.43,27.69,23.48
2024-05-10,6.64,28.11,20.11
2024-05-11,32.16,27.13,12.98
2024-05-12,0.88,28.53,21.58
2024-05-13,0.11,29.42,24.11
2024-05-14,0.12,29.69,25.5
2024-05-15,0.07,29.89,24.78
2024-05-16,0.02,30.24,23.54
2024-05-17,0.13,30.13,20.56
2024-05-18,28.24,29.17,9.69
2024-05-19,10.73,28.78,11.42
2024-05-20,7.56,29.25,17.79
2024-05-21,5.05,30.59,22.42
2024-05-22,14.55,30.98,22.23
2024-05-23,5.26,31.52,25.68
2024-05-24,0.52,32.44,26.02
2024-05-25,1.14,31.83,25.61
2024-05-26,30.31,29.97,15.12
2024-05-27,45.42,28.27,3.54
2024-05-28,155.91,27.78,8.92
2024-05-29,6.85,29.66,17.05
2024-05-30,18.23,29.41,16.64
2024-05-31,11.74,29.32,17.64
2024-06-01,2.85,29.58,21.9
2024-06-02,14.82,29.14,20.56
2024-06-03,42.66,28.23,13.91
2024-06-04,31.63,28.4,17.74
2024-06-05,28.56,29.38,20.87
2024-06-06,27.63,29.09,13.83
2024-06-07,14.1,29.2,12.06
2024-06-08,29.71,28.87,14.39
2024-06-09,37.93,29.09,9.0
2024-06-10,10.71,29.14,8.79
2024-06-11,4.03,29.1,20.87
2024-06-12,13.91,28.75,12.86
2024-06-13,36.44,28.56,11.68
2024-06-14,28.26,28.66,9.03
2024-06-15,19.85,29.07,8.23
2024-06-16,12.44,29.33,13.53
2024-06-17,18.0,28.92,11.76
2024-06-18,29.71,28.67,5.16
2024-06-19,78.44,28.28,5.91
2024-06-20,9.56,28.14,12.82
2024-06-21,5.27,29.06,18.34
2024-06-22,9.75,28.63,19.49
2024-06-23,5.61,29.18,20.77
2024-06-24,6.4,28.83,17.72
2024-06-25,0.87,29.34,19.12
2024-06-26,11.01,30.12,7.66
2024-06-27,22.44,28.2,19.87
2024-06-28,14.49,28.41,14.11
2024-06-29,21.57,28.43,8.17
2024-06-30,36.9,28.21,11.53
2024-07-01,56.17,28.01,3.95
2024-07-02,47.19,27.95,13.46
2024-07-03,18.31,28.03,14.62
2024-07-04,11.98,27.74,13.61
2024-07-05,10.26,27.77,11.73
2024-07-06,2.95,28.02,19.95
2024-07-07,2.88,28.85,20.97
2024-07-08,5.56,28.31,16.57
2024-07-09,3.32,28.54,15.59
2024-07-10,9.21,28.9,14.04
2024-07-11,18.93,28.52,16.87
2024-07-12,22.18,28.31,16.05
2024-07-13,8.69,28.58,15.94
2024-07-14,3.27,29.37,20.9
2024-07-15,6.32,29.51,21.12
2024-07-16,14.94,29.47,20.14
2024-07-17,1.66,28.93,19.87
2024-07-18,2.87,29.65,22.41
2024-07-19,13.47,29.94,20.19
2024-07-20,6.26,28.99,20.83
2024-07-21,7.12,28.26,18.38
2024-07-22,6.89,28.36,14.5
2024-07-23,4.77,28.35,15.62
2024-07-24,3.88,28.59,18.03
2024-07-25,6.65,29.85,19.95
2024-07-26,4.78,29.98,20.19
2024-07-27,2.91,29.4,21.09
2024-07-28,1.56,29.41,19.63
2024-07-29,3.78,29.01,18.91
2024-07-30,7.09,28.78,15.39
2024-07-31,3.96,28.73,15.51
2024-08-01,39.95,28.06,5.62
2024-08-02,69.44,27.05,2.52
2024-08-03,17.58,27.98,11.92
2024-08-04,13.71,28.51,18.61
2024-08-05,11.58,27.8,18.27
2024-08-06,7.69,27.83,17.43
2024-08-07,7.52,27.6,16.37
2024-08-08,8.18,27.22,12.64
2024-08-09,4.99,27.66,12.12
2024-08-10,9.59,28.08,11.49
2024-08-11,9.37,28.3,9.95
2024-08-12,31.08,28.35,12.79
2024-08-13,18.45,28.71,18.66
2024-08-14,20.66,29.16,19.99
2024-08-15,2.19,29.01,20.71
2024-08-16,11.2,28.07,12.07
2024-08-17,16.95,27.48,5.97
2024-08-18,17.55,27.03,11.39
2024-08-19,93.78,26.88,2.72
2024-08-20,61.0,27.71,4.25
2024-08-21,80.1,27.48,1.52
2024-08-22,100.88,26.99,4.03
2024-08-23,3.8,26.93,16.73
2024-08-24,6.03,27.18,18.95
2024-08-25,12.19,26.66,14.81
2024-08-26,8.63,26.5,16.51
2024-08-27,2.05,27.88,18.21
2024-08-28,2.29,28.54,10.5
2024-08-29,2.5,29.3,19.93
2024-08-30,2.73,28.6,21.38
2024-08-31,16.96,27.68,19.83
2024-09-01,16.49,28.01,18.45
2024-09-02,10.34,28.97,16.38
2024-09-03,22.78,27.32,18.29
2024-09-04,1.99,28.06,20.07
2024-09-05,13.96,27.96,18.76
2024-09-06,10.94,29.2,19.72
2024-09-07,12.05,28.91,21.0
2024-09-08,6.41,29.45,20.89
2024-09-09,4.4,28.57,19.38
2024-09-10,2.1,28.73,18.22
2024-09-11,5.61,29.18,19.85
2024-09-12,2.11,29.91,18.65
2024-09-13,11.22,28.71,14.01
2024-09-14,7.27,27.06,5.77
2024-09-15,10.59,25.7,5.99
2024-09-16,1.22,27.73,19.34
2024-09-17,1.43,28.62,17.69
2024-09-18,0.28,29.72,18.85
2024-09-19,1.15,29.73,19.02
2024-09-20,2.31,30.87,21.54
2024-09-21,12.38,29.14,6.76
2024-09-22,1.16,30.29,21.0
2024-09-23,3.26,29.91,16.39
2024-09-24,9.19,27.79,18.14
2024-09-25,54.45,26.12,8.74
2024-09-26,16.71,26.26,11.09
2024-09-27,2.65,27.09,19.45
2024-09-28,2.81,27.87,17.65
2024-09-29,15.75,28.27,15.27
2024-09-30,13.46,28.73,5.45
2024-10-01,12.88,28.77,11.26
2024-10-02,9.37,28.49,12.22
2024-10-03,30.25,27.06,7.25
2024-10-04,34.0,27.2,13.24
2024-10-05,43.53,26.81,4.23
2024-10-06,6.27,27.44,17.6
2024-10-07,4.69,27.68,14.44
2024-10-08,3.73,27.65,15.06
2024-10-09,4.42,27.44,15.2
2024-10-10,5.62,27.3,12.26
2024-10-11,11.6,27.07,14.36
2024-10-12,23.11,27.34,11.77
2024-10-13,1.37,27.04,16.95
2024-10-14,0.0,26.49,15.15
2024-10-15,0.0,26.78,14.88
2024-10-16,0.08,27.14,16.1
2024-10-17,0.37,26.59,12.23
2024-10-18,1.72,26.68,11.29
2024-10-19,5.2,27.2,10.01
2024-10-20,0.72,26.18,15.97
2024-10-21,0.0,26.52,17.16
2024-10-22,45.05,27.6,18.69
2024-10-23,226.45,26.08,8.32
2024-10-24,9.9,25.42,10.32
2024-10-25,6.16,26.31,15.82
2024-10-26,0.67,27.05,15.78
2024-10-27,0.01,27.09,17.47
2024-10-28,0.0,26.26,18.7
2024-10-29,0.0,26.68,18.44
2024-10-30,1.96,26.82,16.21
2024-10-31,3.41,27.2,13.42
2024-11-01,13.32,26.82,13.7
2024-11-02,0.04,25.32,16.93
2024-11-03,0.0,25.09,18.26
2024-11-04,0.12,25.27,17.08
2024-11-05,4.63,25.43,14.24
2024-11-06,5.42,24.55,11.82
2024-11-07,2.26,23.49,17.33
2024-11-08,0.0,23.27,18.68
2024-11-09,0.0,23.83,18.63
2024-11-10,0.0,24.02,18.24
2024-11-11,0.0,24.02,17.41
2024-11-12,0.0,24.09,16.73
2024-11-13,0.0,22.71,17.78
2024-11-14,0.0,22.45,18.04
2024-11-15,0.0,22.69,17.57
2024-11-16,0.0,22.36,17.37
2024-11-17,0.0,21.9,16.61
2024-11-18,0.0,21.69,17.76
2024-11-19,0.0,22.07,17.86
2024-11-20,0.0,21.82,15.92
2024-11-21,0.0,21.66,16.63
2024-11-22,0.0,21.22,16.33
2024-11-23,0.0,21.97,15.39
2024-11-24,0.0,20.51,14.58
2024-11-25,0.0,20.07,14.62
2024-11-26,0.0,20.35,15.38
2024-11-27,0.0,20.04,16.04
2024-11-28,0.0,20.81,13.86
2024-11-29,0.0,21.88,14.31
2024-11-30,0.05,21.94,14.15
2024-12-01,1.6,20.69,15.52
2024-12-02,0.01,20.23,12.68
2024-12-03,0.0,19.88,15.73
2024-12-04,0.0,18.52,16.09
2024-12-05,0.0,19.04,14.28
2024-12-06,0.0,18.27,13.71
2024-12-07,0.0,17.65,14.96
2024-12-08,0.0,17.63,15.74
2024-12-09,0.0,16.85,14.68
2024-12-10,0.0,17.25,12.23
2024-12-11,0.0,16.12,14.23
2024-12-12,0.0,15.92,7.74
2024-12-13,0.0,16.66,8.47
2024-12-14,0.0,16.74,12.85
2024-12-15,0.0,15.99,16.16
2024-12-16,0.0,17.43,17.01
2024-12-17,0.0,19.57,12.73
2024-12-18,0.07,19.68,13.59
2024-12-19,0.0,18.73,14.15
2024-12-20,0.0,17.84,13.0
2024-12-21,0.01,17.26,3.88
2024-12-22,0.05,16.76,15.45
2024-12-23,0.0,17.22,16.2
2024-12-24,0.0,17.6,15.63
2024-12-25,0.0,17.76,9.92
2024-12-26,0.0,18.0,14.11
2024-12-27,0.0,18.94,15.83
2024-12-28,0.0,18.96,16.51
2024-12-29,0.0,19.36,15.06
2024-12-30,0.0,18.71,15.63
2024-12-31,0.0,17.29,14.41
2025-01-01,0.0,16.65,8.43
2025-01-02,0.0,16.96,8.49
2025-01-03,0.0,17.09,7.8
2025-01-04,0.0,18.58,12.72
2025-01-05,0.0,19.68,14.63
2025-01-06,0.0,20.49,15.48
2025-01-07,0.0,19.63,13.64
2025-01-08,0.0,17.68,6.71
2025-01-09,0.0,16.03,13.2
2025-01-10,0.0,16.53,16.64
2025-01-11,0.0,17.72,17.2
2025-01-12,0.0,19.12,17.05
2025-01-13,0.0,19.29,16.35
2025-01-14,0.0,18.12,15.69
2025-01-15,0.0,18.06,15.9
2025-01-16,0.0,19.35,16.62
2025-01-17,0.0,19.21,17.29
2025-01-18,0.0,18.36,16.84
2025-01-19,0.0,17.13,17.1
2025-01-20,0.0,16.95,16.37
2025-01-21,0.0,17.36,15.34
2025-01-22,0.0,17.89,13.76
2025-01-23,0.0,17.84,10.65
2025-01-24,0.0,17.76,14.42
2025-01-25,0.0,17.53,11.98
2025-01-26,0.0,16.97,15.91
2025-01-27,0.0,17.79,15.43
2025-01-28,0.0,18.47,13.4
2025-01-29,0.0,18.88,12.48
2025-01-30,0.21,18.83,11.63
2025-01-31,0.68,20.97,7.28
2025-02-01,0.13,21.5,14.58
2025-02-02,0.0,19.77,11.67
2025-02-03,0.0,19.82,14.84
2025-02-04,0.0,19.45,15.87
2025-02-05,0.0,20.08,15.07
2025-02-06,0.0,20.81,15.56
2025-02-07,0.0,19.82,18.56
2025-02-08,0.0,18.04,19.82
2025-02-09,0.0,18.27,19.45
2025-02-10,0.0,19.43,17.88
2025-02-11,0.0,19.22,14.01
2025-02-12,0.04,21.58,14.67
2025-02-13,0.11,22.26,14.58
2025-02-14,0.29,21.36,18.37
2025-02-15,0.0,19.93,19.9
2025-02-16,0.0,21.2,19.17
2025-02-17,0.0,21.92,18.42
2025-02-18,0.0,23.69,17.45
2025-02-19,0.0,24.18,14.95
2025-02-20,0.0,23.83,17.98
2025-02-21,0.0,23.66,17.48
2025-02-22,0.0,24.51,17.85
2025-02-23,1.2,23.18,9.3
2025-02-24,0.0,22.89,18.99
2025-02-25,0.0,22.83,20.7
2025-02-26,0.0,22.21,21.81
2025-02-27,0.0,23.31,21.03
2025-02-28,0.0,23.86,16.88
2025-03-01,0.0,24.62,17.33
2025-03-02,0.0,25.93,17.26
2025-03-03,0.0,25.64,15.91
2025-03-04,0.0,24.94,21.79
2025-03-05,0.0,24.08,21.92
2025-03-06,0.0,23.58,22.15
2025-03-07,0.0,22.61,22.86
2025-03-08,0.0,23.31,21.87
2025-03-09,0.69,24.39,21.04
2025-03-10,1.37,24.71,21.68
2025-03-11,0.0,26.39,17.32
2025-03-12,0.0,26.23,18.74
2025-03-13,0.22,27.43,19.56
2025-03-14,1.42,28.11,17.72
2025-03-15,1.1,28.23,19.31
2025-03-16,1.24,28.71,21.12
2025-03-17,1.43,28.96,14.25
2025-03-18,1.42,28.4,16.85
2025-03-19,0.32,28.25,21.56
2025-03-20,0.31,28.36,15.63
2025-03-21,0.37,24.92,10.41
2025-03-22,0.06,24.25,11.54
2025-03-23,0.06,25.71,19.57
2025-03-24,0.01,25.76,22.81
2025-03-25,0.0,26.42,24.12
2025-03-26,0.0,27.65,23.66
2025-03-27,0.0,28.19,19.26
2025-03-28,0.0,28.96,21.51
2025-03-29,0.0,29.38,23.07
2025-03-30,0.0,29.23,22.91
2025-03-31,0.44,29.2,21.6
2025-04-01,1.51,28.78,20.02
2025-04-02,1.97,28.93,20.46
2025-04-03,0.64,29.5,18.92
2025-04-04,0.0,30.52,15.27
2025-04-05,0.0,30.11,21.26
2025-04-06,0.28,30.53,20.53
2025-04-07,1.52,30.65,22.3
2025-04-08,1.26,28.4,18.24
2025-04-09,0.0,30.25,23.72
2025-04-10,0.04,30.2,21.06
2025-04-11,10.14,28.62,20.42
2025-04-12,3.05,28.86,21.95
2025-04-13,5.66,27.49,22.1
2025-04-14,0.71,27.43,20.85
2025-04-15,0.69,29.09,21.57
2025-04-16,7.14,28.8,18.33
2025-04-17,21.13,26.84,13.31
2025-04-18,9.36,27.24,15.76
2025-04-19,6.71,27.75,16.45
2025-04-20,10.56,28.51,18.89
2025-04-21,36.41,28.74,11.08
2025-04-22,15.39,28.86,16.7
2025-04-23,4.5,29.55,16.99
2025-04-24,7.06,29.73,19.18
2025-04-25,7.69,29.09,20.19
2025-04-26,0.63,29.5,22.95
2025-04-27,10.36,29.17,14.17
2025-04-28,8.27,27.73,12.39
2025-04-29,20.65,26.5,21.98
2025-04-30,4.34,27.39,17.17
2025-05-01,2.42,28.21,20.7
2025-05-02,10.34,27.9,24.41
2025-05-03,1.7,28.11,20.9
2025-05-04,1.05,28.12,20.18
2025-05-05,1.28,28.43,22.56
2025-05-06,4.62,29.29,20.22
2025-05-07,0.96,29.4,23.08
2025-05-08,4.67,30.67,21.94
2025-05-09,0.58,31.37,21.56
2025-05-10,0.06,32.17,21.08
2025-05-11,4.29,32.08,19.97
2025-05-12,29.73,29.34,10.49
2025-05-13,21.21,29.06,16.76
2025-05-14,9.79,29.74,18.66
2025-05-15,14.31,29.4,17.34
2025-05-16,12.63,29.84,18.57
2025-05-17,34.35,28.86,18.24
2025-05-18,20.95,28.4,17.18
2025-05-19,10.12,28.55,16.98
2025-05-20,39.6,28.37,13.02
2025-05-21,32.36,27.89,16.29
2025-05-22,23.98,28.41,15.2
2025-05-23,3.32,27.68,17.55
2025-05-24,9.17,28.41,17.96
2025-05-25,7.76,28.83,20.95
2025-05-26,26.44,28.44,19.41
2025-05-27,5.5,29.46,23.3
2025-05-28,8.6,28.1,17.01
2025-05-29,92.36,27.52,4.01
2025-05-30,63.31,28.19,5.84
2025-05-31,71.69,28.24,12.82
2025-06-01,63.09,28.45,3.34
2025-06-02,39.3,28.61,7.23
2025-06-03,26.51,28.03,12.43
2025-06-04,28.24,27.11,7.37
2025-06-05,23.11,27.94,18.52
2025-06-06,32.01,28.55,17.57
2025-06-07,7.28,28.98,19.97
2025-06-08,0.13,29.54,23.25
2025-06-09,1.32,30.22,21.96
2025-06-10,16.16,29.39,22.17
2025-06-11,7.48,29.11,24.89
2025-06-12,9.05,28.39,24.07
2025-06-13,2.89,29.6,23.53
2025-06-14,6.52,28.18,19.1
2025-06-15,4.0,28.44,16.03
2025-06-16,14.12,28.13,20.45
2025-06-17,17.27,28.14,8.09
2025-06-18,16.3,27.95,7.86
2025-06-19,10.01,27.86,9.5
2025-06-20,7.72,28.57,16.0
2025-06-21,7.59,28.34,15.7
2025-06-22,2.49,27.98,20.22
2025-06-23,12.36,28.14,16.17
2025-06-24,4.05,28.57,20.93
2025-06-25,22.25,27.94,18.63
2025-06-26,10.66,28.11,19.03
2025-06-27,3.54,28.25,16.74
2025-06-28,0.92,27.32,20.42
2025-06-29,2.88,27.65,18.78
2025-06-30,7.4,28.29,19.51
2025-07-01,4.88,28.38,19.31
2025-07-02,4.34,28.52,18.57
2025-07-03,1.18,28.68,18.18
2025-07-04,10.87,27.74,17.64
2025-07-05,3.96,27.76,18.14
2025-07-06,4.9,27.1,16.55
2025-07-07,21.19,27.5,10.22
2025-07-08,45.79,27.01,2.54
2025-07-09,48.16,27.14,3.25
2025-07-10,37.37,27.08,8.67
2025-07-11,11.77,28.35,21.88
2025-07-12,3.82,28.84,21.45
2025-07-13,6.63,28.69,18.09
2025-07-14,14.58,28.0,10.44
2025-07-15,8.48,27.66,18.32
2025-07-16,27.74,27.96,18.3
2025-07-17,17.49,28.16,10.83
2025-07-18,9.14,28.72,17.88
2025-07-19,1.37,28.27,17.81
2025-07-20,28.88,28.71,15.6
2025-07-21,13.52,29.58,20.88
2025-07-22,7.07,28.84,19.74
2025-07-23,19.71,30.09,21.37
2025-07-24,25.88,29.38,17.88
2025-07-25,11.48,28.7,18.76
2025-07-26,18.6,28.41,15.87
2025-07-27,18.58,28.5,11.93
2025-07-28,14.74,28.38,12.98
2025-07-29,10.23,27.86,15.66
2025-07-30,5.15,27.94,19.39
2025-07-31,23.44,27.53,14.62
2025-08-01,13.26,28.41,13.66
2025-08-02,7.05,27.83,15.75
2025-08-03,16.88,28.14,11.44
2025-08-04,46.88,27.7,10.38
2025-08-05,25.71,28.13,14.39
2025-08-06,33.46,27.82,12.31
2025-08-07,36.25,27.71,8.78
2025-08-08,14.43,26.33,9.53
2025-08-09,7.54,27.3,16.88
2025-08-10,3.83,28.05,19.15
2025-08-11,0.63,28.44,21.05
2025-08-12,0.18,28.86,14.51
2025-08-13,40.09,27.0,9.75
2025-08-14,9.96,27.11,15.51
2025-08-15,10.73,28.08,20.77
2025-08-16,15.03,28.75,20.08
2025-08-17,8.57,28.64,18.06
2025-08-18,19.98,28.74,20.48
2025-08-19,14.33,27.82,20.46
2025-08-20,7.37,27.73,17.19
2025-08-21,6.13,27.44,14.63
2025-08-22,8.78,27.19,14.53
2025-08-23,8.08,27.33,15.47
2025-08-24,5.36,27.52,16.61
2025-08-25,3.6,28.04,20.46
2025-08-26,17.38,28.01,20.6
2025-08-27,6.18,27.78,21.61
2025-08-28,4.37,27.57,15.49
2025-08-29,6.17,27.69,17.3
2025-08-30,4.3,28.4,17.97
2025-08-31,7.85,27.98,18.99
2025-09-01,7.44,29.21,21.48
2025-09-02,18.92,28.88,19.86
2025-09-03,3.19,28.85,20.85
2025-09-04,5.51,27.66,20.36
2025-09-05,2.01,28.02,21.09
2025-09-06,9.56,27.94,18.37
2025-09-07,41.71,27.86,17.81
2025-09-08,10.6,28.52,18.07
2025-09-09,11.16,28.93,15.69
2025-09-10,2.56,27.74,16.1
2025-09-11,2.64,28.17,13.8
2025-09-12,21.61,27.71,13.1
2025-09-13,12.95,27.53,13.3
2025-09-14,28.92,26.7,6.86
2025-09-15,26.33,26.57,13.7
2025-09-16,14.47,26.62,12.27
2025-09-17,1.11,27.23,17.81
2025-09-18,6.78,27.41,17.94
2025-09-19,8.68,28.65,17.82
2025-09-20,1.22,28.5,17.54
2025-09-21,4.75,27.79,15.37
2025-09-22,39.97,26.94,13.85
2025-09-23,5.41,27.79,19.89
2025-09-24,8.63,27.81,19.07
2025-09-25,9.13,28.02,19.17
2025-09-26,6.76,28.51,17.75
2025-09-27,4.51,28.36,18.02
2025-09-28,12.41,27.26,15.47
2025-09-29,6.23,28.26,16.96
2025-09-30,6.81,28.88,20.05
2025-10-01,20.75,27.3,9.15
2025-10-02,17.79,27.01,6.67
2025-10-03,8.81,27.2,18.11
2025-10-04,8.02,27.35,17.68
2025-10-05,3.79,26.74,15.67
2025-10-06,16.07,26.63,12.29
2025-10-07,8.71,27.14,18.16
2025-10-08,20.47,27.37,15.39
2025-10-09,34.13,27.05,15.87
2025-10-10,18.48,27.32,17.19
2025-10-11,9.85,27.08,10.33
2025-10-12,1.9,26.25,18.96
2025-10-13,0.08,25.67,19.11
2025-10-14,0.01,26.18,19.48
2025-10-15,0.01,26.12,19.7
2025-10-16,0.32,26.69,17.81
2025-10-17,0.33,26.79,19.95
2025-10-18,0.04,27.17,19.54
2025-10-19,0.07,26.87,18.8
2025-10-20,0.03,26.74,19.56
2025-10-21,0.0,27.25,19.52
2025-10-22,0.04,27.71,19.98
2025-10-23,0.27,27.59,19.49
2025-10-24,0.17,26.81,18.51
2025-10-25,0.01,26.52,19.04
2025-10-26,0.0,26.39,18.13
2025-10-27,0.02,26.43,18.56
2025-10-28,0.02,27.76,18.39
2025-10-29,3.19,27.92,16.9
2025-10-30,23.47,28.36,15.59
2025-10-31,1.43,28.54,15.53
2025-11-01,2.34,27.1,11.02
2025-11-02,15.23,26.4,12.32
2025-11-03,0.95,25.05,13.57
2025-11-04,1.67,25.45,13.98
2025-11-05,6.4,24.96,8.0
2025-11-06,9.13,25.77,12.39
2025-11-07,0.17,24.44,17.08
2025-11-08,0.0,23.52,18.08
2025-11-09,0.0,21.96,17.76
2025-11-10,0.0,22.08,17.48
2025-11-11,0.0,21.34,17.82
2025-11-12,0.0,20.64,18.28
2025-11-13,0.0,20.68,18.52
2025-11-14,0.0,21.0,18.12
2025-11-15,0.0,20.61,18.41
2025-11-16,0.0,21.22,18.37
2025-11-17,0.0,21.81,18.09
2025-11-18,0.0,21.98,18.13
2025-11-19,0.0,21.66,17.69
2025-11-20,0.0,20.8,17.69
2025-11-21,0.0,20.71,16.82
2025-11-22,0.0,20.16,16.03
2025-11-23,0.0,19.54,16.32
2025-11-24,0.0,18.88,17.28
2025-11-25,0.0,19.81,17.25
2025-11-26,0.0,19.8,17.47
2025-11-27,0.0,20.38,17.38
2025-11-28,0.0,20.44,17.32
2025-11-29,0.0,20.25,17.13
2025-11-30,0.0,20.35,15.96
2025-12-01,0.0,19.73,15.53
2025-12-02,0.0,19.68,12.39
2025-12-03,0.0,18.32,13.95
2025-12-04,0.0,18.55,16.95
2025-12-05,0.0,18.94,17.22
2025-12-06,0.0,18.19,17.19
2025-12-07,0.0,18.07,16.98
2025-12-08,0.0,18.24,16.04
2025-12-09,0.0,18.95,14.43
2025-12-10,0.0,19.33,16.64
2025-12-11,0.0,18.76,17.12
2025-12-12,0.0,19.33,16.83
2025-12-13,0.0,19.29,16.81
2025-12-14,0.0,19.52,16.73
2025-12-15,0.01,19.76,16.39
2025-12-16,0.01,20.0,15.14
2025-12-17,0.0,18.97,15.36
2025-12-18,0.0,19.77,16.53
2025-12-19,0.0,19.84,15.84
2025-12-20,0.0,19.33,14.09
2025-12-21,0.0,18.91,15.08
2025-12-22,0.0,18.71,14.36
2025-12-23,0.0,18.29,14.9
2025-12-24,0.0,17.31,14.82
2025-12-25,0.0,16.49,9.7
2025-12-26,0.0,16.57,12.13
2025-12-27,0.0,16.81,11.31
2025-12-28,0.0,16.39,9.4
2025-12-29,0.0,15.15,4.71
2025-12-30,0.22,14.07,10.41
2025-12-31,0.01,14.22,9.46
