date,rainfall_mm,temp_c,solar_rad_kwh_m2
2001-01-01,0.0,17.59,16.31
2001-01-02,0.0,17.82,15.92
2001-01-03,0.0,18.9,15.68
2001-01-04,0.0,16.0,14.49
2001-01-05,0.0,15.14,14.69
2001-01-06,0.0,13.77,15.51
2001-01-07,0.0,14.15,16.08
2001-01-08,0.0,14.78,16.67
2001-01-09,0.0,15.63,13.62
2001-01-10,0.0,14.67,14.2
2001-01-11,0.0,13.49,15.84
2001-01-12,0.0,13.15,15.87
2001-01-13,0.0,14.1,16.28
2001-01-14,0.0,15.02,16.7
2001-01-15,0.0,15.46,17.55
2001-01-16,0.0,15.97,17.76
2001-01-17,0.0,16.93,18.14
2001-01-18,0.0,16.64,18.25
2001-01-19,0.0,16.92,18.47
2001-01-20,0.0,17.62,18.35
2001-01-21,0.0,17.58,18.22
2001-01-22,0.0,17.7,17.77
2001-01-23,0.0,17.53,13.55
2001-01-24,0.0,18.23,14.97
2001-01-25,0.0,15.09,16.8
2001-01-26,0.0,14.28,17.17
2001-01-27,0.0,14.29,16.44
2001-01-28,0.0,15.15,17.1
2001-01-29,0.0,16.09,17.31
2001-01-30,0.0,17.85,16.75
2001-01-31,0.0,18.28,15.86
2001-02-01,0.0,18.38,14.52
2001-02-02,0.0,20.39,16.18
2001-02-03,0.0,19.23,16.69
2001-02-04,0.0,18.65,19.12
2001-02-05,0.0,19.53,15.36
2001-02-06,0.0,20.92,14.93
2001-02-07,0.0,19.17,19.07
2001-02-08,0.0,18.73,19.12
2001-02-09,0.0,19.14,18.44
2001-02-10,0.0,18.57,17.77
2001-02-11,0.0,19.17,18.59
2001-02-12,0.0,18.97,19.62
2001-02-13,0.0,19.0,20.48
2001-02-14,0.0,19.91,20.36
2001-02-15,0.0,22.44,17.38
2001-02-16,0.0,22.75,20.58
2001-02-17,0.0,23.54,19.75
2001-02-18,0.0,24.28,19.59
2001-02-19,0.0,24.08,16.82
2001-02-20,0.0,23.64,19.56
2001-02-21,1.24,22.82,18.07
2001-02-22,2.16,22.98,16.12
2001-02-23,0.0,23.51,19.1
2001-02-24,0.44,22.8,17.28
2001-02-25,3.74,23.87,15.8
2001-02-26,28.98,23.72,12.23
2001-02-27,7.6,24.15,15.77
2001-02-28,0.0,24.64,17.42
2001-03-01,0.4,24.45,18.54
2001-03-02,0.0,25.37,20.21
2001-03-03,0.0,24.18,21.99
2001-03-04,0.0,23.7,23.6
2001-03-05,0.27,22.89,16.85
2001-03-06,0.0,23.08,22.61
2001-03-07,0.0,22.94,23.0
2001-03-08,0.0,23.2,21.14
2001-03-09,0.0,24.16,18.28
2001-03-10,0.0,24.34,22.1
2001-03-11,0.0,24.05,23.57
2001-03-12,0.0,24.05,23.09
2001-03-13,0.0,25.17,23.4
2001-03-14,0.0,25.64,22.32
2001-03-15,0.03,26.04,21.73
2001-03-16,0.0,27.19,21.14
2001-03-17,0.0,27.02,23.32
2001-03-18,1.32,27.3,21.97
2001-03-19,0.0,27.59,24.2
2001-03-20,0.0,27.96,23.9
2001-03-21,0.0,28.95,22.8
2001-03-22,0.09,29.08,21.93
2001-03-23,1.07,27.92,14.94
2001-03-24,0.83,29.36,19.86
2001-03-25,0.04,28.99,21.67
2001-03-26,0.08,28.77,19.91
2001-03-27,2.02,28.49,21.75
2001-03-28,4.65,28.47,18.98
2001-03-29,2.44,29.17,20.96
2001-03-30,1.4,28.68,17.08
2001-03-31,0.56,27.61,20.61
2001-04-01,6.3,27.98,22.96
2001-04-02,4.09,27.89,19.92
2001-04-03,0.29,29.63,23.88
2001-04-04,0.0,30.57,24.68
2001-04-05,0.24,30.18,23.86
2001-04-06,0.0,30.94,24.16
2001-04-07,0.0,31.68,24.61
2001-04-08,0.0,31.81,22.92
2001-04-09,0.0,29.89,16.52
2001-04-10,0.08,28.98,19.64
2001-04-11,0.12,30.01,20.93
2001-04-12,0.15,29.83,19.26
2001-04-13,5.15,29.04,12.18
2001-04-14,2.53,27.31,16.05
2001-04-15,0.74,27.59,19.73
2001-04-16,0.6,29.23,22.27
2001-04-17,7.35,29.68,23.22
2001-04-18,2.29,28.77,20.19
2001-04-19,0.09,30.51,25.69
2001-04-20,1.7,31.12,22.58
2001-04-21,0.3,30.65,24.71
2001-04-22,0.0,30.63,25.95
2001-04-23,0.0,31.24,26.46
2001-04-24,0.0,31.7,26.09
2001-04-25,0.0,31.61,26.05
2001-04-26,0.0,31.44,25.08
2001-04-27,0.47,30.78,22.95
2001-04-28,2.63,30.29,21.22
2001-04-29,13.37,29.51,16.4
2001-04-30,26.47,27.85,16.81
2001-05-01,5.27,29.4,25.56
2001-05-02,4.95,29.72,11.56
2001-05-03,44.27,27.83,6.3
2001-05-04,28.36,26.62,10.15
2001-05-05,20.55,26.6,11.66
2001-05-06,14.97,25.32,11.77
2001-05-07,42.66,26.73,8.88
2001-05-08,32.6,27.2,2.83
2001-05-09,19.99,27.69,10.46
2001-05-10,38.71,28.36,4.23
2001-05-11,37.31,28.02,13.99
2001-05-12,5.11,26.33,20.28
2001-05-13,0.02,27.04,27.35
2001-05-14,0.0,28.06,24.25
2001-05-15,0.07,29.02,23.42
2001-05-16,0.41,28.79,20.85
2001-05-17,1.69,28.12,22.77
2001-05-18,4.58,28.15,23.49
2001-05-19,4.99,28.24,16.8
2001-05-20,9.22,28.19,19.61
2001-05-21,6.52,27.33,22.34
2001-05-22,11.25,27.85,11.91
2001-05-23,13.33,28.66,15.98
2001-05-24,3.47,27.85,12.87
2001-05-25,0.75,28.0,21.9
2001-05-26,9.52,27.89,13.07
2001-05-27,0.15,28.19,23.08
2001-05-28,2.29,27.88,21.8
2001-05-29,9.34,27.52,13.74
2001-05-30,5.81,27.48,18.29
2001-05-31,7.43,27.98,14.85
2001-06-01,17.4,28.12,15.71
2001-06-02,12.76,28.14,18.69
2001-06-03,15.35,26.87,10.02
2001-06-04,40.02,26.49,8.95
2001-06-05,82.13,26.88,2.48
2001-06-06,49.3,27.27,3.32
2001-06-07,15.64,27.24,14.24
2001-06-08,18.15,27.08,9.82
2001-06-09,4.35,27.29,19.19
2001-06-10,9.03,27.33,21.9
2001-06-11,7.78,27.69,23.69
2001-06-12,0.75,27.74,25.59
2001-06-13,14.3,27.6,19.21
2001-06-14,36.95,26.72,3.88
2001-06-15,37.88,27.06,9.69
2001-06-16,46.89,26.25,14.86
2001-06-17,22.25,26.53,12.48
2001-06-18,20.15,26.98,12.26
2001-06-19,34.07,27.56,13.84
2001-06-20,47.16,27.82,13.61
2001-06-21,6.12,28.63,19.74
2001-06-22,0.61,28.44,22.93
2001-06-23,1.18,28.29,20.34
2001-06-24,0.79,27.72,20.84
2001-06-25,0.16,27.74,20.73
2001-06-26,2.14,27.35,20.54
2001-06-27,4.95,27.27,19.38
2001-06-28,1.06,27.68,20.3
2001-06-29,6.61,27.63,17.76
2001-06-30,14.29,27.41,11.15
2001-07-01,21.56,27.13,10.35
2001-07-02,2.19,27.04,18.2
2001-07-03,0.52,27.28,21.78
2001-07-04,0.73,28.05,22.4
2001-07-05,3.57,27.36,21.27
2001-07-06,2.33,27.89,22.48
2001-07-07,6.69,27.65,23.67
2001-07-08,3.41,28.27,24.2
2001-07-09,2.2,28.15,15.93
2001-07-10,12.35,27.21,17.3
2001-07-11,9.86,27.13,17.61
2001-07-12,12.53,27.52,15.63
2001-07-13,9.26,27.3,17.06
2001-07-14,9.94,27.49,15.87
2001-07-15,4.18,27.56,20.66
2001-07-16,1.7,27.18,19.36
2001-07-17,2.0,27.4,21.38
2001-07-18,4.65,27.75,20.83
2001-07-19,2.28,27.41,16.07
2001-07-20,12.08,27.01,17.65
2001-07-21,6.69,27.62,15.82
2001-07-22,2.54,27.61,20.75
2001-07-23,5.97,27.98,20.6
2001-07-24,10.57,27.26,17.06
2001-07-25,12.34,27.39,13.21
2001-07-26,6.2,27.28,17.06
2001-07-27,5.06,27.81,16.84
2001-07-28,21.71,27.69,11.8
2001-07-29,52.84,27.78,10.66
2001-07-30,35.41,27.13,7.76
2001-07-31,42.73,27.84,10.72
2001-08-01,58.89,27.44,11.16
2001-08-02,5.43,28.37,16.38
2001-08-03,1.13,28.21,20.14
2001-08-04,5.24,27.75,18.33
2001-08-05,35.72,27.89,17.0
2001-08-06,6.55,28.17,16.91
2001-08-07,19.98,28.55,22.16
2001-08-08,10.41,27.37,19.77
2001-08-09,7.22,27.58,20.4
2001-08-10,1.26,27.83,21.24
2001-08-11,1.03,28.09,19.94
2001-08-12,0.68,27.89,20.01
2001-08-13,4.85,27.77,17.25
2001-08-14,2.67,26.81,18.52
2001-08-15,4.87,27.73,19.02
2001-08-16,2.45,28.28,19.25
2001-08-17,1.17,28.7,19.28
2001-08-18,0.48,28.21,21.61
2001-08-19,5.99,28.38,18.23
2001-08-20,4.4,28.48,20.91
2001-08-21,1.44,27.28,17.89
2001-08-22,0.51,27.68,20.68
2001-08-23,0.64,27.74,21.06
2001-08-24,2.99,27.77,13.61
2001-08-25,5.63,27.85,15.46
2001-08-26,35.45,27.99,16.16
2001-08-27,20.35,27.61,14.59
2001-08-28,4.09,28.03,20.59
2001-08-29,6.11,28.17,16.75
2001-08-30,2.66,27.62,19.78
2001-08-31,3.3,27.96,18.51
2001-09-01,2.88,27.43,16.99
2001-09-02,0.59,27.43,18.27
2001-09-03,0.74,27.39,12.25
2001-09-04,0.23,27.36,20.81
2001-09-05,0.25,27.59,18.95
2001-09-06,10.4,27.4,18.31
2001-09-07,5.8,27.43,17.24
2001-09-08,2.03,27.56,18.39
2001-09-09,4.01,27.84,16.74
2001-09-10,3.26,27.25,18.81
2001-09-11,1.99,26.94,18.29
2001-09-12,3.49,27.42,17.85
2001-09-13,3.97,26.87,19.53
2001-09-14,1.26,27.68,19.63
2001-09-15,0.14,28.55,19.7
2001-09-16,5.48,28.37,15.92
2001-09-17,12.13,26.82,16.86
2001-09-18,57.15,26.43,8.77
2001-09-19,28.2,26.36,5.16
2001-09-20,3.74,27.06,16.03
2001-09-21,0.24,26.14,20.22
2001-09-22,1.2,27.93,18.22
2001-09-23,5.48,27.86,15.0
2001-09-24,3.75,28.42,14.55
2001-09-25,0.68,27.64,16.26
2001-09-26,0.18,27.72,20.72
2001-09-27,0.14,27.8,17.51
2001-09-28,0.04,28.28,19.98
2001-09-29,0.63,28.28,22.26
2001-09-30,9.57,26.9,17.51
2001-10-01,4.61,26.99,16.06
2001-10-02,15.42,26.71,13.66
2001-10-03,26.69,26.58,13.1
2001-10-04,11.28,26.05,15.1
2001-10-05,3.56,25.78,17.46
2001-10-06,0.49,26.81,17.73
2001-10-07,0.48,27.5,19.23
2001-10-08,1.31,27.92,18.09
2001-10-09,8.47,26.96,18.67
2001-10-10,9.24,26.88,8.13
2001-10-11,2.92,26.64,15.84
2001-10-12,0.93,26.41,17.63
2001-10-13,2.18,26.8,13.8
2001-10-14,17.28,26.87,5.5
2001-10-15,6.64,27.23,19.43
2001-10-16,15.65,27.16,19.61
2001-10-17,21.76,27.38,17.97
2001-10-18,25.19,25.28,11.37
2001-10-19,2.04,26.72,16.79
2001-10-20,0.01,25.78,18.78
2001-10-21,0.0,25.69,19.3
2001-10-22,0.0,25.79,20.85
2001-10-23,0.0,25.51,20.91
2001-10-24,0.0,25.52,20.39
2001-10-25,0.0,26.22,20.37
2001-10-26,0.04,25.91,20.21
2001-10-27,6.52,25.24,6.53
2001-10-28,0.52,25.11,12.5
2001-10-29,0.01,25.13,14.33
2001-10-30,6.8,25.06,8.69
2001-10-31,12.98,25.05,11.0
2001-11-01,3.01,25.93,16.4
2001-11-02,0.04,24.9,18.96
2001-11-03,0.12,24.26,18.84
2001-11-04,0.0,23.77,17.69
2001-11-05,0.0,23.26,18.93
2001-11-06,0.0,23.3,18.4
2001-11-07,0.66,23.54,9.19
2001-11-08,1.6,23.69,7.54
2001-11-09,0.04,23.71,12.37
2001-11-10,1.01,23.49,10.6
2001-11-11,20.25,22.8,5.91
2001-11-12,9.38,23.17,6.1
2001-11-13,0.03,24.76,16.53
2001-11-14,0.0,23.55,18.36
2001-11-15,0.0,23.24,17.27
2001-11-16,0.0,23.23,18.1
2001-11-17,0.0,23.15,18.32
2001-11-18,0.22,22.4,17.61
2001-11-19,0.28,21.97,8.95
2001-11-20,0.0,22.0,17.27
2001-11-21,0.04,22.23,16.7
2001-11-22,0.02,21.99,14.72
2001-11-23,0.0,20.81,13.02
2001-11-24,0.0,20.38,14.92
2001-11-25,0.0,20.42,17.21
2001-11-26,0.0,20.89,17.59
2001-11-27,0.0,20.69,17.33
2001-11-28,0.0,19.12,17.5
2001-11-29,0.0,18.16,16.52
2001-11-30,0.0,17.18,16.62
2001-12-01,0.0,16.83,15.82
2001-12-02,0.0,16.95,15.72
2001-12-03,0.0,16.17,15.51
2001-12-04,0.0,17.51,16.1
2001-12-05,0.0,17.88,16.06
2001-12-06,0.0,17.39,15.86
2001-12-07,0.0,17.49,15.14
2001-12-08,0.0,18.05,14.28
2001-12-09,0.0,17.52,13.65
2001-12-10,0.0,16.82,15.04
2001-12-11,0.0,16.63,16.0
2001-12-12,0.0,16.51,16.17
2001-12-13,0.0,16.23,15.78
2001-12-14,0.0,16.45,14.3
2001-12-15,0.0,17.22,15.9
2001-12-16,0.0,17.36,15.62
2001-12-17,0.0,16.18,16.64
2001-12-18,0.0,16.26,15.41
2001-12-19,0.0,16.76,15.72
2001-12-20,0.0,17.1,13.24
2001-12-21,0.0,16.58,11.82
2001-12-22,24.03,17.03,12.33
2001-12-23,0.0,18.29,15.99
2001-12-24,0.0,18.48,14.61
2001-12-25,0.0,18.43,16.32
2001-12-26,0.0,18.02,15.7
2001-12-27,0.0,18.18,15.82
2001-12-28,0.0,17.72,16.68
2001-12-29,0.0,17.3,16.45
2001-12-30,0.0,16.39,15.8
2001-12-31,0.0,15.83,15.83
2002-01-01,0.0,14.99,14.59
2002-01-02,0.0,15.59,16.9
2002-01-03,0.0,16.81,17.05
2002-01-04,0.0,18.28,14.62
2002-01-05,0.0,18.49,16.11
2002-01-06,0.0,18.23,16.4
2002-01-07,0.04,17.37,9.03
2002-01-08,0.11,18.33,9.9
2002-01-09,0.0,18.29,15.4
2002-01-10,0.0,16.95,14.99
2002-01-11,0.0,16.93,16.07
2002-01-12,0.0,15.99,16.39
2002-01-13,0.0,16.42,17.6
2002-01-14,0.0,17.62,17.07
2002-01-15,0.0,17.82,14.32
2002-01-16,0.0,18.63,15.7
2002-01-17,0.1,18.78,15.6
2002-01-18,0.0,19.18,14.54
2002-01-19,0.0,19.9,15.41
2002-01-20,0.0,20.16,17.33
2002-01-21,0.0,20.78,17.07
2002-01-22,0.52,21.19,12.51
2002-01-23,4.22,19.84,5.52
2002-01-24,0.33,19.9,12.0
2002-01-25,0.0,16.48,17.0
2002-01-26,0.0,16.38,16.77
2002-01-27,0.0,15.22,17.57
2002-01-28,2.65,15.24,3.82
2002-01-29,0.2,17.3,14.83
2002-01-30,2.14,17.66,8.08
2002-01-31,0.0,16.4,18.39
2002-02-01,0.0,15.98,19.15
2002-02-02,0.0,16.18,19.3
2002-02-03,0.0,16.31,18.22
2002-02-04,0.0,16.56,18.57
2002-02-05,0.0,16.67,19.01
2002-02-06,0.0,18.02,19.32
2002-02-07,0.0,19.43,18.74
2002-02-08,0.0,20.82,18.09
2002-02-09,0.0,21.91,19.16
2002-02-10,0.0,22.37,19.31
2002-02-11,0.0,22.33,19.62
2002-02-12,0.0,22.04,15.14
2002-02-13,0.0,21.19,16.55
2002-02-14,0.0,20.08,20.7
2002-02-15,0.0,19.55,21.63
2002-02-16,0.0,20.82,21.7
2002-02-17,0.0,22.21,21.35
2002-02-18,0.0,22.87,21.59
2002-02-19,0.0,22.7,20.39
2002-02-20,0.0,22.34,20.08
2002-02-21,0.0,23.51,20.4
2002-02-22,0.0,23.81,19.85
2002-02-23,0.0,23.61,20.09
2002-02-24,0.0,24.71,20.89
2002-02-25,0.02,24.44,20.71
2002-02-26,0.43,24.43,19.16
2002-02-27,0.0,22.93,19.51
2002-02-28,0.0,22.65,22.26
2002-03-01,0.0,23.42,21.96
2002-03-02,0.0,24.37,21.59
2002-03-03,4.89,24.11,12.49
2002-03-04,8.82,25.33,18.16
2002-03-05,0.0,23.89,21.16
2002-03-06,0.0,23.69,21.62
2002-03-07,0.0,23.46,22.72
2002-03-08,0.0,24.36,23.04
2002-03-09,0.05,25.24,21.66
2002-03-10,0.19,26.82,20.42
2002-03-11,0.66,27.14,20.2
2002-03-12,0.0,27.15,20.87
2002-03-13,0.0,25.94,21.43
2002-03-14,0.0,25.35,20.89
2002-03-15,0.0,26.69,22.14
2002-03-16,0.0,27.77,18.9
2002-03-17,0.0,26.28,23.47
2002-03-18,0.0,26.39,24.82
2002-03-19,0.0,27.45,24.13
2002-03-20,0.0,28.32,23.88
2002-03-21,0.0,27.22,24.06
2002-03-22,0.0,27.47,22.08
2002-03-23,1.18,26.99,20.62
2002-03-24,14.33,26.73,19.35
2002-03-25,9.96,27.05,19.83
2002-03-26,14.73,26.46,16.48
2002-03-27,28.37,26.05,11.49
2002-03-28,3.25,26.72,16.59
2002-03-29,4.31,27.79,12.44
2002-03-30,0.29,28.14,23.32
2002-03-31,0.0,28.14,22.51
2002-04-01,5.52,27.74,20.6
2002-04-02,12.71,25.53,12.59
2002-04-03,9.93,24.23,10.79
2002-04-04,0.13,26.13,23.46
2002-04-05,0.74,27.64,25.06
2002-04-06,7.49,28.05,22.93
2002-04-07,0.06,29.25,24.41
2002-04-08,0.0,29.41,24.14
2002-04-09,0.2,29.59,19.52
2002-04-10,1.26,29.83,20.74
2002-04-11,1.96,27.98,9.61
2002-04-12,0.0,28.3,24.43
2002-04-13,0.02,28.43,25.42
2002-04-14,0.1,28.84,25.27
2002-04-15,1.16,28.67,14.17
2002-04-16,0.92,29.03,17.48
2002-04-17,1.45,29.63,13.94
2002-04-18,0.18,29.81,20.72
2002-04-19,0.04,29.82,19.1
2002-04-20,0.01,31.06,21.33
2002-04-21,0.28,28.86,19.11
2002-04-22,0.29,28.19,10.75
2002-04-23,0.01,28.0,19.67
2002-04-24,6.53,29.41,24.05
2002-04-25,2.17,30.08,22.42
2002-04-26,15.36,29.21,17.28
2002-04-27,26.56,27.33,22.32
2002-04-28,0.82,28.5,23.15
2002-04-29,5.64,28.37,22.08
2002-04-30,11.4,28.11,23.43
2002-05-01,10.51,28.06,18.32
2002-05-02,5.26,28.78,20.15
2002-05-03,0.58,29.19,24.49
2002-05-04,4.29,28.98,22.4
2002-05-05,11.05,28.96,11.44
2002-05-06,16.27,26.76,4.59
2002-05-07,24.7,28.29,22.76
2002-05-08,16.4,28.48,18.42
2002-05-09,5.13,28.78,21.68
2002-05-10,6.72,28.19,11.64
2002-05-11,5.45,28.9,10.77
2002-05-12,2.92,29.82,18.77
2002-05-13,0.68,29.67,19.13
2002-05-14,1.82,29.03,21.78
2002-05-15,3.23,28.3,22.71
2002-05-16,1.31,29.57,25.95
2002-05-17,2.48,30.5,24.78
2002-05-18,5.31,31.19,25.59
2002-05-19,5.91,30.43,17.93
2002-05-20,4.67,29.8,16.86
2002-05-21,15.7,30.23,15.71
2002-05-22,14.44,29.4,11.8
2002-05-23,5.16,28.69,15.33
2002-05-24,3.28,28.03,21.57
2002-05-25,18.8,26.58,20.34
2002-05-26,32.85,27.2,10.55
2002-05-27,15.84,26.6,14.12
2002-05-28,0.82,26.68,14.62
2002-05-29,0.34,26.26,19.22
2002-05-30,2.8,27.1,21.52
2002-05-31,8.51,27.7,12.94
2002-06-01,20.68,27.71,12.46
2002-06-02,6.97,27.82,22.45
2002-06-03,6.19,28.71,17.2
2002-06-04,16.33,28.09,20.28
2002-06-05,5.62,28.39,22.29
2002-06-06,4.0,27.66,17.87
2002-06-07,30.57,27.44,8.44
2002-06-08,39.05,27.52,6.57
2002-06-09,3.93,27.71,16.65
2002-06-10,4.47,27.61,16.25
2002-06-11,15.23,26.47,13.83
2002-06-12,26.62,26.97,8.47
2002-06-13,35.18,27.14,1.88
2002-06-14,18.99,27.36,16.12
2002-06-15,9.33,28.1,7.99
2002-06-16,8.69,28.1,17.99
2002-06-17,4.02,27.89,19.74
2002-06-18,4.92,28.37,20.64
2002-06-19,0.2,28.09,21.55
2002-06-20,0.05,28.02,21.42
2002-06-21,7.2,27.65,14.09
2002-06-22,13.4,28.33,15.39
2002-06-23,18.74,27.82,21.4
2002-06-24,18.88,28.49,20.79
2002-06-25,4.63,27.82,18.49
2002-06-26,8.36,27.65,18.33
2002-06-27,2.39,28.31,19.38
2002-06-28,6.28,28.62,14.23
2002-06-29,22.28,28.88,17.77
2002-06-30,31.67,27.95,11.82
2002-07-01,30.88,29.08,8.52
2002-07-02,30.87,27.74,13.9
2002-07-03,24.38,28.06,8.27
2002-07-04,30.24,28.01,10.99
2002-07-05,32.28,28.19,12.79
2002-07-06,10.67,28.42,14.4
2002-07-07,13.82,29.36,13.45
2002-07-08,1.79,28.78,8.73
2002-07-09,2.22,28.07,9.78
2002-07-10,2.86,28.71,6.98
2002-07-11,13.93,27.7,8.92
2002-07-12,5.08,28.35,12.2
2002-07-13,5.73,28.2,11.43
2002-07-14,15.45,28.33,17.47
2002-07-15,13.35,28.54,17.73
2002-07-16,13.95,28.04,18.21
2002-07-17,10.28,27.78,21.18
2002-07-18,3.68,27.43,16.22
2002-07-19,18.38,27.82,12.6
2002-07-20,27.47,27.37,14.86
2002-07-21,49.11,27.46,5.85
2002-07-22,53.47,27.42,4.56
2002-07-23,21.74,27.52,7.51
2002-07-24,6.37,27.95,18.73
2002-07-25,8.36,27.79,10.98
2002-07-26,3.84,27.71,17.74
2002-07-27,0.75,27.72,15.92
2002-07-28,10.4,27.38,13.04
2002-07-29,16.04,27.47,18.11
2002-07-30,5.2,27.05,12.69
2002-07-31,1.88,27.12,19.04
2002-08-01,2.16,27.62,21.3
2002-08-02,10.7,26.99,10.01
2002-08-03,7.23,27.13,11.85
2002-08-04,3.06,26.75,15.64
2002-08-05,2.73,27.59,22.17
2002-08-06,6.09,28.02,23.01
2002-08-07,17.47,27.74,17.46
2002-08-08,3.79,28.01,22.84
2002-08-09,7.72,27.99,15.23
2002-08-10,13.75,27.99,17.07
2002-08-11,15.01,27.51,14.17
2002-08-12,7.73,27.31,13.63
2002-08-13,20.46,27.25,16.74
2002-08-14,19.57,27.22,14.31
2002-08-15,9.46,26.92,19.43
2002-08-16,12.55,26.63,16.89
2002-08-17,21.18,27.18,12.34
2002-08-18,5.3,27.46,18.25
2002-08-19,3.85,27.03,12.36
2002-08-20,4.11,27.24,11.0
2002-08-21,8.37,27.01,16.83
2002-08-22,5.32,27.39,21.05
2002-08-23,1.66,26.44,15.73
2002-08-24,5.17,25.94,14.6
2002-08-25,4.38,26.72,11.21
2002-08-26,20.0,27.96,9.53
2002-08-27,20.26,28.75,19.49
2002-08-28,13.5,27.78,20.23
2002-08-29,3.18,26.88,20.85
2002-08-30,0.6,27.56,21.86
2002-08-31,0.16,27.15,22.03
2002-09-01,0.97,27.36,22.54
2002-09-02,0.4,27.56,22.1
2002-09-03,5.25,27.68,21.38
2002-09-04,6.08,27.56,21.45
2002-09-05,5.85,27.24,23.82
2002-09-06,32.23,27.95,14.68
2002-09-07,1.41,27.88,22.83
2002-09-08,2.97,27.4,20.94
2002-09-09,3.54,26.61,14.97
2002-09-10,15.93,25.99,13.89
2002-09-11,2.28,25.87,12.01
2002-09-12,0.05,27.09,17.01
2002-09-13,0.01,27.6,21.37
2002-09-14,0.24,27.12,19.33
2002-09-15,2.91,26.9,20.82
2002-09-16,4.19,26.95,10.68
2002-09-17,0.56,26.66,20.13
2002-09-18,0.0,26.1,23.05
2002-09-19,0.25,28.03,21.03
2002-09-20,4.05,28.32,22.25
2002-09-21,9.66,28.18,21.87
2002-09-22,7.48,27.72,15.03
2002-09-23,4.08,26.57,16.82
2002-09-24,10.63,26.15,17.28
2002-09-25,2.09,26.44,18.42
2002-09-26,18.74,26.51,16.84
2002-09-27,20.92,26.56,5.26
2002-09-28,7.73,26.62,11.05
2002-09-29,1.94,26.2,15.32
2002-09-30,1.45,26.74,18.28
2002-10-01,2.4,27.31,13.32
2002-10-02,0.59,27.49,16.48
2002-10-03,0.18,27.61,16.28
2002-10-04,0.04,27.35,17.99
2002-10-05,0.03,27.86,18.9
2002-10-06,0.0,28.26,21.02
2002-10-07,2.82,28.04,21.26
2002-10-08,2.53,27.23,21.05
2002-10-09,0.51,27.26,15.67
2002-10-10,0.19,26.46,18.73
2002-10-11,0.74,26.73,18.69
2002-10-12,0.28,26.15,20.22
2002-10-13,5.94,25.36,15.15
2002-10-14,9.66,24.03,7.99
2002-10-15,10.36,24.82,8.54
2002-10-16,1.74,25.85,10.92
2002-10-17,0.57,25.67,18.89
2002-10-18,1.31,25.24,10.94
2002-10-19,6.78,24.38,8.58
2002-10-20,1.29,25.29,14.33
2002-10-21,0.03,23.99,18.0
2002-10-22,0.0,24.11,19.74
2002-10-23,0.0,23.79,20.56
2002-10-24,0.0,23.58,19.99
2002-10-25,0.0,23.31,18.61
2002-10-26,0.0,23.1,19.56
2002-10-27,0.0,22.74,19.77
2002-10-28,0.0,22.27,19.95
2002-10-29,0.0,22.3,19.4
2002-10-30,0.0,22.44,19.31
2002-10-31,0.0,22.24,18.66
2002-11-01,0.0,22.19,18.54
2002-11-02,0.0,22.98,12.68
2002-11-03,0.0,23.85,13.86
2002-11-04,0.0,24.56,18.21
2002-11-05,0.0,24.37,16.71
2002-11-06,0.0,23.96,18.36
2002-11-07,0.0,23.3,14.33
2002-11-08,0.0,23.96,14.46
2002-11-09,0.0,24.22,17.8
2002-11-10,0.0,24.08,17.24
2002-11-11,22.55,22.29,6.21
2002-11-12,67.55,22.18,2.21
2002-11-13,22.23,24.58,6.98
2002-11-14,0.0,21.31,14.84
2002-11-15,0.0,19.93,17.6
2002-11-16,0.0,20.11,18.01
2002-11-17,0.0,20.45,18.22
2002-11-18,0.0,20.66,16.26
2002-11-19,0.0,20.88,17.31
2002-11-20,0.0,21.28,16.87
2002-11-21,0.0,19.72,18.0
2002-11-22,0.0,20.48,16.82
2002-11-23,0.0,21.22,17.16
2002-11-24,0.0,21.0,15.19
2002-11-25,0.0,21.88,15.92
2002-11-26,0.19,22.58,14.25
2002-11-27,0.01,21.56,15.3
2002-11-28,0.0,21.5,16.61
2002-11-29,0.26,21.63,14.23
2002-11-30,0.04,21.49,12.45
2002-12-01,0.0,20.83,14.06
2002-12-02,0.0,20.56,14.95
2002-12-03,0.0,19.71,16.3
2002-12-04,0.0,19.38,17.0
2002-12-05,0.0,18.78,16.89
2002-12-06,0.0,18.33,16.23
2002-12-07,0.0,17.91,15.41
2002-12-08,0.0,17.49,15.89
2002-12-09,0.0,17.87,16.92
2002-12-10,0.0,17.61,15.96
2002-12-11,0.0,18.07,16.34
2002-12-12,0.0,18.74,16.25
2002-12-13,0.0,19.06,15.05
2002-12-14,0.0,19.3,15.55
2002-12-15,0.0,19.31,15.0
2002-12-16,0.0,20.07,14.33
2002-12-17,0.0,19.75,14.05
2002-12-18,0.0,20.24,13.46
2002-12-19,0.05,19.28,11.64
2002-12-20,3.94,19.02,13.1
2002-12-21,0.0,20.5,13.52
2002-12-22,0.0,18.11,14.26
2002-12-23,0.0,17.31,15.06
2002-12-24,0.0,17.1,14.43
2002-12-25,0.0,17.6,13.41
2002-12-26,0.0,16.86,15.25
2002-12-27,0.0,16.78,15.8
2002-12-28,0.0,15.85,14.18
2002-12-29,0.0,14.88,14.97
2002-12-30,0.0,14.08,15.82
2002-12-31,2.81,14.63,16.03
2003-01-01,0.01,15.01,15.16
2003-01-02,0.0,15.69,16.47
2003-01-03,0.0,17.66,16.86
2003-01-04,0.0,18.24,15.06
2003-01-05,0.0,15.9,14.0
2003-01-06,0.0,15.48,15.23
2003-01-07,0.0,15.53,14.7
2003-01-08,0.0,14.73,7.66
2003-01-09,0.0,14.19,8.76
2003-01-10,0.0,14.26,7.92
2003-01-11,0.0,14.53,8.72
2003-01-12,0.0,15.16,10.76
2003-01-13,0.0,15.44,8.75
2003-01-14,0.0,14.88,7.68
2003-01-15,0.0,15.08,14.26
2003-01-16,0.0,15.82,14.37
2003-01-17,0.0,16.8,17.7
2003-01-18,0.0,17.41,18.33
2003-01-19,0.0,17.51,18.39
2003-01-20,0.0,15.86,18.49
2003-01-21,0.0,14.64,18.07
2003-01-22,0.0,14.41,17.37
2003-01-23,0.0,15.01,16.9
2003-01-24,0.0,15.85,16.25
2003-01-25,0.0,15.73,16.8
2003-01-26,0.0,16.0,15.67
2003-01-27,0.0,16.94,16.21
2003-01-28,0.0,17.68,17.22
2003-01-29,0.69,17.66,16.04
2003-01-30,32.01,17.16,9.23
2003-01-31,0.0,18.85,14.98
2003-02-01,0.05,18.98,16.81
2003-02-02,0.04,20.06,17.85
2003-02-03,0.0,20.81,19.08
2003-02-04,0.0,21.47,16.85
2003-02-05,0.17,20.55,11.92
2003-02-06,0.02,20.24,18.91
2003-02-07,0.0,19.85,17.95
2003-02-08,0.0,19.59,17.65
2003-02-09,0.07,19.98,16.85
2003-02-10,0.05,21.04,17.25
2003-02-11,0.29,21.23,16.71
2003-02-12,3.2,20.47,10.71
2003-02-13,0.86,20.94,13.53
2003-02-14,0.08,21.17,15.43
2003-02-15,0.0,18.76,18.86
2003-02-16,0.0,18.72,20.3
2003-02-17,0.0,20.09,20.31
2003-02-18,0.0,21.6,20.2
2003-02-19,6.91,21.96,20.37
2003-02-20,0.18,22.79,19.7
2003-02-21,0.0,22.04,18.63
2003-02-22,0.0,20.1,21.52
2003-02-23,0.0,20.63,22.22
2003-02-24,0.0,21.3,21.94
2003-02-25,0.0,22.35,21.33
2003-02-26,0.02,23.52,17.91
2003-02-27,0.63,24.41,19.23
2003-02-28,1.7,23.78,19.92
2003-03-01,0.0,25.26,20.91
2003-03-02,0.18,25.99,20.11
2003-03-03,0.0,26.19,21.47
2003-03-04,0.0,26.61,20.05
2003-03-05,0.0,21.2,21.23
2003-03-06,0.0,20.18,23.5
2003-03-07,0.0,20.36,23.15
2003-03-08,0.0,21.25,23.83
2003-03-09,0.0,21.27,23.3
2003-03-10,0.0,22.94,23.08
2003-03-11,0.59,23.76,14.02
2003-03-12,18.2,23.58,14.45
2003-03-13,1.08,21.08,18.54
2003-03-14,9.63,22.26,15.16
2003-03-15,3.69,23.75,16.81
2003-03-16,7.79,24.58,15.95
2003-03-17,17.61,23.76,10.8
2003-03-18,0.29,23.44,14.71
2003-03-19,0.0,25.47,21.9
2003-03-20,2.25,25.68,23.14
2003-03-21,4.38,25.53,22.79
2003-03-22,0.14,25.29,22.77
2003-03-23,0.0,26.27,23.75
2003-03-24,0.0,26.72,22.51
2003-03-25,0.02,27.44,21.27
2003-03-26,7.64,26.66,20.28
2003-03-27,2.99,26.48,22.38
2003-03-28,0.0,26.83,18.09
2003-03-29,0.0,27.53,21.3
2003-03-30,12.34,26.03,13.39
2003-03-31,24.09,25.48,11.98
2003-04-01,30.24,26.18,15.95
2003-04-02,19.07,26.36,21.64
2003-04-03,0.0,26.96,19.82
2003-04-04,5.27,26.65,14.45
2003-04-05,0.0,27.67,20.55
2003-04-06,0.0,28.45,23.42
2003-04-07,0.0,29.27,24.58
2003-04-08,0.0,29.49,22.45
2003-04-09,0.0,29.02,20.04
2003-04-10,0.0,28.66,21.76
2003-04-11,0.04,29.16,23.26
2003-04-12,0.37,28.72,20.3
2003-04-13,0.44,29.23,19.47
2003-04-14,0.33,29.15,22.63
2003-04-15,0.12,29.45,23.94
2003-04-16,0.05,29.27,20.95
2003-04-17,1.21,29.25,18.89
2003-04-18,0.99,29.92,21.27
2003-04-19,0.62,30.09,21.34
2003-04-20,9.08,28.74,14.71
2003-04-21,11.96,27.96,21.65
2003-04-22,8.63,28.85,24.86
2003-04-23,2.52,28.98,25.19
2003-04-24,0.0,29.55,22.1
2003-04-25,0.04,30.12,22.45
2003-04-26,0.28,30.65,22.03
2003-04-27,0.58,30.59,20.76
2003-04-28,1.37,29.31,18.03
2003-04-29,16.84,29.69,23.7
2003-04-30,5.43,28.64,16.36
2003-05-01,0.24,27.98,17.03
2003-05-02,17.12,27.33,13.21
2003-05-03,24.95,28.36,12.87
2003-05-04,7.53,28.87,14.77
2003-05-05,0.5,29.44,18.23
2003-05-06,1.95,29.45,18.34
2003-05-07,1.51,29.48,20.57
2003-05-08,11.04,29.78,20.31
2003-05-09,0.09,30.09,12.95
2003-05-10,0.42,28.96,17.45
2003-05-11,0.0,29.73,24.65
2003-05-12,0.49,30.55,25.35
2003-05-13,0.0,31.24,22.53
2003-05-14,0.05,29.92,17.98
2003-05-15,0.28,27.46,9.63
2003-05-16,0.11,30.86,22.07
2003-05-17,0.03,30.81,23.76
2003-05-18,0.17,31.81,23.61
2003-05-19,0.09,31.49,21.82
2003-05-20,6.31,31.78,24.6
2003-05-21,14.67,29.08,16.8
2003-05-22,2.14,29.66,18.17
2003-05-23,1.23,29.43,16.75
2003-05-24,7.69,29.84,19.47
2003-05-25,11.93,29.42,21.48
2003-05-26,12.35,29.7,18.87
2003-05-27,4.57,30.78,18.16
2003-05-28,4.47,30.95,18.75
2003-05-29,0.41,30.53,21.09
2003-05-30,0.04,31.56,21.72
2003-05-31,0.02,32.12,22.69
2003-06-01,0.0,32.19,23.35
2003-06-02,0.01,31.78,21.82
2003-06-03,8.02,30.08,19.73
2003-06-04,11.53,28.77,12.96
2003-06-05,4.01,28.65,3.79
2003-06-06,0.77,29.51,15.69
2003-06-07,59.43,28.42,5.68
2003-06-08,28.97,28.19,16.15
2003-06-09,34.07,28.71,9.65
2003-06-10,73.17,27.76,3.9
2003-06-11,32.99,27.95,5.62
2003-06-12,4.01,27.36,12.81
2003-06-13,0.59,28.0,16.93
2003-06-14,0.11,27.93,18.04
2003-06-15,0.73,27.65,16.34
2003-06-16,0.67,27.38,13.15
2003-06-17,35.52,26.72,18.61
2003-06-18,38.43,27.16,18.84
2003-06-19,8.9,26.62,21.32
2003-06-20,18.93,27.66,9.59
2003-06-21,32.75,27.31,5.95
2003-06-22,54.19,27.43,3.03
2003-06-23,33.15,27.46,15.72
2003-06-24,0.24,27.81,21.74
2003-06-25,3.54,27.49,15.98
2003-06-26,4.59,27.36,5.53
2003-06-27,5.04,27.81,8.54
2003-06-28,15.19,27.63,4.72
2003-06-29,18.01,27.54,2.99
2003-06-30,8.95,27.22,14.1
2003-07-01,4.87,27.76,13.15
2003-07-02,1.1,27.75,19.25
2003-07-03,1.52,27.41,21.07
2003-07-04,3.52,27.96,20.64
2003-07-05,3.22,28.29,20.57
2003-07-06,2.62,28.19,19.41
2003-07-07,2.54,28.16,18.52
2003-07-08,2.88,27.63,17.53
2003-07-09,5.25,28.38,21.74
2003-07-10,6.51,27.19,18.26
2003-07-11,17.98,27.22,14.06
2003-07-12,9.71,27.75,11.95
2003-07-13,12.43,28.14,18.42
2003-07-14,6.28,28.17,21.58
2003-07-15,0.84,28.22,24.52
2003-07-16,3.18,27.86,19.4
2003-07-17,6.19,28.64,25.5
2003-07-18,3.6,28.28,20.67
2003-07-19,3.4,27.96,19.08
2003-07-20,4.74,28.27,18.36
2003-07-21,8.47,27.35,18.09
2003-07-22,4.5,27.8,20.55
2003-07-23,2.38,29.56,24.63
2003-07-24,13.11,29.26,22.17
2003-07-25,12.67,28.45,21.41
2003-07-26,1.48,27.88,23.74
2003-07-27,9.09,27.94,24.52
2003-07-28,8.47,27.68,16.72
2003-07-29,18.45,27.22,7.64
2003-07-30,14.71,27.71,11.14
2003-07-31,3.59,28.11,19.6
2003-08-01,2.03,27.35,17.82
2003-08-02,1.08,27.71,19.0
2003-08-03,1.17,28.21,24.35
2003-08-04,7.48,28.79,22.21
2003-08-05,1.91,28.77,24.84
2003-08-06,0.48,28.32,24.19
2003-08-07,2.34,28.8,20.89
2003-08-08,7.33,28.08,20.71
2003-08-09,6.1,28.15,16.17
2003-08-10,26.27,27.85,12.22
2003-08-11,43.25,28.03,11.52
2003-08-12,14.83,28.14,19.29
2003-08-13,4.44,28.17,21.74
2003-08-14,3.46,28.05,17.72
2003-08-15,5.36,27.82,17.08
2003-08-16,0.82,27.68,20.92
2003-08-17,0.88,28.36,20.06
2003-08-18,2.12,28.22,16.4
2003-08-19,4.81,27.92,16.0
2003-08-20,5.34,28.57,18.08
2003-08-21,0.85,29.73,20.37
2003-08-22,3.58,28.44,15.19
2003-08-23,1.19,27.67,17.55
2003-08-24,13.07,27.16,18.52
2003-08-25,15.68,28.9,22.11
2003-08-26,3.66,28.83,22.65
2003-08-27,0.49,28.5,22.31
2003-08-28,0.67,27.63,16.25
2003-08-29,6.1,27.16,17.89
2003-08-30,7.85,27.8,14.47
2003-08-31,3.78,28.24,18.76
2003-09-01,1.22,28.0,17.98
2003-09-02,19.47,27.65,13.19
2003-09-03,5.05,27.87,16.76
2003-09-04,1.03,27.55,21.48
2003-09-05,0.58,28.2,19.73
2003-09-06,3.33,27.49,18.66
2003-09-07,10.53,27.34,13.81
2003-09-08,6.09,27.2,15.33
2003-09-09,1.89,27.49,18.59
2003-09-10,1.37,27.16,17.16
2003-09-11,4.41,28.31,16.41
2003-09-12,10.65,27.4,17.63
2003-09-13,4.82,28.44,18.02
2003-09-14,1.95,27.78,16.18
2003-09-15,8.5,26.7,17.72
2003-09-16,6.93,27.2,13.98
2003-09-17,0.76,26.96,17.08
2003-09-18,0.14,27.27,14.88
2003-09-19,7.33,27.15,17.05
2003-09-20,12.07,26.83,12.41
2003-09-21,1.03,28.08,15.84
2003-09-22,14.19,27.83,15.73
2003-09-23,8.41,28.1,16.39
2003-09-24,7.89,26.87,8.47
2003-09-25,11.56,27.07,17.85
2003-09-26,20.49,26.1,17.92
2003-09-27,11.8,26.53,16.52
2003-09-28,2.92,26.46,15.12
2003-09-29,0.67,27.8,18.62
2003-09-30,0.16,28.26,17.81
2003-10-01,2.69,28.45,18.09
2003-10-02,13.27,27.85,16.26
2003-10-03,2.79,27.4,19.07
2003-10-04,1.29,27.05,16.6
2003-10-05,0.17,26.52,19.9
2003-10-06,1.79,26.74,12.65
2003-10-07,8.42,25.75,7.48
2003-10-08,54.01,25.62,3.96
2003-10-09,9.31,26.32,12.27
2003-10-10,6.76,27.05,7.21
2003-10-11,1.2,27.02,14.72
2003-10-12,0.0,26.18,17.99
2003-10-13,0.0,25.13,20.0
2003-10-14,0.1,26.31,20.2
2003-10-15,17.6,27.37,19.73
2003-10-16,1.32,27.23,20.67
2003-10-17,0.05,27.29,19.85
2003-10-18,0.45,26.39,10.77
2003-10-19,0.04,26.31,18.35
2003-10-20,4.17,26.93,15.48
2003-10-21,5.15,26.93,14.2
2003-10-22,6.0,25.99,16.83
2003-10-23,1.99,26.23,18.61
2003-10-24,0.99,25.78,16.99
2003-10-25,2.83,25.73,14.59
2003-10-26,2.38,25.51,15.17
2003-10-27,4.13,26.18,14.39
2003-10-28,0.8,25.85,15.16
2003-10-29,0.0,25.59,17.87
2003-10-30,0.0,24.95,19.45
2003-10-31,0.02,24.48,18.56
2003-11-01,0.02,24.32,18.68
2003-11-02,0.0,23.5,19.63
2003-11-03,0.0,23.17,18.45
2003-11-04,0.0,22.83,18.83
2003-11-05,0.0,22.35,18.47
2003-11-06,0.0,23.1,16.39
2003-11-07,0.04,23.29,17.54
2003-11-08,0.0,23.23,17.48
2003-11-09,0.0,20.76,17.9
2003-11-10,0.0,20.58,18.09
2003-11-11,0.0,20.92,18.61
2003-11-12,0.0,21.86,18.41
2003-11-13,0.0,21.23,19.07
2003-11-14,0.0,20.67,18.85
2003-11-15,0.0,20.71,18.85
2003-11-16,0.0,20.55,18.78
2003-11-17,3.59,20.54,17.43
2003-11-18,0.0,20.61,18.32
2003-11-19,0.0,20.1,17.76
2003-11-20,0.0,20.37,16.98
2003-11-21,0.0,19.46,17.6
2003-11-22,0.0,19.24,17.69
2003-11-23,0.0,19.83,17.66
2003-11-24,0.0,20.07,17.11
2003-11-25,0.0,20.13,17.61
2003-11-26,0.0,20.35,16.76
2003-11-27,0.0,19.69,17.2
2003-11-28,0.0,18.89,16.8
2003-11-29,0.0,18.65,16.99
2003-11-30,0.0,18.87,17.35
2003-12-01,0.0,18.21,17.47
2003-12-02,0.0,18.24,17.38
2003-12-03,0.0,18.56,16.74
2003-12-04,0.0,18.22,16.36
2003-12-05,0.0,17.58,15.92
2003-12-06,0.0,17.61,16.23
2003-12-07,0.0,17.7,16.39
2003-12-08,0.0,18.83,15.78
2003-12-09,0.0,20.15,15.08
2003-12-10,0.0,19.69,15.66
2003-12-11,0.0,19.13,16.11
2003-12-12,0.0,19.22,15.37
2003-12-13,0.0,19.62,16.63
2003-12-14,0.0,19.93,16.84
2003-12-15,0.0,19.52,16.43
2003-12-16,0.18,19.22,10.22
2003-12-17,1.83,18.89,4.25
2003-12-18,6.02,19.23,6.39
2003-12-19,25.77,20.2,7.94
2003-12-20,1.57,20.15,11.22
2003-12-21,0.0,19.45,12.08
2003-12-22,0.0,19.0,15.02
2003-12-23,0.0,18.6,16.22
2003-12-24,0.0,17.93,15.6
2003-12-25,0.0,16.59,16.32
2003-12-26,0.0,16.24,16.63
2003-12-27,0.0,16.63,11.23
2003-12-28,4.77,15.62,4.13
2003-12-29,0.87,15.66,11.11
2003-12-30,0.0,15.59,14.85
2003-12-31,0.0,15.72,13.51
2004-01-01,0.0,15.87,10.54
2004-01-02,0.0,15.52,6.61
2004-01-03,0.18,14.59,12.81
2004-01-04,0.0,13.69,8.16
2004-01-05,0.0,13.93,14.54
2004-01-06,0.0,16.06,16.19
2004-01-07,0.0,17.04,16.02
2004-01-08,0.0,17.44,15.29
2004-01-09,0.0,15.63,15.4
2004-01-10,0.0,16.19,12.15
2004-01-11,0.0,17.85,17.28
2004-01-12,0.0,18.45,16.93
2004-01-13,0.0,18.12,15.49
2004-01-14,0.0,17.61,12.22
2004-01-15,0.57,19.16,13.06
2004-01-16,0.11,18.97,12.66
2004-01-17,0.0,19.23,12.0
2004-01-18,0.0,19.61,11.42
2004-01-19,0.91,18.78,10.31
2004-01-20,1.0,20.24,13.68
2004-01-21,0.0,19.74,16.52
2004-01-22,0.0,19.61,16.36
2004-01-23,0.0,19.83,11.95
2004-01-24,0.17,19.98,12.92
2004-01-25,0.0,18.37,11.78
2004-01-26,0.0,15.97,9.52
2004-01-27,0.0,15.94,18.56
2004-01-28,0.0,15.47,18.39
2004-01-29,0.0,15.7,19.5
2004-01-30,0.0,16.75,19.25
2004-01-31,0.0,17.88,19.12
2004-02-01,0.0,18.07,12.67
2004-02-02,0.0,20.27,15.89
2004-02-03,0.0,16.98,17.55
2004-02-04,0.0,15.47,18.87
2004-02-05,0.0,16.01,19.16
2004-02-06,0.0,17.33,14.81
2004-02-07,0.0,18.13,17.74
2004-02-08,0.0,17.6,19.62
2004-02-09,0.0,19.05,19.59
2004-02-10,0.0,20.29,19.94
2004-02-11,0.0,21.29,20.49
2004-02-12,0.0,20.34,21.04
2004-02-13,0.0,20.86,20.68
2004-02-14,0.0,21.07,20.56
2004-02-15,0.0,22.43,19.54
2004-02-16,0.0,21.39,18.63
2004-02-17,0.0,21.14,20.44
2004-02-18,0.0,21.78,20.8
2004-02-19,0.0,21.83,20.32
2004-02-20,4.37,22.07,15.81
2004-02-21,0.08,22.42,16.99
2004-02-22,0.0,22.61,19.21
2004-02-23,0.0,23.01,18.29
2004-02-24,0.0,23.17,20.7
2004-02-25,0.0,23.63,21.04
2004-02-26,0.0,23.33,19.35
2004-02-27,0.0,24.61,19.54
2004-02-28,0.01,24.16,19.93
2004-02-29,0.0,25.31,19.25
2004-03-01,0.0,25.05,20.44
2004-03-02,0.0,24.45,22.64
2004-03-03,0.0,23.75,23.36
2004-03-04,0.0,23.23,23.39
2004-03-05,0.0,24.0,22.98
2004-03-06,0.0,24.47,22.97
2004-03-07,1.73,22.66,5.5
2004-03-08,0.25,24.58,17.17
2004-03-09,0.0,25.64,15.41
2004-03-10,3.02,22.85,5.72
2004-03-11,0.0,23.16,22.68
2004-03-12,0.0,24.99,22.88
2004-03-13,0.0,26.12,22.39
2004-03-14,0.04,26.43,22.49
2004-03-15,0.0,27.94,22.94
2004-03-16,0.0,28.45,20.73
2004-03-17,0.02,27.8,21.39
2004-03-18,0.0,27.81,19.59
2004-03-19,0.05,27.42,18.86
2004-03-20,1.25,28.02,17.43
2004-03-21,0.0,28.13,17.29
2004-03-22,0.0,28.46,18.4
2004-03-23,0.0,28.57,16.69
2004-03-24,0.0,28.63,17.44
2004-03-25,0.0,28.7,18.98
2004-03-26,0.0,29.29,21.14
2004-03-27,0.0,30.05,20.89
2004-03-28,0.0,30.29,20.48
2004-03-29,0.06,30.1,17.73
2004-03-30,0.04,29.04,13.22
2004-03-31,11.78,28.48,16.66
2004-04-01,3.84,28.44,15.23
2004-04-02,0.16,28.96,22.02
2004-04-03,2.2,29.34,16.87
2004-04-04,1.88,28.81,12.93
2004-04-05,0.28,29.59,18.09
2004-04-06,12.57,27.86,15.46
2004-04-07,4.77,25.76,6.99
2004-04-08,0.31,26.07,18.88
2004-04-09,16.01,25.58,20.46
2004-04-10,13.04,27.14,15.53
2004-04-11,1.3,29.12,13.45
2004-04-12,2.77,29.34,12.27
2004-04-13,2.07,29.35,16.48
2004-04-14,1.48,29.89,16.16
2004-04-15,1.3,29.8,17.72
2004-04-16,8.75,29.55,17.46
2004-04-17,10.38,29.09,15.96
2004-04-18,35.52,28.22,16.47
2004-04-19,23.33,27.21,14.52
2004-04-20,5.47,26.5,11.69
2004-04-21,0.18,28.07,18.15
2004-04-22,6.43,28.49,18.53
2004-04-23,22.33,27.25,10.62
2004-04-24,4.98,27.26,22.21
2004-04-25,0.0,27.68,22.77
2004-04-26,1.87,27.75,25.44
2004-04-27,19.7,28.0,20.87
2004-04-28,0.83,29.34,25.59
2004-04-29,0.24,29.1,22.93
2004-04-30,0.1,29.57,23.08
2004-05-01,0.27,30.26,24.94
2004-05-02,0.65,31.19,24.71
2004-05-03,0.0,30.34,25.32
2004-05-04,0.0,29.02,26.73
2004-05-05,0.0,30.44,19.26
2004-05-06,0.0,32.0,24.0
2004-05-07,0.0,32.0,25.6
2004-05-08,0.0,31.77,25.99
2004-05-09,0.01,31.81,23.4
2004-05-10,0.0,31.79,23.08
2004-05-11,0.98,32.14,17.92
2004-05-12,1.1,31.18,19.56
2004-05-13,2.01,30.8,17.03
2004-05-14,2.15,30.3,13.83
2004-05-15,0.26,29.89,17.38
2004-05-16,4.87,30.87,19.76
2004-05-17,12.11,29.73,11.46
2004-05-18,5.24,29.0,18.18
2004-05-19,1.53,30.92,19.5
2004-05-20,13.52,31.02,16.77
2004-05-21,18.64,29.66,14.49
2004-05-22,12.94,28.51,18.84
2004-05-23,5.24,27.4,6.16
2004-05-24,0.89,27.01,17.2
2004-05-25,0.33,26.29,20.68
2004-05-26,0.02,28.48,21.11
2004-05-27,0.45,29.85,20.49
2004-05-28,0.99,30.02,20.79
2004-05-29,1.38,29.54,17.21
2004-05-30,8.88,28.95,22.8
2004-05-31,3.59,28.96,23.11
2004-06-01,1.44,30.48,17.13
2004-06-02,15.43,28.49,17.77
2004-06-03,27.93,27.64,8.95
2004-06-04,2.9,27.91,14.94
2004-06-05,1.96,28.6,21.78
2004-06-06,5.33,29.3,19.24
2004-06-07,2.47,29.66,22.08
2004-06-08,0.62,29.46,20.95
2004-06-09,0.51,30.48,22.71
2004-06-10,6.55,31.25,22.94
2004-06-11,5.47,29.2,17.27
2004-06-12,3.8,29.31,22.45
2004-06-13,7.98,27.8,12.66
2004-06-14,3.71,27.94,13.48
2004-06-15,2.41,28.47,18.7
2004-06-16,11.14,28.81,20.62
2004-06-17,15.08,28.4,19.68
2004-06-18,11.09,28.49,10.77
2004-06-19,38.97,27.99,16.41
2004-06-20,14.98,28.09,5.47
2004-06-21,34.91,27.85,5.07
2004-06-22,17.74,28.84,6.69
2004-06-23,66.36,29.11,9.02
2004-06-24,79.57,27.89,6.6
2004-06-25,10.16,28.72,12.19
2004-06-26,7.12,28.18,13.44
2004-06-27,0.19,28.75,19.45
2004-06-28,1.02,28.95,19.37
2004-06-29,1.13,27.62,17.45
2004-06-30,0.82,27.83,19.74
2004-07-01,11.42,28.49,19.91
2004-07-02,11.58,29.7,19.18
2004-07-03,6.67,29.18,16.86
2004-07-04,16.49,27.73,16.88
2004-07-05,14.69,27.96,9.61
2004-07-06,31.24,27.62,13.0
2004-07-07,38.3,27.86,3.8
2004-07-08,13.41,27.38,13.72
2004-07-09,18.97,27.13,7.8
2004-07-10,14.69,27.04,8.06
2004-07-11,11.19,27.45,13.74
2004-07-12,8.34,27.15,19.66
2004-07-13,3.48,27.78,16.35
2004-07-14,7.51,26.79,17.74
2004-07-15,14.64,26.93,15.93
2004-07-16,7.76,27.3,14.61
2004-07-17,6.62,27.7,13.1
2004-07-18,10.37,27.37,6.56
2004-07-19,67.0,27.54,3.85
2004-07-20,42.03,27.11,8.22
2004-07-21,1.64,26.72,16.69
2004-07-22,2.77,28.3,13.94
2004-07-23,7.34,28.31,21.08
2004-07-24,13.35,27.3,18.37
2004-07-25,12.65,27.63,20.61
2004-07-26,4.7,28.1,19.03
2004-07-27,3.06,27.66,20.23
2004-07-28,4.3,27.84,20.85
2004-07-29,4.73,27.0,18.8
2004-07-30,2.92,26.86,19.38
2004-07-31,1.63,27.92,19.0
2004-08-01,1.42,28.19,21.78
2004-08-02,9.04,28.3,21.26
2004-08-03,13.64,28.44,23.5
2004-08-04,7.55,27.33,17.44
2004-08-05,8.32,26.81,16.23
2004-08-06,5.36,27.52,19.88
2004-08-07,1.08,27.09,15.79
2004-08-08,0.61,27.07,19.51
2004-08-09,2.09,27.4,18.66
2004-08-10,5.18,27.43,20.07
2004-08-11,3.24,27.77,21.29
2004-08-12,11.44,27.51,18.54
2004-08-13,9.07,26.75,12.06
2004-08-14,4.56,27.25,18.08
2004-08-15,0.47,27.98,17.24
2004-08-16,2.52,28.64,22.44
2004-08-17,4.6,27.85,21.08
2004-08-18,26.52,27.73,20.33
2004-08-19,8.73,27.45,19.71
2004-08-20,7.17,27.72,21.97
2004-08-21,0.47,28.04,21.04
2004-08-22,0.65,28.38,20.8
2004-08-23,2.62,27.71,16.97
2004-08-24,1.1,27.76,15.96
2004-08-25,9.37,27.77,14.39
2004-08-26,8.37,27.7,11.12
2004-08-27,8.83,27.56,18.11
2004-08-28,11.27,27.84,16.26
2004-08-29,7.2,27.85,15.33
2004-08-30,5.7,27.75,11.82
2004-08-31,5.18,27.14,14.73
2004-09-01,1.46,27.72,14.81
2004-09-02,2.92,27.9,11.14
2004-09-03,6.6,27.65,14.6
2004-09-04,11.24,27.83,15.29
2004-09-05,8.64,27.73,14.66
2004-09-06,4.12,27.79,16.86
2004-09-07,3.53,27.45,16.79
2004-09-08,5.35,27.59,17.22
2004-09-09,3.68,27.04,9.07
2004-09-10,55.3,26.63,16.79
2004-09-11,57.35,26.06,8.77
2004-09-12,151.54,26.55,3.24
2004-09-13,154.82,26.33,4.61
2004-09-14,34.02,25.89,5.91
2004-09-15,21.38,25.05,14.85
2004-09-16,6.46,24.88,7.76
2004-09-17,6.64,25.97,16.67
2004-09-18,5.85,26.48,19.92
2004-09-19,9.43,26.18,19.24
2004-09-20,2.4,27.11,15.21
2004-09-21,10.06,26.75,16.78
2004-09-22,27.08,27.02,11.78
2004-09-23,7.59,26.54,13.44
2004-09-24,4.05,26.9,15.1
2004-09-25,4.1,27.35,12.46
2004-09-26,0.25,27.2,19.67
2004-09-27,9.07,27.73,18.4
2004-09-28,5.7,26.88,14.72
2004-09-29,4.01,27.49,13.88
2004-09-30,1.27,26.88,18.3
2004-10-01,0.05,27.61,21.42
2004-10-02,0.31,27.11,20.27
2004-10-03,1.53,26.14,22.13
2004-10-04,5.34,25.58,18.35
2004-10-05,32.65,25.62,8.4
2004-10-06,24.64,25.82,5.15
2004-10-07,43.21,25.16,3.09
2004-10-08,20.77,25.52,12.46
2004-10-09,0.93,25.84,18.94
2004-10-10,0.0,26.2,20.08
2004-10-11,0.57,25.98,20.49
2004-10-12,0.4,26.13,20.93
2004-10-13,2.06,25.58,19.49
2004-10-14,12.34,25.47,7.32
2004-10-15,37.89,24.45,6.96
2004-10-16,0.4,24.65,14.59
2004-10-17,0.01,23.99,19.6
2004-10-18,0.0,24.52,20.87
2004-10-19,0.0,24.97,20.12
2004-10-20,0.0,24.68,21.13
2004-10-21,0.0,24.09,21.13
2004-10-22,0.0,23.9,20.66
2004-10-23,0.0,23.45,20.25
2004-10-24,0.09,23.34,20.17
2004-10-25,0.01,23.57,20.56
2004-10-26,0.01,23.37,20.25
2004-10-27,0.0,23.42,19.99
2004-10-28,0.0,23.7,19.76
2004-10-29,0.27,23.32,19.78
2004-10-30,0.07,22.98,15.28
2004-10-31,0.0,22.01,17.72
2004-11-01,0.0,21.51,19.43
2004-11-02,0.0,21.1,19.33
2004-11-03,0.0,21.42,19.95
2004-11-04,0.0,21.69,18.96
2004-11-05,0.0,22.98,16.76
2004-11-06,0.0,22.96,18.08
2004-11-07,0.0,22.58,18.81
2004-11-08,0.0,22.74,17.74
2004-11-09,0.0,21.69,18.13
2004-11-10,0.0,20.48,16.69
2004-11-11,0.0,19.79,18.39
2004-11-12,0.0,19.61,18.56
2004-11-13,0.0,19.66,18.79
2004-11-14,0.0,19.77,18.52
2004-11-15,0.0,19.81,17.64
2004-11-16,0.0,20.2,17.46
2004-11-17,0.0,20.45,17.93
2004-11-18,0.0,21.0,17.54
2004-11-19,0.0,21.91,16.78
2004-11-20,0.0,21.17,17.13
2004-11-21,0.0,21.1,16.96
2004-11-22,0.0,21.45,16.89
2004-11-23,0.19,21.46,16.78
2004-11-24,0.03,20.3,14.71
2004-11-25,0.0,19.56,16.33
2004-11-26,0.0,20.02,17.52
2004-11-27,0.0,21.03,17.55
2004-11-28,0.15,20.23,17.21
2004-11-29,0.0,20.55,17.29
2004-11-30,0.0,20.73,17.15
2004-12-01,0.0,20.28,16.16
2004-12-02,0.0,19.53,16.39
2004-12-03,0.0,18.56,16.81
2004-12-04,0.0,18.66,17.22
2004-12-05,0.0,19.71,15.46
2004-12-06,0.0,19.79,15.53
2004-12-07,0.0,19.94,14.81
2004-12-08,0.0,20.35,14.19
2004-12-09,0.0,20.07,14.32
2004-12-10,0.0,19.98,14.7
2004-12-11,0.0,20.61,15.62
2004-12-12,0.0,20.54,15.64
2004-12-13,0.0,20.46,14.22
2004-12-14,0.0,20.2,13.8
2004-12-15,0.0,20.27,14.18
2004-12-16,0.0,20.32,14.17
2004-12-17,0.01,20.59,15.89
2004-12-18,0.0,19.71,16.6
2004-12-19,0.0,19.15,15.07
2004-12-20,0.0,18.46,13.83
2004-12-21,0.47,18.41,7.88
2004-12-22,0.03,19.88,12.21
2004-12-23,0.0,18.21,12.15
2004-12-24,0.0,18.0,12.64
2004-12-25,0.0,18.29,8.93
2004-12-26,0.0,16.64,15.22
2004-12-27,0.0,13.87,16.64
2004-12-28,0.0,13.93,16.98
2004-12-29,0.0,15.08,16.52
2004-12-30,0.0,15.76,15.85
2004-12-31,0.0,15.63,16.28
2005-01-01,0.0,16.49,15.81
2005-01-02,0.0,17.3,13.64
2005-01-03,0.0,18.67,14.46
2005-01-04,0.0,18.09,8.13
2005-01-05,0.0,17.59,16.36
2005-01-06,0.0,17.28,16.8
2005-01-07,0.0,17.05,16.74
2005-01-08,0.0,16.93,15.79
2005-01-09,0.0,16.31,14.27
2005-01-10,0.0,16.64,14.89
2005-01-11,2.75,16.48,3.33
2005-01-12,2.52,16.79,15.71
2005-01-13,0.0,15.03,15.24
2005-01-14,0.0,15.4,15.9
2005-01-15,0.0,16.35,14.37
2005-01-16,0.0,17.82,16.56
2005-01-17,0.0,17.66,17.06
2005-01-18,0.06,18.19,16.29
2005-01-19,0.24,17.83,13.6
2005-01-20,0.0,16.65,16.23
2005-01-21,0.0,14.65,16.88
2005-01-22,0.0,15.73,14.89
2005-01-23,0.03,16.9,13.18
2005-01-24,0.07,17.72,14.86
2005-01-25,0.0,16.68,15.42
2005-01-26,0.0,16.67,16.27
2005-01-27,0.0,17.77,16.38
2005-01-28,0.0,17.28,14.01
2005-01-29,0.01,18.03,12.62
2005-01-30,0.0,18.32,18.42
2005-01-31,0.0,20.19,18.63
2005-02-01,0.08,19.8,14.2
2005-02-02,0.0,18.28,16.95
2005-02-03,0.0,15.83,19.47
2005-02-04,0.0,15.8,20.11
2005-02-05,0.0,17.19,20.12
2005-02-06,0.0,19.47,17.82
2005-02-07,0.0,21.29,17.54
2005-02-08,0.0,21.07,18.59
2005-02-09,0.0,21.52,18.95
2005-02-10,0.0,21.63,19.72
2005-02-11,0.0,22.17,19.36
2005-02-12,0.0,22.83,19.46
2005-02-13,0.01,22.97,15.55
2005-02-14,0.0,22.45,20.92
2005-02-15,0.0,22.81,20.52
2005-02-16,0.42,24.25,14.29
2005-02-17,4.47,24.52,15.21
2005-02-18,0.89,24.76,14.97
2005-02-19,0.2,25.4,15.29
2005-02-20,0.04,25.63,15.8
2005-02-21,0.0,26.7,17.65
2005-02-22,0.08,25.0,15.8
2005-02-23,0.01,23.32,20.99
2005-02-24,0.0,23.45,19.99
2005-02-25,0.0,23.21,21.78
2005-02-26,0.0,25.21,22.03
2005-02-27,0.0,24.67,22.25
2005-02-28,0.0,23.82,22.63
2005-03-01,0.0,25.06,21.17
2005-03-02,0.0,25.66,21.44
2005-03-03,0.0,26.37,20.32
2005-03-04,0.0,27.09,21.02
2005-03-05,0.07,27.69,19.11
2005-03-06,0.03,27.96,15.71
2005-03-07,0.32,27.3,14.75
2005-03-08,1.8,26.77,14.02
2005-03-09,0.01,27.16,17.95
2005-03-10,0.12,27.86,19.67
2005-03-11,1.12,26.76,14.22
2005-03-12,0.4,25.68,8.71
2005-03-13,0.0,26.26,19.12
2005-03-14,0.0,26.63,19.06
2005-03-15,0.04,26.66,18.2
2005-03-16,0.0,26.46,21.28
2005-03-17,0.0,27.36,20.1
2005-03-18,0.61,28.24,18.3
2005-03-19,0.2,28.6,19.21
2005-03-20,1.58,28.81,18.91
2005-03-21,1.83,28.97,18.97
2005-03-22,2.27,29.05,18.53
2005-03-23,15.97,26.89,9.06
2005-03-24,25.54,24.6,4.05
2005-03-25,3.7,25.68,16.3
2005-03-26,1.91,25.52,19.89
2005-03-27,9.79,26.43,18.01
2005-03-28,17.62,26.64,18.95
2005-03-29,0.85,26.93,16.66
2005-03-30,42.88,26.45,19.86
2005-03-31,2.26,26.6,9.4
2005-04-01,0.15,27.43,21.77
2005-04-02,0.01,27.32,21.5
2005-04-03,0.07,27.53,25.44
2005-04-04,4.83,26.33,24.06
2005-04-05,0.06,27.13,22.9
2005-04-06,0.18,27.69,20.13
2005-04-07,0.06,28.28,21.51
2005-04-08,0.0,28.32,20.66
2005-04-09,5.07,28.27,18.52
2005-04-10,22.22,27.87,15.45
2005-04-11,11.08,26.22,16.24
2005-04-12,1.48,28.53,20.15
2005-04-13,0.0,27.84,24.67
2005-04-14,0.0,27.13,24.04
2005-04-15,0.0,28.49,24.98
2005-04-16,0.0,28.94,22.72
2005-04-17,1.15,27.71,19.72
2005-04-18,1.11,27.56,22.84
2005-04-19,0.0,27.63,21.31
2005-04-20,0.0,28.71,15.6
2005-04-21,0.0,30.37,25.27
2005-04-22,0.0,29.66,22.97
2005-04-23,2.4,29.23,22.1
2005-04-24,1.74,29.68,24.73
2005-04-25,2.42,29.2,23.61
2005-04-26,6.79,29.35,22.4
2005-04-27,10.94,28.96,17.96
2005-04-28,18.36,29.21,16.78
2005-04-29,26.22,26.22,16.09
2005-04-30,7.08,25.44,22.01
2005-05-01,0.3,26.83,24.41
2005-05-02,0.01,26.46,22.41
2005-05-03,1.58,27.12,23.29
2005-05-04,0.78,28.05,17.52
2005-05-05,7.19,26.43,17.22
2005-05-06,1.44,25.59,20.52
2005-05-07,3.67,27.41,19.62
2005-05-08,3.04,28.39,16.29
2005-05-09,7.42,29.06,15.97
2005-05-10,0.77,30.83,20.8
2005-05-11,0.51,30.05,20.14
2005-05-12,0.75,30.42,25.8
2005-05-13,18.69,28.58,23.89
2005-05-14,6.28,29.24,24.07
2005-05-15,18.99,28.72,20.36
2005-05-16,3.69,29.81,21.14
2005-05-17,19.04,28.88,21.73
2005-05-18,7.01,28.9,21.27
2005-05-19,23.56,27.15,10.26
2005-05-20,29.73,27.46,22.78
2005-05-21,27.68,26.83,23.43
2005-05-22,17.15,27.34,9.92
2005-05-23,0.76,27.72,14.91
2005-05-24,16.02,28.12,15.24
2005-05-25,4.97,28.1,21.49
2005-05-26,0.31,28.28,21.95
2005-05-27,3.1,28.27,21.68
2005-05-28,1.57,28.47,22.15
2005-05-29,0.14,28.42,22.61
2005-05-30,0.04,29.77,23.99
2005-05-31,0.02,29.25,23.7
2005-06-01,0.04,29.41,21.52
2005-06-02,0.18,29.27,21.19
2005-06-03,5.28,29.44,22.86
2005-06-04,5.69,28.86,20.07
2005-06-05,0.72,28.19,20.76
2005-06-06,0.2,27.66,22.31
2005-06-07,0.0,28.8,22.67
2005-06-08,0.01,29.11,21.61
2005-06-09,11.09,29.45,19.67
2005-06-10,7.28,29.71,22.08
2005-06-11,0.0,29.04,16.73
2005-06-12,0.0,30.12,20.3
2005-06-13,0.32,29.48,17.15
2005-06-14,14.89,29.58,16.22
2005-06-15,11.48,28.99,17.76
2005-06-16,2.89,29.77,10.91
2005-06-17,0.16,30.06,15.55
2005-06-18,0.49,29.32,19.14
2005-06-19,0.19,29.36,17.14
2005-06-20,0.03,29.28,18.93
2005-06-21,1.59,28.77,20.18
2005-06-22,1.59,28.61,17.11
2005-06-23,8.18,28.81,13.38
2005-06-24,7.62,28.35,16.63
2005-06-25,1.86,27.95,12.47
2005-06-26,3.83,28.33,18.36
2005-06-27,8.52,28.62,14.86
2005-06-28,21.02,27.96,8.3
2005-06-29,32.64,27.91,10.95
2005-06-30,24.66,27.59,11.45
2005-07-01,19.41,28.02,13.19
2005-07-02,28.36,27.9,12.47
2005-07-03,22.67,27.98,14.37
2005-07-04,18.16,27.77,13.87
2005-07-05,13.33,27.21,14.34
2005-07-06,2.6,28.2,20.36
2005-07-07,0.75,28.45,24.43
2005-07-08,0.26,28.38,20.97
2005-07-09,2.57,27.95,15.28
2005-07-10,5.03,28.01,14.75
2005-07-11,12.2,27.6,12.75
2005-07-12,8.52,27.42,13.71
2005-07-13,20.77,27.41,10.36
2005-07-14,52.37,26.64,5.53
2005-07-15,19.85,25.96,4.09
2005-07-16,5.43,26.83,20.47
2005-07-17,3.14,27.59,18.56
2005-07-18,1.54,28.1,11.37
2005-07-19,0.95,28.17,16.86
2005-07-20,11.1,28.49,16.26
2005-07-21,9.2,27.31,11.48
2005-07-22,5.34,28.82,18.13
2005-07-23,6.45,29.19,14.63
2005-07-24,27.94,28.8,21.91
2005-07-25,13.06,28.75,20.32
2005-07-26,10.28,28.19,18.1
2005-07-27,8.56,28.48,20.07
2005-07-28,2.02,28.83,19.77
2005-07-29,0.52,28.4,20.32
2005-07-30,2.26,28.37,19.02
2005-07-31,1.51,28.52,20.84
2005-08-01,0.15,29.47,20.27
2005-08-02,5.49,28.48,18.97
2005-08-03,3.8,28.35,18.42
2005-08-04,1.9,28.58,17.54
2005-08-05,24.59,27.93,13.43
2005-08-06,23.66,28.05,6.56
2005-08-07,13.01,28.28,8.16
2005-08-08,15.71,28.66,10.81
2005-08-09,17.39,27.96,12.58
2005-08-10,16.94,28.36,6.22
2005-08-11,17.75,27.44,12.7
2005-08-12,11.32,29.46,11.19
2005-08-13,3.53,29.01,17.3
2005-08-14,10.05,27.42,11.12
2005-08-15,1.86,28.06,18.6
2005-08-16,3.09,27.53,18.93
2005-08-17,4.95,28.4,17.07
2005-08-18,4.53,28.35,17.47
2005-08-19,8.2,28.2,19.33
2005-08-20,26.31,27.9,12.33
2005-08-21,30.02,27.8,9.97
2005-08-22,25.59,28.01,11.88
2005-08-23,25.68,28.15,11.56
2005-08-24,55.2,27.5,9.65
2005-08-25,20.76,27.65,11.04
2005-08-26,2.77,27.6,16.8
2005-08-27,5.29,27.47,12.95
2005-08-28,12.31,27.56,17.77
2005-08-29,13.47,27.82,16.84
2005-08-30,3.45,28.1,17.94
2005-08-31,3.29,29.05,15.71
2005-09-01,23.84,29.16,15.34
2005-09-02,5.01,29.44,14.76
2005-09-03,3.62,28.14,17.43
2005-09-04,0.97,27.6,13.33
2005-09-05,1.51,28.97,15.54
2005-09-06,4.57,28.41,21.61
2005-09-07,4.73,28.6,15.39
2005-09-08,6.44,28.77,18.99
2005-09-09,10.92,27.81,19.22
2005-09-10,16.11,26.26,19.06
2005-09-11,20.02,26.12,19.44
2005-09-12,10.14,26.77,18.94
2005-09-13,1.11,26.54,19.66
2005-09-14,0.51,27.52,20.75
2005-09-15,10.52,28.42,22.81
2005-09-16,7.08,27.7,20.26
2005-09-17,5.25,26.78,18.73
2005-09-18,0.94,28.05,19.47
2005-09-19,39.45,28.3,18.54
2005-09-20,22.13,26.18,4.33
2005-09-21,8.36,26.82,16.89
2005-09-22,2.89,26.52,17.81
2005-09-23,7.72,26.79,9.99
2005-09-24,18.91,27.19,8.46
2005-09-25,2.78,27.76,14.23
2005-09-26,2.33,28.34,18.75
2005-09-27,4.44,27.15,16.71
2005-09-28,5.53,28.28,17.65
2005-09-29,15.0,27.29,15.05
2005-09-30,31.95,26.19,14.0
2005-10-01,53.09,25.77,8.74
2005-10-02,18.87,26.26,8.4
2005-10-03,14.95,26.47,20.77
2005-10-04,17.88,26.25,16.0
2005-10-05,2.92,27.06,19.58
2005-10-06,0.0,27.44,19.71
2005-10-07,0.0,27.05,20.35
2005-10-08,0.35,27.02,20.42
2005-10-09,0.25,27.36,19.7
2005-10-10,0.03,28.0,21.12
2005-10-11,0.37,27.75,17.35
2005-10-12,0.1,26.42,19.58
2005-10-13,0.01,26.85,20.29
2005-10-14,0.0,27.43,20.86
2005-10-15,0.0,27.02,19.8
2005-10-16,2.98,27.46,18.66
2005-10-17,4.5,26.88,16.75
2005-10-18,6.06,25.58,17.97
2005-10-19,5.73,24.34,17.05
2005-10-20,17.02,24.69,9.44
2005-10-21,18.34,24.25,9.79
2005-10-22,17.38,23.87,9.17
2005-10-23,54.03,23.42,6.96
2005-10-24,4.08,24.69,14.54
2005-10-25,0.0,24.57,16.47
2005-10-26,0.0,25.36,14.35
2005-10-27,0.48,25.15,15.37
2005-10-28,0.27,25.58,8.62
2005-10-29,0.01,25.59,16.22
2005-10-30,0.06,25.07,17.76
2005-10-31,0.13,23.89,14.66
2005-11-01,0.0,22.91,16.18
2005-11-02,0.03,22.45,18.37
2005-11-03,0.0,22.57,19.26
2005-11-04,0.0,22.07,19.53
2005-11-05,0.0,21.67,19.18
2005-11-06,0.0,21.18,19.36
2005-11-07,0.0,21.8,18.46
2005-11-08,3.81,24.15,9.92
2005-11-09,2.53,24.47,14.22
2005-11-10,0.09,24.05,17.88
2005-11-11,0.0,22.74,17.64
2005-11-12,0.0,21.05,18.55
2005-11-13,0.0,20.31,17.6
2005-11-14,0.0,19.89,18.35
2005-11-15,0.0,20.02,17.84
2005-11-16,0.0,21.11,18.34
2005-11-17,0.0,21.6,17.79
2005-11-18,0.0,21.65,16.76
2005-11-19,0.0,20.31,17.64
2005-11-20,0.0,20.46,17.28
2005-11-21,0.0,20.76,15.54
2005-11-22,0.0,21.23,16.72
2005-11-23,0.0,21.12,16.78
2005-11-24,0.0,19.75,17.04
2005-11-25,0.0,18.61,17.67
2005-11-26,0.0,18.08,16.34
2005-11-27,0.0,18.1,17.59
2005-11-28,0.0,17.57,17.47
2005-11-29,0.0,17.93,17.51
2005-11-30,0.0,17.86,17.61
2005-12-01,0.0,17.49,17.43
2005-12-02,0.0,18.08,16.84
2005-12-03,0.0,18.4,17.01
2005-12-04,0.0,18.41,16.1
2005-12-05,0.0,17.51,16.83
2005-12-06,0.0,16.61,17.47
2005-12-07,0.0,16.76,16.76
2005-12-08,0.0,17.4,15.79
2005-12-09,0.0,17.43,17.0
2005-12-10,0.0,16.94,16.82
2005-12-11,0.0,16.31,17.08
2005-12-12,0.0,15.9,17.29
2005-12-13,0.0,16.13,16.7
2005-12-14,0.0,16.0,17.0
2005-12-15,0.0,17.52,16.36
2005-12-16,0.0,19.73,15.87
2005-12-17,0.0,20.18,14.61
2005-12-18,0.0,20.28,11.9
2005-12-19,0.0,19.2,15.98
2005-12-20,0.0,18.61,15.0
2005-12-21,0.0,19.66,12.66
2005-12-22,0.47,20.05,5.76
2005-12-23,0.36,20.07,6.75
2005-12-24,0.01,18.88,15.57
2005-12-25,0.0,18.37,16.42
2005-12-26,0.0,17.43,15.07
2005-12-27,0.0,16.82,14.66
2005-12-28,0.0,16.79,16.3
2005-12-29,0.0,16.7,16.54
2005-12-30,0.0,16.2,17.09
2005-12-31,0.0,16.33,17.48
2006-01-01,0.0,16.72,17.36
2006-01-02,0.0,17.08,16.78
2006-01-03,0.0,17.29,15.02
2006-01-04,0.0,16.46,15.95
2006-01-05,0.0,15.85,16.59
2006-01-06,0.0,16.24,15.99
2006-01-07,0.0,16.42,13.21
2006-01-08,0.0,16.58,11.31
2006-01-09,0.0,15.08,8.7
2006-01-10,0.0,14.76,15.53
2006-01-11,0.0,14.82,15.28
2006-01-12,0.03,15.28,15.86
2006-01-13,0.0,15.22,16.35
2006-01-14,0.0,15.53,15.51
2006-01-15,0.0,15.74,15.73
2006-01-16,0.0,16.46,14.8
2006-01-17,0.0,17.27,14.2
2006-01-18,0.0,17.88,15.01
2006-01-19,0.0,19.34,16.06
2006-01-20,0.0,18.57,16.56
2006-01-21,0.0,17.81,17.8
2006-01-22,0.0,17.6,18.29
2006-01-23,0.0,16.36,18.86
2006-01-24,0.0,16.5,16.75
2006-01-25,0.0,17.76,16.51
2006-01-26,0.0,16.93,18.03
2006-01-27,0.0,17.07,18.77
2006-01-28,0.0,18.05,19.18
2006-01-29,0.0,18.07,19.1
2006-01-30,0.0,18.41,18.67
2006-01-31,0.0,19.63,18.53
2006-02-01,0.0,19.95,18.73
2006-02-02,0.0,20.91,18.93
2006-02-03,0.0,21.19,18.62
2006-02-04,0.0,21.51,18.25
2006-02-05,0.0,20.78,17.04
2006-02-06,0.0,20.25,18.72
2006-02-07,0.0,21.53,19.52
2006-02-08,0.0,21.35,19.54
2006-02-09,0.0,21.16,18.06
2006-02-10,0.0,21.36,19.73
2006-02-11,0.0,20.69,20.35
2006-02-12,0.0,21.6,20.75
2006-02-13,0.0,21.27,18.28
2006-02-14,0.0,21.63,18.1
2006-02-15,0.11,22.96,16.47
2006-02-16,0.23,24.16,15.85
2006-02-17,1.08,24.3,16.62
2006-02-18,0.23,24.36,17.88
2006-02-19,0.52,24.3,16.6
2006-02-20,0.0,24.6,18.73
2006-02-21,1.37,24.38,15.7
2006-02-22,0.29,24.76,16.33
2006-02-23,0.42,25.0,20.24
2006-02-24,0.0,25.18,20.54
2006-02-25,0.0,25.29,20.81
2006-02-26,0.0,25.41,21.21
2006-02-27,0.0,25.79,21.04
2006-02-28,0.0,26.67,20.09
2006-03-01,0.0,26.81,17.99
2006-03-02,0.02,26.16,18.66
2006-03-03,0.0,25.35,17.16
2006-03-04,0.01,25.32,21.8
2006-03-05,0.17,26.23,14.25
2006-03-06,0.0,26.58,20.47
2006-03-07,0.0,27.42,20.71
2006-03-08,0.0,26.76,20.82
2006-03-09,0.0,27.86,19.79
2006-03-10,0.05,27.38,19.75
2006-03-11,0.06,26.52,15.29
2006-03-12,0.14,24.94,22.94
2006-03-13,0.0,26.4,18.91
2006-03-14,0.0,27.07,21.93
2006-03-15,0.0,27.85,20.69
2006-03-16,0.01,27.0,16.0
2006-03-17,0.03,27.13,21.69
2006-03-18,0.0,25.8,24.25
2006-03-19,0.0,24.51,24.96
2006-03-20,0.0,24.75,25.16
2006-03-21,0.0,26.63,24.55
2006-03-22,0.05,27.19,17.7
2006-03-23,0.32,28.25,19.84
2006-03-24,0.0,27.86,23.6
2006-03-25,0.0,27.77,23.67
2006-03-26,0.0,29.12,24.14
2006-03-27,0.0,30.02,21.47
2006-03-28,0.0,29.99,20.74
2006-03-29,0.0,28.72,20.08
2006-03-30,0.0,29.09,23.53
2006-03-31,0.0,29.67,21.62
2006-04-01,0.82,29.82,21.39
2006-04-02,0.3,29.94,22.9
2006-04-03,11.58,27.54,15.99
2006-04-04,29.46,26.79,11.61
2006-04-05,32.72,27.04,14.88
2006-04-06,8.34,27.73,20.32
2006-04-07,0.91,28.38,20.4
2006-04-08,1.21,28.6,19.17
2006-04-09,0.79,28.7,18.56
2006-04-10,0.21,28.99,18.3
2006-04-11,0.19,29.73,15.55
2006-04-12,0.02,30.15,18.13
2006-04-13,3.14,29.37,20.14
2006-04-14,0.87,30.39,23.47
2006-04-15,0.0,30.43,18.46
2006-04-16,0.94,29.69,16.15
2006-04-17,5.22,27.93,17.25
2006-04-18,1.83,26.53,12.41
2006-04-19,3.81,28.03,17.91
2006-04-20,0.0,28.07,25.42
2006-04-21,0.0,28.9,26.55
2006-04-22,0.77,29.71,24.58
2006-04-23,1.92,30.94,23.61
2006-04-24,1.85,31.44,24.8
2006-04-25,0.12,31.35,25.31
2006-04-26,0.14,30.84,23.32
2006-04-27,1.37,31.37,20.88
2006-04-28,0.39,31.74,22.85
2006-04-29,0.43,31.92,23.47
2006-04-30,0.08,31.44,25.95
2006-05-01,0.57,31.91,20.24
2006-05-02,0.06,32.32,24.78
2006-05-03,0.05,31.05,23.66
2006-05-04,0.41,31.7,22.87
2006-05-05,0.44,31.45,21.32
2006-05-06,13.12,29.45,21.6
2006-05-07,8.92,27.58,10.22
2006-05-08,0.06,27.35,22.89
2006-05-09,3.28,28.26,22.11
2006-05-10,8.22,28.0,19.0
2006-05-11,54.01,27.58,17.05
2006-05-12,43.21,27.08,3.32
2006-05-13,12.98,27.24,19.32
2006-05-14,8.36,27.21,15.25
2006-05-15,1.96,26.17,23.52
2006-05-16,0.03,27.48,26.68
2006-05-17,0.03,29.76,27.41
2006-05-18,0.0,31.04,27.25
2006-05-19,0.76,30.88,26.69
2006-05-20,1.35,30.15,23.6
2006-05-21,0.73,31.47,24.24
2006-05-22,0.18,32.25,26.12
2006-05-23,1.68,31.94,26.69
2006-05-24,7.65,31.11,25.34
2006-05-25,6.37,29.16,19.65
2006-05-26,43.63,27.4,10.61
2006-05-27,100.34,26.95,3.19
2006-05-28,37.18,26.78,5.13
2006-05-29,21.09,27.27,3.44
2006-05-30,16.79,27.62,9.63
2006-05-31,15.42,27.8,13.67
2006-06-01,22.95,27.73,8.53
2006-06-02,41.29,27.42,10.88
2006-06-03,11.69,26.97,19.79
2006-06-04,9.81,27.5,19.54
2006-06-05,11.14,27.68,19.1
2006-06-06,9.85,28.0,14.28
2006-06-07,8.61,28.23,19.05
2006-06-08,5.87,27.88,15.41
2006-06-09,43.21,27.63,8.19
2006-06-10,55.4,27.38,5.09
2006-06-11,3.75,28.52,14.77
2006-06-12,3.18,28.66,9.42
2006-06-13,22.35,28.11,9.57
2006-06-14,18.07,27.71,8.56
2006-06-15,1.24,27.76,21.6
2006-06-16,11.07,27.96,19.5
2006-06-17,5.38,28.31,18.51
2006-06-18,1.35,28.3,21.9
2006-06-19,1.33,29.72,20.45
2006-06-20,12.66,28.78,23.2
2006-06-21,12.76,28.34,23.77
2006-06-22,6.72,27.56,23.16
2006-06-23,8.39,27.95,20.11
2006-06-24,3.38,27.95,15.91
2006-06-25,1.26,27.83,15.16
2006-06-26,4.76,28.06,12.04
2006-06-27,5.21,28.2,14.75
2006-06-28,6.0,28.15,17.08
2006-06-29,2.36,29.02,22.8
2006-06-30,8.2,28.48,23.01
2006-07-01,11.48,29.37,23.5
2006-07-02,2.81,29.1,20.79
2006-07-03,2.64,28.49,19.62
2006-07-04,9.74,28.19,14.68
2006-07-05,10.71,27.96,16.58
2006-07-06,24.09,28.51,12.14
2006-07-07,20.84,29.09,7.21
2006-07-08,16.92,28.09,7.5
2006-07-09,16.61,27.64,13.0
2006-07-10,21.13,28.37,9.56
2006-07-11,13.76,27.88,10.83
2006-07-12,4.73,28.1,16.69
2006-07-13,0.68,27.65,16.78
2006-07-14,1.2,28.22,21.45
2006-07-15,0.51,28.45,21.72
2006-07-16,3.01,28.71,22.17
2006-07-17,6.4,27.88,20.56
2006-07-18,3.45,27.68,15.59
2006-07-19,11.88,27.51,12.92
2006-07-20,4.85,27.57,16.67
2006-07-21,3.7,27.65,17.82
2006-07-22,7.2,27.38,17.88
2006-07-23,2.9,27.05,17.79
2006-07-24,7.91,28.11,18.98
2006-07-25,4.24,27.99,20.2
2006-07-26,2.28,27.53,9.13
2006-07-27,5.92,27.43,19.05
2006-07-28,3.2,26.92,20.99
2006-07-29,6.0,27.37,9.95
2006-07-30,1.29,27.71,19.65
2006-07-31,2.66,28.18,20.44
2006-08-01,3.53,28.03,19.94
2006-08-02,0.52,27.43,21.31
2006-08-03,1.9,27.23,10.7
2006-08-04,8.33,25.43,17.7
2006-08-05,12.09,25.38,16.28
2006-08-06,4.78,26.43,16.86
2006-08-07,9.29,27.43,19.96
2006-08-08,6.38,27.81,12.83
2006-08-09,12.68,28.71,21.28
2006-08-10,19.57,28.53,24.06
2006-08-11,25.78,29.11,22.49
2006-08-12,2.5,28.17,23.41
2006-08-13,1.57,27.48,21.45
2006-08-14,1.82,27.35,19.8
2006-08-15,1.42,27.63,22.47
2006-08-16,0.56,27.24,24.21
2006-08-17,2.01,27.09,18.27
2006-08-18,3.44,27.47,14.0
2006-08-19,6.47,28.03,18.89
2006-08-20,11.94,28.18,15.62
2006-08-21,12.52,27.4,17.01
2006-08-22,6.66,26.92,14.88
2006-08-23,16.92,26.95,16.0
2006-08-24,27.48,27.68,14.25
2006-08-25,8.04,27.85,16.29
2006-08-26,1.24,27.43,19.06
2006-08-27,1.33,28.01,19.06
2006-08-28,9.4,28.85,18.92
2006-08-29,6.64,27.06,15.71
2006-08-30,4.28,26.36,20.96
2006-08-31,2.34,26.69,19.41
2006-09-01,0.95,27.44,19.43
2006-09-02,8.18,27.47,16.79
2006-09-03,6.55,27.0,20.46
2006-09-04,0.38,26.74,23.89
2006-09-05,0.84,27.14,20.01
2006-09-06,0.01,27.44,21.14
2006-09-07,1.01,27.83,17.7
2006-09-08,3.75,28.23,19.04
2006-09-09,4.02,28.38,16.15
2006-09-10,33.26,26.96,9.29
2006-09-11,27.19,26.43,5.9
2006-09-12,10.21,26.56,9.49
2006-09-13,0.88,27.24,17.95
2006-09-14,2.18,27.72,19.91
2006-09-15,0.76,27.6,18.46
2006-09-16,2.22,28.08,19.2
2006-09-17,0.77,28.7,16.33
2006-09-18,6.2,28.33,21.03
2006-09-19,11.95,27.18,19.24
2006-09-20,20.96,25.65,4.94
2006-09-21,70.46,25.4,4.66
2006-09-22,65.61,25.69,5.81
2006-09-23,24.56,25.63,11.15
2006-09-24,4.16,26.46,17.68
2006-09-25,3.76,27.06,19.09
2006-09-26,0.24,27.51,20.46
2006-09-27,0.03,27.88,18.51
2006-09-28,2.74,27.69,19.45
2006-09-29,5.2,27.27,18.42
2006-09-30,4.92,27.09,16.65
2006-10-01,4.14,26.71,11.05
2006-10-02,0.91,27.87,20.57
2006-10-03,10.29,28.55,18.77
2006-10-04,7.25,28.06,7.87
2006-10-05,4.29,27.11,11.99
2006-10-06,11.59,27.97,20.29
2006-10-07,0.94,27.64,19.28
2006-10-08,0.0,27.73,21.41
2006-10-09,0.93,28.19,18.8
2006-10-10,1.33,27.89,18.41
2006-10-11,0.75,27.89,19.24
2006-10-12,2.75,28.04,17.95
2006-10-13,7.76,27.27,14.29
2006-10-14,5.81,26.3,17.62
2006-10-15,0.62,27.19,16.28
2006-10-16,0.13,26.78,18.86
2006-10-17,1.16,25.61,15.28
2006-10-18,0.32,24.8,13.71
2006-10-19,0.31,24.77,8.52
2006-10-20,1.0,24.89,7.53
2006-10-21,0.13,25.05,18.19
2006-10-22,0.0,24.98,19.81
2006-10-23,0.0,24.72,20.16
2006-10-24,0.0,24.02,20.32
2006-10-25,0.0,23.97,15.8
2006-10-26,0.0,24.35,19.84
2006-10-27,0.0,24.61,18.22
2006-10-28,0.0,23.87,10.15
2006-10-29,0.0,24.22,17.45
2006-10-30,0.0,23.58,11.87
2006-10-31,0.13,24.08,10.22
2006-11-01,0.12,24.26,11.17
2006-11-02,0.4,24.73,16.76
2006-11-03,0.0,24.65,19.22
2006-11-04,0.0,24.13,19.15
2006-11-05,0.0,23.47,17.46
2006-11-06,0.0,23.32,11.83
2006-11-07,0.1,22.36,11.57
2006-11-08,0.93,23.37,11.97
2006-11-09,0.44,23.23,7.11
2006-11-10,0.57,22.85,9.57
2006-11-11,0.48,21.91,7.92
2006-11-12,0.01,22.29,16.54
2006-11-13,0.06,22.64,15.84
2006-11-14,0.0,23.07,15.89
2006-11-15,0.0,22.28,17.91
2006-11-16,0.0,21.84,15.75
2006-11-17,0.0,20.88,17.92
2006-11-18,0.0,20.97,18.1
2006-11-19,0.0,21.05,17.93
2006-11-20,0.02,21.64,15.86
2006-11-21,0.01,21.18,14.7
2006-11-22,0.0,20.58,15.88
2006-11-23,0.0,20.8,15.81
2006-11-24,0.0,21.13,16.01
2006-11-25,0.1,21.95,12.78
2006-11-26,0.31,21.94,10.77
2006-11-27,0.0,19.98,16.04
2006-11-28,0.0,17.74,17.22
2006-11-29,0.0,16.58,17.15
2006-11-30,0.0,16.45,16.75
2006-12-01,0.0,16.43,16.47
2006-12-02,0.0,16.17,16.9
2006-12-03,0.0,16.12,16.98
2006-12-04,0.0,17.63,16.8
2006-12-05,0.0,18.23,16.82
2006-12-06,0.0,18.96,16.85
2006-12-07,0.0,19.19,16.77
2006-12-08,0.0,19.65,16.21
2006-12-09,0.0,19.27,15.63
2006-12-10,0.0,19.43,15.07
2006-12-11,0.0,19.36,15.79
2006-12-12,0.15,18.82,13.1
2006-12-13,0.0,18.58,13.85
2006-12-14,0.0,16.52,15.8
2006-12-15,0.0,17.16,16.13
2006-12-16,0.0,18.93,16.1
2006-12-17,0.0,19.46,14.27
2006-12-18,0.15,19.5,13.06
2006-12-19,0.0,20.1,13.46
2006-12-20,0.0,21.02,14.65
2006-12-21,0.0,20.76,15.16
2006-12-22,0.0,20.39,15.31
2006-12-23,0.0,20.0,15.15
2006-12-24,0.0,18.49,15.74
2006-12-25,0.0,17.35,16.14
2006-12-26,0.0,17.28,15.69
2006-12-27,0.0,17.86,15.31
2006-12-28,0.0,17.31,13.19
2006-12-29,0.0,17.01,14.44
2006-12-30,0.0,16.8,13.1
2006-12-31,0.0,16.3,13.42
2007-01-01,0.0,16.36,15.82
2007-01-02,0.0,15.91,15.24
2007-01-03,0.0,14.73,14.2
2007-01-04,0.0,13.91,14.48
2007-01-05,0.0,14.99,14.06
2007-01-06,0.0,16.08,11.09
2007-01-07,0.0,16.5,8.96
2007-01-08,0.0,15.99,12.15
2007-01-09,0.0,15.94,13.31
2007-01-10,0.0,16.54,16.57
2007-01-11,0.0,16.16,16.84
2007-01-12,0.0,16.09,17.21
2007-01-13,0.0,16.53,14.61
2007-01-14,0.0,15.95,11.34
2007-01-15,0.0,14.6,13.57
2007-01-16,0.0,15.57,15.7
2007-01-17,0.0,16.26,14.39
2007-01-18,0.0,15.89,17.86
2007-01-19,0.0,15.46,17.18
2007-01-20,0.0,16.6,14.71
2007-01-21,0.0,17.19,15.09
2007-01-22,0.0,17.69,16.32
2007-01-23,0.0,16.84,17.41
2007-01-24,0.0,16.78,18.17
2007-01-25,0.0,17.84,18.37
2007-01-26,0.0,19.41,18.19
2007-01-27,0.0,20.27,17.96
2007-01-28,0.0,21.29,16.42
2007-01-29,0.0,21.15,16.06
2007-01-30,0.0,20.09,12.54
2007-01-31,0.0,20.49,12.13
2007-02-01,0.41,21.79,12.96
2007-02-02,0.0,21.6,13.04
2007-02-03,0.03,21.13,15.12
2007-02-04,17.42,20.3,10.01
2007-02-05,14.63,20.18,8.7
2007-02-06,2.67,20.3,12.53
2007-02-07,3.36,19.46,16.69
2007-02-08,1.21,19.84,11.79
2007-02-09,0.25,20.96,18.26
2007-02-10,0.0,21.66,19.09
2007-02-11,0.0,22.2,19.77
2007-02-12,0.02,21.29,14.38
2007-02-13,2.57,21.04,12.02
2007-02-14,14.97,18.93,5.49
2007-02-15,0.01,18.35,17.56
2007-02-16,0.0,18.33,20.97
2007-02-17,0.0,18.56,16.81
2007-02-18,0.0,19.28,20.05
2007-02-19,0.0,18.94,21.14
2007-02-20,0.0,18.87,21.67
2007-02-21,0.0,19.54,21.89
2007-02-22,0.0,20.37,21.99
2007-02-23,0.0,21.12,21.69
2007-02-24,0.0,22.89,22.01
2007-02-25,0.0,23.22,20.9
2007-02-26,0.14,22.89,18.83
2007-02-27,0.07,22.08,20.99
2007-02-28,0.0,22.65,22.36
2007-03-01,0.87,23.79,16.48
2007-03-02,2.55,22.0,5.95
2007-03-03,0.01,22.28,21.48
2007-03-04,0.0,21.79,23.45
2007-03-05,0.0,21.78,23.15
2007-03-06,0.0,21.92,23.15
2007-03-07,0.0,22.28,24.38
2007-03-08,0.0,21.76,23.39
2007-03-09,0.0,21.71,24.0
2007-03-10,0.0,23.07,22.42
2007-03-11,0.0,24.93,22.37
2007-03-12,0.0,26.11,21.95
2007-03-13,0.09,25.71,21.64
2007-03-14,0.0,26.16,19.25
2007-03-15,0.0,26.43,22.65
2007-03-16,0.0,24.19,25.33
2007-03-17,0.0,24.09,25.33
2007-03-18,0.0,23.82,24.62
2007-03-19,0.0,25.54,22.92
2007-03-20,0.0,25.87,21.55
2007-03-21,0.0,26.29,17.34
2007-03-22,0.82,26.76,12.46
2007-03-23,0.19,27.45,17.3
2007-03-24,0.22,27.98,16.72
2007-03-25,0.09,28.51,21.47
2007-03-26,0.0,28.0,24.43
2007-03-27,0.0,27.04,24.98
2007-03-28,2.44,26.89,25.53
2007-03-29,0.0,28.59,23.63
2007-03-30,0.0,28.93,23.08
2007-03-31,0.0,28.2,23.53
2007-04-01,0.0,28.81,24.05
2007-04-02,0.0,29.25,20.3
2007-04-03,0.42,29.66,19.54
2007-04-04,0.51,29.56,18.14
2007-04-05,0.36,29.09,20.65
2007-04-06,0.21,29.31,22.33
2007-04-07,0.18,29.53,21.26
2007-04-08,0.33,29.01,19.27
2007-04-09,1.54,29.53,16.87
2007-04-10,59.5,26.99,21.6
2007-04-11,27.29,25.98,4.36
2007-04-12,11.97,26.01,5.97
2007-04-13,0.88,25.91,22.87
2007-04-14,0.0,26.56,22.6
2007-04-15,0.0,27.55,24.77
2007-04-16,0.07,27.8,21.9
2007-04-17,0.02,29.05,23.24
2007-04-18,1.76,29.75,23.84
2007-04-19,1.34,29.64,18.25
2007-04-20,1.67,29.01,22.41
2007-04-21,14.53,28.14,20.89
2007-04-22,46.77,27.05,14.36
2007-04-23,21.45,27.79,16.67
2007-04-24,19.17,27.54,18.23
2007-04-25,6.55,27.45,19.28
2007-04-26,9.19,27.63,13.84
2007-04-27,14.1,27.13,11.83
2007-04-28,2.11,26.74,24.15
2007-04-29,0.0,27.74,24.39
2007-04-30,0.0,27.61,27.43
2007-05-01,0.0,28.43,26.64
2007-05-02,0.0,29.51,26.15
2007-05-03,0.01,29.89,21.22
2007-05-04,0.05,30.46,25.04
2007-05-05,0.0,30.97,24.76
2007-05-06,0.06,31.31,21.61
2007-05-07,0.07,29.79,23.98
2007-05-08,1.62,29.46,22.47
2007-05-09,22.53,28.88,19.05
2007-05-10,7.16,29.31,23.77
2007-05-11,5.82,29.11,22.12
2007-05-12,6.05,28.62,20.4
2007-05-13,1.8,27.85,24.1
2007-05-14,23.49,25.92,7.58
2007-05-15,14.48,25.78,10.62
2007-05-16,14.43,27.65,19.24
2007-05-17,12.55,26.09,21.57
2007-05-18,20.16,26.88,21.29
2007-05-19,15.41,27.53,20.68
2007-05-20,25.77,27.89,16.35
2007-05-21,11.19,27.47,15.02
2007-05-22,1.54,27.88,15.23
2007-05-23,1.42,27.88,18.17
2007-05-24,13.41,27.6,14.77
2007-05-25,16.89,27.34,19.5
2007-05-26,4.65,26.73,22.34
2007-05-27,16.47,27.32,18.04
2007-05-28,13.56,27.84,23.22
2007-05-29,0.22,28.77,23.35
2007-05-30,0.0,28.26,22.65
2007-05-31,0.15,28.54,22.76
2007-06-01,0.95,28.47,19.75
2007-06-02,2.52,28.16,20.58
2007-06-03,11.23,28.02,10.73
2007-06-04,7.48,28.72,10.75
2007-06-05,7.73,27.51,10.21
2007-06-06,2.95,27.42,14.53
2007-06-07,49.82,27.69,17.83
2007-06-08,62.88,27.98,8.83
2007-06-09,20.3,27.55,8.48
2007-06-10,75.28,26.95,2.24
2007-06-11,87.45,27.78,3.8
2007-06-12,25.26,28.15,10.85
2007-06-13,3.15,27.32,13.93
2007-06-14,1.36,27.7,18.73
2007-06-15,28.08,27.14,14.34
2007-06-16,57.24,27.37,3.63
2007-06-17,25.68,27.37,9.38
2007-06-18,18.94,27.18,18.24
2007-06-19,1.83,28.32,18.42
2007-06-20,2.39,29.31,14.1
2007-06-21,3.74,27.95,23.01
2007-06-22,7.31,28.19,21.94
2007-06-23,4.55,28.08,23.78
2007-06-24,3.22,27.94,18.33
2007-06-25,10.37,27.72,19.69
2007-06-26,1.01,28.44,25.82
2007-06-27,2.24,29.07,22.47
2007-06-28,7.18,28.02,18.04
2007-06-29,3.92,27.81,12.91
2007-06-30,27.55,27.27,18.92
2007-07-01,47.01,28.11,18.55
2007-07-02,27.43,29.04,18.09
2007-07-03,8.11,27.97,19.77
2007-07-04,4.4,27.82,12.29
2007-07-05,16.12,28.72,12.55
2007-07-06,7.01,28.02,12.83
2007-07-07,7.58,27.43,19.16
2007-07-08,9.42,27.38,16.59
2007-07-09,7.64,28.18,15.51
2007-07-10,1.69,28.03,15.02
2007-07-11,0.17,28.34,18.98
2007-07-12,3.3,29.24,21.0
2007-07-13,1.93,28.28,19.86
2007-07-14,8.42,28.59,21.66
2007-07-15,29.33,28.29,17.4
2007-07-16,25.31,28.14,12.9
2007-07-17,28.62,28.01,11.9
2007-07-18,51.87,27.85,11.31
2007-07-19,73.06,28.39,6.68
2007-07-20,47.3,27.35,6.26
2007-07-21,58.32,26.92,5.83
2007-07-22,33.85,26.6,9.21
2007-07-23,32.76,27.33,14.09
2007-07-24,35.18,26.85,11.87
2007-07-25,33.85,26.47,7.9
2007-07-26,93.22,26.43,4.63
2007-07-27,35.94,25.99,10.2
2007-07-28,10.7,26.03,19.3
2007-07-29,4.96,26.7,15.35
2007-07-30,4.46,27.84,18.29
2007-07-31,12.29,27.7,13.97
2007-08-01,25.23,27.32,10.34
2007-08-02,2.82,27.38,16.52
2007-08-03,0.64,27.26,21.34
2007-08-04,1.06,28.76,25.56
2007-08-05,3.75,29.52,25.94
2007-08-06,2.1,28.39,20.68
2007-08-07,3.62,27.87,19.18
2007-08-08,1.73,28.12,21.09
2007-08-09,0.17,29.79,23.32
2007-08-10,2.15,30.15,17.74
2007-08-11,5.75,29.22,16.65
2007-08-12,13.0,27.36,11.75
2007-08-13,33.76,27.34,10.41
2007-08-14,32.69,27.57,9.32
2007-08-15,22.17,28.39,7.71
2007-08-16,3.99,27.85,12.6
2007-08-17,9.42,27.45,16.52
2007-08-18,7.43,27.07,18.87
2007-08-19,1.43,26.75,21.8
2007-08-20,2.59,27.13,23.41
2007-08-21,2.46,28.31,19.07
2007-08-22,0.75,27.48,17.86
2007-08-23,1.87,28.13,16.19
2007-08-24,15.42,27.26,15.67
2007-08-25,18.11,26.87,11.49
2007-08-26,39.67,27.21,12.5
2007-08-27,15.95,26.88,14.89
2007-08-28,1.49,27.51,17.2
2007-08-29,0.41,26.82,16.25
2007-08-30,3.85,28.1,15.89
2007-08-31,3.14,28.41,17.87
2007-09-01,5.3,27.95,19.77
2007-09-02,7.17,27.95,17.11
2007-09-03,13.87,27.8,12.74
2007-09-04,7.89,27.24,10.98
2007-09-05,18.42,26.78,12.13
2007-09-06,61.71,26.61,5.78
2007-09-07,79.27,26.83,6.65
2007-09-08,47.08,26.98,2.46
2007-09-09,11.78,27.31,5.74
2007-09-10,4.26,27.63,11.82
2007-09-11,5.97,27.88,13.08
2007-09-12,2.59,27.13,16.35
2007-09-13,0.21,28.0,17.23
2007-09-14,0.4,27.06,17.93
2007-09-15,2.39,27.21,19.72
2007-09-16,0.78,27.38,15.95
2007-09-17,2.23,27.8,15.56
2007-09-18,1.45,27.83,15.8
2007-09-19,0.76,28.76,19.4
2007-09-20,2.97,27.61,23.08
2007-09-21,0.05,26.86,15.75
2007-09-22,1.48,25.31,11.44
2007-09-23,3.06,25.24,9.1
2007-09-24,2.16,25.03,12.84
2007-09-25,0.37,25.81,14.71
2007-09-26,0.0,27.24,19.81
2007-09-27,0.01,27.55,17.63
2007-09-28,0.02,27.06,18.61
2007-09-29,5.76,26.45,16.33
2007-09-30,11.78,27.0,12.3
2007-10-01,1.04,27.95,16.93
2007-10-02,2.48,28.55,20.38
2007-10-03,1.88,26.71,21.17
2007-10-04,0.0,27.42,20.61
2007-10-05,0.0,28.23,20.39
2007-10-06,11.52,27.45,18.6
2007-10-07,34.68,27.32,13.92
2007-10-08,122.04,26.23,9.71
2007-10-09,34.2,26.23,12.69
2007-10-10,3.28,25.63,13.46
2007-10-11,1.65,26.2,16.16
2007-10-12,0.14,26.85,17.05
2007-10-13,0.33,26.62,14.79
2007-10-14,2.49,25.26,11.97
2007-10-15,6.49,24.46,5.68
2007-10-16,81.77,24.91,8.98
2007-10-17,5.23,25.47,13.13
2007-10-18,6.9,25.2,11.11
2007-10-19,2.78,24.94,16.98
2007-10-20,0.93,25.32,14.27
2007-10-21,0.03,23.15,19.48
2007-10-22,0.0,22.53,20.76
2007-10-23,0.0,22.17,21.17
2007-10-24,0.0,22.38,21.26
2007-10-25,0.0,22.3,21.35
2007-10-26,0.0,22.06,21.35
2007-10-27,0.0,22.22,21.02
2007-10-28,0.0,22.39,20.98
2007-10-29,0.0,22.63,20.5
2007-10-30,0.0,23.77,19.51
2007-10-31,0.52,23.62,9.76
2007-11-01,0.11,24.29,13.21
2007-11-02,1.38,23.87,10.19
2007-11-03,0.5,23.89,16.59
2007-11-04,0.0,23.76,17.72
2007-11-05,0.0,24.11,17.61
2007-11-06,0.0,23.94,17.56
2007-11-07,0.0,24.01,17.56
2007-11-08,0.0,23.8,18.03
2007-11-09,0.61,23.85,17.74
2007-11-10,0.36,23.53,13.91
2007-11-11,0.0,23.26,17.49
2007-11-12,0.0,22.49,18.56
2007-11-13,0.11,21.83,18.37
2007-11-14,2.86,21.94,7.52
2007-11-15,60.08,21.58,4.15
2007-11-16,8.68,23.55,8.14
2007-11-17,0.02,22.75,15.2
2007-11-18,0.0,21.67,15.44
2007-11-19,0.0,21.62,18.02
2007-11-20,0.0,21.74,17.82
2007-11-21,0.0,21.18,17.59
2007-11-22,0.0,21.19,17.21
2007-11-23,0.0,21.78,17.35
2007-11-24,0.0,21.79,18.0
2007-11-25,0.0,21.21,17.85
2007-11-26,0.0,20.89,17.49
2007-11-27,0.0,20.62,16.54
2007-11-28,0.0,20.43,16.42
2007-11-29,0.0,21.22,15.92
2007-11-30,0.0,21.95,15.2
2007-12-01,0.0,21.64,14.4
2007-12-02,0.0,20.37,14.53
2007-12-03,0.0,19.77,12.76
2007-12-04,0.0,18.91,14.72
2007-12-05,0.0,18.31,16.12
2007-12-06,0.0,18.47,16.66
2007-12-07,0.0,19.32,15.74
2007-12-08,0.0,19.72,16.36
2007-12-09,0.0,17.67,16.41
2007-12-10,0.0,17.09,16.94
2007-12-11,0.0,17.21,16.81
2007-12-12,0.0,16.69,16.59
2007-12-13,0.0,17.26,16.21
2007-12-14,0.0,18.12,14.81
2007-12-15,0.0,17.83,6.99
2007-12-16,0.0,17.05,14.52
2007-12-17,0.0,15.29,9.07
2007-12-18,0.0,15.62,16.84
2007-12-19,0.0,16.04,17.07
2007-12-20,0.0,15.14,16.87
2007-12-21,0.0,14.79,15.53
2007-12-22,0.0,15.01,13.44
2007-12-23,0.0,15.88,14.99
2007-12-24,0.0,15.96,15.03
2007-12-25,0.0,16.65,15.45
2007-12-26,0.0,16.89,14.56
2007-12-27,0.0,16.93,15.36
2007-12-28,0.0,16.18,15.75
2007-12-29,0.0,16.48,14.46
2007-12-30,0.0,16.09,14.72
2007-12-31,0.0,15.57,16.22
2008-01-01,0.0,16.01,17.06
2008-01-02,0.0,16.72,15.56
2008-01-03,0.0,18.54,16.56
2008-01-04,0.0,17.17,16.83
2008-01-05,0.0,16.22,17.18
2008-01-06,0.0,16.23,17.39
2008-01-07,0.0,17.53,17.13
2008-01-08,0.0,17.91,17.05
2008-01-09,0.0,17.54,17.31
2008-01-10,0.0,17.75,17.11
2008-01-11,0.0,18.88,15.5
2008-01-12,0.0,18.44,15.12
2008-01-13,0.0,17.07,15.71
2008-01-14,0.0,16.03,15.68
2008-01-15,0.0,15.58,16.59
2008-01-16,0.0,15.83,16.42
2008-01-17,0.0,16.61,15.96
2008-01-18,0.0,18.01,16.17
2008-01-19,0.0,17.58,15.73
2008-01-20,0.07,18.38,14.69
2008-01-21,9.88,19.23,9.93
2008-01-22,0.0,17.02,15.07
2008-01-23,0.02,15.32,14.73
2008-01-24,1.5,17.12,8.25
2008-01-25,2.05,16.63,3.86
2008-01-26,16.61,16.75,4.9
2008-01-27,6.21,16.74,5.49
2008-01-28,0.0,16.0,16.17
2008-01-29,0.01,14.63,17.05
2008-01-30,0.05,15.58,12.09
2008-01-31,1.28,16.61,11.14
2008-02-01,0.0,15.82,14.58
2008-02-02,0.0,13.68,18.18
2008-02-03,0.0,13.72,18.98
2008-02-04,0.0,15.47,18.63
2008-02-05,0.0,17.45,18.66
2008-02-06,0.0,19.02,17.45
2008-02-07,0.0,20.12,15.81
2008-02-08,0.03,20.68,13.06
2008-02-09,0.58,20.1,4.75
2008-02-10,2.92,19.03,7.56
2008-02-11,0.0,16.25,18.81
2008-02-12,0.0,15.45,19.85
2008-02-13,0.0,15.39,20.36
2008-02-14,0.0,15.33,20.81
2008-02-15,0.0,15.23,20.56
2008-02-16,0.0,16.67,18.73
2008-02-17,0.0,17.86,18.26
2008-02-18,0.0,18.64,16.85
2008-02-19,7.72,19.74,16.82
2008-02-20,2.56,18.94,14.0
2008-02-21,0.0,19.13,20.65
2008-02-22,0.0,19.82,21.74
2008-02-23,0.0,20.78,22.34
2008-02-24,0.0,21.5,21.31
2008-02-25,0.01,21.03,11.74
2008-02-26,0.02,22.0,16.15
2008-02-27,0.0,20.76,20.34
2008-02-28,0.0,20.42,21.33
2008-02-29,0.0,21.41,21.02
2008-03-01,0.0,21.6,21.65
2008-03-02,0.0,21.43,19.04
2008-03-03,5.04,23.02,19.47
2008-03-04,10.2,22.81,20.67
2008-03-05,1.98,22.64,17.67
2008-03-06,0.0,22.85,19.0
2008-03-07,0.0,24.27,16.85
2008-03-08,0.0,24.57,19.04
2008-03-09,0.0,25.25,18.45
2008-03-10,0.0,25.34,17.17
2008-03-11,0.0,24.61,15.76
2008-03-12,0.0,23.59,19.01
2008-03-13,0.0,24.93,17.8
2008-03-14,0.0,24.34,12.09
2008-03-15,0.0,26.21,18.61
2008-03-16,0.05,26.39,14.46
2008-03-17,0.08,27.16,22.27
2008-03-18,0.04,26.39,22.46
2008-03-19,1.76,26.72,21.63
2008-03-20,0.36,26.91,13.21
2008-03-21,0.41,27.91,18.94
2008-03-22,6.55,27.5,18.23
2008-03-23,5.2,26.72,12.03
2008-03-24,0.23,26.44,8.15
2008-03-25,0.05,28.08,23.35
2008-03-26,0.04,27.88,20.91
2008-03-27,0.91,28.23,16.94
2008-03-28,1.84,28.54,20.16
2008-03-29,0.04,28.17,19.67
2008-03-30,0.29,27.85,19.81
2008-03-31,0.36,27.44,19.31
2008-04-01,0.5,27.79,16.62
2008-04-02,0.0,27.66,23.67
2008-04-03,18.11,26.7,20.01
2008-04-04,3.11,26.36,11.85
2008-04-05,0.0,26.24,23.94
2008-04-06,0.05,27.31,25.17
2008-04-07,0.0,26.74,26.51
2008-04-08,0.0,26.55,27.08
2008-04-09,0.0,26.37,22.1
2008-04-10,0.0,27.47,20.47
2008-04-11,0.0,28.63,17.79
2008-04-12,0.0,29.82,24.58
2008-04-13,2.42,29.35,22.23
2008-04-14,5.06,28.61,22.7
2008-04-15,0.06,29.67,20.55
2008-04-16,0.12,29.39,20.6
2008-04-17,0.89,30.48,21.51
2008-04-18,0.82,30.57,20.0
2008-04-19,0.08,31.21,21.39
2008-04-20,0.0,31.54,23.67
2008-04-21,0.0,31.2,25.0
2008-04-22,0.0,30.72,26.29
2008-04-23,0.0,31.64,24.87
2008-04-24,0.0,31.72,25.08
2008-04-25,0.0,31.44,25.53
2008-04-26,0.0,31.36,25.88
2008-04-27,0.0,31.27,17.88
2008-04-28,0.0,31.84,20.5
2008-04-29,0.01,31.59,20.5
2008-04-30,0.0,31.91,23.2
2008-05-01,0.0,31.86,24.18
2008-05-02,2.15,30.94,23.81
2008-05-03,1.99,31.41,24.51
2008-05-04,1.76,31.81,16.79
2008-05-05,22.58,29.56,20.47
2008-05-06,14.39,29.35,23.25
2008-05-07,9.32,28.45,22.01
2008-05-08,7.47,28.41,22.01
2008-05-09,3.87,29.09,25.18
2008-05-10,0.18,29.44,20.15
2008-05-11,0.19,31.0,25.05
2008-05-12,0.0,30.07,22.93
2008-05-13,0.0,31.12,23.66
2008-05-14,0.0,31.9,18.31
2008-05-15,1.09,32.57,21.56
2008-05-16,5.11,29.93,21.14
2008-05-17,6.52,30.33,10.24
2008-05-18,7.75,29.73,17.62
2008-05-19,6.45,28.88,22.44
2008-05-20,1.11,30.08,19.52
2008-05-21,0.1,30.47,22.71
2008-05-22,9.55,30.34,21.23
2008-05-23,7.97,28.68,15.73
2008-05-24,11.66,29.09,22.05
2008-05-25,7.03,27.8,19.09
2008-05-26,24.0,27.53,14.09
2008-05-27,14.55,26.93,14.46
2008-05-28,4.31,28.1,14.36
2008-05-29,4.51,28.7,21.84
2008-05-30,2.65,28.56,21.11
2008-05-31,2.19,28.62,21.2
2008-06-01,13.96,28.09,19.25
2008-06-02,18.75,27.32,12.8
2008-06-03,14.54,27.91,13.49
2008-06-04,9.03,27.85,15.45
2008-06-05,14.31,27.49,12.64
2008-06-06,6.54,27.85,15.85
2008-06-07,2.41,26.37,18.17
2008-06-08,2.92,26.85,13.78
2008-06-09,8.13,26.84,13.21
2008-06-10,3.16,28.05,16.74
2008-06-11,0.91,28.4,17.46
2008-06-12,0.53,28.96,17.37
2008-06-13,0.2,29.23,18.47
2008-06-14,1.09,29.14,18.59
2008-06-15,16.73,29.73,21.12
2008-06-16,11.37,28.09,17.87
2008-06-17,55.99,27.58,6.14
2008-06-18,15.91,27.48,11.5
2008-06-19,8.23,27.19,9.88
2008-06-20,3.23,27.01,8.81
2008-06-21,1.8,27.72,14.9
2008-06-22,1.64,28.21,17.57
2008-06-23,2.33,27.74,15.54
2008-06-24,0.66,28.55,20.4
2008-06-25,0.23,27.97,22.83
2008-06-26,0.46,27.98,16.96
2008-06-27,4.82,27.73,16.92
2008-06-28,19.92,27.73,17.18
2008-06-29,23.99,27.31,14.6
2008-06-30,10.08,27.29,10.29
2008-07-01,17.06,27.69,10.25
2008-07-02,21.59,28.19,13.98
2008-07-03,22.35,27.79,10.01
2008-07-04,32.34,27.46,13.47
2008-07-05,10.67,27.47,8.01
2008-07-06,10.3,27.59,16.57
2008-07-07,10.61,26.95,18.96
2008-07-08,12.33,26.79,18.19
2008-07-09,21.56,27.16,18.12
2008-07-10,13.77,27.2,18.18
2008-07-11,17.78,27.03,8.75
2008-07-12,18.2,27.84,20.39
2008-07-13,28.58,27.34,13.78
2008-07-14,63.63,27.53,7.51
2008-07-15,20.8,27.6,12.5
2008-07-16,2.84,27.77,12.11
2008-07-17,0.95,28.26,17.58
2008-07-18,2.22,28.58,13.13
2008-07-19,0.59,27.3,13.88
2008-07-20,4.26,27.46,13.88
2008-07-21,3.71,27.87,13.36
2008-07-22,1.81,27.73,17.62
2008-07-23,0.69,27.9,16.15
2008-07-24,0.25,28.9,18.23
2008-07-25,0.63,28.1,20.7
2008-07-26,6.91,28.19,18.26
2008-07-27,11.29,27.68,20.65
2008-07-28,2.54,27.66,20.17
2008-07-29,0.26,27.61,20.9
2008-07-30,0.88,27.57,21.91
2008-07-31,0.82,27.72,23.14
2008-08-01,0.05,27.4,20.6
2008-08-02,1.19,27.3,17.24
2008-08-03,2.64,26.99,16.13
2008-08-04,10.02,27.8,18.17
2008-08-05,17.45,27.01,10.68
2008-08-06,6.38,27.36,18.15
2008-08-07,2.55,27.81,19.62
2008-08-08,9.82,29.55,17.25
2008-08-09,7.02,28.59,19.32
2008-08-10,13.56,27.45,16.81
2008-08-11,35.75,27.07,8.41
2008-08-12,19.93,27.05,12.06
2008-08-13,9.81,27.6,16.87
2008-08-14,7.59,27.58,18.38
2008-08-15,9.66,26.98,15.9
2008-08-16,26.58,27.0,16.34
2008-08-17,7.96,27.42,10.25
2008-08-18,26.64,27.5,10.02
2008-08-19,15.39,27.82,17.61
2008-08-20,0.53,27.49,19.73
2008-08-21,0.27,27.34,17.98
2008-08-22,0.13,27.72,20.06
2008-08-23,2.76,27.97,19.08
2008-08-24,3.62,27.5,18.98
2008-08-25,0.97,27.7,16.15
2008-08-26,1.26,26.89,18.24
2008-08-27,12.59,27.76,12.42
2008-08-28,61.01,27.31,7.7
2008-08-29,20.91,27.14,7.9
2008-08-30,4.98,27.25,11.72
2008-08-31,0.08,27.5,18.41
2008-09-01,0.94,27.49,20.04
2008-09-02,7.85,27.09,17.59
2008-09-03,7.3,27.17,16.6
2008-09-04,4.38,26.51,15.76
2008-09-05,2.16,26.62,9.86
2008-09-06,0.13,26.81,20.57
2008-09-07,3.75,27.16,16.91
2008-09-08,6.16,26.81,17.45
2008-09-09,0.91,27.25,19.6
2008-09-10,7.57,27.59,21.8
2008-09-11,6.45,27.65,20.48
2008-09-12,1.75,27.85,23.2
2008-09-13,14.05,27.51,19.99
2008-09-14,5.93,26.89,20.62
2008-09-15,13.48,27.03,21.04
2008-09-16,4.07,26.73,13.98
2008-09-17,6.81,26.41,17.94
2008-09-18,7.75,27.09,15.37
2008-09-19,10.95,26.89,21.53
2008-09-20,6.16,28.43,13.95
2008-09-21,10.53,27.05,19.79
2008-09-22,8.91,26.13,17.23
2008-09-23,6.52,26.26,19.31
2008-09-24,1.6,27.23,20.99
2008-09-25,2.52,27.98,20.13
2008-09-26,5.88,27.29,16.89
2008-09-27,3.19,26.98,13.76
2008-09-28,3.14,26.75,9.65
2008-09-29,0.3,26.92,14.9
2008-09-30,0.0,27.47,16.28
2008-10-01,2.2,28.01,19.97
2008-10-02,7.11,26.3,10.81
2008-10-03,9.0,26.67,11.65
2008-10-04,2.85,26.77,13.97
2008-10-05,9.72,26.14,13.13
2008-10-06,10.19,25.6,10.69
2008-10-07,9.77,25.42,12.98
2008-10-08,11.53,25.77,15.59
2008-10-09,7.93,25.85,11.64
2008-10-10,0.74,26.35,17.99
2008-10-11,0.0,26.84,20.45
2008-10-12,0.0,26.69,20.78
2008-10-13,0.0,26.91,20.16
2008-10-14,0.0,27.64,20.56
2008-10-15,0.0,27.05,21.47
2008-10-16,0.0,26.51,21.7
2008-10-17,0.0,26.39,21.82
2008-10-18,0.0,26.66,21.33
2008-10-19,0.0,26.32,21.05
2008-10-20,0.0,26.11,20.92
2008-10-21,0.1,26.0,19.99
2008-10-22,0.3,26.07,17.42
2008-10-23,1.64,26.43,16.27
2008-10-24,4.46,25.63,5.45
2008-10-25,52.46,23.76,5.23
2008-10-26,59.52,21.64,5.0
2008-10-27,22.32,24.15,7.81
2008-10-28,0.07,22.52,17.57
2008-10-29,0.0,22.93,17.85
2008-10-30,0.0,23.78,17.9
2008-10-31,0.0,23.89,19.23
2008-11-01,0.0,24.22,19.55
2008-11-02,0.0,24.81,19.64
2008-11-03,0.0,25.25,19.9
2008-11-04,0.02,24.0,13.84
2008-11-05,0.91,24.06,13.64
2008-11-06,0.02,23.64,18.06
2008-11-07,0.0,23.21,19.25
2008-11-08,0.0,21.76,19.61
2008-11-09,0.0,21.76,19.57
2008-11-10,0.0,22.83,19.27
2008-11-11,0.0,23.11,19.12
2008-11-12,0.0,21.93,18.77
2008-11-13,0.0,21.87,17.04
2008-11-14,0.0,22.18,15.12
2008-11-15,0.0,21.63,16.74
2008-11-16,0.0,21.75,17.3
2008-11-17,0.0,20.55,17.46
2008-11-18,0.0,20.25,17.85
2008-11-19,0.0,20.44,18.08
2008-11-20,0.0,20.64,17.64
2008-11-21,0.0,21.75,16.93
2008-11-22,0.0,21.27,16.67
2008-11-23,0.0,20.34,17.16
2008-11-24,0.0,19.94,17.72
2008-11-25,0.0,20.38,17.7
2008-11-26,0.0,20.68,17.56
2008-11-27,0.0,20.58,17.63
2008-11-28,0.0,21.35,17.48
2008-11-29,0.0,21.29,17.01
2008-11-30,0.0,21.48,16.37
2008-12-01,0.0,21.61,15.4
2008-12-02,0.0,21.25,14.38
2008-12-03,0.0,21.21,15.58
2008-12-04,0.0,20.81,15.57
2008-12-05,0.0,21.44,16.12
2008-12-06,0.0,21.59,14.73
2008-12-07,0.0,21.7,15.39
2008-12-08,0.0,21.74,15.28
2008-12-09,0.06,21.38,10.36
2008-12-10,0.01,22.11,14.2
2008-12-11,0.0,21.79,14.83
2008-12-12,0.0,21.13,13.35
2008-12-13,0.0,19.83,14.33
2008-12-14,0.0,18.73,15.49
2008-12-15,0.0,18.49,11.93
2008-12-16,0.0,17.93,12.8
2008-12-17,0.0,17.91,13.59
2008-12-18,0.0,18.45,14.19
2008-12-19,0.0,18.84,12.19
2008-12-20,0.0,19.0,11.7
2008-12-21,0.0,19.54,8.54
2008-12-22,0.0,19.54,10.59
2008-12-23,0.0,19.02,14.15
2008-12-24,0.0,18.61,12.27
2008-12-25,0.0,18.51,13.39
2008-12-26,0.0,18.09,14.05
2008-12-27,0.0,17.85,13.46
2008-12-28,0.0,18.21,13.11
2008-12-29,0.0,17.99,15.43
2008-12-30,0.0,17.69,16.15
2008-12-31,12.74,17.58,16.31
2009-01-01,0.0,17.39,16.93
2009-01-02,0.0,16.78,16.66
2009-01-03,0.0,15.77,17.01
2009-01-04,0.0,16.21,15.58
2009-01-05,0.0,17.11,16.3
2009-01-06,0.0,17.88,14.86
2009-01-07,0.0,17.84,15.64
2009-01-08,0.0,19.18,14.59
2009-01-09,0.0,19.48,14.59
2009-01-10,0.0,18.73,15.92
2009-01-11,0.0,18.76,16.02
2009-01-12,0.0,18.5,15.97
2009-01-13,0.0,17.8,16.4
2009-01-14,0.0,17.66,14.6
2009-01-15,0.0,18.42,14.93
2009-01-16,0.0,18.6,17.01
2009-01-17,0.0,18.87,17.17
2009-01-18,0.0,19.61,17.38
2009-01-19,0.0,19.31,17.26
2009-01-20,0.0,19.34,14.51
2009-01-21,0.0,18.91,14.86
2009-01-22,0.0,17.91,14.85
2009-01-23,0.0,18.43,13.82
2009-01-24,0.0,19.56,13.25
2009-01-25,0.0,19.54,13.15
2009-01-26,0.0,20.04,8.6
2009-01-27,0.0,21.03,13.63
2009-01-28,0.0,21.75,14.73
2009-01-29,0.0,19.98,16.92
2009-01-30,0.0,19.18,18.66
2009-01-31,0.0,19.24,18.98
2009-02-01,3.68,18.99,18.26
2009-02-02,0.0,17.87,18.79
2009-02-03,0.0,18.45,19.25
2009-02-04,0.0,19.06,19.37
2009-02-05,0.0,19.7,19.46
2009-02-06,0.0,20.72,19.68
2009-02-07,0.22,21.3,19.89
2009-02-08,0.0,20.74,19.9
2009-02-09,7.39,20.43,19.78
2009-02-10,0.0,21.3,19.87
2009-02-11,0.0,22.01,19.36
2009-02-12,0.29,21.8,13.53
2009-02-13,0.0,21.74,18.6
2009-02-14,0.0,20.7,19.82
2009-02-15,0.0,21.51,20.94
2009-02-16,0.0,21.17,20.79
2009-02-17,0.0,21.55,21.37
2009-02-18,0.0,21.79,21.57
2009-02-19,0.0,21.74,21.33
2009-02-20,0.0,21.88,21.59
2009-02-21,0.0,22.14,21.72
2009-02-22,0.0,21.67,21.5
2009-02-23,0.0,22.21,21.07
2009-02-24,0.0,22.85,18.37
2009-02-25,0.39,25.01,15.22
2009-02-26,0.29,25.57,17.81
2009-02-27,0.0,25.17,18.45
2009-02-28,0.23,25.07,18.39
2009-03-01,0.0,24.22,21.41
2009-03-02,0.0,22.86,22.84
2009-03-03,0.0,23.12,20.58
2009-03-04,0.0,24.86,17.21
2009-03-05,0.3,25.27,19.55
2009-03-06,1.05,26.65,19.79
2009-03-07,0.0,26.48,20.71
2009-03-08,0.0,26.81,21.59
2009-03-09,0.0,27.19,21.55
2009-03-10,0.0,28.22,10.99
2009-03-11,0.0,28.0,17.09
2009-03-12,0.0,27.26,19.55
2009-03-13,0.0,25.15,21.04
2009-03-14,0.0,25.14,18.91
2009-03-15,0.0,26.89,12.61
2009-03-16,0.0,24.88,10.19
2009-03-17,0.0,26.69,16.69
2009-03-18,0.0,26.74,17.18
2009-03-19,0.0,27.31,16.93
2009-03-20,0.0,27.32,19.5
2009-03-21,0.0,28.36,19.67
2009-03-22,0.01,28.11,17.03
2009-03-23,0.0,28.65,20.31
2009-03-24,0.0,28.88,22.92
2009-03-25,0.0,28.25,21.27
2009-03-26,0.0,28.43,17.19
2009-03-27,7.43,26.49,16.94
2009-03-28,0.39,26.22,21.02
2009-03-29,5.98,27.34,21.54
2009-03-30,3.63,26.85,21.45
2009-03-31,8.47,27.38,7.14
2009-04-01,10.84,26.68,22.73
2009-04-02,6.13,27.55,20.96
2009-04-03,4.81,27.76,21.87
2009-04-04,2.45,28.54,24.02
2009-04-05,0.01,29.61,20.93
2009-04-06,0.98,29.31,20.23
2009-04-07,0.17,29.73,21.64
2009-04-08,0.1,30.55,22.39
2009-04-09,1.0,30.4,21.15
2009-04-10,0.0,30.41,26.13
2009-04-11,0.2,30.53,22.91
2009-04-12,0.0,30.48,23.28
2009-04-13,0.0,30.48,24.37
2009-04-14,0.0,31.32,24.56
2009-04-15,0.0,31.04,23.6
2009-04-16,3.85,29.59,19.22
2009-04-17,17.83,26.97,5.92
2009-04-18,1.04,29.62,18.91
2009-04-19,0.38,30.8,19.19
2009-04-20,1.47,30.13,19.17
2009-04-21,1.43,30.13,17.06
2009-04-22,0.26,30.81,17.38
2009-04-23,0.2,30.97,19.89
2009-04-24,0.04,31.18,22.64
2009-04-25,0.0,30.65,25.06
2009-04-26,0.0,31.45,25.17
2009-04-27,0.0,31.53,23.98
2009-04-28,0.0,30.69,22.78
2009-04-29,0.0,30.25,20.81
2009-04-30,1.14,30.19,19.56
2009-05-01,6.95,29.52,19.86
2009-05-02,27.81,27.02,8.7
2009-05-03,24.67,27.16,18.52
2009-05-04,3.56,27.89,24.99
2009-05-05,2.99,28.5,23.42
2009-05-06,4.55,28.24,23.02
2009-05-07,0.64,29.36,21.71
2009-05-08,0.0,30.24,23.34
2009-05-09,0.28,29.87,23.91
2009-05-10,6.71,29.16,22.65
2009-05-11,7.11,29.26,23.01
2009-05-12,0.58,29.68,22.29
2009-05-13,2.65,28.73,18.81
2009-05-14,7.75,27.69,15.65
2009-05-15,2.44,28.65,21.33
2009-05-16,6.74,28.75,18.44
2009-05-17,14.01,28.79,16.88
2009-05-18,45.91,28.01,9.32
2009-05-19,7.7,28.13,20.48
2009-05-20,0.12,29.11,24.56
2009-05-21,0.0,30.57,24.45
2009-05-22,0.2,30.91,25.82
2009-05-23,0.72,30.6,25.91
2009-05-24,25.87,28.24,19.54
2009-05-25,40.9,26.94,8.94
2009-05-26,57.64,28.31,9.23
2009-05-27,13.01,28.53,17.62
2009-05-28,0.0,28.21,22.19
2009-05-29,10.2,28.39,22.1
2009-05-30,10.25,28.37,21.22
2009-05-31,5.67,27.43,13.0
2009-06-01,8.81,27.4,18.77
2009-06-02,11.69,28.32,13.01
2009-06-03,6.78,28.41,18.07
2009-06-04,16.96,28.49,23.63
2009-06-05,13.65,27.81,22.41
2009-06-06,14.26,27.47,21.91
2009-06-07,17.79,26.78,19.07
2009-06-08,32.15,28.18,15.38
2009-06-09,15.21,28.43,17.58
2009-06-10,4.38,28.25,21.67
2009-06-11,2.14,28.24,20.89
2009-06-12,9.32,28.05,19.39
2009-06-13,18.32,27.45,21.72
2009-06-14,6.07,27.74,17.02
2009-06-15,4.75,28.06,16.8
2009-06-16,2.34,28.39,19.85
2009-06-17,0.01,28.82,22.11
2009-06-18,0.07,28.07,21.62
2009-06-19,0.47,28.95,17.64
2009-06-20,8.64,28.23,16.5
2009-06-21,2.79,28.3,20.66
2009-06-22,0.14,28.5,21.73
2009-06-23,1.49,28.87,21.15
2009-06-24,9.75,28.6,19.64
2009-06-25,5.66,28.28,18.54
2009-06-26,0.58,27.93,16.09
2009-06-27,20.31,28.83,18.51
2009-06-28,22.37,28.37,12.48
2009-06-29,38.52,28.04,8.87
2009-06-30,68.86,28.31,12.24
2009-07-01,72.62,28.25,5.49
2009-07-02,58.29,27.68,10.2
2009-07-03,33.15,27.41,11.4
2009-07-04,9.74,27.36,19.32
2009-07-05,2.45,27.38,21.1
2009-07-06,7.73,28.11,19.58
2009-07-07,9.17,27.71,14.61
2009-07-08,4.89,27.55,18.31
2009-07-09,5.29,27.79,15.23
2009-07-10,4.59,27.62,18.28
2009-07-11,3.41,28.07,15.7
2009-07-12,1.41,28.46,20.55
2009-07-13,5.81,28.85,20.14
2009-07-14,2.89,28.34,19.02
2009-07-15,13.1,28.37,19.5
2009-07-16,16.42,28.37,16.39
2009-07-17,0.92,28.54,22.87
2009-07-18,13.64,28.25,18.02
2009-07-19,3.52,28.4,23.83
2009-07-20,0.07,28.67,24.98
2009-07-21,7.86,27.2,18.27
2009-07-22,13.94,27.68,17.34
2009-07-23,2.68,28.16,19.8
2009-07-24,1.76,28.75,20.06
2009-07-25,1.56,28.53,21.85
2009-07-26,7.68,28.78,21.8
2009-07-27,98.24,27.68,11.59
2009-07-28,75.44,28.1,6.45
2009-07-29,48.51,28.15,8.74
2009-07-30,30.48,28.05,10.75
2009-07-31,16.23,28.15,9.22
2009-08-01,1.11,28.89,17.9
2009-08-02,3.24,29.89,18.35
2009-08-03,7.77,28.61,16.45
2009-08-04,6.06,28.41,19.2
2009-08-05,15.09,29.49,10.93
2009-08-06,66.3,29.92,14.72
2009-08-07,16.17,29.93,16.28
2009-08-08,7.87,28.57,19.98
2009-08-09,4.45,28.84,19.64
2009-08-10,1.07,28.62,19.53
2009-08-11,0.44,28.06,16.92
2009-08-12,4.92,28.03,13.65
2009-08-13,6.5,27.82,15.39
2009-08-14,17.14,27.38,15.15
2009-08-15,19.97,27.04,8.93
2009-08-16,12.76,27.29,15.87
2009-08-17,6.18,27.32,15.52
2009-08-18,25.04,27.35,14.81
2009-08-19,19.75,27.33,14.12
2009-08-20,26.81,26.61,8.45
2009-08-21,10.8,26.18,8.17
2009-08-22,7.85,26.97,17.52
2009-08-23,4.87,26.97,15.61
2009-08-24,15.4,27.94,18.91
2009-08-25,5.74,27.27,18.99
2009-08-26,23.41,26.58,17.89
2009-08-27,9.65,26.28,9.9
2009-08-28,2.35,27.37,22.58
2009-08-29,0.32,28.56,20.64
2009-08-30,22.66,28.54,16.99
2009-08-31,13.66,29.06,18.58
2009-09-01,1.77,27.99,21.91
2009-09-02,7.76,28.6,22.71
2009-09-03,8.2,27.27,22.84
2009-09-04,5.6,27.14,17.98
2009-09-05,9.4,27.1,16.74
2009-09-06,5.75,27.23,20.49
2009-09-07,3.45,27.95,20.37
2009-09-08,6.25,26.96,13.74
2009-09-09,3.24,26.28,14.03
2009-09-10,6.01,26.62,16.86
2009-09-11,1.68,28.01,22.06
2009-09-12,0.01,28.87,23.03
2009-09-13,0.83,29.28,20.66
2009-09-14,22.48,28.27,10.16
2009-09-15,11.85,27.96,8.81
2009-09-16,13.12,27.68,11.98
2009-09-17,15.55,27.65,13.79
2009-09-18,9.53,27.4,12.35
2009-09-19,11.81,27.19,17.48
2009-09-20,4.48,26.91,15.29
2009-09-21,11.43,26.55,16.51
2009-09-22,13.71,26.15,14.54
2009-09-23,8.32,26.31,14.75
2009-09-24,6.04,27.38,15.0
2009-09-25,2.07,27.14,21.34
2009-09-26,0.01,27.97,20.92
2009-09-27,0.0,28.36,13.77
2009-09-28,1.35,27.77,18.23
2009-09-29,3.26,28.48,20.14
2009-09-30,0.44,27.19,21.77
2009-10-01,0.0,27.71,18.16
2009-10-02,8.88,27.92,19.22
2009-10-03,14.04,27.54,13.65
2009-10-04,33.53,26.24,16.9
2009-10-05,27.17,26.37,15.92
2009-10-06,12.07,26.78,10.94
2009-10-07,14.87,26.94,13.57
2009-10-08,23.81,26.93,9.41
2009-10-09,10.25,26.86,5.17
2009-10-10,2.52,26.13,13.87
2009-10-11,0.24,26.98,18.16
2009-10-12,0.0,26.51,20.1
2009-10-13,0.0,26.3,20.67
2009-10-14,0.03,26.48,20.24
2009-10-15,2.57,26.85,12.28
2009-10-16,6.68,26.31,13.61
2009-10-17,8.99,26.75,15.97
2009-10-18,4.18,26.61,14.13
2009-10-19,0.16,26.19,17.57
2009-10-20,0.0,23.85,20.73
2009-10-21,0.0,22.97,21.2
2009-10-22,0.0,23.55,20.79
2009-10-23,0.0,23.61,19.74
2009-10-24,0.0,23.93,20.04
2009-10-25,0.0,23.24,20.35
2009-10-26,0.0,23.27,20.19
2009-10-27,0.0,22.83,20.39
2009-10-28,0.0,22.5,20.14
2009-10-29,0.0,23.46,20.23
2009-10-30,0.0,23.09,19.97
2009-10-31,0.0,22.92,20.21
2009-11-01,0.0,23.58,20.08
2009-11-02,0.0,24.32,18.37
2009-11-03,0.0,23.92,14.7
2009-11-04,0.0,23.53,14.61
2009-11-05,0.0,24.99,11.43
2009-11-06,0.0,25.07,18.03
2009-11-07,0.0,24.35,17.86
2009-11-08,0.0,23.48,18.66
2009-11-09,0.0,22.89,18.92
2009-11-10,0.0,22.53,15.42
2009-11-11,0.0,22.71,16.71
2009-11-12,0.0,22.67,17.25
2009-11-13,0.0,22.74,16.84
2009-11-14,0.0,24.04,14.88
2009-11-15,1.21,24.88,12.38
2009-11-16,26.25,25.35,13.51
2009-11-17,11.46,23.69,11.25
2009-11-18,1.06,22.16,5.07
2009-11-19,0.64,22.89,14.51
2009-11-20,0.0,21.14,16.83
2009-11-21,0.0,18.76,17.66
2009-11-22,0.0,18.73,17.43
2009-11-23,0.0,19.45,17.07
2009-11-24,0.0,19.92,15.82
2009-11-25,0.0,19.59,16.97
2009-11-26,0.0,19.88,16.65
2009-11-27,0.0,19.66,17.11
2009-11-28,0.0,19.72,17.34
2009-11-29,0.0,20.08,17.17
2009-11-30,0.0,20.44,17.01
2009-12-01,0.0,21.07,16.43
2009-12-02,0.0,20.46,15.67
2009-12-03,0.0,19.59,15.61
2009-12-04,0.0,20.15,15.49
2009-12-05,0.0,19.9,15.28
2009-12-06,0.0,20.37,15.15
2009-12-07,0.0,19.25,14.14
2009-12-08,0.0,17.88,14.6
2009-12-09,0.0,17.69,14.08
2009-12-10,0.0,17.66,11.92
2009-12-11,0.0,17.23,10.21
2009-12-12,0.0,17.35,12.7
2009-12-13,0.0,18.36,13.68
2009-12-14,0.0,18.77,16.34
2009-12-15,0.0,18.72,15.82
2009-12-16,0.0,19.34,15.72
2009-12-17,0.0,19.8,14.17
2009-12-18,0.0,19.46,15.44
2009-12-19,0.32,19.75,13.22
2009-12-20,1.71,18.42,14.62
2009-12-21,0.0,16.8,16.39
2009-12-22,0.0,16.41,16.86
2009-12-23,0.0,16.72,16.52
2009-12-24,0.0,15.94,15.93
2009-12-25,0.0,14.74,14.52
2009-12-26,0.0,15.05,15.47
2009-12-27,0.0,15.22,15.89
2009-12-28,0.0,15.34,16.46
2009-12-29,0.0,15.17,16.68
2009-12-30,0.0,16.0,16.32
2009-12-31,0.0,15.92,14.98
2010-01-01,0.0,14.86,15.75
2010-01-02,0.0,15.57,14.4
2010-01-03,0.0,16.4,15.83
2010-01-04,0.0,15.38,12.84
2010-01-05,0.0,15.42,14.32
2010-01-06,0.0,15.2,13.49
2010-01-07,0.0,16.93,13.59
2010-01-08,0.0,17.44,17.41
2010-01-09,0.0,16.71,17.48
2010-01-10,0.0,16.07,17.14
2010-01-11,0.0,15.25,15.87
2010-01-12,0.0,14.95,13.93
2010-01-13,0.0,16.06,11.7
2010-01-14,0.0,17.64,11.41
2010-01-15,0.0,17.29,17.11
2010-01-16,0.0,17.1,14.3
2010-01-17,0.0,19.01,7.64
2010-01-18,0.0,17.9,9.86
2010-01-19,0.04,17.46,6.96
2010-01-20,0.0,17.4,15.93
2010-01-21,0.0,17.57,16.3
2010-01-22,0.0,17.82,18.11
2010-01-23,0.0,18.11,18.34
2010-01-24,0.0,18.3,18.98
2010-01-25,0.0,18.9,18.45
2010-01-26,0.0,19.13,18.75
2010-01-27,0.0,18.07,18.8
2010-01-28,0.0,17.43,18.17
2010-01-29,0.0,17.5,19.36
2010-01-30,0.0,17.74,19.27
2010-01-31,0.0,17.28,18.99
2010-02-01,0.0,17.47,18.55
2010-02-02,0.0,18.01,19.44
2010-02-03,0.0,18.03,19.01
2010-02-04,0.0,17.44,18.87
2010-02-05,0.0,17.7,19.85
2010-02-06,0.0,16.9,20.12
2010-02-07,0.0,18.33,20.33
2010-02-08,0.0,20.65,19.65
2010-02-09,0.0,20.66,15.5
2010-02-10,0.0,20.61,13.63
2010-02-11,0.0,21.72,17.38
2010-02-12,0.0,21.08,19.95
2010-02-13,0.0,21.21,18.29
2010-02-14,0.0,22.28,19.09
2010-02-15,0.01,22.85,17.35
2010-02-16,0.01,22.42,15.49
2010-02-17,0.2,23.06,10.91
2010-02-18,0.0,22.29,17.37
2010-02-19,0.0,20.73,19.21
2010-02-20,0.0,20.51,20.42
2010-02-21,0.0,20.55,20.01
2010-02-22,0.0,21.08,20.49
2010-02-23,0.22,21.76,17.93
2010-02-24,1.55,23.22,17.81
2010-02-25,15.71,23.25,14.68
2010-02-26,0.02,23.57,18.32
2010-02-27,0.0,22.9,20.84
2010-02-28,0.0,24.15,18.35
2010-03-01,0.0,24.38,19.45
2010-03-02,0.0,24.81,21.18
2010-03-03,0.0,25.09,20.73
2010-03-04,0.0,26.03,18.22
2010-03-05,0.0,26.57,18.79
2010-03-06,0.0,26.84,15.49
2010-03-07,0.0,27.09,19.43
2010-03-08,0.0,27.19,18.6
2010-03-09,0.0,26.33,22.54
2010-03-10,0.0,25.48,23.52
2010-03-11,0.0,25.17,23.69
2010-03-12,0.0,26.11,22.6
2010-03-13,0.0,26.61,21.64
2010-03-14,0.02,26.41,22.11
2010-03-15,10.53,26.67,20.67
2010-03-16,0.3,27.68,21.87
2010-03-17,0.0,28.28,21.89
2010-03-18,0.0,28.49,19.52
2010-03-19,0.0,28.21,21.8
2010-03-20,0.0,29.27,22.02
2010-03-21,0.0,29.16,22.98
2010-03-22,0.0,28.77,22.22
2010-03-23,0.12,28.93,21.15
2010-03-24,0.02,29.27,18.98
2010-03-25,0.0,28.95,19.23
2010-03-26,0.0,28.74,18.36
2010-03-27,0.0,28.42,17.03
2010-03-28,10.85,28.1,16.98
2010-03-29,7.71,28.42,17.26
2010-03-30,8.81,28.34,16.74
2010-03-31,4.37,28.9,13.92
2010-04-01,0.65,29.67,18.25
2010-04-02,4.82,29.26,17.55
2010-04-03,2.78,29.21,19.14
2010-04-04,0.05,29.56,19.42
2010-04-05,0.04,29.85,18.17
2010-04-06,0.08,30.35,21.22
2010-04-07,0.04,31.1,22.8
2010-04-08,0.0,30.88,23.19
2010-04-09,0.0,30.81,22.63
2010-04-10,0.24,30.86,20.71
2010-04-11,0.11,30.75,19.43
2010-04-12,0.0,30.67,20.73
2010-04-13,0.28,29.81,20.0
2010-04-14,2.65,29.42,20.42
2010-04-15,2.92,28.63,21.94
2010-04-16,1.27,30.93,23.49
2010-04-17,8.35,29.7,19.75
2010-04-18,6.79,28.61,11.94
2010-04-19,0.78,30.27,15.81
2010-04-20,1.75,31.04,16.6
2010-04-21,1.23,31.09,18.37
2010-04-22,0.4,31.07,19.16
2010-04-23,0.3,30.86,20.23
2010-04-24,4.5,30.39,19.45
2010-04-25,5.3,29.28,19.18
2010-04-26,7.33,28.59,19.71
2010-04-27,1.67,28.57,21.12
2010-04-28,7.31,29.18,16.22
2010-04-29,23.41,27.5,12.32
2010-04-30,11.5,27.68,18.84
2010-05-01,2.22,28.72,20.03
2010-05-02,14.09,27.92,13.04
2010-05-03,4.57,27.42,22.71
2010-05-04,1.32,28.17,18.33
2010-05-05,2.86,28.43,19.04
2010-05-06,1.81,28.2,19.06
2010-05-07,1.08,28.43,20.63
2010-05-08,0.34,29.27,19.46
2010-05-09,10.03,30.54,16.88
2010-05-10,9.06,30.93,17.32
2010-05-11,0.42,31.19,20.44
2010-05-12,0.47,30.87,18.32
2010-05-13,0.91,30.52,20.29
2010-05-14,6.12,30.04,20.13
2010-05-15,3.29,29.76,23.46
2010-05-16,2.09,30.31,18.61
2010-05-17,1.53,31.16,24.92
2010-05-18,0.45,31.82,21.11
2010-05-19,2.32,31.04,18.44
2010-05-20,45.32,28.83,16.1
2010-05-21,40.56,27.33,8.15
2010-05-22,16.49,26.88,10.86
2010-05-23,7.93,26.88,19.79
2010-05-24,2.34,26.19,7.53
2010-05-25,24.62,28.25,20.68
2010-05-26,38.83,28.22,14.66
2010-05-27,19.59,28.23,21.73
2010-05-28,58.91,26.01,12.82
2010-05-29,5.4,27.16,10.39
2010-05-30,32.85,27.65,12.25
2010-05-31,21.67,27.67,4.04
2010-06-01,7.74,28.21,14.49
2010-06-02,30.0,28.6,18.73
2010-06-03,35.69,28.09,9.78
2010-06-04,39.46,27.84,8.65
2010-06-05,44.61,26.98,8.85
2010-06-06,17.09,27.72,13.18
2010-06-07,0.9,28.3,16.43
2010-06-08,0.56,28.72,17.76
2010-06-09,0.31,28.3,21.62
2010-06-10,0.78,28.1,16.86
2010-06-11,3.94,28.0,20.69
2010-06-12,23.61,27.06,11.98
2010-06-13,37.51,27.33,12.88
2010-06-14,22.41,27.92,10.22
2010-06-15,7.66,28.22,14.48
2010-06-16,11.01,28.25,14.51
2010-06-17,33.43,28.28,15.36
2010-06-18,10.23,26.77,11.54
2010-06-19,6.83,28.18,15.01
2010-06-20,17.54,28.32,13.69
2010-06-21,8.48,28.37,12.74
2010-06-22,2.72,28.38,14.28
2010-06-23,0.74,28.21,19.93
2010-06-24,5.29,28.19,17.48
2010-06-25,20.49,27.76,12.17
2010-06-26,40.39,27.89,5.96
2010-06-27,19.76,28.35,16.25
2010-06-28,15.61,28.04,14.39
2010-06-29,48.78,28.57,5.82
2010-06-30,20.4,27.98,17.95
2010-07-01,2.12,27.8,20.85
2010-07-02,4.89,27.61,18.08
2010-07-03,3.64,28.21,18.44
2010-07-04,3.25,28.24,21.66
2010-07-05,6.8,27.24,15.23
2010-07-06,11.16,27.62,20.4
2010-07-07,10.32,27.72,16.61
2010-07-08,3.27,27.67,20.94
2010-07-09,5.76,28.16,17.46
2010-07-10,10.22,28.28,18.32
2010-07-11,15.8,28.14,16.09
2010-07-12,5.99,27.72,11.69
2010-07-13,8.81,27.94,15.82
2010-07-14,1.51,28.07,22.24
2010-07-15,0.6,28.37,17.61
2010-07-16,0.12,27.97,19.36
2010-07-17,2.32,28.76,19.74
2010-07-18,4.44,28.72,18.06
2010-07-19,16.6,28.01,18.35
2010-07-20,9.92,27.74,11.06
2010-07-21,4.57,27.97,16.28
2010-07-22,5.81,28.03,16.63
2010-07-23,11.12,28.29,20.01
2010-07-24,2.14,28.69,21.29
2010-07-25,6.49,27.91,18.83
2010-07-26,4.38,27.6,19.92
2010-07-27,0.74,28.15,23.77
2010-07-28,2.86,28.63,20.89
2010-07-29,9.14,27.08,16.31
2010-07-30,27.39,27.07,17.42
2010-07-31,16.82,26.77,14.57
2010-08-01,3.71,27.26,19.58
2010-08-02,1.09,27.48,22.54
2010-08-03,1.58,27.47,17.24
2010-08-04,10.74,27.81,16.53
2010-08-05,7.99,27.3,19.56
2010-08-06,0.63,27.81,18.65
2010-08-07,0.78,27.84,20.83
2010-08-08,13.69,28.76,20.92
2010-08-09,1.4,29.14,18.4
2010-08-10,14.76,28.7,19.89
2010-08-11,36.84,28.01,13.82
2010-08-12,25.17,28.05,17.4
2010-08-13,20.02,27.46,14.15
2010-08-14,7.95,27.24,16.74
2010-08-15,1.52,27.58,16.93
2010-08-16,5.53,27.6,16.05
2010-08-17,2.77,27.93,16.07
2010-08-18,3.41,27.79,18.89
2010-08-19,15.03,27.51,14.59
2010-08-20,22.84,27.75,16.85
2010-08-21,4.97,28.03,17.89
2010-08-22,3.37,27.69,16.91
2010-08-23,0.99,28.77,17.85
2010-08-24,5.07,27.54,17.45
2010-08-25,20.41,28.27,18.89
2010-08-26,13.48,27.59,14.18
2010-08-27,6.51,27.01,15.17
2010-08-28,13.14,27.34,17.78
2010-08-29,6.78,27.78,21.15
2010-08-30,9.22,27.83,20.39
2010-08-31,1.81,27.6,19.56
2010-09-01,0.6,28.0,19.58
2010-09-02,1.58,27.27,22.4
2010-09-03,4.19,27.54,11.96
2010-09-04,2.6,27.32,19.22
2010-09-05,2.6,28.31,17.09
2010-09-06,4.27,28.1,19.28
2010-09-07,2.16,28.05,18.7
2010-09-08,2.47,28.06,18.8
2010-09-09,3.97,27.94,18.28
2010-09-10,5.34,27.67,13.94
2010-09-11,3.76,27.71,17.66
2010-09-12,1.53,27.63,15.77
2010-09-13,12.62,26.52,12.26
2010-09-14,29.94,26.96,14.34
2010-09-15,8.34,26.59,16.46
2010-09-16,4.17,26.54,18.09
2010-09-17,9.41,26.37,15.3
2010-09-18,7.01,26.64,18.57
2010-09-19,4.39,26.02,16.26
2010-09-20,6.41,26.45,15.73
2010-09-21,8.64,27.1,7.86
2010-09-22,0.6,27.67,16.74
2010-09-23,2.54,27.91,18.2
2010-09-24,8.16,26.77,17.64
2010-09-25,23.06,26.38,15.55
2010-09-26,13.3,26.34,6.16
2010-09-27,19.57,27.25,14.46
2010-09-28,8.35,28.07,6.99
2010-09-29,1.72,27.55,20.49
2010-09-30,0.28,27.49,18.78
2010-10-01,0.52,27.72,21.5
2010-10-02,0.02,28.54,21.95
2010-10-03,0.0,28.42,22.27
2010-10-04,0.0,28.1,21.0
2010-10-05,12.07,26.59,14.8
2010-10-06,30.77,25.57,7.81
2010-10-07,60.27,24.68,4.04
2010-10-08,140.64,26.38,2.11
2010-10-09,17.72,26.86,9.59
2010-10-10,0.25,26.35,17.45
2010-10-11,0.0,25.92,19.7
2010-10-12,0.0,25.68,14.52
2010-10-13,0.82,26.89,18.81
2010-10-14,6.96,26.87,16.92
2010-10-15,3.57,27.75,19.47
2010-10-16,1.66,27.4,18.73
2010-10-17,0.2,27.36,19.45
2010-10-18,0.12,27.01,18.09
2010-10-19,1.03,28.3,19.39
2010-10-20,0.54,27.93,19.62
2010-10-21,3.34,26.92,18.0
2010-10-22,1.94,26.69,13.38
2010-10-23,2.73,26.08,15.45
2010-10-24,4.14,26.41,15.58
2010-10-25,2.67,26.32,16.38
2010-10-26,0.15,26.06,15.9
2010-10-27,0.0,24.96,10.73
2010-10-28,0.0,23.72,18.52
2010-10-29,0.0,23.28,19.69
2010-10-30,0.0,25.05,19.28
2010-10-31,0.74,26.36,17.86
2010-11-01,3.23,25.05,15.34
2010-11-02,1.05,24.01,12.7
2010-11-03,0.03,24.83,17.34
2010-11-04,0.0,24.61,18.54
2010-11-05,0.0,25.57,18.82
2010-11-06,0.0,25.79,18.59
2010-11-07,0.0,25.56,16.24
2010-11-08,0.0,24.54,19.06
2010-11-09,0.0,23.64,19.03
2010-11-10,0.0,24.06,18.31
2010-11-11,0.0,24.04,16.44
2010-11-12,0.0,23.99,16.09
2010-11-13,0.0,23.84,16.6
2010-11-14,0.0,23.75,17.82
2010-11-15,0.0,23.66,18.02
2010-11-16,0.0,23.34,17.59
2010-11-17,0.0,22.87,16.81
2010-11-18,0.0,22.49,17.04
2010-11-19,0.01,23.67,12.68
2010-11-20,7.87,23.67,11.9
2010-11-21,1.13,22.61,11.42
2010-11-22,0.0,20.36,17.31
2010-11-23,0.0,20.33,17.18
2010-11-24,0.0,21.34,17.18
2010-11-25,0.0,21.99,16.93
2010-11-26,0.0,22.42,14.89
2010-11-27,0.0,22.74,12.21
2010-11-28,0.0,22.8,14.01
2010-11-29,0.0,22.36,14.83
2010-11-30,0.0,20.74,15.81
2010-12-01,0.0,18.48,17.02
2010-12-02,0.0,19.16,16.97
2010-12-03,0.0,20.17,16.95
2010-12-04,27.95,21.03,15.86
2010-12-05,0.0,20.9,12.3
2010-12-06,0.04,20.73,8.81
2010-12-07,0.11,20.98,10.15
2010-12-08,0.8,21.14,10.64
2010-12-09,40.06,21.88,3.74
2010-12-10,4.1,23.14,8.63
2010-12-11,0.06,20.85,15.3
2010-12-12,0.0,18.64,14.56
2010-12-13,0.0,17.37,15.11
2010-12-14,0.0,17.22,14.29
2010-12-15,0.0,15.92,14.6
2010-12-16,0.0,17.07,16.22
2010-12-17,0.0,17.68,16.85
2010-12-18,0.0,17.78,16.72
2010-12-19,0.0,16.72,16.69
2010-12-20,0.0,16.11,17.11
2010-12-21,0.0,15.82,16.97
2010-12-22,0.0,16.72,16.53
2010-12-23,0.0,16.67,16.46
2010-12-24,0.0,16.83,16.68
2010-12-25,0.0,15.52,16.55
2010-12-26,0.0,16.07,16.12
2010-12-27,0.0,16.74,16.91
2010-12-28,0.0,16.9,15.66
2010-12-29,0.0,16.54,16.91
2010-12-30,0.0,17.7,16.73
2010-12-31,0.0,17.67,15.75
2011-01-01,0.0,18.03,15.01
2011-01-02,0.0,16.94,12.5
2011-01-03,0.0,14.94,15.0
2011-01-04,0.0,15.53,13.87
2011-01-05,0.0,16.64,12.83
2011-01-06,0.0,16.41,15.35
2011-01-07,0.0,16.92,16.68
2011-01-08,0.0,16.44,14.61
2011-01-09,0.0,18.01,13.27
2011-01-10,0.0,15.84,15.1
2011-01-11,0.0,13.44,13.14
2011-01-12,0.0,13.3,13.01
2011-01-13,0.0,13.1,13.27
2011-01-14,0.0,14.31,12.76
2011-01-15,0.0,16.0,16.25
2011-01-16,0.02,16.08,9.66
2011-01-17,0.1,16.11,10.47
2011-01-18,0.0,13.49,14.95
2011-01-19,0.0,13.98,15.68
2011-01-20,0.0,15.37,16.67
2011-01-21,0.0,14.7,16.5
2011-01-22,0.0,15.26,17.31
2011-01-23,0.0,15.67,17.02
2011-01-24,0.0,16.24,16.88
2011-01-25,0.0,18.02,17.26
2011-01-26,0.0,18.36,17.94
2011-01-27,0.0,18.91,14.38
2011-01-28,0.0,17.81,16.47
2011-01-29,0.0,16.8,18.49
2011-01-30,0.0,17.73,17.03
2011-01-31,0.0,19.16,15.02
2011-02-01,0.0,19.16,15.84
2011-02-02,0.0,17.63,17.65
2011-02-03,0.0,19.11,18.81
2011-02-04,0.0,20.15,19.51
2011-02-05,0.0,20.18,19.85
2011-02-06,0.0,20.27,19.5
2011-02-07,0.0,20.8,19.11
2011-02-08,0.0,20.24,17.36
2011-02-09,0.0,21.14,17.79
2011-02-10,0.0,20.69,20.33
2011-02-11,0.0,19.79,20.55
2011-02-12,0.0,19.88,20.19
2011-02-13,0.0,19.73,19.03
2011-02-14,0.0,20.06,17.76
2011-02-15,0.0,21.57,16.75
2011-02-16,0.0,22.42,17.38
2011-02-17,3.05,21.51,16.62
2011-02-18,0.39,21.76,15.9
2011-02-19,0.0,21.99,17.81
2011-02-20,0.0,21.81,13.68
2011-02-21,0.0,21.44,7.06
2011-02-22,0.0,21.02,20.57
2011-02-23,0.0,20.81,22.31
2011-02-24,0.0,21.02,22.29
2011-02-25,0.0,21.31,22.45
2011-02-26,0.0,22.74,21.55
2011-02-27,0.0,22.71,21.6
2011-02-28,0.0,21.48,21.74
2011-03-01,0.0,21.18,23.3
2011-03-02,0.0,22.55,23.33
2011-03-03,0.0,23.64,21.95
2011-03-04,0.0,24.83,21.75
2011-03-05,0.0,26.23,21.12
2011-03-06,0.0,25.99,21.28
2011-03-07,0.0,24.33,24.09
2011-03-08,0.0,24.64,23.42
2011-03-09,0.0,25.11,23.54
2011-03-10,0.03,25.8,18.43
2011-03-11,0.0,25.92,12.45
2011-03-12,0.06,26.43,18.64
2011-03-13,0.0,27.04,22.34
2011-03-14,0.0,26.35,20.16
2011-03-15,0.0,26.11,19.63
2011-03-16,0.31,23.98,20.94
2011-03-17,0.11,24.98,21.98
2011-03-18,0.14,25.12,16.51
2011-03-19,0.12,26.3,14.2
2011-03-20,0.0,26.93,16.61
2011-03-21,0.44,27.45,18.93
2011-03-22,0.05,27.23,16.61
2011-03-23,0.0,27.63,21.75
2011-03-24,0.36,27.96,21.46
2011-03-25,0.03,28.17,19.76
2011-03-26,5.87,27.43,16.34
2011-03-27,0.94,25.68,17.74
2011-03-28,0.74,26.61,18.35
2011-03-29,2.11,26.14,16.8
2011-03-30,21.4,25.61,10.95
2011-03-31,24.12,25.58,11.95
2011-04-01,3.53,25.98,21.47
2011-04-02,7.31,25.77,22.11
2011-04-03,3.78,26.43,21.69
2011-04-04,0.72,27.42,19.65
2011-04-05,1.16,27.11,16.86
2011-04-06,0.0,28.51,24.36
2011-04-07,0.0,28.54,25.29
2011-04-08,0.0,28.22,23.24
2011-04-09,0.0,28.84,21.9
2011-04-10,0.0,27.57,15.87
2011-04-11,0.05,29.16,21.03
2011-04-12,0.0,29.94,24.49
2011-04-13,0.0,30.08,23.1
2011-04-14,1.04,29.44,19.99
2011-04-15,1.02,28.9,22.97
2011-04-16,0.92,29.35,24.18
2011-04-17,0.96,30.02,23.47
2011-04-18,0.05,30.09,21.92
2011-04-19,8.37,27.75,21.24
2011-04-20,5.43,28.42,22.15
2011-04-21,5.04,27.58,22.55
2011-04-22,1.65,28.32,19.55
2011-04-23,0.36,27.95,16.21
2011-04-24,0.58,28.73,19.65
2011-04-25,7.56,27.16,17.08
2011-04-26,3.86,27.41,18.23
2011-04-27,3.62,27.17,16.38
2011-04-28,7.48,27.31,14.54
2011-04-29,6.95,27.09,23.14
2011-04-30,1.81,28.05,22.66
2011-05-01,8.17,28.04,22.21
2011-05-02,3.95,28.61,22.44
2011-05-03,2.17,28.69,20.24
2011-05-04,16.86,28.08,14.08
2011-05-05,30.22,26.74,17.67
2011-05-06,4.67,27.72,20.46
2011-05-07,5.25,28.17,22.68
2011-05-08,1.88,28.58,20.45
2011-05-09,3.23,29.76,25.28
2011-05-10,10.29,28.9,25.0
2011-05-11,27.61,28.04,16.91
2011-05-12,3.33,28.96,20.81
2011-05-13,21.03,28.91,20.19
2011-05-14,8.44,28.1,21.2
2011-05-15,0.92,28.26,21.75
2011-05-16,0.4,28.61,20.96
2011-05-17,1.21,28.5,17.75
2011-05-18,25.1,28.39,16.39
2011-05-19,25.14,28.11,13.75
2011-05-20,4.29,27.58,20.64
2011-05-21,32.38,27.77,13.44
2011-05-22,16.18,27.71,13.28
2011-05-23,13.24,28.54,10.06
2011-05-24,22.46,28.4,17.58
2011-05-25,10.12,28.37,15.81
2011-05-26,4.17,27.79,23.55
2011-05-27,1.33,26.98,17.0
2011-05-28,1.87,27.75,22.48
2011-05-29,22.74,26.98,18.18
2011-05-30,19.79,27.15,13.8
2011-05-31,23.61,27.6,14.13
2011-06-01,10.16,26.83,21.45
2011-06-02,7.03,26.95,11.99
2011-06-03,5.75,27.91,22.0
2011-06-04,2.92,27.95,18.93
2011-06-05,1.68,28.24,21.32
2011-06-06,1.32,28.49,23.98
2011-06-07,28.03,27.44,20.07
2011-06-08,27.64,26.26,12.57
2011-06-09,7.83,27.87,8.05
2011-06-10,1.16,28.2,12.7
2011-06-11,4.66,27.93,10.27
2011-06-12,4.6,28.19,21.81
2011-06-13,4.18,28.89,20.5
2011-06-14,6.84,27.05,16.15
2011-06-15,15.5,27.94,21.16
2011-06-16,17.05,27.29,11.5
2011-06-17,34.27,27.69,9.63
2011-06-18,7.39,27.62,12.31
2011-06-19,1.26,28.08,19.8
2011-06-20,1.05,28.47,19.92
2011-06-21,0.11,28.35,19.64
2011-06-22,0.26,28.29,14.66
2011-06-23,1.09,29.0,18.0
2011-06-24,3.14,29.18,9.75
2011-06-25,7.73,28.81,14.42
2011-06-26,14.09,27.87,15.04
2011-06-27,16.61,27.41,13.7
2011-06-28,30.93,27.3,12.32
2011-06-29,26.26,27.63,8.87
2011-06-30,51.9,27.52,8.6
2011-07-01,49.66,27.93,5.75
2011-07-02,28.01,27.53,10.75
2011-07-03,6.3,27.14,11.12
2011-07-04,8.44,26.7,15.52
2011-07-05,1.14,27.3,20.55
2011-07-06,3.0,27.24,20.35
2011-07-07,12.67,27.3,15.3
2011-07-08,10.75,27.63,18.93
2011-07-09,3.06,27.98,18.18
2011-07-10,0.47,28.48,22.46
2011-07-11,0.82,28.39,18.91
2011-07-12,2.77,28.11,15.34
2011-07-13,2.01,28.04,17.45
2011-07-14,4.23,27.73,18.69
2011-07-15,9.41,27.38,16.98
2011-07-16,2.1,27.65,15.13
2011-07-17,0.53,27.73,18.79
2011-07-18,10.31,27.85,11.81
2011-07-19,18.67,28.04,15.27
2011-07-20,16.84,27.92,12.69
2011-07-21,34.14,27.47,11.87
2011-07-22,12.38,27.15,13.33
2011-07-23,2.45,26.92,19.03
2011-07-24,0.47,27.68,18.51
2011-07-25,3.74,27.83,17.51
2011-07-26,1.74,27.99,16.11
2011-07-27,0.75,27.97,20.58
2011-07-28,0.49,28.44,20.46
2011-07-29,0.56,28.21,19.84
2011-07-30,3.88,28.48,21.19
2011-07-31,1.26,29.29,21.17
2011-08-01,1.75,30.06,18.16
2011-08-02,6.21,29.93,11.03
2011-08-03,17.04,28.59,14.71
2011-08-04,22.42,28.17,12.87
2011-08-05,38.3,27.5,10.95
2011-08-06,37.61,28.28,18.49
2011-08-07,32.34,27.72,11.51
2011-08-08,26.15,27.36,8.85
2011-08-09,55.63,27.05,7.68
2011-08-10,24.99,26.91,7.8
2011-08-11,2.57,27.28,16.98
2011-08-12,3.38,26.59,21.28
2011-08-13,9.3,26.82,11.87
2011-08-14,7.39,27.0,19.58
2011-08-15,10.15,27.06,12.58
2011-08-16,69.53,26.22,8.4
2011-08-17,30.04,25.41,8.48
2011-08-18,3.69,26.11,18.12
2011-08-19,14.33,26.45,20.82
2011-08-20,16.63,27.4,18.67
2011-08-21,18.14,26.54,13.83
2011-08-22,11.24,27.52,19.3
2011-08-23,11.44,27.28,17.46
2011-08-24,6.01,26.85,9.05
2011-08-25,2.45,26.55,19.77
2011-08-26,2.13,26.68,19.44
2011-08-27,1.74,27.2,20.36
2011-08-28,0.84,26.81,22.89
2011-08-29,0.87,27.72,22.23
2011-08-30,1.04,27.32,23.13
2011-08-31,1.43,26.84,21.45
2011-09-01,1.15,27.15,19.04
2011-09-02,5.14,26.39,17.75
2011-09-03,1.01,27.22,18.84
2011-09-04,0.98,27.19,21.22
2011-09-05,3.08,27.88,20.23
2011-09-06,11.77,27.03,16.69
2011-09-07,26.1,26.54,8.66
2011-09-08,11.1,26.91,14.86
2011-09-09,1.72,27.33,19.93
2011-09-10,0.77,27.45,20.08
2011-09-11,3.69,28.17,20.61
2011-09-12,0.97,28.86,21.8
2011-09-13,4.06,29.13,16.66
2011-09-14,14.68,26.91,14.89
2011-09-15,19.22,26.59,14.8
2011-09-16,58.47,26.82,7.33
2011-09-17,24.93,26.74,4.21
2011-09-18,4.8,26.99,15.87
2011-09-19,2.93,27.62,19.23
2011-09-20,7.3,27.43,15.88
2011-09-21,4.14,26.88,17.79
2011-09-22,2.53,27.07,18.56
2011-09-23,4.47,26.8,14.88
2011-09-24,1.7,27.06,16.96
2011-09-25,0.9,27.2,19.82
2011-09-26,1.78,27.07,16.19
2011-09-27,9.66,26.99,16.49
2011-09-28,1.46,27.82,16.8
2011-09-29,2.74,28.04,17.85
2011-09-30,0.78,28.03,16.55
2011-10-01,0.15,28.25,17.17
2011-10-02,3.91,27.74,17.41
2011-10-03,14.64,27.62,17.04
2011-10-04,5.31,27.26,18.61
2011-10-05,5.24,27.64,20.85
2011-10-06,2.87,28.45,20.35
2011-10-07,6.01,27.96,18.84
2011-10-08,4.18,28.27,19.94
2011-10-09,1.1,28.32,20.47
2011-10-10,0.53,27.9,19.83
2011-10-11,0.12,27.92,19.75
2011-10-12,0.0,26.69,21.18
2011-10-13,0.0,25.86,21.79
2011-10-14,0.0,26.28,21.22
2011-10-15,0.0,27.11,19.7
2011-10-16,0.0,27.04,20.35
2011-10-17,0.27,26.27,19.34
2011-10-18,0.56,25.22,13.64
2011-10-19,0.4,25.08,12.93
2011-10-20,0.0,25.44,18.85
2011-10-21,1.97,25.55,16.3
2011-10-22,9.82,25.13,12.36
2011-10-23,1.58,25.6,18.59
2011-10-24,0.0,25.17,20.32
2011-10-25,0.0,24.98,20.23
2011-10-26,0.0,25.14,15.34
2011-10-27,0.0,25.33,18.97
2011-10-28,0.0,24.34,19.64
2011-10-29,0.0,24.42,19.9
2011-10-30,0.0,24.27,19.75
2011-10-31,0.0,24.09,18.79
2011-11-01,0.0,23.69,18.4
2011-11-02,0.0,23.58,18.98
2011-11-03,0.0,22.94,17.6
2011-11-04,0.0,22.51,18.76
2011-11-05,0.0,23.03,19.27
2011-11-06,0.0,23.24,17.69
2011-11-07,0.0,22.09,17.41
2011-11-08,0.0,22.51,19.14
2011-11-09,0.0,23.29,19.17
2011-11-10,0.0,22.68,19.23
2011-11-11,0.0,22.69,19.01
2011-11-12,0.0,22.45,17.83
2011-11-13,0.0,22.51,17.06
2011-11-14,0.0,23.27,17.15
2011-11-15,0.0,23.21,17.0
2011-11-16,0.0,22.98,15.33
2011-11-17,0.0,21.86,15.27
2011-11-18,0.0,21.46,15.83
2011-11-19,0.0,21.51,16.94
2011-11-20,0.0,22.14,17.22
2011-11-21,0.0,21.93,17.37
2011-11-22,0.0,22.6,18.01
2011-11-23,0.0,22.3,17.65
2011-11-24,0.0,22.2,17.46
2011-11-25,0.0,21.78,17.42
2011-11-26,0.0,21.13,17.53
2011-11-27,0.0,20.55,16.17
2011-11-28,0.0,20.29,15.92
2011-11-29,0.0,20.17,15.64
2011-11-30,0.0,19.88,15.54
2011-12-01,0.0,21.79,16.25
2011-12-02,0.0,21.86,15.3
2011-12-03,0.0,21.28,14.18
2011-12-04,0.0,21.24,12.19
2011-12-05,0.0,21.64,13.87
2011-12-06,0.0,21.39,15.36
2011-12-07,0.0,21.68,16.33
2011-12-08,0.0,21.38,16.47
2011-12-09,0.0,20.8,16.43
2011-12-10,0.0,20.62,14.61
2011-12-11,0.0,19.61,11.5
2011-12-12,0.0,18.88,14.71
2011-12-13,0.0,17.26,13.75
2011-12-14,0.0,16.92,14.23
2011-12-15,0.0,16.52,13.96
2011-12-16,0.0,16.36,11.77
2011-12-17,0.0,16.11,10.36
2011-12-18,0.04,15.97,7.6
2011-12-19,0.0,16.16,10.55
2011-12-20,0.0,15.97,8.44
2011-12-21,0.0,16.13,7.61
2011-12-22,0.02,15.89,7.89
2011-12-23,0.0,15.56,9.85
2011-12-24,0.0,16.87,5.86
2011-12-25,0.0,18.35,11.89
2011-12-26,0.0,18.81,15.74
2011-12-27,0.0,20.35,15.48
2011-12-28,0.0,21.32,12.75
2011-12-29,0.0,21.25,14.85
2011-12-30,0.0,20.2,16.33
2011-12-31,0.0,18.96,16.46
2012-01-01,0.01,20.09,15.56
2012-01-02,1.47,20.86,4.17
2012-01-03,0.44,19.74,11.13
2012-01-04,0.0,18.93,11.96
2012-01-05,0.06,18.95,13.45
2012-01-06,0.25,19.11,8.85
2012-01-07,0.08,19.04,8.91
2012-01-08,1.52,19.71,8.24
2012-01-09,3.99,20.11,3.8
2012-01-10,0.39,20.13,7.96
2012-01-11,0.01,19.76,13.43
2012-01-12,0.0,16.96,11.28
2012-01-13,0.0,14.13,14.21
2012-01-14,0.0,14.28,15.08
2012-01-15,0.0,14.66,17.0
2012-01-16,0.0,16.09,16.97
2012-01-17,0.0,17.97,15.78
2012-01-18,0.0,18.59,11.9
2012-01-19,0.12,20.48,14.34
2012-01-20,0.01,19.03,13.87
2012-01-21,0.0,19.41,11.28
2012-01-22,0.0,16.13,16.39
2012-01-23,0.0,15.37,17.53
2012-01-24,0.0,15.47,16.82
2012-01-25,0.0,15.62,16.96
2012-01-26,0.0,16.75,17.81
2012-01-27,0.0,17.54,16.49
2012-01-28,0.0,17.34,17.86
2012-01-29,0.0,16.9,18.07
2012-01-30,0.0,17.99,17.01
2012-01-31,0.0,17.22,18.49
2012-02-01,0.0,17.25,18.43
2012-02-02,0.0,16.41,18.75
2012-02-03,0.0,16.85,19.48
2012-02-04,0.0,18.45,19.06
2012-02-05,0.0,19.82,19.05
2012-02-06,0.0,20.91,18.41
2012-02-07,0.0,21.58,18.5
2012-02-08,0.0,22.02,15.9
2012-02-09,0.0,22.14,16.96
2012-02-10,0.0,19.66,17.87
2012-02-11,0.0,17.73,18.85
2012-02-12,0.0,17.31,20.64
2012-02-13,0.0,19.0,20.55
2012-02-14,0.0,20.48,19.97
2012-02-15,0.0,22.34,16.51
2012-02-16,0.04,23.49,12.0
2012-02-17,0.0,23.26,15.24
2012-02-18,0.0,22.73,19.0
2012-02-19,0.0,21.38,21.09
2012-02-20,0.0,21.15,20.88
2012-02-21,0.0,22.24,20.17
2012-02-22,0.0,23.4,20.57
2012-02-23,0.0,24.5,20.09
2012-02-24,0.0,25.02,21.45
2012-02-25,0.0,26.12,22.39
2012-02-26,0.0,25.69,21.86
2012-02-27,0.0,23.77,22.66
2012-02-28,0.0,22.65,21.42
2012-02-29,12.35,22.89,15.19
2012-03-01,0.03,25.11,17.82
2012-03-02,1.85,24.69,14.56
2012-03-03,0.51,25.01,17.98
2012-03-04,0.01,25.29,19.94
2012-03-05,0.0,25.51,19.48
2012-03-06,0.0,26.22,17.92
2012-03-07,0.07,26.83,17.2
2012-03-08,0.11,26.43,17.39
2012-03-09,0.0,26.56,19.23
2012-03-10,0.03,26.79,18.51
2012-03-11,0.0,26.14,22.64
2012-03-12,0.0,25.18,24.17
2012-03-13,0.0,26.26,19.46
2012-03-14,0.04,25.82,20.28
2012-03-15,0.0,25.31,20.76
2012-03-16,0.0,24.87,22.91
2012-03-17,0.03,25.14,21.73
2012-03-18,3.71,26.09,19.12
2012-03-19,0.28,27.1,18.74
2012-03-20,0.09,28.14,17.21
2012-03-21,0.0,29.0,17.77
2012-03-22,0.03,29.4,21.06
2012-03-23,0.0,28.58,20.75
2012-03-24,0.0,27.36,23.39
2012-03-25,0.0,27.56,22.55
2012-03-26,0.0,28.67,21.84
2012-03-27,0.0,28.99,21.58
2012-03-28,0.0,29.59,22.67
2012-03-29,0.0,30.07,22.59
2012-03-30,0.0,29.6,21.95
2012-03-31,0.0,29.63,20.94
2012-04-01,0.0,30.56,21.25
2012-04-02,0.0,30.39,22.25
2012-04-03,0.0,30.54,22.13
2012-04-04,0.25,30.5,18.56
2012-04-05,4.69,28.55,19.08
2012-04-06,20.43,25.17,4.33
2012-04-07,6.07,25.57,11.36
2012-04-08,47.17,25.49,13.29
2012-04-09,30.62,25.97,7.62
2012-04-10,14.8,25.54,14.05
2012-04-11,11.0,25.19,23.53
2012-04-12,23.15,25.85,10.58
2012-04-13,5.59,25.22,12.73
2012-04-14,0.0,26.25,26.18
2012-04-15,4.79,26.79,25.0
2012-04-16,1.74,27.48,20.48
2012-04-17,0.58,28.27,24.48
2012-04-18,2.48,28.62,21.47
2012-04-19,3.89,28.48,20.39
2012-04-20,11.83,28.4,20.71
2012-04-21,15.79,27.58,23.4
2012-04-22,3.27,28.45,22.65
2012-04-23,0.08,29.29,19.44
2012-04-24,0.05,29.18,20.52
2012-04-25,11.76,28.69,23.5
2012-04-26,8.03,27.91,23.11
2012-04-27,2.46,28.78,19.49
2012-04-28,6.8,29.24,14.37
2012-04-29,8.57,29.42,20.36
2012-04-30,13.15,28.63,16.83
2012-05-01,25.05,27.75,14.32
2012-05-02,16.19,28.14,18.41
2012-05-03,16.3,27.75,23.68
2012-05-04,2.31,27.09,10.28
2012-05-05,0.01,27.42,26.67
2012-05-06,0.0,29.61,26.33
2012-05-07,0.0,29.92,26.56
2012-05-08,0.0,29.15,25.19
2012-05-09,0.2,29.04,23.9
2012-05-10,0.02,29.18,22.98
2012-05-11,0.85,28.95,24.09
2012-05-12,3.14,28.68,20.52
2012-05-13,3.67,28.34,17.3
2012-05-14,1.68,29.38,19.41
2012-05-15,5.82,29.19,15.55
2012-05-16,3.83,28.35,16.36
2012-05-17,3.34,29.24,19.83
2012-05-18,5.02,28.69,22.75
2012-05-19,11.36,28.57,11.35
2012-05-20,7.11,28.83,13.33
2012-05-21,3.23,28.08,23.26
2012-05-22,0.04,29.53,22.21
2012-05-23,1.1,29.73,20.43
2012-05-24,3.25,29.12,21.12
2012-05-25,2.78,29.58,21.41
2012-05-26,3.71,29.31,21.17
2012-05-27,9.41,28.91,20.53
2012-05-28,7.14,29.03,21.12
2012-05-29,5.71,29.69,21.35
2012-05-30,10.61,29.27,19.92
2012-05-31,18.24,27.98,14.62
2012-06-01,12.63,28.28,3.95
2012-06-02,11.67,28.27,15.23
2012-06-03,7.67,29.07,17.3
2012-06-04,24.21,29.24,16.83
2012-06-05,15.15,28.35,16.32
2012-06-06,3.43,28.01,16.17
2012-06-07,9.76,28.78,15.26
2012-06-08,3.2,29.33,21.85
2012-06-09,0.14,29.04,18.27
2012-06-10,1.09,28.57,17.71
2012-06-11,1.24,28.72,22.03
2012-06-12,0.34,29.41,21.63
2012-06-13,0.75,29.13,21.41
2012-06-14,5.17,28.66,18.48
2012-06-15,40.99,28.21,4.52
2012-06-16,42.64,27.53,3.05
2012-06-17,5.58,28.08,20.07
2012-06-18,6.22,28.72,20.16
2012-06-19,13.29,28.34,18.46
2012-06-20,7.19,28.26,20.7
2012-06-21,15.93,28.55,16.56
2012-06-22,19.21,27.65,12.91
2012-06-23,30.53,27.63,8.84
2012-06-24,41.34,27.86,7.76
2012-06-25,21.1,27.42,5.56
2012-06-26,4.18,27.75,9.14
2012-06-27,2.87,27.81,8.42
2012-06-28,1.43,28.27,17.76
2012-06-29,0.0,28.75,20.19
2012-06-30,0.14,28.77,20.06
2012-07-01,13.42,28.33,23.18
2012-07-02,5.75,28.04,20.14
2012-07-03,3.23,27.93,18.41
2012-07-04,7.44,27.54,17.57
2012-07-05,7.95,28.2,18.37
2012-07-06,2.72,28.27,20.44
2012-07-07,7.39,27.95,19.73
2012-07-08,4.82,27.99,19.04
2012-07-09,14.52,27.98,18.57
2012-07-10,11.14,27.83,15.48
2012-07-11,7.42,28.14,16.51
2012-07-12,12.72,28.56,14.92
2012-07-13,31.06,28.58,18.18
2012-07-14,30.88,27.69,11.55
2012-07-15,16.56,27.74,12.01
2012-07-16,8.61,27.85,18.92
2012-07-17,15.25,28.02,16.15
2012-07-18,35.82,27.57,13.82
2012-07-19,20.74,27.89,18.28
2012-07-20,5.52,28.07,20.83
2012-07-21,3.73,28.21,19.97
2012-07-22,6.29,28.09,17.02
2012-07-23,21.57,27.92,17.15
2012-07-24,11.36,27.78,18.18
2012-07-25,0.92,28.04,19.54
2012-07-26,4.07,27.72,18.82
2012-07-27,8.88,27.76,14.14
2012-07-28,10.87,27.11,14.89
2012-07-29,9.75,27.54,15.2
2012-07-30,2.73,27.56,18.33
2012-07-31,4.29,27.35,16.75
2012-08-01,2.45,27.79,14.0
2012-08-02,2.88,27.21,12.85
2012-08-03,9.42,27.51,20.84
2012-08-04,13.14,27.67,19.23
2012-08-05,14.13,27.69,18.52
2012-08-06,7.4,27.67,18.48
2012-08-07,5.49,27.27,18.34
2012-08-08,11.54,27.95,17.41
2012-08-09,5.54,27.97,19.74
2012-08-10,4.02,27.63,17.45
2012-08-11,10.99,27.3,19.23
2012-08-12,42.89,26.9,11.46
2012-08-13,21.6,27.39,14.55
2012-08-14,4.3,27.28,19.83
2012-08-15,7.28,28.03,19.73
2012-08-16,18.24,28.1,19.3
2012-08-17,5.81,28.0,21.89
2012-08-18,0.42,27.69,21.07
2012-08-19,14.79,27.67,17.92
2012-08-20,15.71,26.71,8.15
2012-08-21,28.18,27.11,15.83
2012-08-22,16.13,27.54,20.5
2012-08-23,4.28,27.6,17.81
2012-08-24,8.62,28.21,21.45
2012-08-25,6.97,28.05,19.0
2012-08-26,1.69,26.91,14.45
2012-08-27,3.66,27.57,18.79
2012-08-28,3.53,27.8,18.04
2012-08-29,21.41,28.21,17.26
2012-08-30,10.6,27.63,17.71
2012-08-31,2.04,28.1,18.07
2012-09-01,1.84,28.13,20.21
2012-09-02,2.14,27.54,18.76
2012-09-03,3.02,27.14,15.12
2012-09-04,4.57,26.25,13.15
2012-09-05,9.33,26.15,13.73
2012-09-06,3.5,26.77,17.0
2012-09-07,0.08,28.11,22.32
2012-09-08,3.37,29.18,19.54
2012-09-09,7.94,27.44,9.95
2012-09-10,3.36,27.03,18.95
2012-09-11,12.27,26.93,14.94
2012-09-12,33.86,27.17,10.22
2012-09-13,8.91,27.03,12.62
2012-09-14,8.98,26.83,16.02
2012-09-15,15.37,26.54,19.24
2012-09-16,14.4,26.52,14.78
2012-09-17,3.51,27.11,14.56
2012-09-18,1.2,27.36,18.45
2012-09-19,1.59,27.33,17.95
2012-09-20,2.78,27.56,17.43
2012-09-21,1.3,27.37,14.77
2012-09-22,4.27,27.45,18.84
2012-09-23,3.7,27.36,15.98
2012-09-24,12.41,27.15,15.94
2012-09-25,9.78,27.19,19.52
2012-09-26,8.99,27.89,21.03
2012-09-27,0.9,28.85,20.21
2012-09-28,0.0,29.04,19.66
2012-09-29,0.0,26.7,14.87
2012-09-30,0.02,26.89,15.39
2012-10-01,2.27,27.2,16.49
2012-10-02,1.71,27.07,15.69
2012-10-03,12.14,26.96,13.04
2012-10-04,14.72,26.65,8.51
2012-10-05,11.5,26.92,5.45
2012-10-06,4.3,26.95,15.81
2012-10-07,0.0,27.14,20.1
2012-10-08,0.28,26.77,15.43
2012-10-09,3.08,27.8,18.02
2012-10-10,4.0,26.48,11.58
2012-10-11,10.42,25.34,5.85
2012-10-12,1.56,26.58,11.03
2012-10-13,0.68,26.77,9.98
2012-10-14,0.38,25.66,14.92
2012-10-15,0.1,26.12,17.74
2012-10-16,0.0,25.59,19.95
2012-10-17,0.0,26.25,18.94
2012-10-18,0.0,26.62,18.99
2012-10-19,0.0,25.75,19.23
2012-10-20,0.0,24.85,19.28
2012-10-21,0.0,24.5,19.9
2012-10-22,0.0,24.25,21.25
2012-10-23,0.0,24.25,20.59
2012-10-24,0.0,23.06,20.28
2012-10-25,0.0,22.77,20.64
2012-10-26,0.0,21.96,20.31
2012-10-27,0.0,21.15,20.26
2012-10-28,0.0,22.56,19.39
2012-10-29,0.0,23.92,20.02
2012-10-30,0.0,24.39,19.69
2012-10-31,0.0,25.18,19.39
2012-11-01,0.0,24.69,17.53
2012-11-02,0.52,23.41,15.54
2012-11-03,5.6,20.7,7.57
2012-11-04,8.71,22.6,6.87
2012-11-05,9.48,24.0,11.01
2012-11-06,17.4,24.81,10.16
2012-11-07,9.72,23.95,10.97
2012-11-08,0.0,22.98,13.5
2012-11-09,0.0,21.98,15.67
2012-11-10,0.0,20.49,17.25
2012-11-11,0.0,20.81,18.14
2012-11-12,0.0,21.09,17.92
2012-11-13,0.0,21.26,17.14
2012-11-14,0.0,21.96,16.6
2012-11-15,0.0,21.89,18.1
2012-11-16,0.0,22.43,17.83
2012-11-17,0.0,24.08,16.17
2012-11-18,0.0,24.54,14.39
2012-11-19,0.31,23.93,16.23
2012-11-20,0.02,23.38,13.72
2012-11-21,0.0,22.77,16.21
2012-11-22,0.0,19.86,16.48
2012-11-23,0.0,18.04,16.44
2012-11-24,0.0,17.58,17.29
2012-11-25,0.0,17.64,16.59
2012-11-26,0.0,17.34,16.42
2012-11-27,0.0,17.13,16.28
2012-11-28,0.0,16.79,16.53
2012-11-29,0.0,17.13,16.98
2012-11-30,0.0,18.01,17.05
2012-12-01,0.0,18.06,15.98
2012-12-02,0.0,17.77,16.98
2012-12-03,0.0,16.86,16.91
2012-12-04,0.0,17.51,16.82
2012-12-05,0.0,17.19,16.64
2012-12-06,0.0,17.41,15.78
2012-12-07,0.0,17.07,13.41
2012-12-08,0.0,16.77,13.66
2012-12-09,0.0,16.94,13.34
2012-12-10,0.0,18.0,12.32
2012-12-11,0.0,19.39,12.88
2012-12-12,1.41,19.36,8.59
2012-12-13,0.0,20.49,14.55
2012-12-14,0.0,19.04,14.54
2012-12-15,0.0,18.52,15.95
2012-12-16,0.0,16.98,16.3
2012-12-17,0.0,16.87,15.0
2012-12-18,0.0,17.43,12.17
2012-12-19,0.0,16.87,8.33
2012-12-20,0.0,16.61,10.24
2012-12-21,0.0,15.26,14.06
2012-12-22,0.0,13.41,10.99
2012-12-23,0.0,14.6,15.24
2012-12-24,0.0,15.75,13.23
2012-12-25,0.0,15.09,7.8
2012-12-26,0.0,13.67,14.35
2012-12-27,0.0,12.8,9.75
2012-12-28,0.0,14.23,9.36
2012-12-29,0.05,15.25,12.64
2012-12-30,0.01,14.88,14.05
2012-12-31,0.15,14.72,15.34
2013-01-01,0.0,16.16,16.74
2013-01-02,0.0,16.86,16.66
2013-01-03,0.03,16.94,9.91
2013-01-04,0.0,18.26,15.11
2013-01-05,0.0,15.55,14.89
2013-01-06,0.0,14.41,15.16
2013-01-07,0.0,14.95,10.3
2013-01-08,0.0,12.7,12.6
2013-01-09,0.0,10.38,12.18
2013-01-10,0.0,12.12,12.85
2013-01-11,0.0,13.33,13.19
2013-01-12,0.0,13.72,15.45
2013-01-13,0.0,15.39,16.46
2013-01-14,0.0,16.88,16.66
2013-01-15,0.0,17.31,17.28
2013-01-16,0.0,17.79,17.07
2013-01-17,0.0,19.06,16.56
2013-01-18,0.0,19.76,16.77
2013-01-19,0.0,19.87,17.21
2013-01-20,0.0,20.06,16.22
2013-01-21,0.0,17.76,15.24
2013-01-22,0.0,15.72,17.55
2013-01-23,0.0,15.25,18.49
2013-01-24,0.0,14.46,18.74
2013-01-25,0.0,13.49,18.38
2013-01-26,0.0,13.18,18.8
2013-01-27,0.0,14.12,17.9
2013-01-28,0.0,16.15,14.35
2013-01-29,0.0,16.97,18.36
2013-01-30,0.0,16.51,17.93
2013-01-31,0.0,17.79,17.53
2013-02-01,0.0,17.71,12.96
2013-02-02,0.0,18.24,18.33
2013-02-03,0.0,18.76,17.18
2013-02-04,0.0,20.34,18.48
2013-02-05,0.0,21.84,19.28
2013-02-06,0.0,22.89,19.77
2013-02-07,0.0,23.12,17.75
2013-02-08,0.0,21.86,15.9
2013-02-09,0.0,19.85,18.42
2013-02-10,0.0,18.75,19.91
2013-02-11,0.0,19.33,21.07
2013-02-12,0.0,19.58,18.06
2013-02-13,0.0,20.47,12.7
2013-02-14,0.0,21.44,20.07
2013-02-15,0.0,21.86,21.06
2013-02-16,0.0,22.27,16.79
2013-02-17,0.85,22.2,7.26
2013-02-18,4.77,20.28,16.83
2013-02-19,0.0,19.4,21.23
2013-02-20,0.0,20.03,21.33
2013-02-21,0.0,20.89,22.16
2013-02-22,0.0,22.33,22.25
2013-02-23,0.0,23.43,21.92
2013-02-24,0.0,24.25,21.96
2013-02-25,0.0,24.31,21.47
2013-02-26,0.0,24.19,22.18
2013-02-27,0.0,23.44,22.42
2013-02-28,0.0,23.77,22.52
2013-03-01,0.0,22.88,23.23
2013-03-02,0.0,22.64,22.05
2013-03-03,0.0,23.77,22.77
2013-03-04,0.0,24.78,22.81
2013-03-05,0.0,24.84,22.52
2013-03-06,0.0,24.71,22.42
2013-03-07,0.0,24.94,22.36
2013-03-08,0.0,25.71,20.3
2013-03-09,0.0,25.14,21.32
2013-03-10,0.0,25.18,22.06
2013-03-11,0.0,25.87,21.87
2013-03-12,0.17,26.63,19.6
2013-03-13,1.06,27.18,19.77
2013-03-14,0.45,27.42,21.04
2013-03-15,0.0,27.57,19.15
2013-03-16,0.0,29.12,19.15
2013-03-17,6.68,27.58,19.51
2013-03-18,0.24,26.27,23.2
2013-03-19,0.0,26.62,22.17
2013-03-20,0.0,27.61,22.53
2013-03-21,0.02,28.26,21.39
2013-03-22,4.53,27.93,15.81
2013-03-23,8.57,27.43,21.29
2013-03-24,0.61,28.8,19.46
2013-03-25,0.0,29.49,19.76
2013-03-26,0.0,29.6,22.52
2013-03-27,0.0,29.64,20.09
2013-03-28,0.0,29.36,22.84
2013-03-29,0.0,29.65,17.52
2013-03-30,0.0,29.9,17.75
2013-03-31,2.0,29.67,18.22
2013-04-01,6.07,28.98,19.74
2013-04-02,2.83,29.6,21.92
2013-04-03,0.23,30.64,20.35
2013-04-04,0.13,31.56,20.14
2013-04-05,0.0,30.92,25.58
2013-04-06,0.0,29.55,25.19
2013-04-07,0.0,29.55,23.94
2013-04-08,0.0,30.37,24.31
2013-04-09,0.0,30.74,23.92
2013-04-10,0.0,30.62,23.17
2013-04-11,0.0,30.61,22.78
2013-04-12,0.0,30.95,21.49
2013-04-13,0.0,31.47,20.81
2013-04-14,0.05,31.36,13.98
2013-04-15,6.14,29.05,19.24
2013-04-16,12.26,27.86,15.19
2013-04-17,5.93,27.64,16.6
2013-04-18,0.32,28.71,14.62
2013-04-19,1.8,27.53,22.79
2013-04-20,0.98,28.17,22.52
2013-04-21,0.21,28.02,20.6
2013-04-22,0.14,28.63,7.93
2013-04-23,0.09,29.58,26.05
2013-04-24,0.08,30.05,25.96
2013-04-25,0.0,31.1,23.68
2013-04-26,1.7,31.53,20.85
2013-04-27,11.33,29.51,16.64
2013-04-28,4.85,29.84,17.2
2013-04-29,7.31,30.56,18.04
2013-04-30,3.47,31.12,20.44
2013-05-01,0.85,31.21,19.13
2013-05-02,0.38,30.98,16.72
2013-05-03,4.88,30.91,20.04
2013-05-04,39.37,28.42,10.15
2013-05-05,31.1,26.63,12.23
2013-05-06,51.32,27.09,7.47
2013-05-07,31.76,27.02,11.15
2013-05-08,29.93,28.02,10.05
2013-05-09,25.0,28.51,11.74
2013-05-10,21.89,27.94,18.31
2013-05-11,10.11,28.27,20.16
2013-05-12,6.41,28.36,18.68
2013-05-13,5.41,27.07,18.95
2013-05-14,1.49,27.27,16.87
2013-05-15,40.7,26.7,13.25
2013-05-16,52.2,25.47,5.1
2013-05-17,1.61,27.31,20.08
2013-05-18,7.18,27.82,16.74
2013-05-19,3.69,28.11,21.03
2013-05-20,21.95,27.72,13.01
2013-05-21,30.04,26.71,6.52
2013-05-22,17.04,27.09,8.13
2013-05-23,19.0,27.22,5.09
2013-05-24,15.62,27.14,8.0
2013-05-25,2.64,27.66,14.01
2013-05-26,0.33,27.77,21.14
2013-05-27,5.81,27.67,17.45
2013-05-28,6.98,27.34,17.79
2013-05-29,12.77,27.51,17.31
2013-05-30,15.35,26.89,15.28
2013-05-31,14.88,26.87,13.64
2013-06-01,2.49,27.98,20.15
2013-06-02,0.35,28.22,23.96
2013-06-03,0.07,28.82,22.29
2013-06-04,1.66,28.17,22.01
2013-06-05,2.33,28.15,15.46
2013-06-06,7.35,27.78,20.43
2013-06-07,19.01,27.31,13.32
2013-06-08,13.55,27.44,15.63
2013-06-09,2.94,27.79,17.79
2013-06-10,0.19,28.17,19.56
2013-06-11,1.24,27.79,22.58
2013-06-12,5.46,28.18,23.39
2013-06-13,4.91,28.19,18.17
2013-06-14,5.83,27.74,21.28
2013-06-15,0.92,28.46,25.04
2013-06-16,0.09,29.1,24.07
2013-06-17,0.01,28.38,22.28
2013-06-18,0.03,28.87,23.84
2013-06-19,8.74,28.74,21.7
2013-06-20,7.22,28.62,16.14
2013-06-21,28.4,28.09,20.82
2013-06-22,14.33,28.99,21.03
2013-06-23,32.63,28.75,22.92
2013-06-24,22.93,28.24,22.12
2013-06-25,25.22,28.08,11.28
2013-06-26,26.61,28.29,14.12
2013-06-27,37.76,28.06,8.77
2013-06-28,36.84,28.01,13.3
2013-06-29,30.4,27.83,10.51
2013-06-30,4.94,28.39,13.07
2013-07-01,0.48,28.37,18.6
2013-07-02,3.73,27.58,19.26
2013-07-03,9.41,28.01,17.86
2013-07-04,2.91,27.55,17.28
2013-07-05,3.24,27.91,19.35
2013-07-06,4.01,27.4,13.69
2013-07-07,4.22,27.99,15.95
2013-07-08,2.32,28.08,20.26
2013-07-09,3.18,27.66,15.07
2013-07-10,2.38,28.04,22.11
2013-07-11,2.75,27.46,19.83
2013-07-12,5.12,27.13,18.16
2013-07-13,4.11,27.23,16.68
2013-07-14,1.1,28.03,18.77
2013-07-15,3.33,27.94,21.94
2013-07-16,10.31,28.55,20.46
2013-07-17,6.55,27.95,19.56
2013-07-18,3.51,27.58,18.59
2013-07-19,8.06,27.97,18.32
2013-07-20,4.14,28.04,20.96
2013-07-21,2.46,28.44,23.3
2013-07-22,0.92,28.76,22.81
2013-07-23,2.13,28.32,19.72
2013-07-24,0.6,28.11,20.05
2013-07-25,2.55,28.33,18.8
2013-07-26,32.05,27.81,13.95
2013-07-27,61.57,27.09,7.28
2013-07-28,41.54,27.2,10.74
2013-07-29,2.6,27.8,19.16
2013-07-30,1.7,27.47,18.79
2013-07-31,10.22,27.36,17.9
2013-08-01,5.62,27.51,19.3
2013-08-02,1.61,27.32,20.98
2013-08-03,11.98,28.49,21.88
2013-08-04,4.91,27.85,14.32
2013-08-05,0.76,27.3,14.97
2013-08-06,17.59,26.97,18.04
2013-08-07,29.39,27.54,12.79
2013-08-08,6.77,27.54,18.45
2013-08-09,2.84,27.54,21.16
2013-08-10,14.53,27.53,17.77
2013-08-11,13.08,26.59,15.69
2013-08-12,4.45,27.4,16.05
2013-08-13,1.34,27.66,19.96
2013-08-14,6.78,27.44,17.1
2013-08-15,17.59,27.45,11.68
2013-08-16,14.29,26.97,12.99
2013-08-17,5.45,27.32,17.89
2013-08-18,5.69,26.95,17.02
2013-08-19,9.63,27.15,17.65
2013-08-20,9.0,26.92,11.4
2013-08-21,8.49,27.11,17.92
2013-08-22,0.82,27.42,18.23
2013-08-23,5.84,27.88,21.66
2013-08-24,2.26,28.17,18.94
2013-08-25,0.13,28.5,18.11
2013-08-26,2.95,27.59,14.12
2013-08-27,18.94,27.34,14.6
2013-08-28,19.68,26.84,12.28
2013-08-29,7.16,27.6,11.31
2013-08-30,13.43,27.59,14.2
2013-08-31,18.96,27.86,16.88
2013-09-01,8.67,28.04,16.08
2013-09-02,18.63,27.26,15.73
2013-09-03,9.07,27.28,12.78
2013-09-04,12.38,27.76,10.01
2013-09-05,9.76,27.51,7.11
2013-09-06,1.42,27.77,18.26
2013-09-07,10.8,26.65,18.36
2013-09-08,13.26,26.64,11.02
2013-09-09,11.14,26.12,13.57
2013-09-10,3.02,26.97,13.54
2013-09-11,2.31,26.79,19.11
2013-09-12,0.38,28.51,21.89
2013-09-13,10.62,28.62,22.15
2013-09-14,8.01,27.28,13.34
2013-09-15,10.85,27.53,20.39
2013-09-16,9.94,27.24,17.65
2013-09-17,8.15,28.02,17.98
2013-09-18,8.86,26.83,20.03
2013-09-19,0.84,27.38,20.3
2013-09-20,1.68,27.85,19.36
2013-09-21,6.41,28.14,20.06
2013-09-22,2.5,28.14,18.7
2013-09-23,1.72,28.48,19.13
2013-09-24,6.39,28.76,20.99
2013-09-25,6.82,27.39,17.79
2013-09-26,6.53,27.48,11.83
2013-09-27,6.25,27.91,15.27
2013-09-28,7.78,26.46,11.78
2013-09-29,23.83,26.06,12.0
2013-09-30,12.3,27.05,15.25
2013-10-01,1.65,27.93,17.95
2013-10-02,9.92,28.29,19.41
2013-10-03,17.59,25.79,19.81
2013-10-04,10.65,25.3,8.07
2013-10-05,13.12,25.9,10.38
2013-10-06,15.88,26.31,8.4
2013-10-07,7.37,26.4,14.3
2013-10-08,6.82,24.83,10.8
2013-10-09,0.75,24.54,13.16
2013-10-10,0.0,27.08,21.12
2013-10-11,0.0,27.48,21.12
2013-10-12,7.5,26.3,18.33
2013-10-13,4.98,26.47,17.18
2013-10-14,0.09,27.03,18.13
2013-10-15,0.71,26.9,17.08
2013-10-16,0.99,27.1,19.1
2013-10-17,0.18,27.32,19.71
2013-10-18,0.0,27.85,19.06
2013-10-19,0.95,27.66,18.65
2013-10-20,4.76,26.97,15.55
2013-10-21,17.91,25.99,9.27
2013-10-22,8.52,24.91,8.67
2013-10-23,0.59,25.08,10.18
2013-10-24,2.11,26.17,18.07
2013-10-25,12.63,24.63,6.86
2013-10-26,7.75,23.3,4.8
2013-10-27,8.67,24.08,13.82
2013-10-28,0.02,24.82,17.34
2013-10-29,0.74,24.99,18.18
2013-10-30,0.35,25.39,18.15
2013-10-31,0.0,24.59,17.85
2013-11-01,0.0,24.09,18.32
2013-11-02,0.0,23.88,17.58
2013-11-03,0.0,23.93,15.88
2013-11-04,0.0,23.13,17.66
2013-11-05,0.0,22.91,18.41
2013-11-06,0.0,23.17,19.32
2013-11-07,0.0,23.5,19.34
2013-11-08,0.0,23.58,19.17
2013-11-09,0.0,23.59,19.07
2013-11-10,0.0,23.53,19.25
2013-11-11,0.0,22.91,19.37
2013-11-12,0.0,21.89,19.27
2013-11-13,0.0,20.68,18.86
2013-11-14,0.0,21.33,18.86
2013-11-15,0.0,22.75,17.31
2013-11-16,0.0,23.29,18.33
2013-11-17,0.0,21.59,14.65
2013-11-18,0.0,21.98,17.83
2013-11-19,0.0,20.77,18.28
2013-11-20,0.0,20.26,18.06
2013-11-21,0.0,20.93,17.53
2013-11-22,0.0,21.07,18.04
2013-11-23,0.0,20.91,17.76
2013-11-24,0.0,19.75,17.19
2013-11-25,0.0,21.09,17.39
2013-11-26,0.0,21.62,17.58
2013-11-27,0.0,22.41,15.29
2013-11-28,0.0,22.12,15.29
2013-11-29,0.0,22.18,15.4
2013-11-30,0.0,21.83,15.61
2013-12-01,0.0,21.59,16.07
2013-12-02,0.0,20.87,16.35
2013-12-03,0.01,21.86,16.59
2013-12-04,0.0,22.01,15.9
2013-12-05,0.0,21.61,16.37
2013-12-06,0.0,21.41,15.66
2013-12-07,0.0,21.33,14.88
2013-12-08,0.0,20.84,13.96
2013-12-09,0.0,21.0,13.88
2013-12-10,0.0,20.91,15.51
2013-12-11,0.0,19.93,16.82
2013-12-12,0.0,18.28,16.02
2013-12-13,0.0,18.06,14.57
2013-12-14,0.0,18.64,13.2
2013-12-15,0.0,18.46,15.3
2013-12-16,0.0,18.19,17.28
2013-12-17,0.0,16.97,16.44
2013-12-18,0.0,17.09,15.45
2013-12-19,0.0,16.97,12.35
2013-12-20,1.58,17.51,10.05
2013-12-21,0.15,18.82,9.05
2013-12-22,0.0,19.29,13.8
2013-12-23,0.02,19.47,9.0
2013-12-24,0.0,19.31,12.36
2013-12-25,0.0,16.7,13.71
2013-12-26,0.0,15.31,10.77
2013-12-27,0.0,15.6,11.63
2013-12-28,0.0,16.53,10.71
2013-12-29,0.0,16.88,13.34
2013-12-30,0.0,15.85,12.64
2013-12-31,0.0,16.01,15.65
2014-01-01,0.0,16.74,16.57
2014-01-02,0.0,17.53,15.81
2014-01-03,0.0,16.05,15.48
2014-01-04,0.0,14.99,16.15
2014-01-05,0.0,15.62,14.87
2014-01-06,0.0,16.81,9.45
2014-01-07,0.04,16.32,13.35
2014-01-08,0.0,14.95,15.38
2014-01-09,0.0,14.34,13.88
2014-01-10,0.0,15.77,15.5
2014-01-11,0.0,17.69,16.49
2014-01-12,0.0,17.06,11.35
2014-01-13,0.0,18.09,16.1
2014-01-14,0.0,17.47,15.02
2014-01-15,0.0,17.5,11.26
2014-01-16,0.0,16.92,13.75
2014-01-17,0.0,17.97,14.43
2014-01-18,0.0,19.5,16.44
2014-01-19,0.0,19.77,15.22
2014-01-20,0.0,19.18,16.37
2014-01-21,0.0,17.76,15.51
2014-01-22,0.0,19.25,16.83
2014-01-23,0.0,20.13,17.71
2014-01-24,0.0,19.21,17.4
2014-01-25,0.0,19.6,17.18
2014-01-26,0.0,18.14,18.2
2014-01-27,0.0,16.99,17.96
2014-01-28,0.0,16.12,13.11
2014-01-29,0.0,18.01,16.9
2014-01-30,0.0,18.69,17.45
2014-01-31,0.0,18.8,19.19
2014-02-01,0.0,18.71,18.33
2014-02-02,0.0,18.17,19.22
2014-02-03,0.0,17.63,19.41
2014-02-04,0.0,18.43,18.65
2014-02-05,0.0,19.17,15.97
2014-02-06,0.0,20.66,15.96
2014-02-07,0.0,20.93,18.93
2014-02-08,0.0,21.56,17.29
2014-02-09,0.01,22.7,14.31
2014-02-10,0.12,22.63,15.83
2014-02-11,0.0,22.23,16.75
2014-02-12,0.0,21.45,16.81
2014-02-13,0.0,20.44,20.59
2014-02-14,0.0,20.83,19.35
2014-02-15,0.37,21.14,13.76
2014-02-16,3.47,19.06,5.8
2014-02-17,6.47,18.05,5.3
2014-02-18,0.0,17.53,20.66
2014-02-19,0.0,19.19,21.59
2014-02-20,0.0,20.64,22.15
2014-02-21,0.0,20.77,21.49
2014-02-22,0.0,21.39,21.05
2014-02-23,0.0,22.58,18.32
2014-02-24,0.0,23.05,19.43
2014-02-25,0.0,22.86,20.57
2014-02-26,0.0,22.58,21.63
2014-02-27,0.0,23.66,19.24
2014-02-28,0.03,24.04,18.08
2014-03-01,0.0,23.92,18.98
2014-03-02,0.0,24.49,20.14
2014-03-03,0.0,24.16,21.16
2014-03-04,0.0,22.57,15.02
2014-03-05,0.0,23.32,21.5
2014-03-06,0.0,23.48,22.6
2014-03-07,0.0,23.14,21.61
2014-03-08,0.0,23.26,23.37
2014-03-09,0.0,23.74,23.77
2014-03-10,0.0,23.69,21.21
2014-03-11,0.0,24.74,22.12
2014-03-12,0.0,25.41,22.13
2014-03-13,0.0,26.19,17.46
2014-03-14,0.0,27.04,20.6
2014-03-15,0.0,26.21,22.64
2014-03-16,0.0,26.2,23.02
2014-03-17,0.0,26.33,23.8
2014-03-18,0.0,26.33,22.05
2014-03-19,2.79,27.54,18.83
2014-03-20,1.37,27.19,20.69
2014-03-21,2.02,26.56,21.14
2014-03-22,6.55,26.27,21.58
2014-03-23,7.15,25.05,22.97
2014-03-24,3.66,26.22,20.84
2014-03-25,2.1,27.18,21.28
2014-03-26,0.04,28.17,22.1
2014-03-27,0.01,29.52,21.53
2014-03-28,0.0,30.23,21.54
2014-03-29,0.0,30.03,24.49
2014-03-30,0.0,30.8,25.04
2014-03-31,0.0,30.77,23.83
2014-04-01,0.0,29.98,20.67
2014-04-02,0.0,30.46,21.82
2014-04-03,11.15,28.67,20.82
2014-04-04,3.87,28.33,17.25
2014-04-05,0.16,28.75,21.91
2014-04-06,0.45,28.44,15.21
2014-04-07,4.97,28.71,17.84
2014-04-08,3.54,29.52,19.44
2014-04-09,3.01,29.72,18.12
2014-04-10,1.4,29.22,21.48
2014-04-11,0.0,29.79,24.84
2014-04-12,0.0,30.14,24.72
2014-04-13,0.0,30.43,24.32
2014-04-14,0.0,31.18,24.7
2014-04-15,0.0,31.4,22.49
2014-04-16,0.0,31.86,23.15
2014-04-17,0.0,32.09,20.72
2014-04-18,0.01,32.18,23.72
2014-04-19,4.79,31.96,22.76
2014-04-20,0.89,33.35,25.07
2014-04-21,0.0,32.99,25.43
2014-04-22,0.0,32.8,26.52
2014-04-23,0.0,32.78,24.89
2014-04-24,0.0,33.37,24.36
2014-04-25,2.16,33.48,22.64
2014-04-26,1.1,32.75,23.62
2014-04-27,2.33,32.67,23.92
2014-04-28,2.45,31.56,15.47
2014-04-29,5.99,30.89,22.2
2014-04-30,3.28,30.91,25.24
2014-05-01,3.78,29.96,21.95
2014-05-02,2.67,28.84,19.0
2014-05-03,1.76,29.1,18.07
2014-05-04,1.54,29.64,24.24
2014-05-05,0.21,29.32,15.39
2014-05-06,0.11,31.14,22.22
2014-05-07,27.23,30.16,16.67
2014-05-08,27.03,28.57,14.55
2014-05-09,12.38,30.05,20.9
2014-05-10,10.06,30.15,16.74
2014-05-11,3.85,29.5,7.64
2014-05-12,2.21,29.69,21.85
2014-05-13,5.87,30.52,22.76
2014-05-14,2.79,30.04,20.69
2014-05-15,5.97,30.46,20.02
2014-05-16,1.75,31.21,23.05
2014-05-17,0.89,31.37,23.27
2014-05-18,0.28,32.2,22.34
2014-05-19,0.0,32.79,22.65
2014-05-20,0.0,32.61,24.05
2014-05-21,0.0,32.23,24.21
2014-05-22,0.01,32.69,23.01
2014-05-23,0.18,31.9,21.8
2014-05-24,12.39,29.73,15.61
2014-05-25,31.23,28.17,19.57
2014-05-26,8.8,28.64,23.66
2014-05-27,7.61,28.86,19.2
2014-05-28,17.92,29.33,17.04
2014-05-29,9.02,29.22,20.1
2014-05-30,42.44,28.6,12.55
2014-05-31,43.54,27.87,14.19
2014-06-01,6.45,28.29,11.51
2014-06-02,8.87,28.31,20.0
2014-06-03,5.26,28.69,20.05
2014-06-04,1.71,29.52,18.59
2014-06-05,0.2,29.41,16.11
2014-06-06,0.0,29.83,22.24
2014-06-07,0.0,29.68,20.19
2014-06-08,0.24,29.54,20.17
2014-06-09,0.27,29.54,18.25
2014-06-10,57.48,29.3,19.31
2014-06-11,66.8,29.04,15.41
2014-06-12,14.17,29.3,21.45
2014-06-13,9.89,29.0,12.49
2014-06-14,2.16,29.29,22.95
2014-06-15,8.05,28.87,18.48
2014-06-16,8.07,28.89,14.8
2014-06-17,15.6,29.08,19.92
2014-06-18,20.72,28.02,14.68
2014-06-19,13.5,28.55,12.66
2014-06-20,36.21,27.96,8.63
2014-06-21,73.71,27.86,3.56
2014-06-22,54.13,28.09,4.35
2014-06-23,43.65,28.25,6.34
2014-06-24,6.58,27.34,14.8
2014-06-25,6.4,28.51,21.98
2014-06-26,16.54,27.77,14.85
2014-06-27,3.64,28.17,15.11
2014-06-28,12.14,28.16,16.92
2014-06-29,23.4,28.29,10.5
2014-06-30,11.27,28.58,21.05
2014-07-01,4.13,28.33,21.07
2014-07-02,8.88,27.75,19.1
2014-07-03,17.84,26.95,10.35
2014-07-04,22.17,27.66,12.0
2014-07-05,27.81,28.33,10.39
2014-07-06,9.99,28.47,19.4
2014-07-07,1.35,28.17,20.51
2014-07-08,1.75,28.38,18.41
2014-07-09,3.68,28.58,21.84
2014-07-10,3.14,28.55,20.38
2014-07-11,7.88,29.15,21.56
2014-07-12,1.43,29.63,21.88
2014-07-13,2.91,28.9,21.26
2014-07-14,2.98,28.46,20.84
2014-07-15,2.79,28.39,19.81
2014-07-16,6.15,27.99,16.5
2014-07-17,5.84,28.02,18.49
2014-07-18,2.73,28.37,19.38
2014-07-19,1.19,28.68,19.34
2014-07-20,9.58,28.81,18.34
2014-07-21,18.85,27.8,10.74
2014-07-22,3.29,27.42,17.96
2014-07-23,3.78,26.89,19.83
2014-07-24,4.59,27.5,21.47
2014-07-25,3.93,28.11,21.0
2014-07-26,16.51,28.67,20.65
2014-07-27,21.11,27.9,18.02
2014-07-28,10.67,28.61,18.91
2014-07-29,1.54,27.68,19.22
2014-07-30,0.89,28.51,20.39
2014-07-31,5.53,28.55,19.11
2014-08-01,2.46,28.32,20.07
2014-08-02,1.09,28.38,21.11
2014-08-03,1.21,27.28,20.39
2014-08-04,10.92,27.41,14.54
2014-08-05,18.32,27.99,14.76
2014-08-06,7.3,27.52,19.27
2014-08-07,4.99,27.89,18.67
2014-08-08,5.55,28.64,20.52
2014-08-09,2.38,28.14,21.51
2014-08-10,3.87,27.77,16.79
2014-08-11,11.28,27.62,17.44
2014-08-12,22.82,28.1,15.66
2014-08-13,58.06,28.31,7.22
2014-08-14,61.95,27.61,2.88
2014-08-15,25.62,27.72,5.67
2014-08-16,22.23,27.13,10.47
2014-08-17,8.59,27.19,13.49
2014-08-18,9.55,27.73,19.82
2014-08-19,10.75,27.83,13.36
2014-08-20,17.27,27.29,14.57
2014-08-21,7.63,27.74,13.68
2014-08-22,8.63,27.17,11.02
2014-08-23,6.78,27.38,15.61
2014-08-24,8.94,27.66,17.6
2014-08-25,6.21,27.52,15.2
2014-08-26,3.77,27.54,17.98
2014-08-27,17.12,27.39,19.0
2014-08-28,23.34,27.54,18.82
2014-08-29,4.62,27.99,22.94
2014-08-30,6.1,27.06,14.44
2014-08-31,12.36,26.4,19.95
2014-09-01,2.48,26.88,20.11
2014-09-02,0.91,27.15,21.99
2014-09-03,3.39,27.54,19.68
2014-09-04,3.79,27.32,17.59
2014-09-05,2.7,27.74,19.83
2014-09-06,0.62,27.68,22.57
2014-09-07,7.95,27.26,19.95
2014-09-08,4.16,27.19,19.22
2014-09-09,3.16,27.38,15.59
2014-09-10,1.07,27.35,21.9
2014-09-11,0.95,27.5,16.15
2014-09-12,6.97,27.23,18.51
2014-09-13,4.77,27.42,18.98
2014-09-14,5.15,27.72,18.92
2014-09-15,5.7,27.58,15.49
2014-09-16,1.01,28.08,22.32
2014-09-17,0.01,28.28,20.75
2014-09-18,19.16,27.82,14.98
2014-09-19,35.25,26.89,14.89
2014-09-20,39.36,26.67,7.22
2014-09-21,28.9,26.94,10.22
2014-09-22,56.15,27.23,7.19
2014-09-23,32.01,26.85,3.62
2014-09-24,3.88,26.99,16.37
2014-09-25,10.12,26.33,15.98
2014-09-26,13.8,26.42,11.28
2014-09-27,4.34,27.22,17.39
2014-09-28,0.11,27.58,22.13
2014-09-29,0.05,27.53,20.3
2014-09-30,0.03,28.25,21.16
2014-10-01,0.01,28.16,19.93
2014-10-02,2.67,28.71,19.35
2014-10-03,0.73,28.23,19.48
2014-10-04,0.01,28.23,20.83
2014-10-05,0.0,28.27,21.88
2014-10-06,4.95,28.55,21.41
2014-10-07,2.17,27.4,20.67
2014-10-08,0.21,27.84,21.16
2014-10-09,0.1,28.22,20.53
2014-10-10,7.03,27.4,18.92
2014-10-11,20.59,26.83,12.62
2014-10-12,11.37,25.98,16.62
2014-10-13,8.41,26.65,15.93
2014-10-14,3.04,26.25,17.92
2014-10-15,16.09,27.04,16.48
2014-10-16,1.24,26.6,15.86
2014-10-17,0.03,25.83,19.56
2014-10-18,0.0,24.66,15.28
2014-10-19,0.0,24.87,19.19
2014-10-20,0.0,24.67,20.8
2014-10-21,0.0,25.09,21.11
2014-10-22,0.0,25.31,20.57
2014-10-23,0.0,24.79,19.69
2014-10-24,0.0,24.79,19.73
2014-10-25,0.76,25.39,20.66
2014-10-26,0.11,23.91,15.19
2014-10-27,0.48,22.71,8.91
2014-10-28,2.11,22.43,5.85
2014-10-29,0.03,22.75,18.97
2014-10-30,0.0,23.31,18.81
2014-10-31,0.0,23.93,18.98
2014-11-01,0.0,24.19,19.03
2014-11-02,0.0,24.56,18.95
2014-11-03,0.0,24.06,19.02
2014-11-04,0.0,25.18,19.25
2014-11-05,0.0,25.35,16.95
2014-11-06,0.0,24.37,18.47
2014-11-07,0.0,25.45,18.35
2014-11-08,0.05,26.03,14.66
2014-11-09,0.08,26.42,15.54
2014-11-10,0.0,24.84,16.06
2014-11-11,0.0,23.39,18.08
2014-11-12,0.0,24.34,17.17
2014-11-13,0.0,24.29,16.9
2014-11-14,0.0,22.51,17.18
2014-11-15,0.0,21.82,17.31
2014-11-16,0.0,21.87,16.79
2014-11-17,0.0,22.0,16.9
2014-11-18,0.0,22.74,17.8
2014-11-19,0.0,22.3,18.06
2014-11-20,0.0,21.79,17.24
2014-11-21,0.0,21.54,16.38
2014-11-22,0.0,20.96,16.01
2014-11-23,0.0,20.97,15.67
2014-11-24,0.0,20.04,16.26
2014-11-25,0.0,19.63,17.23
2014-11-26,0.0,19.35,17.04
2014-11-27,0.0,19.86,15.79
2014-11-28,0.0,19.72,15.77
2014-11-29,0.0,20.56,15.92
2014-11-30,0.0,20.17,16.53
2014-12-01,0.0,20.53,16.51
2014-12-02,0.0,20.56,15.94
2014-12-03,0.0,20.61,15.52
2014-12-04,0.0,21.11,15.72
2014-12-05,0.0,21.17,16.7
2014-12-06,0.0,21.21,16.11
2014-12-07,0.0,19.53,15.83
2014-12-08,0.0,18.4,10.51
2014-12-09,0.0,18.97,10.8
2014-12-10,0.0,18.48,12.1
2014-12-11,1.39,17.2,11.61
2014-12-12,6.34,15.94,8.96
2014-12-13,0.0,17.31,9.39
2014-12-14,0.0,19.08,14.1
2014-12-15,0.0,20.57,9.79
2014-12-16,0.0,19.8,16.38
2014-12-17,0.0,18.06,15.52
2014-12-18,0.0,15.38,12.1
2014-12-19,0.0,16.79,14.25
2014-12-20,0.0,18.15,16.39
2014-12-21,0.0,18.57,15.62
2014-12-22,0.0,18.13,16.21
2014-12-23,0.0,18.34,16.5
2014-12-24,0.0,18.54,16.71
2014-12-25,0.0,17.67,16.54
2014-12-26,0.0,15.81,14.96
2014-12-27,0.0,14.97,11.16
2014-12-28,0.0,16.04,12.58
2014-12-29,0.0,16.58,14.3
2014-12-30,0.0,17.5,11.24
2014-12-31,0.27,18.7,6.55
2015-01-01,0.34,19.79,6.15
2015-01-02,0.03,22.61,12.16
2015-01-03,0.01,23.34,14.1
2015-01-04,0.22,22.53,11.92
2015-01-05,0.0,19.59,14.02
2015-01-06,0.0,17.3,16.29
2015-01-07,0.0,16.52,15.08
2015-01-08,0.0,17.08,14.97
2015-01-09,0.0,17.54,11.44
2015-01-10,0.0,16.66,14.78
2015-01-11,0.0,15.98,12.67
2015-01-12,0.0,16.66,12.96
2015-01-13,0.0,18.1,15.62
2015-01-14,0.0,19.11,15.63
2015-01-15,0.0,19.26,16.81
2015-01-16,0.01,19.57,14.91
2015-01-17,1.37,19.83,15.7
2015-01-18,0.01,17.37,11.5
2015-01-19,0.0,16.5,7.06
2015-01-20,0.0,16.66,11.56
2015-01-21,0.0,17.52,13.37
2015-01-22,0.0,18.69,17.44
2015-01-23,0.0,18.81,17.03
2015-01-24,0.0,19.06,17.39
2015-01-25,0.0,19.11,17.92
2015-01-26,0.0,18.31,18.39
2015-01-27,0.0,19.36,17.4
2015-01-28,0.0,21.13,17.16
2015-01-29,0.0,20.85,17.11
2015-01-30,0.0,19.29,12.68
2015-01-31,0.0,16.74,18.35
2015-02-01,0.0,16.26,19.0
2015-02-02,0.0,17.39,19.3
2015-02-03,0.0,20.09,19.72
2015-02-04,0.0,21.17,19.43
2015-02-05,0.0,22.35,17.1
2015-02-06,0.0,20.15,16.55
2015-02-07,0.0,18.71,16.73
2015-02-08,0.0,18.51,18.61
2015-02-09,0.0,19.71,18.51
2015-02-10,0.0,21.44,15.7
2015-02-11,0.0,19.99,15.61
2015-02-12,0.0,20.27,19.41
2015-02-13,0.0,20.67,18.02
2015-02-14,0.0,20.39,17.48
2015-02-15,0.63,20.59,12.04
2015-02-16,0.0,22.18,17.56
2015-02-17,0.0,22.5,19.68
2015-02-18,0.37,22.24,17.69
2015-02-19,13.66,21.97,9.33
2015-02-20,0.23,23.17,18.39
2015-02-21,0.21,23.59,18.58
2015-02-22,8.2,23.22,17.59
2015-02-23,0.0,23.77,20.16
2015-02-24,0.0,24.6,18.94
2015-02-25,0.0,24.48,18.74
2015-02-26,0.0,24.52,17.59
2015-02-27,0.0,25.05,19.5
2015-02-28,0.0,25.51,18.31
2015-03-01,0.0,27.03,18.39
2015-03-02,0.0,26.98,20.66
2015-03-03,0.05,25.38,18.31
2015-03-04,12.73,21.37,7.95
2015-03-05,0.98,23.33,18.47
2015-03-06,0.0,22.0,23.53
2015-03-07,0.0,22.27,22.67
2015-03-08,0.0,23.56,23.31
2015-03-09,0.0,24.97,23.66
2015-03-10,0.0,26.03,22.77
2015-03-11,0.0,24.3,23.52
2015-03-12,0.0,23.68,24.39
2015-03-13,0.0,24.75,23.88
2015-03-14,0.0,26.47,22.1
2015-03-15,0.0,27.82,22.34
2015-03-16,0.0,27.98,22.37
2015-03-17,0.0,27.88,22.22
2015-03-18,0.0,28.3,18.81
2015-03-19,0.0,27.97,23.29
2015-03-20,0.0,26.33,25.15
2015-03-21,0.0,26.45,24.67
2015-03-22,0.0,27.5,24.72
2015-03-23,0.0,27.79,23.51
2015-03-24,0.0,28.11,21.3
2015-03-25,0.61,28.33,18.7
2015-03-26,1.46,27.71,19.99
2015-03-27,0.0,28.35,19.94
2015-03-28,1.78,27.63,14.58
2015-03-29,0.12,28.53,19.71
2015-03-30,0.45,28.61,20.57
2015-03-31,3.75,26.33,13.44
2015-04-01,5.18,27.44,14.93
2015-04-02,28.54,26.68,17.43
2015-04-03,18.98,27.55,17.66
2015-04-04,9.8,27.76,17.63
2015-04-05,33.62,26.43,14.64
2015-04-06,22.9,26.15,14.31
2015-04-07,9.56,26.57,18.52
2015-04-08,4.69,27.17,21.15
2015-04-09,0.11,27.33,22.38
2015-04-10,0.63,28.05,22.47
2015-04-11,4.77,27.83,21.54
2015-04-12,1.8,28.14,20.2
2015-04-13,0.35,28.12,21.89
2015-04-14,0.09,27.46,21.45
2015-04-15,0.0,27.56,20.87
2015-04-16,0.0,28.4,16.48
2015-04-17,0.17,27.74,13.26
2015-04-18,17.5,26.78,18.99
2015-04-19,11.66,27.58,17.51
2015-04-20,6.97,28.16,20.52
2015-04-21,8.58,28.41,17.67
2015-04-22,18.29,27.69,17.77
2015-04-23,26.54,26.96,21.67
2015-04-24,10.24,25.77,19.46
2015-04-25,5.04,25.24,8.42
2015-04-26,1.84,25.44,13.58
2015-04-27,2.25,26.21,19.43
2015-04-28,1.21,26.35,22.3
2015-04-29,1.97,26.31,19.81
2015-04-30,5.54,27.0,18.12
2015-05-01,10.99,27.7,18.12
2015-05-02,3.0,27.06,14.36
2015-05-03,1.18,27.74,21.99
2015-05-04,0.05,28.75,23.07
2015-05-05,0.13,28.35,25.25
2015-05-06,1.58,28.1,24.15
2015-05-07,9.25,27.68,17.41
2015-05-08,5.46,27.16,18.51
2015-05-09,0.39,27.86,20.44
2015-05-10,20.51,27.73,11.12
2015-05-11,25.01,26.99,10.62
2015-05-12,5.81,27.46,12.48
2015-05-13,0.28,28.31,23.18
2015-05-14,0.09,28.99,22.23
2015-05-15,11.67,28.65,17.61
2015-05-16,7.12,27.7,19.72
2015-05-17,10.83,27.71,14.43
2015-05-18,5.83,27.88,16.65
2015-05-19,0.01,28.54,24.52
2015-05-20,0.0,29.28,23.56
2015-05-21,0.92,28.93,20.53
2015-05-22,2.14,29.72,20.42
2015-05-23,12.48,29.7,21.07
2015-05-24,29.34,27.84,14.76
2015-05-25,2.55,28.16,23.72
2015-05-26,5.06,27.99,16.86
2015-05-27,12.0,27.64,17.54
2015-05-28,5.25,27.98,19.46
2015-05-29,4.8,28.81,19.1
2015-05-30,18.01,28.48,12.8
2015-05-31,4.71,28.4,19.4
2015-06-01,0.62,28.43,21.2
2015-06-02,2.79,28.91,20.91
2015-06-03,4.55,29.03,22.58
2015-06-04,0.12,29.04,21.88
2015-06-05,2.54,29.35,20.19
2015-06-06,0.64,28.87,14.93
2015-06-07,0.28,28.47,21.99
2015-06-08,0.13,29.18,19.21
2015-06-09,1.76,29.22,19.33
2015-06-10,26.14,28.37,7.5
2015-06-11,23.85,27.83,2.15
2015-06-12,27.08,27.52,14.72
2015-06-13,17.1,27.3,8.66
2015-06-14,9.2,27.61,18.49
2015-06-15,12.03,27.01,12.75
2015-06-16,9.11,26.98,13.82
2015-06-17,1.87,27.53,17.45
2015-06-18,0.85,27.76,21.37
2015-06-19,5.38,28.71,22.05
2015-06-20,9.22,27.92,23.51
2015-06-21,8.82,28.08,21.59
2015-06-22,34.1,28.18,12.54
2015-06-23,28.09,28.1,5.68
2015-06-24,33.03,28.9,7.35
2015-06-25,47.57,28.9,10.35
2015-06-26,44.92,27.72,7.85
2015-06-27,23.78,27.23,11.22
2015-06-28,4.96,27.71,16.66
2015-06-29,1.89,27.22,16.95
2015-06-30,0.57,27.77,18.83
2015-07-01,4.39,27.78,20.58
2015-07-02,18.3,28.29,15.93
2015-07-03,8.73,28.66,15.82
2015-07-04,1.73,28.84,16.37
2015-07-05,7.7,28.81,16.43
2015-07-06,9.45,28.26,18.98
2015-07-07,20.9,28.5,16.66
2015-07-08,68.17,28.04,15.76
2015-07-09,65.44,27.33,6.98
2015-07-10,20.39,27.79,10.99
2015-07-11,15.39,27.34,20.72
2015-07-12,2.16,28.29,19.36
2015-07-13,3.66,28.72,17.87
2015-07-14,14.2,28.79,19.28
2015-07-15,35.37,28.35,5.01
2015-07-16,62.19,27.78,13.26
2015-07-17,28.6,26.8,11.25
2015-07-18,64.34,26.75,8.52
2015-07-19,51.47,26.77,5.42
2015-07-20,16.13,27.49,10.34
2015-07-21,11.99,27.22,19.43
2015-07-22,10.14,27.01,14.73
2015-07-23,20.5,27.27,14.14
2015-07-24,43.78,26.66,4.97
2015-07-25,59.78,26.56,12.18
2015-07-26,26.04,26.73,7.83
2015-07-27,38.1,26.1,6.42
2015-07-28,23.32,27.12,17.65
2015-07-29,3.38,28.41,17.52
2015-07-30,25.72,26.88,11.11
2015-07-31,40.13,26.54,9.1
2015-08-01,20.85,26.58,12.54
2015-08-02,1.13,26.29,18.22
2015-08-03,4.61,26.56,19.15
2015-08-04,5.31,27.18,19.61
2015-08-05,2.85,27.63,19.3
2015-08-06,1.8,28.14,20.73
2015-08-07,11.51,27.69,15.01
2015-08-08,0.62,28.14,10.65
2015-08-09,6.55,27.81,17.14
2015-08-10,7.27,28.0,16.55
2015-08-11,8.6,27.87,18.96
2015-08-12,2.25,28.06,17.27
2015-08-13,4.83,27.67,18.84
2015-08-14,11.57,28.27,15.0
2015-08-15,6.97,28.02,17.37
2015-08-16,13.74,27.65,14.15
2015-08-17,33.12,27.43,13.59
2015-08-18,23.15,27.78,10.17
2015-08-19,30.4,28.22,9.26
2015-08-20,25.05,28.21,4.65
2015-08-21,20.37,27.17,12.63
2015-08-22,2.93,27.72,16.49
2015-08-23,4.03,27.55,18.85
2015-08-24,0.2,27.96,18.25
2015-08-25,0.16,27.61,15.7
2015-08-26,1.44,27.44,17.14
2015-08-27,3.56,27.22,16.83
2015-08-28,6.47,26.99,17.43
2015-08-29,8.14,27.55,13.57
2015-08-30,20.21,27.62,14.02
2015-08-31,51.55,27.48,5.9
2015-09-01,17.48,27.31,6.02
2015-09-02,10.91,27.01,11.51
2015-09-03,18.5,27.03,10.08
2015-09-04,3.86,27.36,10.25
2015-09-05,2.36,27.2,11.63
2015-09-06,1.76,27.78,17.5
2015-09-07,8.84,27.32,14.17
2015-09-08,1.25,27.55,18.75
2015-09-09,0.39,28.8,19.27
2015-09-10,8.55,27.62,18.1
2015-09-11,12.67,28.01,19.75
2015-09-12,3.78,29.06,22.85
2015-09-13,16.02,28.44,15.64
2015-09-14,7.02,27.47,18.12
2015-09-15,3.3,28.1,20.52
2015-09-16,0.83,28.21,21.7
2015-09-17,0.01,29.34,20.2
2015-09-18,3.03,30.28,20.98
2015-09-19,15.5,27.05,11.27
2015-09-20,24.64,26.54,14.6
2015-09-21,41.08,27.3,8.56
2015-09-22,26.47,27.85,3.94
2015-09-23,32.78,27.44,5.27
2015-09-24,6.63,27.18,8.13
2015-09-25,0.3,27.73,18.64
2015-09-26,0.0,28.28,20.74
2015-09-27,0.0,27.81,21.63
2015-09-28,0.0,27.68,22.05
2015-09-29,0.0,28.19,22.16
2015-09-30,0.56,28.77,21.77
2015-10-01,0.27,28.63,16.9
2015-10-02,2.53,28.11,18.26
2015-10-03,5.08,27.26,17.17
2015-10-04,2.13,27.9,19.47
2015-10-05,7.06,27.66,18.37
2015-10-06,15.87,28.13,19.4
2015-10-07,24.15,26.67,16.45
2015-10-08,32.95,25.62,3.01
2015-10-09,13.13,26.83,16.5
2015-10-10,2.94,27.56,11.26
2015-10-11,1.77,27.27,12.66
2015-10-12,8.68,25.38,17.05
2015-10-13,4.93,25.27,13.21
2015-10-14,1.95,25.09,15.47
2015-10-15,1.02,25.84,18.59
2015-10-16,0.15,26.25,18.73
2015-10-17,0.0,26.57,18.69
2015-10-18,0.0,26.52,19.94
2015-10-19,0.0,26.69,20.24
2015-10-20,0.0,26.76,20.53
2015-10-21,0.0,26.36,20.39
2015-10-22,0.0,26.0,20.33
2015-10-23,0.86,25.78,16.64
2015-10-24,0.03,25.03,19.35
2015-10-25,0.0,24.83,19.79
2015-10-26,0.0,24.41,20.81
2015-10-27,0.0,24.26,20.45
2015-10-28,0.0,24.03,19.7
2015-10-29,0.0,24.4,15.91
2015-10-30,0.05,24.24,11.33
2015-10-31,0.59,23.5,7.24
2015-11-01,1.73,22.91,9.31
2015-11-02,1.87,23.78,17.0
2015-11-03,0.0,24.33,17.84
2015-11-04,0.0,24.81,18.15
2015-11-05,0.0,25.08,17.36
2015-11-06,0.0,25.03,18.04
2015-11-07,0.0,23.61,18.49
2015-11-08,0.0,22.4,19.19
2015-11-09,0.0,22.47,16.49
2015-11-10,0.0,22.99,18.15
2015-11-11,0.0,23.1,17.71
2015-11-12,0.0,23.31,18.73
2015-11-13,0.0,22.82,18.68
2015-11-14,0.0,22.93,17.61
2015-11-15,0.21,22.78,16.74
2015-11-16,0.02,22.89,16.82
2015-11-17,0.12,22.58,7.98
2015-11-18,0.09,22.73,8.24
2015-11-19,0.0,22.05,17.16
2015-11-20,0.0,22.91,18.33
2015-11-21,0.0,23.58,18.39
2015-11-22,0.0,23.58,18.36
2015-11-23,0.0,22.8,18.33
2015-11-24,0.0,22.08,18.18
2015-11-25,0.0,20.81,17.32
2015-11-26,0.0,20.79,16.72
2015-11-27,0.0,20.3,15.72
2015-11-28,0.0,20.45,15.75
2015-11-29,0.0,21.75,16.63
2015-11-30,0.0,22.05,16.31
2015-12-01,0.0,22.4,13.44
2015-12-02,0.0,22.14,7.41
2015-12-03,0.0,21.55,9.67
2015-12-04,0.0,22.31,10.88
2015-12-05,0.0,21.35,14.5
2015-12-06,0.0,21.04,14.85
2015-12-07,0.0,20.77,11.93
2015-12-08,0.0,20.99,11.0
2015-12-09,0.0,20.99,12.05
2015-12-10,0.0,20.59,14.41
2015-12-11,0.0,20.04,11.75
2015-12-12,0.02,19.79,10.73
2015-12-13,0.88,21.64,7.91
2015-12-14,0.01,21.48,8.67
2015-12-15,0.02,19.04,9.19
2015-12-16,0.0,16.96,12.71
2015-12-17,0.0,16.58,15.58
2015-12-18,0.29,14.17,7.18
2015-12-19,0.0,15.82,13.71
2015-12-20,0.0,16.5,15.69
2015-12-21,0.0,16.51,16.09
2015-12-22,0.0,16.58,15.57
2015-12-23,0.0,16.89,15.82
2015-12-24,0.0,16.82,14.59
2015-12-25,0.0,16.08,8.05
2015-12-26,0.0,15.4,15.71
2015-12-27,0.0,16.27,15.88
2015-12-28,0.0,17.53,15.28
2015-12-29,0.0,17.6,13.76
2015-12-30,0.0,18.27,14.26
2015-12-31,0.0,18.8,12.12
2016-01-01,0.0,18.84,16.53
2016-01-02,0.0,18.88,16.68
2016-01-03,0.0,18.63,15.34
2016-01-04,0.0,18.42,15.74
2016-01-05,0.0,18.29,16.11
2016-01-06,0.0,18.57,15.83
2016-01-07,0.0,19.18,14.83
2016-01-08,0.0,18.79,15.47
2016-01-09,0.06,18.36,13.1
2016-01-10,0.0,19.21,10.38
2016-01-11,0.0,18.13,13.25
2016-01-12,0.0,17.4,15.14
2016-01-13,0.0,17.69,13.41
2016-01-14,0.0,18.83,12.28
2016-01-15,0.0,18.72,15.22
2016-01-16,0.0,19.21,14.04
2016-01-17,0.0,18.64,14.25
2016-01-18,0.0,18.18,15.62
2016-01-19,0.0,19.66,15.36
2016-01-20,1.05,19.11,10.46
2016-01-21,1.07,17.06,8.23
2016-01-22,0.01,16.0,13.62
2016-01-23,0.0,15.46,12.66
2016-01-24,0.0,14.88,16.25
2016-01-25,0.0,15.41,17.0
2016-01-26,0.0,15.91,17.94
2016-01-27,0.0,15.6,17.6
2016-01-28,0.0,17.0,13.61
2016-01-29,0.0,19.05,12.41
2016-01-30,0.0,19.04,12.18
2016-01-31,0.01,18.97,9.7
2016-02-01,0.04,19.86,10.99
2016-02-02,0.0,21.41,12.48
2016-02-03,0.0,21.54,12.86
2016-02-04,0.0,19.33,17.2
2016-02-05,0.0,18.56,18.24
2016-02-06,0.0,19.46,18.66
2016-02-07,0.0,20.46,19.11
2016-02-08,0.0,19.17,18.85
2016-02-09,0.47,20.27,11.37
2016-02-10,0.16,21.77,13.4
2016-02-11,0.07,21.72,15.36
2016-02-12,12.24,22.47,8.61
2016-02-13,0.35,23.55,16.55
2016-02-14,0.0,23.15,16.41
2016-02-15,0.0,24.38,17.08
2016-02-16,0.0,25.32,17.62
2016-02-17,0.0,25.73,16.79
2016-02-18,0.0,26.13,17.28
2016-02-19,0.0,25.31,18.38
2016-02-20,0.0,25.81,17.86
2016-02-21,0.0,26.3,17.2
2016-02-22,0.18,26.57,14.21
2016-02-23,1.29,25.74,16.43
2016-02-24,14.6,25.1,8.77
2016-02-25,21.19,24.11,15.16
2016-02-26,0.0,24.73,20.02
2016-02-27,0.1,24.5,17.77
2016-02-28,0.0,26.24,19.97
2016-02-29,0.0,26.07,20.75
2016-03-01,0.0,25.29,18.05
2016-03-02,0.0,25.82,18.15
2016-03-03,0.07,26.35,18.5
2016-03-04,0.05,25.43,19.36
2016-03-05,0.39,26.19,18.31
2016-03-06,0.0,27.01,20.11
2016-03-07,2.84,26.69,20.98
2016-03-08,0.0,26.95,18.03
2016-03-09,0.0,27.71,18.68
2016-03-10,0.04,28.34,15.05
2016-03-11,0.0,28.53,15.88
2016-03-12,0.0,26.99,17.25
2016-03-13,0.0,28.06,19.44
2016-03-14,0.0,27.82,17.74
2016-03-15,0.0,27.71,21.63
2016-03-16,1.34,27.13,16.18
2016-03-17,0.02,27.51,23.44
2016-03-18,0.07,27.21,23.63
2016-03-19,5.37,26.94,14.22
2016-03-20,1.71,27.75,13.09
2016-03-21,6.21,28.28,16.46
2016-03-22,11.43,27.74,21.25
2016-03-23,0.33,28.17,19.4
2016-03-24,0.02,28.7,22.84
2016-03-25,0.0,28.85,23.66
2016-03-26,0.0,28.02,20.59
2016-03-27,0.0,28.45,18.66
2016-03-28,24.14,26.35,10.09
2016-03-29,22.05,26.38,15.51
2016-03-30,2.14,27.07,19.83
2016-03-31,15.9,24.67,12.43
2016-04-01,21.95,23.33,10.32
2016-04-02,2.37,25.45,15.27
2016-04-03,25.65,26.54,13.99
2016-04-04,27.3,26.58,8.74
2016-04-05,2.27,26.82,14.71
2016-04-06,2.93,27.61,18.26
2016-04-07,0.42,27.98,20.51
2016-04-08,0.05,28.28,19.58
2016-04-09,0.03,28.83,21.41
2016-04-10,0.0,29.77,22.59
2016-04-11,0.0,29.51,22.09
2016-04-12,0.02,29.9,18.3
2016-04-13,1.17,29.76,20.24
2016-04-14,11.3,29.11,21.38
2016-04-15,13.42,28.75,20.22
2016-04-16,6.49,28.96,18.55
2016-04-17,1.44,28.47,15.84
2016-04-18,1.05,28.41,16.01
2016-04-19,0.09,29.55,19.54
2016-04-20,0.17,28.83,20.3
2016-04-21,0.24,29.33,18.67
2016-04-22,0.97,29.56,19.11
2016-04-23,0.57,29.98,19.13
2016-04-24,0.21,30.56,21.47
2016-04-25,1.96,30.08,20.09
2016-04-26,0.63,30.02,22.0
2016-04-27,0.15,29.69,20.46
2016-04-28,0.26,29.57,20.32
2016-04-29,0.08,29.45,20.35
2016-04-30,0.36,29.96,21.19
2016-05-01,5.7,29.87,18.45
2016-05-02,19.29,27.93,13.15
2016-05-03,17.0,27.34,19.45
2016-05-04,10.89,27.25,17.94
2016-05-05,3.14,28.37,18.66
2016-05-06,11.67,28.0,21.03
2016-05-07,4.35,27.8,18.43
2016-05-08,3.04,28.61,22.68
2016-05-09,0.75,28.69,23.68
2016-05-10,0.01,28.77,23.25
2016-05-11,0.02,30.44,22.92
2016-05-12,5.93,30.25,17.62
2016-05-13,26.78,27.46,13.63
2016-05-14,35.34,28.42,22.1
2016-05-15,18.58,28.39,19.92
2016-05-16,1.54,29.1,21.42
2016-05-17,3.68,29.16,18.42
2016-05-18,17.85,28.95,13.84
2016-05-19,46.21,26.88,10.58
2016-05-20,49.97,26.08,8.48
2016-05-21,133.32,25.96,3.43
2016-05-22,1.22,28.24,20.05
2016-05-23,1.07,28.85,23.84
2016-05-24,0.34,28.79,23.12
2016-05-25,3.01,29.38,21.3
2016-05-26,18.85,28.64,23.61
2016-05-27,14.69,28.56,16.58
2016-05-28,61.73,27.91,10.77
2016-05-29,12.65,28.47,15.87
2016-05-30,4.38,28.74,20.31
2016-05-31,6.32,28.13,15.18
2016-06-01,3.83,28.15,21.6
2016-06-02,0.35,28.66,23.35
2016-06-03,0.95,28.83,23.7
2016-06-04,6.46,28.15,24.29
2016-06-05,2.92,28.04,23.16
2016-06-06,21.95,27.79,20.39
2016-06-07,21.15,27.07,15.63
2016-06-08,18.94,27.52,18.42
2016-06-09,2.64,26.93,13.21
2016-06-10,9.42,27.58,17.06
2016-06-11,17.5,28.74,11.72
2016-06-12,23.23,28.01,8.42
2016-06-13,2.69,27.19,10.32
2016-06-14,3.99,28.24,17.22
2016-06-15,3.07,28.02,16.04
2016-06-16,12.58,28.26,18.29
2016-06-17,10.95,27.9,18.8
2016-06-18,1.3,27.92,19.84
2016-06-19,4.33,27.71,20.43
2016-06-20,5.99,28.21,18.57
2016-06-21,3.69,28.36,21.24
2016-06-22,14.58,27.89,16.23
2016-06-23,5.67,28.39,10.5
2016-06-24,4.59,28.43,18.81
2016-06-25,2.29,28.86,20.67
2016-06-26,5.75,28.98,22.59
2016-06-27,5.07,28.93,22.83
2016-06-28,4.27,29.27,23.04
2016-06-29,13.19,29.36,22.88
2016-06-30,2.76,28.54,19.24
2016-07-01,14.32,28.47,19.54
2016-07-02,24.35,27.96,12.86
2016-07-03,66.08,28.12,11.97
2016-07-04,31.63,27.89,5.26
2016-07-05,28.89,27.67,12.62
2016-07-06,24.99,28.41,11.91
2016-07-07,9.49,28.57,21.99
2016-07-08,4.29,28.53,22.58
2016-07-09,10.0,28.04,18.78
2016-07-10,11.09,27.66,17.29
2016-07-11,4.87,28.07,20.08
2016-07-12,12.44,28.08,17.49
2016-07-13,29.73,28.39,18.09
2016-07-14,6.85,28.32,17.98
2016-07-15,32.44,27.7,18.19
2016-07-16,34.98,26.97,10.78
2016-07-17,34.41,27.63,15.68
2016-07-18,36.61,27.43,10.86
2016-07-19,38.16,27.65,9.32
2016-07-20,19.32,28.21,13.48
2016-07-21,5.82,28.11,15.27
2016-07-22,11.81,26.98,15.95
2016-07-23,29.81,27.29,15.12
2016-07-24,18.81,26.91,17.4
2016-07-25,25.82,26.47,9.33
2016-07-26,5.99,27.06,18.82
2016-07-27,0.8,27.88,18.72
2016-07-28,5.25,27.59,16.73
2016-07-29,18.96,28.16,15.19
2016-07-30,25.31,27.86,20.22
2016-07-31,26.4,27.13,19.1
2016-08-01,26.45,27.61,22.24
2016-08-02,10.88,27.46,21.18
2016-08-03,3.1,28.24,23.44
2016-08-04,3.04,28.21,24.57
2016-08-05,6.72,27.81,18.65
2016-08-06,19.87,27.19,19.66
2016-08-07,3.29,27.46,17.61
2016-08-08,4.93,27.62,20.25
2016-08-09,14.35,27.12,14.62
2016-08-10,19.41,26.57,4.8
2016-08-11,9.75,28.02,15.97
2016-08-12,4.43,28.14,17.33
2016-08-13,19.7,28.26,18.88
2016-08-14,24.85,28.19,17.94
2016-08-15,12.78,28.53,19.92
2016-08-16,15.09,28.57,21.36
2016-08-17,18.26,27.5,14.02
2016-08-18,1.57,28.05,19.24
2016-08-19,0.39,28.25,18.8
2016-08-20,3.83,28.94,10.43
2016-08-21,62.9,27.46,6.82
2016-08-22,2.87,27.36,22.89
2016-08-23,0.04,27.93,20.12
2016-08-24,0.4,28.27,20.07
2016-08-25,15.48,28.92,20.85
2016-08-26,24.87,28.37,17.64
2016-08-27,23.9,29.3,22.33
2016-08-28,93.82,27.31,16.04
2016-08-29,13.05,28.31,20.87
2016-08-30,3.65,27.89,18.99
2016-08-31,23.74,27.47,16.21
2016-09-01,40.57,27.5,14.5
2016-09-02,20.83,27.86,11.99
2016-09-03,17.66,28.22,17.5
2016-09-04,18.77,27.62,18.13
2016-09-05,4.24,27.58,15.52
2016-09-06,15.28,27.05,16.31
2016-09-07,2.51,27.74,17.55
2016-09-08,3.42,27.57,17.6
2016-09-09,9.01,27.81,15.87
2016-09-10,3.19,27.93,15.33
2016-09-11,11.47,26.99,12.08
2016-09-12,17.57,27.2,11.29
2016-09-13,11.14,25.67,14.56
2016-09-14,23.25,27.15,14.05
2016-09-15,2.63,27.92,22.05
2016-09-16,2.02,28.24,13.35
2016-09-17,3.5,27.96,15.04
2016-09-18,7.81,27.91,19.18
2016-09-19,3.25,27.76,15.19
2016-09-20,10.51,28.1,11.98
2016-09-21,6.31,28.05,17.86
2016-09-22,2.5,27.62,17.52
2016-09-23,4.09,27.71,19.3
2016-09-24,5.49,27.39,17.61
2016-09-25,7.22,27.5,18.84
2016-09-26,10.15,27.5,18.3
2016-09-27,25.46,28.16,18.88
2016-09-28,33.67,27.86,12.92
2016-09-29,11.54,27.99,19.38
2016-09-30,1.47,28.02,19.24
2016-10-01,14.54,28.53,20.29
2016-10-02,7.1,27.97,15.81
2016-10-03,7.74,28.65,17.22
2016-10-04,12.48,29.16,18.44
2016-10-05,27.57,27.89,16.88
2016-10-06,27.74,27.71,17.23
2016-10-07,8.79,27.64,12.81
2016-10-08,17.2,26.88,16.11
2016-10-09,9.35,26.77,13.85
2016-10-10,9.47,26.78,10.37
2016-10-11,31.15,26.18,10.03
2016-10-12,26.7,25.97,7.85
2016-10-13,12.5,27.54,14.63
2016-10-14,3.44,27.32,12.11
2016-10-15,0.28,26.35,19.54
2016-10-16,0.0,26.83,20.37
2016-10-17,0.0,27.17,20.42
2016-10-18,0.0,27.15,20.3
2016-10-19,0.0,26.68,20.35
2016-10-20,0.0,26.4,20.98
2016-10-21,0.0,25.83,21.37
2016-10-22,0.0,25.28,21.32
2016-10-23,0.0,24.12,21.48
2016-10-24,0.0,24.61,20.27
2016-10-25,0.01,26.06,19.1
2016-10-26,0.42,26.38,13.98
2016-10-27,5.96,26.53,8.19
2016-10-28,7.1,26.18,11.81
2016-10-29,18.27,26.03,13.89
2016-10-30,10.03,25.95,17.66
2016-10-31,2.37,26.65,17.82
2016-11-01,0.09,27.09,18.45
2016-11-02,0.04,27.65,18.67
2016-11-03,1.27,27.11,16.08
2016-11-04,14.14,24.81,6.02
2016-11-05,85.4,22.91,3.86
2016-11-06,127.57,24.25,6.33
2016-11-07,22.98,23.88,7.81
2016-11-08,0.41,23.44,15.56
2016-11-09,0.0,23.31,18.29
2016-11-10,0.0,22.86,17.34
2016-11-11,0.0,22.25,17.53
2016-11-12,0.0,23.3,17.07
2016-11-13,0.0,23.41,18.31
2016-11-14,0.0,22.72,18.01
2016-11-15,0.0,21.23,18.1
2016-11-16,0.0,21.27,17.99
2016-11-17,0.0,20.96,18.3
2016-11-18,0.0,20.85,18.72
2016-11-19,0.0,21.0,18.74
2016-11-20,0.0,21.22,18.57
2016-11-21,0.0,21.55,17.73
2016-11-22,0.0,21.67,17.53
2016-11-23,0.0,21.55,17.44
2016-11-24,0.0,21.19,17.1
2016-11-25,0.0,21.85,17.07
2016-11-26,0.0,22.01,16.99
2016-11-27,0.03,21.79,16.15
2016-11-28,0.03,21.73,14.98
2016-11-29,0.06,21.88,15.86
2016-11-30,0.0,22.45,16.23
2016-12-01,0.0,22.23,16.57
2016-12-02,0.0,22.42,16.61
2016-12-03,0.0,21.11,16.73
2016-12-04,0.0,21.23,17.04
2016-12-05,0.0,20.71,16.19
2016-12-06,0.0,21.84,17.19
2016-12-07,0.0,21.53,17.22
2016-12-08,0.0,20.84,17.26
2016-12-09,0.0,20.34,16.94
2016-12-10,0.0,19.52,16.29
2016-12-11,0.0,19.22,16.23
2016-12-12,0.0,19.06,16.6
2016-12-13,0.0,17.55,16.5
2016-12-14,0.0,17.11,15.23
2016-12-15,0.0,17.68,14.87
2016-12-16,0.0,18.28,16.24
2016-12-17,0.0,19.49,14.71
2016-12-18,0.0,19.54,14.45
2016-12-19,0.0,19.38,13.37
2016-12-20,0.0,19.28,11.46
2016-12-21,0.0,17.85,11.94
2016-12-22,0.0,18.68,13.7
2016-12-23,0.0,19.84,14.34
2016-12-24,0.0,20.97,14.78
2016-12-25,0.0,21.83,15.2
2016-12-26,0.56,21.32,14.51
2016-12-27,0.1,20.33,11.65
2016-12-28,0.0,18.87,15.59
2016-12-29,0.0,19.48,15.95
2016-12-30,0.0,19.23,14.77
2016-12-31,0.0,19.26,15.43
2017-01-01,0.0,19.58,16.24
2017-01-02,0.0,19.67,16.46
2017-01-03,0.0,19.1,16.07
2017-01-04,0.0,18.54,16.13
2017-01-05,0.0,17.88,16.32
2017-01-06,0.0,17.19,14.37
2017-01-07,0.0,17.0,14.44
2017-01-08,0.0,17.45,17.16
2017-01-09,0.0,18.52,16.58
2017-01-10,0.0,18.29,15.67
2017-01-11,0.0,17.13,15.63
2017-01-12,0.0,15.94,16.14
2017-01-13,0.0,14.19,16.28
2017-01-14,10.79,12.82,17.31
2017-01-15,0.0,13.89,17.73
2017-01-16,0.0,14.86,17.62
2017-01-17,0.0,15.76,17.67
2017-01-18,0.0,16.89,17.34
2017-01-19,0.0,17.23,17.97
2017-01-20,0.0,16.85,17.01
2017-01-21,0.0,16.93,18.28
2017-01-22,0.0,16.85,18.4
2017-01-23,0.0,17.35,18.33
2017-01-24,0.0,18.67,18.41
2017-01-25,0.0,19.71,18.68
2017-01-26,0.0,19.63,19.17
2017-01-27,0.0,20.22,14.86
2017-01-28,0.0,20.22,16.69
2017-01-29,0.0,18.31,16.13
2017-01-30,0.0,18.19,16.7
2017-01-31,0.0,18.96,16.08
2017-02-01,0.0,18.78,17.01
2017-02-02,0.0,17.42,18.26
2017-02-03,0.0,17.91,18.44
2017-02-04,0.0,18.69,19.21
2017-02-05,0.0,20.16,19.44
2017-02-06,0.0,19.86,19.78
2017-02-07,0.0,20.74,18.13
2017-02-08,0.0,20.81,17.87
2017-02-09,0.0,19.51,18.95
2017-02-10,0.0,19.72,19.24
2017-02-11,0.0,21.06,17.75
2017-02-12,0.0,21.61,18.18
2017-02-13,0.0,21.49,16.38
2017-02-14,0.0,22.32,19.1
2017-02-15,0.0,21.36,19.58
2017-02-16,0.0,21.84,20.0
2017-02-17,0.0,21.76,20.15
2017-02-18,0.0,22.02,20.18
2017-02-19,0.0,21.67,17.17
2017-02-20,0.05,22.43,11.28
2017-02-21,0.36,23.86,15.25
2017-02-22,0.83,24.14,15.62
2017-02-23,10.66,23.95,11.8
2017-02-24,0.23,23.62,21.1
2017-02-25,1.78,21.13,22.46
2017-02-26,0.0,21.37,22.34
2017-02-27,0.0,21.86,22.22
2017-02-28,0.0,23.2,21.64
2017-03-01,0.0,23.08,21.59
2017-03-02,0.0,22.31,21.97
2017-03-03,0.0,23.84,18.96
2017-03-04,0.01,23.63,13.45
2017-03-05,10.66,23.59,14.06
2017-03-06,80.69,23.43,15.55
2017-03-07,24.83,23.94,18.36
2017-03-08,27.4,23.85,14.28
2017-03-09,1.29,23.14,19.28
2017-03-10,17.39,23.82,15.14
2017-03-11,53.18,24.38,6.84
2017-03-12,10.67,22.99,12.32
2017-03-13,0.45,22.06,22.73
2017-03-14,0.0,21.6,23.97
2017-03-15,0.0,21.79,24.81
2017-03-16,0.0,21.41,24.75
2017-03-17,0.0,20.93,24.71
2017-03-18,6.32,21.81,11.57
2017-03-19,6.35,23.95,21.4
2017-03-20,5.21,22.15,5.84
2017-03-21,0.21,22.57,21.74
2017-03-22,0.0,23.36,22.77
2017-03-23,0.0,24.69,22.5
2017-03-24,0.07,24.92,20.75
2017-03-25,13.5,24.82,12.28
2017-03-26,0.08,25.17,21.06
2017-03-27,0.15,25.71,16.82
2017-03-28,0.75,25.6,13.64
2017-03-29,11.37,25.83,8.07
2017-03-30,9.84,26.55,15.71
2017-03-31,4.9,26.42,18.19
2017-04-01,1.08,26.26,20.12
2017-04-02,0.48,26.47,16.33
2017-04-03,9.59,25.79,14.0
2017-04-04,30.45,25.88,11.32
2017-04-05,46.21,25.57,11.54
2017-04-06,28.53,26.09,16.79
2017-04-07,4.38,26.95,18.38
2017-04-08,0.1,27.3,18.7
2017-04-09,0.2,27.46,17.03
2017-04-10,0.02,26.97,20.73
2017-04-11,0.0,27.25,21.67
2017-04-12,0.0,27.27,23.67
2017-04-13,0.0,27.31,25.37
2017-04-14,0.0,26.44,24.69
2017-04-15,0.7,26.1,20.83
2017-04-16,9.72,25.99,16.76
2017-04-17,0.22,26.47,25.52
2017-04-18,1.02,26.56,22.2
2017-04-19,74.65,26.62,15.3
2017-04-20,80.22,26.62,14.02
2017-04-21,75.15,25.77,11.79
2017-04-22,75.4,25.88,3.06
2017-04-23,45.26,26.57,7.4
2017-04-24,38.46,26.84,6.49
2017-04-25,17.17,27.59,17.85
2017-04-26,11.22,27.38,19.37
2017-04-27,7.97,26.82,20.76
2017-04-28,0.92,26.22,21.5
2017-04-29,3.04,26.7,24.17
2017-04-30,2.23,26.53,23.23
2017-05-01,10.11,26.51,22.27
2017-05-02,33.27,26.75,25.35
2017-05-03,1.42,27.56,24.72
2017-05-04,0.91,27.58,24.38
2017-05-05,0.2,27.22,20.44
2017-05-06,2.74,27.18,21.6
2017-05-07,2.78,26.71,21.81
2017-05-08,0.13,26.95,21.74
2017-05-09,6.45,26.31,14.96
2017-05-10,6.1,27.0,22.71
2017-05-11,2.31,28.01,22.27
2017-05-12,0.87,28.82,19.61
2017-05-13,3.54,28.42,16.97
2017-05-14,25.23,28.23,16.9
2017-05-15,33.51,28.04,16.12
2017-05-16,34.12,27.71,13.04
2017-05-17,20.15,28.23,16.78
2017-05-18,8.83,28.39,21.22
2017-05-19,28.71,28.42,17.0
2017-05-20,13.48,28.65,21.66
2017-05-21,5.38,28.52,22.11
2017-05-22,0.39,28.53,21.89
2017-05-23,0.21,29.11,22.58
2017-05-24,0.15,29.21,19.27
2017-05-25,0.12,28.91,22.44
2017-05-26,0.58,29.56,23.41
2017-05-27,8.33,29.26,22.33
2017-05-28,1.85,29.38,25.59
2017-05-29,12.52,28.09,15.36
2017-05-30,62.72,27.21,4.89
2017-05-31,50.5,28.1,16.74
2017-06-01,104.72,28.36,4.12
2017-06-02,57.14,28.07,11.79
2017-06-03,49.83,28.33,17.43
2017-06-04,69.05,28.23,10.15
2017-06-05,13.75,27.72,18.54
2017-06-06,7.48,28.2,21.99
2017-06-07,2.4,28.8,23.62
2017-06-08,20.32,29.1,23.3
2017-06-09,9.0,28.06,24.05
2017-06-10,6.53,28.26,22.59
2017-06-11,68.06,27.64,15.56
2017-06-12,87.49,27.05,4.33
2017-06-13,23.18,28.09,6.84
2017-06-14,24.36,28.35,18.8
2017-06-15,27.11,27.19,19.58
2017-06-16,42.42,27.05,10.05
2017-06-17,54.94,28.12,13.94
2017-06-18,42.01,27.95,13.77
2017-06-19,84.86,27.27,3.24
2017-06-20,29.58,27.12,11.52
2017-06-21,15.39,27.09,15.54
2017-06-22,22.48,27.73,14.41
2017-06-23,25.17,27.73,20.8
2017-06-24,2.19,28.23,22.75
2017-06-25,4.8,28.09,23.15
2017-06-26,4.42,28.14,21.28
2017-06-27,1.65,27.17,21.0
2017-06-28,5.57,27.61,18.59
2017-06-29,6.46,27.93,20.82
2017-06-30,14.03,27.67,13.31
2017-07-01,34.83,27.88,16.01
2017-07-02,35.7,28.5,14.89
2017-07-03,59.51,27.91,9.89
2017-07-04,28.58,27.65,9.52
2017-07-05,10.78,28.18,11.92
2017-07-06,3.31,28.12,19.4
2017-07-07,2.57,28.38,19.87
2017-07-08,0.94,27.55,16.0
2017-07-09,7.23,27.94,13.84
2017-07-10,21.8,27.45,7.13
2017-07-11,30.58,27.23,11.13
2017-07-12,11.92,27.46,17.49
2017-07-13,24.57,27.07,17.88
2017-07-14,20.02,27.58,19.3
2017-07-15,4.89,27.97,19.53
2017-07-16,6.58,27.88,22.19
2017-07-17,6.4,28.8,21.0
2017-07-18,11.35,28.5,17.87
2017-07-19,67.77,27.25,9.21
2017-07-20,185.77,27.16,3.31
2017-07-21,71.87,27.89,13.82
2017-07-22,4.49,28.23,20.9
2017-07-23,38.44,27.21,11.3
2017-07-24,77.62,26.78,5.81
2017-07-25,59.61,26.85,10.99
2017-07-26,62.53,27.19,11.34
2017-07-27,3.4,27.44,18.73
2017-07-28,10.28,28.41,20.09
2017-07-29,4.48,27.92,14.58
2017-07-30,21.01,27.77,17.7
2017-07-31,8.21,28.24,21.07
2017-08-01,2.26,28.12,18.65
2017-08-02,21.86,28.24,16.04
2017-08-03,14.3,28.78,20.78
2017-08-04,9.49,29.23,21.18
2017-08-05,9.79,28.45,19.61
2017-08-06,29.99,28.17,15.6
2017-08-07,27.91,27.81,14.99
2017-08-08,21.01,27.96,18.43
2017-08-09,34.58,27.87,14.96
2017-08-10,50.81,27.7,12.22
2017-08-11,152.86,27.72,2.38
2017-08-12,127.88,27.69,4.24
2017-08-13,32.1,27.32,13.76
2017-08-14,23.83,27.82,14.79
2017-08-15,96.16,28.11,11.1
2017-08-16,65.25,27.43,12.69
2017-08-17,22.25,27.78,18.72
2017-08-18,14.72,27.87,18.28
2017-08-19,7.61,27.92,18.58
2017-08-20,5.84,27.7,19.63
2017-08-21,7.74,28.7,21.17
2017-08-22,22.21,28.61,16.98
2017-08-23,23.48,28.82,20.12
2017-08-24,25.4,27.88,19.71
2017-08-25,20.17,28.04,20.18
2017-08-26,15.18,27.35,11.88
2017-08-27,6.75,27.74,21.05
2017-08-28,12.23,27.47,20.58
2017-08-29,5.44,27.71,18.67
2017-08-30,15.11,27.97,13.75
2017-08-31,28.59,27.7,10.61
2017-09-01,51.8,27.0,14.0
2017-09-02,24.93,27.39,14.74
2017-09-03,16.28,27.66,14.03
2017-09-04,9.89,27.52,15.2
2017-09-05,10.7,28.06,15.81
2017-09-06,10.59,28.1,15.22
2017-09-07,22.5,27.28,13.82
2017-09-08,6.8,27.35,14.21
2017-09-09,25.0,27.33,15.26
2017-09-10,64.14,26.37,9.43
2017-09-11,55.68,27.19,4.08
2017-09-12,34.47,27.24,12.97
2017-09-13,15.63,27.16,16.0
2017-09-14,10.88,27.82,17.32
2017-09-15,1.88,28.88,19.92
2017-09-16,18.35,28.99,21.4
2017-09-17,20.68,28.74,9.94
2017-09-18,31.45,27.49,20.13
2017-09-19,30.07,27.39,14.08
2017-09-20,17.38,28.0,14.17
2017-09-21,3.33,28.03,17.13
2017-09-22,3.81,28.04,19.1
2017-09-23,4.19,28.78,18.27
2017-09-24,4.16,29.26,18.59
2017-09-25,3.19,29.14,14.39
2017-09-26,12.44,29.12,11.03
2017-09-27,27.34,27.32,16.45
2017-09-28,26.23,27.13,17.06
2017-09-29,51.18,26.83,11.92
2017-09-30,36.12,27.2,9.24
2017-10-01,9.61,27.37,17.95
2017-10-02,5.3,27.4,21.36
2017-10-03,5.48,27.81,17.52
2017-10-04,0.8,28.57,20.91
2017-10-05,0.78,28.01,18.43
2017-10-06,5.7,27.78,19.46
2017-10-07,13.88,26.26,17.24
2017-10-08,12.17,26.04,16.21
2017-10-09,6.05,26.59,13.09
2017-10-10,0.31,27.71,20.41
2017-10-11,0.14,27.96,20.36
2017-10-12,0.47,27.67,14.48
2017-10-13,0.87,27.52,17.79
2017-10-14,0.14,27.47,18.41
2017-10-15,4.02,27.82,16.88
2017-10-16,0.11,27.29,19.37
2017-10-17,1.49,27.31,19.7
2017-10-18,18.93,26.66,14.12
2017-10-19,21.25,26.11,11.09
2017-10-20,124.44,25.6,3.54
2017-10-21,118.12,25.9,1.89
2017-10-22,8.63,24.95,8.66
2017-10-23,0.64,25.44,18.01
2017-10-24,0.01,25.36,16.73
2017-10-25,0.05,25.11,16.38
2017-10-26,0.03,24.17,19.16
2017-10-27,0.0,22.84,19.76
2017-10-28,0.06,22.97,19.74
2017-10-29,11.0,23.47,9.87
2017-10-30,17.37,22.64,3.8
2017-10-31,0.44,23.14,17.44
2017-11-01,0.23,22.85,16.84
2017-11-02,0.0,23.42,19.48
2017-11-03,0.0,23.49,19.56
2017-11-04,0.0,25.38,19.15
2017-11-05,0.0,25.47,19.14
2017-11-06,0.0,24.45,18.96
2017-11-07,0.0,23.8,19.37
2017-11-08,1.61,24.22,19.47
2017-11-09,0.0,24.02,19.01
2017-11-10,0.0,22.78,19.01
2017-11-11,0.0,23.14,18.28
2017-11-12,0.0,23.08,18.86
2017-11-13,0.0,22.7,18.45
2017-11-14,0.0,23.21,16.42
2017-11-15,3.18,23.4,7.34
2017-11-16,1.78,23.04,6.77
2017-11-17,1.6,24.32,9.78
2017-11-18,1.0,24.8,12.42
2017-11-19,0.01,24.7,14.79
2017-11-20,0.0,23.3,17.33
2017-11-21,0.0,22.02,16.3
2017-11-22,0.0,20.07,16.02
2017-11-23,0.0,19.0,15.94
2017-11-24,0.0,18.69,15.91
2017-11-25,0.0,19.3,16.39
2017-11-26,0.0,19.19,16.9
2017-11-27,0.0,19.87,16.47
2017-11-28,0.0,20.57,15.79
2017-11-29,0.0,19.62,16.49
2017-11-30,0.0,19.41,16.85
2017-12-01,0.0,19.78,17.58
2017-12-02,0.0,20.12,17.6
2017-12-03,0.0,19.25,17.69
2017-12-04,0.0,19.25,17.63
2017-12-05,0.0,20.01,17.28
2017-12-06,0.0,19.67,15.26
2017-12-07,0.0,20.19,16.08
2017-12-08,4.65,18.2,7.0
2017-12-09,41.36,20.7,4.51
2017-12-10,39.1,22.81,4.58
2017-12-11,90.41,23.25,4.14
2017-12-12,1.99,22.35,12.04
2017-12-13,0.0,22.09,15.09
2017-12-14,0.0,20.67,12.82
2017-12-15,0.0,19.39,14.62
2017-12-16,0.0,18.6,14.02
2017-12-17,0.0,18.58,15.05
2017-12-18,0.0,18.8,13.44
2017-12-19,0.0,18.97,11.33
2017-12-20,0.0,20.49,12.37
2017-12-21,0.0,20.36,14.57
2017-12-22,0.0,20.04,14.2
2017-12-23,0.0,19.48,15.42
2017-12-24,0.0,18.98,15.95
2017-12-25,0.0,19.32,16.1
2017-12-26,0.0,19.7,15.99
2017-12-27,0.0,18.78,16.1
2017-12-28,0.0,19.46,15.92
2017-12-29,0.0,19.71,16.14
2017-12-30,0.0,19.61,16.99
2017-12-31,0.0,19.64,16.06
2018-01-01,0.01,19.48,10.7
2018-01-02,2.01,18.26,9.9
2018-01-03,2.41,16.78,11.76
2018-01-04,2.84,14.44,15.68
2018-01-05,0.0,14.65,15.93
2018-01-06,0.0,14.26,15.46
2018-01-07,0.0,12.73,16.63
2018-01-08,0.0,11.77,15.11
2018-01-09,0.0,12.52,16.52
2018-01-10,0.0,13.11,16.45
2018-01-11,0.0,12.94,14.65
2018-01-12,0.0,14.02,13.11
2018-01-13,0.0,15.31,12.38
2018-01-14,0.0,14.98,11.3
2018-01-15,0.0,15.28,11.45
2018-01-16,0.0,15.78,12.89
2018-01-17,0.0,16.51,15.18
2018-01-18,0.0,16.85,15.29
2018-01-19,0.0,16.48,16.62
2018-01-20,0.0,15.65,16.57
2018-01-21,0.0,15.75,16.61
2018-01-22,0.0,16.17,17.11
2018-01-23,0.0,17.09,17.33
2018-01-24,0.0,17.32,16.74
2018-01-25,0.0,17.46,14.02
2018-01-26,0.0,16.61,16.2
2018-01-27,0.0,15.58,17.2
2018-01-28,0.0,14.31,17.76
2018-01-29,0.0,15.1,18.1
2018-01-30,0.0,15.88,16.17
2018-01-31,0.0,15.84,14.36
2018-02-01,0.0,17.28,12.78
2018-02-02,0.0,18.32,13.31
2018-02-03,0.0,18.54,15.07
2018-02-04,0.0,18.79,14.87
2018-02-05,0.0,19.55,14.32
2018-02-06,0.0,19.89,13.44
2018-02-07,0.0,19.57,14.21
2018-02-08,0.0,20.17,12.19
2018-02-09,0.0,20.52,14.55
2018-02-10,0.45,21.23,10.18
2018-02-11,0.0,20.24,14.68
2018-02-12,0.0,19.35,19.08
2018-02-13,0.0,20.12,17.65
2018-02-14,0.0,20.59,17.49
2018-02-15,0.0,19.96,20.0
2018-02-16,0.0,18.84,21.16
2018-02-17,0.0,19.33,20.53
2018-02-18,0.0,20.28,19.43
2018-02-19,0.0,21.37,20.28
2018-02-20,0.0,21.57,18.1
2018-02-21,0.0,22.42,19.76
2018-02-22,0.01,22.23,17.61
2018-02-23,0.01,22.56,17.71
2018-02-24,0.14,23.19,19.3
2018-02-25,0.01,22.74,20.14
2018-02-26,11.31,22.75,14.43
2018-02-27,0.04,23.38,19.16
2018-02-28,0.28,23.86,18.78
2018-03-01,0.0,24.49,18.46
2018-03-02,0.0,23.62,18.19
2018-03-03,0.01,23.68,19.95
2018-03-04,0.0,24.56,21.2
2018-03-05,0.0,24.87,18.73
2018-03-06,0.0,25.67,20.15
2018-03-07,0.0,24.56,21.04
2018-03-08,0.0,23.44,23.23
2018-03-09,0.0,23.75,22.17
2018-03-10,0.0,24.43,22.76
2018-03-11,0.0,23.68,22.53
2018-03-12,0.0,23.92,22.26
2018-03-13,0.15,24.38,16.9
2018-03-14,0.04,24.44,19.09
2018-03-15,0.04,24.96,20.76
2018-03-16,0.14,25.28,9.46
2018-03-17,0.05,25.53,15.01
2018-03-18,0.05,25.57,19.86
2018-03-19,0.0,26.86,21.87
2018-03-20,0.0,26.66,23.35
2018-03-21,0.0,25.71,22.59
2018-03-22,0.0,25.92,22.16
2018-03-23,0.0,25.98,19.32
2018-03-24,0.0,26.64,19.44
2018-03-25,0.68,27.48,20.79
2018-03-26,2.33,27.57,18.07
2018-03-27,6.78,26.65,17.36
2018-03-28,2.25,26.86,18.48
2018-03-29,1.1,26.76,19.12
2018-03-30,1.25,26.51,19.99
2018-03-31,21.83,24.66,17.35
2018-04-01,0.41,24.8,22.12
2018-04-02,0.0,24.77,15.95
2018-04-03,0.38,26.4,19.25
2018-04-04,1.76,26.56,21.98
2018-04-05,0.78,26.16,20.19
2018-04-06,9.81,25.7,15.08
2018-04-07,6.76,26.16,13.44
2018-04-08,4.27,25.42,13.94
2018-04-09,2.79,25.86,21.28
2018-04-10,3.52,26.66,18.75
2018-04-11,3.43,26.72,19.68
2018-04-12,3.05,27.45,22.66
2018-04-13,4.59,27.25,22.99
2018-04-14,5.87,27.75,20.17
2018-04-15,2.73,28.1,23.09
2018-04-16,0.65,29.37,23.92
2018-04-17,13.71,27.76,12.53
2018-04-18,9.15,26.97,23.09
2018-04-19,44.11,26.42,20.31
2018-04-20,23.84,26.92,17.67
2018-04-21,39.42,27.35,13.31
2018-04-22,30.88,27.37,16.61
2018-04-23,19.51,27.45,20.01
2018-04-24,9.15,28.18,21.84
2018-04-25,0.74,27.11,26.21
2018-04-26,17.81,26.58,20.93
2018-04-27,18.14,25.74,17.28
2018-04-28,4.44,26.33,22.53
2018-04-29,42.37,25.92,7.14
2018-04-30,27.13,25.53,9.37
2018-05-01,12.62,26.48,17.28
2018-05-02,3.77,26.52,21.76
2018-05-03,13.6,26.11,21.24
2018-05-04,20.47,26.49,14.44
2018-05-05,32.45,26.79,17.93
2018-05-06,29.44,27.48,16.78
2018-05-07,25.06,27.48,11.28
2018-05-08,11.15,28.18,10.83
2018-05-09,14.42,27.47,14.36
2018-05-10,30.82,27.23,12.3
2018-05-11,15.35,26.95,13.98
2018-05-12,8.23,26.82,24.84
2018-05-13,4.47,26.94,14.87
2018-05-14,9.14,26.36,18.61
2018-05-15,33.77,26.56,21.22
2018-05-16,34.09,25.74,11.43
2018-05-17,44.38,26.41,16.37
2018-05-18,48.5,27.06,9.04
2018-05-19,28.62,27.06,10.9
2018-05-20,28.01,27.45,11.85
2018-05-21,22.7,27.41,8.46
2018-05-22,4.76,27.52,19.28
2018-05-23,41.63,27.21,13.35
2018-05-24,8.99,26.89,13.44
2018-05-25,11.8,27.65,19.78
2018-05-26,10.15,27.85,18.68
2018-05-27,1.17,27.89,23.33
2018-05-28,2.18,28.26,24.08
2018-05-29,15.36,29.22,20.64
2018-05-30,13.0,28.81,21.95
2018-05-31,39.61,27.86,5.81
2018-06-01,11.74,27.35,16.94
2018-06-02,19.34,27.25,17.14
2018-06-03,8.24,27.9,22.26
2018-06-04,24.76,27.9,20.23
2018-06-05,18.28,26.84,20.02
2018-06-06,12.61,28.19,21.47
2018-06-07,1.95,28.21,22.71
2018-06-08,10.9,28.43,19.51
2018-06-09,7.5,27.69,20.81
2018-06-10,52.58,27.81,10.91
2018-06-11,57.64,27.79,10.53
2018-06-12,96.23,27.67,4.98
2018-06-13,36.41,27.61,9.22
2018-06-14,16.41,28.54,10.16
2018-06-15,41.35,27.96,7.89
2018-06-16,26.66,27.39,11.66
2018-06-17,20.06,28.52,13.57
2018-06-18,22.54,28.5,18.47
2018-06-19,24.09,28.57,10.98
2018-06-20,2.09,28.19,17.62
2018-06-21,4.5,28.15,18.91
2018-06-22,17.03,28.22,20.17
2018-06-23,25.32,27.64,9.14
2018-06-24,36.39,27.41,15.2
2018-06-25,23.24,28.4,8.97
2018-06-26,8.91,27.76,18.82
2018-06-27,8.22,27.71,19.41
2018-06-28,3.71,27.41,20.26
2018-06-29,2.78,27.23,19.18
2018-06-30,3.55,27.76,16.99
2018-07-01,10.99,27.6,18.25
2018-07-02,18.63,28.06,11.9
2018-07-03,58.86,27.49,5.95
2018-07-04,46.93,27.51,9.15
2018-07-05,9.54,28.31,13.47
2018-07-06,7.37,28.5,19.45
2018-07-07,0.87,28.65,19.45
2018-07-08,3.77,28.22,17.51
2018-07-09,1.84,28.21,19.85
2018-07-10,4.95,28.03,16.19
2018-07-11,2.0,28.48,19.69
2018-07-12,6.49,28.1,21.57
2018-07-13,9.0,28.57,21.45
2018-07-14,5.93,28.85,22.6
2018-07-15,2.78,28.73,21.34
2018-07-16,8.71,28.48,21.19
2018-07-17,10.5,28.47,18.54
2018-07-18,8.81,29.26,22.27
2018-07-19,0.02,30.39,22.7
2018-07-20,8.59,29.44,16.74
2018-07-21,35.54,27.92,13.09
2018-07-22,26.61,27.58,15.84
2018-07-23,58.52,27.68,8.47
2018-07-24,40.22,27.73,8.86
2018-07-25,22.23,27.86,15.48
2018-07-26,32.33,27.4,14.73
2018-07-27,36.01,27.74,12.23
2018-07-28,26.14,27.48,12.38
2018-07-29,6.85,27.74,18.63
2018-07-30,4.17,27.55,17.5
2018-07-31,9.09,27.18,18.11
2018-08-01,21.72,27.31,9.82
2018-08-02,16.04,27.23,10.69
2018-08-03,18.63,27.53,12.21
2018-08-04,10.83,27.99,16.93
2018-08-05,7.94,28.42,16.56
2018-08-06,4.79,28.0,18.66
2018-08-07,1.07,27.88,19.89
2018-08-08,1.83,27.77,20.96
2018-08-09,0.76,27.97,19.13
2018-08-10,6.37,28.57,19.62
2018-08-11,5.76,27.85,18.73
2018-08-12,7.98,28.49,17.45
2018-08-13,3.28,28.34,18.88
2018-08-14,9.52,28.56,19.98
2018-08-15,9.6,28.36,18.78
2018-08-16,4.87,28.64,22.18
2018-08-17,27.56,28.32,19.62
2018-08-18,20.03,28.56,20.39
2018-08-19,40.72,28.31,16.61
2018-08-20,12.93,28.67,14.42
2018-08-21,11.49,27.85,9.18
2018-08-22,7.67,28.25,15.13
2018-08-23,8.32,28.29,14.41
2018-08-24,9.56,27.9,14.01
2018-08-25,13.85,28.27,19.93
2018-08-26,5.06,28.82,20.33
2018-08-27,1.19,28.03,16.42
2018-08-28,7.28,27.52,17.52
2018-08-29,7.78,27.83,15.98
2018-08-30,4.85,27.68,16.47
2018-08-31,2.94,28.17,20.29
2018-09-01,12.21,27.72,15.36
2018-09-02,4.51,27.39,13.75
2018-09-03,7.17,28.0,19.19
2018-09-04,14.7,28.19,16.75
2018-09-05,27.69,28.05,22.69
2018-09-06,4.52,26.89,20.65
2018-09-07,1.19,27.17,18.1
2018-09-08,1.55,27.59,17.29
2018-09-09,1.0,27.09,17.25
2018-09-10,2.0,27.62,12.93
2018-09-11,13.44,27.53,14.55
2018-09-12,28.62,27.3,6.96
2018-09-13,7.08,27.51,14.48
2018-09-14,8.58,27.5,16.41
2018-09-15,2.37,28.18,19.68
2018-09-16,1.82,28.16,21.67
2018-09-17,0.28,28.84,22.8
2018-09-18,0.21,28.65,22.25
2018-09-19,1.08,28.3,20.91
2018-09-20,17.04,28.28,17.98
2018-09-21,5.26,27.29,20.98
2018-09-22,0.35,28.12,21.53
2018-09-23,2.56,28.41,16.55
2018-09-24,6.63,27.82,17.22
2018-09-25,16.43,27.53,14.68
2018-09-26,9.94,27.92,16.17
2018-09-27,9.83,27.6,16.86
2018-09-28,14.65,29.3,18.07
2018-09-29,0.99,29.31,17.22
2018-09-30,0.13,28.87,18.27
2018-10-01,0.18,28.72,18.24
2018-10-02,0.0,27.97,20.42
2018-10-03,0.01,27.68,19.03
2018-10-04,0.31,28.21,19.19
2018-10-05,0.43,27.56,19.81
2018-10-06,1.36,28.08,17.85
2018-10-07,0.24,27.18,18.01
2018-10-08,0.0,26.36,18.56
2018-10-09,2.23,26.41,14.71
2018-10-10,11.84,25.17,10.06
2018-10-11,23.98,23.44,5.07
2018-10-12,4.67,24.58,7.08
2018-10-13,9.02,24.61,7.8
2018-10-14,5.41,25.92,12.39
2018-10-15,0.14,25.7,19.94
2018-10-16,0.31,24.76,20.71
2018-10-17,0.0,24.91,20.21
2018-10-18,1.77,24.68,19.34
2018-10-19,0.83,24.94,19.65
2018-10-20,0.0,25.16,19.55
2018-10-21,0.0,24.88,20.53
2018-10-22,0.0,25.24,20.14
2018-10-23,0.0,25.29,19.86
2018-10-24,0.0,24.54,20.24
2018-10-25,0.0,23.81,19.61
2018-10-26,0.0,23.5,19.49
2018-10-27,1.8,24.45,17.52
2018-10-28,10.2,23.68,6.12
2018-10-29,3.06,22.85,7.74
2018-10-30,0.27,22.04,7.4
2018-10-31,0.18,23.2,13.59
2018-11-01,0.0,25.55,19.17
2018-11-02,0.2,25.35,18.47
2018-11-03,3.11,24.78,15.29
2018-11-04,1.37,24.48,14.66
2018-11-05,2.75,24.11,13.76
2018-11-06,16.73,24.58,7.78
2018-11-07,1.37,23.43,16.73
2018-11-08,0.01,22.04,18.09
2018-11-09,0.0,22.26,18.43
2018-11-10,0.0,22.43,18.7
2018-11-11,0.0,22.09,18.39
2018-11-12,0.0,21.98,17.55
2018-11-13,0.0,22.17,18.08
2018-11-14,0.0,22.72,17.25
2018-11-15,0.0,22.7,17.06
2018-11-16,0.0,23.19,15.2
2018-11-17,0.0,22.31,12.77
2018-11-18,0.0,21.61,14.96
2018-11-19,0.0,20.39,16.41
2018-11-20,0.0,20.35,16.12
2018-11-21,0.0,20.11,16.27
2018-11-22,0.0,20.98,17.15
2018-11-23,0.0,21.36,16.75
2018-11-24,0.0,21.23,16.79
2018-11-25,0.0,21.04,17.73
2018-11-26,0.0,20.75,17.58
2018-11-27,0.0,20.83,17.55
2018-11-28,0.0,21.12,17.28
2018-11-29,0.0,21.01,17.45
2018-11-30,0.0,20.5,17.26
2018-12-01,0.0,20.48,15.26
2018-12-02,0.0,20.66,15.98
2018-12-03,0.0,20.39,16.21
2018-12-04,0.0,20.01,16.61
2018-12-05,0.0,20.44,16.49
2018-12-06,0.0,20.18,10.44
2018-12-07,0.0,19.11,16.28
2018-12-08,0.0,18.19,16.43
2018-12-09,0.0,19.44,16.94
2018-12-10,0.0,19.88,17.04
2018-12-11,0.0,18.8,16.21
2018-12-12,0.0,20.0,15.84
2018-12-13,0.0,19.93,15.43
2018-12-14,0.0,19.52,13.99
2018-12-15,0.0,19.5,9.68
2018-12-16,0.0,19.25,5.79
2018-12-17,14.65,19.32,4.44
2018-12-18,18.48,20.69,4.9
2018-12-19,1.18,18.34,5.17
2018-12-20,0.0,16.57,12.46
2018-12-21,0.0,17.32,14.14
2018-12-22,0.0,17.47,16.29
2018-12-23,0.0,17.49,16.8
2018-12-24,0.0,17.94,16.68
2018-12-25,0.0,17.63,15.62
2018-12-26,0.0,15.87,16.08
2018-12-27,0.0,15.55,15.48
2018-12-28,0.0,14.46,15.24
2018-12-29,0.0,13.37,15.21
2018-12-30,0.0,15.45,17.04
2018-12-31,0.0,17.2,17.06
2019-01-01,0.0,17.91,16.05
2019-01-02,0.0,17.87,16.45
2019-01-03,0.0,17.78,16.54
2019-01-04,0.0,16.15,16.37
2019-01-05,0.0,16.48,16.87
2019-01-06,0.0,17.56,17.28
2019-01-07,0.0,18.78,17.38
2019-01-08,0.0,18.9,16.92
2019-01-09,0.0,18.12,16.09
2019-01-10,0.0,16.83,15.48
2019-01-11,0.0,16.83,17.12
2019-01-12,0.0,17.66,17.44
2019-01-13,0.0,18.17,17.49
2019-01-14,0.0,18.15,15.37
2019-01-15,0.0,16.62,15.73
2019-01-16,0.0,16.89,17.38
2019-01-17,0.0,17.38,17.66
2019-01-18,0.0,17.22,17.45
2019-01-19,0.0,17.32,17.46
2019-01-20,0.0,17.24,17.05
2019-01-21,0.0,18.79,17.56
2019-01-22,0.0,19.98,18.1
2019-01-23,0.0,19.78,18.3
2019-01-24,0.0,19.96,17.62
2019-01-25,0.0,20.38,17.27
2019-01-26,0.0,21.16,17.62
2019-01-27,0.0,21.54,16.51
2019-01-28,0.0,21.2,11.08
2019-01-29,0.0,19.07,13.31
2019-01-30,0.0,15.84,18.65
2019-01-31,0.0,17.9,19.36
2019-02-01,0.0,19.42,19.71
2019-02-02,0.0,18.79,19.62
2019-02-03,0.0,19.53,19.37
2019-02-04,0.0,19.1,19.14
2019-02-05,0.0,19.31,18.83
2019-02-06,0.0,19.83,19.08
2019-02-07,0.0,19.92,18.53
2019-02-08,0.0,21.87,17.41
2019-02-09,0.01,22.28,15.58
2019-02-10,0.0,19.57,17.6
2019-02-11,0.0,18.12,20.35
2019-02-12,0.0,19.48,20.74
2019-02-13,0.0,21.42,20.25
2019-02-14,0.0,23.08,20.54
2019-02-15,0.0,23.16,19.86
2019-02-16,0.0,22.83,10.44
2019-02-17,12.67,19.82,11.36
2019-02-18,0.08,20.08,18.15
2019-02-19,0.0,21.16,18.19
2019-02-20,0.0,22.29,16.47
2019-02-21,0.0,23.36,18.87
2019-02-22,0.0,23.47,18.14
2019-02-23,0.0,23.89,17.12
2019-02-24,0.98,24.58,18.61
2019-02-25,22.37,21.88,7.28
2019-02-26,11.71,21.76,7.43
2019-02-27,14.06,21.16,9.6
2019-02-28,32.57,21.58,11.46
2019-03-01,1.61,19.17,21.93
2019-03-02,0.0,18.29,23.67
2019-03-03,0.0,20.52,19.69
2019-03-04,0.05,20.76,9.46
2019-03-05,10.37,22.05,9.17
2019-03-06,0.27,24.39,14.98
2019-03-07,0.03,24.47,15.87
2019-03-08,0.0,23.17,18.74
2019-03-09,0.0,21.52,22.1
2019-03-10,0.0,22.18,20.75
2019-03-11,0.0,23.77,17.49
2019-03-12,0.0,24.93,18.06
2019-03-13,0.0,25.96,20.6
2019-03-14,0.0,26.37,18.34
2019-03-15,0.0,26.96,20.07
2019-03-16,0.03,27.21,20.88
2019-03-17,5.86,27.95,20.43
2019-03-18,11.74,25.63,13.7
2019-03-19,1.23,24.38,16.19
2019-03-20,3.58,25.01,19.41
2019-03-21,0.66,26.16,20.35
2019-03-22,3.6,26.33,20.74
2019-03-23,4.83,26.38,21.83
2019-03-24,0.0,26.79,24.19
2019-03-25,0.0,26.32,25.23
2019-03-26,0.0,27.39,23.22
2019-03-27,2.2,27.22,17.23
2019-03-28,0.0,27.68,23.48
2019-03-29,0.0,27.03,22.89
2019-03-30,0.0,27.37,21.35
2019-03-31,18.95,27.09,17.29
2019-04-01,44.79,25.53,22.35
2019-04-02,10.67,25.73,16.58
2019-04-03,4.91,25.97,21.11
2019-04-04,0.83,26.1,18.83
2019-04-05,0.49,26.49,14.99
2019-04-06,4.03,24.92,16.75
2019-04-07,5.33,25.94,18.29
2019-04-08,7.71,25.64,9.97
2019-04-09,23.0,25.17,14.51
2019-04-10,16.2,25.43,15.67
2019-04-11,0.01,26.92,21.22
2019-04-12,0.02,27.4,18.74
2019-04-13,0.0,28.17,20.91
2019-04-14,0.01,28.32,23.56
2019-04-15,0.18,28.4,20.99
2019-04-16,1.65,28.47,20.68
2019-04-17,2.81,29.49,22.02
2019-04-18,0.0,30.04,23.65
2019-04-19,0.0,29.99,22.49
2019-04-20,2.08,28.92,22.9
2019-04-21,0.25,29.05,24.4
2019-04-22,0.18,28.74,21.5
2019-04-23,0.0,28.86,25.79
2019-04-24,0.0,30.42,25.02
2019-04-25,0.0,30.95,24.37
2019-04-26,0.0,30.85,23.96
2019-04-27,1.02,30.45,19.17
2019-04-28,2.46,30.45,18.67
2019-04-29,1.85,30.61,22.31
2019-04-30,0.47,30.54,21.95
2019-05-01,0.15,30.52,22.82
2019-05-02,1.23,30.16,20.79
2019-05-03,29.72,28.99,16.63
2019-05-04,39.54,27.42,5.47
2019-05-05,0.13,28.23,23.79
2019-05-06,0.33,29.46,21.98
2019-05-07,0.0,29.84,23.31
2019-05-08,0.0,30.22,21.77
2019-05-09,0.14,30.06,21.09
2019-05-10,0.39,30.6,21.01
2019-05-11,1.11,30.03,20.54
2019-05-12,2.22,29.41,21.41
2019-05-13,3.63,29.39,20.02
2019-05-14,24.8,28.6,23.18
2019-05-15,5.53,29.77,19.84
2019-05-16,7.1,29.72,17.56
2019-05-17,21.59,28.61,20.81
2019-05-18,14.49,28.71,19.13
2019-05-19,7.47,28.51,19.09
2019-05-20,0.03,29.25,22.2
2019-05-21,0.15,29.05,21.87
2019-05-22,7.33,28.85,20.37
2019-05-23,35.57,28.08,19.36
2019-05-24,60.69,28.1,9.35
2019-05-25,51.85,27.81,10.82
2019-05-26,16.69,28.16,20.42
2019-05-27,11.91,28.34,20.28
2019-05-28,6.67,28.68,26.11
2019-05-29,2.04,28.82,24.12
2019-05-30,0.28,28.79,23.57
2019-05-31,47.22,28.85,18.45
2019-06-01,38.18,28.45,16.15
2019-06-02,28.43,28.47,12.9
2019-06-03,29.29,27.73,12.54
2019-06-04,31.21,27.86,9.02
2019-06-05,7.6,26.44,16.24
2019-06-06,4.15,26.51,19.66
2019-06-07,2.21,26.91,18.33
2019-06-08,8.15,27.39,17.92
2019-06-09,4.33,28.0,11.42
2019-06-10,2.05,28.67,21.69
2019-06-11,0.03,28.81,22.49
2019-06-12,0.03,29.92,23.31
2019-06-13,1.88,28.74,20.95
2019-06-14,22.98,29.06,7.67
2019-06-15,27.92,28.76,5.93
2019-06-16,3.02,28.5,18.66
2019-06-17,6.8,28.52,18.22
2019-06-18,5.19,28.92,18.66
2019-06-19,1.11,29.43,19.61
2019-06-20,4.71,27.51,19.98
2019-06-21,10.77,28.61,20.42
2019-06-22,7.79,28.64,20.55
2019-06-23,0.68,29.23,21.18
2019-06-24,0.63,29.43,22.51
2019-06-25,0.35,29.25,19.53
2019-06-26,5.37,29.09,19.19
2019-06-27,5.34,28.98,14.18
2019-06-28,14.02,28.71,16.78
2019-06-29,30.69,28.76,19.49
2019-06-30,5.87,29.16,19.36
2019-07-01,6.02,28.76,20.98
2019-07-02,6.28,29.15,19.52
2019-07-03,5.2,28.96,19.92
2019-07-04,3.25,29.23,17.97
2019-07-05,7.34,28.49,20.5
2019-07-06,14.91,28.42,9.25
2019-07-07,49.53,28.17,9.52
2019-07-08,91.3,28.05,5.66
2019-07-09,111.68,28.01,3.69
2019-07-10,69.32,27.99,7.0
2019-07-11,67.01,27.53,5.37
2019-07-12,41.14,27.59,7.44
2019-07-13,95.59,27.84,11.63
2019-07-14,99.14,27.48,5.01
2019-07-15,59.32,28.23,5.86
2019-07-16,5.89,28.39,20.22
2019-07-17,2.0,29.51,22.05
2019-07-18,29.3,28.93,18.79
2019-07-19,30.14,28.42,18.34
2019-07-20,15.31,28.68,20.85
2019-07-21,3.23,28.5,20.86
2019-07-22,8.52,27.81,18.14
2019-07-23,17.58,26.85,20.87
2019-07-24,26.83,27.86,19.04
2019-07-25,27.12,28.7,19.81
2019-07-26,48.36,27.16,16.78
2019-07-27,7.77,27.65,17.49
2019-07-28,6.19,27.88,22.23
2019-07-29,11.89,27.38,21.81
2019-07-30,27.58,27.1,12.52
2019-07-31,19.97,27.71,16.07
2019-08-01,4.67,27.88,22.35
2019-08-02,1.86,27.57,23.04
2019-08-03,8.97,27.56,17.81
2019-08-04,2.07,28.99,21.3
2019-08-05,2.4,30.32,24.58
2019-08-06,24.62,28.84,19.84
2019-08-07,26.86,27.52,16.93
2019-08-08,53.62,27.39,9.01
2019-08-09,33.79,28.25,17.18
2019-08-10,2.76,29.08,19.6
2019-08-11,6.24,29.12,21.52
2019-08-12,56.59,27.94,19.77
2019-08-13,56.61,27.13,14.91
2019-08-14,85.53,27.17,5.86
2019-08-15,47.8,27.89,10.33
2019-08-16,20.92,27.98,12.78
2019-08-17,22.65,28.12,16.63
2019-08-18,5.79,27.14,20.26
2019-08-19,1.99,28.08,19.26
2019-08-20,1.76,28.23,18.95
2019-08-21,1.07,29.06,17.6
2019-08-22,7.96,28.91,20.28
2019-08-23,3.35,27.9,18.38
2019-08-24,28.97,27.11,12.52
2019-08-25,4.92,28.1,22.75
2019-08-26,4.07,28.43,23.61
2019-08-27,6.82,28.36,22.91
2019-08-28,0.51,27.78,15.52
2019-08-29,1.33,28.57,22.18
2019-08-30,1.05,29.15,18.07
2019-08-31,24.59,28.55,19.56
2019-09-01,18.83,29.81,20.61
2019-09-02,9.07,28.46,19.78
2019-09-03,19.52,28.34,19.78
2019-09-04,4.47,28.09,19.35
2019-09-05,6.54,27.85,18.42
2019-09-06,2.38,28.23,20.16
2019-09-07,8.91,27.54,16.66
2019-09-08,33.68,27.89,14.48
2019-09-09,23.44,28.26,10.77
2019-09-10,32.06,28.03,15.17
2019-09-11,8.54,28.02,16.43
2019-09-12,62.89,27.5,11.72
2019-09-13,23.75,27.04,12.75
2019-09-14,3.92,27.47,17.62
2019-09-15,0.57,28.05,19.19
2019-09-16,0.82,27.8,16.31
2019-09-17,3.49,28.72,19.79
2019-09-18,0.84,29.44,21.05
2019-09-19,0.8,29.46,21.84
2019-09-20,0.82,29.0,20.61
2019-09-21,2.63,28.95,12.79
2019-09-22,17.95,28.32,17.71
2019-09-23,5.96,27.15,18.59
2019-09-24,30.2,26.48,14.72
2019-09-25,15.42,25.99,12.84
2019-09-26,5.96,26.32,16.05
2019-09-27,1.06,26.02,19.18
2019-09-28,1.11,26.02,14.21
2019-09-29,10.05,25.59,10.12
2019-09-30,34.36,25.92,15.51
2019-10-01,36.53,25.76,8.89
2019-10-02,17.34,26.55,14.54
2019-10-03,5.33,27.07,15.1
2019-10-04,3.73,27.05,16.88
2019-10-05,2.5,27.07,16.11
2019-10-06,8.2,27.06,14.96
2019-10-07,7.84,26.85,15.24
2019-10-08,8.34,26.34,15.97
2019-10-09,8.85,25.56,15.77
2019-10-10,55.94,25.07,5.79
2019-10-11,23.77,25.99,15.46
2019-10-12,5.36,26.27,20.26
2019-10-13,0.0,25.35,21.19
2019-10-14,0.0,25.55,20.67
2019-10-15,1.3,26.1,19.02
2019-10-16,12.25,27.17,15.16
2019-10-17,7.62,27.02,19.76
2019-10-18,0.74,27.28,19.62
2019-10-19,0.0,27.1,19.79
2019-10-20,0.0,26.29,19.09
2019-10-21,3.62,26.07,18.05
2019-10-22,2.88,26.22,14.09
2019-10-23,2.37,25.6,15.47
2019-10-24,4.3,22.67,9.14
2019-10-25,5.42,24.66,8.7
2019-10-26,26.86,25.76,10.61
2019-10-27,4.85,25.74,13.18
2019-10-28,0.46,24.25,14.78
2019-10-29,0.0,24.17,17.45
2019-10-30,0.0,24.79,18.41
2019-10-31,0.0,25.01,17.56
2019-11-01,0.0,24.97,18.2
2019-11-02,0.0,25.13,19.15
2019-11-03,0.0,25.12,17.49
2019-11-04,0.0,24.99,18.07
2019-11-05,0.0,25.33,17.68
2019-11-06,0.0,24.48,16.46
2019-11-07,0.0,24.8,16.88
2019-11-08,4.38,23.83,7.62
2019-11-09,36.51,23.39,7.1
2019-11-10,19.97,23.73,2.61
2019-11-11,51.83,24.12,8.57
2019-11-12,1.59,23.2,15.5
2019-11-13,0.0,23.12,17.3
2019-11-14,0.0,23.95,18.5
2019-11-15,0.05,23.98,18.49
2019-11-16,0.03,23.79,18.25
2019-11-17,0.0,23.48,17.04
2019-11-18,0.0,23.23,17.35
2019-11-19,0.0,23.11,16.77
2019-11-20,0.0,22.0,16.58
2019-11-21,0.0,21.49,17.31
2019-11-22,0.0,21.22,17.83
2019-11-23,0.0,21.44,17.1
2019-11-24,0.0,21.25,16.63
2019-11-25,0.0,21.22,16.92
2019-11-26,0.0,21.84,17.19
2019-11-27,0.0,21.92,17.22
2019-11-28,0.0,22.57,17.32
2019-11-29,0.0,22.6,17.3
2019-11-30,0.0,22.3,16.85
2019-12-01,0.0,20.9,14.15
2019-12-02,0.0,19.49,14.9
2019-12-03,0.0,19.22,16.59
2019-12-04,0.0,18.99,16.91
2019-12-05,0.0,20.48,16.79
2019-12-06,0.0,20.73,16.46
2019-12-07,0.0,20.77,16.32
2019-12-08,0.0,21.5,14.18
2019-12-09,0.0,20.87,14.27
2019-12-10,0.0,20.39,13.21
2019-12-11,0.0,20.15,13.78
2019-12-12,0.0,19.29,15.39
2019-12-13,0.0,18.74,15.93
2019-12-14,0.0,19.47,15.69
2019-12-15,0.0,19.57,15.13
2019-12-16,0.0,19.2,13.46
2019-12-17,0.0,18.52,14.1
2019-12-18,0.0,16.56,14.79
2019-12-19,0.0,14.86,5.51
2019-12-20,0.0,14.81,11.36
2019-12-21,0.0,14.78,7.06
2019-12-22,0.0,14.65,13.4
2019-12-23,0.0,15.64,10.44
2019-12-24,0.0,15.39,12.27
2019-12-25,0.0,15.02,12.83
2019-12-26,0.62,16.66,12.12
2019-12-27,12.4,14.89,4.13
2019-12-28,0.09,14.24,6.62
2019-12-29,0.0,15.78,14.16
2019-12-30,0.0,17.92,14.63
2019-12-31,0.0,19.18,15.49
2020-01-01,0.09,20.54,12.74
2020-01-02,0.09,20.25,7.88
2020-01-03,63.02,17.81,5.16
2020-01-04,9.95,17.63,9.9
2020-01-05,15.31,17.72,10.61
2020-01-06,0.07,14.96,15.01
2020-01-07,0.02,14.45,11.1
2020-01-08,0.0,15.63,10.36
2020-01-09,0.18,16.86,8.93
2020-01-10,1.2,16.75,15.01
2020-01-11,1.11,14.81,5.57
2020-01-12,0.0,15.15,11.58
2020-01-13,0.0,15.3,10.68
2020-01-14,0.0,15.97,12.39
2020-01-15,0.0,17.0,16.34
2020-01-16,0.0,18.36,16.32
2020-01-17,0.0,19.26,16.78
2020-01-18,0.0,20.29,16.7
2020-01-19,0.0,19.21,15.9
2020-01-20,0.0,16.74,12.35
2020-01-21,0.0,14.97,15.89
2020-01-22,0.0,14.59,17.2
2020-01-23,0.0,15.99,13.49
2020-01-24,0.0,15.84,15.3
2020-01-25,0.0,15.0,17.3
2020-01-26,0.0,14.86,15.75
2020-01-27,0.0,15.37,13.67
2020-01-28,0.0,16.54,13.77
2020-01-29,0.02,16.44,7.66
2020-01-30,0.16,18.1,10.87
2020-01-31,1.74,17.87,11.43
2020-02-01,0.01,16.68,15.56
2020-02-02,0.0,16.16,15.9
2020-02-03,0.0,14.2,18.48
2020-02-04,0.0,14.56,18.91
2020-02-05,0.0,16.0,17.37
2020-02-06,0.0,16.72,17.83
2020-02-07,0.0,16.71,14.84
2020-02-08,0.0,17.51,9.09
2020-02-09,0.0,18.06,12.67
2020-02-10,0.0,15.89,19.2
2020-02-11,0.0,16.03,19.92
2020-02-12,0.0,15.98,18.49
2020-02-13,0.0,17.24,17.39
2020-02-14,0.0,17.3,17.18
2020-02-15,0.0,18.57,13.94
2020-02-16,0.0,19.81,15.7
2020-02-17,0.0,20.39,17.32
2020-02-18,0.0,20.35,17.44
2020-02-19,0.0,20.49,16.93
2020-02-20,0.0,20.49,17.39
2020-02-21,0.0,20.97,20.22
2020-02-22,0.0,21.8,19.74
2020-02-23,0.0,22.0,18.75
2020-02-24,0.0,21.53,15.63
2020-02-25,1.17,20.95,9.14
2020-02-26,2.11,20.18,6.34
2020-02-27,0.22,19.86,19.36
2020-02-28,0.06,20.48,22.25
2020-02-29,0.0,21.15,22.58
2020-03-01,0.0,21.9,21.66
2020-03-02,0.56,22.76,20.35
2020-03-03,23.15,22.7,14.31
2020-03-04,3.53,22.54,15.01
2020-03-05,0.6,23.17,16.84
2020-03-06,0.94,23.23,10.55
2020-03-07,0.91,22.6,7.02
2020-03-08,0.3,23.49,16.32
2020-03-09,0.0,22.85,22.33
2020-03-10,0.01,21.59,21.08
2020-03-11,0.0,22.83,22.45
2020-03-12,0.0,24.97,20.61
2020-03-13,0.0,25.52,22.8
2020-03-14,0.0,25.25,22.27
2020-03-15,0.0,24.02,21.72
2020-03-16,0.0,24.46,21.19
2020-03-17,0.0,24.18,20.73
2020-03-18,0.0,24.53,22.04
2020-03-19,0.0,24.68,22.05
2020-03-20,0.03,24.58,17.73
2020-03-21,0.04,25.3,18.27
2020-03-22,1.13,24.59,17.03
2020-03-23,0.03,24.43,19.97
2020-03-24,0.07,24.62,19.97
2020-03-25,0.15,25.39,22.8
2020-03-26,0.01,26.97,20.57
2020-03-27,0.0,27.63,22.85
2020-03-28,0.0,28.15,23.68
2020-03-29,0.0,28.86,25.46
2020-03-30,0.0,28.72,26.06
2020-03-31,0.0,28.03,25.69
2020-04-01,0.0,27.83,25.34
2020-04-02,0.9,28.16,22.34
2020-04-03,9.88,27.79,19.88
2020-04-04,9.27,27.05,21.52
2020-04-05,7.2,26.83,19.58
2020-04-06,10.8,26.53,21.96
2020-04-07,9.94,27.24,24.06
2020-04-08,0.02,27.67,11.04
2020-04-09,0.05,26.84,19.71
2020-04-10,0.03,28.26,23.56
2020-04-11,2.44,28.41,24.6
2020-04-12,2.92,28.18,20.6
2020-04-13,0.3,28.34,24.83
2020-04-14,0.01,28.97,23.46
2020-04-15,3.07,28.35,17.12
2020-04-16,11.54,27.34,21.95
2020-04-17,7.05,27.42,14.42
2020-04-18,13.68,26.99,16.14
2020-04-19,13.96,27.64,25.04
2020-04-20,20.12,26.3,15.63
2020-04-21,8.4,26.85,11.77
2020-04-22,4.51,25.72,16.31
2020-04-23,11.44,26.27,17.08
2020-04-24,18.52,25.03,13.37
2020-04-25,30.44,25.86,16.93
2020-04-26,27.13,25.87,13.24
2020-04-27,6.38,25.75,22.18
2020-04-28,15.19,25.49,12.71
2020-04-29,12.7,25.3,20.27
2020-04-30,12.61,26.35,15.9
2020-05-01,7.16,26.11,15.37
2020-05-02,11.18,26.29,17.4
2020-05-03,29.88,25.78,16.29
2020-05-04,4.28,26.87,20.66
2020-05-05,12.18,27.93,20.38
2020-05-06,22.23,27.19,12.52
2020-05-07,7.16,27.75,26.31
2020-05-08,1.15,27.58,27.13
2020-05-09,23.25,28.19,26.63
2020-05-10,13.19,29.39,23.5
2020-05-11,0.18,28.79,21.53
2020-05-12,0.1,28.5,24.75
2020-05-13,2.36,27.92,16.78
2020-05-14,13.2,28.0,23.58
2020-05-15,18.41,28.27,18.12
2020-05-16,13.16,28.6,21.94
2020-05-17,8.32,28.99,22.85
2020-05-18,0.01,29.01,23.14
2020-05-19,1.95,28.49,15.26
2020-05-20,36.87,27.97,10.7
2020-05-21,32.4,27.72,11.84
2020-05-22,15.6,28.34,14.54
2020-05-23,1.26,28.75,20.22
2020-05-24,1.11,28.59,18.9
2020-05-25,0.21,28.47,15.15
2020-05-26,8.0,28.04,17.01
2020-05-27,77.57,27.73,5.12
2020-05-28,24.95,27.68,18.96
2020-05-29,20.26,27.57,15.69
2020-05-30,23.86,27.47,14.14
2020-05-31,14.59,27.75,16.65
2020-06-01,13.16,27.43,19.02
2020-06-02,10.36,27.33,18.64
2020-06-03,20.29,27.16,16.71
2020-06-04,39.94,27.43,7.52
2020-06-05,23.93,27.45,22.0
2020-06-06,21.82,27.82,10.51
2020-06-07,33.38,27.97,15.67
2020-06-08,27.42,28.45,12.56
2020-06-09,8.37,29.43,23.73
2020-06-10,26.35,28.26,15.03
2020-06-11,14.83,28.03,18.94
2020-06-12,15.52,27.74,12.84
2020-06-13,38.61,28.12,6.54
2020-06-14,9.72,28.45,21.63
2020-06-15,7.31,28.42,20.35
2020-06-16,17.45,27.88,18.96
2020-06-17,52.88,27.56,9.0
2020-06-18,23.2,27.46,8.26
2020-06-19,9.93,28.28,16.81
2020-06-20,15.53,27.88,20.88
2020-06-21,14.35,27.69,20.99
2020-06-22,7.38,27.98,19.99
2020-06-23,8.49,28.44,18.72
2020-06-24,4.66,28.63,21.04
2020-06-25,3.87,28.43,20.65
2020-06-26,11.46,28.01,13.89
2020-06-27,43.62,27.95,10.09
2020-06-28,8.82,27.01,9.53
2020-06-29,9.08,27.97,17.11
2020-06-30,1.4,28.15,19.83
2020-07-01,9.03,28.05,19.72
2020-07-02,3.1,28.25,18.29
2020-07-03,0.94,29.05,22.99
2020-07-04,6.33,28.32,16.7
2020-07-05,8.51,28.11,16.67
2020-07-06,6.33,28.54,17.05
2020-07-07,9.37,28.18,18.75
2020-07-08,9.41,28.43,14.33
2020-07-09,15.75,28.35,14.57
2020-07-10,22.52,28.53,8.96
2020-07-11,50.21,28.04,6.7
2020-07-12,26.71,28.27,12.05
2020-07-13,7.71,28.25,14.87
2020-07-14,8.97,27.66,17.18
2020-07-15,6.43,28.4,18.81
2020-07-16,6.53,28.14,20.85
2020-07-17,1.48,28.42,20.15
2020-07-18,22.16,27.76,17.17
2020-07-19,25.09,27.97,13.8
2020-07-20,34.47,27.53,6.79
2020-07-21,25.32,27.86,8.24
2020-07-22,46.09,27.36,11.07
2020-07-23,8.58,27.27,14.1
2020-07-24,8.69,27.74,17.6
2020-07-25,2.19,28.1,20.42
2020-07-26,2.79,28.76,18.88
2020-07-27,14.5,28.43,18.06
2020-07-28,22.26,28.27,14.59
2020-07-29,11.24,27.64,13.53
2020-07-30,3.57,28.18,18.03
2020-07-31,2.95,28.57,19.74
2020-08-01,3.36,29.37,19.94
2020-08-02,12.63,29.4,14.43
2020-08-03,2.16,29.99,20.01
2020-08-04,9.19,28.08,16.57
2020-08-05,5.9,28.52,17.71
2020-08-06,2.92,27.69,18.22
2020-08-07,9.1,28.42,19.81
2020-08-08,11.74,28.2,17.74
2020-08-09,1.41,28.02,19.29
2020-08-10,2.43,28.37,19.8
2020-08-11,10.43,28.67,15.96
2020-08-12,4.23,28.85,17.84
2020-08-13,1.66,28.88,22.25
2020-08-14,8.68,28.43,19.27
2020-08-15,24.44,27.64,16.41
2020-08-16,13.66,27.73,14.97
2020-08-17,21.27,27.52,10.11
2020-08-18,6.83,27.45,13.05
2020-08-19,1.9,26.95,18.6
2020-08-20,12.42,26.26,12.82
2020-08-21,6.36,26.35,16.6
2020-08-22,20.79,27.03,12.84
2020-08-23,19.79,27.1,17.88
2020-08-24,33.34,28.25,19.98
2020-08-25,12.68,27.34,16.35
2020-08-26,1.88,27.28,19.5
2020-08-27,4.95,27.02,18.41
2020-08-28,19.44,27.64,14.97
2020-08-29,10.05,27.98,17.4
2020-08-30,6.36,28.38,18.54
2020-08-31,12.23,28.42,8.07
2020-09-01,11.75,27.84,14.08
2020-09-02,20.96,27.49,21.6
2020-09-03,0.9,28.63,22.54
2020-09-04,0.14,28.99,21.02
2020-09-05,1.03,28.72,18.21
2020-09-06,2.14,28.0,20.78
2020-09-07,4.68,27.22,17.1
2020-09-08,0.91,27.93,19.03
2020-09-09,2.37,28.69,17.48
2020-09-10,17.81,28.03,15.09
2020-09-11,19.82,27.68,16.76
2020-09-12,13.79,28.17,16.4
2020-09-13,7.46,27.69,13.85
2020-09-14,8.13,27.62,16.07
2020-09-15,9.04,27.96,11.67
2020-09-16,4.36,27.42,17.68
2020-09-17,11.53,28.18,18.03
2020-09-18,0.46,29.33,20.34
2020-09-19,0.3,29.77,22.57
2020-09-20,3.25,30.49,16.08
2020-09-21,28.27,27.85,15.37
2020-09-22,27.6,27.64,6.99
2020-09-23,34.96,27.57,9.24
2020-09-24,18.32,27.49,5.13
2020-09-25,39.13,27.41,11.82
2020-09-26,35.77,27.45,10.31
2020-09-27,28.43,27.27,13.33
2020-09-28,5.4,27.95,16.89
2020-09-29,2.05,27.82,15.32
2020-09-30,10.73,28.24,12.71
2020-10-01,7.41,27.99,17.55
2020-10-02,11.5,27.85,18.61
2020-10-03,19.35,27.83,18.5
2020-10-04,7.02,27.77,17.08
2020-10-05,9.12,27.22,14.98
2020-10-06,20.63,26.57,14.7
2020-10-07,5.72,26.79,17.23
2020-10-08,1.63,28.12,18.57
2020-10-09,0.22,28.96,19.46
2020-10-10,0.05,29.07,16.31
2020-10-11,3.2,29.23,18.86
2020-10-12,6.86,29.42,16.65
2020-10-13,6.03,29.05,19.07
2020-10-14,12.44,28.44,19.09
2020-10-15,0.72,28.39,19.64
2020-10-16,0.11,28.9,20.22
2020-10-17,4.72,29.02,18.33
2020-10-18,20.36,27.08,11.66
2020-10-19,2.39,27.48,16.17
2020-10-20,5.7,26.94,14.98
2020-10-21,10.09,25.51,12.69
2020-10-22,41.58,25.01,4.1
2020-10-23,90.23,26.01,1.93
2020-10-24,15.59,26.73,9.3
2020-10-25,10.04,26.62,14.45
2020-10-26,0.4,26.6,17.56
2020-10-27,0.0,26.16,18.21
2020-10-28,0.0,25.98,19.22
2020-10-29,1.38,27.05,18.89
2020-10-30,8.75,27.94,18.51
2020-10-31,46.56,25.78,9.74
2020-11-01,16.22,25.45,12.73
2020-11-02,5.68,25.7,12.9
2020-11-03,6.04,25.96,13.86
2020-11-04,9.25,25.96,13.29
2020-11-05,0.02,23.18,16.73
2020-11-06,0.01,20.87,18.65
2020-11-07,0.0,21.85,19.3
2020-11-08,0.0,23.93,19.05
2020-11-09,0.0,24.61,19.17
2020-11-10,0.0,24.14,18.79
2020-11-11,0.0,24.18,18.59
2020-11-12,0.0,25.52,17.92
2020-11-13,0.0,25.23,18.02
2020-11-14,0.0,24.8,18.44
2020-11-15,0.0,23.69,18.45
2020-11-16,0.0,23.37,17.91
2020-11-17,0.0,23.27,16.6
2020-11-18,0.0,23.16,17.03
2020-11-19,0.0,21.64,16.16
2020-11-20,0.0,22.47,15.72
2020-11-21,4.04,22.66,3.87
2020-11-22,3.7,20.9,12.62
2020-11-23,0.01,17.97,16.52
2020-11-24,0.0,19.01,15.51
2020-11-25,0.0,20.68,16.26
2020-11-26,0.0,21.14,15.09
2020-11-27,0.0,21.18,16.39
2020-11-28,0.0,21.16,15.52
2020-11-29,0.0,21.29,17.36
2020-11-30,0.0,20.94,17.42
2020-12-01,0.0,21.65,17.1
2020-12-02,0.0,21.31,16.51
2020-12-03,0.0,21.29,16.09
2020-12-04,0.0,20.73,15.5
2020-12-05,0.0,20.29,15.17
2020-12-06,0.0,20.16,15.29
2020-12-07,0.0,19.25,13.81
2020-12-08,0.0,19.02,12.68
2020-12-09,0.0,18.98,9.93
2020-12-10,0.0,18.54,10.1
2020-12-11,0.0,18.31,10.74
2020-12-12,0.0,18.2,10.83
2020-12-13,0.0,18.65,13.52
2020-12-14,0.0,18.46,15.26
2020-12-15,0.0,17.86,14.26
2020-12-16,0.0,18.29,13.52
2020-12-17,0.0,17.99,12.53
2020-12-18,0.0,16.66,14.05
2020-12-19,0.0,14.35,16.1
2020-12-20,0.0,14.12,16.69
2020-12-21,0.0,15.85,16.38
2020-12-22,0.0,17.14,16.21
2020-12-23,0.08,17.02,16.07
2020-12-24,0.0,17.69,14.82
2020-12-25,0.0,17.54,16.37
2020-12-26,0.0,16.82,16.76
2020-12-27,0.0,16.07,16.8
2020-12-28,0.0,16.47,16.54
2020-12-29,0.0,16.18,16.45
2020-12-30,0.0,16.46,16.44
2020-12-31,0.0,16.97,16.49
2021-01-01,0.0,17.46,16.04
2021-01-02,0.0,17.48,16.89
2021-01-03,0.0,18.07,16.66
2021-01-04,0.0,18.32,16.5
2021-01-05,0.0,18.75,16.41
2021-01-06,0.0,19.49,15.85
2021-01-07,0.0,20.74,15.96
2021-01-08,0.0,20.06,15.15
2021-01-09,0.0,19.18,14.62
2021-01-10,0.0,19.48,11.61
2021-01-11,0.0,20.37,9.52
2021-01-12,0.0,18.75,12.18
2021-01-13,0.0,16.67,13.54
2021-01-14,0.0,15.29,12.31
2021-01-15,0.19,15.38,12.58
2021-01-16,0.0,15.48,13.39
2021-01-17,0.0,15.87,14.65
2021-01-18,0.0,16.29,14.87
2021-01-19,0.0,16.48,11.89
2021-01-20,1.65,17.1,5.53
2021-01-21,0.32,18.49,10.5
2021-01-22,0.33,15.77,14.1
2021-01-23,0.0,15.84,13.45
2021-01-24,0.0,16.61,15.48
2021-01-25,0.0,16.06,16.57
2021-01-26,0.0,15.72,17.27
2021-01-27,0.0,14.89,15.56
2021-01-28,0.0,15.06,15.19
2021-01-29,0.0,16.16,15.13
2021-01-30,0.0,15.68,12.82
2021-01-31,0.0,13.85,16.32
2021-02-01,0.0,13.7,17.3
2021-02-02,0.0,14.18,18.45
2021-02-03,0.0,15.79,19.09
2021-02-04,0.0,18.01,18.52
2021-02-05,0.0,18.69,19.18
2021-02-06,0.0,18.48,19.71
2021-02-07,0.0,17.42,10.46
2021-02-08,0.0,17.49,18.79
2021-02-09,0.0,17.55,19.56
2021-02-10,0.0,18.59,20.15
2021-02-11,0.0,19.59,17.5
2021-02-12,0.0,19.79,16.41
2021-02-13,0.0,19.38,18.71
2021-02-14,0.0,19.79,19.08
2021-02-15,0.0,21.38,16.78
2021-02-16,0.0,20.83,18.02
2021-02-17,0.0,20.39,16.65
2021-02-18,0.0,22.91,18.9
2021-02-19,0.0,22.74,16.36
2021-02-20,0.0,21.95,9.92
2021-02-21,0.0,21.45,21.08
2021-02-22,0.0,20.76,21.61
2021-02-23,0.0,21.49,21.44
2021-02-24,0.0,21.85,18.56
2021-02-25,0.0,22.29,16.19
2021-02-26,0.0,22.76,17.42
2021-02-27,0.0,22.91,19.14
2021-02-28,0.0,24.0,18.16
2021-03-01,0.0,24.59,19.06
2021-03-02,0.0,24.81,20.88
2021-03-03,0.0,24.67,20.61
2021-03-04,0.0,23.89,20.07
2021-03-05,0.0,24.07,17.98
2021-03-06,2.41,24.82,17.01
2021-03-07,2.58,24.89,18.12
2021-03-08,3.16,24.72,15.58
2021-03-09,1.96,25.21,15.53
2021-03-10,5.17,25.53,12.97
2021-03-11,0.19,26.25,18.44
2021-03-12,0.82,27.07,19.48
2021-03-13,1.11,26.81,20.1
2021-03-14,0.11,25.82,20.74
2021-03-15,0.22,25.66,21.92
2021-03-16,0.0,26.57,22.87
2021-03-17,0.0,27.1,23.05
2021-03-18,0.0,27.99,21.93
2021-03-19,0.0,28.11,18.83
2021-03-20,0.0,26.95,18.22
2021-03-21,0.0,28.86,17.79
2021-03-22,0.0,30.06,20.87
2021-03-23,0.0,29.41,22.44
2021-03-24,0.0,29.88,19.85
2021-03-25,0.0,29.98,22.35
2021-03-26,0.0,29.21,21.56
2021-03-27,0.0,29.4,22.15
2021-03-28,0.0,28.09,16.88
2021-03-29,0.22,28.7,19.81
2021-03-30,3.73,28.91,15.71
2021-03-31,3.33,29.07,16.74
2021-04-01,5.64,28.68,22.08
2021-04-02,0.43,28.43,19.89
2021-04-03,0.01,29.15,22.13
2021-04-04,0.13,28.51,20.9
2021-04-05,0.21,28.93,22.78
2021-04-06,0.34,28.66,22.85
2021-04-07,0.0,28.83,21.13
2021-04-08,0.16,29.3,17.33
2021-04-09,1.22,29.67,22.05
2021-04-10,1.26,29.74,16.8
2021-04-11,0.04,30.89,20.66
2021-04-12,0.01,31.64,21.79
2021-04-13,0.0,31.8,20.99
2021-04-14,0.0,30.78,23.62
2021-04-15,0.02,28.49,22.8
2021-04-16,1.31,28.55,21.06
2021-04-17,14.14,27.88,19.17
2021-04-18,11.41,28.19,23.82
2021-04-19,0.87,29.8,21.72
2021-04-20,1.13,29.95,22.87
2021-04-21,0.03,30.3,24.12
2021-04-22,0.45,31.07,18.78
2021-04-23,0.0,30.77,22.48
2021-04-24,0.0,30.71,27.2
2021-04-25,0.0,30.82,25.59
2021-04-26,0.0,31.99,24.05
2021-04-27,0.0,31.91,23.35
2021-04-28,0.0,30.93,21.45
2021-04-29,0.1,30.63,21.16
2021-04-30,0.33,31.48,20.43
2021-05-01,2.79,30.89,20.42
2021-05-02,1.33,31.0,21.36
2021-05-03,12.07,26.78,16.84
2021-05-04,19.57,26.06,12.49
2021-05-05,3.34,26.4,21.82
2021-05-06,0.69,28.46,12.34
2021-05-07,6.39,29.0,20.72
2021-05-08,5.49,29.2,20.84
2021-05-09,4.51,29.69,20.64
2021-05-10,14.69,29.04,22.64
2021-05-11,13.8,28.43,16.6
2021-05-12,7.09,28.33,22.7
2021-05-13,18.99,27.62,15.22
2021-05-14,14.27,28.11,21.29
2021-05-15,8.08,29.77,21.78
2021-05-16,21.6,30.0,17.92
2021-05-17,2.28,31.08,20.83
2021-05-18,2.36,30.81,19.01
2021-05-19,0.91,30.08,19.84
2021-05-20,0.7,30.41,20.34
2021-05-21,2.44,30.76,23.51
2021-05-22,0.09,31.62,25.05
2021-05-23,0.08,32.08,19.58
2021-05-24,11.82,29.39,22.85
2021-05-25,29.37,29.27,19.8
2021-05-26,7.21,27.97,14.78
2021-05-27,0.58,28.76,16.17
2021-05-28,1.08,30.21,22.48
2021-05-29,0.14,30.59,21.23
2021-05-30,0.67,30.34,21.91
2021-05-31,44.28,28.51,13.66
2021-06-01,31.77,28.33,4.24
2021-06-02,19.45,27.66,14.58
2021-06-03,4.1,28.76,16.22
2021-06-04,4.5,28.85,18.29
2021-06-05,57.23,28.84,5.77
2021-06-06,26.65,28.8,3.47
2021-06-07,33.24,28.4,15.3
2021-06-08,19.05,27.51,8.1
2021-06-09,4.24,27.49,19.25
2021-06-10,6.61,27.74,17.25
2021-06-11,15.12,26.94,18.26
2021-06-12,9.08,27.71,19.61
2021-06-13,10.3,28.67,17.29
2021-06-14,5.37,28.6,19.34
2021-06-15,9.27,28.11,18.88
2021-06-16,8.99,27.77,13.81
2021-06-17,11.33,27.18,17.69
2021-06-18,39.99,26.86,13.02
2021-06-19,22.07,26.84,9.35
2021-06-20,17.02,26.69,12.55
2021-06-21,13.92,27.13,12.88
2021-06-22,3.33,27.12,13.36
2021-06-23,3.24,27.8,19.33
2021-06-24,2.87,27.91,20.1
2021-06-25,2.75,27.63,19.18
2021-06-26,9.52,27.9,16.13
2021-06-27,3.5,28.23,20.23
2021-06-28,8.63,27.92,10.86
2021-06-29,13.87,28.15,13.3
2021-06-30,73.03,28.62,9.6
2021-07-01,55.13,27.5,10.61
2021-07-02,23.98,27.43,7.91
2021-07-03,20.63,27.73,12.16
2021-07-04,17.23,27.96,10.63
2021-07-05,2.03,28.26,16.9
2021-07-06,31.37,28.65,16.48
2021-07-07,20.43,28.34,9.08
2021-07-08,6.86,28.23,20.58
2021-07-09,1.55,28.29,20.74
2021-07-10,4.5,28.66,16.81
2021-07-11,22.77,29.61,21.85
2021-07-12,8.89,28.98,21.28
2021-07-13,12.38,27.84,20.46
2021-07-14,5.91,27.89,21.38
2021-07-15,1.84,28.41,21.2
2021-07-16,19.72,28.04,16.33
2021-07-17,7.6,28.2,16.19
2021-07-18,13.07,27.87,17.18
2021-07-19,27.46,27.42,14.9
2021-07-20,10.7,28.6,16.73
2021-07-21,9.18,28.51,17.82
2021-07-22,13.31,28.69,22.15
2021-07-23,15.49,27.68,13.11
2021-07-24,32.21,28.26,14.93
2021-07-25,9.46,28.08,17.93
2021-07-26,1.96,29.01,20.83
2021-07-27,9.0,29.53,17.56
2021-07-28,27.74,28.76,16.68
2021-07-29,43.25,27.43,8.09
2021-07-30,25.73,27.98,11.39
2021-07-31,11.82,27.72,11.47
2021-08-01,15.53,27.94,16.1
2021-08-02,5.85,27.42,16.6
2021-08-03,15.18,28.07,18.1
2021-08-04,4.17,28.44,21.01
2021-08-05,6.44,29.51,20.3
2021-08-06,28.92,27.7,18.52
2021-08-07,29.68,28.19,11.66
2021-08-08,13.28,28.41,11.78
2021-08-09,10.71,28.65,12.43
2021-08-10,12.18,28.63,16.23
2021-08-11,7.77,28.38,16.26
2021-08-12,17.44,27.64,17.22
2021-08-13,26.29,27.97,8.82
2021-08-14,8.63,28.6,13.5
2021-08-15,20.65,27.95,17.72
2021-08-16,9.63,27.88,12.48
2021-08-17,15.74,27.44,12.07
2021-08-18,20.82,27.18,15.31
2021-08-19,9.37,26.92,15.6
2021-08-20,4.27,27.37,15.14
2021-08-21,0.68,27.59,17.14
2021-08-22,3.74,28.08,19.31
2021-08-23,5.98,28.56,16.35
2021-08-24,15.17,28.06,16.57
2021-08-25,21.05,27.12,9.82
2021-08-26,5.06,27.7,15.56
2021-08-27,19.43,27.21,17.61
2021-08-28,7.05,27.13,19.03
2021-08-29,2.18,26.87,15.94
2021-08-30,18.62,26.62,16.02
2021-08-31,4.28,27.68,20.76
2021-09-01,11.8,27.24,13.49
2021-09-02,20.91,27.04,17.95
2021-09-03,4.05,27.77,19.45
2021-09-04,2.66,28.67,19.66
2021-09-05,46.47,28.64,19.62
2021-09-06,21.45,27.82,18.12
2021-09-07,10.23,27.38,19.59
2021-09-08,5.76,27.35,20.17
2021-09-09,4.4,27.69,18.29
2021-09-10,4.82,27.81,17.75
2021-09-11,13.17,28.14,20.94
2021-09-12,1.1,27.87,21.37
2021-09-13,2.28,27.37,19.69
2021-09-14,5.2,27.81,17.61
2021-09-15,25.49,28.41,18.5
2021-09-16,8.58,26.78,18.9
2021-09-17,7.84,27.26,16.24
2021-09-18,24.72,26.77,12.72
2021-09-19,29.37,26.85,12.97
2021-09-20,6.8,26.1,13.11
2021-09-21,2.41,25.98,14.67
2021-09-22,0.7,25.98,20.09
2021-09-23,0.15,27.83,21.33
2021-09-24,0.71,28.37,20.67
2021-09-25,16.87,28.05,15.35
2021-09-26,11.77,28.61,19.82
2021-09-27,27.22,28.25,19.6
2021-09-28,13.64,26.44,14.72
2021-09-29,10.02,26.63,15.91
2021-09-30,16.01,28.6,17.82
2021-10-01,1.32,26.82,18.58
2021-10-02,6.34,27.24,12.15
2021-10-03,2.98,27.26,17.54
2021-10-04,8.71,26.88,16.4
2021-10-05,13.06,27.7,11.4
2021-10-06,5.05,27.41,19.12
2021-10-07,5.3,27.94,17.61
2021-10-08,2.75,28.21,16.09
2021-10-09,4.75,28.55,14.81
2021-10-10,2.06,28.42,17.01
2021-10-11,0.37,28.22,19.75
2021-10-12,9.02,27.41,16.24
2021-10-13,18.92,27.89,16.92
2021-10-14,5.72,28.38,18.52
2021-10-15,2.45,29.06,19.93
2021-10-16,4.12,28.78,19.07
2021-10-17,11.15,27.86,15.46
2021-10-18,34.04,25.63,15.31
2021-10-19,28.15,26.14,12.59
2021-10-20,23.51,26.52,13.97
2021-10-21,9.85,26.11,14.6
2021-10-22,0.27,23.95,12.56
2021-10-23,0.02,23.95,16.14
2021-10-24,0.03,25.18,18.15
2021-10-25,0.17,24.56,17.81
2021-10-26,0.02,24.55,16.52
2021-10-27,0.32,23.98,11.77
2021-10-28,0.04,25.31,14.36
2021-10-29,0.01,25.6,19.42
2021-10-30,0.0,24.87,19.09
2021-10-31,0.0,23.75,18.72
2021-11-01,0.0,22.12,18.27
2021-11-02,0.0,21.72,17.82
2021-11-03,0.0,22.32,16.67
2021-11-04,0.0,22.65,17.09
2021-11-05,0.0,21.52,19.41
2021-11-06,0.0,20.62,19.52
2021-11-07,0.0,20.16,19.27
2021-11-08,0.0,20.82,19.31
2021-11-09,0.0,21.8,18.57
2021-11-10,0.0,22.06,18.11
2021-11-11,0.0,22.61,16.77
2021-11-12,0.01,23.33,13.68
2021-11-13,2.1,22.83,5.73
2021-11-14,6.16,23.46,8.67
2021-11-15,9.84,22.95,6.81
2021-11-16,6.14,22.73,10.68
2021-11-17,1.28,21.78,16.96
2021-11-18,0.0,21.25,17.66
2021-11-19,0.0,21.15,17.76
2021-11-20,0.0,20.92,16.18
2021-11-21,0.0,22.18,14.36
2021-11-22,0.0,22.75,15.94
2021-11-23,0.0,22.14,15.32
2021-11-24,0.0,21.13,14.79
2021-11-25,0.0,20.42,15.5
2021-11-26,0.0,18.52,15.99
2021-11-27,0.0,18.29,16.88
2021-11-28,0.0,18.82,17.26
2021-11-29,0.0,18.27,17.26
2021-11-30,0.0,19.43,17.12
2021-12-01,0.0,20.76,16.68
2021-12-02,0.0,21.67,16.71
2021-12-03,0.13,22.24,16.23
2021-12-04,2.22,22.29,8.72
2021-12-05,25.18,21.82,5.43
2021-12-06,53.23,22.02,2.56
2021-12-07,34.75,23.23,4.63
2021-12-08,4.55,21.98,10.42
2021-12-09,2.0,22.31,12.58
2021-12-10,1.45,19.89,10.35
2021-12-11,0.14,19.16,14.84
2021-12-12,0.0,17.11,16.18
2021-12-13,0.0,16.66,16.46
2021-12-14,0.0,17.46,16.36
2021-12-15,0.0,17.04,16.33
2021-12-16,0.0,16.66,15.97
2021-12-17,0.0,16.78,15.96
2021-12-18,0.0,17.0,16.56
2021-12-19,0.0,16.03,15.57
2021-12-20,0.0,14.73,16.5
2021-12-21,0.0,16.51,14.42
2021-12-22,0.11,16.62,12.74
2021-12-23,0.02,17.18,14.15
2021-12-24,0.03,17.91,15.33
2021-12-25,0.0,18.09,14.56
2021-12-26,0.0,17.3,15.67
2021-12-27,0.0,17.09,15.06
2021-12-28,0.0,17.19,14.96
2021-12-29,0.0,17.19,13.23
2021-12-30,0.0,17.99,14.98
2021-12-31,0.0,17.18,16.17
2022-01-01,0.0,16.52,16.24
2022-01-02,0.0,16.66,14.82
2022-01-03,0.0,16.6,14.43
2022-01-04,0.0,16.6,14.88
2022-01-05,0.0,16.53,14.01
2022-01-06,0.0,17.08,15.28
2022-01-07,0.0,17.78,16.21
2022-01-08,0.0,17.95,16.53
2022-01-09,0.0,18.59,16.74
2022-01-10,0.0,19.34,15.37
2022-01-11,0.0,19.34,15.28
2022-01-12,2.02,18.89,6.05
2022-01-13,2.39,18.28,11.48
2022-01-14,1.42,17.4,4.89
2022-01-15,0.27,17.31,6.5
2022-01-16,0.17,16.56,16.5
2022-01-17,0.0,16.34,17.49
2022-01-18,0.0,16.88,15.29
2022-01-19,0.0,17.61,15.5
2022-01-20,0.01,16.82,12.5
2022-01-21,0.0,17.74,14.41
2022-01-22,0.0,17.84,11.35
2022-01-23,0.14,18.29,12.5
2022-01-24,3.4,16.82,8.33
2022-01-25,1.53,18.14,14.27
2022-01-26,1.4,18.39,10.15
2022-01-27,6.92,17.07,9.07
2022-01-28,0.02,14.32,15.81
2022-01-29,0.0,13.43,17.14
2022-01-30,0.0,14.63,14.45
2022-01-31,0.0,15.48,14.55
2022-02-01,0.07,15.57,12.86
2022-02-02,0.18,17.48,14.26
2022-02-03,0.14,17.76,14.05
2022-02-04,0.87,18.12,12.53
2022-02-05,34.75,17.11,10.77
2022-02-06,2.34,14.99,18.73
2022-02-07,0.0,14.29,18.03
2022-02-08,0.0,15.57,18.47
2022-02-09,0.0,17.18,18.72
2022-02-10,0.0,17.69,6.72
2022-02-11,0.0,17.83,15.48
2022-02-12,0.0,16.32,18.34
2022-02-13,0.0,16.14,20.64
2022-02-14,0.0,16.9,21.34
2022-02-15,0.0,16.96,21.69
2022-02-16,0.0,17.35,21.14
2022-02-17,0.0,17.65,20.54
2022-02-18,0.0,17.69,20.67
2022-02-19,0.0,18.3,20.59
2022-02-20,1.93,18.05,17.29
2022-02-21,1.36,18.84,18.66
2022-02-22,1.72,19.97,18.2
2022-02-23,0.01,20.76,18.32
2022-02-24,0.0,21.38,17.46
2022-02-25,0.31,21.96,16.82
2022-02-26,0.05,22.53,19.89
2022-02-27,0.0,22.36,20.7
2022-02-28,0.03,23.29,17.37
2022-03-01,0.01,22.62,20.95
2022-03-02,0.0,21.31,21.5
2022-03-03,0.0,21.61,21.62
2022-03-04,0.0,22.57,22.35
2022-03-05,0.0,23.86,21.81
2022-03-06,0.0,22.83,22.34
2022-03-07,0.0,23.51,23.41
2022-03-08,0.0,24.17,22.76
2022-03-09,0.0,24.42,22.81
2022-03-10,0.0,23.69,21.58
2022-03-11,0.0,23.65,21.94
2022-03-12,0.0,23.43,21.35
2022-03-13,0.0,24.03,23.1
2022-03-14,0.0,24.91,22.32
2022-03-15,0.0,25.94,21.15
2022-03-16,0.0,25.7,22.53
2022-03-17,0.0,26.36,21.86
2022-03-18,0.0,27.52,22.25
2022-03-19,0.0,26.9,21.72
2022-03-20,0.0,25.54,23.77
2022-03-21,0.0,24.98,24.21
2022-03-22,0.0,26.75,21.62
2022-03-23,0.0,28.76,20.96
2022-03-24,0.02,27.64,18.39
2022-03-25,0.2,27.16,17.11
2022-03-26,0.57,27.47,12.16
2022-03-27,1.86,27.46,17.74
2022-03-28,1.21,27.03,14.85
2022-03-29,4.27,26.8,14.06
2022-03-30,5.98,26.95,13.01
2022-03-31,1.35,27.86,18.01
2022-04-01,0.22,28.26,18.38
2022-04-02,0.1,28.32,16.53
2022-04-03,0.06,27.67,16.74
2022-04-04,0.13,28.32,21.52
2022-04-05,0.45,28.53,20.18
2022-04-06,2.94,28.49,20.41
2022-04-07,0.0,29.53,21.24
2022-04-08,0.0,29.16,23.16
2022-04-09,0.14,28.96,21.24
2022-04-10,2.06,29.12,19.99
2022-04-11,2.9,29.3,16.58
2022-04-12,0.51,29.65,18.11
2022-04-13,0.04,30.05,19.63
2022-04-14,0.13,29.28,16.53
2022-04-15,0.09,29.96,19.67
2022-04-16,0.05,29.53,17.35
2022-04-17,1.04,29.32,19.25
2022-04-18,0.76,29.65,21.23
2022-04-19,4.11,29.57,22.1
2022-04-20,20.4,27.67,6.58
2022-04-21,4.32,27.74,23.03
2022-04-22,10.07,28.15,17.84
2022-04-23,9.48,28.57,22.23
2022-04-24,3.55,29.44,24.11
2022-04-25,0.07,29.99,22.19
2022-04-26,0.42,29.73,22.94
2022-04-27,1.06,29.81,21.69
2022-04-28,0.07,30.98,22.2
2022-04-29,0.04,31.26,22.1
2022-04-30,3.84,30.4,20.33
2022-05-01,0.24,30.82,22.9
2022-05-02,4.9,29.93,17.65
2022-05-03,8.08,28.69,8.86
2022-05-04,15.97,27.84,11.56
2022-05-05,4.8,28.17,20.29
2022-05-06,4.57,28.93,23.0
2022-05-07,1.04,30.17,23.39
2022-05-08,3.71,29.95,22.99
2022-05-09,8.48,28.68,8.61
2022-05-10,19.31,26.69,13.62
2022-05-11,34.46,27.8,13.39
2022-05-12,14.43,28.67,18.98
2022-05-13,42.96,28.42,11.58
2022-05-14,14.8,28.95,17.01
2022-05-15,0.76,29.23,18.61
2022-05-16,2.58,28.63,19.3
2022-05-17,9.36,27.98,13.51
2022-05-18,7.15,27.33,19.3
2022-05-19,28.13,28.36,18.28
2022-05-20,36.82,27.87,19.39
2022-05-21,45.83,27.4,10.97
2022-05-22,19.47,28.45,21.76
2022-05-23,25.56,28.01,20.75
2022-05-24,6.01,28.26,19.94
2022-05-25,15.33,28.25,15.67
2022-05-26,12.72,27.84,18.75
2022-05-27,19.22,28.01,18.28
2022-05-28,13.03,28.14,17.92
2022-05-29,27.51,27.43,13.22
2022-05-30,14.65,27.04,14.54
2022-05-31,5.59,27.52,18.06
2022-06-01,7.36,27.65,17.34
2022-06-02,4.56,27.99,14.38
2022-06-03,18.35,27.92,9.92
2022-06-04,22.08,27.7,10.0
2022-06-05,9.41,27.97,16.82
2022-06-06,5.26,28.03,20.04
2022-06-07,9.75,28.55,17.37
2022-06-08,24.1,28.32,14.64
2022-06-09,13.48,28.05,13.6
2022-06-10,34.98,27.59,16.72
2022-06-11,2.42,27.83,19.73
2022-06-12,0.41,28.32,16.14
2022-06-13,10.49,28.73,13.18
2022-06-14,11.0,28.23,13.1
2022-06-15,19.94,27.5,10.18
2022-06-16,23.47,26.76,13.62
2022-06-17,62.02,26.86,2.78
2022-06-18,44.86,26.91,5.03
2022-06-19,47.41,26.52,4.04
2022-06-20,32.98,26.65,9.56
2022-06-21,20.53,26.62,13.06
2022-06-22,1.34,27.33,19.23
2022-06-23,4.94,27.4,14.82
2022-06-24,4.05,27.12,19.88
2022-06-25,3.41,27.61,20.23
2022-06-26,2.26,27.31,22.14
2022-06-27,1.99,28.07,21.52
2022-06-28,10.31,27.73,19.0
2022-06-29,10.71,27.7,9.79
2022-06-30,11.12,27.24,8.25
2022-07-01,3.07,27.87,18.27
2022-07-02,6.25,27.77,22.58
2022-07-03,5.34,27.72,19.81
2022-07-04,8.27,27.25,22.84
2022-07-05,1.42,28.19,18.22
2022-07-06,19.12,27.46,15.21
2022-07-07,4.86,27.8,21.43
2022-07-08,3.74,27.72,16.84
2022-07-09,1.92,27.8,23.64
2022-07-10,0.94,27.96,23.27
2022-07-11,3.19,27.33,18.49
2022-07-12,2.91,28.34,23.3
2022-07-13,2.16,28.74,23.68
2022-07-14,10.7,28.57,24.48
2022-07-15,8.19,28.52,21.36
2022-07-16,3.88,28.72,21.43
2022-07-17,1.55,28.49,21.99
2022-07-18,6.88,28.35,18.44
2022-07-19,6.3,27.97,18.06
2022-07-20,21.79,28.05,15.02
2022-07-21,2.89,28.22,20.67
2022-07-22,2.2,28.53,21.69
2022-07-23,17.42,27.39,18.97
2022-07-24,1.64,27.62,10.86
2022-07-25,33.02,27.03,14.92
2022-07-26,4.05,27.54,8.87
2022-07-27,2.99,28.58,20.89
2022-07-28,3.31,28.28,15.36
2022-07-29,6.82,28.17,19.73
2022-07-30,5.8,28.67,18.97
2022-07-31,7.01,27.87,15.46
2022-08-01,14.26,28.47,14.57
2022-08-02,22.91,28.98,16.45
2022-08-03,25.28,28.31,18.83
2022-08-04,13.93,28.87,18.98
2022-08-05,10.95,28.43,20.84
2022-08-06,23.15,28.34,19.97
2022-08-07,3.2,29.43,22.31
2022-08-08,8.1,27.63,19.41
2022-08-09,7.64,27.61,20.53
2022-08-10,1.31,27.06,14.59
2022-08-11,2.27,27.5,20.54
2022-08-12,1.37,28.2,20.44
2022-08-13,13.72,27.12,14.73
2022-08-14,7.78,26.89,18.64
2022-08-15,8.75,27.7,18.21
2022-08-16,3.28,28.47,17.4
2022-08-17,5.93,29.31,19.38
2022-08-18,13.86,29.64,20.56
2022-08-19,32.62,28.04,17.83
2022-08-20,3.0,27.62,19.14
2022-08-21,1.37,27.86,20.98
2022-08-22,3.15,28.55,18.73
2022-08-23,29.41,27.78,18.4
2022-08-24,3.0,27.28,19.23
2022-08-25,1.99,28.08,20.49
2022-08-26,1.19,28.17,17.36
2022-08-27,2.21,27.17,11.89
2022-08-28,3.94,27.11,19.06
2022-08-29,0.93,28.02,20.44
2022-08-30,0.55,28.63,20.23
2022-08-31,1.18,28.45,19.98
2022-09-01,4.86,28.38,16.86
2022-09-02,22.91,27.7,14.13
2022-09-03,19.49,28.16,16.06
2022-09-04,27.32,28.54,9.41
2022-09-05,15.76,28.23,15.5
2022-09-06,11.98,28.18,15.95
2022-09-07,7.15,28.11,19.22
2022-09-08,16.3,29.41,21.21
2022-09-09,14.6,27.65,21.33
2022-09-10,16.52,26.88,17.85
2022-09-11,17.03,26.75,18.91
2022-09-12,20.97,26.58,15.18
2022-09-13,30.91,26.77,9.85
2022-09-14,31.89,27.14,5.48
2022-09-15,13.27,27.42,15.8
2022-09-16,5.23,27.74,14.05
2022-09-17,2.35,28.15,19.52
2022-09-18,2.94,28.02,16.57
2022-09-19,15.54,27.41,19.83
2022-09-20,0.52,27.33,19.27
2022-09-21,3.11,27.37,18.58
2022-09-22,3.48,27.0,18.94
2022-09-23,3.55,27.37,12.73
2022-09-24,10.31,26.91,10.34
2022-09-25,4.32,27.61,15.03
2022-09-26,9.54,26.83,17.7
2022-09-27,15.56,27.39,16.97
2022-09-28,5.03,27.07,19.45
2022-09-29,0.33,27.88,19.55
2022-09-30,2.88,28.74,18.11
2022-10-01,19.61,28.38,13.57
2022-10-02,42.14,27.2,12.24
2022-10-03,22.73,26.64,15.59
2022-10-04,5.39,27.66,19.6
2022-10-05,16.31,27.47,18.86
2022-10-06,6.11,27.33,20.01
2022-10-07,1.59,27.48,21.35
2022-10-08,1.36,28.0,18.84
2022-10-09,6.76,27.26,17.42
2022-10-10,12.47,26.99,15.6
2022-10-11,12.57,26.58,17.48
2022-10-12,10.19,26.44,17.54
2022-10-13,9.57,26.75,17.75
2022-10-14,10.79,27.23,18.25
2022-10-15,0.77,26.62,20.27
2022-10-16,1.35,26.53,19.75
2022-10-17,0.07,27.23,18.42
2022-10-18,3.4,27.31,18.05
2022-10-19,2.08,26.39,16.92
2022-10-20,0.22,26.06,20.1
2022-10-21,0.0,26.13,20.45
2022-10-22,0.01,26.38,20.36
2022-10-23,24.72,24.92,8.11
2022-10-24,61.49,23.49,2.64
2022-10-25,20.17,23.93,10.95
2022-10-26,0.26,23.78,18.48
2022-10-27,0.0,23.32,19.74
2022-10-28,0.0,23.37,19.93
2022-10-29,0.0,24.16,19.7
2022-10-30,2.63,25.65,18.76
2022-10-31,0.11,26.02,18.69
2022-11-01,0.0,25.25,19.39
2022-11-02,0.0,25.56,18.69
2022-11-03,0.0,24.94,13.59
2022-11-04,0.0,24.08,18.05
2022-11-05,0.44,25.54,18.03
2022-11-06,2.05,25.2,18.23
2022-11-07,0.04,24.25,18.12
2022-11-08,0.0,23.83,17.13
2022-11-09,0.0,23.65,18.7
2022-11-10,0.0,23.19,18.8
2022-11-11,0.0,22.4,17.6
2022-11-12,0.0,22.51,18.03
2022-11-13,0.01,21.0,18.43
2022-11-14,0.14,21.27,18.3
2022-11-15,0.0,21.72,18.16
2022-11-16,0.0,21.36,18.12
2022-11-17,0.0,21.37,18.36
2022-11-18,0.0,20.3,18.33
2022-11-19,0.0,20.08,17.11
2022-11-20,0.13,22.41,15.23
2022-11-21,0.0,21.7,17.1
2022-11-22,0.0,20.02,17.51
2022-11-23,0.0,19.8,17.4
2022-11-24,0.0,20.14,17.43
2022-11-25,0.08,21.35,17.57
2022-11-26,0.0,22.03,17.34
2022-11-27,0.0,21.69,16.73
2022-11-28,0.01,22.2,14.49
2022-11-29,0.05,23.79,10.48
2022-11-30,0.04,23.24,13.19
2022-12-01,0.01,21.26,15.27
2022-12-02,0.0,20.0,15.7
2022-12-03,0.0,19.91,16.61
2022-12-04,0.0,20.36,16.89
2022-12-05,0.0,19.6,16.76
2022-12-06,0.0,20.15,16.83
2022-12-07,0.0,19.65,16.41
2022-12-08,0.0,19.74,14.17
2022-12-09,0.0,19.39,16.51
2022-12-10,0.0,20.18,16.22
2022-12-11,0.0,19.62,16.37
2022-12-12,0.0,19.07,15.62
2022-12-13,0.0,18.69,14.88
2022-12-14,0.0,18.78,14.73
2022-12-15,0.0,18.19,14.48
2022-12-16,0.0,17.17,13.3
2022-12-17,0.0,18.14,13.34
2022-12-18,0.0,18.72,14.72
2022-12-19,0.0,19.07,14.5
2022-12-20,0.0,19.61,14.89
2022-12-21,0.0,18.63,15.7
2022-12-22,0.0,18.86,15.28
2022-12-23,0.0,18.11,14.81
2022-12-24,0.0,17.59,15.15
2022-12-25,0.01,18.71,13.03
2022-12-26,0.03,19.65,11.98
2022-12-27,4.53,19.5,6.31
2022-12-28,2.65,19.28,7.87
2022-12-29,0.01,16.16,11.85
2022-12-30,0.0,15.75,12.22
2022-12-31,0.0,16.2,14.4
2023-01-01,0.0,15.92,15.15
2023-01-02,0.0,16.24,15.44
2023-01-03,0.0,16.09,16.0
2023-01-04,0.0,14.94,12.03
2023-01-05,0.0,14.93,7.92
2023-01-06,0.0,15.5,6.09
2023-01-07,0.0,16.49,8.88
2023-01-08,0.0,17.86,11.95
2023-01-09,0.0,18.54,15.67
2023-01-10,0.0,18.58,16.77
2023-01-11,0.0,16.84,16.48
2023-01-12,0.0,15.78,16.32
2023-01-13,0.0,16.86,16.0
2023-01-14,0.0,17.51,11.38
2023-01-15,0.0,17.66,11.75
2023-01-16,0.0,17.11,13.66
2023-01-17,0.0,16.09,14.26
2023-01-18,0.0,15.04,15.46
2023-01-19,0.0,14.41,17.29
2023-01-20,0.0,15.02,17.73
2023-01-21,1.01,16.44,17.62
2023-01-22,0.0,17.32,16.98
2023-01-23,0.0,18.15,16.05
2023-01-24,0.0,18.96,16.9
2023-01-25,0.0,19.77,16.61
2023-01-26,0.0,20.23,15.11
2023-01-27,0.0,20.37,15.55
2023-01-28,0.0,19.99,16.39
2023-01-29,0.0,19.46,15.93
2023-01-30,0.0,20.12,18.92
2023-01-31,0.01,20.41,18.28
2023-02-01,0.0,20.5,11.39
2023-02-02,0.0,18.2,18.39
2023-02-03,0.0,17.94,19.41
2023-02-04,0.0,18.45,17.48
2023-02-05,0.0,19.35,17.66
2023-02-06,0.0,20.25,16.79
2023-02-07,0.0,19.39,17.11
2023-02-08,0.0,20.34,16.83
2023-02-09,0.0,21.23,15.34
2023-02-10,0.0,20.79,17.11
2023-02-11,0.0,20.62,18.56
2023-02-12,0.0,20.98,15.7
2023-02-13,0.0,19.37,21.1
2023-02-14,0.0,19.0,20.93
2023-02-15,0.0,19.72,20.14
2023-02-16,0.0,20.05,20.02
2023-02-17,0.0,20.71,20.24
2023-02-18,0.0,22.24,18.61
2023-02-19,0.0,23.09,15.98
2023-02-20,0.0,23.66,14.25
2023-02-21,0.0,23.2,13.76
2023-02-22,0.0,24.05,15.3
2023-02-23,0.03,24.19,17.09
2023-02-24,0.14,24.56,18.89
2023-02-25,0.17,24.4,19.21
2023-02-26,0.09,24.91,20.96
2023-02-27,0.0,25.1,20.34
2023-02-28,0.0,24.24,20.28
2023-03-01,0.0,23.49,19.37
2023-03-02,0.0,24.84,20.88
2023-03-03,0.0,25.06,20.55
2023-03-04,0.0,27.02,21.09
2023-03-05,0.0,26.97,20.65
2023-03-06,0.0,27.68,21.16
2023-03-07,0.0,26.67,22.12
2023-03-08,0.0,26.04,18.96
2023-03-09,0.0,26.61,16.57
2023-03-10,0.0,24.92,14.49
2023-03-11,0.0,26.96,18.27
2023-03-12,0.0,26.85,20.0
2023-03-13,0.0,27.52,22.0
2023-03-14,0.01,27.07,18.79
2023-03-15,0.34,26.86,10.95
2023-03-16,1.67,25.35,14.28
2023-03-17,0.34,25.53,10.19
2023-03-18,3.88,25.29,13.4
2023-03-19,10.48,23.31,7.85
2023-03-20,18.55,22.38,12.6
2023-03-21,28.34,23.48,16.04
2023-03-22,16.64,23.47,18.21
2023-03-23,5.33,23.38,21.26
2023-03-24,3.7,24.28,21.72
2023-03-25,3.88,25.06,18.26
2023-03-26,1.2,26.15,19.72
2023-03-27,1.44,26.49,17.14
2023-03-28,2.67,26.64,17.83
2023-03-29,18.09,26.01,11.55
2023-03-30,6.43,25.43,17.21
2023-03-31,31.31,25.28,18.9
2023-04-01,43.93,24.26,10.43
2023-04-02,4.76,24.25,23.4
2023-04-03,7.61,24.83,21.28
2023-04-04,1.29,26.0,20.48
2023-04-05,2.94,26.55,16.56
2023-04-06,4.79,27.09,22.8
2023-04-07,2.01,27.59,25.13
2023-04-08,0.0,27.54,25.82
2023-04-09,0.68,27.87,25.18
2023-04-10,2.71,27.5,24.45
2023-04-11,0.0,28.12,23.9
2023-04-12,0.0,28.35,25.47
2023-04-13,0.0,28.07,25.53
2023-04-14,0.0,29.12,25.5
2023-04-15,0.0,30.15,22.77
2023-04-16,0.0,29.33,23.15
2023-04-17,0.0,29.08,22.38
2023-04-18,0.01,29.43,22.2
2023-04-19,0.0,29.2,21.53
2023-04-20,0.08,29.49,21.96
2023-04-21,5.66,29.23,14.63
2023-04-22,3.15,28.71,21.86
2023-04-23,5.82,27.56,13.88
2023-04-24,0.25,27.95,23.91
2023-04-25,0.0,29.15,25.65
2023-04-26,0.0,29.66,25.01
2023-04-27,0.55,30.26,24.76
2023-04-28,3.97,28.82,22.69
2023-04-29,3.87,29.72,24.48
2023-04-30,2.23,28.97,22.78
2023-05-01,0.05,29.22,20.53
2023-05-02,0.01,29.59,22.89
2023-05-03,4.03,29.05,15.31
2023-05-04,8.33,28.54,13.1
2023-05-05,1.38,28.85,19.87
2023-05-06,1.8,29.78,19.97
2023-05-07,0.61,30.92,23.75
2023-05-08,0.0,31.78,26.16
2023-05-09,0.0,32.06,22.36
2023-05-10,0.0,32.45,23.57
2023-05-11,0.08,31.93,24.17
2023-05-12,0.1,30.83,19.12
2023-05-13,1.63,31.1,8.63
2023-05-14,1.64,28.79,7.63
2023-05-15,1.23,28.93,24.52
2023-05-16,10.69,29.29,21.79
2023-05-17,23.22,27.71,10.91
2023-05-18,18.52,27.25,11.34
2023-05-19,2.12,27.43,17.89
2023-05-20,2.96,28.06,22.71
2023-05-21,5.63,28.07,23.4
2023-05-22,19.25,27.73,21.87
2023-05-23,19.15,27.35,13.96
2023-05-24,27.99,26.41,11.36
2023-05-25,3.04,26.9,22.19
2023-05-26,8.32,27.82,22.41
2023-05-27,15.45,27.47,18.25
2023-05-28,5.63,28.43,24.82
2023-05-29,0.62,29.86,26.52
2023-05-30,0.0,30.55,25.53
2023-05-31,0.01,31.21,25.06
2023-06-01,0.4,29.33,21.68
2023-06-02,0.27,29.24,22.72
2023-06-03,2.16,29.37,21.93
2023-06-04,2.43,29.53,22.05
2023-06-05,0.87,30.53,24.74
2023-06-06,0.26,30.73,22.2
2023-06-07,5.7,30.39,15.35
2023-06-08,33.67,29.63,6.18
2023-06-09,40.18,27.68,13.09
2023-06-10,15.81,28.34,6.94
2023-06-11,31.84,28.39,10.37
2023-06-12,18.71,28.11,11.17
2023-06-13,13.4,28.66,17.86
2023-06-14,21.03,28.33,12.58
2023-06-15,17.65,28.17,12.03
2023-06-16,30.61,28.29,12.94
2023-06-17,22.9,28.36,9.63
2023-06-18,57.47,28.1,9.08
2023-06-19,16.97,27.69,9.67
2023-06-20,11.12,28.21,16.1
2023-06-21,10.03,28.09,18.74
2023-06-22,5.08,27.74,17.31
2023-06-23,6.89,27.89,20.46
2023-06-24,10.77,28.01,20.13
2023-06-25,3.98,27.64,22.96
2023-06-26,10.9,27.29,19.33
2023-06-27,34.39,27.68,10.54
2023-06-28,40.52,27.71,12.71
2023-06-29,28.7,28.15,14.56
2023-06-30,36.58,28.0,13.32
2023-07-01,29.12,28.8,14.73
2023-07-02,9.81,28.25,17.69
2023-07-03,3.62,28.88,18.5
2023-07-04,3.56,29.13,21.96
2023-07-05,30.34,28.9,20.44
2023-07-06,12.49,28.4,18.33
2023-07-07,5.18,27.85,19.14
2023-07-08,5.18,27.95,20.22
2023-07-09,7.72,28.57,13.23
2023-07-10,5.71,28.62,16.93
2023-07-11,3.22,28.27,16.03
2023-07-12,4.19,27.51,19.42
2023-07-13,5.97,27.79,18.16
2023-07-14,10.88,27.63,18.4
2023-07-15,1.7,28.38,20.42
2023-07-16,7.78,27.5,17.67
2023-07-17,3.86,27.7,14.12
2023-07-18,4.94,28.51,23.61
2023-07-19,10.21,28.8,24.53
2023-07-20,3.04,28.77,21.96
2023-07-21,1.91,29.22,21.62
2023-07-22,3.86,29.16,22.86
2023-07-23,1.77,28.39,21.29
2023-07-24,0.91,29.43,22.86
2023-07-25,3.87,29.44,23.14
2023-07-26,10.03,28.3,21.12
2023-07-27,9.06,28.71,18.2
2023-07-28,12.03,28.63,18.54
2023-07-29,6.32,28.78,19.66
2023-07-30,0.29,29.9,23.57
2023-07-31,21.65,30.61,23.58
2023-08-01,22.83,29.58,18.66
2023-08-02,11.81,28.2,12.02
2023-08-03,32.76,27.95,5.8
2023-08-04,31.25,27.9,9.54
2023-08-05,4.84,27.98,12.66
2023-08-06,67.5,27.6,4.16
2023-08-07,78.28,27.89,5.34
2023-08-08,46.65,27.62,5.37
2023-08-09,6.8,28.11,16.63
2023-08-10,6.5,27.41,11.94
2023-08-11,7.04,27.6,13.29
2023-08-12,13.92,26.67,12.95
2023-08-13,12.73,27.69,9.17
2023-08-14,11.68,27.65,14.12
2023-08-15,20.84,28.58,10.96
2023-08-16,12.27,28.78,15.5
2023-08-17,6.99,28.5,19.55
2023-08-18,4.41,28.35,21.04
2023-08-19,3.75,27.62,19.03
2023-08-20,1.44,28.44,18.57
2023-08-21,2.35,27.75,19.51
2023-08-22,2.92,27.24,12.46
2023-08-23,2.61,27.62,15.93
2023-08-24,12.88,28.33,15.56
2023-08-25,4.87,27.99,15.26
2023-08-26,48.76,28.2,9.8
2023-08-27,19.08,28.17,8.55
2023-08-28,9.24,28.65,13.89
2023-08-29,3.05,29.09,20.11
2023-08-30,0.3,29.39,19.01
2023-08-31,13.67,28.34,17.09
2023-09-01,11.74,28.66,15.42
2023-09-02,5.36,29.5,16.77
2023-09-03,28.16,27.49,17.45
2023-09-04,16.34,27.86,18.58
2023-09-05,7.06,28.84,18.73
2023-09-06,2.07,28.67,18.63
2023-09-07,19.02,27.73,18.32
2023-09-08,18.47,27.29,12.55
2023-09-09,0.3,28.56,20.39
2023-09-10,4.94,28.71,14.59
2023-09-11,10.45,28.63,17.26
2023-09-12,18.42,28.41,18.44
2023-09-13,2.66,28.35,18.69
2023-09-14,4.22,27.59,17.97
2023-09-15,1.97,27.84,20.74
2023-09-16,0.83,28.16,20.98
2023-09-17,1.12,29.48,20.93
2023-09-18,32.49,27.72,13.86
2023-09-19,18.87,27.75,16.17
2023-09-20,15.31,27.18,14.2
2023-09-21,18.59,27.2,15.31
2023-09-22,11.09,27.53,13.11
2023-09-23,25.95,27.61,15.92
2023-09-24,4.58,27.54,18.35
2023-09-25,7.74,28.07,19.92
2023-09-26,16.94,29.42,19.99
2023-09-27,8.69,28.47,15.59
2023-09-28,1.79,28.88,19.92
2023-09-29,6.63,28.36,18.28
2023-09-30,5.09,27.83,18.11
2023-10-01,3.03,27.64,19.27
2023-10-02,5.11,27.22,17.17
2023-10-03,12.26,27.14,13.63
2023-10-04,29.03,26.54,11.56
2023-10-05,30.64,26.79,7.96
2023-10-06,28.83,27.46,3.33
2023-10-07,9.57,27.3,11.28
2023-10-08,8.71,27.64,11.72
2023-10-09,13.37,27.87,15.45
2023-10-10,0.53,28.58,17.59
2023-10-11,0.35,27.89,16.57
2023-10-12,18.11,27.83,13.06
2023-10-13,3.83,27.56,17.04
2023-10-14,0.02,26.73,17.92
2023-10-15,0.02,26.3,19.01
2023-10-16,0.0,26.15,20.27
2023-10-17,0.0,26.32,20.66
2023-10-18,0.22,26.19,19.85
2023-10-19,0.02,25.23,19.42
2023-10-20,0.0,25.03,20.37
2023-10-21,0.0,25.14,20.16
2023-10-22,3.63,26.21,15.86
2023-10-23,3.44,25.63,9.05
2023-10-24,6.21,24.44,6.06
2023-10-25,6.36,25.69,13.95
2023-10-26,6.49,26.25,17.16
2023-10-27,0.61,24.86,18.06
2023-10-28,0.0,24.0,19.27
2023-10-29,0.0,23.76,18.37
2023-10-30,0.0,24.77,19.72
2023-10-31,0.0,25.16,18.96
2023-11-01,0.0,25.25,19.41
2023-11-02,0.0,25.05,19.47
2023-11-03,0.0,24.81,17.89
2023-11-04,0.0,25.04,15.6
2023-11-05,0.77,23.97,15.75
2023-11-06,0.01,23.05,18.08
2023-11-07,0.0,22.45,16.41
2023-11-08,0.0,22.44,16.52
2023-11-09,0.0,22.33,17.64
2023-11-10,0.0,22.78,18.19
2023-11-11,0.0,22.99,18.17
2023-11-12,0.0,22.78,17.9
2023-11-13,0.0,23.14,18.35
2023-11-14,0.0,23.62,17.78
2023-11-15,0.0,23.59,15.98
2023-11-16,30.8,23.48,5.06
2023-11-17,94.9,22.81,1.69
2023-11-18,18.85,22.89,9.19
2023-11-19,0.92,23.81,16.12
2023-11-20,0.03,24.02,15.77
2023-11-21,0.1,23.5,9.29
2023-11-22,0.09,22.02,15.47
2023-11-23,0.0,21.21,16.13
2023-11-24,0.0,22.25,16.37
2023-11-25,0.0,21.57,17.02
2023-11-26,0.0,21.87,17.49
2023-11-27,0.0,22.72,16.73
2023-11-28,0.0,23.85,15.55
2023-11-29,0.0,21.92,10.44
2023-11-30,0.0,21.73,16.57
2023-12-01,0.0,21.48,16.44
2023-12-02,0.0,22.38,15.54
2023-12-03,0.0,22.28,14.04
2023-12-04,0.0,22.5,10.58
2023-12-05,0.0,22.04,5.64
2023-12-06,2.28,21.61,5.48
2023-12-07,20.91,20.97,4.15
2023-12-08,22.85,21.33,5.73
2023-12-09,1.61,20.25,13.92
2023-12-10,0.0,18.31,10.03
2023-12-11,0.0,18.01,12.59
2023-12-12,0.06,18.43,10.77
2023-12-13,0.0,18.19,12.22
2023-12-14,0.0,16.96,15.0
2023-12-15,0.0,16.51,15.15
2023-12-16,0.0,17.36,15.71
2023-12-17,0.0,17.66,16.41
2023-12-18,0.0,17.93,16.06
2023-12-19,0.0,18.0,15.97
2023-12-20,0.0,17.96,15.82
2023-12-21,0.0,18.87,14.08
2023-12-22,0.0,19.42,12.94
2023-12-23,0.0,20.0,11.97
2023-12-24,0.01,20.89,12.74
2023-12-25,0.0,20.76,13.99
2023-12-26,0.0,20.49,13.79
2023-12-27,0.0,20.01,14.17
2023-12-28,0.0,20.23,14.67
2023-12-29,0.0,20.07,15.95
2023-12-30,0.0,19.86,15.62
2023-12-31,0.0,18.85,15.2
2024-01-01,0.0,17.72,13.14
2024-01-02,0.97,16.79,12.36
2024-01-03,0.0,16.97,10.34
2024-01-04,0.0,16.7,8.33
2024-01-05,0.0,16.65,13.82
2024-01-06,0.0,17.82,15.51
2024-01-07,0.0,17.77,15.23
2024-01-08,0.0,16.95,15.93
2024-01-09,0.0,16.24,11.43
2024-01-10,0.0,16.17,11.12
2024-01-11,0.0,15.86,14.57
2024-01-12,0.0,14.78,8.11
2024-01-13,0.0,14.77,8.47
2024-01-14,0.0,15.4,7.02
2024-01-15,0.0,15.84,10.78
2024-01-16,0.0,15.14,10.79
2024-01-17,0.0,15.2,11.0
2024-01-18,0.03,15.59,10.58
2024-01-19,0.66,16.98,13.21
2024-01-20,1.33,15.5,15.04
2024-01-21,0.0,14.94,12.96
2024-01-22,0.0,13.66,9.63
2024-01-23,0.0,14.15,13.41
2024-01-24,0.96,15.44,13.31
2024-01-25,0.11,16.31,14.1
2024-01-26,1.06,14.97,14.74
2024-01-27,0.01,14.53,13.23
2024-01-28,0.0,14.61,16.51
2024-01-29,0.0,15.72,16.14
2024-01-30,0.0,17.2,17.05
2024-01-31,0.02,18.8,9.35
2024-02-01,0.51,19.42,10.46
2024-02-02,1.82,18.97,6.72
2024-02-03,0.41,19.24,15.89
2024-02-04,0.0,18.56,17.7
2024-02-05,0.0,19.12,16.72
2024-02-06,0.0,20.12,9.91
2024-02-07,0.0,19.89,10.83
2024-02-08,0.0,17.02,18.81
2024-02-09,0.0,15.77,19.02
2024-02-10,0.0,16.99,20.03
2024-02-11,0.0,18.13,19.9
2024-02-12,0.0,19.5,16.32
2024-02-13,0.0,20.01,18.47
2024-02-14,0.0,21.31,14.63
2024-02-15,0.16,21.53,16.03
2024-02-16,0.12,21.1,18.09
2024-02-17,0.04,20.05,18.78
2024-02-18,0.0,20.34,18.51
2024-02-19,0.0,20.18,19.84
2024-02-20,0.05,20.97,13.61
2024-02-21,0.57,23.18,14.74
2024-02-22,6.93,23.46,11.69
2024-02-23,23.07,21.98,9.44
2024-02-24,2.61,21.27,18.43
2024-02-25,0.0,20.37,16.21
2024-02-26,0.02,20.05,20.71
2024-02-27,0.0,20.93,17.88
2024-02-28,0.0,22.1,19.57
2024-02-29,0.0,22.28,19.66
2024-03-01,0.0,21.3,21.45
2024-03-02,0.0,21.75,20.46
2024-03-03,0.0,22.8,20.51
2024-03-04,0.02,23.78,9.19
2024-03-05,0.05,23.84,21.54
2024-03-06,0.0,23.19,23.46
2024-03-07,0.0,22.85,21.59
2024-03-08,0.0,22.92,22.45
2024-03-09,0.0,22.44,22.92
2024-03-10,0.0,21.99,23.63
2024-03-11,0.0,22.2,23.25
2024-03-12,0.0,24.16,21.72
2024-03-13,0.01,25.15,20.57
2024-03-14,7.07,25.47,14.65
2024-03-15,8.64,26.17,20.09
2024-03-16,15.9,26.31,20.99
2024-03-17,0.09,27.11,20.33
2024-03-18,0.06,27.17,17.01
2024-03-19,1.14,27.31,12.76
2024-03-20,0.23,24.94,18.41
2024-03-21,2.24,23.64,8.07
2024-03-22,6.5,22.62,17.39
2024-03-23,7.06,23.48,21.46
2024-03-24,15.38,25.07,18.88
2024-03-25,10.06,25.42,19.18
2024-03-26,16.82,26.39,21.34
2024-03-27,0.07,26.62,20.92
2024-03-28,12.43,26.2,14.15
2024-03-29,6.1,25.48,14.39
2024-03-30,12.06,26.48,14.71
2024-03-31,18.46,26.99,13.77
2024-04-01,10.95,27.3,19.69
2024-04-02,0.16,27.84,20.09
2024-04-03,0.47,28.15,22.28
2024-04-04,0.34,28.22,22.04
2024-04-05,0.09,28.13,14.98
2024-04-06,0.08,29.14,21.8
2024-04-07,0.6,28.49,7.25
2024-04-08,0.18,28.72,16.23
2024-04-09,0.0,28.63,20.13
2024-04-10,0.0,28.69,14.55
2024-04-11,0.0,27.53,16.34
2024-04-12,0.0,29.29,20.26
2024-04-13,0.0,28.85,23.33
2024-04-14,0.0,29.6,20.87
2024-04-15,0.0,31.08,20.19
2024-04-16,1.19,30.59,19.42
2024-04-17,10.95,29.51,18.24
2024-04-18,18.21,28.91,22.27
2024-04-19,7.54,29.2,23.76
2024-04-20,2.17,30.06,24.64
2024-04-21,0.48,29.9,23.14
2024-04-22,0.92,30.12,18.86
2024-04-23,0.09,30.06,20.44
2024-04-24,0.06,30.5,22.23
2024-04-25,0.03,31.57,23.2
2024-04-26,0.93,30.99,23.69
2024-04-27,1.13,30.98,23.75
2024-04-28,0.95,31.42,23.56
2024-04-29,1.36,31.78,23.53
2024-04-30,0.34,31.55,22.13
2024-05-01,1.06,31.38,21.84
2024-05-02,17.14,29.96,15.56
2024-05-03,5.44,30.37,23.62
2024-05-04,11.11,29.56,21.89
2024-05-05,27.39,28.03,21.23
2024-05-06,43.29,27.52,11.28
2024-05-07,18.76,26.62,21.79
2024-05-08,14.26,25.56,13.12
2024-05-09,0.06,26.94,23.48
2024-05-10,7.76,27.61,20.11
2024-05-11,30.11,26.86,12.98
2024-05-12,1.31,27.43,21.58
2024-05-13,0.52,28.14,24.11
2024-05-14,0.18,28.69,25.5
2024-05-15,0.01,28.72,24.78
2024-05-16,0.0,29.19,23.54
2024-05-17,0.19,29.43,20.56
2024-05-18,13.9,28.54,9.69
2024-05-19,13.26,28.41,11.42
2024-05-20,13.19,28.89,17.79
2024-05-21,6.02,29.58,22.42
2024-05-22,7.33,29.96,22.23
2024-05-23,1.73,30.6,25.68
2024-05-24,3.46,31.28,26.02
2024-05-25,6.84,30.53,25.61
2024-05-26,43.65,29.14,15.12
2024-05-27,66.3,28.35,3.54
2024-05-28,110.68,28.43,8.92
2024-05-29,8.35,29.6,17.05
2024-05-30,9.0,29.21,16.64
2024-05-31,4.2,29.29,17.64
2024-06-01,0.87,29.48,21.9
2024-06-02,5.99,29.08,20.56
2024-06-03,37.18,28.34,13.91
2024-06-04,20.21,28.23,17.74
2024-06-05,18.85,29.14,20.87
2024-06-06,21.61,28.58,13.83
2024-06-07,21.11,28.88,12.06
2024-06-08,33.65,28.71,14.39
2024-06-09,30.26,28.97,9.0
2024-06-10,8.51,28.88,8.79
2024-06-11,5.38,29.15,20.87
2024-06-12,5.66,28.6,12.86
2024-06-13,37.13,28.28,11.68
2024-06-14,28.17,28.59,9.03
2024-06-15,17.55,29.01,8.23
2024-06-16,9.88,29.21,13.53
2024-06-17,8.55,28.94,11.76
2024-06-18,17.86,28.8,5.16
2024-06-19,45.05,28.46,5.91
2024-06-20,10.19,28.11,12.82
2024-06-21,7.65,29.08,18.34
2024-06-22,10.96,28.35,19.49
2024-06-23,7.88,28.86,20.77
2024-06-24,3.31,28.35,17.72
2024-06-25,1.12,29.19,19.12
2024-06-26,7.83,29.69,7.66
2024-06-27,20.94,28.06,19.87
2024-06-28,19.35,28.33,14.11
2024-06-29,36.78,28.59,8.17
2024-06-30,30.27,28.14,11.53
2024-07-01,71.42,27.86,3.95
2024-07-02,45.07,27.93,13.46
2024-07-03,15.28,27.66,14.62
2024-07-04,15.19,27.52,13.61
2024-07-05,12.47,27.58,11.73
2024-07-06,4.64,27.67,19.95
2024-07-07,4.52,28.45,20.97
2024-07-08,2.3,28.06,16.57
2024-07-09,6.36,28.46,15.59
2024-07-10,15.55,28.66,14.04
2024-07-11,23.37,28.36,16.87
2024-07-12,24.27,28.15,16.05
2024-07-13,14.12,28.14,15.94
2024-07-14,2.28,28.91,20.9
2024-07-15,1.97,29.17,21.12
2024-07-16,5.84,29.0,20.14
2024-07-17,0.85,29.02,19.87
2024-07-18,3.91,29.58,22.41
2024-07-19,7.81,29.24,20.19
2024-07-20,5.05,28.62,20.83
2024-07-21,5.21,28.07,18.38
2024-07-22,3.58,28.03,14.5
2024-07-23,3.77,28.19,15.62
2024-07-24,6.74,28.46,18.03
2024-07-25,5.63,29.52,19.95
2024-07-26,1.92,29.4,20.19
2024-07-27,1.31,28.93,21.09
2024-07-28,1.05,28.98,19.63
2024-07-29,11.5,28.64,18.91
2024-07-30,9.97,28.58,15.39
2024-07-31,5.83,28.34,15.51
2024-08-01,98.35,27.56,5.62
2024-08-02,92.46,27.1,2.52
2024-08-03,28.35,27.81,11.92
2024-08-04,26.77,28.25,18.61
2024-08-05,9.64,27.51,18.27
2024-08-06,5.08,27.66,17.43
2024-08-07,12.25,27.12,16.37
2024-08-08,19.25,27.12,12.64
2024-08-09,10.85,27.48,12.12
2024-08-10,19.73,27.91,11.49
2024-08-11,27.04,28.16,9.95
2024-08-12,37.55,28.15,12.79
2024-08-13,7.88,28.51,18.66
2024-08-14,10.29,28.78,19.99
2024-08-15,2.18,28.2,20.71
2024-08-16,23.24,27.5,12.07
2024-08-17,37.26,27.27,5.97
2024-08-18,42.45,26.82,11.39
2024-08-19,122.76,26.9,2.72
2024-08-20,67.57,27.68,4.25
2024-08-21,74.17,27.47,1.52
2024-08-22,135.46,27.14,4.03
2024-08-23,4.52,26.8,16.73
2024-08-24,6.17,26.8,18.95
2024-08-25,27.34,26.46,14.81
2024-08-26,15.45,26.32,16.51
2024-08-27,2.02,27.53,18.21
2024-08-28,10.32,28.11,10.5
2024-08-29,6.9,28.82,19.93
2024-08-30,4.89,28.48,21.38
2024-08-31,17.51,27.74,19.83
2024-09-01,15.3,28.32,18.45
2024-09-02,18.25,28.73,16.38
2024-09-03,30.52,27.21,18.29
2024-09-04,2.63,27.99,20.07
2024-09-05,17.35,27.5,18.76
2024-09-06,38.61,28.32,19.72
2024-09-07,15.54,28.63,21.0
2024-09-08,7.23,28.8,20.89
2024-09-09,3.14,28.33,19.38
2024-09-10,3.36,28.28,18.22
2024-09-11,14.2,28.83,19.85
2024-09-12,9.33,29.51,18.65
2024-09-13,34.62,28.28,14.01
2024-09-14,17.32,26.69,5.77
2024-09-15,19.03,25.25,5.99
2024-09-16,1.55,27.45,19.34
2024-09-17,2.11,28.77,17.69
2024-09-18,2.19,29.02,18.85
2024-09-19,8.88,29.21,19.02
2024-09-20,12.09,30.41,21.54
2024-09-21,24.96,28.66,6.76
2024-09-22,0.92,30.09,21.0
2024-09-23,2.19,30.05,16.39
2024-09-24,10.1,28.23,18.14
2024-09-25,41.52,26.1,8.74
2024-09-26,15.9,26.41,11.09
2024-09-27,3.34,27.1,19.45
2024-09-28,1.33,27.69,17.65
2024-09-29,9.99,28.22,15.27
2024-09-30,10.03,28.57,5.45
2024-10-01,6.79,29.04,11.26
2024-10-02,12.23,28.45,12.22
2024-10-03,50.05,26.95,7.25
2024-10-04,36.8,27.16,13.24
2024-10-05,43.96,26.9,4.23
2024-10-06,9.62,27.69,17.6
2024-10-07,5.2,27.76,14.44
2024-10-08,1.78,27.69,15.06
2024-10-09,13.3,27.47,15.2
2024-10-10,5.27,27.28,12.26
2024-10-11,12.83,27.11,14.36
2024-10-12,10.86,27.31,11.77
2024-10-13,0.31,26.86,16.95
2024-10-14,0.0,26.25,15.15
2024-10-15,0.0,26.8,14.88
2024-10-16,0.01,27.1,16.1
2024-10-17,0.65,26.77,12.23
2024-10-18,1.81,26.85,11.29
2024-10-19,5.7,27.36,10.01
2024-10-20,0.51,26.35,15.97
2024-10-21,0.03,26.48,17.16
2024-10-22,62.65,27.59,18.69
2024-10-23,140.1,26.01,8.32
2024-10-24,16.77,25.83,10.32
2024-10-25,5.69,26.18,15.82
2024-10-26,1.5,27.02,15.78
2024-10-27,0.09,27.22,17.47
2024-10-28,0.0,26.35,18.7
2024-10-29,0.0,26.85,18.44
2024-10-30,1.0,26.85,16.21
2024-10-31,3.71,27.2,13.42
2024-11-01,5.54,27.17,13.7
2024-11-02,0.13,25.6,16.93
2024-11-03,0.02,24.95,18.26
2024-11-04,0.45,25.4,17.08
2024-11-05,4.77,25.78,14.24
2024-11-06,5.42,24.77,11.82
2024-11-07,5.0,23.88,17.33
2024-11-08,0.0,23.53,18.68
2024-11-09,0.0,24.44,18.63
2024-11-10,0.0,24.19,18.24
2024-11-11,0.0,24.29,17.41
2024-11-12,0.0,24.38,16.73
2024-11-13,0.0,22.72,17.78
2024-11-14,0.0,21.96,18.04
2024-11-15,0.0,22.16,17.57
2024-11-16,0.0,21.89,17.37
2024-11-17,0.0,21.44,16.61
2024-11-18,0.0,21.17,17.76
2024-11-19,0.0,21.7,17.86
2024-11-20,0.0,21.54,15.92
2024-11-21,0.0,21.24,16.63
2024-11-22,0.0,21.0,16.33
2024-11-23,0.0,21.53,15.39
2024-11-24,0.0,20.05,14.58
2024-11-25,0.0,19.95,14.62
2024-11-26,0.0,19.95,15.38
2024-11-27,0.0,20.26,16.04
2024-11-28,0.0,20.77,13.86
2024-11-29,0.0,22.53,14.31
2024-11-30,0.24,22.59,14.15
2024-12-01,3.75,20.87,15.52
2024-12-02,0.01,20.26,12.68
2024-12-03,0.0,20.43,15.73
2024-12-04,0.0,18.6,16.09
2024-12-05,0.0,19.03,14.28
2024-12-06,0.0,18.39,13.71
2024-12-07,0.0,17.25,14.96
2024-12-08,0.0,17.55,15.74
2024-12-09,0.0,16.99,14.68
2024-12-10,0.0,17.42,12.23
2024-12-11,0.0,16.01,14.23
2024-12-12,0.0,15.59,7.74
2024-12-13,0.0,16.12,8.47
2024-12-14,0.0,16.06,12.85
2024-12-15,0.0,15.6,16.16
2024-12-16,0.0,17.38,17.01
2024-12-17,0.0,19.23,12.73
2024-12-18,0.03,19.22,13.59
2024-12-19,0.0,18.57,14.15
2024-12-20,0.0,17.57,13.0
2024-12-21,0.16,17.5,3.88
2024-12-22,0.07,16.66,15.45
2024-12-23,0.01,16.87,16.2
2024-12-24,0.0,17.33,15.63
2024-12-25,0.0,17.54,9.92
2024-12-26,0.0,17.77,14.11
2024-12-27,0.0,18.64,15.83
2024-12-28,0.0,18.8,16.51
2024-12-29,0.0,19.38,15.06
2024-12-30,0.0,18.52,15.63
2024-12-31,0.0,16.85,14.41
2025-01-01,0.0,16.03,8.43
2025-01-02,0.0,16.3,8.49
2025-01-03,0.0,16.57,7.8
2025-01-04,0.0,18.06,12.72
2025-01-05,0.0,19.67,14.63
2025-01-06,0.0,19.95,15.48
2025-01-07,0.0,19.27,13.64
2025-01-08,0.0,17.75,6.71
2025-01-09,0.0,15.39,13.2
2025-01-10,0.0,15.56,16.64
2025-01-11,0.0,17.21,17.2
2025-01-12,0.0,18.62,17.05
2025-01-13,0.0,18.63,16.35
2025-01-14,0.0,17.43,15.69
2025-01-15,0.0,17.3,15.9
2025-01-16,0.0,18.95,16.62
2025-01-17,0.0,18.7,17.29
2025-01-18,0.0,17.58,16.84
2025-01-19,0.0,16.41,17.1
2025-01-20,0.0,16.72,16.37
2025-01-21,0.0,17.3,15.34
2025-01-22,0.0,17.49,13.76
2025-01-23,0.0,17.81,10.65
2025-01-24,0.0,17.67,14.42
2025-01-25,0.0,17.65,11.98
2025-01-26,0.0,16.29,15.91
2025-01-27,0.0,17.16,15.43
2025-01-28,0.0,18.49,13.4
2025-01-29,0.0,18.57,12.48
2025-01-30,0.09,18.2,11.63
2025-01-31,1.16,20.8,7.28
2025-02-01,0.48,21.57,14.58
2025-02-02,0.0,20.08,11.67
2025-02-03,0.0,19.87,14.84
2025-02-04,0.0,19.35,15.87
2025-02-05,0.0,19.38,15.07
2025-02-06,0.0,20.76,15.56
2025-02-07,0.0,19.83,18.56
2025-02-08,0.0,17.45,19.82
2025-02-09,0.0,18.11,19.45
2025-02-10,0.06,18.82,17.88
2025-02-11,0.0,18.97,14.01
2025-02-12,0.02,21.53,14.67
2025-02-13,0.04,22.06,14.58
2025-02-14,0.09,21.55,18.37
2025-02-15,0.0,20.66,19.9
2025-02-16,0.0,20.95,19.17
2025-02-17,0.0,21.83,18.42
2025-02-18,0.0,23.08,17.45
2025-02-19,0.04,23.07,14.95
2025-02-20,0.02,23.82,17.98
2025-02-21,0.0,23.73,17.48
2025-02-22,0.0,24.42,17.85
2025-02-23,0.38,23.74,9.3
2025-02-24,0.0,23.0,18.99
2025-02-25,0.0,22.47,20.7
2025-02-26,0.0,22.07,21.81
2025-02-27,0.0,22.87,21.03
2025-02-28,0.0,24.05,16.88
2025-03-01,0.06,24.11,17.33
2025-03-02,0.0,25.74,17.26
2025-03-03,0.0,26.23,15.91
2025-03-04,0.0,25.58,21.79
2025-03-05,0.0,24.5,21.92
2025-03-06,0.0,23.93,22.15
2025-03-07,0.0,22.95,22.86
2025-03-08,0.01,23.35,21.87
2025-03-09,0.24,24.52,21.04
2025-03-10,0.39,24.82,21.68
2025-03-11,0.0,25.78,17.32
2025-03-12,0.0,26.21,18.74
2025-03-13,0.03,27.57,19.56
2025-03-14,0.18,28.21,17.72
2025-03-15,0.11,28.25,19.31
2025-03-16,0.06,28.77,21.12
2025-03-17,0.18,28.67,14.25
2025-03-18,2.01,28.07,16.85
2025-03-19,0.7,28.2,21.56
2025-03-20,0.67,28.29,15.63
2025-03-21,0.12,26.13,10.41
2025-03-22,0.01,24.58,11.54
2025-03-23,0.17,26.18,19.57
2025-03-24,0.45,25.9,22.81
2025-03-25,0.0,26.18,24.12
2025-03-26,0.0,27.77,23.66
2025-03-27,0.0,27.83,19.26
2025-03-28,0.0,29.13,21.51
2025-03-29,0.0,29.39,23.07
2025-03-30,0.0,29.2,22.91
2025-03-31,0.06,29.08,21.6
2025-04-01,0.16,28.89,20.02
2025-04-02,0.12,29.18,20.46
2025-04-03,0.01,29.57,18.92
2025-04-04,0.0,30.42,15.27
2025-04-05,0.0,30.0,21.26
2025-04-06,0.22,30.09,20.53
2025-04-07,1.42,29.36,22.3
2025-04-08,0.63,27.99,18.24
2025-04-09,0.24,29.86,23.72
2025-04-10,0.08,30.26,21.06
2025-04-11,3.18,28.69,20.42
2025-04-12,2.48,29.35,21.95
2025-04-13,0.54,28.24,22.1
2025-04-14,1.06,27.8,20.85
2025-04-15,1.74,28.48,21.57
2025-04-16,8.71,28.43,18.33
2025-04-17,22.01,26.59,13.31
2025-04-18,13.44,26.93,15.76
2025-04-19,18.54,26.76,16.45
2025-04-20,25.6,27.61,18.89
2025-04-21,35.83,28.17,11.08
2025-04-22,18.38,28.1,16.7
2025-04-23,0.72,28.92,16.99
2025-04-24,1.6,29.2,19.18
2025-04-25,1.02,28.71,20.19
2025-04-26,0.63,28.94,22.95
2025-04-27,3.07,28.33,14.17
2025-04-28,7.63,27.04,12.39
2025-04-29,19.81,26.13,21.98
2025-04-30,6.06,27.07,17.17
2025-05-01,3.18,28.47,20.7
2025-05-02,15.61,27.44,24.41
2025-05-03,7.6,27.48,20.9
2025-05-04,3.3,27.07,20.18
2025-05-05,0.63,27.58,22.56
2025-05-06,1.78,28.09,20.22
2025-05-07,0.62,28.29,23.08
2025-05-08,0.49,30.24,21.94
2025-05-09,0.08,30.87,21.56
2025-05-10,0.15,31.05,21.08
2025-05-11,4.83,31.0,19.97
2025-05-12,21.72,28.83,10.49
2025-05-13,14.07,28.55,16.76
2025-05-14,12.68,29.01,18.66
2025-05-15,10.96,28.94,17.34
2025-05-16,20.37,29.02,18.57
2025-05-17,14.23,28.11,18.24
2025-05-18,35.66,28.0,17.18
2025-05-19,9.91,28.17,16.98
2025-05-20,35.77,28.1,13.02
2025-05-21,34.08,27.91,16.29
2025-05-22,17.28,28.4,15.2
2025-05-23,6.53,27.42,17.55
2025-05-24,9.28,28.2,17.96
2025-05-25,4.57,28.25,20.95
2025-05-26,17.37,29.21,19.41
2025-05-27,9.82,29.64,23.3
2025-05-28,14.41,27.72,17.01
2025-05-29,110.09,27.63,4.01
2025-05-30,69.79,28.2,5.84
2025-05-31,40.47,28.28,12.82
2025-06-01,43.21,28.48,3.34
2025-06-02,38.31,28.44,7.23
2025-06-03,22.03,27.93,12.43
2025-06-04,32.18,27.25,7.37
2025-06-05,19.48,27.82,18.52
2025-06-06,24.72,28.19,17.57
2025-06-07,4.59,28.47,19.97
2025-06-08,0.17,29.46,23.25
2025-06-09,0.7,29.38,21.96
2025-06-10,20.98,28.3,22.17
2025-06-11,7.31,28.87,24.89
2025-06-12,13.93,27.95,24.07
2025-06-13,1.7,29.28,23.53
2025-06-14,4.3,28.01,19.1
2025-06-15,7.14,28.02,16.03
2025-06-16,21.08,27.75,20.45
2025-06-17,38.34,27.89,8.09
2025-06-18,30.29,27.67,7.86
2025-06-19,16.9,27.82,9.5
2025-06-20,10.8,28.52,16.0
2025-06-21,21.14,27.92,15.7
2025-06-22,4.88,27.74,20.22
2025-06-23,10.35,27.78,16.17
2025-06-24,2.62,28.28,20.93
2025-06-25,8.45,27.69,18.63
2025-06-26,10.79,27.69,19.03
2025-06-27,14.14,28.01,16.74
2025-06-28,2.88,27.04,20.42
2025-06-29,2.51,27.4,18.78
2025-06-30,6.73,27.69,19.51
2025-07-01,3.04,27.88,19.31
2025-07-02,4.69,28.23,18.57
2025-07-03,3.65,28.27,18.18
2025-07-04,12.8,27.68,17.64
2025-07-05,6.41,27.72,18.14
2025-07-06,7.28,27.0,16.55
2025-07-07,64.0,27.22,10.22
2025-07-08,92.59,26.96,2.54
2025-07-09,76.99,26.83,3.25
2025-07-10,43.4,26.79,8.67
2025-07-11,20.25,27.79,21.88
2025-07-12,10.77,28.13,21.45
2025-07-13,15.92,28.68,18.09
2025-07-14,16.88,27.03,10.44
2025-07-15,6.09,27.53,18.32
2025-07-16,18.35,27.83,18.3
2025-07-17,15.48,28.06,10.83
2025-07-18,14.72,28.31,17.88
2025-07-19,3.49,28.11,17.81
2025-07-20,17.68,28.72,15.6
2025-07-21,22.65,29.06,20.88
2025-07-22,5.18,28.88,19.74
2025-07-23,32.12,29.91,21.37
2025-07-24,48.5,28.69,17.88
2025-07-25,20.04,28.17,18.76
2025-07-26,21.41,28.33,15.87
2025-07-27,27.49,28.19,11.93
2025-07-28,13.6,27.95,12.98
2025-07-29,15.8,27.45,15.66
2025-07-30,11.03,27.53,19.39
2025-07-31,27.86,27.32,14.62
2025-08-01,21.25,28.23,13.66
2025-08-02,6.34,27.66,15.75
2025-08-03,23.6,27.95,11.44
2025-08-04,30.87,27.69,10.38
2025-08-05,28.18,28.01,14.39
2025-08-06,26.51,27.56,12.31
2025-08-07,22.78,27.32,8.78
2025-08-08,24.19,26.16,9.53
2025-08-09,4.8,27.23,16.88
2025-08-10,1.71,27.87,19.15
2025-08-11,0.09,28.47,21.05
2025-08-12,0.23,28.67,14.51
2025-08-13,47.6,27.53,9.75
2025-08-14,8.71,27.47,15.51
2025-08-15,9.16,27.69,20.77
2025-08-16,14.3,28.34,20.08
2025-08-17,9.72,27.76,18.06
2025-08-18,12.44,28.23,20.48
2025-08-19,8.44,27.58,20.46
2025-08-20,12.26,27.45,17.19
2025-08-21,14.14,27.38,14.63
2025-08-22,17.13,27.04,14.53
2025-08-23,18.21,27.16,15.47
2025-08-24,9.22,27.28,16.61
2025-08-25,10.49,27.63,20.46
2025-08-26,8.99,28.42,20.6
2025-08-27,3.09,27.42,21.61
2025-08-28,4.51,27.41,15.49
2025-08-29,7.18,27.41,17.3
2025-08-30,2.27,27.89,17.97
2025-08-31,6.47,27.15,18.99
2025-09-01,7.92,28.49,21.48
2025-09-02,11.02,28.52,19.86
2025-09-03,1.64,28.03,20.85
2025-09-04,4.55,27.52,20.36
2025-09-05,1.86,27.65,21.09
2025-09-06,11.53,28.11,18.37
2025-09-07,31.67,27.94,17.81
2025-09-08,6.66,28.4,18.07
2025-09-09,14.66,28.55,15.69
2025-09-10,4.92,27.54,16.1
2025-09-11,10.38,27.89,13.8
2025-09-12,17.49,27.72,13.1
2025-09-13,12.64,27.49,13.3
2025-09-14,20.66,26.76,6.86
2025-09-15,17.68,26.38,13.7
2025-09-16,12.77,26.27,12.27
2025-09-17,1.41,27.05,17.81
2025-09-18,2.48,27.12,17.94
2025-09-19,7.62,28.55,17.82
2025-09-20,5.59,28.06,17.54
2025-09-21,7.32,27.75,15.37
2025-09-22,61.49,26.68,13.85
2025-09-23,3.34,27.55,19.89
2025-09-24,3.37,28.19,19.07
2025-09-25,20.22,28.13,19.17
2025-09-26,7.78,27.93,17.75
2025-09-27,3.53,27.92,18.02
2025-09-28,18.12,26.95,15.47
2025-09-29,4.31,27.86,16.96
2025-09-30,14.48,28.6,20.05
2025-10-01,29.38,27.41,9.15
2025-10-02,23.96,26.99,6.67
2025-10-03,7.31,27.04,18.11
2025-10-04,9.14,27.27,17.68
2025-10-05,3.54,27.26,15.67
2025-10-06,9.64,26.52,12.29
2025-10-07,6.28,26.82,18.16
2025-10-08,13.73,26.93,15.39
2025-10-09,38.59,27.15,15.87
2025-10-10,20.78,27.51,17.19
2025-10-11,11.05,26.77,10.33
2025-10-12,3.81,26.56,18.96
2025-10-13,0.23,25.78,19.11
2025-10-14,0.0,25.95,19.48
2025-10-15,0.2,25.81,19.7
2025-10-16,2.48,26.31,17.81
2025-10-17,2.64,26.55,19.95
2025-10-18,0.18,27.09,19.54
2025-10-19,0.5,26.92,18.8
2025-10-20,0.32,26.72,19.56
2025-10-21,0.09,26.95,19.52
2025-10-22,0.09,27.44,19.98
2025-10-23,0.58,27.29,19.49
2025-10-24,0.46,26.82,18.51
2025-10-25,0.04,26.53,19.04
2025-10-26,0.0,26.56,18.13
2025-10-27,0.04,26.85,18.56
2025-10-28,0.25,27.8,18.39
2025-10-29,5.02,27.84,16.9
2025-10-30,9.28,27.64,15.59
2025-10-31,0.27,27.95,15.53
2025-11-01,1.84,26.8,11.02
2025-11-02,11.32,26.47,12.32
2025-11-03,0.72,25.07,13.57
2025-11-04,6.14,25.15,13.98
2025-11-05,8.04,25.05,8.0
2025-11-06,3.38,25.74,12.39
2025-11-07,0.16,24.82,17.08
2025-11-08,0.0,23.44,18.08
2025-11-09,0.0,21.87,17.76
2025-11-10,0.0,22.03,17.48
2025-11-11,0.0,21.25,17.82
2025-11-12,0.0,20.35,18.28
2025-11-13,0.0,20.17,18.52
2025-11-14,0.0,20.34,18.12
2025-11-15,0.0,20.07,18.41
2025-11-16,0.0,20.66,18.37
2025-11-17,0.0,21.52,18.09
2025-11-18,0.0,22.18,18.13
2025-11-19,0.0,21.69,17.69
2025-11-20,0.0,20.84,17.69
2025-11-21,0.0,20.62,16.82
2025-11-22,0.0,20.2,16.03
2025-11-23,0.0,19.56,16.32
2025-11-24,0.0,18.54,17.28
2025-11-25,0.0,19.16,17.25
2025-11-26,0.0,19.39,17.47
2025-11-27,0.0,19.92,17.38
2025-11-28,0.0,20.13,17.32
2025-11-29,0.0,20.13,17.13
2025-11-30,0.0,19.88,15.96
2025-12-01,0.0,19.39,15.53
2025-12-02,0.0,19.56,12.39
2025-12-03,0.0,18.06,13.95
2025-12-04,0.0,18.01,16.95
2025-12-05,0.0,18.33,17.22
2025-12-06,0.0,17.71,17.19
2025-12-07,0.0,17.36,16.98
2025-12-08,0.0,17.97,16.04
2025-12-09,0.0,18.8,14.43
2025-12-10,0.0,18.69,16.64
2025-12-11,0.0,18.05,17.12
2025-12-12,0.0,19.18,16.83
2025-12-13,0.0,19.26,16.81
2025-12-14,0.0,19.61,16.73
2025-12-15,0.11,19.2,16.39
2025-12-16,0.64,19.26,15.14
2025-12-17,0.0,18.47,15.36
2025-12-18,0.0,19.9,16.53
2025-12-19,0.0,19.55,15.84
2025-12-20,0.0,19.27,14.09
2025-12-21,0.0,18.36,15.08
2025-12-22,0.0,18.21,14.36
2025-12-23,0.0,17.79,14.9
2025-12-24,0.0,16.85,14.82
2025-12-25,0.0,15.59,9.7
2025-12-26,0.0,15.35,12.13
2025-12-27,0.0,15.83,11.31
2025-12-28,0.0,15.72,9.4
2025-12-29,0.0,14.5,4.71
2025-12-30,0.14,13.73,10.41
2025-12-31,0.01,13.66,9.46
