date,rainfall_mm,temp_mean_c,temp_max_c,temp_min_c,rh_pct,wind_speed_ms,solar_rad_mj_m2
1981-01-01,0.0,17.46,24.03,10.99,66.54,1.49,
1981-01-02,0.0,18.05,23.53,12.9,57.97,1.06,
1981-01-03,0.0,17.87,23.39,11.51,61.41,0.92,
1981-01-04,0.0,17.96,23.93,13.08,63.71,0.94,
1981-01-05,0.0,18.84,24.75,13.8,80.79,1.18,
1981-01-06,1.38,19.82,24.87,15.6,89.27,1.91,
1981-01-07,3.92,19.98,24.59,16.22,89.41,2.42,
1981-01-08,4.68,17.69,22.81,13.33,81.63,1.73,
1981-01-09,0.0,15.33,21.68,10.0,72.92,1.76,
1981-01-10,0.0,15.42,22.91,9.07,72.43,1.61,
1981-01-11,0.0,16.88,23.86,9.7,73.87,1.25,
1981-01-12,0.13,17.66,22.55,14.0,76.21,1.79,
1981-01-13,3.3,18.54,24.62,13.84,80.17,2.2,
1981-01-14,2.17,18.21,24.49,14.29,79.51,2.24,
1981-01-15,0.0,17.64,24.69,11.4,76.74,1.59,
1981-01-16,0.0,18.31,25.95,11.69,72.3,1.47,
1981-01-17,0.0,18.62,26.16,11.4,65.85,1.28,
1981-01-18,0.0,19.15,25.78,12.92,61.42,1.01,
1981-01-19,0.0,19.57,24.94,12.99,58.05,0.67,
1981-01-20,0.0,19.39,24.85,14.94,58.93,0.89,
1981-01-21,0.0,18.32,24.54,12.1,62.2,1.15,
1981-01-22,0.0,18.77,24.24,12.56,57.24,0.84,
1981-01-23,0.0,18.53,25.15,12.58,66.18,1.0,
1981-01-24,0.0,18.7,25.83,11.85,67.9,1.27,
1981-01-25,0.0,18.63,26.21,11.71,67.97,1.49,
1981-01-26,14.88,19.13,25.7,12.9,74.58,1.64,
1981-01-27,0.0,18.75,26.0,13.14,73.94,1.87,
1981-01-28,0.0,18.26,25.3,12.11,66.12,1.58,
1981-01-29,0.0,18.29,24.11,11.26,59.15,1.05,
1981-01-30,0.0,18.73,25.57,11.77,64.75,1.08,
1981-01-31,0.46,20.8,27.67,15.02,70.43,0.98,
1981-02-01,9.74,21.4,27.39,15.15,71.95,0.98,
1981-02-02,0.06,20.72,26.28,16.45,78.24,1.43,
1981-02-03,0.0,18.39,25.25,13.47,69.0,2.27,
1981-02-04,0.0,17.39,24.28,10.69,63.38,1.71,
1981-02-05,0.0,18.11,25.43,11.32,66.06,1.72,
1981-02-06,0.0,19.33,27.06,12.04,62.49,1.8,
1981-02-07,0.0,22.28,29.41,13.88,51.46,1.3,
1981-02-08,0.0,23.47,29.48,16.45,49.52,0.83,
1981-02-09,0.79,21.75,29.66,15.26,63.34,1.41,
1981-02-10,7.46,18.15,24.7,14.1,81.39,2.53,
1981-02-11,2.18,18.06,22.8,13.21,74.76,1.63,
1981-02-12,0.03,18.19,24.04,12.08,62.08,1.12,
1981-02-13,0.0,18.18,25.0,10.84,59.32,1.36,
1981-02-14,0.0,19.31,26.48,11.89,58.37,1.12,
1981-02-15,0.0,19.66,27.97,12.47,64.55,1.48,
1981-02-16,0.0,21.15,29.16,14.36,73.82,1.6,
1981-02-17,0.0,22.97,30.31,16.22,64.73,1.22,
1981-02-18,0.0,23.15,29.85,16.61,56.85,1.13,
1981-02-19,0.0,21.6,29.26,13.7,41.2,1.33,
1981-02-20,0.0,21.08,28.8,12.29,43.84,1.25,
1981-02-21,0.0,21.85,29.38,13.93,43.21,1.26,
1981-02-22,0.0,22.22,29.91,15.18,52.43,1.13,
1981-02-23,0.0,22.42,30.52,14.61,37.98,1.4,
1981-02-24,0.0,23.08,31.01,14.44,37.08,1.24,
1981-02-25,0.0,23.24,31.82,14.01,44.95,1.25,
1981-02-26,0.0,24.68,33.74,16.96,63.5,1.34,
1981-02-27,0.0,25.45,33.81,18.03,65.64,1.51,
1981-02-28,0.0,25.08,33.23,19.03,73.75,2.14,
1981-03-01,0.01,25.17,32.39,19.67,76.85,3.38,
1981-03-02,0.04,25.44,31.36,20.9,77.93,2.72,
1981-03-03,0.1,26.3,32.98,19.94,59.28,1.09,
1981-03-04,0.0,23.84,32.48,16.0,40.73,1.49,
1981-03-05,0.0,23.04,31.82,14.78,38.55,1.39,
1981-03-06,0.0,24.54,32.29,16.15,37.12,1.13,
1981-03-07,0.0,25.06,32.9,18.05,61.42,1.45,
1981-03-08,0.0,25.76,33.44,18.68,66.93,2.67,
1981-03-09,0.0,26.37,34.44,19.82,66.49,1.83,
1981-03-10,0.02,25.93,32.03,19.81,61.53,1.5,
1981-03-11,0.01,25.81,34.08,19.26,59.15,1.74,
1981-03-12,6.51,24.86,31.23,19.39,70.96,1.21,
1981-03-13,1.36,24.4,28.83,21.3,68.31,1.04,
1981-03-14,0.26,25.32,31.54,19.82,56.31,1.22,
1981-03-15,3.6,25.08,32.62,18.48,55.86,1.34,
1981-03-16,0.0,25.65,33.06,19.04,50.4,1.65,
1981-03-17,0.0,25.18,31.92,18.28,51.67,1.95,
1981-03-18,0.0,26.0,33.75,18.35,59.18,1.86,
1981-03-19,0.0,26.59,34.92,19.68,58.0,1.31,
1981-03-20,0.0,27.32,35.76,19.89,60.59,1.56,
1981-03-21,0.0,26.61,31.41,22.43,64.57,1.35,
1981-03-22,0.0,27.31,33.4,22.58,62.15,1.75,
1981-03-23,2.87,26.75,32.38,21.94,70.19,2.02,
1981-03-24,4.9,26.48,32.76,21.96,70.74,1.65,
1981-03-25,1.15,25.31,30.93,21.59,66.22,1.13,
1981-03-26,8.26,24.42,29.97,18.87,58.23,0.9,
1981-03-27,1.38,25.42,31.87,19.01,53.37,1.52,
1981-03-28,8.23,24.31,29.41,19.83,71.46,1.66,
1981-03-29,1.39,25.65,32.83,19.02,68.62,1.62,
1981-03-30,0.04,26.65,32.53,21.73,68.18,1.36,
1981-03-31,4.38,25.84,30.94,22.02,75.67,1.85,
1981-04-01,10.82,25.77,31.41,21.3,76.18,2.83,
1981-04-02,3.65,26.88,32.63,22.39,75.73,2.55,
1981-04-03,0.66,27.73,33.71,22.58,71.96,2.85,
1981-04-04,0.76,27.92,33.52,23.55,75.66,3.85,
1981-04-05,5.01,28.47,33.66,24.78,76.95,4.22,
1981-04-06,0.54,29.41,36.33,24.85,70.02,2.89,
1981-04-07,0.0,28.51,36.06,23.09,65.14,2.1,
1981-04-08,0.0,28.0,36.17,21.21,61.83,1.82,
1981-04-09,0.0,28.43,36.77,20.12,59.85,2.56,
1981-04-10,0.44,28.69,35.82,22.77,67.74,3.95,
1981-04-11,6.12,28.19,35.85,22.98,71.33,2.79,
1981-04-12,9.61,26.59,33.08,22.17,75.8,3.05,
1981-04-13,22.85,26.69,31.79,22.87,77.65,2.54,
1981-04-14,0.0,27.45,32.22,23.71,78.39,3.15,
1981-04-15,0.0,27.87,32.85,23.64,72.92,2.51,
1981-04-16,12.91,27.63,32.94,24.13,79.03,3.39,
1981-04-17,60.06,26.24,29.54,23.98,87.07,3.17,
1981-04-18,19.08,26.63,29.74,24.06,85.59,3.58,
1981-04-19,18.94,26.62,30.14,24.43,85.75,3.73,
1981-04-20,27.17,25.93,29.16,23.96,87.26,2.43,
1981-04-21,4.45,26.66,30.95,22.46,76.08,0.91,
1981-04-22,1.46,26.32,31.24,21.6,76.68,1.21,
1981-04-23,0.06,26.3,31.28,22.25,81.26,1.39,
1981-04-24,0.45,26.41,30.15,23.06,86.17,1.17,
1981-04-25,0.0,26.54,31.15,22.18,78.71,0.79,
1981-04-26,0.0,27.55,33.14,22.61,74.71,0.87,
1981-04-27,0.0,27.13,33.17,22.56,72.98,1.46,
1981-04-28,0.0,27.29,33.39,21.11,73.75,1.33,
1981-04-29,0.0,27.53,33.19,22.42,76.19,1.9,
1981-04-30,0.17,28.13,33.42,23.05,76.49,1.88,
1981-05-01,0.21,28.86,34.75,24.67,74.63,1.69,
1981-05-02,0.0,29.26,34.96,23.72,66.82,1.49,
1981-05-03,0.14,28.82,33.78,23.89,61.1,0.77,
1981-05-04,0.21,28.52,33.81,23.47,69.05,0.99,
1981-05-05,0.02,27.48,32.33,24.28,66.79,1.11,
1981-05-06,1.03,27.09,32.21,22.98,64.3,1.66,
1981-05-07,1.45,26.65,32.22,21.7,69.21,1.55,
1981-05-08,2.13,26.18,30.73,23.17,72.8,1.64,
1981-05-09,0.66,27.52,32.29,22.91,73.07,1.82,
1981-05-10,7.61,27.34,30.13,24.73,82.51,1.2,
1981-05-11,2.8,28.14,32.86,24.34,76.97,0.94,
1981-05-12,11.67,28.98,33.72,24.52,74.41,1.58,
1981-05-13,17.01,28.68,33.55,24.6,77.12,1.94,
1981-05-14,13.89,28.45,33.01,24.48,80.74,1.85,
1981-05-15,2.74,28.54,33.08,25.02,80.65,2.39,
1981-05-16,12.84,28.36,31.92,25.33,83.15,3.04,
1981-05-17,25.3,28.24,31.8,25.38,86.21,2.88,
1981-05-18,10.37,28.07,31.67,24.6,81.3,1.48,
1981-05-19,0.11,28.8,33.21,24.78,78.3,1.27,
1981-05-20,0.4,28.7,33.07,25.88,80.7,2.66,
1981-05-21,7.73,28.01,32.07,25.37,79.33,3.0,
1981-05-22,4.37,27.81,32.18,24.94,82.69,2.36,
1981-05-23,2.02,27.85,31.37,25.33,84.06,2.26,
1981-05-24,0.43,28.32,31.81,25.28,82.17,2.15,
1981-05-25,0.24,28.5,32.69,25.93,81.99,2.66,
1981-05-26,4.26,28.22,32.35,25.3,82.38,2.13,
1981-05-27,1.82,28.44,32.9,24.73,81.22,2.55,
1981-05-28,6.85,28.6,32.11,26.05,80.5,3.92,
1981-05-29,13.74,28.69,32.4,26.01,81.86,3.48,
1981-05-30,15.6,28.47,31.21,26.22,85.99,3.3,
1981-05-31,6.92,28.09,30.51,26.4,88.84,2.58,
1981-06-01,5.97,27.76,30.0,26.17,88.22,2.56,
1981-06-02,3.82,28.05,30.89,25.62,85.95,2.53,
1981-06-03,4.94,27.44,29.55,25.35,88.69,2.12,
1981-06-04,3.57,28.78,32.04,26.33,89.53,2.87,
1981-06-05,10.13,28.64,31.59,27.27,86.78,3.73,
1981-06-06,5.98,28.75,31.79,26.89,87.71,3.58,
1981-06-07,0.13,27.59,30.28,25.34,85.96,2.3,
1981-06-08,0.25,27.59,31.27,24.49,83.51,1.52,
1981-06-09,0.0,27.74,31.89,23.78,80.86,1.97,
1981-06-10,0.3,28.15,32.06,25.12,80.65,1.84,
1981-06-11,9.29,29.26,33.93,25.22,77.27,1.29,
1981-06-12,3.64,29.27,33.65,25.43,80.76,2.07,
1981-06-13,4.37,29.42,33.79,26.36,83.14,1.98,
1981-06-14,16.15,29.06,32.01,26.44,89.03,1.75,
1981-06-15,12.06,28.27,30.95,26.65,88.93,2.06,
1981-06-16,1.07,27.85,31.21,25.21,82.43,2.98,
1981-06-17,0.51,27.98,31.69,24.87,79.3,3.05,
1981-06-18,0.31,28.41,32.99,24.78,77.06,2.51,
1981-06-19,13.37,29.26,34.24,25.98,81.23,2.56,
1981-06-20,2.26,28.38,31.09,25.94,85.99,4.33,
1981-06-21,7.43,28.74,31.99,26.52,84.51,4.46,
1981-06-22,34.69,27.89,30.66,25.31,89.14,4.28,
1981-06-23,8.27,28.42,31.46,26.41,86.49,3.79,
1981-06-24,10.79,28.23,30.94,25.97,87.16,3.93,
1981-06-25,12.63,27.68,30.67,25.81,87.14,3.04,
1981-06-26,1.5,28.2,31.23,25.85,84.98,3.51,
1981-06-27,3.75,27.97,31.03,25.76,86.18,3.62,
1981-06-28,0.11,28.11,31.14,25.85,85.66,3.52,
1981-06-29,7.1,27.6,29.26,26.16,89.59,3.73,
1981-06-30,10.48,28.14,30.52,26.4,89.29,3.99,
1981-07-01,64.45,27.65,29.51,26.18,92.51,3.04,
1981-07-02,37.09,28.05,30.91,26.11,89.02,3.65,
1981-07-03,20.05,28.22,30.92,26.46,90.7,2.74,
1981-07-04,4.51,28.6,31.77,26.22,86.25,2.16,
1981-07-05,1.69,27.84,31.14,25.6,87.52,2.18,
1981-07-06,0.32,28.04,31.11,26.09,86.11,3.47,
1981-07-07,1.54,27.96,31.0,25.79,86.62,3.28,
1981-07-08,3.34,28.22,31.35,26.06,86.7,3.96,
1981-07-09,11.67,28.05,30.74,25.95,86.86,3.38,
1981-07-10,8.02,27.97,31.09,25.58,86.79,3.14,
1981-07-11,7.37,27.93,31.09,25.22,88.97,3.65,
1981-07-12,2.92,27.65,30.33,25.82,88.86,5.48,
1981-07-13,6.52,28.07,31.08,26.08,88.06,4.39,
1981-07-14,9.17,28.12,30.91,26.29,89.93,3.97,
1981-07-15,6.81,28.23,31.18,26.25,88.42,3.49,
1981-07-16,1.85,27.68,29.75,26.29,90.62,2.98,
1981-07-17,27.36,27.7,29.91,26.16,90.07,3.2,
1981-07-18,40.37,26.99,28.49,25.9,92.41,2.54,
1981-07-19,23.93,27.25,30.04,25.43,90.63,1.57,
1981-07-20,11.4,27.98,31.27,24.64,86.83,1.4,
1981-07-21,9.42,28.2,31.7,25.26,88.46,1.3,
1981-07-22,37.06,27.3,30.15,25.53,89.35,2.77,
1981-07-23,26.93,27.59,30.75,25.28,88.96,3.05,
1981-07-24,0.85,27.31,29.82,25.44,90.32,1.59,
1981-07-25,2.08,27.85,30.81,25.15,89.32,2.41,
1981-07-26,13.49,27.79,30.22,26.06,90.67,3.1,
1981-07-27,37.7,27.57,30.18,25.86,89.5,3.35,
1981-07-28,2.48,28.09,31.3,25.55,88.46,2.84,
1981-07-29,0.92,27.91,30.92,25.78,88.71,3.06,
1981-07-30,6.2,27.25,29.44,25.67,90.64,3.04,
1981-07-31,15.69,27.66,30.7,25.62,89.48,2.74,
1981-08-01,8.95,27.42,30.21,25.43,87.94,2.3,
1981-08-02,10.64,26.98,29.86,25.16,90.22,2.0,
1981-08-03,5.93,27.49,30.25,25.62,90.17,2.83,
1981-08-04,2.7,27.7,30.56,25.63,89.17,3.02,
1981-08-05,1.04,28.01,31.61,25.87,89.17,2.74,
1981-08-06,8.55,27.99,31.68,26.0,89.39,2.29,
1981-08-07,3.65,27.96,31.31,25.47,88.62,3.13,
1981-08-08,4.75,27.65,30.6,25.63,87.86,4.34,
1981-08-09,12.38,27.26,29.64,25.89,90.91,3.42,
1981-08-10,23.9,27.83,31.11,25.56,89.15,2.91,
1981-08-11,10.29,28.2,30.69,25.72,90.4,1.44,
1981-08-12,8.34,27.92,30.3,26.43,92.76,1.74,
1981-08-13,4.84,28.13,31.15,25.92,89.82,3.35,
1981-08-14,5.19,27.81,30.77,25.8,89.13,4.69,
1981-08-15,0.09,27.8,30.99,25.77,88.96,4.04,
1981-08-16,1.59,27.82,30.91,25.57,88.57,3.06,
1981-08-17,2.99,27.68,30.83,25.58,88.19,3.25,
1981-08-18,2.44,27.6,29.82,26.04,90.95,3.06,
1981-08-19,2.41,28.23,31.24,26.08,89.89,2.63,
1981-08-20,2.47,28.24,31.73,26.12,89.17,2.57,
1981-08-21,25.64,27.58,29.5,26.2,93.47,1.6,
1981-08-22,5.89,27.8,30.86,25.68,89.72,3.77,
1981-08-23,14.74,27.58,30.08,25.82,89.34,3.81,
1981-08-24,18.58,27.9,30.76,25.8,89.25,3.18,
1981-08-25,17.96,27.97,30.87,26.0,89.62,3.04,
1981-08-26,5.88,27.72,31.07,25.87,89.28,2.48,
1981-08-27,2.21,27.23,30.23,25.39,88.81,1.95,
1981-08-28,24.17,27.46,30.33,25.09,88.57,2.32,
1981-08-29,8.27,27.4,30.81,25.52,90.17,2.17,
1981-08-30,0.12,27.81,31.22,25.33,88.04,2.34,
1981-08-31,0.05,27.58,30.71,25.59,89.89,3.54,
1981-09-01,1.09,28.01,31.25,25.96,89.25,2.97,
1981-09-02,10.13,27.42,30.01,25.45,90.14,2.83,
1981-09-03,30.61,27.44,30.5,25.16,88.67,2.27,
1981-09-04,3.5,27.44,30.27,25.64,89.45,2.69,
1981-09-05,2.52,27.57,30.99,25.34,89.66,2.61,
1981-09-06,4.84,27.44,30.04,25.55,91.94,2.99,
1981-09-07,2.51,27.14,28.86,25.89,93.51,2.16,
1981-09-08,1.09,27.44,30.36,25.31,89.6,2.45,
1981-09-09,13.99,27.34,29.89,25.61,90.41,2.41,
1981-09-10,23.62,26.88,29.81,25.03,90.15,2.34,
1981-09-11,5.88,27.27,30.28,24.89,88.95,2.43,
1981-09-12,7.71,27.24,30.43,24.9,88.48,2.17,
1981-09-13,17.23,27.47,30.53,25.04,88.25,1.75,
1981-09-14,5.22,27.01,29.3,25.29,88.67,1.22,
1981-09-15,0.02,27.48,30.98,24.94,85.45,1.07,
1981-09-16,0.01,27.44,31.53,24.22,81.13,0.86,
1981-09-17,0.05,28.08,32.37,23.54,76.52,0.82,
1981-09-18,0.18,28.7,32.56,24.43,76.67,0.84,
1981-09-19,1.56,28.87,32.35,25.06,78.5,0.6,
1981-09-20,2.85,28.1,30.47,25.65,82.27,0.85,
1981-09-21,4.64,28.67,33.01,24.65,82.07,0.93,
1981-09-22,0.21,29.21,32.94,26.05,82.63,0.76,
1981-09-23,0.14,29.02,32.58,25.49,85.27,1.13,
1981-09-24,0.0,27.8,29.49,26.35,90.52,1.08,
1981-09-25,2.49,27.42,29.9,25.3,90.67,2.11,
1981-09-26,0.86,26.47,28.41,24.82,90.16,2.57,
1981-09-27,1.79,27.28,31.03,24.39,89.72,2.53,
1981-09-28,1.68,27.51,30.91,25.02,88.21,1.63,
1981-09-29,21.34,27.43,30.87,24.62,89.89,2.15,
1981-09-30,17.97,27.53,30.5,25.33,90.44,1.69,
1981-10-01,20.74,27.43,30.12,25.34,87.25,1.12,
1981-10-02,7.43,27.51,30.98,24.4,86.18,1.12,
1981-10-03,1.76,27.7,31.33,24.75,79.11,0.91,
1981-10-04,0.0,26.74,30.79,22.25,79.83,1.15,
1981-10-05,0.05,26.58,30.88,23.22,79.51,1.28,
1981-10-06,0.0,26.04,30.51,22.12,79.32,1.08,
1981-10-07,0.0,25.79,30.22,22.04,74.74,1.38,
1981-10-08,0.0,25.78,30.56,21.09,67.69,0.98,
1981-10-09,0.0,25.81,30.57,22.2,69.18,0.84,
1981-10-10,0.0,25.81,30.54,21.94,74.14,1.01,
1981-10-11,0.0,26.22,30.63,22.45,77.36,0.83,
1981-10-12,0.0,27.52,31.54,23.69,72.72,0.56,
1981-10-13,0.05,27.41,31.38,23.38,78.65,1.0,
1981-10-14,1.6,26.62,29.06,24.96,84.25,0.62,
1981-10-15,0.36,26.93,30.59,24.07,81.79,0.95,
1981-10-16,0.06,26.33,30.15,22.35,83.55,1.37,
1981-10-17,0.0,25.74,30.68,22.08,83.06,2.02,
1981-10-18,0.0,24.35,29.98,19.48,82.12,1.71,
1981-10-19,0.0,23.78,29.12,18.93,78.55,1.26,
1981-10-20,0.0,24.44,29.27,19.96,75.64,1.13,
1981-10-21,0.0,24.45,28.99,20.25,75.49,1.1,
1981-10-22,0.0,24.55,29.52,19.94,73.68,1.33,
1981-10-23,0.0,24.62,29.71,19.25,71.35,1.17,
1981-10-24,0.0,25.15,29.76,20.88,73.83,1.08,
1981-10-25,0.0,25.11,30.02,20.2,75.5,1.18,
1981-10-26,0.0,25.31,30.14,20.19,72.72,1.06,
1981-10-27,0.0,25.39,30.11,21.55,76.48,1.02,
1981-10-28,0.0,24.76,30.05,20.67,78.74,1.55,
1981-10-29,0.0,23.52,28.78,19.24,75.51,1.79,
1981-10-30,0.0,23.4,28.86,18.63,73.16,1.66,
1981-10-31,0.0,22.74,28.34,16.77,71.65,1.44,
1981-11-01,0.0,23.4,28.92,17.76,71.09,1.28,
1981-11-02,0.0,23.17,28.76,17.79,74.33,1.53,
1981-11-03,0.0,24.31,29.46,18.85,71.57,1.26,
1981-11-04,0.0,25.93,30.37,21.23,76.83,0.93,
1981-11-05,0.15,26.1,29.47,22.53,84.35,1.01,
1981-11-06,0.09,25.25,30.1,20.63,81.9,1.7,
1981-11-07,0.0,23.38,28.99,18.85,74.95,1.64,
1981-11-08,0.0,22.53,28.54,16.92,73.49,1.18,
1981-11-09,0.0,22.62,28.72,17.79,73.39,0.99,
1981-11-10,0.0,23.31,27.28,20.17,83.18,1.2,
1981-11-11,0.0,23.86,28.08,20.01,74.42,0.93,
1981-11-12,0.0,22.91,28.42,17.28,64.48,1.02,
1981-11-13,0.0,22.43,27.67,16.54,62.4,1.25,
1981-11-14,0.0,22.38,28.18,17.19,70.85,1.53,
1981-11-15,0.0,21.12,26.83,15.25,74.17,1.57,
1981-11-16,0.0,21.7,28.12,15.73,70.26,1.1,
1981-11-17,0.0,23.03,28.68,18.77,67.54,0.84,
1981-11-18,0.0,23.06,27.77,17.47,69.71,1.09,
1981-11-19,0.08,24.22,28.33,19.15,63.68,0.98,
1981-11-20,1.49,23.83,28.96,18.24,75.29,1.47,
1981-11-21,2.01,24.44,29.51,20.43,81.25,1.73,
1981-11-22,0.72,23.22,28.63,19.23,75.06,1.16,
1981-11-23,0.0,21.74,28.38,15.95,70.57,1.11,
1981-11-24,0.0,20.31,27.55,14.59,68.44,1.19,
1981-11-25,0.0,19.91,26.76,14.06,66.59,1.13,
1981-11-26,0.0,20.34,27.09,14.24,64.69,0.84,
1981-11-27,0.0,21.17,27.71,15.33,59.21,0.86,
1981-11-28,0.0,20.78,26.84,14.64,58.1,0.8,
1981-11-29,0.0,21.34,27.93,13.72,58.42,0.97,
1981-11-30,0.0,21.0,27.5,15.75,56.63,0.98,
1981-12-01,0.0,21.63,27.31,16.48,56.44,0.74,
1981-12-02,0.0,20.86,27.8,15.29,60.41,1.0,
1981-12-03,0.0,21.52,28.14,17.28,63.44,1.03,
1981-12-04,0.0,21.11,27.74,16.06,70.8,0.82,
1981-12-05,0.0,21.08,27.51,14.21,64.65,1.1,
1981-12-06,0.0,20.35,27.24,15.17,63.67,1.03,
1981-12-07,0.0,20.93,25.22,16.62,64.18,0.69,
1981-12-08,0.06,21.45,26.0,17.14,77.34,0.9,
1981-12-09,0.99,22.24,26.6,18.51,83.14,0.99,
1981-12-10,7.91,22.27,26.09,20.19,89.98,1.67,
1981-12-11,48.87,23.07,26.71,20.96,91.69,4.03,
1981-12-12,1.16,21.14,25.87,17.54,81.89,1.61,
1981-12-13,0.06,19.09,25.16,14.6,79.76,2.13,
1981-12-14,0.0,17.44,23.6,11.7,74.47,1.36,
1981-12-15,0.0,18.26,24.61,12.67,70.72,1.2,
1981-12-16,0.0,17.02,24.0,11.19,72.4,1.53,
1981-12-17,0.0,15.92,22.83,9.69,68.55,1.49,
1981-12-18,0.0,17.04,22.99,11.18,55.97,1.06,
1981-12-19,0.0,16.7,24.21,11.64,66.38,1.45,
1981-12-20,0.0,16.66,24.16,10.18,64.13,1.58,
1981-12-21,0.0,17.15,24.08,11.06,60.97,1.4,
1981-12-22,0.0,17.3,24.74,11.26,63.23,1.74,
1981-12-23,0.0,17.83,24.69,12.44,67.06,1.18,
1981-12-24,0.0,17.45,23.28,12.78,68.98,1.19,
1981-12-25,0.0,17.69,24.59,11.84,66.88,1.41,
1981-12-26,0.0,17.0,24.39,10.81,67.46,1.44,
1981-12-27,0.0,17.21,24.87,10.75,67.47,1.38,
1981-12-28,0.0,17.76,25.24,11.5,64.49,1.39,
1981-12-29,0.0,17.14,25.17,10.96,62.16,1.53,
1981-12-30,0.0,16.79,24.93,9.72,60.07,1.62,
1981-12-31,0.0,16.82,25.01,10.05,60.58,1.7,
1982-01-01,0.0,17.07,24.28,10.37,60.52,1.26,
1982-01-02,0.0,16.89,24.53,10.55,59.03,1.32,
1982-01-03,0.0,16.5,24.35,8.95,57.28,1.53,
1982-01-04,0.08,17.59,24.92,11.11,54.15,1.25,
1982-01-05,0.03,18.46,25.93,11.8,58.23,1.13,
1982-01-06,0.03,19.85,26.99,13.49,64.48,0.83,
1982-01-07,0.0,19.25,24.95,15.49,67.48,1.43,
1982-01-08,0.0,18.74,27.21,12.11,61.9,1.72,
1982-01-09,0.0,19.75,27.08,13.25,54.65,1.26,
1982-01-10,0.0,20.11,27.06,13.1,53.82,1.33,
1982-01-11,0.69,21.16,27.69,15.13,70.48,1.0,
1982-01-12,0.2,21.72,28.08,16.75,66.62,1.22,
1982-01-13,0.0,19.26,26.74,13.69,58.69,1.92,
1982-01-14,0.0,18.14,26.91,10.95,52.04,1.79,
1982-01-15,0.0,18.18,26.63,12.16,50.39,1.81,
1982-01-16,0.0,18.64,27.22,11.46,51.82,1.76,
1982-01-17,0.0,18.78,26.08,12.03,50.41,1.55,
1982-01-18,0.0,18.41,26.55,10.8,46.65,1.28,
1982-01-19,0.0,18.9,26.72,12.19,45.98,1.17,
1982-01-20,0.0,19.09,26.61,12.32,52.55,1.09,
1982-01-21,0.0,19.08,26.68,11.0,54.13,1.14,
1982-01-22,0.0,19.1,27.0,10.92,42.13,1.27,
1982-01-23,0.0,20.64,28.99,11.44,43.89,1.31,
1982-01-24,0.0,20.86,29.55,13.88,49.95,1.44,
1982-01-25,0.0,20.62,30.05,13.45,49.64,1.73,
1982-01-26,0.0,21.96,31.58,13.29,46.05,1.31,
1982-01-27,0.0,22.54,30.33,14.84,42.23,1.11,
1982-01-28,0.0,21.34,29.59,14.87,46.22,1.44,
1982-01-29,0.0,20.96,29.27,14.42,48.43,1.44,
1982-01-30,0.0,20.46,28.45,13.51,50.03,1.77,
1982-01-31,0.0,21.1,29.42,14.61,44.08,1.21,
1982-02-01,0.0,21.12,28.68,14.87,42.9,1.87,
1982-02-02,0.07,20.05,26.8,14.59,58.49,1.67,
1982-02-03,0.0,19.73,27.42,13.04,51.35,1.64,
1982-02-04,0.07,20.3,27.54,12.55,46.67,1.21,
1982-02-05,0.28,20.38,26.29,16.2,66.49,1.23,
1982-02-06,0.0,20.12,27.54,13.97,51.68,1.67,
1982-02-07,0.04,19.09,27.73,11.85,46.83,1.4,
1982-02-08,0.0,19.96,27.57,13.69,62.49,1.67,
1982-02-09,0.02,20.02,27.3,12.39,45.9,1.31,
1982-02-10,0.0,20.89,28.45,14.2,47.0,1.19,
1982-02-11,0.0,20.85,27.95,15.22,43.82,1.46,
1982-02-12,0.0,20.88,29.22,12.85,50.52,1.41,
1982-02-13,0.22,22.22,29.17,15.12,70.7,1.66,
1982-02-14,0.71,24.18,30.45,18.81,66.88,1.41,
1982-02-15,0.12,23.64,30.72,18.81,68.21,1.05,
1982-02-16,0.0,22.91,29.49,17.96,64.94,1.19,
1982-02-17,0.14,22.61,31.01,17.92,65.92,1.69,
1982-02-18,1.48,22.97,28.79,19.41,76.17,1.49,
1982-02-19,2.54,24.39,31.65,18.7,72.67,1.63,
1982-02-20,0.58,24.32,30.59,18.99,65.94,0.99,
1982-02-21,0.0,24.1,32.3,16.86,45.51,1.5,
1982-02-22,0.0,24.94,32.09,18.01,38.69,1.29,
1982-02-23,0.0,24.95,32.98,18.67,46.42,1.58,
1982-02-24,0.0,23.61,31.16,17.23,40.01,1.74,
1982-02-25,0.0,22.84,30.66,14.71,35.79,1.82,
1982-02-26,0.0,22.67,30.47,15.69,31.17,1.6,
1982-02-27,0.0,23.63,32.86,15.52,29.52,1.47,
1982-02-28,0.0,24.65,33.04,15.46,32.47,1.74,
1982-03-01,1.19,25.05,34.13,17.91,43.07,1.54,
1982-03-02,0.07,24.79,32.44,19.54,52.69,2.73,
1982-03-03,0.21,21.95,29.45,17.5,63.88,2.74,
1982-03-04,0.0,22.42,30.93,14.78,54.97,1.84,
1982-03-05,0.11,22.27,30.7,15.19,39.68,1.92,
1982-03-06,17.55,22.11,30.08,15.21,55.91,1.87,
1982-03-07,17.93,22.61,30.16,17.75,69.15,1.63,
1982-03-08,1.34,22.75,31.17,15.57,54.77,1.94,
1982-03-09,0.0,22.06,30.5,14.42,40.28,1.85,
1982-03-10,0.03,24.12,32.89,17.35,38.79,1.77,
1982-03-11,0.04,25.52,33.31,18.09,42.35,1.68,
1982-03-12,2.07,26.84,34.78,20.7,52.91,1.38,
1982-03-13,0.01,26.09,34.03,19.79,56.28,1.71,
1982-03-14,0.02,23.86,31.96,16.1,41.34,1.94,
1982-03-15,0.0,24.34,32.97,16.98,38.48,1.37,
1982-03-16,0.0,25.09,34.3,17.31,52.39,1.47,
1982-03-17,0.0,26.35,35.05,19.23,65.29,1.87,
1982-03-18,6.44,25.57,33.01,20.4,72.92,2.0,
1982-03-19,9.73,26.11,31.99,20.93,71.94,1.48,
1982-03-20,1.28,27.93,34.59,21.12,60.88,0.9,
1982-03-21,0.0,28.29,35.9,21.53,47.24,1.1,
1982-03-22,0.0,27.92,36.21,19.4,39.19,1.3,
1982-03-23,0.0,28.17,36.23,20.71,46.51,1.27,
1982-03-24,0.0,29.18,37.27,20.93,57.5,1.25,
1982-03-25,0.59,29.28,36.79,22.36,46.9,1.74,
1982-03-26,0.06,27.97,35.94,22.49,47.41,2.36,
1982-03-27,1.83,26.2,33.51,19.5,56.46,1.54,
1982-03-28,0.0,27.37,35.32,20.38,42.65,1.6,
1982-03-29,0.0,27.97,35.79,19.76,35.38,1.34,
1982-03-30,0.0,28.41,36.74,20.94,59.09,1.84,
1982-03-31,0.31,28.85,35.11,24.78,67.2,4.27,
1982-04-01,3.57,28.71,35.29,24.47,75.25,5.29,
1982-04-02,4.98,28.56,33.87,25.31,75.36,5.68,
1982-04-03,43.7,28.02,33.21,25.29,81.54,4.35,
1982-04-04,39.67,27.1,30.95,24.53,84.39,3.3,
1982-04-05,3.04,26.97,31.67,23.67,80.87,3.08,
1982-04-06,0.03,27.2,32.1,23.34,78.51,2.52,
1982-04-07,0.45,28.16,33.45,23.95,75.17,2.28,
1982-04-08,0.66,28.3,34.04,23.85,74.35,2.54,
1982-04-09,0.1,28.99,35.36,23.44,70.81,2.29,
1982-04-10,0.0,28.69,34.77,23.73,68.5,2.17,
1982-04-11,0.76,28.24,34.09,23.36,69.3,2.85,
1982-04-12,4.57,28.01,34.36,23.37,68.53,2.81,
1982-04-13,4.75,26.9,32.42,22.55,73.42,2.49,
1982-04-14,2.8,26.97,32.82,22.47,72.58,2.6,
1982-04-15,5.51,26.99,32.5,22.37,74.21,3.25,
1982-04-16,11.08,27.11,32.25,23.71,77.59,2.95,
1982-04-17,8.54,25.32,29.27,22.86,81.51,2.27,
1982-04-18,2.17,24.83,28.58,22.08,81.0,2.0,
1982-04-19,1.54,26.01,31.88,20.31,72.86,1.9,
1982-04-20,5.05,25.66,30.32,22.39,77.84,1.71,
1982-04-21,1.17,27.03,32.54,21.98,76.39,2.22,
1982-04-22,0.12,28.24,34.28,22.73,70.77,2.36,
1982-04-23,0.55,28.52,34.51,22.72,69.76,2.61,
1982-04-24,3.56,29.33,35.94,24.13,68.77,2.83,
1982-04-25,3.25,28.16,33.68,23.99,74.9,3.6,
1982-04-26,4.12,28.28,34.13,23.85,74.61,3.48,
1982-04-27,51.14,27.07,31.77,23.84,83.59,2.32,
1982-04-28,9.84,27.0,31.98,23.33,83.05,2.34,
1982-04-29,1.74,27.26,32.44,23.59,81.63,2.87,
1982-04-30,1.24,27.56,33.41,23.39,79.85,3.37,
1982-05-01,0.31,28.01,33.62,23.28,76.97,3.22,
1982-05-02,6.76,27.98,33.95,24.2,77.11,2.64,
1982-05-03,5.32,27.56,33.18,23.95,79.13,3.03,
1982-05-04,5.37,27.62,33.44,22.66,76.43,3.0,
1982-05-05,103.54,26.58,30.96,23.34,86.08,2.13,
1982-05-06,3.05,27.71,33.19,23.21,79.87,1.71,
1982-05-07,0.01,27.55,32.7,23.26,81.22,2.08,
1982-05-08,2.64,27.23,31.44,24.13,87.45,2.71,
1982-05-09,0.31,27.18,30.21,24.91,88.99,2.67,
1982-05-10,0.62,27.14,30.75,24.67,85.89,3.09,
1982-05-11,4.08,27.65,31.41,24.7,84.39,3.5,
1982-05-12,19.3,27.08,29.28,25.34,91.31,2.56,
1982-05-13,14.63,27.12,29.77,24.84,90.22,1.41,
1982-05-14,0.31,27.3,30.07,25.05,86.28,1.06,
1982-05-15,2.11,27.82,31.1,25.0,78.34,0.88,
1982-05-16,6.59,27.84,31.3,24.64,80.9,1.2,
1982-05-17,11.96,27.07,29.26,25.25,82.0,1.03,
1982-05-18,12.72,28.39,32.52,24.13,73.15,0.84,
1982-05-19,0.0,28.19,33.24,21.92,66.84,0.94,
1982-05-20,0.0,28.13,32.81,21.58,67.99,1.05,
1982-05-21,0.0,29.35,34.01,24.51,72.6,1.09,
1982-05-22,0.0,29.14,33.91,24.66,73.93,1.02,
1982-05-23,0.0,27.7,31.07,24.46,78.37,1.2,
1982-05-24,0.12,28.8,32.12,25.61,72.7,0.93,
1982-05-25,0.0,29.24,33.97,24.34,77.48,1.09,
1982-05-26,0.05,29.55,34.19,25.56,79.72,1.74,
1982-05-27,0.25,28.58,32.38,25.53,83.87,2.4,
1982-05-28,1.36,28.41,32.16,25.56,83.22,2.55,
1982-05-29,0.39,28.42,31.22,25.81,85.53,2.79,
1982-05-30,3.39,29.13,32.6,26.17,84.54,2.64,
1982-05-31,1.49,28.93,32.78,25.79,82.26,1.63,
1982-06-01,33.27,28.71,32.76,25.24,83.14,1.26,
1982-06-02,0.0,29.22,33.01,25.95,82.14,1.22,
1982-06-03,20.43,28.42,31.86,25.98,83.59,2.65,
1982-06-04,6.56,28.27,31.62,25.77,84.18,3.43,
1982-06-05,4.32,28.67,32.26,25.66,83.33,1.76,
1982-06-06,0.43,28.96,33.03,25.51,82.17,1.66,
1982-06-07,0.01,28.42,31.91,25.4,84.82,2.04,
1982-06-08,0.16,28.57,32.19,24.99,84.45,3.04,
1982-06-09,4.38,27.73,29.52,26.46,89.95,3.9,
1982-06-10,9.3,27.46,29.55,25.75,88.81,3.26,
1982-06-11,17.97,27.74,30.5,25.49,85.69,2.4,
1982-06-12,26.0,27.36,30.17,25.36,85.69,2.38,
1982-06-13,7.17,27.15,29.27,25.11,90.42,2.63,
1982-06-14,15.58,27.73,31.43,25.37,84.75,3.23,
1982-06-15,27.78,27.04,28.88,25.17,91.38,2.93,
1982-06-16,1.09,27.63,29.86,25.6,89.12,3.58,
1982-06-17,3.02,27.79,30.01,26.26,89.16,3.8,
1982-06-18,19.57,28.02,31.15,25.59,86.54,3.04,
1982-06-19,26.08,28.04,29.65,26.82,91.97,3.85,
1982-06-20,87.21,28.09,30.18,26.28,90.81,3.87,
1982-06-21,26.73,28.22,31.64,25.8,86.4,2.53,
1982-06-22,0.48,27.87,30.74,25.71,87.51,3.05,
1982-06-23,1.61,28.02,31.3,25.79,87.42,3.89,
1982-06-24,2.85,27.15,28.41,26.23,91.47,4.57,
1982-06-25,4.84,27.34,28.83,26.48,92.25,3.95,
1982-06-26,3.88,27.92,30.6,25.57,91.18,3.0,
1982-06-27,4.54,27.87,30.17,26.33,91.49,3.36,
1982-06-28,3.13,27.78,30.3,25.73,89.07,2.89,
1982-06-29,3.55,27.35,30.52,24.98,85.49,2.44,
1982-06-30,0.08,27.7,31.86,24.84,85.82,2.45,
1982-07-01,4.58,28.17,31.49,25.03,88.49,2.97,
1982-07-02,2.35,28.42,31.3,26.32,88.03,2.76,
1982-07-03,13.98,28.4,30.96,26.84,91.31,3.03,
1982-07-04,13.31,28.52,31.2,26.61,91.24,3.87,
1982-07-05,0.19,28.38,31.55,26.37,87.47,3.89,
1982-07-06,0.31,28.15,31.4,26.03,86.21,3.89,
1982-07-07,0.75,28.27,31.68,25.84,86.34,3.34,
1982-07-08,0.52,28.57,32.18,26.03,87.06,2.98,
1982-07-09,0.12,28.28,31.41,26.18,86.93,3.05,
1982-07-10,0.67,27.88,30.67,26.11,89.39,3.11,
1982-07-11,5.26,27.52,29.74,26.14,89.33,3.22,
1982-07-12,5.68,27.89,30.81,25.94,87.22,3.4,
1982-07-13,8.98,27.81,30.47,26.0,88.22,2.85,
1982-07-14,10.93,28.29,31.59,25.87,86.95,3.16,
1982-07-15,2.16,28.34,31.53,26.3,87.89,2.4,
1982-07-16,4.97,28.88,32.83,25.94,84.35,2.06,
1982-07-17,3.56,29.08,33.43,25.98,83.07,1.78,
1982-07-18,0.24,28.96,32.65,26.62,83.97,2.16,
1982-07-19,0.39,28.56,31.65,26.38,85.85,3.1,
1982-07-20,3.93,28.38,31.67,26.27,85.65,3.59,
1982-07-21,3.8,27.92,31.35,25.72,86.28,3.12,
1982-07-22,5.65,27.28,29.07,26.09,89.65,3.28,
1982-07-23,3.42,28.16,31.38,25.88,85.26,3.9,
1982-07-24,2.52,27.88,30.9,25.61,84.54,3.8,
1982-07-25,7.09,28.35,31.89,25.5,86.01,3.48,
1982-07-26,26.67,28.73,32.06,26.1,89.37,2.54,
1982-07-27,20.4,27.99,30.4,26.62,89.29,3.16,
1982-07-28,9.14,28.29,31.11,26.14,87.07,3.67,
1982-07-29,8.48,27.67,29.83,26.11,89.31,2.54,
1982-07-30,6.98,28.11,30.86,25.76,89.08,2.0,
1982-07-31,6.9,27.16,29.45,25.54,88.44,2.43,
1982-08-01,7.13,27.07,29.35,25.23,92.3,2.99,
1982-08-02,66.08,27.22,29.01,25.75,92.05,5.03,
1982-08-03,43.49,27.7,30.09,26.3,89.46,4.14,
1982-08-04,24.08,27.79,30.66,25.52,88.29,2.57,
1982-08-05,20.93,27.85,30.86,25.61,89.39,2.05,
1982-08-06,0.67,27.62,29.73,25.8,92.73,2.33,
1982-08-07,9.41,27.51,29.99,25.84,90.69,2.64,
1982-08-08,16.11,26.9,28.33,25.65,93.96,2.74,
1982-08-09,15.3,27.1,30.05,25.0,89.7,2.0,
1982-08-10,11.52,27.72,31.18,25.0,87.3,1.96,
1982-08-11,0.49,28.18,32.61,25.38,86.42,2.54,
1982-08-12,4.79,28.13,31.76,25.63,85.18,2.43,
1982-08-13,2.4,27.82,30.41,25.84,88.56,3.85,
1982-08-14,18.67,27.49,29.5,26.05,91.13,3.55,
1982-08-15,0.62,28.01,31.4,25.91,89.38,2.99,
1982-08-16,0.8,28.09,31.67,25.56,89.89,2.38,
1982-08-17,0.51,27.89,31.82,25.48,86.79,2.09,
1982-08-18,0.08,27.9,31.03,25.0,87.4,3.29,
1982-08-19,1.36,27.85,30.44,26.33,89.31,3.84,
1982-08-20,1.84,27.72,30.07,26.09,91.6,3.09,
1982-08-21,0.12,27.97,31.16,25.94,88.77,2.89,
1982-08-22,2.59,27.35,30.2,25.45,91.45,2.38,
1982-08-23,5.16,27.07,28.84,26.15,93.1,3.37,
1982-08-24,30.58,27.83,31.19,25.56,90.78,2.54,
1982-08-25,27.41,27.29,30.0,25.38,89.89,2.35,
1982-08-26,8.76,27.79,31.62,25.39,88.49,2.29,
1982-08-27,0.17,27.89,31.54,25.27,87.98,2.3,
1982-08-28,0.15,27.41,30.19,25.86,88.36,4.73,
1982-08-29,1.42,27.13,29.97,25.31,89.21,3.85,
1982-08-30,7.34,27.06,28.64,25.77,90.27,3.73,
1982-08-31,19.56,27.43,30.58,25.16,88.16,2.52,
1982-09-01,0.59,27.53,30.97,24.65,87.58,1.54,
1982-09-02,0.01,27.93,31.79,24.88,86.29,1.34,
1982-09-03,0.48,27.86,31.25,24.99,87.73,1.32,
1982-09-04,2.25,28.68,32.17,25.53,83.44,1.06,
1982-09-05,40.88,28.2,31.45,25.59,86.47,2.01,
1982-09-06,35.93,28.21,31.77,25.84,87.35,1.61,
1982-09-07,0.04,28.28,31.5,26.18,87.62,1.73,
1982-09-08,0.13,29.05,32.65,26.32,86.9,1.15,
1982-09-09,0.09,27.36,29.19,25.27,90.58,2.86,
1982-09-10,0.05,26.99,30.4,24.39,86.12,3.81,
1982-09-11,1.82,27.24,30.17,25.49,87.59,3.5,
1982-09-12,4.31,27.54,30.77,25.41,87.35,3.27,
1982-09-13,5.49,27.49,30.69,25.75,87.02,3.4,
1982-09-14,5.21,27.59,30.67,25.56,86.01,3.81,
1982-09-15,19.69,27.76,30.57,25.81,89.59,3.55,
1982-09-16,17.01,27.26,29.74,25.54,90.58,2.31,
1982-09-17,9.64,27.25,30.34,24.63,88.04,1.59,
1982-09-18,0.57,27.32,30.86,24.36,85.79,1.53,
1982-09-19,0.0,27.36,30.81,24.35,85.83,1.63,
1982-09-20,0.14,27.05,30.76,24.28,85.62,1.64,
1982-09-21,0.16,26.69,30.66,23.43,85.78,1.58,
1982-09-22,0.19,27.21,30.89,24.35,86.37,1.49,
1982-09-23,0.48,27.5,30.9,24.37,82.87,1.03,
1982-09-24,0.31,27.21,31.31,23.2,80.03,0.99,
1982-09-25,0.06,27.15,30.61,24.03,84.45,1.22,
1982-09-26,0.09,27.58,30.67,24.87,81.52,0.79,
1982-09-27,0.49,26.57,29.67,23.82,85.8,1.27,
1982-09-28,8.25,25.12,27.12,23.55,92.09,2.05,
1982-09-29,30.4,26.84,30.32,23.65,84.65,1.09,
1982-09-30,6.81,26.51,30.48,23.24,82.39,1.19,
1982-10-01,0.1,26.34,30.58,23.53,85.16,1.37,
1982-10-02,0.13,26.24,29.71,22.84,82.53,1.02,
1982-10-03,4.02,26.57,30.42,23.68,82.4,1.16,
1982-10-04,0.01,26.58,30.13,23.56,81.88,1.25,
1982-10-05,0.47,26.36,29.7,23.95,82.5,1.09,
1982-10-06,0.13,26.72,30.18,23.98,81.06,0.82,
1982-10-07,0.02,26.34,30.42,23.12,78.89,1.6,
1982-10-08,0.0,26.25,30.37,21.7,76.75,1.18,
1982-10-09,0.0,27.25,30.91,22.97,70.76,0.68,
1982-10-10,0.11,26.42,30.54,22.7,75.32,1.04,
1982-10-11,0.21,26.27,30.53,22.48,77.48,1.21,
1982-10-12,0.16,26.49,30.81,22.11,74.96,0.99,
1982-10-13,0.0,26.32,30.99,21.72,73.58,1.02,
1982-10-14,0.0,26.05,30.95,21.58,76.53,0.97,
1982-10-15,0.0,25.41,28.75,22.68,79.76,0.97,
1982-10-16,0.0,26.98,31.67,21.75,75.52,1.21,
1982-10-17,0.0,27.65,31.72,24.28,75.8,0.76,
1982-10-18,0.0,27.0,31.43,23.27,80.31,1.28,
1982-10-19,0.0,27.32,31.59,22.55,75.06,0.95,
1982-10-20,0.0,27.09,31.33,23.77,71.31,0.98,
1982-10-21,0.0,26.53,30.17,23.58,81.53,1.09,
1982-10-22,0.0,26.66,30.84,23.21,79.31,0.91,
1982-10-23,0.17,26.8,30.28,24.17,83.77,1.25,
1982-10-24,5.82,26.52,29.75,23.89,81.75,0.92,
1982-10-25,0.99,25.18,29.06,21.83,76.11,1.29,
1982-10-26,0.0,25.01,29.17,20.08,64.74,0.9,
1982-10-27,0.0,24.58,29.55,19.28,67.87,1.07,
1982-10-28,0.0,24.05,29.43,19.52,72.65,1.2,
1982-10-29,0.0,24.15,29.72,18.82,74.22,1.2,
1982-10-30,0.0,24.43,29.54,20.26,69.75,0.76,
1982-10-31,0.0,24.63,30.03,19.28,70.4,1.18,
1982-11-01,0.0,24.48,29.85,19.16,71.02,1.17,
1982-11-02,0.0,25.64,29.96,20.19,67.62,0.79,
1982-11-03,0.0,25.1,29.95,20.33,71.98,1.05,
1982-11-04,0.0,24.4,29.27,20.4,70.23,1.02,
1982-11-05,0.0,23.33,28.5,19.19,64.87,1.09,
1982-11-06,0.0,23.18,28.56,17.0,64.11,1.07,
1982-11-07,0.03,23.34,28.46,17.7,66.75,0.79,
1982-11-08,0.15,23.17,27.85,18.3,69.18,1.18,
1982-11-09,0.0,24.08,28.05,18.99,66.64,0.89,
1982-11-10,0.11,23.32,26.91,19.72,75.95,1.19,
1982-11-11,5.73,22.38,23.76,20.88,90.48,1.77,
1982-11-12,8.35,23.62,27.14,20.51,88.2,1.46,
1982-11-13,2.26,23.05,26.93,19.77,77.98,1.43,
1982-11-14,0.0,22.21,26.55,17.36,68.82,1.33,
1982-11-15,0.0,22.56,27.02,17.94,69.66,0.94,
1982-11-16,0.0,23.01,27.9,17.9,71.07,1.09,
1982-11-17,0.0,22.4,28.02,17.36,74.09,1.18,
1982-11-18,0.0,21.95,27.71,16.12,75.26,1.35,
1982-11-19,0.0,22.02,27.57,16.79,72.02,0.86,
1982-11-20,0.0,22.23,27.53,17.36,71.14,0.79,
1982-11-21,0.0,21.71,26.81,16.5,72.42,0.75,
1982-11-22,0.0,22.18,27.72,17.69,72.09,0.73,
1982-11-23,0.0,22.64,27.6,18.29,67.09,0.77,
1982-11-24,0.0,22.68,27.66,17.91,65.99,0.83,
1982-11-25,0.0,20.55,27.15,15.24,68.28,1.58,
1982-11-26,0.0,19.43,26.0,12.98,59.53,1.52,
1982-11-27,0.0,20.48,26.44,14.29,51.67,1.02,
1982-11-28,0.0,18.47,25.56,11.97,59.01,1.71,
1982-11-29,0.0,17.81,25.12,11.3,61.59,1.7,
1982-11-30,0.0,18.03,25.01,11.58,60.34,1.52,
1982-12-01,0.0,17.82,25.11,12.14,60.99,1.56,
1982-12-02,0.0,17.52,25.13,11.67,62.54,1.63,
1982-12-03,0.0,18.42,25.21,11.79,58.17,1.22,
1982-12-04,0.0,18.74,25.33,11.0,55.16,1.09,
1982-12-05,0.0,19.26,26.07,12.5,60.26,1.2,
1982-12-06,0.0,20.99,26.79,15.98,52.91,0.98,
1982-12-07,0.0,18.6,25.48,12.76,51.16,1.28,
1982-12-08,0.0,17.6,25.34,10.85,57.91,1.48,
1982-12-09,0.0,18.55,26.38,11.45,56.05,1.4,
1982-12-10,0.0,19.21,25.84,12.19,53.68,1.18,
1982-12-11,0.0,19.36,26.71,11.35,59.12,1.14,
1982-12-12,0.0,19.16,26.58,11.6,55.83,1.02,
1982-12-13,0.0,19.93,26.34,14.51,59.5,0.89,
1982-12-14,0.0,20.58,26.02,15.94,55.83,0.63,
1982-12-15,0.0,20.54,26.34,13.89,55.25,1.06,
1982-12-16,0.0,21.2,27.63,14.26,55.47,0.93,
1982-12-17,0.0,20.1,28.17,13.57,53.86,1.34,
1982-12-18,0.0,19.41,26.61,12.22,49.86,1.4,
1982-12-19,0.0,19.14,26.39,12.38,47.43,1.19,
1982-12-20,0.0,18.95,26.16,11.82,49.48,1.28,
1982-12-21,0.0,18.51,25.55,11.72,54.17,1.3,
1982-12-22,0.0,19.42,26.19,13.31,53.97,1.01,
1982-12-23,0.0,19.6,26.48,13.21,53.78,1.11,
1982-12-24,0.0,19.85,27.49,12.98,61.85,1.23,
1982-12-25,0.0,20.75,27.93,15.43,61.36,1.25,
1982-12-26,0.25,18.96,27.22,12.42,62.59,1.83,
1982-12-27,0.0,18.59,26.86,11.38,51.56,1.14,
1982-12-28,0.0,19.2,25.94,14.0,53.53,1.29,
1982-12-29,0.0,19.22,25.44,14.76,60.28,0.95,
1982-12-30,0.0,19.73,26.26,14.6,61.16,1.01,
1982-12-31,0.0,18.1,24.41,12.96,58.12,1.58,
1983-01-01,0.03,16.23,24.06,8.99,48.04,1.6,
1983-01-02,0.0,17.02,25.38,9.96,45.63,1.71,
1983-01-03,0.0,16.79,25.26,10.11,50.49,1.54,
1983-01-04,0.17,16.17,25.2,8.88,53.06,1.67,
1983-01-05,0.0,16.54,25.79,8.52,47.89,1.41,
1983-01-06,0.0,16.94,24.8,9.53,43.44,1.1,
1983-01-07,0.0,17.83,24.84,10.48,42.92,1.07,
1983-01-08,0.0,18.21,24.73,10.86,42.2,1.03,
1983-01-09,0.0,18.44,26.13,11.73,55.67,1.17,
1983-01-10,2.87,20.34,26.52,13.36,73.51,1.57,
1983-01-11,0.05,19.19,26.42,13.97,66.03,1.58,
1983-01-12,0.11,16.72,24.82,10.12,50.72,1.67,
1983-01-13,0.0,17.61,26.78,9.96,46.54,1.62,
1983-01-14,0.0,17.78,26.93,10.46,48.0,1.89,
1983-01-15,0.0,17.17,26.15,10.03,42.12,1.78,
1983-01-16,0.0,17.82,26.43,9.19,39.18,1.29,
1983-01-17,0.0,20.36,29.12,11.02,45.44,1.17,
1983-01-18,0.0,20.27,27.66,14.15,55.58,1.24,
1983-01-19,0.0,19.06,26.93,13.74,41.29,1.35,
1983-01-20,0.0,18.54,27.65,10.31,42.28,1.62,
1983-01-21,0.0,18.61,28.3,10.9,42.32,1.91,
1983-01-22,0.0,19.08,28.42,11.03,44.79,1.28,
1983-01-23,0.0,20.27,27.37,13.81,36.41,0.83,
1983-01-24,0.0,20.47,27.77,14.98,44.22,0.91,
1983-01-25,0.0,20.07,28.43,13.32,57.99,1.04,
1983-01-26,0.0,21.26,28.75,13.97,41.78,0.91,
1983-01-27,0.0,20.86,29.16,13.54,43.9,1.01,
1983-01-28,0.0,20.17,29.19,12.76,63.05,1.29,
1983-01-29,0.0,20.76,28.65,14.26,68.8,1.69,
1983-01-30,0.0,21.0,27.92,15.24,68.77,1.43,
1983-01-31,1.03,21.49,27.52,16.49,64.7,1.54,
1983-02-01,0.39,19.89,27.55,13.66,45.45,1.08,
1983-02-02,0.0,19.59,28.43,12.71,41.79,1.94,
1983-02-03,0.0,19.34,27.64,14.14,37.79,2.38,
1983-02-04,0.0,17.71,25.9,11.14,37.35,2.23,
1983-02-05,0.0,16.59,25.35,9.33,36.19,1.86,
1983-02-06,0.0,16.43,25.42,8.18,30.54,1.9,
1983-02-07,0.0,17.82,27.1,9.41,30.8,1.78,
1983-02-08,0.0,18.38,25.95,11.28,32.4,1.88,
1983-02-09,0.01,19.86,26.98,13.7,48.21,2.16,
1983-02-10,0.05,20.49,29.78,12.33,56.9,1.8,
1983-02-11,0.0,21.33,30.26,14.13,38.83,1.89,
1983-02-12,0.0,20.9,29.41,15.06,33.72,1.57,
1983-02-13,0.0,20.86,29.58,13.44,29.1,1.69,
1983-02-14,0.0,22.82,31.72,14.68,31.04,1.43,
1983-02-15,0.0,23.96,33.05,16.09,63.98,1.88,
1983-02-16,0.0,25.06,33.7,18.19,66.46,1.75,
1983-02-17,0.0,26.02,34.48,18.72,57.22,1.47,
1983-02-18,0.0,25.29,33.47,18.76,56.55,1.51,
1983-02-19,0.49,24.76,30.95,20.43,67.15,1.93,
1983-02-20,0.06,24.04,32.27,17.77,54.48,1.5,
1983-02-21,0.0,23.36,31.36,16.61,58.1,1.58,
1983-02-22,5.0,23.22,30.21,17.46,61.64,1.3,
1983-02-23,6.92,23.06,29.09,17.23,59.6,1.57,
1983-02-24,0.19,23.86,31.24,17.09,60.4,1.47,
1983-02-25,0.03,24.22,31.73,17.89,58.29,1.79,
1983-02-26,2.06,20.68,25.01,18.19,76.16,1.71,
1983-02-27,4.32,23.86,30.75,17.93,65.94,2.31,
1983-02-28,0.59,23.58,31.14,17.41,51.61,1.79,
1983-03-01,0.0,23.04,31.49,15.67,58.73,2.14,
1983-03-02,0.0,24.11,32.47,16.75,64.91,2.07,
1983-03-03,0.0,25.02,32.71,18.29,66.38,2.1,
1983-03-04,0.55,25.93,34.07,19.42,66.65,1.53,
1983-03-05,1.63,26.54,34.13,20.4,63.55,1.54,
1983-03-06,0.02,25.54,32.29,20.09,66.47,1.76,
1983-03-07,0.0,25.95,33.04,19.35,61.02,1.49,
1983-03-08,0.0,25.86,32.44,20.05,63.34,2.52,
1983-03-09,0.0,26.36,33.7,19.73,67.91,2.76,
1983-03-10,0.0,27.03,34.46,20.83,69.66,3.16,
1983-03-11,0.03,27.26,34.84,21.6,71.6,3.27,
1983-03-12,0.0,28.15,36.48,22.91,67.6,3.36,
1983-03-13,0.0,27.72,35.6,21.92,72.1,3.48,
1983-03-14,0.0,27.84,36.16,21.25,60.84,2.69,
1983-03-15,0.01,26.59,33.83,21.54,72.13,3.73,
1983-03-16,1.07,27.13,32.53,23.18,76.56,3.69,
1983-03-17,0.56,27.28,34.64,21.64,67.42,2.39,
1983-03-18,0.0,27.72,34.17,22.91,66.52,3.45,
1983-03-19,6.08,27.13,33.07,23.21,72.8,4.01,
1983-03-20,4.38,26.47,31.16,23.18,75.24,3.06,
1983-03-21,0.13,26.61,30.83,23.96,72.37,4.11,
1983-03-22,2.1,27.29,34.05,22.16,53.85,2.42,
1983-03-23,0.0,24.6,33.46,16.03,35.62,1.26,
1983-03-24,0.0,24.61,33.53,16.6,49.73,1.71,
1983-03-25,0.0,25.33,34.46,17.44,46.9,1.74,
1983-03-26,0.0,26.58,35.29,18.38,58.29,2.67,
1983-03-27,0.0,27.72,35.65,21.01,68.68,3.01,
1983-03-28,0.0,28.38,35.99,22.88,71.86,3.23,
1983-03-29,0.0,28.63,36.13,22.98,66.75,2.93,
1983-03-30,0.0,29.81,38.35,22.88,60.61,1.69,
1983-03-31,0.03,29.32,38.26,22.01,48.18,1.27,
1983-04-01,0.0,28.69,39.01,19.98,54.46,1.87,
1983-04-02,0.0,29.76,38.24,21.65,57.35,2.62,
1983-04-03,0.0,29.26,36.85,23.57,66.45,3.47,
1983-04-04,0.0,30.45,39.14,24.05,62.83,3.16,
1983-04-05,0.0,30.78,39.88,23.3,58.21,3.33,
1983-04-06,0.01,30.66,38.97,24.47,64.26,3.42,
1983-04-07,0.01,29.84,37.41,24.03,65.55,3.73,
1983-04-08,0.03,29.58,36.49,24.71,66.99,4.34,
1983-04-09,0.09,29.89,37.43,24.78,67.43,4.57,
1983-04-10,3.01,29.28,35.75,24.92,67.56,3.47,
1983-04-11,3.61,28.12,33.81,24.28,69.83,2.79,
1983-04-12,0.07,29.13,36.3,23.19,60.23,2.6,
1983-04-13,0.09,28.58,35.23,23.08,64.21,3.86,
1983-04-14,0.57,29.7,34.84,26.07,67.56,3.73,
1983-04-15,0.14,30.57,37.4,24.57,58.4,1.96,
1983-04-16,0.0,28.44,35.54,22.97,44.87,2.44,
1983-04-17,0.0,29.81,37.0,22.22,40.12,2.93,
1983-04-18,0.0,30.78,38.98,23.49,38.65,2.92,
1983-04-19,0.0,31.12,39.45,24.41,37.42,3.11,
1983-04-20,0.0,30.98,39.61,23.71,31.05,2.7,
1983-04-21,0.0,30.54,38.84,22.17,33.42,1.98,
1983-04-22,0.0,31.22,37.91,25.3,52.85,2.84,
1983-04-23,0.35,30.59,37.26,24.79,58.33,3.4,
1983-04-24,1.19,29.47,35.72,25.17,66.7,4.21,
1983-04-25,1.86,29.44,35.94,24.53,68.69,3.59,
1983-04-26,6.45,28.83,34.55,25.33,68.16,2.68,
1983-04-27,0.17,29.96,36.9,24.41,63.63,3.19,
1983-04-28,4.47,29.57,35.43,25.56,66.64,4.5,
1983-04-29,46.46,28.24,31.43,25.78,79.36,4.87,
1983-04-30,32.07,28.59,32.93,26.2,79.14,4.78,
1983-05-01,22.83,27.91,30.96,25.83,80.58,4.64,
1983-05-02,8.0,28.53,32.17,26.25,75.47,4.83,
1983-05-03,8.77,28.54,32.54,25.65,76.23,3.94,
1983-05-04,22.26,28.25,32.07,25.71,81.35,3.66,
1983-05-05,16.74,28.31,32.73,24.95,81.85,2.66,
1983-05-06,0.05,28.44,33.26,24.96,78.3,3.24,
1983-05-07,0.0,27.33,30.53,24.82,82.54,3.04,
1983-05-08,0.02,26.9,30.12,24.12,80.07,2.18,
1983-05-09,0.31,26.79,29.85,23.93,83.61,2.58,
1983-05-10,0.1,26.68,29.54,24.08,81.86,2.18,
1983-05-11,2.87,26.15,29.47,23.45,78.58,1.1,
1983-05-12,8.98,27.35,31.5,23.76,74.57,1.36,
1983-05-13,0.11,27.69,31.78,24.23,74.21,1.68,
1983-05-14,0.09,28.95,34.21,24.2,71.28,1.79,
1983-05-15,0.53,29.54,34.58,24.75,70.13,1.51,
1983-05-16,0.85,29.52,34.72,25.07,71.8,2.41,
1983-05-17,1.04,29.0,33.27,25.55,76.0,2.1,
1983-05-18,0.21,29.28,34.69,25.48,72.2,1.82,
1983-05-19,0.45,29.47,34.98,24.49,72.02,2.66,
1983-05-20,3.95,28.46,31.49,26.23,77.16,2.65,
1983-05-21,13.49,28.2,31.19,25.55,81.62,2.58,
1983-05-22,9.03,28.66,33.13,25.07,80.45,2.28,
1983-05-23,4.57,28.69,32.97,25.48,78.04,1.96,
1983-05-24,3.91,28.96,33.62,25.24,75.3,1.81,
1983-05-25,0.06,30.41,36.23,25.6,63.85,1.02,
1983-05-26,0.0,30.58,36.23,24.47,55.14,1.66,
1983-05-27,0.0,30.57,35.53,26.08,62.44,1.43,
1983-05-28,0.0,31.38,37.37,25.52,59.44,1.33,
1983-05-29,0.02,31.38,37.16,25.67,63.47,1.58,
1983-05-30,0.44,31.59,36.71,26.5,65.97,1.98,
1983-05-31,0.0,31.25,35.07,27.38,67.78,2.24,
1983-06-01,0.0,31.64,36.64,27.26,65.52,2.21,
1983-06-02,0.8,30.4,34.21,27.54,71.54,3.0,
1983-06-03,2.48,30.21,34.15,27.13,70.02,2.8,
1983-06-04,9.23,29.17,32.28,26.46,75.06,2.84,
1983-06-05,0.01,30.41,34.67,27.34,71.58,3.78,
1983-06-06,0.0,29.85,32.88,27.97,74.96,4.19,
1983-06-07,0.54,29.89,32.52,27.7,78.09,4.47,
1983-06-08,1.38,29.74,32.87,27.68,76.9,4.07,
1983-06-09,0.17,30.63,34.74,27.67,68.86,2.83,
1983-06-10,0.23,30.28,34.28,27.17,68.7,1.81,
1983-06-11,0.47,30.88,36.51,26.74,63.75,1.37,
1983-06-12,0.0,32.49,38.95,26.44,55.55,1.55,
1983-06-13,0.0,30.42,33.92,28.0,66.07,2.35,
1983-06-14,0.27,30.58,34.59,27.15,68.64,3.39,
1983-06-15,13.66,28.93,30.88,27.58,80.49,2.52,
1983-06-16,20.07,28.42,30.43,27.23,86.87,3.19,
1983-06-17,4.53,28.66,31.27,26.58,82.21,3.72,
1983-06-18,5.44,29.93,32.95,27.44,76.74,4.59,
1983-06-19,17.52,29.43,32.39,27.47,81.98,4.09,
1983-06-20,11.85,29.74,32.98,27.42,83.34,3.18,
1983-06-21,1.37,29.77,33.25,27.29,79.44,3.67,
1983-06-22,0.01,30.35,34.93,27.08,73.07,3.22,
1983-06-23,0.23,30.63,35.77,26.17,70.26,2.27,
1983-06-24,0.18,31.02,35.42,27.22,72.87,2.82,
1983-06-25,0.01,30.1,34.32,27.7,75.45,4.21,
1983-06-26,0.33,29.86,33.19,27.45,75.49,4.87,
1983-06-27,1.99,30.5,34.81,27.54,71.65,4.24,
1983-06-28,3.72,30.01,33.95,27.17,74.12,3.82,
1983-06-29,1.59,30.31,34.36,27.18,74.31,3.96,
1983-06-30,0.88,30.08,34.03,27.61,77.38,3.25,
1983-07-01,0.8,29.31,31.47,27.7,79.26,3.48,
1983-07-02,6.21,29.51,32.79,27.3,77.43,4.5,
1983-07-03,15.4,29.05,32.1,26.76,80.04,4.44,
1983-07-04,42.49,28.15,31.8,26.23,83.3,4.38,
1983-07-05,47.46,26.84,29.05,25.26,89.32,4.21,
1983-07-06,3.92,28.15,31.05,25.47,85.63,3.22,
1983-07-07,0.24,28.83,32.49,25.7,84.74,2.35,
1983-07-08,0.04,28.94,32.51,26.2,83.34,2.69,
1983-07-09,0.28,29.19,32.98,26.26,80.27,3.0,
1983-07-10,0.34,29.17,32.4,26.59,80.71,2.96,
1983-07-11,0.01,29.2,32.79,26.52,81.05,2.59,
1983-07-12,0.0,29.48,33.62,25.88,78.39,1.91,
1983-07-13,0.01,29.91,35.04,25.5,76.63,1.97,
1983-07-14,0.0,30.2,35.65,26.29,75.35,2.05,
1983-07-15,0.0,29.82,34.33,26.27,76.3,2.79,
1983-07-16,0.0,30.13,34.51,26.36,75.78,2.99,
1983-07-17,0.02,30.53,35.32,26.73,73.15,3.04,
1983-07-18,1.8,30.01,34.36,26.83,75.24,3.18,
1983-07-19,1.03,29.43,32.77,26.86,76.31,3.46,
1983-07-20,0.13,29.77,33.35,26.85,74.6,4.47,
1983-07-21,0.44,29.93,33.58,27.14,76.63,5.16,
1983-07-22,4.82,29.53,33.4,27.15,79.27,3.71,
1983-07-23,5.33,28.9,31.66,26.79,83.21,3.58,
1983-07-24,1.34,28.95,32.4,26.7,79.37,3.44,
1983-07-25,0.42,28.85,31.87,26.68,77.21,3.71,
1983-07-26,0.62,29.44,32.79,26.8,74.49,3.77,
1983-07-27,16.37,28.89,32.48,26.42,79.33,3.87,
1983-07-28,9.26,28.79,32.23,25.97,80.18,4.12,
1983-07-29,3.49,28.93,32.12,26.68,80.19,4.5,
1983-07-30,11.08,29.1,33.0,26.32,83.24,3.27,
1983-07-31,1.69,29.16,32.11,27.02,82.53,3.34,
1983-08-01,0.72,28.34,30.54,26.96,84.86,3.24,
1983-08-02,8.06,28.03,30.79,26.57,85.3,3.87,
1983-08-03,18.1,27.41,28.77,26.47,91.19,5.14,
1983-08-04,51.14,27.59,28.88,26.59,92.49,4.65,
1983-08-05,59.26,27.74,29.95,26.36,89.81,4.81,
1983-08-06,38.48,27.4,29.33,25.77,90.86,3.2,
1983-08-07,7.53,28.26,31.87,24.96,85.16,1.6,
1983-08-08,1.71,27.39,30.1,25.7,88.16,1.67,
1983-08-09,1.99,27.63,31.03,25.62,86.62,2.73,
1983-08-10,2.31,28.01,31.02,25.89,87.12,2.89,
1983-08-11,1.87,27.63,30.66,25.63,88.3,3.35,
1983-08-12,0.28,28.07,30.98,25.9,86.76,3.2,
1983-08-13,0.11,27.77,30.75,25.91,88.31,3.43,
1983-08-14,3.1,27.65,29.78,26.08,87.18,3.23,
1983-08-15,1.81,28.01,31.75,25.56,87.13,2.94,
1983-08-16,1.04,28.09,31.39,25.8,87.49,2.45,
1983-08-17,2.31,28.56,32.09,26.26,87.01,2.24,
1983-08-18,0.04,28.71,32.25,26.6,85.24,3.89,
1983-08-19,0.64,28.53,31.79,26.43,86.25,3.18,
1983-08-20,0.75,27.88,30.88,26.12,87.9,2.42,
1983-08-21,0.19,28.37,31.55,25.88,86.09,3.23,
1983-08-22,6.42,28.21,31.1,26.49,86.96,3.82,
1983-08-23,34.89,27.78,30.62,26.2,89.77,3.57,
1983-08-24,12.32,27.73,30.64,25.81,87.13,3.46,
1983-08-25,14.22,27.38,29.85,25.59,89.93,2.21,
1983-08-26,14.8,27.71,30.83,25.81,89.67,2.24,
1983-08-27,12.27,27.34,29.13,25.62,90.61,2.51,
1983-08-28,0.41,27.73,30.48,25.56,86.15,3.94,
1983-08-29,0.1,27.66,30.64,25.47,86.83,2.89,
1983-08-30,0.06,27.68,31.07,25.34,88.31,2.41,
1983-08-31,0.76,28.04,31.45,25.7,88.27,2.28,
1983-09-01,2.95,26.65,28.65,25.43,91.29,1.98,
1983-09-02,0.03,26.79,29.25,25.09,89.49,2.12,
1983-09-03,0.06,27.51,31.05,24.64,86.94,2.46,
1983-09-04,0.07,27.25,29.75,25.61,91.55,3.08,
1983-09-05,0.23,27.32,29.59,25.69,90.06,3.67,
1983-09-06,1.54,27.53,29.7,25.85,89.41,4.77,
1983-09-07,10.28,27.57,30.65,25.73,88.47,4.13,
1983-09-08,19.6,27.53,30.7,25.45,88.43,3.13,
1983-09-09,10.83,27.37,30.29,25.4,87.68,2.85,
1983-09-10,0.63,27.48,30.95,25.16,86.94,2.54,
1983-09-11,0.21,27.29,31.31,24.36,85.39,2.04,
1983-09-12,0.95,27.45,31.81,24.57,87.41,2.4,
1983-09-13,0.75,27.56,31.22,24.89,88.24,2.32,
1983-09-14,0.09,26.84,29.25,25.09,91.11,2.15,
1983-09-15,1.13,26.85,29.67,24.83,88.77,3.66,
1983-09-16,5.64,26.28,28.84,24.05,90.59,4.26,
1983-09-17,6.9,26.94,28.88,25.7,92.0,3.38,
1983-09-18,9.95,27.37,30.25,25.69,90.28,3.03,
1983-09-19,5.12,27.26,30.53,25.08,89.79,2.43,
1983-09-20,1.79,27.27,30.61,24.9,89.48,2.45,
1983-09-21,2.47,26.38,29.11,24.23,89.06,2.37,
1983-09-22,3.11,26.62,30.15,24.06,87.42,1.62,
1983-09-23,2.72,27.72,31.8,23.32,82.69,0.88,
1983-09-24,0.82,28.45,32.63,25.22,79.78,0.85,
1983-09-25,0.0,27.49,31.67,24.14,84.48,1.33,
1983-09-26,0.03,27.33,31.24,24.12,86.82,1.8,
1983-09-27,0.87,27.47,30.97,24.77,86.28,1.59,
1983-09-28,3.53,27.76,31.66,24.21,83.44,1.09,
1983-09-29,0.07,29.09,33.03,24.79,78.52,0.92,
1983-09-30,0.0,27.51,30.02,25.34,85.3,1.56,
1983-10-01,0.0,28.27,31.97,24.28,77.79,0.61,
1983-10-02,0.0,27.57,30.05,25.32,83.96,0.89,
1983-10-03,0.01,28.3,32.61,25.64,81.9,1.01,
1983-10-04,0.46,27.83,30.18,25.8,84.39,0.89,
1983-10-05,1.12,27.22,29.06,25.91,90.16,1.67,
1983-10-06,2.66,27.08,29.01,25.66,91.73,2.0,
1983-10-07,20.6,26.54,29.09,24.5,88.06,1.04,
1983-10-08,30.23,26.57,29.43,24.88,89.3,1.54,
1983-10-09,0.71,26.7,29.95,24.55,86.26,2.23,
1983-10-10,2.23,26.2,28.16,24.73,89.52,2.42,
1983-10-11,5.75,26.6,28.92,25.06,90.43,1.8,
1983-10-12,2.07,26.96,30.23,24.19,82.84,1.01,
1983-10-13,0.11,27.38,30.74,24.21,80.44,0.83,
1983-10-14,0.09,27.4,31.54,23.8,83.34,0.98,
1983-10-15,2.18,26.01,27.84,24.57,91.09,1.31,
1983-10-16,11.11,25.82,29.52,22.8,83.34,1.92,
1983-10-17,1.55,25.2,29.45,21.33,65.45,0.89,
1983-10-18,0.33,22.98,28.73,17.65,73.78,1.81,
1983-10-19,0.0,24.87,30.97,19.08,77.64,1.7,
1983-10-20,0.07,26.42,31.13,21.83,80.32,1.32,
1983-10-21,0.58,25.8,28.94,23.86,86.53,1.55,
1983-10-22,1.6,26.22,30.76,22.65,81.32,0.95,
1983-10-23,1.18,26.58,31.56,22.3,78.63,1.08,
1983-10-24,0.0,26.94,31.61,22.74,76.96,0.99,
1983-10-25,0.01,26.8,31.54,23.22,75.85,1.82,
1983-10-26,0.0,24.34,30.32,19.8,63.45,2.79,
1983-10-27,0.0,23.42,30.22,17.61,63.23,2.08,
1983-10-28,0.0,24.32,31.16,18.14,67.22,1.73,
1983-10-29,0.0,25.59,32.17,19.74,68.22,1.89,
1983-10-30,0.0,27.45,33.64,22.78,70.62,1.67,
1983-10-31,0.0,27.84,34.71,22.49,65.5,1.79,
1983-11-01,0.0,27.24,34.26,21.48,60.4,1.85,
1983-11-02,0.0,26.57,33.09,21.55,62.43,1.2,
1983-11-03,0.0,25.88,32.44,20.71,63.57,1.95,
1983-11-04,0.0,25.4,32.55,19.52,59.6,1.99,
1983-11-05,0.0,25.92,32.89,20.97,63.71,2.09,
1983-11-06,0.0,25.83,32.82,20.82,59.09,2.17,
1983-11-07,0.0,25.2,30.08,21.69,57.15,1.36,
1983-11-08,0.01,24.52,28.47,21.04,67.94,1.49,
1983-11-09,2.86,25.45,31.51,21.73,76.39,2.8,
1983-11-10,4.78,25.29,30.96,21.42,75.02,2.3,
1983-11-11,0.67,24.64,30.27,19.91,74.17,1.71,
1983-11-12,0.09,24.05,30.55,18.79,69.45,1.68,
1983-11-13,0.0,24.49,31.03,18.95,64.55,1.42,
1983-11-14,0.32,25.0,31.18,19.67,61.22,0.83,
1983-11-15,0.88,24.94,31.17,20.9,68.68,0.84,
1983-11-16,0.0,24.68,31.33,20.04,65.03,0.97,
1983-11-17,0.12,24.24,30.73,18.83,60.39,0.94,
1983-11-18,0.02,23.96,30.36,19.31,60.06,1.02,
1983-11-19,0.18,23.56,29.76,18.91,63.21,1.09,
1983-11-20,0.0,23.52,30.46,17.77,57.85,1.21,
1983-11-21,0.0,22.83,30.76,15.66,53.49,1.31,
1983-11-22,0.0,22.19,28.82,17.94,62.59,1.16,
1983-11-23,0.0,22.48,26.16,19.93,72.64,1.49,
1983-11-24,18.62,23.3,29.02,19.63,72.31,1.3,
1983-11-25,5.22,22.3,29.07,16.12,67.43,1.36,
1983-11-26,0.0,22.48,30.03,16.33,65.04,1.19,
1983-11-27,0.0,22.99,29.64,17.92,64.01,0.74,
1983-11-28,0.0,22.44,29.5,16.22,58.65,1.07,
1983-11-29,0.0,21.56,29.27,14.87,56.98,1.12,
1983-11-30,0.0,21.78,28.29,17.29,54.39,0.82,
1983-12-01,0.0,21.77,28.34,16.34,54.65,0.71,
1983-12-02,0.0,21.02,28.63,14.42,57.71,1.2,
1983-12-03,0.0,20.52,28.75,13.33,52.73,1.07,
1983-12-04,0.0,19.69,27.57,12.74,54.64,1.4,
1983-12-05,0.0,19.19,27.07,12.38,54.88,1.33,
1983-12-06,0.0,19.35,27.03,12.54,55.58,1.14,
1983-12-07,0.0,20.14,28.27,13.34,53.75,0.94,
1983-12-08,0.0,20.22,28.48,13.56,56.18,1.11,
1983-12-09,0.0,20.3,28.28,14.12,57.13,1.19,
1983-12-10,0.0,20.13,27.67,13.86,54.07,1.15,
1983-12-11,0.0,19.76,27.4,13.36,59.33,1.23,
1983-12-12,0.0,20.41,27.12,14.44,56.84,1.24,
1983-12-13,0.0,19.49,27.9,12.73,55.33,1.55,
1983-12-14,0.0,19.76,29.14,12.43,54.94,1.51,
1983-12-15,0.0,19.72,28.28,12.65,50.57,1.4,
1983-12-16,0.0,19.34,27.53,13.44,49.05,1.6,
1983-12-17,0.0,19.1,27.83,12.11,50.73,1.56,
1983-12-18,0.0,18.58,27.52,12.34,45.96,1.69,
1983-12-19,0.0,18.1,27.18,10.74,48.07,1.76,
1983-12-20,0.0,18.14,26.28,10.27,43.45,1.51,
1983-12-21,0.0,18.55,27.19,10.7,46.26,1.6,
1983-12-22,0.0,19.29,27.55,11.71,47.67,1.37,
1983-12-23,0.0,20.9,29.36,12.14,44.49,1.11,
1983-12-24,0.0,20.61,28.41,13.54,57.24,1.23,
1983-12-25,0.0,20.06,28.18,12.85,51.0,1.54,
1983-12-26,0.21,18.75,23.49,15.62,64.37,1.83,
1983-12-27,11.15,17.0,19.65,13.57,83.49,2.02,
1983-12-28,0.03,16.67,24.44,10.57,68.62,1.54,
1983-12-29,0.63,16.27,24.02,9.84,58.71,1.88,
1983-12-30,0.0,15.56,23.52,9.0,50.22,1.81,
1983-12-31,0.0,14.65,23.43,7.52,46.87,1.81,
1984-01-01,0.0,15.82,24.88,8.04,52.35,1.53,16.6
1984-01-02,0.0,17.01,25.3,9.12,49.99,1.26,17.17
1984-01-03,0.0,19.38,26.77,12.93,52.08,1.28,11.91
1984-01-04,0.0,18.88,27.19,12.49,57.18,1.61,16.99
1984-01-05,0.0,18.39,26.42,12.61,57.03,1.48,17.19
1984-01-06,0.0,18.44,26.79,11.39,57.65,1.63,16.64
1984-01-07,0.0,18.43,27.3,11.61,50.27,1.77,17.25
1984-01-08,0.0,18.21,25.59,12.43,49.7,1.87,17.37
1984-01-09,0.0,18.94,26.06,13.63,48.55,1.59,16.97
1984-01-10,0.0,18.4,25.52,14.18,44.81,1.56,9.48
1984-01-11,0.0,18.39,27.58,11.8,44.01,1.81,17.43
1984-01-12,0.0,18.07,27.85,10.19,44.05,2.1,17.68
1984-01-13,0.0,18.51,27.57,11.58,43.52,1.51,17.72
1984-01-14,0.0,19.69,27.97,12.7,42.83,1.27,17.49
1984-01-15,0.0,20.3,29.33,13.02,47.81,1.85,17.84
1984-01-16,0.0,21.73,30.92,14.19,51.6,1.41,17.01
1984-01-17,1.9,19.7,25.84,14.63,73.2,1.85,12.82
1984-01-18,0.0,16.58,24.65,9.96,54.42,1.79,17.72
1984-01-19,0.03,17.06,25.56,9.22,35.77,1.71,17.81
1984-01-20,0.0,17.79,27.39,9.32,40.49,1.43,17.62
1984-01-21,0.01,18.91,27.49,12.0,46.78,1.27,12.74
1984-01-22,0.05,17.84,26.13,10.29,39.11,1.65,17.6
1984-01-23,0.16,18.11,25.03,12.46,42.6,1.3,6.9
1984-01-24,0.04,18.18,26.71,11.63,48.83,1.88,17.69
1984-01-25,0.11,17.73,27.16,10.14,44.65,2.17,18.59
1984-01-26,0.0,17.96,27.69,10.13,36.8,1.83,18.79
1984-01-27,0.0,18.21,27.97,10.17,41.91,2.01,18.63
1984-01-28,0.0,19.51,28.85,11.14,43.09,1.68,10.94
1984-01-29,0.0,20.43,29.23,13.31,43.97,1.55,18.92
1984-01-30,0.0,19.24,28.15,12.35,38.05,2.11,19.13
1984-01-31,0.0,17.48,27.39,9.6,31.85,2.1,19.48
1984-02-01,0.0,18.15,28.3,9.63,33.01,1.82,18.84
1984-02-02,0.0,18.37,28.39,10.04,34.43,1.8,18.52
1984-02-03,0.0,20.37,30.84,11.25,37.9,1.67,19.08
1984-02-04,0.0,22.63,31.03,16.81,43.4,1.64,18.28
1984-02-05,0.0,22.68,30.96,15.39,53.47,2.07,18.8
1984-02-06,0.0,20.82,29.09,14.15,38.59,2.05,16.07
1984-02-07,0.0,20.23,27.65,14.71,38.63,1.47,6.58
1984-02-08,0.0,20.03,28.06,15.02,49.1,1.68,4.22
1984-02-09,0.0,20.13,28.35,14.13,53.03,1.47,19.57
1984-02-10,0.12,19.76,28.07,12.74,36.36,1.33,19.7
1984-02-11,0.0,20.09,30.65,11.43,32.69,1.79,19.84
1984-02-12,0.0,22.35,32.36,12.89,33.48,1.48,19.43
1984-02-13,0.0,21.87,30.12,14.45,40.13,1.95,17.95
1984-02-14,0.0,21.86,29.76,15.99,36.51,2.37,7.43
1984-02-15,0.0,21.38,28.98,15.86,39.87,1.67,5.2
1984-02-16,0.0,22.23,31.11,16.11,37.33,1.65,20.03
1984-02-17,0.0,21.88,31.74,14.18,32.39,1.85,20.62
1984-02-18,0.0,22.26,32.08,14.0,30.48,1.94,20.18
1984-02-19,0.0,23.69,33.5,15.36,30.82,1.79,20.56
1984-02-20,0.0,25.62,36.02,16.44,33.09,1.48,20.93
1984-02-21,0.0,25.67,35.32,16.93,40.36,1.69,21.39
1984-02-22,0.0,25.87,34.03,19.76,42.74,2.26,21.11
1984-02-23,0.0,22.96,31.81,16.24,34.76,2.8,21.21
1984-02-24,0.0,19.91,30.42,11.08,24.9,2.5,21.44
1984-02-25,0.0,19.35,30.13,10.42,25.12,2.65,22.6
1984-02-26,0.0,19.61,31.14,10.04,24.56,2.55,22.65
1984-02-27,0.0,20.06,31.34,10.1,22.77,2.11,22.36
1984-02-28,0.0,21.06,31.72,11.44,21.23,1.88,21.59
1984-02-29,0.0,23.29,32.53,16.22,18.37,1.54,22.51
1984-03-01,0.0,23.25,32.62,15.17,21.98,1.37,22.46
1984-03-02,0.0,22.43,33.56,13.78,51.96,1.63,21.31
1984-03-03,0.0,23.19,33.42,14.95,56.19,1.48,19.92
1984-03-04,0.0,23.46,33.38,15.27,52.08,1.59,21.62
1984-03-05,0.0,23.25,32.35,16.72,57.69,1.78,22.95
1984-03-06,0.0,24.69,34.55,17.14,54.85,1.57,20.28
1984-03-07,0.0,25.0,34.92,16.62,46.69,1.6,21.31
1984-03-08,0.0,24.24,35.01,14.88,46.48,1.8,22.31
1984-03-09,0.0,25.7,35.26,16.86,54.94,2.38,21.49
1984-03-10,0.0,26.22,35.89,18.33,55.08,1.9,21.73
1984-03-11,0.0,26.08,36.15,17.55,55.91,2.18,22.03
1984-03-12,0.0,25.95,35.12,17.6,63.2,2.7,21.91
1984-03-13,0.0,26.24,34.12,20.47,72.03,2.82,17.33
1984-03-14,0.0,26.84,34.23,20.92,66.59,2.34,20.8
1984-03-15,0.0,27.82,37.5,19.95,55.3,1.28,22.72
1984-03-16,0.0,28.16,37.85,19.84,51.97,1.56,23.19
1984-03-17,0.0,28.53,38.8,19.88,51.69,1.8,23.43
1984-03-18,0.0,28.89,38.68,20.66,57.7,2.31,23.11
1984-03-19,0.0,29.98,39.81,21.61,51.31,2.14,22.18
1984-03-20,0.0,29.94,39.39,21.54,46.34,1.72,22.36
1984-03-21,0.0,28.17,38.13,18.76,16.82,1.5,23.28
1984-03-22,0.0,27.68,37.72,18.07,17.47,1.42,23.26
1984-03-23,0.0,27.83,38.38,18.56,45.57,1.92,23.55
1984-03-24,0.0,27.92,37.07,19.89,56.67,2.36,23.23
1984-03-25,0.0,27.59,35.49,20.94,61.73,3.48,24.32
1984-03-26,0.0,28.35,36.69,21.85,60.42,3.13,23.54
1984-03-27,0.06,28.09,34.92,22.86,64.87,2.94,16.05
1984-03-28,0.07,29.22,37.37,23.08,63.48,2.2,20.17
1984-03-29,0.0,30.17,38.56,22.8,57.39,2.18,24.6
1984-03-30,0.0,30.15,38.98,23.1,59.03,3.18,22.56
1984-03-31,0.0,29.62,37.8,23.54,64.78,3.54,24.2
1984-04-01,0.02,29.98,39.12,23.83,63.96,3.49,22.8
1984-04-02,0.31,29.72,38.79,23.53,64.15,4.05,22.0
1984-04-03,0.12,29.09,36.88,24.01,67.16,5.04,21.87
1984-04-04,0.0,29.31,36.4,24.98,66.97,4.66,20.51
1984-04-05,0.0,29.08,35.98,25.22,67.3,4.53,17.61
1984-04-06,0.0,30.55,39.89,24.29,60.51,2.91,10.57
1984-04-07,0.0,30.09,38.16,23.96,61.64,3.26,21.98
1984-04-08,1.77,28.06,34.24,24.19,71.34,2.37,7.16
1984-04-09,1.96,28.32,33.94,23.15,67.13,1.65,25.56
1984-04-10,0.19,28.75,34.66,23.63,57.61,1.25,23.31
1984-04-11,0.01,30.55,37.87,22.85,39.61,2.19,25.94
1984-04-12,0.0,31.29,38.89,24.9,32.17,2.36,25.52
1984-04-13,0.0,31.73,40.56,24.62,24.55,1.67,26.26
1984-04-14,0.0,31.82,40.75,23.6,30.7,1.65,25.83
1984-04-15,0.0,30.41,38.64,23.11,52.52,2.92,25.47
1984-04-16,0.0,29.97,37.86,23.77,63.86,3.91,23.0
1984-04-17,0.0,29.92,36.84,25.61,65.76,4.56,22.93
1984-04-18,0.0,29.29,35.78,25.52,68.9,5.19,21.22
1984-04-19,0.0,29.14,35.27,25.15,70.56,4.9,22.74
1984-04-20,0.0,29.35,35.69,25.28,68.82,4.32,19.91
1984-04-21,0.0,30.07,37.81,24.86,64.36,3.74,24.55
1984-04-22,0.01,29.72,36.93,24.62,59.86,2.07,23.31
1984-04-23,0.1,30.61,38.81,23.68,59.4,2.86,15.88
1984-04-24,1.11,29.46,34.84,25.74,63.72,3.03,6.01
1984-04-25,0.11,28.24,31.94,25.43,68.75,2.84,8.48
1984-04-26,0.0,30.66,38.6,24.08,59.36,1.94,25.43
1984-04-27,1.01,30.21,35.73,26.3,64.01,3.22,20.16
1984-04-28,4.16,29.58,35.97,25.19,67.86,3.94,23.36
1984-04-29,1.13,29.86,36.64,24.79,64.89,3.17,25.64
1984-04-30,2.49,29.83,37.03,24.32,65.51,3.49,14.42
1984-05-01,5.42,29.35,36.03,25.08,69.26,3.75,18.4
1984-05-02,4.84,28.98,34.63,25.15,72.02,4.1,23.33
1984-05-03,2.4,29.11,35.12,24.86,67.43,3.49,23.32
1984-05-04,2.17,29.18,35.32,24.11,67.18,3.69,24.59
1984-05-05,0.59,29.4,35.43,24.97,65.74,3.67,22.48
1984-05-06,1.71,28.8,34.09,25.09,68.62,3.61,13.2
1984-05-07,6.5,28.62,34.03,25.16,68.85,3.63,8.11
1984-05-08,13.34,27.87,31.75,24.74,75.62,3.85,8.4
1984-05-09,5.45,28.22,32.62,25.34,75.71,3.69,20.47
1984-05-10,13.19,27.37,31.65,24.48,79.31,3.07,22.06
1984-05-11,9.52,27.82,32.59,24.29,73.79,3.58,23.79
1984-05-12,1.91,29.1,34.34,24.95,68.43,4.15,17.52
1984-05-13,24.78,28.05,32.53,25.35,76.29,4.73,5.49
1984-05-14,27.86,28.4,31.55,25.87,81.15,5.12,16.41
1984-05-15,12.36,28.53,32.18,26.25,81.5,5.45,5.49
1984-05-16,21.35,28.58,32.29,26.18,81.19,4.54,15.26
1984-05-17,23.13,28.29,31.53,26.3,83.66,4.55,19.98
1984-05-18,0.2,28.93,33.2,25.86,75.64,5.39,19.13
1984-05-19,0.5,29.15,33.07,26.47,76.4,5.52,15.23
1984-05-20,0.4,29.48,33.81,26.49,74.37,4.46,22.33
1984-05-21,0.14,29.63,34.85,25.65,73.92,4.43,26.34
1984-05-22,0.05,29.63,34.1,26.82,73.84,5.04,26.09
1984-05-23,0.56,29.6,33.94,26.87,75.17,5.22,25.8
1984-05-24,1.76,29.2,33.84,25.87,73.66,4.18,22.3
1984-05-25,2.48,29.47,35.28,25.22,73.18,3.35,27.6
1984-05-26,11.67,28.79,33.26,25.76,77.93,3.15,24.12
1984-05-27,15.96,27.8,30.73,25.47,81.49,2.59,26.86
1984-05-28,11.65,28.46,33.14,25.39,79.11,2.47,26.76
1984-05-29,0.0,28.61,31.46,25.87,74.73,1.94,27.54
1984-05-30,0.42,30.0,34.48,27.01,71.22,2.8,26.68
1984-05-31,0.51,30.09,33.78,26.94,71.21,1.63,22.46
1984-06-01,0.05,30.48,34.91,27.23,74.94,1.45,24.48
1984-06-02,0.02,29.3,31.98,26.74,74.91,2.66,16.77
1984-06-03,3.49,28.76,32.71,26.1,75.65,3.2,5.48
1984-06-04,14.36,28.71,32.38,26.39,82.58,2.98,6.65
1984-06-05,18.05,27.55,29.07,26.26,87.22,3.18,20.21
1984-06-06,22.41,28.14,31.23,26.02,83.39,4.3,16.96
1984-06-07,18.86,28.43,32.47,25.58,83.73,3.82,18.0
1984-06-08,7.98,28.52,32.73,25.37,80.25,2.5,17.21
1984-06-09,1.86,28.35,32.63,25.48,83.39,2.78,22.97
1984-06-10,0.62,28.93,33.6,25.79,76.98,1.88,23.52
1984-06-11,0.32,30.21,34.88,26.27,74.35,1.81,16.2
1984-06-12,0.25,29.96,34.53,26.32,73.81,2.4,20.86
1984-06-13,0.44,29.78,33.12,26.9,77.39,4.1,16.0
1984-06-14,2.58,29.45,32.96,27.17,78.63,5.05,19.54
1984-06-15,10.41,28.65,31.57,26.75,84.45,4.8,12.43
1984-06-16,13.7,28.98,32.57,26.76,82.54,4.11,8.65
1984-06-17,23.12,28.53,31.7,26.45,85.26,3.81,3.81
1984-06-18,30.68,27.88,30.05,26.53,91.19,3.38,15.94
1984-06-19,37.75,27.46,29.26,26.37,90.61,2.42,10.21
1984-06-20,39.07,27.73,29.8,26.35,92.2,2.46,1.77
1984-06-21,17.54,27.59,29.41,26.03,92.2,2.33,17.05
1984-06-22,0.68,28.33,32.02,25.38,84.81,2.56,14.54
1984-06-23,9.1,28.57,31.68,26.73,86.4,4.26,7.09
1984-06-24,11.77,27.6,30.21,26.19,89.92,4.54,12.8
1984-06-25,2.89,27.91,30.64,25.93,88.88,3.63,6.06
1984-06-26,15.32,28.25,31.77,26.09,86.38,3.44,9.76
1984-06-27,6.82,28.19,31.72,26.02,86.19,3.14,17.72
1984-06-28,7.71,27.57,30.97,25.77,87.28,3.08,16.17
1984-06-29,0.17,27.51,31.0,25.11,85.81,3.77,20.37
1984-06-30,0.15,28.13,31.82,25.56,85.27,3.29,19.99
1984-07-01,0.66,27.85,31.33,25.68,87.3,3.82,20.34
1984-07-02,0.6,27.85,31.21,25.61,87.38,3.48,19.18
1984-07-03,0.96,27.98,30.86,25.7,86.67,3.48,19.15
1984-07-04,0.06,27.99,31.15,25.83,86.76,3.4,22.62
1984-07-05,0.21,28.09,31.73,26.05,86.04,3.75,13.08
1984-07-06,2.08,28.11,31.24,26.02,85.87,4.08,11.27
1984-07-07,2.47,28.22,31.78,25.88,85.88,4.14,8.48
1984-07-08,0.86,28.14,31.45,25.84,85.0,4.03,11.78
1984-07-09,5.34,27.41,29.6,25.69,88.48,3.39,11.95
1984-07-10,10.14,27.82,31.39,25.87,86.78,3.88,6.51
1984-07-11,21.67,27.43,30.28,25.56,87.1,3.65,16.14
1984-07-12,21.62,27.4,30.0,25.22,87.27,2.94,14.74
1984-07-13,0.39,27.07,29.73,25.05,86.94,3.86,14.61
1984-07-14,11.38,26.8,28.23,25.56,92.08,3.17,7.78
1984-07-15,38.09,26.84,29.21,25.06,90.06,2.48,9.14
1984-07-16,51.33,28.0,31.91,24.54,84.38,1.43,21.76
1984-07-17,31.06,27.0,29.29,25.22,91.27,2.97,14.74
1984-07-18,1.51,27.62,30.95,25.32,87.6,3.05,13.01
1984-07-19,0.38,27.64,31.32,24.98,86.22,2.45,13.39
1984-07-20,0.95,27.72,30.86,25.36,86.1,3.45,15.25
1984-07-21,3.69,27.91,30.74,25.91,86.48,3.95,6.22
1984-07-22,8.58,27.72,30.79,25.78,85.25,4.19,4.93
1984-07-23,12.04,27.59,30.51,25.2,86.57,4.23,4.34
1984-07-24,38.27,27.69,31.41,25.33,87.81,3.33,9.32
1984-07-25,1.41,27.4,30.31,25.31,86.69,3.48,9.62
1984-07-26,4.27,26.47,28.57,25.13,88.95,3.19,16.49
1984-07-27,0.39,27.56,30.46,25.1,86.42,3.38,14.86
1984-07-28,0.12,28.13,31.52,25.65,86.43,3.09,11.14
1984-07-29,0.21,27.74,30.43,25.58,86.98,1.84,4.17
1984-07-30,12.73,28.62,32.37,25.31,83.59,1.12,16.09
1984-07-31,7.72,27.54,30.82,25.53,88.5,3.41,12.15
1984-08-01,4.17,26.62,28.47,24.82,89.45,4.89,14.94
1984-08-02,5.76,27.19,30.24,24.8,86.57,3.7,18.44
1984-08-03,12.13,27.57,30.48,25.29,88.12,3.15,18.34
1984-08-04,14.44,27.91,30.99,25.88,89.48,2.07,15.5
1984-08-05,12.96,28.96,32.11,25.73,84.6,0.76,12.19
1984-08-06,10.34,27.84,30.34,26.31,91.57,1.26,25.13
1984-08-07,16.24,27.24,30.24,25.65,90.74,2.54,13.44
1984-08-08,2.56,27.27,30.57,25.16,89.1,3.98,16.36
1984-08-09,7.33,27.51,30.79,25.45,88.27,3.57,11.73
1984-08-10,3.2,27.66,30.9,25.39,87.31,2.68,21.47
1984-08-11,2.18,27.94,31.56,25.46,86.56,1.52,20.46
1984-08-12,0.3,28.85,32.82,25.33,83.67,0.92,21.37
1984-08-13,0.43,28.31,31.93,25.71,87.17,1.24,23.07
1984-08-14,1.07,27.81,29.97,26.56,90.33,2.02,17.23
1984-08-15,0.22,27.73,31.52,25.55,87.16,3.08,14.61
1984-08-16,7.65,27.12,29.25,25.6,89.39,4.21,10.02
1984-08-17,9.25,27.16,29.99,25.35,87.03,4.06,15.23
1984-08-18,5.15,27.7,30.72,25.59,86.3,3.29,9.04
1984-08-19,6.79,27.95,31.47,25.2,86.07,2.37,16.51
1984-08-20,3.43,27.77,31.02,25.28,87.18,1.76,8.85
1984-08-21,1.16,27.6,29.54,26.19,90.13,2.02,20.13
1984-08-22,2.57,27.57,30.01,26.08,89.16,2.68,11.8
1984-08-23,2.87,27.71,30.78,25.66,87.96,2.84,21.8
1984-08-24,5.82,26.75,29.08,25.14,91.29,2.14,5.73
1984-08-25,19.71,27.47,31.09,25.01,89.06,2.48,11.36
1984-08-26,18.32,26.97,29.91,24.73,89.02,3.53,14.84
1984-08-27,3.53,26.88,29.72,25.31,90.45,3.86,16.09
1984-08-28,1.85,27.17,30.38,24.78,88.6,3.41,15.18
1984-08-29,9.02,27.5,30.74,25.22,89.03,3.29,11.94
1984-08-30,3.08,27.52,30.67,25.37,89.16,2.74,16.77
1984-08-31,0.02,27.89,31.69,25.42,86.23,2.35,17.62
1984-09-01,0.04,27.4,30.95,25.07,87.81,2.04,14.09
1984-09-02,18.85,26.99,29.38,25.51,91.36,2.13,9.9
1984-09-03,24.84,26.6,29.1,25.11,92.05,2.46,13.21
1984-09-04,1.51,26.32,28.48,25.06,91.84,3.42,11.49
1984-09-05,16.12,26.82,29.34,25.49,91.1,3.37,3.52
1984-09-06,29.5,27.03,29.66,25.25,90.48,2.46,16.83
1984-09-07,21.62,26.83,29.73,24.9,89.56,1.65,15.78
1984-09-08,52.04,26.81,30.29,24.34,89.33,1.79,21.3
1984-09-09,0.01,25.91,28.24,24.21,90.86,1.92,14.34
1984-09-10,5.04,26.78,30.38,24.06,86.5,1.69,15.77
1984-09-11,14.52,26.73,30.47,24.03,87.74,2.03,16.62
1984-09-12,20.75,26.69,29.75,24.41,88.27,2.45,15.83
1984-09-13,2.47,26.65,30.38,23.62,86.87,1.67,21.1
1984-09-14,0.0,26.51,29.62,23.78,88.44,2.38,17.91
1984-09-15,0.8,26.36,28.49,24.95,90.76,2.56,9.19
1984-09-16,12.21,26.07,28.72,24.48,90.56,2.1,7.05
1984-09-17,30.67,25.46,28.04,23.74,90.52,2.08,6.98
1984-09-18,27.3,25.43,27.23,24.23,92.84,1.93,12.49
1984-09-19,32.54,25.94,28.46,24.2,91.16,1.94,14.01
1984-09-20,5.45,26.25,29.75,23.51,89.22,1.64,21.82
1984-09-21,2.9,26.77,30.43,23.99,87.13,1.28,21.4
1984-09-22,0.94,27.17,31.07,23.54,86.14,1.1,23.47
1984-09-23,0.0,27.11,30.36,24.35,85.51,1.0,22.97
1984-09-24,0.0,27.92,31.55,24.33,79.13,0.83,22.92
1984-09-25,0.01,27.82,31.55,23.66,73.73,0.84,21.78
1984-09-26,0.02,27.53,31.0,23.9,74.26,0.99,20.54
1984-09-27,0.0,26.53,30.86,21.92,76.95,1.32,22.3
1984-09-28,0.0,25.67,30.77,21.34,79.31,1.66,22.18
1984-09-29,0.0,25.93,30.98,20.82,81.59,1.53,22.02
1984-09-30,0.0,26.65,31.27,22.1,80.56,1.26,21.21
1984-10-01,0.0,27.15,31.43,23.34,82.37,1.32,15.17
1984-10-02,0.22,25.58,27.14,24.4,91.1,1.42,9.4
1984-10-03,4.11,26.73,30.25,24.18,90.01,1.94,17.15
1984-10-04,21.09,26.65,29.41,24.6,91.23,1.64,4.49
1984-10-05,6.41,26.85,29.84,24.61,89.68,1.94,10.41
1984-10-06,4.0,26.96,30.13,24.65,88.27,1.44,19.3
1984-10-07,1.35,26.47,28.82,24.56,88.59,1.04,19.58
1984-10-08,0.78,26.99,30.19,24.8,86.96,1.31,15.27
1984-10-09,2.97,26.96,30.23,24.47,87.28,1.69,19.56
1984-10-10,17.51,26.76,29.42,24.21,89.24,1.29,21.85
1984-10-11,0.11,26.87,29.49,25.11,89.92,1.0,20.31
1984-10-12,0.11,26.42,29.44,24.41,90.45,1.48,14.64
1984-10-13,0.43,26.87,29.81,24.84,90.19,2.92,15.41
1984-10-14,3.33,26.5,29.27,24.53,91.37,3.35,16.77
1984-10-15,6.13,26.57,30.05,24.18,89.5,2.03,19.14
1984-10-16,1.67,26.7,30.16,24.23,87.58,1.33,14.35
1984-10-17,0.39,26.7,30.45,23.76,86.5,1.53,13.18
1984-10-18,0.06,26.48,30.3,23.25,84.78,1.2,15.31
1984-10-19,0.0,26.43,30.27,23.37,84.84,1.18,11.63
1984-10-20,0.0,26.16,29.5,23.9,87.8,1.97,13.76
1984-10-21,8.05,26.21,29.76,23.34,88.35,2.12,17.48
1984-10-22,7.84,25.86,29.41,23.01,86.04,1.3,17.53
1984-10-23,4.8,26.02,29.78,22.09,79.81,0.63,19.7
1984-10-24,2.92,25.06,29.75,21.59,82.99,1.2,20.4
1984-10-25,0.0,23.85,28.71,19.22,79.35,1.47,21.04
1984-10-26,0.0,23.62,28.93,19.22,80.21,1.33,20.11
1984-10-27,0.0,23.27,28.66,18.38,81.8,1.49,20.03
1984-10-28,0.0,24.0,29.11,19.11,78.85,1.13,19.97
1984-10-29,0.0,24.45,29.74,20.28,74.78,0.96,18.69
1984-10-30,0.0,24.06,29.3,19.76,79.68,1.09,18.1
1984-10-31,0.0,23.34,28.81,18.85,82.21,1.59,19.67
1984-11-01,0.0,22.97,28.58,18.39,75.1,1.66,20.12
1984-11-02,0.0,22.42,28.43,17.07,76.46,1.6,20.03
1984-11-03,0.0,22.46,27.79,17.53,79.0,1.64,19.57
1984-11-04,0.0,22.81,28.12,18.49,77.7,1.37,20.0
1984-11-05,0.0,22.35,27.6,18.02,73.87,0.86,19.78
1984-11-06,0.0,21.95,27.52,17.07,76.83,1.36,19.7
1984-11-07,0.0,22.65,28.45,17.26,83.3,1.41,19.52
1984-11-08,0.0,22.61,28.26,18.28,82.03,1.47,19.38
1984-11-09,0.0,21.65,27.0,16.53,75.94,1.53,19.6
1984-11-10,0.0,21.47,26.89,17.09,74.61,1.44,19.96
1984-11-11,0.0,19.97,26.37,14.4,74.6,1.5,19.35
1984-11-12,0.0,19.52,26.02,13.86,72.86,1.77,14.98
1984-11-13,0.0,19.53,26.33,14.11,76.6,1.74,16.86
1984-11-14,0.0,19.55,25.7,13.84,76.21,1.61,18.88
1984-11-15,0.0,20.35,25.53,14.78,72.44,1.1,19.35
1984-11-16,0.0,19.91,25.95,14.53,75.71,1.32,19.22
1984-11-17,0.0,20.29,26.58,14.42,77.13,1.59,18.95
1984-11-18,0.0,20.81,26.21,15.23,73.37,1.11,18.89
1984-11-19,0.0,20.63,26.07,14.6,73.54,1.06,18.88
1984-11-20,0.0,20.94,26.05,15.46,73.1,1.02,18.51
1984-11-21,0.0,20.24,25.55,14.56,73.26,0.96,18.53
1984-11-22,0.0,20.31,25.7,14.67,72.46,0.85,18.73
1984-11-23,0.0,20.41,25.97,14.82,71.75,0.76,18.72
1984-11-24,0.0,20.54,26.8,14.52,69.17,1.02,17.34
1984-11-25,0.0,20.6,26.69,14.51,67.72,0.98,17.39
1984-11-26,0.0,20.66,26.78,14.08,68.04,0.85,18.63
1984-11-27,0.0,19.88,25.72,14.18,68.37,1.12,18.03
1984-11-28,0.0,19.72,25.58,13.56,68.87,0.95,17.65
1984-11-29,0.0,20.88,26.81,15.0,68.83,0.86,17.96
1984-11-30,0.0,20.37,26.79,13.98,72.01,1.24,17.62
1984-12-01,0.0,21.31,28.14,14.61,69.63,1.07,17.27
1984-12-02,0.0,21.74,27.49,16.63,66.32,1.24,16.05
1984-12-03,0.0,20.67,26.22,15.22,66.9,1.16,17.43
1984-12-04,0.0,19.76,25.48,14.75,69.56,1.2,17.55
1984-12-05,0.0,19.18,25.52,13.43,71.52,1.27,17.5
1984-12-06,0.0,20.23,25.23,15.26,62.55,0.51,17.4
1984-12-07,0.0,19.06,24.84,12.51,67.05,0.91,17.46
1984-12-08,0.0,19.48,24.5,13.29,64.18,0.68,16.5
1984-12-09,0.0,19.41,24.5,13.26,64.92,0.82,17.0
1984-12-10,0.0,18.85,24.77,12.72,64.16,1.03,17.19
1984-12-11,0.0,18.78,25.28,12.04,63.6,1.21,16.81
1984-12-12,0.0,18.55,25.3,12.53,75.4,1.68,16.06
1984-12-13,0.0,19.81,26.51,14.81,82.36,1.62,16.54
1984-12-14,0.0,21.02,26.42,16.23,88.11,3.1,15.6
1984-12-15,1.43,21.33,25.46,17.47,78.48,1.19,16.94
1984-12-16,0.07,18.25,23.75,11.94,63.27,1.25,17.16
1984-12-17,0.2,17.13,23.44,10.93,54.7,1.23,17.21
1984-12-18,0.0,16.67,24.0,9.76,53.27,1.15,17.2
1984-12-19,0.0,15.88,23.35,9.27,54.15,1.33,17.12
1984-12-20,0.0,14.5,22.29,8.5,54.46,1.47,16.96
1984-12-21,0.0,14.66,22.66,7.49,57.63,1.66,17.1
1984-12-22,0.0,15.34,23.39,8.15,56.21,1.67,17.07
1984-12-23,0.0,16.88,24.74,9.62,56.13,1.29,16.73
1984-12-24,0.0,18.65,24.98,12.66,51.2,0.7,16.25
1984-12-25,0.0,18.24,24.8,11.64,56.38,1.02,11.74
1984-12-26,0.0,17.59,25.17,10.96,63.91,1.54,15.55
1984-12-27,0.0,18.7,24.96,13.5,57.48,1.31,9.25
1984-12-28,0.0,18.54,25.4,12.35,51.71,1.48,15.99
1984-12-29,0.0,17.8,25.28,11.18,48.84,1.5,17.53
1984-12-30,0.0,17.15,25.33,9.57,48.26,1.58,17.31
1984-12-31,0.0,16.96,25.5,10.17,51.88,1.7,17.35
1985-01-01,0.02,18.02,26.11,11.0,55.7,1.59,5.7
1985-01-02,3.12,17.67,24.62,12.84,70.88,1.51,6.27
1985-01-03,3.59,18.52,25.29,12.46,74.79,1.25,17.16
1985-01-04,0.33,18.2,25.85,12.02,68.18,1.59,17.17
1985-01-05,0.0,18.2,25.95,11.93,64.64,1.77,17.43
1985-01-06,0.0,19.4,26.26,13.18,58.74,0.98,16.64
1985-01-07,0.01,20.84,26.67,14.19,64.93,0.79,15.08
1985-01-08,0.0,20.55,26.75,14.84,63.18,1.22,16.57
1985-01-09,0.0,19.99,27.2,14.33,58.86,1.44,15.59
1985-01-10,0.0,19.3,25.85,14.03,57.02,1.62,17.66
1985-01-11,0.0,18.62,25.5,11.66,48.32,1.32,17.58
1985-01-12,0.0,18.34,25.85,13.04,49.54,1.42,15.95
1985-01-13,0.0,17.71,25.91,10.56,45.37,1.78,14.26
1985-01-14,0.0,18.57,26.55,12.13,44.67,1.79,13.96
1985-01-15,0.0,18.24,26.23,11.38,48.21,1.55,17.58
1985-01-16,0.19,18.53,26.25,11.63,55.03,1.48,15.69
1985-01-17,0.0,18.01,26.08,12.14,56.79,1.82,16.79
1985-01-18,0.0,17.71,25.58,11.1,47.69,1.54,17.08
1985-01-19,0.0,18.27,26.11,11.28,47.36,1.18,17.89
1985-01-20,0.0,18.11,26.78,10.84,51.24,1.4,18.2
1985-01-21,0.0,19.07,27.22,11.57,52.61,1.11,18.64
1985-01-22,0.0,20.33,28.12,12.21,46.7,1.37,18.65
1985-01-23,0.0,19.58,28.14,12.83,54.28,1.78,16.99
1985-01-24,0.0,19.33,27.33,12.67,49.54,1.53,17.81
1985-01-25,0.0,19.01,27.32,11.7,48.57,1.6,17.49
1985-01-26,0.0,19.69,28.89,11.44,43.94,1.15,18.02
1985-01-27,0.0,19.8,27.93,11.63,48.64,1.21,18.97
1985-01-28,0.0,21.62,29.79,12.82,55.55,1.01,18.58
1985-01-29,0.0,22.58,30.42,14.48,49.64,1.01,18.85
1985-01-30,0.0,22.73,30.08,16.92,53.84,1.2,18.98
1985-01-31,0.0,23.06,31.53,15.76,55.3,1.13,19.48
1985-02-01,0.0,22.13,30.46,15.68,58.43,1.4,16.98
1985-02-02,0.62,18.89,24.5,13.89,60.25,1.36,19.56
1985-02-03,0.0,21.3,28.61,14.2,53.18,1.09,19.47
1985-02-04,0.0,20.93,28.33,14.34,63.29,1.51,17.86
1985-02-05,0.0,21.23,28.74,15.23,64.23,1.94,18.99
1985-02-06,0.2,21.95,28.64,16.34,78.08,3.04,13.92
1985-02-07,0.01,21.69,29.49,15.58,45.35,1.66,19.79
1985-02-08,0.0,19.47,28.17,12.97,35.68,1.5,20.42
1985-02-09,0.0,20.1,28.64,13.18,45.75,1.43,19.97
1985-02-10,0.0,20.02,28.61,11.73,53.81,1.27,20.25
1985-02-11,0.0,20.38,28.88,13.46,56.23,1.18,20.84
1985-02-12,0.0,19.9,29.51,12.1,35.46,1.49,21.17
1985-02-13,0.0,19.92,30.16,11.07,32.86,1.83,21.83
1985-02-14,0.0,21.49,31.53,11.94,31.64,1.46,18.74
1985-02-15,0.34,21.65,30.07,13.77,38.94,1.33,4.45
1985-02-16,0.01,22.26,28.99,16.49,56.62,1.24,12.78
1985-02-17,0.8,21.48,29.63,16.02,50.61,1.43,22.26
1985-02-18,0.0,21.52,29.63,12.68,29.73,1.23,22.36
1985-02-19,0.0,21.37,29.95,13.04,33.76,1.23,22.07
1985-02-20,0.0,22.32,31.79,14.1,52.98,1.34,22.57
1985-02-21,0.0,22.77,32.31,15.25,63.46,1.64,22.2
1985-02-22,0.0,23.34,32.58,17.0,52.35,1.4,21.14
1985-02-23,0.0,22.29,31.41,13.86,27.06,1.39,22.07
1985-02-24,0.0,21.91,31.58,14.71,52.72,1.6,22.89
1985-02-25,0.0,22.48,31.47,14.65,64.4,2.24,21.33
1985-02-26,0.0,23.43,31.27,16.53,71.39,3.14,21.56
1985-02-27,0.0,23.14,30.75,17.27,72.28,2.63,20.84
1985-02-28,0.0,23.06,30.41,17.38,69.99,2.73,20.18
1985-03-01,1.88,23.17,30.58,17.59,74.03,2.84,20.87
1985-03-02,0.0,24.13,31.68,18.02,71.72,2.99,21.57
1985-03-03,0.29,24.63,31.89,19.21,72.71,3.25,21.93
1985-03-04,0.0,24.8,32.37,19.69,71.59,2.56,22.61
1985-03-05,0.0,24.99,33.34,18.39,68.45,2.01,23.15
1985-03-06,0.0,25.43,32.89,19.43,72.23,3.09,22.12
1985-03-07,0.0,26.11,33.34,21.08,74.11,4.08,22.72
1985-03-08,0.06,26.28,33.37,21.61,73.39,3.98,23.22
1985-03-09,0.0,26.46,33.95,20.67,71.81,2.91,20.44
1985-03-10,0.0,26.85,35.46,20.61,65.34,2.82,25.06
1985-03-11,0.0,27.11,37.01,19.38,61.34,1.94,25.75
1985-03-12,0.0,26.67,36.43,18.45,62.44,2.33,25.45
1985-03-13,0.0,27.19,36.38,20.24,66.18,3.05,24.38
1985-03-14,0.0,27.56,35.79,21.94,70.56,3.16,24.11
1985-03-15,0.0,27.27,34.77,22.28,72.23,3.67,23.77
1985-03-16,0.0,27.39,34.34,22.88,70.41,3.62,22.77
1985-03-17,0.0,27.58,34.99,23.16,68.63,4.04,23.14
1985-03-18,0.07,27.42,33.99,23.35,71.61,4.36,21.75
1985-03-19,0.25,27.58,34.04,23.77,71.42,4.31,18.51
1985-03-20,0.68,27.47,33.1,23.72,72.95,3.99,20.11
1985-03-21,0.36,27.74,35.01,22.8,67.24,2.48,22.14
1985-03-22,0.01,27.69,36.11,21.1,62.33,1.88,23.05
1985-03-23,0.0,26.94,34.69,20.57,68.32,3.16,23.64
1985-03-24,1.77,26.75,33.47,22.78,74.41,3.58,22.69
1985-03-25,10.85,25.66,31.26,22.24,77.39,2.94,23.32
1985-03-26,18.27,25.7,30.98,22.02,78.21,2.07,25.14
1985-03-27,0.66,27.22,34.9,21.37,66.92,1.87,24.0
1985-03-28,1.15,27.16,34.11,21.15,73.26,3.39,23.35
1985-03-29,1.71,27.49,33.55,23.28,75.16,3.87,19.56
1985-03-30,0.67,27.6,33.08,23.82,72.57,3.3,23.95
1985-03-31,0.39,27.15,33.52,22.88,76.01,2.63,25.14
1985-04-01,0.0,27.44,33.24,23.68,74.92,2.33,25.82
1985-04-02,0.01,28.1,34.71,23.24,66.87,1.72,23.64
1985-04-03,0.73,27.79,34.36,23.08,70.07,1.6,26.82
1985-04-04,0.14,28.53,35.48,23.22,66.59,1.6,25.1
1985-04-05,0.0,29.23,35.83,23.97,60.39,1.58,25.69
1985-04-06,0.0,28.35,33.69,23.94,64.6,1.44,25.29
1985-04-07,0.01,29.46,36.4,24.7,56.09,1.94,25.52
1985-04-08,1.27,29.5,35.95,25.03,63.1,3.68,25.62
1985-04-09,1.75,29.52,35.74,24.93,70.06,4.83,26.46
1985-04-10,2.72,29.4,35.15,25.7,73.63,4.88,20.44
1985-04-11,6.3,29.31,34.94,25.69,74.71,4.46,22.13
1985-04-12,0.71,29.68,35.76,25.6,70.2,4.02,24.26
1985-04-13,0.02,29.2,35.54,25.12,68.03,4.43,22.86
1985-04-14,0.0,29.05,35.11,24.72,69.61,4.68,23.86
1985-04-15,0.0,29.42,35.47,25.36,69.53,3.92,21.53
1985-04-16,3.04,29.25,36.16,24.32,69.76,2.97,13.79
1985-04-17,13.74,28.14,32.57,24.41,75.02,2.94,24.86
1985-04-18,3.86,29.24,35.73,24.14,67.56,2.49,24.06
1985-04-19,10.46,28.41,34.38,23.99,72.82,2.62,25.74
1985-04-20,0.0,29.44,35.91,24.49,66.94,2.28,25.19
1985-04-21,26.28,28.16,33.51,24.07,75.36,2.18,22.9
1985-04-22,0.0,28.68,34.79,24.13,70.61,3.05,25.84
1985-04-23,0.85,29.04,34.71,24.6,70.32,4.32,20.79
1985-04-24,2.69,28.63,33.33,25.42,73.63,4.51,24.9
1985-04-25,0.0,28.49,32.02,25.84,72.03,3.93,22.03
1985-04-26,0.0,28.9,33.7,25.39,73.07,3.5,23.97
1985-04-27,0.4,28.96,35.08,25.05,71.81,3.41,24.04
1985-04-28,2.02,28.02,32.68,24.42,71.45,2.16,22.41
1985-04-29,12.37,26.45,30.31,22.93,75.65,1.2,26.91
1985-04-30,0.5,27.03,31.92,23.0,67.82,1.94,11.65
1985-05-01,0.18,28.19,33.69,22.98,67.46,2.38,25.64
1985-05-02,0.49,29.05,34.89,24.27,70.35,3.44,15.31
1985-05-03,0.04,29.01,35.17,24.91,70.02,3.4,27.29
1985-05-04,1.34,29.15,35.36,24.15,71.84,3.39,24.62
1985-05-05,0.36,28.39,34.52,23.93,72.0,3.32,18.07
1985-05-06,6.54,27.43,33.35,22.61,72.24,2.37,15.75
1985-05-07,0.04,28.31,35.2,22.67,63.87,1.21,26.51
1985-05-08,0.22,29.68,37.58,22.99,57.7,1.4,15.67
1985-05-09,0.29,30.05,37.43,23.58,60.25,1.54,27.12
1985-05-10,0.23,29.79,37.37,23.34,61.77,2.36,26.31
1985-05-11,0.2,29.74,36.47,24.05,63.91,2.51,25.0
1985-05-12,0.51,30.05,36.07,24.69,64.24,2.46,25.12
1985-05-13,9.55,29.76,35.06,25.54,67.47,1.97,18.76
1985-05-14,15.58,29.16,34.74,24.75,71.85,2.65,25.87
1985-05-15,0.83,29.36,33.82,26.29,73.33,2.79,12.08
1985-05-16,8.21,29.26,34.34,25.0,74.9,1.79,26.78
1985-05-17,12.81,29.39,33.64,25.63,76.7,1.25,24.4
1985-05-18,0.0,29.42,33.59,25.43,70.85,1.52,26.7
1985-05-19,0.07,30.22,36.59,25.39,67.35,2.07,25.98
1985-05-20,0.09,30.76,37.21,25.07,65.34,2.13,26.64
1985-05-21,0.42,28.79,32.35,26.59,73.03,2.83,24.29
1985-05-22,0.18,29.41,34.37,25.44,63.91,2.32,16.13
1985-05-23,0.17,28.95,33.29,25.73,63.42,2.1,13.81
1985-05-24,0.31,28.91,33.38,24.99,69.15,3.89,15.61
1985-05-25,32.31,27.69,29.97,26.02,85.17,4.35,6.45
1985-05-26,25.55,27.76,30.76,25.79,82.12,4.15,7.45
1985-05-27,49.24,27.47,30.57,25.29,84.71,3.23,21.27
1985-05-28,45.73,28.06,31.35,25.68,86.26,3.58,23.67
1985-05-29,5.18,28.24,31.77,25.58,85.11,3.17,21.29
1985-05-30,2.32,28.11,31.66,25.06,86.23,3.46,25.27
1985-05-31,0.01,28.17,31.21,25.86,84.11,3.89,25.79
1985-06-01,0.43,28.37,31.69,25.88,85.53,3.6,23.88
1985-06-02,4.41,28.12,31.31,26.01,84.21,3.53,24.32
1985-06-03,39.57,27.93,29.98,26.33,89.9,3.56,16.24
1985-06-04,6.48,27.73,30.0,25.99,90.22,3.08,13.75
1985-06-05,19.37,27.6,30.25,25.55,88.98,2.51,9.47
1985-06-06,19.39,27.31,29.61,25.47,91.94,2.54,12.4
1985-06-07,3.11,28.09,30.91,26.27,88.2,2.52,11.96
1985-06-08,0.78,27.85,30.21,25.97,89.05,2.99,23.55
1985-06-09,0.68,27.96,31.29,25.93,85.56,3.38,10.74
1985-06-10,6.16,27.5,30.44,25.57,87.28,2.09,9.12
1985-06-11,13.05,28.37,32.31,24.66,81.7,1.17,25.21
1985-06-12,1.81,28.71,32.77,25.56,81.19,1.8,26.09
1985-06-13,0.76,28.23,31.7,25.79,82.13,2.79,19.22
1985-06-14,3.9,28.16,31.71,25.22,83.24,3.49,17.11
1985-06-15,13.05,27.86,30.48,25.85,86.26,4.88,11.64
1985-06-16,23.89,28.1,30.47,26.8,89.67,4.61,5.9
1985-06-17,43.96,28.06,29.92,26.69,91.34,3.52,11.37
1985-06-18,10.12,28.61,31.55,26.76,88.81,4.14,12.97
1985-06-19,5.29,28.21,32.13,25.59,84.35,2.63,13.74
1985-06-20,8.63,27.96,31.87,25.09,85.49,1.99,22.5
1985-06-21,3.7,28.05,31.48,24.87,84.78,1.11,19.32
1985-06-22,3.58,28.67,33.13,25.56,83.54,1.44,22.78
1985-06-23,2.37,29.19,33.13,26.34,82.77,1.56,20.9
1985-06-24,11.17,28.56,32.33,26.33,86.79,2.91,23.79
1985-06-25,17.94,28.28,30.73,26.54,88.05,3.97,18.09
1985-06-26,4.59,27.93,30.51,26.26,88.75,3.4,21.42
1985-06-27,3.75,27.94,30.43,25.93,88.36,3.87,20.04
1985-06-28,1.32,28.47,31.46,26.22,86.55,4.16,20.56
1985-06-29,6.43,28.55,31.76,25.94,86.87,2.69,19.29
1985-06-30,26.21,27.78,29.43,26.49,92.59,4.5,19.99
1985-07-01,18.59,27.59,30.37,25.61,89.5,3.69,13.41
1985-07-02,14.11,27.6,31.39,25.35,90.51,2.57,21.56
1985-07-03,7.72,27.89,31.06,25.72,88.32,3.23,23.08
1985-07-04,0.43,28.14,31.04,26.23,86.68,3.92,23.14
1985-07-05,0.66,27.89,30.95,25.63,85.23,3.71,16.04
1985-07-06,2.67,27.76,30.74,25.48,86.23,4.07,10.96
1985-07-07,15.28,27.45,30.05,26.06,91.35,4.37,12.85
1985-07-08,23.63,27.05,28.83,25.76,92.62,3.48,9.02
1985-07-09,26.99,27.56,30.53,25.76,89.81,3.3,8.35
1985-07-10,46.9,27.19,29.71,25.72,88.73,3.72,15.96
1985-07-11,19.37,27.09,29.95,25.02,88.25,3.62,21.16
1985-07-12,2.06,27.0,30.05,25.46,89.68,3.12,16.81
1985-07-13,0.52,26.72,29.22,25.09,89.5,2.41,20.26
1985-07-14,2.81,27.08,30.11,25.3,88.45,3.0,23.86
1985-07-15,8.04,26.55,29.48,24.71,90.55,3.43,12.66
1985-07-16,0.8,26.95,29.64,25.35,88.21,3.74,19.07
1985-07-17,1.4,26.96,30.06,24.95,88.59,3.17,21.32
1985-07-18,2.82,27.09,30.26,24.5,86.68,2.96,23.59
1985-07-19,3.5,27.35,30.54,25.1,87.48,2.75,25.15
1985-07-20,2.86,27.12,29.89,25.29,88.59,2.61,24.71
1985-07-21,2.44,27.0,30.1,24.92,87.23,3.11,11.77
1985-07-22,8.63,26.92,29.7,25.08,88.49,2.82,21.54
1985-07-23,8.76,27.19,30.11,25.28,88.53,2.74,13.3
1985-07-24,15.88,26.88,29.71,25.13,88.64,3.38,11.2
1985-07-25,15.81,26.45,29.42,24.05,87.56,3.08,11.04
1985-07-26,7.5,26.31,29.8,23.72,87.13,2.58,21.33
1985-07-27,11.92,26.89,29.95,24.34,88.35,3.0,15.09
1985-07-28,2.23,27.55,30.98,25.03,87.14,2.53,18.86
1985-07-29,1.51,27.7,31.11,24.83,87.15,1.93,24.27
1985-07-30,1.68,27.55,30.62,25.05,85.17,1.15,18.16
1985-07-31,0.8,28.09,31.87,25.31,84.15,1.73,26.31
1985-08-01,1.47,27.58,30.62,25.16,87.21,3.94,21.69
1985-08-02,5.23,27.67,30.42,25.7,87.81,3.45,15.89
1985-08-03,4.64,27.21,29.83,25.43,90.64,2.14,17.27
1985-08-04,0.76,27.51,30.41,25.28,88.08,1.75,22.13
1985-08-05,5.96,27.49,30.46,25.36,88.55,3.08,22.8
1985-08-06,1.44,27.03,29.29,25.53,90.1,3.88,19.08
1985-08-07,3.74,27.28,29.96,25.42,87.19,4.36,8.71
1985-08-08,10.7,27.09,29.23,25.56,91.22,3.36,13.48
1985-08-09,9.71,27.69,30.85,25.32,87.58,2.19,23.13
1985-08-10,6.67,28.47,32.29,25.09,85.89,1.52,19.79
1985-08-11,2.79,28.13,31.87,25.51,85.29,1.93,19.39
1985-08-12,1.83,27.51,30.99,25.14,88.47,1.56,17.2
1985-08-13,4.9,27.71,30.81,25.33,87.24,1.62,24.29
1985-08-14,3.56,27.77,31.35,25.28,86.77,3.29,22.43
1985-08-15,4.57,27.93,31.04,25.78,88.23,3.39,21.67
1985-08-16,0.37,27.95,31.29,26.01,88.51,2.27,19.58
1985-08-17,1.94,27.81,30.98,25.62,87.86,2.84,16.51
1985-08-18,4.36,27.87,30.81,26.01,87.92,3.43,14.72
1985-08-19,0.62,28.06,31.48,25.56,87.26,3.37,9.45
1985-08-20,3.16,28.16,31.48,26.0,88.14,3.1,11.96
1985-08-21,7.27,27.68,30.6,25.74,88.16,3.44,12.3
1985-08-22,16.44,27.72,30.86,25.5,87.4,3.5,15.6
1985-08-23,44.68,27.82,31.07,25.57,87.53,3.35,13.51
1985-08-24,4.33,28.22,31.57,25.74,87.98,3.38,17.08
1985-08-25,30.81,27.89,30.46,26.17,90.44,2.73,17.52
1985-08-26,27.06,27.46,30.68,25.54,89.67,3.35,19.28
1985-08-27,4.63,27.36,30.51,25.39,88.15,3.22,21.26
1985-08-28,1.13,27.46,31.09,25.18,88.31,2.57,17.28
1985-08-29,2.18,27.3,30.43,25.26,87.44,2.8,19.33
1985-08-30,2.03,27.22,30.52,25.05,88.25,3.16,17.74
1985-08-31,0.06,27.39,30.54,25.14,86.79,2.85,20.32
1985-09-01,0.28,27.25,30.4,25.03,87.17,3.06,21.39
1985-09-02,0.5,27.6,31.03,25.06,87.57,2.61,19.42
1985-09-03,2.13,27.55,30.71,25.68,86.54,3.85,11.73
1985-09-04,11.12,26.98,30.02,24.92,86.85,3.81,19.78
1985-09-05,4.4,27.48,30.65,25.32,88.36,3.63,24.52
1985-09-06,0.96,27.96,31.4,25.79,89.35,2.92,24.79
1985-09-07,0.09,27.33,29.89,25.7,89.94,2.85,23.14
1985-09-08,0.06,27.69,31.22,25.01,88.06,2.28,25.27
1985-09-09,0.54,27.42,30.2,25.58,88.31,2.63,24.63
1985-09-10,3.17,26.66,29.37,24.93,91.6,2.63,14.12
1985-09-11,3.49,25.93,28.17,24.17,90.62,2.17,22.75
1985-09-12,2.89,27.18,30.84,24.54,87.9,2.21,18.04
1985-09-13,0.82,26.29,28.14,25.04,91.06,2.28,22.39
1985-09-14,10.12,26.82,30.32,24.86,88.12,3.59,20.15
1985-09-15,14.96,26.71,29.52,24.85,88.18,3.49,21.01
1985-09-16,0.96,27.35,31.28,24.39,84.56,1.53,24.78
1985-09-17,1.39,27.72,31.64,23.86,80.49,0.8,21.52
1985-09-18,0.06,27.79,31.92,24.22,85.0,1.23,20.13
1985-09-19,0.01,27.78,31.41,24.52,84.13,0.88,20.3
1985-09-20,3.34,26.48,28.78,25.04,91.51,1.62,15.03
1985-09-21,2.75,26.46,29.15,24.78,90.49,2.16,19.77
1985-09-22,1.23,26.77,29.86,24.22,88.77,1.74,11.67
1985-09-23,4.32,27.17,30.01,24.44,85.37,0.94,5.63
1985-09-24,10.36,27.45,30.27,24.78,82.3,0.7,18.62
1985-09-25,18.47,26.73,29.63,24.41,87.72,1.54,16.37
1985-09-26,2.44,26.87,30.49,23.86,86.79,2.15,18.48
1985-09-27,6.49,27.02,30.28,24.74,87.62,2.17,16.05
1985-09-28,22.73,27.05,30.53,24.68,87.72,1.37,19.31
1985-09-29,9.04,26.79,30.13,23.95,86.05,1.01,21.7
1985-09-30,0.04,27.2,30.27,24.96,84.78,0.82,22.1
1985-10-01,0.4,27.66,30.99,23.61,77.79,0.71,22.06
1985-10-02,3.4,27.65,31.6,23.81,79.54,0.78,22.68
1985-10-03,0.0,27.62,31.24,23.93,81.7,0.94,21.88
1985-10-04,0.0,27.96,32.28,23.83,79.83,0.92,21.72
1985-10-05,0.0,27.45,31.77,24.08,80.48,0.88,20.82
1985-10-06,0.0,27.22,31.72,23.95,79.83,0.9,21.88
1985-10-07,0.0,26.65,31.35,22.24,77.56,1.19,22.4
1985-10-08,0.0,27.65,31.98,22.75,62.6,0.6,22.78
1985-10-09,0.0,26.9,31.66,21.52,69.76,0.97,23.01
1985-10-10,0.0,27.37,32.43,22.49,71.28,0.92,21.84
1985-10-11,0.3,27.71,31.76,23.96,81.14,1.16,21.0
1985-10-12,1.8,28.0,32.11,24.56,83.75,0.91,21.02
1985-10-13,0.88,28.0,32.3,24.01,81.46,1.6,22.23
1985-10-14,0.03,27.59,31.69,24.88,84.62,1.15,19.05
1985-10-15,0.57,26.93,29.61,24.87,87.33,1.12,19.38
1985-10-16,2.79,26.99,30.27,24.66,86.75,3.03,16.13
1985-10-17,7.82,27.11,30.06,25.39,89.65,2.62,14.39
1985-10-18,10.3,27.05,29.78,24.54,82.41,0.86,16.24
1985-10-19,6.16,24.87,28.18,20.62,73.91,1.29,18.36
1985-10-20,0.0,23.63,28.73,18.46,74.23,0.9,18.07
1985-10-21,0.0,24.46,29.42,19.36,74.55,1.31,21.43
1985-10-22,3.12,24.36,29.39,19.28,76.62,1.52,21.36
1985-10-23,0.0,23.97,29.43,19.01,77.22,1.07,21.12
1985-10-24,0.0,23.51,29.12,18.36,74.13,0.88,21.12
1985-10-25,0.0,23.58,29.26,17.98,72.27,1.08,20.03
1985-10-26,0.0,24.25,29.89,18.82,72.45,0.88,19.5
1985-10-27,0.0,25.17,29.95,21.15,71.64,0.78,20.61
1985-10-28,0.0,23.53,28.42,19.13,67.03,0.96,20.59
1985-10-29,0.0,23.7,28.68,18.87,67.33,0.72,20.07
1985-10-30,0.0,23.55,28.49,19.5,69.47,1.04,20.24
1985-10-31,0.0,23.2,28.72,18.42,69.17,0.92,19.34
1985-11-01,0.0,23.33,27.96,18.86,63.8,0.84,20.14
1985-11-02,0.0,23.7,28.66,17.95,63.4,0.79,20.83
1985-11-03,0.0,23.92,29.27,17.97,62.0,0.77,20.76
1985-11-04,0.0,24.24,29.43,18.28,62.79,0.74,18.94
1985-11-05,0.0,23.74,29.36,16.4,63.03,1.08,18.23
1985-11-06,0.0,23.43,29.02,17.59,61.99,0.95,20.11
1985-11-07,0.07,23.45,28.86,17.95,69.94,1.12,19.59
1985-11-08,0.0,21.99,28.11,16.28,64.62,1.5,19.89
1985-11-09,0.0,21.92,28.56,15.79,62.66,1.53,19.01
1985-11-10,0.0,21.92,28.88,15.2,60.89,1.14,18.95
1985-11-11,0.0,22.38,28.97,15.33,59.47,1.15,16.92
1985-11-12,0.0,21.66,29.1,15.74,60.15,1.47,16.51
1985-11-13,0.0,21.86,29.8,14.24,55.88,1.13,19.16
1985-11-14,0.0,22.84,30.39,16.31,55.23,1.07,18.27
1985-11-15,0.0,23.69,30.23,17.03,59.66,1.04,19.39
1985-11-16,0.0,24.44,31.56,17.08,61.77,1.09,18.96
1985-11-17,0.0,25.13,30.21,21.22,74.87,1.18,10.04
1985-11-18,1.27,24.83,28.71,21.88,84.0,1.23,12.48
1985-11-19,28.02,21.93,24.01,18.44,91.02,1.81,7.62
1985-11-20,10.66,21.39,26.18,17.12,74.42,1.52,17.07
1985-11-21,0.49,20.49,26.02,15.36,65.75,1.12,18.19
1985-11-22,0.0,20.65,26.3,15.71,59.53,0.97,18.33
1985-11-23,0.0,21.15,26.79,14.71,55.08,0.84,18.32
1985-11-24,0.0,21.17,27.06,14.18,54.24,0.61,18.5
1985-11-25,0.0,20.41,26.92,13.17,58.58,0.91,17.95
1985-11-26,0.0,21.11,26.93,14.92,57.78,0.98,17.88
1985-11-27,0.0,20.57,27.2,14.36,61.74,1.21,17.99
1985-11-28,0.0,19.77,27.27,13.15,64.22,1.58,18.51
1985-11-29,0.0,19.76,27.61,13.06,62.13,1.41,18.49
1985-11-30,0.0,20.62,27.89,13.25,54.12,1.16,18.68
1985-12-01,0.0,20.45,27.32,14.21,54.36,1.32,17.59
1985-12-02,0.0,20.62,27.18,13.67,55.99,1.22,18.36
1985-12-03,0.0,20.53,27.19,14.0,53.44,1.16,17.53
1985-12-04,0.0,20.5,26.72,13.77,52.73,0.98,17.32
1985-12-05,0.0,20.41,26.38,14.1,52.09,0.74,17.34
1985-12-06,0.0,19.88,26.54,12.52,54.94,0.76,16.64
1985-12-07,0.0,19.41,26.92,13.54,58.63,1.01,17.24
1985-12-08,0.0,20.34,26.74,14.43,58.01,0.69,16.6
1985-12-09,0.0,20.03,26.47,14.75,55.53,1.18,16.21
1985-12-10,0.0,19.44,26.96,13.41,52.66,1.46,17.02
1985-12-11,0.0,18.64,26.32,10.92,50.8,1.54,17.47
1985-12-12,0.0,19.27,27.1,11.13,44.86,1.08,17.4
1985-12-13,0.0,19.35,27.25,13.17,48.75,1.22,16.66
1985-12-14,0.0,19.28,27.6,13.14,53.87,1.52,16.69
1985-12-15,0.0,20.43,26.93,13.2,53.63,1.29,17.2
1985-12-16,0.0,21.09,28.11,14.91,64.9,1.07,16.69
1985-12-17,0.0,21.35,28.24,15.88,78.86,1.27,16.47
1985-12-18,0.0,22.2,28.03,16.92,69.18,1.25,16.09
1985-12-19,0.0,22.63,29.25,17.99,61.72,1.25,15.84
1985-12-20,0.0,20.5,28.65,13.93,64.14,1.54,16.55
1985-12-21,0.0,19.19,28.48,11.88,50.36,1.27,17.44
1985-12-22,0.0,20.96,29.47,13.37,55.94,1.18,17.47
1985-12-23,0.0,21.96,29.54,14.87,51.65,0.96,17.47
1985-12-24,0.0,21.14,28.45,14.69,48.93,0.84,17.35
1985-12-25,0.0,20.96,27.56,15.7,54.7,0.75,16.69
1985-12-26,0.0,20.28,27.47,13.87,54.2,1.05,17.43
1985-12-27,0.0,20.98,28.31,14.09,51.99,0.91,17.15
1985-12-28,0.32,22.19,28.63,16.58,74.65,1.63,15.85
1985-12-29,0.14,18.93,26.41,13.42,62.94,2.06,15.36
1985-12-30,4.6,17.39,24.31,11.66,48.55,1.39,16.9
1985-12-31,0.0,17.27,25.21,11.28,50.53,1.73,16.24
1986-01-01,0.0,17.16,24.83,10.51,56.98,1.37,16.99
1986-01-02,0.0,18.16,25.82,11.86,55.38,1.23,16.75
1986-01-03,0.0,17.42,25.41,11.02,53.63,1.49,16.58
1986-01-04,0.0,16.24,22.71,11.34,55.11,1.37,16.3
1986-01-05,0.0,17.92,24.99,11.23,55.04,1.2,16.04
1986-01-06,0.0,18.24,26.28,11.32,55.9,1.24,17.7
1986-01-07,0.0,18.4,26.56,11.1,56.82,1.27,17.63
1986-01-08,0.0,19.39,27.42,13.08,60.36,1.07,16.22
1986-01-09,0.0,20.42,27.75,14.98,54.19,1.07,14.18
1986-01-10,0.0,20.27,27.58,14.71,60.68,0.98,16.17
1986-01-11,0.0,20.55,28.12,14.32,59.93,0.84,13.96
1986-01-12,0.0,20.01,26.8,15.13,56.5,0.72,11.32
1986-01-13,0.0,19.98,27.17,14.31,63.05,0.96,8.42
1986-01-14,0.0,19.0,27.98,12.37,47.79,1.58,18.84
1986-01-15,0.0,18.62,26.83,11.66,48.81,2.48,15.27
1986-01-16,0.95,18.52,23.5,14.03,61.01,1.52,6.09
1986-01-17,0.34,18.08,25.95,11.93,53.47,1.03,18.48
1986-01-18,0.32,16.59,25.24,9.34,54.12,1.72,19.02
1986-01-19,0.0,17.3,26.64,9.78,48.34,1.74,19.09
1986-01-20,0.0,17.83,27.13,10.1,46.05,1.68,18.66
1986-01-21,0.0,18.26,27.82,11.01,45.41,1.76,19.02
1986-01-22,0.0,18.58,27.92,11.22,44.73,2.02,18.92
1986-01-23,0.0,19.86,27.49,14.0,45.77,1.51,19.18
1986-01-24,0.0,19.41,27.85,12.44,44.5,1.54,19.2
1986-01-25,0.0,18.93,28.09,10.97,39.73,1.81,19.24
1986-01-26,0.0,19.44,28.7,10.55,39.85,1.42,19.48
1986-01-27,0.0,20.21,29.62,11.59,42.04,1.38,19.46
1986-01-28,0.0,20.45,29.54,13.16,43.33,1.97,19.54
1986-01-29,0.0,20.57,29.6,12.68,43.05,1.75,19.64
1986-01-30,0.0,22.22,30.19,15.09,45.74,1.16,19.52
1986-01-31,0.0,22.97,31.03,16.21,67.24,1.69,18.97
1986-02-01,0.0,24.05,31.46,17.83,60.97,1.07,18.47
1986-02-02,0.13,22.5,29.61,15.34,46.08,1.51,18.69
1986-02-03,0.0,22.12,30.13,15.42,43.69,1.63,19.73
1986-02-04,0.0,20.98,30.15,13.79,36.76,1.56,19.81
1986-02-05,0.0,22.65,30.84,14.85,33.4,1.47,19.76
1986-02-06,0.0,23.88,31.64,17.45,41.08,1.1,18.41
1986-02-07,0.0,23.01,29.51,17.3,46.08,1.25,20.92
1986-02-08,0.0,22.98,31.75,15.58,43.98,1.62,20.02
1986-02-09,0.0,23.52,32.68,16.33,43.51,1.95,20.67
1986-02-10,0.0,23.22,30.12,17.1,40.35,1.29,17.15
1986-02-11,0.0,23.38,32.72,15.41,39.2,1.55,20.13
1986-02-12,0.06,23.37,31.64,16.21,49.47,2.53,19.37
1986-02-13,0.5,23.54,30.89,17.59,53.1,1.93,21.45
1986-02-14,0.0,24.28,30.8,18.23,47.29,1.26,19.34
1986-02-15,0.02,23.51,30.19,18.03,59.73,1.73,12.9
1986-02-16,0.0,23.58,31.03,17.31,44.63,1.89,21.56
1986-02-17,0.3,20.93,29.7,13.61,36.17,1.94,18.53
1986-02-18,0.0,20.07,29.57,12.37,30.53,1.85,21.64
1986-02-19,0.0,20.27,29.55,13.54,29.75,1.67,22.28
1986-02-20,0.0,20.71,30.53,12.33,30.74,1.73,22.5
1986-02-21,0.0,22.2,32.59,13.28,34.4,1.38,22.87
1986-02-22,0.0,22.95,32.77,14.12,53.33,1.35,22.87
1986-02-23,0.0,24.5,33.9,16.34,61.84,1.48,24.12
1986-02-24,0.0,24.72,32.99,18.55,52.82,1.7,23.2
1986-02-25,0.0,22.16,28.99,14.99,25.72,1.58,22.93
1986-02-26,0.0,23.77,32.89,15.68,24.65,1.74,23.45
1986-02-27,0.0,22.58,32.1,13.55,26.67,1.76,23.32
1986-02-28,0.0,23.52,31.94,14.55,26.93,1.4,23.56
1986-03-01,0.0,24.66,33.18,16.62,40.71,1.14,22.38
1986-03-02,0.0,24.8,32.84,18.53,56.65,1.02,15.82
1986-03-03,0.0,24.8,32.91,16.67,45.97,1.11,23.61
1986-03-04,0.0,24.67,32.87,18.43,50.15,1.06,23.31
1986-03-05,0.0,24.3,32.47,17.8,59.78,1.71,23.67
1986-03-06,0.0,24.81,32.9,19.01,55.31,1.43,23.81
1986-03-07,1.04,24.35,32.21,17.26,61.6,2.04,23.77
1986-03-08,1.43,25.54,33.61,18.83,59.24,1.75,22.81
1986-03-09,0.12,26.88,34.99,19.39,57.76,2.68,23.26
1986-03-10,0.0,27.4,35.83,20.19,58.74,1.68,24.8
1986-03-11,0.0,28.23,36.97,21.04,61.43,2.43,24.53
1986-03-12,0.0,28.63,37.44,21.45,62.99,2.55,24.88
1986-03-13,0.02,28.9,37.72,22.23,65.7,2.88,23.17
1986-03-14,0.12,28.93,37.24,22.51,63.59,2.66,24.17
1986-03-15,0.0,28.73,38.5,19.88,62.21,2.89,24.2
1986-03-16,0.06,28.81,37.23,23.24,62.27,2.56,19.05
1986-03-17,2.74,26.98,35.39,19.85,44.17,1.79,23.9
1986-03-18,2.24,27.22,35.93,19.36,35.83,1.51,24.52
1986-03-19,0.0,28.23,37.84,19.57,52.84,2.3,25.18
1986-03-20,0.83,28.64,36.82,21.1,61.0,2.32,24.57
1986-03-21,0.0,29.13,37.49,21.49,45.77,1.67,24.01
1986-03-22,0.0,28.47,37.23,20.6,32.41,1.45,24.88
1986-03-23,0.0,28.58,38.9,19.38,44.35,1.59,24.74
1986-03-24,0.0,30.1,39.62,21.31,56.28,2.19,24.47
1986-03-25,0.0,30.89,39.08,23.85,48.8,1.07,24.22
1986-03-26,0.0,30.21,38.53,22.24,29.2,2.08,24.15
1986-03-27,0.0,29.71,38.99,22.43,38.87,1.78,25.62
1986-03-28,0.0,29.68,38.92,21.18,53.28,2.63,25.45
1986-03-29,0.0,30.59,40.22,22.31,56.68,3.16,25.74
1986-03-30,0.0,29.52,37.51,23.82,67.36,3.95,24.14
1986-03-31,0.05,29.0,35.43,24.67,68.03,3.24,23.59
1986-04-01,2.66,30.2,38.12,24.19,62.84,2.96,25.3
1986-04-02,1.16,29.49,37.53,23.5,65.26,2.96,25.48
1986-04-03,0.0,29.71,37.73,23.33,62.25,2.6,25.68
1986-04-04,0.0,29.75,38.14,23.14,53.5,1.32,25.81
1986-04-05,10.39,29.45,36.1,22.48,55.96,1.1,26.13
1986-04-06,0.21,28.22,35.63,21.47,50.28,2.18,26.06
1986-04-07,2.32,28.52,35.7,22.92,60.98,2.22,24.95
1986-04-08,0.0,28.95,36.2,22.76,61.56,3.0,26.07
1986-04-09,2.36,28.67,34.85,23.51,66.82,3.92,25.76
1986-04-10,24.17,27.74,32.34,24.56,74.84,2.74,25.97
1986-04-11,7.95,28.05,33.55,24.28,75.14,3.05,24.66
1986-04-12,0.03,28.73,35.82,23.33,69.09,2.84,24.19
1986-04-13,1.42,28.69,35.69,23.55,70.04,3.78,21.68
1986-04-14,12.23,28.62,33.03,25.5,74.16,4.81,22.47
1986-04-15,0.94,29.48,35.85,25.85,71.96,5.28,22.99
1986-04-16,0.51,29.27,35.01,25.75,72.47,5.45,23.27
1986-04-17,0.05,28.5,32.49,25.9,74.49,4.94,22.6
1986-04-18,0.0,29.18,35.3,25.53,70.74,5.17,14.15
1986-04-19,3.43,28.68,34.3,25.09,70.06,4.29,18.68
1986-04-20,9.05,27.69,32.33,24.35,75.62,3.6,24.01
1986-04-21,0.37,28.45,35.15,23.33,69.53,2.34,25.7
1986-04-22,0.59,28.44,34.28,23.16,66.12,1.27,27.16
1986-04-23,0.0,28.22,34.16,23.23,65.08,1.43,19.09
1986-04-24,0.0,28.53,35.49,21.95,66.13,2.86,24.9
1986-04-25,9.79,28.01,34.87,23.53,72.44,2.65,11.24
1986-04-26,17.9,27.39,31.93,24.13,77.87,3.08,17.02
1986-04-27,1.09,28.06,34.62,23.44,73.02,3.24,24.68
1986-04-28,4.08,27.42,32.3,23.66,74.84,2.54,19.13
1986-04-29,0.9,27.64,32.46,23.77,71.47,2.07,19.11
1986-04-30,2.29,28.29,34.4,22.95,69.0,2.21,22.88
1986-05-01,4.45,28.33,33.93,23.22,71.24,2.6,23.72
1986-05-02,2.25,29.24,34.96,24.07,66.03,1.73,25.73
1986-05-03,14.11,28.61,32.79,24.39,75.7,2.74,23.47
1986-05-04,0.03,28.35,32.4,25.11,74.66,2.61,10.84
1986-05-05,0.11,28.62,34.28,23.76,73.2,3.06,24.94
1986-05-06,0.04,28.84,34.0,25.58,71.21,3.32,20.66
1986-05-07,10.67,26.9,29.95,24.87,75.75,1.21,17.59
1986-05-08,16.59,27.0,30.37,23.14,68.13,1.11,18.44
1986-05-09,0.03,29.56,35.31,23.21,58.82,1.25,26.74
1986-05-10,0.0,30.51,36.51,24.33,57.52,1.52,26.74
1986-05-11,0.0,30.04,36.44,24.7,60.97,2.38,25.58
1986-05-12,0.14,29.66,36.16,24.01,64.88,2.43,25.23
1986-05-13,8.11,28.99,33.89,24.75,70.67,1.99,27.1
1986-05-14,0.21,28.82,33.12,24.98,72.26,2.54,26.49
1986-05-15,0.02,28.93,33.43,25.38,69.51,2.78,17.05
1986-05-16,0.06,29.46,35.03,25.17,68.0,2.01,17.57
1986-05-17,0.24,29.29,34.39,24.67,67.88,2.81,26.59
1986-05-18,3.17,29.04,32.8,26.11,74.31,2.39,20.3
1986-05-19,5.12,29.75,35.49,24.96,71.24,2.6,26.95
1986-05-20,0.71,29.69,34.52,26.26,72.7,2.56,21.55
1986-05-21,0.71,30.52,36.6,25.49,69.23,2.1,18.33
1986-05-22,0.48,30.96,36.56,25.85,64.23,1.29,27.36
1986-05-23,0.0,31.84,39.02,25.48,53.21,1.49,26.38
1986-05-24,0.0,31.27,40.17,22.79,43.52,1.74,28.93
1986-05-25,0.0,30.86,39.09,22.72,58.61,2.16,27.07
1986-05-26,4.7,30.54,37.24,25.83,64.36,2.51,24.36
1986-05-27,12.13,29.39,35.85,24.73,69.06,2.26,19.24
1986-05-28,3.79,28.83,33.58,24.83,69.45,1.5,28.53
1986-05-29,0.24,30.66,37.29,24.94,59.3,1.57,27.18
1986-05-30,0.0,30.67,36.78,25.24,61.68,2.37,26.63
1986-05-31,0.0,31.06,36.88,26.34,62.36,2.0,19.61
1986-06-01,0.01,31.43,37.31,26.44,61.94,2.13,21.78
1986-06-02,1.5,30.75,36.01,26.45,67.46,2.11,17.56
1986-06-03,0.5,31.58,37.8,26.62,64.48,1.94,27.7
1986-06-04,1.44,31.9,38.11,26.56,64.04,2.67,27.1
1986-06-05,0.0,32.43,38.39,27.94,61.48,2.94,26.61
1986-06-06,0.0,31.42,36.16,28.13,66.64,3.27,26.78
1986-06-07,0.0,31.07,35.35,27.5,68.35,2.88,25.88
1986-06-08,0.09,31.36,36.28,27.47,65.11,3.07,26.2
1986-06-09,0.0,31.56,37.14,26.68,64.0,3.44,23.01
1986-06-10,0.01,31.66,36.8,27.87,64.3,3.92,25.29
1986-06-11,2.14,31.78,37.49,27.52,62.78,3.2,17.16
1986-06-12,6.76,31.21,36.63,26.69,65.51,2.67,24.45
1986-06-13,1.77,32.04,38.03,26.89,61.08,2.27,17.18
1986-06-14,8.27,30.02,32.88,27.62,73.5,2.68,14.89
1986-06-15,6.77,29.82,33.18,27.38,73.26,3.64,14.85
1986-06-16,4.19,29.33,33.06,26.94,76.7,3.59,15.84
1986-06-17,2.26,30.31,34.28,27.24,73.37,3.33,9.45
1986-06-18,3.3,29.8,32.62,27.51,79.05,3.5,24.4
1986-06-19,0.65,30.29,33.35,27.53,75.8,3.23,20.29
1986-06-20,0.14,30.59,34.82,28.16,74.43,5.19,17.52
1986-06-21,4.56,29.85,33.02,27.47,73.99,5.46,12.31
1986-06-22,9.12,28.83,32.84,26.97,83.8,3.38,15.89
1986-06-23,1.51,30.25,33.97,26.99,75.29,3.5,21.41
1986-06-24,0.92,30.42,36.31,27.48,77.18,4.91,18.74
1986-06-25,5.83,29.85,33.15,28.14,77.97,5.07,9.44
1986-06-26,11.03,28.84,31.59,26.94,83.11,5.28,12.78
1986-06-27,14.1,29.74,33.59,27.18,77.33,5.23,9.74
1986-06-28,26.94,29.05,32.33,26.88,81.47,4.65,14.14
1986-06-29,15.35,27.96,30.42,26.47,83.65,5.19,5.07
1986-06-30,39.68,27.96,31.33,26.19,83.64,5.22,7.11
1986-07-01,21.74,28.16,31.54,25.89,85.82,3.54,21.54
1986-07-02,14.54,28.12,31.5,25.35,85.02,2.67,24.83
1986-07-03,0.48,28.82,32.68,25.59,83.63,2.75,21.75
1986-07-04,0.83,29.06,32.64,26.54,84.41,3.36,16.65
1986-07-05,8.55,28.69,31.02,27.1,88.83,3.09,21.4
1986-07-06,17.55,28.09,30.97,26.25,85.69,2.0,19.02
1986-07-07,40.74,27.16,28.83,25.82,92.58,3.36,5.32
1986-07-08,22.99,27.43,30.1,25.26,87.81,3.07,8.62
1986-07-09,10.15,27.81,30.83,25.71,87.19,3.18,13.24
1986-07-10,21.86,28.13,31.41,25.68,87.77,2.85,19.92
1986-07-11,3.63,27.82,31.07,25.65,88.22,2.29,17.14
1986-07-12,3.13,27.63,31.22,25.59,87.84,2.97,21.66
1986-07-13,0.94,27.94,31.3,25.15,85.94,3.78,22.67
1986-07-14,0.63,27.74,30.48,25.79,86.32,3.42,16.67
1986-07-15,0.58,28.04,31.33,25.46,85.54,3.07,22.7
1986-07-16,0.09,28.39,31.92,25.83,84.35,2.83,26.6
1986-07-17,0.06,28.4,31.55,25.78,85.26,3.02,24.84
1986-07-18,0.24,28.31,31.08,26.09,86.12,3.32,20.95
1986-07-19,0.35,28.03,31.16,25.83,85.17,4.12,23.91
1986-07-20,0.6,27.42,29.89,25.54,87.96,3.63,14.22
1986-07-21,3.91,27.3,29.61,25.02,88.68,3.57,20.2
1986-07-22,17.81,27.32,29.62,25.98,90.9,5.23,4.83
1986-07-23,44.26,27.13,29.31,25.65,90.77,3.75,11.03
1986-07-24,20.49,27.19,30.09,25.14,89.48,3.31,8.76
1986-07-25,11.81,27.14,29.33,25.91,90.03,3.14,9.34
1986-07-26,25.12,27.05,29.2,25.43,91.9,1.96,11.13
1986-07-27,50.25,26.46,28.13,25.27,93.21,2.23,15.85
1986-07-28,22.28,26.08,28.02,24.7,90.88,2.54,17.24
1986-07-29,16.79,26.75,30.33,24.22,85.69,2.16,14.46
1986-07-30,1.39,26.91,29.98,24.74,87.78,2.7,17.26
1986-07-31,0.99,26.8,29.28,24.68,88.95,1.95,24.01
1986-08-01,0.38,27.5,31.06,24.32,85.98,2.15,18.85
1986-08-02,0.42,27.54,31.17,24.6,86.89,2.01,14.92
1986-08-03,0.86,28.15,32.31,24.67,83.64,1.28,22.71
1986-08-04,1.57,28.38,32.98,24.45,83.79,1.24,17.15
1986-08-05,7.53,26.64,28.46,25.41,91.66,2.07,17.53
1986-08-06,5.81,27.74,31.56,25.15,86.04,2.78,16.75
1986-08-07,5.34,27.73,31.26,25.49,88.14,2.33,23.13
1986-08-08,2.8,28.09,32.61,24.77,83.22,1.46,22.92
1986-08-09,0.61,28.9,32.51,25.98,83.37,0.92,26.63
1986-08-10,5.59,28.85,31.93,26.14,85.26,1.04,26.26
1986-08-11,2.32,28.9,33.86,25.42,83.68,1.77,20.87
1986-08-12,0.63,27.53,29.45,26.21,89.49,2.88,19.64
1986-08-13,4.75,27.26,30.13,25.27,89.25,3.73,9.49
1986-08-14,1.74,27.37,29.87,25.64,87.65,3.32,18.29
1986-08-15,2.84,27.85,31.02,25.34,86.4,2.82,20.37
1986-08-16,1.66,27.96,31.17,25.8,87.39,2.62,13.97
1986-08-17,0.63,27.54,29.6,25.44,89.99,2.39,22.2
1986-08-18,0.35,28.0,31.72,25.02,85.58,2.68,22.47
1986-08-19,0.2,27.56,29.98,25.38,86.98,2.71,19.01
1986-08-20,0.66,27.82,31.13,25.67,87.62,3.02,16.66
1986-08-21,5.8,27.54,30.58,25.4,87.51,3.02,11.68
1986-08-22,16.81,27.77,30.59,25.6,88.11,3.84,9.72
1986-08-23,8.76,27.92,31.18,25.85,87.03,3.23,14.14
1986-08-24,8.73,27.86,31.2,25.68,87.07,2.74,9.38
1986-08-25,7.45,27.93,31.29,25.39,88.36,2.59,12.48
1986-08-26,15.9,28.37,31.51,25.87,87.98,1.57,16.39
1986-08-27,16.59,28.82,32.52,25.4,85.79,1.4,22.22
1986-08-28,0.21,28.01,30.9,26.12,89.12,1.54,14.37
1986-08-29,0.43,27.85,31.03,25.81,87.26,2.33,14.82
1986-08-30,0.89,28.29,31.61,25.39,85.14,1.59,20.51
1986-08-31,2.25,27.43,29.56,25.95,90.95,1.56,17.6
1986-09-01,8.72,27.71,31.08,25.39,87.95,1.94,19.76
1986-09-02,10.02,28.02,31.34,25.39,87.46,2.1,18.89
1986-09-03,0.96,28.15,30.95,25.9,89.5,1.93,17.0
1986-09-04,5.3,28.24,31.65,25.37,86.15,0.86,14.39
1986-09-05,7.15,28.19,30.86,25.09,82.48,0.82,19.84
1986-09-06,0.08,27.59,30.2,25.85,89.1,1.13,14.73
1986-09-07,0.66,28.21,31.42,25.38,86.95,1.4,15.29
1986-09-08,15.41,26.68,27.97,25.49,93.01,2.55,10.12
1986-09-09,20.09,27.1,29.66,25.31,88.33,2.41,19.56
1986-09-10,34.73,26.89,29.42,25.32,91.02,3.46,15.35
1986-09-11,9.8,26.95,30.41,24.39,89.33,3.14,20.28
1986-09-12,6.97,26.53,28.78,25.16,90.87,2.46,20.38
1986-09-13,1.55,26.95,30.23,24.75,87.44,3.09,16.76
1986-09-14,1.07,27.17,30.35,24.75,87.02,2.09,19.2
1986-09-15,1.11,27.16,31.18,24.2,85.98,1.75,19.95
1986-09-16,1.28,27.23,31.12,23.93,87.2,1.66,20.41
1986-09-17,5.55,27.21,30.94,24.18,86.67,1.99,20.32
1986-09-18,6.55,27.47,31.01,25.01,87.66,1.83,20.08
1986-09-19,5.09,27.5,29.61,25.48,87.37,1.0,23.17
1986-09-20,10.16,26.79,29.62,24.76,90.1,1.57,18.03
1986-09-21,5.39,25.82,28.61,24.1,90.37,1.66,19.0
1986-09-22,8.67,26.28,29.81,23.31,85.67,1.52,12.51
1986-09-23,1.52,27.26,31.43,22.95,80.23,1.11,16.64
1986-09-24,8.43,25.84,28.45,23.85,86.29,1.35,10.62
1986-09-25,3.18,24.78,27.2,22.56,89.7,1.75,6.75
1986-09-26,8.83,24.95,27.1,23.43,92.05,3.04,4.72
1986-09-27,24.48,24.54,26.48,23.02,93.26,2.15,4.65
1986-09-28,22.41,25.41,28.57,22.6,86.83,1.16,18.6
1986-09-29,8.7,24.73,26.89,22.77,90.02,1.08,20.05
1986-09-30,3.12,25.59,29.04,23.35,90.46,1.93,5.61
1986-10-01,15.56,24.87,27.36,22.96,92.0,1.96,16.05
1986-10-02,13.5,25.97,29.72,22.54,83.65,0.91,18.12
1986-10-03,6.68,26.56,30.04,23.37,84.9,1.01,22.2
1986-10-04,8.27,26.48,29.6,24.0,85.34,0.84,19.54
1986-10-05,0.5,25.76,28.77,23.72,89.93,1.42,8.41
1986-10-06,2.31,25.9,28.53,24.0,91.47,1.95,6.17
1986-10-07,25.88,25.59,27.09,24.43,93.86,2.3,15.22
1986-10-08,22.33,25.95,28.4,24.56,92.74,2.64,10.7
1986-10-09,26.63,25.63,27.18,23.81,92.73,2.09,9.38
1986-10-10,7.6,25.83,29.46,23.03,84.57,1.13,20.79
1986-10-11,0.85,25.54,29.6,22.27,86.86,1.43,18.48
1986-10-12,0.5,25.97,30.25,21.87,82.31,0.92,20.24
1986-10-13,0.5,25.84,29.83,22.8,84.64,1.19,20.88
1986-10-14,1.31,25.65,29.52,22.34,87.65,1.52,18.95
1986-10-15,2.83,25.71,29.31,22.76,88.0,1.51,16.1
1986-10-16,6.96,25.16,29.47,21.41,86.77,1.24,21.6
1986-10-17,5.38,25.38,30.17,21.82,81.79,0.87,19.46
1986-10-18,0.62,24.1,29.15,19.67,84.93,1.75,21.61
1986-10-19,0.22,23.89,29.52,19.38,84.74,1.88,21.53
1986-10-20,0.03,23.12,28.58,18.45,82.89,1.78,21.48
1986-10-21,0.0,22.79,28.22,17.78,85.37,1.56,21.48
1986-10-22,0.0,23.57,29.15,18.71,83.81,1.3,21.46
1986-10-23,0.0,23.67,29.16,18.95,83.86,1.49,21.38
1986-10-24,0.0,23.79,29.31,18.56,82.02,1.48,21.38
1986-10-25,0.0,23.49,28.75,18.63,82.63,1.56,21.31
1986-10-26,0.0,23.44,28.76,18.99,83.08,1.6,21.24
1986-10-27,0.0,23.35,29.29,18.35,84.15,1.49,20.88
1986-10-28,0.0,22.7,28.36,17.91,82.69,1.52,20.63
1986-10-29,0.0,22.68,28.49,17.65,81.88,1.47,21.15
1986-10-30,0.0,23.82,29.69,18.45,80.24,1.07,20.12
1986-10-31,0.0,25.12,30.13,19.92,80.05,0.88,19.21
1986-11-01,0.0,25.81,30.34,21.82,82.56,1.05,18.37
1986-11-02,0.0,25.14,29.52,21.78,83.96,1.25,13.93
1986-11-03,0.27,24.2,28.86,20.75,83.0,1.52,14.75
1986-11-04,0.1,24.06,29.08,19.72,81.6,1.44,14.9
1986-11-05,0.56,23.87,28.08,21.0,85.44,1.49,16.35
1986-11-06,9.25,24.09,28.22,20.66,86.23,0.89,14.76
1986-11-07,3.3,24.38,29.33,20.36,87.02,1.23,19.93
1986-11-08,0.23,24.66,29.02,21.27,87.18,1.37,5.73
1986-11-09,21.85,24.75,26.98,22.44,93.84,3.47,4.76
1986-11-10,15.18,23.94,27.71,21.18,86.95,2.08,17.51
1986-11-11,29.05,22.43,27.55,17.95,79.78,1.22,18.0
1986-11-12,1.97,21.48,27.1,16.68,79.95,1.33,19.03
1986-11-13,0.0,20.85,26.47,16.33,78.87,1.57,18.8
1986-11-14,0.0,21.05,26.8,16.05,81.91,1.4,18.79
1986-11-15,0.0,21.38,27.02,17.03,83.16,1.3,19.09
1986-11-16,0.0,21.12,26.93,16.37,79.36,1.13,19.08
1986-11-17,0.0,21.13,26.64,16.04,74.92,1.11,18.73
1986-11-18,0.0,20.69,26.94,15.31,76.87,1.28,18.56
1986-11-19,0.18,20.13,26.84,14.82,83.06,1.75,18.91
1986-11-20,0.0,20.1,26.35,14.71,84.12,1.43,19.09
1986-11-21,0.08,20.19,25.76,15.88,82.62,1.0,18.48
1986-11-22,0.01,20.27,26.07,15.7,80.95,1.2,18.59
1986-11-23,0.0,19.74,25.42,15.17,81.65,1.48,18.72
1986-11-24,0.0,19.83,25.88,14.55,83.9,1.44,18.37
1986-11-25,0.0,20.22,26.65,14.5,80.11,1.12,18.73
1986-11-26,0.0,19.98,26.48,14.59,79.79,1.34,18.71
1986-11-27,0.0,19.4,25.66,14.45,82.57,1.73,18.53
1986-11-28,0.0,19.05,25.53,13.76,83.25,1.57,18.92
1986-11-29,0.0,19.29,25.87,13.81,83.64,1.56,17.58
1986-11-30,0.0,19.42,25.31,14.67,83.28,1.51,16.35
1986-12-01,0.0,19.15,25.13,14.32,85.17,1.63,17.91
1986-12-02,0.0,18.68,25.09,12.98,85.16,1.64,17.82
1986-12-03,0.0,19.29,25.72,13.74,85.0,1.51,18.33
1986-12-04,0.0,19.31,25.86,13.63,84.08,1.5,18.62
1986-12-05,0.0,18.9,25.08,13.52,80.87,1.34,18.47
1986-12-06,0.0,18.56,25.16,13.41,78.95,1.29,18.33
1986-12-07,0.0,18.67,26.18,12.62,79.43,1.12,18.36
1986-12-08,0.0,18.72,25.22,13.25,78.35,1.08,17.78
1986-12-09,0.0,18.77,25.0,13.11,76.36,1.18,17.68
1986-12-10,0.0,19.45,24.84,14.45,71.06,0.78,15.31
1986-12-11,0.0,19.81,24.81,15.71,72.63,1.05,16.31
1986-12-12,0.0,19.72,25.58,14.26,74.9,1.05,16.75
1986-12-13,0.0,18.91,25.11,13.87,77.7,1.48,16.55
1986-12-14,0.07,18.68,25.28,13.24,79.67,1.55,11.19
1986-12-15,0.08,19.18,25.41,14.39,83.09,1.54,16.11
1986-12-16,0.0,17.79,23.99,12.83,80.62,1.99,17.25
1986-12-17,0.0,17.36,23.99,12.17,76.96,1.64,16.79
1986-12-18,0.0,17.94,24.77,12.41,77.46,1.67,17.2
1986-12-19,0.0,18.87,25.27,13.58,79.1,1.84,17.12
1986-12-20,0.0,18.81,24.89,13.86,82.33,1.98,17.36
1986-12-21,0.0,18.39,24.5,13.36,80.35,2.08,17.04
1986-12-22,0.0,16.24,22.56,11.74,74.95,2.04,17.3
1986-12-23,0.0,16.36,23.27,9.76,71.85,1.36,17.24
1986-12-24,0.0,16.57,24.01,10.29,74.83,1.57,18.35
1986-12-25,0.0,17.01,24.76,11.01,76.01,1.43,17.55
1986-12-26,0.0,17.55,24.84,11.41,76.58,1.41,17.51
1986-12-27,0.0,18.12,25.92,12.05,73.1,1.77,12.45
1986-12-28,0.0,17.19,22.69,13.46,76.67,1.43,8.67
1986-12-29,0.0,16.86,23.62,11.06,75.25,1.67,17.6
1986-12-30,0.93,16.22,23.39,10.17,74.42,1.44,17.48
1986-12-31,0.0,16.18,22.86,10.07,73.02,1.57,17.1
1987-01-01,0.0,15.4,22.11,10.71,74.54,1.54,17.48
1987-01-02,0.0,14.16,22.1,7.79,64.49,1.49,17.48
1987-01-03,0.0,13.83,21.95,7.37,64.75,1.72,16.46
1987-01-04,0.0,14.71,23.37,7.62,69.14,1.93,17.92
1987-01-05,0.0,15.93,24.2,8.52,67.16,1.26,18.47
1987-01-06,0.0,17.06,24.96,10.72,61.69,1.37,18.39
1987-01-07,0.0,18.77,27.61,9.74,57.52,1.1,15.24
1987-01-08,0.0,21.45,27.83,15.61,58.19,0.91,13.1
1987-01-09,0.24,21.39,27.35,16.15,64.21,0.91,17.68
1987-01-10,0.01,19.69,26.91,13.98,65.57,1.45,17.79
1987-01-11,0.0,19.45,27.71,12.58,64.24,1.48,17.58
1987-01-12,0.0,18.24,25.02,13.25,70.2,1.68,9.63
1987-01-13,0.16,18.69,26.2,12.85,73.29,1.66,18.66
1987-01-14,0.0,18.56,26.52,12.09,67.77,1.63,18.25
1987-01-15,0.0,18.91,26.34,13.66,67.16,1.59,17.76
1987-01-16,0.0,17.88,25.63,11.55,63.45,1.76,17.88
1987-01-17,0.0,17.67,25.52,10.75,61.87,1.43,18.69
1987-01-18,0.0,18.77,26.41,12.56,60.69,1.33,18.72
1987-01-19,0.0,18.24,26.32,11.67,64.54,1.92,18.59
1987-01-20,0.0,17.48,25.24,11.41,63.76,1.7,18.23
1987-01-21,0.0,16.55,24.52,10.0,62.18,1.88,17.16
1987-01-22,0.0,16.3,24.92,9.15,62.0,1.89,16.25
1987-01-23,0.0,17.97,27.12,10.72,58.05,1.57,17.0
1987-01-24,0.0,17.48,26.41,10.77,56.27,1.52,19.32
1987-01-25,0.0,17.5,26.72,9.56,51.49,1.5,19.38
1987-01-26,0.0,18.22,26.62,11.43,45.48,1.37,19.66
1987-01-27,0.0,19.37,28.06,12.72,43.26,1.06,19.64
1987-01-28,0.0,19.25,25.98,12.61,42.05,0.94,19.45
1987-01-29,0.0,19.4,26.57,11.97,41.46,1.16,19.03
1987-01-30,0.0,19.54,27.6,12.31,45.89,1.47,19.08
1987-01-31,0.0,20.04,28.78,12.29,50.88,1.45,19.69
1987-02-01,0.0,20.07,26.75,13.11,54.14,1.21,18.59
1987-02-02,0.0,21.18,28.25,16.49,59.4,1.14,11.3
1987-02-03,0.0,19.21,22.75,16.45,82.54,1.71,5.96
1987-02-04,1.6,19.94,25.16,16.66,78.92,2.32,6.49
1987-02-05,3.42,19.65,26.58,13.86,67.09,1.39,16.21
1987-02-06,0.13,19.11,27.17,12.63,60.88,1.74,20.77
1987-02-07,0.0,20.21,29.23,12.65,56.46,1.29,20.96
1987-02-08,0.0,20.63,29.08,13.61,49.73,1.25,21.41
1987-02-09,0.0,20.81,28.21,13.82,45.63,1.16,20.94
1987-02-10,0.0,20.66,27.68,14.13,48.08,0.97,20.66
1987-02-11,0.0,20.22,28.18,12.61,47.65,1.0,20.29
1987-02-12,0.0,20.36,29.11,11.89,45.04,1.34,20.9
1987-02-13,0.0,21.21,29.85,12.53,43.91,1.29,20.37
1987-02-14,0.0,21.4,29.79,14.13,45.1,1.28,21.33
1987-02-15,0.0,21.78,30.44,13.28,45.85,1.35,21.48
1987-02-16,0.0,22.19,30.94,14.78,47.18,1.03,21.99
1987-02-17,0.0,22.66,30.91,14.24,55.48,1.05,20.69
1987-02-18,0.0,23.5,31.42,17.03,59.16,0.98,21.36
1987-02-19,0.73,23.96,31.5,17.24,47.36,1.15,21.39
1987-02-20,0.0,23.46,32.42,16.28,44.63,1.65,22.3
1987-02-21,0.0,23.83,31.86,15.11,32.51,1.54,23.57
1987-02-22,0.0,25.11,32.72,17.77,37.97,1.13,23.29
1987-02-23,0.0,25.28,33.15,18.3,54.07,1.28,23.59
1987-02-24,0.0,26.36,34.03,19.47,38.8,1.17,23.66
1987-02-25,0.0,25.94,33.91,18.51,37.26,1.32,23.58
1987-02-26,0.0,26.38,34.75,18.43,53.07,1.59,23.92
1987-02-27,0.0,25.65,33.48,19.58,58.54,1.71,17.02
1987-02-28,0.15,24.14,31.67,17.55,50.4,1.83,24.81
1987-03-01,0.01,24.63,32.47,17.73,47.13,1.68,23.69
1987-03-02,0.0,24.12,32.29,17.22,40.31,1.84,22.55
1987-03-03,0.0,25.1,32.46,17.2,36.54,1.13,23.83
1987-03-04,0.06,24.89,32.26,17.88,44.53,0.87,23.76
1987-03-05,2.9,24.16,31.57,16.96,43.23,1.18,23.63
1987-03-06,0.1,25.51,32.51,18.54,46.42,0.93,22.78
1987-03-07,0.0,25.7,32.88,19.36,47.59,1.37,21.66
1987-03-08,0.19,25.73,33.34,19.21,64.1,2.38,23.72
1987-03-09,0.69,25.86,33.22,19.78,67.16,2.63,23.22
1987-03-10,20.44,24.16,29.25,20.58,75.29,1.12,16.43
1987-03-11,1.63,24.07,29.57,20.18,70.33,1.61,14.39
1987-03-12,6.65,23.63,29.96,19.56,74.27,2.06,12.68
1987-03-13,1.76,24.45,31.04,18.4,64.38,1.24,23.82
1987-03-14,0.0,24.97,32.05,17.86,49.61,1.3,23.22
1987-03-15,0.01,25.59,32.51,19.43,57.73,1.32,24.54
1987-03-16,0.0,26.24,33.53,19.4,65.24,2.85,23.42
1987-03-17,0.08,27.14,34.18,21.19,70.33,3.56,22.63
1987-03-18,1.05,27.79,34.84,22.68,73.73,3.54,23.82
1987-03-19,0.12,27.84,36.17,21.77,62.45,1.93,23.71
1987-03-20,0.87,26.98,34.53,20.97,65.69,2.8,24.26
1987-03-21,0.13,27.41,34.91,21.07,67.48,2.62,24.19
1987-03-22,0.02,27.1,34.77,20.41,65.45,2.72,23.02
1987-03-23,0.0,27.37,35.33,20.75,64.15,2.36,21.05
1987-03-24,0.0,27.64,35.61,20.88,66.13,2.81,23.24
1987-03-25,0.0,28.42,36.75,22.12,63.02,2.4,23.46
1987-03-26,0.0,28.74,37.6,21.09,60.61,2.05,26.05
1987-03-27,0.0,27.88,33.84,22.91,64.96,2.33,23.67
1987-03-28,0.0,28.38,35.92,22.84,63.52,2.69,17.95
1987-03-29,0.0,28.34,36.58,21.8,61.13,2.15,24.28
1987-03-30,0.0,28.37,36.8,21.08,62.08,2.23,25.75
1987-03-31,0.0,28.54,36.87,21.38,62.78,2.29,25.01
1987-04-01,0.0,28.54,36.29,22.18,64.51,2.6,22.19
1987-04-02,0.23,28.26,35.27,22.63,68.04,3.54,24.82
1987-04-03,0.01,29.08,36.63,24.19,67.89,4.34,23.5
1987-04-04,0.13,29.46,36.6,25.26,68.24,4.37,23.25
1987-04-05,0.0,29.55,36.9,25.22,68.98,4.26,23.34
1987-04-06,0.0,29.48,37.15,24.18,66.91,3.51,23.49
1987-04-07,0.0,29.36,36.73,24.07,64.7,3.16,22.66
1987-04-08,0.0,28.8,36.55,22.97,67.89,3.74,23.95
1987-04-09,0.0,28.18,33.66,24.44,71.97,4.69,22.42
1987-04-10,0.53,28.36,33.44,25.32,73.08,5.13,10.55
1987-04-11,6.28,28.35,33.66,24.89,76.03,4.26,19.28
1987-04-12,3.19,28.62,34.03,24.87,74.81,4.16,16.04
1987-04-13,1.17,29.12,35.37,25.15,70.31,3.96,23.19
1987-04-14,1.3,28.45,33.05,25.23,70.03,2.88,24.1
1987-04-15,2.86,27.76,32.96,24.22,70.63,1.3,23.16
1987-04-16,7.44,29.0,36.07,22.6,62.99,1.41,26.52
1987-04-17,0.0,30.45,39.54,22.55,53.93,1.45,27.22
1987-04-18,0.08,29.95,38.91,22.02,55.04,2.01,28.0
1987-04-19,4.42,28.21,34.75,23.2,63.66,1.7,26.6
1987-04-20,0.0,28.15,34.35,23.66,64.56,1.45,18.32
1987-04-21,1.73,29.59,36.86,23.71,57.02,1.72,27.26
1987-04-22,0.0,29.27,36.99,23.0,57.66,2.34,25.09
1987-04-23,0.04,28.55,34.53,23.59,67.4,3.34,13.74
1987-04-24,0.43,29.27,35.23,24.53,66.67,4.46,9.24
1987-04-25,3.54,28.34,32.4,25.83,71.8,4.6,4.37
1987-04-26,74.12,27.08,31.4,24.36,80.36,2.4,16.07
1987-04-27,2.51,26.87,30.85,23.08,73.03,0.93,16.31
1987-04-28,0.58,26.62,30.86,22.73,65.25,1.02,25.4
1987-04-29,5.1,26.08,30.35,22.53,69.27,1.42,17.65
1987-04-30,2.32,27.03,31.97,22.85,72.63,2.94,22.13
1987-05-01,38.57,26.33,29.57,24.52,80.37,3.39,25.3
1987-05-02,5.48,25.81,28.66,23.15,84.92,1.68,25.29
1987-05-03,0.82,26.47,31.17,22.32,75.48,0.91,17.32
1987-05-04,2.39,25.67,28.94,22.66,79.73,1.25,15.89
1987-05-05,0.19,26.84,32.15,22.67,67.14,1.43,26.87
1987-05-06,10.23,26.82,32.1,22.19,71.65,1.52,21.55
1987-05-07,1.89,27.62,32.66,22.89,73.79,1.62,9.86
1987-05-08,3.33,28.19,33.54,23.25,71.87,1.85,26.75
1987-05-09,1.55,28.89,34.98,23.54,69.24,1.77,23.39
1987-05-10,2.4,29.62,35.54,23.8,68.56,1.17,25.5
1987-05-11,0.61,29.16,34.53,25.15,72.18,1.45,26.71
1987-05-12,2.6,29.24,34.95,24.43,66.93,1.01,28.03
1987-05-13,0.0,29.51,36.2,23.64,60.45,1.13,27.13
1987-05-14,0.0,30.32,37.28,23.62,59.43,1.22,28.3
1987-05-15,0.0,30.63,37.33,24.67,67.05,2.06,27.13
1987-05-16,0.0,31.02,37.47,25.17,64.24,2.39,27.47
1987-05-17,0.07,31.37,37.75,25.79,66.08,2.7,26.74
1987-05-18,0.27,30.47,35.67,26.76,70.13,3.21,26.83
1987-05-19,0.09,29.75,34.2,26.65,73.76,3.48,23.1
1987-05-20,0.19,29.87,35.1,26.03,73.51,3.47,26.09
1987-05-21,2.1,29.27,33.31,26.32,74.92,3.72,23.35
1987-05-22,1.69,29.49,34.16,26.74,74.25,3.34,22.95
1987-05-23,0.0,29.13,32.44,26.86,76.61,3.4,25.02
1987-05-24,0.67,29.61,33.9,26.33,73.41,3.74,24.17
1987-05-25,9.29,29.03,32.87,26.54,79.45,3.02,26.32
1987-05-26,6.77,29.43,33.78,25.79,78.43,2.26,26.47
1987-05-27,1.82,29.74,35.1,25.44,71.69,1.72,26.22
1987-05-28,0.0,30.56,35.69,26.06,68.16,1.49,25.32
1987-05-29,0.0,30.09,33.77,26.95,71.84,2.03,26.35
1987-05-30,0.0,31.42,37.65,26.17,65.9,1.88,25.2
1987-05-31,0.0,30.83,35.99,26.9,67.39,2.15,25.09
1987-06-01,0.0,30.58,35.6,26.26,68.94,2.32,14.37
1987-06-02,0.0,30.54,35.17,26.46,68.21,2.22,16.43
1987-06-03,6.87,28.71,31.4,26.96,79.89,2.31,13.45
1987-06-04,6.79,28.4,31.21,26.57,87.41,2.76,6.85
1987-06-05,50.67,28.31,31.29,26.2,88.75,4.33,8.41
1987-06-06,34.36,28.8,31.31,27.01,88.6,3.48,19.86
1987-06-07,7.07,28.29,31.25,26.37,88.13,2.67,26.12
1987-06-08,0.88,28.28,31.28,25.95,86.77,1.78,23.84
1987-06-09,0.71,28.19,30.75,26.0,85.83,1.68,21.15
1987-06-10,3.98,28.66,32.08,26.04,82.11,3.18,17.16
1987-06-11,9.24,28.26,30.04,26.95,89.11,2.65,10.7
1987-06-12,9.96,28.59,31.3,26.77,88.62,3.1,17.28
1987-06-13,7.37,29.11,32.64,27.08,87.82,3.41,13.44
1987-06-14,0.99,29.67,33.69,26.96,83.28,2.78,21.61
1987-06-15,0.91,29.67,33.82,26.94,82.6,2.14,25.62
1987-06-16,0.05,30.22,34.68,26.6,77.4,1.56,20.03
1987-06-17,0.0,30.25,34.7,26.08,73.18,1.63,16.77
1987-06-18,0.32,29.25,32.7,27.42,82.23,3.35,15.1
1987-06-19,7.92,28.97,32.91,26.47,79.86,3.46,9.12
1987-06-20,18.93,28.81,32.82,25.63,82.5,2.37,13.43
1987-06-21,16.84,28.31,31.16,26.2,85.14,3.9,15.11
1987-06-22,4.34,28.45,32.26,25.88,80.18,3.45,21.0
1987-06-23,12.05,28.74,32.42,26.02,82.75,3.31,22.28
1987-06-24,10.94,28.98,32.61,26.78,86.32,3.3,23.23
1987-06-25,3.71,28.91,32.42,26.59,84.13,3.24,23.72
1987-06-26,0.52,28.82,32.64,26.07,81.13,3.19,24.14
1987-06-27,0.15,29.77,33.88,26.75,79.63,2.81,24.25
1987-06-28,0.0,29.77,34.4,25.87,78.89,2.38,23.79
1987-06-29,0.04,29.9,33.98,27.09,78.43,3.52,22.17
1987-06-30,0.13,29.79,33.37,27.15,78.64,4.1,23.32
1987-07-01,0.16,30.24,34.3,27.39,77.84,4.23,22.55
1987-07-02,5.88,29.24,32.65,26.56,80.9,3.81,14.54
1987-07-03,26.69,29.02,32.84,25.88,81.33,1.82,16.09
1987-07-04,10.43,28.54,32.14,25.95,86.27,2.66,21.02
1987-07-05,10.81,28.86,31.59,26.56,85.28,4.75,16.13
1987-07-06,19.28,28.41,30.66,27.08,90.79,4.3,8.11
1987-07-07,14.07,28.16,30.76,26.87,89.84,4.02,10.06
1987-07-08,12.75,27.99,30.78,26.16,88.46,3.17,13.31
1987-07-09,3.63,28.24,31.01,25.92,87.33,2.93,21.23
1987-07-10,4.74,28.19,30.48,26.82,89.04,4.26,16.97
1987-07-11,3.68,28.08,30.95,26.54,87.52,4.64,14.16
1987-07-12,2.21,28.12,31.17,26.13,85.87,4.04,18.81
1987-07-13,9.22,28.08,31.51,25.76,84.54,3.39,11.81
1987-07-14,8.73,28.28,31.62,25.47,85.32,3.35,17.03
1987-07-15,23.58,28.33,30.92,26.42,89.86,3.01,9.38
1987-07-16,32.11,28.3,30.14,26.71,92.48,3.3,10.88
1987-07-17,19.28,28.81,31.97,26.87,90.16,2.7,18.17
1987-07-18,4.28,28.25,31.35,25.73,89.01,4.84,24.26
1987-07-19,2.19,28.03,30.97,25.9,85.76,4.37,21.01
1987-07-20,4.65,28.25,31.24,26.08,86.62,4.23,22.43
1987-07-21,1.06,28.07,31.0,26.34,85.77,3.98,22.89
1987-07-22,6.49,28.46,31.4,26.38,85.84,3.95,17.94
1987-07-23,13.6,28.53,31.5,26.63,87.17,3.95,13.11
1987-07-24,19.84,27.99,30.23,26.42,88.76,3.8,10.91
1987-07-25,30.22,27.29,28.74,26.06,92.55,3.82,8.65
1987-07-26,32.6,27.58,29.85,26.18,91.22,3.51,9.15
1987-07-27,30.19,27.24,28.84,25.95,92.4,3.99,14.29
1987-07-28,14.28,27.64,30.16,26.02,90.21,3.48,9.05
1987-07-29,8.19,28.06,30.83,26.19,87.45,4.19,12.67
1987-07-30,16.24,28.28,31.1,26.52,88.89,4.14,8.07
1987-07-31,15.13,27.43,29.16,26.58,93.0,4.75,4.75
1987-08-01,11.66,27.74,30.67,26.3,89.74,3.5,7.61
1987-08-02,20.55,27.78,31.03,25.48,88.81,2.94,14.14
1987-08-03,3.23,27.11,29.71,25.42,89.54,2.97,19.34
1987-08-04,0.25,26.82,28.82,25.13,89.31,3.28,14.9
1987-08-05,0.08,27.49,30.33,25.43,86.88,3.14,21.65
1987-08-06,0.32,27.88,31.22,25.45,86.94,2.5,23.86
1987-08-07,5.96,28.12,31.61,24.94,86.63,1.94,23.4
1987-08-08,5.7,27.93,31.55,25.1,86.95,1.83,19.9
1987-08-09,0.07,28.14,31.65,25.48,86.67,2.28,20.42
1987-08-10,0.12,27.28,29.4,25.67,89.27,2.83,17.74
1987-08-11,0.97,27.86,30.88,25.84,86.09,3.59,12.55
1987-08-12,0.87,27.77,31.17,25.36,87.4,2.46,16.55
1987-08-13,0.92,28.05,31.61,24.88,86.92,1.42,16.6
1987-08-14,3.36,27.49,30.3,25.15,88.74,1.85,13.23
1987-08-15,3.35,27.85,30.57,25.16,86.07,1.32,21.02
1987-08-16,0.73,29.17,32.88,25.53,80.97,1.07,15.09
1987-08-17,4.23,28.52,31.47,25.71,87.19,1.32,19.01
1987-08-18,0.71,29.09,32.06,26.19,86.87,1.55,16.55
1987-08-19,0.53,28.53,30.86,27.0,91.45,2.78,5.78
1987-08-20,6.47,27.99,30.24,26.96,90.58,3.77,10.49
1987-08-21,9.76,28.53,31.56,26.62,87.56,3.47,11.28
1987-08-22,7.69,28.64,31.69,26.45,87.72,2.23,18.03
1987-08-23,1.96,28.86,32.1,26.6,89.24,1.82,21.88
1987-08-24,4.01,27.79,30.93,26.61,88.38,1.68,19.75
1987-08-25,8.01,27.99,31.17,26.07,90.57,2.94,4.83
1987-08-26,32.61,27.39,28.9,26.07,92.39,5.63,6.53
1987-08-27,34.06,27.6,29.45,26.65,91.99,4.25,8.3
1987-08-28,22.25,28.05,30.96,26.5,88.22,3.6,12.62
1987-08-29,26.38,28.08,30.64,26.47,89.73,3.34,16.39
1987-08-30,0.63,27.95,31.14,25.68,87.5,3.23,21.26
1987-08-31,1.32,27.86,31.08,25.19,87.93,2.62,17.71
1987-09-01,4.88,28.0,31.3,25.43,88.29,2.82,15.35
1987-09-02,4.17,28.25,31.49,25.76,88.81,2.52,19.45
1987-09-03,0.4,28.29,31.34,26.11,89.21,2.63,13.87
1987-09-04,4.92,28.11,30.79,26.56,90.1,3.42,19.06
1987-09-05,3.97,28.04,31.08,26.12,89.25,2.64,13.05
1987-09-06,2.11,27.87,31.32,25.66,88.98,2.36,16.37
1987-09-07,4.66,27.83,31.14,25.51,88.76,2.02,20.82
1987-09-08,1.59,27.73,31.72,24.75,87.17,1.75,20.96
1987-09-09,4.55,27.62,30.47,25.48,88.03,1.59,19.18
1987-09-10,4.49,27.49,30.56,25.31,87.95,2.71,21.52
1987-09-11,6.12,27.51,30.52,25.67,89.04,3.27,9.68
1987-09-12,2.94,27.32,30.31,25.61,90.51,2.54,19.65
1987-09-13,3.23,27.19,29.47,25.83,91.41,2.46,14.97
1987-09-14,5.02,27.65,30.65,25.6,89.97,2.32,15.17
1987-09-15,0.18,27.55,30.51,25.25,89.19,1.78,15.07
1987-09-16,5.28,27.85,31.68,24.95,86.4,1.28,21.88
1987-09-17,10.09,28.25,32.02,24.9,84.99,1.07,18.17
1987-09-18,7.35,27.65,30.72,25.34,88.97,1.25,15.95
1987-09-19,0.04,28.01,31.41,25.43,85.27,0.99,20.36
1987-09-20,0.2,28.43,32.15,25.12,84.98,1.06,17.88
1987-09-21,1.25,26.78,28.21,25.32,92.25,2.53,11.14
1987-09-22,3.76,27.34,30.65,25.03,88.35,1.45,11.87
1987-09-23,5.56,27.31,29.84,25.63,90.01,3.09,9.23
1987-09-24,13.66,27.16,29.42,25.51,90.27,3.64,3.06
1987-09-25,30.55,27.25,29.16,26.01,91.7,3.01,10.93
1987-09-26,46.22,26.89,28.11,25.87,92.45,3.47,8.42
1987-09-27,22.2,27.26,29.35,25.92,92.45,2.79,8.58
1987-09-28,0.38,26.87,29.11,25.42,91.03,2.6,20.6
1987-09-29,1.77,27.21,31.06,24.4,87.61,1.72,20.91
1987-09-30,1.15,27.02,30.84,24.1,86.88,0.96,21.42
1987-10-01,1.65,27.54,31.15,24.44,84.5,0.77,20.0
1987-10-02,0.01,27.87,31.29,24.66,77.04,0.95,21.44
1987-10-03,0.0,27.41,31.45,23.53,72.12,0.83,21.94
1987-10-04,0.0,27.52,31.63,23.22,72.7,0.75,21.82
1987-10-05,0.0,27.27,31.01,23.0,74.84,0.99,21.52
1987-10-06,0.0,27.44,31.5,23.24,79.65,1.07,19.27
1987-10-07,0.0,28.25,31.75,24.59,76.84,0.62,21.14
1987-10-08,12.1,26.9,29.39,24.66,81.89,0.7,10.73
1987-10-09,18.15,26.36,29.64,24.07,85.58,0.97,11.93
1987-10-10,5.52,26.79,30.27,24.33,85.66,1.04,12.25
1987-10-11,9.74,26.67,29.88,23.95,85.76,1.24,19.79
1987-10-12,0.06,25.9,30.14,22.25,81.83,1.3,21.84
1987-10-13,0.0,25.53,30.35,21.84,82.14,1.45,21.86
1987-10-14,0.0,25.52,30.79,20.38,82.15,1.46,22.09
1987-10-15,0.0,26.37,30.86,20.7,77.44,0.97,21.46
1987-10-16,0.0,27.36,30.33,24.61,75.54,1.04,20.77
1987-10-17,0.02,27.6,31.05,24.21,83.03,0.91,21.16
1987-10-18,0.89,27.23,30.84,23.7,83.21,1.28,20.72
1987-10-19,0.38,26.95,31.05,23.36,84.83,0.99,19.91
1987-10-20,0.87,26.53,29.44,23.88,88.5,2.32,9.95
1987-10-21,19.16,24.16,27.53,20.07,81.71,1.81,20.33
1987-10-22,0.28,22.4,27.62,18.13,78.77,1.51,21.38
1987-10-23,0.0,22.23,27.27,17.97,74.97,1.35,21.27
1987-10-24,0.0,23.93,29.04,18.69,80.09,1.14,20.91
1987-10-25,0.0,24.77,29.84,19.73,85.04,1.31,20.68
1987-10-26,0.0,24.37,29.95,19.6,83.87,1.64,20.95
1987-10-27,0.0,23.83,29.16,18.7,77.64,1.44,21.0
1987-10-28,0.0,23.0,28.52,18.38,75.11,1.56,21.04
1987-10-29,0.0,23.26,28.59,19.3,69.45,0.97,20.74
1987-10-30,0.0,22.06,27.79,17.38,77.7,1.6,20.58
1987-10-31,0.0,22.7,28.26,16.96,73.54,1.4,20.38
1987-11-01,0.0,23.34,29.29,16.94,73.57,1.11,17.03
1987-11-02,0.0,23.46,29.36,17.47,73.75,1.24,14.41
1987-11-03,0.0,22.66,27.94,18.84,80.32,1.85,18.01
1987-11-04,0.11,22.76,28.25,18.83,78.77,1.56,12.86
1987-11-05,0.15,24.45,29.08,19.63,73.74,0.99,17.09
1987-11-06,0.05,24.22,28.65,19.2,67.27,0.56,20.04
1987-11-07,0.0,23.05,27.95,17.96,71.36,1.22,20.11
1987-11-08,0.0,23.5,29.33,17.29,77.73,1.48,18.98
1987-11-09,0.0,24.47,29.48,19.33,77.47,1.53,20.14
1987-11-10,0.0,24.41,29.56,19.16,71.82,0.93,20.63
1987-11-11,0.0,23.42,29.73,17.95,75.53,1.7,20.01
1987-11-12,0.0,25.63,31.83,19.71,72.97,1.12,11.15
1987-11-13,0.41,24.98,27.17,23.09,81.51,0.51,5.91
1987-11-14,0.35,23.29,26.7,21.09,90.17,1.19,11.23
1987-11-15,3.4,24.36,28.61,20.71,87.73,1.04,11.12
1987-11-16,1.07,24.88,28.75,21.49,84.22,1.2,15.63
1987-11-17,8.96,23.34,27.59,19.99,82.96,1.41,18.85
1987-11-18,0.0,22.19,27.14,18.37,77.46,1.69,18.52
1987-11-19,0.0,21.29,26.56,16.16,66.9,1.56,18.63
1987-11-20,0.0,21.73,26.93,17.39,72.51,1.51,18.12
1987-11-21,0.0,20.57,26.56,15.82,75.9,1.59,18.34
1987-11-22,0.0,21.17,27.39,15.49,79.31,1.69,18.89
1987-11-23,0.0,22.74,28.13,18.37,75.33,0.89,17.73
1987-11-24,0.0,22.98,27.92,19.12,72.49,1.03,17.68
1987-11-25,0.0,22.16,27.31,18.4,75.8,1.39,17.18
1987-11-26,0.0,21.32,27.59,16.01,72.32,1.5,17.88
1987-11-27,0.0,20.5,26.91,15.08,72.05,1.64,17.06
1987-11-28,0.0,19.97,26.2,13.83,73.41,1.64,18.61
1987-11-29,0.0,19.75,26.06,14.65,64.87,1.23,18.3
1987-11-30,0.0,20.01,26.56,14.09,65.76,1.46,17.84
1987-12-01,0.0,20.47,27.26,15.03,64.05,1.21,18.59
1987-12-02,0.0,20.77,26.97,14.41,62.0,1.22,17.83
1987-12-03,0.0,20.89,26.43,15.19,59.5,0.89,17.13
1987-12-04,0.0,21.17,26.04,15.73,60.96,0.67,16.83
1987-12-05,0.0,21.36,26.69,15.23,61.24,0.66,17.01
1987-12-06,0.0,21.0,26.42,15.36,60.25,0.61,17.72
1987-12-07,0.0,20.8,26.4,13.95,60.04,0.92,17.69
1987-12-08,0.06,20.63,27.2,14.49,58.76,1.05,17.01
1987-12-09,0.26,21.48,27.53,14.46,56.81,0.74,17.43
1987-12-10,0.0,21.3,27.08,16.38,58.67,0.97,17.02
1987-12-11,0.0,20.81,26.98,15.25,63.72,1.05,16.55
1987-12-12,0.0,20.39,26.67,14.91,63.46,0.89,17.03
1987-12-13,1.11,20.04,23.67,16.86,82.76,2.32,5.98
1987-12-14,7.3,19.82,25.39,15.88,81.67,1.82,13.2
1987-12-15,0.39,19.11,25.78,12.86,75.48,1.45,16.89
1987-12-16,0.35,20.39,27.06,14.27,71.07,1.0,17.27
1987-12-17,0.0,20.75,27.29,14.83,69.35,1.12,17.3
1987-12-18,0.0,21.01,26.5,15.05,62.0,0.72,17.31
1987-12-19,0.0,20.12,27.23,13.4,57.24,1.11,16.56
1987-12-20,0.0,21.52,28.28,14.97,54.43,0.88,15.18
1987-12-21,0.0,21.45,29.22,15.29,58.27,0.85,17.26
1987-12-22,0.0,21.38,28.91,15.09,56.77,0.91,17.39
1987-12-23,0.0,21.07,27.32,14.45,51.97,1.02,17.22
1987-12-24,0.0,20.43,27.17,14.26,50.81,1.01,16.6
1987-12-25,0.0,19.27,27.73,12.88,58.35,1.48,17.35
1987-12-26,0.0,19.24,28.49,11.39,55.19,1.37,17.7
1987-12-27,0.0,19.83,28.53,12.59,52.62,1.35,17.72
1987-12-28,0.0,19.41,27.95,12.68,49.22,1.26,17.58
1987-12-29,0.0,18.37,27.17,11.54,48.92,1.64,17.76
1987-12-30,0.0,18.54,26.84,11.71,48.05,1.27,17.51
1987-12-31,0.0,19.38,27.08,12.44,43.62,0.88,17.53
1988-01-01,0.0,19.42,27.2,12.66,44.62,0.94,18.58
1988-01-02,0.0,19.97,28.17,12.97,43.5,0.86,17.34
1988-01-03,0.0,20.55,27.82,13.06,43.03,0.78,17.53
1988-01-04,0.0,20.14,27.75,13.24,44.92,0.89,17.73
1988-01-05,0.0,19.93,28.21,13.47,51.32,1.02,17.63
1988-01-06,0.0,20.63,27.35,15.34,59.62,0.9,17.24
1988-01-07,0.0,20.72,27.2,13.28,59.39,0.88,18.19
1988-01-08,0.0,19.48,27.32,12.29,49.32,1.44,18.5
1988-01-09,0.0,19.21,26.95,11.86,49.17,1.44,18.46
1988-01-10,0.0,19.71,27.57,12.25,46.08,1.33,19.03
1988-01-11,0.0,19.92,28.03,12.23,46.88,1.13,17.68
1988-01-12,0.0,20.96,29.04,14.09,41.44,0.97,18.32
1988-01-13,0.0,21.03,28.96,14.07,48.01,0.86,18.68
1988-01-14,0.0,20.91,27.39,13.53,63.75,1.02,17.71
1988-01-15,0.0,21.03,28.98,13.69,58.35,1.42,17.32
1988-01-16,0.0,21.17,28.74,15.03,52.54,1.38,17.65
1988-01-17,0.0,19.75,27.71,13.82,49.91,1.77,18.09
1988-01-18,0.0,19.1,27.59,11.94,49.24,1.55,18.36
1988-01-19,0.0,19.76,27.7,13.19,44.3,1.24,17.58
1988-01-20,0.0,19.17,27.21,12.96,44.89,1.56,18.68
1988-01-21,0.0,19.41,27.62,12.4,43.28,1.61,18.27
1988-01-22,0.0,20.01,27.88,12.64,37.74,1.34,18.69
1988-01-23,0.0,19.89,28.38,11.69,34.67,1.51,18.65
1988-01-24,0.0,19.96,28.27,11.91,35.78,1.58,18.66
1988-01-25,0.0,21.8,29.83,15.26,40.92,1.21,18.64
1988-01-26,0.0,21.06,29.89,14.42,58.27,1.7,17.85
1988-01-27,0.0,17.59,27.73,9.41,33.01,2.03,19.51
1988-01-28,0.0,17.52,27.56,8.86,34.2,2.0,19.52
1988-01-29,0.0,18.07,27.73,9.61,37.76,1.93,19.48
1988-01-30,0.0,18.6,27.9,10.37,36.91,2.16,19.41
1988-01-31,0.0,18.68,28.07,10.75,39.39,1.63,19.14
1988-02-01,0.0,18.84,28.37,11.05,41.0,1.92,18.84
1988-02-02,0.0,19.8,29.22,11.98,42.06,1.62,18.48
1988-02-03,0.0,20.01,29.64,12.35,39.67,1.64,18.79
1988-02-04,0.0,20.85,31.42,13.13,39.2,1.55,19.53
1988-02-05,0.0,22.08,31.13,14.57,33.9,1.25,19.73
1988-02-06,0.0,22.64,31.36,14.01,29.93,0.89,19.5
1988-02-07,0.0,22.5,30.6,14.19,34.04,1.01,19.73
1988-02-08,0.0,21.79,30.53,12.92,44.65,1.25,19.57
1988-02-09,0.0,22.15,30.52,14.57,31.65,0.91,19.57
1988-02-10,0.0,22.37,30.93,14.2,32.09,0.94,19.59
1988-02-11,0.0,22.78,31.62,13.57,48.7,1.11,20.87
1988-02-12,0.0,23.1,32.2,14.13,50.87,1.28,19.96
1988-02-13,0.0,23.72,32.41,14.93,49.84,1.32,19.55
1988-02-14,0.0,24.83,33.17,17.23,41.19,1.14,19.01
1988-02-15,0.0,23.98,31.55,16.03,40.57,1.74,20.89
1988-02-16,0.0,25.59,33.03,18.63,41.89,0.82,21.48
1988-02-17,5.13,22.24,26.85,18.07,69.75,1.29,15.51
1988-02-18,0.09,23.17,31.0,16.72,49.62,1.63,22.05
1988-02-19,0.0,22.46,31.75,14.54,34.97,1.65,22.06
1988-02-20,0.0,22.48,31.33,13.64,30.36,1.44,22.55
1988-02-21,0.0,22.65,31.04,15.72,39.16,1.09,20.7
1988-02-22,0.0,24.0,32.73,16.9,59.06,1.25,21.84
1988-02-23,0.04,24.7,31.84,18.02,64.47,1.52,9.36
1988-02-24,9.79,23.55,27.86,19.85,82.18,2.87,17.22
1988-02-25,2.29,24.95,31.37,20.43,70.31,1.46,19.22
1988-02-26,0.0,25.25,32.95,19.82,57.83,1.04,22.32
1988-02-27,0.0,23.42,31.74,13.96,28.83,1.09,22.99
1988-02-28,0.0,24.97,33.77,15.11,36.39,0.98,22.33
1988-02-29,0.01,26.02,33.33,19.09,65.53,1.27,16.09
1988-03-01,7.05,26.34,32.76,21.43,70.93,2.12,16.99
1988-03-02,8.16,25.14,29.57,21.6,75.28,1.28,16.27
1988-03-03,0.01,24.79,31.3,18.96,47.32,1.54,17.76
1988-03-04,0.0,24.07,31.96,16.48,34.5,1.25,14.78
1988-03-05,0.0,24.47,32.1,17.8,41.8,1.4,13.5
1988-03-06,0.03,25.52,33.89,18.33,65.22,2.31,21.64
1988-03-07,0.0,26.58,34.66,20.48,59.54,1.48,20.6
1988-03-08,0.0,26.89,35.21,18.65,56.76,1.23,22.4
1988-03-09,0.0,26.78,33.99,20.32,58.11,1.43,17.89
1988-03-10,0.0,27.45,35.24,20.31,59.82,1.38,21.33
1988-03-11,0.07,27.98,35.04,20.51,51.81,1.21,21.34
1988-03-12,1.52,27.49,34.42,20.7,49.45,1.11,17.35
1988-03-13,5.99,27.19,33.65,20.53,59.4,2.87,23.52
1988-03-14,8.47,27.05,33.28,22.55,74.72,3.69,13.42
1988-03-15,7.75,27.13,33.0,22.76,54.07,1.24,24.57
1988-03-16,8.1,26.44,33.92,18.2,34.22,1.39,24.28
1988-03-17,0.0,26.45,35.45,18.31,58.69,1.94,24.01
1988-03-18,0.0,28.47,37.13,20.94,64.54,1.94,23.98
1988-03-19,6.12,28.49,36.03,22.82,66.22,1.2,22.15
1988-03-20,0.78,27.59,34.93,22.2,66.43,2.21,22.66
1988-03-21,0.45,26.09,33.68,18.5,46.69,1.82,25.16
1988-03-22,0.05,25.19,33.85,17.9,35.4,1.54,25.14
1988-03-23,0.0,26.45,35.21,19.02,57.46,1.8,24.08
1988-03-24,0.0,26.8,35.13,19.77,58.89,1.96,23.56
1988-03-25,0.0,27.56,35.74,20.53,58.72,2.1,22.66
1988-03-26,0.0,28.09,36.23,20.75,61.6,2.81,24.0
1988-03-27,0.0,27.99,35.55,21.81,67.63,3.28,25.15
1988-03-28,0.04,28.58,35.48,23.23,68.66,2.87,14.56
1988-03-29,0.01,28.73,36.8,23.17,58.61,2.04,22.82
1988-03-30,0.0,27.77,36.6,19.76,57.7,2.22,24.54
1988-03-31,0.0,28.29,37.09,20.45,57.49,2.09,24.42
1988-04-01,0.0,28.48,36.81,21.44,59.81,2.13,22.23
1988-04-02,0.0,29.38,37.78,21.72,59.45,1.76,23.5
1988-04-03,0.0,30.43,38.48,23.47,57.12,1.55,23.18
1988-04-04,0.0,29.83,38.03,22.77,56.15,2.62,24.45
1988-04-05,0.0,29.81,37.98,23.03,65.13,3.42,22.34
1988-04-06,0.0,29.93,37.55,24.15,65.09,3.49,24.36
1988-04-07,0.0,30.16,38.07,23.86,63.46,2.65,24.23
1988-04-08,0.0,30.68,39.24,23.46,63.32,2.54,23.49
1988-04-09,0.0,30.12,37.65,25.34,66.14,2.76,24.3
1988-04-10,0.0,30.46,38.83,24.11,63.59,2.71,25.08
1988-04-11,0.0,30.83,38.65,24.76,62.47,3.06,24.07
1988-04-12,0.02,30.18,37.53,24.38,65.71,3.42,23.73
1988-04-13,0.47,29.32,35.84,25.37,73.59,4.0,23.74
1988-04-14,0.39,29.44,35.76,25.55,72.65,4.48,17.44
1988-04-15,19.24,28.63,33.89,25.5,72.68,4.71,25.67
1988-04-16,34.34,26.74,30.16,24.45,82.62,3.31,15.22
1988-04-17,2.34,26.63,29.98,24.25,79.7,2.24,14.27
1988-04-18,0.35,26.53,30.29,23.57,74.83,1.3,14.25
1988-04-19,0.0,28.27,33.67,23.35,71.93,2.66,20.31
1988-04-20,0.29,28.33,33.74,23.54,71.47,2.8,21.84
1988-04-21,3.69,27.25,30.67,24.67,76.01,2.39,18.35
1988-04-22,4.38,26.62,29.62,24.49,80.18,1.86,14.04
1988-04-23,0.55,28.82,35.12,23.4,65.95,1.42,25.23
1988-04-24,0.01,30.08,36.69,24.08,59.85,1.39,26.76
1988-04-25,0.11,29.12,34.7,25.19,62.99,1.28,26.02
1988-04-26,3.96,27.94,31.25,24.94,69.77,1.07,22.62
1988-04-27,0.08,30.43,37.61,24.69,56.21,2.34,26.41
1988-04-28,0.0,30.5,38.25,24.21,64.47,2.28,25.27
1988-04-29,7.16,29.65,33.57,26.65,63.75,1.84,18.46
1988-04-30,9.62,27.75,31.69,24.27,65.92,1.35,8.6
1988-05-01,0.31,28.02,33.82,23.58,62.91,1.82,19.76
1988-05-02,0.78,29.28,35.58,23.58,64.68,1.77,26.4
1988-05-03,0.0,29.18,33.54,24.93,66.78,1.77,24.72
1988-05-04,0.55,29.15,33.7,25.4,67.24,1.83,23.46
1988-05-05,0.0,30.81,37.1,25.2,60.76,1.3,23.28
1988-05-06,0.01,31.42,38.32,25.24,58.19,1.76,22.41
1988-05-07,0.05,31.49,38.44,25.49,59.52,2.25,21.91
1988-05-08,2.54,30.67,36.69,26.35,69.23,3.71,22.69
1988-05-09,0.71,30.93,36.67,27.37,67.38,4.66,21.34
1988-05-10,14.07,30.03,35.02,27.2,72.97,6.03,20.34
1988-05-11,16.96,29.81,34.08,26.88,75.54,4.97,21.36
1988-05-12,8.01,29.74,34.0,26.96,76.3,4.83,11.84
1988-05-13,16.5,28.96,33.04,26.09,79.46,3.43,21.86
1988-05-14,1.87,29.47,35.35,24.78,73.17,2.29,22.21
1988-05-15,8.45,29.1,34.43,25.04,74.02,2.25,14.49
1988-05-16,2.79,29.62,35.1,25.13,70.06,2.07,15.34
1988-05-17,3.82,29.59,34.92,25.36,71.37,2.49,19.26
1988-05-18,11.42,28.68,32.79,25.59,76.54,2.83,14.64
1988-05-19,0.9,27.17,29.7,25.38,78.73,3.77,4.04
1988-05-20,11.86,28.04,29.85,26.58,89.07,4.09,16.79
1988-05-21,6.76,29.06,32.87,26.51,81.55,3.69,18.87
1988-05-22,22.6,29.11,32.7,26.47,81.9,4.3,2.9
1988-05-23,13.91,28.59,31.52,26.62,85.78,3.85,22.84
1988-05-24,15.72,28.19,31.15,26.16,85.77,3.68,17.36
1988-05-25,14.91,28.17,31.33,26.04,85.39,3.46,22.91
1988-05-26,11.04,28.42,31.71,26.23,85.11,3.98,21.73
1988-05-27,12.55,28.86,32.43,26.4,83.07,4.34,23.32
1988-05-28,0.86,28.99,32.59,26.57,79.84,4.55,23.2
1988-05-29,13.15,28.91,32.83,26.64,81.56,4.32,12.2
1988-05-30,23.34,28.52,32.0,26.03,85.02,3.0,16.36
1988-05-31,15.22,28.07,31.54,25.83,86.28,2.24,7.7
1988-06-01,14.59,27.78,30.57,25.64,89.18,1.44,21.09
1988-06-02,0.0,28.14,31.11,25.46,87.48,1.47,27.21
1988-06-03,0.92,28.42,31.92,25.96,79.45,1.16,19.59
1988-06-04,1.01,28.99,33.14,24.69,77.55,1.04,14.38
1988-06-05,0.04,28.38,30.89,26.21,86.33,1.42,23.8
1988-06-06,0.01,28.61,31.06,25.9,85.17,0.94,22.16
1988-06-07,0.02,28.16,30.1,26.24,85.72,1.96,18.23
1988-06-08,4.6,27.97,31.89,25.45,83.47,3.63,22.07
1988-06-09,1.73,28.29,32.07,25.71,80.03,4.28,19.68
1988-06-10,8.13,28.35,31.11,25.76,81.19,4.21,17.71
1988-06-11,6.03,27.98,30.93,26.07,84.66,4.27,6.97
1988-06-12,9.03,27.78,29.97,26.34,87.33,4.95,6.5
1988-06-13,16.39,28.01,30.58,26.21,87.68,4.28,8.68
1988-06-14,25.22,28.33,30.94,26.54,87.17,3.56,13.74
1988-06-15,2.0,28.77,31.86,26.53,83.42,4.22,13.06
1988-06-16,4.71,28.71,31.98,26.56,85.23,3.72,2.11
1988-06-17,7.0,28.84,32.05,26.55,84.55,4.06,23.38
1988-06-18,7.26,28.71,32.13,25.95,84.66,2.63,22.57
1988-06-19,0.75,28.41,31.22,25.64,85.6,2.08,25.12
1988-06-20,0.12,28.7,32.23,26.13,86.03,1.96,25.36
1988-06-21,3.75,28.41,30.7,27.14,89.4,3.14,22.12
1988-06-22,11.98,28.22,30.67,26.84,88.84,4.14,15.97
1988-06-23,13.92,28.11,30.11,26.7,87.24,5.3,19.54
1988-06-24,16.86,28.07,30.06,26.85,91.5,3.72,5.19
1988-06-25,38.48,28.3,30.47,26.66,92.13,2.74,6.56
1988-06-26,63.75,27.91,29.66,26.89,93.46,2.99,4.0
1988-06-27,69.06,27.41,28.69,26.44,92.86,4.19,5.2
1988-06-28,19.28,27.72,30.93,26.07,89.2,3.84,16.91
1988-06-29,1.69,28.78,32.24,26.05,86.66,1.95,20.93
1988-06-30,0.87,28.38,31.75,25.72,88.17,2.24,23.04
1988-07-01,0.21,27.65,29.87,26.16,89.36,2.86,26.57
1988-07-02,1.76,27.91,30.73,25.75,86.58,3.92,11.16
1988-07-03,8.34,28.07,31.0,25.75,86.69,4.52,11.78
1988-07-04,6.8,27.9,30.98,26.17,87.21,4.39,12.85
1988-07-05,19.74,28.12,31.33,26.19,87.33,4.39,7.31
1988-07-06,21.42,27.98,31.13,25.92,88.79,3.96,6.46
1988-07-07,19.58,28.16,31.34,26.31,89.01,3.77,3.27
1988-07-08,33.29,27.28,28.77,26.23,91.73,3.28,11.26
1988-07-09,18.19,27.49,30.05,25.7,90.44,2.76,7.19
1988-07-10,15.14,27.74,30.33,25.9,89.27,3.01,17.9
1988-07-11,7.27,28.11,31.1,25.88,88.81,2.4,10.8
1988-07-12,3.71,28.28,31.49,25.48,86.92,1.93,23.19
1988-07-13,6.58,28.02,30.56,26.16,90.93,1.77,22.69
1988-07-14,3.27,27.33,29.57,25.75,92.66,1.89,22.59
1988-07-15,13.22,28.91,33.1,25.52,85.76,1.17,25.17
1988-07-16,20.68,29.03,33.48,26.17,86.84,1.58,26.63
1988-07-17,2.02,27.88,29.77,26.47,90.04,2.74,24.29
1988-07-18,6.3,27.49,29.1,26.03,90.81,3.64,16.34
1988-07-19,2.75,27.9,30.18,26.36,90.19,3.59,20.65
1988-07-20,1.57,28.04,30.64,26.09,89.41,2.43,13.98
1988-07-21,0.1,28.12,30.85,26.15,89.93,2.77,23.11
1988-07-22,1.93,28.2,30.91,26.4,89.29,4.46,17.15
1988-07-23,6.74,27.58,29.3,26.48,92.4,3.82,13.11
1988-07-24,4.33,28.16,31.16,26.23,88.34,3.44,10.29
1988-07-25,7.61,27.71,30.18,26.45,90.16,3.78,16.24
1988-07-26,13.16,27.73,30.24,26.1,90.26,3.1,16.89
1988-07-27,4.17,27.55,29.77,26.02,91.61,2.68,11.7
1988-07-28,0.59,28.13,31.8,25.75,87.98,2.76,24.79
1988-07-29,0.13,28.11,31.5,25.97,88.62,2.61,24.98
1988-07-30,0.46,27.74,30.05,26.28,91.73,3.0,10.77
1988-07-31,0.77,28.47,32.26,26.44,89.51,2.91,24.51
1988-08-01,5.84,28.25,31.1,26.87,90.72,2.88,22.33
1988-08-02,1.08,27.97,31.13,26.08,88.88,4.06,21.91
1988-08-03,0.57,27.94,31.17,25.69,87.85,4.43,10.62
1988-08-04,1.66,28.29,31.24,26.03,88.93,3.21,16.8
1988-08-05,1.1,28.3,31.32,25.96,89.38,2.8,13.31
1988-08-06,1.48,28.41,30.93,26.36,90.76,2.4,9.59
1988-08-07,2.87,27.83,30.04,26.28,90.95,1.85,15.69
1988-08-08,3.38,28.75,32.43,26.08,88.42,1.76,16.31
1988-08-09,3.28,27.81,29.48,26.83,92.56,2.92,9.37
1988-08-10,7.44,27.55,29.89,25.76,90.3,4.14,12.67
1988-08-11,9.65,27.22,29.79,25.45,90.48,3.64,11.38
1988-08-12,7.6,27.31,29.47,25.91,92.07,2.52,8.78
1988-08-13,3.25,28.39,31.49,25.94,87.96,2.98,9.55
1988-08-14,7.57,28.53,31.71,26.21,89.95,2.87,7.66
1988-08-15,3.77,28.85,31.96,26.64,87.9,1.76,16.2
1988-08-16,18.72,28.64,32.02,26.55,88.75,1.75,13.41
1988-08-17,5.3,27.83,30.31,26.38,90.16,2.89,22.98
1988-08-18,12.65,27.34,30.05,25.54,90.46,2.94,17.36
1988-08-19,0.7,28.22,31.7,25.83,88.82,2.38,23.28
1988-08-20,1.11,28.2,31.66,25.79,87.42,2.73,19.02
1988-08-21,2.61,28.08,31.12,26.0,88.3,3.71,14.33
1988-08-22,6.46,27.45,29.03,26.41,91.34,4.04,12.68
1988-08-23,7.57,27.79,30.79,26.21,90.1,3.89,12.38
1988-08-24,7.79,27.78,30.49,26.05,88.82,3.81,6.8
1988-08-25,16.85,27.43,30.54,25.65,89.17,3.17,18.79
1988-08-26,3.88,26.83,28.94,25.38,90.8,2.39,12.38
1988-08-27,0.66,27.66,31.2,25.32,87.86,2.71,15.17
1988-08-28,0.15,27.7,30.72,25.45,87.35,3.66,20.15
1988-08-29,59.35,27.35,29.71,25.82,91.49,3.04,13.02
1988-08-30,41.38,27.85,31.24,25.55,89.74,2.26,22.33
1988-08-31,13.73,27.52,30.63,25.67,90.84,2.29,14.71
1988-09-01,17.78,27.96,31.2,25.63,90.52,2.43,17.75
1988-09-02,0.57,27.2,29.08,25.99,91.38,3.21,8.67
1988-09-03,1.72,27.44,30.39,25.53,89.75,3.48,8.77
1988-09-04,6.79,27.58,30.96,25.04,88.51,2.77,5.27
1988-09-05,9.43,27.77,30.68,25.56,90.67,2.88,5.9
1988-09-06,8.82,27.63,30.48,25.65,90.02,2.68,7.0
1988-09-07,4.76,27.47,29.32,26.27,93.62,2.74,11.4
1988-09-08,15.42,27.07,29.21,25.75,93.92,2.01,5.04
1988-09-09,15.31,27.47,30.53,25.5,90.48,2.13,20.09
1988-09-10,7.67,27.53,30.45,25.29,89.85,1.3,20.46
1988-09-11,9.1,27.57,30.63,25.16,89.0,1.56,20.19
1988-09-12,12.7,27.63,30.3,25.31,90.26,1.63,10.45
1988-09-13,11.4,27.91,30.56,25.82,88.14,1.13,19.24
1988-09-14,0.91,28.65,32.31,25.2,83.49,0.74,18.56
1988-09-15,0.29,27.79,30.88,25.25,86.82,1.07,19.73
1988-09-16,0.58,26.22,28.31,24.91,90.61,1.63,6.4
1988-09-17,8.18,27.65,31.31,24.03,86.33,1.08,23.33
1988-09-18,3.75,28.88,32.21,25.39,83.28,0.8,25.29
1988-09-19,0.4,29.09,32.12,26.65,86.67,1.14,24.45
1988-09-20,7.97,28.06,30.62,26.07,89.69,1.06,22.18
1988-09-21,7.88,27.82,30.27,25.91,90.1,1.23,22.73
1988-09-22,1.12,27.85,30.93,25.9,89.21,2.02,22.71
1988-09-23,3.31,28.13,31.71,26.09,88.39,1.56,22.92
1988-09-24,2.68,28.98,32.5,25.86,85.24,1.1,22.18
1988-09-25,0.24,28.39,31.58,25.41,86.78,1.36,20.97
1988-09-26,0.25,27.9,31.28,25.39,86.71,2.15,16.08
1988-09-27,0.48,27.88,31.42,25.31,88.81,1.85,15.14
1988-09-28,0.0,28.21,32.04,25.15,87.62,1.76,20.69
1988-09-29,0.0,28.46,30.76,26.15,82.96,0.49,18.67
1988-09-30,0.06,27.81,30.38,25.6,86.24,0.91,21.03
1988-10-01,0.06,27.41,31.49,24.75,85.77,1.34,22.36
1988-10-02,0.61,27.81,31.22,25.62,87.59,1.61,20.05
1988-10-03,3.68,27.49,29.56,25.53,88.92,1.08,8.48
1988-10-04,1.42,27.72,30.79,25.26,90.05,2.07,12.62
1988-10-05,7.25,27.63,30.36,25.9,90.76,2.47,12.65
1988-10-06,12.1,27.55,29.93,25.91,92.47,2.64,11.93
1988-10-07,1.2,26.73,28.81,25.57,78.08,1.48,15.06
1988-10-08,9.35,24.68,29.13,21.25,76.07,1.5,21.55
1988-10-09,0.0,24.3,28.62,19.24,73.18,1.58,21.92
1988-10-10,0.0,24.91,29.64,19.97,76.61,1.49,22.28
1988-10-11,0.0,26.37,30.95,21.02,78.77,1.27,20.64
1988-10-12,0.02,27.18,31.25,23.07,85.17,1.35,20.77
1988-10-13,5.4,26.2,28.13,24.42,92.31,1.13,15.72
1988-10-14,4.22,25.75,28.14,23.66,89.2,0.93,15.96
1988-10-15,4.15,26.5,30.89,23.59,83.09,1.24,21.01
1988-10-16,0.0,25.81,30.35,22.11,81.36,1.71,20.49
1988-10-17,0.0,25.71,28.68,23.05,85.85,1.04,19.69
1988-10-18,0.0,27.31,31.58,23.56,85.46,0.81,16.91
1988-10-19,9.64,25.52,26.81,24.71,92.26,4.88,2.98
1988-10-20,30.12,25.95,28.94,23.38,90.17,2.77,11.54
1988-10-21,1.66,25.31,29.33,21.77,83.54,1.17,18.84
1988-10-22,0.01,24.42,29.27,20.49,82.65,1.8,21.41
1988-10-23,0.0,24.54,29.84,19.44,79.6,1.85,20.97
1988-10-24,0.0,25.57,30.31,20.82,81.24,1.13,20.92
1988-10-25,0.0,25.71,30.18,21.62,79.95,1.04,20.67
1988-10-26,0.0,25.29,29.67,20.6,80.86,1.24,20.65
1988-10-27,0.0,25.2,29.98,21.48,81.91,1.65,21.26
1988-10-28,0.0,24.25,29.74,19.47,82.03,1.51,21.16
1988-10-29,0.0,24.37,30.25,19.45,84.0,1.69,20.99
1988-10-30,0.0,24.76,30.24,20.58,82.76,1.41,21.12
1988-10-31,0.0,23.72,29.54,19.13,78.29,1.74,20.92
1988-11-01,0.0,23.22,29.15,17.63,77.7,1.64,20.57
1988-11-02,0.0,23.54,28.76,19.13,73.92,1.37,19.53
1988-11-03,0.0,23.67,28.62,19.31,72.82,1.01,17.45
1988-11-04,0.0,23.78,28.76,19.03,74.9,1.38,20.2
1988-11-05,0.0,23.79,28.68,19.53,74.62,1.17,19.84
1988-11-06,0.01,23.67,28.83,18.29,75.18,1.33,14.85
1988-11-07,0.0,23.28,28.14,18.46,77.04,1.18,19.48
1988-11-08,0.0,23.7,28.98,19.01,77.57,0.98,19.94
1988-11-09,0.0,23.88,29.37,19.54,79.39,1.38,20.12
1988-11-10,0.0,23.17,28.87,18.41,82.49,1.55,20.14
1988-11-11,0.0,23.21,28.96,17.99,82.0,1.55,19.68
1988-11-12,0.0,23.57,28.56,18.97,79.54,1.24,18.49
1988-11-13,0.0,24.34,29.49,18.93,71.79,0.9,16.48
1988-11-14,0.0,23.25,28.68,18.26,77.2,1.34,19.8
1988-11-15,0.0,22.31,28.37,17.62,79.85,1.78,19.79
1988-11-16,0.0,22.18,28.41,17.23,78.57,1.43,19.36
1988-11-17,0.0,21.92,28.53,16.38,78.48,1.46,18.55
1988-11-18,0.02,21.03,26.24,16.31,84.3,2.1,11.03
1988-11-19,0.3,23.45,29.15,17.77,78.87,1.13,18.63
1988-11-20,0.2,22.8,26.01,19.8,82.11,1.63,15.02
1988-11-21,0.0,22.67,26.99,18.94,82.47,1.44,16.93
1988-11-22,0.0,23.37,27.94,19.26,78.65,1.05,18.75
1988-11-23,0.0,23.27,28.39,18.15,75.75,1.15,18.32
1988-11-24,0.0,23.55,28.02,18.69,67.45,0.83,18.77
1988-11-25,0.0,23.16,27.83,18.7,66.21,0.96,18.66
1988-11-26,0.0,22.11,26.85,16.84,63.34,0.84,16.98
1988-11-27,0.0,22.04,27.37,15.69,64.28,1.27,10.99
1988-11-28,5.14,20.75,22.59,18.78,88.4,1.61,5.77
1988-11-29,9.12,22.89,27.14,20.32,90.32,3.09,7.76
1988-11-30,38.93,23.17,25.2,20.15,88.92,5.23,8.08
1988-12-01,9.08,22.52,26.67,18.65,83.68,0.95,17.18
1988-12-02,0.09,22.08,27.44,17.43,85.29,1.1,16.79
1988-12-03,0.0,21.88,27.55,16.98,86.87,1.54,18.62
1988-12-04,0.0,21.71,27.07,17.01,84.14,1.26,18.28
1988-12-05,0.0,21.57,27.04,16.8,82.02,1.43,17.63
1988-12-06,0.0,21.6,26.91,16.47,73.22,1.08,17.09
1988-12-07,0.0,21.13,25.85,15.01,69.17,0.77,16.28
1988-12-08,0.0,19.78,25.77,15.91,75.81,1.33,13.58
1988-12-09,0.0,19.49,25.36,13.69,75.1,1.44,17.45
1988-12-10,0.0,20.53,26.0,14.37,72.16,1.09,17.31
1988-12-11,0.0,20.48,26.09,14.31,72.83,1.23,15.51
1988-12-12,0.0,20.43,26.26,14.43,71.47,1.07,16.83
1988-12-13,0.0,20.47,25.81,14.92,70.21,1.26,16.63
1988-12-14,0.0,19.23,25.05,14.06,70.49,1.25,17.14
1988-12-15,0.0,18.24,24.12,12.76,70.68,1.29,17.02
1988-12-16,0.0,18.55,23.43,13.55,74.53,0.98,16.47
1988-12-17,0.0,19.47,25.1,13.25,77.21,1.04,17.14
1988-12-18,0.0,19.87,24.88,14.46,71.63,0.92,17.2
1988-12-19,0.0,19.14,25.25,13.21,73.13,1.24,17.37
1988-12-20,0.0,18.91,25.23,12.79,73.91,1.24,17.45
1988-12-21,0.0,19.42,25.18,14.12,69.05,1.22,17.42
1988-12-22,0.0,18.43,25.06,12.33,71.74,1.5,17.48
1988-12-23,0.0,18.64,25.3,12.43,74.68,1.58,17.4
1988-12-24,0.0,18.82,25.32,13.18,71.81,1.47,17.41
1988-12-25,0.0,18.46,25.54,12.24,73.45,1.58,17.61
1988-12-26,0.0,19.57,26.28,12.52,66.36,0.99,17.63
1988-12-27,0.0,19.51,26.16,13.92,66.74,1.32,17.42
1988-12-28,0.0,18.48,25.68,13.15,71.83,1.61,16.94
1988-12-29,0.0,17.86,24.62,11.71,64.9,1.5,17.24
1988-12-30,0.0,18.73,25.25,12.2,68.33,0.97,17.13
1988-12-31,0.0,19.23,25.16,12.9,68.3,0.99,16.82
1989-01-01,0.0,19.52,25.36,12.99,62.75,0.82,17.4
1989-01-02,0.0,18.72,24.42,12.47,62.29,0.97,17.29
1989-01-03,0.0,19.35,25.14,12.6,65.57,1.08,16.66
1989-01-04,0.0,18.38,25.03,12.82,66.46,1.47,16.84
1989-01-05,0.12,17.71,24.87,11.85,67.82,1.54,17.13
1989-01-06,0.0,17.78,25.01,11.71,66.14,1.56,17.8
1989-01-07,0.0,17.55,25.15,11.26,66.72,1.66,17.45
1989-01-08,0.0,17.84,26.23,10.85,65.61,1.56,18.56
1989-01-09,0.0,19.11,26.13,11.81,59.74,1.21,17.68
1989-01-10,0.0,17.48,24.01,11.79,60.72,1.69,16.82
1989-01-11,0.0,15.04,22.68,8.4,51.42,1.62,18.24
1989-01-12,0.0,13.17,21.22,6.75,53.55,1.95,18.3
1989-01-13,0.0,13.4,22.08,6.26,52.47,1.95,18.64
1989-01-14,0.0,15.24,23.18,8.01,52.13,1.45,18.77
1989-01-15,0.0,15.7,23.99,8.59,50.32,1.7,18.59
1989-01-16,0.0,15.61,23.52,7.85,46.1,1.47,18.7
1989-01-17,0.0,15.4,23.71,8.28,45.4,1.4,14.95
1989-01-18,0.0,14.82,24.37,7.3,49.46,1.7,18.09
1989-01-19,0.0,14.51,22.74,7.78,47.21,1.69,17.43
1989-01-20,0.0,15.41,23.61,8.57,45.03,1.52,17.83
1989-01-21,0.0,14.79,24.07,7.68,50.3,1.87,17.78
1989-01-22,0.0,15.24,24.09,7.57,50.36,1.74,17.11
1989-01-23,0.0,16.45,24.32,9.6,46.47,1.33,17.94
1989-01-24,0.0,16.7,24.4,9.95,44.01,1.42,18.59
1989-01-25,0.0,16.49,25.21,9.31,43.89,1.67,18.06
1989-01-26,0.0,16.48,26.08,8.77,44.75,1.65,19.01
1989-01-27,0.0,17.4,26.11,8.74,40.18,1.62,19.5
1989-01-28,0.0,17.35,25.74,9.94,35.12,1.25,19.43
1989-01-29,0.0,16.91,26.3,8.04,37.25,1.69,19.15
1989-01-30,0.0,17.1,25.87,8.58,38.15,1.48,19.48
1989-01-31,0.0,17.97,26.38,8.39,38.37,1.22,19.14
1989-02-01,0.0,19.03,27.79,9.66,38.54,1.23,18.71
1989-02-02,0.0,19.5,28.65,12.09,62.23,1.44,19.15
1989-02-03,0.0,20.25,29.08,13.65,69.51,1.7,19.1
1989-02-04,0.0,20.26,28.9,13.53,68.1,1.84,18.21
1989-02-05,0.0,21.08,29.72,13.61,70.56,2.63,19.1
1989-02-06,0.0,22.38,30.08,16.11,76.86,2.87,17.23
1989-02-07,0.0,23.36,31.16,18.22,75.12,2.35,18.42
1989-02-08,1.21,22.4,30.26,16.74,68.49,1.5,18.77
1989-02-09,0.0,22.49,29.91,16.81,54.42,1.21,18.7
1989-02-10,0.0,22.08,31.19,13.1,37.66,1.59,19.76
1989-02-11,0.0,23.42,30.98,15.46,33.99,1.01,19.59
1989-02-12,0.12,22.8,30.23,16.78,53.69,1.28,18.78
1989-02-13,0.04,22.12,29.49,13.42,48.15,1.16,19.83
1989-02-14,0.0,22.06,29.9,14.59,51.81,1.85,18.78
1989-02-15,0.11,23.35,30.79,18.04,66.81,2.12,19.4
1989-02-16,0.06,22.28,30.13,15.71,56.23,1.69,20.08
1989-02-17,0.0,23.48,31.32,17.74,57.71,1.08,18.35
1989-02-18,0.0,23.16,31.33,15.89,63.56,1.31,19.45
1989-02-19,8.61,23.5,30.86,17.27,76.15,3.16,18.19
1989-02-20,0.0,19.27,26.19,14.08,55.83,2.49,22.61
1989-02-21,2.79,18.43,26.89,10.76,41.49,1.57,22.38
1989-02-22,0.0,19.87,30.08,10.46,38.56,1.35,21.58
1989-02-23,0.1,20.9,29.71,12.54,47.68,1.37,18.44
1989-02-24,0.01,20.33,29.08,12.33,46.5,1.75,22.91
1989-02-25,0.0,21.59,30.02,13.42,40.49,1.36,23.0
1989-02-26,0.0,22.07,30.53,15.05,37.64,1.44,22.96
1989-02-27,0.0,23.31,32.61,13.76,37.84,1.6,23.24
1989-02-28,0.0,23.62,33.0,15.89,53.7,1.38,22.91
1989-03-01,0.0,24.5,34.0,16.65,63.12,1.81,20.79
1989-03-02,0.0,24.5,34.54,16.59,62.84,1.58,17.84
1989-03-03,0.0,25.47,33.97,18.11,45.7,1.42,21.28
1989-03-04,0.0,24.87,32.64,18.56,21.72,1.52,22.78
1989-03-05,0.0,23.83,33.25,14.5,26.06,1.33,23.17
1989-03-06,0.0,24.25,32.38,16.1,47.15,1.24,23.29
1989-03-07,0.0,23.49,30.72,18.02,45.66,0.9,20.25
1989-03-08,0.0,24.53,34.38,16.33,54.68,1.53,23.03
1989-03-09,0.0,25.39,34.64,18.13,59.97,1.45,23.45
1989-03-10,0.0,26.25,35.11,19.14,59.88,1.3,23.04
1989-03-11,0.0,25.91,32.01,20.83,58.22,1.6,23.48
1989-03-12,0.0,25.56,32.97,18.89,46.62,1.53,20.02
1989-03-13,1.69,24.29,32.11,16.63,46.1,1.58,23.48
1989-03-14,0.11,24.8,33.48,16.55,41.86,1.7,23.99
1989-03-15,0.06,25.4,33.59,18.01,38.21,1.71,22.75
1989-03-16,0.04,26.8,34.92,16.94,31.91,1.64,24.64
1989-03-17,0.31,27.24,35.63,19.1,45.08,1.36,24.25
1989-03-18,0.01,27.76,35.75,21.05,51.28,1.28,24.72
1989-03-19,0.0,27.6,36.68,19.61,55.51,1.79,23.76
1989-03-20,0.0,27.91,36.71,21.05,61.22,1.97,22.5
1989-03-21,0.0,28.34,36.98,20.68,60.78,2.2,24.26
1989-03-22,0.0,28.15,35.99,21.37,70.21,3.53,22.09
1989-03-23,0.0,28.83,36.89,23.71,68.32,4.46,23.91
1989-03-24,0.0,28.37,34.87,24.0,70.47,3.71,22.68
1989-03-25,0.0,28.38,36.17,22.42,63.61,2.44,23.74
1989-03-26,0.0,29.02,38.08,21.44,56.81,1.79,21.74
1989-03-27,0.0,30.02,39.24,22.73,49.76,1.51,23.6
1989-03-28,0.0,29.08,37.56,20.71,33.18,2.77,22.92
1989-03-29,0.0,25.81,30.11,21.98,44.64,2.21,13.16
1989-03-30,0.07,23.79,27.58,20.75,52.78,0.81,14.91
1989-03-31,0.05,26.57,34.21,18.54,50.77,2.13,23.57
1989-04-01,0.0,27.45,33.81,21.69,61.75,2.98,23.37
1989-04-02,0.0,28.67,34.87,24.5,69.01,5.19,23.94
1989-04-03,5.04,28.4,34.63,24.37,69.9,3.76,23.4
1989-04-04,3.63,28.5,36.18,23.28,64.79,2.26,23.85
1989-04-05,0.0,28.55,37.49,21.27,56.1,1.71,22.06
1989-04-06,0.0,28.58,37.57,21.02,57.58,2.06,25.9
1989-04-07,0.0,28.02,37.58,19.65,54.13,2.01,25.29
1989-04-08,0.0,27.96,36.8,20.19,58.22,2.97,25.1
1989-04-09,0.0,27.55,35.42,20.93,67.76,3.43,25.8
1989-04-10,0.0,28.15,34.6,23.6,68.08,4.65,22.4
1989-04-11,0.0,27.95,33.91,24.22,67.57,5.11,22.52
1989-04-12,0.0,28.59,34.46,24.68,65.2,4.33,23.0
1989-04-13,0.0,28.91,36.47,23.32,61.37,2.79,25.55
1989-04-14,0.01,29.94,38.48,22.41,59.16,2.81,24.89
1989-04-15,0.0,29.89,38.72,22.55,63.61,3.08,26.48
1989-04-16,0.0,29.62,36.9,24.9,66.49,4.69,22.67
1989-04-17,0.0,28.96,35.34,25.1,67.16,4.78,25.26
1989-04-18,0.0,29.11,35.42,24.92,67.0,4.15,23.83
1989-04-19,0.08,28.44,33.57,24.68,70.39,2.95,23.96
1989-04-20,0.09,28.39,34.41,23.98,71.64,3.04,22.95
1989-04-21,0.0,29.24,37.56,23.44,67.57,2.89,23.86
1989-04-22,0.0,29.35,37.55,23.02,69.85,3.64,25.84
1989-04-23,0.0,28.24,34.12,24.42,74.86,3.63,25.84
1989-04-24,0.0,29.0,35.41,24.61,71.04,4.33,24.27
1989-04-25,0.02,29.41,35.83,25.42,68.08,4.39,24.68
1989-04-26,0.36,29.78,36.17,25.92,67.62,5.45,24.28
1989-04-27,0.4,29.75,34.75,26.47,68.61,5.55,22.01
1989-04-28,4.58,29.22,34.25,25.6,72.63,5.01,19.07
1989-04-29,48.31,27.75,31.03,25.15,82.39,4.23,6.6
1989-04-30,26.09,27.91,31.13,25.44,78.56,3.95,25.34
1989-05-01,9.02,28.35,33.56,24.46,74.2,2.42,25.3
1989-05-02,0.03,28.55,34.38,23.95,74.51,3.27,23.0
1989-05-03,0.09,29.04,34.4,25.48,73.68,4.32,21.87
1989-05-04,1.43,29.44,34.92,25.82,71.82,4.51,22.36
1989-05-05,1.87,29.76,36.23,25.66,72.0,3.84,24.97
1989-05-06,0.69,29.61,35.59,25.44,70.69,3.28,25.22
1989-05-07,0.0,30.06,36.7,25.21,70.13,2.94,25.41
1989-05-08,0.0,29.29,34.82,25.27,72.37,2.95,25.71
1989-05-09,0.0,30.14,37.79,24.68,69.79,3.24,25.19
1989-05-10,0.0,30.63,37.78,25.46,67.83,2.88,24.61
1989-05-11,0.0,30.48,38.35,24.27,64.03,2.13,24.26
1989-05-12,0.0,30.71,38.18,23.98,63.45,2.6,25.24
1989-05-13,0.0,30.06,36.14,25.52,66.36,3.26,21.82
1989-05-14,1.04,30.15,36.37,25.87,64.63,3.37,20.4
1989-05-15,2.73,29.97,34.83,26.25,67.23,3.84,17.53
1989-05-16,4.35,30.21,35.13,26.56,68.05,3.09,22.54
1989-05-17,13.3,29.2,33.44,25.51,75.22,2.46,17.56
1989-05-18,0.83,30.4,35.52,26.05,67.0,1.48,28.61
1989-05-19,1.68,30.81,35.59,26.34,64.92,1.32,28.14
1989-05-20,1.82,30.87,36.29,26.41,66.61,2.09,26.3
1989-05-21,1.66,30.83,36.26,26.24,66.57,2.35,26.9
1989-05-22,7.35,30.85,35.3,26.83,67.18,1.52,24.61
1989-05-23,4.34,31.9,37.56,27.03,62.38,1.53,27.27
1989-05-24,1.87,30.42,35.68,27.02,72.69,2.41,26.13
1989-05-25,6.69,29.83,34.12,27.18,71.6,3.05,25.3
1989-05-26,0.36,30.0,34.88,26.1,67.9,5.14,21.41
1989-05-27,1.6,29.81,32.91,27.52,71.62,6.35,19.73
1989-05-28,7.1,29.19,31.7,27.09,78.16,5.36,16.34
1989-05-29,10.24,29.64,34.32,26.26,72.74,3.09,24.04
1989-05-30,7.05,29.67,34.76,25.78,70.54,2.7,19.72
1989-05-31,0.66,30.42,36.56,24.77,66.51,2.13,23.43
1989-06-01,0.17,30.78,36.5,25.9,66.85,2.46,21.97
1989-06-02,0.28,30.7,36.18,25.88,67.8,2.79,24.33
1989-06-03,1.53,29.63,33.88,26.86,72.43,3.51,20.67
1989-06-04,9.09,29.09,32.88,26.61,76.49,2.47,15.36
1989-06-05,21.54,28.68,32.29,26.16,78.07,3.26,21.26
1989-06-06,18.48,28.87,33.2,25.88,78.4,3.15,23.76
1989-06-07,24.22,28.88,32.82,25.77,79.66,2.74,23.25
1989-06-08,13.9,28.99,33.58,25.05,79.06,2.23,25.16
1989-06-09,0.14,30.36,35.71,25.3,73.07,1.08,24.34
1989-06-10,0.0,31.02,34.91,26.42,69.34,1.29,21.05
1989-06-11,1.3,31.56,34.44,28.03,64.84,1.26,20.2
1989-06-12,3.47,30.42,35.43,27.14,74.01,3.53,26.01
1989-06-13,9.14,28.84,31.83,27.19,83.25,5.12,7.04
1989-06-14,23.35,28.53,31.31,27.09,84.17,6.69,11.02
1989-06-15,20.02,28.52,31.35,26.48,83.51,5.59,6.86
1989-06-16,12.19,27.11,28.8,25.46,87.55,2.55,13.27
1989-06-17,3.35,28.18,31.6,24.8,83.87,2.07,12.64
1989-06-18,1.13,28.11,32.14,25.19,79.28,1.97,20.35
1989-06-19,0.07,28.53,32.56,25.08,76.6,4.19,24.24
1989-06-20,0.52,28.67,32.08,25.73,75.69,4.81,17.32
1989-06-21,2.26,28.22,31.71,25.58,78.85,5.14,14.54
1989-06-22,0.75,29.12,33.51,25.85,76.21,3.73,21.02
1989-06-23,0.86,29.74,34.79,26.13,73.92,3.4,22.68
1989-06-24,1.17,29.33,33.34,26.53,76.89,3.54,18.72
1989-06-25,0.44,29.42,33.35,26.65,76.91,3.19,20.9
1989-06-26,1.0,30.06,34.62,26.63,75.56,3.27,25.11
1989-06-27,0.11,30.18,35.25,26.76,72.0,3.54,26.64
1989-06-28,0.75,29.81,33.76,26.63,73.85,4.12,18.26
1989-06-29,0.26,29.33,33.01,26.92,76.19,4.2,19.55
1989-06-30,1.53,29.65,33.96,26.71,73.0,4.77,18.02
1989-07-01,7.73,29.28,33.24,26.42,77.64,4.78,9.99
1989-07-02,14.86,28.83,32.43,26.33,82.39,5.27,7.2
1989-07-03,13.5,28.05,30.5,26.52,87.59,4.6,10.68
1989-07-04,10.85,28.69,32.1,26.1,83.86,3.84,8.58
1989-07-05,11.55,27.99,30.11,26.51,86.69,3.36,17.98
1989-07-06,2.24,27.92,30.83,26.01,85.94,2.78,15.13
1989-07-07,3.76,28.57,31.94,25.93,83.15,2.68,12.44
1989-07-08,4.21,28.59,32.54,25.77,79.11,3.16,19.05
1989-07-09,3.07,28.83,33.06,25.22,77.69,2.63,24.23
1989-07-10,0.51,29.54,34.52,25.07,76.29,2.89,22.94
1989-07-11,0.27,30.02,34.39,26.83,77.2,3.24,23.39
1989-07-12,14.8,29.15,32.6,26.57,82.69,2.62,13.22
1989-07-13,16.86,27.08,29.44,25.83,90.25,2.89,12.46
1989-07-14,13.77,27.04,29.29,25.49,89.12,2.67,17.46
1989-07-15,6.09,27.75,31.38,24.79,81.47,1.12,18.18
1989-07-16,2.18,28.38,32.62,24.92,82.48,2.11,16.05
1989-07-17,1.58,28.24,31.67,25.7,84.75,2.04,14.83
1989-07-18,3.47,29.19,33.01,25.88,82.22,2.14,15.26
1989-07-19,3.96,29.66,34.1,25.78,79.74,1.43,18.2
1989-07-20,8.25,29.04,33.14,25.92,82.74,1.81,22.74
1989-07-21,4.31,29.49,34.73,25.65,79.02,1.72,24.22
1989-07-22,6.6,29.13,33.44,26.05,79.06,2.85,26.81
1989-07-23,0.68,28.79,33.19,25.55,77.26,2.93,27.61
1989-07-24,0.37,28.88,32.68,25.82,78.81,2.87,17.25
1989-07-25,0.52,29.33,33.79,26.19,77.63,2.66,23.57
1989-07-26,0.07,29.54,34.33,26.24,77.22,3.42,18.12
1989-07-27,0.15,29.56,33.19,27.63,79.22,5.59,16.29
1989-07-28,2.48,29.04,32.23,27.18,79.61,6.96,7.55
1989-07-29,14.96,27.94,31.05,26.29,87.31,5.36,6.02
1989-07-30,32.5,27.22,28.77,25.26,90.25,5.17,11.94
1989-07-31,12.91,26.56,29.42,24.56,89.7,1.69,15.78
1989-08-01,1.59,26.62,28.56,25.03,89.98,2.37,15.8
1989-08-02,2.66,26.36,28.55,24.62,87.7,2.22,15.79
1989-08-03,10.85,27.71,31.89,24.82,83.9,3.8,21.74
1989-08-04,1.4,27.78,31.02,25.49,83.79,4.15,22.14
1989-08-05,0.8,27.42,30.53,25.39,83.96,3.18,20.56
1989-08-06,7.7,27.21,29.85,25.12,85.99,2.99,21.65
1989-08-07,8.09,27.57,31.01,25.3,83.83,2.88,23.26
1989-08-08,0.3,28.09,31.75,25.5,82.86,2.82,18.15
1989-08-09,1.45,27.43,29.6,25.55,88.02,1.87,16.76
1989-08-10,2.05,28.58,33.13,25.06,81.05,1.83,23.85
1989-08-11,29.91,28.32,32.17,26.2,86.22,2.71,21.8
1989-08-12,17.54,28.1,31.34,26.04,86.78,3.71,21.39
1989-08-13,1.98,28.17,31.71,25.98,86.24,3.2,22.05
1989-08-14,0.89,27.6,30.61,25.74,88.67,2.51,23.02
1989-08-15,0.78,27.97,31.2,25.81,86.17,2.79,13.46
1989-08-16,0.67,28.21,32.57,25.26,83.34,1.83,19.12
1989-08-17,0.58,28.18,32.29,25.47,82.16,2.69,24.07
1989-08-18,2.63,28.27,32.3,25.61,83.5,2.74,23.8
1989-08-19,0.57,28.53,32.43,25.15,81.45,2.67,17.21
1989-08-20,2.51,28.21,31.72,25.5,84.7,2.13,19.71
1989-08-21,0.89,27.87,30.66,25.96,86.83,1.89,14.58
1989-08-22,0.25,28.36,32.07,25.5,82.43,1.41,22.22
1989-08-23,0.98,29.09,33.79,25.54,79.64,2.6,22.68
1989-08-24,2.62,29.02,33.19,26.17,81.09,3.14,21.33
1989-08-25,4.78,28.93,33.82,26.09,79.97,2.26,24.25
1989-08-26,0.9,28.57,33.26,25.58,80.8,2.08,22.66
1989-08-27,3.41,29.22,33.58,26.02,79.49,2.22,15.97
1989-08-28,11.2,28.53,31.95,26.17,85.0,1.8,17.32
1989-08-29,0.38,28.16,30.69,25.75,84.66,1.45,18.63
1989-08-30,0.75,29.03,33.85,26.3,81.56,3.28,21.85
1989-08-31,1.82,28.46,31.59,26.13,81.33,3.25,15.82
1989-09-01,2.89,28.95,33.49,25.79,76.59,2.17,16.05
1989-09-02,3.05,29.02,34.28,24.71,75.8,1.71,22.82
1989-09-03,0.54,29.3,34.1,25.3,77.92,2.84,17.1
1989-09-04,0.32,29.08,32.61,26.79,79.74,3.99,8.38
1989-09-05,12.79,29.09,32.74,26.59,82.88,2.6,11.77
1989-09-06,9.32,29.02,32.99,25.78,81.36,1.33,18.17
1989-09-07,0.9,29.94,33.74,25.89,76.26,0.83,21.97
1989-09-08,3.08,30.34,34.79,26.67,77.73,1.16,14.9
1989-09-09,1.28,30.48,34.56,27.05,76.5,1.06,11.78
1989-09-10,6.06,29.48,32.88,27.04,79.03,1.54,15.74
1989-09-11,15.41,27.76,30.61,26.23,88.42,2.5,15.59
1989-09-12,7.45,27.68,30.24,25.86,88.09,3.5,11.73
1989-09-13,3.7,28.07,31.41,26.17,85.1,3.66,11.54
1989-09-14,4.75,28.44,32.95,25.73,83.7,2.68,19.59
1989-09-15,2.51,29.69,34.21,25.97,77.25,1.01,22.13
1989-09-16,0.8,29.36,33.55,25.82,78.58,1.1,11.7
1989-09-17,0.37,28.04,30.77,26.16,84.36,1.22,12.34
1989-09-18,0.15,28.46,32.7,25.5,79.63,1.93,10.83
1989-09-19,3.59,27.25,29.66,25.56,83.07,1.17,15.29
1989-09-20,2.34,29.02,33.35,25.28,74.33,0.78,20.62
1989-09-21,1.87,28.21,31.15,25.85,82.44,1.28,19.76
1989-09-22,3.04,28.31,31.67,25.54,82.88,1.28,14.25
1989-09-23,5.78,27.34,29.91,25.53,87.03,1.27,15.19
1989-09-24,4.12,26.8,28.54,24.87,87.66,1.12,17.24
1989-09-25,8.83,26.49,28.77,25.23,90.27,1.9,17.64
1989-09-26,8.73,26.64,29.1,24.78,90.82,3.16,15.32
1989-09-27,6.7,26.86,28.72,25.82,89.35,4.15,12.26
1989-09-28,4.65,26.97,29.48,25.57,89.84,3.4,15.98
1989-09-29,6.39,27.17,30.33,25.3,87.1,2.42,21.04
1989-09-30,4.18,27.69,31.52,25.12,86.17,2.1,19.02
1989-10-01,3.39,27.82,31.74,24.74,84.54,1.44,18.92
1989-10-02,3.35,27.32,30.23,25.11,87.16,1.19,19.29
1989-10-03,4.3,28.34,32.56,24.87,80.99,1.13,12.69
1989-10-04,11.08,28.47,31.55,25.06,80.36,0.91,15.57
1989-10-05,2.62,27.62,30.7,25.17,85.86,0.89,12.39
1989-10-06,1.98,26.74,28.6,24.98,89.15,1.56,14.19
1989-10-07,0.55,26.96,29.97,24.5,85.91,1.35,12.77
1989-10-08,1.08,26.87,29.29,25.0,91.4,2.75,8.52
1989-10-09,14.54,26.39,28.19,24.86,90.28,2.73,3.75
1989-10-10,13.57,26.08,28.33,24.45,91.31,2.43,3.9
1989-10-11,2.37,26.2,29.15,24.17,82.93,1.7,6.51
1989-10-12,1.84,27.09,31.28,22.53,75.09,0.94,20.99
1989-10-13,0.27,26.99,31.59,22.3,76.95,1.68,21.71
1989-10-14,0.0,27.82,32.42,23.73,78.51,1.31,21.7
1989-10-15,0.0,28.69,33.14,24.5,75.46,1.13,20.82
1989-10-16,0.0,26.22,28.0,24.84,90.58,1.43,20.21
1989-10-17,2.31,25.93,28.98,24.09,86.61,1.18,8.47
1989-10-18,16.09,25.38,27.6,23.76,93.23,3.97,6.72
1989-10-19,28.66,26.65,30.5,23.81,89.49,2.9,19.54
1989-10-20,13.22,26.7,30.18,23.07,80.77,0.67,20.23
1989-10-21,0.01,26.18,30.29,22.03,79.29,1.55,19.32
1989-10-22,0.0,25.3,28.1,23.43,85.24,0.62,12.49
1989-10-23,0.52,25.02,28.29,22.66,87.03,1.31,8.82
1989-10-24,0.43,24.1,26.47,22.64,90.43,1.93,7.05
1989-10-25,2.07,24.83,28.32,22.08,89.11,2.61,5.7
1989-10-26,4.14,25.52,29.14,22.99,87.97,1.73,15.82
1989-10-27,2.54,26.0,30.15,22.5,84.87,0.88,18.96
1989-10-28,3.09,24.56,29.45,21.11,81.43,1.9,19.21
1989-10-29,0.0,24.22,29.56,19.48,74.92,1.78,21.13
1989-10-30,0.0,25.01,29.63,20.93,76.08,1.44,20.33
1989-10-31,0.01,25.8,30.03,22.7,74.62,0.7,8.46
1989-11-01,0.08,25.32,29.49,20.4,73.27,1.02,19.04
1989-11-02,0.01,25.32,29.62,20.37,65.18,0.78,19.77
1989-11-03,0.0,25.08,29.92,19.7,64.27,0.8,20.71
1989-11-04,0.0,24.42,30.25,18.67,65.51,0.89,19.6
1989-11-05,0.0,24.73,30.95,20.46,63.11,0.94,19.87
1989-11-06,0.0,25.7,31.58,19.43,59.93,0.77,19.51
1989-11-07,0.0,23.17,30.16,17.85,57.95,1.91,19.87
1989-11-08,0.0,21.3,29.06,14.68,59.14,1.89,20.13
1989-11-09,0.0,21.76,28.94,15.0,64.08,1.62,20.18
1989-11-10,0.0,22.78,28.8,16.35,59.93,1.03,20.12
1989-11-11,0.0,23.3,28.87,17.73,56.55,0.6,19.13
1989-11-12,0.0,22.66,29.09,16.22,59.23,1.01,18.85
1989-11-13,0.0,22.81,29.22,18.33,60.33,1.31,17.75
1989-11-14,0.0,22.71,29.02,16.74,61.26,1.55,18.56
1989-11-15,0.0,22.99,29.53,16.28,56.88,1.19,19.38
1989-11-16,0.0,24.04,31.35,16.61,54.37,0.83,18.87
1989-11-17,0.0,24.78,31.37,18.52,59.05,0.97,18.69
1989-11-18,0.0,23.17,30.46,17.0,55.8,1.37,18.37
1989-11-19,0.0,22.65,29.35,15.12,48.99,1.26,19.18
1989-11-20,0.0,21.79,29.21,15.12,51.24,1.25,18.43
1989-11-21,0.0,21.34,29.46,14.84,56.49,1.54,18.83
1989-11-22,0.0,21.53,29.01,15.15,59.31,1.62,18.75
1989-11-23,0.0,21.95,29.12,15.06,59.36,1.26,18.75
1989-11-24,0.0,21.96,29.49,14.83,52.41,1.08,18.82
1989-11-25,0.0,22.64,30.15,15.91,45.63,1.05,18.63
1989-11-26,0.0,21.85,29.87,15.27,49.7,1.39,18.72
1989-11-27,0.0,21.73,30.17,15.22,54.54,1.77,18.84
1989-11-28,0.0,22.23,30.66,15.4,55.87,1.77,18.57
1989-11-29,0.0,22.04,30.31,16.01,54.44,1.91,18.67
1989-11-30,0.0,21.14,29.7,14.79,51.91,2.25,18.84
1989-12-01,0.0,20.91,29.89,13.59,52.96,2.01,17.87
1989-12-02,0.0,21.38,30.81,13.31,53.14,1.21,17.8
1989-12-03,0.0,20.26,29.7,12.48,50.95,1.25,18.32
1989-12-04,0.0,19.77,29.02,12.67,44.98,1.66,18.61
1989-12-05,0.0,18.66,27.95,11.85,45.45,1.83,18.39
1989-12-06,0.0,18.56,28.13,11.0,47.19,1.8,18.69
1989-12-07,0.0,18.61,27.87,11.17,48.57,1.62,18.45
1989-12-08,0.0,19.53,29.17,11.43,46.85,1.56,18.52
1989-12-09,0.0,20.05,28.25,12.47,38.0,1.33,17.72
1989-12-10,0.0,20.25,28.11,12.7,35.93,1.13,17.61
1989-12-11,0.0,19.04,27.66,11.18,43.65,1.33,17.01
1989-12-12,0.0,19.74,27.87,11.55,43.14,1.08,17.36
1989-12-13,0.0,19.37,27.79,11.68,44.28,1.25,17.27
1989-12-14,0.0,18.97,28.1,11.57,48.35,1.37,17.5
1989-12-15,0.0,19.87,28.55,11.68,49.04,1.22,17.3
1989-12-16,0.0,21.77,29.36,15.36,44.65,1.0,17.23
1989-12-17,0.0,20.93,29.43,13.27,50.72,1.15,17.34
1989-12-18,0.0,20.4,28.59,13.55,50.73,1.47,17.23
1989-12-19,0.0,19.81,27.64,13.39,48.19,1.21,17.1
1989-12-20,0.0,19.58,27.75,12.41,45.68,1.23,17.23
1989-12-21,0.0,19.66,27.31,12.31,45.44,1.34,17.33
1989-12-22,0.0,19.46,27.98,12.48,48.9,1.34,16.66
1989-12-23,0.0,20.07,28.77,12.89,52.13,1.41,16.37
1989-12-24,0.0,20.41,28.72,14.36,52.22,1.19,17.0
1989-12-25,0.0,20.89,29.02,14.39,53.77,1.36,16.83
1989-12-26,0.0,20.99,28.62,14.77,57.37,1.56,16.21
1989-12-27,2.38,19.42,25.39,15.92,64.05,1.95,16.49
1989-12-28,0.0,17.94,25.91,12.16,50.32,2.35,17.31
1989-12-29,0.0,16.57,25.19,9.37,49.44,2.03,17.11
1989-12-30,0.0,16.57,25.08,9.35,54.63,1.89,17.56
1989-12-31,0.0,16.63,24.97,9.81,49.61,1.67,17.29
1990-01-01,0.0,16.99,26.14,9.64,45.95,2.03,17.98
1990-01-02,0.0,16.66,25.79,9.23,46.31,1.85,17.83
1990-01-03,0.0,17.15,26.76,9.36,44.88,1.6,17.51
1990-01-04,0.0,17.35,26.82,9.98,44.5,1.79,17.71
1990-01-05,0.0,17.49,26.7,9.79,41.37,1.77,17.37
1990-01-06,0.0,17.72,27.41,10.37,38.45,1.78,17.91
1990-01-07,0.0,18.09,27.54,9.5,38.86,1.68,18.14
1990-01-08,0.0,18.33,27.35,11.6,38.33,1.62,18.47
1990-01-09,0.0,18.15,26.37,11.95,38.68,1.64,17.79
1990-01-10,0.0,17.6,26.24,11.0,37.17,1.63,17.96
1990-01-11,0.0,17.41,25.75,10.33,33.94,1.35,17.37
1990-01-12,0.0,17.65,26.98,9.23,38.49,1.29,17.2
1990-01-13,0.0,18.11,26.68,9.95,43.98,1.38,17.22
1990-01-14,0.0,19.26,27.03,10.88,43.45,1.07,17.62
1990-01-15,0.0,19.01,27.95,10.92,46.28,1.42,17.71
1990-01-16,0.0,19.52,28.54,12.04,44.51,1.51,17.14
1990-01-17,0.0,19.91,27.91,12.87,44.2,1.32,17.5
1990-01-18,0.0,20.46,29.0,12.05,47.7,1.21,17.37
1990-01-19,0.0,19.82,29.63,12.33,64.35,1.64,17.3
1990-01-20,0.04,19.62,29.33,12.03,66.29,1.57,17.27
1990-01-21,0.0,20.43,29.66,13.08,68.03,1.68,17.48
1990-01-22,0.0,21.34,29.41,15.0,71.08,1.55,17.26
1990-01-23,0.0,22.1,30.55,15.79,67.75,1.14,17.2
1990-01-24,0.0,23.07,30.48,16.88,59.98,0.96,15.73
1990-01-25,0.0,22.75,31.39,14.74,54.22,1.15,14.85
1990-01-26,0.0,22.93,30.87,15.27,49.89,1.11,17.69
1990-01-27,0.0,22.21,31.25,14.74,59.24,1.17,18.87
1990-01-28,0.0,22.47,30.98,16.54,66.13,1.38,18.98
1990-01-29,0.0,23.33,32.12,16.96,67.69,1.98,19.17
1990-01-30,0.0,22.94,30.92,17.03,74.11,2.41,18.75
1990-01-31,0.0,23.14,31.79,17.17,62.38,1.6,18.7
1990-02-01,0.0,23.12,32.51,16.41,60.71,1.78,18.99
1990-02-02,0.0,22.29,30.61,16.89,68.66,1.42,17.38
1990-02-03,0.0,23.75,31.64,16.75,58.89,1.06,18.41
1990-02-04,0.0,22.97,30.72,17.1,43.54,1.06,19.31
1990-02-05,0.0,22.16,30.43,15.05,65.62,1.8,16.08
1990-02-06,0.0,23.98,31.65,18.56,58.51,1.16,18.48
1990-02-07,0.0,23.29,29.37,16.18,35.8,0.96,18.99
1990-02-08,0.0,23.29,31.73,14.76,34.54,1.3,18.38
1990-02-09,0.0,23.55,32.17,16.08,47.08,1.28,16.96
1990-02-10,0.0,24.79,34.2,17.02,55.56,1.19,19.67
1990-02-11,0.0,23.37,30.25,17.73,39.24,1.59,11.31
1990-02-12,0.0,23.18,31.8,15.71,42.25,1.95,21.22
1990-02-13,0.0,23.73,32.4,16.07,41.64,1.42,21.16
1990-02-14,0.02,24.28,32.6,18.51,42.17,1.8,16.1
1990-02-15,1.19,23.48,30.07,17.86,53.63,2.19,20.18
1990-02-16,0.95,23.45,29.36,18.43,57.0,1.19,20.01
1990-02-17,7.09,24.24,30.52,17.87,55.27,0.79,15.8
1990-02-18,0.23,23.72,31.78,16.11,48.6,1.92,11.14
1990-02-19,0.09,22.74,27.88,18.61,62.51,0.95,18.16
1990-02-20,0.35,24.01,30.06,18.36,56.58,1.18,15.92
1990-02-21,1.13,23.23,29.06,18.78,69.5,1.97,14.61
1990-02-22,3.49,22.38,28.25,17.76,65.41,1.26,20.75
1990-02-23,2.0,23.09,30.37,16.1,48.79,1.32,21.53
1990-02-24,0.08,23.36,31.06,15.07,41.53,1.18,21.62
1990-02-25,0.17,23.66,31.97,15.68,45.72,1.42,21.2
1990-02-26,1.27,23.89,29.68,18.56,66.94,1.49,21.44
1990-02-27,0.78,25.29,32.36,20.69,62.57,1.56,21.57
1990-02-28,0.5,25.7,33.65,19.56,58.41,1.13,22.58
1990-03-01,0.1,26.12,33.47,19.29,63.85,1.88,17.43
1990-03-02,1.0,26.69,32.69,22.61,64.92,1.8,12.6
1990-03-03,5.7,22.73,27.4,19.69,76.23,1.7,5.8
1990-03-04,2.13,23.16,30.28,18.71,60.21,1.83,9.4
1990-03-05,0.0,23.46,31.95,15.05,34.22,1.58,23.91
1990-03-06,0.76,23.62,31.31,16.03,33.99,1.18,6.35
1990-03-07,0.12,24.65,31.9,19.19,41.78,1.76,22.31
1990-03-08,0.01,24.62,32.55,17.66,35.28,1.84,22.22
1990-03-09,0.0,24.91,33.39,15.71,29.99,1.21,22.75
1990-03-10,0.0,25.78,33.83,18.2,48.56,1.1,22.65
1990-03-11,0.0,26.87,34.61,20.15,55.62,1.46,20.95
1990-03-12,0.24,24.94,29.21,21.34,61.24,1.45,8.5
1990-03-13,0.22,25.06,32.52,19.16,52.0,1.2,18.16
1990-03-14,0.8,25.21,31.7,18.43,52.08,0.95,22.24
1990-03-15,0.0,25.66,33.49,18.99,42.76,0.96,23.77
1990-03-16,0.0,26.25,34.74,19.2,49.53,1.0,25.14
1990-03-17,0.0,27.05,37.04,17.95,35.06,1.57,25.24
1990-03-18,0.0,27.51,36.68,19.91,45.45,1.34,25.3
1990-03-19,0.0,27.26,35.98,19.43,52.83,1.72,25.42
1990-03-20,0.0,28.5,37.04,20.89,59.07,2.81,24.31
1990-03-21,0.08,28.06,35.18,21.89,65.78,3.77,22.35
1990-03-22,0.25,27.78,33.93,23.83,70.79,4.32,20.48
1990-03-23,7.68,27.86,34.02,24.2,72.83,4.48,20.65
1990-03-24,7.82,26.93,31.98,23.98,77.22,3.64,4.04
1990-03-25,13.56,24.67,27.63,21.97,82.51,2.1,4.58
1990-03-26,16.64,24.08,29.2,18.84,67.55,1.22,25.15
1990-03-27,0.17,25.34,31.86,18.34,57.99,1.41,20.56
1990-03-28,2.13,25.02,31.02,20.55,62.21,1.86,9.29
1990-03-29,0.24,25.98,31.97,21.26,61.19,1.83,23.95
1990-03-30,0.87,26.77,33.91,20.82,68.64,1.54,23.0
1990-03-31,2.43,27.51,34.94,21.2,67.54,2.05,22.4
1990-04-01,1.27,27.75,34.15,22.13,67.15,2.35,16.08
1990-04-02,18.98,26.73,32.24,22.9,76.5,2.52,21.36
1990-04-03,8.17,25.27,30.22,22.44,77.07,1.55,12.21
1990-04-04,0.65,23.95,27.75,20.93,77.76,2.06,8.53
1990-04-05,0.44,25.26,31.98,19.38,57.64,1.97,25.69
1990-04-06,1.78,25.86,34.06,17.14,47.95,1.53,24.7
1990-04-07,0.0,26.44,33.49,20.22,62.13,1.56,10.57
1990-04-08,0.17,26.83,33.13,21.25,73.5,3.07,23.84
1990-04-09,0.27,27.86,33.43,23.36,72.99,4.57,14.36
1990-04-10,0.34,28.52,34.59,24.4,72.73,4.58,21.57
1990-04-11,0.01,28.34,34.87,23.1,70.2,3.52,23.77
1990-04-12,0.0,28.84,36.01,23.19,68.16,3.27,23.88
1990-04-13,1.28,29.0,35.96,24.7,71.09,3.98,23.43
1990-04-14,4.66,28.34,33.6,24.51,74.95,4.42,20.42
1990-04-15,0.04,28.78,34.13,25.23,71.25,4.21,23.21
1990-04-16,0.24,28.85,35.1,24.22,67.77,3.4,23.99
1990-04-17,0.57,28.91,35.52,24.12,68.36,3.21,17.59
1990-04-18,0.27,28.64,34.47,24.92,70.28,4.85,24.09
1990-04-19,0.72,28.78,34.78,24.88,69.97,4.82,22.99
1990-04-20,8.56,28.45,34.1,25.31,74.88,5.13,20.82
1990-04-21,15.95,28.04,32.4,25.32,81.03,4.56,23.31
1990-04-22,2.53,28.95,34.42,25.25,75.8,4.3,21.84
1990-04-23,0.96,29.33,34.61,25.6,71.77,4.07,23.52
1990-04-24,0.85,29.3,34.91,25.57,72.81,4.43,23.69
1990-04-25,1.68,29.61,36.57,24.8,69.89,3.26,24.52
1990-04-26,3.47,29.54,36.71,24.15,68.33,2.79,26.56
1990-04-27,4.71,29.09,36.14,24.06,69.38,3.17,26.46
1990-04-28,1.32,28.75,34.86,24.79,70.91,4.29,20.53
1990-04-29,0.12,29.11,35.06,24.07,65.38,2.88,27.07
1990-04-30,15.64,27.86,32.59,24.18,71.8,1.17,27.08
1990-05-01,0.0,29.07,35.15,23.29,63.83,1.08,20.25
1990-05-02,0.02,30.38,36.54,24.63,60.92,1.3,25.95
1990-05-03,0.0,30.64,37.27,25.02,61.5,2.64,25.28
1990-05-04,0.03,31.51,36.63,25.74,57.92,1.1,25.25
1990-05-05,0.0,31.17,37.54,24.75,51.41,1.07,26.87
1990-05-06,1.71,31.25,36.9,26.0,59.71,1.52,19.71
1990-05-07,0.0,30.27,35.11,26.36,61.09,1.46,18.96
1990-05-08,0.0,29.04,32.37,26.27,64.86,1.33,17.65
1990-05-09,0.0,28.84,32.25,25.68,67.31,1.96,17.14
1990-05-10,0.14,29.02,33.09,25.19,66.3,1.71,24.23
1990-05-11,0.4,30.11,35.05,25.18,63.86,1.75,26.89
1990-05-12,0.89,31.84,37.87,25.68,57.53,1.81,26.51
1990-05-13,0.18,31.1,35.55,26.68,57.53,2.14,23.08
1990-05-14,1.33,28.47,31.19,25.7,70.83,4.16,6.98
1990-05-15,53.37,27.33,30.26,24.41,89.37,5.29,9.86
1990-05-16,13.24,29.19,33.81,25.61,81.11,2.14,27.3
1990-05-17,5.07,30.67,35.72,25.41,70.24,1.28,27.7
1990-05-18,0.0,30.93,35.97,26.44,69.69,1.69,26.72
1990-05-19,0.05,30.19,34.53,27.07,72.32,2.87,26.48
1990-05-20,0.12,29.74,33.7,26.23,67.35,2.8,19.95
1990-05-21,3.81,30.04,36.27,24.71,63.1,2.37,24.1
1990-05-22,6.87,30.47,35.09,25.93,69.19,1.06,25.24
1990-05-23,0.2,30.85,35.5,26.34,65.69,0.81,26.57
1990-05-24,0.06,30.77,35.78,26.34,68.28,2.59,24.63
1990-05-25,0.0,29.48,33.0,26.33,69.13,3.2,17.08
1990-05-26,0.06,29.96,35.43,25.61,68.66,2.96,20.34
1990-05-27,1.65,30.27,35.66,26.64,70.45,3.48,13.33
1990-05-28,7.04,29.96,34.96,26.6,74.99,3.52,15.42
1990-05-29,2.74,30.12,35.04,26.11,72.99,2.36,6.89
1990-05-30,2.01,30.56,35.9,26.03,70.68,2.08,20.09
1990-05-31,2.2,30.24,34.42,26.75,72.69,3.33,12.25
1990-06-01,4.41,30.4,35.55,26.22,72.26,2.64,12.17
1990-06-02,4.46,30.66,36.38,25.74,72.33,2.69,23.13
1990-06-03,15.82,30.26,34.46,26.76,77.21,2.7,24.15
1990-06-04,1.4,29.0,32.1,27.13,81.22,3.0,21.72
1990-06-05,3.38,29.63,32.96,27.3,75.5,4.27,9.35
1990-06-06,16.82,28.28,30.61,26.93,86.06,4.13,18.6
1990-06-07,17.0,28.32,30.42,26.76,87.35,3.44,21.32
1990-06-08,0.54,28.62,31.84,26.67,83.84,3.48,24.36
1990-06-09,7.96,28.43,31.98,26.07,84.54,2.36,21.44
1990-06-10,14.85,27.81,30.71,25.64,87.37,2.25,19.19
1990-06-11,9.88,28.78,32.67,25.16,81.25,1.82,25.68
1990-06-12,0.14,29.86,34.38,25.82,73.17,1.99,25.04
1990-06-13,14.87,28.93,32.89,26.38,79.69,2.93,21.95
1990-06-14,7.19,27.94,30.98,26.07,85.86,4.24,17.18
1990-06-15,3.8,29.33,33.79,26.34,82.86,3.06,20.86
1990-06-16,0.27,29.37,33.27,27.1,81.14,3.33,23.53
1990-06-17,0.3,29.43,33.24,27.04,80.19,2.84,18.12
1990-06-18,0.49,29.29,33.36,26.34,77.68,3.65,22.81
1990-06-19,0.78,29.95,33.88,27.29,77.67,4.19,19.7
1990-06-20,0.99,29.29,32.64,27.15,80.8,4.39,11.95
1990-06-21,0.61,29.18,31.94,26.53,78.85,4.3,20.69
1990-06-22,0.64,28.96,31.69,26.97,83.02,4.22,9.12
1990-06-23,1.7,29.24,31.89,27.41,84.15,3.38,17.51
1990-06-24,5.28,28.63,30.93,27.17,89.72,2.42,13.71
1990-06-25,7.34,28.19,31.01,26.3,86.01,2.53,19.32
1990-06-26,0.79,28.09,31.26,25.7,84.52,3.96,16.46
1990-06-27,0.46,29.48,33.88,26.09,78.46,4.57,17.53
1990-06-28,1.0,29.09,31.81,27.04,80.99,3.0,15.82
1990-06-29,3.66,29.71,33.32,26.82,80.43,3.42,14.93
1990-06-30,1.72,29.86,33.28,27.33,82.33,3.06,9.08
1990-07-01,2.66,28.66,31.14,27.09,86.57,2.39,21.73
1990-07-02,2.1,28.43,30.64,26.51,86.26,3.95,14.35
1990-07-03,9.32,27.84,30.64,26.1,87.16,2.55,8.59
1990-07-04,24.88,28.19,31.91,25.98,85.94,2.89,5.44
1990-07-05,31.68,27.86,30.92,25.8,86.08,3.14,15.73
1990-07-06,15.39,28.22,31.24,26.16,86.08,3.25,14.04
1990-07-07,5.49,28.14,30.88,26.29,88.42,3.42,20.3
1990-07-08,3.02,27.92,30.73,26.11,87.91,2.74,7.85
1990-07-09,22.9,27.44,29.34,26.15,91.5,3.01,9.06
1990-07-10,12.65,28.58,32.34,25.46,86.26,1.67,20.27
1990-07-11,16.34,28.2,31.4,26.33,87.29,2.86,20.05
1990-07-12,7.65,28.1,31.01,26.26,87.01,4.14,12.95
1990-07-13,3.97,28.03,31.26,26.16,87.53,4.04,17.0
1990-07-14,2.62,28.11,30.88,26.07,86.09,4.3,16.03
1990-07-15,1.22,28.15,31.28,26.05,83.15,3.83,24.72
1990-07-16,1.26,27.82,31.31,25.21,85.15,3.52,23.11
1990-07-17,3.83,28.2,31.83,25.49,84.75,3.61,23.77
1990-07-18,3.78,28.01,30.4,26.6,88.49,3.43,22.29
1990-07-19,12.53,27.7,30.57,26.3,88.82,4.02,13.28
1990-07-20,3.3,28.26,31.77,26.24,87.4,4.11,18.09
1990-07-21,7.92,28.29,31.37,26.14,88.78,2.67,16.9
1990-07-22,4.34,28.24,31.7,25.88,87.99,2.63,25.43
1990-07-23,6.15,28.51,32.33,25.23,83.85,3.1,20.31
1990-07-24,8.89,28.55,32.16,26.12,86.3,3.31,17.7
1990-07-25,0.56,28.17,31.37,26.22,86.16,2.65,18.33
1990-07-26,5.33,27.97,30.9,25.8,87.0,3.31,7.29
1990-07-27,5.9,27.49,29.33,26.16,89.26,3.32,10.07
1990-07-28,8.19,27.73,30.15,26.15,89.34,3.21,8.68
1990-07-29,20.3,28.21,31.64,25.61,85.85,1.87,13.32
1990-07-30,9.99,27.5,30.49,25.31,88.41,2.28,17.99
1990-07-31,2.43,28.22,31.85,25.53,88.16,2.05,14.52
1990-08-01,29.49,27.66,29.91,26.29,92.34,2.16,12.61
1990-08-02,28.92,27.44,29.83,25.42,91.05,2.5,12.44
1990-08-03,2.76,27.13,29.19,25.08,88.48,1.39,12.86
1990-08-04,4.86,27.33,29.68,25.14,83.55,0.79,13.36
1990-08-05,1.25,28.01,31.75,24.97,85.47,1.35,13.21
1990-08-06,1.56,27.85,31.41,25.13,86.93,1.37,21.38
1990-08-07,10.31,27.55,30.3,25.86,89.35,2.05,17.43
1990-08-08,20.96,27.83,31.11,25.37,86.76,1.89,23.11
1990-08-09,0.89,28.33,31.79,25.78,87.16,1.96,22.58
1990-08-10,3.68,28.44,32.27,25.5,84.5,1.57,20.62
1990-08-11,0.84,27.91,30.9,25.36,87.86,2.0,18.6
1990-08-12,0.82,28.2,32.0,25.21,86.36,2.27,16.66
1990-08-13,0.19,28.16,32.57,25.65,83.99,2.11,14.82
1990-08-14,0.94,28.0,31.0,25.74,87.82,3.24,18.58
1990-08-15,2.41,28.17,31.62,25.62,86.99,3.36,20.48
1990-08-16,1.18,27.73,31.14,26.06,88.81,3.38,19.76
1990-08-17,0.54,28.03,31.38,25.67,86.88,3.04,20.99
1990-08-18,2.94,27.93,31.08,25.47,86.6,2.29,23.17
1990-08-19,0.14,28.7,32.76,25.32,84.78,1.8,23.0
1990-08-20,3.96,28.61,32.71,25.92,84.92,3.0,23.37
1990-08-21,4.69,28.11,31.25,25.54,86.02,3.96,17.55
1990-08-22,0.48,28.37,31.77,26.14,85.91,3.25,21.27
1990-08-23,0.28,28.14,31.42,26.13,87.35,2.59,16.63
1990-08-24,0.79,28.54,31.94,25.91,85.99,2.59,13.62
1990-08-25,2.16,28.66,32.07,26.27,87.59,2.67,10.41
1990-08-26,7.14,28.66,32.06,26.04,85.92,1.69,19.77
1990-08-27,10.75,28.25,32.01,25.52,86.36,2.35,19.78
1990-08-28,6.26,28.54,32.5,25.83,84.92,2.52,21.59
1990-08-29,11.87,28.38,32.0,26.21,86.48,2.0,23.37
1990-08-30,7.16,28.62,32.28,25.63,84.64,1.38,19.27
1990-08-31,0.11,28.97,32.86,25.02,84.05,1.43,21.54
1990-09-01,5.78,27.57,29.63,26.22,90.26,2.38,16.45
1990-09-02,10.38,28.01,32.15,25.4,88.06,2.44,14.25
1990-09-03,27.1,27.36,30.29,25.39,87.67,4.39,12.3
1990-09-04,5.11,27.34,31.48,23.91,87.64,3.87,16.9
1990-09-05,0.17,27.77,30.57,25.64,85.72,3.22,14.27
1990-09-06,1.25,27.49,30.72,25.62,85.89,2.47,19.94
1990-09-07,2.1,27.02,29.01,25.47,90.33,2.33,15.69
1990-09-08,0.58,27.83,31.03,25.43,86.88,1.78,15.67
1990-09-09,0.79,28.18,31.56,25.72,86.82,2.45,15.82
1990-09-10,9.44,28.38,31.51,26.08,89.15,2.32,19.21
1990-09-11,13.79,27.88,31.18,25.92,87.93,2.66,20.49
1990-09-12,2.46,27.76,31.36,25.5,85.73,2.61,21.78
1990-09-13,2.61,27.84,31.34,25.33,86.37,2.98,21.11
1990-09-14,0.35,28.09,31.47,25.88,86.6,2.41,19.28
1990-09-15,0.44,27.51,30.22,25.84,88.05,1.62,19.69
1990-09-16,2.88,27.75,30.7,25.39,88.63,2.1,15.03
1990-09-17,11.09,27.24,29.17,25.6,92.58,1.37,9.08
1990-09-18,17.34,27.0,29.58,25.13,89.9,1.14,7.21
1990-09-19,12.82,27.19,30.54,24.09,84.06,1.3,15.74
1990-09-20,1.26,27.56,31.95,23.82,85.09,1.31,20.7
1990-09-21,0.17,27.37,29.83,24.88,87.9,1.15,21.74
1990-09-22,0.51,27.61,30.74,25.69,87.27,1.38,20.2
1990-09-23,0.24,27.87,31.2,25.53,86.13,1.34,11.69
1990-09-24,0.08,27.17,29.16,25.61,89.81,1.24,13.21
1990-09-25,2.76,27.21,29.69,25.51,89.49,1.34,17.8
1990-09-26,5.48,27.61,31.18,24.77,83.66,1.51,12.67
1990-09-27,6.54,27.07,29.93,24.62,88.98,1.69,14.47
1990-09-28,1.84,26.52,28.19,25.3,90.9,2.03,14.5
1990-09-29,3.3,26.61,28.74,24.89,90.01,1.13,17.17
1990-09-30,3.32,26.38,29.18,23.92,89.04,1.13,19.7
1990-10-01,2.14,26.48,28.99,24.66,90.74,1.68,11.76
1990-10-02,5.02,26.8,29.47,25.25,88.77,2.78,14.41
1990-10-03,2.54,26.41,28.33,25.07,90.79,2.69,14.8
1990-10-04,0.96,26.76,29.06,25.19,89.5,2.38,7.16
1990-10-05,1.51,27.55,30.64,24.66,84.44,1.11,20.8
1990-10-06,1.42,28.46,31.81,25.28,82.28,0.85,22.19
1990-10-07,2.64,26.74,28.34,25.21,92.11,2.86,12.66
1990-10-08,15.86,25.94,28.19,23.79,88.6,5.52,4.71
1990-10-09,55.37,25.93,27.21,24.61,92.82,6.41,3.07
1990-10-10,14.08,26.6,28.99,24.99,91.65,2.82,17.49
1990-10-11,3.29,26.77,29.81,24.25,84.47,0.96,19.58
1990-10-12,0.02,27.18,31.1,23.42,79.23,0.9,20.83
1990-10-13,0.01,26.82,30.81,23.43,82.94,1.14,21.03
1990-10-14,0.0,26.84,30.94,22.3,79.93,1.09,21.43
1990-10-15,0.0,27.1,31.12,23.8,79.76,0.95,21.46
1990-10-16,0.26,26.29,29.93,22.8,81.88,1.03,19.43
1990-10-17,0.18,25.17,29.41,21.63,82.29,1.69,21.58
1990-10-18,0.0,24.39,29.68,19.79,77.63,1.59,21.65
1990-10-19,0.0,24.5,30.13,19.57,75.9,1.51,21.53
1990-10-20,0.0,24.27,29.69,18.91,70.38,1.24,21.49
1990-10-21,0.0,23.89,29.19,18.48,70.67,1.28,20.97
1990-10-22,0.0,24.38,29.33,19.52,78.25,1.32,21.12
1990-10-23,0.0,24.34,29.34,20.57,77.6,1.35,19.42
1990-10-24,0.0,23.52,28.88,18.98,79.32,1.97,17.24
1990-10-25,0.0,23.47,29.1,18.65,71.15,1.61,14.72
1990-10-26,0.0,23.19,28.2,17.56,72.09,1.05,17.17
1990-10-27,0.0,24.08,28.61,19.96,75.91,1.04,17.66
1990-10-28,0.0,23.17,27.68,19.3,77.7,1.41,18.17
1990-10-29,0.0,23.37,28.99,18.22,76.56,1.66,17.43
1990-10-30,0.0,23.78,28.93,17.73,69.51,1.46,20.09
1990-10-31,0.0,24.18,28.8,18.71,63.2,0.93,20.13
1990-11-01,0.0,24.25,29.16,18.11,66.02,0.84,20.36
1990-11-02,0.0,25.22,31.34,19.04,70.58,1.05,20.79
1990-11-03,0.38,25.77,30.22,21.64,79.52,1.37,8.36
1990-11-04,1.88,24.5,27.03,22.64,89.53,1.84,6.1
1990-11-05,5.6,25.53,29.11,22.96,91.54,2.57,11.17
1990-11-06,3.83,25.61,29.69,22.99,87.47,1.88,9.38
1990-11-07,0.34,25.53,28.31,23.89,87.98,2.31,11.41
1990-11-08,0.26,26.43,30.17,22.96,83.27,0.95,10.81
1990-11-09,0.07,26.18,30.27,22.64,81.75,1.51,15.84
1990-11-10,0.0,22.4,23.98,20.21,81.89,2.34,15.78
1990-11-11,0.0,22.32,25.5,19.72,78.77,1.0,13.69
1990-11-12,0.0,24.53,29.73,20.79,78.02,1.15,15.81
1990-11-13,0.31,25.75,31.89,20.75,71.76,1.09,18.57
1990-11-14,0.03,25.41,32.26,20.25,73.51,1.61,19.8
1990-11-15,0.0,24.27,31.62,19.13,68.8,2.05,19.68
1990-11-16,0.0,23.82,30.21,18.04,61.9,1.48,19.19
1990-11-17,0.0,23.63,29.99,18.71,59.08,1.04,18.6
1990-11-18,0.0,23.16,29.33,18.61,58.4,0.83,18.81
1990-11-19,0.0,22.85,30.29,16.75,67.74,1.25,18.91
1990-11-20,0.0,23.39,31.6,17.05,64.81,1.55,19.17
1990-11-21,0.0,23.71,31.91,16.68,60.29,1.33,18.7
1990-11-22,0.0,24.7,31.41,18.11,57.62,1.21,18.17
1990-11-23,0.0,25.04,32.05,18.76,58.8,1.42,18.33
1990-11-24,0.0,23.83,30.87,18.09,63.4,1.51,18.6
1990-11-25,0.0,23.1,30.13,17.73,61.69,1.86,18.65
1990-11-26,0.0,22.49,29.82,16.64,57.84,1.85,18.33
1990-11-27,0.0,21.48,28.84,15.25,59.69,1.69,17.27
1990-11-28,0.0,21.55,28.63,15.83,57.75,1.66,17.76
1990-11-29,0.0,21.34,28.19,15.57,54.74,1.27,17.55
1990-11-30,0.0,21.4,28.47,14.79,47.69,1.0,17.14
1990-12-01,0.0,21.61,27.97,15.58,44.75,1.12,16.8
1990-12-02,0.0,22.65,28.4,16.92,61.94,0.82,16.66
1990-12-03,0.0,22.54,29.31,17.07,60.13,0.94,17.35
1990-12-04,0.0,20.87,28.8,14.82,57.57,1.45,17.62
1990-12-05,0.0,20.86,27.53,15.17,61.86,1.27,17.48
1990-12-06,0.0,21.92,28.77,17.36,61.57,0.99,16.48
1990-12-07,0.0,21.77,29.39,15.68,60.15,1.49,17.69
1990-12-08,0.0,20.89,27.64,15.66,58.88,1.53,18.55
1990-12-09,0.0,20.6,28.27,15.09,57.85,1.39,17.3
1990-12-10,0.0,20.57,28.08,14.82,56.45,1.13,17.23
1990-12-11,0.0,20.15,28.3,13.64,55.91,1.77,17.78
1990-12-12,0.0,19.89,28.41,13.53,55.54,1.96,17.43
1990-12-13,0.0,19.49,27.78,12.92,54.58,1.67,17.38
1990-12-14,0.0,18.98,27.59,11.72,54.7,1.56,17.25
1990-12-15,0.0,19.41,27.55,13.13,53.79,1.27,15.55
1990-12-16,0.0,20.95,30.03,12.23,47.43,1.33,12.84
1990-12-17,0.0,22.71,29.84,17.3,53.43,1.1,5.8
1990-12-18,0.25,21.26,25.75,18.41,67.86,2.57,5.5
1990-12-19,1.32,20.56,27.57,15.82,71.06,2.47,11.03
1990-12-20,0.07,20.21,28.14,14.01,55.8,1.95,17.38
1990-12-21,0.05,19.05,26.7,13.14,51.85,1.69,16.32
1990-12-22,0.0,18.91,27.02,11.93,54.2,1.61,17.28
1990-12-23,0.0,19.48,27.7,12.41,54.61,1.56,17.3
1990-12-24,0.0,19.69,27.41,13.39,52.75,1.33,17.22
1990-12-25,0.0,19.07,27.1,12.17,54.31,1.44,16.62
1990-12-26,0.0,18.96,26.61,11.81,52.06,1.24,17.24
1990-12-27,0.0,19.46,27.53,11.66,51.8,1.27,17.26
1990-12-28,0.0,20.25,27.26,12.67,48.33,0.88,16.96
1990-12-29,0.0,19.92,27.72,12.04,50.47,1.2,17.02
1990-12-30,0.0,19.3,27.37,12.15,51.15,1.52,17.44
1990-12-31,0.0,18.92,27.36,11.63,49.76,1.46,17.56
1991-01-01,0.0,19.59,28.36,11.63,48.05,1.1,12.41
1991-01-02,0.0,20.75,27.28,17.08,66.11,1.63,6.07
1991-01-03,1.59,18.22,21.8,15.03,80.94,1.45,7.28
1991-01-04,0.12,17.17,24.41,11.76,70.42,1.93,15.35
1991-01-05,0.0,17.32,25.36,10.85,57.49,1.73,17.34
1991-01-06,0.0,17.12,25.48,10.09,54.49,1.89,18.14
1991-01-07,0.0,17.77,26.84,10.38,46.26,1.74,17.76
1991-01-08,0.0,18.18,26.96,10.57,43.88,1.64,18.18
1991-01-09,0.0,19.36,27.43,11.75,42.4,1.44,17.61
1991-01-10,0.04,20.23,27.03,13.28,47.14,1.26,8.17
1991-01-11,0.0,20.43,28.69,13.09,48.7,1.6,17.08
1991-01-12,0.0,20.61,28.57,13.68,49.11,1.35,17.51
1991-01-13,0.0,19.34,26.13,14.53,60.93,1.87,15.77
1991-01-14,0.0,19.48,27.77,13.21,61.77,1.99,15.71
1991-01-15,0.0,19.11,27.36,12.53,49.15,2.23,15.21
1991-01-16,0.0,18.52,27.27,11.43,42.97,2.03,17.58
1991-01-17,0.0,17.74,26.48,10.93,35.91,1.72,18.14
1991-01-18,0.0,18.57,27.15,11.2,38.75,1.55,18.53
1991-01-19,0.0,19.02,26.94,12.04,40.4,1.59,17.58
1991-01-20,0.0,18.6,26.46,11.81,38.92,1.37,17.28
1991-01-21,0.0,16.9,26.02,9.19,37.62,1.79,18.62
1991-01-22,0.0,17.59,27.27,9.35,37.16,1.6,18.52
1991-01-23,0.0,17.97,27.88,9.85,37.05,1.61,18.64
1991-01-24,0.0,18.37,28.08,10.57,38.72,1.53,16.74
1991-01-25,0.0,17.78,26.87,10.66,40.36,1.75,18.65
1991-01-26,0.0,18.74,27.67,10.41,42.24,1.41,18.77
1991-01-27,0.0,19.88,29.33,12.15,40.27,1.2,19.54
1991-01-28,0.0,19.9,29.74,11.94,59.07,1.47,19.72
1991-01-29,0.0,20.22,29.42,12.72,68.17,1.64,19.48
1991-01-30,0.0,21.53,30.14,14.7,62.65,1.38,19.0
1991-01-31,0.0,21.99,30.38,15.61,62.96,1.16,19.47
1991-02-01,0.0,22.86,31.53,15.8,65.08,1.88,17.48
1991-02-02,0.03,23.59,30.69,17.47,72.52,2.87,11.87
1991-02-03,0.14,22.97,29.77,18.27,74.74,1.9,12.41
1991-02-04,2.35,22.74,29.67,17.49,68.83,1.35,6.34
1991-02-05,0.02,21.84,29.69,15.72,55.54,1.3,20.44
1991-02-06,0.0,20.83,29.43,13.61,39.0,1.93,20.48
1991-02-07,0.0,21.32,30.11,12.87,36.26,1.66,20.17
1991-02-08,0.0,23.45,32.13,14.38,32.27,1.15,19.89
1991-02-09,0.0,23.88,32.09,15.45,31.09,1.33,19.04
1991-02-10,0.0,23.26,31.87,14.71,34.94,1.25,19.62
1991-02-11,0.0,23.23,31.83,16.43,56.93,1.3,19.68
1991-02-12,0.0,24.64,34.01,16.76,67.04,2.25,20.0
1991-02-13,0.0,25.55,33.96,18.97,63.73,1.43,19.6
1991-02-14,0.0,25.33,33.17,19.23,47.7,1.5,22.0
1991-02-15,0.0,23.56,31.93,17.9,30.72,1.62,21.45
1991-02-16,0.0,22.27,31.33,14.03,26.96,2.0,21.45
1991-02-17,0.0,22.5,31.73,13.46,23.88,1.59,21.8
1991-02-18,0.0,23.25,32.71,14.39,28.58,1.67,21.44
1991-02-19,0.0,23.91,33.12,17.33,31.39,2.03,21.78
1991-02-20,0.0,24.05,34.16,15.75,33.75,1.8,21.18
1991-02-21,0.0,24.31,34.15,15.74,30.72,1.52,22.33
1991-02-22,0.0,24.94,34.72,15.94,31.24,1.27,22.39
1991-02-23,0.0,25.58,34.84,18.38,62.7,1.57,21.53
1991-02-24,0.0,26.29,35.54,18.98,66.25,1.8,21.52
1991-02-25,0.0,27.29,36.29,20.3,59.27,1.5,21.03
1991-02-26,0.0,27.81,36.34,20.89,61.33,2.1,22.21
1991-02-27,0.0,27.09,35.36,20.91,55.02,1.55,21.49
1991-02-28,0.0,27.52,35.69,19.61,37.39,1.18,23.03
1991-03-01,0.85,26.36,31.74,21.39,47.13,1.38,18.79
1991-03-02,0.05,27.19,34.28,20.94,48.69,1.42,20.8
1991-03-03,0.24,27.34,35.49,21.46,47.83,1.48,19.4
1991-03-04,0.12,26.5,35.62,18.8,30.43,1.42,20.46
1991-03-05,0.0,27.75,35.93,20.65,39.36,1.49,20.16
1991-03-06,0.0,27.49,34.08,21.69,60.56,2.5,22.09
1991-03-07,0.0,27.36,35.59,20.81,50.04,1.55,22.04
1991-03-08,0.0,26.65,35.46,18.56,44.06,1.33,22.2
1991-03-09,0.0,27.78,36.22,19.48,24.86,0.99,22.77
1991-03-10,0.0,28.48,37.07,20.81,55.33,2.21,22.15
1991-03-11,0.0,29.51,37.97,22.38,57.85,1.93,21.45
1991-03-12,0.0,29.87,37.59,23.74,55.93,1.84,21.96
1991-03-13,0.0,29.76,37.39,23.49,54.78,1.58,23.98
1991-03-14,1.36,30.66,38.57,23.59,51.39,0.91,24.52
1991-03-15,2.34,30.25,37.86,22.6,49.48,1.37,24.15
1991-03-16,0.0,30.44,38.67,23.08,47.73,1.34,24.13
1991-03-17,0.0,31.18,39.66,23.84,41.15,1.26,24.27
1991-03-18,0.0,31.52,40.39,23.92,33.74,1.12,24.37
1991-03-19,0.0,30.4,39.55,22.39,50.03,2.26,24.52
1991-03-20,0.0,30.56,39.6,23.01,58.81,2.94,23.45
1991-03-21,0.0,30.59,38.98,23.7,60.21,2.55,23.0
1991-03-22,0.0,29.49,36.73,24.04,61.65,1.77,22.39
1991-03-23,0.0,29.84,39.09,22.16,43.49,1.93,24.39
1991-03-24,0.01,30.53,39.09,23.93,31.09,1.88,23.82
1991-03-25,0.16,30.33,37.63,22.89,47.26,1.42,21.8
1991-03-26,0.09,30.28,37.95,24.69,45.53,1.27,24.61
1991-03-27,0.0,30.63,38.52,23.9,50.49,1.41,23.67
1991-03-28,0.31,31.25,38.74,24.0,48.91,1.35,23.74
1991-03-29,0.69,31.23,38.81,24.7,53.45,2.57,23.86
1991-03-30,0.0,30.65,38.29,24.8,58.32,2.69,19.47
1991-03-31,0.0,29.55,36.71,24.51,66.86,3.6,23.57
1991-04-01,1.32,29.22,35.42,25.31,67.25,4.79,14.64
1991-04-02,2.06,28.86,35.11,24.71,71.62,5.51,20.0
1991-04-03,0.09,29.01,34.44,25.28,70.01,5.17,19.0
1991-04-04,0.33,29.08,34.76,25.49,68.74,4.73,24.27
1991-04-05,0.55,28.62,34.06,24.91,71.3,3.76,19.76
1991-04-06,12.01,27.18,33.55,24.88,76.71,2.49,13.63
1991-04-07,9.59,26.55,31.23,23.24,72.33,1.52,17.91
1991-04-08,0.5,28.54,36.26,22.48,59.36,1.6,23.0
1991-04-09,0.0,28.56,35.32,22.76,60.9,1.29,24.47
1991-04-10,0.03,28.21,32.94,24.31,61.4,1.32,25.07
1991-04-11,0.0,30.13,36.98,23.35,49.34,1.18,26.54
1991-04-12,0.59,30.43,37.39,22.37,47.88,1.13,26.94
1991-04-13,0.0,30.98,38.71,23.43,46.77,1.32,26.59
1991-04-14,0.0,31.64,39.78,23.69,44.58,1.81,26.61
1991-04-15,0.0,32.17,39.96,25.76,50.62,2.22,26.66
1991-04-16,0.17,31.69,39.48,25.91,61.27,3.42,24.86
1991-04-17,0.16,31.97,40.1,25.44,59.36,2.32,25.5
1991-04-18,0.0,31.94,40.27,24.98,55.15,1.72,26.51
1991-04-19,0.0,31.64,40.67,24.32,54.03,1.65,25.99
1991-04-20,0.0,31.45,40.18,23.93,54.15,2.33,26.14
1991-04-21,0.0,31.26,39.01,24.9,57.31,2.75,26.12
1991-04-22,0.0,30.9,38.36,24.64,63.01,3.38,24.61
1991-04-23,0.07,30.76,37.48,25.75,63.48,3.44,24.88
1991-04-24,0.0,30.52,37.02,25.69,63.18,3.34,25.02
1991-04-25,0.0,30.79,38.3,24.56,61.4,2.78,19.88
1991-04-26,0.0,30.88,38.37,24.82,59.45,2.94,25.33
1991-04-27,0.0,30.84,37.42,26.39,61.13,2.96,19.23
1991-04-28,0.0,30.79,36.77,26.51,55.11,1.4,8.2
1991-04-29,0.78,29.35,34.99,25.85,55.85,4.57,6.15
1991-04-30,7.89,31.27,38.97,25.68,55.22,5.16,15.98
1991-05-01,18.08,29.86,34.15,26.64,77.87,5.27,21.96
1991-05-02,11.11,29.92,35.15,26.95,75.02,5.39,22.18
1991-05-03,21.21,28.0,30.89,26.28,84.21,5.06,9.29
1991-05-04,32.92,28.57,34.14,25.52,78.53,4.86,18.27
1991-05-05,42.26,27.04,29.98,25.03,84.87,4.31,15.98
1991-05-06,0.46,27.53,30.59,25.19,82.59,5.48,18.45
1991-05-07,0.22,28.95,33.18,26.29,78.43,6.45,15.75
1991-05-08,0.28,28.9,32.88,26.49,78.27,6.25,19.91
1991-05-09,5.2,28.73,32.94,26.35,79.84,6.04,16.79
1991-05-10,10.57,28.08,31.05,26.06,83.15,5.33,17.09
1991-05-11,0.36,27.86,30.74,26.13,82.49,4.89,19.89
1991-05-12,0.29,28.14,31.54,25.54,79.76,3.39,24.42
1991-05-13,0.07,28.5,33.47,24.78,76.21,2.76,25.07
1991-05-14,3.93,28.98,34.88,24.46,75.24,2.53,22.95
1991-05-15,5.86,28.75,33.76,24.77,76.83,2.02,21.87
1991-05-16,0.04,29.52,34.96,24.41,71.91,1.93,22.62
1991-05-17,0.15,29.15,34.35,24.97,74.0,3.56,26.35
1991-05-18,0.12,29.5,34.39,26.44,71.97,4.34,22.52
1991-05-19,0.96,29.05,33.83,25.3,71.14,3.09,21.8
1991-05-20,1.91,29.47,35.78,24.12,69.61,1.85,26.79
1991-05-21,0.1,29.98,35.81,24.97,66.56,2.64,13.65
1991-05-22,0.43,29.81,35.3,25.26,70.38,2.91,19.73
1991-05-23,0.01,29.78,34.36,26.57,71.84,4.1,24.84
1991-05-24,1.21,30.19,34.8,27.17,72.4,4.8,14.38
1991-05-25,1.59,30.08,34.7,26.51,71.74,3.64,24.37
1991-05-26,0.01,30.65,34.82,27.21,67.78,3.03,16.46
1991-05-27,0.06,30.0,33.82,27.01,70.49,2.35,11.31
1991-05-28,0.34,30.68,36.05,26.68,67.96,2.61,25.27
1991-05-29,0.8,29.94,33.69,27.22,70.89,2.89,26.43
1991-05-30,1.06,30.31,35.02,26.91,71.31,2.47,26.36
1991-05-31,0.19,28.73,31.96,26.21,73.23,2.21,22.81
1991-06-01,1.53,27.72,32.0,24.23,76.33,2.72,8.24
1991-06-02,19.78,27.59,31.41,24.08,86.43,3.44,7.5
1991-06-03,3.45,29.79,35.49,25.47,75.21,2.4,22.3
1991-06-04,9.18,28.17,30.42,26.35,84.65,1.78,26.22
1991-06-05,6.06,28.48,31.46,25.92,79.79,1.22,16.66
1991-06-06,5.05,27.69,30.04,25.61,82.93,1.26,13.61
1991-06-07,16.3,27.8,30.2,25.74,82.51,1.11,10.83
1991-06-08,11.75,28.52,32.45,25.97,87.2,2.18,13.5
1991-06-09,22.39,28.28,31.17,26.62,89.95,2.26,9.58
1991-06-10,17.42,27.59,29.84,26.12,92.94,1.86,20.31
1991-06-11,13.78,27.76,30.13,26.17,90.04,3.53,5.84
1991-06-12,5.91,28.0,30.3,26.19,87.45,4.97,16.95
1991-06-13,1.04,28.56,31.62,26.4,83.18,5.3,21.13
1991-06-14,4.55,28.36,31.78,26.44,85.06,4.66,12.69
1991-06-15,3.99,28.93,32.11,26.01,82.62,4.65,12.83
1991-06-16,15.61,29.05,31.8,27.46,89.0,4.26,5.93
1991-06-17,7.12,28.84,31.88,26.92,88.35,3.25,8.14
1991-06-18,6.94,28.57,31.56,26.17,86.91,2.65,7.46
1991-06-19,6.39,27.42,29.39,25.57,89.99,2.76,17.06
1991-06-20,2.2,28.44,32.52,25.3,83.33,3.24,22.05
1991-06-21,0.09,28.91,32.68,25.57,83.6,3.12,24.93
1991-06-22,0.0,29.31,33.02,26.43,79.76,3.12,13.51
1991-06-23,0.44,29.69,32.91,27.1,81.53,3.25,15.87
1991-06-24,8.38,28.39,31.05,26.42,86.5,2.91,21.57
1991-06-25,5.27,28.64,31.84,26.29,85.72,3.04,13.27
1991-06-26,0.01,28.62,31.99,25.84,84.14,3.05,23.65
1991-06-27,0.0,29.28,33.42,26.06,79.97,2.64,21.69
1991-06-28,0.49,29.16,33.43,26.64,80.43,3.23,20.82
1991-06-29,1.37,29.04,33.28,26.14,79.6,3.79,19.1
1991-06-30,3.94,28.96,32.64,26.19,80.82,4.42,21.19
1991-07-01,8.18,28.73,32.56,26.34,83.29,3.52,18.6
1991-07-02,4.89,28.88,32.28,26.64,83.98,3.76,13.23
1991-07-03,5.49,28.78,32.2,26.26,84.34,5.73,9.03
1991-07-04,14.71,27.41,28.58,26.24,91.78,4.54,15.19
1991-07-05,4.33,28.29,31.08,25.98,85.47,4.29,15.23
1991-07-06,1.64,28.52,31.46,26.01,84.66,4.09,19.06
1991-07-07,0.18,29.05,32.24,27.14,83.41,4.04,21.76
1991-07-08,0.09,29.07,32.91,26.99,82.69,3.93,20.86
1991-07-09,0.21,28.96,32.26,26.93,82.87,3.84,18.67
1991-07-10,0.63,28.67,31.28,27.02,83.32,3.65,19.15
1991-07-11,0.79,28.17,30.92,26.21,85.23,2.69,22.24
1991-07-12,2.12,29.04,33.19,25.84,80.01,2.94,21.23
1991-07-13,2.25,29.13,33.28,26.08,81.8,2.92,22.49
1991-07-14,0.1,29.81,34.1,26.23,78.87,2.53,23.86
1991-07-15,3.51,29.96,35.33,26.9,78.28,2.39,16.76
1991-07-16,3.17,28.29,31.35,26.05,86.01,3.46,16.73
1991-07-17,5.77,28.41,31.21,26.84,84.87,5.02,7.86
1991-07-18,10.87,27.6,29.28,26.47,91.83,3.86,4.38
1991-07-19,17.33,27.65,30.13,26.26,89.3,3.85,15.28
1991-07-20,21.21,27.33,28.98,25.76,91.92,2.56,19.45
1991-07-21,2.8,28.19,30.74,26.1,86.18,5.14,7.24
1991-07-22,7.3,28.09,30.43,26.62,86.59,4.98,4.93
1991-07-23,10.48,28.22,31.41,26.16,86.88,3.3,16.67
1991-07-24,8.58,27.8,30.38,26.19,89.99,2.21,17.12
1991-07-25,0.01,28.27,31.7,26.01,85.91,1.94,23.24
1991-07-26,5.17,29.11,33.73,26.03,84.19,1.68,23.9
1991-07-27,1.18,29.78,34.39,26.26,81.9,2.47,19.38
1991-07-28,4.53,29.32,32.62,26.73,82.85,3.91,22.55
1991-07-29,7.47,28.57,31.68,26.06,84.43,4.48,12.16
1991-07-30,6.7,28.25,30.86,26.36,85.1,3.35,13.55
1991-07-31,9.09,28.25,31.51,26.01,86.17,3.23,9.57
1991-08-01,2.85,28.84,32.31,26.52,85.89,3.32,12.12
1991-08-02,2.1,28.11,30.77,26.41,89.09,3.39,11.88
1991-08-03,12.21,27.93,31.54,25.79,85.91,3.69,9.01
1991-08-04,9.99,27.1,29.23,25.91,89.49,3.49,13.56
1991-08-05,9.2,27.89,30.91,25.8,87.44,2.83,12.68
1991-08-06,1.23,28.0,31.53,26.04,87.46,3.23,17.59
1991-08-07,1.04,27.91,30.93,25.98,88.02,2.45,20.63
1991-08-08,0.22,28.42,32.12,25.78,84.05,2.05,21.43
1991-08-09,0.43,28.57,32.11,25.84,86.17,2.98,19.02
1991-08-10,0.67,28.46,31.07,26.46,86.06,3.57,19.51
1991-08-11,1.62,28.31,30.91,26.96,88.37,4.02,17.3
1991-08-12,1.88,28.74,32.21,26.11,83.89,4.31,18.85
1991-08-13,0.62,29.11,32.54,26.54,82.25,3.71,19.41
1991-08-14,2.82,27.97,30.55,26.43,88.8,2.23,18.46
1991-08-15,3.3,27.81,30.58,26.34,87.94,2.85,9.1
1991-08-16,1.06,28.1,31.42,26.07,84.83,3.33,14.07
1991-08-17,2.05,27.67,29.89,25.72,87.2,2.26,18.66
1991-08-18,0.8,28.67,32.87,25.82,82.56,2.82,19.47
1991-08-19,0.98,28.82,31.69,26.07,80.41,1.34,18.71
1991-08-20,0.96,31.28,36.2,26.48,74.31,1.24,25.49
1991-08-21,4.49,29.91,35.84,27.02,78.35,3.25,16.7
1991-08-22,6.54,28.12,31.03,26.36,88.47,2.97,15.03
1991-08-23,2.07,28.39,31.28,26.42,86.12,2.44,8.95
1991-08-24,2.8,28.3,31.49,25.86,85.24,2.59,14.99
1991-08-25,6.68,28.27,31.27,26.38,88.9,1.93,16.87
1991-08-26,9.49,27.86,30.07,26.05,90.29,1.84,16.71
1991-08-27,6.73,28.46,32.4,26.05,86.23,2.48,22.35
1991-08-28,13.38,28.37,31.79,26.1,86.81,2.38,18.81
1991-08-29,11.2,27.9,30.8,26.09,89.18,1.64,21.58
1991-08-30,6.9,27.22,30.22,25.54,86.89,1.47,22.45
1991-08-31,23.2,27.14,30.32,25.25,88.21,2.0,5.61
1991-09-01,20.45,27.65,30.25,25.62,88.37,2.85,11.62
1991-09-02,1.86,27.84,30.94,25.65,85.51,3.29,11.99
1991-09-03,7.78,27.65,30.72,25.46,87.92,2.64,7.59
1991-09-04,15.74,27.71,30.56,25.91,91.8,2.47,9.79
1991-09-05,16.45,27.58,29.91,25.9,90.93,1.83,9.18
1991-09-06,16.08,27.37,29.87,25.83,90.36,2.75,14.21
1991-09-07,16.71,26.81,28.74,25.65,91.48,2.73,2.93
1991-09-08,5.43,27.63,30.83,25.7,88.54,2.85,6.27
1991-09-09,13.99,27.68,30.79,25.69,87.4,2.72,15.42
1991-09-10,29.29,27.63,30.71,25.32,88.77,2.39,7.65
1991-09-11,2.4,27.02,30.25,24.49,87.71,1.9,15.83
1991-09-12,5.09,27.38,30.31,25.42,88.47,1.38,20.19
1991-09-13,14.29,27.63,31.48,25.66,90.36,1.7,12.55
1991-09-14,10.61,27.07,29.67,25.29,90.1,1.63,14.28
1991-09-15,8.79,27.37,30.21,25.31,87.68,1.26,14.31
1991-09-16,2.18,27.42,30.5,24.74,86.15,0.99,22.74
1991-09-17,0.49,27.86,31.7,24.52,84.69,1.27,22.24
1991-09-18,0.01,27.48,30.79,25.14,87.15,1.21,21.44
1991-09-19,0.45,27.77,31.2,25.2,86.71,1.45,21.81
1991-09-20,3.43,28.28,31.92,25.24,85.69,1.04,18.56
1991-09-21,4.2,27.23,29.14,25.89,91.66,1.68,19.85
1991-09-22,0.45,26.81,29.06,25.37,90.97,2.3,16.61
1991-09-23,8.75,26.78,29.44,24.87,92.12,2.83,4.66
1991-09-24,9.07,27.06,29.39,25.33,91.51,1.99,6.04
1991-09-25,14.16,27.09,29.13,25.64,90.39,2.78,3.15
1991-09-26,19.99,26.98,28.8,25.71,91.94,2.65,4.97
1991-09-27,10.66,27.02,29.2,25.52,92.45,1.67,10.9
1991-09-28,8.9,27.76,30.82,25.21,86.61,1.27,19.34
1991-09-29,0.0,28.57,31.88,25.38,78.79,0.62,20.71
1991-09-30,0.0,28.41,32.17,25.15,79.27,0.79,21.07
1991-10-01,0.04,28.03,31.55,25.19,81.68,0.82,21.48
1991-10-02,0.1,28.12,31.6,24.92,81.61,0.75,21.66
1991-10-03,5.18,28.24,31.06,25.4,81.72,0.8,12.0
1991-10-04,26.34,27.31,30.09,25.4,85.24,1.31,15.96
1991-10-05,16.42,26.38,28.98,24.73,88.63,1.09,18.07
1991-10-06,15.78,26.15,28.67,24.0,90.0,1.53,12.24
1991-10-07,44.95,26.36,29.28,24.52,87.73,1.02,16.8
1991-10-08,4.58,26.01,28.81,24.05,89.95,1.18,14.45
1991-10-09,0.4,26.98,29.87,24.17,85.08,0.95,15.43
1991-10-10,0.0,27.17,30.13,24.09,82.43,0.72,19.49
1991-10-11,0.56,26.81,29.67,24.17,84.86,0.77,18.85
1991-10-12,1.73,27.01,30.5,23.99,85.02,1.15,13.47
1991-10-13,12.37,26.14,27.75,24.19,94.1,3.78,2.69
1991-10-14,23.81,27.15,28.63,25.94,92.84,4.54,8.82
1991-10-15,22.73,26.41,28.35,24.45,91.02,3.16,5.42
1991-10-16,5.17,26.26,29.28,23.8,85.4,1.07,16.12
1991-10-17,0.29,26.27,29.85,23.84,82.41,0.98,19.08
1991-10-18,0.0,25.51,29.41,22.44,82.81,1.54,20.14
1991-10-19,0.0,24.65,29.24,20.75,79.91,1.53,21.08
1991-10-20,0.01,24.32,29.17,20.16,72.39,1.18,21.19
1991-10-21,0.0,22.59,27.77,18.35,76.06,1.61,21.18
1991-10-22,0.0,23.14,28.39,17.87,80.49,1.4,21.04
1991-10-23,0.0,24.44,29.07,19.92,83.06,1.26,19.4
1991-10-24,0.0,25.0,28.84,21.19,85.62,1.19,18.0
1991-10-25,0.72,25.43,29.11,22.57,85.74,1.12,18.22
1991-10-26,1.85,24.89,28.99,21.27,83.91,1.29,18.11
1991-10-27,0.02,25.09,29.25,21.35,85.71,1.51,18.04
1991-10-28,0.13,26.14,29.88,22.22,81.98,0.98,18.07
1991-10-29,2.81,26.08,29.45,22.26,79.45,0.67,12.86
1991-10-30,1.1,25.01,28.07,22.42,86.95,1.25,8.84
1991-10-31,29.68,24.58,27.51,22.16,92.99,4.85,3.39
1991-11-01,10.43,24.5,28.03,21.43,85.72,1.77,14.73
1991-11-02,9.36,23.31,27.43,19.93,83.6,1.32,20.17
1991-11-03,0.01,22.26,26.34,19.83,82.72,1.52,9.39
1991-11-04,0.09,22.8,26.04,19.51,79.46,1.27,14.79
1991-11-05,0.03,22.49,27.26,18.78,79.9,1.42,19.57
1991-11-06,0.0,21.87,27.45,18.03,80.58,1.5,18.9
1991-11-07,0.0,20.71,26.14,15.83,82.25,1.84,19.16
1991-11-08,0.0,20.52,26.12,15.78,82.75,1.57,18.62
1991-11-09,0.0,20.5,26.18,15.75,82.03,1.58,18.72
1991-11-10,0.0,20.57,26.71,15.45,82.86,1.82,19.25
1991-11-11,0.0,20.91,27.08,15.77,85.2,1.77,19.07
1991-11-12,0.0,21.04,26.89,16.0,81.84,1.4,18.17
1991-11-13,0.0,20.23,26.34,15.44,84.77,1.84,17.58
1991-11-14,0.0,20.57,26.59,15.52,80.79,1.77,17.85
1991-11-15,0.0,20.53,24.9,16.96,78.47,1.43,14.15
1991-11-16,0.0,20.92,25.56,17.5,75.88,1.31,10.05
1991-11-17,0.0,21.1,26.27,17.17,83.63,1.46,13.61
1991-11-18,0.0,21.34,26.09,17.4,81.49,1.59,13.28
1991-11-19,0.0,20.48,25.98,15.87,80.0,1.55,17.69
1991-11-20,0.0,19.65,25.32,14.86,74.27,1.59,18.32
1991-11-21,0.0,17.8,24.17,12.52,72.72,1.63,18.22
1991-11-22,0.0,17.18,23.94,11.52,77.45,1.78,18.33
1991-11-23,0.0,17.78,24.49,11.95,84.92,1.69,17.9
1991-11-24,0.0,18.29,24.62,12.69,84.71,1.66,16.96
1991-11-25,0.0,19.19,25.13,12.87,79.96,1.2,17.11
1991-11-26,0.0,19.06,24.67,13.72,76.37,0.97,17.01
1991-11-27,0.0,18.8,23.81,12.61,74.3,0.93,17.0
1991-11-28,0.0,20.16,25.08,14.74,74.1,0.75,16.75
1991-11-29,0.0,19.53,24.93,14.02,78.64,0.99,16.71
1991-11-30,0.0,18.65,24.24,13.59,75.31,1.26,16.21
1991-12-01,0.0,17.1,23.56,11.98,72.8,1.37,18.67
1991-12-02,0.0,16.27,23.29,10.48,70.65,1.53,18.6
1991-12-03,0.0,15.81,22.97,9.71,74.18,1.77,17.56
1991-12-04,0.0,16.46,22.84,10.53,75.46,1.41,17.14
1991-12-05,0.0,17.33,22.99,10.65,70.64,0.75,17.05
1991-12-06,0.0,16.81,22.88,11.49,77.71,1.26,17.19
1991-12-07,0.0,17.92,24.48,11.24,71.77,0.82,17.46
1991-12-08,0.0,18.55,25.05,11.88,73.0,1.03,16.0
1991-12-09,0.0,19.97,26.36,14.19,71.88,0.98,16.52
1991-12-10,0.02,20.0,25.92,14.14,74.21,1.2,16.66
1991-12-11,0.0,18.69,25.17,13.14,83.07,1.7,17.24
1991-12-12,0.0,18.64,25.19,12.99,80.53,1.83,17.23
1991-12-13,0.0,18.83,24.85,13.23,78.41,1.18,17.68
1991-12-14,0.0,18.24,24.53,12.03,78.39,1.25,17.03
1991-12-15,0.0,17.9,24.69,11.94,79.63,1.51,17.37
1991-12-16,0.0,17.94,25.09,11.52,77.31,1.44,15.83
1991-12-17,0.0,17.77,24.67,11.85,75.29,1.46,17.33
1991-12-18,0.0,17.36,23.34,11.68,73.59,1.25,15.93
1991-12-19,0.0,16.88,21.08,12.57,75.2,1.04,15.87
1991-12-20,0.0,17.33,24.11,10.3,76.28,1.16,17.37
1991-12-21,0.0,18.19,24.24,11.04,70.8,0.98,17.08
1991-12-22,0.0,19.12,24.72,12.33,70.27,0.73,16.31
1991-12-23,0.0,19.27,25.09,13.22,78.92,1.19,15.55
1991-12-24,0.32,19.82,24.44,15.62,87.96,1.65,11.5
1991-12-25,9.36,19.73,24.1,16.96,88.1,1.5,14.63
1991-12-26,21.31,18.52,22.8,15.25,91.94,2.07,10.43
1991-12-27,8.41,16.51,21.68,12.77,85.04,2.12,14.81
1991-12-28,4.91,15.32,20.33,10.89,74.76,1.65,16.21
1991-12-29,0.0,14.64,20.54,10.28,68.87,1.56,16.42
1991-12-30,0.0,13.41,19.88,8.62,67.79,1.59,15.85
1991-12-31,0.0,13.14,20.51,7.0,71.48,1.82,15.86
1992-01-01,0.0,13.82,20.54,8.76,72.92,2.1,8.07
1992-01-02,0.0,13.47,20.7,8.06,71.66,2.15,16.8
1992-01-03,0.0,13.09,20.07,6.72,72.08,1.77,17.25
1992-01-04,0.0,13.67,20.67,7.53,74.88,1.51,17.51
1992-01-05,0.0,15.21,21.68,8.42,71.41,1.14,17.13
1992-01-06,0.0,16.27,21.75,9.97,62.69,0.69,16.45
1992-01-07,0.0,15.08,21.96,8.38,71.69,1.3,16.02
1992-01-08,0.0,16.27,22.69,9.35,70.83,1.17,15.31
1992-01-09,0.0,16.15,22.76,9.85,74.61,1.52,16.95
1992-01-10,0.0,16.4,23.37,9.52,73.37,1.33,17.1
1992-01-11,0.0,16.58,22.86,9.67,70.54,1.3,18.33
1992-01-12,0.0,16.81,24.07,9.55,70.85,1.15,17.11
1992-01-13,0.0,16.76,23.43,11.16,80.19,1.36,16.34
1992-01-14,0.0,17.11,22.68,10.67,71.22,0.97,14.89
1992-01-15,0.0,17.39,23.17,10.82,70.67,0.85,16.31
1992-01-16,0.0,17.65,23.74,10.39,71.95,1.13,18.44
1992-01-17,0.0,18.85,24.96,13.18,70.11,1.01,17.1
1992-01-18,0.12,18.29,24.57,13.84,76.02,1.07,17.28
1992-01-19,0.02,17.48,23.64,11.43,56.79,1.26,17.66
1992-01-20,0.0,16.86,23.5,9.43,53.53,1.26,17.65
1992-01-21,0.0,17.19,24.3,9.68,58.26,1.39,18.32
1992-01-22,0.01,18.11,24.9,10.59,60.45,1.14,14.78
1992-01-23,0.06,19.0,25.09,12.84,63.41,0.98,17.27
1992-01-24,0.0,18.22,24.93,11.76,64.54,1.29,17.14
1992-01-25,0.0,17.79,24.45,11.38,65.36,1.25,17.52
1992-01-26,0.0,18.73,25.39,11.55,60.38,1.09,19.0
1992-01-27,0.0,19.66,26.45,12.37,56.1,0.79,19.02
1992-01-28,0.0,19.91,25.87,13.13,56.29,0.8,19.56
1992-01-29,0.0,20.11,26.38,13.89,59.46,0.98,19.5
1992-01-30,0.0,20.06,27.23,12.75,59.71,1.28,19.44
1992-01-31,0.0,20.71,27.79,13.62,60.73,1.18,18.23
1992-02-01,0.52,20.94,27.04,16.71,71.58,1.28,18.25
1992-02-02,3.22,20.4,26.03,15.84,83.29,1.71,9.72
1992-02-03,0.71,20.91,27.04,16.38,72.71,1.09,15.33
1992-02-04,0.13,18.66,26.14,12.49,64.88,1.57,18.96
1992-02-05,0.0,18.22,26.71,10.86,52.24,1.63,18.97
1992-02-06,0.0,18.85,27.17,11.49,53.38,1.29,19.57
1992-02-07,0.0,19.74,27.34,12.46,61.68,1.31,19.06
1992-02-08,5.16,21.21,27.41,16.66,81.02,1.37,15.53
1992-02-09,5.68,21.07,27.95,16.52,74.96,1.12,19.17
1992-02-10,0.01,19.65,27.25,13.54,62.33,1.7,19.56
1992-02-11,0.22,19.15,26.34,12.61,54.29,1.59,17.59
1992-02-12,0.0,17.51,24.61,10.3,44.72,1.75,20.71
1992-02-13,0.0,18.34,25.25,10.95,42.06,1.26,19.01
1992-02-14,0.0,20.63,27.92,12.97,63.91,2.46,18.94
1992-02-15,0.13,22.2,29.02,17.76,73.31,1.44,18.39
1992-02-16,1.35,22.41,28.97,17.61,61.43,0.95,19.6
1992-02-17,0.1,20.46,27.95,12.93,64.36,1.78,19.82
1992-02-18,7.11,21.42,28.68,15.05,71.7,1.62,18.78
1992-02-19,0.35,18.68,27.37,10.93,42.12,1.54,21.23
1992-02-20,0.0,19.51,27.24,11.79,40.08,1.04,21.16
1992-02-21,2.27,20.83,27.73,13.68,64.81,1.52,12.91
1992-02-22,0.15,22.4,28.8,16.74,68.66,1.27,12.73
1992-02-23,1.6,22.32,28.68,17.01,72.28,1.22,12.92
1992-02-24,0.75,22.56,28.69,16.52,67.0,0.93,4.97
1992-02-25,0.35,21.48,28.59,16.07,59.85,1.46,20.12
1992-02-26,0.39,20.4,27.93,13.45,44.3,1.22,20.12
1992-02-27,0.0,20.11,27.85,12.34,53.78,1.73,21.2
1992-02-28,1.97,21.45,28.1,14.96,74.95,2.98,15.96
1992-02-29,0.8,22.63,29.43,16.84,76.23,2.34,18.69
1992-03-01,0.08,23.85,30.29,18.73,77.58,3.09,17.88
1992-03-02,0.01,23.74,31.28,18.11,71.34,2.07,19.35
1992-03-03,0.0,23.25,31.45,17.08,65.19,2.21,17.74
1992-03-04,0.0,23.44,31.84,16.35,69.05,2.34,18.81
1992-03-05,0.0,23.93,32.2,17.17,69.76,2.79,18.63
1992-03-06,0.0,24.4,33.31,16.64,68.71,2.76,18.61
1992-03-07,0.0,25.84,33.59,19.86,73.99,2.56,19.17
1992-03-08,0.02,25.12,33.15,19.19,67.48,2.07,20.27
1992-03-09,0.0,24.28,32.53,18.11,62.69,1.52,20.62
1992-03-10,0.0,24.62,32.39,18.06,67.9,1.93,20.84
1992-03-11,0.0,25.57,33.58,18.78,68.71,2.12,22.05
1992-03-12,0.0,25.74,33.72,19.13,63.43,1.55,18.18
1992-03-13,0.0,26.07,33.64,18.98,67.29,2.23,20.97
1992-03-14,0.0,26.96,35.39,20.07,64.32,1.77,19.98
1992-03-15,0.22,26.88,35.1,20.26,69.17,3.04,20.19
1992-03-16,0.01,26.75,35.31,20.87,65.52,2.15,21.23
1992-03-17,0.16,25.82,33.57,19.81,66.32,2.15,21.96
1992-03-18,0.0,26.21,33.79,20.28,69.83,2.6,22.21
1992-03-19,0.0,26.55,32.54,22.05,71.92,3.51,22.58
1992-03-20,0.06,27.07,33.73,22.53,70.3,2.76,23.81
1992-03-21,0.09,26.71,33.9,21.13,72.0,2.77,20.88
1992-03-22,0.0,27.13,34.22,21.51,72.78,3.08,22.52
1992-03-23,0.32,28.47,35.73,22.81,70.42,3.12,23.0
1992-03-24,0.13,28.23,35.18,23.43,73.39,4.33,22.9
1992-03-25,0.04,28.4,34.84,24.27,70.01,3.92,22.67
1992-03-26,0.0,29.22,37.54,22.53,60.03,2.08,25.11
1992-03-27,0.0,29.27,38.34,21.35,58.56,2.48,25.42
1992-03-28,0.0,29.6,38.83,21.82,59.16,2.4,23.78
1992-03-29,0.0,29.49,38.03,21.93,61.41,2.84,24.89
1992-03-30,0.0,29.41,37.5,23.42,65.23,3.07,24.34
1992-03-31,0.0,28.38,35.65,23.62,67.12,2.11,16.13
1992-04-01,0.0,28.89,36.61,22.32,53.71,1.38,23.04
1992-04-02,0.0,29.29,37.62,22.04,55.81,1.73,24.05
1992-04-03,0.0,29.53,38.37,21.26,59.82,2.38,24.53
1992-04-04,0.0,29.84,38.06,22.33,59.89,3.02,21.94
1992-04-05,0.0,29.88,37.9,22.86,61.99,2.89,24.55
1992-04-06,0.0,29.95,37.05,24.1,63.83,2.88,23.53
1992-04-07,0.0,29.28,36.8,23.71,69.82,4.25,23.76
1992-04-08,2.04,29.74,37.09,24.95,67.51,3.92,24.85
1992-04-09,10.71,28.31,35.05,23.98,71.35,3.39,22.56
1992-04-10,0.0,29.52,36.85,24.1,64.13,3.32,21.57
1992-04-11,0.0,29.58,37.18,23.86,67.4,3.51,26.0
1992-04-12,0.0,29.87,37.42,23.79,67.61,3.33,22.94
1992-04-13,0.0,30.51,37.62,25.89,66.53,3.84,24.18
1992-04-14,0.0,30.63,38.25,25.75,66.82,4.07,23.92
1992-04-15,0.0,30.79,38.03,25.46,65.13,3.58,21.05
1992-04-16,0.0,30.65,37.38,25.55,64.07,3.44,21.33
1992-04-17,0.02,30.22,36.73,25.53,65.17,4.3,23.77
1992-04-18,3.71,29.24,35.42,24.62,70.26,4.28,24.07
1992-04-19,14.23,28.82,34.6,24.75,72.32,3.38,24.85
1992-04-20,6.37,28.97,35.64,24.39,72.31,3.72,25.48
1992-04-21,0.02,29.8,37.02,24.5,69.61,3.5,24.78
1992-04-22,0.09,29.76,36.72,24.31,69.56,3.67,22.71
1992-04-23,0.11,29.93,37.19,25.31,68.7,3.44,17.37
1992-04-24,0.0,29.92,37.32,24.26,60.83,2.07,19.25
1992-04-25,0.0,31.04,38.8,24.08,52.38,1.44,27.17
1992-04-26,0.0,30.55,37.64,25.01,54.53,1.41,16.55
1992-04-27,0.01,29.94,36.1,25.69,55.7,1.76,20.33
1992-04-28,0.17,28.34,33.01,24.79,60.79,1.49,26.68
1992-04-29,0.02,30.54,37.47,25.13,55.14,1.5,26.66
1992-04-30,0.19,30.72,37.37,24.95,55.58,1.68,26.0
1992-05-01,2.21,30.08,36.09,24.81,58.25,1.97,25.44
1992-05-02,6.56,28.38,33.15,24.6,66.52,2.02,15.28
1992-05-03,2.03,28.7,35.44,22.75,62.49,2.9,17.23
1992-05-04,2.06,28.47,34.37,24.4,66.94,1.61,17.35
1992-05-05,8.74,28.85,34.05,23.96,65.23,1.53,16.51
1992-05-06,1.68,30.46,37.4,24.83,60.8,1.9,26.59
1992-05-07,2.65,30.47,37.38,24.79,64.92,3.06,26.25
1992-05-08,2.19,30.28,37.48,25.31,68.04,3.7,26.71
1992-05-09,0.0,31.16,39.4,24.47,62.59,2.65,26.72
1992-05-10,0.06,31.18,38.76,25.44,63.36,3.17,26.92
1992-05-11,0.99,31.66,39.57,25.51,60.91,2.68,26.5
1992-05-12,13.99,31.29,38.91,24.68,61.57,1.15,26.07
1992-05-13,0.0,32.38,40.19,25.16,57.2,1.82,26.15
1992-05-14,0.0,31.87,39.17,26.07,57.64,2.62,25.96
1992-05-15,0.06,30.96,36.82,25.62,64.18,2.91,26.68
1992-05-16,0.8,31.0,36.92,26.64,66.34,4.82,23.14
1992-05-17,4.38,30.75,36.04,27.37,66.45,4.87,24.74
1992-05-18,10.6,28.96,31.88,26.03,79.44,3.24,24.49
1992-05-19,0.66,29.83,35.57,24.6,66.38,1.59,25.3
1992-05-20,0.17,29.07,33.63,26.57,74.72,3.71,24.74
1992-05-21,5.75,29.86,34.92,26.51,70.82,3.31,14.94
1992-05-22,7.4,28.68,32.92,25.69,72.72,1.83,21.41
1992-05-23,3.16,28.31,32.9,24.43,68.81,1.72,17.92
1992-05-24,0.42,29.68,35.84,24.21,59.3,1.58,26.98
1992-05-25,1.08,28.48,31.9,25.63,67.52,2.12,20.06
1992-05-26,9.78,26.32,27.74,25.12,83.71,1.77,20.61
1992-05-27,1.56,28.58,33.51,24.53,71.63,2.36,19.45
1992-05-28,9.04,28.92,32.91,25.85,74.5,2.57,17.96
1992-05-29,1.83,30.5,36.48,25.37,67.78,2.04,22.42
1992-05-30,2.03,29.9,34.2,26.27,71.15,2.49,21.3
1992-05-31,1.77,30.81,37.0,25.89,68.9,3.01,24.19
1992-06-01,16.53,30.26,35.6,26.55,74.31,2.92,25.8
1992-06-02,0.11,30.86,36.91,26.02,69.56,2.34,25.42
1992-06-03,0.0,31.76,38.26,26.1,64.38,1.68,25.38
1992-06-04,0.0,32.49,39.51,25.84,58.85,1.25,23.92
1992-06-05,0.04,32.33,39.07,27.12,60.18,2.2,24.73
1992-06-06,0.0,31.34,37.97,25.99,62.06,2.63,26.16
1992-06-07,0.0,31.0,36.85,26.4,67.1,3.32,22.24
1992-06-08,0.38,31.03,35.7,27.39,64.59,2.82,15.81
1992-06-09,3.07,30.66,35.75,26.8,67.74,1.84,17.26
1992-06-10,2.83,29.93,33.55,27.19,69.98,1.5,17.75
1992-06-11,12.72,28.78,31.59,26.64,79.93,1.69,18.07
1992-06-12,3.84,29.11,32.94,26.1,77.03,3.07,19.41
1992-06-13,1.76,30.54,35.49,26.76,68.63,2.86,13.93
1992-06-14,4.08,30.12,34.3,27.04,71.76,2.39,13.37
1992-06-15,4.3,30.78,35.62,26.6,69.63,1.4,24.31
1992-06-16,0.53,31.82,36.74,27.41,65.05,1.86,20.03
1992-06-17,1.3,30.24,32.96,28.01,75.77,3.28,23.71
1992-06-18,0.14,29.79,33.29,27.35,75.28,3.87,24.8
1992-06-19,0.19,30.49,34.96,27.24,69.81,3.13,19.41
1992-06-20,2.25,30.62,35.87,26.65,68.0,3.11,22.26
1992-06-21,2.85,30.22,34.56,27.12,75.4,4.84,22.13
1992-06-22,1.43,30.0,34.23,26.83,75.58,4.86,19.8
1992-06-23,5.96,29.11,32.94,26.82,81.41,5.72,5.3
1992-06-24,14.49,29.2,33.01,27.11,84.4,5.67,4.23
1992-06-25,11.03,29.18,32.53,27.26,84.35,3.99,9.74
1992-06-26,11.33,28.04,30.67,26.76,84.02,3.23,6.87
1992-06-27,9.7,28.72,31.9,26.39,83.1,2.68,8.17
1992-06-28,19.54,28.69,32.44,25.63,81.61,2.13,14.12
1992-06-29,0.51,29.03,32.61,25.72,79.85,2.27,19.72
1992-06-30,0.15,29.62,34.04,26.18,79.46,3.08,23.59
1992-07-01,0.07,28.84,30.81,27.54,85.68,3.07,14.72
1992-07-02,1.45,28.81,31.49,26.57,83.59,2.33,12.81
1992-07-03,7.82,28.21,31.19,26.41,85.63,4.22,7.67
1992-07-04,6.64,29.13,32.88,26.26,82.18,3.3,20.11
1992-07-05,13.72,28.41,31.0,26.75,86.08,2.68,13.02
1992-07-06,23.18,28.37,31.11,26.27,87.27,3.07,14.54
1992-07-07,1.15,28.11,30.88,25.83,85.05,3.33,20.82
1992-07-08,0.33,29.18,33.11,25.82,77.34,1.62,21.13
1992-07-09,1.01,28.32,31.11,26.55,81.59,1.99,17.92
1992-07-10,5.31,27.99,30.86,25.83,86.25,2.93,10.99
1992-07-11,10.88,27.61,29.22,26.41,89.31,3.65,5.23
1992-07-12,10.73,28.32,31.87,25.86,84.58,2.65,23.0
1992-07-13,12.82,28.14,31.09,25.72,84.25,2.29,13.9
1992-07-14,0.1,28.74,32.16,25.83,81.54,2.03,23.72
1992-07-15,1.43,28.7,32.24,25.82,81.62,2.13,16.86
1992-07-16,4.55,27.78,30.24,25.67,87.58,2.46,14.49
1992-07-17,2.69,27.38,29.99,25.55,89.54,2.54,9.77
1992-07-18,6.29,27.43,29.26,25.45,87.9,3.18,12.37
1992-07-19,26.55,27.72,29.8,26.34,90.76,4.27,12.0
1992-07-20,19.94,27.89,30.37,26.0,89.14,4.32,11.56
1992-07-21,15.53,27.64,30.25,25.77,88.94,3.19,20.32
1992-07-22,3.26,27.99,31.12,25.61,87.32,2.87,21.05
1992-07-23,9.51,28.2,31.76,25.31,86.95,2.35,20.41
1992-07-24,5.34,28.76,32.66,26.12,87.49,1.59,24.95
1992-07-25,5.43,28.06,30.31,26.29,91.15,1.46,22.14
1992-07-26,1.59,28.77,32.62,25.7,84.04,3.99,19.48
1992-07-27,4.09,27.77,30.73,25.93,86.8,4.83,14.34
1992-07-28,2.02,26.69,28.67,24.99,89.75,2.65,9.44
1992-07-29,6.16,27.76,31.4,24.91,87.28,1.64,16.35
1992-07-30,7.4,28.01,30.82,25.38,85.81,1.0,12.6
1992-07-31,9.46,27.47,29.94,25.61,87.21,0.75,16.61
1992-08-01,11.12,27.59,31.14,25.28,87.37,1.69,18.7
1992-08-02,4.53,28.03,31.83,25.29,87.48,1.8,25.57
1992-08-03,14.35,27.89,30.98,25.94,88.51,2.48,23.2
1992-08-04,8.65,27.88,31.69,25.17,87.15,1.55,21.44
1992-08-05,0.48,26.92,28.93,25.29,90.11,1.56,6.5
1992-08-06,1.44,26.82,29.53,25.06,87.52,2.86,12.65
1992-08-07,21.8,27.25,30.68,24.66,85.83,2.49,10.08
1992-08-08,16.39,27.3,30.73,24.69,87.14,2.2,9.77
1992-08-09,12.75,26.85,29.24,24.98,89.4,1.9,16.98
1992-08-10,8.02,27.54,31.24,24.45,87.04,1.9,22.65
1992-08-11,5.35,27.57,31.05,24.99,88.02,1.22,13.63
1992-08-12,0.01,27.82,30.88,25.54,87.55,1.1,18.26
1992-08-13,0.71,27.76,30.44,26.07,89.12,2.08,23.17
1992-08-14,0.79,28.29,32.44,25.48,85.32,2.81,25.36
1992-08-15,1.41,27.67,30.37,25.71,88.05,3.23,16.83
1992-08-16,2.1,27.66,30.94,25.8,88.09,3.33,17.67
1992-08-17,0.48,27.62,31.03,25.57,87.8,3.52,19.9
1992-08-18,0.54,27.74,31.28,25.68,87.09,3.57,19.47
1992-08-19,1.41,27.59,30.45,25.64,88.01,3.51,18.41
1992-08-20,4.02,27.92,31.24,25.54,87.04,4.26,12.77
1992-08-21,1.17,27.71,31.19,25.26,85.26,3.75,16.66
1992-08-22,1.32,27.03,29.91,25.3,86.37,2.84,17.65
1992-08-23,1.0,27.49,30.85,25.03,86.06,2.8,17.33
1992-08-24,0.84,28.11,31.67,25.82,85.84,2.97,16.76
1992-08-25,0.96,28.07,31.26,25.86,87.24,2.7,18.29
1992-08-26,0.33,27.52,29.84,25.93,89.97,2.22,12.65
1992-08-27,8.44,27.69,31.18,25.92,89.76,2.79,8.72
1992-08-28,6.06,28.18,31.18,26.17,87.8,1.94,15.69
1992-08-29,3.18,28.75,33.56,25.39,83.5,1.27,21.24
1992-08-30,1.11,29.59,33.95,26.5,81.7,0.92,17.58
1992-08-31,0.11,28.18,30.26,26.29,86.38,1.11,19.06
1992-09-01,4.25,28.6,32.2,25.19,83.51,1.25,10.11
1992-09-02,10.9,27.87,31.42,25.84,87.74,1.83,19.27
1992-09-03,1.97,28.09,32.16,25.31,84.73,1.86,21.39
1992-09-04,0.43,27.98,32.1,25.12,84.22,1.46,20.0
1992-09-05,1.06,28.32,32.63,24.92,82.63,1.76,21.86
1992-09-06,21.71,27.56,29.99,25.57,88.1,1.35,22.48
1992-09-07,13.38,27.48,30.45,25.6,88.09,2.54,21.55
1992-09-08,0.97,27.65,31.32,25.42,87.7,3.08,18.23
1992-09-09,0.63,28.01,31.35,26.12,86.51,2.82,22.75
1992-09-10,1.17,27.6,30.3,25.88,86.75,3.36,20.38
1992-09-11,5.41,27.36,29.84,25.86,88.64,3.49,2.61
1992-09-12,15.21,26.95,29.79,25.04,88.96,3.2,7.8
1992-09-13,1.74,27.08,30.53,24.53,85.9,1.95,19.67
1992-09-14,0.44,27.49,31.3,24.18,83.91,1.47,20.23
1992-09-15,5.25,28.49,32.1,25.15,80.88,0.83,18.6
1992-09-16,1.33,27.85,31.23,25.03,83.99,1.33,16.01
1992-09-17,1.97,27.18,29.9,25.16,87.12,1.43,11.89
1992-09-18,3.24,27.67,30.53,25.04,80.84,0.72,20.16
1992-09-19,0.19,28.22,32.19,24.05,75.49,1.43,21.56
1992-09-20,0.01,28.35,31.65,24.4,73.18,0.93,18.6
1992-09-21,0.02,28.63,31.85,25.58,77.23,0.99,20.96
1992-09-22,0.0,29.61,33.88,25.02,75.74,1.11,15.1
1992-09-23,0.02,27.85,30.46,25.97,84.76,1.18,10.37
1992-09-24,6.25,27.04,29.64,25.34,89.88,1.26,15.04
1992-09-25,4.47,27.13,30.58,24.82,88.11,1.49,18.71
1992-09-26,5.26,26.87,29.94,25.07,89.61,2.24,8.47
1992-09-27,4.48,26.69,29.4,24.71,89.81,1.79,17.99
1992-09-28,5.03,26.43,28.29,24.93,91.67,1.75,8.96
1992-09-29,5.46,25.94,28.4,24.29,90.6,1.64,17.73
1992-09-30,0.65,27.15,30.61,23.48,78.94,1.12,16.08
1992-10-01,0.0,27.73,31.33,24.51,74.98,0.91,20.48
1992-10-02,0.0,28.39,32.38,24.13,72.44,1.12,19.52
1992-10-03,0.02,28.1,32.3,23.92,77.21,1.13,19.36
1992-10-04,0.33,28.46,32.31,24.58,75.48,0.82,16.58
1992-10-05,4.41,27.47,30.97,24.91,80.7,1.1,16.69
1992-10-06,2.28,27.2,31.72,23.49,78.61,0.92,20.8
1992-10-07,0.11,28.31,32.73,23.56,71.59,1.12,21.67
1992-10-08,0.0,28.81,33.68,23.63,65.82,0.84,17.86
1992-10-09,0.02,29.12,33.68,24.62,70.23,1.02,19.36
1992-10-10,0.06,29.56,34.02,25.1,70.23,1.11,18.21
1992-10-11,0.03,29.72,33.98,26.18,68.3,0.88,15.92
1992-10-12,0.02,28.29,31.4,25.8,79.72,1.98,14.4
1992-10-13,0.66,28.13,31.52,25.8,79.98,2.54,13.22
1992-10-14,11.35,27.59,31.1,25.67,84.96,3.13,7.69
1992-10-15,21.2,27.46,31.03,25.28,87.42,2.44,13.26
1992-10-16,6.62,27.55,30.93,24.77,80.67,0.95,19.05
1992-10-17,5.95,27.12,31.24,23.11,79.53,1.03,16.46
1992-10-18,1.23,27.37,31.25,24.65,75.81,0.79,19.54
1992-10-19,0.0,27.1,31.57,24.3,77.77,1.1,16.12
1992-10-20,0.31,25.65,28.62,23.5,83.04,1.33,7.53
1992-10-21,6.71,25.55,29.82,23.08,86.5,2.57,8.93
1992-10-22,1.51,26.31,31.32,22.54,79.68,2.38,17.29
1992-10-23,0.86,25.77,31.65,21.57,70.39,1.18,19.51
1992-10-24,0.1,24.95,31.68,19.84,66.51,1.14,19.8
1992-10-25,0.0,24.84,31.21,20.27,62.96,0.99,20.64
1992-10-26,0.0,23.28,30.76,16.62,57.87,1.6,20.62
1992-10-27,0.0,24.56,31.28,17.82,59.69,1.53,20.09
1992-10-28,0.0,26.33,31.61,21.91,61.97,1.02,20.2
1992-10-29,0.0,26.76,32.74,21.03,63.16,1.14,19.97
1992-10-30,0.0,27.86,34.53,22.12,62.0,1.2,20.28
1992-10-31,0.0,27.98,34.57,22.48,62.57,0.78,19.99
1992-11-01,0.0,28.18,33.49,23.61,67.95,0.69,18.94
1992-11-02,0.0,27.12,31.74,23.97,68.2,1.07,15.6
1992-11-03,0.0,27.08,32.66,22.32,63.37,1.18,18.78
1992-11-04,0.0,26.53,32.71,20.26,49.94,1.01,18.43
1992-11-05,0.0,26.56,32.58,21.78,64.0,0.77,18.77
1992-11-06,0.0,26.64,32.65,21.77,57.12,0.98,16.73
1992-11-07,0.0,25.36,31.63,20.35,50.67,1.03,19.31
1992-11-08,0.0,23.6,31.08,17.55,47.87,1.51,19.37
1992-11-09,0.0,24.31,31.56,17.77,46.26,1.19,19.21
1992-11-10,0.01,24.03,30.91,18.34,61.69,1.85,18.85
1992-11-11,0.06,24.02,29.66,19.44,74.5,1.34,18.38
1992-11-12,0.04,24.45,30.86,19.01,68.22,1.26,19.32
1992-11-13,0.0,24.3,32.01,17.71,56.33,1.36,19.37
1992-11-14,0.0,24.39,31.64,17.48,50.59,1.18,18.93
1992-11-15,0.0,24.17,32.0,16.75,48.8,1.21,18.59
1992-11-16,0.0,24.93,32.09,16.72,43.07,0.91,15.31
1992-11-17,0.0,24.34,31.6,18.95,46.74,0.92,17.24
1992-11-18,0.0,24.34,30.39,19.05,47.21,1.1,9.26
1992-11-19,0.0,24.68,30.47,18.47,48.2,0.81,10.44
1992-11-20,0.11,25.4,30.74,20.25,56.36,1.0,5.77
1992-11-21,1.08,25.76,32.15,20.79,62.04,1.43,11.08
1992-11-22,0.0,25.2,31.75,19.33,49.28,1.47,18.08
1992-11-23,0.0,24.79,31.34,18.63,41.02,0.9,17.59
1992-11-24,0.01,22.82,29.45,18.93,66.07,1.69,12.79
1992-11-25,1.62,21.44,28.06,15.86,62.89,1.88,17.52
1992-11-26,0.04,21.69,29.95,15.12,55.89,1.68,18.62
1992-11-27,0.0,22.48,30.43,14.69,50.71,1.0,17.77
1992-11-28,0.0,23.28,29.89,17.95,62.13,1.03,16.72
1992-11-29,0.0,23.79,29.91,18.78,68.43,0.74,17.43
1992-11-30,0.0,23.64,28.08,19.9,65.8,0.78,5.62
1992-12-01,0.05,20.17,22.52,17.53,77.8,2.54,6.22
1992-12-02,0.76,20.69,24.46,17.36,80.61,2.42,7.56
1992-12-03,0.3,22.32,27.39,18.64,73.59,1.16,16.59
1992-12-04,0.1,21.77,28.47,15.95,61.9,1.13,15.32
1992-12-05,0.0,21.07,28.99,14.78,56.18,1.64,16.78
1992-12-06,0.0,19.97,27.57,13.67,52.83,1.62,17.39
1992-12-07,0.0,20.12,28.5,12.42,50.08,1.03,17.24
1992-12-08,0.0,20.42,27.99,13.12,49.28,0.94,16.82
1992-12-09,0.0,20.18,28.53,13.05,45.65,1.11,17.25
1992-12-10,0.0,20.46,28.26,13.46,45.34,1.16,17.24
1992-12-11,0.0,20.44,28.27,13.73,45.37,1.29,17.39
1992-12-12,0.0,20.44,27.74,12.84,43.17,1.19,17.18
1992-12-13,0.0,19.31,27.37,12.65,45.77,1.56,17.15
1992-12-14,0.0,18.56,27.8,11.34,44.38,1.74,16.46
1992-12-15,0.0,18.61,28.16,10.65,41.3,1.58,17.22
1992-12-16,0.0,19.28,27.54,11.58,39.84,1.24,17.33
1992-12-17,0.0,19.61,27.51,10.87,39.38,0.98,17.48
1992-12-18,0.0,19.18,27.4,11.16,42.16,1.19,17.35
1992-12-19,0.0,18.1,27.08,10.81,42.88,1.66,17.35
1992-12-20,0.0,18.44,27.12,11.86,43.68,1.59,16.95
1992-12-21,0.0,18.88,27.56,11.67,44.08,1.43,16.64
1992-12-22,0.0,19.0,28.18,12.13,44.39,1.73,17.46
1992-12-23,0.0,18.66,27.41,11.5,45.69,1.73,16.85
1992-12-24,0.0,19.0,29.4,10.92,44.82,1.92,17.31
1992-12-25,0.0,19.96,29.6,11.97,40.69,1.11,17.29
1992-12-26,0.0,19.63,28.05,12.16,62.96,1.45,17.12
1992-12-27,0.0,20.35,27.7,14.24,55.31,0.9,15.26
1992-12-28,0.0,19.25,26.54,12.08,41.25,1.31,17.17
1992-12-29,0.0,18.43,26.81,10.84,44.98,1.52,16.28
1992-12-30,0.0,18.31,27.08,11.18,47.86,1.79,15.99
1992-12-31,0.0,18.82,27.55,11.41,46.9,1.53,15.98
1993-01-01,0.0,20.3,27.83,12.75,43.35,1.0,16.62
1993-01-02,0.0,20.93,28.35,12.62,52.15,1.14,16.68
1993-01-03,0.0,20.96,28.52,12.62,50.82,1.29,15.81
1993-01-04,0.0,21.23,29.89,13.91,56.99,1.48,16.48
1993-01-05,0.0,21.62,28.77,16.53,57.8,1.19,16.41
1993-01-06,0.0,19.85,28.0,12.77,44.84,1.31,16.81
1993-01-07,0.0,20.56,29.54,12.95,48.84,1.47,17.21
1993-01-08,0.0,21.14,29.96,14.86,72.41,2.02,17.19
1993-01-09,0.04,21.75,29.09,16.12,73.98,1.59,16.95
1993-01-10,0.29,22.37,28.37,17.15,70.65,1.24,12.07
1993-01-11,0.01,21.11,28.43,14.81,53.52,1.76,17.47
1993-01-12,0.0,21.91,28.94,15.76,53.76,1.37,13.35
1993-01-13,0.02,22.51,29.1,17.31,66.87,1.34,14.24
1993-01-14,0.36,19.3,27.56,13.05,47.13,1.88,17.6
1993-01-15,0.18,17.35,27.22,9.9,35.28,1.85,17.84
1993-01-16,0.0,17.08,26.56,9.81,32.42,1.69,17.38
1993-01-17,0.0,18.89,27.2,9.46,34.03,1.31,17.51
1993-01-18,0.0,20.26,28.82,12.4,45.67,1.57,17.15
1993-01-19,0.0,18.38,27.35,11.46,38.33,1.63,17.12
1993-01-20,0.0,16.35,25.83,8.63,34.05,1.88,18.17
1993-01-21,0.0,16.01,25.15,8.92,32.09,1.9,18.26
1993-01-22,0.0,16.52,25.4,8.6,31.57,1.91,17.24
1993-01-23,0.0,16.73,25.7,9.58,31.83,1.72,18.51
1993-01-24,0.0,16.53,26.06,8.75,31.31,1.64,18.62
1993-01-25,0.0,16.37,25.7,8.62,31.82,1.67,18.4
1993-01-26,0.0,16.61,26.8,8.33,31.31,1.6,18.41
1993-01-27,0.0,17.21,27.2,8.59,33.38,1.51,18.55
1993-01-28,0.0,18.74,28.51,10.07,36.1,1.39,18.46
1993-01-29,0.0,20.14,30.61,11.45,46.74,1.57,19.49
1993-01-30,0.0,21.09,28.85,15.0,68.71,1.06,17.33
1993-01-31,0.0,22.24,29.43,16.9,66.04,1.13,19.76
1993-02-01,0.07,22.14,30.17,15.6,58.17,1.12,18.96
1993-02-02,0.07,21.75,30.06,14.67,46.86,1.4,19.71
1993-02-03,0.01,22.28,30.93,14.28,40.37,1.17,20.5
1993-02-04,0.0,22.84,31.36,14.34,38.35,1.07,20.42
1993-02-05,0.0,23.3,31.53,15.62,41.48,0.98,20.31
1993-02-06,0.0,22.63,31.79,14.52,37.52,1.37,20.49
1993-02-07,0.0,23.12,32.68,15.13,33.8,1.33,19.99
1993-02-08,0.0,23.49,32.18,16.36,31.98,0.97,20.19
1993-02-09,0.0,22.83,32.45,14.67,45.75,0.9,18.95
1993-02-10,0.0,22.2,31.75,14.13,52.1,1.39,19.95
1993-02-11,0.0,22.16,31.13,16.04,48.61,1.12,20.84
1993-02-12,0.0,23.35,32.71,15.38,56.34,1.05,19.6
1993-02-13,0.0,24.62,33.04,17.9,67.55,2.37,18.69
1993-02-14,0.0,24.56,32.38,18.37,73.65,3.13,18.58
1993-02-15,0.0,24.39,31.34,19.0,74.03,3.21,18.72
1993-02-16,0.0,24.61,31.55,19.3,74.84,3.7,18.02
1993-02-17,0.06,24.65,31.07,19.74,75.15,4.58,16.96
1993-02-18,0.29,25.25,30.41,22.11,74.36,5.05,15.7
1993-02-19,1.99,25.33,31.19,22.09,74.75,4.85,13.49
1993-02-20,16.99,24.21,29.86,20.98,80.35,2.63,10.04
1993-02-21,10.0,22.97,28.22,19.33,83.34,2.02,6.96
1993-02-22,20.76,20.34,25.88,13.31,70.4,1.45,21.48
1993-02-23,0.0,18.22,28.83,8.62,35.37,1.67,22.87
1993-02-24,0.06,19.12,28.7,9.88,31.03,1.9,22.11
1993-02-25,0.0,20.7,30.35,11.6,33.05,1.85,22.86
1993-02-26,0.0,23.16,32.46,15.17,38.81,1.41,21.02
1993-02-27,0.0,24.63,33.11,18.06,58.35,1.36,20.07
1993-02-28,0.0,23.91,32.19,16.42,42.8,1.69,22.5
1993-03-01,0.0,24.62,33.44,16.68,43.99,1.93,22.02
1993-03-02,0.0,24.29,33.14,16.43,49.14,2.42,22.48
1993-03-03,0.0,25.28,33.99,17.77,43.33,2.34,22.48
1993-03-04,0.0,24.86,33.25,16.63,37.06,2.26,21.63
1993-03-05,0.0,26.01,33.99,19.81,31.81,1.58,22.46
1993-03-06,0.0,24.67,34.21,16.21,31.95,1.76,22.64
1993-03-07,0.0,23.74,32.99,15.24,31.22,1.95,22.24
1993-03-08,0.0,23.85,33.54,15.14,29.43,2.0,22.74
1993-03-09,0.0,25.05,35.44,15.98,28.11,1.58,24.21
1993-03-10,0.0,25.67,35.29,16.78,29.73,1.31,23.98
1993-03-11,0.0,25.74,35.82,17.74,53.07,1.1,22.54
1993-03-12,0.0,26.44,35.95,18.02,57.95,1.75,23.35
1993-03-13,0.1,27.58,36.23,20.09,60.76,2.88,22.0
1993-03-14,1.63,26.54,34.2,20.89,72.07,3.14,20.15
1993-03-15,1.07,27.25,35.08,21.61,69.53,2.84,20.08
1993-03-16,4.38,27.31,34.65,22.47,68.08,2.18,21.02
1993-03-17,0.03,27.12,35.3,21.15,59.04,2.1,24.15
1993-03-18,0.0,26.74,34.92,19.12,45.16,1.9,24.8
1993-03-19,0.0,25.85,34.84,16.45,49.48,2.22,23.71
1993-03-20,0.0,25.68,32.97,18.8,70.71,2.86,16.9
1993-03-21,0.44,26.17,31.83,23.24,72.61,3.51,9.33
1993-03-22,0.62,25.92,31.06,22.02,73.97,3.49,11.86
1993-03-23,3.82,25.44,30.02,23.0,78.31,3.86,9.12
1993-03-24,1.37,25.84,31.87,22.39,77.66,2.9,19.89
1993-03-25,0.94,26.82,32.37,22.74,72.25,2.71,5.08
1993-03-26,2.72,26.49,32.13,22.72,72.62,3.69,17.74
1993-03-27,49.05,26.38,31.45,22.59,77.06,2.44,19.07
1993-03-28,0.12,25.82,33.36,20.0,53.42,1.69,24.37
1993-03-29,0.0,24.75,33.74,16.29,33.64,2.06,26.13
1993-03-30,0.0,25.56,34.38,17.09,27.19,1.64,25.95
1993-03-31,0.0,27.26,35.56,18.46,24.68,1.52,26.15
1993-04-01,0.0,27.7,36.45,20.02,39.88,1.27,25.14
1993-04-02,0.0,29.16,35.7,22.32,48.5,0.68,24.05
1993-04-03,0.0,30.44,37.55,23.02,40.28,1.28,24.03
1993-04-04,0.11,30.28,38.27,22.84,37.88,1.3,24.64
1993-04-05,0.0,29.48,39.57,19.71,43.39,1.73,25.55
1993-04-06,0.0,29.71,39.78,20.19,52.48,1.79,23.22
1993-04-07,0.0,30.46,39.12,22.09,57.93,2.61,23.78
1993-04-08,0.0,30.53,39.33,23.59,61.34,2.85,18.02
1993-04-09,0.21,28.34,36.42,22.43,54.34,3.28,24.54
1993-04-10,3.53,28.05,35.31,22.93,70.8,3.34,22.59
1993-04-11,2.52,27.07,33.98,23.05,72.77,3.12,23.13
1993-04-12,16.24,24.82,28.39,22.92,82.16,2.54,11.9
1993-04-13,7.34,26.65,31.79,22.21,64.36,1.32,18.52
1993-04-14,2.66,26.72,31.58,22.33,62.4,1.26,26.87
1993-04-15,0.77,28.16,34.51,21.98,63.02,1.38,25.59
1993-04-16,7.16,28.42,34.46,23.22,68.42,2.32,18.79
1993-04-17,0.52,29.6,36.76,23.19,65.21,2.79,24.34
1993-04-18,17.07,28.81,34.57,24.28,72.58,2.7,22.89
1993-04-19,2.49,29.29,36.67,23.45,69.54,2.2,24.61
1993-04-20,0.08,30.3,37.31,24.52,62.64,1.76,24.09
1993-04-21,0.08,30.89,38.34,24.03,58.42,1.09,23.2
1993-04-22,0.83,30.82,38.18,24.45,58.19,1.69,25.16
1993-04-23,0.05,29.96,36.39,24.89,61.35,2.85,24.47
1993-04-24,2.13,29.01,33.83,25.31,68.41,2.5,22.35
1993-04-25,5.35,28.53,34.05,24.23,73.93,2.34,23.88
1993-04-26,2.61,29.23,35.59,24.05,69.76,2.28,24.7
1993-04-27,0.1,29.14,34.66,24.73,69.63,3.05,22.38
1993-04-28,0.26,29.24,34.28,26.03,70.46,3.5,22.13
1993-04-29,0.13,28.64,32.55,25.64,74.11,2.66,20.8
1993-04-30,0.39,28.47,32.71,25.03,72.7,2.79,23.58
1993-05-01,13.62,28.26,31.87,25.74,75.74,4.25,5.93
1993-05-02,19.18,28.3,32.14,25.21,79.61,3.36,17.7
1993-05-03,14.64,28.81,33.53,25.91,77.09,4.71,18.13
1993-05-04,28.06,28.39,31.9,25.91,82.6,5.0,16.85
1993-05-05,16.75,28.18,31.25,26.12,83.77,5.21,18.29
1993-05-06,2.26,28.34,32.13,25.82,81.19,4.77,14.6
1993-05-07,21.39,27.85,32.24,24.69,81.39,2.92,14.62
1993-05-08,11.59,27.29,31.67,24.45,82.66,2.26,22.28
1993-05-09,12.38,28.02,32.5,24.45,80.32,1.57,23.58
1993-05-10,2.6,27.75,32.25,23.88,78.62,2.39,27.73
1993-05-11,16.85,27.76,31.97,24.7,83.74,3.64,10.95
1993-05-12,13.89,27.95,32.04,25.03,83.74,4.02,21.68
1993-05-13,2.97,27.85,31.79,25.57,82.2,4.33,13.26
1993-05-14,1.73,27.69,32.13,24.57,80.26,2.85,19.32
1993-05-15,0.26,28.35,33.77,23.83,76.89,2.71,26.78
1993-05-16,2.34,27.89,32.25,24.46,79.11,3.29,8.71
1993-05-17,4.25,27.91,31.98,24.99,76.22,3.6,24.24
1993-05-18,16.08,27.36,30.97,24.96,82.05,3.01,6.88
1993-05-19,18.15,27.02,30.13,24.55,83.16,1.84,21.98
1993-05-20,9.63,27.68,31.3,23.88,77.88,0.81,26.73
1993-05-21,1.92,27.63,31.49,24.36,76.15,0.59,26.63
1993-05-22,0.7,27.98,33.2,22.74,77.52,1.43,27.57
1993-05-23,0.0,28.89,33.96,24.32,72.26,1.38,26.77
1993-05-24,0.0,30.23,35.06,25.32,65.23,0.97,26.79
1993-05-25,0.0,30.04,35.05,25.17,71.34,1.09,26.53
1993-05-26,0.13,28.9,32.25,25.68,79.66,1.32,18.54
1993-05-27,0.96,29.24,32.54,25.83,71.68,1.02,16.44
1993-05-28,2.58,29.41,33.49,25.29,70.1,1.01,13.77
1993-05-29,4.19,27.8,30.85,25.51,77.86,1.15,24.52
1993-05-30,10.51,28.91,32.74,25.16,79.22,1.96,23.06
1993-05-31,5.35,29.01,32.7,26.81,82.09,2.4,17.97
1993-06-01,25.36,28.82,31.98,26.98,87.15,2.41,9.97
1993-06-02,25.24,28.18,31.08,26.58,88.07,2.98,14.76
1993-06-03,2.47,28.28,31.7,26.27,83.94,3.71,15.18
1993-06-04,3.09,28.32,31.54,25.85,85.48,3.17,25.36
1993-06-05,2.18,28.58,32.22,26.21,83.68,3.57,22.08
1993-06-06,5.1,28.41,31.48,26.41,86.71,4.06,21.39
1993-06-07,3.61,28.31,31.41,25.91,85.11,3.01,26.47
1993-06-08,11.9,28.04,31.12,25.29,85.25,2.45,24.52
1993-06-09,4.67,28.21,31.48,25.67,85.86,2.74,25.66
1993-06-10,12.29,28.51,31.47,26.57,86.87,3.74,18.34
1993-06-11,3.05,28.04,30.5,26.3,87.23,3.3,17.84
1993-06-12,18.37,27.4,29.58,25.87,89.52,3.06,2.16
1993-06-13,7.62,27.55,31.09,25.29,86.73,2.94,18.73
1993-06-14,0.52,27.81,31.99,24.81,86.35,1.95,19.99
1993-06-15,1.93,27.49,29.16,25.5,90.99,2.56,18.8
1993-06-16,9.11,27.86,29.1,26.45,92.05,3.67,17.2
1993-06-17,6.5,27.82,29.74,26.56,89.89,6.06,5.01
1993-06-18,31.72,27.95,29.46,26.8,85.67,8.36,3.98
1993-06-19,25.9,28.03,30.61,26.56,89.82,3.89,3.75
1993-06-20,19.8,27.94,30.14,26.39,92.0,2.41,13.72
1993-06-21,6.03,27.84,30.79,26.01,85.72,2.29,13.95
1993-06-22,12.19,28.26,31.35,25.97,87.41,3.07,15.53
1993-06-23,6.92,28.07,31.49,25.84,87.6,3.51,22.95
1993-06-24,1.71,28.26,32.01,25.7,87.05,3.22,24.04
1993-06-25,0.41,27.87,30.27,26.65,90.46,4.28,15.87
1993-06-26,1.02,28.14,30.7,26.24,86.17,3.88,17.64
1993-06-27,1.29,28.63,32.49,25.66,84.36,2.47,24.14
1993-06-28,0.23,28.92,32.4,26.07,84.91,2.76,19.58
1993-06-29,1.54,28.94,32.0,26.69,85.94,3.26,21.5
1993-06-30,5.46,28.91,32.16,27.0,87.35,3.61,7.08
1993-07-01,14.73,28.31,30.47,26.84,88.34,4.03,8.43
1993-07-02,19.08,28.43,31.44,26.44,90.53,2.85,24.22
1993-07-03,2.63,28.23,30.78,26.83,88.78,3.36,22.62
1993-07-04,0.59,28.28,30.35,26.6,87.63,3.1,17.6
1993-07-05,1.35,28.83,31.92,26.77,85.54,3.39,8.53
1993-07-06,15.25,28.34,30.57,26.98,90.85,2.61,7.64
1993-07-07,19.17,27.89,29.34,26.72,92.47,2.06,16.74
1993-07-08,19.7,27.58,29.42,25.77,91.68,3.67,23.15
1993-07-09,3.24,27.71,30.11,26.16,89.02,3.74,15.26
1993-07-10,2.45,28.37,31.27,26.13,86.85,3.84,19.99
1993-07-11,0.43,28.58,31.76,26.3,85.54,3.31,23.27
1993-07-12,0.1,29.01,32.71,26.51,85.35,2.88,26.46
1993-07-13,2.26,28.83,31.89,26.48,85.35,3.45,23.76
1993-07-14,6.45,28.36,31.31,25.98,86.16,3.91,21.93
1993-07-15,2.17,27.64,29.77,26.07,88.69,5.0,7.29
1993-07-16,3.21,27.74,30.84,25.77,86.32,3.59,13.88
1993-07-17,15.22,27.96,30.66,25.97,88.05,3.11,17.84
1993-07-18,10.8,27.93,30.3,26.26,92.01,3.33,9.21
1993-07-19,16.39,28.21,30.98,26.55,90.62,3.47,9.08
1993-07-20,22.24,27.8,29.94,26.46,92.45,3.96,8.2
1993-07-21,61.7,27.48,28.94,26.45,93.5,3.92,5.07
1993-07-22,51.8,27.56,29.6,26.23,93.22,2.78,4.48
1993-07-23,41.78,27.6,29.3,26.15,93.01,2.44,6.66
1993-07-24,5.35,27.7,30.42,26.05,89.87,2.89,9.96
1993-07-25,2.46,27.26,28.94,25.95,92.33,2.49,24.0
1993-07-26,1.42,27.78,31.54,25.11,86.92,3.15,16.06
1993-07-27,0.7,27.84,31.69,25.67,88.99,2.51,24.58
1993-07-28,0.2,27.89,31.68,25.88,89.09,2.22,17.64
1993-07-29,0.09,28.04,30.85,25.65,89.31,2.56,21.35
1993-07-30,0.08,28.61,31.58,26.33,86.11,2.85,19.42
1993-07-31,0.06,28.58,31.71,26.44,86.91,3.67,25.19
1993-08-01,0.24,28.62,31.76,26.65,86.08,4.86,19.31
1993-08-02,0.55,28.11,31.33,25.75,88.68,3.8,20.18
1993-08-03,2.62,27.93,30.88,26.53,90.22,3.47,15.81
1993-08-04,10.85,27.27,28.61,26.4,92.2,3.85,6.51
1993-08-05,2.09,27.79,30.69,26.38,89.44,4.0,16.71
1993-08-06,8.78,27.32,29.26,26.05,91.07,3.37,14.38
1993-08-07,8.93,27.88,30.72,25.94,89.1,2.82,20.57
1993-08-08,28.2,28.34,31.56,26.17,89.95,2.27,11.59
1993-08-09,15.9,28.46,31.68,26.6,91.4,2.0,23.88
1993-08-10,4.77,28.13,30.64,26.53,89.67,5.13,16.46
1993-08-11,3.19,28.13,30.34,26.39,92.29,2.81,13.47
1993-08-12,4.46,28.26,31.54,26.3,89.61,3.15,9.57
1993-08-13,2.67,28.22,30.93,26.52,90.85,4.52,22.6
1993-08-14,0.05,27.91,31.13,26.08,87.69,3.71,22.49
1993-08-15,0.1,27.94,31.04,26.16,87.77,3.17,23.35
1993-08-16,0.26,28.06,30.82,26.17,87.84,3.94,17.81
1993-08-17,4.71,27.54,30.29,25.8,89.85,3.3,22.38
1993-08-18,2.81,27.87,30.72,26.21,88.14,3.74,22.92
1993-08-19,18.61,27.95,31.14,25.98,89.05,3.76,8.82
1993-08-20,16.99,27.87,31.0,25.96,88.42,3.55,4.73
1993-08-21,12.23,27.99,31.11,25.68,90.75,3.21,4.15
1993-08-22,22.71,28.19,30.68,26.6,93.05,2.84,8.83
1993-08-23,7.39,28.6,31.87,26.32,89.25,2.44,8.91
1993-08-24,9.88,27.32,30.11,25.4,88.4,4.1,13.56
1993-08-25,2.15,27.09,30.27,25.01,88.24,3.29,18.66
1993-08-26,8.32,27.02,30.09,25.19,89.46,2.85,19.09
1993-08-27,0.57,26.62,28.25,25.33,90.78,2.76,12.04
1993-08-28,2.53,27.52,30.87,25.09,87.89,2.35,17.65
1993-08-29,2.27,27.81,31.09,25.09,87.74,1.9,19.35
1993-08-30,0.18,27.93,31.56,25.46,85.93,1.6,12.06
1993-08-31,1.69,27.1,29.62,24.75,90.39,1.48,6.56
1993-09-01,3.72,26.41,27.61,25.44,93.1,2.67,10.47
1993-09-02,13.94,26.27,27.83,25.11,92.96,2.24,3.72
1993-09-03,26.32,26.22,28.05,24.71,92.04,1.55,7.21
1993-09-04,4.94,26.92,30.5,24.12,87.36,1.56,19.11
1993-09-05,1.38,27.23,30.53,25.1,88.55,1.99,22.23
1993-09-06,8.95,27.35,30.71,25.3,88.74,3.56,19.13
1993-09-07,4.96,27.24,30.57,25.18,89.68,3.66,16.52
1993-09-08,0.83,27.7,30.88,25.43,88.55,3.59,19.93
1993-09-09,0.72,27.5,30.33,25.69,90.05,2.81,21.78
1993-09-10,1.85,27.75,30.67,25.14,87.47,0.97,17.89
1993-09-11,3.42,28.02,31.33,25.0,87.64,1.32,12.38
1993-09-12,7.41,26.67,28.33,25.83,94.16,2.89,9.87
1993-09-13,7.34,26.84,29.73,24.49,91.59,3.52,14.62
1993-09-14,4.32,26.96,29.11,25.68,89.34,3.78,11.79
1993-09-15,2.05,26.8,29.22,25.16,88.77,2.61,20.2
1993-09-16,1.06,27.26,30.52,25.14,87.39,2.1,14.85
1993-09-17,0.01,27.33,30.59,24.55,88.87,1.45,21.8
1993-09-18,0.02,28.32,31.74,24.74,84.69,0.89,22.24
1993-09-19,0.21,27.8,30.8,25.08,88.55,1.7,17.75
1993-09-20,0.33,27.06,28.72,25.65,92.12,1.5,10.5
1993-09-21,4.19,27.48,31.33,24.33,87.8,1.45,11.86
1993-09-22,14.12,27.24,30.25,25.37,88.77,1.33,15.97
1993-09-23,11.6,26.67,29.08,25.4,91.05,1.53,21.69
1993-09-24,2.99,26.76,30.09,24.22,88.29,1.43,19.72
1993-09-25,1.94,26.68,29.6,24.48,88.66,1.68,14.48
1993-09-26,1.59,26.69,29.6,24.4,89.55,1.78,16.78
1993-09-27,1.96,26.26,28.32,24.77,92.59,1.83,7.19
1993-09-28,8.25,26.81,29.63,24.79,89.34,2.24,12.43
1993-09-29,7.1,26.4,28.33,24.86,92.53,1.46,8.58
1993-09-30,2.77,27.16,30.55,24.74,84.81,1.25,11.2
1993-10-01,9.47,27.34,31.03,24.46,87.61,1.6,21.55
1993-10-02,1.91,26.51,28.33,24.64,91.2,1.68,8.84
1993-10-03,3.74,26.29,27.92,24.8,93.84,1.91,5.8
1993-10-04,7.23,26.83,30.06,24.72,88.44,1.01,19.3
1993-10-05,0.24,27.68,31.42,24.68,85.51,0.75,20.98
1993-10-06,0.33,27.04,29.78,25.12,88.93,0.79,17.84
1993-10-07,6.16,27.58,31.4,24.37,83.91,0.99,11.59
1993-10-08,5.88,28.01,31.63,24.35,82.19,0.88,15.0
1993-10-09,0.1,28.05,31.75,24.31,82.38,0.98,20.62
1993-10-10,0.55,27.99,31.79,23.89,81.05,0.98,18.14
1993-10-11,1.54,28.17,32.1,24.18,79.46,0.86,20.91
1993-10-12,0.86,27.82,32.11,24.24,80.64,0.91,16.64
1993-10-13,2.28,26.89,29.99,24.52,87.22,1.05,15.95
1993-10-14,4.33,26.34,29.54,23.92,87.91,1.23,9.96
1993-10-15,5.8,26.59,29.87,24.15,84.92,0.85,19.66
1993-10-16,0.89,26.95,30.64,23.2,82.82,0.85,15.04
1993-10-17,1.62,27.13,30.16,24.46,81.19,0.75,16.61
1993-10-18,0.08,26.51,30.05,23.58,83.77,1.1,21.22
1993-10-19,0.04,25.87,28.5,23.06,82.73,0.93,20.27
1993-10-20,1.42,25.79,28.94,23.08,82.75,0.73,17.02
1993-10-21,5.07,26.09,29.97,23.25,86.62,1.27,18.89
1993-10-22,0.75,26.6,30.04,23.62,81.85,0.69,17.58
1993-10-23,0.01,26.1,29.7,22.98,77.29,1.0,18.42
1993-10-24,0.68,25.31,29.43,21.12,71.35,0.87,16.54
1993-10-25,0.23,24.75,29.24,20.56,71.64,0.71,19.5
1993-10-26,0.05,24.57,28.71,19.97,68.64,0.75,20.27
1993-10-27,0.0,23.26,28.44,18.65,78.08,1.34,20.61
1993-10-28,0.0,23.19,29.02,18.94,75.99,1.6,20.58
1993-10-29,0.0,23.83,29.1,17.56,74.61,1.24,20.62
1993-10-30,0.0,25.08,30.04,20.62,79.56,0.89,11.35
1993-10-31,0.03,25.46,28.99,22.76,84.15,0.98,10.46
1993-11-01,5.28,24.23,27.58,21.69,89.12,1.22,7.57
1993-11-02,0.66,24.93,29.57,21.07,82.49,0.95,18.4
1993-11-03,0.25,24.77,28.66,21.47,83.8,0.82,4.33
1993-11-04,0.86,23.84,28.53,19.75,83.16,1.49,20.03
1993-11-05,0.31,23.55,28.04,19.69,79.15,1.08,18.82
1993-11-06,0.0,23.46,28.16,18.95,77.08,1.3,19.83
1993-11-07,0.0,23.01,28.28,19.08,76.49,1.43,19.48
1993-11-08,0.0,22.74,28.2,18.0,75.93,1.43,19.79
1993-11-09,0.0,23.22,28.1,18.05,71.77,0.9,19.07
1993-11-10,0.0,22.92,28.19,18.25,72.62,1.13,19.36
1993-11-11,0.0,22.48,28.27,17.19,72.78,1.35,19.09
1993-11-12,0.0,22.86,27.57,17.32,71.03,0.98,18.48
1993-11-13,0.0,22.76,27.76,18.24,75.3,0.88,18.68
1993-11-14,0.0,23.03,27.85,18.54,73.25,0.8,18.11
1993-11-15,0.0,22.95,27.55,18.49,73.02,0.86,17.87
1993-11-16,0.0,22.81,27.5,18.41,76.5,0.95,18.02
1993-11-17,0.0,23.01,27.95,17.89,72.47,0.81,15.63
1993-11-18,0.0,23.11,28.22,17.91,69.58,0.94,18.33
1993-11-19,0.0,23.01,28.1,17.81,71.49,0.64,18.04
1993-11-20,0.0,22.62,28.05,17.8,71.57,0.91,18.02
1993-11-21,0.0,21.6,27.41,16.26,73.85,1.49,18.12
1993-11-22,0.0,21.96,27.27,16.14,67.5,1.01,18.17
1993-11-23,0.0,21.71,26.66,16.11,66.91,0.88,17.95
1993-11-24,0.0,21.5,26.79,15.85,65.91,1.07,18.33
1993-11-25,0.0,21.49,26.75,15.83,67.17,1.08,18.24
1993-11-26,0.0,21.73,26.84,15.78,65.31,1.03,17.64
1993-11-27,0.0,21.68,27.01,16.12,63.13,0.68,17.63
1993-11-28,0.0,20.92,26.43,15.71,64.61,0.71,17.9
1993-11-29,0.0,20.65,26.1,15.15,62.7,0.61,17.61
1993-11-30,0.0,20.2,26.38,14.13,66.92,1.13,17.26
1993-12-01,0.0,21.16,26.56,14.65,66.19,0.6,17.7
1993-12-02,0.0,20.34,26.29,14.48,65.76,1.25,17.65
1993-12-03,0.0,20.27,26.46,14.2,66.41,1.33,16.86
1993-12-04,0.0,19.98,26.45,13.93,66.02,1.41,15.19
1993-12-05,0.0,18.91,24.61,14.27,73.19,1.21,14.6
1993-12-06,0.0,20.09,27.02,12.91,67.86,1.4,17.74
1993-12-07,0.0,21.23,27.43,14.56,59.53,0.9,17.61
1993-12-08,0.0,21.72,27.35,15.41,63.98,0.73,17.26
1993-12-09,0.0,20.9,26.67,14.73,66.34,1.07,16.61
1993-12-10,0.0,20.65,26.93,13.59,66.71,1.3,17.07
1993-12-11,0.0,21.45,27.04,15.79,57.64,0.72,17.34
1993-12-12,0.0,21.24,26.37,16.03,56.67,0.63,17.34
1993-12-13,0.0,20.74,26.12,14.13,58.4,0.76,17.19
1993-12-14,0.0,20.25,25.69,13.67,55.57,0.89,17.23
1993-12-15,0.0,19.12,25.28,12.92,54.41,1.11,17.02
1993-12-16,0.0,18.3,25.49,11.12,55.86,1.42,17.24
1993-12-17,0.0,19.35,25.98,12.44,55.21,0.99,17.33
1993-12-18,0.0,19.65,25.99,12.86,53.74,0.87,17.16
1993-12-19,0.0,19.93,26.35,15.29,55.35,0.93,17.26
1993-12-20,0.0,20.53,26.34,13.96,63.77,0.71,17.21
1993-12-21,0.0,20.61,26.32,14.71,54.75,0.77,17.24
1993-12-22,0.0,19.98,26.0,14.4,49.6,0.74,17.69
1993-12-23,0.0,18.71,26.46,11.28,56.92,1.36,17.33
1993-12-24,0.0,19.55,27.78,12.8,56.38,1.38,17.61
1993-12-25,0.0,19.3,27.54,12.11,54.8,1.52,17.74
1993-12-26,0.0,19.25,27.15,12.54,51.82,1.14,17.6
1993-12-27,0.0,19.92,27.58,11.87,52.77,1.01,17.22
1993-12-28,0.0,21.0,27.33,14.81,49.19,0.67,16.93
1993-12-29,0.0,19.3,24.1,14.48,54.0,0.74,10.99
1993-12-30,0.0,19.52,26.48,13.68,53.81,1.52,15.22
1993-12-31,0.0,19.47,27.05,13.39,55.39,1.64,16.5
1994-01-01,0.0,19.36,26.22,14.24,53.77,1.65,13.79
1994-01-02,0.0,18.81,27.62,11.86,50.17,1.75,17.49
1994-01-03,0.0,19.4,28.25,12.53,51.0,1.78,16.47
1994-01-04,0.0,19.31,28.74,11.88,50.44,1.93,17.76
1994-01-05,0.0,19.65,27.6,11.88,47.57,1.71,17.51
1994-01-06,0.0,19.84,27.88,12.97,48.38,1.63,17.26
1994-01-07,0.0,18.72,27.44,11.74,48.9,1.93,17.38
1994-01-08,0.0,18.47,27.03,11.31,47.06,1.88,17.36
1994-01-09,0.0,18.86,27.35,11.66,45.06,1.57,17.62
1994-01-10,0.0,18.29,27.3,11.01,49.93,1.54,16.77
1994-01-11,0.0,19.4,26.67,12.64,48.81,0.87,17.63
1994-01-12,0.0,20.52,27.32,14.42,49.0,0.84,17.6
1994-01-13,0.0,21.01,28.7,13.74,44.19,1.37,18.29
1994-01-14,0.0,21.6,28.87,14.65,47.32,1.5,18.22
1994-01-15,0.0,21.7,29.09,15.82,54.52,0.94,17.73
1994-01-16,0.04,21.78,28.16,16.06,78.22,2.61,7.84
1994-01-17,0.01,18.83,25.36,13.49,60.42,2.41,18.57
1994-01-18,4.85,16.45,24.37,9.69,53.99,2.1,18.84
1994-01-19,0.0,17.32,26.26,9.46,48.73,1.81,18.68
1994-01-20,0.0,18.19,27.47,10.44,48.45,1.95,18.86
1994-01-21,0.0,18.44,27.78,11.23,43.77,1.99,19.0
1994-01-22,0.0,17.25,27.2,9.53,41.34,2.11,18.66
1994-01-23,0.0,17.42,26.92,9.34,39.2,1.68,18.91
1994-01-24,0.0,17.82,26.74,10.89,39.29,1.64,18.22
1994-01-25,0.0,19.26,27.57,11.18,37.8,1.3,17.84
1994-01-26,0.0,20.46,28.44,11.74,40.09,1.05,18.95
1994-01-27,0.0,20.2,29.18,12.45,50.86,1.01,18.71
1994-01-28,0.0,20.71,29.46,14.45,61.39,1.18,19.0
1994-01-29,0.0,20.93,29.8,13.34,62.56,1.26,18.82
1994-01-30,0.0,22.33,30.28,14.63,60.53,1.09,18.6
1994-01-31,3.67,21.46,28.19,16.16,70.89,1.31,17.02
1994-02-01,0.11,21.89,29.59,14.78,59.22,1.2,18.23
1994-02-02,2.09,20.3,27.65,15.08,63.99,1.83,10.95
1994-02-03,0.01,18.8,26.53,12.85,65.99,1.88,19.66
1994-02-04,1.15,18.92,27.19,11.92,56.39,1.59,18.94
1994-02-05,0.0,19.37,28.23,12.1,48.47,1.98,20.08
1994-02-06,0.0,20.34,29.89,12.03,43.36,1.9,20.66
1994-02-07,0.0,21.41,31.65,13.09,39.98,2.04,20.73
1994-02-08,0.0,21.45,30.78,13.04,37.21,1.85,19.61
1994-02-09,0.39,21.38,29.2,13.23,44.37,1.42,6.48
1994-02-10,0.06,20.05,27.6,13.69,55.49,1.93,18.82
1994-02-11,3.03,19.33,27.42,12.71,51.19,1.77,20.54
1994-02-12,0.0,19.52,27.84,11.63,43.8,1.92,19.96
1994-02-13,0.0,20.45,29.53,13.08,40.32,1.69,20.82
1994-02-14,0.0,19.84,29.51,11.69,35.12,2.12,21.03
1994-02-15,0.0,20.93,31.14,12.41,35.92,1.84,20.63
1994-02-16,0.01,21.38,30.88,13.55,36.57,1.65,20.01
1994-02-17,0.34,21.65,31.66,13.6,37.39,1.71,20.42
1994-02-18,0.0,23.34,31.7,14.86,34.65,1.52,20.2
1994-02-19,0.0,24.01,31.86,16.5,35.61,1.7,21.54
1994-02-20,0.0,23.23,31.83,14.53,25.95,1.6,22.01
1994-02-21,0.0,23.32,32.23,14.08,38.63,1.42,21.63
1994-02-22,3.36,24.04,30.76,18.63,74.76,1.68,18.21
1994-02-23,0.32,22.5,29.96,16.3,52.52,1.78,22.86
1994-02-24,6.83,19.04,27.82,10.83,40.59,2.05,22.93
1994-02-25,0.0,19.49,28.29,11.41,33.01,2.08,22.95
1994-02-26,0.0,20.34,29.43,11.55,31.84,1.98,22.3
1994-02-27,0.0,22.59,30.98,13.83,30.0,1.39,22.27
1994-02-28,0.0,23.3,32.45,16.02,57.65,1.55,21.01
1994-03-01,0.0,24.14,32.75,16.78,65.49,1.71,22.88
1994-03-02,0.0,24.89,32.89,17.99,53.17,1.17,22.25
1994-03-03,0.0,24.55,32.88,16.23,36.24,1.19,22.54
1994-03-04,0.0,24.67,33.01,16.57,39.29,1.3,21.69
1994-03-05,0.0,25.3,34.17,18.66,65.4,2.11,21.16
1994-03-06,0.0,26.06,34.75,18.79,68.91,2.43,19.99
1994-03-07,0.0,26.82,35.36,20.75,53.2,1.63,22.49
1994-03-08,0.0,26.27,35.48,18.23,43.38,1.7,16.18
1994-03-09,0.0,24.9,35.04,15.64,26.62,2.03,24.28
1994-03-10,0.0,24.72,34.46,14.57,23.25,1.75,24.72
1994-03-11,0.0,25.91,34.7,18.07,27.36,1.29,24.19
1994-03-12,0.0,26.08,35.63,17.69,60.09,2.03,24.01
1994-03-13,0.0,26.66,34.55,19.49,66.38,2.7,23.11
1994-03-14,1.14,27.72,35.85,21.14,67.81,2.53,22.83
1994-03-15,2.34,27.75,35.62,22.01,70.14,3.05,23.06
1994-03-16,0.05,28.05,35.88,22.16,69.03,3.43,23.0
1994-03-17,0.15,28.21,36.61,22.56,69.63,3.97,18.7
1994-03-18,0.34,27.8,35.17,22.81,70.86,3.44,22.48
1994-03-19,0.11,27.79,34.96,22.83,71.05,3.57,22.19
1994-03-20,0.0,27.72,35.07,22.52,68.65,3.63,22.39
1994-03-21,0.01,27.88,34.86,23.48,70.65,4.76,20.25
1994-03-22,0.04,28.18,34.76,24.05,70.12,4.58,20.71
1994-03-23,0.05,28.07,35.18,22.99,67.13,3.29,23.79
1994-03-24,0.89,28.7,36.12,23.36,64.63,3.0,22.98
1994-03-25,2.42,28.2,34.52,23.78,68.49,3.8,18.73
1994-03-26,1.76,27.99,33.79,24.63,70.62,4.84,21.99
1994-03-27,16.77,26.46,30.43,23.77,78.37,4.46,17.46
1994-03-28,15.87,27.41,32.79,23.74,76.82,3.32,23.49
1994-03-29,8.54,27.19,32.83,22.81,75.46,2.6,14.45
1994-03-30,18.15,27.08,31.95,23.27,79.52,2.81,4.68
1994-03-31,9.48,27.61,32.7,23.7,76.36,2.96,22.16
1994-04-01,1.14,27.13,31.22,24.56,79.79,3.97,12.39
1994-04-02,8.61,25.49,28.87,22.48,85.77,3.0,10.75
1994-04-03,37.85,24.71,28.65,21.6,80.95,1.27,25.97
1994-04-04,6.51,26.41,31.79,21.28,68.95,0.89,26.57
1994-04-05,0.0,27.53,33.7,22.18,62.74,0.93,25.49
1994-04-06,0.0,28.36,35.1,22.48,67.2,1.9,25.78
1994-04-07,0.0,28.81,35.78,22.65,69.82,2.23,23.61
1994-04-08,0.0,29.49,37.07,23.14,65.93,1.48,25.61
1994-04-09,0.0,30.06,38.05,23.28,56.42,1.56,25.95
1994-04-10,0.0,30.41,38.09,21.68,39.77,1.51,26.51
1994-04-11,0.0,30.52,38.47,22.36,46.36,1.59,26.66
1994-04-12,0.0,30.04,37.29,24.01,57.8,1.26,24.78
1994-04-13,0.0,30.52,38.53,22.6,50.67,1.11,26.41
1994-04-14,0.0,31.54,39.73,22.95,37.39,1.05,26.82
1994-04-15,0.0,31.06,39.59,23.6,53.34,2.27,26.68
1994-04-16,0.0,30.71,38.55,23.89,60.92,2.48,21.22
1994-04-17,0.0,29.89,36.22,25.81,64.57,2.67,23.66
1994-04-18,0.6,29.38,34.95,24.81,64.97,3.08,10.21
1994-04-19,1.22,29.25,34.94,24.57,67.63,3.3,15.56
1994-04-20,7.28,29.05,35.3,25.09,71.13,3.33,24.06
1994-04-21,12.37,27.74,31.96,24.15,78.54,3.07,18.82
1994-04-22,8.53,27.4,31.46,24.45,78.85,2.83,4.24
1994-04-23,4.87,28.24,32.91,23.93,75.16,2.2,17.01
1994-04-24,0.55,29.5,36.37,24.06,66.06,2.23,24.32
1994-04-25,0.11,29.28,36.02,23.59,69.05,2.76,22.89
1994-04-26,5.9,29.32,34.94,24.86,70.37,1.35,25.67
1994-04-27,1.8,29.97,35.97,24.89,61.32,0.78,23.99
1994-04-28,0.11,31.25,38.12,23.8,52.89,1.4,27.03
1994-04-29,0.0,30.36,35.01,25.48,54.42,1.15,27.52
1994-04-30,0.0,31.16,37.95,25.32,59.4,1.31,25.09
1994-05-01,0.0,31.32,37.3,25.8,59.97,1.49,21.94
1994-05-02,0.0,31.21,37.98,27.05,56.94,1.79,9.98
1994-05-03,0.43,32.94,40.37,26.68,51.18,3.02,19.02
1994-05-04,7.93,29.94,34.67,26.85,75.41,3.82,24.6
1994-05-05,0.07,29.49,33.36,26.84,75.87,3.75,24.32
1994-05-06,0.09,29.26,33.36,26.64,77.36,3.33,25.42
1994-05-07,0.26,30.33,35.79,26.21,71.68,3.37,23.27
1994-05-08,2.54,29.27,33.81,26.42,76.82,3.08,15.71
1994-05-09,9.28,28.58,32.91,25.62,76.36,2.4,20.59
1994-05-10,6.48,28.55,33.11,24.59,74.17,1.95,22.0
1994-05-11,1.92,29.77,35.41,24.86,68.76,1.41,25.0
1994-05-12,3.58,30.99,36.95,25.63,65.54,2.02,25.09
1994-05-13,0.16,30.62,35.17,26.25,68.12,2.06,25.27
1994-05-14,0.18,31.28,37.18,26.28,67.07,2.28,23.13
1994-05-15,0.08,31.09,37.11,26.48,66.36,3.0,25.33
1994-05-16,4.43,30.66,36.82,26.49,66.03,3.03,18.58
1994-05-17,13.34,29.55,33.97,26.37,75.11,2.69,24.56
1994-05-18,7.51,28.98,33.9,24.91,72.37,1.3,26.78
1994-05-19,11.39,28.77,33.56,24.59,71.59,1.11,22.33
1994-05-20,5.88,29.12,33.11,26.32,69.95,1.53,13.84
1994-05-21,1.96,28.92,33.05,25.57,72.98,2.3,21.69
1994-05-22,5.22,29.37,33.6,25.9,72.84,2.75,23.9
1994-05-23,0.02,30.07,34.26,27.04,70.73,3.19,17.36
1994-05-24,0.11,29.51,32.25,27.37,75.25,2.95,16.56
1994-05-25,0.99,29.23,32.33,26.77,77.31,2.59,22.16
1994-05-26,4.42,29.44,32.64,26.5,76.25,1.76,17.98
1994-05-27,8.77,29.63,33.6,26.23,77.51,1.73,25.89
1994-05-28,0.34,30.29,35.18,26.17,75.24,2.6,25.89
1994-05-29,0.26,30.44,34.67,27.33,74.8,2.95,25.79
1994-05-30,1.17,30.55,35.88,27.1,73.28,3.32,25.76
1994-05-31,2.91,30.76,35.88,27.37,69.97,3.78,21.89
1994-06-01,6.3,30.28,34.75,26.66,74.56,3.71,21.84
1994-06-02,0.13,30.82,35.7,26.95,71.69,3.9,16.15
1994-06-03,0.17,30.59,35.76,27.05,72.36,4.41,22.37
1994-06-04,0.11,30.58,34.46,27.56,72.1,3.58,23.23
1994-06-05,39.22,29.17,31.78,26.7,82.06,2.15,12.59
1994-06-06,10.51,28.91,32.11,26.2,83.2,1.16,25.54
1994-06-07,5.4,30.38,34.89,26.27,77.8,1.61,26.77
1994-06-08,0.0,29.62,32.77,27.19,79.95,1.83,17.41
1994-06-09,0.0,28.8,31.44,27.04,81.29,2.04,16.18
1994-06-10,0.07,28.67,31.45,27.15,81.96,3.41,10.13
1994-06-11,3.86,28.82,31.81,26.96,82.31,4.07,8.19
1994-06-12,11.88,28.32,30.42,26.77,90.23,3.88,9.17
1994-06-13,13.24,28.87,31.49,27.16,87.33,3.66,8.35
1994-06-14,2.45,28.89,31.56,27.51,87.62,4.12,17.13
1994-06-15,2.58,29.15,32.83,27.09,83.82,3.69,16.56
1994-06-16,14.03,28.95,32.35,26.95,84.0,4.5,13.43
1994-06-17,14.34,28.32,31.16,26.41,87.65,3.7,6.83
1994-06-18,17.88,28.18,31.31,26.43,87.38,4.76,7.01
1994-06-19,11.46,28.52,31.41,25.91,86.6,4.11,17.35
1994-06-20,5.44,28.59,31.06,26.14,86.31,4.31,11.94
1994-06-21,2.32,28.77,31.95,26.61,85.75,3.23,21.3
1994-06-22,1.43,28.67,31.0,27.04,87.01,3.19,19.89
1994-06-23,0.41,28.09,30.68,26.51,87.41,2.5,22.13
1994-06-24,0.27,27.95,30.45,26.21,88.37,2.36,20.3
1994-06-25,0.16,28.85,32.92,26.24,85.43,3.19,11.85
1994-06-26,0.24,28.83,31.78,26.91,82.97,4.71,23.67
1994-06-27,0.7,27.91,30.45,26.46,87.45,4.0,14.4
1994-06-28,23.17,27.6,29.68,26.18,89.42,4.11,9.6
1994-06-29,40.73,27.61,30.37,25.94,87.9,3.6,17.81
1994-06-30,21.2,27.97,30.68,25.91,89.27,2.15,16.24
1994-07-01,3.94,28.64,31.94,26.15,85.87,0.9,19.18
1994-07-02,8.65,27.37,28.94,26.17,91.59,1.99,16.72
1994-07-03,6.65,27.83,30.97,25.55,86.63,3.04,23.81
1994-07-04,14.73,27.58,29.98,25.73,89.68,2.74,20.31
1994-07-05,13.37,28.11,30.74,26.16,88.42,2.74,20.31
1994-07-06,16.67,28.09,31.08,26.2,88.86,2.9,16.03
1994-07-07,22.21,28.09,30.25,26.46,92.31,1.66,9.88
1994-07-08,13.37,27.74,29.22,26.67,92.95,3.07,23.52
1994-07-09,1.26,27.76,30.47,25.84,88.08,3.6,23.25
1994-07-10,0.79,27.96,30.6,25.93,88.01,3.27,24.41
1994-07-11,0.83,28.28,31.23,26.32,87.99,3.48,23.31
1994-07-12,0.34,27.79,30.04,26.13,89.23,3.37,26.5
1994-07-13,0.32,27.48,28.98,26.33,92.6,3.21,15.23
1994-07-14,1.66,28.04,30.71,26.23,89.89,2.16,18.84
1994-07-15,4.12,27.86,30.42,26.3,91.5,2.27,19.01
1994-07-16,13.09,28.27,30.62,26.28,89.61,2.75,21.3
1994-07-17,18.75,28.29,31.76,26.05,87.43,3.3,25.45
1994-07-18,2.36,27.81,30.71,25.74,86.39,3.88,15.46
1994-07-19,5.16,27.52,29.94,25.83,88.15,4.08,10.83
1994-07-20,2.81,27.18,29.75,25.37,90.21,3.76,21.32
1994-07-21,2.09,27.4,29.79,25.47,89.85,2.92,9.0
1994-07-22,3.2,27.36,29.8,25.93,89.46,3.05,18.81
1994-07-23,1.34,27.72,30.47,25.53,87.87,3.02,16.13
1994-07-24,1.52,28.1,31.36,25.9,86.25,3.13,24.01
1994-07-25,0.64,27.67,29.7,26.14,89.15,2.73,16.51
1994-07-26,0.4,26.98,28.64,25.28,91.11,2.15,20.27
1994-07-27,0.6,28.37,32.11,25.29,87.07,2.6,23.14
1994-07-28,1.74,27.94,31.04,26.11,89.95,2.49,13.27
1994-07-29,4.29,27.42,29.23,26.02,90.45,3.62,13.29
1994-07-30,2.1,28.15,31.58,25.68,86.76,4.21,17.94
1994-07-31,0.58,28.23,31.63,25.79,86.16,3.3,21.9
1994-08-01,0.94,28.47,31.89,25.98,87.13,2.07,25.97
1994-08-02,1.2,27.7,30.28,26.2,90.75,3.12,11.73
1994-08-03,1.42,27.56,30.43,25.46,87.6,3.89,17.96
1994-08-04,7.12,27.88,31.01,25.54,88.17,3.26,14.82
1994-08-05,7.85,27.69,30.15,26.1,91.13,1.92,13.32
1994-08-06,21.02,27.56,30.41,25.45,90.81,2.0,14.32
1994-08-07,12.48,27.87,31.22,26.0,89.62,2.77,21.97
1994-08-08,4.2,28.11,31.04,26.25,88.61,3.03,21.46
1994-08-09,3.06,27.7,30.79,25.55,87.52,3.46,19.07
1994-08-10,2.37,27.18,29.02,25.97,90.51,3.88,13.52
1994-08-11,2.18,27.04,28.96,25.82,89.7,4.26,12.03
1994-08-12,17.45,27.58,30.82,25.59,88.29,4.05,15.84
1994-08-13,12.12,27.52,30.49,25.73,89.27,3.55,10.44
1994-08-14,15.17,27.7,29.87,26.06,92.58,2.01,8.65
1994-08-15,40.93,28.65,32.27,25.72,86.04,1.13,20.62
1994-08-16,4.94,28.08,31.49,25.97,87.5,2.67,22.21
1994-08-17,3.82,27.98,31.95,25.35,85.85,3.66,20.52
1994-08-18,0.88,27.45,30.95,24.98,87.09,3.91,19.64
1994-08-19,1.13,27.56,30.88,25.45,87.82,2.76,18.47
1994-08-20,1.24,27.99,31.38,25.68,88.46,1.62,19.15
1994-08-21,1.45,28.32,32.79,25.47,86.91,2.63,8.03
1994-08-22,0.15,26.98,29.33,25.65,89.24,3.56,14.77
1994-08-23,0.88,27.43,30.26,25.53,88.69,3.41,11.59
1994-08-24,1.77,27.55,30.28,26.01,89.29,3.09,9.96
1994-08-25,2.95,27.02,29.07,25.51,90.63,2.73,13.77
1994-08-26,0.63,27.82,31.45,25.32,87.89,1.68,20.7
1994-08-27,10.9,27.61,31.97,25.28,87.12,2.81,22.41
1994-08-28,3.76,27.31,31.87,24.73,88.85,3.0,22.7
1994-08-29,7.54,27.65,31.24,25.02,88.04,3.16,17.43
1994-08-30,0.7,27.43,30.61,25.54,89.66,2.45,22.07
1994-08-31,5.51,26.68,28.43,25.64,93.42,2.09,17.36
1994-09-01,9.95,26.82,29.06,25.47,91.61,2.67,19.98
1994-09-02,0.83,27.34,30.11,25.17,87.81,2.8,22.55
1994-09-03,0.37,27.82,31.46,24.99,86.48,2.7,24.8
1994-09-04,1.51,27.66,31.03,25.25,86.88,3.49,20.81
1994-09-05,1.29,27.83,31.28,25.6,86.67,3.13,21.21
1994-09-06,1.84,27.63,30.94,25.43,88.36,2.21,17.95
1994-09-07,0.13,28.36,32.49,25.12,85.55,1.26,18.23
1994-09-08,0.05,28.05,30.84,25.79,88.23,1.07,12.89
1994-09-09,7.04,27.42,29.38,25.95,93.35,2.1,12.76
1994-09-10,13.23,27.02,29.42,25.06,90.58,1.93,16.55
1994-09-11,1.51,27.47,30.89,24.45,88.13,1.94,11.61
1994-09-12,1.98,27.16,28.51,25.95,94.24,1.98,17.92
1994-09-13,0.8,27.77,30.9,25.7,90.2,2.07,19.23
1994-09-14,0.62,27.95,31.62,25.95,88.57,1.9,23.39
1994-09-15,3.28,27.99,31.77,25.31,86.51,1.28,22.15
1994-09-16,9.72,27.52,30.38,25.84,89.87,2.45,21.75
1994-09-17,4.93,26.93,29.77,25.29,86.66,3.12,17.91
1994-09-18,0.46,27.39,30.65,25.05,85.27,3.52,19.77
1994-09-19,3.56,27.55,30.95,25.29,88.02,2.9,9.82
1994-09-20,8.65,26.74,28.47,25.05,93.04,1.79,13.18
1994-09-21,22.1,27.54,31.35,24.4,85.71,1.48,21.84
1994-09-22,1.12,27.4,30.98,24.16,83.42,1.9,23.07
1994-09-23,0.0,27.47,31.58,23.66,81.74,1.48,22.5
1994-09-24,0.0,27.49,32.08,23.87,80.91,1.89,19.39
1994-09-25,0.0,26.98,31.81,22.72,77.34,1.38,22.62
1994-09-26,0.0,26.67,31.67,21.1,76.73,1.28,22.18
1994-09-27,0.0,27.28,31.62,21.98,72.88,1.24,22.95
1994-09-28,0.02,27.04,31.67,23.04,72.33,1.07,22.81
1994-09-29,0.0,26.79,32.22,21.7,77.7,1.18,21.76
1994-09-30,0.0,27.0,31.45,23.21,80.32,0.95,18.12
1994-10-01,1.1,26.61,30.38,24.1,85.71,1.16,15.37
1994-10-02,0.9,26.88,30.21,24.46,84.36,0.98,12.71
1994-10-03,0.43,26.43,29.16,24.61,86.74,1.27,21.47
1994-10-04,0.56,26.22,29.36,24.14,86.41,1.48,11.96
1994-10-05,3.08,26.34,30.07,23.04,86.85,1.75,16.56
1994-10-06,7.86,26.77,30.08,24.52,85.99,0.91,17.66
1994-10-07,10.1,25.66,28.12,24.13,91.29,1.38,14.15
1994-10-08,5.06,25.59,27.35,23.78,93.02,1.5,17.82
1994-10-09,6.07,26.34,29.13,24.1,90.44,1.96,16.37
1994-10-10,6.31,26.99,29.94,24.96,88.51,2.18,14.26
1994-10-11,1.69,27.21,31.01,23.88,77.13,1.37,20.87
1994-10-12,7.39,26.08,30.57,22.86,75.28,1.07,21.44
1994-10-13,0.04,25.94,31.21,21.59,78.64,1.15,21.46
1994-10-14,0.0,26.24,30.87,21.69,78.76,1.24,21.26
1994-10-15,0.0,26.5,31.61,21.45,72.09,0.94,21.47
1994-10-16,0.0,26.14,31.84,21.74,68.61,1.25,21.66
1994-10-17,0.0,25.84,33.02,19.22,65.54,1.7,20.93
1994-10-18,0.0,26.9,31.7,23.16,64.81,0.81,19.5
1994-10-19,0.0,26.51,31.77,21.97,69.05,1.2,21.44
1994-10-20,0.0,27.62,33.24,23.25,65.71,1.11,20.18
1994-10-21,0.02,27.48,33.25,22.4,70.19,1.13,15.33
1994-10-22,0.27,26.17,29.7,23.31,83.26,1.31,12.83
1994-10-23,0.42,26.24,29.97,23.9,79.44,0.97,13.46
1994-10-24,0.82,26.68,31.71,21.93,72.0,0.85,18.57
1994-10-25,0.64,26.57,31.43,21.75,71.36,1.27,18.87
1994-10-26,0.0,26.25,32.55,21.11,58.61,1.4,19.45
1994-10-27,0.0,25.57,32.47,19.94,54.18,1.17,20.88
1994-10-28,0.0,25.88,32.08,19.54,51.69,1.14,20.3
1994-10-29,0.0,26.13,32.39,19.93,55.54,0.66,19.78
1994-10-30,0.64,26.26,32.09,20.58,65.79,1.13,19.66
1994-10-31,0.03,26.7,32.64,20.6,58.28,0.93,20.22
1994-11-01,0.0,27.32,32.64,21.5,56.1,0.96,20.16
1994-11-02,0.0,26.46,31.87,22.38,58.7,1.63,20.21
1994-11-03,0.15,26.01,32.3,20.49,59.63,1.21,10.01
1994-11-04,0.13,26.85,33.17,20.42,56.51,1.27,19.23
1994-11-05,0.0,26.96,33.46,21.43,54.05,1.23,20.14
1994-11-06,0.0,25.87,32.27,20.59,55.67,1.34,18.06
1994-11-07,0.0,27.4,32.86,21.7,51.22,1.01,15.54
1994-11-08,0.0,25.5,29.44,22.75,62.74,1.26,12.34
1994-11-09,0.0,25.94,32.24,21.08,63.87,1.17,15.27
1994-11-10,0.55,25.83,30.84,22.26,59.63,0.67,7.95
1994-11-11,3.32,25.98,31.13,21.34,63.15,0.61,16.5
1994-11-12,6.67,25.68,31.09,21.72,66.74,0.97,18.63
1994-11-13,2.77,24.64,30.92,20.4,64.54,1.16,18.96
1994-11-14,0.02,23.39,31.06,17.62,56.28,1.72,19.13
1994-11-15,0.14,22.61,30.85,16.38,53.7,1.98,18.77
1994-11-16,0.19,23.2,30.91,16.38,46.79,1.37,18.37
1994-11-17,0.0,24.29,30.69,17.35,43.28,0.82,17.17
1994-11-18,0.0,24.7,31.36,18.75,42.04,0.85,18.83
1994-11-19,0.0,23.66,30.04,16.82,44.64,0.77,18.67
1994-11-20,0.0,23.65,31.32,16.12,50.43,1.12,18.63
1994-11-21,0.0,24.6,31.27,19.2,54.82,0.87,18.73
1994-11-22,0.0,24.75,31.95,18.06,51.86,0.98,17.93
1994-11-23,0.06,25.57,31.78,19.29,50.45,1.01,16.42
1994-11-24,0.04,23.5,27.54,20.19,64.49,1.29,5.84
1994-11-25,0.67,23.04,29.3,18.05,59.3,1.67,9.45
1994-11-26,1.75,23.73,30.02,17.86,60.04,0.79,16.5
1994-11-27,0.0,23.38,30.05,17.38,59.21,1.33,17.19
1994-11-28,0.0,22.92,29.56,17.24,49.24,1.3,17.61
1994-11-29,0.0,23.39,29.58,17.31,42.6,0.93,17.84
1994-11-30,0.0,23.04,29.87,16.91,53.61,0.89,17.38
1994-12-01,0.03,21.81,29.87,15.15,49.38,1.22,17.55
1994-12-02,0.0,21.01,28.89,14.49,50.44,1.53,17.84
1994-12-03,0.0,21.74,29.83,13.83,47.85,1.2,17.77
1994-12-04,0.0,22.84,29.19,15.64,43.61,0.63,17.49
1994-12-05,0.0,21.72,29.28,15.19,45.6,1.13,17.42
1994-12-06,0.0,21.13,30.24,14.14,47.2,1.54,18.35
1994-12-07,0.0,21.19,29.68,13.87,45.35,1.22,17.85
1994-12-08,0.0,21.12,28.38,13.35,46.94,0.99,17.41
1994-12-09,0.0,21.98,29.03,14.57,51.22,0.78,17.29
1994-12-10,0.0,21.49,29.17,14.36,47.09,1.08,16.39
1994-12-11,0.0,22.31,29.6,15.01,57.21,0.94,16.87
1994-12-12,0.0,19.98,28.68,13.02,42.31,1.96,17.09
1994-12-13,0.0,17.05,26.47,9.08,31.71,1.63,17.33
1994-12-14,0.0,17.24,26.2,10.23,34.37,1.52,17.11
1994-12-15,0.0,18.69,27.7,11.8,41.03,1.44,16.89
1994-12-16,0.0,18.72,27.62,11.71,44.86,1.48,17.06
1994-12-17,0.0,18.96,28.78,11.24,42.92,1.8,17.46
1994-12-18,0.0,19.16,28.62,11.23,41.26,1.5,17.27
1994-12-19,0.0,19.93,28.3,13.01,39.62,1.46,16.69
1994-12-20,0.0,19.47,27.22,12.04,38.6,1.39,17.29
1994-12-21,0.0,19.2,27.56,10.97,40.97,1.57,17.33
1994-12-22,0.0,19.62,27.38,12.12,40.86,1.14,17.1
1994-12-23,0.0,19.56,28.09,12.7,41.37,1.18,17.23
1994-12-24,0.0,19.84,28.13,12.75,51.24,1.08,17.34
1994-12-25,0.0,19.91,29.22,12.29,49.3,1.34,17.12
1994-12-26,0.0,19.13,27.87,12.42,43.45,1.69,15.26
1994-12-27,0.0,19.36,27.84,12.02,41.42,1.26,15.82
1994-12-28,0.0,20.14,27.32,14.02,44.45,1.16,16.73
1994-12-29,0.0,19.61,27.74,14.29,44.2,1.33,17.47
1994-12-30,0.0,19.72,27.52,13.28,39.55,1.31,17.36
1994-12-31,0.0,19.11,27.4,12.29,36.15,1.6,16.65
1995-01-01,0.0,19.35,27.62,12.12,39.28,1.32,17.14
1995-01-02,0.0,17.97,26.66,11.9,40.18,1.56,16.64
1995-01-03,0.1,15.81,24.57,8.49,31.87,1.61,16.58
1995-01-04,0.0,15.74,25.66,8.16,33.7,1.73,17.4
1995-01-05,0.0,16.95,27.2,8.44,37.28,1.85,17.37
1995-01-06,0.0,18.55,27.13,12.03,39.42,1.72,17.35
1995-01-07,0.0,19.9,29.34,13.28,39.81,1.73,17.5
1995-01-08,0.0,21.57,29.88,13.39,38.59,1.21,12.83
1995-01-09,0.0,20.68,27.8,16.52,45.63,2.14,9.39
1995-01-10,2.16,19.56,26.68,14.57,61.58,2.66,18.24
1995-01-11,0.01,19.79,27.72,13.64,57.26,2.22,17.88
1995-01-12,0.01,19.77,27.3,12.39,45.51,2.59,7.4
1995-01-13,0.01,19.32,27.23,13.64,50.77,2.18,14.31
1995-01-14,0.0,17.47,26.6,10.27,39.54,2.21,17.58
1995-01-15,0.0,18.42,28.36,9.4,34.89,1.54,17.92
1995-01-16,0.0,21.08,30.47,12.59,34.38,1.16,18.68
1995-01-17,0.0,22.47,30.93,15.39,34.37,1.11,10.07
1995-01-18,0.01,19.72,26.65,14.77,42.96,1.88,8.77
1995-01-19,0.36,18.78,27.92,11.59,47.07,2.23,18.82
1995-01-20,0.02,18.13,27.13,10.31,38.0,1.92,17.7
1995-01-21,0.0,19.47,27.5,12.87,32.95,1.26,17.25
1995-01-22,0.0,18.03,26.52,10.6,38.63,1.67,17.69
1995-01-23,0.0,16.63,26.23,9.1,33.53,1.88,18.47
1995-01-24,0.0,16.36,25.79,9.12,30.11,2.23,18.6
1995-01-25,0.0,16.09,25.63,8.18,30.0,1.79,18.29
1995-01-26,0.0,16.76,26.63,8.72,31.46,1.96,18.55
1995-01-27,0.0,17.37,27.56,8.67,32.38,2.12,18.65
1995-01-28,0.0,18.32,28.38,9.94,31.7,1.75,18.85
1995-01-29,0.0,18.66,28.55,11.57,31.21,1.65,18.87
1995-01-30,0.0,19.36,28.61,12.42,29.86,1.78,18.75
1995-01-31,0.0,18.81,28.32,11.47,32.25,1.79,19.13
1995-02-01,0.0,19.53,27.78,13.07,29.86,1.53,18.74
1995-02-02,0.0,20.11,27.04,14.04,29.31,1.13,15.15
1995-02-03,0.0,20.41,29.26,11.93,30.05,1.31,18.96
1995-02-04,0.0,21.86,29.95,13.77,26.34,1.15,18.95
1995-02-05,0.0,21.84,31.34,14.1,31.07,1.35,15.97
1995-02-06,0.0,21.11,29.89,14.19,47.47,1.83,18.48
1995-02-07,0.0,20.39,29.81,12.87,32.57,1.89,19.76
1995-02-08,0.0,20.25,29.53,11.54,25.77,1.56,19.87
1995-02-09,0.0,21.43,29.3,14.9,44.57,1.29,18.94
1995-02-10,0.01,22.32,30.38,16.33,68.31,1.7,19.43
1995-02-11,0.83,22.54,30.05,16.43,69.13,1.77,15.21
1995-02-12,0.0,23.46,30.71,17.33,67.58,1.29,16.63
1995-02-13,0.01,23.88,32.11,16.79,71.89,2.24,15.59
1995-02-14,0.02,25.21,33.96,18.37,64.72,1.86,18.34
1995-02-15,0.02,25.46,33.87,18.7,67.5,2.28,18.79
1995-02-16,0.02,23.55,29.54,18.03,55.38,2.31,18.22
1995-02-17,0.0,22.53,30.63,13.54,33.43,1.59,22.04
1995-02-18,0.0,22.74,31.33,15.21,46.88,1.82,21.38
1995-02-19,1.25,22.62,29.6,17.19,73.7,1.74,16.21
1995-02-20,2.96,23.11,30.18,17.88,70.15,1.38,21.82
1995-02-21,0.7,23.48,31.43,17.29,68.73,1.85,20.2
1995-02-22,0.0,24.16,32.2,18.64,63.62,1.39,18.48
1995-02-23,0.0,24.62,32.76,17.99,67.96,2.44,20.14
1995-02-24,19.42,23.9,31.25,19.06,70.89,1.82,12.88
1995-02-25,1.18,20.76,29.56,12.37,44.43,2.0,22.92
1995-02-26,0.12,21.99,30.33,15.23,29.15,1.68,22.42
1995-02-27,0.0,22.84,31.26,14.93,29.25,1.24,9.3
1995-02-28,0.19,23.84,31.72,17.43,51.51,1.38,21.74
1995-03-01,0.21,25.17,32.12,18.37,63.68,1.74,21.43
1995-03-02,0.0,25.37,33.92,18.9,46.9,1.55,18.89
1995-03-03,0.0,25.39,34.44,16.06,31.63,1.83,21.34
1995-03-04,0.0,26.15,33.86,18.88,29.97,1.34,19.19
1995-03-05,0.0,26.44,34.22,19.27,27.03,1.51,21.83
1995-03-06,0.0,25.85,35.0,16.68,30.66,1.51,21.23
1995-03-07,0.0,26.35,36.01,18.72,41.68,1.99,20.25
1995-03-08,0.0,26.12,34.92,18.06,37.36,3.05,23.23
1995-03-09,0.0,27.16,35.96,19.67,41.76,2.38,23.06
1995-03-10,0.0,26.02,34.4,18.59,42.72,2.97,23.37
1995-03-11,0.0,26.23,34.43,18.14,40.75,2.37,23.83
1995-03-12,0.0,27.07,34.58,20.48,43.26,2.02,23.79
1995-03-13,0.0,25.7,34.24,17.26,26.85,1.98,23.89
1995-03-14,0.0,26.61,35.42,17.71,19.17,1.59,24.32
1995-03-15,0.0,26.96,36.26,18.49,23.77,1.86,24.23
1995-03-16,0.0,27.23,36.05,18.74,21.4,1.61,24.14
1995-03-17,0.0,28.62,37.05,20.4,47.17,1.44,24.35
1995-03-18,0.0,29.82,37.75,22.96,31.71,1.47,24.62
1995-03-19,0.0,29.89,38.83,22.5,24.2,1.52,24.27
1995-03-20,0.0,29.9,38.81,22.65,23.41,1.62,24.7
1995-03-21,0.0,29.36,39.2,21.15,48.02,1.28,24.64
1995-03-22,0.0,29.64,39.72,21.56,48.35,1.15,24.36
1995-03-23,0.0,30.27,39.91,21.61,45.41,1.24,25.32
1995-03-24,0.0,29.54,39.01,20.68,55.25,2.61,25.12
1995-03-25,0.0,30.24,39.45,23.25,60.96,3.01,25.33
1995-03-26,0.0,29.19,35.18,24.01,61.95,1.92,23.68
1995-03-27,0.0,27.36,32.51,23.21,66.64,1.86,14.2
1995-03-28,0.07,27.94,35.67,20.9,61.15,2.62,23.79
1995-03-29,0.04,28.71,35.86,22.33,61.29,3.33,22.57
1995-03-30,0.95,29.22,36.4,22.95,63.93,3.68,24.25
1995-03-31,8.86,28.74,34.87,24.17,70.61,3.1,18.5
1995-04-01,3.39,29.41,36.86,23.55,64.09,1.92,23.19
1995-04-02,8.81,29.45,36.22,23.87,62.05,1.23,21.71
1995-04-03,0.0,30.08,39.16,22.9,46.19,1.57,24.4
1995-04-04,0.0,30.82,39.13,22.63,22.26,1.4,13.29
1995-04-05,0.0,29.11,37.13,21.59,48.05,1.81,14.36
1995-04-06,0.0,30.15,37.57,23.41,54.75,2.86,25.76
1995-04-07,1.14,29.69,36.5,24.36,63.24,3.98,25.34
1995-04-08,12.64,28.9,35.4,24.66,71.97,4.56,24.51
1995-04-09,23.29,28.28,32.85,25.11,78.12,4.08,22.96
1995-04-10,0.08,29.61,36.92,24.11,67.06,2.31,22.78
1995-04-11,0.1,30.45,38.14,24.02,62.21,1.89,23.49
1995-04-12,4.63,30.59,37.66,24.56,62.95,2.46,26.47
1995-04-13,14.79,28.96,35.22,25.19,71.17,2.97,18.72
1995-04-14,18.54,28.44,33.07,24.68,74.17,2.86,24.28
1995-04-15,0.0,29.2,35.87,24.2,69.01,2.2,24.47
1995-04-16,0.34,29.32,36.9,22.91,65.04,1.85,24.83
1995-04-17,0.86,30.14,37.72,24.03,61.08,1.52,25.96
1995-04-18,0.0,30.83,38.73,24.28,59.02,1.71,26.82
1995-04-19,0.0,31.67,39.97,25.0,59.23,2.07,26.97
1995-04-20,0.0,30.84,37.8,26.56,65.15,3.21,26.69
1995-04-21,0.0,30.65,36.74,26.49,54.61,2.12,23.76
1995-04-22,0.01,30.54,38.12,25.05,59.03,2.07,26.62
1995-04-23,0.0,29.64,35.68,25.17,64.26,2.15,22.26
1995-04-24,0.0,29.72,35.49,25.35,70.82,2.72,22.16
1995-04-25,0.0,30.96,38.47,24.86,66.32,3.24,25.91
1995-04-26,0.0,31.15,38.67,25.61,64.75,3.55,26.87
1995-04-27,0.0,31.01,38.07,25.75,66.55,3.54,25.45
1995-04-28,0.03,30.88,37.42,25.75,64.47,3.6,26.92
1995-04-29,0.22,31.17,37.89,25.95,62.91,3.81,26.03
1995-04-30,0.17,31.47,38.47,25.59,64.14,3.45,26.83
1995-05-01,0.21,31.32,37.62,26.82,64.64,4.01,19.6
1995-05-02,0.02,31.24,37.47,27.11,65.13,3.7,25.87
1995-05-03,0.07,32.16,39.14,26.76,61.03,3.15,25.96
1995-05-04,0.01,32.08,38.67,27.18,59.06,3.3,25.38
1995-05-05,0.02,31.61,37.47,27.25,60.54,2.95,21.93
1995-05-06,0.57,30.64,34.5,27.64,64.04,2.54,25.78
1995-05-07,1.82,30.83,35.59,26.81,63.58,1.62,26.49
1995-05-08,0.63,30.64,35.41,26.8,60.56,1.51,25.2
1995-05-09,5.28,29.76,33.61,26.34,65.02,1.61,21.22
1995-05-10,0.26,29.59,33.27,26.0,61.61,1.22,11.12
1995-05-11,0.09,29.89,34.91,25.6,61.11,1.61,14.16
1995-05-12,0.23,28.08,29.65,26.27,78.09,2.59,17.44
1995-05-13,1.72,28.45,31.5,26.09,77.51,2.92,23.98
1995-05-14,1.66,28.77,32.33,26.13,77.81,4.23,22.21
1995-05-15,2.46,28.97,32.32,26.72,77.43,6.43,8.18
1995-05-16,18.7,29.18,32.95,27.24,77.71,8.78,5.85
1995-05-17,70.59,27.42,28.35,26.63,89.81,7.77,5.99
1995-05-18,27.76,28.28,31.44,26.35,87.88,4.44,23.98
1995-05-19,9.02,27.97,31.96,25.29,83.54,3.92,26.43
1995-05-20,0.0,28.26,32.72,25.04,77.39,4.03,21.54
1995-05-21,0.0,28.7,33.07,25.67,75.5,4.31,17.56
1995-05-22,0.44,29.14,33.95,25.92,74.29,3.71,26.59
1995-05-23,1.08,29.17,34.08,25.36,75.29,3.53,26.07
1995-05-24,0.36,29.27,32.96,26.51,76.13,2.65,26.27
1995-05-25,0.0,30.21,35.91,25.41,72.41,2.75,26.94
1995-05-26,1.12,30.16,34.95,26.27,74.43,2.74,26.14
1995-05-27,0.84,30.08,34.97,26.36,75.72,2.81,24.33
1995-05-28,0.0,29.79,34.17,26.81,75.42,3.31,25.32
1995-05-29,0.0,30.42,35.83,26.52,71.81,3.28,25.71
1995-05-30,0.0,30.69,36.23,26.51,68.33,3.27,28.18
1995-05-31,0.0,31.0,36.53,26.95,66.53,2.89,26.2
1995-06-01,0.0,30.7,34.93,27.17,69.06,2.85,24.11
1995-06-02,0.26,30.24,33.23,27.58,74.49,2.54,21.29
1995-06-03,8.12,29.38,32.38,27.55,80.1,2.75,21.96
1995-06-04,17.83,28.48,30.56,27.11,87.03,2.85,10.84
1995-06-05,1.11,28.74,31.25,26.85,82.34,2.5,21.28
1995-06-06,1.33,29.27,32.39,26.9,80.13,3.15,16.61
1995-06-07,2.72,29.26,32.28,27.55,84.02,2.92,17.23
1995-06-08,2.55,29.14,31.48,27.5,86.16,3.41,24.21
1995-06-09,0.81,29.33,31.62,27.83,84.04,2.56,26.59
1995-06-10,0.42,29.59,32.54,27.39,80.29,2.32,24.19
1995-06-11,10.89,30.31,35.05,27.05,77.91,2.7,14.8
1995-06-12,34.24,27.78,28.98,26.75,88.81,4.29,6.83
1995-06-13,39.86,27.57,28.93,26.69,90.04,4.31,8.18
1995-06-14,29.11,28.16,30.27,26.52,89.52,3.8,17.64
1995-06-15,2.02,29.22,32.07,26.95,84.48,4.11,21.59
1995-06-16,0.35,29.43,32.1,27.39,83.04,4.37,11.78
1995-06-17,24.47,28.29,30.07,27.15,90.43,3.54,5.43
1995-06-18,19.53,27.88,29.74,26.49,90.66,3.21,13.7
1995-06-19,12.7,27.88,29.5,26.93,91.28,3.63,15.02
1995-06-20,19.15,27.73,29.14,26.89,91.79,3.16,6.05
1995-06-21,10.84,28.12,30.7,26.4,89.55,2.88,20.73
1995-06-22,3.02,27.78,29.28,26.86,89.65,3.92,18.0
1995-06-23,4.32,28.29,30.83,26.7,89.3,4.22,11.01
1995-06-24,3.32,28.34,30.82,26.61,87.33,4.35,17.02
1995-06-25,3.1,28.43,31.48,26.15,86.39,3.8,20.81
1995-06-26,1.74,28.54,31.91,26.26,85.76,3.37,23.65
1995-06-27,0.74,28.41,31.46,26.03,85.05,2.74,19.24
1995-06-28,2.68,28.43,31.23,26.49,87.19,2.9,19.25
1995-06-29,0.35,28.55,31.04,26.99,88.16,3.39,23.03
1995-06-30,0.16,28.4,30.25,26.99,88.28,4.68,19.21
1995-07-01,0.25,28.79,30.91,27.53,88.54,4.45,8.58
1995-07-02,31.26,28.43,30.0,27.33,91.03,6.17,8.98
1995-07-03,35.49,28.15,30.5,26.58,89.2,3.66,10.21
1995-07-04,17.01,28.06,30.26,26.48,91.16,3.67,4.2
1995-07-05,27.13,27.9,30.21,26.4,89.83,3.6,5.4
1995-07-06,17.12,28.17,30.96,26.28,88.36,3.69,16.18
1995-07-07,6.37,28.33,31.42,26.29,87.69,3.18,18.17
1995-07-08,5.63,28.24,30.58,26.46,91.08,2.14,22.45
1995-07-09,0.23,28.05,29.94,26.51,93.37,1.97,15.42
1995-07-10,0.24,27.51,29.66,25.87,89.64,2.29,16.77
1995-07-11,1.05,27.81,30.59,26.19,90.17,3.24,9.11
1995-07-12,2.12,28.2,30.18,26.73,90.62,3.72,12.67
1995-07-13,2.23,28.35,30.86,26.8,89.18,3.82,18.23
1995-07-14,1.54,28.48,30.9,26.76,88.79,3.64,24.31
1995-07-15,0.82,27.9,29.5,27.02,91.18,3.9,16.76
1995-07-16,13.94,27.74,29.55,26.34,92.56,3.6,9.08
1995-07-17,17.19,28.27,31.6,26.28,90.44,3.01,16.44
1995-07-18,4.06,27.8,30.43,26.38,91.39,3.81,24.98
1995-07-19,0.94,27.73,30.63,25.07,89.31,3.65,21.93
1995-07-20,6.77,27.99,30.69,26.18,88.27,4.51,24.36
1995-07-21,12.85,26.85,28.12,25.48,91.77,5.07,11.39
1995-07-22,10.49,27.25,29.75,25.72,88.09,5.49,6.49
1995-07-23,7.39,27.6,30.5,25.22,86.99,4.82,20.6
1995-07-24,6.02,27.85,30.84,25.89,87.84,3.15,25.61
1995-07-25,3.51,28.17,31.81,25.43,85.71,2.57,23.2
1995-07-26,0.2,28.4,32.09,25.34,88.71,2.06,18.7
1995-07-27,0.66,28.18,30.85,26.31,88.95,2.53,14.27
1995-07-28,6.78,27.33,29.57,25.52,89.78,2.82,23.51
1995-07-29,9.6,27.56,29.85,25.97,90.21,2.94,19.07
1995-07-30,14.9,28.26,31.09,26.22,89.75,1.76,9.92
1995-07-31,14.28,28.09,31.13,26.19,89.7,1.63,19.02
1995-08-01,9.11,28.2,31.04,26.44,88.87,2.88,17.26
1995-08-02,10.56,27.5,29.96,26.24,90.67,3.75,16.79
1995-08-03,12.33,27.25,29.4,25.93,90.32,4.14,10.13
1995-08-04,6.89,27.14,29.42,25.76,92.58,3.15,14.37
1995-08-05,8.88,28.22,31.11,26.27,89.78,2.75,20.62
1995-08-06,7.11,28.28,30.54,26.81,91.09,2.43,15.79
1995-08-07,8.93,27.99,30.64,26.54,90.4,2.67,23.59
1995-08-08,4.07,27.7,30.31,26.31,88.13,4.89,13.86
1995-08-09,4.39,27.54,30.56,25.39,87.41,4.08,22.89
1995-08-10,1.98,27.78,30.68,25.65,88.19,3.23,18.98
1995-08-11,1.22,27.2,29.32,25.82,90.4,3.48,12.83
1995-08-12,1.86,27.08,28.92,25.83,93.28,3.1,7.37
1995-08-13,35.51,27.1,29.17,26.08,91.45,3.03,5.39
1995-08-14,38.41,27.38,29.76,25.67,92.05,2.1,18.9
1995-08-15,20.0,27.47,30.53,25.61,89.58,3.34,20.38
1995-08-16,0.58,27.69,31.46,25.29,88.97,3.13,18.56
1995-08-17,4.85,27.47,30.67,25.41,88.71,3.73,17.55
1995-08-18,8.63,27.12,29.23,25.79,91.61,3.05,7.73
1995-08-19,16.17,27.41,30.3,25.67,90.48,2.76,12.84
1995-08-20,17.81,27.58,30.51,25.81,91.32,2.78,9.6
1995-08-21,18.29,27.28,29.05,26.12,92.81,2.27,16.58
1995-08-22,0.83,27.6,30.5,25.68,89.88,2.32,21.1
1995-08-23,1.22,27.66,30.77,25.11,89.08,2.51,21.12
1995-08-24,2.78,27.49,30.42,25.71,91.81,1.99,16.36
1995-08-25,18.13,28.38,32.84,25.77,89.03,1.52,17.74
1995-08-26,44.35,28.24,31.63,25.8,88.71,1.26,18.75
1995-08-27,22.9,28.64,31.84,26.03,88.7,1.09,21.78
1995-08-28,0.61,28.06,30.88,26.46,91.53,1.37,22.03
1995-08-29,0.46,29.2,33.46,25.7,85.25,1.31,23.47
1995-08-30,12.31,28.21,31.06,26.15,88.99,2.47,22.05
1995-08-31,21.49,28.35,31.81,26.43,90.15,2.77,23.14
1995-09-01,2.62,27.77,29.99,26.7,91.48,2.82,21.81
1995-09-02,3.27,27.95,30.04,27.03,93.38,2.99,15.5
1995-09-03,7.38,27.35,29.03,26.42,94.45,3.13,9.15
1995-09-04,4.93,27.6,30.29,25.74,90.39,3.74,14.77
1995-09-05,2.31,27.48,29.84,25.25,91.63,4.38,6.54
1995-09-06,4.8,26.97,28.81,25.44,93.53,2.02,10.5
1995-09-07,1.34,27.89,31.07,25.36,88.11,1.89,19.14
1995-09-08,0.02,28.46,32.04,25.28,85.92,1.09,19.94
1995-09-09,1.11,27.23,29.08,25.53,92.44,1.79,8.64
1995-09-10,0.82,26.53,28.31,25.19,90.11,1.18,10.5
1995-09-11,2.18,27.42,30.12,25.42,86.52,0.86,19.68
1995-09-12,0.15,27.68,30.08,25.41,87.03,0.73,16.53
1995-09-13,0.08,28.06,31.41,25.01,86.53,1.32,21.59
1995-09-14,0.11,27.14,29.06,25.15,90.63,1.22,22.38
1995-09-15,0.02,27.29,29.4,25.7,92.29,1.55,17.94
1995-09-16,0.07,26.83,28.25,25.45,93.73,1.99,11.04
1995-09-17,3.68,27.15,29.19,25.73,91.94,3.35,13.02
1995-09-18,10.74,27.45,30.43,25.88,91.24,2.53,18.73
1995-09-19,8.88,27.24,29.2,25.87,92.43,1.93,16.53
1995-09-20,1.97,27.39,29.3,25.86,91.79,2.15,18.21
1995-09-21,1.79,27.08,28.67,25.96,92.7,2.89,12.48
1995-09-22,2.28,27.16,28.63,26.2,92.95,2.83,14.38
1995-09-23,4.06,26.98,28.64,25.97,93.05,2.41,14.3
1995-09-24,5.44,26.92,29.04,25.77,94.22,2.2,19.66
1995-09-25,3.34,26.59,28.45,25.35,93.49,2.73,15.66
1995-09-26,12.08,26.39,28.11,25.33,92.61,2.88,14.09
1995-09-27,13.68,26.5,28.95,24.75,91.41,3.1,12.67
1995-09-28,10.27,26.25,27.97,25.02,93.97,2.11,10.68
1995-09-29,1.94,26.35,29.51,24.14,89.8,2.05,19.48
1995-09-30,3.19,26.88,30.08,24.49,88.18,1.61,18.16
1995-10-01,4.25,27.61,31.32,24.34,86.1,1.03,19.73
1995-10-02,2.08,27.83,31.47,25.23,86.33,1.08,21.45
1995-10-03,0.11,27.44,30.89,24.97,85.9,0.98,16.52
1995-10-04,0.17,26.47,28.61,24.48,87.57,0.7,19.11
1995-10-05,2.9,26.63,28.97,24.64,89.41,1.07,17.94
1995-10-06,3.62,26.05,28.5,24.38,91.34,1.18,14.25
1995-10-07,0.93,25.87,27.52,24.31,89.49,1.04,10.17
1995-10-08,6.02,25.58,28.31,23.5,88.92,0.95,11.95
1995-10-09,14.79,26.88,31.07,23.41,85.53,1.15,14.38
1995-10-10,6.18,27.27,31.33,23.65,83.18,0.84,20.84
1995-10-11,0.03,27.42,31.12,23.97,84.79,0.93,20.7
1995-10-12,0.22,27.53,30.62,24.23,83.88,1.2,19.31
1995-10-13,0.18,26.84,30.77,23.77,85.64,1.66,20.16
1995-10-14,0.0,26.37,31.02,22.65,84.43,1.76,21.09
1995-10-15,0.0,26.21,31.02,21.7,81.63,1.56,21.28
1995-10-16,0.0,27.27,31.76,22.73,79.76,1.02,20.78
1995-10-17,0.0,26.98,30.08,23.84,84.97,1.02,19.22
1995-10-18,3.31,26.67,30.07,23.95,87.79,1.28,9.35
1995-10-19,5.63,26.2,28.63,24.61,90.16,1.44,11.13
1995-10-20,2.08,25.66,28.63,24.04,91.62,1.28,19.21
1995-10-21,0.24,25.92,28.34,23.82,86.51,0.9,10.96
1995-10-22,8.3,25.92,28.84,23.46,85.21,0.76,18.12
1995-10-23,0.62,25.89,29.66,23.45,85.47,1.74,20.16
1995-10-24,0.0,25.73,29.84,22.21,83.08,1.77,20.21
1995-10-25,0.0,25.66,30.27,22.04,83.28,1.29,19.75
1995-10-26,0.0,24.49,29.78,19.95,82.42,1.33,19.62
1995-10-27,0.0,24.51,29.67,19.8,86.26,1.95,20.2
1995-10-28,0.0,24.8,30.27,21.48,84.12,1.98,19.35
1995-10-29,0.0,24.94,30.01,19.75,83.66,1.43,20.22
1995-10-30,0.03,25.17,28.68,22.79,83.98,1.17,16.97
1995-10-31,0.01,23.48,26.46,21.49,86.68,2.33,11.05
1995-11-01,0.81,23.53,26.35,21.16,89.79,1.94,6.82
1995-11-02,1.32,23.67,25.5,22.04,93.36,2.01,16.1
1995-11-03,0.07,24.48,27.83,21.99,87.05,2.39,18.31
1995-11-04,0.7,23.75,28.26,19.7,80.63,1.62,17.98
1995-11-05,0.1,23.63,29.04,18.41,81.16,1.49,18.43
1995-11-06,0.0,24.38,29.39,19.66,82.32,1.4,18.43
1995-11-07,0.0,25.06,29.95,20.63,86.59,1.44,18.78
1995-11-08,0.0,26.22,31.18,22.05,85.41,1.17,14.84
1995-11-09,0.51,25.45,27.73,24.06,92.45,1.4,5.66
1995-11-10,25.5,25.9,27.83,24.93,95.24,3.18,3.28
1995-11-11,25.3,25.97,29.33,23.41,89.53,1.48,10.56
1995-11-12,3.81,24.03,28.16,20.55,88.64,1.57,17.58
1995-11-13,0.1,22.31,26.94,17.66,80.4,1.14,18.44
1995-11-14,0.0,23.04,28.51,18.15,83.18,1.41,18.59
1995-11-15,0.0,23.97,30.05,18.64,84.32,1.07,18.85
1995-11-16,0.0,24.26,29.48,19.53,85.37,1.02,15.05
1995-11-17,0.0,25.1,29.11,21.12,78.69,0.95,12.48
1995-11-18,0.34,23.46,25.21,21.94,86.96,0.81,5.44
1995-11-19,3.72,23.01,26.28,20.84,88.31,1.31,8.29
1995-11-20,0.61,22.78,27.13,19.51,87.48,1.56,17.63
1995-11-21,0.08,22.08,27.27,18.18,83.36,1.66,16.69
1995-11-22,0.0,20.7,26.27,15.66,74.33,1.54,16.99
1995-11-23,0.0,20.42,25.74,14.43,79.89,1.29,15.47
1995-11-24,0.08,20.88,24.71,18.11,87.6,1.52,5.81
1995-11-25,8.93,19.57,22.05,17.82,92.07,4.46,5.95
1995-11-26,9.58,20.88,26.05,16.57,83.38,1.47,16.8
1995-11-27,2.33,18.54,24.92,13.09,77.32,1.59,16.41
1995-11-28,0.0,18.15,23.95,12.97,71.89,1.57,16.13
1995-11-29,0.0,18.5,24.73,12.99,77.43,1.44,16.97
1995-11-30,0.0,18.91,25.17,13.65,82.78,1.76,16.61
1995-12-01,0.0,18.69,24.26,13.8,67.68,1.46,16.97
1995-12-02,0.0,18.38,24.28,12.07,66.65,1.39,16.98
1995-12-03,0.0,18.43,23.6,12.87,70.72,1.23,16.2
1995-12-04,0.0,18.35,23.39,13.17,70.66,1.0,15.7
1995-12-05,0.0,18.56,23.92,12.59,71.38,1.12,16.71
1995-12-06,0.0,18.75,23.98,13.11,78.48,1.12,16.41
1995-12-07,0.0,19.14,24.68,14.41,80.62,0.98,15.79
1995-12-08,0.0,18.88,24.44,13.56,75.2,0.98,15.68
1995-12-09,0.0,19.06,24.61,13.63,72.52,0.89,16.43
1995-12-10,0.0,18.88,24.0,13.43,72.82,1.0,15.51
1995-12-11,0.0,18.42,24.42,13.16,76.18,1.41,16.34
1995-12-12,0.0,19.29,24.72,12.98,72.65,0.87,15.18
1995-12-13,0.0,19.48,24.92,13.24,69.74,1.02,14.91
1995-12-14,0.0,18.78,24.17,13.8,66.13,1.08,14.66
1995-12-15,0.0,18.66,23.78,13.23,58.6,0.87,16.54
1995-12-16,0.0,18.03,23.98,12.44,62.21,1.32,15.86
1995-12-17,0.0,17.31,23.81,12.46,69.25,1.38,16.28
1995-12-18,0.0,17.52,23.72,10.71,67.17,1.34,16.36
1995-12-19,0.0,17.96,24.02,11.67,67.31,0.95,14.39
1995-12-20,0.0,17.79,23.7,11.42,68.08,1.24,14.71
1995-12-21,0.0,18.65,24.1,11.51,69.61,0.96,15.64
1995-12-22,0.0,18.39,24.53,11.47,73.16,1.23,16.95
1995-12-23,0.0,18.84,25.46,12.57,72.14,1.22,15.39
1995-12-24,0.04,19.44,25.97,14.03,75.08,1.35,17.19
1995-12-25,0.31,19.12,26.25,12.82,73.98,1.37,18.5
1995-12-26,0.0,18.48,25.24,13.35,73.71,1.56,17.44
1995-12-27,0.0,17.58,24.14,11.56,71.64,1.78,17.82
1995-12-28,0.0,18.52,23.81,13.17,59.25,0.77,16.01
1995-12-29,0.0,18.38,23.55,13.03,59.8,0.77,17.63
1995-12-30,0.0,18.33,24.22,12.24,67.26,0.77,17.48
1995-12-31,0.0,19.3,24.76,13.06,72.26,0.97,17.45
1996-01-01,0.0,19.71,25.04,13.34,70.1,0.71,14.78
1996-01-02,0.0,19.11,24.74,13.71,69.67,1.2,15.61
1996-01-03,0.0,20.43,25.76,15.14,63.57,0.97,17.2
1996-01-04,0.0,19.12,25.13,14.44,68.91,0.95,13.34
1996-01-05,0.0,17.67,24.13,11.65,75.8,1.61,15.56
1996-01-06,0.02,17.81,24.02,11.91,70.53,1.34,16.2
1996-01-07,0.0,18.36,24.2,11.71,65.74,1.33,16.56
1996-01-08,0.0,18.14,24.45,11.02,65.8,1.31,17.13
1996-01-09,0.0,18.26,24.35,11.71,65.03,1.13,17.24
1996-01-10,0.0,18.05,23.96,11.93,64.81,1.18,16.35
1996-01-11,0.0,18.78,24.63,12.73,67.92,0.94,15.74
1996-01-12,0.0,20.66,25.63,16.18,75.64,0.78,13.93
1996-01-13,0.0,18.91,24.48,11.97,59.21,1.2,15.5
1996-01-14,0.0,17.87,23.94,11.23,53.24,1.03,16.2
1996-01-15,0.0,17.42,25.17,10.82,60.79,1.56,16.76
1996-01-16,0.0,18.73,26.75,12.0,67.09,1.23,18.34
1996-01-17,1.21,20.37,25.39,16.02,82.16,1.07,12.9
1996-01-18,0.08,18.39,24.45,13.71,74.92,1.8,16.21
1996-01-19,0.0,16.38,23.51,10.01,64.7,1.8,15.68
1996-01-20,0.0,15.84,22.61,9.64,59.25,1.73,15.76
1996-01-21,0.0,15.69,23.66,9.21,58.79,1.6,16.23
1996-01-22,0.0,15.62,23.48,9.08,60.75,1.8,17.21
1996-01-23,0.0,16.17,24.09,8.82,56.88,1.74,16.49
1996-01-24,0.0,19.46,26.66,12.78,50.44,1.04,16.08
1996-01-25,0.0,18.12,24.77,10.69,51.06,1.31,17.48
1996-01-26,0.0,18.96,24.84,12.72,45.46,0.8,18.78
1996-01-27,0.0,16.92,24.66,10.47,54.85,1.62,17.01
1996-01-28,0.0,17.55,25.44,9.63,55.26,1.56,17.07
1996-01-29,0.0,17.81,25.19,11.06,48.8,1.53,18.46
1996-01-30,0.0,17.99,25.55,12.47,41.16,1.42,19.49
1996-01-31,0.0,16.62,25.39,8.86,42.33,1.82,18.97
1996-02-01,2.18,18.42,26.11,9.54,41.92,1.13,19.05
1996-02-02,0.0,20.32,27.39,12.06,40.82,0.69,19.52
1996-02-03,0.0,20.43,28.47,13.53,50.35,1.1,18.96
1996-02-04,0.0,19.66,28.48,11.9,50.17,1.54,19.61
1996-02-05,0.0,20.29,28.77,11.72,48.37,1.37,19.93
1996-02-06,0.0,22.28,28.7,15.47,34.9,0.7,19.58
1996-02-07,0.0,21.99,28.65,13.64,35.79,0.75,19.12
1996-02-08,0.0,21.64,28.72,14.34,40.48,0.91,19.47
1996-02-09,0.0,21.77,29.96,13.14,41.69,1.08,19.67
1996-02-10,0.0,21.73,31.16,13.88,50.13,1.34,19.01
1996-02-11,0.0,22.56,30.0,15.8,59.0,1.01,19.76
1996-02-12,0.0,20.65,26.15,15.78,57.05,2.75,19.09
1996-02-13,0.0,19.28,27.51,12.51,54.44,2.18,20.03
1996-02-14,0.0,19.51,27.94,11.75,49.77,1.85,20.91
1996-02-15,0.0,20.84,29.03,12.73,41.99,1.48,21.22
1996-02-16,0.0,21.18,29.75,13.89,42.64,1.76,21.1
1996-02-17,0.0,20.96,29.95,12.6,39.59,2.12,20.64
1996-02-18,0.0,21.16,29.69,12.35,36.15,1.58,20.68
1996-02-19,0.0,22.23,30.1,14.15,33.94,1.28,21.19
1996-02-20,0.0,22.21,30.74,15.11,62.76,1.9,9.55
1996-02-21,0.0,22.88,30.33,17.46,73.22,1.93,12.78
1996-02-22,2.91,23.49,29.96,18.55,75.72,1.79,16.65
1996-02-23,16.47,23.8,29.62,19.65,80.54,1.37,15.64
1996-02-24,5.22,23.62,29.53,18.97,78.62,1.84,18.93
1996-02-25,0.58,24.36,31.11,18.72,77.44,2.3,18.55
1996-02-26,0.59,25.23,31.42,20.89,74.71,1.74,17.14
1996-02-27,2.24,24.96,32.3,19.22,68.63,2.03,21.9
1996-02-28,0.83,24.46,31.3,17.88,57.14,1.86,20.16
1996-02-29,0.08,23.86,31.76,17.12,48.97,1.49,22.56
1996-03-01,0.0,23.27,32.3,15.89,38.0,1.76,22.36
1996-03-02,0.0,22.89,30.84,14.27,42.5,1.4,22.29
1996-03-03,0.0,24.38,31.09,18.41,41.01,0.94,17.73
1996-03-04,0.0,23.77,31.99,16.29,52.51,1.1,22.61
1996-03-05,0.0,25.08,32.57,17.85,59.0,1.22,22.38
1996-03-06,0.0,25.69,32.85,18.98,46.82,1.29,20.26
1996-03-07,0.0,26.03,33.26,18.75,45.1,1.34,21.58
1996-03-08,0.0,25.58,33.87,18.46,61.83,1.79,20.29
1996-03-09,0.0,26.04,34.3,19.23,68.55,1.86,17.82
1996-03-10,0.07,26.3,33.94,20.11,70.03,2.01,19.83
1996-03-11,0.0,26.83,34.41,19.98,67.89,2.53,19.17
1996-03-12,1.06,26.91,33.63,21.73,72.07,3.47,23.11
1996-03-13,11.66,26.47,32.47,22.68,77.63,5.02,22.71
1996-03-14,7.18,26.77,31.65,23.58,79.07,4.58,22.59
1996-03-15,0.05,27.19,32.53,23.45,74.76,4.25,22.62
1996-03-16,0.0,27.64,34.35,23.26,74.91,4.13,20.67
1996-03-17,0.0,28.24,35.59,23.14,70.12,2.81,23.03
1996-03-18,0.0,28.89,36.81,23.1,64.77,2.07,22.39
1996-03-19,0.0,28.05,35.53,22.42,61.06,1.49,16.09
1996-03-20,0.0,29.61,37.59,22.88,60.68,1.83,20.78
1996-03-21,0.0,29.78,37.26,23.98,58.35,1.8,20.23
1996-03-22,0.0,28.68,35.57,22.92,65.48,2.2,21.67
1996-03-23,0.43,28.69,36.19,22.48,65.3,3.16,20.6
1996-03-24,1.05,28.38,35.0,22.61,66.43,2.27,20.62
1996-03-25,0.03,28.89,36.0,23.28,66.15,3.34,21.17
1996-03-26,0.06,27.85,32.76,23.89,73.55,4.91,15.02
1996-03-27,14.82,28.68,35.07,24.99,74.2,3.54,19.47
1996-03-28,20.32,27.43,32.15,23.98,80.65,3.05,20.75
1996-03-29,9.06,27.49,32.1,24.21,78.21,4.23,22.56
1996-03-30,1.97,27.9,32.42,25.06,72.72,4.42,18.45
1996-03-31,0.12,27.9,33.22,24.5,74.33,4.32,18.57
1996-04-01,3.65,28.29,35.41,22.46,66.95,2.27,11.59
1996-04-02,2.88,26.21,33.3,20.83,66.53,1.65,21.37
1996-04-03,0.0,27.15,34.89,20.38,61.9,1.74,22.15
1996-04-04,0.0,27.9,35.56,20.58,60.24,2.55,22.76
1996-04-05,0.06,28.6,36.09,22.04,63.83,2.55,23.09
1996-04-06,0.0,28.44,36.37,21.57,63.22,2.04,20.96
1996-04-07,0.02,28.86,36.89,21.85,63.43,2.2,20.42
1996-04-08,0.03,29.68,38.35,22.92,63.61,3.11,20.47
1996-04-09,0.0,29.25,36.61,23.74,68.75,3.29,23.07
1996-04-10,0.0,29.36,37.0,23.29,67.61,2.4,22.54
1996-04-11,0.0,28.7,34.84,24.26,66.35,1.54,20.39
1996-04-12,0.0,29.14,34.61,24.42,57.65,0.62,21.6
1996-04-13,0.0,29.29,35.12,24.56,56.53,0.99,24.25
1996-04-14,0.0,28.68,34.08,24.73,64.38,1.15,17.13
1996-04-15,0.0,29.07,34.59,25.04,60.52,1.1,21.49
1996-04-16,0.0,29.62,36.57,24.19,62.76,1.87,23.02
1996-04-17,0.0,30.8,37.92,25.03,59.66,2.19,24.89
1996-04-18,0.0,29.37,34.37,25.25,68.54,2.4,20.98
1996-04-19,2.35,29.67,35.36,25.27,70.79,2.87,22.37
1996-04-20,6.71,29.41,34.87,25.96,75.56,3.09,23.59
1996-04-21,0.0,29.8,35.98,25.7,70.04,2.87,24.31
1996-04-22,0.13,28.56,32.3,25.26,73.53,3.04,20.85
1996-04-23,3.32,28.69,32.72,25.83,72.32,3.07,23.04
1996-04-24,10.51,27.94,31.93,25.32,77.73,2.66,23.9
1996-04-25,21.04,26.46,29.24,24.28,85.32,1.99,24.03
1996-04-26,9.02,26.88,31.48,23.12,73.81,1.6,14.4
1996-04-27,5.69,27.17,32.01,22.3,67.69,1.22,25.55
1996-04-28,0.41,28.93,34.41,24.34,62.8,1.68,22.82
1996-04-29,0.18,28.6,33.23,24.92,68.58,2.26,9.33
1996-04-30,1.22,29.4,35.2,24.72,69.31,2.35,16.99
1996-05-01,5.8,29.7,35.21,25.36,70.88,2.63,24.68
1996-05-02,10.56,29.0,33.84,25.38,77.03,2.27,26.06
1996-05-03,4.78,29.22,34.16,25.43,73.19,1.41,26.57
1996-05-04,0.06,29.55,35.43,23.91,68.99,2.07,24.91
1996-05-05,0.0,29.98,36.64,24.6,69.12,2.87,25.89
1996-05-06,0.02,28.41,32.31,25.95,72.47,2.74,26.43
1996-05-07,0.11,27.74,31.96,24.67,73.65,2.21,12.26
1996-05-08,0.16,29.63,37.45,24.22,67.21,3.21,15.99
1996-05-09,0.51,30.01,35.4,26.62,72.88,6.11,21.9
1996-05-10,0.03,29.7,34.64,26.53,72.24,5.99,22.71
1996-05-11,0.25,29.91,35.22,26.74,70.36,4.92,23.31
1996-05-12,6.01,29.05,34.26,25.84,72.45,4.68,17.4
1996-05-13,28.65,28.81,32.75,25.93,77.46,4.9,22.18
1996-05-14,0.85,29.43,33.78,26.61,73.51,5.19,21.79
1996-05-15,0.2,30.38,35.77,27.1,69.05,4.08,22.02
1996-05-16,0.9,28.63,31.23,26.59,77.89,2.74,20.61
1996-05-17,9.94,28.37,31.79,25.77,81.5,2.04,10.19
1996-05-18,14.93,27.79,30.89,25.23,84.02,1.91,23.58
1996-05-19,1.57,28.49,32.61,25.24,77.75,1.34,27.29
1996-05-20,2.15,28.93,32.87,25.29,74.3,1.04,21.98
1996-05-21,0.0,29.9,34.49,25.89,73.14,1.07,26.01
1996-05-22,0.0,30.55,35.7,26.17,67.5,1.05,24.58
1996-05-23,0.0,30.82,36.46,26.22,65.94,0.97,26.52
1996-05-24,0.0,31.3,37.24,26.31,66.86,2.34,26.23
1996-05-25,0.0,30.96,36.21,26.92,70.98,3.11,26.36
1996-05-26,0.0,30.28,34.4,27.7,72.6,3.31,19.8
1996-05-27,1.38,30.43,34.73,27.35,74.65,3.39,15.38
1996-05-28,4.09,30.38,34.84,27.47,73.71,5.33,15.27
1996-05-29,4.51,30.05,33.64,27.82,73.91,5.56,17.6
1996-05-30,25.08,28.87,32.13,26.61,81.57,4.17,16.33
1996-05-31,19.29,28.75,32.08,26.0,81.34,2.4,24.25
1996-06-01,3.93,28.98,33.2,25.92,77.25,2.96,20.7
1996-06-02,9.93,28.79,32.79,25.92,79.46,3.63,17.78
1996-06-03,17.97,28.03,30.97,25.9,83.5,2.65,23.02
1996-06-04,16.38,27.24,29.6,24.92,89.34,2.97,9.19
1996-06-05,20.89,27.37,30.77,23.87,87.01,2.49,22.08
1996-06-06,0.99,28.14,31.29,25.72,84.6,2.52,22.6
1996-06-07,0.77,28.16,31.1,25.7,83.62,1.86,22.93
1996-06-08,5.48,27.95,30.08,24.99,81.87,0.89,25.28
1996-06-09,1.36,28.71,31.58,25.83,77.31,1.0,21.54
1996-06-10,0.08,28.76,31.91,25.84,76.17,0.66,25.09
1996-06-11,0.44,27.87,30.36,25.56,82.76,1.74,19.95
1996-06-12,0.61,28.5,32.97,24.77,77.89,1.21,26.15
1996-06-13,0.41,29.85,34.38,25.78,73.4,1.31,26.63
1996-06-14,0.39,29.4,33.28,26.16,77.24,1.58,25.37
1996-06-15,0.05,30.68,36.31,25.35,68.75,1.64,25.82
1996-06-16,0.3,30.87,36.07,27.3,72.41,2.84,26.0
1996-06-17,0.42,29.55,32.62,27.77,79.02,3.25,24.31
1996-06-18,0.3,29.72,32.88,27.45,78.8,3.04,16.02
1996-06-19,13.77,28.89,32.92,26.45,83.78,3.41,13.27
1996-06-20,12.78,28.38,30.58,26.94,90.43,4.65,6.9
1996-06-21,14.01,28.33,30.28,27.24,88.24,5.31,5.0
1996-06-22,14.31,28.44,31.07,26.69,84.12,5.87,17.8
1996-06-23,10.23,28.44,31.14,26.6,82.78,5.78,19.72
1996-06-24,7.27,28.95,32.21,26.74,83.72,4.31,19.59
1996-06-25,13.22,28.11,30.57,26.76,89.56,3.68,9.7
1996-06-26,16.67,28.18,30.78,26.61,88.8,3.87,18.27
1996-06-27,7.98,27.84,29.89,26.29,89.47,3.97,18.83
1996-06-28,1.05,28.04,30.31,26.6,90.77,2.98,16.17
1996-06-29,2.98,27.63,29.61,26.11,91.47,3.38,19.28
1996-06-30,3.2,27.63,29.53,26.27,89.07,3.69,8.93
1996-07-01,6.08,28.71,31.58,26.31,86.49,4.58,11.13
1996-07-02,19.62,28.5,31.56,26.53,88.13,3.4,12.67
1996-07-03,27.37,28.09,30.85,26.37,90.04,3.21,7.27
1996-07-04,27.37,27.92,30.37,25.57,86.96,1.63,17.13
1996-07-05,13.61,27.52,30.21,25.76,89.45,3.28,15.22
1996-07-06,1.7,27.99,31.14,25.79,87.03,2.9,18.63
1996-07-07,4.54,27.87,30.82,26.3,89.28,3.3,16.62
1996-07-08,1.19,27.56,29.58,25.92,89.36,2.45,14.83
1996-07-09,0.21,28.49,32.12,25.76,86.27,2.22,20.2
1996-07-10,1.07,28.52,32.06,25.74,85.81,2.78,20.14
1996-07-11,5.33,27.65,30.47,25.8,88.16,2.44,12.95
1996-07-12,5.75,28.3,31.8,25.56,84.67,2.2,16.85
1996-07-13,0.08,28.01,30.64,25.87,89.74,1.95,17.01
1996-07-14,0.0,28.42,31.26,26.38,86.8,2.64,21.3
1996-07-15,0.28,27.98,29.84,26.73,89.07,2.84,21.3
1996-07-16,2.47,27.77,29.72,26.49,91.48,2.94,13.92
1996-07-17,3.01,27.87,30.49,26.07,90.18,2.3,22.23
1996-07-18,0.11,28.59,31.27,26.49,88.51,2.34,16.19
1996-07-19,0.17,28.23,30.22,26.59,90.92,2.57,20.21
1996-07-20,3.35,28.26,30.45,26.57,89.42,3.48,23.35
1996-07-21,0.7,28.3,30.54,26.75,89.07,3.59,19.51
1996-07-22,0.92,28.2,30.08,26.9,89.06,3.74,19.07
1996-07-23,1.75,28.22,30.74,26.4,88.7,3.12,18.68
1996-07-24,6.21,28.78,31.79,25.97,88.42,2.61,22.6
1996-07-25,3.62,27.96,30.35,26.55,90.72,3.82,14.5
1996-07-26,16.31,27.59,29.36,26.46,91.68,3.84,5.44
1996-07-27,13.01,27.94,30.84,25.85,86.24,3.31,13.98
1996-07-28,11.14,28.67,32.27,25.46,86.69,1.99,11.67
1996-07-29,7.65,28.97,32.2,26.28,86.33,1.52,19.17
1996-07-30,4.04,28.88,32.45,26.43,86.9,1.35,24.63
1996-07-31,15.43,28.24,30.43,26.76,92.87,2.62,17.92
1996-08-01,15.64,28.51,31.17,27.0,88.94,3.51,23.14
1996-08-02,11.72,27.9,29.78,26.7,90.54,3.07,12.18
1996-08-03,7.55,27.55,29.66,26.37,93.58,4.28,9.13
1996-08-04,5.07,28.98,33.2,25.55,84.54,2.68,21.29
1996-08-05,2.18,27.96,30.25,26.56,91.09,3.51,10.32
1996-08-06,3.21,27.7,30.54,25.88,90.72,2.94,9.55
1996-08-07,10.98,28.13,30.84,26.24,89.56,2.98,8.82
1996-08-08,9.33,27.14,28.78,26.26,93.03,4.98,6.91
1996-08-09,9.51,27.45,30.64,25.59,87.88,3.63,22.6
1996-08-10,6.35,27.73,30.27,26.01,90.56,3.04,19.61
1996-08-11,1.49,27.87,30.94,26.04,89.07,2.71,13.39
1996-08-12,0.25,27.56,30.11,25.33,89.62,2.36,13.37
1996-08-13,3.43,26.94,29.6,24.82,90.26,1.69,13.42
1996-08-14,20.83,27.14,29.62,25.08,90.28,2.03,15.16
1996-08-15,15.72,27.0,29.44,25.31,91.53,2.09,10.26
1996-08-16,5.38,26.83,28.74,25.48,92.58,2.19,12.99
1996-08-17,7.15,26.59,28.16,25.43,94.52,2.6,10.63
1996-08-18,4.07,26.32,27.9,25.42,92.09,2.79,11.99
1996-08-19,5.96,26.26,27.67,25.22,93.96,3.35,9.09
1996-08-20,5.63,26.58,29.18,24.85,89.88,3.04,9.0
1996-08-21,5.44,26.53,28.99,25.16,90.67,3.1,7.63
1996-08-22,12.83,26.42,29.31,24.5,90.12,1.97,17.93
1996-08-23,4.66,27.38,31.21,24.07,86.31,1.25,21.1
1996-08-24,0.39,27.84,31.67,24.4,85.83,1.44,11.51
1996-08-25,10.12,27.6,31.49,25.84,90.27,2.97,15.12
1996-08-26,1.44,28.07,32.02,25.56,87.37,2.56,18.72
1996-08-27,0.98,27.63,30.92,24.95,88.76,2.03,17.12
1996-08-28,0.56,27.64,30.6,25.79,87.59,4.1,19.01
1996-08-29,1.77,27.33,30.09,25.64,88.56,3.29,12.45
1996-08-30,3.52,27.36,30.38,25.23,89.03,2.74,16.94
1996-08-31,2.66,26.89,29.49,25.15,90.6,2.0,11.64
1996-09-01,1.51,27.58,31.24,24.7,86.39,1.84,20.26
1996-09-02,0.84,28.15,31.59,24.6,82.89,0.85,20.26
1996-09-03,6.17,28.23,31.71,25.09,84.69,1.21,19.67
1996-09-04,10.33,26.9,29.05,25.36,92.89,2.35,20.68
1996-09-05,0.47,26.98,29.9,25.11,90.28,2.43,20.67
1996-09-06,0.9,26.96,30.02,25.17,89.95,2.23,19.09
1996-09-07,4.83,27.27,30.8,24.64,89.11,1.55,17.88
1996-09-08,5.69,26.79,29.5,25.03,89.68,0.96,22.88
1996-09-09,3.14,28.4,32.56,23.74,82.85,1.11,21.98
1996-09-10,0.22,28.36,31.81,25.25,84.3,1.59,22.92
1996-09-11,2.35,27.79,30.84,25.29,89.21,1.47,15.34
1996-09-12,8.94,27.38,29.02,25.81,92.12,1.71,22.67
1996-09-13,2.69,28.81,31.88,25.39,84.26,1.13,23.39
1996-09-14,0.0,29.63,32.41,26.1,80.0,0.88,24.56
1996-09-15,0.0,28.96,31.56,27.27,83.85,0.94,17.19
1996-09-16,27.75,27.97,30.01,26.07,88.15,1.13,5.66
1996-09-17,19.14,27.0,28.76,25.66,93.15,3.84,9.61
1996-09-18,4.17,27.85,30.39,26.01,91.62,1.99,5.9
1996-09-19,2.92,27.44,29.81,25.97,91.79,2.29,9.55
1996-09-20,2.6,26.71,28.86,24.93,89.22,1.54,14.33
1996-09-21,0.76,26.89,29.86,24.46,87.03,1.96,11.86
1996-09-22,11.5,27.81,30.99,25.19,88.52,1.72,11.7
1996-09-23,9.01,28.32,31.63,25.67,86.64,1.1,15.14
1996-09-24,3.01,27.77,30.31,25.59,88.17,1.22,6.14
1996-09-25,2.49,28.12,31.02,24.96,85.45,1.25,20.13
1996-09-26,0.51,27.03,29.24,25.37,90.09,1.49,7.38
1996-09-27,3.9,26.9,29.59,25.09,89.65,1.81,15.63
1996-09-28,4.1,26.98,29.69,25.13,91.39,1.73,20.65
1996-09-29,1.82,27.28,30.43,25.3,89.65,1.19,20.6
1996-09-30,0.97,27.81,32.04,24.2,83.85,1.34,21.92
1996-10-01,0.05,28.23,31.87,24.61,81.95,1.58,22.67
1996-10-02,0.76,27.12,30.28,25.0,88.62,1.53,21.76
1996-10-03,5.33,26.05,28.5,24.51,91.04,1.99,6.91
1996-10-04,25.49,26.3,28.55,25.13,91.67,2.68,15.24
1996-10-05,10.32,26.89,29.84,24.77,91.8,2.16,14.48
1996-10-06,13.23,26.42,28.28,25.27,92.62,2.89,4.81
1996-10-07,13.89,26.2,30.19,22.28,83.92,1.23,19.31
1996-10-08,0.04,25.02,29.46,20.3,76.49,1.23,19.3
1996-10-09,0.0,24.64,29.2,20.0,74.11,1.23,20.95
1996-10-10,0.0,24.76,29.37,19.44,72.84,1.16,20.68
1996-10-11,0.0,24.46,29.31,20.23,78.37,1.55,19.26
1996-10-12,0.0,24.76,30.14,19.6,79.25,1.65,21.48
1996-10-13,0.0,25.27,30.38,20.64,78.81,1.64,21.35
1996-10-14,0.0,24.93,30.11,19.87,73.79,1.61,21.21
1996-10-15,0.0,24.92,29.73,19.36,69.38,1.46,21.27
1996-10-16,0.0,25.17,29.7,20.44,71.27,1.06,21.12
1996-10-17,0.0,24.48,29.28,20.27,72.43,1.54,17.12
1996-10-18,0.0,24.93,29.86,19.61,71.77,1.54,20.61
1996-10-19,0.0,25.34,30.21,20.42,71.79,1.14,21.08
1996-10-20,0.0,25.29,30.65,20.45,74.09,1.18,20.44
1996-10-21,0.0,25.4,30.87,21.35,72.96,1.2,21.11
1996-10-22,0.0,25.06,29.95,19.74,70.25,1.29,20.42
1996-10-23,0.0,25.57,30.06,20.37,71.05,1.3,20.33
1996-10-24,0.0,25.91,30.48,21.18,74.35,1.07,19.35
1996-10-25,0.0,26.22,30.95,21.57,73.81,0.94,18.98
1996-10-26,0.0,25.26,28.85,22.11,81.5,1.01,13.72
1996-10-27,4.3,23.48,25.47,21.77,91.41,2.42,6.13
1996-10-28,15.91,24.79,26.62,22.14,92.88,4.64,3.25
1996-10-29,32.82,26.28,27.93,24.23,92.3,5.98,4.17
1996-10-30,17.28,25.68,27.38,24.04,86.81,1.49,10.81
1996-10-31,3.75,24.86,28.94,21.49,80.35,1.21,18.02
1996-11-01,0.46,24.12,28.9,19.6,79.77,1.48,16.26
1996-11-02,0.0,24.85,28.92,20.72,82.75,1.5,18.31
1996-11-03,0.0,25.24,29.81,21.79,85.58,1.68,16.69
1996-11-04,0.01,25.66,30.47,20.77,83.55,1.07,10.02
1996-11-05,0.01,26.34,30.04,23.88,85.68,0.87,15.42
1996-11-06,0.49,25.33,27.93,23.59,90.23,0.96,14.5
1996-11-07,0.48,26.43,29.68,23.5,85.03,0.74,14.47
1996-11-08,0.04,25.39,29.89,21.46,78.78,1.33,17.79
1996-11-09,0.0,23.29,29.34,18.44,71.1,1.63,18.66
1996-11-10,0.0,23.06,28.29,17.85,66.07,1.34,17.85
1996-11-11,0.0,22.8,28.06,16.98,58.13,0.91,17.74
1996-11-12,0.0,22.18,27.03,16.65,59.78,1.1,16.8
1996-11-13,0.0,21.67,27.47,16.76,63.22,1.16,18.2
1996-11-14,0.0,20.99,27.41,15.57,71.55,1.54,18.24
1996-11-15,0.0,22.05,27.71,15.89,70.37,0.9,17.72
1996-11-16,0.0,21.36,26.83,15.47,68.82,1.24,18.59
1996-11-17,0.0,20.85,27.08,15.23,70.0,1.55,18.21
1996-11-18,0.0,20.87,26.47,15.05,71.63,1.33,18.33
1996-11-19,0.0,21.59,27.14,16.37,67.2,0.96,17.94
1996-11-20,0.0,21.62,27.62,15.65,62.6,1.22,17.24
1996-11-21,0.0,21.45,26.94,16.2,62.55,1.08,17.76
1996-11-22,0.0,20.29,26.91,14.68,67.03,1.62,16.57
1996-11-23,0.0,20.25,26.82,13.55,61.91,1.53,17.83
1996-11-24,0.0,20.86,26.25,14.78,54.38,0.86,16.11
1996-11-25,0.0,20.2,25.7,15.02,56.65,0.9,16.06
1996-11-26,0.0,18.99,26.37,12.39,61.34,1.64,16.55
1996-11-27,0.0,19.25,26.32,12.13,60.91,1.36,17.07
1996-11-28,0.0,18.87,26.1,12.33,62.9,1.79,16.38
1996-11-29,0.0,19.12,26.26,12.13,59.05,1.5,16.1
1996-11-30,0.0,20.11,27.6,12.74,63.42,1.38,16.57
1996-12-01,0.0,21.84,28.83,14.9,64.97,0.96,11.27
1996-12-02,0.0,21.92,28.56,16.33,65.93,1.62,10.81
1996-12-03,0.05,23.38,29.74,19.23,61.04,1.13,8.26
1996-12-04,0.59,22.1,26.8,18.07,61.27,1.23,8.4
1996-12-05,0.1,21.82,28.48,16.86,57.12,1.52,17.75
1996-12-06,0.0,20.85,27.93,15.99,55.42,1.91,11.15
1996-12-07,0.0,19.33,27.32,12.92,57.68,2.03,16.54
1996-12-08,0.0,17.69,25.81,10.2,56.9,1.88,15.7
1996-12-09,0.0,17.14,26.02,10.15,55.39,1.89,15.67
1996-12-10,0.0,17.25,25.5,10.05,52.47,1.64,15.87
1996-12-11,0.0,17.88,25.23,11.16,51.45,1.29,16.23
1996-12-12,0.0,18.25,25.64,11.77,52.7,1.35,16.46
1996-12-13,0.0,18.87,25.96,11.91,53.8,1.38,16.16
1996-12-14,0.0,18.81,25.91,12.54,55.41,1.36,15.67
1996-12-15,0.0,17.69,25.65,11.12,49.58,1.46,17.03
1996-12-16,0.0,16.94,25.93,9.23,48.88,1.74,15.69
1996-12-17,0.0,17.9,26.08,10.19,47.72,1.17,15.56
1996-12-18,0.0,19.12,26.54,11.45,45.39,0.73,16.38
1996-12-19,0.0,18.98,27.92,11.15,50.37,1.12,16.39
1996-12-20,0.0,19.32,27.73,12.29,50.91,1.47,15.74
1996-12-21,0.0,19.62,28.1,12.5,53.91,1.59,15.34
1996-12-22,0.0,19.6,27.2,13.61,54.5,1.46,16.31
1996-12-23,0.0,19.75,26.93,13.86,55.52,1.29,14.77
1996-12-24,0.0,19.41,26.69,13.19,58.43,1.28,16.51
1996-12-25,0.0,19.87,27.59,13.33,59.13,1.23,16.47
1996-12-26,0.0,20.33,27.21,14.27,57.36,0.96,16.12
1996-12-27,0.0,19.7,27.34,13.47,56.35,1.34,16.33
1996-12-28,0.0,18.1,24.16,12.47,51.73,1.4,14.77
1996-12-29,0.0,18.72,26.85,11.87,48.8,1.56,16.05
1996-12-30,0.0,18.8,26.71,12.18,51.33,1.44,16.9
1996-12-31,0.0,19.48,28.06,12.28,51.28,1.21,16.65
1997-01-01,0.0,20.44,27.99,13.67,50.3,0.9,16.84
1997-01-02,0.0,20.17,26.86,13.61,60.31,0.8,16.82
1997-01-03,0.0,19.58,25.89,14.52,53.34,0.85,15.74
1997-01-04,0.0,18.89,26.09,12.85,50.46,1.2,17.34
1997-01-05,0.0,18.82,26.16,11.88,50.72,1.19,15.94
1997-01-06,0.0,19.24,25.72,12.79,44.45,0.93,16.57
1997-01-07,0.0,18.66,25.46,12.32,49.7,1.08,17.36
1997-01-08,0.0,18.29,26.54,11.39,50.71,1.4,17.29
1997-01-09,0.0,18.47,27.11,11.26,48.68,1.67,14.76
1997-01-10,0.0,18.63,27.68,11.75,50.15,1.67,17.55
1997-01-11,0.0,18.85,28.18,11.57,46.35,1.88,17.25
1997-01-12,0.0,19.17,28.12,11.65,39.26,1.85,12.2
1997-01-13,0.0,18.99,28.0,11.58,40.2,1.9,15.75
1997-01-14,0.0,18.21,26.87,11.85,41.42,1.94,16.12
1997-01-15,0.0,18.53,27.27,10.96,41.21,1.67,16.41
1997-01-16,0.0,18.6,24.99,14.33,50.12,1.65,15.09
1997-01-17,1.86,18.55,25.7,13.06,55.2,1.67,17.47
1997-01-18,0.31,17.38,26.11,10.78,49.19,2.17,17.2
1997-01-19,0.0,17.77,26.52,8.96,36.35,1.41,17.57
1997-01-20,0.0,18.69,28.15,10.63,40.25,1.16,18.29
1997-01-21,2.03,17.04,24.26,10.57,66.78,1.06,6.34
1997-01-22,1.22,17.1,24.25,12.18,58.39,1.48,17.14
1997-01-23,0.0,15.75,23.42,9.02,56.92,2.11,17.01
1997-01-24,0.02,16.37,23.8,11.0,42.27,1.44,17.37
1997-01-25,0.0,16.34,24.89,9.4,40.74,1.58,16.53
1997-01-26,0.0,15.94,24.71,8.43,40.82,1.95,17.12
1997-01-27,0.0,16.77,26.03,8.22,38.84,1.8,16.92
1997-01-28,0.0,18.45,26.91,10.83,34.76,1.42,17.79
1997-01-29,0.0,18.03,27.33,10.17,35.13,1.65,18.61
1997-01-30,0.0,18.38,27.65,9.94,35.57,1.79,18.73
1997-01-31,0.0,20.25,27.61,14.31,41.88,1.3,17.21
1997-02-01,1.02,20.87,27.45,15.61,82.5,2.16,8.01
1997-02-02,0.17,20.82,28.58,14.7,55.21,1.4,16.37
1997-02-03,0.06,19.58,29.02,11.7,40.06,1.55,15.76
1997-02-04,0.55,17.98,21.88,15.05,78.88,2.05,10.82
1997-02-05,0.37,20.7,28.45,13.19,62.59,1.19,15.94
1997-02-06,1.31,21.83,28.56,16.22,58.02,1.15,16.12
1997-02-07,0.0,18.67,27.19,12.18,48.95,2.14,18.84
1997-02-08,0.0,17.19,25.57,9.65,36.0,1.59,18.89
1997-02-09,0.0,18.72,27.85,10.39,45.86,1.31,18.38
1997-02-10,0.0,19.53,27.86,11.5,54.3,1.31,18.44
1997-02-11,0.17,22.27,29.12,16.75,61.86,1.34,12.97
1997-02-12,0.15,21.27,28.96,14.74,55.31,1.53,18.23
1997-02-13,0.0,19.05,28.13,10.71,30.26,1.78,18.87
1997-02-14,0.0,20.42,29.66,12.59,31.99,1.48,18.96
1997-02-15,0.0,21.3,30.97,13.31,60.15,1.74,19.31
1997-02-16,0.0,23.1,31.65,16.13,70.68,2.8,18.25
1997-02-17,0.0,23.49,30.53,17.48,74.27,2.32,18.32
1997-02-18,2.37,24.06,30.5,18.8,71.17,0.94,18.49
1997-02-19,0.14,24.55,32.2,19.1,60.98,1.03,17.83
1997-02-20,1.83,23.71,30.28,17.88,61.69,1.15,15.31
1997-02-21,0.04,23.91,31.64,18.19,45.44,1.76,18.2
1997-02-22,0.0,22.31,30.43,14.16,30.96,1.6,18.41
1997-02-23,0.0,22.09,30.65,15.75,39.59,1.86,20.26
1997-02-24,0.0,20.53,29.92,12.32,30.09,1.6,20.04
1997-02-25,0.0,21.69,30.62,12.65,29.51,1.23,19.88
1997-02-26,0.0,23.25,31.57,14.64,47.82,1.1,19.26
1997-02-27,0.02,24.2,31.74,18.45,66.74,1.73,17.79
1997-02-28,0.31,25.24,33.12,19.09,63.13,1.37,18.09
1997-03-01,0.0,26.05,33.79,18.25,50.56,0.97,21.08
1997-03-02,0.0,25.53,34.96,16.79,50.7,1.45,19.77
1997-03-03,0.0,25.81,35.33,18.35,51.32,1.28,19.84
1997-03-04,0.0,26.34,36.06,18.4,60.81,2.08,19.69
1997-03-05,0.0,27.0,36.01,19.09,49.95,1.59,18.23
1997-03-06,0.0,26.59,36.33,19.5,46.61,1.37,20.25
1997-03-07,0.0,27.43,36.39,21.13,46.5,1.59,18.78
1997-03-08,0.0,26.97,36.48,18.86,54.38,1.27,19.28
1997-03-09,0.0,27.12,36.43,19.13,52.13,1.44,18.25
1997-03-10,0.0,27.32,36.59,20.95,62.19,1.53,20.53
1997-03-11,0.0,27.51,36.73,21.04,59.92,1.48,17.07
1997-03-12,0.0,27.77,36.66,20.01,61.1,1.89,18.3
1997-03-13,0.02,28.4,36.47,21.41,63.23,2.65,19.59
1997-03-14,0.17,27.73,34.12,22.84,70.46,2.96,18.54
1997-03-15,0.38,28.56,35.33,23.16,67.26,2.76,22.29
1997-03-16,0.48,28.34,35.18,23.08,67.92,2.98,20.95
1997-03-17,0.24,28.93,36.68,23.21,65.22,3.61,20.35
1997-03-18,0.04,29.61,37.59,23.23,59.73,2.84,18.56
1997-03-19,0.04,29.0,36.96,22.89,59.23,3.13,18.68
1997-03-20,0.01,28.84,36.31,23.41,69.14,4.14,21.71
1997-03-21,0.04,28.71,34.23,24.42,68.8,3.77,17.46
1997-03-22,0.24,27.36,32.68,24.05,71.39,2.39,9.13
1997-03-23,9.36,26.11,31.1,22.81,76.32,1.56,14.95
1997-03-24,8.67,25.82,31.75,20.76,71.41,1.75,17.08
1997-03-25,1.24,25.27,29.41,22.09,68.63,0.96,14.28
1997-03-26,0.19,26.75,34.14,20.94,56.7,1.19,16.75
1997-03-27,0.02,26.73,33.03,20.47,55.55,1.15,20.76
1997-03-28,0.0,27.77,36.05,20.97,48.68,1.47,22.0
1997-03-29,0.02,28.22,35.81,21.29,62.08,2.25,20.95
1997-03-30,6.53,25.66,29.69,23.18,74.77,1.25,14.68
1997-03-31,8.81,25.02,31.09,19.92,68.61,1.44,19.67
1997-04-01,12.33,25.67,31.62,20.27,68.23,1.33,22.22
1997-04-02,6.21,25.92,31.05,22.15,76.66,1.93,14.66
1997-04-03,7.63,27.26,33.51,21.82,67.05,1.26,19.87
1997-04-04,11.96,26.65,31.79,22.74,67.06,1.22,21.56
1997-04-05,2.93,26.79,32.64,22.18,59.15,1.35,10.96
1997-04-06,2.77,26.55,33.2,20.24,60.22,1.64,21.28
1997-04-07,0.59,26.48,33.35,20.16,61.85,1.86,18.55
1997-04-08,7.87,25.42,31.49,21.36,66.61,1.69,11.72
1997-04-09,8.84,25.72,32.19,20.0,69.29,1.91,24.01
1997-04-10,4.83,25.77,31.28,21.48,69.63,1.51,19.78
1997-04-11,0.38,26.1,32.14,21.57,66.14,1.02,22.81
1997-04-12,1.48,25.65,30.63,21.69,68.96,1.59,18.88
1997-04-13,1.39,26.4,32.75,20.53,63.74,1.26,23.87
1997-04-14,2.24,26.76,33.57,21.49,69.51,2.65,22.24
1997-04-15,0.36,27.23,33.4,21.76,68.69,1.95,14.24
1997-04-16,3.53,27.83,34.82,21.62,69.09,2.2,25.02
1997-04-17,3.45,28.29,35.2,23.4,69.06,1.83,23.35
1997-04-18,0.05,28.69,35.91,22.04,64.46,2.25,20.84
1997-04-19,0.01,28.5,34.34,23.41,67.04,1.07,23.12
1997-04-20,0.39,28.78,35.83,23.73,64.51,1.67,22.92
1997-04-21,0.06,29.66,37.22,23.52,56.35,1.8,25.72
1997-04-22,0.23,29.71,37.4,23.34,59.76,1.87,16.8
1997-04-23,0.39,29.8,37.52,22.89,56.59,1.22,22.21
1997-04-24,6.77,28.57,34.14,23.38,56.97,1.23,26.28
1997-04-25,1.78,28.57,35.38,22.81,63.45,2.03,18.23
1997-04-26,0.89,27.48,31.82,23.64,68.52,1.85,8.21
1997-04-27,5.02,27.56,32.2,23.33,64.33,1.3,9.26
1997-04-28,3.95,27.17,31.94,22.84,69.75,2.1,12.09
1997-04-29,8.89,28.21,32.86,23.26,70.59,1.68,20.89
1997-04-30,7.52,28.11,31.78,25.32,74.92,1.05,17.84
1997-05-01,0.0,29.76,35.05,24.38,66.47,1.35,21.34
1997-05-02,0.0,28.86,32.88,24.75,68.82,1.23,18.09
1997-05-03,0.02,30.6,36.77,25.16,61.09,1.48,26.84
1997-05-04,0.04,30.98,37.47,25.2,61.7,2.55,24.91
1997-05-05,0.27,30.54,35.93,25.57,67.47,2.59,23.28
1997-05-06,1.44,29.14,32.14,26.39,69.7,2.75,18.45
1997-05-07,0.52,28.75,32.97,25.16,60.78,1.56,9.25
1997-05-08,0.51,30.41,37.3,24.6,54.87,1.0,26.21
1997-05-09,0.33,31.2,38.21,24.42,55.86,1.71,26.88
1997-05-10,0.54,31.07,36.87,25.56,61.13,3.07,22.03
1997-05-11,2.81,31.18,37.52,26.13,63.43,3.28,24.34
1997-05-12,4.25,31.0,37.4,25.67,68.04,3.54,23.15
1997-05-13,0.7,31.35,37.68,26.11,65.34,3.06,22.56
1997-05-14,1.95,31.34,38.34,25.79,62.73,2.17,22.33
1997-05-15,0.07,32.31,40.58,25.41,58.31,2.16,25.59
1997-05-16,0.1,32.84,41.01,25.21,56.02,1.74,26.47
1997-05-17,0.12,30.99,35.94,26.82,63.49,2.07,17.72
1997-05-18,0.03,31.38,35.85,27.08,59.87,1.66,12.59
1997-05-19,7.35,27.14,30.05,24.27,72.85,5.88,6.22
1997-05-20,5.96,29.58,36.62,23.92,72.53,4.03,23.13
1997-05-21,16.31,28.94,33.03,26.13,80.1,4.26,21.52
1997-05-22,4.8,29.37,34.44,25.96,76.02,4.1,21.58
1997-05-23,23.03,28.15,31.46,25.61,83.38,3.38,7.87
1997-05-24,4.88,29.08,34.3,24.76,74.09,3.1,23.4
1997-05-25,6.48,28.19,31.62,25.57,79.15,2.13,25.29
1997-05-26,16.08,27.41,30.82,24.5,85.92,2.41,26.17
1997-05-27,13.31,27.42,30.09,25.6,88.41,3.35,9.17
1997-05-28,7.99,27.76,31.1,25.54,85.15,2.69,24.49
1997-05-29,14.63,27.79,31.63,24.91,85.86,2.59,17.99
1997-05-30,12.54,27.92,31.61,25.04,83.03,1.98,26.86
1997-05-31,5.44,28.01,32.16,25.18,83.32,2.28,24.77
1997-06-01,0.03,28.59,32.69,25.55,80.7,2.59,22.05
1997-06-02,0.33,28.99,32.85,25.78,81.84,2.69,21.72
1997-06-03,11.23,28.4,32.26,25.79,81.0,2.23,17.48
1997-06-04,27.59,28.14,31.01,25.93,84.29,2.68,19.86
1997-06-05,0.22,28.05,30.86,25.57,86.11,2.08,21.2
1997-06-06,0.95,29.13,33.06,25.98,81.21,2.73,14.17
1997-06-07,6.09,28.73,31.95,26.4,83.09,3.49,17.21
1997-06-08,14.15,27.75,29.28,26.23,88.46,3.55,9.68
1997-06-09,21.64,27.45,30.19,25.88,88.55,3.69,13.82
1997-06-10,2.77,27.28,29.03,25.8,88.99,2.74,19.23
1997-06-11,3.9,27.59,29.59,26.11,90.42,2.55,21.17
1997-06-12,1.32,27.1,29.14,25.38,88.36,2.59,20.2
1997-06-13,3.18,26.6,28.93,24.8,90.69,2.15,21.93
1997-06-14,0.5,27.26,29.68,25.13,89.12,2.62,17.38
1997-06-15,0.55,28.06,31.21,25.65,86.2,2.81,23.55
1997-06-16,0.21,28.4,31.01,26.07,87.97,2.87,16.93
1997-06-17,0.81,28.2,30.48,26.38,88.84,2.76,16.94
1997-06-18,1.14,27.96,31.11,25.29,87.1,1.02,17.08
1997-06-19,2.01,27.79,30.5,26.04,90.25,1.92,19.28
1997-06-20,10.12,27.83,30.54,25.93,89.55,2.74,6.47
1997-06-21,10.04,28.03,30.47,26.46,90.32,2.6,16.04
1997-06-22,8.25,28.19,30.92,26.37,87.86,1.8,23.04
1997-06-23,12.42,28.61,32.53,25.4,83.53,1.63,23.71
1997-06-24,3.42,29.1,33.01,26.19,83.84,1.38,23.06
1997-06-25,6.3,28.88,31.79,26.82,88.47,3.24,23.04
1997-06-26,13.95,28.66,31.23,26.81,88.1,4.71,19.35
1997-06-27,34.38,27.97,29.56,26.9,89.68,5.59,6.45
1997-06-28,9.59,28.4,30.7,26.99,89.04,5.27,18.12
1997-06-29,21.2,28.37,30.85,26.66,88.74,4.53,19.22
1997-06-30,21.03,28.38,31.2,26.64,89.7,3.91,8.58
1997-07-01,22.37,28.47,31.58,26.65,89.66,3.92,19.5
1997-07-02,14.74,27.95,30.57,26.69,90.87,4.62,15.1
1997-07-03,14.81,28.23,31.22,26.43,88.75,4.24,11.19
1997-07-04,19.92,27.58,29.22,25.96,92.31,3.6,14.29
1997-07-05,25.39,27.81,29.22,26.72,92.8,4.01,15.18
1997-07-06,7.32,28.14,30.58,26.61,89.79,4.1,18.82
1997-07-07,5.01,28.21,30.78,26.59,90.02,4.62,17.95
1997-07-08,7.95,28.13,29.96,26.83,91.15,5.53,14.34
1997-07-09,10.42,27.84,29.48,27.1,93.14,4.7,6.48
1997-07-10,47.47,27.74,28.77,26.98,94.05,3.8,4.67
1997-07-11,91.79,27.49,28.61,26.69,94.14,3.16,6.3
1997-07-12,73.58,27.42,29.04,26.29,92.89,3.27,6.47
1997-07-13,63.18,27.65,30.14,25.92,91.99,3.03,20.3
1997-07-14,20.89,28.35,31.18,26.49,89.53,2.18,18.61
1997-07-15,5.85,27.7,30.0,26.13,92.62,1.92,21.3
1997-07-16,1.98,27.65,28.88,26.62,94.82,2.5,14.2
1997-07-17,4.89,27.39,29.47,25.93,93.93,3.16,19.05
1997-07-18,6.84,27.3,28.71,25.81,94.79,3.92,14.08
1997-07-19,0.6,27.27,28.72,25.96,93.7,4.11,8.09
1997-07-20,12.4,27.6,28.83,26.72,93.74,4.27,4.9
1997-07-21,46.11,27.19,28.42,26.27,94.29,3.85,6.24
1997-07-22,52.11,27.67,29.56,26.5,93.76,2.28,13.28
1997-07-23,13.84,27.38,29.18,26.14,93.42,2.13,21.7
1997-07-24,3.06,28.01,31.24,25.75,90.74,1.59,23.32
1997-07-25,0.22,27.45,29.06,26.14,93.1,1.77,18.65
1997-07-26,9.02,27.75,29.82,26.16,92.34,1.17,24.33
1997-07-27,20.25,27.92,30.85,25.69,90.93,2.22,20.94
1997-07-28,12.51,28.36,32.14,25.88,90.34,3.52,25.27
1997-07-29,28.76,28.12,30.27,26.72,91.94,3.76,23.45
1997-07-30,21.7,27.89,30.06,26.19,91.94,4.88,17.85
1997-07-31,10.86,27.95,30.7,26.23,91.42,4.58,12.36
1997-08-01,20.35,27.82,29.77,26.38,94.32,2.62,9.45
1997-08-02,14.84,28.57,31.49,26.52,90.44,2.83,14.1
1997-08-03,22.3,28.4,31.19,26.38,93.31,3.06,21.06
1997-08-04,12.3,28.76,31.72,26.6,90.46,2.69,21.75
1997-08-05,12.34,27.42,29.97,25.84,89.57,5.92,14.5
1997-08-06,3.57,27.34,30.04,25.66,89.28,4.09,21.18
1997-08-07,9.39,27.3,29.5,25.45,90.84,2.23,17.27
1997-08-08,0.62,28.2,31.22,25.88,89.36,1.92,13.85
1997-08-09,3.57,28.07,30.76,26.39,91.49,1.63,12.17
1997-08-10,2.64,27.28,29.08,26.05,92.74,2.67,13.65
1997-08-11,7.75,27.23,29.05,25.89,93.16,2.66,12.09
1997-08-12,6.13,27.43,29.08,26.03,93.36,2.36,15.18
1997-08-13,12.8,27.33,29.01,26.34,95.02,2.73,7.48
1997-08-14,28.89,27.28,29.39,25.71,91.49,2.73,13.05
1997-08-15,24.1,27.52,30.2,25.39,91.47,2.81,17.69
1997-08-16,4.09,27.76,30.65,25.82,90.43,2.47,19.08
1997-08-17,1.5,27.41,30.01,25.7,92.02,2.31,19.91
1997-08-18,0.24,27.74,31.48,25.58,90.57,2.57,23.81
1997-08-19,0.11,27.05,28.81,25.22,90.71,2.99,21.03
1997-08-20,4.05,26.87,29.04,25.46,90.3,3.65,21.14
1997-08-21,5.06,26.8,30.16,24.43,88.61,3.46,21.82
1997-08-22,2.31,26.7,29.73,24.49,89.53,2.4,19.2
1997-08-23,4.23,27.38,30.23,24.83,89.08,1.54,17.59
1997-08-24,4.97,27.31,29.5,25.54,90.99,1.29,19.15
1997-08-25,0.66,28.16,30.82,25.66,89.72,1.44,17.11
1997-08-26,0.06,27.57,29.39,26.11,93.1,1.95,21.9
1997-08-27,0.35,28.29,31.85,25.95,89.27,1.4,23.45
1997-08-28,5.22,27.88,30.54,25.84,90.22,3.98,14.15
1997-08-29,14.73,27.27,29.01,26.21,92.45,3.86,13.8
1997-08-30,11.19,27.14,28.95,25.93,91.68,3.88,5.21
1997-08-31,7.95,27.16,29.83,25.71,89.92,3.3,9.05
1997-09-01,4.77,27.66,30.73,25.2,87.73,3.07,17.73
1997-09-02,11.63,27.15,28.54,25.55,92.44,2.68,19.4
1997-09-03,2.72,27.59,29.34,26.07,88.88,1.56,17.72
1997-09-04,9.3,27.38,30.1,25.54,90.21,1.5,16.46
1997-09-05,45.18,26.98,28.26,26.01,95.01,2.79,11.37
1997-09-06,27.47,26.63,27.78,25.62,93.9,2.59,10.35
1997-09-07,13.9,26.97,29.71,25.56,92.62,2.45,17.6
1997-09-08,4.82,26.4,28.36,24.95,93.37,2.88,18.32
1997-09-09,0.99,27.18,30.67,24.46,88.08,1.69,22.29
1997-09-10,2.76,27.24,31.06,24.04,87.05,1.28,22.59
1997-09-11,5.83,27.03,29.83,24.72,89.08,1.72,20.24
1997-09-12,22.24,26.76,29.31,24.93,91.45,2.14,14.85
1997-09-13,20.27,26.7,29.41,24.6,90.51,2.59,12.1
1997-09-14,9.48,26.78,29.35,25.37,91.24,2.36,16.11
1997-09-15,6.56,27.14,29.97,25.28,91.86,1.9,18.21
1997-09-16,4.17,26.9,28.76,25.27,92.95,1.43,18.16
1997-09-17,0.82,27.7,30.14,25.6,89.24,0.91,19.7
1997-09-18,2.22,27.28,30.18,25.4,90.4,1.73,18.93
1997-09-19,1.9,27.48,30.38,25.31,89.65,1.73,15.27
1997-09-20,3.55,28.18,30.99,25.75,85.11,0.79,13.98
1997-09-21,6.56,27.84,31.13,25.26,86.64,1.16,21.83
1997-09-22,6.72,27.38,30.61,24.99,88.34,1.53,19.35
1997-09-23,4.32,26.69,29.58,24.96,90.11,1.73,15.08
1997-09-24,7.36,25.9,28.02,24.24,90.13,1.44,22.27
1997-09-25,3.77,26.62,28.61,24.78,91.7,1.98,10.15
1997-09-26,38.09,26.02,27.87,24.34,93.98,3.86,5.33
1997-09-27,24.25,23.3,24.79,20.76,93.08,5.43,7.73
1997-09-28,3.15,25.68,30.94,20.17,83.0,1.0,20.37
1997-09-29,13.76,27.17,30.91,24.15,86.57,1.09,15.83
1997-09-30,11.82,25.89,28.3,24.16,90.92,1.93,13.11
1997-10-01,13.84,25.65,28.06,24.13,93.86,2.25,14.32
1997-10-02,1.35,26.79,30.32,22.96,79.6,0.86,21.92
1997-10-03,0.02,25.66,29.85,21.62,81.44,1.37,21.98
1997-10-04,0.0,25.22,29.8,20.77,83.38,1.57,22.0
1997-10-05,0.0,25.51,30.34,20.62,81.98,1.49,20.79
1997-10-06,0.01,25.89,30.68,21.15,83.93,1.56,20.75
1997-10-07,3.66,26.41,30.26,23.33,86.04,1.08,16.3
1997-10-08,11.47,26.83,30.79,24.12,87.57,1.23,7.14
1997-10-09,2.96,26.71,29.93,24.37,86.77,0.89,12.62
1997-10-10,0.03,27.0,30.42,24.45,80.46,0.72,20.22
1997-10-11,0.0,25.92,29.94,22.56,82.25,1.54,20.76
1997-10-12,0.01,25.31,29.81,20.94,83.48,1.56,20.28
1997-10-13,0.02,25.8,30.26,21.49,82.1,1.26,21.06
1997-10-14,0.0,25.27,29.63,21.64,83.33,1.62,20.72
1997-10-15,0.0,24.33,29.04,20.15,82.26,1.77,19.98
1997-10-16,0.0,24.24,28.78,19.76,80.75,1.77,18.34
1997-10-17,0.0,24.12,29.22,19.68,82.16,1.8,19.45
1997-10-18,0.0,23.57,28.69,18.93,81.87,1.76,19.36
1997-10-19,0.0,23.63,28.79,18.74,82.77,1.72,19.46
1997-10-20,0.0,24.42,29.57,19.5,82.66,1.44,19.88
1997-10-21,0.0,24.62,29.11,20.19,80.1,1.43,19.96
1997-10-22,0.0,24.27,28.63,20.69,81.27,1.47,19.34
1997-10-23,0.0,23.57,27.32,20.32,86.09,1.66,19.34
1997-10-24,0.0,24.15,29.36,19.8,84.34,1.57,17.01
1997-10-25,0.0,23.89,28.85,19.81,83.77,1.88,16.14
1997-10-26,0.0,23.26,28.31,18.94,83.91,2.16,19.36
1997-10-27,0.0,22.82,28.07,17.35,78.26,1.42,20.12
1997-10-28,0.0,23.1,27.87,19.56,78.81,1.22,19.84
1997-10-29,0.0,22.47,26.44,18.25,76.42,1.08,14.43
1997-10-30,0.0,22.4,25.91,19.18,81.25,1.13,10.77
1997-10-31,0.0,23.18,27.97,18.82,84.27,1.67,19.79
1997-11-01,0.0,23.65,27.36,19.7,80.58,1.17,19.27
1997-11-02,0.0,23.26,28.4,19.04,83.37,1.71,19.05
1997-11-03,0.0,22.79,28.32,17.84,82.38,1.78,18.94
1997-11-04,0.0,23.42,28.85,18.19,82.91,1.55,17.98
1997-11-05,0.0,24.0,30.1,19.2,81.85,1.32,18.07
1997-11-06,0.0,24.5,29.6,19.56,81.13,1.28,18.62
1997-11-07,7.22,25.36,29.8,20.81,79.35,1.05,18.26
1997-11-08,3.86,25.48,29.55,21.62,76.78,0.91,18.34
1997-11-09,0.01,25.09,29.03,21.13,74.02,0.79,17.93
1997-11-10,0.72,24.82,29.23,20.47,74.73,0.8,18.17
1997-11-11,4.05,24.19,28.42,20.78,79.17,0.75,9.52
1997-11-12,2.0,25.38,29.04,21.01,80.06,0.7,17.57
1997-11-13,1.07,24.56,28.5,20.34,78.8,0.9,16.94
1997-11-14,0.28,23.11,27.71,19.16,81.6,1.22,17.7
1997-11-15,0.0,21.06,26.02,16.97,79.78,1.75,16.8
1997-11-16,0.0,20.53,25.66,16.01,79.53,1.65,15.92
1997-11-17,0.0,20.97,25.82,17.07,77.85,1.3,13.13
1997-11-18,0.0,21.33,25.97,16.3,73.66,0.9,15.09
1997-11-19,0.03,21.51,25.86,17.36,75.87,0.78,12.85
1997-11-20,0.04,22.29,26.64,17.75,77.51,0.84,16.2
1997-11-21,0.0,22.06,27.26,17.87,82.85,1.57,16.96
1997-11-22,0.0,20.73,26.64,16.02,80.45,1.78,17.4
1997-11-23,0.0,21.07,26.29,15.52,73.54,1.43,17.17
1997-11-24,0.0,22.42,26.89,16.82,75.07,0.97,16.05
1997-11-25,0.0,23.45,27.52,18.89,77.35,0.93,16.59
1997-11-26,0.0,23.1,27.73,18.72,81.88,0.91,13.92
1997-11-27,0.0,23.41,27.45,18.97,80.95,1.02,17.24
1997-11-28,0.0,22.32,27.25,19.11,84.34,1.59,16.6
1997-11-29,0.0,20.56,25.29,16.23,76.65,1.94,16.64
1997-11-30,0.0,19.83,24.94,16.08,77.89,1.46,15.6
1997-12-01,0.12,20.73,25.98,16.12,81.51,1.71,11.23
1997-12-02,0.0,20.98,25.95,17.13,83.54,1.84,16.98
1997-12-03,0.0,19.71,25.32,14.7,80.1,1.8,16.37
1997-12-04,0.0,18.97,24.2,14.92,76.41,1.2,12.45
1997-12-05,0.0,19.41,25.04,13.88,76.27,1.49,16.37
1997-12-06,0.0,18.98,25.89,13.87,80.05,1.96,16.33
1997-12-07,0.0,19.17,25.68,13.57,75.24,1.68,15.99
1997-12-08,0.0,19.67,25.65,15.04,74.8,1.57,16.07
1997-12-09,0.0,18.94,23.86,15.57,81.68,1.82,8.16
1997-12-10,9.44,18.4,21.03,16.12,91.66,1.38,5.89
1997-12-11,0.46,18.91,23.98,15.03,84.4,2.45,12.83
1997-12-12,0.0,17.86,23.06,12.22,78.83,1.63,15.17
1997-12-13,0.0,18.43,23.71,13.45,76.72,1.11,15.36
1997-12-14,1.21,19.25,22.49,15.73,81.43,0.82,5.66
1997-12-15,0.0,18.87,23.81,14.99,84.18,1.23,15.52
1997-12-16,0.0,17.72,24.0,12.21,79.41,1.64,15.86
1997-12-17,0.0,18.47,24.03,11.79,72.94,1.15,14.3
1997-12-18,0.0,17.97,24.08,12.67,77.19,1.36,16.6
1997-12-19,0.0,16.98,23.92,11.01,78.08,1.52,15.13
1997-12-20,0.0,16.23,22.58,11.19,76.29,1.56,10.9
1997-12-21,0.0,15.21,21.87,10.08,74.73,1.89,13.42
1997-12-22,0.0,14.78,21.61,8.52,78.07,1.73,11.2
1997-12-23,0.0,16.15,22.18,9.41,75.0,1.47,12.28
1997-12-24,0.0,16.0,22.09,10.54,72.98,1.63,14.66
1997-12-25,0.0,14.99,22.1,8.6,73.16,1.82,15.68
1997-12-26,0.0,15.91,23.01,9.7,73.55,1.73,17.11
1997-12-27,0.0,15.97,23.33,9.73,72.15,1.49,16.71
1997-12-28,0.0,16.92,23.62,9.94,69.45,1.42,16.79
1997-12-29,0.0,16.95,24.14,11.46,73.53,1.7,16.52
1997-12-30,0.0,17.01,23.93,11.16,73.12,1.67,15.4
1997-12-31,0.0,18.26,25.06,12.71,75.59,1.78,15.75
1998-01-01,0.0,16.66,23.25,11.92,75.58,2.4,13.51
1998-01-02,0.0,14.74,22.11,9.02,73.55,2.21,15.06
1998-01-03,0.0,13.85,21.65,7.07,72.84,1.94,14.44
1998-01-04,0.0,14.81,22.63,7.61,72.92,2.09,14.33
1998-01-05,0.0,16.41,22.75,8.98,67.42,1.2,14.93
1998-01-06,0.0,16.44,22.53,9.86,62.42,0.87,15.89
1998-01-07,0.0,15.54,22.73,9.9,67.44,1.62,17.43
1998-01-08,0.0,15.29,22.51,9.24,67.79,1.53,17.57
1998-01-09,0.0,14.58,22.23,8.07,70.96,1.87,17.78
1998-01-10,0.0,14.3,22.07,7.81,71.55,2.13,9.47
1998-01-11,0.0,15.2,22.63,8.42,68.13,1.61,11.36
1998-01-12,0.0,16.04,22.35,9.47,63.49,1.08,14.28
1998-01-13,0.0,17.18,24.58,10.81,73.34,1.4,15.44
1998-01-14,0.0,19.7,25.35,14.45,75.75,1.13,14.02
1998-01-15,0.0,18.01,23.5,13.14,58.98,1.1,15.74
1998-01-16,0.0,18.01,24.32,12.56,66.43,1.11,16.25
1998-01-17,0.0,19.57,25.75,13.22,75.37,0.95,15.45
1998-01-18,1.08,19.22,25.19,13.5,80.35,0.77,5.95
1998-01-19,19.54,18.81,23.71,15.57,79.59,1.59,9.5
1998-01-20,2.9,18.27,24.25,12.73,66.45,1.59,16.12
1998-01-21,1.38,14.8,18.15,12.76,79.23,2.78,9.36
1998-01-22,0.48,15.11,21.93,10.16,76.85,1.91,15.79
1998-01-23,0.0,15.3,22.47,8.99,67.46,1.61,18.19
1998-01-24,0.0,15.38,22.85,9.11,68.17,1.63,18.67
1998-01-25,0.0,16.68,24.02,9.88,63.52,1.79,18.61
1998-01-26,0.01,17.5,25.1,11.84,59.8,1.72,15.79
1998-01-27,0.08,18.25,25.78,11.69,62.6,1.53,18.08
1998-01-28,0.14,19.42,27.27,13.82,65.78,1.73,17.38
1998-01-29,0.0,19.98,27.58,13.28,63.5,1.5,18.84
1998-01-30,0.0,20.39,27.15,14.19,71.11,1.77,17.43
1998-01-31,0.0,19.56,26.3,13.97,67.13,1.89,18.06
1998-02-01,0.0,18.59,26.0,12.34,64.02,1.51,18.6
1998-02-02,0.0,18.98,27.16,12.08,63.69,1.81,18.97
1998-02-03,0.0,20.54,27.28,12.67,56.03,1.5,18.1
1998-02-04,0.17,21.57,28.36,15.22,59.35,1.21,16.24
1998-02-05,0.69,19.89,27.28,14.51,57.2,1.85,18.77
1998-02-06,0.0,17.25,25.81,10.48,53.35,1.9,19.3
1998-02-07,0.0,17.81,25.55,11.8,47.49,1.67,6.37
1998-02-08,0.0,17.57,26.34,10.34,61.45,1.95,20.38
1998-02-09,0.0,17.79,26.57,11.19,51.09,2.05,20.03
1998-02-10,0.0,17.84,27.36,9.58,50.77,2.01,19.59
1998-02-11,0.0,19.26,28.08,10.84,49.19,1.54,20.43
1998-02-12,0.0,20.38,27.91,13.65,42.64,1.11,19.57
1998-02-13,0.0,20.79,28.18,13.51,56.07,1.04,17.15
1998-02-14,0.0,21.09,28.22,13.95,44.69,1.03,18.99
1998-02-15,0.0,21.16,29.46,14.66,60.94,1.27,21.44
1998-02-16,0.0,22.1,29.99,14.89,71.95,1.95,16.82
1998-02-17,0.42,24.1,31.16,18.64,71.31,2.15,17.91
1998-02-18,0.7,23.95,30.81,18.09,73.92,2.02,9.47
1998-02-19,9.09,23.74,29.29,19.68,81.46,2.16,8.29
1998-02-20,19.09,21.85,27.14,18.47,88.91,1.77,14.5
1998-02-21,0.0,22.63,29.89,15.88,61.62,1.46,16.56
1998-02-22,0.0,23.34,29.35,15.82,45.7,0.53,18.09
1998-02-23,0.05,23.29,29.98,16.51,53.22,1.06,15.36
1998-02-24,0.0,23.74,30.85,15.86,53.71,1.11,20.73
1998-02-25,0.79,25.23,32.08,19.55,64.81,1.28,19.92
1998-02-26,10.32,23.97,27.95,20.24,83.96,1.88,10.98
1998-02-27,6.3,24.67,29.37,21.15,78.56,1.27,11.37
1998-02-28,0.02,22.59,30.01,16.68,54.43,2.1,20.05
1998-03-01,0.0,21.15,29.39,14.62,46.35,2.28,19.96
1998-03-02,0.0,20.84,29.0,13.39,44.74,1.93,20.36
1998-03-03,0.0,20.58,29.27,12.64,41.5,1.78,19.9
1998-03-04,0.0,22.32,30.75,13.64,38.36,1.67,21.85
1998-03-05,0.0,24.03,32.11,16.71,44.1,1.34,21.22
1998-03-06,0.05,25.38,33.0,18.33,59.61,1.18,20.19
1998-03-07,8.65,24.96,31.38,20.38,71.69,2.74,17.88
1998-03-08,1.54,23.89,29.97,19.79,51.81,2.02,21.32
1998-03-09,0.0,21.89,29.59,14.41,36.55,1.41,21.7
1998-03-10,0.0,22.9,31.19,16.82,56.48,1.67,18.66
1998-03-11,0.0,24.75,33.07,17.4,67.5,2.01,20.66
1998-03-12,1.44,25.8,33.56,19.87,64.7,1.36,20.12
1998-03-13,0.53,25.37,31.03,19.6,73.57,1.37,19.9
1998-03-14,2.4,26.35,30.69,22.24,69.48,1.69,20.33
1998-03-15,0.0,24.61,32.54,17.52,47.59,2.05,20.75
1998-03-16,0.0,23.72,32.99,15.29,39.8,2.07,21.38
1998-03-17,0.0,24.53,34.18,15.42,36.87,2.01,21.77
1998-03-18,0.0,25.68,33.81,17.06,40.48,2.19,22.7
1998-03-19,0.0,26.06,33.52,18.19,48.82,2.0,20.9
1998-03-20,0.0,26.46,34.87,19.4,45.09,1.99,22.17
1998-03-21,0.0,27.25,34.95,19.96,61.05,2.04,22.14
1998-03-22,2.95,28.2,35.33,21.72,69.53,3.38,22.72
1998-03-23,17.86,27.71,32.89,24.33,80.0,4.11,4.81
1998-03-24,30.07,25.8,29.54,23.69,82.8,4.49,3.91
1998-03-25,18.28,25.55,30.38,21.18,81.18,2.4,16.23
1998-03-26,0.04,24.7,31.37,18.85,56.6,1.32,23.65
1998-03-27,0.0,23.87,31.76,15.81,48.29,1.54,23.57
1998-03-28,0.0,24.63,32.64,17.38,49.23,1.54,21.97
1998-03-29,0.0,25.7,33.72,18.41,53.67,1.17,22.82
1998-03-30,11.44,23.51,28.77,20.72,78.01,1.14,6.5
1998-03-31,0.01,23.81,30.0,17.62,69.93,1.73,23.93
1998-04-01,0.0,25.12,33.28,17.58,54.98,1.94,24.38
1998-04-02,0.0,25.89,34.08,18.75,48.75,1.56,22.12
1998-04-03,0.0,26.29,34.48,20.16,54.48,1.21,21.87
1998-04-04,0.0,26.13,34.61,18.4,60.66,1.47,25.11
1998-04-05,0.0,27.07,34.79,19.94,63.59,1.58,25.49
1998-04-06,26.35,27.37,34.07,21.95,76.03,1.68,16.3
1998-04-07,24.19,26.44,30.91,22.43,81.26,1.37,21.7
1998-04-08,2.66,26.93,32.2,22.5,78.63,1.5,23.55
1998-04-09,1.86,27.33,32.49,23.17,79.08,1.7,18.28
1998-04-10,0.14,27.79,33.83,23.09,74.96,2.84,20.81
1998-04-11,0.18,28.58,34.48,23.25,76.47,2.77,23.27
1998-04-12,0.08,29.2,35.32,24.47,75.8,3.03,23.3
1998-04-13,0.08,29.68,36.17,24.32,73.72,2.44,22.55
1998-04-14,0.16,29.72,35.9,25.03,70.91,1.77,22.58
1998-04-15,0.9,31.18,38.0,25.69,62.87,1.23,19.69
1998-04-16,0.31,30.87,37.53,25.51,59.82,1.41,6.9
1998-04-17,0.51,29.45,35.77,25.23,57.6,1.27,21.9
1998-04-18,0.35,29.31,35.91,23.32,63.82,1.46,23.36
1998-04-19,6.69,29.21,34.58,24.64,67.93,1.89,22.04
1998-04-20,8.2,28.5,33.87,24.29,74.74,2.3,17.6
1998-04-21,25.39,27.85,31.63,25.01,82.44,3.9,15.42
1998-04-22,57.24,27.59,30.63,25.5,87.39,3.87,13.19
1998-04-23,39.77,27.62,30.95,25.1,86.58,2.98,15.95
1998-04-24,18.47,26.73,30.33,24.01,85.38,1.59,20.24
1998-04-25,1.22,26.43,30.07,23.96,87.0,1.48,25.52
1998-04-26,4.01,27.56,31.01,24.66,80.48,0.69,25.89
1998-04-27,0.21,27.85,31.78,24.55,78.75,0.99,21.8
1998-04-28,0.88,27.82,31.79,24.58,80.55,1.18,23.61
1998-04-29,2.62,27.06,29.93,24.77,87.38,1.23,17.84
1998-04-30,0.01,27.89,32.75,24.07,83.06,2.33,25.03
1998-05-01,0.77,27.58,31.55,24.19,85.98,2.18,22.82
1998-05-02,10.5,27.77,31.93,23.74,82.32,1.43,14.76
1998-05-03,3.76,27.75,31.73,24.58,80.17,1.12,17.54
1998-05-04,8.04,27.68,31.74,24.08,80.79,0.96,18.58
1998-05-05,10.28,26.55,29.15,24.82,87.77,1.82,8.7
1998-05-06,14.98,25.81,27.93,24.2,88.86,1.87,20.66
1998-05-07,1.02,27.68,31.79,23.16,78.01,0.98,25.3
1998-05-08,10.87,28.58,32.54,24.75,80.12,1.08,24.62
1998-05-09,0.0,29.06,33.37,24.96,77.25,1.29,24.86
1998-05-10,2.11,29.6,33.86,25.01,75.99,0.89,24.95
1998-05-11,2.35,28.81,32.35,25.82,75.99,1.37,25.87
1998-05-12,0.0,28.49,33.73,23.4,69.51,1.68,27.08
1998-05-13,0.0,28.89,34.9,23.11,67.62,1.21,27.39
1998-05-14,0.0,30.36,35.57,25.09,62.01,1.05,26.81
1998-05-15,0.2,29.92,35.28,25.19,74.29,1.33,24.85
1998-05-16,5.1,29.53,33.58,26.13,76.46,0.93,18.78
1998-05-17,9.26,28.39,31.73,25.21,81.63,1.15,26.28
1998-05-18,1.01,28.62,31.95,25.6,80.89,1.44,23.08
1998-05-19,45.07,27.74,31.86,25.38,85.28,3.54,7.68
1998-05-20,23.48,26.29,29.22,24.0,90.54,4.62,8.14
1998-05-21,14.29,28.4,29.51,26.78,91.08,3.41,9.77
1998-05-22,11.05,28.58,30.54,26.99,91.24,3.24,23.17
1998-05-23,0.58,29.04,31.88,26.93,87.73,3.74,23.03
1998-05-24,20.92,28.91,31.82,26.96,88.61,3.57,21.73
1998-05-25,29.53,28.31,31.19,26.23,90.02,2.2,5.91
1998-05-26,26.98,27.94,30.13,25.97,91.64,2.97,10.11
1998-05-27,37.66,28.8,31.59,27.04,89.67,3.41,5.65
1998-05-28,29.38,28.96,32.27,26.78,88.59,3.28,8.77
1998-05-29,29.56,29.25,32.22,27.29,90.57,2.97,14.58
1998-05-30,1.31,29.43,32.51,27.27,90.18,3.53,21.95
1998-05-31,2.24,29.03,31.93,27.18,89.86,4.13,22.6
1998-06-01,9.13,28.54,30.91,26.66,90.63,3.44,23.04
1998-06-02,3.87,28.78,31.26,27.4,90.03,3.62,20.64
1998-06-03,9.74,28.51,31.38,26.83,89.73,3.25,7.61
1998-06-04,9.59,28.3,30.62,26.58,91.57,2.43,23.28
1998-06-05,0.49,27.8,30.02,26.2,87.27,3.01,23.33
1998-06-06,0.17,27.99,30.01,26.59,90.97,3.39,19.98
1998-06-07,0.2,28.45,30.88,26.65,87.81,4.14,13.81
1998-06-08,4.95,28.43,31.02,26.18,88.93,4.43,18.33
1998-06-09,7.35,28.81,30.53,27.57,91.24,4.22,6.85
1998-06-10,2.37,28.94,30.68,27.8,92.61,3.96,19.24
1998-06-11,4.59,28.62,30.74,26.69,90.01,2.37,19.59
1998-06-12,0.78,27.97,29.85,26.48,90.56,1.96,24.24
1998-06-13,5.3,28.85,31.82,26.85,89.62,2.64,16.46
1998-06-14,2.77,29.31,33.24,26.98,88.04,2.61,26.75
1998-06-15,3.54,28.68,30.97,27.25,90.71,2.81,26.7
1998-06-16,9.31,28.19,30.16,26.76,92.17,2.08,22.63
1998-06-17,2.59,27.99,30.22,26.37,90.39,2.14,23.46
1998-06-18,8.83,28.44,31.28,26.21,89.13,2.68,21.3
1998-06-19,2.95,28.41,30.79,26.9,91.43,2.72,13.48
1998-06-20,5.14,28.54,30.54,26.86,91.53,2.7,24.54
1998-06-21,5.55,28.27,30.25,26.74,91.62,3.64,10.26
1998-06-22,5.95,28.68,31.34,26.32,91.02,4.78,16.67
1998-06-23,6.09,29.06,31.87,27.13,89.37,5.1,19.25
1998-06-24,10.41,28.6,30.03,27.48,91.05,3.78,14.76
1998-06-25,4.7,28.62,31.32,27.17,90.65,3.89,19.05
1998-06-26,6.12,28.72,31.13,27.14,90.73,3.74,21.72
1998-06-27,7.35,29.08,31.46,27.61,90.46,3.8,23.68
1998-06-28,1.69,28.61,30.44,27.13,91.4,3.12,18.79
1998-06-29,1.75,28.76,31.64,26.86,88.42,2.34,19.07
1998-06-30,1.01,29.03,32.77,26.5,87.82,2.52,18.66
1998-07-01,3.87,28.48,30.86,27.13,91.9,1.85,16.84
1998-07-02,3.49,28.02,29.95,27.05,92.33,3.52,19.18
1998-07-03,27.61,28.45,30.96,27.05,90.05,4.98,16.59
1998-07-04,88.79,28.2,29.89,26.99,92.54,4.5,8.35
1998-07-05,48.42,28.23,29.84,27.21,92.78,4.51,6.8
1998-07-06,81.08,28.13,29.49,27.29,92.74,4.53,8.31
1998-07-07,20.95,28.21,30.57,26.85,91.39,3.9,13.23
1998-07-08,2.74,27.98,30.08,26.47,90.74,4.94,20.27
1998-07-09,7.76,27.91,30.94,25.69,90.6,3.93,22.59
1998-07-10,18.44,28.0,29.95,26.63,91.08,4.56,13.79
1998-07-11,27.69,27.87,29.3,27.17,93.4,4.78,12.4
1998-07-12,29.94,27.76,29.77,26.4,93.54,3.96,4.51
1998-07-13,47.95,27.56,28.87,26.57,94.23,3.43,6.55
1998-07-14,41.82,28.15,30.87,26.65,92.27,2.77,3.44
1998-07-15,28.69,27.43,28.88,26.46,93.95,3.4,7.87
1998-07-16,29.7,27.39,29.17,26.2,94.16,2.93,9.92
1998-07-17,25.64,27.57,29.87,26.11,93.67,2.83,11.23
1998-07-18,11.38,27.33,28.36,26.26,94.77,3.74,11.23
1998-07-19,4.66,27.42,29.96,25.74,91.02,3.18,21.32
1998-07-20,11.86,27.29,29.15,25.63,92.17,3.24,21.85
1998-07-21,34.99,28.04,30.6,26.04,91.73,3.12,14.96
1998-07-22,45.95,28.11,30.35,26.42,92.67,3.07,10.6
1998-07-23,20.1,27.84,29.65,26.67,93.56,3.42,6.03
1998-07-24,13.19,27.55,29.43,26.26,93.06,3.56,11.7
1998-07-25,6.16,28.08,30.71,26.0,92.33,3.02,9.44
1998-07-26,4.68,28.16,30.76,26.39,92.73,2.42,22.92
1998-07-27,5.63,27.95,30.02,26.51,92.77,1.77,15.37
1998-07-28,8.09,28.49,31.18,26.87,91.4,2.99,22.92
1998-07-29,3.76,28.0,30.02,26.52,92.44,2.22,21.78
1998-07-30,1.08,27.99,31.03,26.02,91.13,2.4,21.41
1998-07-31,0.1,28.21,30.95,26.24,91.87,1.91,19.53
1998-08-01,1.1,28.15,30.01,26.82,92.02,2.43,16.8
1998-08-02,28.66,27.9,29.62,26.77,93.63,3.69,16.01
1998-08-03,73.11,27.95,29.27,27.11,93.24,3.59,12.4
1998-08-04,22.98,28.07,30.13,26.74,92.4,3.56,12.4
1998-08-05,13.59,27.85,29.47,26.89,93.75,3.06,16.34
1998-08-06,23.86,27.73,29.19,26.68,94.13,4.86,23.05
1998-08-07,2.68,28.18,30.83,26.11,91.59,3.7,23.17
1998-08-08,6.65,28.49,31.16,26.69,91.86,2.67,16.95
1998-08-09,2.71,27.72,30.03,26.41,94.17,2.47,21.89
1998-08-10,5.94,27.94,30.85,26.44,91.75,3.8,18.82
1998-08-11,38.87,27.55,29.7,26.35,92.43,4.53,6.99
1998-08-12,51.23,27.65,29.96,26.23,93.13,4.36,8.85
1998-08-13,66.89,27.71,29.71,26.49,92.73,4.61,5.97
1998-08-14,48.85,27.69,29.8,26.44,93.08,4.61,11.2
1998-08-15,12.64,27.55,30.13,25.98,92.21,3.45,19.07
1998-08-16,11.42,27.27,29.19,25.91,93.19,3.04,10.58
1998-08-17,13.95,27.62,29.5,26.25,92.75,3.15,10.47
1998-08-18,15.04,27.5,29.76,25.86,93.09,2.4,18.74
1998-08-19,6.62,27.51,29.84,25.56,90.68,1.88,20.66
1998-08-20,0.83,28.73,32.48,25.27,84.93,0.83,19.75
1998-08-21,0.41,28.81,31.24,25.97,85.76,0.93,21.16
1998-08-22,1.89,28.36,31.1,26.29,88.35,0.84,8.86
1998-08-23,4.4,27.89,30.05,26.25,92.66,2.04,19.29
1998-08-24,11.74,27.75,29.55,26.65,93.6,2.25,17.69
1998-08-25,19.6,27.12,28.38,26.39,95.09,2.78,14.82
1998-08-26,27.8,27.07,28.75,25.93,94.12,3.08,10.55
1998-08-27,10.15,27.75,30.12,26.15,91.99,3.09,14.9
1998-08-28,20.23,27.68,30.41,26.01,91.79,3.1,15.85
1998-08-29,58.62,27.88,30.29,25.68,92.49,2.4,5.22
1998-08-30,38.06,28.11,30.22,26.63,93.78,2.99,9.76
1998-08-31,15.9,28.2,30.22,26.9,92.32,3.48,10.52
1998-09-01,3.97,27.94,30.04,26.65,92.23,3.97,21.51
1998-09-02,3.42,27.7,29.73,26.48,93.13,3.92,18.92
1998-09-03,3.05,27.88,30.36,26.39,91.32,3.28,17.74
1998-09-04,7.41,27.78,30.4,26.12,91.2,2.48,17.59
1998-09-05,10.76,27.08,28.85,25.8,94.36,1.82,12.78
1998-09-06,3.34,26.94,28.88,25.36,93.54,1.28,14.55
1998-09-07,6.53,25.88,28.25,24.13,93.3,2.76,10.65
1998-09-08,10.33,25.61,27.77,23.28,94.51,2.94,8.77
1998-09-09,15.48,26.27,27.74,24.81,94.74,3.84,10.74
1998-09-10,7.79,26.33,27.94,25.12,95.11,2.65,18.05
1998-09-11,3.17,26.83,29.5,25.3,92.81,3.06,19.21
1998-09-12,6.71,27.18,30.58,24.77,90.29,1.73,22.26
1998-09-13,3.3,26.96,30.78,24.54,89.76,1.62,22.24
1998-09-14,3.75,27.61,31.46,24.54,87.6,1.12,22.17
1998-09-15,0.3,28.39,32.39,25.3,85.1,0.81,22.16
1998-09-16,1.98,28.24,31.39,25.38,88.67,1.29,8.87
1998-09-17,16.22,27.82,29.92,26.44,91.31,1.49,21.92
1998-09-18,4.09,28.38,32.27,25.79,88.81,1.24,21.56
1998-09-19,3.29,28.34,31.19,25.9,88.65,1.08,20.13
1998-09-20,6.95,28.82,32.2,26.22,80.85,0.43,12.61
1998-09-21,3.98,28.58,31.59,26.19,83.47,0.67,20.09
1998-09-22,0.84,28.31,31.57,25.82,86.73,0.96,20.08
1998-09-23,3.62,28.26,31.09,25.64,86.74,0.75,22.13
1998-09-24,4.86,28.98,32.7,25.75,85.52,0.88,20.23
1998-09-25,0.5,28.85,31.97,26.17,86.79,0.97,22.63
1998-09-26,0.18,28.67,32.13,26.2,88.74,1.61,22.97
1998-09-27,1.36,28.59,30.97,26.03,87.67,1.23,14.46
1998-09-28,2.37,28.02,31.32,25.73,87.6,0.9,20.16
1998-09-29,8.22,28.36,31.49,25.83,83.8,0.76,20.0
1998-09-30,13.46,28.14,31.46,24.76,84.59,1.18,15.57
1998-10-01,1.63,27.76,30.92,25.24,84.72,1.08,21.71
1998-10-02,1.71,27.12,29.84,24.81,86.08,1.2,18.31
1998-10-03,3.14,27.27,30.43,24.76,85.82,0.83,21.03
1998-10-04,0.22,27.04,30.26,24.39,87.46,1.15,18.82
1998-10-05,0.09,27.37,31.46,24.1,85.05,1.44,21.91
1998-10-06,0.0,27.44,31.85,23.33,84.31,1.52,21.68
1998-10-07,0.0,27.89,32.45,23.66,84.0,1.33,21.84
1998-10-08,1.95,28.24,32.73,23.67,83.53,1.28,20.63
1998-10-09,10.63,28.22,31.65,25.04,82.72,0.67,14.48
1998-10-10,0.02,28.87,32.43,25.16,83.46,0.84,20.13
1998-10-11,0.58,29.05,32.59,25.61,83.26,0.92,20.53
1998-10-12,4.2,29.64,31.93,26.71,77.63,0.57,19.43
1998-10-13,5.32,28.53,31.27,26.48,83.66,0.58,8.08
1998-10-14,0.12,27.12,29.15,25.61,90.7,1.03,15.21
1998-10-15,5.31,26.4,28.81,25.14,92.58,1.62,15.32
1998-10-16,12.3,26.2,28.02,24.96,95.29,1.61,13.05
1998-10-17,1.74,26.77,28.94,25.35,92.47,1.65,19.45
1998-10-18,1.8,27.16,29.72,25.33,91.92,1.9,16.76
1998-10-19,12.07,27.48,29.29,26.04,93.88,2.52,15.45
1998-10-20,11.35,27.19,28.91,26.15,94.12,2.88,9.55
1998-10-21,3.66,27.05,29.86,24.94,90.05,2.46,13.04
1998-10-22,1.01,26.45,29.58,24.17,87.84,2.08,18.0
1998-10-23,0.04,26.75,30.5,23.52,82.02,1.13,19.46
1998-10-24,0.0,25.79,30.33,22.39,84.42,1.32,20.46
1998-10-25,0.0,24.69,29.58,20.39,83.94,1.81,19.36
1998-10-26,0.0,25.31,30.25,20.45,85.21,1.74,20.13
1998-10-27,0.0,25.98,30.5,22.14,86.52,1.54,20.9
1998-10-28,0.0,25.03,29.74,21.31,85.66,1.65,20.58
1998-10-29,2.27,24.71,29.59,19.85,82.89,1.18,17.18
1998-10-30,24.14,23.19,25.17,21.48,93.38,2.51,9.98
1998-10-31,0.44,23.89,28.41,20.84,87.66,2.22,14.45
1998-11-01,0.14,23.96,28.08,20.75,87.76,1.77,17.06
1998-11-02,0.01,24.5,29.57,20.72,86.26,2.01,17.4
1998-11-03,0.0,23.78,29.43,18.72,84.1,1.57,19.6
1998-11-04,0.0,24.14,29.81,19.54,83.59,1.53,19.39
1998-11-05,0.0,23.6,29.44,18.63,83.55,1.4,19.48
1998-11-06,0.0,23.66,29.19,18.88,81.86,1.46,18.97
1998-11-07,0.0,23.98,29.29,19.43,78.67,1.18,19.1
1998-11-08,0.0,23.56,28.77,19.86,76.73,1.36,19.1
1998-11-09,0.0,22.51,27.83,17.73,79.98,1.41,18.46
1998-11-10,0.64,22.35,27.06,18.13,82.43,1.22,17.97
1998-11-11,0.21,22.78,28.24,17.79,82.2,1.44,13.74
1998-11-12,0.0,22.88,28.35,18.96,83.51,1.88,18.63
1998-11-13,0.0,22.29,28.17,17.26,82.65,1.53,19.86
1998-11-14,0.0,22.28,27.06,17.97,81.41,1.35,18.72
1998-11-15,0.0,23.78,29.31,19.13,77.04,1.04,19.29
1998-11-16,0.02,24.86,30.25,19.74,76.78,0.9,18.9
1998-11-17,0.01,25.04,30.05,20.64,78.69,1.08,18.65
1998-11-18,0.0,24.45,29.59,20.15,81.83,1.53,18.72
1998-11-19,0.0,24.64,29.03,20.84,85.73,1.92,18.2
1998-11-20,0.0,24.87,29.08,21.5,86.18,1.11,18.47
1998-11-21,3.49,24.27,27.12,22.26,90.25,1.03,9.39
1998-11-22,55.79,23.47,25.18,22.29,94.39,2.62,9.68
1998-11-23,50.39,25.26,28.64,22.43,93.0,3.15,6.23
1998-11-24,2.65,24.52,28.38,21.66,89.71,1.36,12.5
1998-11-25,0.02,22.8,27.21,18.78,87.55,2.17,11.0
1998-11-26,0.0,20.17,25.92,16.25,83.12,2.41,17.91
1998-11-27,0.0,20.38,26.95,14.76,86.3,2.24,18.33
1998-11-28,0.0,21.31,27.36,16.73,87.44,1.93,17.92
1998-11-29,0.0,21.0,26.96,16.49,86.97,1.57,17.66
1998-11-30,0.0,20.33,25.96,15.84,86.14,1.55,17.3
1998-12-01,0.0,19.9,25.45,15.34,86.48,1.74,17.36
1998-12-02,0.0,19.37,25.73,14.4,84.58,2.1,17.86
1998-12-03,0.0,18.51,25.49,13.12,83.8,2.08,17.63
1998-12-04,0.0,18.33,24.85,12.49,83.96,1.63,17.07
1998-12-05,0.0,18.86,25.42,13.56,85.04,1.69,16.92
1998-12-06,0.0,18.81,25.45,12.87,83.7,1.43,16.65
1998-12-07,0.0,19.16,25.16,14.27,83.39,1.3,17.06
1998-12-08,0.0,20.03,25.46,15.64,82.61,0.97,16.29
1998-12-09,0.0,20.54,25.41,15.64,79.5,0.88,15.12
1998-12-10,0.0,20.1,24.59,15.39,80.69,1.06,16.66
1998-12-11,0.0,19.99,25.29,14.61,77.09,1.11,16.56
1998-12-12,0.0,18.89,25.01,14.38,77.61,1.38,17.71
1998-12-13,0.0,18.98,25.69,13.03,84.87,1.64,18.28
1998-12-14,0.0,20.17,27.24,14.03,78.25,1.35,17.52
1998-12-15,0.0,20.01,26.82,13.17,71.18,0.88,17.83
1998-12-16,0.0,19.88,26.18,13.89,70.4,0.92,17.31
1998-12-17,0.0,18.12,24.65,13.1,79.04,1.45,17.21
1998-12-18,0.0,17.1,23.89,11.52,81.62,1.54,16.89
1998-12-19,0.0,17.26,24.18,11.6,82.04,1.86,17.32
1998-12-20,0.0,16.89,24.39,11.1,79.82,1.84,17.29
1998-12-21,0.0,16.94,24.8,10.55,76.33,1.51,17.38
1998-12-22,0.0,16.73,24.47,11.18,77.27,1.6,17.29
1998-12-23,0.0,16.31,24.0,10.5,77.34,1.67,17.38
1998-12-24,0.0,16.12,23.57,10.28,74.35,1.67,18.35
1998-12-25,0.0,16.27,23.94,9.88,80.27,1.65,18.28
1998-12-26,0.0,16.6,24.28,10.23,81.91,1.91,17.76
1998-12-27,0.0,16.19,23.99,10.12,81.62,1.83,18.49
1998-12-28,0.0,15.98,23.41,9.78,82.02,1.65,17.63
1998-12-29,0.0,16.02,23.2,9.83,81.62,1.38,17.49
1998-12-30,0.0,16.35,23.17,10.98,80.53,1.21,15.84
1998-12-31,0.0,16.4,22.99,10.72,77.97,1.2,16.34
1999-01-01,0.0,16.1,22.89,10.37,80.1,1.69,16.66
1999-01-02,0.0,16.22,23.54,10.27,81.11,2.08,17.41
1999-01-03,0.0,17.5,24.78,10.46,71.42,1.25,17.6
1999-01-04,0.0,18.77,25.5,13.02,62.95,0.79,18.1
1999-01-05,0.0,18.73,25.24,13.69,63.8,0.85,18.3
1999-01-06,0.0,17.55,22.53,13.31,64.81,0.96,17.87
1999-01-07,0.0,18.31,24.31,13.38,67.83,1.11,11.49
1999-01-08,0.0,17.56,23.75,12.89,74.58,1.71,17.77
1999-01-09,0.0,16.54,23.85,10.7,75.33,1.91,17.83
1999-01-10,0.0,15.91,22.91,11.2,79.27,2.11,16.87
1999-01-11,0.0,14.58,22.3,8.3,76.7,2.12,15.77
1999-01-12,0.0,15.46,23.57,8.46,70.47,1.62,17.8
1999-01-13,0.0,15.76,23.62,9.4,68.15,1.34,19.25
1999-01-14,0.0,15.75,23.19,9.12,70.02,1.31,18.9
1999-01-15,0.0,15.43,23.4,8.82,70.27,1.8,19.3
1999-01-16,0.0,15.57,24.26,8.55,76.3,1.83,19.04
1999-01-17,0.0,15.88,23.78,8.91,76.27,1.55,18.92
1999-01-18,0.0,15.28,23.12,8.88,74.94,1.99,18.73
1999-01-19,0.0,14.99,23.29,7.86,75.13,1.76,18.61
1999-01-20,0.0,15.78,24.31,8.58,72.81,1.8,18.93
1999-01-21,0.0,16.76,24.62,9.86,70.54,1.61,19.26
1999-01-22,0.0,17.02,24.92,10.48,70.97,1.66,19.26
1999-01-23,0.0,17.12,25.92,10.34,66.34,1.87,19.42
1999-01-24,0.0,17.51,26.07,10.25,68.23,1.76,18.98
1999-01-25,0.0,18.33,25.51,12.07,68.18,1.62,18.64
1999-01-26,0.0,16.99,24.48,11.17,69.24,1.92,19.02
1999-01-27,0.0,15.75,22.14,9.58,67.79,1.56,19.13
1999-01-28,0.0,17.18,25.17,10.48,71.39,1.96,19.49
1999-01-29,0.0,18.2,25.31,11.77,66.33,1.25,19.5
1999-01-30,0.0,17.93,25.79,11.66,66.73,1.71,18.58
1999-01-31,0.0,16.33,25.06,9.83,61.59,2.31,19.51
1999-02-01,0.0,16.0,24.98,8.72,62.66,2.1,19.8
1999-02-02,0.0,17.39,26.29,9.11,60.99,1.63,19.7
1999-02-03,0.0,18.66,27.15,10.62,61.18,1.47,18.4
1999-02-04,0.0,20.25,29.39,13.96,63.56,1.83,19.57
1999-02-05,0.0,20.08,29.0,13.45,62.84,2.28,19.92
1999-02-06,0.0,19.25,27.85,12.86,64.3,2.27,19.92
1999-02-07,0.0,19.06,27.87,11.92,64.08,2.27,21.09
1999-02-08,0.0,20.4,29.17,12.14,62.41,1.4,21.19
1999-02-09,0.0,21.36,28.38,16.32,62.1,0.98,20.25
1999-02-10,0.0,20.63,25.76,17.13,70.85,1.43,10.73
1999-02-11,0.0,22.26,31.39,15.38,62.36,1.91,21.24
1999-02-12,0.0,22.29,31.92,14.64,59.75,2.09,21.24
1999-02-13,0.0,21.96,30.62,15.05,57.92,1.95,21.75
1999-02-14,0.0,21.93,30.66,15.25,57.78,1.76,21.51
1999-02-15,0.0,21.58,30.44,14.49,56.08,1.9,22.02
1999-02-16,0.0,21.57,30.4,13.78,55.1,1.79,22.21
1999-02-17,0.0,22.1,30.86,14.52,54.87,1.76,22.04
1999-02-18,0.0,22.56,31.12,14.5,46.42,1.52,22.38
1999-02-19,1.51,22.49,30.79,14.34,47.88,1.49,22.71
1999-02-20,0.0,23.34,30.59,18.17,44.98,1.25,22.74
1999-02-21,0.0,23.94,31.09,17.45,41.42,1.26,21.59
1999-02-22,0.0,23.28,31.33,17.18,42.42,1.28,22.88
1999-02-23,0.0,22.41,30.6,13.75,41.19,1.44,22.9
1999-02-24,0.0,23.43,31.53,16.86,47.36,1.18,23.28
1999-02-25,0.0,25.02,32.94,18.15,62.86,1.17,23.32
1999-02-26,0.0,26.17,33.32,19.33,62.91,1.27,23.33
1999-02-27,0.0,26.28,34.64,20.92,51.65,1.82,22.71
1999-02-28,0.0,24.05,33.21,16.63,43.89,2.55,23.17
1999-03-01,0.0,23.81,32.99,15.69,42.61,1.89,23.33
1999-03-02,0.0,23.17,32.46,15.81,40.21,2.05,23.14
1999-03-03,0.0,22.2,32.46,13.34,37.61,2.06,23.65
1999-03-04,0.0,22.76,32.98,13.86,38.05,1.86,23.57
1999-03-05,0.0,24.62,33.39,14.93,34.38,1.41,23.88
1999-03-06,0.0,25.44,33.59,18.71,54.59,1.01,23.52
1999-03-07,0.0,25.52,34.17,19.19,67.83,1.66,23.67
1999-03-08,0.0,25.81,34.6,19.13,69.81,2.1,23.77
1999-03-09,0.0,27.06,36.26,20.39,69.72,2.62,23.61
1999-03-10,0.0,27.47,36.46,20.44,69.79,2.13,23.07
1999-03-11,0.0,27.46,35.23,21.18,69.51,2.58,22.56
1999-03-12,0.0,27.75,34.89,22.42,72.74,3.1,21.96
1999-03-13,0.11,27.72,34.38,22.38,72.4,2.29,21.78
1999-03-14,0.04,27.95,35.23,22.64,49.87,1.27,23.05
1999-03-15,0.0,25.61,34.7,17.37,28.57,1.55,24.23
1999-03-16,0.0,25.11,34.63,16.64,33.7,1.64,24.33
1999-03-17,0.0,25.86,34.74,16.66,68.42,2.58,23.42
1999-03-18,0.0,27.16,34.57,20.99,74.02,2.98,23.09
1999-03-19,0.11,28.32,36.69,22.82,54.07,1.93,23.11
1999-03-20,0.0,27.18,36.66,20.2,24.23,1.71,24.04
1999-03-21,0.0,27.06,36.01,20.56,25.22,1.47,21.26
1999-03-22,0.0,28.3,36.18,19.9,23.66,1.11,21.19
1999-03-23,0.0,28.16,36.56,21.16,45.71,1.37,24.22
1999-03-24,0.0,28.18,35.89,22.09,55.83,2.6,24.21
1999-03-25,0.04,27.98,35.28,22.18,68.6,3.04,24.86
1999-03-26,0.14,28.02,34.37,23.02,71.83,3.87,21.4
1999-03-27,0.27,28.41,33.99,24.41,71.3,4.12,19.83
1999-03-28,0.08,28.25,34.72,22.91,69.67,2.98,21.27
1999-03-29,0.0,28.35,35.56,22.41,62.9,1.56,23.26
1999-03-30,0.0,28.78,37.34,21.97,59.11,1.53,22.56
1999-03-31,0.01,28.18,35.17,22.17,65.78,2.31,23.75
1999-04-01,0.35,28.9,35.42,23.5,68.93,2.82,24.73
1999-04-02,0.0,29.49,38.02,23.13,65.96,2.21,24.52
1999-04-03,0.0,29.78,39.16,21.94,62.81,2.28,25.13
1999-04-04,0.0,29.33,36.86,22.48,63.89,2.3,22.35
1999-04-05,0.0,29.38,37.02,24.2,67.95,2.32,25.08
1999-04-06,0.0,29.34,36.2,23.8,66.03,2.43,20.93
1999-04-07,1.33,28.65,34.1,24.43,69.53,3.11,23.21
1999-04-08,2.85,28.81,35.23,23.77,69.9,2.07,21.46
1999-04-09,1.43,28.5,35.9,22.41,64.99,1.2,23.94
1999-04-10,5.4,28.83,35.28,22.45,63.48,1.52,23.3
1999-04-11,0.16,30.05,37.88,23.61,59.82,1.73,23.36
1999-04-12,0.0,29.89,37.57,23.18,62.78,2.0,24.93
1999-04-13,0.0,30.44,38.57,23.55,63.11,2.08,24.41
1999-04-14,0.0,31.51,39.65,24.71,59.91,1.7,24.47
1999-04-15,0.0,31.59,38.42,25.9,60.0,2.4,24.39
1999-04-16,0.0,31.27,38.47,25.31,61.37,2.77,25.26
1999-04-17,0.0,31.7,39.07,25.59,61.07,2.57,24.2
1999-04-18,0.01,32.14,38.88,26.1,55.3,2.44,25.0
1999-04-19,0.0,31.91,39.4,25.4,53.7,2.27,22.95
1999-04-20,0.0,31.73,39.7,24.62,56.81,2.12,25.11
1999-04-21,0.0,31.95,39.53,25.62,57.3,2.28,24.95
1999-04-22,0.0,31.77,39.6,25.64,57.54,2.41,25.55
1999-04-23,0.0,31.19,38.46,25.12,61.01,3.56,25.93
1999-04-24,0.0,31.59,38.21,26.82,60.88,3.86,25.05
1999-04-25,0.0,31.86,38.59,27.16,62.56,3.82,24.99
1999-04-26,0.0,32.17,38.87,27.13,62.84,3.86,25.74
1999-04-27,0.0,32.24,39.0,26.84,63.34,3.75,25.69
1999-04-28,0.0,31.73,38.26,27.16,63.91,3.64,25.92
1999-04-29,0.0,31.07,36.76,27.35,66.43,4.8,24.88
1999-04-30,0.0,31.08,36.72,27.51,64.47,4.81,26.21
1999-05-01,0.01,30.28,35.83,27.03,69.72,3.71,24.68
1999-05-02,0.04,29.57,33.36,26.88,76.67,3.65,23.43
1999-05-03,0.02,30.73,35.59,27.35,68.93,4.0,25.3
1999-05-04,0.12,30.15,33.87,27.06,73.82,3.42,24.38
1999-05-05,1.33,29.98,34.6,26.48,74.17,3.46,17.83
1999-05-06,20.03,29.72,35.72,26.15,74.58,3.44,8.51
1999-05-07,50.14,28.85,31.76,26.49,83.21,4.57,10.35
1999-05-08,13.64,28.73,31.94,26.67,83.62,3.25,10.69
1999-05-09,2.02,28.66,32.57,25.84,77.86,2.53,15.97
1999-05-10,0.79,28.65,32.58,25.5,73.99,1.69,24.83
1999-05-11,0.71,28.34,31.42,25.47,75.25,1.92,15.04
1999-05-12,1.18,28.74,33.56,24.22,69.47,2.37,23.25
1999-05-13,9.64,29.44,34.67,25.62,73.28,2.79,12.1
1999-05-14,25.64,28.3,32.13,25.71,80.91,2.82,13.26
1999-05-15,12.47,28.4,32.65,25.23,79.31,2.54,13.77
1999-05-16,36.23,27.57,31.41,24.29,82.74,1.89,17.05
1999-05-17,0.33,28.65,33.12,24.97,77.61,1.85,15.43
1999-05-18,0.0,28.73,33.15,24.91,75.14,2.16,18.42
1999-05-19,0.0,27.41,29.99,25.6,80.61,1.97,23.85
1999-05-20,1.77,26.85,30.26,24.63,81.95,2.58,14.15
1999-05-21,3.38,28.3,32.09,25.44,79.43,3.91,18.15
1999-05-22,4.71,27.26,29.58,25.05,81.33,3.48,15.91
1999-05-23,0.21,28.55,31.68,26.08,79.89,3.25,6.71
1999-05-24,0.16,28.71,31.52,26.62,79.19,2.89,16.12
1999-05-25,0.08,28.36,30.78,26.41,85.17,2.73,22.16
1999-05-26,0.14,28.69,31.79,26.43,83.19,2.11,22.28
1999-05-27,0.76,28.98,31.61,27.11,83.76,4.19,20.63
1999-05-28,3.4,28.74,31.74,26.87,81.19,5.56,15.87
1999-05-29,64.88,28.31,31.25,26.59,87.11,6.1,6.41
1999-05-30,41.32,28.79,31.73,26.77,89.12,3.6,10.89
1999-05-31,0.1,28.34,30.13,26.99,91.15,4.08,23.54
1999-06-01,3.44,28.14,30.65,26.32,90.22,2.99,22.17
1999-06-02,6.16,28.24,30.6,26.44,89.69,2.46,9.07
1999-06-03,5.73,28.19,30.27,26.28,85.37,1.14,18.82
1999-06-04,0.02,28.63,31.92,25.75,77.85,1.13,14.01
1999-06-05,14.89,29.6,32.99,25.49,74.81,1.55,20.53
1999-06-06,17.2,28.59,31.57,26.28,80.5,1.6,20.09
1999-06-07,2.06,29.53,33.61,25.83,81.51,1.33,26.13
1999-06-08,1.04,27.79,30.03,26.01,88.32,1.56,21.95
1999-06-09,1.42,28.3,31.93,26.46,87.86,1.67,25.21
1999-06-10,12.62,28.8,32.83,25.97,84.27,4.09,17.04
1999-06-11,21.76,28.46,31.46,26.52,85.87,4.69,13.11
1999-06-12,19.5,28.52,31.18,26.39,87.36,3.26,8.82
1999-06-13,0.01,28.73,31.89,26.67,86.33,2.86,22.05
1999-06-14,0.0,28.69,31.8,26.33,86.82,2.56,21.24
1999-06-15,0.75,28.21,31.35,26.53,88.09,2.69,19.98
1999-06-16,7.82,28.05,32.05,26.39,88.18,3.4,23.49
1999-06-17,1.53,28.31,31.37,25.63,84.59,4.53,25.62
1999-06-18,0.47,28.2,31.21,25.92,85.14,4.16,26.24
1999-06-19,0.25,28.17,30.59,26.29,87.88,3.31,17.39
1999-06-20,0.53,27.83,29.97,26.38,88.71,3.63,14.68
1999-06-21,1.49,28.58,31.54,26.54,86.02,4.64,10.12
1999-06-22,11.88,27.68,30.13,25.85,88.32,6.06,7.41
1999-06-23,16.98,27.61,29.73,26.01,89.82,6.21,2.47
1999-06-24,7.31,28.1,30.67,26.15,87.64,5.6,7.05
1999-06-25,10.64,27.88,30.31,26.22,89.68,3.98,2.57
1999-06-26,10.14,28.38,31.78,26.42,89.45,3.28,6.1
1999-06-27,9.62,27.91,30.66,26.21,88.26,3.68,18.57
1999-06-28,8.19,27.58,30.67,25.79,87.27,3.47,20.09
1999-06-29,9.67,28.35,31.81,25.62,86.53,3.69,9.75
1999-06-30,41.95,28.54,31.39,26.77,89.13,3.59,8.68
1999-07-01,65.31,28.48,31.71,26.59,90.84,2.82,11.24
1999-07-02,31.61,27.95,30.34,26.07,91.36,2.41,15.67
1999-07-03,1.8,27.65,30.46,25.57,89.64,2.11,18.59
1999-07-04,1.85,27.73,30.58,25.88,89.15,2.83,21.8
1999-07-05,3.84,26.83,28.56,25.51,91.01,2.73,23.7
1999-07-06,10.24,27.79,30.17,26.02,90.48,4.01,15.87
1999-07-07,5.67,27.72,30.7,25.93,88.16,4.22,14.06
1999-07-08,1.63,27.76,30.53,25.54,87.05,3.61,17.29
1999-07-09,8.78,27.89,30.3,26.08,90.22,3.41,16.81
1999-07-10,37.92,28.22,30.75,26.49,90.14,3.11,9.09
1999-07-11,85.26,27.44,28.77,26.37,94.85,3.95,3.24
1999-07-12,67.13,27.55,29.66,25.82,91.34,3.66,3.5
1999-07-13,27.2,27.61,29.23,26.38,93.79,2.58,16.77
1999-07-14,0.98,28.33,31.55,25.99,89.79,3.66,23.32
1999-07-15,0.56,28.4,31.2,26.74,89.56,2.97,22.65
1999-07-16,1.79,27.63,29.37,26.23,92.35,2.2,21.77
1999-07-17,0.68,27.62,29.42,26.45,92.52,2.35,17.41
1999-07-18,12.11,27.46,28.84,26.38,93.36,3.63,12.64
1999-07-19,35.79,27.41,28.95,26.2,93.0,3.74,4.33
1999-07-20,41.13,27.45,28.63,26.7,94.37,3.85,7.45
1999-07-21,10.96,27.16,28.2,26.29,95.6,3.79,11.83
1999-07-22,5.07,27.48,29.79,26.1,91.96,3.59,20.22
1999-07-23,1.88,27.65,30.5,25.98,92.09,2.55,20.89
1999-07-24,1.69,27.69,30.65,25.82,90.32,2.31,24.02
1999-07-25,1.38,27.76,31.44,25.59,90.89,2.87,25.04
1999-07-26,21.53,27.21,28.99,26.07,94.25,3.19,16.27
1999-07-27,3.31,27.52,30.01,25.41,91.48,3.86,19.7
1999-07-28,13.51,27.44,29.76,26.04,91.67,4.05,14.27
1999-07-29,2.42,27.72,30.41,25.9,91.49,2.67,19.45
1999-07-30,4.27,27.45,29.15,26.26,90.2,1.17,19.25
1999-07-31,7.32,28.21,31.59,25.82,90.2,1.43,18.87
1999-08-01,10.29,27.89,30.58,26.38,91.42,2.64,16.0
1999-08-02,17.55,27.1,28.7,25.98,93.27,2.86,16.59
1999-08-03,22.1,27.61,30.48,25.63,89.75,3.67,20.0
1999-08-04,4.88,27.32,29.49,25.92,92.05,3.0,15.53
1999-08-05,7.96,27.86,31.1,25.82,90.98,2.34,24.93
1999-08-06,16.67,27.65,29.65,26.09,91.63,3.8,14.47
1999-08-07,11.55,27.76,30.32,26.32,92.48,3.39,13.49
1999-08-08,10.76,27.67,30.04,26.16,91.21,3.63,16.43
1999-08-09,32.63,27.27,29.89,25.85,91.48,3.24,5.25
1999-08-10,38.2,27.25,29.11,25.77,92.1,3.24,10.84
1999-08-11,20.38,27.68,30.12,26.08,90.79,3.31,12.76
1999-08-12,37.69,27.69,29.73,25.92,93.38,2.69,12.15
1999-08-13,67.43,26.86,28.06,25.76,95.34,3.44,5.68
1999-08-14,31.19,27.28,29.92,25.23,92.07,3.0,13.92
1999-08-15,37.25,27.29,30.25,24.93,90.44,2.16,9.96
1999-08-16,9.72,27.36,30.41,25.65,90.31,2.07,17.61
1999-08-17,3.08,26.98,29.7,25.21,92.02,1.99,20.63
1999-08-18,4.67,26.68,28.59,25.16,93.14,1.59,12.28
1999-08-19,1.82,26.85,30.02,24.92,91.06,2.16,16.25
1999-08-20,2.15,27.09,30.25,25.0,91.6,2.89,18.79
1999-08-21,1.52,26.94,28.75,25.7,91.72,3.18,14.97
1999-08-22,1.21,27.75,31.01,25.4,90.25,2.26,17.04
1999-08-23,1.17,27.42,29.97,25.15,91.75,1.78,22.19
1999-08-24,1.33,27.42,29.69,25.77,92.82,2.37,15.11
1999-08-25,0.72,27.14,29.07,25.64,91.84,1.74,14.16
1999-08-26,11.69,27.02,29.64,25.46,93.41,2.43,17.55
1999-08-27,35.36,27.02,28.91,25.67,95.45,2.52,5.67
1999-08-28,20.24,27.13,28.76,26.07,94.31,3.62,7.59
1999-08-29,7.12,27.12,28.65,25.62,94.31,3.27,14.15
1999-08-30,10.63,27.28,29.49,25.8,92.55,3.8,20.28
1999-08-31,11.34,26.99,29.05,25.78,92.79,3.53,17.77
1999-09-01,3.52,26.93,29.17,25.49,92.76,2.89,20.33
1999-09-02,1.5,27.11,29.81,25.61,92.14,2.88,19.08
1999-09-03,1.13,27.12,30.21,25.54,92.36,2.86,21.16
1999-09-04,1.21,27.18,29.32,25.76,93.43,2.64,22.64
1999-09-05,0.4,27.89,31.52,25.29,89.88,1.79,17.87
1999-09-06,0.0,28.07,31.74,25.46,88.85,1.4,10.38
1999-09-07,6.1,27.87,31.56,25.4,88.42,1.13,15.28
1999-09-08,15.65,27.12,30.41,24.96,91.0,1.65,22.35
1999-09-09,19.72,26.42,27.84,25.37,94.0,1.59,18.15
1999-09-10,10.62,26.45,27.88,25.38,94.88,2.23,17.14
1999-09-11,9.16,26.46,27.86,25.6,94.07,3.23,13.9
1999-09-12,3.82,26.76,29.29,25.14,92.16,3.02,10.02
1999-09-13,6.17,26.64,28.66,25.12,91.67,2.55,14.55
1999-09-14,21.74,26.55,28.9,24.9,93.01,2.38,15.07
1999-09-15,13.67,27.44,30.43,25.21,90.91,1.9,14.47
1999-09-16,1.93,27.01,29.43,25.16,91.54,1.67,18.43
1999-09-17,3.78,26.59,28.75,25.11,92.05,1.52,18.55
1999-09-18,3.71,26.51,28.73,24.88,92.9,1.74,19.27
1999-09-19,1.33,26.56,28.37,25.35,94.02,1.87,19.32
1999-09-20,7.44,26.79,29.37,25.37,92.76,1.84,11.38
1999-09-21,39.57,26.25,28.0,25.25,94.75,2.91,4.8
1999-09-22,41.05,26.15,27.26,25.16,95.23,3.61,4.0
1999-09-23,29.51,26.13,27.9,24.83,94.02,2.58,8.84
1999-09-24,2.46,25.89,27.91,24.36,92.27,1.33,18.59
1999-09-25,0.25,27.1,31.06,23.41,86.54,1.16,21.25
1999-09-26,0.02,26.81,30.53,23.73,87.63,1.55,20.46
1999-09-27,0.74,27.08,30.55,23.93,88.48,1.33,21.71
1999-09-28,1.12,27.42,30.24,24.97,87.95,0.81,19.88
1999-09-29,0.04,27.4,30.42,24.31,87.75,1.27,20.02
1999-09-30,2.27,27.51,30.65,24.6,86.63,0.74,19.29
1999-10-01,4.54,27.32,30.67,24.84,86.67,1.01,20.86
1999-10-02,1.59,27.05,29.53,24.48,85.44,0.69,22.6
1999-10-03,2.63,27.27,30.28,24.35,84.67,0.63,20.91
1999-10-04,9.02,26.53,29.06,24.79,89.87,1.28,20.92
1999-10-05,5.57,25.73,27.52,24.66,93.01,1.7,20.1
1999-10-06,5.07,25.9,28.07,24.26,92.76,1.63,19.77
1999-10-07,9.22,26.15,28.91,23.68,91.39,1.43,14.14
1999-10-08,0.47,26.28,28.68,24.16,92.55,1.24,6.36
1999-10-09,5.4,26.21,28.37,24.59,92.0,1.09,8.49
1999-10-10,1.64,27.26,31.2,24.0,83.42,0.91,17.88
1999-10-11,0.01,26.76,30.68,22.56,79.36,1.24,20.87
1999-10-12,0.02,26.78,30.42,23.82,84.5,1.21,16.69
1999-10-13,0.28,25.94,28.48,24.36,91.07,1.49,9.37
1999-10-14,3.75,25.99,29.34,23.79,88.21,1.18,15.22
1999-10-15,1.07,26.75,29.95,22.85,83.97,1.23,21.59
1999-10-16,0.13,25.95,28.61,23.84,88.55,0.88,17.54
1999-10-17,4.76,25.34,28.08,23.14,90.17,0.95,8.83
1999-10-18,42.88,25.11,26.93,23.79,94.26,3.93,2.79
1999-10-19,15.18,25.44,26.91,23.85,93.33,3.36,5.52
1999-10-20,17.62,25.95,28.21,24.52,93.87,1.91,11.22
1999-10-21,10.6,25.69,28.7,23.29,89.81,1.23,20.03
1999-10-22,2.3,25.94,28.9,23.58,84.47,0.9,19.46
1999-10-23,0.5,25.75,29.68,22.29,87.92,1.66,19.26
1999-10-24,0.04,26.18,30.38,22.31,87.36,1.67,20.05
1999-10-25,0.0,25.72,29.94,22.45,88.1,2.01,21.38
1999-10-26,0.0,25.2,30.26,20.89,86.59,2.35,21.03
1999-10-27,0.0,26.8,31.39,21.88,81.0,1.2,15.6
1999-10-28,0.03,26.44,29.43,23.93,88.43,1.6,8.79
1999-10-29,0.14,26.22,29.02,24.25,91.67,1.93,8.44
1999-10-30,0.68,25.92,29.0,23.58,91.16,1.87,11.46
1999-10-31,0.02,25.12,27.62,22.53,90.22,1.41,15.92
1999-11-01,1.1,26.2,30.2,23.08,84.18,0.93,17.1
1999-11-02,0.86,26.85,30.6,23.47,82.79,0.87,17.41
1999-11-03,0.54,26.3,29.76,23.02,82.69,0.98,16.99
1999-11-04,0.16,25.89,29.62,22.6,83.19,1.12,19.31
1999-11-05,0.01,24.86,29.11,21.7,85.69,1.59,19.58
1999-11-06,0.0,23.95,29.06,19.88,87.0,1.82,18.98
1999-11-07,0.0,23.89,29.15,19.73,86.86,1.9,18.59
1999-11-08,0.0,23.32,28.57,19.07,86.37,1.79,19.04
1999-11-09,0.0,22.76,27.7,18.11,80.35,1.1,19.11
1999-11-10,0.0,22.01,27.24,17.33,79.79,1.44,19.96
1999-11-11,0.0,21.0,26.51,16.54,84.04,1.68,19.62
1999-11-12,0.0,20.56,26.22,15.82,85.23,1.65,19.62
1999-11-13,0.0,20.12,25.83,15.05,83.72,1.74,19.34
1999-11-14,0.0,20.02,25.85,14.75,83.99,1.78,19.1
1999-11-15,0.0,20.53,26.25,15.11,83.83,1.42,18.78
1999-11-16,0.0,20.92,26.05,16.54,81.01,0.93,18.75
1999-11-17,0.0,20.28,26.31,15.18,83.32,1.28,18.93
1999-11-18,0.0,19.99,25.56,14.7,84.03,1.52,18.83
1999-11-19,0.0,19.68,25.65,14.39,86.07,1.53,18.73
1999-11-20,0.0,19.74,25.59,14.95,84.68,1.79,18.77
1999-11-21,0.0,19.49,25.49,14.66,83.61,1.92,18.33
1999-11-22,0.0,19.1,25.24,14.33,84.4,1.95,18.72
1999-11-23,0.0,19.27,25.25,13.6,83.96,1.43,18.33
1999-11-24,0.0,19.73,25.64,14.6,84.47,1.33,18.09
1999-11-25,0.0,19.52,25.73,14.35,83.98,1.43,18.5
1999-11-26,0.0,19.21,24.96,13.51,84.64,1.53,18.49
1999-11-27,0.0,19.69,25.73,14.53,86.34,1.49,18.41
1999-11-28,0.0,19.11,25.33,14.15,85.81,1.89,17.81
1999-11-29,0.0,18.73,24.91,13.23,85.27,1.61,18.61
1999-11-30,0.0,19.55,25.16,13.51,83.27,1.26,18.53
1999-12-01,0.0,20.43,25.72,15.85,82.7,1.18,16.93
1999-12-02,0.0,19.97,24.75,15.61,80.98,0.98,17.81
1999-12-03,0.0,19.99,25.26,14.57,80.08,1.01,17.33
1999-12-04,0.0,20.24,25.68,15.22,82.19,1.25,17.8
1999-12-05,0.0,20.29,25.88,15.54,84.94,1.39,17.76
1999-12-06,0.0,19.82,25.38,14.54,81.75,1.34,17.88
1999-12-07,0.0,19.77,25.59,13.81,80.68,1.44,17.8
1999-12-08,0.11,19.96,25.86,14.23,82.22,1.34,17.03
1999-12-09,8.41,20.26,24.69,15.85,87.92,1.59,4.98
1999-12-10,6.57,20.9,25.24,17.24,88.29,1.35,10.89
1999-12-11,17.54,19.41,21.46,17.49,92.15,1.49,7.67
1999-12-12,0.01,20.27,25.95,15.17,86.57,1.42,16.3
1999-12-13,0.0,19.58,25.32,14.72,83.62,1.54,17.25
1999-12-14,0.0,18.82,25.24,13.56,84.06,1.98,17.82
1999-12-15,0.0,17.7,24.59,12.92,81.52,1.82,17.31
1999-12-16,0.0,16.23,23.29,10.47,77.93,1.87,17.34
1999-12-17,0.0,17.15,24.72,10.85,82.58,1.91,17.97
1999-12-18,0.0,18.12,25.14,11.79,78.81,1.39,17.63
1999-12-19,0.0,18.13,24.83,13.07,71.24,1.46,17.3
1999-12-20,0.0,17.16,24.09,11.42,74.22,1.59,17.37
1999-12-21,0.0,17.11,23.85,11.3,75.63,1.42,17.05
1999-12-22,0.0,17.86,23.96,11.63,74.69,1.32,17.19
1999-12-23,0.0,18.99,24.36,15.11,76.1,0.78,15.66
1999-12-24,0.0,19.24,23.79,14.98,76.63,0.76,15.68
1999-12-25,0.0,18.94,23.9,13.94,78.68,0.87,15.4
1999-12-26,0.03,18.51,24.13,12.96,76.03,0.84,15.09
1999-12-27,0.03,19.29,24.68,13.61,72.74,0.64,15.9
1999-12-28,0.0,17.39,23.88,12.35,74.87,1.5,17.01
1999-12-29,0.0,16.32,23.35,10.29,77.0,1.68,17.46
1999-12-30,0.0,16.54,23.12,11.24,78.13,1.52,17.32
1999-12-31,0.0,16.32,23.19,10.19,77.63,1.63,17.54
2000-01-01,0.0,16.13,23.71,10.23,76.66,1.77,17.47
2000-01-02,0.0,16.13,23.59,9.4,75.43,1.79,18.11
2000-01-03,0.0,15.8,23.3,9.57,72.65,1.65,17.81
2000-01-04,0.0,15.46,23.11,8.79,76.35,1.77,17.34
2000-01-05,0.0,15.42,23.08,8.49,74.79,1.55,16.26
2000-01-06,0.0,15.49,22.48,9.94,73.4,1.65,16.66
2000-01-07,0.0,15.28,22.49,8.58,74.74,1.58,15.79
2000-01-08,0.0,14.5,21.67,7.74,70.22,1.73,16.2
2000-01-09,0.0,15.09,22.14,8.51,67.92,1.6,16.39
2000-01-10,0.0,15.75,22.97,8.83,66.18,1.44,17.43
2000-01-11,0.0,16.77,24.33,9.53,67.64,1.7,17.93
2000-01-12,0.0,17.76,24.69,10.45,68.13,1.52,17.64
2000-01-13,0.0,18.27,25.03,11.27,67.44,1.38,18.01
2000-01-14,0.0,19.52,25.92,13.04,72.24,0.95,18.29
2000-01-15,0.0,19.71,25.57,13.99,71.99,1.15,17.62
2000-01-16,0.56,18.7,25.94,12.91,72.13,1.52,17.86
2000-01-17,0.0,16.96,24.54,10.44,70.23,2.09,17.28
2000-01-18,0.0,13.82,22.02,6.76,61.22,1.93,18.7
2000-01-19,0.0,15.35,22.91,7.47,64.27,1.42,17.99
2000-01-20,0.0,16.8,23.19,11.37,69.99,1.27,16.46
2000-01-21,0.35,18.17,24.23,12.87,87.94,1.76,15.43
2000-01-22,5.03,19.45,24.99,14.15,85.57,1.35,14.09
2000-01-23,4.66,19.63,24.82,15.96,87.22,1.67,6.65
2000-01-24,0.42,19.08,24.98,14.35,81.52,1.15,16.76
2000-01-25,0.0,17.93,24.42,12.27,72.69,1.71,18.23
2000-01-26,0.0,17.56,25.42,11.36,70.15,1.74,19.46
2000-01-27,0.0,17.83,25.21,10.74,65.22,1.42,19.65
2000-01-28,0.0,18.54,25.38,10.87,61.06,1.18,19.48
2000-01-29,3.44,18.84,24.04,13.55,71.58,1.15,17.1
2000-01-30,0.01,18.24,23.51,13.51,76.8,1.32,18.49
2000-01-31,0.0,17.99,24.48,11.07,65.8,1.12,18.59
2000-02-01,0.0,18.25,24.62,11.11,61.86,1.02,19.69
2000-02-02,0.01,18.07,24.5,11.09,73.32,1.37,19.55
2000-02-03,0.04,19.4,24.92,14.41,86.19,1.69,16.26
2000-02-04,0.39,21.11,26.34,16.65,82.6,1.23,15.58
2000-02-05,8.56,21.35,26.49,16.78,83.52,1.05,12.36
2000-02-06,1.57,20.95,27.14,14.52,76.68,0.96,15.71
2000-02-07,0.09,20.32,24.16,16.5,80.1,1.02,13.63
2000-02-08,0.0,18.86,25.5,13.6,76.78,1.48,17.59
2000-02-09,0.02,18.23,25.17,11.9,66.71,1.6,19.49
2000-02-10,0.15,18.91,25.4,12.98,69.4,1.26,9.93
2000-02-11,0.0,18.13,25.8,12.0,65.13,1.72,20.71
2000-02-12,0.03,17.91,25.58,11.71,60.71,1.7,17.02
2000-02-13,0.0,19.69,27.6,12.57,67.71,2.43,20.89
2000-02-14,0.08,20.22,27.65,14.27,68.11,2.66,16.0
2000-02-15,0.0,18.48,26.88,12.48,60.56,2.86,22.38
2000-02-16,0.0,17.18,26.28,9.18,50.98,1.9,22.01
2000-02-17,0.0,19.11,26.35,10.46,45.65,1.27,22.15
2000-02-18,1.22,19.54,25.41,13.97,57.09,1.29,5.29
2000-02-19,0.01,17.83,26.12,11.38,60.41,1.88,18.67
2000-02-20,0.0,17.78,26.92,9.32,47.21,1.76,21.37
2000-02-21,0.0,18.73,27.32,10.6,49.91,1.55,19.36
2000-02-22,0.0,19.01,27.77,11.26,50.96,1.92,21.43
2000-02-23,0.0,19.83,28.34,12.64,47.04,2.36,22.03
2000-02-24,0.01,19.83,28.35,12.19,47.29,2.09,18.87
2000-02-25,0.0,19.97,28.3,13.96,44.92,2.25,14.84
2000-02-26,0.02,19.01,26.24,11.73,45.92,2.16,12.92
2000-02-27,0.0,20.22,27.62,13.38,45.73,1.53,22.65
2000-02-28,0.0,20.22,28.8,13.81,43.95,1.39,23.03
2000-02-29,0.0,20.13,29.09,11.88,45.71,1.31,21.06
2000-03-01,0.0,21.1,28.89,14.32,71.09,1.6,18.69
2000-03-02,8.98,22.92,29.01,17.82,84.9,3.08,12.06
2000-03-03,4.93,23.71,28.74,20.05,84.45,2.59,18.52
2000-03-04,0.14,24.0,29.72,19.73,79.43,2.43,19.77
2000-03-05,0.26,24.54,31.29,19.34,77.83,2.22,19.84
2000-03-06,0.03,24.49,31.43,19.26,77.34,2.16,17.1
2000-03-07,0.0,25.63,32.52,19.43,67.47,1.26,19.81
2000-03-08,0.85,25.65,33.13,19.75,70.89,1.96,18.73
2000-03-09,8.84,24.74,29.15,21.5,78.31,1.47,17.99
2000-03-10,0.41,24.59,31.21,18.59,58.95,1.15,19.51
2000-03-11,0.01,23.73,31.16,16.88,71.96,1.83,21.76
2000-03-12,3.14,24.86,30.98,19.38,78.55,3.48,18.63
2000-03-13,15.4,24.87,28.91,22.49,83.04,4.38,17.0
2000-03-14,7.42,24.96,29.71,21.78,80.76,3.99,11.64
2000-03-15,4.56,25.08,30.26,20.55,76.85,1.58,17.01
2000-03-16,1.12,24.07,30.11,17.83,65.75,1.43,18.47
2000-03-17,0.18,22.28,30.5,14.92,53.17,1.49,21.36
2000-03-18,0.0,24.06,31.94,17.3,67.28,1.4,23.12
2000-03-19,0.0,25.06,32.6,19.3,67.31,1.38,20.17
2000-03-20,0.0,26.52,33.2,20.36,63.91,1.05,19.89
2000-03-21,0.0,25.2,33.67,18.13,47.19,1.84,21.67
2000-03-22,0.0,24.14,34.98,14.16,35.9,2.12,24.55
2000-03-23,0.0,25.06,35.43,15.98,37.47,2.29,21.22
2000-03-24,0.0,25.58,34.82,17.27,48.98,2.84,21.09
2000-03-25,0.0,26.47,35.05,19.25,46.52,2.83,20.77
2000-03-26,0.0,25.45,33.03,19.38,39.0,2.58,16.28
2000-03-27,0.0,26.73,34.63,18.88,35.41,1.49,16.92
2000-03-28,0.0,27.25,35.43,20.23,55.81,1.16,19.48
2000-03-29,0.0,26.87,34.57,20.91,67.52,1.55,16.4
2000-03-30,0.0,26.77,33.71,20.63,69.07,1.94,19.44
2000-03-31,0.0,27.01,34.48,20.75,67.69,1.82,21.65
2000-04-01,0.0,28.25,35.83,21.84,69.23,2.81,23.58
2000-04-02,0.0,27.87,34.45,23.22,74.25,4.35,23.66
2000-04-03,0.0,27.9,34.08,23.77,73.48,4.0,23.55
2000-04-04,0.02,28.07,35.15,22.65,72.09,3.46,24.24
2000-04-05,0.05,28.61,35.77,23.1,72.43,3.42,23.15
2000-04-06,0.03,28.43,35.08,23.72,71.53,4.03,24.59
2000-04-07,0.02,28.41,35.3,23.38,71.4,3.33,23.91
2000-04-08,0.0,28.89,36.61,23.23,72.93,3.04,25.06
2000-04-09,0.0,28.9,35.2,24.3,71.57,3.53,23.45
2000-04-10,0.0,28.69,34.08,24.75,75.58,2.98,23.77
2000-04-11,0.02,28.79,36.09,23.84,75.19,2.69,21.13
2000-04-12,1.18,27.97,33.27,23.82,73.44,1.86,23.32
2000-04-13,1.42,28.84,35.34,23.2,67.1,1.85,23.73
2000-04-14,0.33,29.14,36.11,23.09,64.81,1.48,20.33
2000-04-15,4.87,28.55,34.72,23.46,67.05,1.23,25.06
2000-04-16,8.58,28.01,33.85,23.49,70.26,1.12,23.6
2000-04-17,2.83,28.68,34.76,23.27,68.26,1.39,24.18
2000-04-18,0.79,29.05,35.1,23.54,69.69,2.56,26.69
2000-04-19,3.58,29.69,35.49,24.7,69.2,1.95,24.86
2000-04-20,5.86,27.99,32.43,24.35,76.69,1.96,17.39
2000-04-21,4.85,28.42,34.14,24.38,74.69,2.65,18.64
2000-04-22,0.27,28.0,33.04,23.41,75.49,2.42,24.51
2000-04-23,5.5,28.25,33.48,24.79,77.14,3.06,22.48
2000-04-24,23.32,26.8,29.7,25.08,82.6,3.19,18.5
2000-04-25,15.5,26.78,30.99,24.08,81.94,2.41,22.94
2000-04-26,20.08,26.56,30.56,23.31,84.55,2.1,12.14
2000-04-27,1.96,27.45,32.31,22.9,80.38,2.88,18.13
2000-04-28,1.64,27.57,30.75,25.72,84.19,3.39,19.98
2000-04-29,5.95,28.18,31.97,25.57,83.17,3.91,24.71
2000-04-30,7.57,27.46,30.38,25.52,82.82,4.11,26.65
2000-05-01,21.9,27.66,31.82,25.37,84.38,3.85,19.09
2000-05-02,28.85,27.34,30.66,25.1,87.43,2.98,22.04
2000-05-03,1.0,26.7,29.09,24.44,83.71,1.11,25.19
2000-05-04,0.12,25.79,28.64,23.0,81.19,1.47,21.51
2000-05-05,0.53,27.27,32.21,22.92,72.13,1.22,15.91
2000-05-06,5.66,27.78,32.18,23.9,77.2,1.39,17.0
2000-05-07,6.34,27.26,31.16,24.41,81.92,1.86,15.81
2000-05-08,0.35,27.63,31.07,24.77,81.66,1.41,21.55
2000-05-09,0.19,28.32,31.63,25.18,79.29,1.02,25.16
2000-05-10,0.24,28.72,32.6,24.82,77.98,1.03,22.06
2000-05-11,0.29,29.35,34.06,24.89,74.84,0.97,23.29
2000-05-12,0.04,29.66,33.99,25.93,74.45,0.98,22.86
2000-05-13,0.02,31.15,36.8,25.86,68.11,1.27,26.72
2000-05-14,0.7,31.57,36.82,26.11,67.76,1.43,22.67
2000-05-15,2.4,29.06,31.88,26.45,78.11,1.58,23.92
2000-05-16,1.75,28.75,31.8,25.33,77.98,1.19,8.65
2000-05-17,0.65,29.06,32.48,25.87,76.45,1.95,19.85
2000-05-18,15.24,28.38,30.94,26.66,83.94,3.17,21.79
2000-05-19,22.81,28.02,30.12,26.55,89.57,3.08,6.5
2000-05-20,34.64,27.79,30.02,25.97,89.73,2.65,16.72
2000-05-21,20.63,27.33,30.15,25.44,89.18,3.01,13.65
2000-05-22,16.98,26.9,28.94,25.07,90.04,2.14,18.11
2000-05-23,18.06,27.44,30.55,25.0,88.13,3.64,9.23
2000-05-24,12.36,27.52,29.29,26.3,92.69,4.03,5.96
2000-05-25,20.18,27.98,30.1,26.38,92.69,3.49,6.15
2000-05-26,35.08,27.94,30.01,26.73,91.79,4.91,7.93
2000-05-27,43.26,27.85,30.0,26.44,90.69,4.91,2.65
2000-05-28,19.39,27.61,29.61,26.0,91.79,3.91,5.92
2000-05-29,19.22,26.92,29.14,25.39,90.87,2.62,13.78
2000-05-30,5.58,27.48,30.86,24.32,88.36,1.96,23.24
2000-05-31,11.22,27.49,30.27,24.84,89.4,1.34,24.51
2000-06-01,0.52,28.05,31.8,25.05,86.79,1.72,20.4
2000-06-02,1.6,28.81,32.15,25.72,83.42,0.88,25.62
2000-06-03,1.35,29.14,32.68,25.42,83.75,1.2,26.25
2000-06-04,5.09,29.32,32.7,26.51,85.05,1.37,20.01
2000-06-05,15.69,28.59,31.88,26.32,87.64,2.81,25.11
2000-06-06,6.65,27.86,30.89,25.88,88.94,4.07,21.23
2000-06-07,15.53,27.77,30.72,25.99,89.83,3.11,15.29
2000-06-08,9.9,28.01,30.65,26.07,89.83,2.84,13.5
2000-06-09,6.83,28.49,31.16,26.41,88.91,3.36,17.12
2000-06-10,17.77,28.16,30.07,26.94,90.73,3.93,7.03
2000-06-11,43.41,27.96,29.8,26.93,91.49,5.49,16.28
2000-06-12,40.86,27.77,29.65,26.34,92.67,3.18,6.87
2000-06-13,8.66,28.04,31.0,26.15,90.0,2.91,15.07
2000-06-14,1.79,28.56,32.16,25.56,86.16,1.38,18.78
2000-06-15,7.55,27.97,31.21,25.78,86.84,1.53,16.89
2000-06-16,8.41,28.05,31.24,25.52,88.81,2.08,23.67
2000-06-17,13.88,27.99,31.2,25.91,89.76,3.17,20.89
2000-06-18,7.51,27.83,31.8,25.9,89.01,4.1,22.66
2000-06-19,13.04,27.58,30.12,25.46,90.46,3.66,18.7
2000-06-20,23.22,27.39,29.98,25.89,91.85,2.97,8.65
2000-06-21,2.79,27.85,30.71,25.73,88.71,3.72,25.29
2000-06-22,16.18,27.65,30.33,25.49,88.82,4.22,15.5
2000-06-23,26.28,27.94,30.43,26.31,90.89,4.74,12.08
2000-06-24,37.39,27.93,30.34,26.46,92.07,3.31,4.27
2000-06-25,38.85,27.6,29.78,26.14,91.68,3.2,8.53
2000-06-26,3.88,27.88,30.66,25.74,89.78,2.85,21.44
2000-06-27,1.38,27.7,30.79,25.72,91.79,2.05,20.39
2000-06-28,2.87,27.18,28.67,25.99,92.7,1.87,21.17
2000-06-29,2.15,27.87,31.19,25.42,88.73,2.35,20.67
2000-06-30,3.78,27.68,30.1,25.8,90.05,1.96,22.73
2000-07-01,6.8,27.97,30.69,25.63,88.47,1.52,19.26
2000-07-02,0.79,28.4,31.79,25.36,84.94,0.98,21.22
2000-07-03,0.14,29.06,32.73,25.84,82.46,1.14,25.08
2000-07-04,0.04,28.54,32.02,25.31,84.11,1.22,26.54
2000-07-05,0.01,28.96,32.89,25.41,83.41,1.43,18.33
2000-07-06,0.85,28.29,31.25,26.13,88.53,1.87,19.04
2000-07-07,9.56,27.62,29.66,25.78,91.33,1.81,19.13
2000-07-08,13.1,28.47,31.25,26.61,89.6,3.02,23.18
2000-07-09,15.35,28.36,30.94,26.77,90.46,2.61,15.2
2000-07-10,11.18,27.77,29.67,26.65,92.16,3.06,22.14
2000-07-11,2.66,28.39,32.46,26.16,90.05,3.04,19.06
2000-07-12,11.87,28.25,30.44,26.67,89.76,5.54,16.79
2000-07-13,12.71,28.16,30.69,26.58,89.29,4.56,17.94
2000-07-14,9.23,28.05,30.72,25.95,90.05,3.06,17.89
2000-07-15,2.6,28.16,30.3,26.29,90.1,2.78,23.02
2000-07-16,0.61,28.09,31.46,25.61,89.42,4.21,25.15
2000-07-17,3.58,28.2,30.98,26.38,90.51,3.29,22.07
2000-07-18,21.78,27.47,28.85,26.49,92.57,5.13,4.35
2000-07-19,29.92,27.47,29.3,26.28,91.2,3.9,6.58
2000-07-20,24.31,27.37,28.98,26.15,93.83,3.2,15.7
2000-07-21,9.81,26.98,28.65,25.7,93.8,1.78,16.28
2000-07-22,13.31,27.28,30.03,25.45,91.0,3.0,22.28
2000-07-23,6.85,27.95,30.88,25.1,89.0,1.99,21.39
2000-07-24,1.19,27.16,28.47,26.11,93.8,3.31,9.02
2000-07-25,2.63,27.49,29.6,26.02,90.43,4.18,19.05
2000-07-26,2.66,27.22,29.86,25.52,90.22,3.35,12.79
2000-07-27,2.88,27.04,29.78,25.08,90.44,3.22,19.45
2000-07-28,0.25,27.12,29.86,25.65,90.58,2.88,17.41
2000-07-29,2.23,27.45,30.53,25.17,88.91,2.21,23.4
2000-07-30,4.91,27.43,30.33,25.41,89.16,2.49,19.13
2000-07-31,5.3,27.64,30.7,25.24,88.01,3.4,12.67
2000-08-01,41.68,27.75,30.76,25.78,89.41,3.81,11.66
2000-08-02,108.0,27.46,29.64,25.81,92.54,3.16,5.12
2000-08-03,36.49,27.24,28.99,26.02,93.69,3.44,3.79
2000-08-04,11.27,27.87,30.6,25.62,91.15,2.21,12.05
2000-08-05,4.8,27.57,30.33,25.53,90.0,2.37,24.31
2000-08-06,1.56,28.01,31.77,25.5,89.03,1.39,21.91
2000-08-07,8.98,28.51,32.29,25.48,86.46,1.48,21.45
2000-08-08,5.38,28.25,31.41,25.91,90.32,1.9,23.36
2000-08-09,3.97,27.93,31.17,26.09,90.5,2.46,18.87
2000-08-10,7.97,27.47,30.45,25.81,90.88,2.93,18.43
2000-08-11,6.23,27.41,30.1,25.83,91.44,3.41,17.15
2000-08-12,7.15,26.93,28.43,25.79,93.47,2.37,14.39
2000-08-13,15.81,26.76,28.55,25.53,93.54,2.6,11.73
2000-08-14,17.47,27.17,29.72,25.12,91.52,3.57,17.11
2000-08-15,19.74,27.29,29.83,25.25,92.71,2.69,9.49
2000-08-16,20.51,27.87,30.91,25.52,92.14,2.75,7.71
2000-08-17,8.02,27.93,30.78,25.88,90.83,2.77,20.69
2000-08-18,1.07,27.86,31.3,25.64,90.07,3.13,23.26
2000-08-19,1.46,27.6,30.39,25.74,90.26,3.4,24.21
2000-08-20,0.44,27.65,31.25,25.53,89.67,2.68,16.99
2000-08-21,1.63,27.73,31.7,25.3,88.72,1.54,17.46
2000-08-22,2.23,27.71,30.7,26.02,88.3,1.0,21.92
2000-08-23,1.54,28.14,31.9,25.68,87.93,1.58,24.04
2000-08-24,5.39,28.82,32.93,25.84,85.43,1.15,23.57
2000-08-25,0.34,28.89,32.05,26.54,87.51,1.44,24.24
2000-08-26,7.78,28.44,31.98,25.97,87.35,1.71,18.81
2000-08-27,4.31,28.19,31.81,25.74,88.59,2.4,21.57
2000-08-28,1.88,27.74,29.78,26.1,91.83,2.4,21.34
2000-08-29,11.17,27.29,28.55,26.45,93.89,3.07,16.37
2000-08-30,24.12,27.27,28.84,26.15,94.09,4.48,5.64
2000-08-31,33.56,27.84,30.19,25.93,90.95,5.51,8.67
2000-09-01,18.67,27.75,30.32,26.57,92.0,3.03,12.45
2000-09-02,4.24,27.52,29.13,26.5,93.59,2.63,15.04
2000-09-03,4.64,28.04,31.3,25.89,91.05,2.89,13.02
2000-09-04,2.19,27.18,29.08,25.93,92.51,2.26,6.05
2000-09-05,3.44,27.41,30.24,25.57,90.77,1.05,19.21
2000-09-06,3.82,26.61,28.13,25.54,94.11,2.32,21.13
2000-09-07,0.18,27.45,30.18,25.4,90.01,3.07,17.23
2000-09-08,0.29,27.27,29.74,25.41,90.29,2.97,15.71
2000-09-09,2.49,27.7,30.29,26.2,90.83,3.22,15.76
2000-09-10,3.92,27.36,30.11,25.79,91.38,2.82,15.83
2000-09-11,1.82,28.42,32.03,25.65,88.04,1.33,19.95
2000-09-12,0.58,27.59,30.32,25.41,91.51,1.84,17.92
2000-09-13,2.68,26.64,28.89,25.62,93.1,4.43,16.53
2000-09-14,2.29,27.11,29.75,25.68,91.5,2.87,20.23
2000-09-15,3.78,27.25,30.55,24.93,90.3,1.93,19.08
2000-09-16,2.58,27.03,29.8,24.99,91.78,1.89,12.54
2000-09-17,9.16,26.48,28.23,25.35,93.69,1.81,10.63
2000-09-18,10.62,26.46,28.35,25.03,92.61,1.77,11.62
2000-09-19,10.81,26.0,27.75,24.65,91.99,2.03,9.7
2000-09-20,19.83,26.25,29.13,23.92,87.04,1.17,14.76
2000-09-21,1.93,26.25,29.96,23.38,86.52,1.67,22.21
2000-09-22,1.04,25.85,29.7,22.72,87.05,1.94,18.47
2000-09-23,0.85,26.69,30.69,23.0,85.84,1.28,13.03
2000-09-24,2.93,26.36,29.23,24.12,90.51,1.44,18.08
2000-09-25,6.09,26.5,29.48,24.49,91.08,1.39,18.4
2000-09-26,3.62,26.22,28.72,24.34,92.91,1.28,15.86
2000-09-27,1.18,26.87,29.51,24.86,87.68,0.67,19.28
2000-09-28,0.0,26.75,30.86,23.05,86.01,1.32,20.86
2000-09-29,0.0,26.49,31.05,22.7,85.75,1.76,20.75
2000-09-30,0.0,26.44,29.9,23.56,84.4,0.95,16.58
2000-10-01,2.83,26.34,29.9,24.15,89.23,1.53,4.94
2000-10-02,6.28,26.27,28.0,24.89,94.3,3.68,6.35
2000-10-03,1.41,26.86,29.03,25.46,92.43,2.38,9.89
2000-10-04,4.22,27.07,30.54,25.06,90.59,1.31,16.89
2000-10-05,1.93,26.62,29.42,24.77,89.96,1.08,20.41
2000-10-06,0.48,27.3,30.38,24.78,86.4,0.72,15.26
2000-10-07,16.95,27.42,30.94,24.84,87.41,1.09,16.16
2000-10-08,13.85,27.39,31.05,24.55,88.0,1.32,20.47
2000-10-09,0.1,27.12,30.02,24.15,85.91,0.81,20.18
2000-10-10,0.07,27.58,31.15,23.82,83.97,0.84,20.71
2000-10-11,0.07,27.53,31.18,24.09,84.71,1.13,20.87
2000-10-12,0.08,27.27,31.16,23.89,85.47,1.51,21.59
2000-10-13,0.1,26.39,30.58,23.19,85.97,1.96,21.45
2000-10-14,0.0,27.42,31.52,23.32,80.71,0.83,20.93
2000-10-15,0.01,28.25,32.78,24.12,80.43,1.13,21.59
2000-10-16,0.42,27.74,31.6,25.06,84.69,0.99,19.71
2000-10-17,2.94,26.91,29.14,25.12,87.3,0.78,8.48
2000-10-18,4.96,27.32,30.13,24.69,82.26,0.71,17.39
2000-10-19,5.17,27.49,31.38,24.25,86.4,1.09,18.89
2000-10-20,3.5,26.94,30.85,23.36,82.17,1.26,21.13
2000-10-21,2.44,26.6,30.58,22.73,80.27,0.82,16.46
2000-10-22,5.94,26.59,30.44,23.76,81.87,0.89,18.92
2000-10-23,1.24,26.6,30.21,22.44,75.58,0.63,15.22
2000-10-24,0.05,25.24,29.8,21.57,79.37,1.08,19.8
2000-10-25,0.0,24.51,29.74,20.04,84.24,1.69,20.14
2000-10-26,0.66,25.47,30.78,20.15,82.2,1.01,11.84
2000-10-27,57.54,24.38,25.76,22.67,93.39,2.49,3.08
2000-10-28,37.49,24.96,27.38,22.25,94.75,3.45,5.33
2000-10-29,1.89,26.91,30.22,23.96,87.52,1.95,15.31
2000-10-30,0.0,25.18,29.45,22.01,85.07,1.0,17.77
2000-10-31,0.0,24.27,29.23,20.14,85.61,1.45,18.26
2000-11-01,0.0,23.83,29.14,19.65,85.17,1.78,20.56
2000-11-02,0.0,23.98,29.6,19.01,83.37,1.29,19.98
2000-11-03,0.0,24.15,29.19,19.82,82.65,1.33,19.54
2000-11-04,0.0,23.47,28.86,18.92,84.12,1.41,19.59
2000-11-05,0.0,22.96,27.97,18.13,81.46,1.41,20.01
2000-11-06,0.0,23.41,28.22,19.07,80.15,1.12,19.31
2000-11-07,0.0,22.37,27.42,18.14,82.54,1.5,19.32
2000-11-08,0.0,21.65,27.53,17.02,85.81,1.82,19.41
2000-11-09,0.0,21.6,27.23,16.35,82.63,1.6,18.63
2000-11-10,0.0,22.5,28.38,17.34,79.66,0.91,18.71
2000-11-11,0.0,22.54,27.68,17.75,79.08,1.06,19.09
2000-11-12,0.0,22.68,28.05,17.55,78.23,0.87,18.87
2000-11-13,0.94,22.42,27.76,17.15,81.11,0.84,18.71
2000-11-14,0.34,22.71,28.02,17.66,78.39,0.81,17.83
2000-11-15,0.0,21.67,27.22,17.23,83.01,1.53,18.7
2000-11-16,0.0,21.06,27.12,15.86,85.0,1.53,19.16
2000-11-17,0.0,21.17,26.8,15.86,84.82,1.39,18.07
2000-11-18,0.0,21.61,26.77,17.09,81.48,1.08,18.62
2000-11-19,0.0,22.47,26.98,18.59,76.31,0.71,17.92
2000-11-20,0.0,22.22,27.17,16.85,78.24,0.98,17.97
2000-11-21,0.0,20.93,26.73,16.67,86.93,1.65,18.31
2000-11-22,0.0,20.38,26.64,15.65,84.83,1.91,17.7
2000-11-23,0.0,20.44,26.55,15.6,85.52,1.78,17.17
2000-11-24,0.0,20.29,26.05,15.53,86.03,1.6,17.36
2000-11-25,0.0,19.49,25.05,15.11,86.43,1.78,17.29
2000-11-26,0.0,19.49,25.73,14.21,84.12,1.64,17.6
2000-11-27,0.0,19.64,25.83,14.0,83.36,1.49,17.1
2000-11-28,16.32,20.37,25.84,13.93,79.39,1.24,3.14
2000-11-29,12.86,20.16,25.06,16.5,82.21,1.47,12.05
2000-11-30,0.0,19.13,25.83,14.43,81.8,2.01,17.19
2000-12-01,0.0,18.34,24.76,13.56,80.51,2.01,17.45
2000-12-02,0.0,17.57,24.18,13.19,79.51,2.29,16.79
2000-12-03,0.0,16.39,23.66,10.59,78.78,2.23,17.52
2000-12-04,0.0,16.76,23.09,10.7,80.56,1.35,17.77
2000-12-05,0.0,16.93,22.94,11.31,79.51,1.33,17.25
2000-12-06,0.0,16.9,22.83,11.98,76.61,1.47,17.47
2000-12-07,0.0,16.41,23.3,10.62,82.43,1.87,17.51
2000-12-08,0.0,16.61,23.34,10.78,82.97,1.62,17.3
2000-12-09,0.0,16.81,23.41,11.44,80.84,1.6,17.14
2000-12-10,0.0,17.16,23.29,11.34,77.62,1.4,16.77
2000-12-11,0.0,17.12,22.85,11.4,76.98,1.21,16.38
2000-12-12,0.0,16.47,22.99,10.78,79.74,1.58,16.67
2000-12-13,0.0,16.64,23.24,10.76,81.21,1.64,16.31
2000-12-14,0.0,17.03,22.6,11.52,81.55,1.31,15.55
2000-12-15,0.0,17.41,23.02,13.08,76.58,1.44,16.09
2000-12-16,0.0,17.09,23.32,10.97,78.22,1.42,17.22
2000-12-17,0.0,17.45,23.66,11.95,74.36,1.02,17.32
2000-12-18,0.0,17.45,23.32,12.67,73.39,1.12,16.97
2000-12-19,0.0,16.88,23.02,11.92,77.07,1.42,17.05
2000-12-20,0.0,16.52,23.6,10.99,82.06,1.53,16.11
2000-12-21,0.0,16.54,23.16,10.9,81.68,1.24,17.2
2000-12-22,0.0,17.16,23.95,10.83,80.71,1.57,17.28
2000-12-23,0.0,17.63,24.16,11.3,78.69,1.11,17.35
2000-12-24,0.0,17.87,24.23,11.54,79.05,1.1,17.49
2000-12-25,0.0,18.13,24.41,12.64,73.07,1.06,17.26
2000-12-26,0.0,18.23,24.56,13.4,70.81,0.94,16.62
2000-12-27,0.0,18.0,24.43,12.66,73.73,1.22,16.01
2000-12-28,0.0,17.78,24.56,12.41,79.6,1.58,16.48
2000-12-29,0.0,17.09,23.87,11.58,77.48,1.52,16.86
2000-12-30,0.0,16.54,23.91,10.37,77.76,1.8,17.18
2000-12-31,0.0,16.8,23.77,10.62,77.49,1.48,17.34
2001-01-01,0.0,17.12,23.28,11.12,74.94,1.25,17.19
2001-01-02,0.0,17.68,24.17,11.73,78.97,1.47,16.63
2001-01-03,0.0,18.75,24.83,14.84,82.79,2.12,16.63
2001-01-04,0.0,16.09,22.72,11.15,74.87,2.16,15.73
2001-01-05,0.0,14.56,21.38,9.9,72.93,1.7,16.93
2001-01-06,0.0,13.58,20.84,7.79,75.13,1.98,16.48
2001-01-07,0.0,13.88,20.96,7.51,75.22,1.6,17.09
2001-01-08,0.0,14.49,21.79,8.03,73.69,1.66,17.26
2001-01-09,0.0,15.36,22.36,9.01,69.03,1.39,15.47
2001-01-10,0.0,14.58,22.01,9.95,70.73,1.62,13.03
2001-01-11,0.0,13.3,20.72,7.62,62.6,1.57,15.89
2001-01-12,0.0,12.74,20.71,6.42,69.09,1.91,17.18
2001-01-13,0.0,13.7,21.81,7.06,69.51,1.67,16.89
2001-01-14,0.0,14.35,22.72,8.25,69.04,1.78,17.3
2001-01-15,0.0,14.62,23.27,8.3,69.1,1.86,17.61
2001-01-16,0.0,15.03,23.13,8.34,70.39,1.64,18.02
2001-01-17,0.0,15.74,24.01,9.57,70.5,1.64,18.39
2001-01-18,0.0,15.7,23.85,8.93,70.28,1.87,18.66
2001-01-19,0.0,15.81,23.92,9.09,71.21,1.81,18.92
2001-01-20,0.0,16.46,24.27,9.81,68.65,1.53,18.95
2001-01-21,0.0,16.66,23.85,10.82,66.84,1.49,19.05
2001-01-22,0.0,17.17,23.57,10.45,56.09,1.25,18.48
2001-01-23,0.0,17.85,25.19,11.44,70.03,1.28,16.79
2001-01-24,0.0,18.89,24.71,13.25,66.57,1.02,16.86
2001-01-25,0.0,14.97,21.89,7.61,55.56,1.5,18.37
2001-01-26,0.0,13.76,21.3,7.48,55.77,1.63,18.43
2001-01-27,0.0,13.98,21.26,7.6,56.68,1.31,17.4
2001-01-28,0.0,14.59,22.48,8.28,60.96,1.42,17.31
2001-01-29,0.0,15.59,22.91,8.13,64.53,1.27,17.08
2001-01-30,0.0,17.53,23.39,10.61,60.4,0.89,16.96
2001-01-31,0.0,18.23,25.48,11.17,65.29,0.96,17.13
2001-02-01,0.0,18.66,26.08,11.95,78.38,1.26,16.29
2001-02-02,0.0,20.87,27.12,14.21,69.46,1.02,17.5
2001-02-03,0.0,19.54,25.94,14.55,65.34,1.29,17.2
2001-02-04,0.0,18.0,26.98,11.29,57.93,2.1,19.7
2001-02-05,0.0,18.73,26.95,10.48,52.79,1.54,17.43
2001-02-06,0.0,20.54,28.32,14.66,51.12,1.15,18.24
2001-02-07,0.0,18.58,26.4,12.93,56.65,1.7,19.49
2001-02-08,0.0,17.82,25.43,10.75,45.93,1.49,19.62
2001-02-09,0.0,18.79,25.52,11.69,39.3,0.99,20.0
2001-02-10,0.0,18.59,24.95,11.69,42.4,0.96,19.22
2001-02-11,0.0,19.11,26.28,10.63,54.89,0.93,19.52
2001-02-12,0.0,18.92,27.04,11.66,54.94,1.26,19.48
2001-02-13,0.0,18.32,27.67,10.96,57.83,1.95,21.22
2001-02-14,0.0,18.98,28.28,11.6,55.48,1.74,21.14
2001-02-15,0.0,21.49,30.34,13.89,49.44,1.44,18.3
2001-02-16,0.0,22.54,30.49,14.5,55.48,0.98,21.33
2001-02-17,0.0,23.08,30.85,16.37,46.23,1.09,19.81
2001-02-18,0.0,23.27,31.28,15.91,50.2,1.11,20.59
2001-02-19,0.0,23.58,30.93,17.78,67.91,1.26,19.31
2001-02-20,0.0,23.68,30.89,16.25,55.71,1.15,20.12
2001-02-21,1.29,22.82,30.21,15.96,61.12,1.34,19.86
2001-02-22,5.31,23.05,28.27,18.61,78.85,1.09,17.72
2001-02-23,0.0,23.75,29.76,17.66,58.46,0.94,21.06
2001-02-24,0.18,23.28,29.98,17.08,62.46,1.64,19.77
2001-02-25,0.97,23.89,29.63,18.95,81.1,2.96,18.24
2001-02-26,11.29,24.11,28.91,21.32,81.83,3.33,15.7
2001-02-27,11.78,23.89,28.47,20.67,84.76,1.81,13.0
2001-02-28,0.0,24.78,31.23,19.57,69.94,1.12,19.27
2001-03-01,0.49,24.27,31.82,17.99,62.68,1.41,20.72
2001-03-02,0.0,24.7,31.21,18.17,60.09,1.87,20.95
2001-03-03,0.0,23.56,32.16,17.26,49.9,2.3,22.58
2001-03-04,0.0,22.95,32.08,14.57,39.41,1.89,23.47
2001-03-05,0.16,22.75,30.78,16.39,44.29,2.28,20.72
2001-03-06,0.0,22.94,31.0,15.38,56.9,1.85,23.16
2001-03-07,0.0,22.91,31.42,15.89,49.81,2.02,23.62
2001-03-08,0.0,22.73,31.85,14.91,46.15,1.95,22.71
2001-03-09,0.0,23.46,32.72,16.38,43.11,1.77,21.57
2001-03-10,0.0,23.8,32.98,16.48,40.06,1.66,21.74
2001-03-11,0.0,23.54,33.38,15.68,35.33,1.83,23.92
2001-03-12,0.0,23.6,33.41,14.99,35.54,1.97,23.97
2001-03-13,0.0,24.19,33.54,16.0,34.21,1.88,23.29
2001-03-14,0.0,25.43,34.22,17.36,36.93,0.92,22.6
2001-03-15,0.01,25.95,34.04,19.33,62.35,1.35,22.94
2001-03-16,0.0,27.33,34.89,20.1,53.9,1.36,22.05
2001-03-17,0.0,27.17,35.02,19.03,48.75,1.25,23.81
2001-03-18,0.95,27.9,35.42,21.17,56.39,1.24,22.49
2001-03-19,0.0,27.87,35.8,22.13,52.83,1.49,24.03
2001-03-20,0.0,27.62,37.01,17.33,32.93,1.26,24.24
2001-03-21,0.0,28.29,37.22,20.22,55.7,1.32,23.13
2001-03-22,0.18,28.82,37.61,21.55,62.93,1.67,23.2
2001-03-23,1.24,26.93,33.14,23.44,63.97,1.18,13.1
2001-03-24,0.21,28.97,35.66,23.17,58.72,2.23,21.74
2001-03-25,0.14,29.04,35.99,22.98,59.6,2.08,22.86
2001-03-26,0.12,29.18,36.98,21.97,60.98,2.44,19.37
2001-03-27,0.35,29.02,36.03,22.4,58.94,2.81,22.24
2001-03-28,2.95,28.71,35.34,23.01,62.83,2.11,20.99
2001-03-29,2.46,29.17,35.68,23.63,64.14,1.9,22.78
2001-03-30,0.55,28.7,34.82,23.11,69.48,2.05,21.38
2001-03-31,0.59,28.32,34.07,23.64,66.05,1.05,19.85
2001-04-01,3.01,28.66,33.74,24.11,65.24,1.23,22.73
2001-04-02,5.6,28.39,33.48,23.86,65.66,1.24,21.53
2001-04-03,0.49,29.44,36.29,23.04,56.85,1.25,24.32
2001-04-04,0.0,30.38,37.19,23.08,47.98,1.17,25.63
2001-04-05,0.12,30.44,38.07,22.22,48.14,1.33,24.63
2001-04-06,0.0,31.22,39.6,22.27,49.36,1.1,24.95
2001-04-07,0.0,31.51,40.09,24.4,50.54,1.74,24.39
2001-04-08,0.0,31.08,37.8,25.2,58.53,2.85,23.89
2001-04-09,0.0,29.04,34.31,25.33,72.95,3.16,17.34
2001-04-10,0.01,28.34,32.42,25.2,74.1,2.54,17.56
2001-04-11,0.02,29.14,36.29,23.6,69.58,2.78,21.07
2001-04-12,0.04,29.08,34.42,24.41,68.25,2.79,17.37
2001-04-13,5.11,29.18,35.28,25.89,63.97,2.66,17.01
2001-04-14,6.63,27.46,31.0,24.79,61.58,1.05,12.68
2001-04-15,0.44,26.59,30.42,24.43,68.52,0.85,16.62
2001-04-16,0.52,28.9,34.84,23.29,62.97,1.44,25.49
2001-04-17,3.76,29.65,35.98,24.1,67.03,1.78,25.83
2001-04-18,2.13,28.46,32.85,24.96,66.29,1.41,17.49
2001-04-19,0.12,30.34,36.88,24.36,56.21,1.71,26.78
2001-04-20,0.56,30.49,36.99,25.25,58.56,2.04,25.22
2001-04-21,0.41,30.46,38.15,24.07,56.58,1.75,25.22
2001-04-22,0.0,30.79,38.13,24.38,56.37,1.88,25.84
2001-04-23,0.0,31.12,39.23,23.9,54.12,1.76,26.65
2001-04-24,0.0,31.53,39.93,24.1,51.97,1.6,26.61
2001-04-25,0.0,31.26,39.49,23.94,54.32,2.48,25.9
2001-04-26,0.0,30.55,38.12,24.68,64.49,4.08,25.72
2001-04-27,0.08,29.94,36.21,26.01,65.17,4.27,24.74
2001-04-28,1.29,29.78,34.75,26.7,66.03,5.07,21.58
2001-04-29,5.52,29.79,35.3,26.21,69.69,4.05,18.54
2001-04-30,15.63,28.26,31.92,25.25,78.84,2.91,21.3
2001-05-01,9.49,29.18,34.98,24.08,69.02,1.06,25.53
2001-05-02,0.98,29.78,34.81,24.58,67.18,1.41,17.0
2001-05-03,17.24,28.64,33.4,25.35,72.2,2.36,10.41
2001-05-04,41.18,26.97,29.85,24.95,87.58,1.92,8.02
2001-05-05,13.19,27.14,30.45,24.79,86.07,2.5,13.66
2001-05-06,13.22,26.09,27.46,25.43,90.94,2.79,16.33
2001-05-07,36.99,27.5,31.53,24.19,80.78,3.93,10.3
2001-05-08,38.58,27.72,30.87,25.67,86.23,3.34,1.94
2001-05-09,21.38,28.16,31.33,25.86,85.3,3.73,13.54
2001-05-10,51.24,28.56,31.6,26.64,89.68,4.96,9.7
2001-05-11,72.8,28.1,30.59,26.03,90.71,3.53,17.58
2001-05-12,18.59,26.96,28.24,25.08,90.82,3.68,13.68
2001-05-13,0.12,26.96,30.96,23.28,83.83,2.17,26.69
2001-05-14,0.0,28.05,32.46,24.14,81.4,1.37,26.05
2001-05-15,0.01,29.37,34.49,24.99,77.7,0.97,26.56
2001-05-16,0.15,28.88,33.41,25.31,78.59,1.1,25.83
2001-05-17,0.49,28.12,32.05,24.77,83.11,1.35,26.27
2001-05-18,0.48,28.35,32.3,25.22,83.05,1.24,26.42
2001-05-19,4.03,28.45,31.92,25.34,82.96,1.05,22.98
2001-05-20,4.72,28.33,31.64,25.38,85.17,1.48,26.01
2001-05-21,6.51,27.7,30.25,25.65,90.67,1.67,23.54
2001-05-22,5.32,28.1,30.86,25.6,89.98,2.37,13.73
2001-05-23,13.49,28.64,32.11,26.2,87.18,2.41,14.99
2001-05-24,10.78,27.95,30.54,25.96,90.7,2.48,11.52
2001-05-25,0.42,28.15,31.94,25.35,87.02,2.42,25.38
2001-05-26,7.78,28.13,30.95,26.02,90.35,2.1,13.91
2001-05-27,0.39,28.42,31.77,25.77,87.18,1.14,25.11
2001-05-28,1.36,27.67,30.47,25.26,88.89,1.68,22.67
2001-05-29,6.02,27.66,30.63,25.45,87.76,1.9,21.47
2001-05-30,6.67,27.66,30.73,25.38,89.71,1.92,23.24
2001-05-31,5.26,28.07,31.35,25.52,86.64,1.72,14.7
2001-06-01,6.93,28.11,31.09,25.87,87.6,2.59,21.07
2001-06-02,11.09,28.18,31.14,26.29,87.98,3.25,20.84
2001-06-03,22.0,26.88,28.4,25.52,93.04,3.83,6.78
2001-06-04,22.57,26.91,28.45,25.44,91.9,3.22,6.63
2001-06-05,40.37,27.34,28.96,26.44,92.72,3.37,10.38
2001-06-06,34.66,27.56,29.49,26.08,93.31,2.28,6.92
2001-06-07,16.59,27.52,29.55,26.19,91.56,2.96,12.34
2001-06-08,23.43,27.41,29.63,25.73,92.65,2.98,9.66
2001-06-09,4.24,27.6,29.4,26.39,92.03,2.75,17.65
2001-06-10,3.78,27.5,29.51,26.03,93.73,1.98,24.14
2001-06-11,4.75,27.83,29.78,26.24,90.92,2.43,25.99
2001-06-12,0.41,28.01,30.11,26.02,89.49,3.99,22.72
2001-06-13,8.13,27.74,29.25,26.45,91.99,3.55,11.94
2001-06-14,44.13,27.19,28.47,26.07,93.33,3.15,2.32
2001-06-15,61.34,27.15,29.45,25.22,92.39,3.69,4.41
2001-06-16,62.29,26.45,28.86,24.54,90.43,2.16,8.43
2001-06-17,37.14,26.74,27.67,25.66,93.8,3.6,6.25
2001-06-18,25.46,27.28,28.58,26.43,92.74,4.46,10.03
2001-06-19,25.93,27.69,30.35,26.13,90.77,4.0,19.78
2001-06-20,60.83,28.11,30.54,25.79,90.81,3.99,11.16
2001-06-21,17.14,28.5,31.11,26.59,90.66,3.09,11.49
2001-06-22,0.95,28.32,31.63,26.01,89.89,2.89,23.53
2001-06-23,1.35,28.19,30.77,26.35,89.82,3.46,20.19
2001-06-24,0.84,27.73,29.91,26.21,91.37,3.44,21.81
2001-06-25,0.51,27.72,30.51,26.02,90.56,3.45,21.41
2001-06-26,1.55,27.7,29.72,26.22,90.82,3.52,21.45
2001-06-27,7.48,27.45,29.92,25.73,88.76,3.62,21.04
2001-06-28,1.96,27.63,31.23,24.66,90.24,4.14,19.29
2001-06-29,7.67,27.77,30.25,26.35,90.38,4.4,11.45
2001-06-30,12.59,27.58,29.84,26.3,91.4,4.12,6.68
2001-07-01,24.23,27.14,29.2,25.55,92.37,3.38,4.28
2001-07-02,4.23,26.97,29.07,25.34,91.16,3.0,9.92
2001-07-03,0.3,27.51,30.53,25.17,89.89,2.19,18.65
2001-07-04,0.31,27.7,31.04,25.97,92.05,2.19,25.97
2001-07-05,1.26,27.49,29.45,25.93,93.1,1.66,23.39
2001-07-06,1.19,27.76,30.2,26.31,92.39,2.76,24.1
2001-07-07,4.34,27.76,29.87,26.76,93.44,2.89,25.05
2001-07-08,6.85,28.08,29.71,26.56,92.18,3.18,23.24
2001-07-09,2.79,28.03,30.97,26.5,90.75,4.33,15.18
2001-07-10,14.18,27.31,28.99,26.23,92.54,3.94,17.15
2001-07-11,14.1,27.34,29.79,25.99,91.0,4.05,16.58
2001-07-12,11.71,27.41,30.09,25.65,89.73,2.94,21.9
2001-07-13,10.99,27.4,30.21,25.54,89.42,3.1,19.04
2001-07-14,7.1,27.59,29.97,25.99,90.78,3.62,14.91
2001-07-15,3.89,27.75,30.23,26.08,92.17,3.12,21.82
2001-07-16,1.63,27.41,29.19,26.09,93.12,3.01,21.67
2001-07-17,1.11,27.42,29.88,25.55,91.06,3.03,22.97
2001-07-18,1.91,27.68,30.67,25.47,89.05,3.45,23.44
2001-07-19,3.37,27.49,29.6,25.78,90.97,3.9,16.48
2001-07-20,9.06,27.26,28.83,26.17,92.45,3.55,11.95
2001-07-21,9.42,27.73,30.11,26.0,90.72,3.59,16.4
2001-07-22,5.65,27.75,30.41,25.92,91.98,2.3,18.94
2001-07-23,6.02,27.93,30.88,25.89,90.4,2.8,22.37
2001-07-24,13.34,27.45,30.33,25.95,91.16,2.75,18.73
2001-07-25,20.32,27.49,30.39,25.76,90.39,2.98,14.79
2001-07-26,15.37,27.5,29.85,25.94,91.07,3.55,18.34
2001-07-27,6.51,27.73,30.3,25.79,90.99,3.66,9.97
2001-07-28,26.65,27.87,30.34,26.3,90.64,4.06,15.4
2001-07-29,51.37,27.93,30.38,26.32,90.73,3.63,19.18
2001-07-30,68.42,27.11,29.27,25.78,91.6,3.43,13.46
2001-07-31,30.61,27.76,30.07,26.36,92.28,3.31,7.17
2001-08-01,70.49,27.56,29.77,26.25,93.19,2.68,10.13
2001-08-02,13.35,28.07,31.73,25.57,89.18,1.63,16.15
2001-08-03,0.81,27.92,31.06,25.95,91.18,2.86,19.41
2001-08-04,5.29,27.5,30.28,25.68,91.83,1.89,19.42
2001-08-05,21.9,27.46,30.6,25.28,92.17,2.12,23.18
2001-08-06,24.73,28.31,32.04,26.02,89.99,1.57,21.5
2001-08-07,22.14,28.19,31.48,25.92,87.17,1.04,22.21
2001-08-08,20.87,27.3,29.73,25.72,90.99,1.43,19.98
2001-08-09,4.75,27.58,30.32,25.71,91.54,2.05,23.33
2001-08-10,0.32,27.79,30.7,25.73,90.08,2.75,23.04
2001-08-11,0.69,28.05,31.42,25.85,89.86,2.31,22.17
2001-08-12,0.28,27.86,30.67,25.63,90.08,1.91,19.97
2001-08-13,2.31,27.83,31.05,25.83,89.1,1.97,13.98
2001-08-14,3.47,27.08,29.91,25.12,91.61,4.15,12.78
2001-08-15,7.28,27.78,30.38,25.99,91.18,3.32,21.44
2001-08-16,4.29,28.37,31.66,26.1,89.76,2.47,20.44
2001-08-17,1.12,28.54,31.67,26.49,89.97,2.65,19.42
2001-08-18,0.22,28.31,31.13,26.69,90.7,3.16,22.62
2001-08-19,2.63,28.23,31.1,26.79,91.9,2.69,22.06
2001-08-20,1.52,28.29,31.52,26.47,91.73,2.68,24.01
2001-08-21,0.89,27.42,29.63,26.18,91.51,3.08,19.46
2001-08-22,0.61,27.72,31.3,25.6,88.16,3.19,20.93
2001-08-23,0.43,27.89,31.07,25.58,88.87,3.61,22.89
2001-08-24,1.99,27.78,30.49,25.88,89.58,3.52,18.34
2001-08-25,6.34,27.97,30.66,25.96,90.63,3.5,9.06
2001-08-26,35.28,28.07,30.63,26.33,91.8,3.1,14.23
2001-08-27,49.49,27.62,28.56,26.95,95.19,3.41,17.2
2001-08-28,1.06,28.39,30.4,26.45,89.45,1.25,20.79
2001-08-29,5.11,27.86,30.14,26.43,93.35,2.02,16.24
2001-08-30,3.17,27.5,29.43,25.71,93.74,2.97,21.41
2001-08-31,2.66,28.04,31.09,25.86,91.04,3.35,19.59
2001-09-01,2.84,27.6,29.97,25.75,89.33,3.16,19.24
2001-09-02,1.1,27.51,30.61,25.08,87.64,2.46,21.76
2001-09-03,0.84,27.43,30.68,25.07,88.17,2.24,19.24
2001-09-04,0.3,27.46,30.77,24.99,88.94,2.62,21.58
2001-09-05,0.17,27.77,30.61,26.13,89.92,3.28,16.16
2001-09-06,8.7,27.5,30.29,25.85,90.03,3.73,16.71
2001-09-07,9.01,27.59,30.09,25.62,90.68,3.66,16.35
2001-09-08,2.1,27.57,30.12,26.19,90.1,2.9,18.21
2001-09-09,3.92,27.93,30.91,25.74,90.7,2.01,17.06
2001-09-10,6.8,27.37,29.97,25.36,91.52,2.3,16.93
2001-09-11,1.34,26.97,29.71,24.77,89.77,2.68,18.98
2001-09-12,1.28,27.56,31.03,25.25,88.97,2.32,18.38
2001-09-13,1.89,27.1,30.29,25.26,89.88,2.11,19.75
2001-09-14,1.22,27.78,31.44,24.79,87.44,1.36,21.58
2001-09-15,0.58,29.2,33.11,25.24,80.66,0.64,20.84
2001-09-16,2.56,28.66,32.19,26.15,83.13,1.05,6.71
2001-09-17,8.84,26.72,29.04,24.84,91.08,1.31,13.01
2001-09-18,31.7,26.24,29.16,23.66,90.77,1.78,9.97
2001-09-19,16.21,26.36,28.5,24.82,91.23,1.66,6.61
2001-09-20,0.78,27.36,31.03,24.22,84.8,1.29,19.64
2001-09-21,0.28,26.45,28.72,24.28,87.18,1.02,21.51
2001-09-22,1.09,27.74,32.14,23.77,81.15,0.9,15.01
2001-09-23,4.79,27.78,30.97,25.74,86.85,0.72,17.92
2001-09-24,4.04,27.78,30.99,25.33,86.45,0.68,19.8
2001-09-25,0.26,27.44,30.79,25.14,87.33,1.3,20.03
2001-09-26,0.19,28.02,30.97,24.73,84.71,1.1,22.29
2001-09-27,0.07,27.78,29.74,25.91,86.04,0.66,19.54
2001-09-28,0.02,28.46,31.68,24.7,81.95,0.75,19.98
2001-09-29,0.61,28.31,32.19,25.4,85.46,1.31,22.55
2001-09-30,4.93,27.03,28.96,25.73,93.31,1.61,20.07
2001-10-01,4.55,27.26,29.79,25.1,88.76,0.82,17.93
2001-10-02,3.02,26.82,29.36,25.06,91.11,1.21,18.4
2001-10-03,16.53,26.72,29.34,24.65,88.25,0.82,17.28
2001-10-04,9.52,26.32,28.67,24.77,90.56,1.19,15.91
2001-10-05,6.31,26.25,28.12,24.68,92.05,1.31,19.69
2001-10-06,0.13,27.55,30.57,25.29,88.37,1.28,17.32
2001-10-07,0.1,27.81,31.41,24.99,86.78,1.2,19.92
2001-10-08,0.59,27.82,31.28,25.23,88.58,1.18,20.79
2001-10-09,10.43,26.95,29.51,24.86,91.06,1.21,19.12
2001-10-10,12.81,27.12,30.13,25.31,89.16,1.04,8.97
2001-10-11,3.5,26.97,29.75,24.63,88.18,0.96,19.78
2001-10-12,3.75,27.04,29.97,24.86,86.73,0.83,18.87
2001-10-13,2.06,26.89,30.26,23.77,83.87,0.84,14.56
2001-10-14,11.0,27.04,29.71,24.41,83.09,0.81,10.88
2001-10-15,6.64,27.08,30.18,23.87,85.38,0.96,18.94
2001-10-16,5.93,27.2,31.02,23.84,85.89,1.15,20.31
2001-10-17,13.42,27.42,31.15,24.1,85.12,0.93,16.62
2001-10-18,23.95,26.08,28.23,24.8,91.75,1.81,17.15
2001-10-19,2.88,26.99,29.61,24.57,84.41,1.64,17.32
2001-10-20,0.08,26.04,29.58,23.18,84.0,1.27,19.33
2001-10-21,0.0,25.82,30.14,21.81,85.53,1.33,20.22
2001-10-22,0.0,25.89,30.59,22.46,85.52,1.87,20.74
2001-10-23,0.0,25.63,30.68,21.56,84.28,2.03,21.05
2001-10-24,0.0,25.6,30.71,21.38,85.21,1.88,20.65
2001-10-25,0.0,25.71,31.04,20.82,83.42,1.31,20.3
2001-10-26,0.0,25.72,30.46,21.27,82.03,1.3,19.62
2001-10-27,9.05,25.28,28.51,21.95,87.64,1.48,4.92
2001-10-28,1.59,25.33,28.9,23.48,88.99,1.82,5.69
2001-10-29,0.07,25.07,28.2,22.36,87.8,1.42,6.01
2001-10-30,9.38,25.25,28.5,22.46,87.79,1.42,7.24
2001-10-31,11.79,25.77,28.74,23.54,90.86,2.31,11.43
2001-11-01,1.72,26.36,29.86,23.44,85.22,1.17,15.62
2001-11-02,0.19,25.38,29.67,21.42,85.32,1.11,18.71
2001-11-03,0.14,24.71,29.25,21.16,83.35,1.3,18.12
2001-11-04,0.0,23.73,28.17,19.52,79.01,1.17,16.41
2001-11-05,0.01,23.46,28.42,19.38,84.29,1.53,18.48
2001-11-06,0.01,23.74,28.6,19.74,85.06,1.77,17.05
2001-11-07,0.45,23.62,27.41,19.84,83.02,1.22,7.56
2001-11-08,1.5,24.18,28.16,20.52,78.01,0.71,8.61
2001-11-09,0.23,24.03,28.92,19.83,83.8,1.07,7.68
2001-11-10,1.09,24.29,28.45,20.91,84.13,1.36,7.24
2001-11-11,26.15,23.34,24.59,21.97,94.98,2.06,4.04
2001-11-12,7.59,24.54,26.85,22.78,93.46,1.2,4.03
2001-11-13,0.02,25.04,29.07,22.08,86.32,1.2,13.94
2001-11-14,0.0,23.84,28.45,20.5,87.29,1.9,18.59
2001-11-15,0.0,23.12,28.39,18.64,86.75,1.41,18.3
2001-11-16,0.0,23.06,28.11,18.95,83.76,1.16,18.49
2001-11-17,0.0,22.89,27.59,18.57,78.82,1.04,18.64
2001-11-18,0.01,22.32,27.52,18.21,82.03,1.42,18.32
2001-11-19,0.28,22.05,27.44,17.44,84.1,1.59,13.12
2001-11-20,0.0,22.11,27.61,17.24,81.52,1.19,17.66
2001-11-21,0.0,22.57,27.01,18.75,77.61,0.79,17.55
2001-11-22,0.0,22.36,27.49,18.03,76.83,1.06,14.81
2001-11-23,0.0,21.15,26.41,17.3,83.72,1.2,14.47
2001-11-24,0.0,20.53,26.1,16.89,84.28,1.65,15.22
2001-11-25,0.0,20.17,26.32,15.19,84.83,1.56,17.16
2001-11-26,0.0,20.74,27.0,15.14,84.73,1.26,17.57
2001-11-27,0.0,20.62,26.64,15.68,83.25,1.45,17.17
2001-11-28,0.0,19.17,25.13,14.29,82.88,1.6,17.45
2001-11-29,0.0,18.51,25.12,13.59,83.25,1.89,17.16
2001-11-30,0.0,17.52,23.87,12.84,83.27,1.99,17.46
2001-12-01,0.0,16.79,23.68,12.45,78.05,1.68,16.62
2001-12-02,0.0,16.98,22.65,12.65,75.29,1.29,16.38
2001-12-03,0.0,16.32,22.53,11.81,80.36,1.49,15.96
2001-12-04,0.0,17.21,23.48,11.49,82.0,1.54,16.56
2001-12-05,0.0,17.78,23.79,13.04,82.31,1.43,16.36
2001-12-06,0.0,17.52,24.15,12.46,83.45,1.54,16.4
2001-12-07,0.0,17.34,23.14,12.85,84.97,1.36,16.0
2001-12-08,0.0,18.05,23.84,13.41,81.52,1.08,15.48
2001-12-09,0.0,18.09,24.55,12.89,82.78,1.15,15.04
2001-12-10,0.0,17.04,23.52,12.2,85.39,1.71,16.56
2001-12-11,0.0,16.55,23.27,11.15,83.67,1.61,16.98
2001-12-12,0.0,16.41,23.75,10.67,81.97,1.84,17.4
2001-12-13,0.0,16.04,23.1,10.34,79.89,1.58,16.8
2001-12-14,0.0,16.04,22.89,10.31,79.21,1.52,16.35
2001-12-15,0.0,16.92,23.68,10.93,78.06,1.36,16.93
2001-12-16,0.0,17.09,23.14,11.83,78.69,1.19,16.54
2001-12-17,0.0,16.15,22.76,10.63,79.43,1.72,17.03
2001-12-18,0.0,16.01,23.2,9.68,77.84,1.75,16.62
2001-12-19,0.0,16.35,22.99,10.21,74.34,1.6,17.14
2001-12-20,0.0,16.84,23.3,11.36,76.63,1.5,13.16
2001-12-21,0.0,16.53,22.85,11.85,82.06,1.68,14.78
2001-12-22,32.99,16.94,23.54,11.58,82.27,1.81,12.82
2001-12-23,0.0,17.65,24.43,11.02,80.81,1.33,16.12
2001-12-24,0.0,17.99,24.23,13.31,78.71,1.09,13.53
2001-12-25,0.0,17.88,23.88,12.81,74.68,1.19,16.79
2001-12-26,0.0,17.61,24.22,12.33,72.88,1.2,16.98
2001-12-27,0.0,17.72,24.46,12.39,73.31,1.24,17.28
2001-12-28,0.0,17.17,23.81,11.81,77.71,1.49,17.38
2001-12-29,0.0,16.82,23.75,11.21,80.5,1.51,17.3
2001-12-30,0.0,16.27,23.01,10.18,79.79,1.69,16.72
2001-12-31,0.0,15.81,22.28,11.02,78.92,1.92,15.78
2002-01-01,0.0,14.92,21.2,10.08,81.07,1.92,13.71
2002-01-02,0.0,15.57,23.47,9.07,79.69,1.79,17.31
2002-01-03,0.0,16.36,23.9,8.81,77.37,1.62,17.67
2002-01-04,0.0,17.59,24.09,12.02,74.88,1.24,14.46
2002-01-05,0.0,17.82,24.61,11.88,75.37,1.35,17.13
2002-01-06,0.0,17.57,24.3,12.37,73.1,1.48,16.93
2002-01-07,0.01,16.96,23.09,12.79,76.57,1.42,9.78
2002-01-08,0.18,18.09,23.98,14.74,73.49,0.95,6.63
2002-01-09,0.0,17.92,23.93,12.53,70.34,1.44,15.32
2002-01-10,0.0,16.63,23.66,10.55,74.22,1.66,14.93
2002-01-11,0.0,16.55,23.91,11.01,77.09,1.45,16.12
2002-01-12,0.0,15.62,23.08,10.09,76.07,1.68,16.56
2002-01-13,0.0,15.7,23.49,9.0,73.37,1.5,17.89
2002-01-14,0.0,17.33,23.48,11.31,63.74,1.04,17.29
2002-01-15,0.0,17.93,23.91,11.76,67.22,0.86,15.48
2002-01-16,0.0,18.5,24.69,12.09,69.63,0.96,16.59
2002-01-17,0.01,19.77,25.58,14.1,73.59,0.94,17.11
2002-01-18,0.0,19.96,26.24,15.21,81.89,1.02,15.51
2002-01-19,0.0,20.66,26.17,14.72,75.42,0.78,14.67
2002-01-20,0.0,19.77,25.83,13.51,73.58,1.07,17.94
2002-01-21,0.0,20.49,26.15,15.0,67.93,1.01,18.77
2002-01-22,0.02,20.81,26.69,14.87,70.69,1.12,17.73
2002-01-23,3.11,19.93,25.84,14.59,81.25,1.15,6.86
2002-01-24,0.95,20.31,24.38,17.44,82.17,0.84,10.51
2002-01-25,0.0,16.73,23.12,11.76,67.74,1.66,16.49
2002-01-26,0.0,15.85,22.58,9.76,58.78,1.38,18.14
2002-01-27,0.0,15.17,23.04,8.83,65.47,1.53,18.72
2002-01-28,1.18,15.16,21.73,9.19,73.03,1.44,11.7
2002-01-29,0.25,16.74,23.31,11.25,78.7,2.13,10.94
2002-01-30,2.78,17.43,22.87,13.59,79.56,2.06,5.48
2002-01-31,0.0,16.21,23.23,10.65,66.96,2.06,18.66
2002-02-01,0.0,15.38,23.1,8.85,67.39,1.82,19.95
2002-02-02,0.0,15.69,23.31,9.56,70.79,1.94,19.83
2002-02-03,0.0,15.8,22.43,9.06,59.97,1.4,18.86
2002-02-04,0.0,15.73,23.31,9.98,60.66,1.49,19.58
2002-02-05,0.0,16.15,24.04,8.5,59.32,1.64,19.98
2002-02-06,0.0,17.01,24.3,10.19,57.2,1.39,20.03
2002-02-07,0.0,18.61,26.25,12.24,61.78,1.63,19.72
2002-02-08,0.0,19.95,28.17,13.02,71.79,1.68,19.86
2002-02-09,0.0,20.99,28.75,14.81,73.15,2.17,19.84
2002-02-10,0.0,21.24,28.19,15.73,71.9,1.68,20.12
2002-02-11,0.0,21.42,28.69,15.21,62.71,1.75,20.62
2002-02-12,0.0,21.12,29.27,15.39,62.34,1.52,19.31
2002-02-13,0.0,20.3,26.38,16.06,69.72,1.84,17.44
2002-02-14,0.0,19.51,27.45,13.58,59.9,2.17,18.61
2002-02-15,0.0,18.47,27.55,10.65,58.6,1.92,21.61
2002-02-16,0.0,19.81,28.17,12.04,57.39,1.44,22.15
2002-02-17,0.0,21.61,29.11,15.55,51.7,1.07,21.28
2002-02-18,0.0,22.68,29.6,15.34,48.72,1.01,21.2
2002-02-19,0.0,23.08,29.87,16.31,48.03,1.02,20.72
2002-02-20,0.0,22.6,29.58,16.0,45.88,1.26,21.36
2002-02-21,0.0,22.68,29.79,16.68,48.89,1.38,20.79
2002-02-22,0.0,23.37,30.3,17.57,65.56,1.28,20.54
2002-02-23,0.0,24.01,30.85,17.82,63.39,1.24,20.37
2002-02-24,0.0,24.15,31.18,16.34,46.42,1.22,21.63
2002-02-25,0.01,24.48,31.52,17.07,47.19,0.91,21.67
2002-02-26,0.2,24.17,31.5,18.63,52.68,1.72,19.56
2002-02-27,0.0,22.68,31.0,15.63,49.9,1.9,19.45
2002-02-28,0.0,22.16,30.69,14.85,45.87,1.73,22.59
2002-03-01,0.0,22.95,30.72,14.7,46.61,1.55,22.17
2002-03-02,0.0,24.15,31.56,16.45,45.83,1.25,22.41
2002-03-03,2.85,24.69,32.2,16.77,53.83,1.03,19.0
2002-03-04,8.52,25.1,30.92,20.03,69.2,1.24,20.16
2002-03-05,0.0,23.9,31.13,18.15,55.1,1.57,21.83
2002-03-06,0.0,23.55,31.37,15.13,41.64,1.22,22.81
2002-03-07,0.0,23.59,31.98,15.73,40.65,1.7,23.44
2002-03-08,0.0,24.09,32.07,16.5,32.86,1.12,24.22
2002-03-09,0.0,25.51,32.19,17.87,42.6,0.83,22.26
2002-03-10,0.05,26.88,33.18,21.04,52.71,0.9,21.93
2002-03-11,0.18,26.72,33.96,20.46,67.78,1.5,21.94
2002-03-12,0.0,27.31,34.21,22.02,54.64,1.21,21.84
2002-03-13,0.0,25.63,32.63,19.39,37.78,1.37,22.84
2002-03-14,0.0,25.98,33.22,19.75,35.05,1.23,22.66
2002-03-15,0.0,26.7,34.34,19.76,40.09,1.56,22.72
2002-03-16,0.0,27.05,34.54,20.66,40.12,1.55,21.74
2002-03-17,0.0,26.41,34.8,19.55,42.49,1.28,23.98
2002-03-18,0.0,26.25,36.07,17.28,38.46,1.58,25.28
2002-03-19,0.0,27.2,36.13,18.31,36.58,1.48,25.14
2002-03-20,0.0,27.74,35.91,20.91,49.4,1.17,24.59
2002-03-21,0.0,27.34,36.17,20.63,57.34,1.63,25.05
2002-03-22,0.0,27.14,35.21,20.21,64.75,2.14,22.84
2002-03-23,0.78,26.84,33.75,22.45,73.09,2.42,21.38
2002-03-24,7.26,26.88,33.19,22.19,76.59,3.21,22.27
2002-03-25,8.32,26.94,32.22,23.53,78.59,3.78,19.53
2002-03-26,8.13,26.82,31.35,23.83,78.36,3.14,20.36
2002-03-27,24.06,26.32,31.8,22.84,81.96,2.05,17.95
2002-03-28,12.78,26.76,32.21,22.47,77.27,0.98,18.7
2002-03-29,0.49,27.96,33.86,22.89,67.63,0.82,12.7
2002-03-30,1.18,27.67,33.48,22.01,63.42,1.06,23.83
2002-03-31,0.03,27.8,33.88,22.83,62.69,1.06,24.37
2002-04-01,2.61,27.94,34.47,22.78,71.68,2.13,23.67
2002-04-02,6.37,25.99,31.43,22.17,78.36,2.43,14.1
2002-04-03,8.92,25.22,28.97,22.17,79.17,2.42,7.11
2002-04-04,0.39,26.19,32.04,21.14,71.33,1.23,24.62
2002-04-05,0.66,27.71,33.98,21.46,64.81,1.01,25.83
2002-04-06,2.54,28.08,33.84,22.73,70.32,1.16,25.89
2002-04-07,0.01,29.04,35.68,23.24,65.21,1.4,26.09
2002-04-08,0.0,29.27,36.59,22.76,66.45,2.26,25.62
2002-04-09,0.27,29.41,35.49,24.21,70.64,2.52,19.61
2002-04-10,1.0,29.7,35.75,24.93,66.45,2.59,23.18
2002-04-11,5.05,27.75,32.44,23.89,69.31,1.37,8.77
2002-04-12,0.0,28.34,36.31,21.99,51.43,2.08,25.38
2002-04-13,0.01,28.35,36.01,20.04,45.4,1.77,25.05
2002-04-14,0.0,28.94,35.36,22.91,52.98,1.45,26.37
2002-04-15,0.15,28.39,34.63,23.17,67.86,2.8,18.22
2002-04-16,0.09,28.66,34.72,24.28,70.31,3.59,22.96
2002-04-17,0.31,29.05,35.0,24.54,70.02,3.43,19.45
2002-04-18,0.05,29.11,34.99,25.07,72.74,3.93,22.41
2002-04-19,0.01,29.16,34.51,25.48,72.29,4.14,22.3
2002-04-20,0.0,30.19,36.88,25.81,67.69,2.84,24.12
2002-04-21,0.03,28.47,34.36,24.66,72.11,1.95,18.72
2002-04-22,0.06,27.61,33.69,23.59,73.39,2.1,6.32
2002-04-23,0.01,27.94,33.69,22.2,69.41,1.76,18.24
2002-04-24,1.14,29.79,36.89,23.08,61.0,1.4,24.41
2002-04-25,1.39,30.03,36.38,24.36,65.02,2.41,21.76
2002-04-26,2.29,29.93,36.51,24.76,65.53,2.85,14.95
2002-04-27,34.33,27.36,31.61,24.24,78.55,2.5,23.98
2002-04-28,0.79,28.28,34.8,22.96,72.95,2.23,25.6
2002-04-29,1.29,28.54,34.97,23.79,73.94,2.94,24.05
2002-04-30,4.88,28.34,33.96,24.56,76.59,3.16,23.03
2002-05-01,5.95,28.51,34.85,23.68,73.63,2.11,23.45
2002-05-02,8.97,29.0,35.28,23.18,66.67,1.26,22.86
2002-05-03,0.25,29.15,36.07,23.36,68.08,2.16,24.85
2002-05-04,1.3,29.49,35.79,24.03,67.72,2.26,21.82
2002-05-05,2.74,29.76,35.51,24.66,67.09,2.53,10.72
2002-05-06,9.74,27.81,30.76,25.5,76.82,2.86,6.44
2002-05-07,22.03,28.91,33.3,25.57,79.53,2.1,20.53
2002-05-08,30.98,28.69,32.59,25.56,82.0,2.3,5.74
2002-05-09,8.7,28.81,32.71,26.29,82.65,2.89,18.32
2002-05-10,4.59,28.35,31.6,26.18,81.91,3.56,5.52
2002-05-11,3.56,29.18,33.51,26.0,83.38,4.1,11.39
2002-05-12,2.52,29.94,34.7,26.73,80.07,3.52,20.0
2002-05-13,2.78,29.58,33.65,26.36,80.75,3.18,2.78
2002-05-14,0.7,28.83,31.59,26.63,83.41,3.42,22.27
2002-05-15,1.32,27.97,31.22,25.77,82.67,2.13,21.02
2002-05-16,0.74,29.14,35.04,25.37,75.39,2.33,25.35
2002-05-17,0.58,30.47,35.61,25.74,71.49,1.55,24.78
2002-05-18,1.37,31.33,36.73,26.34,69.09,2.12,24.38
2002-05-19,3.06,30.71,36.03,27.05,76.03,3.02,19.42
2002-05-20,4.36,29.76,32.72,27.52,84.32,5.22,18.65
2002-05-21,3.21,30.64,35.59,27.85,80.9,4.81,20.78
2002-05-22,6.62,29.73,33.76,27.4,83.12,5.14,16.84
2002-05-23,6.15,28.96,32.26,27.01,83.29,4.25,19.55
2002-05-24,3.87,28.42,31.73,25.92,81.7,2.51,22.63
2002-05-25,20.78,27.02,29.24,25.58,88.83,2.52,21.85
2002-05-26,24.73,27.71,31.25,25.63,84.58,3.14,20.51
2002-05-27,27.42,26.98,29.68,25.03,86.16,2.78,13.75
2002-05-28,0.39,26.98,29.98,24.73,85.4,2.49,14.29
2002-05-29,0.27,26.55,29.41,24.08,83.97,2.03,21.81
2002-05-30,0.96,27.58,30.98,24.42,83.59,1.66,24.32
2002-05-31,6.26,27.96,31.45,25.23,86.2,1.72,18.85
2002-06-01,14.38,27.65,31.01,24.95,87.42,1.52,22.34
2002-06-02,18.49,27.96,31.56,24.68,85.74,1.5,25.05
2002-06-03,4.83,28.83,32.92,25.39,84.37,1.63,20.31
2002-06-04,18.34,28.39,30.95,26.1,90.57,1.86,22.75
2002-06-05,7.96,28.79,31.45,26.8,86.65,1.48,22.67
2002-06-06,0.89,27.84,29.93,25.63,91.58,1.68,22.66
2002-06-07,13.42,27.81,30.54,25.33,91.2,2.11,10.91
2002-06-08,29.67,27.91,31.0,25.75,89.35,1.87,13.25
2002-06-09,3.94,27.83,30.16,25.91,89.01,1.72,15.13
2002-06-10,4.5,27.86,31.16,25.3,87.92,2.3,20.01
2002-06-11,7.15,27.0,28.63,25.6,91.64,3.0,12.12
2002-06-12,41.42,27.38,28.79,25.92,93.89,2.95,4.1
2002-06-13,46.76,27.43,29.45,26.03,92.43,3.29,2.72
2002-06-14,10.87,27.64,29.55,26.32,90.61,3.35,14.73
2002-06-15,5.35,28.28,31.26,26.07,87.44,3.56,21.33
2002-06-16,3.66,28.06,31.66,25.43,89.19,2.28,23.44
2002-06-17,2.4,27.96,30.29,26.36,90.86,2.8,25.09
2002-06-18,9.29,28.58,31.9,26.38,89.6,2.73,24.55
2002-06-19,0.05,28.44,30.52,26.87,89.63,2.22,24.32
2002-06-20,0.06,28.11,29.99,26.68,92.19,2.99,17.2
2002-06-21,4.71,27.6,29.51,25.51,90.75,6.86,11.88
2002-06-22,14.38,28.33,30.99,26.84,90.63,3.08,9.98
2002-06-23,10.28,27.86,30.42,26.65,90.95,3.85,22.44
2002-06-24,18.29,28.33,31.78,26.2,87.51,3.59,22.08
2002-06-25,4.6,28.03,30.94,26.13,88.99,3.69,14.47
2002-06-26,8.08,27.95,30.95,25.91,86.87,3.41,14.5
2002-06-27,7.23,28.54,32.06,26.03,85.91,2.4,15.02
2002-06-28,8.02,28.64,32.17,25.78,87.32,2.44,19.37
2002-06-29,30.15,28.8,31.57,26.61,91.12,2.4,11.72
2002-06-30,44.88,28.03,29.52,26.63,93.95,1.9,9.18
2002-07-01,43.18,28.93,32.09,26.44,88.7,1.6,5.03
2002-07-02,48.7,27.97,29.41,26.85,93.83,3.0,15.38
2002-07-03,31.14,28.19,30.21,27.12,93.17,4.7,9.22
2002-07-04,29.21,28.2,29.88,27.05,93.35,4.01,6.31
2002-07-05,49.22,28.52,31.26,26.79,91.17,2.54,12.76
2002-07-06,9.66,28.43,31.46,26.55,92.37,2.61,10.92
2002-07-07,8.62,29.24,32.91,27.01,89.51,1.43,13.05
2002-07-08,1.16,28.83,31.27,26.83,91.86,2.32,8.41
2002-07-09,2.32,28.21,29.64,26.98,92.84,1.58,12.68
2002-07-10,2.91,28.73,31.94,26.25,88.55,2.28,8.53
2002-07-11,7.42,27.77,29.16,26.75,94.33,2.38,10.74
2002-07-12,3.48,28.37,31.34,26.4,90.74,2.29,13.01
2002-07-13,7.35,28.08,30.39,26.24,92.44,2.65,13.75
2002-07-14,8.32,28.34,31.19,26.32,90.43,1.94,18.99
2002-07-15,12.0,28.17,31.41,26.17,87.41,1.16,19.85
2002-07-16,15.23,28.0,30.69,25.83,89.59,1.49,17.85
2002-07-17,6.43,27.87,31.19,25.83,90.33,3.25,22.8
2002-07-18,3.26,27.67,30.57,25.77,90.06,3.73,19.09
2002-07-19,18.58,27.94,30.5,25.98,90.72,4.06,10.44
2002-07-20,40.51,27.52,28.68,26.67,94.65,4.41,13.02
2002-07-21,60.06,27.64,28.75,26.56,95.2,4.94,3.71
2002-07-22,49.34,27.72,29.43,26.52,93.2,4.07,8.29
2002-07-23,22.81,27.58,30.12,26.18,93.03,2.87,6.53
2002-07-24,11.23,28.08,31.02,25.88,91.35,2.36,20.92
2002-07-25,4.81,27.96,30.58,25.98,90.19,2.35,14.63
2002-07-26,2.17,27.64,30.19,25.75,91.28,1.82,18.85
2002-07-27,1.92,27.68,30.15,25.59,91.55,1.58,12.63
2002-07-28,3.3,27.19,28.92,26.0,93.49,1.61,15.97
2002-07-29,8.75,26.88,29.19,25.35,92.74,1.95,15.44
2002-07-30,3.87,27.24,29.55,25.34,93.75,1.87,17.74
2002-07-31,0.97,27.12,30.07,25.27,90.42,2.89,21.63
2002-08-01,1.35,27.67,30.97,25.33,90.79,2.41,21.71
2002-08-02,9.96,27.52,30.48,25.73,90.38,1.7,11.75
2002-08-03,13.75,27.05,29.18,25.49,92.37,2.36,11.71
2002-08-04,4.09,26.8,29.2,25.23,92.57,1.51,18.51
2002-08-05,3.1,27.24,29.64,25.21,92.75,2.01,24.09
2002-08-06,2.33,27.59,30.63,25.76,91.64,1.68,23.37
2002-08-07,17.77,27.52,30.87,25.56,90.81,1.85,23.25
2002-08-08,6.33,27.94,31.85,25.5,90.1,2.56,21.26
2002-08-09,6.03,27.89,30.08,26.44,91.88,4.2,16.97
2002-08-10,18.01,28.02,30.5,26.49,92.03,4.11,19.91
2002-08-11,18.85,27.66,30.0,26.4,93.62,4.13,15.16
2002-08-12,11.24,27.48,28.96,26.51,93.39,4.05,8.09
2002-08-13,11.33,27.43,29.09,26.13,93.94,2.39,15.84
2002-08-14,21.42,27.27,30.22,25.6,91.64,1.71,15.51
2002-08-15,11.85,27.06,28.75,25.86,94.17,2.85,16.86
2002-08-16,11.35,26.99,28.74,25.57,93.39,3.79,11.01
2002-08-17,25.22,27.49,29.88,25.96,91.28,3.95,13.24
2002-08-18,11.1,27.59,30.19,25.76,91.05,3.7,19.84
2002-08-19,5.88,26.98,28.77,25.69,93.59,2.41,10.15
2002-08-20,3.04,27.12,29.89,25.16,91.0,2.03,17.29
2002-08-21,7.09,26.85,29.54,24.83,91.86,1.99,18.92
2002-08-22,4.17,27.38,31.68,25.13,90.03,2.71,20.4
2002-08-23,2.07,26.6,29.42,25.21,92.12,2.8,18.7
2002-08-24,0.8,26.25,28.4,24.42,92.09,1.83,17.08
2002-08-25,3.47,26.78,29.29,24.79,92.09,1.34,10.83
2002-08-26,18.58,27.72,31.06,24.96,89.55,1.52,8.07
2002-08-27,21.29,28.67,32.14,25.35,84.57,0.79,21.61
2002-08-28,24.6,27.54,30.32,25.89,90.71,1.55,20.29
2002-08-29,2.67,26.9,29.38,25.53,92.17,2.3,21.91
2002-08-30,0.48,27.43,30.6,25.0,90.45,2.46,22.15
2002-08-31,0.08,27.21,30.34,25.27,90.9,1.99,23.83
2002-09-01,1.61,27.11,29.88,24.9,90.62,1.77,22.94
2002-09-02,0.98,27.52,30.84,25.1,88.4,1.15,23.2
2002-09-03,4.14,27.63,30.87,25.56,89.39,1.12,22.15
2002-09-04,10.06,27.39,30.55,24.91,89.73,1.14,18.26
2002-09-05,9.96,28.01,31.14,25.5,85.19,0.85,23.86
2002-09-06,24.9,27.67,30.33,25.33,85.6,0.89,20.66
2002-09-07,1.61,27.54,30.9,25.09,88.86,1.17,21.62
2002-09-08,4.62,27.23,29.98,25.66,92.51,1.7,18.97
2002-09-09,8.42,26.76,28.6,25.3,92.62,2.15,14.43
2002-09-10,10.72,25.9,27.16,24.64,93.97,3.71,14.54
2002-09-11,7.48,26.02,28.32,23.96,89.99,2.85,10.23
2002-09-12,0.43,27.2,31.54,23.57,84.26,1.32,18.19
2002-09-13,0.0,27.62,31.35,24.68,85.27,1.09,21.45
2002-09-14,0.01,27.14,30.58,24.38,87.78,1.41,19.27
2002-09-15,1.02,27.06,30.62,24.02,88.34,1.67,20.51
2002-09-16,3.35,27.32,30.36,24.86,87.71,1.23,16.98
2002-09-17,0.75,26.53,29.06,24.34,90.02,0.9,19.47
2002-09-18,0.0,26.11,30.19,22.43,85.5,1.76,22.72
2002-09-19,0.07,27.87,32.46,23.3,84.84,1.2,20.15
2002-09-20,2.97,28.59,32.8,25.12,81.46,0.88,21.8
2002-09-21,7.18,28.15,31.32,25.7,84.27,0.77,20.28
2002-09-22,12.2,27.29,30.12,25.37,89.2,0.91,18.17
2002-09-23,1.29,26.56,28.56,25.2,92.02,2.43,13.11
2002-09-24,13.35,26.46,28.38,25.03,93.2,2.6,18.47
2002-09-25,1.24,26.83,29.39,25.17,91.24,2.49,19.47
2002-09-26,12.96,26.58,28.44,24.71,93.09,1.69,17.18
2002-09-27,20.41,26.77,29.22,25.28,92.74,2.15,9.98
2002-09-28,10.47,26.99,29.68,25.12,89.87,2.83,13.12
2002-09-29,1.97,26.87,30.0,24.69,88.19,2.54,16.73
2002-09-30,0.29,26.76,30.26,24.04,88.64,1.6,19.99
2002-10-01,0.73,27.65,31.23,24.3,87.61,1.12,18.51
2002-10-02,0.54,27.5,30.23,25.35,89.06,1.05,19.45
2002-10-03,0.19,27.54,30.74,25.02,88.56,1.03,19.93
2002-10-04,0.05,27.47,30.9,25.06,87.65,0.99,20.22
2002-10-05,0.01,27.89,31.32,24.61,83.65,0.91,20.95
2002-10-06,0.0,27.96,31.7,24.66,83.73,1.17,21.13
2002-10-07,1.88,28.01,31.46,24.35,84.18,0.85,21.92
2002-10-08,2.96,27.52,30.57,25.27,86.98,0.94,21.63
2002-10-09,0.35,27.43,30.48,24.98,80.45,0.65,14.42
2002-10-10,0.14,26.46,30.31,23.07,84.11,1.21,20.86
2002-10-11,0.56,26.53,30.82,22.39,82.67,1.21,20.46
2002-10-12,0.19,26.05,30.08,21.97,83.02,1.3,20.99
2002-10-13,0.85,25.28,28.09,22.24,85.42,1.0,13.77
2002-10-14,12.42,23.87,25.77,22.61,93.85,2.46,4.94
2002-10-15,4.17,25.58,28.35,23.24,92.08,1.64,3.77
2002-10-16,4.11,26.66,30.58,23.54,86.99,1.12,14.12
2002-10-17,0.33,25.94,29.39,23.25,85.52,1.07,19.77
2002-10-18,0.26,25.5,29.32,22.35,84.26,0.88,15.91
2002-10-19,5.71,25.11,26.59,23.28,91.05,1.63,14.36
2002-10-20,2.39,25.89,29.8,22.42,86.28,1.35,9.99
2002-10-21,0.02,24.1,28.78,20.31,85.04,1.65,19.16
2002-10-22,0.0,24.0,28.63,19.41,83.11,1.36,20.29
2002-10-23,0.0,23.94,28.6,19.9,82.97,1.62,19.42
2002-10-24,0.0,23.62,28.14,20.07,82.35,1.61,19.44
2002-10-25,0.0,23.65,28.79,19.55,84.99,1.74,16.96
2002-10-26,0.0,23.47,29.07,19.18,85.73,2.04,18.8
2002-10-27,0.0,22.95,28.52,18.23,85.68,1.98,20.2
2002-10-28,0.0,22.49,27.37,18.16,85.16,1.57,19.38
2002-10-29,0.0,22.43,26.99,17.79,79.68,1.24,19.47
2002-10-30,0.0,22.37,26.91,18.7,74.45,1.04,19.71
2002-10-31,0.0,22.01,27.07,17.21,79.47,1.21,19.89
2002-11-01,0.0,22.13,26.62,18.54,82.17,1.34,19.1
2002-11-02,0.0,22.44,27.58,17.25,81.18,1.12,18.06
2002-11-03,0.0,23.81,28.62,18.74,80.6,0.94,12.73
2002-11-04,0.0,24.78,29.05,21.76,83.34,1.11,16.83
2002-11-05,0.0,24.45,28.2,21.23,86.74,1.38,16.74
2002-11-06,0.0,24.4,28.62,20.34,84.7,1.28,18.33
2002-11-07,0.0,23.54,27.93,19.97,83.91,1.55,12.67
2002-11-08,0.0,23.89,28.59,19.87,80.7,1.41,12.58
2002-11-09,0.0,24.07,28.72,19.72,79.02,1.14,18.3
2002-11-10,0.0,23.97,28.72,19.6,80.07,1.17,18.15
2002-11-11,15.11,22.48,24.98,20.63,88.82,1.81,6.99
2002-11-12,51.88,22.95,25.83,20.09,94.81,3.61,2.19
2002-11-13,21.39,25.15,27.64,20.05,90.04,3.43,7.07
2002-11-14,0.0,21.39,26.26,17.44,86.2,1.76,16.24
2002-11-15,0.0,20.13,25.3,15.98,84.61,1.99,18.6
2002-11-16,0.0,20.09,25.84,14.95,85.11,1.83,18.77
2002-11-17,0.0,20.38,26.04,15.24,85.05,1.48,18.94
2002-11-18,0.0,20.76,26.08,15.8,84.36,1.42,18.19
2002-11-19,0.0,20.76,25.69,15.66,78.35,1.3,18.19
2002-11-20,0.0,21.35,26.23,17.35,73.54,0.91,17.76
2002-11-21,0.0,20.01,26.07,15.24,84.23,1.99,18.37
2002-11-22,0.0,20.53,26.13,15.35,81.61,0.97,17.96
2002-11-23,0.0,21.86,26.29,18.39,72.54,0.63,17.02
2002-11-24,0.0,20.78,26.02,15.74,82.19,1.34,13.98
2002-11-25,0.0,21.86,26.9,17.03,82.93,1.28,15.99
2002-11-26,1.03,22.36,26.81,17.3,82.74,0.96,10.87
2002-11-27,0.2,21.54,26.83,17.0,85.54,1.36,15.74
2002-11-28,0.0,21.82,26.74,16.83,85.77,1.48,16.56
2002-11-29,1.21,22.03,26.43,18.97,86.55,1.73,11.61
2002-11-30,0.25,21.85,26.82,18.17,87.28,1.81,9.63
2002-12-01,0.01,21.09,26.23,16.3,82.19,1.47,16.47
2002-12-02,0.0,20.45,26.03,16.15,81.49,1.44,16.7
2002-12-03,0.0,19.73,25.49,14.74,85.81,1.76,16.87
2002-12-04,0.0,19.18,25.31,14.24,83.02,1.5,17.29
2002-12-05,0.0,18.69,24.32,13.53,81.49,1.33,17.46
2002-12-06,0.0,18.47,24.48,13.46,83.19,1.6,15.85
2002-12-07,0.0,17.87,24.18,13.02,83.48,1.83,14.02
2002-12-08,0.0,17.64,24.18,12.32,83.71,1.86,15.46
2002-12-09,0.0,17.71,24.37,12.62,83.26,1.71,17.09
2002-12-10,0.0,17.58,23.71,12.35,84.29,1.67,16.77
2002-12-11,0.0,17.82,24.3,12.04,83.65,1.59,16.6
2002-12-12,0.0,18.34,24.12,12.9,79.44,1.22,16.61
2002-12-13,0.0,19.07,24.47,14.37,74.85,0.97,16.12
2002-12-14,0.0,19.39,24.24,15.17,76.72,0.84,16.29
2002-12-15,0.0,19.24,24.61,13.74,81.33,0.92,15.73
2002-12-16,0.0,20.35,24.71,17.14,73.99,0.71,14.96
2002-12-17,0.0,19.99,24.41,15.67,72.98,0.75,15.33
2002-12-18,0.0,20.53,25.07,15.81,73.35,0.8,15.55
2002-12-19,0.0,20.28,25.46,14.78,76.33,0.88,14.56
2002-12-20,1.08,20.4,25.66,15.71,84.0,1.11,15.4
2002-12-21,0.0,21.63,26.35,16.06,76.99,0.86,14.93
2002-12-22,0.0,18.43,24.53,14.27,79.24,1.46,15.96
2002-12-23,0.0,17.2,23.2,11.67,74.69,1.46,16.02
2002-12-24,0.0,17.0,22.87,10.55,70.35,1.31,16.28
2002-12-25,0.0,17.63,22.83,12.1,69.21,1.14,14.21
2002-12-26,0.0,17.02,23.08,12.29,78.67,1.54,16.08
2002-12-27,0.0,16.89,22.76,11.8,76.78,1.48,16.52
2002-12-28,0.0,15.79,21.84,11.33,78.01,1.61,15.32
2002-12-29,0.0,14.96,21.44,10.29,79.38,1.72,15.79
2002-12-30,0.0,14.16,20.63,9.36,78.57,1.84,16.29
2002-12-31,0.75,14.38,21.68,8.54,77.61,1.48,17.2
2003-01-01,0.0,15.1,22.19,8.66,81.45,1.7,15.79
2003-01-02,0.0,15.8,23.33,9.44,81.98,1.95,16.86
2003-01-03,0.0,17.79,25.28,10.35,75.27,1.13,17.14
2003-01-04,0.0,18.24,24.65,13.37,72.33,1.08,16.41
2003-01-05,0.0,15.81,22.1,11.23,75.22,1.58,15.29
2003-01-06,0.0,15.25,22.76,9.14,78.96,1.8,16.31
2003-01-07,0.0,15.49,22.82,9.09,81.43,1.55,16.08
2003-01-08,0.0,14.67,21.36,9.21,79.88,1.49,11.49
2003-01-09,0.0,14.27,21.52,8.29,79.16,2.09,10.21
2003-01-10,0.0,14.21,21.97,7.69,77.6,1.62,10.69
2003-01-11,0.0,14.24,21.36,8.24,77.84,1.89,10.2
2003-01-12,0.0,15.19,22.65,9.09,77.94,1.91,13.01
2003-01-13,0.0,14.99,22.5,9.16,78.41,1.88,10.99
2003-01-14,0.0,14.43,21.56,10.03,75.79,2.03,5.96
2003-01-15,0.0,14.62,23.37,7.83,73.73,2.11,12.28
2003-01-16,0.0,15.19,23.18,7.95,74.31,1.67,15.44
2003-01-17,0.0,16.3,23.94,9.73,70.14,1.47,18.17
2003-01-18,0.0,16.79,24.55,10.63,70.19,1.65,18.66
2003-01-19,0.0,16.77,24.86,10.42,68.7,1.56,18.83
2003-01-20,0.0,15.45,23.63,9.06,71.46,1.84,19.06
2003-01-21,0.0,14.22,22.71,7.8,64.42,1.91,18.3
2003-01-22,0.0,13.84,21.21,7.36,58.83,1.63,17.62
2003-01-23,0.0,14.58,21.62,8.7,56.08,1.41,18.23
2003-01-24,0.0,16.12,23.15,8.36,60.78,1.1,17.22
2003-01-25,0.0,15.77,23.63,9.55,67.13,1.39,18.26
2003-01-26,0.0,15.71,23.13,10.04,67.8,1.61,17.13
2003-01-27,0.0,16.41,23.88,10.26,67.98,1.51,17.55
2003-01-28,0.0,17.33,24.66,10.34,68.01,1.38,17.68
2003-01-29,0.18,17.33,24.86,10.97,70.47,1.55,17.49
2003-01-30,11.93,17.2,22.84,12.96,80.68,1.17,14.12
2003-01-31,0.0,18.78,25.47,13.35,77.78,1.2,15.12
2003-02-01,0.01,19.0,26.44,12.99,73.51,1.61,17.98
2003-02-02,0.0,19.89,27.67,13.59,74.64,2.28,18.38
2003-02-03,0.0,20.33,27.96,14.42,75.86,2.05,18.85
2003-02-04,0.06,20.78,26.98,14.69,73.53,1.88,11.17
2003-02-05,0.12,20.42,26.78,15.82,72.36,2.25,9.92
2003-02-06,0.03,20.04,26.09,14.92,73.26,1.63,19.8
2003-02-07,0.0,19.59,26.35,14.45,69.27,1.43,19.31
2003-02-08,0.0,19.51,26.58,13.39,66.53,1.26,19.2
2003-02-09,0.01,20.34,27.14,14.13,64.86,0.92,18.74
2003-02-10,0.0,21.31,28.58,16.11,66.29,1.07,19.87
2003-02-11,0.01,21.11,28.15,15.04,68.66,1.57,19.88
2003-02-12,1.9,20.71,27.95,15.18,70.25,1.52,18.7
2003-02-13,0.35,20.99,27.48,14.95,68.54,1.08,15.44
2003-02-14,0.67,21.58,27.53,15.76,68.3,1.09,14.99
2003-02-15,0.01,19.03,26.76,13.41,59.97,1.64,19.9
2003-02-16,0.0,18.77,27.57,11.55,56.49,2.06,21.54
2003-02-17,0.0,20.01,28.36,12.62,56.47,1.61,20.42
2003-02-18,0.0,21.56,29.7,13.75,54.9,1.49,20.63
2003-02-19,4.19,21.98,29.98,15.4,59.9,1.42,21.12
2003-02-20,0.04,22.76,30.6,15.71,62.32,1.76,20.75
2003-02-21,0.0,22.21,28.75,16.85,66.29,1.7,20.02
2003-02-22,0.0,20.16,27.43,13.17,53.97,1.81,21.63
2003-02-23,0.0,20.36,28.12,12.97,54.85,1.68,22.72
2003-02-24,0.0,20.93,28.84,13.86,52.93,1.83,22.18
2003-02-25,0.0,22.28,29.99,14.38,50.43,1.55,22.24
2003-02-26,0.0,23.86,30.48,16.73,53.18,0.75,20.73
2003-02-27,0.82,24.89,31.64,17.67,55.32,0.83,21.55
2003-02-28,0.67,24.64,31.31,17.2,52.27,0.73,21.58
2003-03-01,0.0,25.02,32.51,18.02,54.49,1.15,22.19
2003-03-02,0.05,25.78,33.4,20.21,63.07,1.3,21.28
2003-03-03,0.0,26.17,34.71,19.32,68.04,1.98,22.74
2003-03-04,0.0,26.57,34.63,19.72,70.99,1.87,20.81
2003-03-05,0.0,21.97,29.43,15.79,45.73,2.4,21.31
2003-03-06,0.0,20.26,29.85,12.78,37.15,2.08,24.13
2003-03-07,0.0,20.23,29.53,11.75,38.71,2.12,24.27
2003-03-08,0.0,21.09,30.25,13.65,39.68,1.69,24.52
2003-03-09,0.0,21.38,30.99,12.76,43.52,1.84,24.15
2003-03-10,0.0,23.09,31.69,14.05,39.22,1.53,24.1
2003-03-11,0.07,24.24,31.23,18.32,54.23,1.16,18.26
2003-03-12,9.02,24.79,31.47,19.25,70.05,1.33,19.81
2003-03-13,10.09,21.31,24.8,19.08,74.58,1.5,15.39
2003-03-14,9.64,22.92,28.27,18.13,73.04,1.13,16.77
2003-03-15,3.08,24.18,29.74,19.09,78.89,1.61,17.14
2003-03-16,5.04,25.11,29.88,20.7,78.93,1.44,19.69
2003-03-17,23.22,23.57,27.16,20.89,85.76,1.84,6.32
2003-03-18,0.37,23.81,27.88,19.74,77.34,0.9,10.83
2003-03-19,0.02,25.52,31.55,18.17,58.08,1.05,23.85
2003-03-20,2.52,25.7,31.4,20.67,55.49,1.1,24.16
2003-03-21,0.32,25.78,32.15,19.16,56.35,1.0,24.61
2003-03-22,1.39,26.46,32.69,19.6,58.35,0.66,24.15
2003-03-23,0.0,26.48,32.77,18.73,50.22,1.07,24.26
2003-03-24,0.0,27.03,33.76,19.49,48.2,1.13,23.87
2003-03-25,0.05,27.23,33.09,21.02,58.02,1.08,23.17
2003-03-26,0.8,26.9,33.37,21.08,70.25,1.23,23.01
2003-03-27,4.66,26.69,30.57,23.1,71.71,1.02,22.42
2003-03-28,0.0,26.8,31.97,22.34,59.44,0.92,22.03
2003-03-29,0.0,27.38,33.57,21.79,57.54,1.15,23.64
2003-03-30,5.5,26.55,32.46,21.64,71.86,1.95,20.09
2003-03-31,22.94,25.82,29.68,22.83,82.78,3.29,11.62
2003-04-01,24.54,26.56,31.01,23.4,83.25,2.99,18.5
2003-04-02,19.74,26.58,30.67,23.82,84.6,3.31,23.39
2003-04-03,0.0,26.85,31.58,23.05,82.73,2.99,21.7
2003-04-04,7.56,26.62,30.78,23.38,83.95,1.6,20.79
2003-04-05,0.02,27.16,32.63,21.65,74.79,1.0,22.46
2003-04-06,0.0,28.24,33.36,22.86,66.74,1.2,24.53
2003-04-07,0.0,29.2,34.91,24.55,62.06,1.05,25.97
2003-04-08,0.0,29.13,35.92,22.75,59.42,1.59,24.77
2003-04-09,0.0,28.87,36.41,22.44,60.42,1.6,23.13
2003-04-10,0.0,29.16,36.1,23.17,68.34,1.52,20.17
2003-04-11,0.0,29.0,35.44,23.59,69.37,2.26,22.92
2003-04-12,0.05,28.49,33.84,24.02,75.06,3.46,20.85
2003-04-13,0.05,29.01,33.57,25.98,76.6,4.12,20.54
2003-04-14,0.09,28.86,34.47,25.2,73.12,2.65,21.7
2003-04-15,0.06,28.98,35.3,24.45,69.27,1.85,20.34
2003-04-16,0.0,29.21,35.53,24.02,69.86,1.82,23.87
2003-04-17,0.3,28.84,34.27,24.24,74.87,3.66,22.3
2003-04-18,0.34,29.53,34.64,25.96,73.06,3.53,23.0
2003-04-19,0.12,29.72,35.23,25.24,72.27,2.7,24.14
2003-04-20,3.12,28.73,34.5,25.27,76.5,3.17,22.19
2003-04-21,9.7,28.04,32.82,25.45,77.97,2.65,24.61
2003-04-22,6.94,29.15,35.2,24.59,74.01,2.32,26.94
2003-04-23,1.29,28.99,34.65,24.73,74.3,1.86,26.23
2003-04-24,0.0,29.53,34.98,24.8,69.01,1.46,24.47
2003-04-25,0.0,29.85,36.19,24.46,67.5,1.22,25.0
2003-04-26,0.03,30.32,37.38,24.26,67.45,1.86,24.84
2003-04-27,0.31,30.35,36.3,25.25,69.72,2.17,25.04
2003-04-28,0.83,30.17,35.05,26.03,69.52,1.03,13.84
2003-04-29,5.3,30.87,35.36,26.8,66.44,0.81,24.89
2003-04-30,4.36,29.62,33.15,26.41,68.75,1.24,13.1
2003-05-01,1.49,28.51,33.58,24.03,62.44,1.58,18.7
2003-05-02,7.44,28.26,33.42,24.02,72.3,2.69,15.6
2003-05-03,21.67,28.95,33.09,25.71,79.67,3.76,15.05
2003-05-04,11.35,29.22,33.0,26.48,78.88,4.71,16.51
2003-05-05,0.24,30.02,34.2,27.08,73.53,4.09,18.97
2003-05-06,1.06,29.74,35.03,25.89,74.49,3.26,23.35
2003-05-07,1.19,29.7,34.91,26.16,73.06,2.81,24.06
2003-05-08,3.97,30.03,35.58,25.26,69.42,1.73,24.5
2003-05-09,0.34,30.82,37.25,25.11,60.6,1.06,25.41
2003-05-10,0.23,29.27,35.2,25.61,63.58,1.9,22.27
2003-05-11,0.0,30.49,37.79,23.83,52.49,1.39,25.69
2003-05-12,0.1,31.11,38.32,23.78,51.89,1.11,26.14
2003-05-13,0.01,31.66,38.0,25.36,55.67,1.4,23.58
2003-05-14,0.08,29.25,32.32,27.09,76.6,2.19,13.61
2003-05-15,0.08,28.7,32.29,26.97,82.94,2.49,3.16
2003-05-16,0.17,30.81,36.9,26.41,70.61,2.06,15.9
2003-05-17,0.02,30.6,36.08,26.6,71.06,2.56,23.96
2003-05-18,0.07,31.9,38.84,26.64,63.1,1.81,25.95
2003-05-19,0.06,31.57,37.21,26.18,61.24,1.7,19.79
2003-05-20,2.24,31.64,37.0,27.14,62.44,2.53,23.09
2003-05-21,14.42,29.22,32.12,26.74,78.22,3.17,13.06
2003-05-22,1.51,29.91,35.44,25.2,71.1,2.97,21.93
2003-05-23,1.37,29.87,34.17,27.09,71.8,2.83,15.66
2003-05-24,7.53,29.88,34.53,26.29,71.84,2.29,21.88
2003-05-25,8.64,29.62,34.12,26.18,75.47,2.56,24.14
2003-05-26,5.86,30.2,35.52,26.33,75.83,3.05,22.11
2003-05-27,1.12,31.09,36.29,27.04,74.51,4.35,17.84
2003-05-28,2.11,31.35,37.05,27.28,70.85,3.12,18.25
2003-05-29,0.34,30.53,35.49,26.83,73.94,2.61,22.03
2003-05-30,0.03,31.74,38.51,26.23,66.77,1.98,23.81
2003-05-31,0.01,32.34,39.14,26.7,64.19,1.53,24.54
2003-06-01,0.0,32.34,38.57,27.22,62.55,1.6,24.35
2003-06-02,0.0,31.51,37.63,26.31,66.53,1.9,22.95
2003-06-03,5.06,30.42,34.13,28.02,77.14,1.47,17.36
2003-06-04,18.03,29.07,31.44,27.09,83.43,1.59,5.85
2003-06-05,2.74,29.11,31.63,26.75,83.04,3.65,5.54
2003-06-06,0.78,29.75,33.4,27.17,75.85,4.64,16.21
2003-06-07,29.69,28.9,32.28,27.25,82.86,4.83,11.83
2003-06-08,57.67,28.32,30.43,26.63,86.67,4.43,15.73
2003-06-09,25.06,29.05,33.12,26.86,83.18,4.0,14.48
2003-06-10,70.42,28.22,30.24,27.0,92.14,4.3,1.98
2003-06-11,33.36,28.33,30.86,26.93,92.27,4.05,7.08
2003-06-12,4.57,27.95,29.66,26.53,89.75,4.45,13.4
2003-06-13,1.55,28.22,30.9,26.76,89.52,4.65,8.23
2003-06-14,0.02,28.28,30.41,26.79,88.92,3.92,22.44
2003-06-15,0.52,27.78,29.63,26.23,91.09,3.3,16.31
2003-06-16,0.79,27.15,28.97,25.28,90.07,4.02,8.93
2003-06-17,17.52,26.52,27.86,24.68,91.96,3.64,11.47
2003-06-18,56.73,27.26,29.43,25.44,90.22,3.03,17.67
2003-06-19,4.95,27.07,28.62,25.41,92.4,3.25,22.91
2003-06-20,24.97,27.94,29.98,26.2,89.22,5.27,5.44
2003-06-21,32.09,27.54,28.61,26.73,94.0,6.11,3.0
2003-06-22,54.79,27.69,29.11,26.67,93.92,5.07,2.05
2003-06-23,43.16,27.9,29.93,26.47,91.97,3.6,14.9
2003-06-24,0.92,27.89,30.66,25.98,89.2,3.85,24.56
2003-06-25,2.82,27.67,29.36,26.42,92.74,4.1,14.08
2003-06-26,6.68,27.45,28.23,26.77,92.56,5.51,2.53
2003-06-27,4.35,28.04,29.92,26.9,92.0,5.3,10.4
2003-06-28,10.74,27.7,29.4,26.63,93.56,4.84,7.28
2003-06-29,16.09,27.69,29.38,26.82,93.59,4.39,2.34
2003-06-30,9.21,27.4,28.85,26.41,93.51,4.23,11.34
2003-07-01,5.15,28.17,30.97,26.32,88.04,4.39,16.44
2003-07-02,0.57,27.85,30.7,26.22,89.63,3.4,20.25
2003-07-03,0.74,27.36,29.34,25.84,90.28,2.5,21.95
2003-07-04,1.11,28.08,30.91,25.85,88.22,2.4,24.7
2003-07-05,1.78,28.19,32.05,25.77,87.68,2.09,24.83
2003-07-06,2.24,28.27,31.39,26.28,90.07,2.49,21.93
2003-07-07,2.72,28.3,31.28,25.95,88.22,2.6,20.41
2003-07-08,2.26,27.86,30.19,26.28,90.73,2.54,21.79
2003-07-09,4.78,28.52,31.78,26.39,87.83,2.83,23.87
2003-07-10,12.48,27.39,28.33,26.56,94.32,3.16,21.71
2003-07-11,13.89,27.63,29.43,26.48,92.62,3.69,13.21
2003-07-12,9.19,28.14,30.72,26.58,90.93,3.73,16.52
2003-07-13,14.97,28.41,31.06,26.53,90.08,3.06,20.85
2003-07-14,14.2,28.08,30.96,26.52,90.16,2.58,22.4
2003-07-15,0.48,28.13,32.0,25.98,88.78,3.13,25.92
2003-07-16,1.48,27.94,31.53,25.63,88.63,2.92,24.4
2003-07-17,1.84,28.52,32.01,25.82,88.09,2.23,26.91
2003-07-18,1.74,28.23,31.56,25.86,87.78,2.01,23.32
2003-07-19,3.74,28.13,31.16,25.85,87.6,2.5,23.27
2003-07-20,8.19,28.44,31.63,26.1,88.33,3.01,18.07
2003-07-21,11.73,27.65,29.14,26.48,92.81,2.04,16.26
2003-07-22,10.55,27.88,30.18,26.15,91.32,2.23,14.15
2003-07-23,2.04,29.5,33.56,25.87,84.69,1.28,25.78
2003-07-24,8.52,28.69,30.8,26.99,92.48,1.58,21.39
2003-07-25,7.32,28.74,30.4,27.64,93.92,3.44,20.91
2003-07-26,2.71,28.08,30.06,26.81,91.43,3.9,21.68
2003-07-27,9.57,28.3,30.32,27.07,89.89,4.05,23.89
2003-07-28,11.99,27.78,29.84,26.5,91.85,2.72,18.47
2003-07-29,20.46,27.57,29.03,26.52,93.64,3.22,10.31
2003-07-30,31.45,27.69,30.0,26.53,92.83,2.74,11.24
2003-07-31,6.04,28.2,31.28,26.4,90.36,3.65,17.86
2003-08-01,2.97,27.44,29.44,26.08,91.61,2.98,16.35
2003-08-02,0.99,27.78,31.36,25.79,88.68,2.49,16.47
2003-08-03,0.2,28.03,31.43,25.15,87.87,1.77,25.27
2003-08-04,2.01,28.97,33.11,25.95,84.85,1.11,23.26
2003-08-05,1.57,28.35,31.7,25.88,87.37,1.22,25.65
2003-08-06,0.16,28.59,32.38,25.69,87.66,1.47,23.33
2003-08-07,1.32,28.73,32.27,26.62,89.66,2.01,23.47
2003-08-08,5.53,28.27,31.04,26.33,90.08,2.99,20.76
2003-08-09,9.22,28.2,30.92,26.63,90.73,3.05,13.41
2003-08-10,21.1,28.02,30.31,26.46,90.88,3.25,8.68
2003-08-11,75.42,28.04,30.03,26.93,93.74,2.96,6.09
2003-08-12,15.39,28.19,30.47,26.49,91.11,3.54,15.5
2003-08-13,8.72,28.08,31.25,26.08,90.89,3.35,21.34
2003-08-14,2.9,28.03,30.66,26.39,90.29,3.29,18.78
2003-08-15,6.66,27.92,30.6,26.16,89.75,3.58,15.77
2003-08-16,1.75,27.97,31.58,26.09,91.2,2.68,21.87
2003-08-17,0.39,28.41,31.51,26.14,90.09,2.08,20.85
2003-08-18,1.13,28.36,31.75,26.16,88.8,2.11,16.16
2003-08-19,2.77,28.03,31.13,25.95,89.74,2.13,14.36
2003-08-20,2.76,28.87,32.54,26.38,86.02,0.78,19.83
2003-08-21,1.41,29.22,32.72,26.27,86.89,1.32,16.6
2003-08-22,2.69,28.43,30.55,26.92,89.59,3.57,18.44
2003-08-23,2.16,27.89,30.51,25.54,89.0,3.53,20.56
2003-08-24,4.64,27.55,29.41,26.18,91.64,1.17,19.03
2003-08-25,9.21,28.82,32.41,25.85,84.57,0.85,22.19
2003-08-26,9.3,28.56,32.22,25.89,88.62,2.28,22.95
2003-08-27,0.94,28.43,31.22,26.42,88.14,4.15,20.77
2003-08-28,1.13,27.86,30.58,26.08,88.78,4.21,13.27
2003-08-29,4.19,27.63,30.7,25.59,88.24,4.24,17.83
2003-08-30,8.5,28.07,30.99,25.8,88.31,3.5,16.76
2003-08-31,6.47,28.35,31.49,26.14,88.34,3.61,14.79
2003-09-01,1.19,28.15,30.85,26.41,87.86,4.02,15.98
2003-09-02,14.31,28.05,30.59,26.42,89.26,4.28,9.99
2003-09-03,15.98,27.89,30.91,25.49,88.52,2.51,15.8
2003-09-04,0.84,27.55,30.48,25.77,89.43,2.24,22.78
2003-09-05,0.69,28.21,31.47,25.92,88.31,2.96,22.17
2003-09-06,1.92,27.58,30.79,25.34,89.5,3.67,20.76
2003-09-07,7.99,27.59,30.47,25.96,90.37,3.41,12.76
2003-09-08,9.22,27.58,30.79,25.94,91.79,3.1,10.0
2003-09-09,2.36,27.68,30.15,25.67,90.27,1.44,20.84
2003-09-10,2.01,27.65,30.8,25.68,90.75,1.41,18.45
2003-09-11,5.23,28.25,31.15,26.01,87.22,0.81,12.92
2003-09-12,8.38,27.79,30.21,26.38,92.17,1.92,19.31
2003-09-13,2.33,28.43,32.19,25.79,89.3,1.54,22.12
2003-09-14,1.12,27.51,29.5,26.07,91.91,2.01,17.71
2003-09-15,7.01,26.97,29.26,25.63,91.8,1.75,19.87
2003-09-16,11.91,27.5,30.23,25.39,90.45,1.61,20.33
2003-09-17,1.69,27.13,29.44,25.46,91.2,1.42,17.67
2003-09-18,0.05,27.34,30.07,25.22,90.41,1.77,18.27
2003-09-19,1.36,27.53,30.37,25.63,89.7,1.49,16.54
2003-09-20,6.32,27.53,30.15,25.66,90.54,1.05,15.85
2003-09-21,0.54,27.93,30.89,25.91,88.12,0.84,17.54
2003-09-22,9.38,27.89,30.19,25.62,87.07,0.89,16.04
2003-09-23,10.18,27.84,30.81,25.13,87.24,0.89,10.1
2003-09-24,5.97,26.99,29.03,25.64,92.56,0.97,14.5
2003-09-25,3.23,27.2,29.94,25.44,88.85,0.83,19.73
2003-09-26,14.05,26.78,28.58,25.24,90.16,0.77,19.74
2003-09-27,14.32,26.88,29.61,25.0,90.09,1.19,16.64
2003-09-28,1.41,26.97,29.08,25.11,89.94,0.94,16.21
2003-09-29,0.41,27.87,31.37,24.59,86.41,0.74,19.61
2003-09-30,0.06,28.11,31.04,25.4,84.66,0.72,21.94
2003-10-01,0.59,28.29,31.57,25.76,83.19,0.72,17.91
2003-10-02,10.29,28.2,30.49,25.65,84.66,0.77,16.89
2003-10-03,6.63,27.49,30.22,25.13,84.55,0.8,19.39
2003-10-04,1.22,27.12,30.79,24.06,86.5,1.52,19.81
2003-10-05,0.48,26.73,29.9,24.31,87.1,1.5,19.85
2003-10-06,3.05,26.83,30.16,23.69,84.83,1.11,12.18
2003-10-07,9.0,26.3,29.65,24.02,88.91,1.74,6.9
2003-10-08,56.5,26.14,28.29,24.15,94.64,2.35,2.62
2003-10-09,17.53,26.83,28.1,25.78,93.95,2.94,9.34
2003-10-10,4.44,27.47,28.94,26.36,93.54,3.21,3.71
2003-10-11,1.8,27.24,30.25,24.88,86.89,1.55,16.0
2003-10-12,0.0,26.34,30.29,22.85,81.44,1.29,18.42
2003-10-13,0.0,25.19,29.35,21.95,80.69,1.65,20.16
2003-10-14,0.1,26.12,29.58,22.6,84.08,1.39,19.25
2003-10-15,15.57,26.96,30.68,23.75,85.08,0.92,14.83
2003-10-16,1.97,27.19,30.75,23.87,86.12,1.3,21.02
2003-10-17,0.06,27.33,30.74,23.81,85.29,1.07,19.24
2003-10-18,0.17,26.52,29.25,24.53,88.28,1.16,15.94
2003-10-19,0.04,26.1,29.42,23.48,89.12,1.65,19.82
2003-10-20,4.14,26.47,29.71,23.4,87.9,1.23,20.01
2003-10-21,4.18,26.81,30.45,23.45,86.35,1.14,17.51
2003-10-22,13.63,26.61,29.97,24.22,86.43,0.7,18.81
2003-10-23,8.79,26.36,30.57,22.95,85.94,1.42,19.04
2003-10-24,1.56,25.92,29.89,22.56,84.24,1.28,16.28
2003-10-25,2.04,26.36,29.43,23.13,83.89,0.59,14.75
2003-10-26,1.2,26.5,29.93,23.52,83.13,0.58,17.91
2003-10-27,3.63,26.46,29.91,23.06,84.62,0.84,17.71
2003-10-28,2.21,25.97,28.75,23.66,87.55,1.07,14.95
2003-10-29,0.0,25.63,29.78,22.39,88.02,2.01,18.41
2003-10-30,0.0,25.16,29.85,21.77,86.58,2.1,19.45
2003-10-31,0.0,24.43,29.63,20.07,86.89,1.73,17.15
2003-11-01,0.0,24.27,28.97,20.42,85.64,1.44,18.75
2003-11-02,0.0,23.47,28.59,19.13,84.21,1.72,19.68
2003-11-03,0.0,23.13,28.32,18.57,86.72,1.84,19.15
2003-11-04,0.0,22.94,28.17,18.7,87.48,1.93,19.55
2003-11-05,0.0,22.4,27.66,17.98,86.63,1.73,19.43
2003-11-06,0.0,22.93,27.52,18.65,81.55,1.24,17.87
2003-11-07,0.0,23.09,27.97,19.02,78.65,0.93,18.02
2003-11-08,0.0,22.86,27.64,18.69,75.82,1.18,17.85
2003-11-09,0.0,21.08,26.48,17.22,80.15,1.48,18.66
2003-11-10,0.0,20.58,26.69,15.6,81.95,1.68,18.73
2003-11-11,0.0,21.06,27.06,15.65,82.61,1.56,18.99
2003-11-12,0.01,21.8,27.53,16.49,84.96,1.42,19.02
2003-11-13,0.0,21.48,27.0,16.8,86.07,1.81,19.06
2003-11-14,0.0,21.08,27.02,16.4,84.51,1.99,19.06
2003-11-15,0.0,20.62,26.9,15.04,82.44,1.57,19.21
2003-11-16,0.0,20.5,26.27,15.22,78.67,1.42,19.15
2003-11-17,1.07,20.37,26.11,14.94,83.86,1.52,18.73
2003-11-18,0.0,20.47,26.24,15.35,83.88,1.72,18.83
2003-11-19,0.0,20.1,25.96,15.21,86.77,1.78,18.46
2003-11-20,0.0,20.36,26.16,15.15,82.47,1.63,17.89
2003-11-21,0.0,19.61,25.69,15.14,81.36,1.68,17.97
2003-11-22,0.0,18.9,25.07,13.63,79.32,1.41,18.05
2003-11-23,0.0,19.79,25.43,14.44,76.46,0.89,17.94
2003-11-24,0.0,20.15,25.7,15.48,81.87,1.25,17.87
2003-11-25,0.0,20.12,25.77,15.2,83.85,1.49,18.0
2003-11-26,0.0,20.29,26.26,15.03,83.04,1.35,17.43
2003-11-27,0.0,19.6,25.47,14.58,83.29,1.59,17.81
2003-11-28,0.0,18.77,24.77,13.73,82.99,1.59,17.54
2003-11-29,0.0,18.59,24.65,13.49,83.63,1.75,17.16
2003-11-30,0.0,18.54,24.43,13.76,79.53,1.5,17.48
2003-12-01,0.0,18.0,24.17,12.67,81.54,1.5,17.74
2003-12-02,0.0,18.11,24.29,12.6,80.79,1.55,17.76
2003-12-03,0.0,18.31,24.11,12.52,75.86,1.06,17.58
2003-12-04,0.0,18.47,24.07,13.3,75.81,1.17,17.24
2003-12-05,0.0,17.69,23.95,12.3,80.37,1.53,17.04
2003-12-06,0.0,17.54,23.54,12.3,81.01,1.46,16.66
2003-12-07,0.0,17.78,23.85,13.36,76.21,1.4,16.63
2003-12-08,0.0,18.46,24.63,12.46,77.23,1.1,16.46
2003-12-09,0.0,19.99,25.39,15.57,77.62,0.76,16.0
2003-12-10,0.0,19.87,25.65,15.1,77.93,1.12,16.32
2003-12-11,0.0,18.97,25.4,13.79,82.26,1.69,16.64
2003-12-12,0.0,19.14,25.5,13.54,78.48,1.57,14.96
2003-12-13,0.0,19.57,25.74,13.72,77.75,1.22,15.88
2003-12-14,0.0,19.64,25.85,14.1,74.27,1.02,17.23
2003-12-15,0.0,19.41,25.25,15.07,76.14,1.08,17.03
2003-12-16,0.1,18.75,24.42,13.42,81.28,1.17,10.89
2003-12-17,2.24,18.77,22.57,15.96,86.69,1.66,4.85
2003-12-18,6.42,20.22,25.08,16.65,89.43,1.54,6.42
2003-12-19,21.12,21.79,26.81,17.88,88.49,1.0,9.47
2003-12-20,2.25,21.52,25.85,17.55,89.01,1.41,12.66
2003-12-21,0.0,19.39,24.88,14.9,84.47,1.43,14.04
2003-12-22,0.0,18.65,24.59,13.63,84.18,1.45,16.03
2003-12-23,0.0,18.47,23.93,13.87,83.78,1.41,16.18
2003-12-24,0.0,17.96,23.7,12.77,80.89,1.69,16.58
2003-12-25,0.0,16.29,22.99,10.83,76.04,1.79,16.84
2003-12-26,0.0,16.05,23.15,10.28,78.93,1.91,16.94
2003-12-27,0.01,16.64,23.46,10.75,80.45,1.68,13.37
2003-12-28,3.16,16.14,19.15,13.84,86.94,2.01,10.19
2003-12-29,2.18,15.53,21.18,10.94,85.11,1.7,15.71
2003-12-30,0.0,15.63,22.8,9.77,81.02,1.71,15.5
2003-12-31,0.0,15.37,21.98,9.48,81.92,1.64,15.33
2004-01-01,0.0,15.43,22.16,10.11,83.17,1.48,13.19
2004-01-02,0.0,15.08,22.07,9.29,82.6,1.72,9.25
2004-01-03,0.07,14.37,21.65,8.71,81.12,1.91,14.58
2004-01-04,0.0,13.6,21.03,7.67,79.36,2.16,12.59
2004-01-05,0.0,13.79,21.34,7.49,79.69,2.0,14.34
2004-01-06,0.0,15.27,23.42,8.35,82.12,1.33,16.82
2004-01-07,0.0,16.45,23.68,10.28,83.09,1.28,16.26
2004-01-08,0.0,16.82,23.55,12.15,82.42,1.48,15.84
2004-01-09,0.0,15.22,22.03,9.58,74.72,1.86,16.3
2004-01-10,0.0,15.61,23.5,9.0,76.92,1.89,13.3
2004-01-11,0.0,17.08,24.3,10.04,73.46,1.39,17.67
2004-01-12,0.0,18.26,23.89,13.69,66.95,0.97,17.2
2004-01-13,0.0,18.08,23.21,13.74,71.02,1.04,16.53
2004-01-14,0.0,18.05,23.59,13.11,77.68,1.06,15.35
2004-01-15,0.01,19.89,25.22,14.02,76.26,0.84,15.96
2004-01-16,0.25,19.04,24.79,13.02,73.17,0.92,13.54
2004-01-17,0.0,19.49,24.57,13.5,73.77,0.83,12.51
2004-01-18,0.0,19.44,24.48,14.46,74.73,0.95,14.65
2004-01-19,0.09,19.13,24.78,14.39,85.75,1.44,14.35
2004-01-20,0.63,20.22,24.96,15.69,81.37,0.94,13.88
2004-01-21,0.0,19.5,24.78,14.18,76.23,1.16,16.44
2004-01-22,0.0,19.02,25.22,12.41,72.85,1.33,16.77
2004-01-23,0.0,19.46,25.67,14.84,75.34,1.32,12.59
2004-01-24,0.04,19.35,24.84,14.29,74.1,1.46,16.36
2004-01-25,0.0,18.06,23.87,13.38,78.61,1.8,14.96
2004-01-26,0.0,15.97,21.84,11.76,71.25,2.22,6.19
2004-01-27,0.0,15.58,23.67,8.94,66.51,1.99,18.31
2004-01-28,0.0,15.1,22.79,9.52,65.19,2.06,19.36
2004-01-29,0.0,15.06,22.99,7.95,64.03,1.82,19.43
2004-01-30,0.0,15.92,23.46,9.35,65.13,1.77,19.59
2004-01-31,0.0,17.22,25.66,10.07,65.6,1.69,19.51
2004-02-01,0.0,17.89,24.22,12.6,70.33,2.0,15.19
2004-02-02,0.0,19.76,26.44,14.73,75.79,2.18,17.81
2004-02-03,0.0,17.1,23.68,12.02,66.03,2.55,16.4
2004-02-04,0.0,15.2,22.51,8.83,61.92,1.93,19.61
2004-02-05,0.0,15.74,23.16,9.33,59.23,1.73,19.79
2004-02-06,0.0,17.01,24.39,9.61,59.99,1.48,9.5
2004-02-07,0.0,18.08,24.79,13.06,63.22,1.88,18.28
2004-02-08,0.0,17.32,25.39,11.03,60.73,1.94,19.09
2004-02-09,0.0,18.18,26.25,10.95,59.26,1.2,19.83
2004-02-10,0.0,19.95,27.14,13.43,55.45,1.04,20.17
2004-02-11,0.0,20.79,28.03,14.74,52.87,1.05,20.66
2004-02-12,0.0,19.82,28.71,12.65,57.71,1.89,21.16
2004-02-13,0.0,20.29,29.85,12.71,54.44,1.68,20.83
2004-02-14,0.0,20.87,28.61,13.02,46.07,1.2,20.82
2004-02-15,0.0,21.99,28.46,14.44,45.24,0.95,20.39
2004-02-16,0.0,21.18,28.96,15.29,61.1,1.07,20.03
2004-02-17,0.0,20.77,29.76,14.31,56.2,1.82,20.45
2004-02-18,0.0,21.81,29.87,13.83,50.38,1.42,21.09
2004-02-19,0.0,21.64,29.62,15.23,55.97,1.33,20.55
2004-02-20,0.75,22.11,29.07,16.73,77.45,2.17,18.88
2004-02-21,0.94,22.96,29.62,17.59,71.97,1.1,19.88
2004-02-22,0.0,22.75,29.39,16.54,57.38,1.21,20.36
2004-02-23,0.0,23.45,30.46,17.21,45.42,1.05,19.52
2004-02-24,0.0,23.75,30.75,17.34,43.86,1.04,21.48
2004-02-25,0.0,23.12,30.81,16.03,58.94,1.07,22.02
2004-02-26,0.0,23.34,30.48,17.25,71.04,1.31,20.19
2004-02-27,0.0,24.04,31.45,17.61,67.36,1.1,20.92
2004-02-28,0.0,23.84,31.46,17.72,70.78,1.93,20.97
2004-02-29,0.0,24.79,32.41,18.78,74.52,2.22,20.69
2004-03-01,0.0,24.86,32.57,19.14,72.54,1.91,20.4
2004-03-02,0.0,24.72,32.75,18.37,58.26,1.38,22.66
2004-03-03,0.0,24.6,32.42,17.37,49.39,1.41,23.7
2004-03-04,0.0,24.02,32.13,15.74,34.49,1.23,23.9
2004-03-05,0.0,23.15,31.7,14.88,40.84,1.44,23.33
2004-03-06,0.0,24.54,33.64,16.69,62.43,1.49,23.18
2004-03-07,1.52,23.42,29.87,19.42,69.09,1.78,11.25
2004-03-08,0.54,24.43,32.98,17.71,52.26,2.11,17.33
2004-03-09,0.0,25.29,33.25,17.55,46.17,1.48,12.86
2004-03-10,3.03,22.6,27.94,18.25,61.47,2.61,6.71
2004-03-11,0.0,22.94,30.98,15.38,57.19,2.04,23.45
2004-03-12,0.0,24.72,33.2,17.03,49.56,1.98,23.64
2004-03-13,0.0,26.23,34.07,18.91,45.37,1.23,23.39
2004-03-14,0.24,26.67,34.88,18.73,44.06,1.18,23.64
2004-03-15,0.0,27.45,35.98,19.4,44.11,1.33,23.25
2004-03-16,0.0,27.53,35.63,21.25,64.17,1.5,22.81
2004-03-17,0.0,27.05,34.86,21.13,70.98,2.5,21.22
2004-03-18,0.0,26.84,34.07,22.12,73.62,2.58,21.33
2004-03-19,0.0,26.68,32.57,22.27,74.09,2.74,21.33
2004-03-20,0.22,27.36,33.32,23.31,75.55,3.94,18.56
2004-03-21,0.0,27.31,32.73,23.92,73.34,4.08,18.98
2004-03-22,0.0,27.57,33.37,23.76,71.11,4.04,17.28
2004-03-23,0.0,27.63,33.22,24.17,71.37,4.36,19.41
2004-03-24,0.0,27.69,33.07,24.39,70.16,4.33,18.25
2004-03-25,0.0,27.65,33.72,23.72,69.69,3.52,20.36
2004-03-26,0.0,28.36,35.27,23.29,66.61,3.06,22.05
2004-03-27,0.0,28.93,36.71,22.86,68.36,2.9,22.09
2004-03-28,0.0,29.07,37.14,23.35,69.02,3.13,20.84
2004-03-29,0.03,28.91,35.82,24.01,71.41,3.01,19.05
2004-03-30,0.01,28.51,34.26,24.22,71.96,2.56,14.22
2004-03-31,3.4,28.49,34.63,23.95,69.72,2.14,16.13
2004-04-01,2.34,27.06,33.65,20.28,59.84,2.36,14.78
2004-04-02,0.42,28.18,34.34,23.28,63.91,1.49,21.73
2004-04-03,0.27,29.01,35.52,23.81,67.55,2.37,21.05
2004-04-04,1.59,28.4,33.89,23.89,72.85,2.2,12.91
2004-04-05,0.8,28.6,34.21,23.84,70.94,2.24,21.26
2004-04-06,7.23,27.47,32.84,24.01,75.72,2.42,17.19
2004-04-07,4.55,26.3,29.89,23.43,81.0,2.08,4.36
2004-04-08,0.25,26.01,30.84,22.01,76.81,2.17,17.69
2004-04-09,3.89,26.28,30.15,23.21,79.37,3.01,23.71
2004-04-10,10.29,27.42,31.58,24.03,79.57,3.8,16.89
2004-04-11,0.78,28.75,34.08,24.71,76.26,4.32,14.96
2004-04-12,0.6,28.95,34.16,25.45,74.57,4.88,14.0
2004-04-13,0.82,28.81,34.08,25.36,76.88,5.39,18.78
2004-04-14,0.27,29.2,34.63,25.64,76.08,5.96,15.35
2004-04-15,0.24,29.23,34.24,26.13,76.57,6.73,16.54
2004-04-16,1.81,29.24,34.29,26.19,76.57,6.32,15.37
2004-04-17,3.33,29.25,34.49,26.12,75.39,5.32,18.41
2004-04-18,13.55,28.65,33.53,25.82,78.04,5.08,17.84
2004-04-19,10.13,27.76,31.68,25.2,81.15,3.77,12.19
2004-04-20,2.72,27.14,30.84,24.34,78.9,1.43,16.37
2004-04-21,0.17,28.86,34.78,23.24,68.78,1.52,22.76
2004-04-22,2.84,29.25,35.84,24.37,68.84,2.36,16.31
2004-04-23,13.93,27.99,34.18,24.03,75.21,2.65,12.32
2004-04-24,13.03,27.42,31.55,23.57,77.33,1.4,21.95
2004-04-25,0.0,29.01,34.04,24.69,65.49,0.79,25.46
2004-04-26,1.19,28.99,34.78,23.4,60.66,1.26,26.87
2004-04-27,20.98,28.55,33.74,23.56,62.86,1.06,24.47
2004-04-28,5.74,29.29,34.25,24.8,61.0,0.82,26.18
2004-04-29,0.15,29.2,33.97,24.4,65.35,0.97,22.63
2004-04-30,0.24,30.34,35.98,24.51,64.74,1.02,25.3
2004-05-01,0.02,31.15,36.88,25.52,61.08,1.31,25.96
2004-05-02,0.13,31.71,37.97,25.86,58.85,1.43,26.35
2004-05-03,0.0,31.34,38.4,25.88,57.24,1.64,26.28
2004-05-04,0.0,30.05,37.52,23.64,46.46,1.9,26.79
2004-05-05,0.0,30.81,38.15,23.14,47.18,1.37,20.05
2004-05-06,0.0,32.12,39.42,26.16,59.49,2.44,21.77
2004-05-07,0.0,32.11,39.08,26.26,58.02,1.59,25.09
2004-05-08,0.0,32.0,39.05,26.04,56.14,1.57,26.64
2004-05-09,0.0,31.75,38.79,25.65,60.94,2.71,24.93
2004-05-10,0.0,31.48,37.46,27.1,68.19,3.51,24.99
2004-05-11,1.34,31.83,37.02,28.07,68.65,4.14,20.56
2004-05-12,4.21,30.82,34.98,27.85,74.05,4.12,20.11
2004-05-13,0.63,30.53,33.89,27.97,77.04,4.17,20.44
2004-05-14,1.17,30.22,33.36,27.72,79.51,3.21,18.76
2004-05-15,0.55,29.68,32.15,27.66,84.88,3.18,10.08
2004-05-16,3.59,30.74,34.21,26.96,73.84,1.07,23.31
2004-05-17,9.56,28.91,30.81,27.18,83.59,0.84,17.44
2004-05-18,2.81,29.06,31.81,26.97,83.08,2.25,16.1
2004-05-19,2.63,31.25,35.38,26.78,68.99,1.65,14.83
2004-05-20,11.24,31.73,38.36,27.02,69.77,1.81,17.55
2004-05-21,21.12,29.69,34.71,26.76,80.16,3.62,9.19
2004-05-22,14.26,28.42,31.52,26.56,85.41,3.63,17.26
2004-05-23,7.91,27.73,30.55,25.89,86.16,3.85,6.5
2004-05-24,1.54,27.46,30.52,24.9,80.98,2.58,22.68
2004-05-25,0.42,26.41,28.28,25.26,84.11,2.17,19.41
2004-05-26,0.04,28.54,33.07,24.84,75.74,2.12,23.99
2004-05-27,0.15,29.82,35.0,24.88,71.57,1.86,24.86
2004-05-28,0.74,29.45,32.96,25.98,74.68,1.69,22.36
2004-05-29,1.15,29.59,33.84,26.26,74.61,2.06,22.14
2004-05-30,2.69,29.15,33.36,25.84,75.24,2.05,24.47
2004-05-31,3.26,29.46,33.44,25.68,74.87,1.67,24.96
2004-06-01,0.49,30.51,36.66,25.26,70.33,2.37,24.27
2004-06-02,4.73,28.94,32.39,26.9,77.1,3.07,18.6
2004-06-03,15.95,28.17,31.22,26.76,84.6,3.14,3.06
2004-06-04,1.99,28.72,31.99,26.27,81.66,2.12,16.32
2004-06-05,0.64,29.11,33.41,25.98,74.63,1.97,22.86
2004-06-06,1.44,30.12,35.1,25.51,70.23,1.82,25.36
2004-06-07,3.16,29.81,33.51,26.31,73.38,1.22,23.28
2004-06-08,0.15,30.04,33.68,26.64,72.89,1.16,25.94
2004-06-09,0.53,30.93,35.68,26.77,66.14,0.94,25.29
2004-06-10,2.09,31.15,35.45,26.59,64.7,0.98,21.95
2004-06-11,3.28,29.74,31.95,27.46,77.21,0.91,20.37
2004-06-12,5.89,29.59,34.38,26.55,78.89,2.57,24.95
2004-06-13,9.72,28.4,31.0,26.55,87.32,3.61,12.08
2004-06-14,2.3,28.52,30.96,26.77,82.85,3.15,13.19
2004-06-15,6.42,28.86,31.47,26.93,84.27,2.43,13.3
2004-06-16,8.93,29.6,33.38,27.13,79.81,1.91,21.9
2004-06-17,15.31,28.57,31.44,26.17,86.11,1.48,23.01
2004-06-18,5.95,28.81,32.58,26.38,84.29,2.15,6.88
2004-06-19,32.93,28.23,31.33,26.54,88.92,1.74,7.87
2004-06-20,25.02,28.08,30.98,26.57,90.84,2.88,5.52
2004-06-21,26.46,28.38,30.98,26.33,87.52,4.51,7.21
2004-06-22,23.76,29.11,32.63,26.88,86.12,3.5,5.94
2004-06-23,27.75,29.65,33.34,26.95,86.66,3.0,16.13
2004-06-24,48.5,28.43,30.21,27.21,91.73,2.86,9.73
2004-06-25,5.96,29.01,32.62,26.48,85.56,2.21,7.62
2004-06-26,7.08,28.51,31.92,26.07,86.75,1.57,10.44
2004-06-27,0.94,29.01,32.4,25.82,87.22,2.23,19.49
2004-06-28,1.98,28.95,32.05,26.99,87.64,2.93,21.21
2004-06-29,1.59,27.71,29.99,26.1,87.02,3.42,17.52
2004-06-30,1.84,28.19,31.78,25.11,84.62,2.72,21.14
2004-07-01,4.15,28.65,32.64,25.69,83.62,1.65,23.09
2004-07-02,8.19,29.49,33.06,26.41,83.12,1.21,21.0
2004-07-03,3.63,29.03,32.87,25.98,84.93,3.58,22.24
2004-07-04,19.83,28.1,30.18,26.71,90.89,3.49,18.2
2004-07-05,21.23,28.2,30.42,26.76,89.98,3.46,12.61
2004-07-06,27.77,28.1,30.26,26.26,89.82,3.39,11.64
2004-07-07,44.76,27.98,30.0,26.8,90.81,4.13,3.53
2004-07-08,30.97,27.6,29.77,26.31,88.32,4.38,4.81
2004-07-09,15.87,27.45,28.8,26.59,92.94,4.44,9.2
2004-07-10,18.3,27.2,28.76,25.81,92.84,3.13,6.16
2004-07-11,4.24,27.67,30.01,25.85,90.02,2.3,7.79
2004-07-12,8.18,27.37,29.99,25.54,89.59,1.92,16.94
2004-07-13,4.93,27.76,30.95,25.36,87.83,1.77,22.76
2004-07-14,2.68,27.19,29.99,25.24,90.13,2.44,18.97
2004-07-15,8.14,27.48,29.99,25.67,91.02,3.78,17.06
2004-07-16,7.08,27.92,30.2,26.45,90.57,4.77,18.03
2004-07-17,5.51,28.02,30.8,26.54,90.36,3.83,11.97
2004-07-18,9.06,27.65,29.29,26.41,92.15,3.67,13.9
2004-07-19,50.96,27.87,29.98,26.7,92.01,3.95,4.47
2004-07-20,58.26,27.24,28.88,25.89,93.3,2.85,4.79
2004-07-21,5.5,27.12,29.88,25.31,87.27,1.64,17.91
2004-07-22,3.21,28.28,32.33,25.14,85.21,1.51,18.43
2004-07-23,1.95,28.21,31.57,25.61,88.19,2.54,23.19
2004-07-24,6.99,27.64,30.76,26.02,91.19,2.72,20.55
2004-07-25,3.69,27.54,30.76,25.32,90.73,2.54,24.68
2004-07-26,4.54,27.97,31.52,25.62,88.16,2.79,21.45
2004-07-27,3.54,27.57,30.85,25.26,88.24,3.14,24.97
2004-07-28,4.85,27.93,31.32,25.49,87.77,3.73,20.99
2004-07-29,3.83,27.08,28.87,25.86,92.91,3.51,20.41
2004-07-30,2.88,27.39,29.1,26.29,91.24,3.08,21.85
2004-07-31,1.68,28.1,31.13,26.05,88.63,2.68,23.22
2004-08-01,0.69,28.0,31.07,25.77,89.43,2.3,23.19
2004-08-02,4.79,28.14,31.69,25.44,89.38,1.97,22.6
2004-08-03,5.4,28.56,32.29,25.47,87.18,2.55,22.86
2004-08-04,7.35,27.62,30.28,25.87,89.42,4.63,17.19
2004-08-05,13.02,26.96,28.72,25.34,91.59,3.81,14.46
2004-08-06,7.81,27.43,30.21,25.53,90.17,3.42,18.8
2004-08-07,2.28,27.49,29.53,26.36,90.95,3.94,14.95
2004-08-08,0.85,27.18,29.13,26.0,91.48,2.62,20.57
2004-08-09,0.72,27.43,29.93,25.56,91.48,2.84,16.25
2004-08-10,4.0,27.75,30.01,26.32,90.41,3.04,19.09
2004-08-11,5.32,27.81,30.58,25.26,89.25,4.15,19.63
2004-08-12,19.92,27.47,30.53,25.6,91.09,3.62,9.69
2004-08-13,17.76,26.87,28.37,25.06,95.1,3.67,9.05
2004-08-14,4.16,27.34,29.82,25.81,90.15,3.34,16.63
2004-08-15,0.51,27.97,30.89,26.21,89.12,2.92,18.45
2004-08-16,1.57,28.44,32.47,25.73,88.28,2.29,22.75
2004-08-17,5.21,27.93,30.98,26.0,89.79,1.73,18.84
2004-08-18,9.93,27.78,30.88,25.8,92.03,2.69,20.69
2004-08-19,7.92,27.6,29.83,26.13,92.86,2.1,20.01
2004-08-20,2.95,27.64,30.71,26.01,91.24,3.78,21.85
2004-08-21,0.39,28.01,31.84,25.2,88.79,3.54,21.73
2004-08-22,0.45,28.26,31.65,26.02,88.67,3.0,22.1
2004-08-23,1.08,27.95,30.93,26.05,89.73,2.67,20.05
2004-08-24,1.0,27.94,30.98,26.03,89.69,2.52,19.09
2004-08-25,9.89,28.02,30.38,25.98,91.55,2.59,15.45
2004-08-26,15.06,27.79,29.86,26.36,93.1,2.55,6.88
2004-08-27,4.66,27.72,30.27,26.12,92.22,1.69,18.3
2004-08-28,10.4,27.7,29.91,26.38,93.8,2.8,17.88
2004-08-29,7.98,28.02,31.28,25.89,88.24,1.7,15.55
2004-08-30,10.71,27.75,31.08,25.75,90.55,2.67,11.99
2004-08-31,11.08,27.35,28.98,26.15,93.8,2.94,14.58
2004-09-01,2.36,27.74,30.09,25.66,91.32,1.44,14.46
2004-09-02,2.58,27.95,31.03,25.98,91.34,2.22,9.55
2004-09-03,3.04,27.65,30.55,25.9,89.46,1.96,11.85
2004-09-04,10.03,27.79,30.94,25.65,90.43,2.05,15.98
2004-09-05,11.69,28.12,31.29,26.26,90.16,2.23,18.52
2004-09-06,3.26,27.66,30.44,25.51,89.75,1.97,17.49
2004-09-07,4.34,27.51,29.86,25.63,89.92,1.94,21.43
2004-09-08,7.61,27.84,30.34,25.87,91.17,1.97,20.4
2004-09-09,3.42,27.11,29.01,25.93,92.73,1.62,12.72
2004-09-10,39.93,26.6,28.23,25.25,93.7,1.94,13.8
2004-09-11,49.94,26.55,27.89,24.81,94.98,3.63,4.02
2004-09-12,144.45,26.94,28.27,25.86,94.92,5.08,3.77
2004-09-13,150.8,27.17,28.47,26.32,95.07,4.37,4.33
2004-09-14,54.98,26.65,28.17,25.36,94.46,3.46,3.41
2004-09-15,31.39,25.72,27.58,23.69,94.63,3.96,11.66
2004-09-16,14.06,25.4,26.92,23.6,94.81,3.63,6.59
2004-09-17,6.75,26.36,28.24,25.04,93.19,2.55,15.4
2004-09-18,1.47,26.72,29.43,24.98,90.46,2.01,22.56
2004-09-19,8.22,26.3,28.63,24.45,92.46,1.54,21.44
2004-09-20,4.08,26.94,29.59,24.96,88.22,0.86,18.86
2004-09-21,7.03,26.91,28.62,25.17,88.16,0.85,20.29
2004-09-22,32.9,26.83,29.39,24.9,90.16,1.25,16.29
2004-09-23,19.93,26.53,28.97,24.78,89.0,0.82,16.66
2004-09-24,3.82,26.91,29.51,24.89,89.24,1.12,14.7
2004-09-25,8.78,27.52,30.56,24.95,88.2,0.95,16.9
2004-09-26,0.17,27.16,29.03,25.55,89.3,0.57,21.15
2004-09-27,7.0,27.86,31.09,25.46,86.07,0.72,18.91
2004-09-28,9.06,27.18,29.71,25.21,89.53,0.82,19.27
2004-09-29,1.45,27.81,30.68,25.25,84.09,0.52,19.41
2004-09-30,2.88,26.49,29.15,24.09,88.0,0.94,19.35
2004-10-01,0.03,27.25,31.13,22.83,84.39,1.03,21.05
2004-10-02,0.12,27.34,30.62,24.96,87.68,1.01,21.63
2004-10-03,0.44,26.37,28.3,24.94,91.04,1.18,21.23
2004-10-04,9.07,25.91,28.09,24.16,91.97,1.75,14.25
2004-10-05,34.46,26.24,27.75,25.13,95.19,3.22,4.47
2004-10-06,24.14,26.53,28.14,25.18,94.98,3.11,4.37
2004-10-07,38.74,26.11,27.22,25.21,94.31,4.53,2.88
2004-10-08,20.94,26.09,27.41,24.5,94.85,3.79,11.94
2004-10-09,0.82,26.19,29.58,22.66,85.08,0.78,20.18
2004-10-10,0.0,26.15,30.0,23.11,86.24,1.58,21.49
2004-10-11,0.19,25.78,30.0,21.68,86.48,1.59,21.28
2004-10-12,1.69,26.04,30.09,22.16,88.2,1.61,20.43
2004-10-13,1.14,25.6,28.6,23.02,87.71,0.83,17.91
2004-10-14,12.4,25.88,28.79,23.12,84.89,0.77,4.34
2004-10-15,31.33,24.72,26.41,23.04,93.04,2.23,7.73
2004-10-16,2.9,24.93,28.85,21.95,87.71,2.46,15.49
2004-10-17,0.01,24.24,28.48,20.56,86.51,2.08,20.94
2004-10-18,0.0,24.77,28.95,20.8,86.69,1.87,21.08
2004-10-19,0.0,25.12,29.39,21.34,87.4,1.88,20.97
2004-10-20,0.0,24.89,29.57,20.9,88.44,2.09,20.91
2004-10-21,0.0,24.34,28.82,20.48,88.79,2.26,20.92
2004-10-22,0.0,23.89,28.88,19.66,87.54,1.77,20.56
2004-10-23,0.0,23.61,28.41,19.51,86.09,1.77,20.82
2004-10-24,0.0,23.42,28.58,18.78,84.73,1.7,20.83
2004-10-25,0.0,23.46,28.75,18.79,85.62,1.62,20.46
2004-10-26,0.0,23.48,28.78,18.77,85.92,1.74,20.49
2004-10-27,0.0,23.45,28.63,19.09,85.3,1.63,20.06
2004-10-28,0.0,23.69,29.08,19.15,83.83,1.44,19.62
2004-10-29,0.45,23.47,28.74,18.91,84.79,1.49,19.57
2004-10-30,0.26,22.95,27.31,19.46,85.95,1.6,16.78
2004-10-31,0.0,22.33,27.51,18.24,87.18,2.13,12.44
2004-11-01,0.0,21.72,27.24,17.18,87.78,2.09,19.75
2004-11-02,0.0,21.2,26.64,16.52,85.57,1.81,19.9
2004-11-03,0.0,21.48,27.07,16.71,86.05,1.62,19.8
2004-11-04,0.0,21.53,26.99,16.65,84.46,1.44,18.58
2004-11-05,0.0,22.62,28.32,18.09,83.15,1.15,18.38
2004-11-06,0.0,22.52,27.85,17.98,83.26,1.21,18.73
2004-11-07,0.0,22.22,27.21,17.63,75.41,0.96,19.54
2004-11-08,0.0,22.19,26.77,17.59,74.68,1.07,18.83
2004-11-09,0.0,21.62,26.67,17.35,79.89,1.56,18.35
2004-11-10,0.0,20.65,25.91,17.28,84.22,1.85,13.29
2004-11-11,0.0,20.06,25.67,15.58,83.0,2.1,18.24
2004-11-12,0.0,19.6,25.84,14.33,83.86,1.77,18.52
2004-11-13,0.0,19.62,25.81,14.54,84.58,2.07,18.89
2004-11-14,0.0,19.6,25.77,14.48,88.08,1.84,18.96
2004-11-15,0.0,19.83,25.53,15.2,85.12,1.48,17.84
2004-11-16,0.0,20.14,25.95,15.48,83.76,1.45,17.81
2004-11-17,0.0,20.34,25.53,14.92,82.4,1.23,17.63
2004-11-18,0.0,21.24,25.85,16.5,81.75,0.98,17.36
2004-11-19,0.0,22.48,26.57,18.44,76.89,0.49,16.52
2004-11-20,0.0,21.27,26.56,16.71,85.61,1.38,17.81
2004-11-21,0.0,21.14,26.87,16.63,87.91,1.61,17.97
2004-11-22,0.0,21.16,26.4,15.98,82.34,1.01,17.56
2004-11-23,0.12,21.33,25.93,16.88,78.96,0.9,16.74
2004-11-24,0.02,20.55,25.81,16.51,80.31,0.99,15.61
2004-11-25,0.0,19.89,25.83,15.62,86.96,1.52,16.87
2004-11-26,0.0,20.02,26.31,14.86,86.26,1.6,17.71
2004-11-27,0.0,20.57,26.47,15.57,81.01,1.22,17.74
2004-11-28,0.04,19.93,26.05,14.56,80.94,1.63,16.49
2004-11-29,0.0,20.18,25.83,14.76,80.17,1.34,17.56
2004-11-30,0.0,20.47,26.12,15.87,79.84,1.17,17.64
2004-12-01,0.0,20.15,26.1,14.95,81.87,1.3,17.49
2004-12-02,0.0,19.58,25.32,14.69,84.2,1.5,17.16
2004-12-03,0.0,18.92,24.93,14.33,85.07,1.93,17.3
2004-12-04,0.0,18.76,24.9,12.95,82.57,1.51,17.19
2004-12-05,0.0,19.73,25.35,14.6,74.57,1.07,16.89
2004-12-06,0.0,19.96,25.74,15.03,77.7,0.95,16.96
2004-12-07,0.0,20.11,25.8,14.74,83.14,1.1,16.12
2004-12-08,0.0,20.69,25.49,16.61,78.19,0.73,15.82
2004-12-09,0.0,20.38,24.8,15.57,77.06,0.72,15.9
2004-12-10,0.0,20.23,25.26,15.39,79.51,0.79,15.92
2004-12-11,0.0,20.54,26.24,15.62,78.75,0.75,16.05
2004-12-12,0.0,20.39,26.59,15.23,84.25,1.21,15.91
2004-12-13,0.0,20.29,25.66,15.67,81.9,1.27,15.2
2004-12-14,0.0,20.06,25.15,15.46,79.88,1.27,14.25
2004-12-15,0.0,20.05,25.35,15.15,81.26,1.26,14.35
2004-12-16,0.0,20.03,25.63,14.68,82.77,1.26,15.21
2004-12-17,0.0,20.4,25.65,15.68,81.29,1.21,15.72
2004-12-18,0.0,19.27,24.77,14.29,82.16,1.25,16.7
2004-12-19,0.0,19.3,24.21,14.46,77.62,0.98,16.37
2004-12-20,0.0,18.91,23.84,15.04,76.99,0.82,14.98
2004-12-21,0.03,18.95,24.0,14.33,80.6,1.29,13.65
2004-12-22,0.1,20.58,25.16,16.83,80.63,0.94,15.04
2004-12-23,0.0,18.53,24.46,13.54,82.87,1.33,14.92
2004-12-24,0.0,18.07,24.0,13.01,84.38,1.53,15.27
2004-12-25,0.0,18.43,24.7,13.66,83.47,1.58,14.47
2004-12-26,0.0,16.91,22.35,12.66,80.48,2.06,14.6
2004-12-27,0.0,14.2,20.7,9.57,73.85,1.93,16.86
2004-12-28,0.0,14.19,20.89,8.06,71.71,1.93,16.67
2004-12-29,0.0,15.06,21.25,9.4,70.93,1.1,16.26
2004-12-30,0.0,15.55,21.61,10.21,72.03,1.08,15.72
2004-12-31,0.0,15.46,21.71,10.42,76.75,1.37,16.14
2005-01-01,0.0,16.28,22.96,9.91,78.2,1.19,16.71
2005-01-02,0.0,16.72,22.73,11.57,81.97,1.36,14.3
2005-01-03,0.0,18.16,23.21,13.78,79.95,1.21,15.08
2005-01-04,0.0,17.65,21.63,15.25,86.56,1.33,8.03
2005-01-05,0.0,17.72,24.66,12.6,83.78,2.26,16.56
2005-01-06,0.0,17.01,23.94,11.09,80.62,1.7,16.95
2005-01-07,0.0,16.72,23.79,10.82,81.85,1.59,16.94
2005-01-08,0.0,16.67,23.68,10.72,79.27,1.74,16.44
2005-01-09,0.0,16.54,22.62,10.68,75.37,1.58,15.85
2005-01-10,0.0,17.04,22.74,10.69,65.74,0.84,15.78
2005-01-11,2.41,16.84,22.97,10.76,83.52,1.61,2.99
2005-01-12,4.49,17.25,23.12,12.69,80.86,1.85,14.98
2005-01-13,0.0,15.08,21.65,9.65,80.1,1.89,16.3
2005-01-14,0.0,15.18,22.09,9.12,81.08,1.58,16.6
2005-01-15,0.0,15.93,22.81,10.04,77.64,1.6,15.93
2005-01-16,0.0,17.27,23.39,12.27,73.36,1.47,17.26
2005-01-17,0.0,17.29,23.4,10.68,71.55,1.39,17.88
2005-01-18,0.03,17.83,24.09,11.35,72.94,1.14,17.68
2005-01-19,0.1,17.6,23.64,12.94,79.82,1.45,16.43
2005-01-20,0.0,16.55,22.98,11.42,77.93,1.79,17.01
2005-01-21,0.0,14.66,21.62,9.15,75.21,2.38,18.45
2005-01-22,0.0,15.5,22.86,9.02,73.4,1.87,17.74
2005-01-23,0.0,16.94,24.09,9.81,63.94,1.12,18.28
2005-01-24,0.01,17.8,24.22,12.39,69.35,0.95,14.9
2005-01-25,0.0,16.83,22.91,12.04,78.86,1.87,16.35
2005-01-26,0.0,16.41,23.36,10.33,77.02,1.92,17.86
2005-01-27,0.0,17.28,24.27,11.21,73.73,1.71,17.03
2005-01-28,0.0,17.2,23.54,12.19,72.78,1.81,16.05
2005-01-29,0.01,17.52,23.91,13.53,73.23,2.25,12.75
2005-01-30,0.0,17.88,25.38,12.04,72.75,2.19,19.04
2005-01-31,0.0,19.31,27.21,12.4,70.76,1.64,19.22
2005-02-01,0.03,19.41,26.57,13.21,76.07,2.24,18.92
2005-02-02,0.0,18.43,24.64,13.39,78.12,2.86,17.15
2005-02-03,0.0,15.65,22.86,10.1,68.51,2.47,19.77
2005-02-04,0.0,15.31,23.84,8.37,67.93,2.17,20.19
2005-02-05,0.0,16.73,24.44,8.83,62.44,1.57,20.37
2005-02-06,0.0,19.15,26.42,10.65,57.42,1.17,19.47
2005-02-07,0.0,21.58,27.91,16.05,55.27,0.71,19.18
2005-02-08,0.0,20.7,28.74,13.77,65.95,1.69,19.85
2005-02-09,0.0,21.02,28.47,14.51,67.38,1.86,19.31
2005-02-10,0.0,21.12,28.6,15.0,66.51,1.98,20.49
2005-02-11,0.0,21.64,28.3,14.39,59.52,1.45,20.27
2005-02-12,0.0,22.24,29.91,15.42,62.12,1.28,20.06
2005-02-13,0.0,23.11,30.86,17.36,77.68,2.01,18.7
2005-02-14,0.0,22.87,30.36,18.06,68.94,2.12,20.49
2005-02-15,0.0,22.86,29.83,17.28,76.32,2.32,20.16
2005-02-16,0.06,23.79,29.37,19.38,80.96,3.27,16.76
2005-02-17,1.19,24.28,29.7,20.63,83.98,2.42,18.54
2005-02-18,0.76,24.29,30.03,20.41,81.85,2.18,17.97
2005-02-19,0.07,25.0,31.75,19.66,76.89,1.32,18.22
2005-02-20,0.08,25.21,31.73,19.76,73.62,1.23,18.13
2005-02-21,0.0,26.69,33.82,20.23,63.76,1.21,18.93
2005-02-22,0.04,24.94,31.68,19.28,59.72,1.32,19.58
2005-02-23,0.0,23.46,30.69,15.98,55.1,1.26,21.13
2005-02-24,0.0,23.29,30.05,17.04,59.43,1.7,21.44
2005-02-25,0.0,23.21,29.63,15.36,46.58,1.69,22.23
2005-02-26,0.0,25.37,31.68,19.47,39.25,1.09,22.05
2005-02-27,0.0,24.66,31.34,17.88,41.89,1.28,22.26
2005-02-28,0.0,23.53,31.26,17.25,44.14,1.36,22.65
2005-03-01,0.0,24.93,32.51,16.81,45.61,1.2,22.22
2005-03-02,0.0,25.73,33.97,18.85,65.78,1.75,21.95
2005-03-03,0.0,26.32,34.13,19.99,72.21,2.01,21.4
2005-03-04,0.0,26.74,34.54,20.8,73.32,2.43,20.77
2005-03-05,0.01,27.02,33.41,21.99,74.03,3.04,20.76
2005-03-06,0.03,27.42,33.44,24.15,72.4,3.64,15.81
2005-03-07,0.06,26.77,32.79,22.41,74.52,2.83,15.52
2005-03-08,0.49,26.34,32.05,22.12,74.75,1.66,17.09
2005-03-09,0.1,27.06,33.65,21.5,68.05,1.27,20.11
2005-03-10,0.0,27.46,34.42,22.05,65.37,1.84,17.82
2005-03-11,1.53,26.63,30.63,23.27,61.77,0.85,16.05
2005-03-12,1.3,25.38,29.7,21.35,61.5,1.44,14.5
2005-03-13,0.0,25.8,33.65,19.44,52.88,1.97,18.58
2005-03-14,0.0,26.27,33.43,19.73,51.98,1.48,15.71
2005-03-15,0.04,25.85,32.85,20.19,56.81,1.42,18.43
2005-03-16,0.0,26.09,32.48,20.88,66.01,1.7,22.79
2005-03-17,0.0,27.01,34.31,20.83,62.26,1.21,22.87
2005-03-18,0.2,27.53,34.39,21.76,63.5,1.26,22.69
2005-03-19,0.03,28.03,34.99,22.15,64.46,1.45,22.96
2005-03-20,0.12,28.27,34.97,22.58,66.86,2.86,21.44
2005-03-21,0.65,28.36,34.22,23.39,72.24,4.1,20.31
2005-03-22,0.99,28.48,34.66,24.01,71.4,3.72,20.01
2005-03-23,10.47,27.12,31.62,24.37,78.72,3.67,10.61
2005-03-24,23.47,25.4,29.28,22.93,83.59,2.8,6.14
2005-03-25,5.38,26.17,30.95,23.06,69.83,2.35,15.45
2005-03-26,0.5,25.99,31.04,20.37,67.69,2.05,19.55
2005-03-27,6.7,27.11,33.72,21.27,69.47,2.21,22.27
2005-03-28,21.43,26.48,31.55,22.86,78.36,2.56,20.64
2005-03-29,0.06,26.55,32.05,22.56,75.4,2.79,17.4
2005-03-30,17.71,26.82,32.57,22.5,77.45,2.03,21.88
2005-03-31,2.95,26.91,32.36,22.2,73.72,1.25,17.79
2005-04-01,0.1,27.9,33.53,22.89,68.9,0.98,22.91
2005-04-02,0.01,27.65,35.1,22.0,54.71,1.84,20.82
2005-04-03,0.0,27.79,36.05,19.73,45.54,1.75,23.92
2005-04-04,1.62,27.73,34.92,19.93,47.26,0.83,22.43
2005-04-05,0.01,27.75,34.34,22.29,65.64,1.55,23.37
2005-04-06,0.01,27.86,34.49,21.66,68.81,1.59,23.62
2005-04-07,0.02,27.95,34.4,22.5,71.0,2.58,24.14
2005-04-08,0.0,27.89,34.34,22.62,72.38,2.83,23.72
2005-04-09,0.85,28.23,34.37,23.19,75.57,2.93,24.02
2005-04-10,22.47,28.12,33.46,24.93,83.1,2.71,16.65
2005-04-11,15.22,26.41,28.9,24.5,87.78,1.44,12.08
2005-04-12,1.02,28.59,34.45,23.84,72.17,1.14,22.95
2005-04-13,0.0,28.53,34.5,22.83,61.49,1.25,25.82
2005-04-14,0.0,27.83,35.19,21.19,64.2,1.26,26.0
2005-04-15,0.0,28.69,35.93,22.19,68.74,1.59,26.0
2005-04-16,0.0,28.78,34.54,24.15,73.31,2.42,25.01
2005-04-17,0.27,27.79,31.18,25.29,82.26,2.25,22.41
2005-04-18,0.78,27.48,31.41,24.69,82.65,1.92,23.33
2005-04-19,0.04,27.61,31.37,24.35,77.64,1.08,23.18
2005-04-20,0.0,29.53,36.44,24.3,60.74,0.91,19.56
2005-04-21,0.0,30.13,37.39,23.71,57.76,1.19,24.96
2005-04-22,0.0,29.38,36.02,23.94,68.78,1.61,23.03
2005-04-23,0.59,29.05,35.18,23.83,72.53,1.73,24.52
2005-04-24,0.41,29.58,36.62,24.34,70.51,2.2,24.58
2005-04-25,1.48,29.16,34.01,25.26,72.87,1.71,22.8
2005-04-26,3.06,29.84,34.93,26.07,72.48,1.73,23.05
2005-04-27,8.74,29.3,34.5,25.38,75.89,2.75,17.91
2005-04-28,14.5,29.68,35.25,25.76,75.88,2.95,21.42
2005-04-29,30.25,26.81,29.52,24.8,86.41,2.19,20.44
2005-04-30,13.52,25.93,28.5,23.17,83.04,1.25,22.15
2005-05-01,0.44,27.11,31.47,22.06,69.79,0.82,22.22
2005-05-02,0.03,26.47,29.66,23.18,70.94,0.77,21.86
2005-05-03,0.47,26.93,31.59,21.96,70.41,1.15,24.4
2005-05-04,0.43,28.66,33.46,24.22,68.13,1.13,19.84
2005-05-05,2.66,27.03,30.46,22.98,80.13,1.97,15.58
2005-05-06,0.64,26.26,31.73,22.15,76.44,1.63,18.34
2005-05-07,1.78,28.07,33.18,23.83,69.67,1.42,21.84
2005-05-08,1.03,28.93,33.61,24.37,70.99,1.82,22.33
2005-05-09,4.12,29.58,34.36,25.42,73.24,1.9,17.3
2005-05-10,0.49,31.1,37.28,25.93,68.04,2.54,23.04
2005-05-11,0.08,29.94,33.85,26.93,75.06,2.27,21.31
2005-05-12,0.78,30.18,36.17,25.77,70.99,1.92,25.07
2005-05-13,7.65,29.02,33.81,25.12,77.08,1.89,25.69
2005-05-14,7.94,29.46,34.66,25.81,77.22,2.28,25.19
2005-05-15,6.07,29.39,34.17,25.86,79.05,3.16,20.17
2005-05-16,3.4,30.21,35.35,26.34,77.03,2.71,24.41
2005-05-17,12.49,29.18,33.45,26.26,83.02,2.48,22.35
2005-05-18,10.94,29.31,33.63,26.25,82.11,2.14,23.14
2005-05-19,5.93,28.43,31.17,26.4,84.68,1.71,18.45
2005-05-20,20.63,28.1,31.64,25.7,82.68,1.47,22.88
2005-05-21,13.07,27.65,31.08,25.21,83.94,1.74,20.12
2005-05-22,15.87,27.84,31.34,25.0,83.47,2.95,8.31
2005-05-23,0.62,28.29,32.0,24.76,84.34,2.31,17.85
2005-05-24,5.33,28.76,31.99,26.63,86.59,2.37,11.22
2005-05-25,6.15,28.68,31.45,26.92,86.95,2.79,18.84
2005-05-26,0.13,28.86,31.75,26.95,86.28,2.47,24.36
2005-05-27,0.69,28.81,31.71,26.83,87.8,2.26,23.63
2005-05-28,0.84,28.95,31.81,26.75,85.69,2.09,23.33
2005-05-29,0.02,29.0,31.95,26.42,83.81,1.49,24.4
2005-05-30,0.0,30.57,35.39,26.41,74.65,1.07,25.9
2005-05-31,0.0,30.03,33.65,27.07,78.83,1.98,25.58
2005-06-01,0.0,30.38,34.38,27.16,77.59,2.56,23.79
2005-06-02,0.02,30.18,33.0,28.16,79.34,2.9,23.43
2005-06-03,1.03,30.21,34.75,26.8,79.18,2.51,24.36
2005-06-04,3.22,29.74,33.62,26.6,82.43,2.35,20.74
2005-06-05,2.54,28.8,31.44,26.46,84.03,1.92,15.94
2005-06-06,0.56,28.57,31.24,25.8,75.17,1.02,23.68
2005-06-07,0.0,30.75,35.38,25.63,64.25,0.61,23.7
2005-06-08,0.0,30.43,33.31,27.73,75.01,0.78,23.12
2005-06-09,10.01,30.37,33.52,27.41,78.48,1.12,24.2
2005-06-10,8.28,30.0,33.26,27.39,80.42,1.33,18.53
2005-06-11,0.0,29.57,32.54,27.36,80.66,2.35,14.82
2005-06-12,0.0,30.64,35.22,27.01,76.72,1.65,21.19
2005-06-13,0.21,29.94,32.7,27.72,83.68,2.42,18.52
2005-06-14,10.47,30.04,33.44,27.54,81.71,1.98,13.79
2005-06-15,13.55,29.33,32.51,26.82,84.61,2.11,18.31
2005-06-16,5.83,29.89,33.22,27.75,85.58,1.79,14.18
2005-06-17,0.19,30.34,33.97,27.57,82.56,2.73,14.0
2005-06-18,0.16,29.73,31.95,28.23,86.67,3.36,18.72
2005-06-19,0.06,29.95,33.68,27.46,78.41,3.85,15.75
2005-06-20,0.03,29.81,32.68,27.44,77.76,3.12,20.68
2005-06-21,0.79,29.6,32.29,27.46,79.37,2.78,22.0
2005-06-22,2.42,29.15,31.48,27.43,84.93,3.21,17.17
2005-06-23,4.03,29.47,32.28,27.46,83.51,2.95,13.31
2005-06-24,12.6,28.73,30.6,27.38,92.04,3.07,8.47
2005-06-25,2.2,28.88,31.42,27.19,86.44,4.74,12.37
2005-06-26,3.05,28.87,31.95,26.9,85.73,4.1,20.84
2005-06-27,9.63,28.64,31.69,26.47,88.47,4.71,9.24
2005-06-28,29.79,28.23,30.24,26.94,90.4,3.97,5.72
2005-06-29,45.48,28.09,31.0,26.4,90.34,3.66,4.86
2005-06-30,45.14,27.62,30.24,26.24,91.69,2.82,7.87
2005-07-01,27.27,28.06,31.14,26.08,89.38,2.28,9.84
2005-07-02,31.9,27.66,30.63,25.36,90.14,2.07,10.74
2005-07-03,31.46,28.04,30.58,26.1,90.89,3.34,9.03
2005-07-04,28.72,27.53,29.39,26.36,93.2,1.26,10.3
2005-07-05,28.63,27.77,30.01,26.06,91.17,1.84,14.16
2005-07-06,0.62,28.21,31.62,25.87,87.09,1.62,23.49
2005-07-07,0.63,28.57,32.22,25.97,87.1,2.2,27.43
2005-07-08,0.18,28.32,31.8,26.0,86.85,2.93,24.1
2005-07-09,2.8,27.92,29.97,26.1,89.09,4.1,17.49
2005-07-10,3.87,28.2,31.04,26.08,86.76,4.37,18.84
2005-07-11,5.29,27.99,30.39,26.33,90.4,3.22,11.04
2005-07-12,9.13,27.95,30.9,26.17,88.87,3.01,19.91
2005-07-13,15.12,27.48,29.55,26.07,91.5,3.0,19.0
2005-07-14,63.91,27.04,28.27,26.29,93.77,3.31,5.86
2005-07-15,22.82,26.14,27.27,24.64,91.95,2.57,5.36
2005-07-16,11.19,26.98,30.09,24.5,88.55,1.99,23.34
2005-07-17,0.95,27.42,29.87,25.04,88.95,1.78,24.26
2005-07-18,0.67,28.09,31.34,25.18,88.3,2.04,15.82
2005-07-19,0.36,28.13,30.78,25.69,89.58,1.96,19.31
2005-07-20,4.27,28.49,31.25,26.27,89.35,2.06,18.08
2005-07-21,8.34,27.56,28.86,26.39,93.73,2.72,13.52
2005-07-22,2.15,29.25,32.52,26.33,85.93,1.44,18.27
2005-07-23,3.75,29.03,32.69,27.08,87.97,2.58,12.43
2005-07-24,9.35,28.78,32.21,26.69,87.09,2.71,24.28
2005-07-25,6.2,28.65,32.45,26.1,87.95,3.65,23.76
2005-07-26,4.83,28.42,30.92,26.77,88.85,4.31,18.14
2005-07-27,12.52,28.64,31.69,26.96,89.05,3.8,21.81
2005-07-28,2.17,28.66,32.14,26.43,88.01,3.09,23.01
2005-07-29,1.12,28.15,30.62,26.64,90.91,3.59,20.74
2005-07-30,1.23,28.3,31.39,26.2,88.03,3.93,17.0
2005-07-31,1.54,28.54,31.8,26.22,87.94,2.82,21.76
2005-08-01,0.14,29.34,33.2,26.47,85.95,2.07,21.95
2005-08-02,1.72,28.5,31.43,26.77,90.04,2.98,17.45
2005-08-03,4.2,28.39,31.64,26.26,90.32,4.58,18.54
2005-08-04,3.68,28.66,31.47,26.87,88.92,4.35,16.23
2005-08-05,23.43,28.16,30.13,26.86,91.49,3.6,14.03
2005-08-06,40.24,28.29,31.01,26.75,90.12,3.44,7.91
2005-08-07,18.44,28.43,30.64,26.85,90.85,2.86,10.29
2005-08-08,23.62,28.56,30.8,26.91,92.29,2.81,9.09
2005-08-09,21.61,28.27,31.51,26.32,89.38,2.49,11.36
2005-08-10,16.22,28.61,31.22,27.27,89.86,1.92,10.27
2005-08-11,18.72,27.54,28.98,26.32,92.93,2.27,10.3
2005-08-12,6.36,29.6,33.06,25.93,83.45,1.0,12.98
2005-08-13,2.88,28.44,30.58,26.64,91.61,2.3,17.44
2005-08-14,12.25,27.5,28.82,26.53,94.43,3.19,8.35
2005-08-15,3.19,27.98,31.0,26.14,90.02,3.44,20.5
2005-08-16,2.51,27.69,29.96,26.17,91.87,3.14,19.85
2005-08-17,2.5,28.26,31.53,25.96,89.71,1.94,17.29
2005-08-18,7.17,28.15,31.5,26.19,91.19,2.2,18.35
2005-08-19,8.55,28.35,31.47,26.86,89.65,3.77,20.37
2005-08-20,29.25,27.82,30.06,26.4,92.47,4.33,9.72
2005-08-21,36.86,28.0,30.26,26.19,90.98,4.29,12.89
2005-08-22,32.22,28.21,30.58,26.92,91.22,3.97,10.77
2005-08-23,26.12,28.28,30.45,26.68,92.84,3.43,11.49
2005-08-24,60.8,27.67,29.35,26.45,93.74,2.75,6.26
2005-08-25,30.62,27.69,30.5,25.72,90.61,2.45,11.14
2005-08-26,3.35,27.6,29.78,26.0,93.21,1.94,13.79
2005-08-27,2.79,27.51,30.58,25.63,90.31,2.51,14.39
2005-08-28,9.95,27.43,30.46,25.17,89.74,2.06,16.46
2005-08-29,14.16,27.98,31.37,25.11,87.73,1.34,17.58
2005-08-30,8.22,28.53,32.17,25.5,84.27,0.88,17.81
2005-08-31,2.22,29.3,33.02,25.84,82.85,0.92,12.9
2005-09-01,4.57,29.09,32.08,26.31,84.69,1.39,16.53
2005-09-02,8.35,28.71,31.33,26.06,86.34,1.15,10.22
2005-09-03,7.19,27.72,29.4,26.06,92.62,1.41,20.41
2005-09-04,0.3,28.03,30.93,25.71,86.7,0.78,18.03
2005-09-05,0.85,28.86,32.15,26.04,85.9,1.09,21.0
2005-09-06,2.43,28.61,31.88,25.49,86.26,1.33,22.78
2005-09-07,3.72,28.55,30.32,26.84,84.19,0.56,20.88
2005-09-08,7.06,28.37,31.01,25.4,85.72,0.92,18.1
2005-09-09,9.31,27.79,30.92,25.61,88.03,1.04,14.45
2005-09-10,7.99,26.41,28.06,25.34,94.53,1.79,15.27
2005-09-11,14.64,26.67,28.43,25.36,94.62,2.63,20.91
2005-09-12,10.07,26.86,29.14,25.29,91.59,3.43,20.11
2005-09-13,0.26,26.57,28.34,25.15,92.3,2.26,19.38
2005-09-14,0.62,27.37,30.8,24.65,88.63,1.13,22.33
2005-09-15,13.82,28.21,31.84,24.52,88.11,1.46,22.87
2005-09-16,11.57,27.23,29.82,25.58,90.39,1.74,16.92
2005-09-17,6.9,26.94,28.7,25.14,93.1,3.34,15.46
2005-09-18,3.34,28.06,31.08,26.12,89.83,2.42,19.84
2005-09-19,33.4,27.73,30.29,26.01,90.41,1.49,20.05
2005-09-20,25.06,26.82,29.53,25.32,91.57,3.04,6.17
2005-09-21,8.26,27.24,30.18,25.49,90.84,1.8,17.49
2005-09-22,1.88,26.84,29.24,25.08,90.23,1.28,13.08
2005-09-23,2.71,26.88,29.65,24.7,90.77,1.92,15.44
2005-09-24,17.57,27.41,29.81,25.49,92.38,1.69,6.38
2005-09-25,2.39,28.33,31.55,25.39,83.11,0.79,18.6
2005-09-26,1.97,28.57,32.04,24.97,84.22,0.91,20.13
2005-09-27,3.75,27.4,30.08,25.61,91.45,1.75,16.2
2005-09-28,4.35,28.37,31.91,25.47,89.1,1.44,19.77
2005-09-29,14.2,27.31,29.86,25.65,90.89,1.23,9.43
2005-09-30,31.46,26.38,27.97,25.2,95.2,1.96,14.28
2005-10-01,64.61,26.36,27.59,25.27,94.3,3.26,8.5
2005-10-02,12.36,26.71,28.98,25.1,90.82,2.82,14.67
2005-10-03,12.36,26.9,29.74,25.11,90.52,3.16,20.75
2005-10-04,22.08,26.65,29.33,24.78,89.89,2.41,19.28
2005-10-05,6.71,27.58,30.87,24.43,84.39,0.87,20.72
2005-10-06,0.01,27.63,30.72,24.65,82.59,0.91,21.05
2005-10-07,0.0,27.08,30.64,23.72,84.75,1.35,21.53
2005-10-08,0.12,27.11,31.2,23.26,86.1,1.5,21.28
2005-10-09,0.32,27.51,31.61,23.71,85.94,1.37,20.54
2005-10-10,0.15,27.8,30.91,24.41,83.19,0.84,19.87
2005-10-11,0.31,27.5,30.08,25.59,83.8,0.63,17.42
2005-10-12,0.08,26.39,29.24,24.32,89.65,1.71,20.79
2005-10-13,0.03,26.78,30.56,23.48,87.27,1.73,21.0
2005-10-14,0.01,27.42,31.46,24.5,84.3,1.27,19.8
2005-10-15,0.01,27.23,31.19,24.0,82.49,0.72,18.0
2005-10-16,0.83,27.39,31.31,23.73,83.42,0.89,18.57
2005-10-17,2.85,27.08,30.65,24.1,85.36,0.87,19.6
2005-10-18,3.76,26.15,29.75,23.75,88.35,1.38,18.55
2005-10-19,3.85,24.76,27.82,22.81,88.2,1.08,16.11
2005-10-20,25.51,24.93,27.81,22.33,90.19,1.03,9.21
2005-10-21,23.08,24.84,27.49,23.16,92.0,1.84,9.26
2005-10-22,9.04,24.45,26.9,22.87,92.12,1.5,14.53
2005-10-23,43.47,24.12,27.02,22.1,91.2,1.41,11.14
2005-10-24,8.98,25.43,29.97,21.48,84.94,0.93,11.92
2005-10-25,0.0,25.17,29.78,21.53,86.05,1.55,17.74
2005-10-26,0.0,25.61,29.71,22.31,85.32,1.24,17.99
2005-10-27,1.37,25.57,29.4,22.24,86.42,1.57,14.69
2005-10-28,0.38,25.62,29.92,22.09,85.71,1.13,8.18
2005-10-29,0.1,25.82,29.29,22.3,85.18,1.05,17.27
2005-10-30,0.21,25.4,29.41,22.51,85.57,1.46,16.4
2005-10-31,0.24,24.24,29.25,20.79,84.35,1.9,13.6
2005-11-01,0.0,23.0,27.68,19.07,82.88,1.61,10.94
2005-11-02,0.17,22.62,27.05,19.49,85.3,2.02,18.68
2005-11-03,0.0,22.99,28.08,18.82,86.61,2.26,19.76
2005-11-04,0.0,22.36,27.86,18.3,86.36,1.96,19.64
2005-11-05,0.0,21.78,27.84,17.16,85.61,1.81,19.39
2005-11-06,0.0,21.53,27.11,17.13,87.44,2.15,19.78
2005-11-07,0.0,22.01,27.66,16.77,87.74,1.81,18.32
2005-11-08,4.36,24.07,28.83,18.78,82.5,0.71,12.32
2005-11-09,4.91,24.41,28.15,21.49,85.88,1.15,11.05
2005-11-10,0.11,24.35,28.83,21.25,87.34,1.67,17.78
2005-11-11,0.0,23.08,28.17,19.26,87.58,1.75,18.6
2005-11-12,0.0,21.37,26.9,17.23,87.31,1.84,18.93
2005-11-13,0.0,20.17,25.36,15.65,86.0,1.6,18.41
2005-11-14,0.0,19.89,25.43,15.2,85.79,1.69,18.61
2005-11-15,0.0,20.01,25.81,14.91,87.36,1.63,18.34
2005-11-16,0.0,21.02,26.2,15.92,85.58,1.53,18.5
2005-11-17,0.0,21.45,26.66,17.04,84.25,1.27,18.34
2005-11-18,0.0,21.68,26.43,16.54,79.19,0.95,17.72
2005-11-19,0.0,20.55,26.12,16.11,82.41,1.3,18.09
2005-11-20,0.0,20.28,25.88,15.41,83.03,1.39,18.15
2005-11-21,0.0,20.55,25.12,16.06,82.43,1.03,16.21
2005-11-22,0.0,21.07,25.25,16.33,76.89,0.89,16.92
2005-11-23,0.0,20.83,25.8,16.34,78.49,0.92,17.36
2005-11-24,0.0,19.92,25.69,15.74,87.1,1.41,17.38
2005-11-25,0.0,18.88,24.98,14.34,87.68,1.9,16.93
2005-11-26,0.0,18.4,24.76,13.49,87.42,1.82,18.16
2005-11-27,0.0,18.29,24.78,12.98,86.29,1.65,18.15
2005-11-28,0.0,17.94,24.45,12.8,86.43,1.99,18.02
2005-11-29,0.0,17.97,24.65,12.38,82.96,1.68,17.87
2005-11-30,0.0,17.69,23.58,12.76,83.07,1.61,17.69
2005-12-01,0.0,17.53,23.87,12.25,84.8,1.67,17.6
2005-12-02,0.0,18.05,24.75,12.85,85.6,1.68,17.23
2005-12-03,0.0,18.26,24.72,12.85,85.9,1.7,17.1
2005-12-04,0.0,18.41,24.41,13.83,86.62,1.92,16.77
2005-12-05,0.0,17.63,24.06,13.12,85.32,1.95,16.57
2005-12-06,0.0,16.53,23.2,10.88,85.88,1.96,17.42
2005-12-07,0.0,16.78,23.96,10.79,87.33,1.78,16.64
2005-12-08,0.0,17.22,23.95,10.88,83.7,1.42,15.2
2005-12-09,0.0,17.08,23.88,11.43,83.27,1.59,16.91
2005-12-10,0.0,16.66,23.5,10.8,84.89,1.6,17.34
2005-12-11,0.0,16.22,23.04,10.65,85.66,1.77,16.95
2005-12-12,0.0,16.1,23.42,10.24,86.42,2.06,17.05
2005-12-13,0.0,16.21,23.51,10.4,86.82,1.96,16.85
2005-12-14,0.0,16.07,23.34,10.09,87.4,1.87,17.0
2005-12-15,0.0,17.59,24.22,11.26,86.25,1.37,16.41
2005-12-16,0.0,19.65,24.31,15.4,86.11,1.18,16.39
2005-12-17,0.0,19.94,25.47,15.26,88.03,1.4,16.12
2005-12-18,0.0,20.14,25.35,15.8,87.54,1.35,11.34
2005-12-19,0.0,19.44,25.04,15.22,86.39,1.41,13.05
2005-12-20,0.0,18.8,24.92,14.0,88.44,1.67,12.75
2005-12-21,0.0,19.71,25.14,14.11,83.39,1.13,7.24
2005-12-22,0.61,20.74,24.57,17.06,84.75,0.79,5.92
2005-12-23,0.48,19.7,21.41,17.35,88.58,0.94,5.43
2005-12-24,0.01,19.42,24.8,15.51,86.85,1.37,14.1
2005-12-25,0.0,18.66,24.76,14.04,85.95,2.15,15.73
2005-12-26,0.0,17.7,23.81,13.11,85.1,1.91,15.42
2005-12-27,0.0,16.82,23.88,11.54,83.0,1.78,16.68
2005-12-28,0.0,16.83,23.9,11.05,82.45,1.76,16.84
2005-12-29,0.0,16.65,23.79,11.03,78.31,1.45,16.95
2005-12-30,0.0,16.05,23.29,10.94,78.04,1.66,17.21
2005-12-31,0.0,15.9,23.42,9.64,78.23,1.66,17.42
2006-01-01,0.0,16.15,23.38,9.71,76.65,1.63,17.75
2006-01-02,0.0,16.47,23.41,10.21,74.51,1.51,17.44
2006-01-03,0.0,16.74,22.67,11.96,78.4,1.44,15.49
2006-01-04,0.0,16.0,21.93,11.24,83.63,1.83,16.38
2006-01-05,0.0,15.76,22.1,10.9,82.31,1.85,16.76
2006-01-06,0.0,15.9,21.49,10.18,81.41,1.62,16.43
2006-01-07,0.0,16.32,22.47,12.07,83.14,1.7,16.12
2006-01-08,0.0,16.34,22.51,12.04,81.25,1.9,13.73
2006-01-09,0.0,15.03,22.62,9.7,83.26,2.1,13.24
2006-01-10,0.0,14.57,22.59,8.34,81.71,1.89,16.87
2006-01-11,0.0,14.5,22.07,8.08,80.81,1.75,15.87
2006-01-12,0.01,14.79,22.76,8.45,80.55,1.74,17.5
2006-01-13,0.0,14.69,22.5,8.57,76.44,1.5,18.01
2006-01-14,0.0,15.55,22.78,9.81,72.56,1.2,17.0
2006-01-15,0.0,15.83,22.7,11.89,73.89,1.4,16.66
2006-01-16,0.0,16.55,22.5,9.97,69.91,1.07,16.23
2006-01-17,0.0,17.86,23.95,10.7,70.14,1.04,16.24
2006-01-18,0.0,18.58,25.57,11.94,83.01,1.66,15.69
2006-01-19,0.0,20.01,25.97,14.94,80.8,1.08,15.68
2006-01-20,0.0,19.25,24.99,14.5,75.33,1.24,16.42
2006-01-21,0.0,17.87,24.6,11.46,68.75,1.4,18.45
2006-01-22,0.0,17.91,24.39,11.91,64.73,1.23,18.67
2006-01-23,0.0,15.82,23.15,9.35,65.19,1.55,19.29
2006-01-24,0.0,16.07,23.57,9.66,71.7,1.82,18.36
2006-01-25,0.0,17.25,23.69,13.41,76.68,2.68,17.6
2006-01-26,0.0,16.38,24.38,10.28,74.94,1.92,18.79
2006-01-27,0.0,16.52,24.62,9.94,78.23,1.66,19.34
2006-01-28,0.0,17.24,24.95,11.07,74.55,1.5,19.33
2006-01-29,0.0,17.64,24.67,10.71,73.09,1.3,19.51
2006-01-30,0.0,17.84,25.23,11.67,71.27,1.42,18.84
2006-01-31,0.0,18.83,26.18,12.58,71.11,1.27,18.92
2006-02-01,0.0,19.4,26.49,12.87,70.85,1.3,18.87
2006-02-02,0.0,20.59,27.09,14.71,65.93,1.08,19.31
2006-02-03,0.0,20.69,27.33,15.56,68.3,1.4,18.74
2006-02-04,0.0,20.95,27.04,15.25,68.47,1.1,18.65
2006-02-05,0.0,20.24,26.63,15.55,67.83,1.34,18.5
2006-02-06,0.0,19.46,26.36,13.07,65.41,1.39,18.94
2006-02-07,0.0,20.83,28.07,13.99,61.75,1.15,20.0
2006-02-08,0.0,21.13,27.56,14.86,57.39,0.94,20.01
2006-02-09,0.0,20.48,27.7,13.36,58.25,1.31,17.06
2006-02-10,0.0,20.95,27.95,14.28,55.51,1.12,18.86
2006-02-11,0.0,19.83,27.63,13.87,62.29,1.56,20.82
2006-02-12,0.0,20.54,28.23,13.32,62.43,1.47,21.43
2006-02-13,0.0,20.59,28.0,14.52,66.44,1.11,19.97
2006-02-14,0.0,21.44,27.88,16.5,80.75,1.74,18.91
2006-02-15,0.03,22.57,28.92,17.39,83.51,2.22,18.4
2006-02-16,0.04,23.45,28.58,19.57,83.95,3.5,18.38
2006-02-17,0.36,23.82,29.31,20.03,84.8,2.25,16.8
2006-02-18,0.03,24.04,29.88,19.34,77.36,1.43,19.84
2006-02-19,0.16,24.08,30.6,19.14,75.18,1.08,19.44
2006-02-20,0.0,24.17,30.23,19.74,79.49,1.47,19.03
2006-02-21,0.21,24.03,29.76,19.79,81.87,1.74,18.19
2006-02-22,0.24,24.24,30.81,19.63,79.2,1.7,19.23
2006-02-23,0.11,24.47,31.62,19.08,76.94,1.71,20.63
2006-02-24,0.0,24.63,31.87,19.1,77.65,1.96,20.92
2006-02-25,0.0,24.77,32.32,19.06,73.94,1.69,21.27
2006-02-26,0.0,25.26,33.37,19.19,69.84,1.81,21.27
2006-02-27,0.0,25.19,32.76,19.05,76.03,2.57,21.85
2006-02-28,0.0,26.0,33.31,20.81,76.53,1.64,20.5
2006-03-01,0.0,25.94,33.22,20.56,71.58,1.46,20.41
2006-03-02,0.0,26.4,33.65,20.51,64.55,1.1,19.45
2006-03-03,0.0,24.94,32.38,18.73,48.87,1.61,17.61
2006-03-04,0.01,24.77,32.18,16.79,47.37,1.37,21.81
2006-03-05,0.38,25.72,31.45,21.33,61.73,1.56,12.89
2006-03-06,0.0,25.93,32.65,20.84,66.23,1.43,22.41
2006-03-07,0.0,27.47,33.43,21.07,61.38,0.99,22.22
2006-03-08,0.0,26.86,35.04,19.99,47.06,1.24,22.13
2006-03-09,0.0,27.65,35.82,19.47,44.82,1.31,22.79
2006-03-10,0.0,27.15,34.19,21.35,51.48,1.11,21.52
2006-03-11,0.01,26.34,31.26,21.49,51.63,1.63,17.45
2006-03-12,0.02,25.02,31.8,18.73,56.35,2.27,22.16
2006-03-13,0.0,26.17,32.71,19.5,53.06,0.91,21.78
2006-03-14,0.0,26.53,33.5,19.52,49.75,1.54,22.42
2006-03-15,0.0,27.21,33.95,21.48,46.66,0.93,22.58
2006-03-16,0.0,26.59,32.8,20.54,63.15,1.59,20.92
2006-03-17,0.0,27.08,33.57,22.37,55.67,1.88,22.45
2006-03-18,0.0,25.78,33.68,19.51,42.71,2.03,23.64
2006-03-19,0.0,24.39,33.42,16.7,35.19,2.12,25.15
2006-03-20,0.0,24.43,34.25,15.47,34.51,2.05,25.75
2006-03-21,0.0,25.95,34.3,17.93,34.08,1.37,24.67
2006-03-22,0.0,27.11,35.55,19.74,65.43,2.27,20.58
2006-03-23,0.08,27.78,35.41,21.84,63.63,1.51,21.28
2006-03-24,0.0,27.52,35.25,21.87,60.25,1.34,24.05
2006-03-25,0.0,27.62,36.32,20.1,61.16,1.68,24.03
2006-03-26,0.0,28.6,37.12,21.31,63.6,2.61,24.55
2006-03-27,0.0,29.21,37.65,22.08,66.87,2.43,22.91
2006-03-28,0.0,29.78,37.67,23.53,56.1,1.14,22.3
2006-03-29,0.0,28.55,37.12,21.19,34.59,1.66,16.04
2006-03-30,0.0,29.33,37.97,22.27,37.44,1.13,22.39
2006-03-31,0.04,29.45,36.89,22.49,58.53,2.08,22.75
2006-04-01,1.59,29.25,35.9,23.31,63.53,2.37,23.45
2006-04-02,0.03,28.92,35.45,23.07,67.5,2.82,24.14
2006-04-03,1.88,28.07,33.43,23.65,70.09,3.63,22.27
2006-04-04,12.83,27.68,31.84,24.7,74.32,3.77,18.73
2006-04-05,19.67,27.75,32.13,24.89,76.42,3.32,20.65
2006-04-06,7.65,28.19,33.41,24.38,75.5,2.4,23.43
2006-04-07,0.33,28.69,34.91,23.44,71.36,2.34,23.71
2006-04-08,0.34,28.81,34.52,24.07,71.73,2.71,23.24
2006-04-09,0.33,28.61,34.41,24.17,70.31,2.78,22.59
2006-04-10,0.02,28.73,34.62,24.11,71.62,3.3,23.26
2006-04-11,0.05,29.46,34.86,25.49,70.75,4.34,19.52
2006-04-12,0.0,29.46,34.35,26.17,70.75,3.41,21.08
2006-04-13,1.75,29.12,34.35,25.63,74.25,2.74,22.26
2006-04-14,0.69,29.99,36.94,24.83,69.31,2.1,23.61
2006-04-15,0.0,29.92,35.88,26.24,66.92,2.09,20.88
2006-04-16,0.09,29.28,34.48,24.66,69.74,2.4,20.36
2006-04-17,6.49,28.39,32.56,25.63,74.55,1.91,15.13
2006-04-18,3.96,26.87,30.97,23.89,74.98,1.53,11.66
2006-04-19,4.62,28.69,33.64,24.64,65.4,1.19,23.08
2006-04-20,0.0,28.43,35.21,22.37,53.07,1.65,26.64
2006-04-21,0.0,29.46,36.69,21.04,44.63,1.19,27.55
2006-04-22,0.23,30.33,37.4,23.19,50.76,1.76,26.53
2006-04-23,0.82,30.89,37.74,24.94,56.57,1.36,22.85
2006-04-24,1.42,31.35,38.6,25.22,57.62,1.25,25.8
2006-04-25,1.52,31.19,37.84,25.34,59.76,1.59,26.27
2006-04-26,0.01,30.87,36.6,25.89,60.73,1.91,22.81
2006-04-27,0.6,30.8,36.92,25.91,60.1,2.01,24.88
2006-04-28,2.96,31.31,37.55,26.04,58.09,0.84,19.47
2006-04-29,0.66,32.1,37.99,26.7,54.03,1.17,23.24
2006-04-30,0.6,30.98,38.22,24.26,51.09,2.47,26.06
2006-05-01,0.03,31.46,37.92,26.62,62.13,2.65,24.53
2006-05-02,0.06,31.53,39.02,24.49,61.83,2.21,24.06
2006-05-03,0.09,30.97,37.23,25.98,64.6,2.19,23.85
2006-05-04,0.4,30.83,36.33,26.41,62.88,2.25,25.65
2006-05-05,0.1,30.87,36.15,26.49,63.18,2.27,25.58
2006-05-06,9.73,29.6,33.41,26.82,73.08,2.36,24.56
2006-05-07,12.47,27.88,30.84,25.5,81.22,2.52,7.97
2006-05-08,0.3,27.38,31.54,25.4,68.14,2.1,24.67
2006-05-09,1.58,28.44,31.85,25.52,75.26,2.83,22.38
2006-05-10,5.17,28.35,30.61,26.43,77.53,3.18,20.41
2006-05-11,45.12,28.37,31.94,26.14,79.22,3.23,21.61
2006-05-12,49.96,27.42,29.77,25.67,88.73,2.91,9.41
2006-05-13,15.24,27.68,30.92,25.69,86.04,2.6,21.92
2006-05-14,7.5,27.73,30.83,25.71,86.61,1.75,18.59
2006-05-15,5.83,26.07,28.5,24.18,87.62,2.56,17.6
2006-05-16,0.06,27.12,32.06,22.44,78.0,1.82,27.19
2006-05-17,0.24,29.72,34.88,23.73,69.48,1.14,27.16
2006-05-18,0.0,30.25,35.59,25.09,70.27,1.26,26.9
2006-05-19,1.63,30.47,35.82,25.18,70.26,1.46,26.55
2006-05-20,4.24,29.71,34.35,25.67,73.2,1.54,26.38
2006-05-21,3.31,30.79,35.66,26.28,68.87,1.04,26.99
2006-05-22,0.13,31.24,36.62,26.07,66.51,1.27,26.9
2006-05-23,0.56,31.42,36.45,26.31,66.74,1.12,27.08
2006-05-24,5.45,30.82,35.17,26.71,68.64,1.34,22.35
2006-05-25,7.78,28.42,30.54,26.91,82.85,1.18,14.8
2006-05-26,60.13,27.67,29.41,26.93,91.73,3.64,4.3
2006-05-27,111.27,27.35,28.45,26.39,93.61,3.68,3.0
2006-05-28,33.39,27.28,28.23,26.39,93.59,3.74,2.79
2006-05-29,34.63,27.51,29.0,26.53,93.5,4.01,4.17
2006-05-30,28.68,27.91,29.74,26.55,93.71,4.07,6.89
2006-05-31,9.6,28.14,30.17,26.27,92.86,2.59,18.42
2006-06-01,16.88,27.99,29.37,26.91,93.86,2.89,11.8
2006-06-02,20.91,27.69,29.58,26.14,92.41,1.52,17.89
2006-06-03,8.15,27.32,28.86,25.97,93.61,1.44,22.66
2006-06-04,9.93,27.74,30.1,25.75,89.79,1.76,19.94
2006-06-05,11.54,27.71,29.51,26.54,91.58,3.82,16.3
2006-06-06,14.84,28.23,30.47,26.69,90.2,4.55,11.65
2006-06-07,13.55,28.57,31.45,26.72,88.63,4.34,17.99
2006-06-08,11.72,28.09,30.56,26.57,88.54,4.0,9.55
2006-06-09,35.11,28.01,30.93,26.43,90.33,3.67,11.11
2006-06-10,64.17,27.58,28.89,26.54,93.24,4.26,4.74
2006-06-11,3.35,28.58,31.02,26.87,90.97,3.98,15.23
2006-06-12,1.21,28.94,31.67,27.33,91.92,3.69,16.16
2006-06-13,11.57,28.55,30.68,27.1,91.3,2.79,15.63
2006-06-14,18.75,28.23,30.42,26.63,91.28,2.42,16.95
2006-06-15,0.69,27.93,30.46,26.25,92.36,1.94,18.89
2006-06-16,5.57,27.99,30.28,26.14,93.27,2.26,22.41
2006-06-17,4.98,28.43,31.33,26.37,90.63,1.87,19.83
2006-06-18,0.63,28.32,31.13,25.83,90.61,1.19,23.42
2006-06-19,1.26,30.15,33.61,26.31,76.26,0.78,20.5
2006-06-20,13.6,28.94,32.55,26.21,84.03,1.32,23.93
2006-06-21,15.56,28.17,31.17,26.23,88.73,1.72,23.62
2006-06-22,3.91,27.51,30.26,25.44,90.04,1.72,22.45
2006-06-23,5.3,28.1,30.89,26.27,89.93,2.45,22.83
2006-06-24,4.57,27.93,30.76,26.19,89.51,1.46,19.74
2006-06-25,0.86,28.22,30.73,25.96,86.42,0.87,19.18
2006-06-26,7.41,28.16,31.14,25.86,88.45,1.41,17.18
2006-06-27,6.81,28.29,31.87,25.74,88.51,1.83,15.23
2006-06-28,7.65,28.14,30.61,25.9,90.58,1.77,20.36
2006-06-29,2.99,28.52,31.64,26.37,89.9,1.68,25.29
2006-06-30,3.72,28.45,30.58,26.77,91.89,2.65,21.44
2006-07-01,1.98,28.99,32.1,26.82,91.94,2.24,23.41
2006-07-02,6.54,28.97,31.93,27.03,88.56,3.77,22.22
2006-07-03,7.82,28.55,30.97,26.57,88.68,4.4,17.09
2006-07-04,18.51,28.57,31.23,26.91,89.25,3.47,11.46
2006-07-05,10.75,28.17,30.57,26.37,91.27,2.54,18.04
2006-07-06,28.53,28.67,31.12,26.84,90.92,2.79,13.22
2006-07-07,17.66,29.33,32.42,27.27,89.75,2.54,7.12
2006-07-08,15.1,28.26,29.83,26.87,93.25,2.46,6.88
2006-07-09,35.36,27.77,29.82,26.58,92.44,3.94,6.47
2006-07-10,27.61,28.53,31.33,26.43,91.04,3.46,9.33
2006-07-11,18.47,28.06,30.34,26.71,92.05,4.74,6.49
2006-07-12,6.9,28.2,30.37,26.44,90.94,3.47,16.24
2006-07-13,0.64,27.46,28.8,26.28,91.38,2.45,20.41
2006-07-14,1.56,28.24,30.92,26.17,90.91,2.9,21.26
2006-07-15,1.14,28.35,31.09,26.64,90.96,3.32,19.23
2006-07-16,2.26,28.52,31.98,26.04,89.36,2.87,24.1
2006-07-17,5.01,27.9,30.52,26.01,89.32,2.99,21.33
2006-07-18,3.25,27.86,30.71,26.33,89.0,3.34,15.44
2006-07-19,10.54,27.71,30.23,26.18,90.09,3.32,9.29
2006-07-20,14.92,27.51,30.24,25.96,90.48,3.72,13.69
2006-07-21,2.81,27.73,30.77,25.78,87.82,3.59,18.37
2006-07-22,10.19,27.45,30.67,25.21,88.54,2.85,20.97
2006-07-23,5.31,27.21,30.25,25.07,89.08,1.86,23.09
2006-07-24,6.84,28.03,31.48,25.49,89.51,2.42,17.85
2006-07-25,9.29,27.96,30.92,25.8,90.85,1.97,22.01
2006-07-26,5.46,27.86,30.21,26.38,90.77,1.55,10.26
2006-07-27,7.34,27.52,30.5,25.8,91.49,2.45,19.8
2006-07-28,6.82,26.96,28.54,25.61,93.99,3.22,17.7
2006-07-29,8.91,27.6,30.31,26.05,91.69,3.25,11.59
2006-07-30,3.1,27.74,30.7,26.11,90.81,2.82,19.83
2006-07-31,3.43,27.99,30.48,25.86,89.95,2.35,23.79
2006-08-01,4.95,27.87,30.63,25.72,90.69,2.65,21.47
2006-08-02,0.36,27.49,31.29,25.32,88.54,3.34,24.35
2006-08-03,1.19,27.05,30.21,24.76,88.44,3.84,20.06
2006-08-04,7.49,25.61,27.48,24.4,92.7,3.21,16.61
2006-08-05,11.31,26.05,28.65,24.34,90.36,2.35,18.95
2006-08-06,9.82,26.7,29.94,24.04,88.59,1.87,20.62
2006-08-07,15.22,27.45,30.82,24.68,89.32,1.65,17.05
2006-08-08,13.67,27.67,29.93,25.65,89.32,1.1,14.8
2006-08-09,11.44,28.44,31.46,25.72,88.36,1.05,20.41
2006-08-10,20.44,27.95,29.95,26.2,92.83,2.67,22.09
2006-08-11,14.72,28.68,32.22,26.75,90.38,2.22,22.04
2006-08-12,1.83,27.99,31.17,25.78,89.69,3.42,23.72
2006-08-13,1.76,27.65,30.39,26.06,91.04,2.58,22.19
2006-08-14,0.9,27.25,29.43,25.73,91.64,1.76,18.83
2006-08-15,1.8,27.36,29.68,25.78,92.84,2.02,20.51
2006-08-16,0.68,27.15,30.51,25.07,91.4,2.89,18.89
2006-08-17,3.22,27.01,29.26,25.25,91.79,2.97,19.66
2006-08-18,4.54,27.47,30.29,25.5,91.15,2.81,16.63
2006-08-19,5.32,27.81,30.46,25.79,91.23,1.75,17.64
2006-08-20,4.54,27.98,31.07,25.71,90.11,1.37,18.68
2006-08-21,10.24,27.14,28.8,25.89,92.78,2.59,16.45
2006-08-22,12.27,27.15,29.88,24.98,90.65,4.54,13.72
2006-08-23,16.99,27.23,29.97,25.41,89.76,4.34,18.64
2006-08-24,20.55,27.85,30.96,25.81,90.72,3.51,16.83
2006-08-25,8.29,27.89,31.04,25.44,89.85,2.11,19.25
2006-08-26,3.01,27.48,30.26,25.8,89.28,2.71,20.64
2006-08-27,1.13,28.2,31.6,25.59,88.9,2.34,21.61
2006-08-28,11.79,28.54,32.25,25.74,87.43,1.49,19.66
2006-08-29,4.87,27.34,29.71,25.82,91.14,3.33,14.17
2006-08-30,4.63,26.74,28.6,25.59,92.45,2.44,18.32
2006-08-31,3.4,26.88,29.05,25.33,91.51,1.26,19.11
2006-09-01,3.02,27.39,30.13,24.95,89.66,1.25,18.81
2006-09-02,7.4,27.45,30.29,25.11,91.58,2.01,14.39
2006-09-03,6.06,26.92,29.88,25.28,89.79,3.12,19.28
2006-09-04,1.22,26.83,30.31,24.6,88.68,2.98,24.68
2006-09-05,0.31,27.33,31.16,24.07,86.4,1.6,22.49
2006-09-06,0.0,27.45,31.5,24.12,85.74,1.01,21.82
2006-09-07,0.11,27.9,31.49,24.79,87.17,1.6,20.58
2006-09-08,2.0,28.25,31.92,24.97,87.85,1.6,19.27
2006-09-09,3.32,28.39,31.55,25.78,88.94,1.39,18.46
2006-09-10,20.31,27.24,28.91,25.96,93.06,1.59,12.55
2006-09-11,28.68,26.66,28.25,25.28,94.08,1.94,8.95
2006-09-12,5.86,26.99,29.5,24.73,89.13,1.78,17.84
2006-09-13,0.96,27.56,30.21,25.43,90.04,1.54,16.37
2006-09-14,3.45,27.87,30.63,26.03,86.55,0.87,21.74
2006-09-15,1.62,28.16,30.45,25.84,83.04,0.61,18.56
2006-09-16,1.95,28.15,31.88,24.6,84.23,0.86,20.64
2006-09-17,1.35,28.5,31.83,25.73,84.33,0.85,20.03
2006-09-18,8.17,28.08,31.86,24.74,86.85,1.91,20.3
2006-09-19,16.68,27.34,30.47,25.55,88.62,2.62,17.05
2006-09-20,32.54,26.33,27.26,25.58,92.85,3.91,2.76
2006-09-21,91.99,26.3,27.48,25.22,93.71,4.97,3.98
2006-09-22,79.02,26.42,27.78,25.11,94.39,4.59,3.56
2006-09-23,29.56,26.47,28.09,25.51,92.7,3.98,11.46
2006-09-24,6.47,26.85,29.66,24.69,91.42,2.79,20.38
2006-09-25,5.81,27.24,30.25,24.98,89.42,1.7,22.21
2006-09-26,0.21,27.93,31.3,24.97,82.32,0.75,20.87
2006-09-27,0.07,27.5,30.28,24.32,87.68,1.33,16.59
2006-09-28,4.11,27.58,30.2,25.23,89.33,0.83,13.22
2006-09-29,5.74,27.17,29.29,25.75,92.58,1.05,16.01
2006-09-30,4.5,27.22,30.24,25.42,88.56,0.8,18.34
2006-10-01,2.53,27.2,30.05,24.95,88.09,0.66,18.79
2006-10-02,0.57,27.99,31.5,24.76,86.29,1.09,20.56
2006-10-03,2.84,28.42,31.68,25.14,84.87,1.02,18.8
2006-10-04,8.54,27.69,30.39,25.81,90.2,1.07,11.66
2006-10-05,1.62,27.18,29.51,25.2,90.01,1.02,17.7
2006-10-06,8.93,28.35,31.75,25.62,82.52,0.62,20.64
2006-10-07,0.71,27.45,31.66,23.65,83.05,0.93,20.19
2006-10-08,0.0,27.68,31.56,23.82,85.71,1.34,19.23
2006-10-09,0.98,28.52,31.92,24.53,80.97,1.06,19.62
2006-10-10,3.03,27.91,31.42,24.87,85.93,1.17,17.37
2006-10-11,0.7,28.04,31.83,24.55,83.83,0.88,17.8
2006-10-12,1.59,27.96,31.96,24.6,85.08,1.1,19.14
2006-10-13,5.46,26.96,29.95,25.16,90.08,1.59,4.92
2006-10-14,3.69,26.77,29.54,24.83,86.75,0.91,13.88
2006-10-15,0.79,27.35,30.25,24.9,78.64,0.38,17.8
2006-10-16,0.12,26.7,29.79,23.25,84.03,1.16,20.64
2006-10-17,0.62,25.8,29.26,23.19,87.62,1.28,18.74
2006-10-18,0.5,24.94,27.95,22.54,89.55,1.37,12.43
2006-10-19,0.34,25.08,27.77,22.32,84.27,0.82,6.84
2006-10-20,1.53,25.0,27.9,22.22,86.22,1.29,7.57
2006-10-21,0.1,25.2,29.57,20.99,82.99,1.07,20.25
2006-10-22,0.0,25.0,29.48,21.07,85.33,1.41,20.29
2006-10-23,0.0,24.74,29.56,20.64,85.36,1.66,20.39
2006-10-24,0.0,24.06,29.15,19.86,85.78,1.71,20.03
2006-10-25,0.0,24.15,29.12,19.72,86.12,1.94,16.3
2006-10-26,0.0,24.68,30.1,20.16,83.87,1.54,19.7
2006-10-27,0.01,24.8,29.81,20.04,83.87,1.57,14.65
2006-10-28,0.02,24.09,27.72,21.25,86.75,1.32,9.38
2006-10-29,0.0,24.51,29.48,20.5,84.51,1.65,17.53
2006-10-30,0.01,23.63,28.87,18.63,82.87,1.48,14.07
2006-10-31,0.16,24.35,29.35,20.38,83.33,1.63,15.22
2006-11-01,0.12,24.16,28.85,20.05,86.19,1.4,14.08
2006-11-02,0.17,24.86,29.84,20.72,84.75,1.7,18.87
2006-11-03,0.0,24.72,29.95,20.83,84.74,1.53,19.37
2006-11-04,0.0,24.13,29.68,19.64,83.75,1.51,19.36
2006-11-05,0.0,23.51,28.35,19.5,86.5,1.81,19.05
2006-11-06,0.0,23.62,27.86,20.28,86.46,2.2,14.49
2006-11-07,0.05,22.68,25.96,20.37,87.92,2.07,14.64
2006-11-08,2.91,23.68,27.99,19.73,85.34,0.91,7.6
2006-11-09,1.35,23.49,26.25,21.27,88.59,1.01,6.04
2006-11-10,0.49,23.23,27.28,20.64,88.11,1.67,10.88
2006-11-11,0.16,22.51,26.99,19.97,88.32,1.7,10.25
2006-11-12,0.0,22.44,26.22,19.96,87.89,2.01,14.58
2006-11-13,0.03,22.76,27.74,18.56,86.62,1.7,17.06
2006-11-14,0.0,22.86,27.84,18.93,83.53,1.27,15.33
2006-11-15,0.0,22.05,27.72,17.31,82.38,1.68,17.4
2006-11-16,0.0,21.87,27.07,17.54,78.52,1.52,14.67
2006-11-17,0.0,20.83,26.44,15.9,82.35,1.65,18.16
2006-11-18,0.0,20.9,26.69,15.57,78.96,1.71,18.29
2006-11-19,0.0,20.95,26.37,15.72,76.81,1.42,18.3
2006-11-20,0.0,22.13,27.52,16.93,73.23,0.81,17.35
2006-11-21,0.0,22.01,26.86,17.78,76.08,0.99,15.89
2006-11-22,0.0,20.83,26.03,15.73,73.53,1.11,16.71
2006-11-23,0.0,21.68,26.35,16.91,68.82,0.7,15.99
2006-11-24,0.0,22.77,27.61,17.33,67.69,0.67,16.39
2006-11-25,0.05,22.66,27.15,17.94,72.69,0.9,15.94
2006-11-26,0.18,22.18,26.13,18.32,73.6,0.79,12.56
2006-11-27,0.0,20.16,25.6,15.91,77.22,1.46,15.71
2006-11-28,0.0,18.0,23.63,13.08,73.73,1.6,17.07
2006-11-29,0.0,16.68,23.1,11.51,76.88,1.57,17.15
2006-11-30,0.0,16.67,23.18,11.36,79.1,1.7,17.13
2006-12-01,0.0,16.61,22.92,11.46,81.65,1.95,17.02
2006-12-02,0.0,16.35,23.07,11.11,78.22,1.85,17.19
2006-12-03,0.0,16.09,22.9,10.36,76.69,1.82,16.85
2006-12-04,0.0,17.15,23.81,11.37,77.1,1.49,17.02
2006-12-05,0.0,17.96,24.07,12.54,77.61,1.29,17.3
2006-12-06,0.0,18.49,24.84,12.83,79.12,1.27,17.35
2006-12-07,0.0,18.65,24.9,12.96,77.26,1.5,17.13
2006-12-08,0.0,19.11,25.56,13.05,74.77,1.32,16.54
2006-12-09,0.0,18.92,25.4,13.27,77.34,1.5,15.93
2006-12-10,0.0,18.85,24.88,13.99,79.25,1.4,15.7
2006-12-11,0.0,18.93,24.94,13.48,78.12,1.39,16.08
2006-12-12,0.02,19.26,25.01,13.19,77.35,1.07,15.38
2006-12-13,0.0,18.72,23.9,14.63,83.2,1.98,14.56
2006-12-14,0.0,16.47,22.6,11.04,80.33,1.79,16.25
2006-12-15,0.0,16.66,23.11,10.69,84.35,1.56,16.53
2006-12-16,0.0,18.45,25.26,12.19,79.57,0.97,15.98
2006-12-17,0.0,19.09,25.69,13.67,78.07,1.03,15.14
2006-12-18,0.06,19.9,24.82,16.37,83.13,1.01,14.4
2006-12-19,0.0,20.12,25.89,14.69,78.39,0.84,14.36
2006-12-20,0.0,20.66,26.92,15.46,81.44,1.13,15.53
2006-12-21,0.0,20.86,26.53,16.22,78.79,0.79,15.73
2006-12-22,0.0,20.68,25.95,15.83,74.73,0.85,15.58
2006-12-23,0.0,19.72,25.18,14.84,76.54,1.24,15.21
2006-12-24,0.0,18.02,24.69,12.98,80.86,2.12,16.17
2006-12-25,0.0,16.81,23.49,11.4,78.3,1.86,16.42
2006-12-26,0.0,16.83,23.44,10.69,73.28,1.36,16.36
2006-12-27,0.0,17.49,23.94,11.28,67.69,1.09,16.24
2006-12-28,0.0,17.07,23.83,11.52,74.6,1.35,14.78
2006-12-29,0.0,16.68,23.58,11.66,76.09,1.63,14.87
2006-12-30,0.0,16.29,22.71,11.56,80.86,1.31,13.17
2006-12-31,0.0,16.0,22.39,10.94,84.04,1.4,13.28
2007-01-01,0.0,16.09,22.84,10.66,76.94,1.41,15.8
2007-01-02,0.0,15.55,22.4,10.6,70.66,1.42,16.01
2007-01-03,0.0,14.5,21.15,9.32,73.34,1.79,15.15
2007-01-04,0.0,13.4,20.06,8.08,73.69,1.63,15.71
2007-01-05,0.0,14.35,21.87,8.52,77.04,1.55,14.94
2007-01-06,0.0,15.23,23.61,8.91,78.13,1.69,15.47
2007-01-07,0.0,15.66,23.33,9.4,76.39,1.8,13.04
2007-01-08,0.0,15.29,22.61,9.3,78.46,1.85,13.98
2007-01-09,0.0,15.09,22.7,8.73,74.08,1.73,16.74
2007-01-10,0.0,15.79,22.94,9.48,72.35,1.49,17.4
2007-01-11,0.0,15.39,23.2,9.03,73.28,1.66,17.72
2007-01-12,0.0,15.43,23.4,9.2,70.07,1.84,17.83
2007-01-13,0.0,15.74,23.34,9.83,73.7,1.57,15.66
2007-01-14,0.0,15.47,22.49,11.07,73.13,1.53,13.99
2007-01-15,0.0,14.29,21.47,8.42,64.9,1.46,13.84
2007-01-16,0.0,15.24,22.34,8.8,61.61,1.51,15.68
2007-01-17,0.0,15.56,23.6,9.64,64.83,1.76,7.95
2007-01-18,0.0,15.06,23.33,9.11,67.53,2.0,18.34
2007-01-19,0.0,14.93,22.36,8.87,68.2,1.71,17.27
2007-01-20,0.0,16.02,22.72,9.17,59.34,1.16,17.12
2007-01-21,0.0,16.96,23.32,9.98,57.63,1.02,17.17
2007-01-22,0.0,17.0,24.29,11.11,63.88,1.42,17.9
2007-01-23,0.0,16.21,24.44,10.38,64.87,1.88,17.68
2007-01-24,0.0,15.88,24.28,9.42,66.59,1.64,18.44
2007-01-25,0.0,17.04,24.41,10.38,65.56,1.26,18.84
2007-01-26,0.0,18.7,24.98,12.02,63.4,1.01,18.3
2007-01-27,0.0,19.55,26.28,13.3,62.16,1.16,18.37
2007-01-28,0.0,20.41,27.65,13.72,59.85,1.39,18.26
2007-01-29,0.0,20.36,26.71,14.48,64.45,0.9,16.36
2007-01-30,0.0,19.67,25.58,15.78,84.81,1.18,12.73
2007-01-31,0.0,20.15,26.71,15.33,85.44,1.58,15.21
2007-02-01,0.32,21.35,26.96,16.27,79.33,1.24,13.97
2007-02-02,0.01,21.17,27.36,15.33,76.56,1.08,15.07
2007-02-03,0.05,21.19,26.74,16.84,78.1,1.18,14.75
2007-02-04,7.42,20.75,26.0,16.38,84.7,1.88,10.33
2007-02-05,31.49,20.42,24.29,17.39,90.01,2.68,8.24
2007-02-06,4.75,20.43,25.41,17.2,87.22,2.11,11.25
2007-02-07,5.35,19.69,24.53,16.38,85.82,1.88,16.74
2007-02-08,0.86,19.95,26.1,14.48,80.53,1.07,10.71
2007-02-09,0.23,20.57,26.44,14.66,75.92,1.21,17.83
2007-02-10,0.0,20.86,28.05,14.27,69.19,1.49,19.68
2007-02-11,0.0,21.29,27.82,15.28,60.21,1.16,19.92
2007-02-12,0.0,21.22,27.36,16.02,73.72,1.01,19.18
2007-02-13,1.61,20.66,25.99,15.65,77.64,0.95,14.3
2007-02-14,20.18,18.64,21.21,16.62,91.09,2.47,5.51
2007-02-15,0.01,18.08,24.48,12.71,74.45,1.66,18.99
2007-02-16,0.0,17.8,23.78,11.76,60.19,1.2,21.58
2007-02-17,0.0,18.03,25.03,11.2,67.83,1.52,19.59
2007-02-18,0.0,18.57,25.6,12.72,66.28,1.66,20.54
2007-02-19,0.0,18.18,25.69,12.08,64.43,2.02,21.47
2007-02-20,0.0,18.06,25.93,11.29,59.48,1.99,21.95
2007-02-21,0.0,18.76,26.83,12.01,58.63,1.64,22.38
2007-02-22,0.0,19.62,27.4,12.18,58.32,1.44,22.36
2007-02-23,0.0,20.1,27.57,12.84,60.89,1.48,22.06
2007-02-24,0.0,21.84,28.61,15.24,55.31,1.31,22.16
2007-02-25,0.0,22.77,29.03,15.87,51.78,1.05,21.43
2007-02-26,0.03,22.21,28.89,16.31,57.5,1.48,20.12
2007-02-27,0.02,21.49,28.77,14.97,62.62,1.89,21.33
2007-02-28,0.0,21.89,29.33,14.83,58.96,1.68,22.75
2007-03-01,0.37,23.2,30.8,15.93,56.47,1.3,21.99
2007-03-02,1.64,22.18,28.48,15.98,67.13,1.56,16.34
2007-03-03,0.03,22.1,28.53,17.36,66.35,1.96,20.99
2007-03-04,0.0,21.23,28.94,14.37,55.75,1.84,23.75
2007-03-05,0.0,21.04,29.44,13.88,52.76,1.84,23.66
2007-03-06,0.0,21.31,29.34,13.87,48.4,1.79,23.8
2007-03-07,0.0,21.69,29.51,15.7,41.47,1.78,24.51
2007-03-08,0.0,21.29,29.49,13.98,41.22,1.43,24.69
2007-03-09,0.0,21.12,30.26,12.86,42.3,1.73,24.33
2007-03-10,0.0,22.41,30.98,13.5,42.71,1.63,22.35
2007-03-11,0.0,24.89,32.51,17.42,44.78,1.05,22.53
2007-03-12,0.0,25.9,34.38,18.24,47.8,1.19,22.96
2007-03-13,0.01,25.37,33.1,18.65,51.05,1.65,22.23
2007-03-14,0.0,25.64,33.59,18.82,53.01,2.22,21.85
2007-03-15,0.0,25.99,32.63,19.56,55.62,1.87,22.53
2007-03-16,0.0,23.94,31.25,18.32,45.49,2.46,24.96
2007-03-17,0.0,23.53,31.47,16.38,36.09,1.45,25.14
2007-03-18,0.0,23.57,31.41,14.73,38.3,1.4,25.5
2007-03-19,0.0,25.37,32.62,16.51,38.78,1.1,24.01
2007-03-20,0.0,25.62,33.55,18.36,59.13,1.08,21.77
2007-03-21,0.0,26.09,32.4,20.64,73.04,1.95,22.05
2007-03-22,0.26,26.27,32.04,21.57,74.58,2.91,17.96
2007-03-23,0.08,26.85,32.86,22.21,74.26,2.65,21.65
2007-03-24,0.01,27.42,33.68,22.19,71.8,2.11,19.82
2007-03-25,0.0,28.4,35.2,22.28,58.7,1.18,21.75
2007-03-26,0.0,28.21,35.63,20.28,50.84,1.18,24.47
2007-03-27,0.0,27.48,35.85,19.88,42.73,1.1,24.86
2007-03-28,9.86,26.45,35.1,16.76,44.09,1.2,25.77
2007-03-29,0.0,28.24,36.18,19.53,38.25,1.26,24.43
2007-03-30,0.0,27.91,36.4,20.79,56.89,1.41,24.89
2007-03-31,0.0,27.8,36.05,21.11,63.67,1.8,25.69
2007-04-01,0.0,28.1,35.47,21.78,66.71,2.39,25.11
2007-04-02,0.0,28.23,35.23,22.63,71.2,3.11,22.86
2007-04-03,0.01,28.72,35.08,23.85,73.26,3.53,21.06
2007-04-04,0.01,28.53,34.58,24.34,72.79,3.39,20.31
2007-04-05,0.01,28.19,34.86,23.34,70.57,2.89,23.85
2007-04-06,0.01,28.38,35.0,22.93,67.97,2.83,23.87
2007-04-07,0.0,28.45,34.28,23.81,68.7,3.05,23.32
2007-04-08,0.01,28.11,33.85,23.68,71.29,3.82,22.54
2007-04-09,0.99,28.73,34.38,25.15,69.16,4.06,18.57
2007-04-10,17.43,27.48,32.63,24.33,75.51,3.19,16.7
2007-04-11,23.68,26.47,30.54,23.34,81.44,3.28,11.85
2007-04-12,13.31,26.52,30.71,23.84,80.63,2.55,14.11
2007-04-13,2.12,26.31,30.29,23.77,74.78,1.2,25.04
2007-04-14,0.0,26.95,31.27,22.52,69.08,0.69,24.75
2007-04-15,0.0,27.39,31.04,24.12,71.61,0.74,24.88
2007-04-16,0.0,27.83,32.72,23.91,71.61,1.37,21.28
2007-04-17,0.0,28.99,35.86,23.45,64.5,1.08,25.58
2007-04-18,0.98,29.74,35.7,23.91,63.15,0.97,25.04
2007-04-19,0.57,29.7,35.85,24.2,62.56,1.64,23.34
2007-04-20,1.29,28.98,34.09,24.43,68.96,2.17,25.3
2007-04-21,5.83,28.74,33.64,24.85,72.57,2.81,21.94
2007-04-22,25.82,27.52,30.09,25.37,84.09,3.39,22.62
2007-04-23,24.21,28.18,31.62,25.9,83.85,3.77,22.97
2007-04-24,7.89,28.13,32.28,25.33,83.22,3.55,23.17
2007-04-25,5.98,27.97,32.69,24.93,79.09,2.88,21.04
2007-04-26,2.96,28.24,33.53,24.32,78.39,2.47,23.54
2007-04-27,4.95,27.76,33.81,23.65,73.34,2.93,14.99
2007-04-28,15.37,27.03,31.84,22.46,76.64,1.42,23.1
2007-04-29,0.0,28.69,34.61,23.23,67.94,1.0,26.65
2007-04-30,0.0,28.61,35.43,22.91,64.81,1.63,27.22
2007-05-01,0.0,29.38,37.5,21.84,59.9,1.96,26.98
2007-05-02,0.0,30.59,37.34,24.4,55.02,1.35,25.15
2007-05-03,0.08,31.12,36.47,25.72,63.13,0.92,24.18
2007-05-04,0.22,31.25,36.15,26.66,61.59,0.89,24.52
2007-05-05,0.0,31.19,36.54,26.09,65.59,1.14,25.28
2007-05-06,0.05,31.78,37.15,26.9,64.37,1.15,23.73
2007-05-07,0.06,30.17,34.28,26.32,66.48,1.07,19.92
2007-05-08,0.47,29.9,35.29,25.36,64.68,1.52,22.21
2007-05-09,14.42,29.26,33.1,25.89,73.74,1.03,21.35
2007-05-10,13.51,29.25,32.94,25.68,73.77,1.09,22.47
2007-05-11,1.83,29.37,33.15,25.9,75.61,1.7,22.93
2007-05-12,2.26,29.35,32.43,26.49,74.99,0.89,20.46
2007-05-13,0.86,28.68,32.45,25.35,75.5,1.31,21.85
2007-05-14,31.81,26.09,28.61,24.04,85.19,3.18,6.18
2007-05-15,19.22,26.45,30.23,22.99,83.36,3.23,15.72
2007-05-16,7.71,28.11,31.82,24.97,83.05,1.88,19.99
2007-05-17,11.14,26.77,29.41,25.07,84.97,2.32,17.79
2007-05-18,11.09,27.11,31.09,23.66,85.33,2.04,21.41
2007-05-19,25.86,27.56,30.16,25.61,86.3,1.06,15.7
2007-05-20,19.89,28.46,31.78,25.57,83.7,1.89,8.41
2007-05-21,12.75,27.63,29.62,26.04,89.07,1.98,14.12
2007-05-22,0.94,28.41,31.8,26.33,86.94,2.79,16.97
2007-05-23,0.95,28.23,30.82,26.51,89.68,2.95,17.73
2007-05-24,9.53,27.96,30.66,26.68,91.36,3.26,16.27
2007-05-25,10.03,27.8,30.13,25.57,88.87,2.73,23.05
2007-05-26,1.87,27.21,30.34,25.07,85.27,2.66,23.81
2007-05-27,9.23,27.92,31.44,24.51,87.4,2.16,23.9
2007-05-28,16.89,28.19,30.81,26.3,89.84,1.64,23.25
2007-05-29,0.01,28.82,31.95,25.87,85.09,1.2,24.05
2007-05-30,0.0,28.28,31.05,25.58,89.5,1.37,23.78
2007-05-31,0.0,28.73,32.16,25.96,87.13,2.11,25.06
2007-06-01,0.26,28.61,31.45,26.51,86.85,2.41,21.34
2007-06-02,1.34,28.64,31.51,26.74,87.32,2.34,22.56
2007-06-03,8.97,28.56,30.96,26.67,89.73,2.2,20.2
2007-06-04,11.29,28.92,32.39,26.03,85.98,1.27,9.76
2007-06-05,8.14,27.95,29.84,26.32,89.71,2.02,11.47
2007-06-06,1.28,27.7,30.07,26.08,89.04,2.54,12.64
2007-06-07,22.1,27.94,30.4,26.32,87.95,2.24,21.76
2007-06-08,88.47,28.36,30.6,26.51,88.77,3.5,10.34
2007-06-09,10.48,28.06,29.55,26.81,91.31,3.3,8.43
2007-06-10,77.36,27.42,28.47,26.3,94.24,3.54,7.32
2007-06-11,91.86,28.17,29.85,26.85,94.34,2.68,2.24
2007-06-12,55.83,28.38,30.84,26.72,90.08,1.63,8.78
2007-06-13,7.9,27.44,29.58,25.56,91.52,2.24,14.37
2007-06-14,2.15,27.89,31.35,25.29,87.38,3.12,20.05
2007-06-15,42.06,27.55,29.58,26.34,93.3,3.67,7.12
2007-06-16,39.41,27.8,29.49,26.5,92.42,3.38,6.04
2007-06-17,31.38,27.78,29.32,26.61,92.97,2.6,17.43
2007-06-18,17.16,27.4,28.93,25.99,93.9,2.17,17.41
2007-06-19,1.07,28.46,31.28,25.74,88.77,1.32,23.22
2007-06-20,1.67,29.42,32.83,25.92,83.61,0.91,17.85
2007-06-21,2.28,28.68,32.5,26.25,87.39,1.3,25.04
2007-06-22,5.17,28.36,30.65,26.87,92.16,1.98,23.93
2007-06-23,4.15,28.35,30.9,26.43,90.23,2.31,22.8
2007-06-24,3.63,28.02,31.06,25.79,88.7,1.3,23.29
2007-06-25,6.3,28.16,30.61,26.01,90.11,1.73,24.53
2007-06-26,1.23,28.45,31.47,25.93,89.82,1.63,27.33
2007-06-27,2.21,28.67,32.91,25.91,88.11,1.77,22.81
2007-06-28,9.93,28.16,30.69,26.28,90.01,4.37,16.33
2007-06-29,6.57,28.22,30.27,26.81,90.44,4.36,5.95
2007-06-30,25.83,27.75,29.26,26.44,92.84,3.21,14.66
2007-07-01,63.64,28.15,30.59,26.28,92.09,3.25,17.85
2007-07-02,56.63,28.46,31.08,26.72,92.32,2.69,17.04
2007-07-03,18.29,27.89,29.72,26.33,91.94,3.32,13.62
2007-07-04,9.38,27.98,29.3,26.93,93.86,5.33,11.26
2007-07-05,32.16,28.78,31.66,27.03,90.51,3.48,8.05
2007-07-06,12.71,28.04,30.46,26.44,90.69,4.14,8.93
2007-07-07,11.53,27.55,29.81,26.06,91.63,3.72,21.48
2007-07-08,9.85,27.51,30.07,25.43,89.35,3.26,19.1
2007-07-09,16.15,28.18,31.05,25.58,89.34,2.46,17.7
2007-07-10,5.1,28.08,30.37,26.45,90.8,1.9,14.43
2007-07-11,0.43,28.2,31.1,25.98,89.0,1.88,23.67
2007-07-12,0.7,29.18,32.66,25.94,87.59,1.73,23.34
2007-07-13,2.14,28.51,30.31,27.13,93.22,1.93,24.73
2007-07-14,3.05,28.71,32.0,26.94,91.62,2.36,25.25
2007-07-15,33.23,28.23,29.91,26.57,93.69,3.88,18.42
2007-07-16,33.62,28.37,30.36,26.97,92.36,4.35,9.77
2007-07-17,23.94,28.24,29.83,26.8,94.59,3.77,7.12
2007-07-18,43.68,27.98,29.99,26.52,92.58,3.3,8.71
2007-07-19,108.39,28.37,30.31,27.28,94.32,3.84,4.61
2007-07-20,51.09,27.47,28.98,25.92,93.66,3.72,5.12
2007-07-21,57.93,27.24,28.67,26.03,93.26,3.46,6.25
2007-07-22,21.09,26.68,28.49,25.58,92.72,3.82,14.17
2007-07-23,23.09,27.46,30.29,25.61,91.12,3.04,14.2
2007-07-24,34.5,26.99,29.18,25.46,92.3,3.34,12.35
2007-07-25,26.06,26.84,28.98,25.64,92.51,3.96,10.16
2007-07-26,49.24,26.66,28.66,25.53,93.79,3.1,9.13
2007-07-27,43.16,26.22,27.57,25.19,93.99,2.97,12.16
2007-07-28,15.29,26.29,27.65,25.07,93.08,2.94,21.89
2007-07-29,4.58,26.84,29.07,25.38,92.74,1.96,19.0
2007-07-30,0.59,27.95,31.13,25.22,88.53,1.89,23.37
2007-07-31,6.94,27.76,30.77,25.26,89.66,1.92,19.71
2007-08-01,11.18,27.78,30.5,25.64,89.59,2.01,17.2
2007-08-02,5.69,26.98,28.94,25.37,92.04,1.35,18.9
2007-08-03,0.58,27.33,29.59,25.62,91.02,1.39,23.47
2007-08-04,1.35,28.52,32.46,25.42,87.74,1.71,25.44
2007-08-05,2.46,29.01,32.94,25.64,87.82,2.63,24.35
2007-08-06,2.12,28.36,31.18,26.64,89.38,3.87,20.65
2007-08-07,4.31,28.04,30.92,26.09,89.77,2.99,15.12
2007-08-08,2.15,28.07,31.38,26.13,90.23,1.86,19.18
2007-08-09,0.1,29.62,33.62,25.74,83.94,0.81,23.92
2007-08-10,2.06,29.94,33.19,26.74,86.65,1.4,19.56
2007-08-11,15.51,28.77,32.13,27.06,91.42,4.15,17.64
2007-08-12,16.44,27.64,29.28,26.81,93.15,5.12,10.01
2007-08-13,45.45,27.57,28.79,26.53,93.19,4.06,11.2
2007-08-14,46.67,27.78,29.57,26.79,92.03,4.97,10.93
2007-08-15,31.49,28.45,31.33,26.44,90.87,2.03,6.03
2007-08-16,3.53,27.84,29.51,26.54,94.18,2.1,8.88
2007-08-17,8.71,27.56,29.99,25.84,92.31,1.68,15.94
2007-08-18,5.72,27.05,29.08,25.69,94.22,2.71,17.78
2007-08-19,1.09,26.78,29.37,25.16,92.07,3.43,21.18
2007-08-20,1.36,27.03,29.85,24.66,90.14,2.24,23.39
2007-08-21,1.16,28.11,31.59,25.18,87.13,1.25,22.93
2007-08-22,1.29,27.86,30.74,25.59,88.65,1.14,18.97
2007-08-23,2.5,27.67,30.6,25.53,88.99,1.39,16.64
2007-08-24,13.71,27.51,30.75,25.36,90.14,1.34,14.51
2007-08-25,17.02,26.48,27.55,25.33,94.48,2.25,12.24
2007-08-26,56.95,27.18,30.27,25.06,91.54,1.99,10.86
2007-08-27,25.67,26.72,29.16,25.03,91.42,1.79,15.65
2007-08-28,2.56,27.33,30.68,24.77,90.14,1.37,21.09
2007-08-29,1.91,26.99,29.08,25.22,92.23,1.43,17.78
2007-08-30,2.82,28.09,32.15,24.83,87.41,1.2,18.82
2007-08-31,3.69,28.07,31.69,25.47,88.76,1.55,21.36
2007-09-01,3.67,27.76,31.58,25.36,89.7,1.5,21.42
2007-09-02,8.34,28.02,31.15,26.02,90.4,2.57,19.1
2007-09-03,16.25,27.87,30.39,26.39,92.86,2.21,15.45
2007-09-04,18.06,27.36,29.0,26.09,94.06,2.35,13.4
2007-09-05,21.72,27.11,28.82,25.61,94.54,3.86,10.61
2007-09-06,74.07,27.2,28.6,25.35,94.79,5.47,3.75
2007-09-07,116.9,27.14,28.39,26.38,94.26,4.9,5.45
2007-09-08,61.1,27.25,28.33,26.63,94.62,3.4,2.56
2007-09-09,18.02,27.4,29.12,25.92,94.27,2.28,6.71
2007-09-10,6.22,27.87,30.38,26.03,92.2,2.09,4.14
2007-09-11,2.52,27.92,30.41,25.75,92.14,1.94,12.76
2007-09-12,2.38,27.32,29.68,25.85,91.67,1.37,16.74
2007-09-13,0.06,27.78,30.77,25.89,88.88,1.37,19.7
2007-09-14,0.03,27.19,29.26,25.51,91.94,1.25,21.04
2007-09-15,1.17,27.23,29.48,25.34,92.18,1.25,20.22
2007-09-16,0.78,27.35,29.52,25.68,91.31,0.99,21.96
2007-09-17,3.13,27.76,30.03,25.62,88.71,0.7,16.92
2007-09-18,4.51,27.76,30.35,25.15,90.13,1.28,20.34
2007-09-19,1.45,28.31,32.37,25.11,85.26,1.03,15.12
2007-09-20,5.8,27.49,30.13,25.83,89.63,1.2,22.49
2007-09-21,0.42,27.01,29.5,24.98,89.79,1.99,13.81
2007-09-22,0.82,25.62,28.86,22.67,88.61,2.68,10.23
2007-09-23,8.86,25.46,27.45,23.6,92.24,2.89,7.22
2007-09-24,3.1,25.67,27.41,24.13,92.73,2.87,10.47
2007-09-25,0.78,26.14,28.38,24.7,92.99,1.89,15.17
2007-09-26,0.0,27.33,30.65,24.75,84.7,0.72,21.9
2007-09-27,0.0,27.39,30.84,24.95,88.42,1.46,19.51
2007-09-28,0.0,27.06,30.2,24.51,89.48,1.34,19.02
2007-09-29,4.82,26.81,28.54,25.31,89.9,0.7,18.0
2007-09-30,10.77,27.55,29.9,25.36,85.15,0.63,12.51
2007-10-01,1.79,27.94,30.57,24.77,83.58,0.75,19.63
2007-10-02,0.99,28.15,31.14,24.97,85.91,0.92,19.92
2007-10-03,1.38,27.03,29.33,25.41,91.32,1.36,20.35
2007-10-04,0.0,27.33,30.0,24.9,90.65,1.31,20.59
2007-10-05,0.0,28.01,30.8,25.44,89.25,1.69,19.36
2007-10-06,14.09,27.47,30.02,25.7,91.17,1.31,16.69
2007-10-07,49.16,27.36,29.39,25.83,94.75,2.9,10.22
2007-10-08,135.24,26.33,27.28,25.3,94.41,2.92,5.11
2007-10-09,44.26,26.62,28.47,25.1,91.76,2.74,15.22
2007-10-10,1.95,26.3,28.76,24.52,89.01,1.28,13.55
2007-10-11,4.44,26.74,29.83,24.49,85.59,0.89,14.05
2007-10-12,0.14,27.17,30.87,24.35,82.31,0.76,18.39
2007-10-13,0.38,26.85,29.73,24.53,86.19,1.1,14.13
2007-10-14,4.21,25.66,27.22,24.2,91.68,1.26,14.27
2007-10-15,7.23,24.71,26.47,23.04,94.09,2.14,3.44
2007-10-16,103.37,25.74,26.96,24.83,94.34,3.69,2.85
2007-10-17,3.91,25.85,27.65,24.38,91.19,1.61,8.94
2007-10-18,4.57,25.66,28.44,23.55,84.9,0.84,15.4
2007-10-19,3.8,25.05,28.37,22.11,88.55,1.47,18.0
2007-10-20,3.19,25.4,29.04,22.4,87.76,1.23,16.35
2007-10-21,0.44,23.47,27.52,20.53,84.14,1.93,19.63
2007-10-22,0.0,22.65,27.72,18.2,85.37,1.9,21.12
2007-10-23,0.0,22.4,27.55,18.32,87.19,2.19,21.61
2007-10-24,0.0,22.59,28.23,17.71,86.39,1.77,21.7
2007-10-25,0.0,22.43,28.03,17.65,86.53,1.82,21.52
2007-10-26,0.0,22.14,28.06,17.02,85.12,1.75,21.25
2007-10-27,0.0,22.03,27.37,16.57,85.63,1.57,21.23
2007-10-28,0.0,22.34,27.64,17.46,84.89,1.44,21.19
2007-10-29,0.0,22.68,28.16,17.61,88.12,1.65,20.94
2007-10-30,0.0,24.3,30.04,18.83,87.04,1.35,19.35
2007-10-31,0.61,24.27,28.87,20.95,87.22,1.88,15.62
2007-11-01,0.0,24.38,28.7,20.18,88.85,1.69,16.25
2007-11-02,1.64,24.25,28.46,20.7,87.31,1.74,12.45
2007-11-03,6.89,23.98,28.72,19.41,84.27,1.31,10.53
2007-11-04,0.0,24.16,29.79,19.25,84.76,1.41,18.9
2007-11-05,0.0,24.17,28.72,19.62,82.16,1.08,17.18
2007-11-06,0.0,24.14,28.67,20.13,80.29,0.98,17.18
2007-11-07,0.0,24.18,29.12,19.72,81.39,0.95,17.3
2007-11-08,0.02,24.1,28.65,20.13,85.43,1.33,17.82
2007-11-09,1.31,24.08,28.76,19.83,86.62,1.37,16.63
2007-11-10,2.43,23.98,28.04,21.08,86.94,1.52,9.8
2007-11-11,0.0,23.47,28.33,19.44,85.53,1.59,17.8
2007-11-12,0.0,22.76,28.06,18.72,86.38,1.87,18.74
2007-11-13,0.0,22.0,27.71,16.99,84.21,1.62,17.89
2007-11-14,1.32,22.6,27.77,16.95,82.49,1.13,6.42
2007-11-15,50.38,23.0,26.31,20.83,92.31,3.24,4.62
2007-11-16,12.89,24.32,26.55,21.11,90.38,4.79,12.99
2007-11-17,0.0,22.37,26.51,19.45,86.1,1.17,17.32
2007-11-18,0.0,21.72,26.77,17.61,88.72,1.9,14.54
2007-11-19,0.0,21.93,27.12,17.16,89.84,1.83,17.9
2007-11-20,0.0,22.09,26.86,18.61,89.06,1.94,18.09
2007-11-21,0.0,21.12,26.31,16.93,87.38,1.69,17.61
2007-11-22,0.0,21.27,26.83,16.66,88.49,1.69,16.54
2007-11-23,0.0,21.99,27.36,17.27,88.99,1.7,17.66
2007-11-24,0.0,22.1,27.06,17.91,89.52,1.65,17.34
2007-11-25,0.0,21.52,26.86,17.27,86.41,1.61,17.84
2007-11-26,0.0,20.87,26.53,16.0,85.39,1.57,17.82
2007-11-27,0.0,20.48,25.79,15.84,86.35,1.33,17.48
2007-11-28,0.0,20.39,25.17,16.25,85.2,1.06,15.59
2007-11-29,0.0,21.39,26.38,16.46,81.75,0.79,15.97
2007-11-30,0.0,22.02,26.88,17.94,81.66,0.83,14.64
2007-12-01,0.0,21.85,26.13,18.48,75.54,0.74,15.1
2007-12-02,0.0,20.74,26.03,16.92,80.94,1.11,15.03
2007-12-03,0.0,20.06,24.55,16.51,82.47,1.08,10.81
2007-12-04,0.0,18.88,24.59,14.11,84.75,1.5,15.26
2007-12-05,0.0,18.69,24.77,14.11,87.72,1.83,16.69
2007-12-06,0.0,18.97,25.76,13.57,84.78,1.36,16.85
2007-12-07,0.0,19.55,25.26,14.05,82.68,1.37,16.63
2007-12-08,0.0,19.64,24.95,15.42,80.9,1.21,16.98
2007-12-09,0.0,17.93,23.82,13.53,84.54,1.72,17.2
2007-12-10,0.0,17.33,24.01,11.95,84.87,1.68,17.02
2007-12-11,0.0,17.0,23.48,12.15,83.12,1.44,17.08
2007-12-12,0.0,16.54,23.23,10.99,82.97,1.68,17.22
2007-12-13,0.0,17.25,24.26,11.49,86.34,1.74,16.55
2007-12-14,0.0,18.03,24.54,12.41,86.75,1.73,15.86
2007-12-15,0.0,18.07,23.66,13.95,87.17,2.15,8.18
2007-12-16,0.0,17.33,23.76,12.73,83.65,2.14,13.42
2007-12-17,0.0,15.37,22.03,9.83,80.29,1.74,7.8
2007-12-18,0.0,15.21,22.63,8.84,83.05,1.84,16.47
2007-12-19,0.0,15.61,23.02,9.19,83.95,1.88,17.51
2007-12-20,0.0,15.08,22.41,9.09,83.87,1.78,17.33
2007-12-21,0.0,14.78,21.56,9.01,78.62,1.35,16.51
2007-12-22,0.0,15.93,22.03,10.05,70.98,0.84,15.42
2007-12-23,0.0,16.26,22.82,9.77,73.19,0.89,14.88
2007-12-24,0.0,15.97,22.3,10.77,78.65,1.19,14.54
2007-12-25,0.0,16.51,22.98,11.03,84.44,1.54,15.43
2007-12-26,0.0,16.75,22.98,12.0,85.47,1.42,14.51
2007-12-27,0.0,16.79,23.53,11.32,85.6,1.48,15.82
2007-12-28,0.0,16.16,22.35,10.68,85.5,1.49,15.48
2007-12-29,0.0,16.15,22.71,10.95,86.15,1.49,15.81
2007-12-30,0.0,16.25,22.91,10.56,87.59,1.62,15.89
2007-12-31,0.0,15.81,21.76,10.9,85.8,1.87,16.74
2008-01-01,0.0,16.04,23.29,9.69,84.21,1.69,17.08
2008-01-02,0.0,16.28,21.41,11.73,87.18,1.32,14.62
2008-01-03,0.0,18.19,24.21,13.82,81.19,1.16,16.91
2008-01-04,0.0,16.98,24.18,11.18,83.7,1.73,17.36
2008-01-05,0.0,16.01,23.45,9.94,78.67,1.83,17.62
2008-01-06,0.0,15.77,23.43,9.22,80.15,1.63,17.73
2008-01-07,0.0,16.79,24.14,10.35,79.37,1.44,17.83
2008-01-08,0.0,17.26,24.34,11.36,78.9,1.53,17.58
2008-01-09,0.0,17.17,24.77,11.23,81.4,1.54,17.59
2008-01-10,0.0,17.34,24.09,11.34,78.53,1.43,17.68
2008-01-11,0.0,18.63,24.73,12.17,74.79,1.25,16.28
2008-01-12,0.0,18.75,24.47,13.31,77.11,1.03,16.55
2008-01-13,0.0,16.98,23.24,12.03,80.93,1.67,16.52
2008-01-14,0.0,15.89,22.54,10.18,75.4,1.58,17.77
2008-01-15,0.0,15.41,22.04,9.55,73.49,1.64,17.65
2008-01-16,0.0,15.66,22.54,10.09,77.1,1.39,17.38
2008-01-17,0.0,16.57,23.09,10.53,80.7,1.39,16.34
2008-01-18,0.0,18.23,23.62,12.14,77.96,0.9,16.17
2008-01-19,0.0,18.37,24.78,13.12,82.65,1.28,16.55
2008-01-20,0.0,19.04,24.95,14.52,87.54,1.55,16.75
2008-01-21,3.53,19.74,24.92,15.54,86.77,1.25,15.5
2008-01-22,0.0,17.32,23.19,11.87,82.41,1.84,16.12
2008-01-23,0.0,15.49,22.92,9.51,73.79,1.94,18.24
2008-01-24,0.71,17.13,23.06,12.17,78.24,1.26,15.19
2008-01-25,1.55,17.27,23.28,13.33,85.7,2.61,7.97
2008-01-26,19.39,17.42,21.77,14.17,91.02,2.5,3.41
2008-01-27,10.61,15.99,18.66,12.98,88.04,1.57,5.42
2008-01-28,0.0,15.95,21.6,11.17,75.15,1.19,18.53
2008-01-29,0.0,14.77,21.1,9.34,67.95,1.18,18.35
2008-01-30,0.01,16.01,22.78,9.1,65.72,1.05,17.4
2008-01-31,0.47,17.21,22.92,11.39,77.41,1.27,6.17
2008-02-01,0.0,16.14,22.16,10.95,74.36,2.03,16.51
2008-02-02,0.0,13.81,20.9,8.02,70.39,1.86,18.61
2008-02-03,0.0,13.75,21.43,7.1,72.59,1.79,19.8
2008-02-04,0.0,15.13,22.65,8.11,71.5,1.59,19.74
2008-02-05,0.0,17.22,24.77,9.77,70.34,1.36,19.01
2008-02-06,0.0,18.77,26.03,11.95,73.67,1.31,18.73
2008-02-07,0.0,20.45,26.49,15.04,75.03,1.16,16.94
2008-02-08,0.0,20.95,26.98,14.95,78.7,0.97,17.09
2008-02-09,0.35,20.54,24.63,17.08,88.79,1.22,7.75
2008-02-10,4.46,19.47,23.65,13.93,83.02,1.53,5.17
2008-02-11,0.0,16.38,23.2,10.48,67.75,1.89,18.56
2008-02-12,0.0,15.37,22.46,9.21,69.42,1.91,20.16
2008-02-13,0.0,15.31,22.55,9.45,66.98,2.09,21.17
2008-02-14,0.0,15.15,23.15,8.36,63.25,1.91,21.38
2008-02-15,0.0,15.01,22.75,8.29,63.34,1.67,21.24
2008-02-16,0.0,16.47,22.98,9.38,61.3,1.12,19.95
2008-02-17,0.0,18.15,24.08,12.06,65.03,0.93,18.33
2008-02-18,0.0,19.02,25.61,12.73,79.8,1.44,18.82
2008-02-19,3.08,20.23,26.14,15.6,84.16,1.61,19.6
2008-02-20,3.58,19.47,24.83,14.99,82.87,1.11,13.81
2008-02-21,0.0,18.84,25.28,13.42,70.83,1.78,20.64
2008-02-22,0.0,19.39,26.8,11.8,65.11,1.34,21.99
2008-02-23,0.0,20.38,27.31,12.72,61.4,1.36,22.55
2008-02-24,0.0,21.21,28.03,14.92,60.31,0.89,22.46
2008-02-25,0.0,21.17,27.63,16.23,80.63,1.31,13.28
2008-02-26,0.0,22.16,27.8,16.48,75.09,1.03,19.48
2008-02-27,0.0,20.45,27.87,14.66,67.81,1.8,21.75
2008-02-28,0.0,19.53,27.18,11.77,57.28,1.61,22.43
2008-02-29,0.0,20.73,28.14,14.4,57.24,1.39,23.1
2008-03-01,0.0,21.47,27.54,15.33,58.55,0.87,21.38
2008-03-02,0.0,21.66,27.91,16.29,79.0,1.13,20.23
2008-03-03,1.51,23.02,28.59,18.43,78.35,1.08,20.59
2008-03-04,6.78,22.79,28.6,18.42,81.59,1.42,21.83
2008-03-05,4.62,22.4,27.83,18.2,81.6,1.57,19.57
2008-03-06,0.01,22.58,28.19,16.77,77.63,1.37,20.66
2008-03-07,0.0,23.73,29.28,18.15,73.5,0.95,20.32
2008-03-08,0.0,24.46,29.47,19.81,75.87,0.94,20.53
2008-03-09,0.0,24.79,30.0,19.54,68.81,0.82,21.06
2008-03-10,0.0,24.95,29.65,19.43,65.62,0.8,20.7
2008-03-11,0.0,24.7,29.95,20.3,63.7,0.87,18.43
2008-03-12,0.0,24.36,30.03,18.89,68.54,1.16,19.25
2008-03-13,0.0,24.89,31.47,19.25,75.74,1.19,20.78
2008-03-14,0.0,24.77,28.31,21.24,78.95,1.25,17.78
2008-03-15,0.0,25.91,32.8,21.48,68.5,0.91,16.8
2008-03-16,0.02,26.62,33.17,20.27,60.55,0.99,20.16
2008-03-17,0.0,27.02,33.16,21.13,55.25,0.9,21.29
2008-03-18,0.0,26.33,33.09,21.14,67.63,1.31,23.55
2008-03-19,0.79,26.51,33.54,20.52,74.88,2.01,23.06
2008-03-20,0.53,26.42,32.18,21.66,77.18,1.92,16.42
2008-03-21,0.01,27.42,32.84,23.02,74.14,2.66,18.6
2008-03-22,1.61,27.4,32.85,22.93,72.94,1.82,22.42
2008-03-23,4.42,27.06,31.76,22.65,77.83,1.24,12.69
2008-03-24,0.04,26.44,29.61,24.07,72.93,1.22,11.59
2008-03-25,0.01,27.57,32.77,23.16,68.44,1.16,24.03
2008-03-26,0.0,27.09,32.53,22.27,74.57,1.6,23.82
2008-03-27,0.19,27.57,33.04,23.09,73.58,1.98,20.52
2008-03-28,0.96,28.08,34.76,23.79,72.69,2.24,23.15
2008-03-29,0.01,27.42,32.92,23.27,75.49,2.47,21.81
2008-03-30,0.03,27.42,33.09,23.4,72.25,1.66,19.94
2008-03-31,0.02,27.1,32.32,22.38,74.76,2.01,20.52
2008-04-01,0.17,27.62,33.34,23.52,64.7,1.04,18.42
2008-04-02,0.02,27.79,33.69,22.98,61.59,1.37,23.84
2008-04-03,10.32,27.11,32.05,22.71,72.39,1.52,22.54
2008-04-04,2.78,27.47,31.99,23.84,68.91,0.79,13.03
2008-04-05,0.03,26.58,32.31,22.22,65.42,1.97,23.99
2008-04-06,0.01,27.23,34.17,21.05,58.53,2.48,25.58
2008-04-07,0.0,26.8,34.28,19.76,57.91,2.53,26.77
2008-04-08,0.0,26.46,33.06,19.6,47.1,2.3,26.94
2008-04-09,0.0,26.46,33.28,20.42,45.91,1.98,25.02
2008-04-10,0.0,26.99,32.46,21.5,47.86,1.0,22.45
2008-04-11,0.0,27.8,34.45,23.12,59.96,1.06,17.09
2008-04-12,0.0,29.38,37.52,21.29,61.24,1.66,24.33
2008-04-13,0.63,28.8,35.13,23.66,69.28,2.59,23.58
2008-04-14,3.03,28.86,34.56,23.76,71.26,2.03,22.49
2008-04-15,0.0,29.16,35.36,23.93,66.49,2.24,23.25
2008-04-16,0.0,29.08,34.81,23.94,67.96,2.1,24.22
2008-04-17,0.22,30.12,35.9,24.96,68.02,2.09,23.69
2008-04-18,0.41,29.88,35.4,25.26,71.19,2.47,22.68
2008-04-19,0.0,30.39,36.38,25.29,70.57,1.92,23.59
2008-04-20,0.0,30.97,37.51,25.28,65.11,1.92,24.44
2008-04-21,0.0,30.95,39.07,24.43,60.22,1.52,25.15
2008-04-22,0.0,30.83,38.7,23.57,61.59,1.54,25.68
2008-04-23,0.0,31.48,39.06,25.03,60.32,2.03,24.61
2008-04-24,0.0,31.12,38.64,24.61,62.06,2.4,25.85
2008-04-25,0.0,30.88,38.13,25.23,60.96,2.45,24.9
2008-04-26,0.0,30.81,37.99,24.75,62.93,2.9,25.14
2008-04-27,0.0,30.58,36.41,25.73,65.0,3.6,17.88
2008-04-28,0.0,30.98,37.46,25.79,64.1,2.83,22.59
2008-04-29,0.01,31.14,37.05,26.84,65.67,2.51,22.91
2008-04-30,0.0,31.43,37.95,26.06,64.35,1.68,25.1
2008-05-01,0.0,31.37,37.19,26.46,64.25,2.15,25.11
2008-05-02,0.39,30.85,36.22,26.35,66.44,2.31,26.27
2008-05-03,1.77,30.77,37.39,25.12,61.7,1.55,24.57
2008-05-04,1.96,31.25,37.59,24.61,60.26,1.52,17.11
2008-05-05,9.28,30.04,34.78,26.38,69.22,2.15,18.51
2008-05-06,22.51,29.32,33.63,25.71,72.01,2.1,23.08
2008-05-07,2.08,29.18,32.03,26.39,72.49,1.94,24.97
2008-05-08,12.39,28.72,31.48,26.31,77.78,1.57,23.51
2008-05-09,5.42,29.1,32.84,25.31,68.74,0.99,25.42
2008-05-10,0.12,29.34,32.6,25.01,66.61,0.77,23.57
2008-05-11,0.16,30.75,35.76,26.9,65.65,1.21,26.79
2008-05-12,0.03,30.39,33.48,27.07,67.69,1.1,25.04
2008-05-13,0.03,30.96,35.29,26.87,61.84,1.13,23.51
2008-05-14,0.07,31.69,37.05,27.0,57.89,1.02,18.16
2008-05-15,0.75,31.96,37.41,27.2,60.93,1.38,21.63
2008-05-16,6.49,29.71,32.13,27.68,76.4,1.63,20.07
2008-05-17,12.24,29.95,33.65,27.33,79.04,2.37,9.32
2008-05-18,8.83,29.66,32.76,27.15,82.17,3.1,18.51
2008-05-19,7.28,29.14,32.74,27.19,79.64,3.1,21.77
2008-05-20,1.09,29.7,34.73,26.52,69.66,2.63,19.15
2008-05-21,0.02,30.4,35.79,26.07,69.12,2.73,24.82
2008-05-22,1.63,30.48,34.95,26.85,67.99,2.08,25.03
2008-05-23,4.82,29.21,32.34,26.29,74.22,1.72,18.79
2008-05-24,3.77,29.46,34.0,26.05,70.73,1.99,21.15
2008-05-25,18.44,27.99,30.99,25.88,80.74,1.49,13.86
2008-05-26,6.47,28.19,31.05,25.89,80.08,1.72,15.52
2008-05-27,9.87,27.63,30.02,25.62,83.68,2.52,14.11
2008-05-28,4.3,28.49,31.65,25.71,83.18,2.77,17.8
2008-05-29,1.77,29.23,32.65,26.34,80.54,2.65,22.86
2008-05-30,1.8,29.02,32.16,26.78,85.8,2.41,23.91
2008-05-31,1.77,28.85,32.08,26.66,82.39,2.16,22.12
2008-06-01,9.09,28.42,31.47,26.03,82.36,2.25,24.09
2008-06-02,20.41,27.81,30.31,25.83,86.92,1.71,20.47
2008-06-03,12.67,28.49,31.7,26.14,77.71,0.62,17.08
2008-06-04,5.72,28.26,31.21,25.81,84.11,2.01,19.25
2008-06-05,17.79,27.69,29.72,26.11,90.6,2.44,9.12
2008-06-06,1.11,28.02,31.48,25.06,80.58,1.46,14.28
2008-06-07,8.36,26.89,28.5,25.66,90.41,3.16,16.03
2008-06-08,2.52,27.11,29.64,25.05,90.18,2.65,17.18
2008-06-09,8.18,27.39,29.02,25.93,88.28,3.67,13.46
2008-06-10,6.25,28.06,31.24,25.78,86.0,3.6,14.02
2008-06-11,1.6,28.66,31.56,26.44,86.74,3.13,17.73
2008-06-12,1.81,29.07,32.17,26.94,84.91,3.23,12.93
2008-06-13,0.03,29.25,32.6,26.48,83.59,2.57,19.92
2008-06-14,1.35,29.4,32.28,26.91,83.63,1.64,22.05
2008-06-15,8.83,29.41,34.77,26.46,83.12,3.74,21.53
2008-06-16,21.61,28.2,30.35,26.79,88.78,4.76,10.53
2008-06-17,80.15,27.9,30.25,26.66,89.51,5.74,6.0
2008-06-18,33.28,27.77,30.28,26.34,88.58,5.27,8.53
2008-06-19,7.89,27.49,29.77,26.13,90.7,4.05,9.26
2008-06-20,6.82,27.16,28.83,25.92,93.28,3.49,12.49
2008-06-21,1.51,27.92,31.0,25.85,88.01,3.09,13.33
2008-06-22,3.41,28.27,31.68,25.85,87.03,2.9,18.66
2008-06-23,4.25,27.8,31.0,25.32,86.65,3.07,19.63
2008-06-24,0.14,28.64,32.47,25.71,84.63,3.05,23.33
2008-06-25,0.06,28.12,31.26,25.93,86.61,3.69,23.96
2008-06-26,0.86,27.95,30.32,25.97,89.68,3.7,15.73
2008-06-27,4.96,27.72,29.52,26.55,92.05,3.19,17.94
2008-06-28,18.8,27.42,29.39,26.35,92.45,2.77,17.25
2008-06-29,31.49,27.39,28.9,26.2,92.82,4.27,10.22
2008-06-30,15.09,27.6,30.34,26.02,90.16,3.12,7.4
2008-07-01,20.93,27.79,30.44,26.02,89.02,3.97,7.81
2008-07-02,30.42,27.98,30.41,26.15,91.05,3.08,9.34
2008-07-03,33.3,27.92,30.05,26.23,90.56,3.92,7.42
2008-07-04,38.27,27.74,30.04,26.39,91.35,4.12,9.91
2008-07-05,18.42,27.64,29.81,26.12,91.27,2.01,6.33
2008-07-06,12.48,27.52,30.01,26.02,91.4,1.9,13.51
2008-07-07,19.16,26.89,28.52,25.72,92.37,3.44,11.27
2008-07-08,12.88,26.98,28.93,25.43,92.99,2.89,18.31
2008-07-09,9.11,27.29,30.21,25.69,90.3,3.31,25.45
2008-07-10,12.62,27.4,30.32,25.49,90.56,3.86,21.17
2008-07-11,12.3,27.46,29.96,25.67,90.98,3.89,13.03
2008-07-12,40.15,27.91,30.91,25.6,90.26,2.65,19.01
2008-07-13,38.32,27.44,29.8,25.73,92.05,2.77,7.93
2008-07-14,89.85,27.51,30.21,25.68,92.38,3.59,8.33
2008-07-15,16.59,27.62,30.3,25.92,90.87,3.42,10.28
2008-07-16,3.31,27.75,30.65,25.59,90.12,3.07,11.45
2008-07-17,1.68,28.13,30.81,25.94,91.3,2.48,15.95
2008-07-18,4.29,28.61,31.21,26.62,89.12,2.32,15.74
2008-07-19,0.23,27.31,29.76,25.31,89.96,4.14,13.04
2008-07-20,2.53,27.54,30.43,25.64,89.94,3.84,17.84
2008-07-21,6.77,27.77,30.82,25.35,89.11,3.19,22.03
2008-07-22,1.72,27.95,30.96,25.97,89.09,3.26,22.12
2008-07-23,1.17,28.16,31.19,26.1,89.27,2.69,19.48
2008-07-24,0.57,28.63,32.08,25.93,88.99,2.09,19.76
2008-07-25,0.95,28.06,30.48,26.28,91.02,3.26,20.7
2008-07-26,5.75,28.07,31.43,26.48,92.11,2.41,17.46
2008-07-27,7.02,27.84,30.92,25.44,90.1,2.79,24.16
2008-07-28,2.36,27.58,29.79,26.16,90.8,3.98,21.65
2008-07-29,0.87,27.55,30.58,25.42,90.22,3.43,22.69
2008-07-30,1.49,27.51,29.91,25.87,90.26,3.47,23.99
2008-07-31,1.53,27.73,30.26,26.3,90.92,3.11,22.04
2008-08-01,0.0,27.41,29.65,25.98,91.21,2.4,23.6
2008-08-02,0.36,27.69,31.03,25.87,90.5,1.7,20.54
2008-08-03,1.34,27.12,28.94,25.67,92.09,2.29,19.06
2008-08-04,8.86,27.48,29.77,25.33,89.9,2.31,21.36
2008-08-05,26.66,27.12,28.89,25.81,92.77,2.5,12.71
2008-08-06,12.15,27.32,29.95,25.77,92.89,2.36,14.86
2008-08-07,1.41,27.35,29.34,25.63,91.26,1.65,22.56
2008-08-08,6.56,29.17,32.85,25.67,86.14,0.98,20.42
2008-08-09,3.72,27.99,30.63,26.55,91.53,2.85,19.17
2008-08-10,9.26,27.51,29.81,26.23,91.21,5.04,16.69
2008-08-11,38.39,27.44,29.83,26.44,92.85,4.54,10.62
2008-08-12,37.72,27.24,28.87,26.18,93.49,3.32,12.36
2008-08-13,12.47,27.65,30.35,25.95,91.77,2.56,11.82
2008-08-14,10.16,27.69,30.24,25.85,92.31,2.3,19.46
2008-08-15,8.98,27.11,28.69,25.48,94.47,2.55,15.67
2008-08-16,32.68,27.08,29.49,25.38,92.87,3.46,18.23
2008-08-17,27.57,27.32,29.73,25.96,91.97,2.83,7.53
2008-08-18,37.27,27.48,29.97,25.62,91.54,3.01,6.47
2008-08-19,28.92,27.66,30.62,25.79,92.08,2.25,17.52
2008-08-20,0.89,27.42,30.19,25.43,91.58,2.65,19.4
2008-08-21,0.09,27.34,30.92,25.16,89.28,1.92,21.73
2008-08-22,0.23,27.56,31.26,25.29,88.7,1.82,22.48
2008-08-23,1.24,27.59,30.84,25.12,88.55,1.89,23.02
2008-08-24,4.45,27.41,30.27,25.39,90.21,2.43,20.02
2008-08-25,3.48,27.7,30.68,25.4,88.84,2.53,14.53
2008-08-26,0.43,27.37,30.32,25.0,88.21,2.07,20.9
2008-08-27,9.55,27.87,31.0,25.44,89.63,2.85,13.68
2008-08-28,72.85,27.61,29.39,26.4,92.99,2.7,9.8
2008-08-29,46.98,27.42,29.62,26.01,92.53,2.78,8.82
2008-08-30,14.0,27.27,29.29,25.47,90.65,2.17,12.35
2008-08-31,0.04,27.43,30.31,24.85,89.72,1.77,19.05
2008-09-01,0.76,27.57,30.29,25.12,90.05,1.55,21.51
2008-09-02,4.65,27.32,29.89,25.56,91.63,2.05,15.79
2008-09-03,15.74,26.88,28.86,25.31,92.96,1.96,11.89
2008-09-04,6.69,26.73,28.96,25.21,92.81,2.07,8.6
2008-09-05,4.51,26.65,28.46,25.26,93.82,1.78,6.54
2008-09-06,0.29,26.98,29.12,25.13,91.02,1.29,22.97
2008-09-07,2.51,26.68,30.21,24.36,88.28,1.17,20.48
2008-09-08,6.28,26.53,28.78,24.63,93.36,1.52,20.01
2008-09-09,0.8,27.45,30.71,24.73,89.23,1.48,18.57
2008-09-10,4.3,27.37,30.53,25.07,88.07,0.99,23.05
2008-09-11,11.03,28.37,32.08,24.14,83.78,1.0,23.73
2008-09-12,3.82,28.29,30.73,26.04,87.01,0.61,23.2
2008-09-13,16.79,27.73,30.0,25.76,87.92,0.86,17.9
2008-09-14,12.43,26.77,28.95,24.94,93.66,2.63,19.71
2008-09-15,18.33,27.1,29.36,25.55,92.15,1.85,22.1
2008-09-16,4.77,26.93,29.2,24.89,92.7,3.44,14.81
2008-09-17,5.45,26.74,28.32,25.57,94.1,3.62,16.72
2008-09-18,2.83,27.32,29.94,25.69,92.02,2.58,17.56
2008-09-19,6.27,27.17,29.07,25.67,92.11,1.38,22.73
2008-09-20,5.34,28.01,31.48,25.49,87.7,1.15,18.21
2008-09-21,6.97,26.96,29.14,25.41,91.5,1.28,15.57
2008-09-22,6.52,26.35,28.39,25.04,91.49,1.45,16.58
2008-09-23,6.84,26.81,29.04,25.37,91.17,1.69,20.08
2008-09-24,2.14,27.32,30.44,24.71,89.65,1.81,22.14
2008-09-25,3.88,27.77,30.78,25.33,89.0,1.63,19.65
2008-09-26,6.79,26.99,29.64,25.48,92.02,2.09,14.31
2008-09-27,3.4,26.54,29.09,24.65,93.32,3.24,8.42
2008-09-28,2.22,26.99,30.19,24.89,88.81,2.97,9.16
2008-09-29,0.92,26.96,30.6,24.29,88.23,1.74,16.95
2008-09-30,0.0,27.49,30.99,23.98,82.47,0.84,19.57
2008-10-01,2.03,27.76,31.49,24.13,87.23,1.73,20.22
2008-10-02,12.16,26.45,27.91,24.82,93.98,1.06,9.45
2008-10-03,11.53,26.88,30.72,23.94,86.5,0.96,18.8
2008-10-04,2.57,26.84,29.99,24.55,88.09,1.18,19.96
2008-10-05,4.61,26.3,28.39,24.8,91.61,0.97,16.89
2008-10-06,13.22,26.22,29.08,24.24,89.83,1.46,11.54
2008-10-07,13.87,25.9,28.84,23.53,89.8,1.65,16.55
2008-10-08,7.95,26.11,28.99,23.97,88.73,1.36,17.77
2008-10-09,10.05,26.54,29.73,23.84,89.0,1.16,17.77
2008-10-10,0.65,27.14,29.66,24.75,83.91,0.68,16.71
2008-10-11,0.0,27.03,30.7,23.08,82.66,0.96,21.32
2008-10-12,0.0,26.83,30.95,23.16,84.7,1.41,21.37
2008-10-13,0.0,26.89,31.27,22.82,84.43,1.19,20.48
2008-10-14,0.0,27.43,31.83,23.25,83.7,1.13,20.81
2008-10-15,0.0,27.12,31.42,23.11,84.62,1.28,21.21
2008-10-16,0.0,26.64,31.23,22.59,85.57,1.6,21.82
2008-10-17,0.0,26.37,31.13,22.29,85.2,1.62,21.83
2008-10-18,0.0,26.49,31.06,22.29,84.56,1.43,21.31
2008-10-19,0.0,26.27,30.68,22.36,83.22,1.61,20.9
2008-10-20,0.0,26.23,30.59,21.89,83.04,1.23,19.76
2008-10-21,0.37,26.1,30.24,22.67,85.25,1.64,20.2
2008-10-22,0.9,26.27,30.42,22.6,87.43,1.81,19.18
2008-10-23,1.26,26.21,30.09,22.64,85.94,1.17,13.04
2008-10-24,7.76,26.59,29.47,24.37,83.51,0.64,8.41
2008-10-25,32.59,24.28,26.04,22.82,93.77,2.96,6.21
2008-10-26,81.08,23.2,25.5,21.12,93.82,3.18,9.91
2008-10-27,22.83,25.13,27.63,21.35,90.33,5.47,10.74
2008-10-28,0.04,22.89,27.4,19.62,85.86,1.9,19.36
2008-10-29,0.0,22.9,28.22,18.06,83.9,1.33,19.92
2008-10-30,0.0,23.73,28.79,18.81,85.0,1.41,19.65
2008-10-31,0.0,23.92,29.06,19.63,86.12,1.78,20.39
2008-11-01,0.0,24.2,29.41,19.37,86.42,1.4,20.35
2008-11-02,0.0,24.77,29.15,19.65,80.76,0.88,19.94
2008-11-03,0.0,25.03,29.8,20.63,75.74,0.72,20.02
2008-11-04,0.31,24.01,28.9,19.14,83.14,1.23,9.24
2008-11-05,4.18,24.19,28.74,20.33,81.16,1.2,10.25
2008-11-06,0.26,24.02,28.97,19.66,86.04,1.38,18.69
2008-11-07,0.0,23.98,29.99,18.9,84.27,1.22,18.88
2008-11-08,0.0,22.63,28.76,17.66,84.14,1.41,19.68
2008-11-09,0.0,21.96,27.93,16.7,85.78,1.55,19.88
2008-11-10,0.0,22.49,27.9,17.56,84.04,1.25,19.44
2008-11-11,0.0,23.47,27.98,19.04,77.09,0.73,19.37
2008-11-12,0.0,22.39,27.38,17.33,75.3,0.93,19.12
2008-11-13,0.0,21.63,26.68,16.02,79.61,1.2,16.27
2008-11-14,0.0,22.62,27.7,17.3,81.11,0.99,14.8
2008-11-15,0.0,21.78,26.75,17.18,83.49,1.32,17.4
2008-11-16,0.0,22.03,26.82,18.23,84.55,1.46,14.22
2008-11-17,0.0,20.73,25.01,17.08,86.48,1.68,17.37
2008-11-18,0.0,20.53,26.67,15.65,85.81,1.79,18.13
2008-11-19,0.0,20.58,26.51,15.7,83.69,1.75,18.22
2008-11-20,0.0,20.64,26.22,15.27,82.62,1.52,18.19
2008-11-21,0.0,21.81,27.21,16.99,81.71,1.16,15.85
2008-11-22,0.0,21.31,26.71,16.89,87.3,1.79,17.44
2008-11-23,0.0,20.32,25.81,16.17,86.26,2.14,17.07
2008-11-24,0.0,19.78,25.61,14.81,84.71,1.55,18.08
2008-11-25,0.0,20.1,25.68,14.82,81.24,1.23,18.12
2008-11-26,0.0,20.35,26.42,15.01,82.68,1.23,18.05
2008-11-27,0.0,20.7,26.8,14.78,77.92,1.16,18.23
2008-11-28,0.0,21.05,26.75,15.85,76.4,0.98,18.05
2008-11-29,0.0,21.15,26.73,16.67,78.87,1.0,17.43
2008-11-30,0.0,21.8,27.42,16.99,79.53,0.94,16.61
2008-12-01,0.0,22.4,27.16,18.76,79.56,0.73,15.64
2008-12-02,0.0,21.87,26.18,18.5,80.47,0.66,15.67
2008-12-03,0.0,21.48,25.65,18.22,77.97,0.79,15.32
2008-12-04,0.0,20.72,26.48,15.81,80.82,1.3,16.68
2008-12-05,0.0,21.32,27.03,16.12,83.41,1.04,16.38
2008-12-06,0.0,21.95,27.41,17.83,77.93,0.7,15.86
2008-12-07,0.0,21.95,26.67,16.41,76.68,0.52,15.95
2008-12-08,0.0,21.51,27.06,16.45,82.92,0.98,16.32
2008-12-09,0.0,21.71,26.85,16.95,81.68,0.92,11.99
2008-12-10,0.0,22.12,26.42,18.31,79.33,0.81,15.53
2008-12-11,0.0,22.0,26.9,17.71,79.13,0.89,15.97
2008-12-12,0.0,21.24,26.44,17.28,84.18,1.28,15.08
2008-12-13,0.0,19.82,25.68,15.31,83.02,1.66,15.77
2008-12-14,0.0,18.76,24.96,13.95,83.6,1.64,15.75
2008-12-15,0.0,18.13,24.46,13.44,83.65,1.56,14.35
2008-12-16,0.0,17.69,24.04,12.6,81.55,1.48,13.42
2008-12-17,0.0,17.75,24.43,11.96,82.21,1.35,14.81
2008-12-18,0.0,18.32,24.51,12.54,80.53,1.26,14.91
2008-12-19,0.0,18.95,24.77,13.49,80.01,0.83,13.4
2008-12-20,0.0,19.07,24.56,14.69,83.11,0.82,11.86
2008-12-21,0.0,19.5,24.2,15.83,79.99,0.82,10.67
2008-12-22,0.0,19.27,24.53,15.26,82.83,0.93,12.33
2008-12-23,0.0,18.85,24.03,15.0,84.26,1.26,14.93
2008-12-24,0.0,18.06,23.56,13.37,85.41,1.52,14.49
2008-12-25,0.0,18.05,24.22,12.86,85.43,1.39,13.03
2008-12-26,0.0,18.27,24.3,12.73,77.93,1.07,14.79
2008-12-27,0.0,18.15,22.53,14.68,77.76,0.98,13.69
2008-12-28,0.0,18.06,23.18,13.2,76.52,1.36,13.26
2008-12-29,0.0,17.54,23.86,12.57,78.88,1.45,16.35
2008-12-30,0.0,17.3,23.85,11.65,79.88,1.73,16.82
2008-12-31,24.35,17.23,24.09,11.74,79.36,1.44,17.13
2009-01-01,0.0,16.91,23.82,11.13,79.05,1.55,17.43
2009-01-02,0.0,16.3,23.62,10.73,78.17,1.75,17.27
2009-01-03,0.0,15.32,22.65,9.3,78.03,1.95,17.31
2009-01-04,0.0,15.76,23.01,9.87,80.36,1.54,16.98
2009-01-05,0.0,16.82,23.57,10.27,76.02,1.29,16.09
2009-01-06,0.0,17.83,24.47,11.75,71.42,1.12,15.69
2009-01-07,0.0,17.64,24.36,12.19,74.88,1.43,16.31
2009-01-08,0.0,18.69,25.94,12.23,74.26,1.32,16.07
2009-01-09,0.0,19.16,25.85,14.24,76.59,1.29,15.91
2009-01-10,0.0,18.38,24.89,13.45,79.28,1.62,16.11
2009-01-11,0.0,18.21,24.65,13.05,78.4,1.6,15.32
2009-01-12,0.0,18.11,24.55,13.43,79.15,1.85,16.68
2009-01-13,0.0,17.48,24.43,12.17,77.9,1.74,17.24
2009-01-14,0.0,17.02,23.75,11.26,73.7,1.1,16.77
2009-01-15,0.0,17.89,24.77,12.08,71.14,1.09,15.88
2009-01-16,0.0,18.35,24.65,12.85,68.86,1.17,17.42
2009-01-17,0.0,18.63,24.77,12.91,66.64,1.03,17.4
2009-01-18,0.0,18.95,24.92,13.17,66.06,1.06,17.85
2009-01-19,0.0,18.97,25.26,12.6,72.02,1.3,17.63
2009-01-20,0.0,18.87,24.39,13.31,71.25,1.25,16.42
2009-01-21,0.0,18.49,24.83,12.98,72.55,1.34,17.92
2009-01-22,0.0,17.44,23.43,11.73,73.63,1.28,16.81
2009-01-23,0.0,17.59,23.55,11.75,76.73,1.3,16.74
2009-01-24,0.0,18.95,24.72,13.63,74.41,1.07,14.21
2009-01-25,0.0,19.49,24.71,14.35,77.91,0.87,14.97
2009-01-26,0.0,20.14,25.9,15.38,88.32,1.56,14.27
2009-01-27,0.0,20.79,26.2,16.6,89.61,1.45,16.88
2009-01-28,0.0,21.85,26.81,17.24,81.47,1.08,16.82
2009-01-29,0.0,19.53,26.51,14.58,71.78,1.82,17.71
2009-01-30,0.0,18.39,25.63,12.09,67.54,1.68,19.09
2009-01-31,0.0,18.27,25.2,12.19,72.65,1.57,18.94
2009-02-01,15.61,18.13,25.4,12.02,71.62,1.46,18.95
2009-02-02,0.0,17.18,24.85,10.95,66.06,1.84,18.97
2009-02-03,0.0,17.48,25.31,10.83,66.27,1.69,19.75
2009-02-04,0.0,18.12,25.57,12.11,66.4,1.54,19.5
2009-02-05,0.0,18.48,26.04,11.8,66.63,1.38,19.06
2009-02-06,0.0,19.48,27.54,12.56,67.06,1.6,19.81
2009-02-07,0.01,20.62,27.68,12.75,57.1,1.1,19.61
2009-02-08,0.0,19.71,27.72,12.76,63.14,1.54,20.31
2009-02-09,16.37,19.1,26.99,12.52,69.2,1.76,19.83
2009-02-10,0.0,19.89,27.41,12.93,65.12,1.58,19.89
2009-02-11,0.0,20.83,28.19,13.68,60.48,1.28,19.59
2009-02-12,0.39,21.42,26.85,16.92,61.09,0.85,15.19
2009-02-13,0.0,20.85,26.81,15.79,69.87,1.32,18.65
2009-02-14,0.0,19.47,26.94,13.08,66.79,1.86,20.04
2009-02-15,0.0,19.95,28.08,13.3,67.94,1.77,20.88
2009-02-16,0.0,19.75,27.95,13.03,63.43,2.1,21.26
2009-02-17,0.0,20.09,28.39,13.18,61.02,1.96,21.45
2009-02-18,0.0,20.12,28.85,12.65,61.52,1.93,22.0
2009-02-19,0.0,20.36,28.62,13.2,59.27,1.55,21.94
2009-02-20,0.0,20.4,29.33,13.08,58.39,1.77,22.27
2009-02-21,0.0,21.15,28.36,13.76,51.61,1.18,21.91
2009-02-22,0.0,21.3,29.0,14.51,62.29,1.66,21.79
2009-02-23,0.0,21.89,29.23,16.01,67.99,1.44,20.98
2009-02-24,0.0,22.53,29.47,16.5,80.8,1.95,18.58
2009-02-25,0.01,24.17,30.03,20.12,86.19,2.74,14.88
2009-02-26,0.01,24.58,30.12,20.65,82.85,2.07,18.96
2009-02-27,0.0,24.4,31.52,20.07,73.52,1.48,19.68
2009-02-28,0.35,24.39,31.7,19.53,66.61,1.4,19.5
2009-03-01,0.0,24.07,31.19,18.48,56.35,1.46,20.51
2009-03-02,0.0,22.54,30.65,13.62,41.86,1.47,22.22
2009-03-03,0.0,22.55,30.5,14.3,62.53,1.73,20.95
2009-03-04,0.01,24.36,30.99,19.46,76.18,2.17,19.12
2009-03-05,0.01,24.59,31.02,19.23,79.85,2.75,20.65
2009-03-06,0.04,25.73,31.9,21.36,79.7,2.18,18.91
2009-03-07,0.0,25.65,32.39,20.67,73.13,1.65,21.62
2009-03-08,0.0,25.88,33.31,19.83,63.9,1.51,21.39
2009-03-09,0.0,27.12,33.39,20.21,61.1,0.92,21.99
2009-03-10,0.0,27.59,34.18,22.98,56.63,0.98,18.26
2009-03-11,0.0,27.16,34.05,22.03,51.61,1.13,16.05
2009-03-12,0.0,26.85,33.48,20.59,43.54,1.34,17.18
2009-03-13,0.0,24.44,34.57,15.99,38.8,1.56,20.2
2009-03-14,0.0,24.52,33.98,15.8,40.34,1.4,19.45
2009-03-15,0.0,25.67,34.26,18.49,41.89,1.15,13.8
2009-03-16,0.0,24.95,29.65,19.97,62.48,0.84,9.96
2009-03-17,0.0,25.86,33.64,20.05,48.71,1.05,16.7
2009-03-18,0.0,26.52,34.42,20.23,64.27,0.83,18.58
2009-03-19,0.0,26.91,34.98,20.71,65.27,1.44,18.27
2009-03-20,0.0,27.07,34.78,20.75,68.27,1.62,20.51
2009-03-21,0.0,27.74,36.1,20.58,61.19,1.42,20.95
2009-03-22,0.05,28.04,34.05,21.92,61.45,0.75,20.92
2009-03-23,0.0,28.09,34.81,22.38,52.59,1.37,22.1
2009-03-24,0.0,28.16,36.28,19.79,42.01,1.53,23.9
2009-03-25,0.0,28.43,35.78,22.48,45.6,0.93,21.78
2009-03-26,0.0,28.38,35.71,22.67,61.7,1.42,17.41
2009-03-27,9.53,26.7,31.32,23.3,71.61,1.28,17.06
2009-03-28,1.19,26.26,31.13,21.7,69.17,1.25,22.27
2009-03-29,2.39,27.4,33.73,21.79,67.11,2.35,23.25
2009-03-30,3.55,26.57,32.42,22.54,76.16,1.77,21.37
2009-03-31,8.53,27.01,32.97,22.57,77.41,2.66,14.67
2009-04-01,16.59,26.4,30.73,23.05,80.5,2.57,24.02
2009-04-02,1.25,27.52,33.34,22.57,73.2,2.01,24.39
2009-04-03,1.6,27.7,33.48,22.89,72.49,1.94,24.15
2009-04-04,1.3,28.08,33.94,23.04,74.46,2.34,24.41
2009-04-05,0.0,28.82,34.29,24.58,71.62,2.74,24.45
2009-04-06,0.62,28.65,34.34,23.93,71.91,1.89,23.22
2009-04-07,0.46,29.03,35.18,24.1,71.24,1.74,23.73
2009-04-08,0.0,29.62,36.33,23.77,68.59,2.05,23.92
2009-04-09,1.09,29.92,36.7,24.78,58.55,1.49,22.54
2009-04-10,0.0,29.7,36.91,23.09,48.39,1.39,24.92
2009-04-11,0.0,30.12,36.64,24.57,61.44,1.81,24.8
2009-04-12,0.0,30.15,37.21,24.3,60.59,1.42,25.22
2009-04-13,0.0,30.05,37.23,23.82,58.29,1.13,25.31
2009-04-14,0.0,30.7,38.43,23.81,56.83,1.0,24.32
2009-04-15,0.0,30.25,36.78,24.82,67.42,2.45,24.74
2009-04-16,4.96,28.97,34.62,25.48,72.8,2.85,13.82
2009-04-17,31.66,27.07,29.43,25.32,85.83,2.45,5.9
2009-04-18,5.63,28.95,34.07,24.38,78.36,3.09,19.19
2009-04-19,0.02,29.9,35.05,25.58,76.38,3.93,19.0
2009-04-20,0.07,29.65,34.35,26.24,73.87,4.13,19.83
2009-04-21,0.08,29.64,34.04,26.45,73.26,4.46,19.57
2009-04-22,0.01,29.96,33.95,27.15,75.2,4.93,17.99
2009-04-23,0.01,29.86,34.37,26.99,77.08,3.75,18.57
2009-04-24,0.0,30.12,35.91,24.84,69.06,1.95,24.72
2009-04-25,0.0,29.79,37.24,23.3,63.37,1.57,25.84
2009-04-26,0.0,30.66,38.23,23.87,63.19,1.65,25.75
2009-04-27,0.0,30.78,38.12,24.65,66.36,2.03,24.87
2009-04-28,0.0,29.75,35.69,25.42,70.65,2.79,25.36
2009-04-29,0.0,29.46,35.42,24.48,71.52,2.91,23.68
2009-04-30,0.23,29.7,34.85,25.97,67.95,3.36,22.81
2009-05-01,2.55,29.64,34.16,26.36,69.23,3.17,22.92
2009-05-02,27.85,27.68,30.73,25.29,81.73,2.28,15.1
2009-05-03,37.81,27.23,30.52,24.44,84.28,1.6,18.38
2009-05-04,7.85,27.65,31.46,24.94,84.12,1.67,25.51
2009-05-05,0.34,28.32,31.86,25.3,79.79,1.16,25.08
2009-05-06,2.84,28.05,31.95,25.15,83.34,1.68,24.88
2009-05-07,1.76,28.76,32.75,25.7,80.27,2.41,23.62
2009-05-08,0.0,29.44,34.27,25.53,75.08,2.14,25.25
2009-05-09,0.01,29.3,33.81,25.68,77.97,2.84,24.71
2009-05-10,2.1,29.21,33.42,26.25,79.74,3.1,26.01
2009-05-11,9.24,28.99,33.11,26.01,79.43,1.76,22.57
2009-05-12,1.12,29.17,34.03,24.81,68.54,1.08,24.94
2009-05-13,2.26,28.83,32.59,25.58,73.75,1.49,22.86
2009-05-14,6.73,28.1,30.84,25.67,81.76,1.66,12.36
2009-05-15,1.91,28.41,31.83,25.73,79.67,1.47,23.91
2009-05-16,7.05,28.55,32.51,25.49,80.27,2.46,18.69
2009-05-17,9.48,28.95,33.45,25.32,77.81,2.2,22.53
2009-05-18,37.77,28.26,30.89,26.11,87.62,2.57,16.59
2009-05-19,17.31,27.95,30.61,25.9,86.64,2.28,19.17
2009-05-20,0.06,28.93,32.67,25.44,81.16,1.39,26.4
2009-05-21,0.0,29.83,34.61,25.48,75.95,1.19,26.74
2009-05-22,0.6,30.0,35.11,25.85,75.65,1.25,26.73
2009-05-23,1.76,29.7,34.29,26.15,77.32,1.92,24.34
2009-05-24,28.54,27.83,30.39,25.42,85.92,2.2,17.64
2009-05-25,54.09,27.32,29.71,25.28,88.17,6.76,8.91
2009-05-26,66.41,28.69,30.81,27.33,87.7,5.84,14.81
2009-05-27,35.89,28.54,31.43,26.35,88.22,1.63,20.26
2009-05-28,0.0,28.27,31.64,25.92,84.62,1.76,24.44
2009-05-29,2.61,28.64,31.87,25.63,86.2,1.36,24.11
2009-05-30,5.34,28.45,31.51,26.21,85.65,1.69,21.47
2009-05-31,5.36,27.81,30.51,25.99,86.71,2.2,9.19
2009-06-01,9.41,27.71,30.56,25.73,87.42,2.3,16.46
2009-06-02,10.23,28.48,31.82,26.25,86.56,2.45,11.81
2009-06-03,12.51,28.37,31.48,25.76,87.92,1.7,12.51
2009-06-04,8.13,28.43,31.57,25.75,88.19,1.74,21.59
2009-06-05,6.26,28.02,30.61,25.82,86.38,1.13,24.06
2009-06-06,22.47,27.55,31.43,25.22,89.27,3.53,21.16
2009-06-07,20.06,27.39,29.29,26.13,93.29,3.81,18.6
2009-06-08,37.04,29.08,34.31,26.17,85.46,2.27,9.81
2009-06-09,22.64,28.55,31.55,26.69,89.19,3.82,20.71
2009-06-10,3.75,28.25,31.45,25.64,87.45,2.73,23.55
2009-06-11,5.22,28.29,31.99,25.3,86.8,2.4,24.39
2009-06-12,6.09,28.09,31.28,25.47,89.04,2.17,23.07
2009-06-13,12.67,27.74,29.45,26.24,91.98,1.91,23.78
2009-06-14,3.09,28.17,30.69,26.21,89.66,2.05,21.16
2009-06-15,1.25,28.44,30.89,26.68,90.17,2.09,23.37
2009-06-16,1.21,28.71,31.69,26.55,89.3,1.87,22.56
2009-06-17,0.01,29.18,32.42,26.7,87.6,1.13,23.09
2009-06-18,0.02,28.2,30.32,26.6,91.0,1.33,20.93
2009-06-19,0.2,28.85,32.08,26.3,88.1,2.11,21.85
2009-06-20,2.3,28.45,31.53,26.16,87.09,2.77,15.46
2009-06-21,1.46,28.44,31.29,26.31,86.35,3.15,20.82
2009-06-22,0.0,28.69,31.51,26.88,89.46,3.12,20.54
2009-06-23,1.42,29.02,31.95,27.18,87.48,2.87,22.85
2009-06-24,3.37,28.76,31.82,26.98,87.16,2.5,22.81
2009-06-25,4.47,28.44,31.91,26.7,87.89,2.84,20.66
2009-06-26,0.11,28.4,31.11,26.56,87.88,2.85,17.7
2009-06-27,18.35,29.17,32.48,27.16,87.12,3.47,16.82
2009-06-28,34.11,28.79,31.12,27.2,89.24,3.58,9.55
2009-06-29,34.9,28.53,30.32,27.17,91.33,4.01,8.24
2009-06-30,72.62,28.67,30.45,27.38,91.75,4.03,9.85
2009-07-01,96.85,28.65,30.79,27.41,90.98,3.14,3.16
2009-07-02,79.34,27.94,29.3,26.76,93.64,2.79,10.18
2009-07-03,54.13,27.64,30.14,26.23,91.38,3.32,12.84
2009-07-04,19.03,27.55,29.83,25.94,89.54,3.58,19.11
2009-07-05,6.38,27.76,30.66,25.88,90.82,2.7,21.54
2009-07-06,17.33,28.06,29.73,26.64,92.89,4.14,15.07
2009-07-07,24.15,27.7,29.06,26.55,93.54,3.46,9.02
2009-07-08,11.12,27.51,29.42,25.88,92.66,4.28,16.1
2009-07-09,11.6,27.97,30.97,25.92,90.78,3.61,13.13
2009-07-10,9.26,27.67,30.77,25.56,90.48,3.27,16.81
2009-07-11,5.01,28.05,31.27,25.67,90.29,2.79,16.09
2009-07-12,4.17,28.26,31.32,26.23,90.54,2.66,21.29
2009-07-13,3.92,28.73,32.13,26.3,89.61,2.06,23.09
2009-07-14,3.37,28.36,31.81,26.63,89.45,3.27,20.85
2009-07-15,22.54,28.33,31.1,26.47,89.95,4.47,15.97
2009-07-16,31.48,28.29,30.85,26.54,90.12,3.44,9.28
2009-07-17,2.64,28.22,31.31,25.76,89.53,2.46,25.42
2009-07-18,3.65,28.14,31.68,26.03,90.7,2.42,24.15
2009-07-19,3.31,28.15,31.01,26.27,90.25,2.91,25.44
2009-07-20,0.18,28.26,31.86,25.57,88.09,3.74,20.51
2009-07-21,7.6,27.22,28.98,25.39,92.09,3.38,18.75
2009-07-22,20.72,27.66,29.88,26.05,91.47,4.25,18.16
2009-07-23,4.53,28.0,31.22,25.6,89.37,2.63,20.89
2009-07-24,1.23,29.03,32.16,26.21,88.0,1.67,22.89
2009-07-25,1.36,28.55,31.34,26.55,91.28,1.79,23.41
2009-07-26,5.2,28.75,31.34,26.49,88.7,1.46,19.64
2009-07-27,63.49,27.84,29.32,26.4,92.57,2.61,9.4
2009-07-28,90.18,28.17,30.72,26.64,91.19,3.36,6.38
2009-07-29,95.06,27.94,29.75,26.81,94.28,2.52,4.8
2009-07-30,54.55,28.09,30.91,26.1,91.52,1.85,8.86
2009-07-31,46.58,28.26,30.91,26.15,91.77,2.22,8.79
2009-08-01,1.19,28.68,32.01,25.86,86.08,1.08,17.64
2009-08-02,2.31,29.47,33.06,26.44,86.62,1.41,18.87
2009-08-03,3.64,28.63,30.14,27.52,94.05,1.89,21.81
2009-08-04,6.36,28.67,30.09,27.39,91.39,1.91,19.71
2009-08-05,12.41,29.29,32.4,27.43,91.86,1.34,12.87
2009-08-06,56.73,28.73,31.15,26.82,89.37,1.04,13.2
2009-08-07,24.15,29.24,32.97,26.44,89.83,1.49,18.7
2009-08-08,9.71,29.06,31.69,27.3,90.12,2.29,17.35
2009-08-09,7.35,28.78,31.75,26.58,89.88,2.68,21.93
2009-08-10,3.18,28.57,31.12,26.86,91.09,2.96,18.49
2009-08-11,0.17,28.18,31.08,26.45,90.07,3.3,15.05
2009-08-12,3.94,27.98,30.64,26.27,90.37,2.88,14.69
2009-08-13,13.33,27.9,30.56,26.06,90.77,2.71,11.59
2009-08-14,18.87,27.83,30.11,26.36,91.59,2.32,14.8
2009-08-15,29.77,27.22,28.79,26.17,93.58,2.83,8.35
2009-08-16,25.47,27.31,29.77,25.77,92.54,2.48,13.17
2009-08-17,4.42,27.36,30.33,25.16,88.92,2.36,18.4
2009-08-18,20.35,27.46,30.35,24.86,90.09,2.89,13.91
2009-08-19,19.23,27.3,29.68,25.53,91.39,2.74,11.8
2009-08-20,45.48,26.94,28.7,25.67,93.49,2.46,5.8
2009-08-21,19.36,26.38,28.0,24.87,94.16,2.35,7.87
2009-08-22,21.12,27.04,30.03,24.46,88.9,1.53,13.28
2009-08-23,3.03,27.14,30.52,24.95,90.14,2.35,16.02
2009-08-24,20.31,27.63,31.13,24.81,87.98,1.68,17.09
2009-08-25,6.88,26.72,29.07,24.88,90.44,2.49,19.56
2009-08-26,29.88,26.63,29.41,24.31,90.62,3.42,12.83
2009-08-27,17.02,26.42,28.27,25.02,93.6,3.59,6.73
2009-08-28,2.42,27.44,30.46,25.25,90.87,1.81,24.09
2009-08-29,0.08,28.38,32.06,25.46,85.72,0.98,22.1
2009-08-30,26.98,28.55,31.41,25.18,85.81,0.86,13.39
2009-08-31,22.27,29.11,32.8,25.7,81.81,0.8,20.8
2009-09-01,0.12,27.56,31.25,25.55,89.48,1.14,21.12
2009-09-02,8.96,28.37,32.28,25.14,86.74,1.14,23.13
2009-09-03,9.79,27.2,28.63,26.38,94.35,2.68,20.96
2009-09-04,4.19,27.3,28.79,25.94,94.83,2.7,15.25
2009-09-05,5.91,27.3,29.28,25.92,93.6,4.16,16.5
2009-09-06,5.13,27.28,29.62,25.86,92.83,2.92,18.35
2009-09-07,4.76,27.74,30.89,25.2,90.78,2.05,21.44
2009-09-08,12.2,26.71,28.18,25.67,94.38,3.88,9.09
2009-09-09,3.05,26.63,28.73,25.16,92.01,2.35,14.11
2009-09-10,4.65,26.91,29.1,24.78,87.67,0.93,17.3
2009-09-11,1.54,27.92,32.07,24.24,81.87,0.79,22.87
2009-09-12,0.12,28.71,32.34,25.09,85.73,1.08,23.04
2009-09-13,2.88,29.12,32.76,25.65,85.37,1.22,19.58
2009-09-14,31.16,28.42,31.9,26.23,87.16,1.2,9.15
2009-09-15,29.78,28.36,31.59,25.46,82.65,1.11,8.65
2009-09-16,6.07,28.11,30.78,25.78,87.41,1.23,14.04
2009-09-17,6.11,27.75,30.26,25.92,89.39,1.32,14.26
2009-09-18,6.03,27.61,30.44,25.74,90.77,2.19,17.94
2009-09-19,17.22,27.43,30.08,25.52,89.01,2.01,11.65
2009-09-20,7.06,26.92,29.6,25.23,91.13,2.05,9.75
2009-09-21,6.47,26.65,29.18,24.89,92.8,2.11,11.92
2009-09-22,9.71,26.36,28.9,24.7,92.0,1.96,12.46
2009-09-23,13.53,26.71,29.55,24.92,90.02,2.08,16.39
2009-09-24,3.8,27.37,30.59,24.85,89.71,1.96,16.29
2009-09-25,1.24,27.79,29.98,25.63,89.2,1.03,19.51
2009-09-26,0.0,27.89,31.15,25.27,88.22,1.1,21.65
2009-09-27,0.0,28.38,31.83,25.86,85.7,1.09,13.21
2009-09-28,0.61,27.83,32.25,25.12,87.73,1.36,16.75
2009-09-29,1.44,28.07,31.37,25.56,88.95,1.45,20.82
2009-09-30,0.29,27.42,29.2,26.18,90.92,1.4,21.57
2009-10-01,0.0,27.76,30.2,25.61,89.16,0.94,19.72
2009-10-02,10.8,27.64,30.13,25.78,91.08,1.32,17.88
2009-10-03,16.87,27.52,31.52,24.77,87.99,1.31,14.76
2009-10-04,37.88,26.51,28.0,25.37,94.29,3.28,15.01
2009-10-05,25.46,26.92,29.14,25.24,93.17,2.12,18.17
2009-10-06,14.55,27.13,29.12,25.82,92.98,2.45,11.69
2009-10-07,13.0,27.39,29.04,26.21,93.79,2.46,14.42
2009-10-08,30.83,27.39,29.27,25.9,92.92,2.95,14.42
2009-10-09,23.95,27.5,29.65,25.75,88.42,1.69,5.45
2009-10-10,3.88,26.33,28.88,24.11,85.22,1.26,15.07
2009-10-11,0.62,26.96,31.02,22.8,77.19,0.7,17.03
2009-10-12,0.0,26.3,30.52,22.26,80.61,1.23,20.21
2009-10-13,0.0,26.4,30.83,22.6,84.93,1.46,20.62
2009-10-14,0.06,26.65,30.68,22.91,85.7,1.61,19.0
2009-10-15,3.54,27.1,30.64,23.46,83.7,0.89,9.85
2009-10-16,10.96,26.54,29.53,24.05,88.46,1.62,9.17
2009-10-17,12.63,27.33,30.5,24.75,86.45,0.99,18.55
2009-10-18,3.85,27.0,30.66,23.75,85.68,1.19,18.8
2009-10-19,0.66,26.44,30.8,22.48,83.37,1.12,17.41
2009-10-20,0.0,23.88,29.03,19.22,79.94,1.44,20.8
2009-10-21,0.0,23.06,28.51,18.26,80.13,1.56,20.93
2009-10-22,0.0,23.42,29.35,17.77,83.31,1.52,20.91
2009-10-23,0.0,23.66,29.02,18.31,80.32,1.41,20.43
2009-10-24,0.0,23.96,28.64,19.63,80.42,1.3,20.48
2009-10-25,0.0,23.49,28.58,18.95,85.0,1.79,20.59
2009-10-26,0.0,23.55,28.72,19.08,87.02,1.91,20.42
2009-10-27,0.0,23.2,28.78,18.59,85.67,1.74,20.33
2009-10-28,0.0,22.6,27.53,18.2,88.35,1.69,20.03
2009-10-29,0.0,23.61,29.31,18.96,86.81,1.43,20.33
2009-10-30,0.0,23.13,28.57,18.29,86.03,1.67,20.36
2009-10-31,0.0,22.93,28.6,17.88,86.06,1.59,20.36
2009-11-01,0.0,23.58,29.39,18.58,85.88,1.32,20.66
2009-11-02,0.0,24.7,30.25,19.98,86.59,1.11,19.5
2009-11-03,0.0,24.39,27.22,21.48,86.8,1.1,15.77
2009-11-04,0.0,24.22,26.75,22.14,84.44,1.11,15.16
2009-11-05,0.0,25.48,30.19,20.97,74.44,0.66,10.35
2009-11-06,0.0,25.16,30.06,21.57,82.26,1.26,18.23
2009-11-07,0.0,24.43,29.34,20.19,85.53,1.46,18.2
2009-11-08,0.0,23.76,28.98,19.5,86.26,1.65,18.92
2009-11-09,0.0,22.96,28.46,18.3,84.99,1.8,19.17
2009-11-10,0.0,22.62,27.64,17.83,83.15,1.56,17.31
2009-11-11,0.0,22.96,27.92,18.91,82.48,1.34,17.07
2009-11-12,0.0,22.94,28.61,18.77,85.59,1.64,17.02
2009-11-13,0.0,22.71,28.06,18.37,83.8,1.78,17.86
2009-11-14,0.0,24.33,29.23,18.67,80.23,1.08,16.93
2009-11-15,0.81,25.83,29.76,22.8,81.84,0.78,14.51
2009-11-16,15.71,26.38,29.87,23.37,82.86,0.8,13.06
2009-11-17,18.21,24.38,28.39,21.25,88.31,1.33,15.27
2009-11-18,0.96,23.08,27.71,19.38,86.6,1.22,7.43
2009-11-19,3.84,22.99,26.46,20.8,87.86,1.49,7.26
2009-11-20,0.08,21.6,26.06,18.13,83.62,1.99,16.49
2009-11-21,0.0,18.94,24.43,15.0,80.83,2.26,18.0
2009-11-22,0.0,18.62,24.63,12.91,77.15,1.27,17.12
2009-11-23,0.0,19.71,25.05,14.59,80.23,1.19,16.93
2009-11-24,0.0,19.79,24.98,15.41,78.64,1.26,15.44
2009-11-25,0.0,19.56,25.23,14.85,84.45,1.55,17.07
2009-11-26,0.0,19.82,25.74,14.57,84.35,1.41,16.78
2009-11-27,0.0,19.59,25.62,14.63,83.6,1.55,17.55
2009-11-28,0.0,19.4,25.5,14.24,83.03,1.49,17.68
2009-11-29,0.0,20.3,25.76,14.44,71.49,0.68,17.5
2009-11-30,0.0,20.06,25.68,14.53,71.34,0.91,17.5
2009-12-01,0.0,20.94,26.44,15.81,73.99,0.69,17.58
2009-12-02,0.0,20.41,25.46,14.36,76.62,0.77,16.88
2009-12-03,0.0,19.56,25.45,14.14,82.73,1.3,16.39
2009-12-04,0.0,19.67,24.96,14.94,83.32,1.23,15.68
2009-12-05,0.0,19.82,25.02,14.83,80.7,1.07,15.58
2009-12-06,0.0,20.44,25.2,15.94,76.7,0.77,15.28
2009-12-07,0.0,19.43,24.57,15.32,76.28,1.02,15.38
2009-12-08,0.0,18.0,24.31,13.39,81.48,1.5,14.78
2009-12-09,0.0,17.6,24.36,12.29,81.36,1.54,15.57
2009-12-10,0.0,17.49,23.31,12.41,80.92,1.29,14.35
2009-12-11,0.0,17.59,23.13,12.64,80.8,0.94,13.46
2009-12-12,0.0,17.55,23.81,12.06,83.51,1.02,15.06
2009-12-13,0.0,18.47,24.4,12.89,80.69,1.0,15.75
2009-12-14,0.0,18.86,24.69,12.72,78.0,1.08,16.72
2009-12-15,0.0,18.29,24.37,12.56,81.22,1.41,16.19
2009-12-16,0.0,19.09,24.99,13.88,80.64,1.22,16.2
2009-12-17,0.0,19.4,25.12,15.3,79.48,1.33,12.46
2009-12-18,0.0,19.13,25.43,13.69,82.41,1.56,16.31
2009-12-19,0.0,19.55,25.33,14.75,84.57,1.47,15.62
2009-12-20,0.06,18.7,24.64,14.46,86.11,2.21,15.81
2009-12-21,0.0,16.77,23.68,11.33,80.71,1.99,16.59
2009-12-22,0.0,16.39,22.85,10.6,82.91,1.72,17.13
2009-12-23,0.0,16.73,23.17,11.96,81.17,1.68,16.9
2009-12-24,0.0,15.85,22.5,10.77,82.22,1.57,15.98
2009-12-25,0.0,14.6,21.35,9.32,76.35,1.63,15.61
2009-12-26,0.0,14.74,21.51,9.41,77.43,1.47,16.25
2009-12-27,0.0,15.17,21.93,9.2,77.86,1.61,16.56
2009-12-28,0.0,15.36,22.07,9.64,80.06,1.47,16.18
2009-12-29,0.0,15.09,21.66,9.22,80.33,1.49,16.89
2009-12-30,0.0,15.82,22.39,9.39,77.6,1.37,16.8
2009-12-31,0.0,15.98,22.25,11.1,81.22,1.55,14.41
2010-01-01,0.0,14.99,21.5,9.41,84.25,2.15,16.05
2010-01-02,0.0,15.56,22.97,9.37,82.92,1.84,13.55
2010-01-03,0.0,16.04,23.58,9.52,83.5,1.6,15.86
2010-01-04,0.0,15.48,22.66,9.3,81.03,1.48,13.75
2010-01-05,0.0,15.1,21.93,9.73,78.25,1.93,16.05
2010-01-06,0.0,15.07,22.54,8.92,81.16,1.97,16.36
2010-01-07,0.0,16.18,24.05,9.01,79.1,1.67,16.74
2010-01-08,0.0,16.82,24.11,10.32,75.08,1.46,17.91
2010-01-09,0.0,16.33,23.36,9.78,77.24,1.65,17.03
2010-01-10,0.0,15.8,23.48,9.24,74.27,1.64,17.04
2010-01-11,0.0,14.88,22.34,8.79,75.11,1.68,15.49
2010-01-12,0.0,14.58,21.96,8.58,76.62,1.68,16.39
2010-01-13,0.0,15.7,23.04,9.23,76.4,1.56,15.08
2010-01-14,0.0,17.01,23.28,12.06,75.78,1.75,11.07
2010-01-15,0.0,17.17,24.39,11.59,78.31,2.38,17.96
2010-01-16,0.0,16.66,23.37,10.45,79.69,1.91,16.19
2010-01-17,0.0,17.86,24.85,11.87,76.87,1.46,8.98
2010-01-18,0.0,17.38,24.04,11.61,78.66,1.61,8.08
2010-01-19,0.0,17.05,23.54,12.54,77.75,1.37,8.69
2010-01-20,0.0,16.65,24.14,10.47,78.65,1.85,16.69
2010-01-21,0.0,16.96,24.94,10.37,77.87,1.86,16.35
2010-01-22,0.0,17.06,25.01,10.15,72.88,1.48,18.7
2010-01-23,0.0,17.19,24.99,10.35,69.84,1.64,18.87
2010-01-24,0.0,17.48,25.24,10.55,70.95,1.25,19.27
2010-01-25,0.0,19.03,25.99,11.42,60.33,1.09,18.79
2010-01-26,0.0,19.84,25.99,13.52,55.43,0.88,19.13
2010-01-27,0.0,17.24,25.21,11.0,70.45,1.63,19.03
2010-01-28,0.0,16.77,25.08,10.38,69.16,2.01,19.63
2010-01-29,0.0,16.84,24.83,9.92,68.27,1.79,19.61
2010-01-30,0.0,16.95,24.56,10.09,65.4,1.46,19.7
2010-01-31,0.0,16.61,24.56,10.18,67.36,1.68,19.05
2010-02-01,0.0,16.79,24.31,10.0,66.86,1.92,18.77
2010-02-02,0.0,17.04,24.51,10.18,63.55,1.56,19.37
2010-02-03,0.0,17.05,25.3,10.73,62.8,1.84,19.66
2010-02-04,0.0,16.61,24.89,10.11,61.81,1.87,19.7
2010-02-05,0.0,16.72,25.24,10.26,58.53,1.77,19.97
2010-02-06,0.0,15.92,24.43,9.22,59.62,1.81,20.81
2010-02-07,0.0,18.02,25.63,9.81,56.17,1.29,20.54
2010-02-08,0.0,19.83,26.19,12.77,54.64,0.89,19.25
2010-02-09,0.0,20.81,27.15,13.59,62.18,0.78,16.23
2010-02-10,0.0,20.3,28.04,13.91,64.78,1.28,17.18
2010-02-11,0.0,20.68,28.46,14.55,69.1,1.88,17.49
2010-02-12,0.0,20.34,28.52,14.29,60.65,1.94,20.0
2010-02-13,0.0,19.95,27.51,12.94,60.83,1.66,19.36
2010-02-14,0.0,21.81,28.33,15.11,64.21,1.41,18.98
2010-02-15,0.01,22.18,28.2,16.76,64.84,1.4,17.95
2010-02-16,0.0,21.88,28.69,15.11,61.49,1.48,15.41
2010-02-17,0.3,22.71,28.84,16.91,68.49,1.31,11.7
2010-02-18,0.02,22.14,28.91,16.11,67.0,1.69,14.8
2010-02-19,0.0,20.07,28.14,13.97,49.58,1.64,20.43
2010-02-20,0.0,19.83,28.08,12.35,47.24,1.48,19.36
2010-02-21,0.0,19.99,27.56,12.6,51.41,1.48,20.29
2010-02-22,0.0,20.47,28.89,12.94,54.97,1.45,20.75
2010-02-23,0.31,21.16,28.96,14.35,55.9,1.51,20.08
2010-02-24,0.74,22.8,29.6,17.4,58.03,1.3,19.83
2010-02-25,17.63,23.25,28.44,18.54,80.55,1.4,16.15
2010-02-26,0.76,23.33,29.56,18.28,73.1,1.29,20.07
2010-02-27,0.0,22.56,29.16,15.99,59.13,1.38,21.33
2010-02-28,0.0,23.82,30.43,15.92,52.8,1.04,20.07
2010-03-01,0.0,24.1,31.29,17.23,62.46,1.52,21.12
2010-03-02,0.0,24.78,32.62,18.65,66.5,1.78,20.63
2010-03-03,0.0,24.86,31.74,18.69,77.61,2.65,20.68
2010-03-04,0.0,25.57,31.98,20.27,76.55,2.59,18.81
2010-03-05,0.0,25.99,31.79,21.14,78.43,3.19,18.62
2010-03-06,0.0,26.39,31.51,22.73,79.11,2.65,15.51
2010-03-07,0.0,26.61,32.69,21.86,76.4,1.96,20.96
2010-03-08,0.0,27.05,34.12,21.26,65.76,1.35,21.48
2010-03-09,0.0,25.94,34.18,19.09,47.23,1.99,22.66
2010-03-10,0.0,25.08,33.94,17.66,43.38,2.09,24.22
2010-03-11,0.0,24.77,33.65,16.75,40.94,1.77,23.8
2010-03-12,0.0,25.96,33.87,17.95,37.58,1.48,23.26
2010-03-13,0.0,26.81,33.13,20.04,35.56,1.3,21.51
2010-03-14,0.0,26.55,34.8,19.1,62.41,1.93,20.37
2010-03-15,6.3,27.31,34.33,21.58,69.2,1.91,21.65
2010-03-16,0.25,27.93,34.84,21.88,62.89,1.15,22.21
2010-03-17,0.0,28.5,36.65,21.69,49.46,1.14,21.2
2010-03-18,0.0,28.27,37.32,20.83,43.51,1.64,20.86
2010-03-19,0.0,27.8,36.47,20.11,44.5,1.49,21.73
2010-03-20,0.0,28.9,37.31,21.79,39.34,1.37,21.97
2010-03-21,0.0,28.88,37.37,19.99,46.7,1.27,22.38
2010-03-22,0.0,28.27,36.01,21.75,71.6,3.03,21.93
2010-03-23,0.0,28.29,33.72,24.32,73.53,4.36,21.32
2010-03-24,0.0,28.63,33.92,25.29,70.01,4.13,20.94
2010-03-25,0.0,28.11,33.7,24.22,70.23,3.54,21.29
2010-03-26,0.0,28.24,34.25,23.41,71.72,2.9,21.01
2010-03-27,0.0,28.02,32.49,24.53,73.44,3.9,19.68
2010-03-28,4.27,28.38,32.55,25.82,71.44,4.57,17.13
2010-03-29,7.59,28.34,32.34,25.61,76.16,4.7,19.2
2010-03-30,3.99,28.55,33.22,25.19,75.96,4.73,16.47
2010-03-31,3.8,28.59,32.92,25.46,79.15,6.04,12.97
2010-04-01,1.42,29.22,34.21,26.13,77.07,5.24,17.43
2010-04-02,0.94,29.17,33.72,26.08,75.31,4.74,20.62
2010-04-03,1.25,29.01,33.83,25.51,74.07,3.88,22.78
2010-04-04,0.0,29.04,34.31,25.09,72.11,3.07,21.97
2010-04-05,0.0,29.12,34.9,24.57,74.69,2.97,21.77
2010-04-06,0.0,29.41,36.14,24.42,74.54,2.7,21.5
2010-04-07,0.0,30.17,37.87,24.59,67.59,1.89,23.79
2010-04-08,0.0,30.49,39.18,23.43,59.21,1.35,24.67
2010-04-09,0.0,29.9,36.75,24.36,69.75,3.15,23.3
2010-04-10,0.01,30.13,36.28,26.4,72.31,4.6,22.35
2010-04-11,0.0,30.0,35.15,26.57,71.31,3.97,21.18
2010-04-12,0.0,30.0,35.43,26.39,70.92,3.61,22.9
2010-04-13,0.01,29.38,33.62,26.41,71.68,3.53,21.61
2010-04-14,0.43,29.17,32.89,26.45,72.9,2.69,23.39
2010-04-15,1.25,28.89,33.38,25.87,73.07,1.39,22.91
2010-04-16,0.65,30.8,38.11,24.93,64.56,1.68,24.96
2010-04-17,2.36,29.92,36.11,25.42,68.27,3.44,23.64
2010-04-18,5.9,29.15,32.85,26.41,73.0,4.53,18.14
2010-04-19,0.04,30.19,34.22,27.41,68.7,5.84,17.72
2010-04-20,0.32,30.68,35.19,27.86,70.29,6.27,17.41
2010-04-21,0.46,30.78,35.1,28.24,71.54,6.09,18.77
2010-04-22,0.02,30.69,35.12,27.78,68.94,5.31,21.35
2010-04-23,0.02,30.5,34.95,27.56,66.99,4.42,21.39
2010-04-24,3.0,30.24,35.06,27.29,67.62,4.22,19.8
2010-04-25,8.14,29.42,32.5,27.14,74.59,4.74,19.64
2010-04-26,5.83,28.37,31.33,25.33,79.72,3.51,23.34
2010-04-27,2.51,29.42,34.73,24.87,69.52,1.63,24.35
2010-04-28,2.7,30.07,35.48,25.85,66.1,1.77,22.02
2010-04-29,11.18,28.35,31.72,25.78,79.19,1.47,18.58
2010-04-30,9.08,28.69,32.28,25.75,75.82,1.05,18.21
2010-05-01,1.04,29.64,34.0,26.11,68.72,1.3,23.08
2010-05-02,4.43,28.71,32.19,26.24,79.33,1.62,23.02
2010-05-03,5.65,28.34,32.4,25.34,77.57,1.63,24.37
2010-05-04,3.2,28.78,32.8,24.87,69.82,0.89,18.17
2010-05-05,2.64,28.99,32.89,25.88,71.4,1.37,20.22
2010-05-06,1.37,29.17,33.18,25.84,69.82,1.01,19.52
2010-05-07,0.85,28.93,32.35,25.44,68.33,1.14,25.21
2010-05-08,0.43,29.75,33.84,25.75,68.0,2.11,23.06
2010-05-09,2.62,31.18,36.81,26.16,68.48,3.4,22.7
2010-05-10,6.1,31.26,36.39,27.45,72.7,3.87,21.2
2010-05-11,0.03,31.38,36.31,27.53,72.25,3.69,22.76
2010-05-12,0.02,31.05,34.99,28.15,73.53,4.3,20.78
2010-05-13,0.04,30.71,34.3,28.11,75.17,3.99,22.9
2010-05-14,3.62,30.53,34.74,27.68,75.32,3.37,23.52
2010-05-15,3.49,30.05,34.19,26.72,75.58,2.82,25.25
2010-05-16,0.41,30.61,35.21,26.31,73.13,2.35,24.64
2010-05-17,0.56,31.45,36.92,26.69,68.94,2.02,25.24
2010-05-18,0.03,31.87,37.99,27.06,64.92,2.37,21.62
2010-05-19,0.79,31.36,35.91,27.83,67.61,4.15,19.99
2010-05-20,27.5,29.57,32.22,27.94,79.41,4.43,17.51
2010-05-21,40.5,27.49,28.7,25.97,92.24,3.18,6.94
2010-05-22,30.73,27.2,29.75,25.61,89.3,2.24,7.29
2010-05-23,20.0,26.94,29.55,25.22,88.95,2.57,9.44
2010-05-24,9.37,27.02,29.04,25.48,93.0,3.08,3.97
2010-05-25,7.23,28.64,33.49,23.81,79.5,1.45,21.16
2010-05-26,34.9,28.8,30.77,27.43,91.85,3.35,18.76
2010-05-27,22.96,28.54,30.88,26.45,87.29,4.7,19.67
2010-05-28,51.3,26.36,27.52,24.5,90.46,3.38,12.64
2010-05-29,9.02,27.16,30.72,23.95,89.06,2.84,10.65
2010-05-30,31.9,27.72,29.29,26.24,91.29,3.19,16.4
2010-05-31,40.04,27.97,29.69,26.66,92.11,3.4,6.36
2010-06-01,6.68,28.51,31.26,26.32,89.02,3.61,13.12
2010-06-02,22.41,28.75,30.91,27.19,92.48,3.31,22.18
2010-06-03,40.56,28.38,30.01,27.18,92.81,3.32,16.17
2010-06-04,37.17,28.28,29.82,27.12,93.62,3.54,14.83
2010-06-05,39.6,27.47,29.98,25.65,90.32,4.57,17.56
2010-06-06,24.33,28.11,30.58,25.79,92.51,4.14,7.99
2010-06-07,0.5,28.43,30.1,27.17,93.09,3.4,18.56
2010-06-08,0.74,28.91,31.62,26.81,89.75,2.46,21.86
2010-06-09,0.08,28.7,31.63,26.46,89.62,1.92,23.3
2010-06-10,0.15,28.37,30.84,26.56,90.34,1.98,21.31
2010-06-11,2.12,28.41,31.28,26.11,88.22,1.66,20.78
2010-06-12,20.24,27.44,29.13,26.26,90.63,2.22,14.63
2010-06-13,47.87,27.78,30.09,26.17,92.68,2.74,11.56
2010-06-14,48.93,28.24,30.04,26.83,91.52,2.99,4.92
2010-06-15,24.42,28.3,29.88,26.79,92.89,3.37,4.77
2010-06-16,9.02,27.98,29.74,26.85,91.45,4.37,14.07
2010-06-17,38.98,28.24,30.68,26.37,90.26,2.44,19.48
2010-06-18,23.23,26.84,28.29,25.31,93.28,2.89,8.03
2010-06-19,13.55,28.21,31.4,25.65,88.68,3.14,8.25
2010-06-20,20.08,28.4,30.78,26.72,90.55,3.25,16.7
2010-06-21,18.41,28.41,30.98,26.29,90.21,2.88,16.66
2010-06-22,6.87,28.4,31.06,26.51,91.03,2.62,12.77
2010-06-23,1.55,28.25,30.0,26.79,92.85,2.4,23.31
2010-06-24,7.42,28.17,31.51,25.87,89.11,2.36,19.61
2010-06-25,31.08,27.79,29.69,25.93,92.55,4.55,7.58
2010-06-26,48.25,28.2,30.3,26.72,90.85,5.03,6.85
2010-06-27,25.13,28.53,30.84,26.79,91.04,4.49,18.75
2010-06-28,14.58,28.33,30.65,26.91,91.51,3.41,21.56
2010-06-29,41.79,28.74,30.8,27.1,92.15,2.9,12.47
2010-06-30,29.92,28.16,29.67,27.03,94.37,2.27,17.15
2010-07-01,1.81,27.87,29.95,26.49,90.58,2.73,24.45
2010-07-02,2.34,28.0,30.69,26.04,91.29,2.49,18.41
2010-07-03,2.25,28.22,31.37,26.11,89.49,2.36,19.13
2010-07-04,1.8,28.05,30.91,25.92,89.39,2.04,25.07
2010-07-05,4.23,27.27,29.6,25.75,90.26,1.9,19.48
2010-07-06,12.43,27.68,30.46,25.65,89.88,3.06,21.31
2010-07-07,16.28,27.85,30.41,26.03,89.97,2.87,20.07
2010-07-08,5.59,27.92,30.62,25.78,89.02,2.6,22.78
2010-07-09,6.1,28.22,30.84,26.39,90.79,3.13,17.18
2010-07-10,12.95,28.33,31.12,26.55,91.1,2.8,17.56
2010-07-11,35.88,28.13,29.57,26.98,94.53,3.07,12.89
2010-07-12,15.96,27.78,29.43,26.59,93.14,2.55,4.98
2010-07-13,11.15,27.83,30.62,25.79,92.02,2.65,10.88
2010-07-14,5.09,28.01,30.83,26.11,90.89,2.69,22.67
2010-07-15,0.28,28.16,31.24,25.63,88.8,2.19,20.43
2010-07-16,0.09,28.02,31.49,25.42,89.88,2.03,20.37
2010-07-17,2.86,28.64,32.18,25.81,88.37,1.79,20.43
2010-07-18,7.02,28.55,31.7,26.21,89.34,2.1,19.13
2010-07-19,15.53,28.14,30.94,26.14,90.15,2.48,15.91
2010-07-20,23.39,27.79,30.39,25.94,91.94,2.62,15.12
2010-07-21,10.38,27.97,30.32,26.23,92.22,2.77,17.21
2010-07-22,8.38,28.12,30.52,26.51,91.21,2.99,18.94
2010-07-23,22.39,28.27,30.39,26.53,93.12,2.69,18.28
2010-07-24,2.52,28.43,31.26,26.56,90.43,3.18,20.1
2010-07-25,2.34,27.76,29.27,26.79,92.16,4.23,17.17
2010-07-26,10.91,27.81,29.81,26.52,91.46,4.02,19.23
2010-07-27,1.46,28.13,31.63,26.28,90.07,2.27,25.99
2010-07-28,1.43,28.53,32.47,25.96,87.77,1.52,23.61
2010-07-29,7.8,27.17,29.4,25.64,93.86,2.4,19.98
2010-07-30,35.69,27.25,28.76,26.0,94.91,3.46,12.55
2010-07-31,17.31,27.26,29.06,25.95,93.59,2.31,11.19
2010-08-01,2.75,27.28,28.68,26.38,94.31,2.85,19.2
2010-08-02,1.4,27.66,30.36,25.69,90.68,2.0,25.11
2010-08-03,1.04,27.6,30.4,25.83,91.43,2.07,21.67
2010-08-04,12.81,27.74,31.43,25.45,89.71,2.58,21.11
2010-08-05,8.6,27.2,29.0,25.54,92.13,2.93,21.76
2010-08-06,1.35,27.74,30.89,25.15,89.31,2.57,21.83
2010-08-07,0.42,27.77,30.62,25.69,87.04,1.47,24.42
2010-08-08,9.06,28.73,32.19,25.09,83.8,0.93,21.42
2010-08-09,10.04,28.69,31.94,26.11,87.58,1.34,21.65
2010-08-10,6.61,28.57,31.5,26.25,88.31,1.06,17.06
2010-08-11,41.11,28.66,31.72,26.46,87.47,1.11,17.6
2010-08-12,21.71,27.86,29.87,26.34,92.38,1.68,17.74
2010-08-13,20.25,27.85,30.02,26.48,92.42,2.12,12.0
2010-08-14,12.35,27.49,29.42,25.74,91.32,1.54,9.95
2010-08-15,1.63,27.67,30.66,25.36,88.64,2.14,13.64
2010-08-16,4.19,27.61,30.5,25.55,90.05,2.45,15.28
2010-08-17,6.74,27.89,31.03,25.79,89.2,2.49,16.43
2010-08-18,2.78,27.81,31.13,25.42,89.66,2.21,16.42
2010-08-19,10.53,27.44,29.68,25.87,90.29,2.63,13.96
2010-08-20,38.24,27.88,30.99,25.71,90.45,2.48,18.11
2010-08-21,16.13,27.96,31.34,25.17,89.35,2.03,19.43
2010-08-22,5.17,27.94,31.05,25.42,88.41,1.43,18.73
2010-08-23,0.95,28.5,31.72,25.93,87.22,1.2,20.87
2010-08-24,13.74,27.89,31.18,26.14,87.71,1.17,18.69
2010-08-25,13.86,28.3,32.18,25.43,87.39,1.23,22.47
2010-08-26,30.99,27.81,30.99,25.94,90.51,2.13,15.4
2010-08-27,7.2,27.55,30.17,25.76,91.39,2.79,11.5
2010-08-28,15.42,27.28,29.96,25.54,90.6,2.04,17.1
2010-08-29,2.94,27.78,31.4,25.11,88.31,1.89,22.7
2010-08-30,7.03,27.95,31.22,25.73,89.17,2.18,20.62
2010-08-31,3.33,27.88,30.62,26.29,89.93,2.89,21.03
2010-09-01,2.05,28.02,31.16,25.98,89.32,2.13,22.14
2010-09-02,0.69,27.59,30.32,25.68,90.62,1.56,21.42
2010-09-03,5.16,27.76,30.56,25.47,90.26,1.22,16.42
2010-09-04,3.11,27.75,30.1,26.14,91.33,2.07,21.19
2010-09-05,4.46,28.41,31.55,26.29,89.27,2.54,19.01
2010-09-06,3.55,28.25,31.12,25.89,89.06,2.27,20.52
2010-09-07,2.57,28.28,31.28,26.22,90.94,2.39,18.46
2010-09-08,3.54,28.2,30.97,26.45,90.0,2.69,19.99
2010-09-09,5.88,28.21,31.11,26.39,90.29,2.37,19.61
2010-09-10,9.1,28.01,30.43,26.22,91.22,1.76,17.15
2010-09-11,7.85,28.11,30.88,26.14,88.45,1.35,13.49
2010-09-12,1.15,27.74,30.42,25.81,87.92,1.36,14.91
2010-09-13,13.24,26.82,28.95,25.43,91.8,1.75,11.88
2010-09-14,29.95,27.16,30.21,25.08,90.13,2.43,14.81
2010-09-15,26.84,26.74,28.97,25.39,91.36,2.51,14.43
2010-09-16,2.23,26.87,29.52,25.15,88.18,2.43,19.18
2010-09-17,8.04,27.01,29.72,25.04,90.49,2.7,18.56
2010-09-18,9.29,27.19,29.72,25.74,91.2,2.51,19.78
2010-09-19,6.8,26.5,28.07,25.33,94.52,1.77,17.5
2010-09-20,5.47,26.79,29.16,25.07,89.32,1.08,16.33
2010-09-21,13.51,27.19,29.92,24.71,86.03,0.96,10.36
2010-09-22,1.45,27.75,31.28,24.38,84.75,0.82,16.16
2010-09-23,1.32,28.26,31.11,25.4,84.86,0.76,19.9
2010-09-24,7.25,26.96,29.21,25.52,92.1,1.93,13.91
2010-09-25,22.58,26.63,28.87,24.99,91.48,1.96,7.75
2010-09-26,19.35,26.74,28.93,24.94,91.8,1.82,12.96
2010-09-27,5.12,27.63,30.54,25.23,88.79,1.66,16.78
2010-09-28,4.83,28.05,30.51,25.42,84.27,0.62,15.12
2010-09-29,3.28,27.34,29.87,25.25,88.88,1.12,19.69
2010-09-30,0.11,27.35,30.04,25.21,88.41,0.92,19.52
2010-10-01,0.35,28.02,31.41,25.19,84.63,0.9,22.31
2010-10-02,0.0,28.28,32.31,24.25,83.55,1.09,22.44
2010-10-03,0.0,28.31,32.11,24.32,85.34,1.1,22.26
2010-10-04,0.0,28.29,31.08,25.25,82.92,0.59,21.52
2010-10-05,10.06,27.32,29.85,25.29,89.57,1.56,13.7
2010-10-06,44.72,25.73,28.36,24.12,91.83,1.55,4.71
2010-10-07,88.96,24.91,26.22,23.78,94.83,4.15,2.21
2010-10-08,130.39,27.2,28.35,25.24,94.7,4.71,2.89
2010-10-09,15.29,26.89,28.7,24.3,93.2,3.16,12.62
2010-10-10,1.24,26.46,29.93,23.24,84.41,1.12,17.24
2010-10-11,0.0,26.29,30.38,22.61,84.6,1.43,18.76
2010-10-12,0.0,26.06,29.55,23.05,87.26,1.71,18.91
2010-10-13,2.67,27.13,30.53,23.39,86.7,1.19,19.33
2010-10-14,9.47,27.18,30.0,25.33,90.47,1.1,15.21
2010-10-15,1.85,27.96,32.0,25.24,85.57,1.3,19.78
2010-10-16,1.52,27.3,28.93,25.8,89.72,1.24,18.36
2010-10-17,0.09,27.27,29.83,25.25,85.6,0.79,20.06
2010-10-18,0.11,27.05,30.69,24.17,89.27,1.76,17.94
2010-10-19,1.19,28.2,31.99,24.38,86.17,0.97,18.21
2010-10-20,1.16,28.07,30.68,25.82,86.87,0.85,17.84
2010-10-21,0.94,27.4,30.72,24.74,84.76,1.18,17.67
2010-10-22,0.62,27.19,29.72,24.88,86.89,0.97,14.14
2010-10-23,3.78,26.33,28.37,25.08,92.6,1.04,15.61
2010-10-24,5.89,26.99,29.81,24.3,85.44,0.9,13.02
2010-10-25,3.51,26.73,30.03,23.7,86.28,0.87,15.05
2010-10-26,0.42,26.32,30.51,23.25,85.96,1.34,18.29
2010-10-27,0.01,25.27,29.22,22.26,88.16,1.58,12.98
2010-10-28,0.0,24.13,28.51,20.68,85.45,1.74,18.09
2010-10-29,0.0,23.62,28.53,19.39,87.43,1.89,19.02
2010-10-30,0.0,25.56,30.56,20.4,84.64,1.05,19.22
2010-10-31,1.74,26.51,29.87,23.64,85.97,0.86,18.68
2010-11-01,11.07,25.55,28.88,22.79,90.32,1.88,17.97
2010-11-02,1.71,24.65,29.2,21.22,87.77,2.29,16.18
2010-11-03,0.01,25.1,29.27,21.52,85.72,1.67,18.24
2010-11-04,0.0,24.95,29.3,21.4,86.9,1.91,19.14
2010-11-05,0.0,25.5,30.44,20.65,84.21,1.08,19.08
2010-11-06,0.0,26.25,30.61,22.13,83.02,0.97,18.2
2010-11-07,0.0,26.01,30.63,22.24,84.46,1.12,18.09
2010-11-08,0.0,24.93,29.57,21.1,85.45,1.32,18.93
2010-11-09,0.0,23.99,29.09,19.24,83.84,1.44,19.24
2010-11-10,0.0,24.3,28.95,19.09,76.4,0.81,18.59
2010-11-11,0.0,24.33,28.47,19.76,74.05,0.81,18.01
2010-11-12,0.0,24.55,28.14,20.28,73.15,0.61,16.81
2010-11-13,0.0,24.37,28.44,19.58,72.58,0.74,17.12
2010-11-14,0.0,23.85,28.54,19.15,77.81,0.89,18.19
2010-11-15,0.0,23.8,28.64,19.67,80.5,1.06,18.25
2010-11-16,0.0,23.29,27.86,18.74,80.59,1.13,17.18
2010-11-17,0.0,23.05,27.69,18.53,80.83,1.1,16.1
2010-11-18,0.0,22.7,27.59,18.57,85.06,1.51,16.57
2010-11-19,0.02,23.76,28.12,19.89,84.54,1.07,14.53
2010-11-20,8.33,24.23,27.87,20.48,85.25,1.06,13.73
2010-11-21,3.1,23.76,27.18,19.29,84.61,1.47,9.1
2010-11-22,0.0,20.56,26.21,16.25,78.86,1.89,16.73
2010-11-23,0.0,20.09,25.44,15.97,76.76,1.27,16.38
2010-11-24,0.0,20.97,26.44,16.3,79.34,1.19,17.08
2010-11-25,0.0,21.91,26.68,17.48,84.41,1.34,17.18
2010-11-26,0.0,22.32,27.03,18.57,82.24,1.22,15.73
2010-11-27,0.0,22.77,27.34,18.31,81.12,1.05,13.9
2010-11-28,0.0,22.95,27.26,19.01,83.03,1.01,14.4
2010-11-29,0.0,22.27,26.89,18.93,87.02,1.54,15.3
2010-11-30,0.0,20.73,25.75,16.88,85.05,1.84,16.31
2010-12-01,0.0,18.59,24.05,14.16,82.65,1.92,17.18
2010-12-02,0.0,19.03,25.57,12.96,84.27,1.54,16.96
2010-12-03,0.0,19.87,25.92,13.91,84.46,1.63,16.93
2010-12-04,40.25,21.08,27.08,15.88,85.23,1.07,16.95
2010-12-05,0.0,21.33,27.03,16.29,84.62,1.26,9.31
2010-12-06,0.0,21.13,26.03,18.1,90.77,1.55,12.38
2010-12-07,0.09,21.12,25.5,17.44,90.37,1.8,15.86
2010-12-08,3.5,21.66,25.76,19.07,91.56,1.67,12.99
2010-12-09,23.57,22.5,26.1,19.61,92.88,1.18,4.64
2010-12-10,8.55,24.14,28.28,21.56,90.91,1.14,8.93
2010-12-11,0.31,21.16,25.93,17.08,85.76,2.47,15.29
2010-12-12,0.0,18.71,24.17,15.01,82.56,1.67,15.89
2010-12-13,0.0,17.56,23.05,13.4,79.8,1.75,13.9
2010-12-14,0.0,17.38,23.36,13.13,80.96,1.48,14.89
2010-12-15,0.0,16.16,22.36,11.4,80.71,1.7,15.65
2010-12-16,0.0,16.89,22.99,10.89,83.11,1.46,16.14
2010-12-17,0.0,17.74,23.34,12.6,79.39,1.13,17.16
2010-12-18,0.0,17.57,23.25,13.2,78.71,1.33,16.58
2010-12-19,0.0,16.67,23.38,11.01,82.72,1.75,16.84
2010-12-20,0.0,16.2,23.22,10.6,82.73,1.98,17.5
2010-12-21,0.0,15.47,22.44,9.4,83.16,1.6,16.75
2010-12-22,0.0,16.18,22.07,10.79,80.65,1.44,16.56
2010-12-23,0.0,16.32,22.32,11.16,80.49,1.43,16.13
2010-12-24,0.0,16.51,22.8,11.27,79.74,1.4,16.54
2010-12-25,0.0,15.62,22.34,10.37,81.02,1.74,16.12
2010-12-26,0.0,15.97,22.84,10.04,81.11,1.71,16.88
2010-12-27,0.0,16.19,22.9,9.73,78.75,1.46,17.19
2010-12-28,0.0,16.52,22.83,10.91,77.91,1.42,17.16
2010-12-29,0.0,16.3,22.83,10.64,80.04,1.38,17.36
2010-12-30,0.0,17.31,23.92,11.23,80.17,1.12,17.19
2010-12-31,0.0,17.66,23.61,11.56,81.51,1.22,16.68
2011-01-01,0.0,18.44,24.24,11.7,80.12,0.97,16.32
2011-01-02,0.0,17.3,22.86,12.55,84.35,1.91,13.19
2011-01-03,0.0,14.87,21.44,9.54,82.35,1.86,15.12
2011-01-04,0.0,15.38,22.38,9.4,83.06,1.45,13.69
2011-01-05,0.0,16.49,22.76,11.43,81.0,1.45,14.8
2011-01-06,0.0,16.6,23.31,12.15,84.16,1.94,14.75
2011-01-07,0.0,16.4,23.48,10.18,83.11,1.71,16.58
2011-01-08,0.0,16.28,22.8,9.4,83.73,1.22,13.58
2011-01-09,0.0,17.9,22.89,12.65,82.78,1.31,13.14
2011-01-10,0.0,16.08,22.2,10.9,78.96,2.11,15.77
2011-01-11,0.0,13.22,20.6,8.03,75.1,1.65,16.06
2011-01-12,0.0,13.25,20.37,7.19,72.55,1.64,15.18
2011-01-13,0.0,12.85,19.76,7.49,75.34,1.47,16.16
2011-01-14,0.0,13.98,21.72,7.58,74.73,1.72,16.2
2011-01-15,0.0,15.8,23.23,9.14,72.51,1.46,17.48
2011-01-16,0.0,16.61,22.87,10.13,81.59,1.81,14.06
2011-01-17,0.13,16.57,21.97,10.4,79.75,1.7,11.99
2011-01-18,0.0,14.05,19.9,7.56,61.18,1.31,16.64
2011-01-19,0.0,15.01,21.75,8.13,69.44,1.64,16.27
2011-01-20,0.0,15.97,22.96,11.54,74.74,1.56,17.34
2011-01-21,0.0,15.03,21.5,9.3,72.43,1.57,16.78
2011-01-22,0.0,14.92,21.62,8.8,71.25,1.38,17.76
2011-01-23,0.0,15.42,22.1,9.37,74.31,1.51,16.59
2011-01-24,0.0,16.1,22.96,10.07,74.96,1.45,17.29
2011-01-25,0.0,17.85,25.01,11.67,73.17,1.34,17.73
2011-01-26,0.0,18.15,25.53,12.12,74.93,1.59,18.25
2011-01-27,0.0,18.75,25.96,13.18,75.61,1.42,17.33
2011-01-28,0.0,17.76,24.8,12.86,75.53,2.16,17.22
2011-01-29,0.0,16.6,24.1,10.38,68.94,1.76,19.36
2011-01-30,0.0,17.32,24.55,10.61,70.48,1.58,18.17
2011-01-31,0.0,19.14,26.01,13.12,73.16,1.35,16.72
2011-02-01,0.0,18.84,25.11,13.6,73.79,1.68,17.94
2011-02-02,0.0,17.2,24.41,11.17,68.85,1.85,18.72
2011-02-03,0.0,18.37,25.57,11.6,73.08,1.56,19.3
2011-02-04,0.0,19.76,26.33,13.91,68.4,1.15,19.24
2011-02-05,0.0,19.84,26.48,13.46,62.7,0.82,20.21
2011-02-06,0.0,20.18,26.31,14.22,60.43,0.74,20.39
2011-02-07,0.0,20.82,26.39,15.1,62.19,0.9,19.77
2011-02-08,0.0,20.7,26.7,14.94,72.69,1.22,18.72
2011-02-09,0.0,21.58,27.65,14.52,71.64,1.12,18.51
2011-02-10,0.0,20.15,27.31,14.28,65.38,1.55,20.56
2011-02-11,0.0,18.9,26.28,11.17,53.49,1.53,21.48
2011-02-12,0.0,19.5,25.91,11.85,53.67,1.29,20.89
2011-02-13,0.0,19.5,26.33,11.63,59.45,1.23,19.32
2011-02-14,0.0,20.32,27.25,13.51,79.1,1.33,18.65
2011-02-15,0.0,21.59,27.91,16.89,87.36,1.98,18.85
2011-02-16,0.0,22.04,27.91,18.13,86.85,1.94,18.52
2011-02-17,0.25,21.32,26.88,17.12,83.81,1.74,18.86
2011-02-18,4.09,21.71,26.16,18.14,77.88,1.21,16.96
2011-02-19,0.0,21.26,27.51,15.49,70.02,1.49,18.24
2011-02-20,0.0,21.27,27.63,15.41,70.32,1.64,12.08
2011-02-21,0.0,20.91,27.69,16.08,65.16,2.88,7.38
2011-02-22,0.0,20.12,27.46,15.07,61.32,2.61,20.55
2011-02-23,0.0,19.57,27.99,13.01,60.35,2.01,22.47
2011-02-24,0.0,19.79,28.02,12.62,62.53,1.92,22.06
2011-02-25,0.0,20.36,28.3,12.69,58.43,1.55,22.83
2011-02-26,0.0,21.36,29.31,14.28,58.85,1.51,22.05
2011-02-27,0.0,21.65,30.15,14.63,62.89,2.71,21.65
2011-02-28,0.0,20.75,28.94,14.17,54.4,2.32,23.06
2011-03-01,0.0,20.04,29.29,12.09,50.81,2.07,23.78
2011-03-02,0.0,21.33,30.41,12.89,52.13,1.99,23.73
2011-03-03,0.0,22.57,31.03,14.95,51.68,1.7,23.17
2011-03-04,0.0,23.99,32.33,16.51,52.52,1.59,23.05
2011-03-05,0.0,25.45,32.87,17.47,51.74,1.42,20.58
2011-03-06,0.0,25.52,33.26,19.35,61.2,1.68,21.25
2011-03-07,0.0,24.05,32.01,16.75,42.6,1.73,23.85
2011-03-08,0.0,24.59,31.8,16.45,38.49,1.46,24.08
2011-03-09,0.0,24.92,33.96,17.11,60.42,1.45,23.93
2011-03-10,0.0,25.58,34.08,18.79,64.77,1.43,21.74
2011-03-11,0.0,25.67,32.73,20.1,68.52,1.4,19.37
2011-03-12,0.04,25.94,32.83,20.25,63.83,1.21,20.82
2011-03-13,0.0,26.5,32.67,20.61,55.92,1.12,23.1
2011-03-14,0.0,26.42,33.1,20.42,50.02,0.68,23.21
2011-03-15,0.0,24.86,31.06,19.48,61.64,1.0,21.15
2011-03-16,0.67,23.78,28.42,20.74,78.56,1.74,17.51
2011-03-17,0.0,24.87,30.69,20.26,71.82,3.26,22.54
2011-03-18,0.0,24.85,29.74,21.09,67.85,3.94,21.69
2011-03-19,0.0,26.06,30.83,22.39,70.72,5.18,17.56
2011-03-20,0.0,26.38,30.74,23.84,71.8,4.96,19.65
2011-03-21,0.01,26.89,31.77,23.71,72.27,4.82,20.13
2011-03-22,0.0,26.5,31.86,22.7,73.66,3.26,21.73
2011-03-23,0.0,26.81,33.82,20.87,70.57,1.84,22.75
2011-03-24,0.05,27.12,34.03,21.24,71.71,2.31,21.92
2011-03-25,0.0,27.26,33.96,21.92,70.09,2.02,20.92
2011-03-26,4.18,27.2,32.8,22.72,72.37,2.32,21.01
2011-03-27,3.67,26.79,31.16,22.41,67.44,0.83,19.69
2011-03-28,0.06,26.64,33.19,21.54,57.97,1.26,20.7
2011-03-29,3.03,25.95,31.02,21.49,72.73,2.13,16.66
2011-03-30,12.27,26.17,30.78,22.97,75.73,2.85,16.01
2011-03-31,32.05,25.68,29.55,22.75,82.51,3.37,13.95
2011-04-01,12.61,25.57,30.41,21.75,79.96,1.79,23.16
2011-04-02,5.37,25.62,30.48,21.85,80.22,2.05,23.31
2011-04-03,2.38,26.09,31.76,21.68,76.86,1.56,23.34
2011-04-04,0.01,26.98,33.17,22.24,72.75,1.36,23.81
2011-04-05,0.85,27.15,33.08,22.08,71.4,1.43,22.73
2011-04-06,0.0,27.84,34.51,21.03,56.55,1.42,24.15
2011-04-07,0.0,27.9,34.79,21.71,61.27,1.16,25.44
2011-04-08,0.0,27.93,35.36,21.81,64.53,1.6,24.2
2011-04-09,0.0,28.2,35.12,21.93,67.37,1.65,22.96
2011-04-10,0.0,28.78,33.92,23.34,61.84,0.64,21.19
2011-04-11,0.08,29.43,35.82,22.64,50.89,0.82,23.52
2011-04-12,0.0,29.71,36.87,22.51,52.28,0.88,24.08
2011-04-13,0.0,29.73,36.51,23.93,65.95,1.91,23.45
2011-04-14,0.34,28.97,34.84,24.49,65.42,2.12,22.16
2011-04-15,1.0,28.48,33.96,24.06,66.71,1.61,22.34
2011-04-16,0.2,29.03,34.66,24.87,64.37,1.24,24.36
2011-04-17,0.52,29.54,36.06,24.28,64.54,1.57,24.89
2011-04-18,0.02,29.16,34.85,24.29,68.2,1.84,23.52
2011-04-19,1.47,28.08,31.61,25.15,71.75,1.3,22.64
2011-04-20,5.22,28.46,32.87,25.28,72.27,1.98,22.62
2011-04-21,5.17,27.62,31.15,24.84,76.94,1.8,22.39
2011-04-22,2.36,28.29,32.83,24.22,73.72,1.53,20.48
2011-04-23,1.13,28.15,32.6,24.95,64.58,0.92,13.88
2011-04-24,1.51,28.09,34.15,23.33,67.93,2.25,9.89
2011-04-25,12.24,26.92,30.98,23.72,75.31,1.84,22.54
2011-04-26,5.65,27.42,32.53,22.59,72.06,1.38,14.54
2011-04-27,4.14,27.1,31.04,23.84,74.53,1.43,14.27
2011-04-28,6.13,27.49,32.25,23.85,74.27,1.13,20.99
2011-04-29,11.51,27.18,31.42,23.79,75.05,1.24,19.94
2011-04-30,2.2,27.78,32.17,23.91,73.71,1.82,22.92
2011-05-01,5.3,28.13,32.77,24.15,74.97,2.55,24.42
2011-05-02,5.08,28.26,32.56,25.01,76.93,3.12,25.74
2011-05-03,1.56,28.55,32.62,25.25,76.25,3.35,22.47
2011-05-04,3.08,28.67,32.94,25.21,76.45,2.61,16.06
2011-05-05,31.48,27.22,30.59,24.41,82.4,1.86,19.13
2011-05-06,27.05,27.22,31.09,24.15,84.31,2.02,17.67
2011-05-07,1.77,27.96,32.24,24.25,80.92,1.79,22.04
2011-05-08,1.25,28.34,32.12,25.16,78.55,1.19,19.94
2011-05-09,0.55,29.61,34.7,24.84,72.47,1.49,26.14
2011-05-10,3.97,29.07,34.05,25.24,75.13,2.05,25.83
2011-05-11,18.32,28.53,32.07,26.01,85.27,3.13,20.79
2011-05-12,20.03,28.83,32.91,25.68,83.12,2.5,21.96
2011-05-13,8.02,29.11,33.55,25.94,79.77,2.1,22.6
2011-05-14,18.94,27.83,31.46,25.45,86.14,2.01,20.8
2011-05-15,0.04,28.14,32.34,25.23,84.21,2.22,24.34
2011-05-16,0.02,28.18,31.76,24.93,82.61,1.37,22.52
2011-05-17,0.98,28.23,31.5,25.32,83.88,1.32,20.65
2011-05-18,12.15,28.56,31.71,26.14,84.7,1.37,16.02
2011-05-19,35.62,28.21,31.43,25.84,86.79,1.69,11.11
2011-05-20,5.57,27.74,29.65,25.86,90.46,2.06,20.3
2011-05-21,24.14,28.26,30.84,26.38,88.11,3.38,20.5
2011-05-22,24.97,28.05,29.94,26.59,90.36,2.9,11.52
2011-05-23,9.23,28.7,31.59,26.71,88.29,2.83,16.79
2011-05-24,18.52,28.54,31.26,26.3,89.02,2.47,21.15
2011-05-25,10.08,28.42,31.67,26.1,87.25,1.92,19.39
2011-05-26,9.39,28.2,30.65,26.33,89.4,1.97,21.74
2011-05-27,0.94,27.16,29.08,25.0,88.15,1.56,16.94
2011-05-28,1.3,27.7,31.58,24.38,84.32,1.6,21.27
2011-05-29,11.03,27.28,29.53,25.61,90.37,2.5,16.87
2011-05-30,24.56,27.58,29.78,26.07,92.48,3.45,8.48
2011-05-31,23.19,27.99,30.19,26.57,91.13,3.58,13.75
2011-06-01,10.0,27.31,29.8,25.38,87.98,2.96,21.09
2011-06-02,1.75,27.61,30.42,25.37,89.11,2.2,22.02
2011-06-03,3.42,28.05,31.88,24.92,86.13,1.7,24.3
2011-06-04,1.63,28.33,31.75,25.2,86.77,1.62,22.28
2011-06-05,3.81,28.37,31.59,25.52,87.5,1.6,23.78
2011-06-06,1.18,28.56,31.59,26.07,87.39,1.45,25.51
2011-06-07,13.16,27.67,29.68,25.88,90.9,1.92,21.35
2011-06-08,34.3,26.59,28.38,25.08,92.07,1.73,8.84
2011-06-09,3.86,27.99,31.49,24.66,86.78,1.84,5.65
2011-06-10,2.24,28.35,30.66,26.35,89.55,1.62,13.55
2011-06-11,4.17,28.36,31.15,26.67,89.59,2.59,15.49
2011-06-12,6.65,28.27,31.4,25.8,85.84,1.78,23.73
2011-06-13,4.35,29.09,32.66,25.55,80.53,1.15,21.34
2011-06-14,15.28,27.27,29.23,25.46,91.63,2.51,16.64
2011-06-15,16.41,28.2,30.83,25.58,88.58,2.56,17.64
2011-06-16,26.63,27.43,29.44,25.48,92.55,3.98,5.8
2011-06-17,48.16,27.92,29.53,26.89,91.79,5.87,5.05
2011-06-18,18.14,27.75,29.62,26.21,91.15,5.09,6.95
2011-06-19,3.74,28.44,31.39,26.16,90.25,4.15,20.96
2011-06-20,0.66,28.59,31.67,26.52,88.24,3.14,18.99
2011-06-21,0.34,28.38,31.52,26.28,87.7,2.86,18.63
2011-06-22,0.02,28.29,31.37,25.76,87.04,2.52,14.82
2011-06-23,0.47,29.03,32.45,26.4,87.76,2.28,19.77
2011-06-24,3.73,29.32,32.75,26.57,88.62,1.35,9.93
2011-06-25,8.21,28.7,32.08,26.54,87.89,2.11,12.56
2011-06-26,19.58,28.03,31.15,26.36,89.18,2.73,8.26
2011-06-27,27.37,27.63,29.55,26.09,92.72,2.77,12.24
2011-06-28,48.13,27.41,28.85,26.57,94.14,3.5,9.11
2011-06-29,47.61,27.75,29.53,26.68,93.6,2.9,6.75
2011-06-30,61.58,27.63,29.63,26.15,93.43,2.78,4.56
2011-07-01,63.73,28.04,30.4,26.22,91.99,3.36,4.73
2011-07-02,62.1,27.55,30.3,25.31,90.63,2.63,8.09
2011-07-03,6.74,27.24,29.88,25.5,90.2,2.24,13.73
2011-07-04,13.77,26.77,28.96,25.29,90.79,2.92,17.59
2011-07-05,0.69,27.34,30.43,25.15,88.32,3.26,26.09
2011-07-06,1.98,27.29,30.34,25.08,89.06,3.48,23.57
2011-07-07,12.14,27.38,29.88,25.51,90.72,3.42,21.52
2011-07-08,7.02,27.73,30.45,25.7,89.65,2.88,22.87
2011-07-09,6.72,27.86,31.04,25.28,89.78,2.46,21.57
2011-07-10,1.5,28.36,31.41,25.92,89.23,1.84,21.1
2011-07-11,0.92,28.58,31.49,26.44,90.06,2.07,22.37
2011-07-12,0.55,28.14,30.67,26.17,88.44,3.04,23.19
2011-07-13,1.08,28.13,31.16,25.69,89.35,3.08,19.85
2011-07-14,5.17,28.03,30.74,26.03,90.61,3.56,17.71
2011-07-15,10.07,27.52,29.21,26.31,92.77,2.5,19.27
2011-07-16,5.41,27.69,30.2,26.05,90.24,2.98,16.21
2011-07-17,1.53,27.79,31.13,25.68,90.28,3.67,17.47
2011-07-18,12.39,28.1,30.47,26.67,90.29,4.03,10.31
2011-07-19,29.3,28.18,30.64,26.65,93.14,2.55,9.16
2011-07-20,16.78,27.92,30.32,26.35,91.67,2.62,13.2
2011-07-21,54.78,27.55,29.72,26.18,93.4,3.46,7.47
2011-07-22,22.87,27.32,29.4,25.67,91.01,3.96,16.3
2011-07-23,9.31,27.21,30.48,25.33,90.13,2.48,16.27
2011-07-24,0.47,27.52,30.66,25.08,88.12,1.6,21.33
2011-07-25,1.1,28.07,31.43,25.34,85.65,1.43,22.56
2011-07-26,0.77,27.88,31.16,25.69,88.38,1.5,19.76
2011-07-27,1.12,28.09,31.31,25.69,87.7,1.43,19.86
2011-07-28,0.77,28.31,32.25,25.26,84.88,1.32,22.84
2011-07-29,0.45,28.28,31.85,25.6,87.82,1.75,23.38
2011-07-30,3.29,28.32,31.73,25.47,88.02,1.84,22.85
2011-07-31,3.44,29.45,33.12,25.84,83.53,1.19,21.89
2011-08-01,2.34,29.8,33.32,26.34,85.35,1.46,19.52
2011-08-02,10.69,29.38,32.27,27.13,86.27,1.75,12.33
2011-08-03,22.12,28.51,31.9,26.61,89.96,3.28,19.89
2011-08-04,44.3,28.27,31.14,26.5,90.41,3.11,9.86
2011-08-05,53.98,27.73,29.08,26.49,93.29,3.99,6.6
2011-08-06,49.43,28.36,30.85,26.84,91.28,3.39,12.94
2011-08-07,72.37,27.78,29.05,26.92,95.55,3.35,7.31
2011-08-08,38.91,27.48,28.75,26.26,94.87,2.97,5.3
2011-08-09,80.49,27.26,28.65,25.94,95.79,2.95,3.88
2011-08-10,41.88,27.14,28.98,25.87,93.15,2.06,10.65
2011-08-11,4.73,27.23,29.86,25.27,91.27,2.44,16.89
2011-08-12,3.39,26.52,28.37,25.03,94.08,3.7,21.4
2011-08-13,9.89,26.92,29.61,25.11,92.76,3.33,10.34
2011-08-14,7.4,27.03,28.9,25.61,92.86,2.57,19.65
2011-08-15,5.46,27.22,29.95,25.45,91.65,2.12,18.44
2011-08-16,41.17,26.53,28.07,25.17,92.55,2.04,13.9
2011-08-17,41.58,25.81,27.57,24.7,93.09,2.19,5.79
2011-08-18,2.45,26.18,28.4,24.26,91.18,2.49,17.79
2011-08-19,15.85,26.44,28.9,24.6,91.35,1.29,22.06
2011-08-20,11.74,26.81,29.6,24.87,90.21,1.37,19.94
2011-08-21,29.38,26.66,28.97,24.99,92.59,1.72,16.78
2011-08-22,11.73,27.39,30.58,24.96,91.09,1.97,20.2
2011-08-23,10.02,27.32,30.61,25.16,91.62,2.13,17.48
2011-08-24,14.62,26.85,29.24,25.46,92.64,2.09,9.85
2011-08-25,2.16,26.72,28.69,25.46,94.02,2.19,20.22
2011-08-26,3.21,26.88,29.09,25.24,92.92,1.53,12.27
2011-08-27,0.91,26.91,29.57,24.91,91.71,1.79,19.7
2011-08-28,1.11,26.86,28.51,25.22,91.31,1.6,22.93
2011-08-29,1.29,26.81,28.7,24.92,92.17,1.12,22.6
2011-08-30,0.6,27.49,29.92,25.79,91.33,1.77,23.85
2011-08-31,1.73,27.21,29.35,25.84,92.99,2.05,20.56
2011-09-01,0.92,27.1,29.53,25.53,91.68,2.43,18.41
2011-09-02,5.98,26.31,29.2,24.58,91.94,1.81,11.63
2011-09-03,3.07,27.24,31.18,23.7,87.71,2.32,23.33
2011-09-04,0.98,27.05,29.22,25.2,92.29,2.52,21.68
2011-09-05,5.65,27.8,31.08,25.4,90.25,2.44,21.81
2011-09-06,18.19,26.99,28.68,25.68,94.68,2.54,16.77
2011-09-07,71.06,26.91,28.2,25.77,94.4,3.43,4.06
2011-09-08,37.85,27.2,29.64,25.44,92.53,3.86,6.6
2011-09-09,8.75,27.32,29.94,26.15,92.88,3.75,14.0
2011-09-10,0.3,27.6,30.81,25.49,89.95,2.09,21.05
2011-09-11,1.97,28.54,32.36,25.23,83.99,0.8,22.73
2011-09-12,2.38,29.05,32.56,25.64,86.85,1.32,22.07
2011-09-13,1.36,28.84,32.17,26.7,89.98,1.52,13.15
2011-09-14,8.63,27.15,29.11,25.95,91.33,3.22,12.14
2011-09-15,23.7,27.03,28.1,26.21,94.44,3.45,12.5
2011-09-16,50.58,27.17,28.38,26.29,95.12,3.66,2.38
2011-09-17,31.8,27.04,28.54,26.04,95.1,3.12,4.79
2011-09-18,7.83,27.35,29.56,25.9,93.32,2.72,18.38
2011-09-19,2.34,27.49,30.29,25.56,91.43,1.68,20.27
2011-09-20,7.46,27.36,30.65,25.05,91.24,2.11,20.02
2011-09-21,6.86,27.09,29.57,25.13,92.33,2.64,17.97
2011-09-22,2.54,27.28,29.96,25.62,91.16,3.13,18.43
2011-09-23,7.21,27.11,29.72,25.52,89.78,3.56,15.49
2011-09-24,7.38,27.4,30.24,25.17,89.86,3.18,13.36
2011-09-25,2.23,27.4,30.32,25.33,89.11,2.7,20.2
2011-09-26,2.93,27.32,30.49,25.04,88.3,1.88,19.73
2011-09-27,4.75,27.16,30.64,24.5,89.57,1.94,18.88
2011-09-28,3.64,28.08,31.64,24.97,85.23,0.94,17.13
2011-09-29,5.6,28.51,31.69,25.75,83.33,0.66,19.2
2011-09-30,6.47,28.26,31.92,24.69,86.57,1.54,15.47
2011-10-01,0.08,28.11,31.73,25.13,88.85,2.14,16.26
2011-10-02,2.6,27.85,31.19,25.43,87.31,2.2,15.78
2011-10-03,12.09,27.78,31.11,24.31,85.63,1.29,15.92
2011-10-04,14.2,27.36,30.37,24.55,87.72,1.4,18.4
2011-10-05,4.71,27.74,31.39,25.1,87.61,1.34,19.73
2011-10-06,9.24,28.18,31.42,25.08,82.01,0.65,20.06
2011-10-07,4.94,27.76,31.16,24.65,84.55,0.75,19.3
2011-10-08,8.1,28.14,31.3,25.62,82.73,0.61,19.43
2011-10-09,0.61,28.46,31.33,25.33,80.15,0.6,20.59
2011-10-10,0.2,28.07,31.28,25.05,82.31,0.9,20.49
2011-10-11,0.06,27.83,31.4,24.49,84.4,1.27,19.04
2011-10-12,0.0,26.88,31.28,23.56,86.57,1.91,20.41
2011-10-13,0.0,25.82,30.59,21.22,86.26,1.69,20.96
2011-10-14,0.0,26.18,30.63,21.61,84.72,1.29,20.61
2011-10-15,0.0,27.28,31.41,22.81,80.2,0.65,17.54
2011-10-16,0.0,27.23,30.93,24.21,79.47,0.94,20.23
2011-10-17,0.56,26.42,30.84,22.63,85.07,1.43,16.17
2011-10-18,0.78,25.42,27.28,24.12,91.67,2.03,8.14
2011-10-19,0.72,24.64,27.9,22.75,88.22,3.34,7.14
2011-10-20,0.08,25.98,29.65,23.1,90.4,2.33,18.79
2011-10-21,0.68,26.33,28.38,24.96,88.84,1.86,15.02
2011-10-22,9.89,26.07,28.78,23.77,85.15,1.02,13.8
2011-10-23,3.77,26.31,30.01,22.27,80.97,0.7,16.44
2011-10-24,0.0,25.32,29.63,21.75,85.09,1.7,20.53
2011-10-25,0.0,25.02,29.52,20.75,84.42,1.48,20.1
2011-10-26,0.0,25.28,29.61,21.38,80.25,1.26,17.7
2011-10-27,0.0,25.3,29.5,21.46,81.88,1.31,18.66
2011-10-28,0.0,24.32,29.11,19.99,83.03,1.57,19.63
2011-10-29,0.0,24.47,29.11,19.39,78.74,1.22,18.91
2011-10-30,0.0,24.19,28.22,20.36,82.56,1.15,19.85
2011-10-31,0.0,23.99,27.87,20.05,82.67,1.24,19.65
2011-11-01,0.0,23.58,27.65,19.33,78.55,1.18,19.18
2011-11-02,0.0,23.48,27.54,18.82,74.01,1.25,19.47
2011-11-03,0.0,23.13,27.42,18.44,71.19,1.05,17.92
2011-11-04,0.0,22.51,27.27,18.03,75.79,1.15,17.11
2011-11-05,0.0,23.22,28.06,18.47,74.92,1.02,17.9
2011-11-06,0.05,23.33,27.8,18.88,73.31,0.82,16.58
2011-11-07,0.01,22.34,27.41,17.9,79.68,1.16,16.58
2011-11-08,0.0,22.44,27.93,17.31,82.73,1.54,18.29
2011-11-09,0.0,23.22,28.88,17.43,78.65,1.06,19.67
2011-11-10,0.0,23.25,28.73,17.28,75.15,0.89,19.44
2011-11-11,0.0,23.4,27.89,17.82,71.0,0.64,19.17
2011-11-12,0.0,23.47,28.04,18.68,72.38,0.64,18.72
2011-11-13,0.0,23.53,28.33,18.79,73.68,0.6,18.63
2011-11-14,0.0,23.1,27.75,17.89,76.09,0.87,18.52
2011-11-15,0.0,23.4,27.81,18.83,75.76,0.74,17.85
2011-11-16,0.01,23.15,28.12,18.5,73.42,0.94,16.24
2011-11-17,0.0,22.11,27.24,17.76,77.51,1.14,16.04
2011-11-18,0.0,21.66,26.78,16.46,77.19,1.09,16.36
2011-11-19,0.0,21.65,26.65,16.2,75.83,1.02,16.09
2011-11-20,0.0,22.87,28.24,16.7,73.19,0.7,17.16
2011-11-21,0.0,22.59,27.91,16.73,72.76,0.79,17.74
2011-11-22,0.0,22.14,27.69,15.71,75.32,1.1,18.16
2011-11-23,0.0,22.26,28.07,16.5,74.71,1.09,17.76
2011-11-24,0.0,22.05,28.13,16.19,79.28,1.28,17.89
2011-11-25,0.0,21.68,27.67,16.55,79.63,1.47,17.61
2011-11-26,0.0,21.23,26.78,16.16,78.29,1.56,17.51
2011-11-27,0.0,20.52,25.77,15.2,78.52,1.27,17.17
2011-11-28,0.0,20.14,25.47,15.25,81.47,1.51,16.17
2011-11-29,0.0,20.26,25.65,15.07,79.71,1.44,15.63
2011-11-30,0.0,19.7,25.46,14.84,81.53,1.73,15.48
2011-12-01,0.0,21.05,27.11,15.18,79.84,1.03,15.75
2011-12-02,0.0,22.03,27.65,17.4,77.82,0.82,16.18
2011-12-03,0.0,21.55,26.15,18.46,81.94,1.01,13.22
2011-12-04,0.0,22.07,26.19,17.52,80.07,1.08,14.0
2011-12-05,0.0,21.93,26.36,16.89,77.47,0.8,13.8
2011-12-06,0.0,21.24,26.44,16.68,81.03,1.19,15.62
2011-12-07,0.0,21.3,26.9,15.87,79.06,1.17,16.52
2011-12-08,0.0,21.22,26.92,16.2,77.3,1.04,16.68
2011-12-09,0.0,20.9,26.33,15.94,77.06,1.0,16.68
2011-12-10,0.0,20.64,25.92,15.64,75.53,0.97,16.28
2011-12-11,0.0,19.54,25.28,13.97,74.64,1.09,16.0
2011-12-12,0.0,18.68,24.82,14.33,80.82,1.75,15.11
2011-12-13,0.0,17.13,23.1,12.32,79.26,1.9,14.99
2011-12-14,0.0,16.81,22.91,11.95,80.38,1.73,13.15
2011-12-15,0.0,16.38,22.8,10.83,78.53,1.65,15.18
2011-12-16,0.0,16.07,22.93,10.58,76.24,1.58,15.02
2011-12-17,0.0,15.53,22.15,9.92,77.37,1.5,13.6
2011-12-18,0.0,15.58,22.61,9.4,74.98,1.51,11.4
2011-12-19,0.0,15.35,21.92,9.14,74.3,1.45,13.46
2011-12-20,0.0,15.23,22.23,9.27,72.93,1.65,10.48
2011-12-21,0.0,15.01,22.68,9.26,77.8,1.56,12.3
2011-12-22,0.0,15.4,23.26,9.59,75.29,1.77,10.85
2011-12-23,0.0,14.68,22.08,8.03,77.79,1.62,9.66
2011-12-24,0.0,15.9,21.98,10.56,74.48,1.47,7.96
2011-12-25,0.0,18.02,24.61,11.96,69.53,1.04,11.5
2011-12-26,0.0,18.81,24.71,12.37,66.94,1.05,15.55
2011-12-27,0.0,20.06,26.24,12.78,67.98,0.94,15.18
2011-12-28,0.0,20.99,26.15,16.55,73.41,0.81,9.62
2011-12-29,0.0,21.54,26.87,17.3,76.39,1.07,9.45
2011-12-30,0.0,19.88,26.78,14.91,76.45,1.55,15.81
2011-12-31,0.0,18.37,25.35,12.71,71.55,1.69,16.26
2012-01-01,0.0,19.09,25.78,12.98,70.12,1.33,16.43
2012-01-02,1.39,19.85,25.66,15.65,73.97,1.22,7.59
2012-01-03,0.17,19.36,24.6,16.13,83.16,1.66,14.34
2012-01-04,0.0,18.69,24.06,13.43,78.46,1.52,14.23
2012-01-05,0.07,18.77,24.22,13.31,76.38,1.18,13.9
2012-01-06,0.43,19.0,23.91,13.81,74.12,1.08,10.4
2012-01-07,0.27,18.6,24.44,13.22,76.73,1.29,6.63
2012-01-08,0.06,19.31,25.07,13.88,75.85,1.23,8.2
2012-01-09,2.83,19.65,25.58,14.52,77.26,1.0,11.02
2012-01-10,1.1,19.21,23.99,15.59,81.23,1.24,11.24
2012-01-11,0.0,19.14,24.83,14.91,78.38,1.78,12.27
2012-01-12,0.0,16.91,22.99,12.19,75.66,2.45,12.22
2012-01-13,0.0,13.98,20.43,8.62,71.66,2.09,14.9
2012-01-14,0.0,13.9,20.87,8.3,74.67,2.02,16.15
2012-01-15,0.0,14.1,21.82,7.67,67.12,1.7,17.2
2012-01-16,0.0,15.2,22.47,8.73,62.98,1.45,17.16
2012-01-17,0.0,17.5,23.79,11.42,59.19,0.97,16.11
2012-01-18,0.0,18.91,25.29,13.3,74.48,1.14,16.72
2012-01-19,0.0,20.32,25.99,15.07,65.49,0.71,15.74
2012-01-20,0.0,19.18,25.16,12.98,72.81,1.03,15.0
2012-01-21,0.0,18.96,24.75,14.14,78.5,1.31,14.07
2012-01-22,0.0,15.84,22.57,10.82,69.64,1.97,16.32
2012-01-23,0.0,14.84,22.69,8.58,65.38,1.9,18.18
2012-01-24,0.0,14.97,22.86,8.61,65.8,1.65,17.83
2012-01-25,0.0,15.12,23.42,8.69,62.55,1.67,17.77
2012-01-26,0.0,16.14,24.07,8.99,60.33,1.67,18.43
2012-01-27,0.0,17.09,25.1,10.93,63.01,1.61,17.24
2012-01-28,0.0,16.87,25.04,10.66,60.94,2.27,18.82
2012-01-29,0.0,16.62,24.53,10.15,59.38,2.43,18.18
2012-01-30,0.0,17.61,26.75,10.56,58.94,2.46,18.07
2012-01-31,0.0,16.85,25.88,9.84,55.73,2.36,18.44
2012-02-01,0.0,16.7,25.81,9.36,56.97,2.36,18.16
2012-02-02,0.0,16.25,24.77,10.11,51.1,2.28,19.35
2012-02-03,0.0,16.22,25.38,8.67,52.72,1.68,20.1
2012-02-04,0.0,17.57,26.6,9.92,55.68,1.71,19.57
2012-02-05,0.0,18.89,28.07,11.74,54.12,1.68,20.01
2012-02-06,0.0,20.25,28.24,12.48,51.11,1.29,18.59
2012-02-07,0.0,21.0,28.23,14.88,52.52,1.33,18.08
2012-02-08,0.0,21.61,29.02,13.77,52.1,1.03,18.23
2012-02-09,0.0,22.6,28.87,18.17,69.29,1.42,17.82
2012-02-10,0.0,19.67,27.03,14.24,56.74,2.15,17.77
2012-02-11,0.0,17.66,26.38,10.62,45.88,1.94,18.77
2012-02-12,0.0,17.06,25.78,9.96,46.0,1.79,20.78
2012-02-13,0.0,18.6,28.08,10.52,45.1,1.78,21.28
2012-02-14,0.0,20.13,29.08,12.68,44.59,1.71,19.71
2012-02-15,0.0,22.14,30.36,14.96,51.17,1.56,18.56
2012-02-16,0.1,23.18,31.2,16.51,57.14,1.55,16.58
2012-02-17,0.0,23.09,30.45,16.38,57.68,2.31,19.21
2012-02-18,0.0,22.47,30.76,16.07,54.96,1.89,20.84
2012-02-19,0.0,21.14,29.98,13.78,43.28,1.85,21.37
2012-02-20,0.0,20.99,29.31,13.63,39.62,1.5,21.61
2012-02-21,0.0,22.29,29.88,13.87,41.59,1.31,20.64
2012-02-22,0.0,23.0,30.82,16.2,52.56,1.33,21.04
2012-02-23,0.0,24.18,31.94,16.59,62.83,1.24,20.07
2012-02-24,0.0,24.95,32.98,16.9,53.9,1.45,20.98
2012-02-25,0.0,26.14,33.82,19.06,33.84,1.17,22.46
2012-02-26,0.0,25.67,33.56,18.08,34.63,1.26,22.25
2012-02-27,0.0,23.66,32.07,16.73,35.32,1.59,22.0
2012-02-28,0.0,22.65,31.28,15.33,41.0,1.69,21.7
2012-02-29,14.31,23.3,29.25,18.18,82.35,2.25,14.73
2012-03-01,0.05,24.81,31.29,19.75,72.07,2.08,18.66
2012-03-02,3.68,24.52,30.94,18.94,72.62,2.27,15.4
2012-03-03,3.29,24.6,30.88,19.94,73.43,1.5,15.42
2012-03-04,0.01,25.14,32.27,19.06,62.06,1.55,21.3
2012-03-05,0.0,25.6,32.75,18.8,64.76,2.47,19.97
2012-03-06,0.0,26.3,33.69,20.13,71.44,2.94,20.0
2012-03-07,0.0,26.14,32.55,21.02,76.54,3.06,17.99
2012-03-08,0.0,26.19,32.3,21.41,75.92,2.76,19.52
2012-03-09,0.0,25.99,32.78,20.76,70.67,1.79,20.92
2012-03-10,0.0,26.88,33.9,21.16,60.65,0.99,20.53
2012-03-11,0.0,26.16,35.03,19.18,44.27,2.41,23.79
2012-03-12,0.0,25.08,34.87,16.06,34.12,2.19,22.95
2012-03-13,0.0,26.0,35.36,17.01,34.15,1.78,16.64
2012-03-14,0.01,25.81,34.04,17.92,45.95,1.96,21.31
2012-03-15,0.0,25.36,32.68,19.86,46.19,1.65,22.32
2012-03-16,0.0,24.93,33.15,17.32,38.68,1.59,23.93
2012-03-17,0.03,25.02,33.49,16.81,44.44,1.57,22.44
2012-03-18,2.19,26.01,31.57,21.07,67.97,1.49,18.67
2012-03-19,0.62,26.81,33.69,20.56,67.36,1.53,20.67
2012-03-20,0.19,27.63,34.77,21.54,69.68,1.92,17.28
2012-03-21,0.0,28.5,35.4,22.66,71.11,2.35,21.03
2012-03-22,0.0,28.75,35.95,22.62,68.76,3.06,21.82
2012-03-23,0.0,28.03,35.39,21.96,63.29,1.43,21.0
2012-03-24,0.0,27.61,35.42,21.77,64.69,1.53,23.05
2012-03-25,0.0,27.39,35.64,19.89,61.52,2.06,23.21
2012-03-26,0.0,28.48,35.95,21.73,64.92,2.4,23.08
2012-03-27,0.0,28.77,35.87,22.61,62.4,2.58,22.66
2012-03-28,0.0,29.04,36.36,22.81,60.44,2.76,23.13
2012-03-29,0.0,29.25,37.29,22.42,63.16,2.72,22.9
2012-03-30,0.0,28.82,35.57,23.91,66.02,1.84,21.1
2012-03-31,0.0,28.74,34.9,23.22,59.53,0.93,19.42
2012-04-01,0.0,29.83,38.09,22.12,42.3,1.36,20.45
2012-04-02,0.0,29.71,35.99,24.41,58.91,1.42,21.22
2012-04-03,0.0,29.73,36.19,24.1,63.46,1.5,21.14
2012-04-04,0.01,29.64,36.59,23.71,61.47,2.35,20.14
2012-04-05,2.62,27.87,33.22,23.35,67.96,2.01,17.13
2012-04-06,14.68,25.69,28.4,23.43,79.91,1.91,9.35
2012-04-07,7.65,26.05,30.8,21.91,75.81,1.59,14.03
2012-04-08,46.58,26.1,31.41,21.54,81.78,2.76,20.4
2012-04-09,43.52,26.27,29.37,24.33,84.77,3.72,11.99
2012-04-10,22.42,25.96,29.18,23.68,86.35,2.1,20.68
2012-04-11,11.13,25.54,28.66,23.69,87.73,2.28,24.55
2012-04-12,23.7,26.31,30.18,23.35,86.0,2.53,13.42
2012-04-13,12.29,25.58,28.23,23.38,91.77,2.32,8.91
2012-04-14,0.02,26.32,31.13,22.22,82.81,1.08,26.14
2012-04-15,0.38,26.9,32.0,22.54,80.7,1.24,25.59
2012-04-16,0.38,27.32,32.17,23.12,80.26,1.81,22.6
2012-04-17,0.03,28.0,33.13,23.64,77.15,1.71,24.0
2012-04-18,0.58,28.33,33.69,24.1,79.92,2.46,23.82
2012-04-19,1.12,28.35,33.02,24.53,80.7,2.85,22.46
2012-04-20,3.25,28.71,33.29,25.52,79.94,2.32,22.53
2012-04-21,17.95,27.81,32.18,24.33,82.07,1.65,22.83
2012-04-22,3.75,28.64,33.84,24.71,80.73,2.56,24.4
2012-04-23,0.11,28.96,34.11,24.86,78.45,2.98,18.99
2012-04-24,0.0,28.83,33.14,25.12,80.76,2.9,22.85
2012-04-25,2.89,28.72,33.72,24.72,79.5,2.65,24.32
2012-04-26,8.47,28.09,32.02,24.83,79.73,2.13,24.3
2012-04-27,0.85,29.02,33.44,25.7,77.38,3.23,18.18
2012-04-28,5.7,29.41,34.03,25.83,79.64,4.05,14.8
2012-04-29,12.51,29.39,33.92,26.5,80.24,3.81,17.8
2012-04-30,11.31,28.86,33.11,25.71,81.16,3.66,18.11
2012-05-01,45.9,28.04,30.63,26.04,86.14,3.55,11.0
2012-05-02,11.97,28.38,31.59,25.91,85.24,2.58,21.99
2012-05-03,18.78,28.06,31.47,25.28,85.13,1.52,23.61
2012-05-04,3.46,27.16,30.48,24.37,78.7,0.89,13.53
2012-05-05,0.0,27.08,30.89,23.12,76.37,0.78,26.83
2012-05-06,0.0,29.37,33.26,24.57,65.93,0.79,26.38
2012-05-07,0.0,29.92,34.76,24.38,61.06,0.66,27.36
2012-05-08,0.0,28.99,33.89,24.04,75.72,1.18,26.57
2012-05-09,0.39,28.68,32.98,25.11,78.75,1.37,25.37
2012-05-10,0.2,28.86,33.18,25.33,80.41,1.42,24.39
2012-05-11,0.08,28.57,32.04,25.8,80.95,1.62,25.35
2012-05-12,3.41,28.46,31.86,25.69,81.9,1.94,22.54
2012-05-13,6.05,28.25,30.67,26.1,87.54,2.17,14.67
2012-05-14,2.06,28.91,31.63,26.67,88.94,2.78,22.25
2012-05-15,3.41,29.09,31.92,26.85,85.95,2.72,21.52
2012-05-16,4.22,28.18,31.66,25.85,85.99,2.5,10.95
2012-05-17,1.91,28.96,32.78,26.3,84.23,2.49,22.73
2012-05-18,8.1,28.23,30.79,25.85,88.81,1.54,24.14
2012-05-19,6.38,28.59,31.83,26.32,85.52,2.13,14.44
2012-05-20,5.76,28.55,31.93,25.86,86.39,1.74,19.87
2012-05-21,1.71,28.13,30.57,25.69,89.95,1.63,22.96
2012-05-22,0.0,29.07,32.98,25.83,86.04,2.04,23.81
2012-05-23,0.09,29.56,33.45,26.77,85.26,2.83,23.79
2012-05-24,0.93,29.04,32.15,27.08,86.34,3.01,22.87
2012-05-25,4.25,29.48,33.11,26.99,84.34,2.34,22.74
2012-05-26,0.94,29.01,32.06,26.48,85.77,1.47,23.29
2012-05-27,3.11,29.01,31.91,26.63,88.79,1.91,22.03
2012-05-28,3.69,29.35,32.79,26.91,84.88,2.21,18.29
2012-05-29,5.43,29.66,33.04,26.44,83.06,1.29,23.08
2012-05-30,17.62,29.66,32.51,26.8,83.73,1.09,19.33
2012-05-31,15.82,28.96,32.19,27.28,86.42,2.03,20.03
2012-06-01,23.84,28.65,31.23,26.99,88.89,2.68,3.93
2012-06-02,13.82,28.64,31.53,26.42,88.34,3.16,14.39
2012-06-03,7.69,29.22,31.83,27.31,89.22,4.83,19.97
2012-06-04,18.42,29.51,31.52,28.33,89.16,4.72,17.41
2012-06-05,24.28,28.55,30.26,27.44,91.03,3.25,13.03
2012-06-06,2.0,28.38,30.89,26.24,90.58,2.95,17.17
2012-06-07,4.38,29.04,31.97,26.47,88.67,2.43,22.78
2012-06-08,2.46,29.75,33.05,27.09,83.62,1.26,23.65
2012-06-09,0.1,29.3,31.74,27.64,88.46,1.97,21.54
2012-06-10,0.19,28.94,32.07,27.01,86.08,2.74,17.22
2012-06-11,0.06,28.9,32.34,26.15,86.06,2.79,24.58
2012-06-12,0.13,29.28,33.04,26.15,86.01,2.23,23.27
2012-06-13,2.37,28.81,31.17,27.23,89.36,2.28,18.7
2012-06-14,7.64,28.67,30.71,27.15,90.81,3.22,15.14
2012-06-15,29.94,28.36,30.26,27.29,90.86,3.57,11.55
2012-06-16,56.43,27.89,29.42,26.45,91.58,3.34,2.73
2012-06-17,14.28,28.03,31.04,26.02,89.09,2.16,19.43
2012-06-18,1.07,28.86,32.49,25.62,86.08,1.86,21.9
2012-06-19,13.19,28.41,31.75,26.12,87.53,2.42,20.26
2012-06-20,15.05,28.45,31.02,26.66,89.83,4.44,21.01
2012-06-21,17.76,28.55,31.25,26.77,88.79,4.5,18.12
2012-06-22,26.13,27.93,30.17,26.66,91.14,4.44,11.77
2012-06-23,44.41,27.68,29.46,26.68,91.32,5.35,7.3
2012-06-24,67.69,27.87,29.99,26.43,92.31,4.98,3.97
2012-06-25,16.93,27.36,29.41,26.26,92.5,4.62,5.81
2012-06-26,5.98,27.88,30.16,26.48,91.73,4.13,4.68
2012-06-27,2.04,27.91,29.61,26.74,92.49,3.74,15.37
2012-06-28,2.77,28.34,31.5,26.46,89.24,2.67,20.81
2012-06-29,0.0,28.67,32.49,25.88,87.5,2.11,21.61
2012-06-30,0.08,28.57,31.69,26.18,88.43,2.33,22.13
2012-07-01,2.95,28.19,32.09,25.86,87.05,2.45,25.53
2012-07-02,18.56,27.85,31.43,25.45,87.51,3.25,19.62
2012-07-03,2.62,28.09,30.99,26.14,87.54,4.36,19.42
2012-07-04,6.68,27.92,30.97,26.14,89.43,3.7,20.28
2012-07-05,11.8,28.27,31.21,26.26,88.8,3.56,19.16
2012-07-06,3.25,28.25,31.33,25.96,88.88,3.25,20.69
2012-07-07,6.93,27.83,29.69,26.33,92.05,2.57,22.52
2012-07-08,11.16,27.83,30.53,26.2,89.04,3.76,18.75
2012-07-09,15.74,28.02,30.98,25.84,88.59,3.95,22.57
2012-07-10,26.13,27.84,30.71,26.01,89.8,3.58,16.11
2012-07-11,6.65,28.08,31.19,25.59,89.14,2.95,11.97
2012-07-12,17.22,28.53,31.59,26.31,89.18,2.92,11.65
2012-07-13,40.63,28.46,31.1,26.61,90.96,2.81,13.86
2012-07-14,46.41,27.89,29.72,26.83,93.76,3.54,7.55
2012-07-15,37.92,27.81,30.21,26.31,90.73,4.26,14.39
2012-07-16,32.08,27.96,30.64,26.5,89.46,3.89,15.79
2012-07-17,18.06,27.92,30.0,26.0,92.32,4.37,9.78
2012-07-18,33.83,27.6,29.47,26.61,93.81,3.55,6.42
2012-07-19,8.64,27.91,30.73,26.15,89.38,2.86,17.82
2012-07-20,5.77,27.88,30.73,26.16,90.42,3.39,22.85
2012-07-21,3.76,28.07,30.69,26.15,90.2,4.65,19.69
2012-07-22,13.03,28.08,30.57,26.42,90.3,4.44,16.11
2012-07-23,26.52,27.95,30.31,26.53,92.03,4.02,13.77
2012-07-24,21.48,27.68,29.99,26.27,92.15,3.42,14.62
2012-07-25,4.64,27.83,30.78,25.96,90.68,3.17,19.34
2012-07-26,7.35,27.65,30.35,25.97,91.02,3.64,18.92
2012-07-27,19.69,27.65,30.11,26.01,91.17,4.2,14.05
2012-07-28,24.87,27.19,28.84,26.21,93.05,4.69,10.0
2012-07-29,18.26,27.45,29.52,26.21,93.76,3.37,12.21
2012-07-30,3.73,27.24,29.56,25.62,91.86,3.57,16.0
2012-07-31,8.31,27.25,29.34,25.67,91.79,3.72,13.53
2012-08-01,7.12,27.59,30.25,25.62,90.6,3.4,16.08
2012-08-02,2.26,27.04,28.66,25.78,93.89,2.64,18.48
2012-08-03,1.83,27.34,29.73,25.69,92.34,2.76,21.94
2012-08-04,9.0,27.55,30.14,25.96,91.41,4.34,20.01
2012-08-05,13.14,27.56,30.01,25.98,91.15,3.77,15.86
2012-08-06,9.67,27.72,30.13,26.0,90.95,3.71,17.55
2012-08-07,5.07,27.51,29.59,26.09,92.77,2.73,15.23
2012-08-08,18.63,27.9,30.45,26.15,91.68,2.18,16.32
2012-08-09,10.61,27.74,31.0,25.68,89.61,2.11,22.05
2012-08-10,2.81,27.57,30.78,25.39,88.74,2.95,19.44
2012-08-11,21.45,27.23,29.73,25.46,90.86,3.44,18.6
2012-08-12,31.46,27.28,29.77,25.73,92.08,2.49,7.27
2012-08-13,47.0,27.32,29.32,25.53,93.15,2.49,15.44
2012-08-14,3.99,27.2,29.22,25.58,92.16,2.7,19.71
2012-08-15,5.37,27.67,30.43,25.5,90.86,2.13,21.33
2012-08-16,1.22,27.78,31.11,25.4,89.72,2.17,21.29
2012-08-17,6.8,27.72,30.7,25.78,90.12,2.84,22.94
2012-08-18,0.67,27.53,30.82,25.43,89.54,2.91,22.4
2012-08-19,27.67,27.43,29.76,26.03,92.06,3.51,18.56
2012-08-20,39.03,26.92,28.85,25.47,91.27,3.98,5.46
2012-08-21,17.65,27.35,30.12,25.46,91.49,3.96,20.11
2012-08-22,15.08,27.63,30.05,25.87,92.09,2.61,18.88
2012-08-23,9.75,27.52,29.76,25.81,93.31,1.72,19.07
2012-08-24,4.76,28.18,30.81,25.96,90.27,0.85,22.8
2012-08-25,23.31,27.61,29.67,25.98,92.85,1.2,19.69
2012-08-26,0.75,27.0,28.62,25.72,93.76,2.12,17.99
2012-08-27,3.91,27.56,30.47,25.52,91.84,2.31,22.61
2012-08-28,6.74,27.72,29.97,25.71,91.05,1.67,20.06
2012-08-29,15.88,28.15,30.92,25.93,89.94,1.68,18.33
2012-08-30,14.93,27.54,30.53,25.98,91.52,2.33,20.81
2012-08-31,6.13,28.01,31.18,25.83,90.21,2.59,17.96
2012-09-01,4.49,27.94,30.91,25.69,90.76,2.14,20.1
2012-09-02,3.99,27.73,29.76,26.49,91.98,1.99,22.21
2012-09-03,5.24,27.26,29.0,25.98,93.11,2.39,17.5
2012-09-04,8.02,26.38,27.54,25.53,94.85,3.26,12.21
2012-09-05,11.25,26.71,28.08,25.39,93.47,2.51,12.29
2012-09-06,9.04,26.84,29.3,25.27,91.94,1.6,14.31
2012-09-07,0.09,28.53,32.19,25.0,86.44,1.14,23.32
2012-09-08,1.48,28.88,33.23,26.38,85.86,1.48,16.66
2012-09-09,8.15,27.52,30.92,25.79,90.23,3.53,14.91
2012-09-10,9.38,27.38,30.43,25.11,91.58,3.56,19.92
2012-09-11,10.17,27.26,28.87,26.33,92.8,3.11,13.69
2012-09-12,34.68,27.43,29.91,25.82,91.69,3.24,12.45
2012-09-13,20.37,27.22,29.39,25.7,92.62,2.9,9.95
2012-09-14,17.38,27.05,28.67,25.85,93.54,2.39,17.79
2012-09-15,11.4,26.82,28.36,25.92,94.76,2.5,17.65
2012-09-16,14.02,26.73,28.23,25.65,93.9,2.65,16.77
2012-09-17,3.5,27.33,29.97,25.46,92.78,2.49,16.67
2012-09-18,2.1,27.46,30.13,25.85,91.79,2.78,19.07
2012-09-19,0.5,27.36,30.12,25.21,90.81,2.83,19.55
2012-09-20,2.8,27.58,30.48,25.73,90.71,3.12,18.47
2012-09-21,2.49,27.43,30.43,25.48,89.72,3.02,18.37
2012-09-22,4.66,27.66,30.69,25.73,89.58,2.53,19.56
2012-09-23,7.62,27.56,29.94,25.41,91.25,2.03,15.0
2012-09-24,6.84,27.45,29.7,25.93,91.25,1.33,15.65
2012-09-25,4.91,27.51,30.3,25.57,87.75,1.02,16.19
2012-09-26,7.0,28.33,31.77,25.3,85.4,1.04,21.62
2012-09-27,2.12,28.35,31.12,25.56,86.66,0.76,20.37
2012-09-28,0.0,28.2,30.91,26.16,87.5,0.98,18.19
2012-09-29,0.0,27.31,29.14,26.23,92.18,1.83,17.69
2012-09-30,0.0,27.57,29.68,25.88,92.99,1.32,11.43
2012-10-01,1.27,27.77,30.34,26.17,88.05,1.22,19.67
2012-10-02,1.91,27.47,29.52,25.98,91.97,1.94,12.4
2012-10-03,7.97,27.34,29.28,25.76,94.09,2.28,5.34
2012-10-04,15.99,27.01,28.24,25.95,94.4,2.55,8.19
2012-10-05,10.12,27.33,28.98,26.06,95.08,2.49,3.64
2012-10-06,6.66,27.32,29.73,25.46,87.99,0.85,18.69
2012-10-07,0.0,27.32,29.82,25.55,86.67,0.82,21.05
2012-10-08,0.32,27.04,30.22,24.98,88.54,1.08,18.84
2012-10-09,2.04,28.12,31.92,24.73,83.02,0.89,20.3
2012-10-10,4.29,26.49,28.83,24.66,91.74,1.47,10.79
2012-10-11,10.22,25.62,27.75,24.06,94.61,3.17,9.4
2012-10-12,2.31,26.82,30.33,23.85,88.32,1.57,14.86
2012-10-13,1.16,26.93,30.15,24.08,86.82,1.32,16.04
2012-10-14,0.33,26.14,29.86,23.28,85.52,1.31,18.75
2012-10-15,0.43,26.43,31.29,22.32,83.65,1.13,19.44
2012-10-16,0.0,25.81,30.73,21.74,84.81,1.68,20.08
2012-10-17,0.0,26.36,31.06,22.25,84.9,1.12,19.56
2012-10-18,0.0,26.84,31.44,22.85,83.89,1.09,20.12
2012-10-19,0.0,26.1,30.62,22.39,86.23,1.48,19.84
2012-10-20,0.0,25.22,30.09,21.53,84.5,1.71,19.15
2012-10-21,0.0,24.73,29.86,20.25,85.75,1.68,20.75
2012-10-22,0.0,24.36,29.72,19.69,86.15,1.78,21.46
2012-10-23,0.0,24.25,29.1,20.23,86.19,1.46,21.0
2012-10-24,0.0,23.34,28.56,19.43,83.87,1.59,20.49
2012-10-25,0.0,22.82,28.19,18.11,81.46,1.25,20.9
2012-10-26,0.0,22.31,28.24,18.09,83.89,1.94,20.49
2012-10-27,0.0,21.19,27.87,14.9,84.39,1.77,20.2
2012-10-28,0.0,22.41,28.43,16.97,84.29,1.57,19.64
2012-10-29,0.0,23.8,29.94,18.25,85.66,1.54,19.94
2012-10-30,0.0,24.17,30.19,19.15,86.15,1.52,19.28
2012-10-31,0.0,25.01,30.78,19.63,85.52,1.24,19.08
2012-11-01,0.0,24.9,30.16,20.92,83.22,1.31,16.93
2012-11-02,0.09,23.83,29.13,19.26,81.88,1.25,14.66
2012-11-03,1.97,21.21,24.12,19.33,83.62,1.61,9.71
2012-11-04,5.69,22.68,27.0,18.39,80.24,1.1,9.05
2012-11-05,5.32,24.34,28.54,20.12,83.76,1.01,15.7
2012-11-06,13.59,25.33,28.72,22.69,89.09,1.73,13.39
2012-11-07,13.12,24.68,28.37,21.41,88.98,1.51,11.99
2012-11-08,0.04,23.31,27.65,19.77,86.34,1.32,12.62
2012-11-09,0.0,22.34,26.75,19.02,80.57,1.54,17.05
2012-11-10,0.0,20.54,25.98,16.17,80.56,1.54,16.57
2012-11-11,0.0,20.74,26.72,15.53,82.39,1.33,17.75
2012-11-12,0.0,21.37,26.65,16.93,79.75,0.84,17.96
2012-11-13,0.0,21.5,26.93,17.01,83.01,1.13,16.12
2012-11-14,0.0,21.78,26.79,17.26,80.54,1.12,17.45
2012-11-15,0.0,21.52,27.29,16.13,78.69,1.18,17.07
2012-11-16,0.0,22.38,28.56,15.54,82.58,1.24,13.32
2012-11-17,0.0,24.4,29.8,19.25,83.57,0.97,14.04
2012-11-18,0.0,25.12,30.3,20.81,82.15,0.91,15.91
2012-11-19,0.29,24.45,29.56,20.19,83.55,1.4,15.25
2012-11-20,0.06,23.5,27.93,19.84,83.6,1.43,10.94
2012-11-21,0.0,23.11,28.33,19.47,82.47,1.62,14.04
2012-11-22,0.0,20.44,26.02,16.26,81.64,2.11,16.93
2012-11-23,0.0,18.32,24.9,13.17,77.87,1.87,16.6
2012-11-24,0.0,17.88,24.92,12.78,77.78,1.64,17.25
2012-11-25,0.0,17.79,24.53,13.24,76.83,1.37,17.2
2012-11-26,0.0,17.36,24.62,12.14,79.52,1.7,16.75
2012-11-27,0.0,17.32,24.16,12.23,79.86,1.46,16.81
2012-11-28,0.0,17.06,23.97,12.0,80.74,1.65,16.78
2012-11-29,0.0,17.27,23.94,11.94,79.7,1.53,17.08
2012-11-30,0.0,17.88,24.93,12.44,79.77,1.32,16.81
2012-12-01,0.0,18.12,25.43,12.8,78.94,1.35,15.81
2012-12-02,0.0,17.74,24.58,13.04,78.6,1.68,17.11
2012-12-03,0.0,16.99,23.86,11.34,83.16,1.8,16.48
2012-12-04,0.0,17.45,24.81,12.17,79.3,1.39,16.69
2012-12-05,0.0,17.22,24.59,11.79,80.37,1.45,16.47
2012-12-06,0.0,17.28,24.47,12.02,77.29,1.25,16.15
2012-12-07,0.0,17.69,24.19,12.65,76.33,1.04,14.69
2012-12-08,0.0,17.75,23.88,12.91,74.94,0.97,15.02
2012-12-09,0.0,18.57,24.15,13.34,74.1,0.97,14.5
2012-12-10,0.0,19.01,24.88,13.08,72.52,1.01,14.76
2012-12-11,0.0,19.3,25.47,12.8,71.25,1.16,15.28
2012-12-12,0.94,20.25,24.86,17.3,84.2,1.0,7.93
2012-12-13,0.0,20.98,25.6,16.83,85.41,1.12,15.48
2012-12-14,0.0,19.18,25.56,14.57,79.8,1.62,15.01
2012-12-15,0.0,18.53,25.32,14.01,81.37,1.74,15.74
2012-12-16,0.0,17.04,24.34,11.57,78.74,1.82,15.93
2012-12-17,0.0,16.92,23.76,10.94,81.16,1.71,15.84
2012-12-18,0.0,17.4,23.44,12.66,79.3,1.46,14.45
2012-12-19,0.0,17.08,22.99,11.9,79.94,1.21,12.75
2012-12-20,0.0,16.72,22.59,12.46,75.2,1.19,14.99
2012-12-21,0.0,15.28,22.6,10.41,74.87,1.66,15.98
2012-12-22,0.0,13.54,21.08,7.84,77.38,1.96,16.51
2012-12-23,0.0,14.29,22.73,7.17,81.19,1.75,15.43
2012-12-24,0.0,15.52,22.78,9.04,83.03,1.59,15.78
2012-12-25,0.0,14.99,21.94,10.0,75.1,1.52,11.58
2012-12-26,0.0,13.63,21.03,8.46,75.04,1.56,15.46
2012-12-27,0.0,12.97,20.3,6.34,76.57,1.55,14.23
2012-12-28,0.0,14.44,20.63,9.49,72.35,1.05,12.05
2012-12-29,0.0,15.01,21.23,9.1,71.31,1.24,14.51
2012-12-30,0.0,14.61,21.89,9.22,74.48,1.42,15.7
2012-12-31,0.0,14.6,21.45,8.77,68.17,1.47,16.29
2013-01-01,0.0,15.99,22.59,10.23,69.58,1.38,16.81
2013-01-02,0.0,17.04,23.62,10.92,73.5,1.22,16.4
2013-01-03,0.03,18.08,22.57,12.09,78.87,1.01,9.6
2013-01-04,0.0,18.3,24.48,13.95,83.38,1.33,14.84
2013-01-05,0.0,15.56,22.74,10.46,75.02,1.77,16.02
2013-01-06,0.0,14.12,22.15,8.28,69.31,1.86,16.03
2013-01-07,0.0,14.82,22.01,8.64,72.9,1.74,12.61
2013-01-08,0.0,13.07,19.53,8.27,64.58,2.42,12.3
2013-01-09,0.0,10.6,18.23,4.14,67.74,2.01,16.57
2013-01-10,0.0,11.99,18.79,6.62,65.56,1.56,14.01
2013-01-11,0.0,13.46,19.33,9.05,65.82,1.15,15.2
2013-01-12,0.0,13.35,20.07,8.02,73.12,1.39,15.28
2013-01-13,0.0,15.6,22.09,10.39,69.06,1.02,16.12
2013-01-14,0.0,17.16,23.65,10.58,67.05,1.07,16.71
2013-01-15,0.0,17.21,23.75,11.03,67.08,1.3,16.84
2013-01-16,0.0,17.46,24.32,10.73,67.01,1.19,17.26
2013-01-17,0.0,18.57,25.54,12.28,67.62,1.26,16.93
2013-01-18,0.0,19.33,26.25,14.03,70.09,1.12,18.03
2013-01-19,0.0,19.83,26.24,14.36,68.49,1.1,18.14
2013-01-20,0.0,19.61,25.41,15.99,76.31,1.17,17.68
2013-01-21,0.0,17.46,24.07,12.91,72.8,2.27,16.52
2013-01-22,0.0,15.13,23.74,8.58,67.27,2.22,17.42
2013-01-23,0.0,14.66,24.12,7.42,65.35,2.01,18.7
2013-01-24,0.0,13.96,23.36,6.41,63.78,2.16,18.89
2013-01-25,0.0,13.11,22.27,5.99,62.55,2.28,19.33
2013-01-26,0.0,12.67,22.18,4.58,65.71,2.1,19.39
2013-01-27,0.0,13.66,22.23,6.34,67.03,1.94,18.73
2013-01-28,0.0,15.02,22.7,9.3,71.1,1.84,16.51
2013-01-29,0.0,17.02,24.52,11.28,63.82,1.42,18.07
2013-01-30,0.0,16.37,23.79,9.69,60.36,1.34,17.27
2013-01-31,0.0,17.42,24.92,11.24,62.06,1.32,17.7
2013-02-01,0.0,17.0,24.4,12.86,68.55,1.27,12.24
2013-02-02,0.0,17.48,25.55,10.75,67.41,1.16,18.04
2013-02-03,0.0,18.3,25.99,12.82,65.06,1.17,17.98
2013-02-04,0.0,19.74,26.91,13.67,55.84,1.15,18.03
2013-02-05,0.0,21.19,28.76,15.48,58.2,1.25,19.89
2013-02-06,0.0,21.67,29.89,15.83,61.34,1.48,20.16
2013-02-07,0.0,21.85,29.67,16.32,63.16,1.67,19.05
2013-02-08,0.0,21.07,28.27,15.43,69.81,2.28,17.43
2013-02-09,0.0,19.33,27.73,13.38,53.97,2.34,17.45
2013-02-10,0.0,17.79,27.77,9.78,53.91,2.33,21.38
2013-02-11,0.0,18.51,28.05,10.32,51.86,1.83,21.2
2013-02-12,0.0,18.72,28.4,11.69,50.95,1.77,16.3
2013-02-13,0.0,19.84,28.02,12.66,51.51,1.76,7.85
2013-02-14,0.0,20.97,29.34,13.47,49.79,1.81,18.85
2013-02-15,0.0,21.22,29.88,14.65,48.58,1.95,21.3
2013-02-16,0.0,21.44,30.96,13.0,50.14,2.1,19.07
2013-02-17,0.26,21.54,29.31,16.45,61.36,2.31,8.56
2013-02-18,4.04,20.31,26.49,16.06,71.01,2.14,19.31
2013-02-19,0.0,19.27,27.32,12.13,56.2,2.32,21.65
2013-02-20,0.0,19.7,28.36,12.36,57.64,2.44,22.09
2013-02-21,0.0,20.34,29.23,12.66,56.5,2.49,22.54
2013-02-22,0.0,21.67,31.42,13.9,53.08,2.73,22.48
2013-02-23,0.0,22.7,32.46,14.37,55.02,1.89,22.56
2013-02-24,0.0,23.51,32.81,16.07,50.45,1.76,22.49
2013-02-25,0.0,23.59,32.6,15.64,52.92,2.16,21.86
2013-02-26,0.0,23.65,32.28,17.04,50.7,2.84,22.3
2013-02-27,0.0,22.85,32.07,14.94,50.67,2.14,22.65
2013-02-28,0.0,23.31,32.62,14.65,48.46,1.88,23.11
2013-03-01,0.0,22.59,32.23,14.75,46.5,2.18,23.22
2013-03-02,0.0,22.01,31.85,13.92,42.19,1.83,23.6
2013-03-03,0.0,23.72,32.76,16.05,41.36,1.26,23.56
2013-03-04,0.0,24.74,32.83,16.85,42.98,1.28,23.01
2013-03-05,0.0,24.7,33.52,17.54,48.8,1.3,22.59
2013-03-06,0.0,24.33,32.77,18.09,52.54,1.28,22.95
2013-03-07,0.0,25.23,33.58,18.22,55.9,1.26,22.85
2013-03-08,0.0,25.86,33.8,19.15,48.13,1.12,21.3
2013-03-09,0.0,25.45,33.29,18.91,47.88,1.19,21.61
2013-03-10,0.0,25.2,33.93,18.83,64.04,1.61,23.18
2013-03-11,0.0,25.61,33.14,19.52,71.42,2.13,23.25
2013-03-12,0.04,26.12,32.9,20.18,73.63,2.65,21.2
2013-03-13,0.2,26.59,32.98,21.48,73.29,2.31,20.11
2013-03-14,0.11,27.03,33.46,21.65,71.33,1.75,22.04
2013-03-15,0.0,27.09,32.18,22.65,67.51,1.37,17.41
2013-03-16,0.0,28.52,35.67,22.46,64.96,1.91,22.9
2013-03-17,2.72,27.98,34.94,22.33,62.99,1.32,21.14
2013-03-18,1.07,26.36,33.14,20.36,50.94,1.45,23.64
2013-03-19,0.0,26.74,34.08,20.1,62.53,2.82,24.46
2013-03-20,0.0,27.59,34.68,21.43,62.71,2.14,23.24
2013-03-21,0.0,28.0,35.64,21.59,64.93,2.59,23.07
2013-03-22,0.8,27.83,35.12,21.81,66.55,2.75,20.24
2013-03-23,10.05,27.61,33.07,22.72,72.49,2.03,22.23
2013-03-24,0.06,28.54,35.24,23.39,66.43,1.7,22.69
2013-03-25,0.0,29.57,36.76,23.84,60.97,2.77,22.3
2013-03-26,0.0,29.34,36.07,23.63,67.95,2.93,21.91
2013-03-27,0.0,29.37,36.26,24.28,66.95,2.42,21.16
2013-03-28,0.0,29.41,37.14,23.04,62.32,1.78,23.21
2013-03-29,0.0,29.81,37.36,23.69,54.57,1.81,20.11
2013-03-30,0.0,29.78,37.16,22.94,58.44,2.47,11.47
2013-03-31,0.38,29.74,36.85,24.19,58.79,2.32,21.24
2013-04-01,4.84,29.19,35.41,23.82,67.25,1.95,22.05
2013-04-02,2.33,29.66,35.79,24.51,64.19,1.87,23.15
2013-04-03,0.1,30.58,37.74,24.69,59.46,2.37,21.28
2013-04-04,0.03,31.31,38.4,24.82,57.48,3.53,20.5
2013-04-05,0.03,31.12,38.69,25.56,53.8,3.08,24.49
2013-04-06,0.0,29.9,37.17,23.63,61.41,2.95,25.26
2013-04-07,0.0,29.44,36.68,22.84,60.74,2.96,24.39
2013-04-08,0.0,29.94,37.15,23.78,63.26,3.32,24.67
2013-04-09,0.0,29.93,36.88,24.03,65.64,3.26,24.24
2013-04-10,0.0,29.7,36.72,24.34,66.08,3.36,23.41
2013-04-11,0.0,29.72,36.19,25.01,65.55,3.84,23.62
2013-04-12,0.0,30.17,36.91,24.82,64.13,3.39,22.01
2013-04-13,0.0,30.51,37.58,24.64,61.48,3.24,21.4
2013-04-14,0.08,30.61,37.95,25.0,57.0,2.71,19.37
2013-04-15,0.85,29.52,36.52,24.39,62.62,2.2,19.49
2013-04-16,8.31,28.78,34.3,24.49,67.88,2.33,17.41
2013-04-17,24.43,27.68,31.55,25.02,78.82,3.19,20.05
2013-04-18,1.07,28.14,33.6,24.2,71.5,2.55,10.19
2013-04-19,0.64,27.61,32.05,23.24,72.6,1.92,24.12
2013-04-20,0.71,28.05,32.23,24.44,66.71,1.23,23.37
2013-04-21,0.18,28.22,32.46,24.87,59.99,1.2,19.47
2013-04-22,0.09,28.48,33.55,23.84,57.26,1.31,13.5
2013-04-23,0.1,28.84,35.38,22.33,57.45,1.63,26.71
2013-04-24,0.05,29.64,35.91,23.68,55.69,1.63,26.2
2013-04-25,0.0,30.46,36.35,24.74,54.59,1.71,25.18
2013-04-26,0.09,31.27,37.84,24.92,57.37,2.25,24.7
2013-04-27,2.92,30.12,35.75,25.92,65.73,3.12,21.93
2013-04-28,3.41,29.74,34.91,26.03,70.99,3.61,19.59
2013-04-29,0.61,30.43,36.1,26.95,67.9,4.11,20.7
2013-04-30,0.7,30.88,36.75,26.88,67.93,3.92,22.65
2013-05-01,0.05,30.61,36.43,26.86,68.11,4.6,21.52
2013-05-02,0.08,30.46,35.55,27.57,69.24,5.44,17.31
2013-05-03,4.08,30.47,35.3,27.67,70.19,5.56,21.78
2013-05-04,37.58,28.77,33.88,26.1,77.19,4.56,11.75
2013-05-05,52.8,26.94,29.13,25.47,86.0,3.47,6.5
2013-05-06,39.61,27.58,30.31,25.34,85.77,3.57,9.88
2013-05-07,49.77,27.36,30.66,24.38,85.87,3.84,13.61
2013-05-08,16.12,28.25,31.18,26.26,87.03,4.55,13.12
2013-05-09,16.57,28.61,31.65,26.76,88.28,4.28,16.67
2013-05-10,8.38,28.2,30.39,26.87,89.26,3.95,19.54
2013-05-11,3.76,28.22,30.85,26.6,89.43,3.53,22.67
2013-05-12,5.86,28.47,31.51,26.27,87.11,2.97,22.36
2013-05-13,5.5,27.38,30.6,24.93,87.15,2.56,18.03
2013-05-14,1.98,27.4,31.38,24.12,81.89,2.26,14.43
2013-05-15,20.44,26.86,29.4,24.56,87.64,1.63,10.04
2013-05-16,68.42,25.45,27.57,23.88,92.25,2.99,7.2
2013-05-17,4.08,27.59,31.51,23.9,87.6,2.86,19.91
2013-05-18,0.89,28.12,31.21,25.96,87.46,3.53,19.42
2013-05-19,1.93,28.23,31.18,26.35,88.24,3.25,22.72
2013-05-20,16.52,27.91,30.33,26.29,89.21,3.44,18.33
2013-05-21,48.34,26.85,27.47,26.22,93.68,3.23,5.08
2013-05-22,18.76,27.5,29.36,26.34,90.97,3.56,4.09
2013-05-23,19.1,27.6,29.26,26.44,91.91,3.73,6.37
2013-05-24,16.91,27.34,29.31,25.98,91.98,4.39,8.97
2013-05-25,2.83,27.86,30.06,26.49,91.25,4.19,3.41
2013-05-26,0.14,27.97,30.79,26.37,87.87,3.92,19.7
2013-05-27,2.24,27.65,30.44,25.73,87.95,2.44,12.66
2013-05-28,6.62,27.36,30.02,25.45,90.28,2.66,14.56
2013-05-29,15.87,27.27,30.17,25.02,89.65,4.89,13.57
2013-05-30,21.06,27.08,29.63,24.94,87.58,5.62,10.9
2013-05-31,23.38,27.16,30.07,25.03,89.44,4.83,11.92
2013-06-01,2.65,28.0,31.18,25.51,88.82,2.53,25.37
2013-06-02,0.05,28.41,31.66,25.24,86.83,1.55,24.97
2013-06-03,0.29,28.7,31.91,25.87,88.04,1.55,16.14
2013-06-04,0.38,28.01,30.2,25.96,91.51,1.43,25.46
2013-06-05,0.6,28.12,30.65,25.97,91.37,2.08,24.43
2013-06-06,7.65,27.94,30.24,26.22,90.77,2.63,21.93
2013-06-07,19.42,27.59,29.64,26.0,91.03,2.49,14.44
2013-06-08,24.82,27.64,29.05,26.37,93.94,2.87,20.92
2013-06-09,9.34,27.92,29.73,26.81,92.36,2.92,13.12
2013-06-10,0.69,28.1,30.27,26.44,91.29,2.34,22.61
2013-06-11,2.39,27.85,30.16,26.55,92.23,2.2,20.78
2013-06-12,5.64,27.95,30.86,25.84,87.96,3.07,22.91
2013-06-13,2.39,28.08,31.3,25.68,86.46,3.19,23.62
2013-06-14,3.77,27.78,30.46,25.85,89.67,3.51,21.86
2013-06-15,1.13,28.58,31.86,26.15,86.86,2.32,26.13
2013-06-16,0.35,29.23,32.82,26.14,83.87,1.66,25.94
2013-06-17,0.11,28.4,31.24,25.72,87.97,1.57,25.2
2013-06-18,0.22,28.9,32.59,25.65,86.81,1.93,24.58
2013-06-19,7.5,29.08,31.85,26.94,87.88,1.85,25.32
2013-06-20,15.39,28.9,31.65,26.89,88.39,1.78,18.1
2013-06-21,18.35,28.05,30.28,26.34,91.66,2.03,21.49
2013-06-22,17.16,29.04,32.29,26.1,86.43,2.79,23.86
2013-06-23,6.49,28.75,32.32,26.51,86.55,2.91,25.65
2013-06-24,20.38,28.26,31.18,25.82,88.05,3.83,23.05
2013-06-25,43.58,28.37,30.64,27.07,89.84,4.51,9.28
2013-06-26,35.0,28.59,31.44,27.03,88.87,4.33,11.45
2013-06-27,63.9,28.36,30.42,26.86,91.02,4.49,5.5
2013-06-28,51.43,28.21,30.0,27.09,93.48,3.44,7.91
2013-06-29,55.57,27.95,30.04,26.24,92.58,4.31,7.22
2013-06-30,16.85,28.4,31.14,26.53,90.4,3.52,7.55
2013-07-01,0.65,28.29,31.1,26.22,89.3,3.33,17.89
2013-07-02,2.44,27.96,30.25,26.13,90.75,2.86,20.11
2013-07-03,12.25,28.03,30.87,26.14,89.87,3.22,20.3
2013-07-04,7.93,27.63,30.53,25.77,88.33,2.9,14.82
2013-07-05,2.28,27.88,30.89,26.08,89.82,3.19,21.66
2013-07-06,6.45,27.59,30.63,25.63,89.81,2.98,17.75
2013-07-07,5.12,27.9,31.02,25.46,88.84,2.44,23.62
2013-07-08,4.16,28.02,31.06,25.74,88.37,2.82,21.97
2013-07-09,6.41,27.7,29.53,26.08,92.68,3.06,17.1
2013-07-10,6.62,28.0,30.67,26.25,89.78,3.31,22.32
2013-07-11,2.95,27.7,30.58,25.72,90.3,4.11,23.89
2013-07-12,15.08,27.35,29.61,25.33,91.22,4.43,19.74
2013-07-13,13.27,27.27,29.19,26.11,92.27,3.37,14.12
2013-07-14,2.83,27.92,30.98,25.54,89.58,3.22,21.61
2013-07-15,1.13,28.27,31.19,26.04,89.1,2.87,25.47
2013-07-16,7.05,28.59,31.55,26.33,89.27,3.09,24.09
2013-07-17,10.28,27.93,30.58,26.24,89.15,4.07,22.03
2013-07-18,7.84,27.73,30.26,25.77,89.14,3.89,19.6
2013-07-19,10.58,28.0,30.84,26.06,89.93,3.96,17.38
2013-07-20,7.65,28.12,30.71,26.59,90.67,3.28,21.76
2013-07-21,1.68,28.36,31.23,26.38,89.91,3.07,22.93
2013-07-22,0.12,28.57,31.98,26.42,89.27,2.79,23.81
2013-07-23,0.54,28.31,30.84,26.72,90.74,3.29,25.22
2013-07-24,1.06,27.73,29.52,26.55,91.89,2.92,21.88
2013-07-25,6.84,28.28,30.81,26.5,90.58,3.34,20.44
2013-07-26,41.08,27.85,30.15,26.62,92.22,5.18,10.26
2013-07-27,64.28,27.37,28.88,26.6,93.94,3.84,4.67
2013-07-28,66.86,27.23,28.37,26.16,92.42,2.83,7.36
2013-07-29,6.61,27.87,30.41,26.0,89.55,3.03,18.13
2013-07-30,3.76,27.37,30.37,25.37,90.46,3.54,21.96
2013-07-31,13.76,27.33,29.72,25.78,90.48,3.73,19.55
2013-08-01,7.6,27.47,30.44,25.61,90.15,3.24,17.52
2013-08-02,4.87,27.43,30.15,25.65,90.91,2.34,22.05
2013-08-03,3.12,28.35,31.73,25.48,87.87,1.7,22.43
2013-08-04,7.17,28.0,30.48,26.12,90.09,1.97,18.74
2013-08-05,1.07,27.35,28.91,25.94,91.25,3.04,21.44
2013-08-06,13.62,27.22,30.18,24.91,92.26,4.14,15.27
2013-08-07,30.03,27.61,29.39,26.24,91.4,3.36,19.99
2013-08-08,4.46,27.75,30.16,25.98,88.66,3.04,21.08
2013-08-09,6.1,27.67,30.24,25.92,90.3,2.12,17.08
2013-08-10,8.72,27.59,30.39,25.98,89.98,3.03,14.58
2013-08-11,28.38,26.96,28.64,25.49,90.89,2.34,16.51
2013-08-12,10.65,27.64,30.81,25.14,88.89,1.92,16.44
2013-08-13,3.69,27.81,30.85,25.35,87.83,1.57,11.74
2013-08-14,5.38,27.75,30.72,25.19,88.1,1.59,20.06
2013-08-15,22.65,27.36,29.53,25.74,91.85,1.63,18.27
2013-08-16,18.08,27.0,29.02,25.53,92.63,1.48,13.71
2013-08-17,16.19,27.49,30.1,25.97,92.16,1.76,6.5
2013-08-18,14.22,27.14,28.58,26.13,94.14,4.05,9.64
2013-08-19,20.48,27.23,29.41,25.34,91.35,2.51,15.5
2013-08-20,19.75,26.96,28.8,25.7,92.8,4.2,6.33
2013-08-21,14.0,27.22,28.88,26.09,93.4,3.6,19.9
2013-08-22,3.64,27.39,30.37,25.54,90.85,2.99,20.54
2013-08-23,3.59,27.61,30.73,25.44,89.79,2.48,21.44
2013-08-24,5.27,28.03,31.49,25.39,89.89,2.13,21.4
2013-08-25,0.08,28.34,31.76,25.75,88.72,2.16,16.21
2013-08-26,2.9,27.84,29.93,26.64,92.41,2.54,13.59
2013-08-27,28.06,27.43,29.91,25.78,90.46,3.53,11.67
2013-08-28,36.16,27.31,29.59,25.61,91.98,4.01,10.42
2013-08-29,20.53,27.67,30.15,26.14,91.45,3.45,12.02
2013-08-30,14.6,27.65,30.35,25.8,90.54,2.71,18.96
2013-08-31,35.1,27.93,30.97,25.73,90.13,2.66,17.72
2013-09-01,20.28,28.01,30.98,26.02,91.16,3.15,15.19
2013-09-02,29.61,27.36,29.73,25.9,91.28,3.94,14.88
2013-09-03,20.99,27.36,29.79,25.75,90.68,3.95,15.25
2013-09-04,5.48,27.75,30.06,26.04,92.36,3.36,7.01
2013-09-05,6.53,27.65,29.47,26.35,93.67,2.54,13.67
2013-09-06,3.62,27.55,30.55,25.59,90.41,2.45,20.4
2013-09-07,5.4,26.61,28.19,25.16,92.75,2.47,14.75
2013-09-08,19.26,26.44,28.34,24.81,92.49,2.02,11.35
2013-09-09,19.55,26.39,27.84,25.26,94.38,2.15,10.47
2013-09-10,4.42,27.22,30.13,24.73,87.46,1.12,16.45
2013-09-11,5.04,27.38,29.9,25.27,87.96,0.68,17.96
2013-09-12,1.38,28.42,31.47,25.6,83.26,0.92,23.45
2013-09-13,13.46,28.1,30.67,25.32,88.0,0.98,20.24
2013-09-14,17.43,26.82,28.64,25.32,93.47,1.62,10.83
2013-09-15,6.87,27.47,30.81,24.59,88.21,1.3,22.44
2013-09-16,12.99,27.39,30.25,25.35,90.15,1.47,17.79
2013-09-17,13.86,27.25,30.46,24.8,89.43,1.04,17.65
2013-09-18,6.74,26.9,28.94,25.24,92.8,2.5,19.68
2013-09-19,1.96,27.43,30.16,25.71,91.05,2.95,19.94
2013-09-20,0.33,27.75,31.13,25.21,88.89,2.18,22.37
2013-09-21,2.98,28.4,32.03,25.31,85.36,1.06,22.02
2013-09-22,5.74,28.1,31.22,25.42,87.99,1.44,19.85
2013-09-23,3.3,28.72,32.09,25.61,86.31,1.09,21.57
2013-09-24,7.77,28.83,31.74,26.18,87.66,1.17,21.55
2013-09-25,13.23,27.8,29.68,26.41,87.84,1.12,19.56
2013-09-26,9.0,27.72,30.05,25.79,87.2,0.91,15.95
2013-09-27,8.42,28.05,30.88,25.46,86.96,0.99,14.39
2013-09-28,11.74,26.78,28.09,25.66,91.11,1.91,9.97
2013-09-29,20.6,26.39,28.32,25.18,93.57,2.18,11.08
2013-09-30,16.83,26.81,29.2,25.11,89.06,1.84,17.06
2013-10-01,3.84,27.86,31.95,25.3,86.09,1.19,17.9
2013-10-02,5.77,29.25,33.42,26.2,81.6,0.61,18.23
2013-10-03,14.17,26.0,26.82,24.8,93.78,2.21,19.64
2013-10-04,19.42,25.98,28.4,24.52,91.19,2.28,9.3
2013-10-05,14.72,26.61,28.68,24.88,91.7,2.14,10.28
2013-10-06,12.74,26.46,28.24,25.05,91.92,1.3,8.53
2013-10-07,9.71,26.54,28.7,24.57,89.67,0.89,13.14
2013-10-08,9.23,26.02,29.53,23.96,91.52,1.44,13.22
2013-10-09,4.54,24.75,27.62,21.97,88.43,1.35,12.74
2013-10-10,0.01,27.39,31.26,23.56,81.63,0.79,21.09
2013-10-11,0.0,27.4,31.35,24.12,85.8,1.23,20.62
2013-10-12,1.67,26.62,29.13,24.87,89.97,1.48,17.33
2013-10-13,2.15,26.75,29.87,24.78,90.63,2.4,19.21
2013-10-14,0.52,27.31,30.95,24.89,88.19,2.08,19.16
2013-10-15,0.3,27.15,30.84,24.34,87.47,1.37,18.32
2013-10-16,0.27,27.22,31.33,24.07,83.77,0.79,19.86
2013-10-17,0.03,27.41,31.19,24.14,85.09,0.99,20.04
2013-10-18,0.0,28.08,32.19,24.22,83.06,0.87,19.73
2013-10-19,2.3,27.9,30.8,25.34,83.62,0.75,18.24
2013-10-20,3.45,26.79,29.66,24.52,88.29,1.79,18.92
2013-10-21,9.85,26.14,28.91,24.18,88.99,1.45,12.72
2013-10-22,17.12,25.68,28.52,23.58,85.95,1.06,5.86
2013-10-23,1.17,25.56,29.17,21.83,83.42,0.92,10.3
2013-10-24,1.22,26.0,29.34,23.42,86.99,1.1,15.99
2013-10-25,13.36,24.62,26.32,22.93,92.3,1.53,6.26
2013-10-26,17.04,23.63,25.51,22.21,93.33,2.79,3.2
2013-10-27,23.33,24.62,27.37,23.14,91.6,2.0,9.93
2013-10-28,0.05,24.94,28.44,21.91,87.5,1.41,16.38
2013-10-29,0.09,24.97,28.93,21.58,86.4,1.27,19.15
2013-10-30,0.06,25.16,29.28,21.77,80.45,1.05,18.9
2013-10-31,0.0,24.23,28.83,20.2,78.98,0.92,19.57
2013-11-01,0.0,24.07,28.54,19.68,79.5,1.04,18.68
2013-11-02,0.0,24.2,28.3,19.26,76.35,0.77,18.61
2013-11-03,0.0,23.92,28.7,19.44,82.75,1.17,17.64
2013-11-04,0.0,23.26,28.28,19.19,86.1,1.48,18.32
2013-11-05,0.0,22.82,27.92,18.6,86.12,1.42,18.41
2013-11-06,0.0,23.44,28.27,18.87,78.29,0.71,19.17
2013-11-07,0.0,23.55,28.85,18.23,75.95,0.83,19.73
2013-11-08,0.0,23.25,28.78,18.48,82.72,1.21,19.43
2013-11-09,0.0,23.35,28.93,18.1,85.38,1.44,19.59
2013-11-10,0.0,23.44,28.82,18.78,87.64,1.85,19.73
2013-11-11,0.0,23.03,28.64,18.56,86.91,1.91,19.66
2013-11-12,0.0,22.1,28.58,17.34,87.28,2.1,19.52
2013-11-13,0.0,20.74,26.89,15.69,86.72,2.03,19.14
2013-11-14,0.0,21.46,27.63,15.83,87.5,1.78,18.36
2013-11-15,0.0,23.24,29.0,17.81,85.51,1.4,14.08
2013-11-16,0.0,23.93,29.64,19.79,85.41,1.82,18.22
2013-11-17,0.0,21.76,27.83,16.94,83.91,1.83,17.23
2013-11-18,0.0,21.72,27.99,16.52,85.53,1.39,17.27
2013-11-19,0.0,20.85,26.68,15.72,82.81,1.44,18.3
2013-11-20,0.0,20.21,26.18,14.48,82.56,1.48,17.04
2013-11-21,0.0,20.65,26.46,14.85,83.15,1.53,15.22
2013-11-22,0.0,20.91,26.74,15.15,84.82,1.48,16.92
2013-11-23,0.0,20.77,26.74,15.62,85.3,1.52,17.93
2013-11-24,0.0,19.8,25.36,14.64,81.93,1.67,16.93
2013-11-25,0.0,20.56,26.38,14.86,82.39,1.31,16.31
2013-11-26,0.0,21.35,26.7,15.63,79.79,1.06,17.21
2013-11-27,0.0,22.18,27.48,16.55,79.2,0.88,13.45
2013-11-28,0.0,21.76,27.39,16.5,84.61,1.36,13.37
2013-11-29,0.0,21.85,27.05,17.28,84.92,1.45,15.21
2013-11-30,0.0,21.52,26.91,16.97,87.01,1.58,15.98
2013-12-01,0.0,21.52,27.28,17.3,86.53,1.98,16.4
2013-12-02,0.0,20.66,26.76,15.28,85.53,1.75,16.76
2013-12-03,0.0,21.28,27.41,16.12,85.33,1.14,16.97
2013-12-04,0.0,21.6,27.91,16.22,84.26,1.12,16.42
2013-12-05,0.0,21.34,26.83,16.58,81.88,1.33,16.73
2013-12-06,0.0,20.85,26.52,15.61,80.24,1.23,16.11
2013-12-07,0.0,21.3,26.83,16.5,77.17,0.8,15.93
2013-12-08,0.0,20.95,26.23,15.22,80.17,1.06,15.06
2013-12-09,0.0,21.44,26.35,17.27,79.15,0.84,12.92
2013-12-10,0.0,21.47,26.4,18.03,80.5,0.82,14.37
2013-12-11,0.0,20.1,25.73,15.22,82.91,1.41,16.85
2013-12-12,0.0,18.42,24.23,13.26,79.15,1.56,16.03
2013-12-13,0.0,18.47,24.13,13.59,68.6,1.0,15.05
2013-12-14,0.0,18.87,24.09,13.73,70.76,1.01,15.29
2013-12-15,0.0,17.95,23.73,13.71,74.95,1.54,14.45
2013-12-16,0.0,17.6,24.34,10.74,74.41,1.46,17.42
2013-12-17,0.0,17.95,24.23,10.33,67.1,1.03,17.05
2013-12-18,0.0,18.17,23.71,12.84,71.11,1.14,16.08
2013-12-19,0.0,18.42,23.31,13.61,80.92,1.15,14.04
2013-12-20,0.59,18.69,23.71,14.25,85.31,1.48,13.75
2013-12-21,0.03,19.96,24.33,15.76,80.62,1.02,12.9
2013-12-22,0.0,19.65,24.36,14.1,78.04,0.94,14.15
2013-12-23,0.0,19.54,24.57,13.83,74.4,0.84,12.9
2013-12-24,0.0,19.0,24.36,13.76,80.48,1.18,13.35
2013-12-25,0.0,16.86,22.81,12.64,84.21,1.6,15.43
2013-12-26,0.0,15.25,21.69,10.01,81.55,1.46,13.05
2013-12-27,0.0,15.33,21.53,10.51,82.41,1.38,14.71
2013-12-28,0.0,16.03,22.22,10.33,76.18,1.21,11.91
2013-12-29,0.0,16.47,22.74,11.35,78.42,1.54,15.52
2013-12-30,0.0,15.71,22.58,10.77,81.99,2.04,15.66
2013-12-31,0.0,15.46,22.73,9.05,81.88,1.67,16.85
2014-01-01,0.0,16.15,23.33,9.6,82.39,1.56,16.75
2014-01-02,0.0,17.1,24.09,10.79,82.63,1.92,15.73
2014-01-03,0.0,15.96,21.86,11.3,82.52,1.83,15.23
2014-01-04,0.0,14.79,21.48,9.07,80.14,1.74,15.85
2014-01-05,0.0,15.15,21.94,9.41,82.14,1.32,16.51
2014-01-06,0.0,16.83,23.19,11.08,81.91,1.35,14.86
2014-01-07,0.03,16.29,22.58,11.51,84.64,1.68,15.77
2014-01-08,0.0,14.89,21.89,9.63,76.49,1.88,16.17
2014-01-09,0.0,13.97,21.23,7.74,74.11,1.65,16.66
2014-01-10,0.0,15.09,22.83,8.4,76.51,1.48,17.39
2014-01-11,0.0,17.88,24.23,11.65,70.27,0.99,17.83
2014-01-12,0.0,17.04,22.81,12.54,84.78,1.43,12.63
2014-01-13,0.0,18.16,24.65,13.85,79.81,2.12,15.65
2014-01-14,0.0,17.33,24.0,11.8,80.39,1.43,16.33
2014-01-15,0.0,17.33,23.51,12.63,80.51,1.01,12.72
2014-01-16,0.0,16.72,22.79,11.27,78.75,1.03,15.47
2014-01-17,0.0,17.25,24.37,10.86,80.44,1.52,13.91
2014-01-18,0.0,18.62,25.92,12.87,78.89,1.36,15.5
2014-01-19,0.0,19.62,25.62,13.78,75.26,1.22,16.74
2014-01-20,0.0,18.63,25.62,13.49,77.98,1.82,17.15
2014-01-21,0.0,16.58,23.09,10.74,73.7,1.42,16.4
2014-01-22,0.0,19.06,26.31,12.63,66.18,1.07,17.42
2014-01-23,0.0,19.93,26.79,14.39,69.81,1.16,17.97
2014-01-24,0.0,18.67,25.19,13.58,73.97,1.13,17.01
2014-01-25,0.0,18.84,25.85,12.95,75.44,1.88,18.02
2014-01-26,0.0,17.42,24.81,12.13,72.33,2.19,18.39
2014-01-27,0.0,16.39,24.06,10.13,72.88,2.02,18.74
2014-01-28,0.0,15.44,22.96,9.12,74.3,1.72,15.62
2014-01-29,0.0,17.12,25.59,10.42,70.12,1.78,15.76
2014-01-30,0.0,17.57,25.75,10.51,68.45,1.46,18.99
2014-01-31,0.0,17.74,25.95,10.77,71.74,1.47,19.35
2014-02-01,0.0,17.57,26.11,10.71,73.72,1.85,18.84
2014-02-02,0.0,17.21,25.84,10.85,65.45,2.23,19.87
2014-02-03,0.0,16.65,25.44,9.48,67.63,1.94,20.23
2014-02-04,0.0,17.43,24.56,10.78,62.62,1.34,19.49
2014-02-05,0.0,18.32,24.6,11.21,60.06,1.41,17.95
2014-02-06,0.0,20.9,26.27,15.1,57.06,0.87,17.52
2014-02-07,0.0,20.62,26.38,15.04,59.25,1.08,18.82
2014-02-08,0.0,21.14,28.4,15.1,79.4,1.89,17.59
2014-02-09,0.0,22.15,27.88,18.18,84.29,1.33,14.44
2014-02-10,0.01,22.66,27.8,18.39,77.92,0.94,16.01
2014-02-11,0.0,21.84,27.48,16.97,75.17,0.98,16.57
2014-02-12,0.0,21.37,27.23,15.81,62.54,1.36,16.17
2014-02-13,0.0,19.97,27.23,13.26,58.11,1.56,20.31
2014-02-14,0.0,20.32,27.26,12.17,50.64,1.01,19.8
2014-02-15,0.0,20.86,26.9,16.53,65.92,1.23,20.21
2014-02-16,2.48,19.75,25.44,15.01,83.96,1.54,5.28
2014-02-17,10.81,18.21,22.66,13.71,82.71,2.37,5.2
2014-02-18,0.0,16.9,24.63,10.53,64.63,1.84,21.48
2014-02-19,0.0,18.1,26.85,10.29,64.43,1.69,21.77
2014-02-20,0.0,19.8,27.41,13.43,57.77,1.15,22.16
2014-02-21,0.0,20.38,27.63,14.34,60.01,1.06,22.36
2014-02-22,0.0,21.28,28.27,14.83,64.66,1.04,21.56
2014-02-23,0.0,22.14,29.11,17.12,58.13,1.22,20.64
2014-02-24,0.0,22.45,29.24,16.12,67.74,1.73,20.8
2014-02-25,0.0,22.3,29.6,16.57,63.05,1.85,21.53
2014-02-26,0.0,21.92,29.35,15.06,49.57,1.6,21.87
2014-02-27,0.0,23.11,30.62,16.46,55.13,1.29,21.62
2014-02-28,0.0,23.15,30.37,16.78,62.71,1.77,20.2
2014-03-01,0.0,23.27,30.74,17.17,65.01,1.91,21.68
2014-03-02,0.0,23.73,31.49,16.67,59.85,2.17,22.15
2014-03-03,0.0,23.48,30.58,17.26,63.57,1.91,22.23
2014-03-04,0.0,22.04,27.21,17.01,51.63,1.98,14.89
2014-03-05,0.0,22.67,30.66,14.27,50.5,1.82,22.08
2014-03-06,0.0,23.07,30.53,16.32,46.03,1.5,22.72
2014-03-07,0.0,22.6,30.29,16.76,46.6,1.56,22.04
2014-03-08,0.0,22.57,30.82,15.23,45.89,1.78,23.8
2014-03-09,0.0,23.18,31.26,15.12,41.71,1.67,22.73
2014-03-10,0.0,23.26,32.08,15.92,40.66,1.64,20.6
2014-03-11,0.0,24.38,32.84,16.59,44.75,1.54,23.21
2014-03-12,0.0,25.15,32.37,18.79,51.16,1.33,23.46
2014-03-13,0.0,25.97,32.74,20.58,62.53,1.14,18.15
2014-03-14,0.0,26.6,33.93,20.52,59.46,1.21,20.17
2014-03-15,0.0,26.02,34.33,18.63,44.89,1.68,22.22
2014-03-16,0.0,25.98,34.36,18.08,36.54,1.51,24.25
2014-03-17,0.0,25.8,34.28,17.94,39.19,1.41,24.25
2014-03-18,0.0,26.14,34.31,19.21,64.46,1.56,22.64
2014-03-19,1.1,27.18,34.78,21.02,69.26,2.14,21.15
2014-03-20,3.93,26.66,33.19,22.13,70.24,2.2,22.06
2014-03-21,0.93,26.43,33.38,20.83,69.76,1.55,21.05
2014-03-22,1.63,26.97,34.42,21.2,66.68,2.04,22.84
2014-03-23,15.85,25.04,30.5,21.05,72.24,1.83,22.18
2014-03-24,3.25,26.13,31.79,20.73,72.26,1.61,22.43
2014-03-25,4.9,26.83,32.74,22.0,69.38,1.53,23.99
2014-03-26,0.0,27.61,34.21,22.03,65.89,1.56,22.14
2014-03-27,0.0,28.62,35.42,22.3,67.8,2.18,23.27
2014-03-28,0.0,29.72,36.98,23.78,67.58,2.3,22.53
2014-03-29,0.0,29.54,36.89,23.53,66.03,2.84,24.13
2014-03-30,0.0,30.44,39.31,23.57,65.28,2.8,24.55
2014-03-31,0.0,29.92,37.74,23.86,67.14,2.84,23.57
2014-04-01,0.0,29.24,35.92,23.85,69.05,2.76,19.49
2014-04-02,0.01,29.74,36.77,23.81,63.73,2.29,22.03
2014-04-03,5.12,28.8,36.12,23.54,67.69,2.29,22.24
2014-04-04,4.1,28.02,34.83,22.42,65.13,1.78,17.57
2014-04-05,0.2,28.27,34.98,21.94,64.14,1.61,22.62
2014-04-06,0.91,28.0,33.98,23.2,68.46,2.23,21.52
2014-04-07,0.5,28.68,35.18,23.57,71.31,3.38,21.75
2014-04-08,0.5,29.26,34.82,25.37,71.29,3.96,21.97
2014-04-09,0.16,29.41,34.31,26.23,70.11,3.08,21.18
2014-04-10,0.37,28.85,34.15,25.13,68.23,1.39,20.67
2014-04-11,0.0,29.62,37.17,23.31,60.4,1.74,23.91
2014-04-12,0.0,29.55,36.38,24.46,59.11,1.57,25.43
2014-04-13,0.0,30.18,38.03,24.43,54.42,1.09,24.86
2014-04-14,0.0,30.71,38.24,25.12,52.77,1.29,24.73
2014-04-15,0.0,31.04,38.67,24.59,54.74,1.44,24.34
2014-04-16,0.0,31.55,39.36,24.64,54.66,2.12,24.66
2014-04-17,0.0,31.6,39.3,25.95,54.87,2.74,21.83
2014-04-18,0.0,31.45,38.8,25.47,58.7,2.08,24.1
2014-04-19,0.19,32.37,39.49,25.76,55.29,1.16,24.3
2014-04-20,0.47,33.6,40.0,26.47,46.4,1.26,25.18
2014-04-21,0.0,33.08,39.86,26.91,47.24,1.24,25.95
2014-04-22,0.0,33.19,40.96,25.61,36.62,1.23,25.22
2014-04-23,0.0,32.94,40.9,25.56,51.49,1.74,25.21
2014-04-24,0.0,33.26,41.12,26.11,50.22,2.19,24.94
2014-04-25,0.41,32.93,40.4,26.77,56.06,2.78,21.5
2014-04-26,0.57,32.21,39.51,26.28,60.31,2.63,24.07
2014-04-27,0.27,32.41,39.63,26.5,58.73,2.86,25.06
2014-04-28,1.29,30.89,37.42,26.65,63.86,2.84,22.89
2014-04-29,2.1,30.77,37.34,25.83,66.29,2.9,24.0
2014-04-30,4.16,30.43,36.18,26.25,69.34,2.78,26.1
2014-05-01,2.36,30.07,36.24,25.8,69.68,2.72,23.98
2014-05-02,3.59,28.45,31.73,26.12,77.47,2.34,19.32
2014-05-03,1.45,29.02,32.88,25.86,71.64,2.42,21.14
2014-05-04,4.34,29.51,34.89,25.31,68.27,2.44,25.88
2014-05-05,1.54,28.94,32.51,26.39,72.66,2.01,12.58
2014-05-06,0.19,31.06,36.93,25.82,62.06,1.74,23.1
2014-05-07,11.13,30.75,37.37,26.35,64.88,3.01,23.96
2014-05-08,14.21,29.37,32.7,26.36,74.85,4.4,20.23
2014-05-09,8.0,30.17,33.72,27.55,78.77,5.29,20.46
2014-05-10,12.14,30.18,35.29,27.37,77.94,4.25,20.66
2014-05-11,7.1,29.29,33.71,26.96,78.81,3.81,6.64
2014-05-12,6.39,29.58,33.09,26.92,79.35,3.41,24.2
2014-05-13,1.59,30.63,36.22,26.65,73.68,2.99,23.93
2014-05-14,2.25,30.07,33.73,27.51,75.66,2.9,21.68
2014-05-15,8.31,30.3,35.31,27.28,74.24,2.97,22.76
2014-05-16,4.85,30.72,36.65,26.4,70.76,2.5,24.13
2014-05-17,0.06,31.14,36.95,26.42,66.73,2.32,26.0
2014-05-18,0.01,31.77,38.5,26.37,64.32,2.23,23.76
2014-05-19,0.0,32.06,38.5,26.86,64.54,2.32,23.16
2014-05-20,0.0,31.8,37.63,27.6,65.44,2.54,25.72
2014-05-21,0.0,31.7,37.86,27.26,66.42,3.03,25.32
2014-05-22,0.0,31.99,38.22,26.77,63.4,2.36,25.9
2014-05-23,0.01,30.81,34.32,27.09,66.5,1.68,22.6
2014-05-24,6.17,30.06,34.13,27.39,68.56,1.67,20.42
2014-05-25,37.94,28.47,30.96,26.79,87.09,1.32,22.3
2014-05-26,14.84,28.72,32.04,26.14,85.15,1.58,22.97
2014-05-27,10.08,29.17,32.6,26.9,82.45,2.37,21.02
2014-05-28,15.69,29.67,32.87,26.89,80.26,3.45,21.91
2014-05-29,12.72,29.43,32.08,27.3,83.22,2.31,19.3
2014-05-30,25.21,29.09,31.93,26.6,85.89,1.91,20.64
2014-05-31,57.89,28.31,30.45,26.68,89.14,2.15,20.55
2014-06-01,10.13,28.56,31.65,26.39,84.74,2.55,16.17
2014-06-02,9.57,28.73,32.1,26.36,84.72,2.33,17.44
2014-06-03,5.49,28.95,32.31,26.31,84.95,2.3,15.97
2014-06-04,4.36,29.53,32.88,26.65,84.77,2.35,15.3
2014-06-05,1.31,29.49,32.45,27.31,86.59,2.0,19.45
2014-06-06,0.1,29.72,33.4,26.91,85.61,2.21,23.81
2014-06-07,0.0,29.6,33.11,27.47,83.58,2.45,24.75
2014-06-08,0.13,29.72,32.62,27.45,85.15,3.17,22.85
2014-06-09,0.35,29.77,32.57,28.19,84.95,3.68,22.05
2014-06-10,35.28,29.64,32.97,27.59,86.16,3.12,21.63
2014-06-11,85.8,29.21,32.09,26.93,87.98,3.09,22.03
2014-06-12,19.96,29.43,33.09,26.67,87.3,2.35,23.33
2014-06-13,4.35,29.21,31.56,27.41,92.04,2.27,15.51
2014-06-14,2.09,29.69,33.31,27.47,85.81,1.76,22.98
2014-06-15,4.57,29.39,32.09,27.21,86.78,1.84,14.05
2014-06-16,5.42,29.05,31.39,27.27,88.69,2.03,10.94
2014-06-17,10.44,29.23,31.75,26.91,89.17,1.64,22.92
2014-06-18,38.29,28.38,29.62,27.13,91.69,2.61,16.28
2014-06-19,23.88,28.61,31.46,26.73,90.48,2.98,5.19
2014-06-20,49.0,28.19,29.46,27.27,93.87,4.59,7.35
2014-06-21,107.71,28.11,29.33,27.37,93.42,4.68,3.85
2014-06-22,74.57,28.13,29.29,27.29,94.13,4.25,2.55
2014-06-23,66.97,28.28,30.45,27.05,91.81,3.7,9.01
2014-06-24,17.24,27.56,29.0,26.45,92.07,3.28,11.15
2014-06-25,5.24,28.3,31.19,26.46,89.06,2.34,23.13
2014-06-26,14.97,27.9,30.37,26.44,91.52,3.28,12.93
2014-06-27,8.18,28.13,30.71,26.14,90.07,3.26,15.99
2014-06-28,14.2,28.26,31.34,26.06,90.22,3.08,15.28
2014-06-29,50.68,28.54,30.89,27.0,92.86,3.53,5.64
2014-06-30,20.49,28.59,30.67,27.05,93.01,2.61,20.88
2014-07-01,3.61,28.21,30.8,26.41,89.81,3.65,19.85
2014-07-02,9.35,27.71,30.1,25.84,92.73,4.23,14.01
2014-07-03,27.0,27.42,28.9,26.46,92.23,4.72,6.99
2014-07-04,32.46,28.1,29.94,26.62,91.3,5.43,6.57
2014-07-05,39.61,28.36,30.93,26.62,91.17,3.51,8.68
2014-07-06,21.14,28.53,31.5,26.17,90.2,2.6,24.03
2014-07-07,0.44,28.25,30.15,26.46,90.99,2.98,22.18
2014-07-08,0.89,28.32,30.79,26.82,91.49,3.0,25.96
2014-07-09,3.21,28.49,31.3,26.58,89.85,2.73,23.3
2014-07-10,2.17,28.79,31.38,26.72,88.55,2.56,25.39
2014-07-11,12.91,29.3,33.19,26.55,86.4,1.79,24.84
2014-07-12,1.62,29.41,33.16,27.25,89.12,2.09,25.02
2014-07-13,0.93,28.78,31.55,27.17,90.59,1.71,21.94
2014-07-14,3.75,28.51,31.3,26.8,91.2,3.49,22.46
2014-07-15,5.03,28.45,30.54,27.01,91.1,3.9,20.1
2014-07-16,10.42,28.27,30.84,26.43,90.36,4.68,11.93
2014-07-17,18.73,28.08,29.69,26.89,92.17,3.62,16.1
2014-07-18,6.37,28.37,30.74,26.85,91.45,3.0,19.94
2014-07-19,3.4,28.58,32.15,26.16,91.42,3.32,21.63
2014-07-20,11.21,28.77,32.08,27.08,89.67,3.7,18.81
2014-07-21,42.05,27.8,29.39,26.61,92.06,5.37,6.83
2014-07-22,16.01,27.43,29.8,26.03,92.57,3.95,14.23
2014-07-23,8.16,26.97,29.27,25.53,92.33,2.9,21.36
2014-07-24,9.37,27.69,30.84,25.65,89.67,2.35,20.66
2014-07-25,6.27,27.69,31.06,25.47,89.24,1.79,26.33
2014-07-26,15.46,28.55,31.95,25.97,88.89,1.69,23.07
2014-07-27,17.77,27.76,29.37,26.32,92.26,1.61,21.61
2014-07-28,7.0,28.09,31.56,25.68,90.65,2.03,22.18
2014-07-29,2.65,27.65,29.82,25.94,91.94,2.59,20.87
2014-07-30,1.52,28.23,31.45,25.94,90.49,2.3,22.5
2014-07-31,4.49,28.35,31.58,26.21,90.52,2.82,19.21
2014-08-01,5.01,28.27,31.05,26.38,91.25,2.4,21.43
2014-08-02,2.42,28.25,30.88,26.55,90.97,2.53,22.13
2014-08-03,3.57,27.47,29.96,25.56,91.11,3.73,18.35
2014-08-04,20.03,27.57,29.35,25.92,92.91,4.34,7.86
2014-08-05,15.67,28.14,30.8,26.24,90.88,3.78,11.97
2014-08-06,9.3,27.78,30.17,26.2,91.16,2.15,18.8
2014-08-07,9.42,27.86,30.89,25.75,90.65,1.99,21.75
2014-08-08,1.91,28.39,31.69,25.87,89.19,2.47,21.69
2014-08-09,2.97,28.04,30.63,26.45,89.59,3.3,21.52
2014-08-10,6.7,27.83,30.51,26.07,88.8,3.7,17.53
2014-08-11,14.22,27.76,30.7,25.74,88.71,3.46,18.4
2014-08-12,33.28,28.23,31.06,26.24,89.78,3.59,16.87
2014-08-13,56.38,28.56,31.29,26.72,90.83,3.89,6.34
2014-08-14,78.43,27.98,29.54,27.13,93.09,3.51,6.81
2014-08-15,43.83,27.87,29.93,26.69,93.01,3.66,4.83
2014-08-16,58.1,27.32,28.75,26.29,94.92,3.71,8.52
2014-08-17,9.45,27.05,28.85,25.7,93.46,2.12,11.22
2014-08-18,18.94,27.61,30.62,25.43,91.11,2.72,21.65
2014-08-19,7.55,27.93,30.9,25.83,90.49,2.62,16.41
2014-08-20,18.12,27.38,29.81,25.73,89.8,2.32,13.46
2014-08-21,9.49,27.57,30.79,25.59,92.11,3.24,14.99
2014-08-22,17.27,27.29,29.39,25.95,91.33,3.64,12.89
2014-08-23,10.64,27.58,30.38,25.89,90.65,3.31,16.44
2014-08-24,8.63,27.65,30.49,25.79,90.67,2.96,20.0
2014-08-25,8.4,27.46,30.24,25.6,90.73,2.39,20.65
2014-08-26,6.12,27.63,30.66,25.55,90.09,1.66,18.89
2014-08-27,8.74,27.24,29.21,25.44,91.25,1.28,22.03
2014-08-28,19.13,27.94,31.94,25.33,85.37,1.12,16.18
2014-08-29,4.31,28.12,31.7,25.75,87.86,1.17,22.17
2014-08-30,5.87,27.2,28.76,26.11,93.37,2.17,14.66
2014-08-31,18.29,26.49,28.41,25.44,93.12,3.27,18.6
2014-09-01,3.93,27.01,30.29,24.32,90.2,2.88,20.3
2014-09-02,1.52,26.99,29.51,25.24,91.37,2.5,22.93
2014-09-03,1.64,27.53,30.84,24.88,89.21,1.79,20.72
2014-09-04,4.01,27.42,30.35,25.62,91.43,2.05,17.35
2014-09-05,7.14,27.53,31.28,25.42,90.13,2.58,20.1
2014-09-06,0.28,27.63,31.15,24.63,89.28,2.6,24.25
2014-09-07,1.92,27.57,30.47,26.09,90.89,2.32,20.28
2014-09-08,6.28,27.33,30.47,25.42,89.1,2.47,19.03
2014-09-09,8.92,27.52,30.6,25.41,88.26,2.21,17.25
2014-09-10,1.1,27.5,30.53,25.31,87.99,1.96,22.45
2014-09-11,2.93,27.68,31.01,25.37,87.59,1.83,20.47
2014-09-12,8.85,27.36,30.15,25.49,89.57,1.79,16.67
2014-09-13,13.58,27.5,30.44,25.16,89.12,1.72,19.91
2014-09-14,3.59,28.02,31.49,25.37,87.17,1.55,20.46
2014-09-15,10.91,27.59,30.61,25.29,87.84,1.46,18.25
2014-09-16,2.27,28.14,31.77,24.67,85.51,1.17,23.9
2014-09-17,0.01,28.78,32.32,25.78,84.45,0.87,21.69
2014-09-18,11.16,28.37,31.07,26.13,89.84,1.42,17.17
2014-09-19,30.43,27.35,28.47,26.29,93.7,2.49,15.18
2014-09-20,70.27,27.06,29.32,24.9,92.15,3.71,4.11
2014-09-21,36.66,27.42,29.0,26.38,92.75,3.57,10.71
2014-09-22,40.67,27.7,30.19,25.94,91.07,3.5,14.61
2014-09-23,49.71,27.2,28.86,25.55,93.62,2.54,3.72
2014-09-24,3.4,27.25,30.45,24.85,88.98,1.66,13.74
2014-09-25,6.83,26.88,29.1,25.38,90.62,2.21,17.17
2014-09-26,10.89,26.99,29.36,25.22,91.55,2.58,17.36
2014-09-27,5.52,27.48,30.66,25.27,87.85,1.63,16.6
2014-09-28,0.17,28.11,32.02,24.48,79.7,0.89,22.04
2014-09-29,0.03,28.08,31.7,24.06,79.68,0.79,21.23
2014-09-30,0.11,29.02,32.08,25.74,79.12,0.52,21.38
2014-10-01,0.17,28.43,31.52,24.9,80.86,0.8,18.17
2014-10-02,1.23,28.73,31.98,25.83,81.59,0.67,18.49
2014-10-03,5.65,28.58,31.41,26.0,80.7,0.86,20.89
2014-10-04,0.07,28.32,31.57,25.38,79.96,0.84,18.89
2014-10-05,0.11,28.21,31.94,24.62,82.82,0.85,22.33
2014-10-06,3.65,28.38,32.28,25.49,83.17,0.83,22.17
2014-10-07,5.47,27.65,31.04,25.33,85.47,0.95,21.07
2014-10-08,0.19,28.24,31.88,25.26,78.54,0.67,21.38
2014-10-09,1.37,28.06,32.38,24.6,81.37,0.84,21.62
2014-10-10,4.05,27.8,31.65,25.06,84.3,1.05,18.71
2014-10-11,25.41,26.98,30.21,24.04,86.57,1.03,12.24
2014-10-12,24.5,26.96,30.03,24.39,87.22,1.0,18.79
2014-10-13,10.6,26.98,30.49,24.0,89.23,1.21,18.33
2014-10-14,3.51,26.48,28.78,24.58,91.85,1.47,15.94
2014-10-15,6.68,27.43,30.78,24.84,87.4,1.18,17.28
2014-10-16,3.56,26.9,29.09,25.02,88.0,0.81,15.76
2014-10-17,0.0,26.13,29.7,23.23,87.29,1.65,19.55
2014-10-18,0.0,25.02,28.82,21.81,83.64,1.44,18.53
2014-10-19,0.0,25.03,29.49,21.26,79.8,1.24,20.58
2014-10-20,0.0,24.71,29.22,20.04,78.64,1.5,20.47
2014-10-21,0.0,25.0,30.09,20.07,82.9,1.33,21.24
2014-10-22,0.0,25.25,30.13,21.17,82.16,1.18,20.84
2014-10-23,0.0,24.8,29.48,20.42,79.19,1.21,20.14
2014-10-24,0.0,24.64,29.08,20.58,76.43,1.13,20.55
2014-10-25,0.11,25.19,29.8,21.22,77.39,0.89,20.46
2014-10-26,0.03,24.14,27.74,21.9,83.39,0.93,16.79
2014-10-27,0.01,22.88,26.74,20.52,85.74,1.27,11.44
2014-10-28,2.74,22.94,26.12,20.33,79.74,0.68,5.61
2014-10-29,0.38,22.76,27.61,18.27,84.64,1.44,18.65
2014-10-30,0.0,23.22,28.38,18.36,82.57,1.46,14.45
2014-10-31,0.0,23.65,28.36,18.52,78.38,1.1,16.57
2014-11-01,0.0,24.07,28.28,20.7,76.61,1.09,19.73
2014-11-02,0.0,24.19,28.79,19.6,79.15,1.17,19.75
2014-11-03,0.0,24.12,28.61,19.51,83.82,1.13,19.5
2014-11-04,0.0,25.0,29.54,20.43,84.35,0.91,19.43
2014-11-05,0.0,25.31,29.5,22.04,82.4,1.11,17.72
2014-11-06,0.0,24.38,29.39,20.06,82.21,1.34,18.6
2014-11-07,0.0,25.12,30.16,19.73,81.61,1.18,16.9
2014-11-08,0.44,25.97,30.82,20.9,80.83,0.98,13.27
2014-11-09,0.13,27.14,31.17,24.74,85.25,0.76,17.29
2014-11-10,0.01,24.96,29.0,21.39,83.79,1.34,16.07
2014-11-11,0.0,23.19,27.4,18.74,80.95,1.24,18.34
2014-11-12,0.0,24.14,28.35,19.84,77.56,1.03,18.23
2014-11-13,0.0,24.07,28.79,19.74,80.11,1.28,17.4
2014-11-14,0.0,22.61,27.48,18.53,78.23,1.41,17.35
2014-11-15,0.0,21.52,26.77,16.74,71.26,1.07,18.06
2014-11-16,0.0,22.09,26.76,18.14,67.41,0.85,16.91
2014-11-17,0.0,22.56,26.99,18.46,70.0,0.66,17.24
2014-11-18,0.0,22.69,27.33,17.96,76.9,0.95,17.98
2014-11-19,0.0,22.23,27.09,17.68,78.8,1.11,18.08
2014-11-20,0.0,21.66,26.35,17.23,81.72,1.24,17.53
2014-11-21,0.0,21.39,25.81,17.01,78.3,1.32,17.13
2014-11-22,0.0,20.93,26.11,16.71,74.4,1.12,16.28
2014-11-23,0.0,20.76,26.07,16.44,67.15,0.89,16.69
2014-11-24,0.0,20.02,25.57,15.56,70.79,1.23,17.01
2014-11-25,0.0,19.37,25.45,13.67,74.61,1.31,17.07
2014-11-26,0.0,19.38,24.78,14.53,76.04,1.05,17.01
2014-11-27,0.0,20.01,24.52,15.96,70.07,0.84,15.34
2014-11-28,0.0,20.22,25.06,16.42,73.42,0.89,15.96
2014-11-29,0.0,20.53,25.2,15.54,71.09,0.86,15.7
2014-11-30,0.0,20.38,25.85,14.84,73.96,0.99,16.47
2014-12-01,0.0,20.81,26.21,15.43,75.41,0.84,16.32
2014-12-02,0.0,20.72,25.84,15.85,75.79,0.95,16.27
2014-12-03,0.0,21.12,25.53,16.55,74.11,0.65,16.03
2014-12-04,0.0,21.52,26.05,17.22,75.37,0.54,15.81
2014-12-05,0.0,22.03,26.66,16.97,74.94,0.55,17.11
2014-12-06,0.0,21.88,26.12,17.55,77.51,0.75,16.06
2014-12-07,0.0,19.81,25.5,15.3,84.07,1.42,16.44
2014-12-08,0.0,18.5,24.28,13.21,75.52,1.3,13.99
2014-12-09,0.0,19.07,24.36,13.49,72.78,0.92,14.41
2014-12-10,0.0,18.32,23.69,12.83,74.71,1.18,14.69
2014-12-11,0.02,17.15,23.67,12.38,76.02,1.39,16.05
2014-12-12,1.06,16.04,22.05,11.29,82.27,1.74,13.29
2014-12-13,0.0,17.21,23.14,11.43,83.12,1.44,14.08
2014-12-14,0.0,18.86,24.23,14.41,83.16,0.98,17.2
2014-12-15,0.0,19.92,25.88,15.69,80.14,1.01,15.72
2014-12-16,0.0,19.36,25.25,14.95,78.09,1.41,17.1
2014-12-17,0.0,18.24,24.15,13.91,82.86,2.18,16.39
2014-12-18,0.0,15.35,22.0,9.5,77.28,1.79,15.59
2014-12-19,0.0,16.5,23.61,9.91,79.75,1.62,15.33
2014-12-20,0.0,18.09,24.26,12.28,78.24,1.23,16.65
2014-12-21,0.0,18.28,23.98,13.53,74.06,0.96,16.49
2014-12-22,0.0,18.29,23.82,12.97,75.42,1.08,16.79
2014-12-23,0.0,18.05,23.9,12.4,76.58,1.21,16.85
2014-12-24,0.0,18.13,24.41,12.9,77.36,1.19,16.81
2014-12-25,0.0,17.49,24.02,12.05,81.65,1.42,16.94
2014-12-26,0.0,15.74,22.62,10.2,78.98,1.53,16.74
2014-12-27,0.0,14.79,22.14,8.77,77.94,1.46,14.14
2014-12-28,0.0,15.82,23.53,9.2,77.06,1.52,12.54
2014-12-29,0.0,15.91,21.1,10.11,79.1,1.26,14.5
2014-12-30,0.0,17.24,22.36,11.96,76.04,1.19,8.18
2014-12-31,0.03,18.58,22.62,15.0,76.2,1.05,5.39
2015-01-01,1.39,19.51,23.63,16.5,85.85,1.39,6.49
2015-01-02,0.01,22.44,27.9,17.94,81.47,1.0,12.97
2015-01-03,0.01,23.44,27.7,19.58,78.46,0.8,15.56
2015-01-04,0.04,22.6,27.19,18.43,83.64,1.34,14.56
2015-01-05,0.0,19.56,24.42,15.42,81.85,1.49,14.71
2015-01-06,0.0,17.07,22.65,12.12,74.87,1.42,16.25
2015-01-07,0.0,16.3,21.83,11.01,73.79,1.32,16.2
2015-01-08,0.0,16.91,22.37,11.52,67.14,1.07,15.46
2015-01-09,0.0,18.07,22.77,13.36,63.51,0.74,11.11
2015-01-10,0.0,17.17,23.02,12.92,74.19,1.09,15.87
2015-01-11,0.0,15.41,22.91,9.81,72.49,1.65,15.33
2015-01-12,0.0,16.05,23.28,9.21,70.42,1.35,15.76
2015-01-13,0.0,17.59,24.92,10.47,69.97,1.17,15.1
2015-01-14,0.0,18.8,25.49,12.83,68.7,0.88,16.24
2015-01-15,0.0,18.97,25.68,13.52,64.33,0.94,17.2
2015-01-16,0.03,19.54,25.2,14.1,59.58,0.96,9.61
2015-01-17,1.08,19.35,25.06,15.2,68.76,1.24,15.37
2015-01-18,0.0,17.42,23.46,12.18,73.94,1.57,15.68
2015-01-19,0.0,16.09,22.68,10.56,71.57,1.06,10.93
2015-01-20,0.0,16.26,23.68,9.82,74.55,1.5,12.89
2015-01-21,0.0,17.18,24.33,10.17,71.11,1.29,14.75
2015-01-22,0.0,18.46,25.15,12.51,66.29,1.0,15.97
2015-01-23,0.0,19.12,24.52,12.67,66.29,1.01,17.81
2015-01-24,0.0,19.11,25.21,14.72,65.94,1.23,17.77
2015-01-25,0.0,18.49,24.96,12.83,68.01,1.57,18.51
2015-01-26,0.0,17.57,24.52,10.64,60.48,1.64,18.6
2015-01-27,0.0,18.44,25.01,11.62,61.05,1.41,18.21
2015-01-28,0.0,19.7,26.97,13.33,71.41,1.51,17.99
2015-01-29,0.0,19.73,27.14,14.06,72.61,1.57,18.09
2015-01-30,0.0,18.67,25.13,13.5,77.48,1.8,15.92
2015-01-31,0.0,16.37,23.22,11.18,64.78,1.88,18.73
2015-02-01,0.0,15.62,23.41,9.07,60.11,1.77,19.4
2015-02-02,0.0,16.51,24.79,9.28,61.85,1.53,19.89
2015-02-03,0.0,19.06,26.55,11.54,59.29,1.26,19.97
2015-02-04,0.0,20.95,27.11,14.66,53.51,0.96,19.87
2015-02-05,0.0,21.34,27.13,15.52,52.16,1.09,19.01
2015-02-06,0.0,19.76,26.46,14.15,57.08,1.51,17.6
2015-02-07,0.0,18.36,24.01,12.57,51.64,1.35,16.14
2015-02-08,0.0,18.23,23.6,12.37,52.17,1.07,18.54
2015-02-09,0.0,19.57,26.35,14.28,56.84,1.13,19.53
2015-02-10,0.0,20.34,27.05,14.92,61.71,1.59,16.78
2015-02-11,0.0,19.56,26.09,14.48,58.57,1.61,17.67
2015-02-12,0.0,19.86,26.45,14.23,46.68,1.24,20.46
2015-02-13,0.0,20.57,27.08,15.27,58.02,1.16,18.68
2015-02-14,0.0,20.25,26.75,15.32,71.83,1.18,18.14
2015-02-15,0.73,20.92,26.9,15.94,70.55,1.04,16.52
2015-02-16,0.02,22.11,28.36,15.65,62.66,0.82,18.66
2015-02-17,0.0,22.48,29.08,15.43,56.15,0.91,19.09
2015-02-18,0.24,22.23,29.1,16.64,71.91,1.2,17.94
2015-02-19,6.7,22.43,27.71,18.45,76.22,1.19,12.09
2015-02-20,0.68,23.3,29.36,17.62,68.21,0.94,20.31
2015-02-21,0.18,22.89,29.44,16.95,70.16,1.33,19.18
2015-02-22,2.94,23.13,29.81,17.87,72.97,1.29,18.87
2015-02-23,0.01,23.8,30.91,18.2,72.26,1.29,20.95
2015-02-24,0.0,24.23,31.36,18.83,71.54,1.43,21.6
2015-02-25,0.0,24.09,31.21,18.51,74.75,1.75,19.96
2015-02-26,0.0,24.06,30.43,19.13,77.23,1.93,20.09
2015-02-27,0.0,24.55,30.93,19.05,75.61,2.39,20.59
2015-02-28,0.0,25.07,31.84,19.55,71.07,1.34,21.1
2015-03-01,0.0,26.63,33.85,20.49,64.65,1.02,21.22
2015-03-02,0.0,26.59,34.14,20.08,59.78,1.42,22.01
2015-03-03,0.21,25.28,32.11,19.02,54.43,1.79,21.3
2015-03-04,6.5,22.24,28.05,18.84,68.99,1.72,13.31
2015-03-05,8.14,23.66,30.11,18.94,60.28,1.41,19.8
2015-03-06,0.0,21.87,30.19,14.5,49.88,2.05,23.72
2015-03-07,0.0,21.92,30.48,14.31,45.79,2.03,24.05
2015-03-08,0.0,23.05,31.86,15.06,45.54,2.05,24.24
2015-03-09,0.0,24.17,33.45,15.38,44.87,1.96,24.51
2015-03-10,0.0,25.75,34.29,18.57,39.74,1.74,23.59
2015-03-11,0.0,24.18,33.74,16.77,41.95,2.26,23.61
2015-03-12,0.0,23.46,33.9,13.71,35.01,2.16,25.01
2015-03-13,0.0,24.6,33.73,14.87,34.11,1.79,24.19
2015-03-14,0.0,26.74,35.26,19.98,50.14,1.33,22.87
2015-03-15,0.0,27.54,35.5,19.92,51.56,1.53,22.84
2015-03-16,0.0,27.98,35.85,21.18,45.68,2.56,23.39
2015-03-17,0.0,27.89,34.7,20.83,46.44,2.11,23.31
2015-03-18,0.0,28.53,34.91,22.59,48.01,1.05,21.78
2015-03-19,0.0,27.56,34.99,21.16,45.93,1.82,22.88
2015-03-20,0.0,25.95,34.36,18.92,37.36,1.93,24.79
2015-03-21,0.0,26.21,35.66,17.42,34.19,1.91,24.74
2015-03-22,0.0,27.24,35.78,20.0,33.49,1.35,24.46
2015-03-23,0.0,27.92,36.67,19.8,45.81,1.4,23.47
2015-03-24,0.0,27.93,36.13,20.87,62.72,1.64,22.2
2015-03-25,2.12,28.02,35.33,22.42,65.93,1.89,20.17
2015-03-26,6.03,27.11,33.55,21.98,67.4,1.58,21.89
2015-03-27,0.0,27.93,34.97,21.83,64.1,1.71,22.03
2015-03-28,0.23,27.71,34.01,22.17,65.57,1.89,14.24
2015-03-29,0.17,28.14,34.35,23.61,62.61,1.74,20.05
2015-03-30,0.36,28.34,34.77,23.12,66.65,2.06,20.04
2015-03-31,6.87,26.12,29.35,23.67,80.59,1.67,12.53
2015-04-01,1.63,27.56,33.73,22.26,70.64,2.73,17.44
2015-04-02,15.94,27.16,31.99,23.33,77.4,3.5,20.34
2015-04-03,11.93,28.07,33.08,24.29,78.14,3.07,16.31
2015-04-04,4.46,28.04,32.7,25.1,76.63,4.13,19.71
2015-04-05,15.5,27.06,31.62,24.16,81.34,2.82,19.77
2015-04-06,28.51,26.65,31.19,23.56,84.25,1.5,11.95
2015-04-07,11.25,26.99,31.9,22.62,81.34,1.34,22.13
2015-04-08,7.32,27.37,32.59,23.28,75.41,1.2,16.82
2015-04-09,0.01,27.64,33.29,22.77,76.12,1.85,22.13
2015-04-10,0.17,28.23,34.27,23.14,73.66,2.07,23.94
2015-04-11,0.56,28.22,34.14,22.8,72.46,1.81,25.11
2015-04-12,0.38,28.54,33.59,24.34,70.22,1.02,22.93
2015-04-13,0.56,28.76,33.92,24.69,65.54,1.37,22.89
2015-04-14,0.44,27.5,31.48,23.53,69.91,1.07,23.82
2015-04-15,0.0,28.2,32.44,25.06,69.32,1.23,21.43
2015-04-16,0.0,28.8,34.38,23.7,60.39,1.35,17.41
2015-04-17,0.15,28.6,33.97,24.63,60.1,1.6,11.93
2015-04-18,10.94,27.62,32.53,23.51,75.28,2.69,22.59
2015-04-19,5.79,28.14,33.47,24.26,75.89,2.54,22.1
2015-04-20,0.84,29.19,34.61,24.89,70.77,2.21,23.6
2015-04-21,1.57,29.09,34.38,24.88,75.71,3.7,22.09
2015-04-22,9.57,28.49,32.32,26.08,79.33,4.09,17.66
2015-04-23,21.83,27.38,30.73,25.32,85.64,3.69,21.3
2015-04-24,13.98,26.03,29.56,23.21,85.72,2.6,15.09
2015-04-25,3.11,25.93,29.42,22.9,78.45,1.9,6.35
2015-04-26,2.13,26.52,30.82,22.93,71.78,1.21,16.01
2015-04-27,3.11,26.87,31.3,23.16,74.63,1.37,20.43
2015-04-28,2.55,27.02,32.1,22.94,73.97,1.34,20.67
2015-04-29,5.24,26.89,31.17,23.47,79.94,2.42,23.06
2015-04-30,6.52,26.98,31.84,23.63,83.18,2.55,21.5
2015-05-01,11.48,27.81,31.85,24.78,83.14,2.28,18.06
2015-05-02,1.59,27.36,30.79,24.99,85.17,2.43,20.23
2015-05-03,1.18,28.05,32.79,24.28,80.1,1.73,24.48
2015-05-04,0.02,29.02,34.15,24.55,75.5,1.43,22.96
2015-05-05,0.01,28.73,33.3,25.22,77.21,1.61,25.3
2015-05-06,0.21,28.37,32.93,24.65,77.07,1.62,24.21
2015-05-07,2.94,28.09,32.79,24.94,78.88,1.93,21.76
2015-05-08,3.95,27.94,32.86,24.03,74.29,1.22,24.66
2015-05-09,0.79,28.32,33.57,23.48,77.5,2.18,19.67
2015-05-10,12.9,28.27,31.69,25.86,85.57,2.03,19.47
2015-05-11,28.02,27.45,29.26,25.71,89.79,1.44,15.7
2015-05-12,6.36,27.6,31.41,25.02,87.76,1.76,10.67
2015-05-13,0.56,28.55,33.31,24.68,80.52,1.74,24.36
2015-05-14,0.02,29.04,33.15,25.24,82.67,2.04,24.92
2015-05-15,3.39,28.9,33.06,26.25,84.14,2.09,22.88
2015-05-16,4.03,28.55,31.88,25.99,83.51,1.54,21.63
2015-05-17,11.32,28.48,31.76,26.22,83.6,1.33,20.97
2015-05-18,6.93,28.36,32.54,25.33,80.59,2.24,19.85
2015-05-19,0.01,28.84,33.57,25.12,79.61,2.2,24.71
2015-05-20,0.01,29.73,34.67,25.65,73.81,1.26,24.66
2015-05-21,0.17,29.34,32.56,26.86,80.83,1.71,22.44
2015-05-22,0.67,30.11,34.49,26.46,80.0,2.71,22.34
2015-05-23,12.03,29.96,34.06,27.18,84.33,3.67,19.39
2015-05-24,33.72,28.43,30.78,26.88,90.53,3.77,8.49
2015-05-25,0.74,28.57,31.08,26.64,86.39,3.68,22.07
2015-05-26,1.23,28.36,31.82,26.19,85.85,2.9,20.34
2015-05-27,3.28,28.27,31.68,26.05,87.09,2.79,22.93
2015-05-28,3.03,28.22,30.6,26.47,88.14,3.12,23.81
2015-05-29,2.57,29.2,32.48,26.62,84.86,2.94,23.64
2015-05-30,7.45,28.87,31.22,27.26,88.34,1.95,22.08
2015-05-31,1.47,29.06,32.12,26.9,84.69,2.6,20.16
2015-06-01,0.7,28.84,31.42,27.1,85.81,2.7,23.98
2015-06-02,0.59,29.41,33.06,26.69,82.43,2.5,24.42
2015-06-03,1.62,29.67,33.48,26.75,82.96,1.99,24.56
2015-06-04,0.6,29.75,33.79,26.71,80.53,1.43,20.12
2015-06-05,5.85,29.68,33.41,26.31,81.88,2.0,18.26
2015-06-06,4.01,29.18,32.09,26.85,84.11,2.91,7.91
2015-06-07,1.43,28.91,31.2,27.14,85.3,2.68,16.49
2015-06-08,0.54,29.52,32.75,27.14,83.04,3.11,22.22
2015-06-09,0.91,29.62,32.91,27.58,82.85,4.02,20.21
2015-06-10,11.42,29.13,31.6,27.45,86.91,3.83,13.6
2015-06-11,25.38,28.38,30.05,27.33,91.7,3.34,6.65
2015-06-12,24.43,27.96,29.9,26.23,91.31,2.69,16.06
2015-06-13,9.29,27.77,30.37,26.16,87.01,3.15,8.38
2015-06-14,14.43,27.92,30.8,25.69,87.33,2.39,20.93
2015-06-15,18.8,27.43,29.44,26.26,90.39,2.74,13.15
2015-06-16,21.29,27.37,29.17,25.94,92.07,2.54,12.63
2015-06-17,11.41,27.81,30.14,25.9,89.05,1.6,21.87
2015-06-18,0.72,27.95,30.71,25.59,87.98,1.4,24.39
2015-06-19,0.93,28.82,32.15,26.0,85.28,2.07,26.66
2015-06-20,3.22,28.41,31.23,26.48,87.77,3.19,23.19
2015-06-21,17.4,28.39,31.72,25.66,87.0,3.77,18.58
2015-06-22,46.38,28.56,31.76,26.55,87.81,4.26,9.03
2015-06-23,58.43,28.4,30.53,26.78,89.75,4.83,4.25
2015-06-24,72.7,29.12,31.59,26.92,89.54,3.38,3.94
2015-06-25,31.19,29.0,31.93,27.3,90.5,2.35,5.05
2015-06-26,82.57,28.02,30.24,26.6,92.11,3.44,6.26
2015-06-27,34.52,27.6,29.12,26.41,91.02,4.14,7.02
2015-06-28,6.96,27.91,30.6,25.95,88.38,3.15,18.5
2015-06-29,2.77,27.33,30.37,25.07,87.37,3.04,16.9
2015-06-30,0.73,27.77,31.57,24.97,87.96,3.15,21.49
2015-07-01,3.92,27.84,31.05,25.32,88.28,2.86,19.03
2015-07-02,24.87,28.2,30.97,26.01,90.34,3.3,9.9
2015-07-03,13.97,28.58,31.68,26.5,89.96,2.98,17.22
2015-07-04,1.8,28.82,31.88,26.31,89.43,2.77,18.14
2015-07-05,3.24,28.95,32.2,26.93,89.28,1.76,19.73
2015-07-06,5.05,28.35,30.77,26.82,91.31,1.86,22.29
2015-07-07,23.97,28.36,30.62,26.58,91.4,1.57,20.92
2015-07-08,40.02,27.82,29.23,26.49,95.3,3.09,10.24
2015-07-09,123.2,27.56,29.58,26.19,92.73,3.9,6.51
2015-07-10,7.29,27.77,32.36,25.01,87.92,3.25,14.04
2015-07-11,7.23,27.46,30.32,24.75,91.73,2.37,21.16
2015-07-12,1.78,28.26,31.61,25.73,88.29,2.13,22.28
2015-07-13,3.06,28.56,32.09,25.35,88.48,1.97,22.51
2015-07-14,4.47,28.76,32.05,26.46,90.89,2.34,18.44
2015-07-15,29.32,28.6,30.52,27.21,92.61,3.33,9.59
2015-07-16,51.24,27.99,29.49,26.57,93.2,2.49,17.32
2015-07-17,40.12,27.24,28.45,26.43,93.92,3.36,10.49
2015-07-18,60.0,27.28,28.7,26.04,94.22,3.34,9.57
2015-07-19,46.43,27.18,28.85,26.09,93.26,2.97,3.73
2015-07-20,9.92,27.62,30.07,25.49,91.03,2.73,11.39
2015-07-21,19.15,27.35,29.24,25.89,92.19,2.77,21.37
2015-07-22,15.84,27.05,28.98,25.41,93.03,2.96,11.03
2015-07-23,23.07,27.44,29.69,26.03,92.87,3.82,14.94
2015-07-24,69.33,26.81,28.01,25.83,95.2,3.49,3.44
2015-07-25,125.36,26.79,27.54,26.0,95.48,5.34,8.11
2015-07-26,56.3,27.0,28.62,25.35,93.67,3.16,5.45
2015-07-27,59.78,26.31,27.69,24.9,95.19,5.96,9.9
2015-07-28,39.89,27.11,29.14,25.77,91.69,3.79,13.57
2015-07-29,15.96,27.76,30.73,24.87,91.47,3.22,11.13
2015-07-30,30.02,26.53,28.08,25.01,93.76,5.89,4.85
2015-07-31,44.21,27.11,28.56,25.8,93.65,6.03,9.96
2015-08-01,32.74,26.85,28.38,25.58,92.57,5.08,12.56
2015-08-02,2.89,26.31,28.1,24.88,91.8,3.31,16.95
2015-08-03,3.06,26.68,29.72,24.55,89.98,2.59,22.9
2015-08-04,1.32,27.18,30.4,24.78,90.42,2.37,22.57
2015-08-05,3.46,27.59,30.54,25.33,90.59,2.22,18.13
2015-08-06,1.28,28.03,30.58,25.81,90.28,1.69,22.34
2015-08-07,10.26,28.2,30.85,26.43,90.11,1.64,17.34
2015-08-08,0.82,28.36,31.47,26.23,88.52,1.32,15.23
2015-08-09,1.68,27.74,30.55,25.35,88.25,1.7,18.15
2015-08-10,3.76,28.26,31.51,25.34,87.49,1.41,19.71
2015-08-11,21.46,28.07,29.72,26.71,90.94,1.31,17.47
2015-08-12,2.01,28.05,30.81,25.92,91.1,2.1,21.33
2015-08-13,4.8,27.86,30.1,26.24,91.79,2.59,18.12
2015-08-14,11.89,28.32,31.21,26.09,90.92,2.5,15.19
2015-08-15,13.67,28.16,30.73,26.64,91.88,2.73,16.28
2015-08-16,20.4,27.76,29.93,26.33,92.06,3.55,14.29
2015-08-17,41.73,27.68,30.15,26.09,91.88,3.81,14.83
2015-08-18,27.69,27.97,30.75,26.22,91.21,3.43,12.11
2015-08-19,26.54,28.3,31.29,26.14,91.23,3.37,7.95
2015-08-20,23.98,28.36,30.77,26.95,92.6,2.25,5.08
2015-08-21,23.34,27.42,29.52,25.59,91.94,1.51,15.32
2015-08-22,2.82,27.73,31.07,25.17,89.23,1.89,16.98
2015-08-23,11.5,27.45,30.0,25.87,91.55,2.0,18.3
2015-08-24,0.13,27.96,31.02,25.69,90.02,2.17,20.44
2015-08-25,1.07,27.62,29.37,26.13,91.99,1.94,16.85
2015-08-26,0.93,27.43,29.25,25.57,91.37,1.92,22.72
2015-08-27,5.35,27.38,29.57,25.77,91.88,2.6,18.4
2015-08-28,15.16,27.28,29.89,25.08,91.71,3.48,19.57
2015-08-29,21.38,27.78,30.51,25.99,90.61,3.63,13.62
2015-08-30,19.8,27.88,30.43,25.92,92.37,3.55,10.03
2015-08-31,62.36,27.72,29.01,26.81,94.77,3.55,6.69
2015-09-01,25.29,27.64,29.07,26.54,94.99,2.02,3.06
2015-09-02,18.02,27.06,29.01,25.49,93.73,2.26,11.29
2015-09-03,23.03,27.06,29.1,25.86,91.44,2.62,12.78
2015-09-04,4.43,27.54,30.85,25.32,90.45,1.82,13.32
2015-09-05,3.6,27.24,30.1,25.02,90.55,1.44,15.31
2015-09-06,2.12,27.83,31.02,25.35,89.7,1.57,17.22
2015-09-07,10.56,27.45,30.52,25.68,91.79,1.97,17.33
2015-09-08,5.16,27.85,31.04,24.99,88.28,1.56,20.42
2015-09-09,0.5,28.81,32.15,25.92,86.97,1.15,20.6
2015-09-10,12.51,27.55,29.13,26.57,93.73,1.58,18.64
2015-09-11,11.95,28.51,31.07,26.31,85.68,0.99,21.28
2015-09-12,7.4,29.35,33.22,26.03,81.17,0.87,24.23
2015-09-13,24.32,28.08,30.72,26.01,89.07,1.12,18.21
2015-09-14,6.14,27.7,30.12,25.94,90.58,1.62,19.36
2015-09-15,4.39,28.26,31.27,26.37,89.69,2.19,18.31
2015-09-16,2.8,28.18,31.31,26.04,89.97,1.86,22.63
2015-09-17,0.03,29.39,32.85,26.21,83.89,0.8,21.59
2015-09-18,3.08,29.71,34.33,26.01,83.27,1.05,20.02
2015-09-19,27.81,27.32,28.29,26.11,93.93,2.84,9.83
2015-09-20,44.09,27.03,28.45,25.91,93.72,4.1,14.99
2015-09-21,55.35,27.78,30.06,26.21,91.71,3.75,6.07
2015-09-22,29.44,27.94,30.11,26.34,92.32,2.66,12.79
2015-09-23,37.27,28.1,30.43,26.67,90.97,2.77,7.87
2015-09-24,13.23,27.59,30.16,25.85,91.07,1.97,6.03
2015-09-25,0.26,27.89,30.97,25.23,87.34,1.35,21.04
2015-09-26,0.0,28.16,31.66,24.59,80.41,1.05,21.23
2015-09-27,0.0,27.73,31.52,24.71,75.4,0.8,21.98
2015-09-28,0.0,27.46,31.29,24.18,78.74,1.09,22.47
2015-09-29,0.0,28.12,31.96,24.19,83.77,1.22,22.79
2015-09-30,0.78,28.7,31.29,25.6,80.45,1.03,22.4
2015-10-01,2.16,28.84,32.12,25.68,82.56,0.92,16.12
2015-10-02,3.04,28.11,30.33,26.5,90.93,1.41,15.81
2015-10-03,4.55,27.52,30.07,25.72,89.34,1.1,18.49
2015-10-04,2.93,27.99,30.93,25.46,85.41,0.79,19.51
2015-10-05,11.65,28.5,32.16,26.12,82.41,0.62,17.19
2015-10-06,5.8,28.62,30.88,26.4,82.36,0.71,16.48
2015-10-07,44.23,26.92,28.43,25.36,91.52,1.38,16.35
2015-10-08,63.22,26.39,27.94,24.82,95.22,2.8,1.4
2015-10-09,21.59,27.14,30.07,24.95,91.41,3.3,17.34
2015-10-10,9.98,27.67,30.97,25.29,87.74,1.48,11.21
2015-10-11,7.95,27.32,30.37,24.51,85.6,1.22,14.01
2015-10-12,11.03,26.15,29.45,23.55,87.22,1.48,15.25
2015-10-13,15.31,25.54,27.7,23.94,88.03,1.3,9.13
2015-10-14,7.77,25.61,28.42,23.42,87.71,1.56,10.18
2015-10-15,1.0,26.2,29.34,23.79,85.08,1.23,16.04
2015-10-16,0.09,26.54,30.21,23.55,81.21,0.81,20.0
2015-10-17,0.0,26.68,30.43,23.45,81.18,0.88,20.67
2015-10-18,0.0,26.34,30.22,22.92,82.08,1.19,20.27
2015-10-19,0.0,26.29,30.25,22.5,82.51,1.06,20.5
2015-10-20,0.0,26.26,30.36,22.27,81.1,1.1,20.44
2015-10-21,0.0,26.17,29.93,22.6,77.67,0.96,20.63
2015-10-22,0.0,26.41,30.02,22.61,75.21,0.7,20.42
2015-10-23,0.29,26.33,30.09,22.38,77.74,0.6,19.41
2015-10-24,0.0,25.45,29.75,21.5,81.36,1.02,19.88
2015-10-25,0.0,24.66,28.94,20.88,82.43,1.27,20.31
2015-10-26,0.0,24.35,29.34,20.2,79.99,1.18,20.53
2015-10-27,0.0,24.09,28.7,19.69,79.61,1.18,20.39
2015-10-28,0.0,24.07,27.94,19.6,75.73,1.02,19.88
2015-10-29,0.0,24.88,28.74,22.01,76.38,0.7,15.09
2015-10-30,0.67,25.25,28.45,21.96,82.95,0.94,4.77
2015-10-31,2.44,23.8,25.87,22.02,89.4,1.47,4.69
2015-11-01,2.47,23.09,26.05,20.57,89.7,1.49,4.32
2015-11-02,2.67,24.19,27.94,21.8,88.3,1.27,16.09
2015-11-03,0.01,25.05,28.98,21.86,81.97,0.72,19.07
2015-11-04,0.0,25.62,29.07,22.32,75.8,0.59,19.38
2015-11-05,0.0,25.35,28.98,21.39,74.19,0.82,19.11
2015-11-06,0.0,24.67,29.19,19.94,76.6,1.05,19.23
2015-11-07,0.0,23.62,28.74,19.89,81.59,1.42,19.21
2015-11-08,0.0,22.47,28.11,18.03,81.06,1.89,19.11
2015-11-09,0.0,22.38,27.54,17.6,77.33,1.31,18.05
2015-11-10,0.02,23.15,27.99,18.53,79.45,1.03,14.95
2015-11-11,0.02,23.9,28.05,20.08,76.7,0.74,16.88
2015-11-12,0.0,23.17,27.75,18.91,78.71,1.2,17.68
2015-11-13,0.0,22.85,27.3,17.77,79.18,1.17,18.69
2015-11-14,0.0,23.27,27.28,19.13,77.14,0.85,17.59
2015-11-15,0.14,23.8,27.74,18.92,75.19,0.6,16.1
2015-11-16,0.0,23.51,27.6,18.69,75.64,0.82,15.96
2015-11-17,0.14,23.51,27.35,20.6,75.04,0.76,9.16
2015-11-18,0.71,23.35,26.84,20.61,78.55,0.64,6.94
2015-11-19,0.01,22.02,27.38,17.37,83.65,1.59,17.78
2015-11-20,0.0,22.57,28.29,16.77,83.34,1.19,18.81
2015-11-21,0.0,23.19,28.45,18.51,83.66,1.19,18.83
2015-11-22,0.0,22.84,27.91,18.05,83.36,1.0,18.51
2015-11-23,0.0,22.42,27.48,18.08,81.78,1.28,18.51
2015-11-24,0.0,21.71,26.46,16.94,72.35,1.11,18.29
2015-11-25,0.0,22.16,26.68,17.03,68.49,0.38,17.7
2015-11-26,0.0,21.54,26.37,15.8,72.84,0.77,17.19
2015-11-27,0.0,21.57,26.02,16.2,69.09,0.78,16.84
2015-11-28,0.0,21.39,26.54,16.35,74.34,1.12,16.29
2015-11-29,0.0,21.6,26.85,15.73,79.86,1.08,15.82
2015-11-30,0.0,22.28,26.57,18.27,82.43,0.94,16.1
2015-12-01,0.0,22.97,26.83,19.31,82.42,0.92,12.32
2015-12-02,0.0,22.83,25.84,19.76,80.89,0.74,6.1
2015-12-03,0.0,22.24,25.92,19.47,85.77,1.16,4.54
2015-12-04,0.0,23.02,26.28,20.28,82.7,0.84,13.94
2015-12-05,0.0,21.57,26.22,17.47,78.39,1.12,15.12
2015-12-06,0.0,21.15,25.94,16.04,75.05,1.02,14.69
2015-12-07,0.0,21.64,25.45,17.1,75.68,0.64,12.11
2015-12-08,0.0,21.25,25.25,16.81,79.87,0.75,12.4
2015-12-09,0.0,21.28,25.24,17.5,78.69,0.91,12.77
2015-12-10,0.0,20.9,25.47,16.1,76.55,0.98,15.45
2015-12-11,0.0,21.55,25.64,17.13,71.98,0.91,13.86
2015-12-12,0.0,20.94,26.16,16.2,85.23,1.28,13.83
2015-12-13,0.14,22.55,26.79,18.56,85.92,1.01,12.49
2015-12-14,0.01,21.66,25.83,17.47,80.83,1.01,10.23
2015-12-15,0.34,19.41,23.9,15.41,80.55,1.02,6.61
2015-12-16,0.0,17.28,23.19,12.12,71.47,1.61,13.42
2015-12-17,0.0,16.88,22.72,11.58,63.36,1.18,15.86
2015-12-18,0.57,15.79,19.28,12.74,78.98,0.91,3.49
2015-12-19,0.0,15.92,21.43,10.88,80.27,1.54,13.98
2015-12-20,0.0,16.78,22.37,11.42,66.71,1.01,15.57
2015-12-21,0.0,16.27,22.18,10.88,65.94,1.14,15.82
2015-12-22,0.0,16.43,22.3,10.16,70.56,1.19,14.67
2015-12-23,0.0,16.79,23.19,11.06,71.97,1.41,15.32
2015-12-24,0.0,16.15,22.28,10.64,72.83,1.46,14.09
2015-12-25,0.0,15.79,21.85,10.75,78.98,1.87,8.33
2015-12-26,0.0,15.32,22.3,9.26,75.63,1.7,15.18
2015-12-27,0.0,15.87,22.33,9.42,69.44,1.36,16.4
2015-12-28,0.0,17.5,23.32,11.82,71.89,0.96,15.68
2015-12-29,0.0,18.11,23.67,12.08,67.93,0.92,14.61
2015-12-30,0.0,18.68,24.03,13.08,67.67,0.8,14.58
2015-12-31,0.0,19.18,24.28,14.47,71.99,0.67,12.95
2016-01-01,0.0,19.25,24.85,14.07,74.78,0.92,16.51
2016-01-02,0.0,19.19,24.99,14.6,71.26,1.04,17.17
2016-01-03,0.0,18.77,23.78,14.29,68.88,0.88,16.06
2016-01-04,0.0,18.27,23.89,12.78,73.5,1.03,15.79
2016-01-05,0.0,18.13,23.66,12.66,71.2,1.0,16.69
2016-01-06,0.0,18.26,23.54,13.09,68.14,1.1,16.17
2016-01-07,0.0,18.54,24.85,12.67,71.88,1.13,15.91
2016-01-08,0.0,18.78,24.34,13.84,67.79,0.99,15.96
2016-01-09,0.01,19.05,24.76,15.27,83.59,1.35,13.22
2016-01-10,0.01,20.11,25.28,14.99,77.49,0.82,13.6
2016-01-11,0.0,18.37,23.91,14.33,71.25,1.11,14.48
2016-01-12,0.0,17.22,22.74,11.35,61.82,1.17,15.64
2016-01-13,0.0,18.14,22.93,12.67,60.67,0.86,15.5
2016-01-14,0.0,18.58,23.47,13.69,64.17,1.0,13.72
2016-01-15,0.0,18.3,23.59,12.47,64.38,1.22,16.29
2016-01-16,0.0,19.63,24.7,13.93,63.51,0.9,15.45
2016-01-17,0.0,19.2,24.45,14.62,65.63,0.99,15.06
2016-01-18,0.0,18.23,23.71,12.17,59.72,1.01,15.98
2016-01-19,0.0,19.21,24.97,13.75,58.96,0.82,15.27
2016-01-20,0.02,19.38,25.59,14.18,67.72,0.84,14.36
2016-01-21,1.22,16.85,20.6,13.69,89.16,1.94,4.92
2016-01-22,0.07,16.0,22.1,10.75,76.85,1.81,15.57
2016-01-23,0.0,15.27,22.4,10.15,73.25,1.64,14.13
2016-01-24,0.0,14.27,21.59,8.15,66.0,1.69,18.11
2016-01-25,0.0,14.93,22.27,7.71,61.51,1.24,19.2
2016-01-26,0.0,15.93,21.92,8.3,55.72,1.09,18.57
2016-01-27,0.0,16.17,22.38,9.1,63.68,1.06,17.43
2016-01-28,0.0,17.41,23.98,11.02,77.71,1.25,10.96
2016-01-29,0.0,19.72,25.67,15.33,74.7,1.09,15.7
2016-01-30,0.0,18.55,24.28,13.53,62.23,1.07,13.7
2016-01-31,0.01,19.18,25.41,13.58,76.65,1.29,12.84
2016-02-01,0.13,20.38,25.92,15.64,81.95,1.05,15.36
2016-02-02,0.0,21.71,26.9,16.0,73.51,1.09,13.44
2016-02-03,0.0,21.44,26.43,16.91,63.9,0.78,15.78
2016-02-04,0.0,18.73,25.53,13.27,68.45,1.55,18.35
2016-02-05,0.0,17.83,24.88,11.97,62.36,1.57,19.16
2016-02-06,0.0,18.53,26.01,11.28,58.6,1.36,19.88
2016-02-07,0.0,19.45,26.95,13.01,55.46,1.02,19.89
2016-02-08,0.0,19.02,25.98,13.03,80.42,1.59,18.58
2016-02-09,0.32,20.51,26.18,15.98,86.46,1.75,10.37
2016-02-10,0.09,21.21,26.56,17.39,81.61,1.38,13.18
2016-02-11,0.05,21.36,27.39,16.97,79.81,1.55,17.02
2016-02-12,7.54,22.28,27.7,17.93,87.65,2.11,12.55
2016-02-13,0.67,23.08,28.59,18.79,77.14,0.94,17.85
2016-02-14,0.0,22.99,28.77,18.33,77.24,1.03,17.31
2016-02-15,0.0,24.26,29.99,18.83,70.74,1.0,18.33
2016-02-16,0.0,24.82,30.73,18.77,56.49,0.98,18.96
2016-02-17,0.0,25.27,30.96,19.61,53.05,0.96,18.21
2016-02-18,0.0,24.86,31.2,19.7,61.51,1.12,18.41
2016-02-19,0.0,24.7,31.47,19.03,77.69,1.84,18.8
2016-02-20,0.0,25.1,30.93,20.08,80.19,2.37,18.26
2016-02-21,0.0,25.59,31.45,21.29,82.19,2.82,17.25
2016-02-22,0.05,25.92,30.65,22.49,84.19,2.39,15.42
2016-02-23,0.94,25.31,30.21,21.46,81.59,2.1,18.02
2016-02-24,14.56,24.71,29.1,21.34,82.89,1.95,8.48
2016-02-25,20.71,23.74,27.7,20.98,80.46,1.14,12.29
2016-02-26,0.02,23.8,29.88,18.02,71.51,1.33,18.39
2016-02-27,0.71,23.97,27.77,20.36,73.23,0.8,17.89
2016-02-28,0.0,25.37,30.63,20.23,62.52,0.93,19.58
2016-02-29,0.0,25.56,31.04,20.93,56.67,0.9,20.61
2016-03-01,0.0,25.07,31.17,20.07,65.9,1.02,19.74
2016-03-02,0.0,25.52,31.78,20.24,65.7,1.16,19.55
2016-03-03,0.0,25.57,32.15,20.63,64.8,1.14,19.53
2016-03-04,0.05,25.2,32.43,19.56,69.64,1.47,20.99
2016-03-05,0.01,26.27,33.25,20.81,68.14,1.1,21.13
2016-03-06,0.0,26.95,34.12,21.97,67.06,1.09,20.75
2016-03-07,1.49,26.8,32.91,21.52,63.59,1.2,20.52
2016-03-08,0.0,26.87,33.29,21.03,59.24,1.34,20.88
2016-03-09,0.0,27.26,34.25,21.08,69.04,1.78,20.01
2016-03-10,0.01,27.71,34.09,22.5,68.84,1.42,17.37
2016-03-11,0.0,27.67,33.95,22.85,68.36,1.32,18.71
2016-03-12,0.0,26.75,31.82,22.6,70.28,1.56,18.76
2016-03-13,0.0,28.31,35.91,21.97,62.23,1.59,20.58
2016-03-14,0.0,27.27,34.4,20.81,53.39,1.54,19.94
2016-03-15,0.0,27.19,33.86,20.89,48.68,1.45,21.85
2016-03-16,0.12,27.0,33.85,20.98,61.97,1.34,18.97
2016-03-17,0.04,27.68,33.87,21.41,56.9,1.32,23.11
2016-03-18,0.17,26.87,34.2,20.24,57.86,1.29,23.87
2016-03-19,5.26,27.06,33.39,22.44,73.92,1.85,16.92
2016-03-20,4.12,27.19,32.98,23.0,76.17,1.88,11.94
2016-03-21,15.21,27.58,33.33,23.31,78.45,2.31,19.84
2016-03-22,14.81,27.16,32.58,23.25,79.2,1.97,21.52
2016-03-23,0.6,27.37,33.1,22.64,77.17,2.09,20.07
2016-03-24,0.11,27.93,33.8,22.4,65.97,1.3,23.23
2016-03-25,0.0,27.97,35.57,21.03,54.93,1.47,23.93
2016-03-26,0.0,27.85,34.76,22.16,65.4,1.52,22.44
2016-03-27,0.0,27.51,33.61,22.64,74.64,2.83,21.97
2016-03-28,16.19,26.77,32.32,23.77,78.92,3.06,16.98
2016-03-29,21.12,26.39,30.83,23.16,82.5,2.2,19.05
2016-03-30,2.68,26.94,31.39,23.67,78.81,2.09,22.35
2016-03-31,14.74,24.93,28.26,22.21,89.5,1.85,17.21
2016-04-01,23.34,23.82,25.91,22.45,91.26,1.74,7.81
2016-04-02,1.81,25.54,29.97,21.46,84.56,1.49,17.95
2016-04-03,8.16,26.77,31.33,23.3,85.78,2.36,15.96
2016-04-04,8.37,26.91,30.7,24.27,84.8,3.08,10.64
2016-04-05,0.69,27.16,31.17,24.53,84.06,3.8,14.35
2016-04-06,0.59,27.82,32.47,24.84,83.36,3.96,19.83
2016-04-07,0.04,28.0,32.82,24.82,81.46,3.63,22.38
2016-04-08,0.0,28.19,33.52,24.46,79.63,2.7,16.17
2016-04-09,0.0,28.76,34.48,24.06,78.52,2.89,23.3
2016-04-10,0.0,29.54,35.47,25.57,78.18,3.28,22.01
2016-04-11,0.0,29.32,34.79,25.62,78.49,3.57,22.86
2016-04-12,0.0,29.73,34.99,25.98,78.22,4.05,18.41
2016-04-13,1.29,29.54,34.8,25.75,78.38,3.87,21.44
2016-04-14,7.53,29.13,33.88,25.87,79.05,4.06,22.37
2016-04-15,11.44,28.84,33.38,25.87,81.15,3.82,21.96
2016-04-16,4.79,29.13,33.33,26.51,80.62,4.84,22.1
2016-04-17,0.21,28.82,33.17,26.31,78.48,3.66,19.57
2016-04-18,0.13,28.85,33.14,25.91,76.76,3.72,20.31
2016-04-19,0.01,29.48,34.42,26.11,75.04,4.28,21.19
2016-04-20,0.02,28.93,33.75,25.96,74.15,4.13,23.71
2016-04-21,0.04,29.36,33.8,25.96,73.4,5.1,18.56
2016-04-22,0.15,29.67,33.69,27.07,74.18,5.28,16.73
2016-04-23,0.07,29.94,34.24,27.09,73.66,5.5,18.78
2016-04-24,0.22,30.41,35.16,26.97,73.62,4.63,22.94
2016-04-25,0.89,30.06,34.58,26.36,73.94,4.07,21.7
2016-04-26,0.21,29.83,34.64,25.85,74.5,3.21,24.82
2016-04-27,0.05,29.27,33.43,25.96,75.68,2.71,23.8
2016-04-28,0.16,29.36,34.05,25.78,75.38,2.81,23.63
2016-04-29,0.21,29.16,33.78,25.94,80.18,2.95,23.87
2016-04-30,0.11,29.58,34.23,25.44,76.88,2.95,23.62
2016-05-01,3.94,29.93,35.41,26.56,73.03,3.58,22.21
2016-05-02,16.21,28.44,33.13,25.16,80.37,2.53,19.75
2016-05-03,16.44,27.82,32.19,24.45,82.05,1.62,19.37
2016-05-04,6.45,27.68,31.39,25.17,84.1,1.68,17.14
2016-05-05,1.68,28.99,34.03,24.8,73.02,1.36,21.96
2016-05-06,4.9,28.7,33.69,24.51,75.87,1.55,20.44
2016-05-07,2.08,28.25,32.83,24.79,75.3,1.06,24.19
2016-05-08,6.52,28.9,33.22,25.22,71.67,0.99,26.49
2016-05-09,2.76,28.38,31.55,25.56,78.32,1.06,24.0
2016-05-10,0.05,28.97,32.46,25.88,74.54,0.78,24.11
2016-05-11,0.0,30.65,35.72,26.55,67.68,1.02,24.47
2016-05-12,2.2,30.41,35.78,25.92,71.66,1.72,24.8
2016-05-13,19.61,28.06,30.97,26.03,86.0,2.42,9.3
2016-05-14,23.3,28.75,32.98,26.03,84.77,2.39,22.46
2016-05-15,9.55,28.67,32.72,25.41,84.77,2.48,22.91
2016-05-16,0.3,29.62,33.26,26.75,80.85,3.43,22.25
2016-05-17,1.74,29.46,33.25,27.02,82.26,3.41,14.35
2016-05-18,24.28,29.26,32.86,26.96,84.23,3.16,21.36
2016-05-19,44.91,27.38,29.37,26.0,88.45,2.86,5.95
2016-05-20,102.3,26.45,28.02,25.4,93.31,3.49,7.78
2016-05-21,115.52,26.9,28.8,25.05,94.68,4.4,3.56
2016-05-22,1.09,28.7,32.83,24.59,82.42,2.1,16.92
2016-05-23,0.66,29.05,32.14,26.91,87.94,2.09,20.03
2016-05-24,0.36,29.43,32.83,26.86,85.96,1.6,22.43
2016-05-25,3.08,29.56,33.59,26.79,83.36,2.33,22.16
2016-05-26,17.3,28.87,32.88,25.88,86.03,2.31,22.36
2016-05-27,10.59,28.73,32.71,25.64,83.95,2.03,21.22
2016-05-28,36.36,28.26,32.06,25.58,86.65,2.23,20.47
2016-05-29,18.48,28.81,32.34,26.03,86.6,2.01,20.74
2016-05-30,1.76,28.82,32.22,26.0,86.88,1.97,22.11
2016-05-31,6.35,28.35,30.9,26.27,88.83,2.29,14.91
2016-06-01,6.03,28.1,31.16,25.94,87.02,1.94,21.8
2016-06-02,1.61,28.62,32.53,25.31,85.87,1.81,24.31
2016-06-03,2.28,28.88,32.88,25.3,84.9,1.7,25.18
2016-06-04,2.72,28.14,31.54,26.01,84.93,1.85,24.87
2016-06-05,5.74,28.02,30.42,26.32,90.07,2.13,22.04
2016-06-06,21.11,28.18,31.12,26.42,86.43,3.2,19.68
2016-06-07,21.33,27.52,29.23,26.39,93.02,3.61,18.52
2016-06-08,23.29,27.77,29.61,26.15,91.76,3.42,15.62
2016-06-09,2.97,27.34,28.98,25.76,92.47,3.81,5.95
2016-06-10,8.43,27.93,30.11,25.31,92.45,2.45,13.43
2016-06-11,19.21,28.75,30.74,27.24,93.5,2.42,8.43
2016-06-12,21.68,28.34,29.99,26.93,93.47,3.42,7.24
2016-06-13,7.08,27.49,29.45,25.63,94.65,3.39,2.93
2016-06-14,3.65,28.49,31.18,26.84,90.68,2.51,17.85
2016-06-15,3.47,27.96,30.17,26.59,91.36,2.84,15.41
2016-06-16,3.62,28.42,31.27,26.35,87.37,2.86,21.45
2016-06-17,21.28,28.11,30.96,26.03,87.9,3.1,21.89
2016-06-18,3.28,28.38,31.25,26.34,88.12,3.6,20.59
2016-06-19,2.92,28.15,30.49,26.2,87.92,2.77,20.55
2016-06-20,21.74,28.28,31.63,25.73,88.26,2.28,18.06
2016-06-21,11.53,28.57,31.6,26.35,88.61,2.28,17.76
2016-06-22,12.11,28.03,30.5,26.32,90.62,1.75,21.2
2016-06-23,9.5,28.64,31.71,26.51,88.5,1.47,14.78
2016-06-24,9.16,28.58,31.6,26.42,88.13,1.77,21.85
2016-06-25,3.83,29.14,32.61,26.21,84.47,1.48,23.37
2016-06-26,3.77,29.25,33.19,26.63,86.22,1.74,24.61
2016-06-27,4.83,29.11,32.74,26.72,87.19,2.41,23.18
2016-06-28,4.56,29.28,32.53,26.89,88.04,2.26,25.95
2016-06-29,9.7,29.25,32.7,26.87,88.52,1.9,23.65
2016-06-30,8.07,28.79,31.88,27.03,88.99,2.13,20.08
2016-07-01,18.87,28.62,30.85,26.85,90.33,3.54,21.82
2016-07-02,38.61,28.28,29.78,27.21,93.34,4.03,13.34
2016-07-03,121.61,28.29,30.31,27.27,91.68,4.73,9.49
2016-07-04,77.76,28.02,29.84,26.84,92.87,4.32,2.6
2016-07-05,60.53,27.84,29.16,26.81,94.2,3.67,11.13
2016-07-06,37.34,28.47,31.0,26.63,90.32,3.26,7.46
2016-07-07,10.44,28.63,31.52,26.48,90.15,2.66,24.14
2016-07-08,8.59,28.38,31.47,26.36,90.1,2.48,22.43
2016-07-09,10.65,27.98,30.35,26.24,91.37,3.74,16.99
2016-07-10,15.59,27.66,30.33,25.82,90.53,2.82,18.51
2016-07-11,4.91,28.15,30.87,26.42,90.37,3.29,20.79
2016-07-12,22.45,28.15,30.81,26.22,90.59,3.43,13.75
2016-07-13,57.55,28.32,30.91,26.1,91.06,2.69,14.45
2016-07-14,31.2,28.3,31.12,26.45,90.22,2.49,18.98
2016-07-15,41.1,27.99,30.49,26.62,92.06,3.91,16.09
2016-07-16,65.8,27.08,28.55,25.7,92.96,3.98,9.12
2016-07-17,71.7,27.81,30.17,26.14,91.53,3.59,7.11
2016-07-18,50.73,27.51,29.86,26.03,91.54,3.21,10.71
2016-07-19,60.25,27.85,30.16,25.91,91.27,3.17,17.43
2016-07-20,21.2,28.37,31.26,26.63,90.94,2.63,15.43
2016-07-21,7.9,28.25,31.16,26.17,89.73,2.72,13.86
2016-07-22,14.58,27.2,29.37,26.11,91.9,2.92,19.4
2016-07-23,14.64,27.49,30.02,25.77,91.02,2.86,20.67
2016-07-24,27.09,27.17,28.72,25.72,92.44,2.63,17.97
2016-07-25,45.09,26.71,28.6,25.29,93.12,3.16,8.52
2016-07-26,15.58,27.13,30.32,25.01,89.38,2.41,22.77
2016-07-27,0.82,28.31,31.72,24.84,83.09,1.2,20.48
2016-07-28,4.2,28.05,30.45,26.04,88.28,1.52,22.47
2016-07-29,8.91,28.43,31.02,26.13,87.14,1.15,18.08
2016-07-30,25.88,28.07,30.82,26.07,89.0,1.36,23.92
2016-07-31,19.83,27.34,29.93,25.5,89.95,1.18,22.39
2016-08-01,34.67,27.7,30.82,25.7,88.7,2.22,21.58
2016-08-02,9.52,27.58,30.09,25.81,91.0,2.62,20.98
2016-08-03,5.04,28.05,31.48,25.57,90.88,2.77,23.9
2016-08-04,2.67,28.13,31.0,26.08,90.73,3.17,24.05
2016-08-05,10.97,27.71,29.9,26.26,91.59,3.56,21.93
2016-08-06,56.22,27.46,30.15,25.7,92.03,3.71,19.12
2016-08-07,15.5,27.7,30.42,26.06,90.98,3.23,15.96
2016-08-08,7.4,27.58,30.17,25.61,92.31,3.1,18.33
2016-08-09,30.7,27.26,29.15,25.98,92.32,3.7,5.14
2016-08-10,61.19,26.94,27.88,26.13,95.15,5.18,2.45
2016-08-11,28.95,28.1,30.95,26.52,92.15,3.01,8.64
2016-08-12,27.28,28.06,31.13,25.98,90.51,2.75,15.87
2016-08-13,16.31,28.32,31.13,26.46,90.89,2.26,19.14
2016-08-14,22.83,28.31,31.06,26.49,89.62,1.78,18.24
2016-08-15,8.59,28.73,31.72,26.35,89.67,1.85,23.29
2016-08-16,11.42,28.68,31.94,26.39,88.84,1.99,22.1
2016-08-17,15.24,27.43,29.18,25.4,93.33,5.09,11.32
2016-08-18,6.01,28.12,30.84,26.23,90.18,3.08,22.04
2016-08-19,3.2,28.25,31.37,25.94,89.01,1.94,21.47
2016-08-20,4.53,29.04,32.38,26.0,87.36,1.49,10.92
2016-08-21,121.79,26.99,28.52,25.38,94.55,5.26,3.88
2016-08-22,5.85,27.53,30.78,25.28,87.3,2.78,23.33
2016-08-23,0.17,28.0,31.71,24.6,84.4,1.14,22.44
2016-08-24,3.25,28.18,31.33,25.68,88.37,1.44,17.49
2016-08-25,12.37,29.01,32.42,26.07,85.94,0.87,22.54
2016-08-26,20.85,29.04,32.33,26.35,85.86,0.83,16.57
2016-08-27,24.23,29.24,32.77,26.09,84.53,0.89,18.39
2016-08-28,87.4,27.23,28.21,26.25,93.34,1.68,17.6
2016-08-29,47.49,28.61,31.97,25.6,85.79,1.25,18.24
2016-08-30,3.55,28.14,30.47,26.45,90.51,2.07,18.84
2016-08-31,26.36,28.0,30.56,26.54,90.66,2.74,16.77
2016-09-01,72.13,27.99,30.33,26.34,92.81,2.5,8.69
2016-09-02,49.02,27.92,29.89,26.2,93.12,2.27,8.86
2016-09-03,33.75,28.25,30.81,26.59,92.62,2.34,18.33
2016-09-04,54.67,27.81,29.99,26.49,92.47,2.34,18.46
2016-09-05,4.96,27.52,30.72,25.85,92.78,3.52,16.96
2016-09-06,18.64,27.05,29.24,25.73,92.73,4.2,15.07
2016-09-07,8.71,27.78,30.89,25.6,90.17,2.46,16.62
2016-09-08,6.85,27.75,30.17,26.08,90.53,2.24,20.15
2016-09-09,3.77,27.85,30.85,25.92,89.28,2.08,17.65
2016-09-10,6.37,28.04,31.04,25.82,87.69,1.73,18.64
2016-09-11,15.31,27.39,29.84,25.76,90.2,1.43,14.32
2016-09-12,21.56,27.74,30.47,25.54,88.79,1.46,11.93
2016-09-13,15.41,26.42,28.1,24.52,90.32,1.66,18.22
2016-09-14,47.39,27.85,30.52,25.54,86.8,1.28,20.8
2016-09-15,0.65,28.17,31.49,25.43,85.75,1.01,22.1
2016-09-16,2.2,28.25,31.97,24.96,86.11,1.15,16.56
2016-09-17,3.27,28.12,31.05,25.67,87.65,1.3,15.89
2016-09-18,3.25,28.26,31.36,26.21,87.87,1.16,19.16
2016-09-19,3.24,28.16,30.95,25.94,87.97,1.02,19.11
2016-09-20,19.14,28.42,30.94,26.37,85.78,0.77,14.67
2016-09-21,18.66,28.14,30.78,26.24,87.38,0.97,20.26
2016-09-22,2.94,27.62,30.26,24.75,84.59,0.89,20.39
2016-09-23,2.92,27.95,31.35,25.04,86.45,1.43,21.52
2016-09-24,10.21,27.74,30.31,26.09,90.69,1.7,20.56
2016-09-25,13.2,28.18,31.0,26.08,88.24,1.31,20.79
2016-09-26,8.76,27.8,30.13,25.85,86.26,0.92,18.84
2016-09-27,42.37,28.42,31.43,25.65,84.2,0.65,19.42
2016-09-28,54.21,27.73,30.09,25.85,90.4,1.45,16.68
2016-09-29,19.66,28.08,31.57,25.57,88.9,1.56,19.79
2016-09-30,2.41,28.49,31.97,25.58,86.24,1.01,20.8
2016-10-01,11.33,28.66,31.58,26.09,86.96,0.8,21.36
2016-10-02,18.57,28.6,31.01,26.49,85.83,0.74,19.22
2016-10-03,16.58,28.56,31.29,26.25,85.61,1.03,12.59
2016-10-04,12.86,29.12,32.5,25.89,83.33,0.77,16.04
2016-10-05,31.08,27.67,30.34,25.76,89.79,1.16,14.97
2016-10-06,22.26,27.88,31.11,25.9,87.89,1.17,18.12
2016-10-07,16.16,27.65,30.27,25.92,89.82,1.31,17.5
2016-10-08,15.35,27.4,29.94,25.61,91.42,1.53,14.11
2016-10-09,16.57,27.25,29.38,25.98,92.54,1.65,15.6
2016-10-10,28.31,26.98,29.32,25.61,92.78,2.6,5.69
2016-10-11,97.47,26.68,28.17,25.8,94.57,3.4,4.62
2016-10-12,55.03,26.84,28.8,25.62,93.4,3.72,4.37
2016-10-13,17.38,28.17,30.88,25.77,79.98,1.08,14.79
2016-10-14,9.86,27.64,30.68,25.04,81.84,0.65,10.66
2016-10-15,2.09,26.6,30.52,23.88,86.9,1.68,20.55
2016-10-16,0.0,26.76,31.39,22.75,86.89,1.64,20.42
2016-10-17,0.0,27.11,31.5,23.26,87.9,1.86,20.77
2016-10-18,0.0,27.2,31.47,23.44,87.37,1.78,19.92
2016-10-19,0.0,26.81,31.3,22.89,86.81,1.45,20.45
2016-10-20,0.0,26.48,31.08,22.51,85.34,1.42,21.23
2016-10-21,0.0,25.82,30.41,21.7,83.47,1.53,21.48
2016-10-22,0.0,25.26,29.88,21.02,82.67,1.5,21.63
2016-10-23,0.0,24.11,28.68,19.8,85.03,1.6,20.87
2016-10-24,0.0,24.62,29.33,20.06,86.62,1.5,18.87
2016-10-25,0.01,25.95,30.36,21.62,85.18,1.17,16.95
2016-10-26,0.15,26.51,30.51,23.37,84.31,0.86,14.39
2016-10-27,3.13,27.2,29.97,24.81,82.72,0.75,8.99
2016-10-28,3.64,26.14,29.45,23.64,87.12,1.05,13.18
2016-10-29,21.88,26.35,29.62,24.13,86.15,1.06,15.81
2016-10-30,2.63,26.14,29.63,23.87,86.3,1.01,13.31
2016-10-31,7.29,26.77,30.92,22.98,81.35,0.76,18.58
2016-11-01,0.49,26.74,30.52,22.99,84.21,1.02,19.4
2016-11-02,0.24,27.54,31.27,24.15,80.93,0.72,18.73
2016-11-03,1.32,27.64,31.29,25.18,80.48,0.63,16.95
2016-11-04,11.04,25.96,30.31,22.34,81.36,0.74,5.01
2016-11-05,124.06,23.08,24.64,21.59,93.71,2.39,2.97
2016-11-06,111.24,25.54,29.01,23.1,90.84,2.46,4.27
2016-11-07,42.25,24.19,27.16,21.98,91.07,2.12,10.39
2016-11-08,0.72,23.36,27.53,20.04,84.81,1.37,19.11
2016-11-09,0.0,22.93,27.49,18.48,82.56,1.24,18.24
2016-11-10,0.0,22.85,27.87,18.49,83.62,1.09,18.3
2016-11-11,0.0,22.65,27.21,18.28,78.58,1.0,18.3
2016-11-12,0.0,23.46,27.59,19.76,76.72,0.66,17.92
2016-11-13,0.0,22.93,27.38,18.82,81.99,1.29,18.3
2016-11-14,0.0,22.57,27.68,18.51,86.89,1.66,18.72
2016-11-15,0.0,21.35,26.9,16.76,83.97,1.56,18.43
2016-11-16,0.0,21.37,27.46,16.05,85.5,1.57,18.35
2016-11-17,0.0,21.07,27.09,15.99,86.62,1.76,18.69
2016-11-18,0.0,20.8,26.87,15.67,86.25,1.72,18.98
2016-11-19,0.0,20.85,26.74,15.69,85.69,1.43,19.02
2016-11-20,0.0,21.07,26.79,16.26,82.2,1.21,18.81
2016-11-21,0.0,21.01,26.18,16.45,80.56,1.2,18.25
2016-11-22,0.0,21.38,25.94,16.81,79.04,1.22,17.8
2016-11-23,0.0,21.55,26.02,16.67,77.63,0.86,17.89
2016-11-24,0.0,21.32,25.88,16.69,76.92,0.94,17.94
2016-11-25,0.0,21.51,25.72,17.59,76.27,0.97,17.87
2016-11-26,0.0,21.83,26.32,16.81,76.03,0.77,17.18
2016-11-27,0.43,21.94,26.42,16.97,75.68,0.68,15.8
2016-11-28,0.65,22.18,26.71,18.14,73.83,0.57,14.94
2016-11-29,0.7,21.95,26.53,18.08,81.17,0.92,15.51
2016-11-30,0.0,22.52,26.86,17.87,82.0,0.91,16.59
2016-12-01,0.0,22.99,27.09,18.17,77.6,0.67,14.65
2016-12-02,0.0,22.38,27.21,17.36,78.7,0.9,15.93
2016-12-03,0.0,20.93,26.22,16.71,87.72,1.4,17.02
2016-12-04,0.0,20.94,27.03,15.88,85.99,1.46,17.56
2016-12-05,0.0,20.59,26.59,15.38,87.91,1.56,17.52
2016-12-06,0.0,21.2,27.19,15.92,86.29,1.34,17.69
2016-12-07,0.0,21.59,27.34,16.93,78.1,0.83,17.62
2016-12-08,0.0,20.61,26.74,16.36,83.46,1.29,17.65
2016-12-09,0.0,20.15,26.37,14.83,86.91,1.54,16.82
2016-12-10,0.0,19.51,25.85,14.25,86.26,1.68,16.89
2016-12-11,0.0,19.32,25.32,14.75,85.34,1.54,16.82
2016-12-12,0.0,18.98,25.03,14.51,86.41,1.48,16.58
2016-12-13,0.0,17.61,23.97,12.51,83.88,1.67,17.08
2016-12-14,0.0,17.07,23.8,11.6,84.15,1.59,16.06
2016-12-15,0.03,17.56,23.93,12.25,87.54,1.67,15.79
2016-12-16,0.0,18.13,24.2,12.6,87.74,1.5,16.14
2016-12-17,0.0,19.35,24.67,14.79,85.37,1.08,15.74
2016-12-18,0.0,19.84,24.74,16.27,81.78,0.9,14.98
2016-12-19,0.0,19.17,23.96,14.92,85.57,1.15,14.39
2016-12-20,0.0,19.26,23.76,15.54,84.82,1.27,13.99
2016-12-21,0.0,17.7,23.2,13.72,82.25,1.34,13.57
2016-12-22,0.0,18.37,24.65,13.28,81.01,1.15,14.09
2016-12-23,0.0,19.86,24.99,15.71,81.24,0.81,14.5
2016-12-24,0.0,21.19,25.81,16.93,78.35,0.54,14.67
2016-12-25,0.0,21.76,26.34,18.12,78.66,0.57,14.72
2016-12-26,0.06,21.4,26.22,17.93,78.12,0.69,15.36
2016-12-27,0.04,20.13,25.13,16.71,84.52,1.27,14.42
2016-12-28,0.0,18.53,24.36,13.82,87.23,1.54,16.12
2016-12-29,0.0,18.96,24.98,13.12,84.33,1.27,16.81
2016-12-30,0.0,19.35,24.57,15.14,82.7,1.0,15.92
2016-12-31,0.0,19.26,24.37,14.51,81.55,1.02,15.56
2017-01-01,0.0,19.32,24.69,14.62,78.12,1.07,16.75
2017-01-02,0.0,19.32,25.2,14.87,75.68,1.08,16.9
2017-01-03,0.0,18.83,25.28,13.27,78.43,1.34,16.99
2017-01-04,0.0,18.57,24.66,13.94,84.9,1.57,16.51
2017-01-05,0.0,17.8,24.44,12.45,83.04,1.65,17.01
2017-01-06,0.0,16.98,23.81,11.51,79.24,1.65,16.47
2017-01-07,0.0,16.71,23.93,10.88,79.06,1.47,17.1
2017-01-08,0.0,17.11,24.25,10.45,77.62,1.67,18.01
2017-01-09,0.0,17.79,24.63,11.58,75.63,1.49,17.29
2017-01-10,0.0,17.95,25.37,12.23,78.1,1.42,17.05
2017-01-11,0.0,17.09,23.35,12.0,83.8,1.91,15.98
2017-01-12,0.0,16.02,22.49,10.91,80.1,1.99,17.08
2017-01-13,0.0,14.48,21.62,9.11,75.54,2.27,16.94
2017-01-14,6.35,12.86,20.31,6.84,71.38,1.96,17.99
2017-01-15,0.0,13.69,21.7,6.78,74.98,1.73,17.76
2017-01-16,0.0,14.71,22.67,8.1,77.36,1.73,17.96
2017-01-17,0.0,15.26,22.91,8.49,71.98,1.61,18.18
2017-01-18,0.0,16.1,23.51,9.72,71.77,1.73,18.07
2017-01-19,0.0,16.58,24.8,9.8,77.72,1.77,18.64
2017-01-20,0.0,16.59,24.24,10.42,75.42,1.85,18.39
2017-01-21,0.0,16.4,23.82,9.9,73.38,1.75,18.85
2017-01-22,0.0,16.64,24.63,10.22,75.08,1.62,19.15
2017-01-23,0.0,16.86,23.87,10.32,73.69,1.59,18.66
2017-01-24,0.0,17.9,24.73,12.14,71.05,1.55,18.89
2017-01-25,0.0,18.95,25.69,12.45,73.86,1.33,19.44
2017-01-26,0.0,19.59,26.22,13.35,74.13,0.85,19.6
2017-01-27,0.0,21.17,26.85,14.64,69.87,0.89,18.77
2017-01-28,0.0,21.14,26.17,16.69,73.52,1.03,17.95
2017-01-29,0.0,18.43,24.58,13.79,79.31,1.76,17.14
2017-01-30,0.0,18.23,24.5,11.79,72.66,1.31,18.26
2017-01-31,0.0,19.29,24.65,14.36,65.09,0.92,18.3
2017-02-01,0.0,18.69,25.46,12.41,69.2,1.2,18.48
2017-02-02,0.0,17.32,24.73,11.31,72.79,1.85,19.49
2017-02-03,0.0,17.19,23.76,11.35,71.31,1.6,19.21
2017-02-04,0.0,18.65,26.38,11.02,71.74,1.19,20.05
2017-02-05,0.0,20.45,27.38,14.27,69.44,1.06,20.38
2017-02-06,0.0,20.71,27.6,14.73,75.74,1.05,20.55
2017-02-07,0.0,21.45,27.09,15.93,73.1,1.08,19.52
2017-02-08,0.0,20.56,26.32,15.92,64.88,1.31,20.08
2017-02-09,0.0,19.88,26.4,12.85,57.78,1.24,20.7
2017-02-10,0.0,21.13,27.03,13.27,56.08,0.95,20.15
2017-02-11,0.0,21.03,26.88,14.28,63.03,1.18,18.6
2017-02-12,0.0,21.43,27.56,15.77,63.94,1.29,18.88
2017-02-13,0.0,21.29,26.93,14.1,61.77,1.11,16.93
2017-02-14,0.0,21.89,28.25,15.87,65.13,1.49,19.05
2017-02-15,0.0,20.84,27.6,15.27,69.57,1.66,19.54
2017-02-16,0.0,21.71,27.65,16.5,61.88,1.11,20.47
2017-02-17,0.0,21.61,27.84,15.39,59.58,0.91,20.25
2017-02-18,0.0,21.92,28.44,15.93,63.06,0.96,20.17
2017-02-19,0.0,22.25,28.17,17.55,77.54,1.15,18.21
2017-02-20,0.0,22.47,27.79,17.79,85.3,2.13,15.02
2017-02-21,0.01,23.56,28.13,20.44,86.79,3.41,18.35
2017-02-22,0.07,23.81,28.59,20.68,84.48,3.14,18.61
2017-02-23,7.18,23.94,28.37,19.94,87.31,1.9,16.8
2017-02-24,0.19,23.41,28.33,17.86,62.03,1.11,20.82
2017-02-25,4.68,22.22,27.3,16.34,46.29,1.04,22.26
2017-02-26,0.0,21.55,27.46,15.37,51.09,1.05,22.46
2017-02-27,0.0,22.53,28.35,16.42,61.64,0.95,22.31
2017-02-28,0.0,23.09,28.67,16.71,51.28,1.0,22.36
2017-03-01,0.0,23.11,29.29,16.18,50.2,0.86,22.77
2017-03-02,0.0,22.81,30.25,17.01,71.93,1.45,22.53
2017-03-03,0.0,23.41,30.02,18.04,81.56,2.05,21.47
2017-03-04,0.01,23.07,29.18,18.34,81.16,1.62,20.25
2017-03-05,7.68,23.42,29.2,18.53,83.33,2.43,19.42
2017-03-06,76.34,23.57,27.92,20.27,87.89,1.6,14.62
2017-03-07,26.12,24.46,29.16,20.06,74.65,0.83,17.56
2017-03-08,29.34,24.6,29.06,21.01,70.6,0.98,9.67
2017-03-09,1.86,23.65,28.27,20.0,82.79,1.42,18.19
2017-03-10,15.08,24.42,28.91,19.89,87.13,2.03,17.45
2017-03-11,62.54,24.88,28.32,22.83,92.17,3.3,8.01
2017-03-12,25.04,23.8,26.17,22.09,79.74,1.79,10.56
2017-03-13,5.71,22.04,27.21,17.84,68.67,1.53,22.16
2017-03-14,0.0,21.01,27.35,14.28,54.93,1.56,25.21
2017-03-15,0.0,21.11,26.87,14.7,56.66,1.47,25.45
2017-03-16,0.0,21.61,27.36,14.99,54.03,1.32,25.1
2017-03-17,0.0,21.93,28.39,15.94,59.82,1.14,24.36
2017-03-18,7.95,22.81,28.64,17.05,86.11,1.79,14.6
2017-03-19,9.99,24.31,29.34,19.54,80.23,1.37,23.01
2017-03-20,8.44,22.66,25.76,19.59,82.33,0.94,8.63
2017-03-21,0.45,22.46,27.26,16.87,72.73,1.09,23.29
2017-03-22,0.0,23.61,28.67,17.84,70.21,1.1,24.18
2017-03-23,0.0,24.89,29.72,19.73,75.16,0.9,23.79
2017-03-24,0.18,25.12,30.42,20.94,84.46,1.83,23.47
2017-03-25,4.31,24.88,29.51,21.5,88.71,1.86,19.53
2017-03-26,0.06,25.32,30.48,21.38,83.28,1.07,22.5
2017-03-27,0.08,25.77,30.68,21.73,87.04,1.71,21.9
2017-03-28,0.28,25.68,29.93,22.1,88.0,2.4,19.11
2017-03-29,2.27,26.08,29.87,23.23,87.31,3.84,13.01
2017-03-30,2.21,26.77,30.47,24.55,85.28,4.45,19.31
2017-03-31,0.82,26.65,30.51,23.8,86.3,3.54,19.82
2017-04-01,0.13,26.19,30.36,22.96,86.93,3.33,21.99
2017-04-02,0.26,26.66,30.37,23.96,84.14,4.63,17.34
2017-04-03,7.43,26.07,28.3,24.86,89.41,4.42,15.84
2017-04-04,30.14,26.17,29.5,24.08,88.51,4.22,15.44
2017-04-05,52.83,25.88,28.91,23.86,88.71,2.97,16.15
2017-04-06,33.12,26.23,30.26,22.84,88.19,1.54,20.4
2017-04-07,14.74,27.01,31.14,23.32,88.79,1.8,21.37
2017-04-08,0.16,27.22,30.76,24.51,89.83,1.81,20.93
2017-04-09,0.01,27.38,31.72,23.84,86.8,1.72,19.1
2017-04-10,0.01,27.01,31.54,23.33,85.32,1.48,22.56
2017-04-11,0.0,27.4,32.17,23.48,82.26,1.19,23.84
2017-04-12,0.0,27.53,31.88,23.03,77.41,1.06,25.82
2017-04-13,0.0,27.51,33.08,22.95,73.92,0.89,25.86
2017-04-14,0.0,26.81,31.91,22.39,79.29,1.34,25.09
2017-04-15,0.3,26.3,31.14,21.98,85.35,2.42,22.28
2017-04-16,4.57,26.58,30.66,23.17,82.34,1.5,18.99
2017-04-17,0.11,26.33,31.33,20.96,78.42,1.97,25.0
2017-04-18,0.66,26.78,31.06,23.18,85.69,1.95,24.79
2017-04-19,44.52,27.11,30.19,24.13,87.9,3.56,19.17
2017-04-20,73.36,26.93,29.86,25.23,89.31,3.49,18.17
2017-04-21,112.96,26.45,28.26,24.84,92.09,3.19,4.79
2017-04-22,103.06,26.37,28.65,25.11,91.03,3.78,4.88
2017-04-23,51.6,26.85,29.52,25.24,90.76,3.58,13.1
2017-04-24,40.52,27.03,29.53,25.13,91.69,4.08,10.66
2017-04-25,21.6,27.68,30.26,26.06,91.65,4.55,18.92
2017-04-26,8.66,27.41,29.49,25.9,91.96,4.21,21.22
2017-04-27,6.92,26.78,29.23,24.99,92.18,2.65,23.39
2017-04-28,0.23,26.3,28.76,24.37,92.54,2.03,21.47
2017-04-29,0.69,26.86,30.42,23.93,91.97,2.17,25.14
2017-04-30,0.76,26.68,28.51,24.91,94.69,2.2,24.88
2017-05-01,4.02,26.89,29.33,24.95,91.7,1.65,24.84
2017-05-02,12.99,26.9,29.85,24.3,86.05,1.26,25.65
2017-05-03,5.15,27.94,31.58,24.37,82.53,1.22,25.0
2017-05-04,0.09,27.71,31.76,24.5,84.68,1.33,24.28
2017-05-05,0.03,27.22,31.21,23.8,89.31,2.34,21.5
2017-05-06,0.37,27.25,30.37,24.82,88.82,2.67,23.3
2017-05-07,0.65,26.67,29.11,24.12,89.89,2.07,23.91
2017-05-08,0.0,27.2,29.97,24.5,89.61,1.57,24.18
2017-05-09,4.29,26.74,28.99,24.4,89.05,1.15,21.69
2017-05-10,11.58,28.53,32.16,25.19,78.22,0.72,24.06
2017-05-11,4.03,28.34,32.05,24.99,84.14,1.33,24.16
2017-05-12,0.11,29.11,33.18,24.95,79.8,1.1,25.63
2017-05-13,1.61,28.6,32.5,25.08,84.87,1.4,23.27
2017-05-14,18.77,28.29,31.94,25.01,87.96,1.84,21.88
2017-05-15,31.89,28.33,31.51,25.99,89.9,2.57,15.43
2017-05-16,34.19,27.92,30.39,26.32,90.05,2.37,20.13
2017-05-17,36.83,28.51,31.73,25.79,86.83,1.44,15.88
2017-05-18,12.46,28.75,31.59,26.21,89.15,1.29,23.89
2017-05-19,25.08,28.71,30.73,27.01,92.87,1.92,21.66
2017-05-20,3.07,28.68,31.4,26.53,90.27,2.01,23.51
2017-05-21,1.79,28.67,31.09,26.47,91.74,2.0,22.88
2017-05-22,0.54,28.67,31.26,26.32,90.01,1.98,23.76
2017-05-23,0.18,29.19,32.05,26.52,88.89,1.76,23.81
2017-05-24,0.0,29.35,32.24,26.83,88.34,1.67,22.53
2017-05-25,0.0,29.22,31.55,26.84,88.94,1.52,24.44
2017-05-26,0.08,29.66,32.46,26.78,83.62,1.0,24.23
2017-05-27,6.12,29.03,31.88,26.51,86.35,1.11,25.13
2017-05-28,3.83,29.77,32.93,26.36,79.29,0.81,26.58
2017-05-29,22.66,27.69,29.67,25.77,87.3,1.37,11.72
2017-05-30,80.72,27.37,29.26,25.57,93.78,4.38,3.2
2017-05-31,51.0,28.47,30.02,27.32,93.97,3.11,14.17
2017-06-01,107.07,28.62,30.26,27.53,94.36,3.43,6.96
2017-06-02,110.72,28.28,29.7,27.09,93.42,3.65,12.65
2017-06-03,75.24,28.54,30.59,26.82,93.05,3.67,16.03
2017-06-04,63.46,28.42,29.89,27.45,94.79,3.17,9.76
2017-06-05,14.84,27.95,29.49,26.56,94.29,2.78,19.63
2017-06-06,9.34,28.12,30.18,26.31,93.04,1.61,22.95
2017-06-07,1.95,29.3,32.48,26.54,86.54,1.18,25.68
2017-06-08,11.73,29.32,32.62,27.01,87.4,1.39,23.19
2017-06-09,20.77,28.24,31.04,26.53,89.73,1.64,23.1
2017-06-10,5.42,28.49,30.92,26.5,90.54,1.81,24.81
2017-06-11,53.4,28.05,29.78,26.39,93.28,4.8,12.34
2017-06-12,129.61,27.53,28.25,26.08,94.3,6.36,4.0
2017-06-13,31.16,28.41,29.61,27.38,94.94,3.93,4.73
2017-06-14,6.15,28.31,30.22,27.11,92.56,2.35,17.66
2017-06-15,48.37,27.51,29.32,26.41,90.95,4.51,14.94
2017-06-16,33.79,27.5,29.99,25.26,93.48,3.46,11.01
2017-06-17,49.64,28.39,30.6,26.8,91.78,2.77,21.92
2017-06-18,41.75,28.08,29.91,26.59,94.42,3.28,6.23
2017-06-19,99.86,27.66,28.66,26.79,94.59,4.11,7.33
2017-06-20,39.59,27.26,28.4,26.19,94.6,2.95,13.24
2017-06-21,26.66,27.19,29.07,25.47,92.18,2.08,14.44
2017-06-22,19.45,27.83,30.0,26.06,92.18,2.16,18.7
2017-06-23,20.65,27.76,30.41,26.05,91.29,1.26,23.32
2017-06-24,2.33,28.13,31.15,26.03,90.41,2.6,23.5
2017-06-25,5.14,28.12,30.94,25.96,90.16,3.14,22.78
2017-06-26,6.93,28.06,31.1,26.13,90.82,2.99,23.03
2017-06-27,2.34,27.48,29.44,26.07,92.48,2.73,22.64
2017-06-28,6.03,27.85,30.13,26.36,92.53,2.97,20.47
2017-06-29,6.91,28.23,30.73,26.65,91.41,3.07,21.51
2017-06-30,12.68,28.07,29.79,26.69,92.7,3.65,16.51
2017-07-01,46.84,28.16,29.2,27.11,94.23,4.12,15.2
2017-07-02,52.01,28.48,31.03,26.76,90.67,4.02,13.21
2017-07-03,97.31,28.04,29.61,26.88,93.4,3.61,4.14
2017-07-04,68.02,27.7,28.68,26.89,95.54,3.44,7.02
2017-07-05,12.91,28.23,30.61,26.69,91.72,3.54,8.28
2017-07-06,4.85,28.13,30.67,26.26,90.02,3.01,16.43
2017-07-07,5.07,28.37,31.33,26.28,89.69,2.6,21.3
2017-07-08,1.1,27.92,30.46,26.2,91.43,3.42,15.84
2017-07-09,4.56,28.19,30.9,26.43,90.61,3.6,18.36
2017-07-10,21.25,27.78,30.09,26.59,91.77,3.33,9.15
2017-07-11,37.99,27.56,29.14,26.32,94.27,3.11,13.75
2017-07-12,11.82,27.64,30.17,26.05,89.99,3.15,20.16
2017-07-13,28.23,27.16,28.63,25.91,93.53,2.41,21.48
2017-07-14,24.51,27.71,30.13,26.15,91.13,2.54,22.19
2017-07-15,13.34,27.8,30.01,25.74,89.57,1.5,22.45
2017-07-16,11.21,27.85,30.45,26.19,91.26,1.43,26.11
2017-07-17,3.44,28.51,31.42,25.46,86.98,1.09,24.48
2017-07-18,11.82,28.14,30.52,26.43,91.25,1.96,19.31
2017-07-19,96.59,27.41,28.85,26.56,94.12,4.23,5.53
2017-07-20,239.6,27.45,28.9,26.37,94.05,3.36,2.92
2017-07-21,177.06,27.92,30.31,26.21,93.25,3.87,10.66
2017-07-22,5.75,28.01,30.25,26.51,91.87,2.61,18.63
2017-07-23,49.07,27.36,29.15,25.69,93.51,3.73,5.35
2017-07-24,222.96,27.13,28.36,26.28,94.37,4.82,2.01
2017-07-25,65.93,27.14,28.88,26.15,92.46,4.08,6.88
2017-07-26,91.09,27.48,30.07,25.67,91.21,2.47,14.75
2017-07-27,13.99,27.52,29.8,25.38,90.7,1.54,20.34
2017-07-28,6.97,28.52,31.68,25.74,89.08,1.38,22.43
2017-07-29,4.04,27.94,30.07,26.44,92.01,1.56,14.74
2017-07-30,18.5,27.74,30.76,25.7,88.99,1.78,17.35
2017-07-31,10.85,28.36,31.43,25.47,88.84,1.7,24.05
2017-08-01,8.32,28.43,30.55,26.61,90.37,2.05,16.41
2017-08-02,12.9,28.46,30.85,26.86,92.02,1.97,18.87
2017-08-03,24.17,28.88,31.41,26.69,90.74,1.62,22.68
2017-08-04,5.23,29.28,32.41,27.01,89.52,1.01,22.28
2017-08-05,8.66,28.5,31.02,26.9,90.51,2.62,20.73
2017-08-06,46.51,28.2,30.89,26.54,89.85,2.46,11.16
2017-08-07,50.29,27.92,30.63,26.0,90.15,3.04,14.33
2017-08-08,47.16,28.1,30.54,26.15,90.61,3.19,16.33
2017-08-09,40.5,28.13,30.56,26.44,91.6,3.03,15.7
2017-08-10,59.62,27.93,29.91,26.55,92.09,3.94,10.59
2017-08-11,146.6,28.0,29.58,26.68,94.03,3.66,4.4
2017-08-12,176.7,27.99,29.19,27.01,95.26,3.21,3.88
2017-08-13,68.75,27.51,29.59,26.17,93.53,2.34,11.19
2017-08-14,41.81,27.99,30.74,26.21,91.09,2.29,12.15
2017-08-15,73.4,28.34,31.38,26.24,91.0,2.31,10.58
2017-08-16,115.81,27.55,29.3,26.2,92.35,2.48,10.05
2017-08-17,49.69,27.67,30.71,25.61,90.3,2.42,21.63
2017-08-18,6.98,27.72,30.47,25.74,91.28,2.52,21.19
2017-08-19,4.57,27.91,31.26,25.76,89.8,2.35,23.29
2017-08-20,3.97,27.64,30.45,25.72,89.55,1.41,24.01
2017-08-21,4.51,28.53,31.47,25.9,84.48,1.07,23.35
2017-08-22,29.77,28.56,31.61,25.89,84.98,1.03,14.58
2017-08-23,23.68,28.47,32.11,25.66,87.72,1.56,22.08
2017-08-24,27.96,28.07,31.35,26.28,90.55,1.77,19.42
2017-08-25,37.89,27.95,30.73,26.18,90.59,1.98,19.1
2017-08-26,37.13,27.64,29.91,26.38,92.95,2.24,11.9
2017-08-27,9.11,27.72,30.56,25.48,89.52,2.49,23.44
2017-08-28,8.0,27.83,30.6,26.13,90.64,2.5,22.47
2017-08-29,6.07,27.91,30.98,26.17,90.71,2.25,22.07
2017-08-30,12.72,28.55,31.52,26.2,87.2,1.02,15.78
2017-08-31,50.96,27.62,29.54,26.1,91.74,1.73,14.38
2017-09-01,99.54,27.11,28.3,26.06,95.22,2.24,11.39
2017-09-02,56.5,27.52,29.74,26.02,91.82,2.55,12.45
2017-09-03,20.88,27.85,30.48,26.06,91.42,2.54,11.41
2017-09-04,15.18,28.06,30.62,26.1,89.71,1.25,18.74
2017-09-05,17.65,28.49,31.7,25.91,88.14,1.02,18.25
2017-09-06,12.86,28.41,31.22,26.02,89.39,0.97,16.98
2017-09-07,14.97,27.6,29.45,25.95,89.23,1.57,16.39
2017-09-08,12.5,27.76,30.33,25.65,89.51,1.73,10.81
2017-09-09,37.05,27.66,30.05,25.78,91.17,2.24,9.78
2017-09-10,41.35,26.75,27.73,25.76,93.83,2.22,8.89
2017-09-11,74.74,27.38,30.33,25.4,90.76,1.94,7.94
2017-09-12,69.57,27.39,30.47,25.05,90.59,1.69,13.27
2017-09-13,46.32,27.19,29.48,25.64,92.13,1.74,17.74
2017-09-14,42.77,27.87,30.89,25.49,88.67,1.39,17.18
2017-09-15,1.66,28.82,32.51,25.73,83.97,0.74,22.5
2017-09-16,34.83,28.6,31.08,26.1,89.12,1.19,22.42
2017-09-17,44.26,28.41,31.49,26.84,92.7,1.58,7.56
2017-09-18,26.81,27.81,30.22,26.01,89.72,1.42,19.23
2017-09-19,55.76,27.6,29.74,26.13,93.16,2.6,13.58
2017-09-20,38.56,28.2,30.18,26.93,94.41,2.75,11.64
2017-09-21,8.2,28.11,30.54,26.3,92.12,1.81,17.72
2017-09-22,2.88,28.31,31.11,26.08,88.94,1.24,21.14
2017-09-23,2.74,28.84,32.34,26.15,87.28,1.18,21.18
2017-09-24,6.56,28.8,32.09,25.88,86.62,1.19,19.77
2017-09-25,7.41,28.82,32.44,25.4,86.64,1.12,15.29
2017-09-26,24.19,28.88,31.94,26.27,89.06,1.14,13.48
2017-09-27,46.19,29.03,32.77,26.42,78.65,0.59,15.49
2017-09-28,18.75,27.56,30.22,25.88,90.27,1.74,17.33
2017-09-29,79.53,27.25,29.26,26.17,92.45,2.03,7.05
2017-09-30,64.81,27.81,30.13,26.31,91.13,1.99,14.61
2017-10-01,10.49,27.87,30.49,25.87,88.2,0.97,20.49
2017-10-02,9.17,27.71,31.08,25.1,87.91,1.04,20.81
2017-10-03,6.6,27.91,31.12,25.4,85.58,0.67,17.55
2017-10-04,1.43,28.28,31.69,25.39,85.53,0.69,21.28
2017-10-05,1.86,28.03,30.48,25.87,88.65,0.99,15.66
2017-10-06,1.82,27.99,31.01,26.11,87.88,1.0,16.41
2017-10-07,10.64,26.52,28.07,25.64,93.29,1.83,15.19
2017-10-08,27.8,26.26,28.08,25.1,92.84,2.53,10.98
2017-10-09,12.98,26.76,29.22,24.61,91.66,2.13,12.19
2017-10-10,1.74,27.74,31.4,24.66,85.33,1.11,20.82
2017-10-11,0.29,27.83,31.4,24.68,87.22,1.4,20.42
2017-10-12,0.94,27.52,30.25,25.25,91.0,1.62,9.92
2017-10-13,1.0,27.71,30.73,25.7,89.21,1.74,19.48
2017-10-14,0.04,27.85,31.22,25.17,86.75,1.27,20.6
2017-10-15,0.47,28.13,31.58,25.6,85.76,0.95,20.61
2017-10-16,0.2,27.34,31.25,24.26,85.06,1.64,19.61
2017-10-17,1.14,27.03,31.79,23.19,86.49,1.48,18.76
2017-10-18,10.16,26.77,29.1,25.3,91.19,1.28,13.3
2017-10-19,26.01,26.4,28.72,25.14,91.99,1.75,15.45
2017-10-20,78.72,26.36,27.49,25.57,94.83,3.54,2.75
2017-10-21,183.33,26.55,27.96,25.38,93.72,6.37,1.48
2017-10-22,9.57,25.55,28.5,22.91,88.46,2.33,13.08
2017-10-23,1.23,26.03,30.02,23.15,82.78,0.83,19.54
2017-10-24,0.01,25.92,30.13,21.98,80.99,0.91,18.36
2017-10-25,0.28,25.84,29.68,22.86,81.9,0.92,17.72
2017-10-26,0.3,24.24,29.52,20.19,85.52,1.39,19.56
2017-10-27,0.0,22.66,27.9,17.7,78.79,1.56,19.86
2017-10-28,0.07,22.74,28.03,17.89,81.04,1.54,19.58
2017-10-29,16.35,23.6,28.14,19.04,78.06,0.93,5.7
2017-10-30,27.45,22.71,24.99,20.74,90.11,1.28,6.37
2017-10-31,1.33,23.26,26.65,20.09,81.98,1.05,17.09
2017-11-01,0.7,23.04,27.37,19.27,83.73,1.17,14.1
2017-11-02,0.03,23.53,28.71,18.8,85.18,1.34,18.92
2017-11-03,0.0,23.92,29.0,19.41,85.95,1.54,19.61
2017-11-04,0.0,25.89,30.89,20.28,77.88,0.92,18.82
2017-11-05,0.0,25.88,30.42,22.57,81.2,1.02,17.23
2017-11-06,0.0,24.59,29.74,20.4,83.53,1.31,19.41
2017-11-07,0.0,23.8,29.14,19.17,84.25,1.37,19.7
2017-11-08,4.43,23.92,28.9,19.16,80.61,1.14,19.71
2017-11-09,0.0,23.86,28.83,19.11,70.84,0.82,19.48
2017-11-10,0.0,22.75,28.32,17.51,78.59,1.33,19.5
2017-11-11,0.0,22.99,28.78,17.59,83.29,1.4,18.93
2017-11-12,0.0,23.1,28.66,18.42,86.0,1.64,19.18
2017-11-13,0.0,22.65,28.23,18.17,86.77,1.4,18.55
2017-11-14,0.0,23.4,28.35,18.45,87.09,1.29,16.99
2017-11-15,3.99,23.67,27.06,21.33,91.9,1.62,7.04
2017-11-16,2.33,24.05,28.82,20.98,91.57,2.23,6.0
2017-11-17,1.15,24.9,29.36,21.9,87.36,1.32,6.63
2017-11-18,1.25,25.15,28.87,22.33,88.98,1.16,16.83
2017-11-19,0.06,24.8,28.95,21.49,88.25,1.5,16.7
2017-11-20,0.0,23.41,28.02,19.84,86.51,1.92,17.73
2017-11-21,0.0,22.25,27.49,18.57,87.92,1.71,16.18
2017-11-22,0.0,20.23,26.18,15.72,82.33,1.65,15.99
2017-11-23,0.0,19.16,25.39,13.86,79.97,1.6,15.96
2017-11-24,0.0,18.93,24.81,13.71,85.35,1.67,15.84
2017-11-25,0.0,19.23,25.71,13.97,79.44,1.52,17.09
2017-11-26,0.0,18.98,25.38,13.22,81.15,1.39,17.45
2017-11-27,0.0,19.54,25.11,14.7,84.52,1.31,17.44
2017-11-28,0.0,20.35,25.64,16.1,79.27,0.94,16.15
2017-11-29,0.0,19.65,25.15,14.72,79.4,1.37,16.89
2017-11-30,0.0,19.25,25.01,14.08,81.91,1.44,17.39
2017-12-01,0.0,19.65,25.62,14.23,78.58,1.08,18.02
2017-12-02,0.0,20.11,25.8,14.35,76.67,1.04,17.97
2017-12-03,0.0,19.0,24.44,14.21,78.02,1.35,18.04
2017-12-04,0.0,18.79,24.69,12.97,75.94,1.33,17.78
2017-12-05,0.0,19.76,25.29,13.76,73.48,0.94,17.48
2017-12-06,0.0,19.39,24.64,13.44,73.78,0.94,15.39
2017-12-07,0.0,19.9,25.13,13.95,74.82,0.98,16.04
2017-12-08,3.94,18.75,20.63,17.26,86.83,1.27,5.59
2017-12-09,47.54,21.18,25.47,18.15,94.63,1.22,4.19
2017-12-10,23.16,23.06,27.26,19.29,93.38,1.89,6.81
2017-12-11,67.07,23.74,26.99,20.03,94.32,2.51,3.68
2017-12-12,1.74,22.29,26.3,19.38,87.85,1.22,13.57
2017-12-13,0.0,21.52,26.19,17.89,85.96,1.2,16.35
2017-12-14,0.0,20.55,26.04,16.14,86.44,1.28,15.52
2017-12-15,0.0,19.32,24.85,15.24,82.97,1.44,16.27
2017-12-16,0.0,18.47,24.54,13.23,80.87,1.28,16.77
2017-12-17,0.0,18.37,24.36,13.27,83.48,1.24,16.69
2017-12-18,0.0,18.51,24.44,13.75,87.81,1.19,15.72
2017-12-19,0.0,18.84,24.55,13.87,86.32,1.05,13.56
2017-12-20,0.0,20.1,25.11,15.56,85.84,0.8,13.78
2017-12-21,0.0,20.28,25.32,16.91,86.77,0.9,15.6
2017-12-22,0.0,19.75,24.58,16.14,83.41,1.02,15.41
2017-12-23,0.0,19.27,24.71,14.74,85.08,1.41,16.62
2017-12-24,0.0,18.9,24.94,14.03,87.0,1.44,16.63
2017-12-25,0.0,18.8,24.2,13.89,86.92,1.31,17.17
2017-12-26,0.0,19.51,24.99,15.33,88.45,1.54,16.71
2017-12-27,0.0,18.85,24.75,14.09,89.17,1.88,16.77
2017-12-28,0.0,19.38,26.95,13.59,84.9,1.11,16.55
2017-12-29,0.0,19.22,25.48,14.44,86.41,1.14,16.89
2017-12-30,0.0,19.32,25.84,13.68,84.19,1.29,17.31
2017-12-31,0.0,19.27,25.78,14.09,82.89,1.26,15.68
2018-01-01,0.05,19.55,24.79,14.27,76.28,0.72,7.85
2018-01-02,4.05,18.24,21.39,15.77,90.59,1.93,9.16
2018-01-03,1.99,17.22,22.99,13.1,87.03,1.75,13.44
2018-01-04,1.08,14.71,21.16,9.6,83.37,1.72,16.25
2018-01-05,0.0,14.82,22.0,9.11,85.26,1.58,16.95
2018-01-06,0.0,14.52,21.5,9.5,83.43,1.68,16.81
2018-01-07,0.0,12.98,19.97,7.9,77.62,1.71,17.8
2018-01-08,0.0,11.95,19.0,6.27,76.51,1.67,17.59
2018-01-09,0.0,12.32,19.57,6.08,78.61,1.58,17.17
2018-01-10,0.0,12.85,19.6,6.7,80.18,1.56,17.35
2018-01-11,0.0,12.86,19.58,7.39,83.1,1.35,16.0
2018-01-12,0.0,13.94,20.54,8.09,84.63,1.22,13.48
2018-01-13,0.0,15.29,21.35,9.72,82.76,0.89,12.24
2018-01-14,0.0,15.33,21.45,10.41,87.34,1.25,10.95
2018-01-15,0.0,15.36,21.46,10.91,86.51,1.41,12.36
2018-01-16,0.0,15.75,22.09,10.4,85.38,1.59,15.03
2018-01-17,0.0,16.43,23.02,11.69,82.5,1.41,16.11
2018-01-18,0.0,16.66,23.61,11.08,84.3,1.39,16.65
2018-01-19,0.0,16.45,23.43,11.01,84.08,1.42,17.81
2018-01-20,0.0,15.49,22.46,9.82,77.01,1.35,18.33
2018-01-21,0.0,15.4,22.8,9.36,78.8,1.53,18.2
2018-01-22,0.0,15.94,23.17,9.62,80.18,1.32,17.34
2018-01-23,0.0,16.87,23.32,10.78,76.44,1.32,17.81
2018-01-24,0.0,17.0,23.25,11.78,76.66,1.16,17.46
2018-01-25,0.0,17.79,24.16,12.1,78.35,1.11,16.29
2018-01-26,0.0,16.79,23.29,10.96,75.93,1.63,17.48
2018-01-27,0.0,15.74,22.14,10.87,75.01,1.49,17.4
2018-01-28,0.0,14.17,20.77,8.36,76.27,1.85,18.76
2018-01-29,0.0,14.99,21.46,9.3,67.84,1.47,18.73
2018-01-30,0.0,16.24,22.32,9.42,65.53,1.14,18.19
2018-01-31,0.0,16.08,23.06,9.49,77.54,1.32,17.25
2018-02-01,0.0,17.98,23.78,11.86,81.7,1.33,16.43
2018-02-02,0.0,18.51,23.94,12.69,81.52,1.24,15.7
2018-02-03,0.0,19.06,24.59,13.52,83.04,1.32,16.67
2018-02-04,0.0,19.32,25.21,14.39,86.98,1.7,16.75
2018-02-05,0.0,20.2,25.74,14.89,82.74,1.09,16.43
2018-02-06,0.0,20.61,25.74,15.66,80.59,1.06,15.17
2018-02-07,0.0,20.48,25.84,15.86,83.02,1.33,15.58
2018-02-08,0.0,20.85,25.94,17.21,85.47,1.45,11.55
2018-02-09,0.0,21.32,26.3,16.34,76.78,1.16,15.96
2018-02-10,0.33,21.43,24.88,17.58,81.57,0.87,13.87
2018-02-11,0.0,20.3,25.91,15.95,72.62,1.31,13.37
2018-02-12,0.0,18.99,25.85,13.17,71.11,1.6,20.13
2018-02-13,0.0,19.62,26.45,13.38,74.05,1.58,18.62
2018-02-14,0.0,20.42,25.55,15.89,73.23,1.61,18.81
2018-02-15,0.0,19.54,25.85,14.35,77.83,1.68,20.31
2018-02-16,0.0,18.56,25.52,12.22,72.59,1.83,21.29
2018-02-17,0.0,19.42,25.62,11.98,64.81,1.31,21.18
2018-02-18,0.0,21.4,26.58,14.86,61.6,0.9,20.21
2018-02-19,0.0,21.37,27.33,14.07,66.02,0.99,20.5
2018-02-20,0.0,21.64,27.69,15.21,70.26,1.12,20.0
2018-02-21,0.0,22.63,28.17,16.48,69.03,0.89,20.23
2018-02-22,0.2,22.44,28.36,16.6,72.29,0.97,19.64
2018-02-23,0.0,23.21,29.17,18.22,79.03,1.33,18.18
2018-02-24,0.0,23.67,29.3,19.22,77.83,1.21,20.19
2018-02-25,0.0,23.49,29.47,18.5,77.12,1.39,21.21
2018-02-26,6.09,23.71,28.77,19.42,75.14,0.92,11.58
2018-02-27,0.04,24.07,28.69,18.34,69.09,0.74,20.3
2018-02-28,0.03,24.11,29.0,18.95,70.77,0.83,20.63
2018-03-01,0.0,24.7,29.33,20.16,73.43,0.96,20.56
2018-03-02,0.0,24.29,29.56,19.44,75.25,1.16,19.99
2018-03-03,0.0,23.95,29.66,18.99,83.79,2.27,20.81
2018-03-04,0.0,24.49,30.02,20.51,86.73,2.38,20.45
2018-03-05,0.0,25.01,30.14,20.03,80.4,1.29,20.69
2018-03-06,0.0,26.09,31.23,20.52,67.24,1.03,20.23
2018-03-07,0.0,24.55,30.26,19.54,63.6,1.42,20.89
2018-03-08,0.0,23.1,29.62,15.97,52.92,1.64,23.59
2018-03-09,0.0,23.5,30.01,16.3,56.35,1.37,22.97
2018-03-10,0.0,24.3,30.16,17.04,54.97,1.04,23.43
2018-03-11,0.0,24.19,30.16,18.38,66.1,0.93,23.01
2018-03-12,0.0,24.48,31.08,19.05,75.78,1.69,22.51
2018-03-13,0.17,24.61,30.01,20.21,80.54,1.51,19.69
2018-03-14,0.09,24.44,30.31,19.34,83.06,1.63,21.48
2018-03-15,0.17,24.94,30.75,20.48,82.89,2.16,21.29
2018-03-16,0.05,25.2,30.16,21.16,83.37,2.02,5.66
2018-03-17,0.08,25.35,30.34,22.26,80.08,1.86,12.79
2018-03-18,0.0,25.53,30.7,20.8,76.92,1.31,21.61
2018-03-19,0.0,26.7,31.93,22.34,72.86,0.97,22.63
2018-03-20,0.0,26.32,32.05,21.39,67.85,1.03,23.17
2018-03-21,0.0,25.65,32.08,20.15,69.67,1.2,23.66
2018-03-22,0.0,26.11,32.64,20.41,71.69,1.02,22.53
2018-03-23,0.0,25.79,31.27,21.09,77.09,1.91,20.02
2018-03-24,0.0,26.42,31.77,21.93,78.91,1.34,21.28
2018-03-25,0.09,27.24,32.42,22.78,74.63,1.04,21.33
2018-03-26,0.31,27.51,32.31,23.96,73.34,1.32,20.23
2018-03-27,2.06,26.87,31.88,22.92,78.19,1.36,19.27
2018-03-28,1.16,26.88,31.98,22.84,79.65,1.78,20.41
2018-03-29,0.14,26.71,31.84,22.67,77.37,2.01,21.41
2018-03-30,1.27,26.31,32.02,21.2,78.91,1.89,20.61
2018-03-31,16.29,25.19,28.85,22.04,79.84,1.04,16.15
2018-04-01,1.34,24.55,28.56,19.85,72.14,1.0,22.74
2018-04-02,0.0,24.36,29.31,19.95,77.21,1.62,17.19
2018-04-03,0.91,26.0,30.98,21.31,71.89,0.95,21.07
2018-04-04,3.33,26.87,32.53,22.2,71.69,0.8,22.59
2018-04-05,1.03,26.12,30.56,22.55,76.93,1.55,21.92
2018-04-06,8.95,25.89,30.71,21.35,81.23,1.33,18.06
2018-04-07,16.82,26.0,29.91,22.04,81.97,1.12,18.96
2018-04-08,10.7,25.66,28.43,23.46,85.4,1.53,21.63
2018-04-09,7.33,25.9,29.21,23.12,83.2,1.31,22.94
2018-04-10,14.79,26.61,30.66,23.38,80.07,1.34,19.11
2018-04-11,2.63,26.6,30.78,23.2,80.01,1.66,22.91
2018-04-12,2.91,27.05,31.68,22.89,79.13,1.34,24.08
2018-04-13,2.89,27.01,31.53,23.55,77.24,1.37,23.78
2018-04-14,2.69,27.36,32.13,23.18,80.69,1.55,24.08
2018-04-15,1.43,27.65,33.1,23.03,78.51,1.39,23.37
2018-04-16,0.27,28.85,34.33,24.04,72.26,1.06,25.62
2018-04-17,14.12,27.74,32.9,23.6,77.68,1.33,17.78
2018-04-18,13.39,26.77,31.33,23.15,81.31,1.98,23.15
2018-04-19,53.26,26.53,30.02,23.84,88.21,2.52,20.83
2018-04-20,31.54,27.16,30.93,24.22,86.42,3.05,20.02
2018-04-21,24.78,27.66,31.09,25.24,87.17,3.74,21.11
2018-04-22,16.67,27.55,30.97,25.15,88.58,2.38,13.14
2018-04-23,26.17,27.6,31.36,24.54,85.34,1.15,22.79
2018-04-24,9.6,28.61,32.65,24.81,79.23,0.91,22.43
2018-04-25,0.2,27.45,32.3,23.98,84.08,1.52,24.78
2018-04-26,6.2,26.59,30.67,22.78,84.26,1.19,24.28
2018-04-27,9.45,26.31,29.18,23.55,80.05,0.85,23.17
2018-04-28,5.47,27.1,31.26,22.8,79.44,1.5,24.6
2018-04-29,33.03,26.56,30.11,23.89,85.59,2.51,16.86
2018-04-30,44.83,26.15,29.66,23.16,88.41,2.45,14.51
2018-05-01,20.77,26.98,29.97,24.02,84.94,1.37,16.97
2018-05-02,3.57,27.14,30.83,24.41,85.35,1.49,22.81
2018-05-03,16.38,26.38,29.52,23.9,88.09,1.6,20.6
2018-05-04,20.48,27.03,30.59,23.93,86.47,2.36,20.61
2018-05-05,40.13,27.06,30.61,24.2,87.95,2.68,17.71
2018-05-06,21.61,27.75,31.07,25.29,87.2,3.35,20.58
2018-05-07,26.81,27.65,30.6,25.9,89.8,3.93,14.28
2018-05-08,7.93,28.4,31.5,26.16,88.77,3.79,14.46
2018-05-09,6.77,27.5,29.71,25.82,91.32,3.17,20.39
2018-05-10,23.7,27.5,30.87,25.01,90.04,2.04,19.11
2018-05-11,23.23,27.13,30.44,24.32,89.86,1.93,17.25
2018-05-12,12.14,26.83,30.12,24.08,85.45,1.52,25.73
2018-05-13,12.58,27.15,30.59,24.12,86.21,2.07,11.66
2018-05-14,6.78,26.67,29.56,24.81,88.88,1.98,19.07
2018-05-15,17.31,26.86,30.21,24.07,86.53,2.19,22.97
2018-05-16,44.42,26.25,29.06,23.7,87.96,1.53,12.11
2018-05-17,32.64,26.64,29.72,23.89,88.42,2.25,18.18
2018-05-18,31.05,27.16,30.57,24.57,87.94,2.42,11.2
2018-05-19,33.24,27.26,30.46,24.59,88.19,2.27,9.79
2018-05-20,23.02,27.66,31.2,24.68,88.42,2.2,10.01
2018-05-21,25.02,27.44,30.52,24.81,89.98,2.43,10.05
2018-05-22,2.71,27.66,30.67,25.34,88.02,2.15,20.47
2018-05-23,44.71,27.55,30.49,25.47,91.34,1.94,19.16
2018-05-24,9.3,27.22,29.5,25.61,93.04,2.05,17.86
2018-05-25,13.34,27.97,30.53,25.77,90.72,3.01,22.59
2018-05-26,11.39,28.07,30.04,26.63,92.42,2.15,21.35
2018-05-27,1.9,28.01,30.4,26.07,91.53,1.56,25.01
2018-05-28,0.16,28.35,31.42,25.5,89.99,1.5,26.54
2018-05-29,10.46,29.19,33.11,25.68,82.17,1.26,20.26
2018-05-30,10.41,28.72,32.71,24.57,84.59,1.89,21.7
2018-05-31,32.14,28.05,29.97,26.49,92.7,2.69,8.79
2018-06-01,8.39,27.63,29.74,25.89,88.72,1.9,21.42
2018-06-02,24.59,27.34,29.52,25.57,90.48,1.56,16.83
2018-06-03,9.36,27.99,30.85,25.7,89.19,1.76,23.36
2018-06-04,10.37,28.03,30.3,26.23,92.66,1.6,18.92
2018-06-05,42.26,27.32,29.03,26.18,87.93,0.95,18.56
2018-06-06,12.76,28.54,31.06,26.55,87.19,1.03,21.58
2018-06-07,5.11,28.8,31.19,26.44,86.73,0.85,25.27
2018-06-08,9.34,28.35,30.46,26.59,91.56,1.24,21.85
2018-06-09,23.93,27.63,29.02,26.32,93.42,2.25,17.93
2018-06-10,78.85,27.76,29.5,26.23,92.48,2.94,5.69
2018-06-11,108.48,27.91,28.63,27.42,95.2,4.79,9.52
2018-06-12,121.65,27.98,29.12,27.23,94.77,3.77,3.3
2018-06-13,45.28,27.81,29.03,26.78,93.97,3.19,8.08
2018-06-14,9.45,28.74,30.7,26.94,93.79,3.06,6.16
2018-06-15,22.84,28.28,29.42,27.16,93.75,3.82,9.05
2018-06-16,29.76,27.95,29.91,26.5,93.19,3.35,15.16
2018-06-17,38.46,28.79,32.12,26.2,89.93,2.94,12.83
2018-06-18,13.44,28.7,31.67,26.52,89.89,2.38,21.43
2018-06-19,21.38,28.73,31.57,26.83,90.83,2.57,10.89
2018-06-20,3.16,28.18,29.86,26.7,93.68,2.08,22.61
2018-06-21,2.36,28.26,30.48,26.78,91.67,1.85,20.94
2018-06-22,22.35,28.35,30.7,26.73,91.94,2.4,19.1
2018-06-23,50.92,27.73,29.63,26.59,92.85,2.64,6.7
2018-06-24,97.88,27.59,28.82,26.26,95.25,2.99,10.77
2018-06-25,46.6,28.45,31.48,26.56,91.17,2.91,8.48
2018-06-26,24.17,27.68,29.97,25.95,92.24,3.42,19.31
2018-06-27,9.19,27.8,30.72,25.33,90.88,4.44,19.61
2018-06-28,6.31,27.57,30.21,25.92,90.82,3.2,24.0
2018-06-29,6.48,27.43,29.71,25.64,90.57,3.05,21.11
2018-06-30,13.08,27.9,30.73,25.94,90.54,2.93,15.08
2018-07-01,7.61,27.87,30.03,26.0,92.21,2.61,15.8
2018-07-02,25.56,28.26,30.42,26.79,91.24,3.68,16.02
2018-07-03,114.24,27.59,29.03,26.41,93.94,3.46,3.77
2018-07-04,89.39,27.55,29.98,26.04,92.95,3.12,6.54
2018-07-05,16.36,28.3,31.36,25.8,89.37,1.95,15.95
2018-07-06,24.69,28.41,31.25,26.2,89.64,1.95,19.88
2018-07-07,6.37,28.5,31.38,26.13,89.99,2.18,22.49
2018-07-08,4.49,28.29,30.67,26.71,90.47,3.63,16.77
2018-07-09,2.74,28.24,30.93,26.45,90.67,3.29,21.18
2018-07-10,9.8,28.31,30.71,26.49,91.12,3.23,19.15
2018-07-11,5.41,28.35,31.2,26.47,91.07,2.39,22.6
2018-07-12,7.67,28.43,31.32,26.47,91.03,2.62,23.29
2018-07-13,7.77,28.55,31.74,26.53,91.0,2.1,23.18
2018-07-14,4.36,28.78,32.24,26.56,90.07,2.11,26.27
2018-07-15,2.7,28.5,30.74,26.31,91.16,3.35,19.94
2018-07-16,13.0,28.48,31.06,26.84,90.12,4.11,19.74
2018-07-17,32.8,28.44,31.06,26.55,90.0,3.33,12.55
2018-07-18,24.93,29.15,32.46,26.9,88.8,2.12,21.0
2018-07-19,0.12,30.13,33.9,26.67,84.72,1.14,24.48
2018-07-20,6.61,29.31,32.39,26.97,89.74,2.38,19.27
2018-07-21,72.0,27.94,29.83,26.37,92.47,4.91,13.65
2018-07-22,32.93,27.93,30.04,26.54,90.87,4.56,16.81
2018-07-23,84.16,27.96,30.13,26.29,93.0,3.13,6.92
2018-07-24,111.74,28.11,30.26,26.39,93.43,2.48,3.8
2018-07-25,57.47,27.68,29.79,26.3,92.6,2.32,10.67
2018-07-26,70.55,27.39,29.26,26.26,93.24,2.91,7.58
2018-07-27,94.93,27.56,29.67,26.0,93.13,2.76,9.71
2018-07-28,88.85,27.45,29.32,26.02,93.8,2.47,8.85
2018-07-29,37.05,27.67,30.09,26.04,91.72,3.15,15.61
2018-07-30,9.22,27.82,30.31,26.26,91.7,2.6,14.81
2018-07-31,26.47,27.24,29.4,25.59,93.17,2.29,19.08
2018-08-01,38.79,27.25,30.17,25.55,92.03,3.87,8.27
2018-08-02,32.76,27.47,30.29,25.6,91.2,3.56,9.71
2018-08-03,29.17,27.74,30.39,25.88,90.41,3.2,16.5
2018-08-04,26.44,28.04,30.67,25.78,91.27,2.41,17.71
2018-08-05,9.04,28.31,31.2,26.13,89.68,1.93,18.83
2018-08-06,6.35,28.06,30.16,26.26,89.61,1.48,17.65
2018-08-07,2.41,27.79,30.43,26.12,90.5,2.4,23.68
2018-08-08,2.69,27.97,30.82,25.99,90.47,2.22,21.78
2018-08-09,1.99,28.09,31.03,25.91,89.34,2.08,21.32
2018-08-10,3.83,28.61,31.89,26.04,88.32,1.68,20.9
2018-08-11,5.86,27.76,29.42,26.07,92.42,2.16,18.32
2018-08-12,8.9,28.62,32.26,25.86,88.03,1.95,19.45
2018-08-13,5.56,28.36,31.2,25.94,90.83,1.82,20.5
2018-08-14,15.65,28.56,31.89,26.57,91.02,2.14,21.72
2018-08-15,5.17,28.29,30.98,26.36,90.68,3.04,21.61
2018-08-16,2.3,28.53,31.42,26.47,90.09,2.42,24.28
2018-08-17,16.62,28.28,31.2,26.43,89.64,1.36,19.39
2018-08-18,16.79,28.55,30.87,26.51,89.43,1.07,19.51
2018-08-19,75.07,28.13,30.29,26.84,91.01,1.95,15.79
2018-08-20,28.63,28.65,31.9,26.62,90.48,3.04,16.14
2018-08-21,13.98,28.04,30.14,26.56,92.66,3.18,13.42
2018-08-22,10.44,28.36,30.92,26.6,91.03,3.13,18.06
2018-08-23,11.32,28.46,30.89,26.81,91.84,2.51,11.04
2018-08-24,16.51,28.05,30.28,26.75,92.69,2.34,15.29
2018-08-25,20.35,28.23,31.22,26.22,90.75,2.52,22.08
2018-08-26,7.15,28.75,32.37,25.58,87.11,1.85,21.39
2018-08-27,2.57,28.21,30.35,26.68,90.08,3.24,17.42
2018-08-28,6.26,27.86,30.08,26.07,92.05,3.18,17.79
2018-08-29,8.72,28.04,30.93,26.17,89.77,3.09,20.7
2018-08-30,23.93,27.64,30.25,26.03,91.37,2.46,12.8
2018-08-31,9.86,28.23,31.16,26.05,90.48,2.17,21.66
2018-09-01,22.73,27.75,30.47,26.27,91.99,2.89,15.36
2018-09-02,12.11,27.63,29.95,25.87,90.67,3.06,11.9
2018-09-03,16.73,28.05,31.01,26.08,90.8,2.28,15.58
2018-09-04,25.98,28.07,31.21,25.64,88.33,1.22,18.38
2018-09-05,38.19,27.79,31.09,25.47,90.0,2.72,23.12
2018-09-06,14.39,26.83,29.77,24.6,90.33,4.25,15.19
2018-09-07,4.21,27.26,30.24,25.26,89.52,3.02,16.72
2018-09-08,3.29,27.74,31.31,24.94,87.67,1.95,20.55
2018-09-09,2.45,27.52,30.08,25.48,89.56,1.35,17.63
2018-09-10,3.42,27.74,30.78,25.64,88.29,1.95,12.83
2018-09-11,20.46,27.73,30.72,25.35,89.66,2.29,9.41
2018-09-12,58.68,27.5,29.47,25.88,92.39,1.92,7.13
2018-09-13,22.27,27.52,29.49,26.0,92.52,1.64,14.61
2018-09-14,14.67,28.1,30.54,26.0,86.77,1.12,18.19
2018-09-15,5.27,28.08,30.74,25.22,88.29,0.94,18.56
2018-09-16,5.23,28.14,31.37,25.56,86.69,1.08,23.72
2018-09-17,1.86,28.52,31.93,25.26,87.36,1.11,23.63
2018-09-18,0.08,28.6,31.55,25.94,87.74,1.32,22.92
2018-09-19,1.39,28.83,32.37,26.18,84.77,0.83,23.01
2018-09-20,8.92,28.39,31.61,26.29,87.39,1.93,21.42
2018-09-21,15.78,27.48,30.76,25.36,90.74,2.41,21.31
2018-09-22,0.56,28.32,31.83,25.78,84.53,0.83,21.72
2018-09-23,5.89,28.22,31.57,25.41,85.34,1.14,22.27
2018-09-24,9.42,27.95,31.21,25.24,87.17,1.28,13.08
2018-09-25,23.87,27.79,30.61,25.43,89.25,1.47,17.62
2018-09-26,11.37,28.15,31.01,26.13,88.11,1.1,18.03
2018-09-27,3.35,28.17,30.88,26.34,87.81,0.93,19.02
2018-09-28,5.09,28.62,31.83,25.73,83.27,0.69,19.03
2018-09-29,1.48,28.34,30.77,26.02,84.57,0.78,19.56
2018-09-30,0.57,28.74,32.41,25.93,82.65,0.74,18.23
2018-10-01,0.72,28.72,32.43,25.41,83.38,1.02,18.76
2018-10-02,0.0,27.94,31.56,24.73,78.59,1.2,20.13
2018-10-03,0.02,28.16,31.56,24.63,78.81,1.0,19.08
2018-10-04,0.49,28.45,32.0,25.35,77.36,0.82,19.97
2018-10-05,0.48,27.97,31.85,24.4,77.75,0.78,19.44
2018-10-06,2.02,28.37,31.66,25.31,75.49,0.71,20.05
2018-10-07,0.25,27.52,31.49,24.21,77.45,0.73,21.03
2018-10-08,0.02,27.89,31.52,24.66,72.98,0.56,20.02
2018-10-09,15.21,27.08,30.03,24.9,83.4,1.09,7.92
2018-10-10,15.85,25.38,27.57,23.76,89.86,1.93,8.29
2018-10-11,47.21,24.34,25.86,22.8,94.18,2.73,4.74
2018-10-12,13.76,25.2,27.96,23.59,91.43,2.39,6.45
2018-10-13,4.55,25.64,27.78,23.85,92.66,2.37,3.96
2018-10-14,8.89,26.29,29.0,23.65,89.83,1.9,14.58
2018-10-15,1.04,25.74,29.79,21.99,81.77,1.24,20.9
2018-10-16,0.15,24.95,29.25,20.42,79.64,1.16,21.42
2018-10-17,0.0,25.14,29.14,20.24,73.33,0.96,21.29
2018-10-18,2.06,25.74,29.75,20.29,69.67,0.58,20.31
2018-10-19,2.35,25.9,29.85,21.55,74.61,0.72,20.19
2018-10-20,0.0,25.28,29.93,20.47,79.63,1.13,20.73
2018-10-21,0.0,24.95,29.83,20.45,82.23,1.39,19.68
2018-10-22,0.0,25.05,30.03,20.76,77.63,1.13,20.82
2018-10-23,0.0,25.05,29.56,21.14,79.2,1.32,19.28
2018-10-24,0.0,24.37,29.28,19.78,81.44,1.49,20.13
2018-10-25,0.0,23.79,28.94,19.1,78.33,1.43,19.59
2018-10-26,0.0,23.39,28.92,18.2,77.39,1.38,19.98
2018-10-27,1.51,24.52,29.46,19.34,73.24,0.84,17.16
2018-10-28,2.99,24.13,27.97,21.22,84.84,1.46,7.63
2018-10-29,7.42,23.22,26.35,21.06,88.77,1.49,5.06
2018-10-30,1.99,22.47,24.67,20.76,93.29,1.16,6.26
2018-10-31,0.43,23.82,27.94,20.59,87.58,1.09,12.8
2018-11-01,0.0,25.34,30.35,21.7,82.12,1.09,19.98
2018-11-02,0.17,25.33,29.5,21.81,82.62,0.88,19.53
2018-11-03,3.05,25.27,29.01,21.87,83.19,0.91,18.94
2018-11-04,0.94,25.41,29.2,21.9,80.28,0.85,18.49
2018-11-05,2.87,25.1,29.07,21.69,85.38,1.19,17.64
2018-11-06,10.8,24.98,28.76,22.1,86.58,1.2,15.06
2018-11-07,7.44,24.07,28.51,20.04,85.76,1.57,17.0
2018-11-08,0.21,22.18,27.88,17.37,81.7,1.46,18.17
2018-11-09,0.0,21.94,26.82,17.03,73.51,1.27,18.44
2018-11-10,0.0,22.88,27.3,17.58,64.86,0.79,18.99
2018-11-11,0.0,22.31,27.39,18.03,73.53,1.12,17.8
2018-11-12,0.0,21.59,26.73,15.81,79.54,1.21,18.01
2018-11-13,0.0,22.21,27.08,16.88,75.49,1.21,16.3
2018-11-14,0.0,22.87,27.49,17.02,72.33,0.94,16.53
2018-11-15,0.0,23.26,28.24,16.85,73.4,0.87,17.97
2018-11-16,0.0,24.06,28.61,19.7,72.08,0.76,17.15
2018-11-17,0.0,23.39,27.89,19.17,78.55,1.21,15.4
2018-11-18,0.0,22.49,27.2,18.74,84.25,1.1,16.19
2018-11-19,0.0,20.62,26.06,15.95,79.6,1.46,16.4
2018-11-20,0.0,20.47,25.35,15.06,73.53,1.16,16.13
2018-11-21,0.0,20.22,25.64,15.6,78.82,1.49,16.26
2018-11-22,0.0,20.86,26.0,14.8,75.52,1.07,17.56
2018-11-23,0.0,21.67,25.87,16.06,72.6,0.73,17.26
2018-11-24,0.0,21.42,26.18,16.05,74.93,0.89,17.36
2018-11-25,0.0,20.86,26.25,15.36,76.68,0.94,18.09
2018-11-26,0.0,21.28,26.42,15.35,75.55,0.82,18.2
2018-11-27,0.0,21.3,26.92,16.54,79.99,0.89,17.81
2018-11-28,0.0,21.33,26.78,16.15,81.14,1.01,17.85
2018-11-29,0.0,21.47,26.45,16.31,71.84,0.78,17.71
2018-11-30,0.0,20.73,25.45,15.3,70.86,0.98,17.81
2018-12-01,0.0,20.62,25.37,15.05,67.65,0.82,16.74
2018-12-02,0.0,20.64,25.19,15.28,68.54,1.07,16.56
2018-12-03,0.0,20.25,24.93,15.99,70.81,1.2,16.54
2018-12-04,0.0,19.85,25.14,14.39,71.66,1.2,16.72
2018-12-05,0.0,20.17,25.15,14.91,75.08,1.09,16.86
2018-12-06,0.0,19.9,23.96,16.15,79.94,1.15,11.92
2018-12-07,0.0,18.91,24.68,13.89,80.67,1.36,16.62
2018-12-08,0.0,18.02,24.13,12.42,79.39,1.59,16.43
2018-12-09,0.0,19.18,24.5,13.29,75.92,0.96,16.75
2018-12-10,0.0,20.18,25.2,14.28,70.61,0.81,17.2
2018-12-11,0.0,19.62,25.68,12.51,72.4,0.9,16.48
2018-12-12,0.0,20.03,25.14,14.26,73.02,0.86,16.02
2018-12-13,0.0,19.44,25.33,13.52,74.93,1.34,15.7
2018-12-14,0.0,18.86,24.56,13.26,78.08,1.51,12.84
2018-12-15,0.0,19.12,24.14,14.6,73.45,1.69,7.81
2018-12-16,0.05,19.07,23.51,15.44,78.36,1.68,6.98
2018-12-17,16.07,19.27,22.5,16.29,88.63,2.09,5.54
2018-12-18,12.92,21.33,26.35,18.11,90.94,2.07,7.13
2018-12-19,2.28,18.88,23.46,14.7,87.45,2.45,7.68
2018-12-20,0.0,16.65,22.66,11.65,83.2,1.6,15.32
2018-12-21,0.0,16.92,22.28,11.57,83.21,1.12,16.15
2018-12-22,0.0,17.0,22.74,11.14,82.0,1.63,16.36
2018-12-23,0.0,16.81,22.94,10.63,78.73,1.44,16.85
2018-12-24,0.0,17.32,22.71,11.45,72.42,1.23,17.03
2018-12-25,0.0,17.66,22.79,13.25,74.83,0.96,16.32
2018-12-26,0.0,15.59,21.7,10.29,78.27,1.47,15.94
2018-12-27,0.0,15.43,21.42,9.16,74.22,1.35,16.2
2018-12-28,0.0,14.27,21.3,9.3,69.81,1.63,15.31
2018-12-29,0.0,12.81,20.59,6.85,69.98,1.72,16.0
2018-12-30,0.0,15.02,23.61,8.09,78.78,1.84,16.99
2018-12-31,0.0,17.15,24.18,9.96,76.72,1.27,17.17
2019-01-01,0.0,18.09,25.11,12.01,72.48,1.18,16.7
2019-01-02,0.0,17.76,23.81,12.14,72.5,1.23,17.23
2019-01-03,0.0,17.74,24.02,12.05,67.86,1.16,17.47
2019-01-04,0.0,15.53,22.51,9.84,72.93,1.57,17.12
2019-01-05,0.0,15.8,23.18,9.26,76.23,1.6,17.3
2019-01-06,0.0,16.8,23.99,9.96,69.78,1.29,17.81
2019-01-07,0.0,18.44,24.63,11.64,62.59,1.06,16.83
2019-01-08,0.0,18.89,24.66,13.48,64.76,1.11,17.25
2019-01-09,0.0,17.81,24.09,11.88,69.17,1.26,16.01
2019-01-10,0.0,16.58,23.13,11.74,74.13,1.33,16.1
2019-01-11,0.0,16.25,22.91,9.88,68.12,1.54,17.03
2019-01-12,0.0,16.77,23.38,10.21,62.66,1.14,17.76
2019-01-13,0.0,17.66,23.97,11.06,62.22,1.17,17.4
2019-01-14,0.0,17.65,24.02,11.71,69.12,1.2,15.63
2019-01-15,0.0,16.1,23.35,11.0,74.08,1.98,16.09
2019-01-16,0.0,15.96,22.95,9.2,70.13,1.44,17.02
2019-01-17,0.0,16.91,24.06,11.36,67.73,1.14,17.94
2019-01-18,0.0,17.83,23.76,11.68,69.75,0.84,17.31
2019-01-19,0.0,16.67,23.34,10.73,70.33,1.36,17.11
2019-01-20,0.0,16.52,23.49,10.52,73.0,1.34,16.7
2019-01-21,0.0,18.05,24.77,11.38,70.56,1.36,17.62
2019-01-22,0.0,19.11,25.46,12.52,64.99,1.1,18.7
2019-01-23,0.0,19.2,25.63,12.8,65.76,1.02,19.0
2019-01-24,0.0,19.03,26.16,12.01,67.05,1.42,18.89
2019-01-25,0.0,19.44,26.52,12.6,67.31,1.27,18.5
2019-01-26,0.0,20.15,27.38,12.76,64.54,1.12,18.79
2019-01-27,0.0,21.18,27.28,14.24,56.61,0.69,18.11
2019-01-28,0.0,19.96,25.27,14.76,71.36,1.4,15.15
2019-01-29,0.0,18.3,24.81,14.0,72.6,2.32,13.32
2019-01-30,0.0,15.16,22.67,8.76,65.73,1.92,19.21
2019-01-31,0.0,17.31,25.25,8.99,60.98,1.1,19.86
2019-02-01,0.0,19.21,25.92,10.62,55.33,1.12,20.5
2019-02-02,0.0,19.05,25.68,12.9,63.72,0.9,19.95
2019-02-03,0.0,18.81,25.48,13.85,66.15,1.29,19.58
2019-02-04,0.0,17.77,25.76,11.24,62.84,1.83,19.92
2019-02-05,0.0,18.36,25.8,10.62,55.72,1.61,19.45
2019-02-06,0.0,19.03,25.14,12.19,47.74,0.89,19.73
2019-02-07,0.0,18.99,26.29,11.77,59.39,1.34,19.4
2019-02-08,0.0,21.15,27.57,15.18,59.19,1.18,19.36
2019-02-09,0.01,20.77,28.05,15.11,73.48,2.18,17.58
2019-02-10,0.0,18.79,25.58,12.35,71.36,2.43,17.04
2019-02-11,0.0,16.88,24.99,9.4,55.32,1.89,20.63
2019-02-12,0.0,18.19,25.94,10.11,58.72,1.55,21.34
2019-02-13,0.0,19.82,27.0,13.27,57.62,1.39,21.21
2019-02-14,0.0,21.96,28.3,15.06,52.09,1.15,20.89
2019-02-15,0.0,22.33,29.51,16.84,53.7,1.18,20.89
2019-02-16,0.0,21.67,28.66,16.7,61.26,1.26,12.89
2019-02-17,11.15,19.99,25.5,15.0,80.26,1.47,14.28
2019-02-18,0.41,20.38,25.93,16.29,75.86,1.06,17.49
2019-02-19,0.0,21.12,27.68,16.17,78.12,1.23,19.29
2019-02-20,0.0,22.0,28.45,16.71,75.81,1.38,18.69
2019-02-21,0.0,23.7,29.55,17.36,59.87,1.05,17.31
2019-02-22,0.0,23.02,29.3,17.37,69.35,1.23,19.16
2019-02-23,0.0,22.98,28.95,18.25,79.86,1.81,18.25
2019-02-24,0.23,24.12,29.76,18.99,74.51,1.04,18.41
2019-02-25,15.8,22.32,25.61,19.63,85.43,0.87,4.36
2019-02-26,22.72,21.8,25.57,19.52,84.92,1.06,11.87
2019-02-27,3.86,21.81,27.09,17.62,81.24,1.08,15.5
2019-02-28,45.08,21.77,25.84,19.18,88.87,1.45,10.52
2019-03-01,2.93,19.39,25.24,14.04,76.11,2.12,21.85
2019-03-02,0.0,17.55,25.36,10.2,60.95,2.08,24.25
2019-03-03,0.0,19.56,26.29,11.91,55.28,1.65,23.4
2019-03-04,0.14,21.57,26.19,16.85,62.38,1.01,12.6
2019-03-05,11.87,22.71,26.33,19.23,87.47,3.69,7.55
2019-03-06,0.81,24.45,28.81,20.4,77.02,0.96,11.57
2019-03-07,0.01,24.2,29.0,18.27,69.74,0.85,19.0
2019-03-08,0.0,22.81,27.84,18.39,62.38,1.35,19.65
2019-03-09,0.0,21.44,27.63,15.71,66.07,1.39,22.01
2019-03-10,0.0,21.92,28.18,16.07,82.62,1.75,20.92
2019-03-11,0.0,23.65,28.53,18.65,80.42,1.22,20.08
2019-03-12,0.0,24.69,30.82,19.53,77.31,1.54,20.76
2019-03-13,0.0,25.51,31.82,20.02,77.66,1.28,21.59
2019-03-14,0.0,25.82,31.82,19.96,72.01,1.05,19.56
2019-03-15,0.01,26.47,33.11,21.06,67.67,1.3,22.21
2019-03-16,0.33,26.26,32.75,20.56,67.34,1.3,18.66
2019-03-17,1.48,27.23,33.03,20.42,63.71,1.17,22.32
2019-03-18,18.17,25.42,30.3,21.2,61.96,1.33,15.35
2019-03-19,2.76,24.4,29.75,19.48,71.04,1.53,21.33
2019-03-20,2.09,24.72,29.72,20.21,81.23,1.63,21.8
2019-03-21,1.42,25.4,30.91,20.48,81.16,2.2,21.89
2019-03-22,1.87,25.7,31.2,21.01,82.74,2.14,21.98
2019-03-23,5.61,26.05,31.24,21.91,81.08,1.61,21.74
2019-03-24,0.0,26.55,32.39,20.81,66.32,1.3,24.43
2019-03-25,0.0,25.98,33.2,18.03,53.11,1.14,25.72
2019-03-26,0.0,27.16,33.38,19.66,62.0,1.0,24.5
2019-03-27,1.77,26.41,32.42,21.0,57.84,1.59,21.09
2019-03-28,0.02,27.08,32.26,22.82,53.93,1.09,23.63
2019-03-29,0.0,26.59,32.95,20.99,70.65,1.42,23.3
2019-03-30,0.0,26.64,32.36,22.18,75.3,1.95,22.62
2019-03-31,14.71,26.81,31.84,23.1,79.55,2.93,20.79
2019-04-01,34.58,25.76,29.11,23.18,87.3,3.19,20.35
2019-04-02,5.71,26.11,30.67,22.5,85.14,2.89,21.71
2019-04-03,7.21,25.91,30.27,22.48,86.52,2.49,24.05
2019-04-04,0.48,26.03,30.39,22.61,85.35,2.34,22.14
2019-04-05,0.42,26.33,31.02,23.0,83.25,2.08,20.72
2019-04-06,1.51,25.09,28.78,22.43,85.82,1.24,22.47
2019-04-07,7.07,25.83,30.96,22.28,77.39,1.48,21.65
2019-04-08,5.47,25.72,30.65,22.1,80.36,2.11,10.97
2019-04-09,19.24,25.53,30.25,22.16,84.59,2.67,21.05
2019-04-10,15.24,25.67,29.71,22.16,85.55,1.64,15.44
2019-04-11,0.0,26.89,31.4,22.35,80.57,0.9,24.02
2019-04-12,0.0,27.28,31.22,23.23,81.13,1.09,24.39
2019-04-13,0.0,28.01,32.99,23.76,77.73,1.04,23.89
2019-04-14,0.0,28.13,33.61,23.28,79.14,1.35,25.8
2019-04-15,0.05,27.97,33.2,23.69,80.29,1.89,23.2
2019-04-16,1.13,28.22,33.75,23.6,80.79,1.89,22.63
2019-04-17,2.38,29.04,34.58,23.94,74.52,1.55,23.53
2019-04-18,0.0,29.75,34.41,24.86,58.75,1.44,25.42
2019-04-19,0.0,29.86,35.12,24.35,52.54,1.18,23.46
2019-04-20,0.42,28.98,34.73,23.26,60.32,1.55,24.08
2019-04-21,1.08,29.09,35.41,23.96,65.68,0.98,26.05
2019-04-22,0.61,28.48,34.38,23.61,65.67,1.53,23.5
2019-04-23,0.0,28.85,35.05,21.58,58.41,1.36,26.21
2019-04-24,0.0,30.12,36.35,23.28,56.04,1.1,26.27
2019-04-25,0.0,30.26,36.96,23.82,64.17,1.61,24.53
2019-04-26,0.0,30.41,37.04,25.03,63.48,1.75,25.83
2019-04-27,0.6,30.36,36.47,25.66,69.94,2.39,23.28
2019-04-28,1.65,30.11,35.28,26.61,74.25,3.83,22.54
2019-04-29,1.06,30.33,35.36,26.8,73.64,4.28,24.02
2019-04-30,0.06,30.26,35.1,27.2,71.95,4.17,24.24
2019-05-01,0.04,30.31,34.47,27.19,70.37,4.32,24.81
2019-05-02,0.66,29.98,34.17,27.19,72.35,2.55,20.08
2019-05-03,16.25,29.56,34.07,27.11,78.45,3.87,20.18
2019-05-04,46.33,28.16,30.37,25.59,85.16,7.34,6.29
2019-05-05,0.09,28.17,33.17,23.23,78.76,1.98,24.52
2019-05-06,0.22,29.17,34.37,25.11,78.4,2.21,22.89
2019-05-07,0.0,29.43,35.05,24.76,77.44,2.91,24.36
2019-05-08,0.0,29.7,35.12,25.38,79.33,3.1,24.2
2019-05-09,0.01,29.86,34.37,26.48,79.08,4.17,22.22
2019-05-10,0.03,30.46,35.18,27.16,77.91,4.01,22.1
2019-05-11,0.96,29.92,33.91,27.1,79.95,3.55,22.95
2019-05-12,2.41,29.33,32.59,27.02,81.44,2.79,24.2
2019-05-13,4.2,29.38,33.73,26.7,80.42,2.68,23.51
2019-05-14,21.82,28.96,32.59,26.26,83.1,1.47,23.12
2019-05-15,6.02,29.81,33.64,25.98,74.67,1.51,20.45
2019-05-16,6.24,29.79,34.66,26.44,76.82,1.88,21.4
2019-05-17,18.34,28.73,32.12,26.04,83.28,2.82,23.39
2019-05-18,15.85,29.02,32.39,26.76,86.22,3.23,22.49
2019-05-19,7.1,28.58,31.64,26.64,88.88,2.23,16.08
2019-05-20,0.04,29.18,33.0,25.59,83.2,1.22,24.49
2019-05-21,0.06,28.97,32.34,26.1,84.56,1.54,24.93
2019-05-22,3.55,28.97,32.34,26.22,83.41,2.17,23.66
2019-05-23,34.55,28.3,31.48,25.82,87.49,2.1,23.46
2019-05-24,55.35,28.69,31.43,26.82,87.57,2.83,16.83
2019-05-25,64.91,28.16,30.88,26.26,87.94,3.04,6.87
2019-05-26,22.45,28.42,31.44,26.23,88.11,2.03,19.85
2019-05-27,3.76,28.57,31.45,26.25,90.42,1.88,24.97
2019-05-28,6.63,28.86,32.74,25.4,87.61,1.66,26.33
2019-05-29,1.67,28.55,31.19,25.84,89.02,1.56,25.25
2019-05-30,0.04,28.86,32.69,25.72,86.09,2.27,24.55
2019-05-31,14.17,29.05,32.53,26.08,86.68,2.15,20.27
2019-06-01,24.82,28.66,31.3,26.23,86.66,1.88,19.0
2019-06-02,23.88,28.83,32.66,25.86,83.55,1.56,17.59
2019-06-03,27.44,28.19,31.5,25.39,85.44,2.18,15.98
2019-06-04,20.85,28.32,31.45,25.93,86.31,2.48,8.62
2019-06-05,24.34,27.05,28.54,25.99,91.71,3.04,9.0
2019-06-06,4.78,27.04,29.44,25.44,91.93,3.03,15.46
2019-06-07,2.63,27.39,29.95,25.63,89.83,2.89,13.44
2019-06-08,5.17,27.8,30.67,25.6,90.8,2.36,12.46
2019-06-09,11.98,28.13,30.29,26.61,92.37,2.59,10.23
2019-06-10,2.26,28.6,31.91,26.12,89.0,2.03,21.54
2019-06-11,0.0,28.66,32.02,25.69,87.76,1.78,25.71
2019-06-12,0.02,29.92,34.04,25.84,83.12,1.2,25.17
2019-06-13,0.53,28.79,30.55,27.38,93.04,2.26,19.82
2019-06-14,12.58,29.33,31.9,27.14,89.68,2.97,13.35
2019-06-15,35.45,28.96,30.9,27.9,93.37,3.19,7.8
2019-06-16,6.86,28.66,30.67,27.4,91.25,3.23,19.33
2019-06-17,5.19,28.78,30.48,27.51,92.28,2.97,21.71
2019-06-18,4.85,29.2,32.16,27.16,87.03,1.17,18.96
2019-06-19,3.95,29.05,31.84,26.72,87.82,1.62,17.81
2019-06-20,4.01,27.82,30.63,23.96,80.75,1.46,23.11
2019-06-21,4.88,28.98,32.36,26.66,86.66,2.74,21.29
2019-06-22,15.77,28.83,31.88,26.71,88.04,3.18,23.06
2019-06-23,6.14,29.42,32.76,26.44,85.2,1.59,22.96
2019-06-24,0.58,29.7,32.77,26.94,85.48,1.58,23.92
2019-06-25,1.12,29.16,31.49,27.21,88.07,2.04,20.63
2019-06-26,8.83,29.28,31.92,27.29,88.18,3.04,22.14
2019-06-27,8.68,29.27,32.59,27.18,85.98,3.39,16.93
2019-06-28,12.71,29.2,32.11,26.85,87.85,2.65,22.2
2019-06-29,47.14,28.88,31.54,27.38,90.32,2.5,21.61
2019-06-30,18.66,29.47,33.03,27.02,86.59,1.87,20.91
2019-07-01,14.48,28.6,31.63,27.26,89.51,2.84,19.25
2019-07-02,11.64,29.2,32.11,27.43,88.4,4.74,18.38
2019-07-03,6.96,28.98,31.72,26.75,87.64,2.86,17.6
2019-07-04,12.61,29.09,32.29,26.61,88.43,2.21,16.63
2019-07-05,15.6,28.56,31.4,26.73,89.91,3.16,20.6
2019-07-06,24.99,28.55,31.18,27.05,89.2,4.95,5.4
2019-07-07,90.38,28.43,31.1,26.65,90.81,4.4,5.71
2019-07-08,205.65,28.28,30.44,26.91,92.05,3.78,2.24
2019-07-09,186.41,28.22,29.98,27.05,93.08,4.44,3.52
2019-07-10,154.88,28.16,29.71,27.22,94.13,4.13,4.71
2019-07-11,123.77,27.76,28.83,27.11,95.24,4.0,3.48
2019-07-12,49.48,27.8,28.99,26.89,95.16,3.55,11.34
2019-07-13,104.96,27.93,29.79,26.47,94.18,3.26,3.11
2019-07-14,73.79,27.68,29.1,26.27,94.71,3.51,9.28
2019-07-15,39.64,28.36,30.69,26.76,92.75,3.27,17.1
2019-07-16,6.5,28.41,30.85,26.8,91.85,2.23,21.96
2019-07-17,1.56,29.42,32.85,26.29,87.41,1.27,23.81
2019-07-18,24.14,28.16,30.34,26.77,90.84,1.0,20.26
2019-07-19,78.32,28.14,31.09,26.22,90.96,1.77,23.05
2019-07-20,11.57,28.54,31.62,25.96,88.86,1.68,24.3
2019-07-21,2.8,28.53,31.19,26.28,90.08,1.9,21.84
2019-07-22,3.61,28.1,30.71,25.89,89.08,2.16,19.38
2019-07-23,24.28,27.38,28.77,25.82,91.74,1.96,16.42
2019-07-24,28.28,27.98,30.36,26.46,92.33,2.79,17.41
2019-07-25,35.61,28.64,31.84,26.23,88.07,1.79,19.57
2019-07-26,95.64,27.3,29.09,26.22,92.88,3.77,14.79
2019-07-27,9.8,27.75,30.16,26.26,92.75,3.73,17.72
2019-07-28,8.17,27.81,30.48,25.97,90.3,3.5,23.07
2019-07-29,13.75,27.54,29.99,25.53,91.44,3.82,20.84
2019-07-30,38.27,27.3,29.09,25.55,92.92,2.77,15.84
2019-07-31,29.13,27.8,30.27,26.09,91.41,2.9,14.89
2019-08-01,10.22,27.86,30.9,25.65,90.37,2.65,19.36
2019-08-02,5.78,27.7,30.42,26.17,91.5,2.37,21.43
2019-08-03,12.44,27.89,31.09,25.8,91.17,2.44,20.25
2019-08-04,6.25,28.75,32.09,25.96,88.96,1.5,22.41
2019-08-05,6.4,30.35,35.15,26.75,84.27,0.95,24.25
2019-08-06,16.25,28.64,31.11,27.06,91.98,3.29,19.47
2019-08-07,50.48,27.57,29.53,26.23,92.28,5.19,16.87
2019-08-08,77.31,27.83,30.01,26.16,91.09,4.38,12.43
2019-08-09,68.97,28.29,31.05,26.14,90.6,2.37,8.95
2019-08-10,17.2,28.77,32.14,25.87,87.96,1.33,14.92
2019-08-11,10.9,29.53,32.31,26.58,86.71,0.9,21.25
2019-08-12,63.07,27.93,29.54,26.68,93.51,2.88,20.12
2019-08-13,94.59,27.44,29.05,26.37,92.91,4.53,7.72
2019-08-14,94.84,27.5,28.98,26.66,94.47,3.47,7.91
2019-08-15,62.52,28.03,30.31,26.3,93.21,2.52,16.9
2019-08-16,27.35,28.34,30.82,26.67,92.42,2.29,8.44
2019-08-17,42.14,27.96,30.91,26.09,91.41,2.49,19.0
2019-08-18,6.55,27.28,29.95,25.19,90.02,3.34,19.78
2019-08-19,5.77,28.15,31.31,25.47,89.35,1.96,22.45
2019-08-20,9.64,28.39,31.69,25.7,88.13,1.34,20.02
2019-08-21,2.51,29.18,32.62,26.48,85.6,1.1,16.38
2019-08-22,13.31,28.97,32.63,26.54,85.82,1.15,18.76
2019-08-23,7.35,28.03,30.65,26.01,89.27,2.6,21.27
2019-08-24,28.94,27.22,29.34,25.72,92.71,2.89,15.11
2019-08-25,7.17,27.91,32.17,24.68,88.19,2.31,22.56
2019-08-26,8.03,28.09,31.12,26.03,90.0,2.33,23.19
2019-08-27,10.13,28.26,31.38,25.89,89.32,2.06,22.91
2019-08-28,1.19,27.92,30.36,26.28,90.99,1.8,17.09
2019-08-29,0.19,28.56,31.96,26.02,87.44,1.56,23.69
2019-08-30,0.74,29.42,33.34,26.08,81.61,0.8,17.9
2019-08-31,19.59,29.53,33.23,26.47,83.58,0.85,20.73
2019-09-01,24.78,29.71,33.54,26.82,86.63,1.55,17.36
2019-09-02,5.49,28.52,32.65,26.12,87.75,2.05,20.02
2019-09-03,8.79,28.36,31.26,26.18,89.88,2.96,19.32
2019-09-04,3.03,28.28,31.35,26.26,90.97,2.62,19.57
2019-09-05,3.24,27.99,30.33,26.49,91.35,2.67,21.01
2019-09-06,3.95,28.38,31.03,26.53,89.66,2.87,21.36
2019-09-07,17.83,27.83,29.95,25.92,91.39,3.69,14.99
2019-09-08,54.42,28.12,30.81,26.38,90.44,3.27,9.15
2019-09-09,47.86,28.41,31.42,26.46,91.11,3.26,7.4
2019-09-10,64.22,28.16,29.94,27.0,93.8,2.62,9.66
2019-09-11,11.96,28.09,30.07,26.85,93.26,2.78,14.72
2019-09-12,94.26,27.7,29.39,26.56,92.51,4.38,7.98
2019-09-13,70.04,27.33,28.91,26.23,92.9,2.84,7.28
2019-09-14,6.32,27.79,30.55,25.76,89.55,1.79,21.23
2019-09-15,0.74,28.13,31.27,25.47,89.45,1.5,20.09
2019-09-16,1.78,28.05,30.88,25.83,89.47,1.36,20.44
2019-09-17,3.17,29.0,32.46,25.65,83.54,0.91,22.8
2019-09-18,6.42,29.93,33.67,26.14,77.82,0.66,21.77
2019-09-19,0.85,28.88,31.8,25.68,84.9,1.12,23.08
2019-09-20,1.75,28.44,30.97,25.99,86.53,1.01,19.55
2019-09-21,5.97,29.02,32.02,26.66,83.62,0.66,12.76
2019-09-22,9.65,29.22,32.79,26.11,81.24,0.78,21.12
2019-09-23,13.96,28.13,31.23,25.9,83.35,0.92,21.09
2019-09-24,26.32,27.0,29.15,25.42,91.15,1.34,15.78
2019-09-25,11.45,26.61,29.51,24.44,89.06,1.16,12.23
2019-09-26,8.4,26.41,29.24,23.87,88.58,1.07,14.9
2019-09-27,1.61,26.37,30.08,23.21,87.08,1.35,18.94
2019-09-28,2.12,26.43,30.15,23.49,85.38,0.87,16.45
2019-09-29,5.81,25.98,28.51,23.63,89.77,0.9,10.09
2019-09-30,44.44,26.6,29.35,24.38,88.01,1.39,14.73
2019-10-01,45.04,26.04,28.5,24.53,91.57,1.74,6.61
2019-10-02,31.83,26.87,30.25,24.12,89.6,1.79,13.91
2019-10-03,7.56,27.23,30.94,24.67,90.28,1.71,17.15
2019-10-04,3.18,27.17,30.54,24.34,87.59,1.05,17.33
2019-10-05,5.54,27.35,30.32,24.53,87.86,1.09,18.23
2019-10-06,12.01,27.45,30.4,25.44,85.1,0.79,9.96
2019-10-07,12.24,26.88,29.68,24.87,87.09,0.97,18.97
2019-10-08,10.25,26.84,28.96,24.76,84.22,0.73,20.15
2019-10-09,9.02,25.67,28.23,23.26,88.13,0.78,11.19
2019-10-10,51.56,25.31,27.6,23.5,92.56,1.83,3.82
2019-10-11,61.57,26.34,29.62,23.92,88.98,1.35,10.93
2019-10-12,7.65,26.61,30.27,23.92,84.92,0.94,20.77
2019-10-13,0.0,25.56,29.68,22.0,84.95,1.54,21.26
2019-10-14,0.0,25.59,30.18,21.35,84.08,1.38,20.99
2019-10-15,1.01,26.21,30.67,22.0,84.27,0.98,19.07
2019-10-16,11.63,28.06,32.3,24.3,76.82,0.63,18.96
2019-10-17,7.24,27.62,31.39,24.05,82.04,0.95,21.12
2019-10-18,3.9,27.27,30.94,23.96,85.12,1.25,20.89
2019-10-19,0.0,26.92,30.65,23.46,85.74,1.24,20.53
2019-10-20,0.0,26.46,30.69,22.82,86.79,1.52,20.35
2019-10-21,4.11,26.25,30.07,22.58,86.93,1.46,19.06
2019-10-22,2.18,26.48,29.9,23.04,86.99,1.12,16.97
2019-10-23,1.39,26.04,29.59,23.34,88.3,1.41,17.1
2019-10-24,1.21,23.51,26.02,21.73,91.37,2.66,13.09
2019-10-25,6.16,25.43,30.15,21.37,89.34,1.85,10.85
2019-10-26,21.87,26.57,28.83,24.56,91.33,1.64,15.1
2019-10-27,6.54,25.83,28.59,24.07,89.87,0.88,17.11
2019-10-28,2.06,24.82,28.42,22.41,89.57,1.83,18.93
2019-10-29,0.0,24.44,28.39,21.3,86.33,1.42,18.41
2019-10-30,0.0,24.62,28.68,20.59,83.14,1.07,19.4
2019-10-31,0.0,24.96,28.98,21.47,82.02,1.1,18.03
2019-11-01,0.0,25.05,28.88,21.7,83.79,1.28,18.51
2019-11-02,0.0,25.1,29.84,21.3,82.63,1.06,19.83
2019-11-03,0.0,25.11,29.6,21.13,79.5,0.94,19.5
2019-11-04,0.0,25.59,29.31,22.78,81.15,0.92,18.44
2019-11-05,0.0,25.49,29.32,22.14,80.76,1.01,18.48
2019-11-06,0.0,24.6,29.3,20.57,82.11,1.19,16.41
2019-11-07,0.0,24.89,30.38,19.94,78.6,1.0,17.7
2019-11-08,8.81,24.16,26.77,22.02,89.43,1.09,5.26
2019-11-09,31.64,24.3,27.2,22.49,93.49,2.91,6.06
2019-11-10,70.4,24.42,26.31,22.83,95.02,3.66,3.54
2019-11-11,64.6,25.1,28.15,22.44,92.0,1.64,8.94
2019-11-12,12.38,23.68,27.99,20.54,87.79,1.46,17.41
2019-11-13,0.0,23.05,27.92,18.66,86.26,1.37,18.62
2019-11-14,0.0,23.68,28.98,18.79,86.75,1.21,18.86
2019-11-15,0.01,23.66,28.22,19.75,83.57,1.26,18.94
2019-11-16,0.08,23.34,27.84,18.94,83.29,1.1,18.78
2019-11-17,0.0,23.39,27.29,19.64,78.63,0.91,17.98
2019-11-18,0.0,22.91,27.03,18.92,80.24,1.06,17.83
2019-11-19,0.0,22.76,26.99,18.1,77.72,0.95,17.99
2019-11-20,0.0,21.79,26.1,18.28,80.26,1.12,17.19
2019-11-21,0.0,21.51,26.34,16.33,78.71,1.11,17.73
2019-11-22,0.0,21.65,25.9,16.76,76.43,0.88,17.66
2019-11-23,0.0,21.89,26.23,16.5,77.61,0.98,17.44
2019-11-24,0.0,21.58,25.93,16.38,80.49,0.97,17.14
2019-11-25,0.0,21.33,26.29,16.44,82.42,1.04,17.38
2019-11-26,0.0,21.94,27.4,16.84,80.19,0.95,17.66
2019-11-27,0.0,22.1,27.58,16.96,77.44,0.89,17.78
2019-11-28,0.0,22.25,28.21,16.91,82.99,1.05,17.51
2019-11-29,0.0,22.62,27.63,17.97,83.25,0.89,17.53
2019-11-30,0.0,22.27,26.95,17.66,83.39,1.03,17.07
2019-12-01,0.0,20.79,25.84,16.62,86.9,1.42,15.45
2019-12-02,0.0,19.7,24.7,15.8,85.33,1.66,14.79
2019-12-03,0.0,19.05,24.07,14.7,77.77,1.31,16.93
2019-12-04,0.0,18.84,24.66,13.94,82.52,1.51,17.31
2019-12-05,0.0,21.1,27.54,14.03,74.11,0.85,16.89
2019-12-06,0.0,21.48,27.33,15.99,76.97,0.94,16.66
2019-12-07,0.0,20.89,26.46,15.48,80.42,1.16,16.96
2019-12-08,0.0,21.85,26.05,17.61,71.35,0.77,15.0
2019-12-09,0.0,21.19,25.59,16.78,76.96,0.78,15.68
2019-12-10,0.0,20.43,24.37,16.45,79.0,0.98,14.87
2019-12-11,0.0,20.2,24.3,16.07,74.99,0.9,14.22
2019-12-12,0.0,19.27,24.24,14.64,75.3,1.11,15.55
2019-12-13,0.0,18.82,25.14,13.31,75.28,0.98,16.19
2019-12-14,0.0,19.26,25.35,13.24,76.67,1.08,15.92
2019-12-15,0.0,19.26,24.66,13.98,80.85,1.34,16.13
2019-12-16,0.0,19.1,24.84,14.48,87.51,1.36,15.67
2019-12-17,0.0,18.55,24.28,14.22,87.61,1.52,15.33
2019-12-18,0.0,16.96,22.26,13.16,89.35,2.05,15.79
2019-12-19,0.0,15.08,20.82,10.5,89.98,1.7,9.07
2019-12-20,0.0,14.84,20.56,9.88,86.25,1.37,14.15
2019-12-21,0.0,14.88,20.87,10.32,89.24,1.36,11.64
2019-12-22,0.0,14.86,20.87,10.0,87.87,1.74,15.04
2019-12-23,0.0,15.79,21.75,10.86,88.35,1.91,13.4
2019-12-24,0.0,15.62,22.01,10.57,86.3,1.78,16.24
2019-12-25,0.0,15.17,21.43,9.51,85.52,1.57,14.63
2019-12-26,0.3,16.78,23.43,11.04,83.39,1.43,12.17
2019-12-27,18.2,15.12,21.24,11.67,91.43,1.72,6.05
2019-12-28,0.14,14.32,20.42,9.42,88.08,1.94,8.48
2019-12-29,0.07,15.85,22.93,9.48,86.18,1.47,9.86
2019-12-30,0.0,17.28,23.3,11.05,82.19,1.0,13.53
2019-12-31,0.0,18.68,25.09,12.61,79.89,1.03,16.22
2020-01-01,0.11,20.21,26.32,15.33,77.07,0.96,13.6
2020-01-02,0.07,20.05,25.45,14.59,84.88,1.09,7.4
2020-01-03,81.42,18.19,21.64,16.14,92.38,1.55,4.99
2020-01-04,27.24,17.88,21.78,14.67,83.99,0.77,9.64
2020-01-05,13.82,18.05,22.61,14.96,88.09,1.37,14.56
2020-01-06,0.21,15.24,20.31,11.48,85.68,2.03,16.54
2020-01-07,0.0,14.61,21.5,8.97,84.02,1.45,16.05
2020-01-08,0.0,15.45,21.74,9.89,85.45,1.75,15.58
2020-01-09,0.07,16.95,21.97,11.53,85.43,1.26,14.98
2020-01-10,0.85,17.08,22.12,13.39,87.63,1.98,15.06
2020-01-11,0.96,14.96,20.53,10.12,89.9,1.96,13.23
2020-01-12,0.0,15.21,21.61,10.06,88.99,1.91,12.12
2020-01-13,0.0,15.43,21.42,10.02,85.73,1.35,8.96
2020-01-14,0.0,15.62,21.67,9.99,86.18,1.24,15.33
2020-01-15,0.0,16.52,22.94,11.09,87.72,1.42,17.4
2020-01-16,0.0,17.96,25.09,11.65,85.19,1.44,17.61
2020-01-17,0.0,19.19,26.01,13.04,82.68,1.24,18.02
2020-01-18,0.0,19.68,26.06,13.47,76.26,1.11,18.08
2020-01-19,0.0,19.12,25.47,13.9,82.52,1.33,17.33
2020-01-20,0.0,17.01,22.18,13.06,87.47,1.9,14.85
2020-01-21,0.0,15.11,20.59,10.16,80.2,1.87,16.76
2020-01-22,0.0,14.55,21.43,8.92,80.26,1.85,18.08
2020-01-23,0.0,16.47,22.44,10.39,76.96,1.3,14.37
2020-01-24,0.0,16.22,21.72,11.65,77.47,1.49,15.68
2020-01-25,0.0,14.79,21.37,8.84,75.02,1.48,17.22
2020-01-26,0.0,15.11,20.8,10.18,74.21,1.29,16.8
2020-01-27,0.0,15.33,20.59,10.12,74.65,1.32,15.33
2020-01-28,0.0,16.4,22.37,9.75,76.11,1.24,14.73
2020-01-29,0.02,17.57,22.64,12.6,75.36,0.94,6.12
2020-01-30,0.08,18.19,23.48,12.68,82.68,1.13,9.42
2020-01-31,0.21,18.0,23.23,13.76,86.06,1.31,14.42
2020-02-01,0.0,16.83,22.8,11.47,80.49,1.43,17.23
2020-02-02,0.0,16.2,22.02,10.95,74.45,1.6,16.38
2020-02-03,0.0,14.26,20.81,8.94,76.03,1.86,19.49
2020-02-04,0.0,14.38,21.75,7.86,77.08,1.88,19.59
2020-02-05,0.0,15.66,22.2,9.2,77.58,1.57,16.78
2020-02-06,0.0,16.94,23.55,11.62,74.78,1.69,18.61
2020-02-07,0.0,16.77,23.59,10.58,74.13,1.53,16.22
2020-02-08,0.0,17.51,23.31,12.24,73.25,1.72,13.57
2020-02-09,0.0,17.7,22.49,14.13,77.17,1.88,10.85
2020-02-10,0.01,15.94,22.72,10.05,72.44,1.95,19.72
2020-02-11,0.0,15.77,23.05,9.77,75.54,1.7,20.4
2020-02-12,0.0,15.9,23.17,9.98,73.75,1.86,19.95
2020-02-13,0.0,16.99,23.47,10.89,66.34,1.29,18.14
2020-02-14,0.0,18.17,24.0,13.02,70.68,1.18,17.5
2020-02-15,0.0,18.93,25.16,13.65,86.52,1.72,17.58
2020-02-16,0.0,20.22,25.74,14.03,76.22,0.93,17.91
2020-02-17,0.0,20.53,25.77,14.94,70.08,0.95,19.47
2020-02-18,0.0,20.94,26.22,15.97,66.88,0.87,19.59
2020-02-19,0.0,21.04,26.28,15.28,63.68,0.86,19.04
2020-02-20,0.0,21.08,26.81,15.68,66.5,1.0,19.3
2020-02-21,0.0,20.68,26.88,13.89,65.19,1.23,21.45
2020-02-22,0.0,21.96,28.29,15.42,60.43,0.88,20.65
2020-02-23,0.0,22.8,28.35,18.55,60.69,0.87,19.97
2020-02-24,0.0,22.13,27.27,16.82,76.78,1.24,17.73
2020-02-25,1.13,21.25,27.14,17.27,81.43,1.48,12.06
2020-02-26,3.78,19.85,26.55,16.02,81.84,1.26,3.24
2020-02-27,1.04,19.93,25.56,15.17,76.62,1.18,20.04
2020-02-28,0.21,20.15,26.32,14.6,71.18,1.23,22.43
2020-02-29,0.0,21.15,27.29,15.55,66.91,0.98,22.52
2020-03-01,0.0,22.25,27.86,16.81,65.81,0.87,22.9
2020-03-02,0.21,22.79,28.04,18.0,68.02,0.96,21.47
2020-03-03,16.45,23.43,28.42,18.86,74.76,0.8,17.56
2020-03-04,14.88,23.44,28.08,18.62,70.46,0.71,13.58
2020-03-05,0.55,23.53,28.0,18.27,72.66,0.9,18.22
2020-03-06,0.17,23.64,28.24,19.07,71.2,1.04,9.46
2020-03-07,1.22,22.79,27.67,18.7,78.26,0.89,9.93
2020-03-08,0.37,23.56,27.99,19.48,76.82,1.25,19.45
2020-03-09,0.0,22.49,27.52,17.85,72.32,1.33,23.47
2020-03-10,0.0,21.04,27.42,14.96,66.5,1.69,24.2
2020-03-11,0.0,22.46,28.05,15.29,66.7,1.24,23.55
2020-03-12,0.0,24.91,30.29,19.65,68.0,1.12,22.5
2020-03-13,0.0,24.82,31.04,20.11,70.56,1.39,22.62
2020-03-14,0.0,23.99,31.06,18.21,73.54,1.93,23.86
2020-03-15,0.0,23.01,30.45,17.8,74.36,2.4,22.11
2020-03-16,0.0,22.96,30.01,16.53,73.99,1.79,20.31
2020-03-17,0.0,23.59,29.45,18.09,70.87,1.55,22.33
2020-03-18,0.0,24.05,29.6,18.0,67.43,1.24,22.32
2020-03-19,0.0,24.26,29.84,17.53,62.83,1.2,21.48
2020-03-20,0.01,24.37,29.74,18.53,60.84,0.98,21.4
2020-03-21,0.01,24.95,30.4,20.57,65.42,1.03,21.24
2020-03-22,0.71,23.95,28.65,20.11,74.35,0.97,17.34
2020-03-23,0.22,23.98,28.88,18.45,66.22,1.13,22.35
2020-03-24,0.2,24.33,28.99,20.09,70.8,0.89,21.03
2020-03-25,0.33,25.45,30.5,20.65,69.82,1.0,23.3
2020-03-26,0.1,26.29,31.19,20.48,69.23,1.03,22.01
2020-03-27,0.0,26.67,32.2,20.56,69.5,1.3,24.41
2020-03-28,0.0,27.12,32.97,22.08,75.5,1.46,24.42
2020-03-29,0.0,28.25,33.51,23.08,66.03,1.17,24.39
2020-03-30,0.0,27.77,32.96,21.72,49.47,1.15,25.69
2020-03-31,0.0,27.27,32.8,21.04,49.01,0.87,26.23
2020-04-01,0.0,26.43,33.26,19.18,54.08,1.36,26.01
2020-04-02,0.58,27.16,33.3,21.58,77.8,1.97,24.27
2020-04-03,6.29,27.56,32.98,23.55,78.81,1.97,21.14
2020-04-04,12.65,26.81,31.85,22.63,79.79,1.18,18.69
2020-04-05,11.48,26.63,31.31,22.9,77.9,1.29,13.04
2020-04-06,8.7,26.66,31.64,22.47,79.46,1.59,23.08
2020-04-07,11.59,26.84,32.35,22.25,78.41,2.15,24.3
2020-04-08,0.01,26.75,31.75,23.05,80.63,2.15,13.97
2020-04-09,0.0,25.69,29.19,22.3,82.56,1.45,17.89
2020-04-10,0.02,27.68,33.15,23.03,73.13,1.23,25.32
2020-04-11,0.53,28.1,33.61,23.34,71.82,1.14,25.59
2020-04-12,0.53,27.6,33.0,22.65,67.1,0.91,24.07
2020-04-13,0.02,27.4,33.02,22.7,69.74,1.18,24.87
2020-04-14,0.0,28.15,34.49,23.59,70.46,1.26,25.19
2020-04-15,0.35,27.9,33.16,22.93,77.25,1.43,24.06
2020-04-16,7.93,27.27,31.61,23.3,77.34,1.6,22.92
2020-04-17,6.42,27.42,32.11,23.8,79.82,2.86,15.63
2020-04-18,22.27,27.09,30.74,23.97,84.27,2.63,22.26
2020-04-19,20.32,27.36,31.92,23.85,83.87,1.92,25.53
2020-04-20,34.3,26.2,29.64,23.61,88.69,1.75,21.84
2020-04-21,6.1,27.61,31.16,24.53,75.87,1.04,7.32
2020-04-22,2.51,26.12,30.46,23.17,77.5,1.33,14.72
2020-04-23,6.24,26.61,30.67,23.38,76.56,1.06,19.75
2020-04-24,20.48,25.54,29.85,21.01,83.81,1.54,18.04
2020-04-25,46.4,26.0,29.5,23.14,87.25,1.68,15.31
2020-04-26,30.7,26.1,29.31,23.61,88.3,1.4,10.74
2020-04-27,8.92,26.0,30.26,21.99,82.69,1.23,21.03
2020-04-28,12.01,25.98,29.5,23.08,82.62,1.15,13.57
2020-04-29,16.38,25.66,29.43,22.6,85.51,1.65,19.67
2020-04-30,15.42,26.62,30.65,23.66,83.77,1.35,14.4
2020-05-01,14.48,26.34,30.09,22.71,84.59,1.31,15.83
2020-05-02,16.25,26.59,30.47,23.66,84.98,1.57,21.42
2020-05-03,27.87,26.07,29.66,23.62,87.92,1.87,15.61
2020-05-04,7.39,27.35,31.09,23.66,83.5,1.31,21.07
2020-05-05,21.23,28.17,32.05,24.57,85.32,1.54,23.33
2020-05-06,22.31,27.46,30.51,25.34,85.99,1.31,17.6
2020-05-07,2.15,27.99,31.98,24.08,77.6,0.88,27.48
2020-05-08,3.22,27.78,32.5,22.59,76.03,1.07,27.62
2020-05-09,9.89,28.41,32.68,23.11,77.76,0.91,27.63
2020-05-10,13.93,29.36,33.16,25.09,74.19,0.62,26.69
2020-05-11,0.03,28.8,32.15,25.66,77.75,0.88,25.36
2020-05-12,0.03,28.22,31.68,25.75,82.68,1.17,22.44
2020-05-13,0.65,28.23,32.17,24.99,83.4,1.55,22.55
2020-05-14,11.06,28.44,32.34,25.02,83.02,1.67,26.86
2020-05-15,10.89,28.63,32.3,25.44,83.61,1.64,24.45
2020-05-16,7.5,28.94,33.06,25.55,83.57,1.75,25.56
2020-05-17,8.94,29.22,33.52,25.36,82.84,1.5,23.82
2020-05-18,0.0,29.13,33.14,26.17,81.92,1.43,24.06
2020-05-19,3.54,28.68,31.14,26.19,78.84,1.12,21.36
2020-05-20,50.51,28.16,32.11,25.29,84.82,5.78,11.58
2020-05-21,40.47,28.15,30.52,26.78,86.33,6.25,12.32
2020-05-22,43.32,28.78,32.0,26.52,86.64,2.86,19.31
2020-05-23,9.51,28.7,32.43,25.84,87.59,2.43,23.07
2020-05-24,0.52,28.52,31.9,25.9,87.62,3.38,22.88
2020-05-25,0.01,28.57,31.33,26.61,85.56,4.61,19.5
2020-05-26,6.06,28.18,30.84,26.39,86.07,4.52,20.39
2020-05-27,67.39,28.13,30.63,26.42,88.91,3.92,6.47
2020-05-28,34.65,27.92,30.83,25.86,87.28,2.17,14.15
2020-05-29,17.02,27.9,31.15,25.28,85.85,1.69,18.89
2020-05-30,27.0,27.82,31.0,24.98,88.43,2.32,13.87
2020-05-31,29.95,28.21,31.73,25.36,87.85,1.64,20.29
2020-06-01,30.56,27.6,29.94,25.66,90.04,2.11,16.89
2020-06-02,13.58,27.49,29.94,25.34,91.86,2.05,11.68
2020-06-03,17.43,27.3,30.03,25.63,87.76,2.36,14.33
2020-06-04,34.84,27.9,30.81,25.5,90.1,2.17,11.14
2020-06-05,15.65,27.74,30.07,25.5,91.08,1.84,20.41
2020-06-06,20.78,28.23,30.05,26.57,93.65,1.97,19.77
2020-06-07,32.56,28.12,30.24,26.34,92.38,1.71,18.96
2020-06-08,25.24,28.44,31.6,25.21,85.78,1.46,18.76
2020-06-09,11.32,29.41,33.51,26.44,83.46,1.04,19.55
2020-06-10,20.98,28.71,31.55,26.46,88.86,1.28,16.19
2020-06-11,21.91,28.36,30.66,27.0,92.21,2.97,19.17
2020-06-12,24.29,28.09,30.14,26.35,92.43,3.08,11.46
2020-06-13,27.29,28.42,30.27,27.26,94.09,2.9,10.73
2020-06-14,10.96,28.48,30.57,26.87,92.7,2.17,22.01
2020-06-15,15.95,28.53,30.51,26.8,93.45,2.16,18.49
2020-06-16,15.31,27.96,29.55,26.39,92.14,2.51,16.74
2020-06-17,43.45,28.02,29.71,26.88,93.82,3.86,3.43
2020-06-18,36.17,27.6,28.77,26.45,94.1,4.15,6.14
2020-06-19,26.43,28.41,31.29,26.58,91.28,2.89,11.96
2020-06-20,24.41,28.03,30.79,26.24,92.09,2.84,22.1
2020-06-21,13.27,27.84,30.26,25.94,92.06,3.69,17.37
2020-06-22,10.64,28.11,30.45,26.13,91.13,3.22,21.38
2020-06-23,12.56,28.52,31.18,26.76,90.38,2.98,20.04
2020-06-24,7.16,28.64,31.55,26.44,90.13,2.21,23.66
2020-06-25,5.04,28.54,30.95,26.44,90.52,2.43,22.36
2020-06-26,12.05,28.38,30.33,26.83,92.35,2.83,19.87
2020-06-27,50.78,28.27,30.33,26.93,91.03,2.93,10.59
2020-06-28,12.49,27.63,29.67,25.86,91.16,2.18,12.18
2020-06-29,11.01,28.26,31.58,25.84,88.04,2.15,21.11
2020-06-30,4.1,28.24,31.02,25.86,88.53,2.34,21.31
2020-07-01,12.49,28.32,30.69,26.49,90.2,1.97,22.3
2020-07-02,4.2,28.42,30.68,26.71,92.0,1.84,16.84
2020-07-03,1.73,28.89,32.15,26.55,90.68,2.2,24.05
2020-07-04,9.13,28.28,31.64,26.28,91.25,3.31,21.82
2020-07-05,16.69,28.32,29.91,27.11,93.03,3.5,14.28
2020-07-06,15.9,28.72,30.73,27.09,91.02,3.49,14.92
2020-07-07,18.2,28.45,30.86,26.48,91.31,3.5,20.47
2020-07-08,22.9,28.6,31.14,27.0,90.65,2.92,14.28
2020-07-09,25.1,28.39,30.67,26.73,92.17,3.55,12.33
2020-07-10,23.91,28.71,30.78,27.32,91.87,3.88,16.06
2020-07-11,55.04,28.18,29.67,27.22,94.66,3.75,8.86
2020-07-12,35.61,28.33,29.9,27.02,93.63,2.47,12.08
2020-07-13,17.68,28.16,30.68,26.53,91.19,2.31,13.4
2020-07-14,13.3,27.58,29.97,25.69,92.46,3.01,19.97
2020-07-15,6.97,28.37,31.04,26.09,90.87,2.72,22.69
2020-07-16,5.7,28.29,30.92,26.1,89.5,2.09,22.74
2020-07-17,2.83,28.4,31.07,26.33,89.71,2.2,22.74
2020-07-18,23.86,27.98,29.87,26.52,92.86,2.24,14.85
2020-07-19,38.74,28.11,30.31,26.24,90.99,3.04,8.96
2020-07-20,30.61,27.88,29.62,26.48,93.04,3.11,9.48
2020-07-21,30.14,28.18,29.99,26.95,93.22,3.25,10.69
2020-07-22,61.72,27.24,28.89,25.9,93.31,2.5,11.67
2020-07-23,12.38,27.33,29.47,25.23,92.01,2.3,12.24
2020-07-24,16.51,27.89,30.35,26.2,92.33,2.65,21.75
2020-07-25,1.81,28.23,31.36,25.38,88.52,1.57,25.22
2020-07-26,2.16,28.73,31.9,26.21,88.7,1.45,22.81
2020-07-27,9.74,28.65,31.12,26.59,91.49,1.57,21.41
2020-07-28,17.59,28.49,31.46,26.59,90.26,2.31,18.22
2020-07-29,19.95,27.79,30.14,26.04,91.59,2.03,20.31
2020-07-30,7.68,28.54,31.55,26.09,89.56,1.6,19.51
2020-07-31,4.69,28.64,31.55,26.23,88.5,1.48,24.1
2020-08-01,2.73,29.41,33.32,26.36,85.08,0.92,21.57
2020-08-02,13.6,29.64,32.74,26.68,87.82,1.31,20.15
2020-08-03,9.75,29.36,31.9,27.28,89.14,1.13,21.02
2020-08-04,11.48,27.86,30.02,26.8,93.77,2.52,16.66
2020-08-05,9.95,28.49,31.29,26.45,89.86,4.41,19.25
2020-08-06,7.78,27.87,29.68,26.14,92.74,3.67,18.72
2020-08-07,13.88,28.64,31.31,26.91,90.25,2.53,16.29
2020-08-08,15.19,28.39,30.99,26.27,90.21,2.42,18.38
2020-08-09,1.78,28.32,31.15,26.48,89.92,2.61,19.09
2020-08-10,3.6,28.35,31.0,26.29,91.31,2.44,20.47
2020-08-11,21.6,28.86,31.62,26.82,90.27,2.94,9.81
2020-08-12,9.14,28.85,31.85,26.78,90.23,2.83,14.65
2020-08-13,2.07,28.87,32.28,26.54,88.91,2.44,23.23
2020-08-14,5.17,28.09,31.85,26.1,90.31,2.77,21.94
2020-08-15,40.0,27.9,30.27,25.55,90.81,5.22,14.39
2020-08-16,23.49,27.97,30.33,26.45,90.51,4.89,14.55
2020-08-17,29.04,27.88,30.25,26.41,90.71,4.38,7.7
2020-08-18,16.82,27.74,29.3,26.61,93.12,3.46,11.11
2020-08-19,3.12,27.14,28.26,25.82,93.99,3.63,13.35
2020-08-20,22.75,26.63,28.08,25.01,94.29,3.99,7.28
2020-08-21,17.77,26.93,29.22,25.2,92.61,3.18,14.04
2020-08-22,39.9,27.14,28.98,25.89,92.91,2.04,6.2
2020-08-23,20.84,27.5,30.25,25.59,90.65,1.73,16.57
2020-08-24,38.99,28.01,31.67,25.37,89.03,1.95,22.66
2020-08-25,11.96,27.42,29.97,25.95,92.73,3.46,15.18
2020-08-26,3.71,26.99,29.5,24.71,92.46,4.39,16.11
2020-08-27,9.58,27.38,30.02,25.88,92.2,2.91,17.3
2020-08-28,9.05,27.77,30.54,25.6,90.07,2.54,19.6
2020-08-29,12.96,28.07,31.06,25.8,89.97,2.19,20.13
2020-08-30,4.63,28.48,31.48,25.77,88.73,1.59,16.23
2020-08-31,16.99,28.71,31.59,26.49,91.11,1.38,12.57
2020-09-01,11.66,27.95,30.77,25.59,89.83,1.52,14.62
2020-09-02,16.01,27.63,31.28,25.04,89.16,1.82,20.96
2020-09-03,2.04,28.71,32.83,25.09,84.31,1.15,23.37
2020-09-04,0.6,28.93,32.64,25.5,84.92,1.05,23.33
2020-09-05,0.23,28.84,32.39,25.91,87.0,1.5,19.2
2020-09-06,2.1,28.11,30.46,26.22,89.76,1.73,20.21
2020-09-07,2.98,27.51,29.13,26.05,89.71,1.39,19.95
2020-09-08,2.29,28.32,31.33,25.61,87.92,1.26,19.93
2020-09-09,1.89,28.76,32.21,26.04,86.5,1.32,17.74
2020-09-10,25.53,28.44,31.29,26.41,88.8,1.66,15.95
2020-09-11,22.24,27.92,29.98,26.15,91.18,1.67,16.64
2020-09-12,15.07,28.41,31.52,26.29,89.43,1.76,17.07
2020-09-13,17.16,27.98,31.24,26.14,90.86,1.8,12.69
2020-09-14,10.95,27.74,30.12,25.94,92.29,1.73,15.6
2020-09-15,19.14,28.06,31.07,26.04,90.71,1.97,8.03
2020-09-16,13.19,27.91,30.22,26.34,91.29,1.91,18.33
2020-09-17,12.6,28.55,31.61,26.27,88.52,1.35,17.74
2020-09-18,1.52,29.55,32.73,26.6,84.06,0.78,22.34
2020-09-19,1.37,29.39,32.54,26.63,88.57,1.51,22.76
2020-09-20,6.39,30.18,34.21,26.94,83.12,1.64,13.97
2020-09-21,19.37,28.21,30.37,26.68,91.38,4.68,15.18
2020-09-22,32.91,28.11,29.4,27.19,94.08,3.54,6.3
2020-09-23,40.4,27.9,29.29,27.05,94.42,2.59,8.35
2020-09-24,43.23,27.86,29.49,26.92,93.24,3.0,5.76
2020-09-25,36.54,27.75,29.58,26.7,94.24,2.92,8.31
2020-09-26,48.75,27.73,29.3,26.8,94.27,3.09,9.66
2020-09-27,56.7,27.57,30.05,26.15,92.26,2.21,15.11
2020-09-28,18.87,27.94,31.01,25.61,90.19,1.15,20.01
2020-09-29,9.0,28.09,30.38,26.0,86.39,0.63,16.9
2020-09-30,19.03,28.33,31.43,25.66,85.1,0.7,13.41
2020-10-01,20.33,27.83,30.17,26.22,90.85,1.44,17.91
2020-10-02,4.63,27.81,30.66,25.92,90.83,1.62,19.2
2020-10-03,20.97,27.95,30.78,25.83,90.93,1.32,20.07
2020-10-04,7.73,28.17,31.15,26.2,88.76,1.2,17.77
2020-10-05,19.59,27.73,30.34,25.81,89.71,1.25,13.4
2020-10-06,19.84,27.41,29.64,25.63,90.34,1.15,14.2
2020-10-07,7.31,27.38,29.67,25.96,86.45,1.03,18.14
2020-10-08,0.58,28.38,32.38,24.06,81.16,0.85,20.17
2020-10-09,0.3,28.91,32.51,25.55,85.28,0.97,21.03
2020-10-10,0.49,29.1,32.34,26.48,84.91,0.71,19.48
2020-10-11,3.77,29.05,32.55,26.0,85.3,0.9,20.98
2020-10-12,8.99,28.86,32.23,25.79,85.08,0.81,18.79
2020-10-13,8.75,29.18,32.85,26.47,83.13,0.78,20.22
2020-10-14,10.79,28.95,32.89,26.69,84.65,0.69,19.43
2020-10-15,3.38,28.61,32.18,25.4,85.8,0.9,20.38
2020-10-16,1.88,28.68,31.86,25.57,84.57,1.06,20.57
2020-10-17,7.26,28.41,31.88,25.28,85.67,0.94,17.0
2020-10-18,25.94,27.44,28.83,26.18,87.78,1.01,10.67
2020-10-19,10.81,27.99,30.75,25.21,81.18,0.68,18.52
2020-10-20,5.61,26.91,30.44,25.09,88.76,1.68,15.34
2020-10-21,6.64,25.86,27.95,24.27,92.44,1.59,12.34
2020-10-22,67.46,25.75,27.18,24.77,95.17,2.97,1.49
2020-10-23,112.14,26.85,28.17,25.68,94.13,5.46,1.44
2020-10-24,28.52,27.15,29.23,25.21,91.03,3.08,11.04
2020-10-25,19.6,27.35,30.59,24.97,83.23,0.57,14.47
2020-10-26,1.96,26.69,30.18,23.7,87.14,0.99,18.91
2020-10-27,0.0,26.36,29.9,23.64,87.92,1.48,19.5
2020-10-28,0.0,26.01,30.06,22.41,87.37,1.5,19.23
2020-10-29,1.82,27.09,31.32,23.08,86.46,1.05,19.07
2020-10-30,8.55,27.78,30.52,24.24,88.57,1.2,17.62
2020-10-31,48.61,25.97,27.04,23.94,94.4,2.03,10.22
2020-11-01,38.63,25.33,27.79,23.22,91.58,1.16,7.97
2020-11-02,7.65,25.97,29.03,23.91,92.02,1.7,8.52
2020-11-03,26.1,25.98,28.28,24.27,93.76,1.36,10.83
2020-11-04,25.36,26.54,29.46,24.05,87.71,0.75,10.63
2020-11-05,0.25,23.53,28.8,19.61,78.35,1.4,18.12
2020-11-06,0.15,20.91,26.39,16.57,79.87,1.63,19.25
2020-11-07,0.0,21.5,27.74,15.26,78.23,1.35,19.73
2020-11-08,0.0,23.68,29.6,17.78,79.25,1.1,19.27
2020-11-09,0.0,24.6,29.57,19.73,83.37,1.18,19.25
2020-11-10,0.0,24.47,29.6,19.73,86.19,1.33,18.77
2020-11-11,0.0,24.47,29.72,20.03,86.26,1.41,18.79
2020-11-12,0.0,25.31,30.62,20.18,81.84,0.93,18.7
2020-11-13,0.0,25.04,29.96,20.9,84.65,1.12,18.35
2020-11-14,0.0,24.52,29.39,20.5,86.87,1.32,18.77
2020-11-15,0.0,23.56,28.58,19.56,87.19,1.36,18.49
2020-11-16,0.0,23.43,28.33,19.35,84.7,0.98,18.05
2020-11-17,0.0,23.6,27.43,20.03,81.25,1.12,17.02
2020-11-18,0.0,23.25,26.83,19.1,77.63,1.09,16.52
2020-11-19,0.0,21.93,26.38,17.06,81.07,1.14,15.83
2020-11-20,0.0,23.18,27.72,17.91,77.71,0.84,16.47
2020-11-21,7.0,23.59,28.07,18.96,80.65,0.74,9.38
2020-11-22,12.94,21.48,25.64,16.31,86.19,1.9,14.64
2020-11-23,0.01,18.09,23.78,13.16,79.95,1.82,17.35
2020-11-24,0.0,18.74,24.83,12.92,81.31,1.16,14.18
2020-11-25,0.0,20.48,26.11,14.67,84.42,1.04,14.89
2020-11-26,0.0,21.04,25.93,16.6,88.21,1.15,16.78
2020-11-27,0.0,20.85,26.63,16.17,85.9,1.3,17.96
2020-11-28,0.0,20.81,26.62,16.02,89.03,1.43,16.82
2020-11-29,0.0,21.37,27.52,16.85,88.92,1.54,17.66
2020-11-30,0.0,21.05,27.36,15.74,85.99,1.28,17.58
2020-12-01,0.0,21.42,27.4,15.92,81.32,0.94,17.69
2020-12-02,0.0,21.15,26.45,16.76,81.18,0.91,17.15
2020-12-03,0.0,21.33,26.06,16.8,78.9,0.74,16.42
2020-12-04,0.0,20.71,25.54,16.34,79.32,0.96,15.72
2020-12-05,0.0,20.71,25.39,16.09,76.4,0.79,15.65
2020-12-06,0.0,20.7,25.43,15.7,78.14,0.87,14.65
2020-12-07,0.0,19.54,24.91,14.76,85.88,1.01,14.74
2020-12-08,0.0,19.37,24.78,14.81,87.42,1.09,13.77
2020-12-09,0.0,18.97,23.75,15.26,86.84,0.99,10.84
2020-12-10,0.0,18.33,23.51,14.31,87.7,1.15,12.27
2020-12-11,0.0,18.07,23.35,13.46,88.75,1.28,12.27
2020-12-12,0.0,18.1,23.13,14.46,89.0,1.17,13.78
2020-12-13,0.0,18.41,23.71,13.86,89.02,1.4,14.61
2020-12-14,0.0,18.69,24.28,14.46,88.55,1.61,15.9
2020-12-15,0.0,18.28,24.06,13.92,88.47,1.76,15.72
2020-12-16,0.0,18.43,24.17,13.94,88.09,1.82,15.38
2020-12-17,0.0,18.21,23.7,13.8,88.1,1.77,15.27
2020-12-18,0.0,17.08,22.7,13.14,86.51,1.81,15.22
2020-12-19,0.0,14.71,20.68,10.08,84.08,2.1,16.64
2020-12-20,0.0,14.17,20.96,8.12,83.71,1.51,16.91
2020-12-21,0.0,15.65,22.05,9.67,83.27,1.15,16.75
2020-12-22,0.0,17.67,22.87,12.94,75.12,0.59,15.85
2020-12-23,0.03,17.29,22.99,11.87,79.2,0.91,16.12
2020-12-24,0.0,17.8,23.21,11.84,78.77,0.94,16.48
2020-12-25,0.0,17.26,23.35,12.14,86.72,1.27,16.9
2020-12-26,0.0,16.89,22.91,11.85,87.03,1.7,17.14
2020-12-27,0.0,15.89,22.26,10.34,82.65,1.46,17.27
2020-12-28,0.0,16.0,22.3,10.54,83.37,1.38,17.18
2020-12-29,0.0,15.83,22.16,10.42,86.22,1.57,16.94
2020-12-30,0.0,16.09,22.95,10.26,84.27,1.59,17.18
2020-12-31,0.0,16.62,23.25,10.58,85.0,1.31,17.41
2021-01-01,0.0,17.13,23.6,11.51,84.96,1.21,17.35
2021-01-02,0.0,17.02,23.4,11.57,85.88,1.18,17.15
2021-01-03,0.0,17.48,23.72,12.3,84.81,1.14,16.96
2021-01-04,0.0,18.05,24.47,12.74,83.97,1.32,17.12
2021-01-05,0.0,18.17,24.55,12.46,86.31,1.48,17.04
2021-01-06,0.0,18.9,25.5,12.94,85.83,1.41,17.28
2021-01-07,0.0,20.44,26.68,15.03,81.84,1.15,16.89
2021-01-08,0.0,19.97,25.97,15.01,80.96,1.51,16.87
2021-01-09,0.0,19.1,24.57,14.2,80.73,1.31,15.92
2021-01-10,0.0,19.8,24.55,14.74,81.83,0.94,14.38
2021-01-11,0.0,20.49,25.63,16.08,85.33,0.99,12.17
2021-01-12,0.0,19.02,24.32,15.08,86.68,1.48,14.67
2021-01-13,0.0,16.97,22.84,12.59,83.16,1.58,14.92
2021-01-14,0.0,15.75,21.87,10.37,79.7,1.5,12.53
2021-01-15,0.19,15.74,21.12,11.29,75.42,1.35,14.51
2021-01-16,0.0,15.5,21.46,9.95,77.29,1.38,14.12
2021-01-17,0.0,15.73,21.71,11.0,83.51,1.49,15.16
2021-01-18,0.0,16.4,22.66,10.77,83.21,1.27,16.35
2021-01-19,0.0,17.34,22.15,12.07,79.94,0.97,13.45
2021-01-20,0.32,17.97,23.02,13.19,89.57,1.62,7.33
2021-01-21,0.12,18.89,24.12,13.06,79.38,1.43,11.29
2021-01-22,0.08,15.91,22.59,10.73,75.45,1.39,16.4
2021-01-23,0.0,15.81,21.41,9.82,74.06,1.11,15.83
2021-01-24,0.0,16.45,22.63,10.28,76.34,1.17,16.63
2021-01-25,0.0,16.0,22.69,10.25,82.17,1.66,17.19
2021-01-26,0.0,15.83,22.78,10.19,80.58,2.05,17.7
2021-01-27,0.0,14.97,22.16,9.19,79.95,2.09,18.62
2021-01-28,0.0,14.84,22.19,7.87,76.38,1.55,19.07
2021-01-29,0.0,15.74,22.95,8.6,76.02,1.57,18.51
2021-01-30,0.0,15.82,22.73,10.04,75.65,1.45,13.98
2021-01-31,0.0,14.29,21.23,8.89,69.4,1.69,17.4
2021-02-01,0.0,13.72,21.32,7.63,69.29,1.62,18.64
2021-02-02,0.0,14.11,22.33,7.64,72.82,2.09,18.97
2021-02-03,0.0,15.35,23.98,8.3,75.01,1.82,19.58
2021-02-04,0.0,17.48,25.08,9.71,73.68,1.34,20.25
2021-02-05,0.0,19.02,25.07,11.34,66.56,0.93,20.25
2021-02-06,0.0,18.79,25.23,12.08,69.32,1.18,19.58
2021-02-07,0.01,17.32,23.72,12.87,78.17,2.38,15.31
2021-02-08,0.0,17.03,24.45,11.33,74.86,2.31,18.41
2021-02-09,0.0,17.29,25.74,10.76,72.83,2.03,20.14
2021-02-10,0.0,18.16,25.72,11.11,65.23,1.51,20.27
2021-02-11,0.0,19.4,25.53,12.94,59.5,0.94,19.15
2021-02-12,0.0,19.38,25.28,13.63,60.73,1.15,18.28
2021-02-13,0.0,18.8,25.71,13.01,64.84,1.46,18.72
2021-02-14,0.0,19.34,25.84,12.24,63.9,1.28,18.88
2021-02-15,0.0,21.17,26.2,15.8,57.95,0.67,17.14
2021-02-16,0.0,20.46,26.6,14.91,61.92,1.16,18.46
2021-02-17,0.0,19.48,27.47,12.56,67.13,1.66,20.52
2021-02-18,0.0,21.73,28.46,13.99,64.67,1.24,20.85
2021-02-19,0.0,22.16,26.73,16.64,64.02,0.78,19.17
2021-02-20,0.0,21.22,26.85,17.93,69.76,1.28,8.5
2021-02-21,0.0,20.95,28.13,15.27,66.0,1.74,19.46
2021-02-22,0.0,20.28,27.54,13.21,61.67,1.76,21.17
2021-02-23,0.0,21.07,28.39,13.94,59.67,1.48,21.65
2021-02-24,0.0,21.49,28.06,15.48,64.63,1.09,19.6
2021-02-25,0.0,22.52,28.8,17.83,80.75,1.27,19.14
2021-02-26,0.0,22.91,29.62,17.82,79.71,1.43,19.17
2021-02-27,0.0,22.92,29.23,18.2,84.68,1.62,18.92
2021-02-28,0.0,23.68,30.24,18.73,82.75,1.64,18.99
2021-03-01,0.0,24.04,30.41,18.99,83.3,1.85,19.28
2021-03-02,0.0,24.9,30.41,20.67,72.75,1.02,21.3
2021-03-03,0.0,24.27,30.02,19.26,73.92,1.04,20.93
2021-03-04,0.0,23.83,29.38,19.82,80.13,1.64,21.29
2021-03-05,0.0,23.72,29.1,18.73,84.36,2.25,19.36
2021-03-06,0.29,24.54,29.53,20.88,84.72,3.14,19.55
2021-03-07,0.52,24.51,29.55,20.9,84.51,1.94,19.68
2021-03-08,0.41,24.39,29.92,19.84,81.17,1.35,19.72
2021-03-09,0.22,24.84,30.74,20.21,82.08,1.95,18.87
2021-03-10,0.46,24.87,30.23,21.31,82.46,1.51,15.08
2021-03-11,2.36,25.81,31.08,20.4,74.58,1.13,18.98
2021-03-12,12.64,26.36,32.01,20.62,72.4,0.95,19.84
2021-03-13,0.18,25.73,32.09,20.37,69.83,1.4,19.94
2021-03-14,0.12,24.82,31.38,19.79,67.64,1.85,20.2
2021-03-15,0.1,24.73,31.14,17.82,62.13,1.41,23.66
2021-03-16,0.0,25.3,32.23,18.36,57.34,1.51,23.06
2021-03-17,0.0,25.61,32.71,18.47,48.34,1.38,23.87
2021-03-18,0.0,26.7,33.28,19.14,40.51,1.15,23.07
2021-03-19,0.0,27.11,33.01,20.31,48.81,0.93,19.92
2021-03-20,0.0,27.06,31.57,22.09,51.39,0.69,18.64
2021-03-21,0.0,28.95,34.79,22.64,49.39,0.8,16.24
2021-03-22,0.0,29.47,35.88,23.4,48.4,1.15,21.22
2021-03-23,0.0,29.07,36.19,21.95,46.84,1.17,23.03
2021-03-24,0.0,29.57,36.01,22.62,52.77,1.41,19.83
2021-03-25,0.0,29.39,35.99,23.2,55.87,1.34,21.09
2021-03-26,0.0,29.17,35.16,22.41,41.87,1.28,21.64
2021-03-27,0.0,29.05,35.47,21.27,40.21,1.2,22.57
2021-03-28,0.0,27.39,34.1,20.13,47.58,1.07,11.4
2021-03-29,0.02,28.3,35.17,23.02,67.69,2.02,20.31
2021-03-30,0.47,28.64,34.69,24.53,75.06,3.77,16.14
2021-03-31,0.49,28.74,33.62,25.49,78.55,5.67,17.95
2021-04-01,1.52,28.46,33.41,25.35,75.69,3.98,20.76
2021-04-02,0.46,27.94,33.95,23.31,72.8,2.52,22.08
2021-04-03,0.0,29.28,36.11,21.75,57.23,0.88,22.73
2021-04-04,0.0,28.74,34.4,22.9,49.64,0.81,22.87
2021-04-05,0.13,28.8,36.18,22.52,54.5,1.28,22.96
2021-04-06,0.14,28.31,35.72,20.83,59.18,1.76,22.61
2021-04-07,0.0,28.51,35.22,22.89,66.29,2.48,23.01
2021-04-08,0.02,28.7,34.6,23.71,70.51,2.54,20.97
2021-04-09,0.14,29.36,36.06,23.77,64.8,1.55,22.22
2021-04-10,0.11,29.83,36.64,24.14,60.95,1.48,22.0
2021-04-11,0.0,30.19,36.83,25.11,61.99,1.61,22.73
2021-04-12,0.0,30.82,38.24,24.87,60.31,1.63,23.11
2021-04-13,0.0,30.8,37.8,25.14,58.68,1.72,22.87
2021-04-14,0.0,29.65,36.71,23.68,65.28,2.01,24.63
2021-04-15,0.0,28.19,33.04,24.46,71.85,2.21,23.26
2021-04-16,1.59,28.49,35.03,24.73,64.06,2.18,17.17
2021-04-17,7.71,28.21,34.74,23.54,66.44,1.44,21.25
2021-04-18,10.24,28.37,34.49,23.48,66.94,1.92,25.04
2021-04-19,0.23,29.21,35.45,23.92,64.47,2.63,24.01
2021-04-20,0.27,29.72,36.68,24.25,65.08,2.52,24.95
2021-04-21,0.0,30.08,36.42,24.31,67.37,1.89,25.1
2021-04-22,0.02,30.3,37.01,25.29,63.79,1.46,20.75
2021-04-23,0.0,30.71,37.56,25.26,55.81,1.58,24.37
2021-04-24,0.0,30.85,38.8,23.65,40.35,1.58,26.66
2021-04-25,0.0,31.51,38.65,25.73,48.2,0.89,25.55
2021-04-26,0.0,31.65,38.9,26.0,57.17,1.72,23.79
2021-04-27,0.0,31.25,37.55,26.62,62.83,2.29,22.44
2021-04-28,0.0,30.11,35.6,26.47,65.97,2.0,22.57
2021-04-29,0.07,30.8,35.11,26.76,56.96,0.75,22.53
2021-04-30,0.28,31.07,37.09,25.97,58.97,1.49,23.21
2021-05-01,2.52,30.6,36.72,25.53,62.1,1.65,23.57
2021-05-02,1.33,30.46,36.36,25.45,61.26,2.26,23.6
2021-05-03,6.56,28.36,31.37,25.73,69.98,0.95,13.93
2021-05-04,22.89,26.8,29.17,24.65,76.09,1.08,7.83
2021-05-05,3.8,26.72,30.87,23.43,71.31,1.2,25.49
2021-05-06,0.49,28.36,33.75,22.8,62.1,1.02,15.18
2021-05-07,3.99,29.28,34.34,24.95,66.21,1.18,22.82
2021-05-08,6.24,30.01,34.22,25.22,63.44,0.79,18.76
2021-05-09,2.16,30.24,35.8,24.89,60.72,1.08,24.66
2021-05-10,5.8,29.62,34.83,25.42,69.13,1.84,18.67
2021-05-11,8.88,29.35,33.74,25.73,70.27,1.14,10.21
2021-05-12,9.58,28.92,32.73,25.85,72.71,0.95,23.83
2021-05-13,14.61,28.41,32.71,24.98,76.75,1.67,14.9
2021-05-14,11.97,28.62,33.33,24.4,76.89,2.44,21.35
2021-05-15,4.18,30.3,35.8,25.69,73.3,2.48,24.4
2021-05-16,13.12,30.64,35.49,26.27,73.28,1.38,24.78
2021-05-17,1.77,31.67,36.98,26.93,71.32,1.62,23.86
2021-05-18,0.32,31.4,36.14,27.68,73.51,2.17,22.24
2021-05-19,0.79,30.54,34.24,27.54,76.09,1.94,22.75
2021-05-20,0.59,30.84,34.25,28.08,76.71,2.07,22.88
2021-05-21,0.4,31.25,35.94,27.93,71.81,2.51,24.07
2021-05-22,0.03,32.02,37.29,27.58,66.52,1.99,25.08
2021-05-23,1.05,32.56,37.8,27.96,65.91,1.16,23.41
2021-05-24,15.77,29.71,33.5,27.47,78.94,1.38,23.6
2021-05-25,18.48,29.36,33.73,26.19,77.97,4.05,20.24
2021-05-26,14.62,28.22,31.75,24.85,77.87,6.11,8.43
2021-05-27,1.99,29.38,33.43,25.75,77.15,5.71,17.53
2021-05-28,0.67,30.58,35.22,27.23,76.15,3.03,24.02
2021-05-29,0.28,30.65,35.44,26.33,74.23,2.18,23.82
2021-05-30,2.46,30.2,33.91,27.15,76.58,2.19,23.65
2021-05-31,43.03,29.02,32.15,27.24,84.0,3.39,19.22
2021-06-01,38.72,28.51,30.57,27.34,90.62,2.7,2.77
2021-06-02,28.98,28.24,30.08,26.71,90.57,1.46,13.19
2021-06-03,13.26,28.99,31.92,26.46,86.79,2.01,20.2
2021-06-04,8.55,29.01,31.58,26.81,87.14,1.73,16.09
2021-06-05,17.64,29.25,32.05,27.23,90.34,1.95,10.74
2021-06-06,54.73,28.9,31.26,27.26,91.01,2.08,2.9
2021-06-07,42.14,28.7,31.37,27.07,89.91,2.37,10.24
2021-06-08,16.92,27.93,29.81,26.44,92.27,2.09,11.18
2021-06-09,3.95,28.18,30.62,26.26,85.92,1.88,19.17
2021-06-10,6.96,28.18,30.31,26.2,84.83,1.36,15.89
2021-06-11,13.84,27.13,29.01,25.41,93.0,3.41,13.45
2021-06-12,7.4,27.98,30.57,26.34,89.98,3.62,18.32
2021-06-13,7.14,28.86,31.59,26.77,86.35,3.75,18.8
2021-06-14,8.85,28.88,31.73,26.93,87.4,4.34,16.23
2021-06-15,27.35,28.17,30.93,26.43,90.08,4.2,12.62
2021-06-16,19.13,27.71,29.89,25.59,88.78,3.72,6.23
2021-06-17,34.74,27.13,29.74,24.42,88.02,3.62,17.13
2021-06-18,56.1,27.23,30.42,24.43,89.72,3.42,11.37
2021-06-19,30.65,26.81,29.12,25.38,89.57,2.4,7.47
2021-06-20,24.57,27.08,29.0,25.43,89.47,4.02,10.13
2021-06-21,49.21,26.89,28.91,25.2,91.94,2.84,8.91
2021-06-22,2.93,27.27,30.16,25.15,87.83,2.73,13.58
2021-06-23,13.22,27.9,31.44,25.06,87.83,2.8,21.23
2021-06-24,3.87,27.94,31.12,25.36,88.6,3.25,20.3
2021-06-25,4.81,27.75,30.42,25.53,87.47,2.83,19.99
2021-06-26,13.73,27.99,31.02,25.88,88.56,3.19,18.47
2021-06-27,7.97,28.3,31.27,26.22,87.9,2.9,23.25
2021-06-28,9.8,28.29,31.07,26.03,89.03,2.84,8.83
2021-06-29,20.8,28.29,30.67,26.61,91.48,3.22,15.61
2021-06-30,79.12,28.79,31.26,26.75,90.88,3.1,9.07
2021-07-01,66.52,27.74,29.9,25.34,92.75,3.37,11.9
2021-07-02,21.65,27.8,30.17,25.87,89.33,3.28,10.0
2021-07-03,17.87,27.92,30.69,26.52,90.12,4.52,15.85
2021-07-04,19.65,27.76,30.34,26.08,91.97,3.42,17.32
2021-07-05,5.06,28.2,31.01,25.92,91.17,3.54,20.87
2021-07-06,25.12,28.62,31.34,26.74,90.11,2.68,13.61
2021-07-07,34.07,28.28,30.82,26.87,92.46,3.05,8.01
2021-07-08,14.08,28.2,30.67,26.43,90.44,3.17,19.73
2021-07-09,4.13,28.22,31.19,25.75,88.78,2.17,20.96
2021-07-10,6.61,28.71,32.15,26.05,86.89,1.46,20.0
2021-07-11,7.52,29.16,32.98,26.27,86.15,1.47,23.62
2021-07-12,16.75,28.68,32.77,25.82,86.37,1.44,19.32
2021-07-13,9.2,27.96,30.64,26.27,89.88,3.08,21.85
2021-07-14,8.28,28.02,30.51,25.89,88.36,2.09,23.66
2021-07-15,4.87,28.86,31.56,25.88,86.1,1.31,23.88
2021-07-16,14.61,28.72,31.68,26.62,84.37,1.1,18.12
2021-07-17,18.78,28.33,30.68,26.42,89.28,1.74,18.13
2021-07-18,7.09,28.44,30.68,26.08,88.73,1.23,21.73
2021-07-19,26.15,27.86,29.75,26.78,90.73,2.02,16.83
2021-07-20,7.06,28.74,31.78,26.37,86.84,1.72,18.26
2021-07-21,8.84,28.88,32.43,26.0,84.65,1.39,23.45
2021-07-22,8.16,28.54,32.57,26.32,87.23,3.13,23.43
2021-07-23,20.86,28.07,30.2,26.7,91.48,4.19,7.26
2021-07-24,53.62,28.48,30.56,26.89,91.48,4.19,5.72
2021-07-25,14.28,28.32,30.85,26.55,90.82,2.76,15.86
2021-07-26,5.6,29.04,31.72,26.96,89.69,2.08,21.37
2021-07-27,28.0,29.4,32.83,27.22,90.91,2.28,9.22
2021-07-28,62.61,28.51,31.06,27.07,93.22,3.62,5.46
2021-07-29,44.82,27.57,28.9,26.57,93.53,5.61,7.78
2021-07-30,46.38,28.11,30.41,26.7,90.92,4.7,8.98
2021-07-31,21.98,28.01,30.6,26.5,90.58,3.6,11.67
2021-08-01,29.09,28.16,30.86,26.13,91.86,2.49,11.78
2021-08-02,10.65,27.09,28.6,25.82,93.26,2.12,17.99
2021-08-03,16.58,27.99,31.57,25.59,89.33,1.96,14.28
2021-08-04,6.54,28.18,31.28,26.26,89.92,2.54,22.39
2021-08-05,8.0,29.64,33.71,25.6,85.26,1.78,24.07
2021-08-06,19.47,27.74,28.56,26.86,94.93,3.73,16.2
2021-08-07,39.28,28.56,31.25,26.5,89.67,3.01,8.06
2021-08-08,14.18,28.54,31.16,26.79,90.79,2.65,12.79
2021-08-09,27.79,28.76,31.47,26.21,90.16,2.39,9.25
2021-08-10,16.23,28.75,31.27,26.87,90.95,2.56,16.31
2021-08-11,14.89,28.38,30.24,27.29,92.08,2.74,12.62
2021-08-12,20.12,28.08,29.35,27.36,91.16,3.49,13.48
2021-08-13,41.62,28.6,30.86,27.1,89.84,2.15,5.79
2021-08-14,17.76,28.77,31.56,26.53,89.65,2.57,17.15
2021-08-15,25.14,28.35,30.7,26.86,91.1,1.74,19.63
2021-08-16,17.03,27.92,30.8,26.06,91.64,2.16,11.92
2021-08-17,31.63,27.46,29.54,26.01,93.37,3.54,10.49
2021-08-18,47.08,27.4,29.4,26.26,94.38,3.31,14.62
2021-08-19,27.18,27.16,28.99,25.8,93.37,2.99,12.65
2021-08-20,10.07,27.48,30.35,25.58,91.14,2.72,14.47
2021-08-21,1.71,27.59,30.9,25.42,88.74,1.85,20.16
2021-08-22,3.74,28.27,31.54,25.4,88.15,1.82,21.69
2021-08-23,4.77,28.53,31.54,25.82,89.83,2.39,16.55
2021-08-24,14.25,28.32,30.94,26.92,91.82,2.0,16.87
2021-08-25,34.06,27.49,29.21,26.47,90.93,1.48,8.99
2021-08-26,10.22,28.0,30.91,26.13,91.0,2.45,17.71
2021-08-27,31.62,27.62,30.51,25.9,90.65,2.13,19.16
2021-08-28,3.84,27.34,29.32,25.81,91.81,1.85,19.87
2021-08-29,2.24,27.17,29.97,25.52,92.09,2.16,19.04
2021-08-30,17.85,26.88,28.49,25.39,92.46,1.69,15.29
2021-08-31,9.96,27.76,31.22,25.14,88.57,1.69,24.17
2021-09-01,9.05,28.19,31.44,25.07,86.75,0.95,15.5
2021-09-02,20.14,27.33,29.34,25.37,91.58,1.71,19.3
2021-09-03,7.21,27.82,31.55,24.09,87.06,1.4,20.72
2021-09-04,2.38,28.62,32.76,25.42,85.97,1.21,20.16
2021-09-05,48.2,28.95,33.11,26.15,86.44,1.23,22.7
2021-09-06,20.72,27.95,30.67,26.08,89.55,2.94,22.17
2021-09-07,15.71,27.48,30.47,25.46,90.16,2.84,21.94
2021-09-08,4.82,27.68,30.74,25.21,87.69,1.56,20.51
2021-09-09,3.59,28.66,32.26,25.96,84.98,0.8,22.03
2021-09-10,3.06,28.21,31.33,25.51,89.23,1.82,21.61
2021-09-11,9.77,28.39,32.28,25.26,86.88,1.75,20.23
2021-09-12,2.17,27.75,30.75,25.56,90.49,3.22,19.32
2021-09-13,1.52,27.55,30.4,25.47,90.58,4.02,18.41
2021-09-14,5.2,27.72,30.62,25.98,89.72,2.79,16.59
2021-09-15,13.7,28.17,30.99,25.92,87.93,1.33,20.69
2021-09-16,10.8,26.82,28.45,25.71,93.68,2.04,21.12
2021-09-17,4.82,27.62,31.23,25.55,89.02,1.62,16.11
2021-09-18,37.48,27.1,29.67,25.63,92.97,1.75,8.19
2021-09-19,50.2,27.03,29.36,25.29,91.48,1.21,5.6
2021-09-20,17.97,26.31,27.81,25.19,93.67,1.8,8.52
2021-09-21,3.86,26.36,28.34,24.96,92.59,1.68,16.67
2021-09-22,1.75,26.42,28.67,24.75,92.12,1.4,17.92
2021-09-23,0.22,27.93,32.47,23.9,85.08,1.08,23.05
2021-09-24,1.01,28.14,31.48,25.62,88.47,1.33,18.46
2021-09-25,16.53,27.97,30.84,25.89,87.72,1.04,19.12
2021-09-26,13.62,28.87,32.4,25.67,83.6,0.73,20.22
2021-09-27,19.97,27.91,31.1,25.6,88.45,1.82,18.3
2021-09-28,21.41,26.49,28.38,25.07,92.83,1.88,15.93
2021-09-29,15.06,27.0,29.93,24.81,90.37,1.72,11.49
2021-09-30,10.19,28.38,32.15,25.79,83.56,0.74,21.95
2021-10-01,0.47,26.8,30.02,22.89,80.22,1.09,21.49
2021-10-02,1.84,27.86,31.12,25.1,84.77,1.13,16.58
2021-10-03,1.66,27.7,30.87,25.36,89.22,1.88,20.1
2021-10-04,4.91,27.38,29.68,25.85,90.32,1.86,18.84
2021-10-05,8.19,28.11,30.91,25.5,85.18,0.78,18.04
2021-10-06,5.26,27.55,30.82,24.77,86.37,1.17,18.76
2021-10-07,5.46,27.93,31.37,24.54,82.63,1.07,16.55
2021-10-08,5.24,28.18,31.46,25.15,84.41,0.83,17.46
2021-10-09,3.89,28.39,31.6,25.92,85.99,0.8,17.71
2021-10-10,6.35,28.38,31.54,25.92,86.25,1.05,18.64
2021-10-11,0.75,28.27,31.86,25.28,88.85,1.8,20.01
2021-10-12,10.88,27.51,29.54,26.06,94.35,1.84,14.71
2021-10-13,29.25,28.34,30.89,25.93,85.41,0.68,17.69
2021-10-14,14.01,28.11,31.33,25.49,88.33,1.24,19.43
2021-10-15,3.73,28.65,32.61,25.73,87.95,1.01,19.78
2021-10-16,9.7,28.64,31.63,26.4,87.07,0.95,19.15
2021-10-17,14.5,28.14,31.07,26.13,86.76,1.64,15.0
2021-10-18,40.64,26.16,27.69,24.84,93.31,3.32,14.73
2021-10-19,26.35,26.57,28.5,25.48,93.05,2.46,14.89
2021-10-20,35.34,26.85,29.04,25.24,89.79,2.22,14.58
2021-10-21,22.33,26.76,29.55,23.92,89.26,1.79,17.01
2021-10-22,0.72,24.52,28.31,21.43,83.09,1.43,15.81
2021-10-23,0.26,24.1,28.23,19.97,81.29,1.25,15.52
2021-10-24,0.46,25.47,29.27,21.33,74.41,0.59,17.53
2021-10-25,0.01,24.58,28.43,20.16,79.15,0.84,15.26
2021-10-26,0.01,25.01,28.47,20.97,75.25,0.66,12.22
2021-10-27,0.26,23.89,26.39,22.01,90.19,1.18,8.82
2021-10-28,0.09,25.4,29.29,22.05,87.75,1.37,12.11
2021-10-29,0.01,25.86,30.02,22.62,86.45,1.84,19.86
2021-10-30,0.0,25.17,29.21,22.21,87.05,2.12,19.74
2021-10-31,0.0,24.14,28.32,20.66,87.67,2.09,19.6
2021-11-01,0.0,22.27,27.19,18.13,83.61,1.7,19.32
2021-11-02,0.0,21.63,26.03,16.9,80.32,1.51,18.31
2021-11-03,0.0,22.08,26.35,18.02,82.55,1.48,14.42
2021-11-04,0.0,22.32,27.14,17.61,83.4,1.3,17.63
2021-11-05,0.0,21.66,26.71,17.75,85.86,1.76,18.97
2021-11-06,0.0,20.73,26.19,15.93,84.01,1.81,19.91
2021-11-07,0.0,20.18,25.78,15.75,84.88,2.23,19.81
2021-11-08,0.0,21.01,26.75,16.04,87.37,1.7,19.54
2021-11-09,0.0,22.23,28.53,17.02,86.44,1.2,19.06
2021-11-10,0.0,22.24,27.53,17.55,86.75,1.19,18.52
2021-11-11,0.0,23.11,27.91,18.32,84.37,1.02,17.41
2021-11-12,0.03,23.73,27.97,20.36,87.18,1.36,16.87
2021-11-13,1.47,23.17,26.08,21.43,91.14,1.61,12.59
2021-11-14,3.43,23.65,27.35,20.8,89.5,1.44,14.27
2021-11-15,7.81,23.62,26.5,21.39,90.07,0.71,10.71
2021-11-16,5.55,23.36,27.36,20.73,90.9,1.47,11.23
2021-11-17,1.25,22.29,27.98,18.12,87.39,2.12,17.47
2021-11-18,0.0,21.05,27.07,15.46,80.86,1.38,18.0
2021-11-19,0.0,21.15,26.8,16.45,81.37,1.4,18.2
2021-11-20,0.0,20.77,26.04,16.25,84.69,1.54,17.16
2021-11-21,0.0,21.91,26.83,17.31,85.98,1.42,15.84
2021-11-22,0.0,22.65,27.85,17.91,85.64,1.29,17.17
2021-11-23,0.0,22.46,27.37,18.59,87.12,1.52,16.73
2021-11-24,0.0,21.5,26.36,17.85,88.47,1.84,16.42
2021-11-25,0.0,20.89,26.62,16.47,81.19,1.55,16.04
2021-11-26,0.0,18.68,24.7,14.12,80.89,1.73,16.41
2021-11-27,0.0,18.31,25.0,12.68,81.45,1.61,16.87
2021-11-28,0.0,18.55,25.31,12.91,84.55,1.57,17.37
2021-11-29,0.0,18.36,24.84,12.9,86.79,1.7,17.5
2021-11-30,0.0,19.46,25.92,13.78,85.68,1.51,17.46
2021-12-01,0.0,21.04,27.67,15.67,85.86,1.18,17.36
2021-12-02,0.0,22.21,28.43,16.28,79.72,0.98,17.43
2021-12-03,0.14,22.37,27.85,16.48,81.61,0.92,16.38
2021-12-04,1.9,22.44,26.07,18.65,87.42,0.95,7.57
2021-12-05,27.15,22.08,24.21,20.4,93.86,1.21,6.61
2021-12-06,36.74,22.54,25.01,20.39,93.62,3.11,1.93
2021-12-07,36.15,23.91,26.85,22.02,92.71,1.83,7.5
2021-12-08,9.79,22.77,26.13,19.82,91.34,0.95,9.39
2021-12-09,2.83,22.7,26.93,19.66,91.04,1.45,9.77
2021-12-10,0.53,20.38,24.15,17.6,87.0,2.14,15.55
2021-12-11,0.71,19.56,25.24,15.28,85.56,1.63,15.47
2021-12-12,0.0,17.52,23.07,13.7,80.72,2.34,16.7
2021-12-13,0.0,16.48,22.82,10.97,81.86,1.59,16.71
2021-12-14,0.0,17.54,23.84,12.36,87.77,1.52,16.61
2021-12-15,0.0,17.19,22.98,12.41,86.88,1.6,16.27
2021-12-16,0.0,16.88,23.17,11.52,86.68,1.73,17.0
2021-12-17,0.0,17.01,23.44,12.4,85.53,1.83,17.39
2021-12-18,0.0,17.15,24.13,11.45,83.61,1.62,17.53
2021-12-19,0.0,16.09,22.3,10.86,85.78,1.91,16.46
2021-12-20,0.0,14.91,21.39,9.62,84.82,1.79,15.94
2021-12-21,0.0,16.43,22.16,11.68,84.44,1.07,13.63
2021-12-22,0.01,16.67,21.22,13.94,81.03,1.33,14.21
2021-12-23,0.0,17.73,23.11,12.79,76.38,1.0,14.03
2021-12-24,0.0,17.41,23.41,12.11,83.66,1.25,15.99
2021-12-25,0.0,17.92,24.15,12.16,79.13,0.95,15.91
2021-12-26,0.0,17.31,23.93,11.99,83.09,1.22,15.83
2021-12-27,0.0,16.66,22.82,11.77,84.53,1.41,14.6
2021-12-28,0.0,16.98,23.14,11.76,84.63,1.46,15.83
2021-12-29,0.0,17.34,23.71,11.9,81.15,1.1,16.26
2021-12-30,0.0,17.98,25.28,12.72,80.98,1.32,16.39
2021-12-31,0.0,17.4,23.77,12.68,85.04,1.86,16.49
2022-01-01,0.0,16.55,22.2,11.57,85.97,1.69,16.94
2022-01-02,0.0,16.32,22.49,11.37,84.76,1.52,16.65
2022-01-03,0.0,16.34,22.7,10.77,85.42,1.4,15.77
2022-01-04,0.0,16.34,22.89,10.94,85.75,1.65,16.58
2022-01-05,0.0,16.09,22.71,10.12,84.01,1.62,15.95
2022-01-06,0.0,16.5,23.39,10.02,80.9,1.28,16.6
2022-01-07,0.0,17.14,23.63,11.37,82.51,1.53,17.06
2022-01-08,0.0,17.64,24.2,11.71,84.9,1.57,17.04
2022-01-09,0.0,17.98,24.08,12.2,86.15,1.33,17.45
2022-01-10,0.0,18.64,24.45,13.05,86.18,1.31,17.15
2022-01-11,0.0,18.87,24.66,13.57,86.38,1.33,16.81
2022-01-12,2.27,18.49,23.31,14.32,89.14,1.18,8.34
2022-01-13,1.2,18.41,22.82,14.27,88.77,1.52,12.31
2022-01-14,3.84,17.5,22.33,14.65,85.1,2.05,6.13
2022-01-15,0.25,17.23,22.82,12.49,79.51,1.68,6.98
2022-01-16,0.11,16.87,22.67,12.96,83.98,2.36,16.98
2022-01-17,0.0,16.25,23.74,10.14,83.92,1.7,17.73
2022-01-18,0.0,17.07,23.14,10.98,83.14,1.23,17.18
2022-01-19,0.0,17.62,22.71,13.12,78.29,1.18,16.1
2022-01-20,0.0,17.82,22.49,13.76,79.11,0.93,14.62
2022-01-21,0.0,18.41,22.89,13.8,68.7,0.72,16.02
2022-01-22,0.0,17.75,23.63,11.87,73.61,0.95,12.26
2022-01-23,0.06,18.59,24.51,12.63,72.62,0.94,15.24
2022-01-24,2.89,17.59,21.18,14.54,87.06,1.37,6.02
2022-01-25,1.96,18.25,22.43,15.91,86.85,1.85,17.08
2022-01-26,1.22,18.35,23.63,13.0,80.09,0.96,7.64
2022-01-27,7.78,17.46,21.88,13.56,84.91,1.24,12.2
2022-01-28,0.33,14.77,20.74,10.17,77.79,1.62,16.46
2022-01-29,0.0,13.39,19.49,8.14,78.74,1.52,17.91
2022-01-30,0.0,14.64,20.8,9.83,79.9,1.48,16.63
2022-01-31,0.0,15.77,21.66,8.98,69.73,1.04,16.23
2022-02-01,0.01,16.42,22.45,11.03,83.98,1.75,15.84
2022-02-02,0.02,19.03,23.74,15.02,72.02,1.01,16.77
2022-02-03,0.02,18.27,24.66,11.24,70.7,1.22,17.07
2022-02-04,0.15,18.75,24.93,12.87,74.97,1.62,17.94
2022-02-05,21.24,17.88,22.64,12.0,81.72,2.04,9.79
2022-02-06,16.57,14.95,21.63,9.45,78.14,1.52,20.44
2022-02-07,0.0,14.38,21.04,8.48,78.6,1.81,19.81
2022-02-08,0.0,15.26,21.95,8.76,75.43,1.79,20.02
2022-02-09,0.0,16.43,22.96,9.82,72.0,1.69,19.02
2022-02-10,0.0,17.35,23.94,10.81,78.43,1.45,17.79
2022-02-11,0.0,17.78,23.65,13.22,81.25,1.74,17.33
2022-02-12,0.0,15.92,22.26,11.09,72.95,1.87,19.64
2022-02-13,0.0,16.0,23.69,9.73,74.95,2.24,21.26
2022-02-14,0.0,16.5,24.5,9.5,73.61,1.57,21.94
2022-02-15,0.0,16.66,24.01,9.76,69.6,1.33,21.99
2022-02-16,0.0,17.34,23.71,10.4,65.19,1.43,21.1
2022-02-17,0.0,17.33,24.28,10.46,66.91,1.74,20.72
2022-02-18,0.0,17.33,24.55,10.75,64.59,1.91,21.52
2022-02-19,0.0,18.05,24.82,11.85,60.76,1.68,21.37
2022-02-20,0.97,18.92,25.39,11.56,72.05,1.55,17.53
2022-02-21,1.99,19.26,25.34,13.54,73.81,1.9,17.55
2022-02-22,2.43,19.92,26.62,13.1,69.77,1.09,19.82
2022-02-23,0.0,21.33,27.32,15.48,67.04,1.1,20.05
2022-02-24,0.0,22.18,28.04,15.26,70.1,0.85,20.05
2022-02-25,0.09,22.21,27.87,16.88,76.44,1.05,19.35
2022-02-26,0.01,22.62,28.68,17.89,76.15,1.54,21.6
2022-02-27,0.0,22.08,27.62,15.83,69.59,1.36,21.89
2022-02-28,0.05,23.57,28.66,18.35,64.75,0.97,20.09
2022-03-01,0.03,22.15,28.17,17.2,68.25,1.82,21.83
2022-03-02,0.0,20.68,27.83,14.44,67.03,2.17,22.9
2022-03-03,0.0,20.96,28.12,14.02,66.07,1.87,23.42
2022-03-04,0.0,21.58,28.08,14.88,62.97,1.7,23.48
2022-03-05,0.0,22.69,28.79,16.57,57.0,1.46,21.1
2022-03-06,0.0,21.73,29.29,15.65,65.5,2.12,23.32
2022-03-07,0.0,22.32,30.39,15.12,68.74,1.54,22.38
2022-03-08,0.0,23.55,30.05,17.4,60.5,1.07,22.45
2022-03-09,0.0,23.76,29.88,17.73,62.54,1.17,22.98
2022-03-10,0.0,22.81,30.22,16.07,63.12,1.6,22.62
2022-03-11,0.0,22.59,29.62,14.92,62.74,1.63,23.48
2022-03-12,0.0,22.43,29.34,15.94,62.97,1.88,22.91
2022-03-13,0.0,22.66,30.41,15.66,65.37,2.03,23.6
2022-03-14,0.0,23.99,31.36,16.7,61.68,1.63,22.95
2022-03-15,0.0,25.02,31.58,19.0,55.41,1.34,22.84
2022-03-16,0.0,25.01,32.03,18.86,62.88,1.0,22.55
2022-03-17,0.0,25.7,32.07,19.58,64.98,1.31,22.41
2022-03-18,0.0,25.49,32.19,19.36,56.59,1.42,22.29
2022-03-19,0.0,26.28,32.58,21.41,57.13,0.97,22.39
2022-03-20,0.0,24.92,31.8,20.0,74.77,1.47,24.65
2022-03-21,0.0,24.85,32.02,18.79,69.25,1.16,25.28
2022-03-22,0.0,26.4,33.82,19.36,68.04,0.86,23.61
2022-03-23,0.0,27.39,34.58,20.99,62.25,1.42,20.3
2022-03-24,0.0,26.96,32.36,23.3,76.04,3.44,19.06
2022-03-25,0.01,26.66,31.48,23.05,80.06,3.72,20.89
2022-03-26,0.26,27.06,31.06,24.52,80.63,3.66,11.61
2022-03-27,1.61,26.91,31.93,23.33,81.35,1.98,14.41
2022-03-28,0.86,26.52,31.88,21.87,80.23,1.75,19.54
2022-03-29,1.32,26.52,31.59,22.96,80.19,2.61,19.94
2022-03-30,2.42,27.07,31.88,23.65,79.6,2.29,19.13
2022-03-31,0.96,27.56,32.73,24.01,78.17,2.87,20.3
2022-04-01,0.02,27.78,32.52,24.32,76.36,3.27,21.15
2022-04-02,0.0,27.66,32.67,24.11,77.12,2.24,18.99
2022-04-03,0.01,27.27,32.54,22.94,76.37,3.25,20.04
2022-04-04,0.03,27.97,32.66,24.76,71.39,4.3,21.63
2022-04-05,0.15,27.99,33.53,23.65,75.09,3.07,22.92
2022-04-06,2.14,27.89,33.81,23.37,76.39,2.18,23.39
2022-04-07,0.0,28.86,35.92,23.43,67.73,1.29,23.27
2022-04-08,0.0,28.54,35.27,23.15,69.2,1.9,24.55
2022-04-09,0.0,28.34,34.39,23.29,72.89,2.75,23.49
2022-04-10,0.29,28.69,35.36,23.28,71.97,2.31,23.03
2022-04-11,0.56,29.07,34.02,24.8,74.63,3.72,20.02
2022-04-12,0.09,29.24,34.56,25.27,73.62,2.86,21.17
2022-04-13,0.0,29.27,34.82,25.03,71.82,3.24,22.24
2022-04-14,0.01,28.92,33.42,25.62,74.82,4.02,18.54
2022-04-15,0.01,29.63,34.5,26.71,72.9,4.98,15.8
2022-04-16,0.01,29.18,33.27,26.64,73.42,4.34,20.09
2022-04-17,0.17,28.96,33.99,25.63,73.7,3.72,21.59
2022-04-18,0.13,29.19,34.75,25.23,73.94,2.93,22.53
2022-04-19,2.18,29.19,34.58,24.63,72.37,2.88,23.69
2022-04-20,16.96,27.8,32.97,24.55,77.82,1.95,11.7
2022-04-21,15.02,26.92,32.08,22.42,77.19,1.41,20.46
2022-04-22,11.23,27.86,32.97,24.38,78.9,2.18,19.94
2022-04-23,17.74,28.21,33.31,24.46,81.85,2.22,22.49
2022-04-24,6.66,28.61,33.72,25.0,81.14,2.87,25.02
2022-04-25,0.0,29.02,34.2,24.77,80.06,2.64,23.71
2022-04-26,0.18,28.87,33.44,25.25,80.85,2.75,24.04
2022-04-27,0.48,28.95,33.53,25.43,80.0,2.84,24.56
2022-04-28,0.16,29.81,36.21,24.86,74.94,2.0,24.29
2022-04-29,0.0,30.05,36.1,24.67,72.7,2.09,23.73
2022-04-30,2.37,29.75,35.08,25.98,71.41,2.46,22.13
2022-05-01,1.4,30.05,36.32,24.96,64.93,1.85,22.58
2022-05-02,5.59,29.64,35.31,26.04,68.06,1.86,21.2
2022-05-03,5.77,28.65,33.43,25.28,73.14,2.61,14.01
2022-05-04,14.97,28.01,31.49,25.37,77.19,1.75,11.76
2022-05-05,4.99,28.07,32.26,24.78,74.47,1.6,19.69
2022-05-06,4.61,28.54,33.92,24.06,72.93,1.44,23.82
2022-05-07,0.44,29.63,35.73,25.15,66.52,1.04,24.61
2022-05-08,2.74,29.65,36.01,24.32,69.71,1.69,24.35
2022-05-09,17.06,28.36,31.81,25.66,78.07,1.97,7.97
2022-05-10,26.93,27.04,30.4,24.99,86.05,2.59,10.8
2022-05-11,29.23,28.18,31.83,25.71,85.02,3.13,12.56
2022-05-12,10.11,28.85,31.86,26.53,84.55,3.22,21.42
2022-05-13,14.56,28.83,31.95,26.51,85.11,3.91,16.8
2022-05-14,7.27,29.33,32.9,26.9,83.59,4.41,20.5
2022-05-15,1.14,29.29,32.18,27.52,85.23,3.71,21.83
2022-05-16,2.01,28.82,31.07,27.47,87.85,3.14,22.16
2022-05-17,4.97,28.32,30.38,27.08,89.69,3.38,22.7
2022-05-18,7.41,27.72,30.29,26.48,85.3,2.41,22.51
2022-05-19,13.85,28.69,31.19,27.11,89.33,2.53,22.77
2022-05-20,26.79,28.25,30.65,26.45,88.06,2.4,19.09
2022-05-21,63.93,27.8,30.48,26.13,91.54,2.44,13.78
2022-05-22,19.96,28.64,32.87,25.78,82.16,1.46,21.84
2022-05-23,35.09,28.37,32.06,25.59,83.51,1.77,19.68
2022-05-24,16.5,28.61,32.4,24.91,83.2,1.33,18.81
2022-05-25,22.26,28.39,31.37,25.94,84.39,1.36,21.43
2022-05-26,16.75,28.14,31.28,25.35,85.24,1.5,22.66
2022-05-27,18.26,28.41,32.28,25.67,83.81,2.17,17.2
2022-05-28,15.19,28.57,32.57,25.6,85.16,1.92,16.91
2022-05-29,27.46,27.83,30.59,25.79,88.17,2.05,12.81
2022-05-30,24.84,27.57,29.81,25.71,88.79,1.79,8.18
2022-05-31,10.55,28.0,31.23,25.2,84.66,1.69,18.2
2022-06-01,12.44,27.84,30.87,25.93,87.1,2.72,17.76
2022-06-02,4.1,28.3,31.59,25.72,85.92,2.54,10.62
2022-06-03,22.84,28.33,30.89,26.54,88.71,2.81,8.04
2022-06-04,33.81,28.02,30.73,26.41,89.41,2.33,11.65
2022-06-05,6.51,28.31,31.6,26.19,87.76,2.27,19.82
2022-06-06,2.17,28.47,31.9,25.88,88.2,2.49,22.91
2022-06-07,2.35,28.79,32.05,26.28,87.47,2.46,21.82
2022-06-08,17.33,28.58,31.13,27.02,90.09,2.46,16.15
2022-06-09,16.51,28.34,30.63,26.99,91.23,3.1,13.01
2022-06-10,20.15,29.0,33.59,26.37,81.0,1.09,20.04
2022-06-11,6.33,28.16,31.17,26.21,88.3,2.84,19.57
2022-06-12,0.64,28.57,31.54,26.55,88.84,3.32,19.71
2022-06-13,6.87,28.93,31.8,26.7,89.02,3.25,19.7
2022-06-14,11.81,28.5,30.87,26.92,90.98,3.38,13.54
2022-06-15,20.24,27.91,29.77,26.96,91.61,3.0,12.74
2022-06-16,33.0,27.13,28.43,25.49,92.09,2.85,4.92
2022-06-17,78.52,27.31,28.73,26.07,94.1,3.21,3.36
2022-06-18,63.93,27.22,28.58,26.07,93.45,3.04,5.52
2022-06-19,54.31,26.89,27.89,25.76,93.4,3.39,4.82
2022-06-20,46.52,26.84,28.58,25.57,92.07,3.21,12.36
2022-06-21,41.7,27.21,29.33,25.47,91.78,2.34,13.3
2022-06-22,4.15,27.22,30.23,24.78,87.31,2.02,18.13
2022-06-23,5.23,27.45,29.8,25.27,90.19,3.05,22.13
2022-06-24,4.86,27.57,30.09,26.11,91.0,3.29,18.36
2022-06-25,11.13,27.62,30.28,25.49,90.0,3.28,20.72
2022-06-26,3.28,27.49,29.73,25.91,90.92,2.67,23.59
2022-06-27,4.15,28.23,31.17,25.81,88.51,1.87,24.97
2022-06-28,5.34,27.84,30.15,26.15,90.51,2.47,21.54
2022-06-29,22.88,28.05,30.55,26.11,90.01,2.63,11.19
2022-06-30,14.56,27.5,28.94,26.36,93.28,2.13,11.91
2022-07-01,5.57,27.53,29.28,26.15,93.68,2.03,17.16
2022-07-02,5.68,27.94,30.55,25.91,90.74,2.23,20.39
2022-07-03,8.01,27.71,30.29,26.04,90.42,2.52,21.46
2022-07-04,20.16,27.34,28.99,25.65,91.61,2.31,24.53
2022-07-05,2.09,28.08,31.16,25.73,89.06,2.53,23.0
2022-07-06,9.95,27.78,30.17,26.47,91.64,2.07,22.15
2022-07-07,7.22,27.99,31.19,26.03,88.79,2.43,24.07
2022-07-08,8.76,28.08,31.08,25.97,89.01,2.21,22.41
2022-07-09,2.35,28.05,31.73,25.42,87.01,2.26,24.88
2022-07-10,1.53,28.09,31.39,25.97,88.74,3.33,26.09
2022-07-11,5.95,27.62,30.34,25.79,89.12,3.17,22.28
2022-07-12,5.56,28.28,31.52,25.35,88.16,2.97,26.96
2022-07-13,0.57,28.59,31.51,26.23,88.18,2.89,24.85
2022-07-14,2.32,28.33,30.73,26.46,89.33,3.0,26.56
2022-07-15,3.78,28.58,31.82,26.34,87.7,2.68,23.24
2022-07-16,3.87,28.69,32.02,26.26,87.87,3.12,26.65
2022-07-17,3.15,28.56,31.64,26.4,88.26,3.52,22.59
2022-07-18,9.19,28.57,31.76,26.21,87.52,2.64,18.38
2022-07-19,11.08,28.33,31.1,26.4,88.95,2.28,21.46
2022-07-20,40.39,28.38,30.76,26.49,89.59,2.45,11.97
2022-07-21,9.67,28.43,31.16,26.26,88.08,2.54,22.82
2022-07-22,4.62,28.46,31.66,26.61,88.98,2.67,20.58
2022-07-23,16.52,27.72,29.72,26.18,90.14,2.38,11.61
2022-07-24,12.19,27.89,30.88,25.89,89.07,2.51,8.13
2022-07-25,29.59,27.6,30.04,25.48,82.45,0.93,15.65
2022-07-26,15.23,27.19,30.27,24.31,84.79,0.98,15.82
2022-07-27,5.92,28.55,32.01,24.89,83.93,1.14,25.14
2022-07-28,0.94,28.14,30.95,26.22,89.35,1.53,16.83
2022-07-29,4.77,28.46,31.76,25.73,82.38,1.2,23.95
2022-07-30,4.03,29.03,32.53,26.19,85.8,1.64,22.18
2022-07-31,2.16,28.59,31.29,26.4,87.0,1.86,23.27
2022-08-01,16.7,28.87,31.89,26.43,87.97,1.71,16.24
2022-08-02,26.35,29.06,32.59,26.17,86.8,1.32,22.43
2022-08-03,29.83,28.52,31.74,26.46,85.62,1.16,17.46
2022-08-04,17.76,28.97,32.35,26.06,85.96,1.58,20.35
2022-08-05,7.27,28.77,32.16,26.19,87.31,1.57,22.35
2022-08-06,16.86,28.32,31.28,26.16,89.72,2.18,19.78
2022-08-07,5.68,29.03,33.1,25.82,85.83,1.84,24.73
2022-08-08,9.05,27.84,30.48,26.02,90.56,2.93,19.89
2022-08-09,14.05,27.75,30.79,25.13,90.73,3.2,21.25
2022-08-10,5.5,27.13,28.8,25.77,92.95,3.77,15.38
2022-08-11,4.44,27.59,30.14,25.59,91.66,3.82,17.6
2022-08-12,3.09,28.24,31.68,26.01,87.59,1.85,21.15
2022-08-13,11.4,27.29,29.54,25.32,93.21,2.97,17.45
2022-08-14,12.3,26.73,28.61,24.89,93.19,4.47,12.83
2022-08-15,8.9,27.79,31.15,25.6,90.3,2.9,18.48
2022-08-16,3.04,28.63,31.91,25.74,86.52,1.29,19.82
2022-08-17,3.97,28.97,32.21,26.38,87.8,1.46,21.87
2022-08-18,26.74,29.54,33.77,26.4,86.12,1.91,23.88
2022-08-19,29.24,27.97,31.67,25.31,88.2,4.02,13.34
2022-08-20,5.42,27.81,30.94,25.78,88.2,3.54,20.56
2022-08-21,4.39,27.85,30.94,25.69,89.06,2.1,23.2
2022-08-22,5.52,28.76,32.25,26.2,85.6,1.25,21.44
2022-08-23,51.0,27.65,30.08,25.75,89.35,2.63,20.51
2022-08-24,2.95,27.3,30.19,25.1,88.37,2.58,14.49
2022-08-25,4.11,28.33,32.01,25.12,83.67,1.07,23.46
2022-08-26,1.05,27.94,31.37,25.34,88.6,1.67,13.99
2022-08-27,1.45,27.32,30.44,25.33,89.73,2.16,7.17
2022-08-28,6.61,27.24,30.09,25.39,88.06,2.42,19.66
2022-08-29,2.8,28.4,31.9,25.28,84.61,1.33,23.36
2022-08-30,0.91,28.39,31.33,25.81,86.18,0.93,22.92
2022-08-31,1.23,28.56,31.78,25.85,87.46,1.19,21.05
2022-09-01,6.46,28.81,31.63,26.65,84.35,0.83,17.19
2022-09-02,34.91,27.55,29.75,25.64,89.49,1.11,15.97
2022-09-03,12.83,28.44,31.63,25.61,87.81,1.94,20.43
2022-09-04,19.55,28.73,31.71,26.51,89.39,2.11,12.76
2022-09-05,16.61,28.6,31.26,26.64,89.88,1.91,10.9
2022-09-06,18.63,28.65,30.73,26.75,87.94,0.78,19.17
2022-09-07,5.52,28.43,31.38,25.89,89.0,1.03,18.85
2022-09-08,21.17,29.64,33.42,26.02,85.34,1.14,21.47
2022-09-09,13.56,27.91,30.01,26.64,90.47,1.44,20.65
2022-09-10,19.64,27.25,29.25,25.67,92.01,2.38,15.27
2022-09-11,27.38,27.27,29.1,25.97,91.54,3.21,15.64
2022-09-12,34.6,27.07,28.42,26.15,94.19,3.44,8.75
2022-09-13,30.93,27.13,28.84,25.72,94.11,2.51,5.1
2022-09-14,22.09,27.46,30.05,25.27,88.19,1.93,8.19
2022-09-15,13.88,27.71,30.52,25.13,89.3,1.98,14.68
2022-09-16,7.93,27.97,30.69,26.0,90.14,1.31,15.94
2022-09-17,4.83,28.31,31.76,25.88,86.55,1.36,21.29
2022-09-18,7.8,27.89,31.1,25.5,89.4,1.59,19.91
2022-09-19,16.65,27.44,30.18,25.56,92.0,2.26,21.11
2022-09-20,1.56,27.51,30.33,25.35,89.72,3.53,19.77
2022-09-21,3.55,27.51,30.28,25.66,89.81,2.67,20.77
2022-09-22,7.1,27.4,30.19,25.71,90.92,1.63,21.03
2022-09-23,6.94,27.82,30.87,25.46,86.93,1.24,16.49
2022-09-24,11.07,27.5,30.27,25.43,86.59,1.02,14.94
2022-09-25,9.97,28.14,30.91,25.66,84.36,0.66,15.54
2022-09-26,4.36,26.66,28.16,24.95,91.28,1.09,13.05
2022-09-27,16.92,27.79,31.13,24.68,85.58,0.98,19.32
2022-09-28,4.99,27.84,30.6,25.83,88.83,1.12,19.86
2022-09-29,1.23,27.8,31.83,24.48,84.76,1.3,20.82
2022-09-30,3.84,28.2,32.0,24.64,85.29,1.36,13.2
2022-10-01,25.1,29.13,33.89,25.87,82.66,0.83,14.91
2022-10-02,40.81,27.57,29.22,26.02,91.69,1.42,14.36
2022-10-03,30.53,27.14,29.31,25.94,92.87,2.04,17.45
2022-10-04,9.81,27.78,30.94,25.59,88.17,1.74,20.22
2022-10-05,12.16,27.68,31.49,24.98,88.06,1.46,20.4
2022-10-06,8.19,27.79,31.23,24.94,86.25,1.15,21.51
2022-10-07,0.8,27.48,31.01,23.97,82.31,1.22,22.32
2022-10-08,2.82,28.02,31.74,24.23,83.53,0.8,20.2
2022-10-09,13.46,27.53,30.43,25.65,88.42,0.91,18.63
2022-10-10,17.2,27.33,30.2,25.22,87.21,0.95,16.37
2022-10-11,13.21,26.82,29.14,25.07,91.73,1.45,18.57
2022-10-12,6.85,26.81,29.22,24.94,89.55,1.2,18.56
2022-10-13,6.33,27.53,30.75,24.72,81.78,0.69,17.46
2022-10-14,5.22,27.04,29.86,24.26,83.92,0.8,20.43
2022-10-15,2.86,26.71,30.64,23.76,87.99,1.68,20.97
2022-10-16,1.25,26.61,31.32,22.47,87.87,1.92,20.69
2022-10-17,0.3,27.36,31.44,23.62,85.1,1.12,18.59
2022-10-18,4.08,27.52,30.59,24.21,81.54,0.86,19.25
2022-10-19,4.57,26.55,30.0,23.53,85.38,1.31,19.09
2022-10-20,0.59,26.35,30.96,22.55,85.99,1.71,20.08
2022-10-21,0.09,26.56,31.32,22.75,86.59,1.67,20.99
2022-10-22,0.1,27.05,32.3,22.71,83.0,1.4,20.44
2022-10-23,27.93,25.15,27.44,23.66,91.89,1.29,5.79
2022-10-24,67.15,24.42,26.14,23.19,95.03,3.94,3.54
2022-10-25,23.27,24.53,27.75,21.62,88.06,2.85,12.95
2022-10-26,0.76,23.9,28.22,20.05,84.36,1.36,20.61
2022-10-27,0.0,23.49,28.52,19.74,83.69,1.7,20.81
2022-10-28,0.0,23.08,28.35,17.96,80.58,1.37,20.75
2022-10-29,0.01,23.97,29.54,18.21,82.52,1.18,20.02
2022-10-30,2.75,25.18,30.32,20.97,85.19,1.16,19.52
2022-10-31,1.48,25.83,30.63,21.77,86.27,1.31,19.4
2022-11-01,0.0,25.63,30.25,22.03,87.77,1.67,19.31
2022-11-02,0.0,25.61,30.21,21.47,86.23,1.33,18.5
2022-11-03,0.0,25.11,28.77,22.48,86.16,1.42,17.84
2022-11-04,0.0,23.99,28.51,20.11,83.1,1.35,17.54
2022-11-05,0.71,25.02,30.48,20.75,76.38,0.86,18.59
2022-11-06,1.71,24.79,29.52,21.28,77.26,0.94,18.82
2022-11-07,0.58,23.89,28.82,19.17,76.81,1.02,19.03
2022-11-08,0.0,23.83,28.68,18.79,71.9,0.74,18.93
2022-11-09,0.0,23.84,28.6,18.9,73.13,0.78,19.22
2022-11-10,0.0,23.42,28.2,18.35,72.85,0.87,19.56
2022-11-11,0.0,22.48,28.07,17.39,79.9,1.12,18.29
2022-11-12,0.0,22.18,27.51,17.67,81.34,1.39,18.8
2022-11-13,0.1,20.98,26.4,16.67,85.59,1.86,18.79
2022-11-14,0.91,21.09,26.92,16.1,83.38,1.38,18.91
2022-11-15,0.0,21.54,26.88,16.66,79.78,1.11,19.11
2022-11-16,0.0,21.33,26.49,16.41,79.9,1.28,18.83
2022-11-17,0.0,21.01,27.05,15.77,83.78,1.56,18.76
2022-11-18,0.0,20.02,25.93,15.16,85.03,1.81,18.89
2022-11-19,0.0,20.3,26.77,14.24,85.62,1.68,17.14
2022-11-20,1.04,22.36,27.57,17.1,85.38,1.54,17.77
2022-11-21,0.01,22.03,27.38,17.99,85.57,1.67,17.61
2022-11-22,0.0,20.27,26.23,15.29,84.71,1.71,17.9
2022-11-23,0.0,19.75,25.75,14.87,87.21,1.6,17.77
2022-11-24,0.0,20.02,26.34,14.67,85.9,1.57,17.56
2022-11-25,1.58,21.07,27.51,14.85,84.36,1.21,17.16
2022-11-26,0.0,21.86,27.99,17.04,85.04,1.18,17.55
2022-11-27,0.05,21.69,26.99,17.45,80.67,0.88,15.77
2022-11-28,0.14,22.48,28.29,16.97,85.28,1.07,12.78
2022-11-29,0.13,23.96,28.52,20.44,85.01,1.08,14.5
2022-11-30,0.07,23.35,28.33,19.63,83.42,1.24,15.54
2022-12-01,0.07,21.54,26.93,17.72,82.8,1.55,15.69
2022-12-02,0.0,20.06,26.02,15.16,86.55,1.57,16.55
2022-12-03,0.0,19.62,25.23,14.39,84.17,1.48,17.38
2022-12-04,0.0,19.67,25.84,14.69,83.47,1.33,17.15
2022-12-05,0.0,19.24,25.65,13.62,85.53,1.61,16.96
2022-12-06,0.0,19.68,25.51,14.52,84.15,1.36,17.05
2022-12-07,0.0,19.32,25.45,14.24,85.16,1.3,16.64
2022-12-08,0.0,19.4,25.03,14.21,82.33,1.25,16.67
2022-12-09,0.0,19.47,24.73,13.87,76.91,1.0,17.46
2022-12-10,0.0,19.86,25.32,15.09,79.43,1.24,15.77
2022-12-11,0.0,19.35,25.12,14.84,80.38,1.41,16.58
2022-12-12,0.0,18.83,24.7,13.38,82.29,1.49,16.43
2022-12-13,0.0,18.49,24.13,13.03,82.57,1.42,15.38
2022-12-14,0.0,18.85,24.53,13.53,82.82,1.25,15.28
2022-12-15,0.0,18.07,23.94,12.98,81.79,1.33,15.53
2022-12-16,0.0,17.01,23.8,11.51,85.46,1.6,15.65
2022-12-17,0.0,17.69,24.21,12.15,85.61,1.4,15.28
2022-12-18,0.0,19.0,24.73,13.26,76.87,0.96,14.61
2022-12-19,0.0,19.3,25.23,14.25,76.23,1.1,15.43
2022-12-20,0.0,19.83,24.75,15.71,77.49,0.74,15.58
2022-12-21,0.0,18.59,24.25,14.1,81.96,1.15,16.07
2022-12-22,0.0,18.66,24.08,13.5,80.6,1.19,15.74
2022-12-23,0.0,17.94,23.97,13.08,78.97,1.59,15.89
2022-12-24,0.0,17.51,23.7,11.22,71.83,1.13,16.36
2022-12-25,0.0,19.52,25.41,12.09,69.51,0.75,14.88
2022-12-26,0.0,20.36,26.18,14.99,74.19,0.75,14.38
2022-12-27,2.57,20.43,24.45,16.25,86.11,1.27,11.56
2022-12-28,14.05,20.17,24.55,16.27,89.27,1.16,9.39
2022-12-29,0.07,16.73,22.51,12.41,78.85,1.63,14.37
2022-12-30,0.0,15.8,21.76,10.62,74.13,1.24,14.3
2022-12-31,0.0,16.25,22.26,10.46,76.43,1.17,15.15
2023-01-01,0.0,16.05,22.41,10.83,78.75,1.48,15.79
2023-01-02,0.0,16.27,22.64,10.33,77.71,1.51,16.18
2023-01-03,0.0,15.85,22.65,10.16,78.02,1.63,16.5
2023-01-04,0.0,14.8,21.91,9.37,83.53,1.7,16.75
2023-01-05,0.0,14.99,22.33,9.13,85.06,1.93,14.6
2023-01-06,0.0,15.4,22.67,9.37,85.18,1.83,11.68
2023-01-07,0.0,16.12,23.06,9.89,86.6,1.5,11.9
2023-01-08,0.0,17.52,24.59,11.73,85.98,1.2,11.42
2023-01-09,0.0,18.03,25.24,11.77,81.15,1.54,15.62
2023-01-10,0.0,18.37,25.4,12.41,76.31,1.41,17.12
2023-01-11,0.0,16.73,23.69,10.98,76.79,1.49,17.2
2023-01-12,0.0,15.72,22.09,10.12,74.71,1.18,16.33
2023-01-13,0.0,17.3,23.69,9.78,68.9,0.89,16.71
2023-01-14,0.0,18.2,24.24,11.62,74.44,0.93,15.18
2023-01-15,0.0,18.02,23.89,13.98,80.27,1.33,11.78
2023-01-16,0.0,16.87,23.28,11.57,77.84,1.58,15.55
2023-01-17,0.0,16.11,22.8,11.04,78.92,1.74,15.95
2023-01-18,0.0,15.19,21.69,10.11,77.21,1.65,14.81
2023-01-19,0.0,14.52,21.56,9.25,74.75,1.84,17.01
2023-01-20,0.0,14.54,21.89,8.27,72.39,1.57,18.33
2023-01-21,0.1,15.81,23.11,9.08,71.21,1.52,18.58
2023-01-22,0.0,16.72,23.73,10.27,70.17,1.59,17.78
2023-01-23,0.0,17.77,24.29,10.84,75.49,1.4,17.27
2023-01-24,0.0,18.69,25.79,12.57,74.04,1.48,17.52
2023-01-25,0.0,19.23,25.85,13.17,71.38,1.49,17.65
2023-01-26,0.0,19.58,26.04,13.53,75.46,1.3,15.73
2023-01-27,0.0,19.78,26.04,15.31,79.72,1.63,17.04
2023-01-28,0.0,19.52,25.96,14.28,82.8,1.81,17.38
2023-01-29,0.0,18.95,25.6,13.32,77.1,1.81,18.59
2023-01-30,0.0,19.35,26.72,12.47,74.72,1.54,18.64
2023-01-31,0.35,20.15,26.41,14.65,75.46,1.16,18.8
2023-02-01,0.0,19.59,25.91,14.48,78.99,1.96,17.09
2023-02-02,0.0,17.92,25.17,13.01,69.22,2.57,17.73
2023-02-03,0.0,17.17,25.05,10.32,71.3,1.83,19.23
2023-02-04,0.0,17.8,24.57,11.08,70.89,1.53,19.12
2023-02-05,0.0,18.75,25.35,12.98,62.99,1.21,18.73
2023-02-06,0.0,19.52,25.6,13.04,57.58,1.17,18.6
2023-02-07,0.0,19.58,25.72,13.08,73.06,1.4,18.31
2023-02-08,0.0,20.2,26.54,15.04,83.01,1.64,18.57
2023-02-09,0.0,21.61,27.29,15.83,75.14,0.91,18.1
2023-02-10,0.0,20.71,26.51,15.23,66.42,1.15,18.84
2023-02-11,0.0,20.56,26.91,13.98,63.78,0.99,19.72
2023-02-12,0.0,21.07,27.23,16.03,79.68,1.42,18.07
2023-02-13,0.0,19.41,25.91,13.58,63.62,1.81,20.69
2023-02-14,0.0,17.79,25.99,11.09,55.71,1.82,21.26
2023-02-15,0.0,18.84,25.72,12.11,52.92,1.38,20.68
2023-02-16,0.0,19.81,26.43,12.36,54.93,0.96,19.91
2023-02-17,0.0,20.84,26.76,14.69,66.42,0.87,19.41
2023-02-18,0.0,22.2,27.42,16.16,64.14,0.75,18.28
2023-02-19,0.0,22.44,27.88,17.02,67.2,1.04,17.56
2023-02-20,0.0,23.09,28.08,18.23,70.55,0.87,17.5
2023-02-21,0.0,22.63,28.56,17.66,82.31,1.67,16.68
2023-02-22,0.0,23.05,29.11,18.72,85.26,2.29,18.64
2023-02-23,0.0,23.3,28.85,19.52,83.97,2.35,19.2
2023-02-24,0.01,24.16,30.24,18.69,77.0,1.08,20.31
2023-02-25,0.01,23.92,30.78,19.13,63.57,1.4,19.71
2023-02-26,0.01,24.3,31.33,16.48,51.17,1.2,21.26
2023-02-27,0.0,24.89,31.15,18.27,51.7,0.9,21.38
2023-02-28,0.0,24.74,31.04,18.04,56.46,1.01,21.27
2023-03-01,0.0,23.25,31.31,16.26,52.93,1.54,22.46
2023-03-02,0.0,24.14,31.76,16.73,52.45,1.47,21.95
2023-03-03,0.0,24.23,32.44,17.13,51.63,1.54,22.15
2023-03-04,0.0,25.85,33.23,17.81,46.43,1.36,22.4
2023-03-05,0.0,26.59,33.3,18.91,47.89,0.91,21.91
2023-03-06,0.0,26.86,33.64,20.19,55.91,1.08,21.65
2023-03-07,0.0,26.65,33.49,19.63,55.0,1.13,22.45
2023-03-08,0.0,25.43,32.61,18.92,46.12,1.77,17.77
2023-03-09,0.0,25.55,33.15,19.87,49.96,2.28,18.54
2023-03-10,0.0,23.8,28.85,18.41,53.31,1.73,15.27
2023-03-11,0.0,25.59,32.74,19.78,50.51,1.83,19.64
2023-03-12,0.0,25.95,35.15,18.45,49.67,2.07,21.08
2023-03-13,0.0,26.81,34.68,18.71,45.87,1.77,21.92
2023-03-14,0.0,26.08,32.74,20.6,65.71,1.57,20.18
2023-03-15,0.13,26.1,32.83,21.06,70.57,2.12,15.63
2023-03-16,0.32,25.18,30.96,20.68,73.29,1.79,16.98
2023-03-17,0.09,25.88,32.21,21.0,62.85,1.37,11.13
2023-03-18,2.65,25.03,31.54,19.93,64.62,1.37,10.95
2023-03-19,9.99,23.79,28.01,20.99,78.73,1.53,10.65
2023-03-20,17.78,22.94,26.35,20.54,82.59,2.21,8.95
2023-03-21,38.57,23.69,27.84,20.23,83.48,1.8,14.95
2023-03-22,20.47,23.73,27.67,20.91,82.29,1.5,17.47
2023-03-23,9.29,23.41,27.94,19.75,82.46,1.69,19.39
2023-03-24,2.69,24.65,30.05,19.92,74.51,0.95,24.04
2023-03-25,3.62,25.37,30.54,20.83,75.25,0.94,22.57
2023-03-26,1.15,26.04,31.44,22.0,79.24,1.46,22.24
2023-03-27,1.64,26.09,31.65,21.79,78.64,1.38,12.58
2023-03-28,2.09,26.46,31.5,22.53,77.77,1.3,19.87
2023-03-29,13.79,26.36,30.7,21.77,78.09,1.37,15.08
2023-03-30,10.03,25.61,30.01,21.09,78.89,1.21,19.56
2023-03-31,35.33,25.34,29.19,21.88,86.2,1.36,15.42
2023-04-01,44.13,25.0,28.2,22.89,87.16,1.18,8.3
2023-04-02,7.81,25.03,29.27,21.37,80.62,1.45,24.56
2023-04-03,2.01,25.51,30.18,21.17,81.44,1.88,22.8
2023-04-04,0.94,26.38,31.25,21.72,81.87,2.14,22.67
2023-04-05,1.49,26.56,31.3,22.65,85.83,2.2,18.93
2023-04-06,11.05,27.27,31.82,22.84,76.73,1.02,24.17
2023-04-07,3.61,27.84,32.19,22.85,64.14,0.66,25.73
2023-04-08,0.02,27.83,33.13,22.15,63.3,0.91,25.83
2023-04-09,0.5,28.04,32.98,23.24,64.69,1.03,25.07
2023-04-10,2.01,28.01,33.47,21.9,69.0,1.12,24.65
2023-04-11,0.0,28.4,34.43,23.2,73.7,1.17,24.59
2023-04-12,0.0,28.79,34.49,23.89,70.35,1.12,24.76
2023-04-13,0.0,28.13,34.17,23.22,75.42,1.52,25.87
2023-04-14,0.0,29.01,34.73,23.21,71.15,1.26,25.37
2023-04-15,0.0,29.83,35.59,24.37,65.64,1.17,24.35
2023-04-16,0.0,29.18,34.31,24.24,73.1,1.24,23.03
2023-04-17,0.0,28.37,33.32,24.48,84.65,1.92,22.12
2023-04-18,0.0,28.73,34.1,24.56,83.03,1.86,21.87
2023-04-19,0.0,28.36,33.43,24.45,83.15,2.12,21.44
2023-04-20,0.02,28.52,33.53,24.9,82.39,2.72,21.04
2023-04-21,2.42,28.76,33.7,25.23,81.23,2.75,14.85
2023-04-22,2.34,28.47,34.21,23.64,75.41,1.92,22.55
2023-04-23,2.86,28.55,33.23,24.36,69.6,1.25,18.31
2023-04-24,0.17,27.87,33.12,22.14,67.61,1.22,22.41
2023-04-25,0.0,28.84,34.29,23.78,59.44,1.14,25.28
2023-04-26,0.0,29.09,35.1,22.34,57.21,1.29,25.48
2023-04-27,0.18,29.53,35.42,23.86,60.88,1.12,25.89
2023-04-28,3.85,28.46,33.78,23.42,71.27,1.46,23.93
2023-04-29,3.43,29.6,35.55,25.2,67.47,1.04,26.48
2023-04-30,0.97,29.35,34.01,24.46,66.45,0.73,23.29
2023-05-01,0.11,29.44,34.63,25.02,62.97,1.31,21.03
2023-05-02,0.0,29.13,34.45,24.38,62.59,1.32,24.35
2023-05-03,3.26,28.87,33.85,24.45,68.74,1.39,12.31
2023-05-04,6.03,29.07,33.66,25.71,69.35,1.25,13.82
2023-05-05,3.8,28.7,32.66,25.39,70.91,1.42,21.3
2023-05-06,2.03,29.62,34.39,25.53,71.37,1.07,18.98
2023-05-07,0.36,30.73,36.35,25.3,63.28,1.3,25.5
2023-05-08,0.0,31.74,38.35,25.27,56.17,1.43,26.72
2023-05-09,0.0,32.15,38.83,25.56,58.89,2.1,23.01
2023-05-10,0.0,32.1,38.69,27.13,64.7,2.29,24.28
2023-05-11,0.01,31.36,37.63,26.66,66.08,1.65,24.46
2023-05-12,0.03,30.23,34.81,25.8,69.44,1.24,20.77
2023-05-13,5.13,29.6,34.59,26.18,73.75,1.85,8.04
2023-05-14,1.05,27.86,33.73,24.12,66.82,5.01,5.64
2023-05-15,4.43,28.22,34.07,22.48,65.55,2.5,24.55
2023-05-16,15.9,29.11,33.55,25.99,78.89,2.75,24.36
2023-05-17,27.05,27.79,30.97,25.68,88.36,2.49,14.94
2023-05-18,22.55,27.32,30.13,25.35,89.34,2.17,7.64
2023-05-19,3.87,27.23,30.31,24.58,87.4,1.81,22.97
2023-05-20,0.48,27.63,30.62,25.35,87.15,2.25,21.53
2023-05-21,2.78,27.82,31.88,24.45,83.48,2.24,23.87
2023-05-22,13.4,27.76,30.84,25.37,87.59,2.04,23.38
2023-05-23,20.22,27.62,30.57,25.56,89.8,1.6,22.15
2023-05-24,37.94,26.54,29.36,24.42,88.09,1.91,2.67
2023-05-25,15.27,27.0,30.44,23.77,87.37,1.67,20.16
2023-05-26,6.58,27.88,31.29,25.51,85.91,1.57,22.02
2023-05-27,12.93,27.75,31.21,24.91,84.09,1.5,22.44
2023-05-28,0.89,28.64,32.57,24.47,76.56,0.91,26.03
2023-05-29,2.66,29.61,33.7,25.96,72.84,1.03,26.78
2023-05-30,0.0,30.03,34.46,25.63,74.48,1.14,26.07
2023-05-31,0.03,30.2,34.09,26.6,79.12,1.17,24.73
2023-06-01,1.56,29.07,31.84,27.1,85.78,1.8,22.15
2023-06-02,0.54,28.57,31.02,26.62,88.45,1.75,23.71
2023-06-03,0.87,28.77,31.77,26.13,88.38,1.73,23.53
2023-06-04,2.69,28.9,31.82,26.23,86.51,1.26,24.45
2023-06-05,1.82,30.27,34.19,26.29,77.69,0.98,24.83
2023-06-06,0.91,29.87,34.34,27.09,74.92,1.35,22.29
2023-06-07,7.05,30.13,34.15,26.07,75.32,1.23,10.15
2023-06-08,51.54,29.41,32.57,26.91,84.23,1.02,10.46
2023-06-09,29.17,27.65,29.33,26.06,86.37,1.58,12.93
2023-06-10,20.47,28.69,31.96,26.03,83.97,1.58,3.75
2023-06-11,51.73,28.64,31.83,26.23,87.1,2.79,4.67
2023-06-12,23.22,28.44,30.96,26.71,90.93,2.58,17.86
2023-06-13,12.56,28.68,31.33,26.6,90.24,2.93,19.7
2023-06-14,18.39,28.76,31.32,27.44,89.02,4.13,17.61
2023-06-15,18.48,28.58,30.27,27.6,90.41,4.65,6.09
2023-06-16,20.03,28.5,30.97,27.1,91.48,4.01,12.99
2023-06-17,20.97,28.53,31.05,26.95,91.18,3.79,4.49
2023-06-18,58.02,28.31,30.71,26.53,91.82,2.97,16.72
2023-06-19,17.14,28.12,30.3,26.59,92.25,2.67,9.08
2023-06-20,17.68,28.48,31.79,25.77,88.97,2.43,21.72
2023-06-21,10.83,28.38,31.26,26.69,90.13,3.05,21.75
2023-06-22,10.62,27.99,31.24,25.81,89.18,2.77,16.68
2023-06-23,12.92,27.95,30.52,25.55,90.07,3.03,18.28
2023-06-24,23.15,27.92,32.12,25.88,89.76,3.76,17.46
2023-06-25,10.98,27.84,31.14,25.26,88.17,3.46,22.44
2023-06-26,22.38,27.6,30.19,25.62,89.29,3.84,13.54
2023-06-27,40.11,27.88,30.11,26.39,90.67,4.06,5.78
2023-06-28,27.38,28.06,30.59,26.21,91.24,3.2,19.54
2023-06-29,22.21,28.3,30.83,26.44,90.93,2.65,19.84
2023-06-30,35.04,28.49,31.22,26.15,90.41,2.05,17.04
2023-07-01,20.1,28.85,32.03,26.2,88.76,2.0,19.2
2023-07-02,10.32,28.54,30.96,26.47,90.84,1.99,22.84
2023-07-03,2.49,28.99,32.26,26.83,89.61,2.34,23.33
2023-07-04,3.21,29.22,32.58,26.35,86.43,1.74,24.49
2023-07-05,11.1,28.94,32.11,26.65,88.43,2.68,23.16
2023-07-06,12.66,28.67,31.0,26.98,89.51,4.26,19.54
2023-07-07,8.45,28.19,30.29,26.92,91.8,3.15,19.7
2023-07-08,6.99,28.28,30.53,26.55,89.69,2.64,21.61
2023-07-09,10.19,28.61,31.61,26.29,89.28,1.92,18.72
2023-07-10,19.55,28.71,31.61,26.51,89.34,2.67,11.43
2023-07-11,9.5,28.25,31.1,26.03,89.19,3.12,17.83
2023-07-12,16.74,27.81,30.06,25.87,90.57,2.78,19.09
2023-07-13,9.01,27.99,30.26,26.29,92.49,2.71,17.34
2023-07-14,13.05,27.74,29.96,26.66,94.64,3.24,14.94
2023-07-15,5.15,28.41,31.22,26.48,88.46,4.09,19.89
2023-07-16,7.31,28.23,30.75,26.34,90.38,3.74,17.72
2023-07-17,7.63,28.06,30.24,25.98,91.29,2.24,19.49
2023-07-18,4.37,28.43,31.29,26.38,89.31,2.5,23.86
2023-07-19,6.88,28.67,31.91,26.47,89.26,2.62,25.8
2023-07-20,3.75,28.82,32.25,26.57,89.56,2.43,25.0
2023-07-21,0.61,29.09,33.5,26.09,87.33,1.95,23.69
2023-07-22,1.16,28.98,32.63,26.46,87.89,2.22,24.86
2023-07-23,0.72,28.25,30.66,26.15,91.9,1.81,24.7
2023-07-24,0.43,29.27,33.86,26.25,85.48,1.49,24.29
2023-07-25,3.19,29.12,32.96,26.42,87.29,1.97,24.02
2023-07-26,10.33,28.47,31.64,26.65,90.1,2.65,21.43
2023-07-27,10.42,28.82,31.98,26.24,88.65,2.9,17.53
2023-07-28,12.2,28.73,31.6,26.55,88.31,2.94,20.26
2023-07-29,10.35,28.95,31.96,26.63,88.24,2.52,20.56
2023-07-30,0.87,29.79,33.38,26.66,85.11,1.39,24.45
2023-07-31,8.1,30.26,34.21,26.67,84.09,1.2,22.65
2023-08-01,64.93,29.25,33.18,26.66,87.61,4.37,16.36
2023-08-02,15.56,28.39,31.13,26.33,89.82,4.5,12.62
2023-08-03,37.34,28.36,31.1,26.48,90.87,3.25,8.35
2023-08-04,74.21,28.0,29.91,26.72,93.2,2.79,4.72
2023-08-05,16.24,28.14,30.96,26.23,90.87,3.1,5.02
2023-08-06,49.07,27.66,29.72,26.6,92.11,3.24,2.46
2023-08-07,112.11,27.77,28.84,26.74,94.23,4.11,4.02
2023-08-08,38.94,27.55,29.59,26.04,93.41,2.62,5.78
2023-08-09,9.07,28.23,31.34,25.36,89.88,1.85,11.07
2023-08-10,8.22,27.18,28.35,26.04,93.26,2.17,10.94
2023-08-11,13.53,27.78,31.01,25.62,90.31,2.27,8.76
2023-08-12,14.44,27.09,28.33,26.13,92.27,2.89,8.99
2023-08-13,16.67,28.18,30.91,25.97,90.72,1.67,7.91
2023-08-14,20.29,27.91,32.18,24.2,83.36,1.1,15.68
2023-08-15,17.65,28.43,31.71,25.87,89.91,1.53,13.48
2023-08-16,12.22,28.68,32.06,26.04,89.05,1.47,16.63
2023-08-17,14.86,28.33,31.63,26.5,90.25,1.6,23.04
2023-08-18,6.82,28.17,31.11,25.82,89.15,2.78,22.33
2023-08-19,4.5,27.82,31.07,25.58,91.26,2.68,21.15
2023-08-20,3.27,28.55,31.72,25.98,88.57,1.58,20.01
2023-08-21,6.46,27.8,30.07,25.63,89.96,1.52,15.25
2023-08-22,4.36,27.54,29.37,26.15,92.95,2.15,11.54
2023-08-23,12.1,27.6,29.32,26.14,92.58,2.38,12.8
2023-08-24,21.94,28.55,31.11,26.8,91.79,2.93,14.92
2023-08-25,17.58,28.1,30.62,25.86,92.17,2.67,13.66
2023-08-26,44.33,28.25,31.02,26.26,90.92,2.71,8.7
2023-08-27,40.34,28.24,30.91,26.39,91.99,2.24,4.61
2023-08-28,9.68,28.74,32.02,26.34,89.39,1.7,17.01
2023-08-29,10.95,29.21,32.94,26.06,85.1,1.07,20.98
2023-08-30,1.09,29.42,32.83,26.03,84.62,1.2,18.91
2023-08-31,20.52,28.47,30.49,26.96,90.79,1.54,19.56
2023-09-01,12.21,28.77,31.42,26.49,88.85,1.17,16.03
2023-09-02,12.81,29.85,33.17,26.87,83.98,0.73,14.24
2023-09-03,45.17,27.43,29.0,26.03,94.08,1.39,19.36
2023-09-04,18.18,28.28,31.47,25.49,86.42,1.07,18.64
2023-09-05,8.96,29.06,32.89,25.24,85.4,1.17,16.55
2023-09-06,2.84,28.21,30.91,26.42,91.77,1.46,18.72
2023-09-07,25.24,27.74,31.18,25.6,91.68,2.75,18.66
2023-09-08,37.64,27.63,29.18,26.57,94.14,2.89,7.04
2023-09-09,1.59,28.52,31.44,26.13,87.76,1.41,22.53
2023-09-10,6.34,28.89,31.93,25.95,85.04,1.02,18.18
2023-09-11,16.51,28.65,31.53,26.37,86.84,1.18,16.66
2023-09-12,17.25,28.45,31.48,26.2,88.29,1.4,19.4
2023-09-13,4.48,28.13,31.9,25.67,89.01,2.67,19.93
2023-09-14,7.97,27.61,30.02,25.93,92.49,3.13,12.31
2023-09-15,1.84,27.73,30.75,26.01,90.81,2.22,22.21
2023-09-16,5.58,28.74,32.61,25.6,84.85,1.04,21.25
2023-09-17,8.39,29.36,32.96,26.16,86.56,1.04,21.31
2023-09-18,50.33,28.29,30.58,26.54,88.82,1.18,15.44
2023-09-19,21.71,27.92,30.98,25.8,91.23,2.55,17.84
2023-09-20,23.17,27.48,29.2,26.29,93.53,3.39,10.08
2023-09-21,25.58,27.72,29.94,26.5,92.26,2.93,16.99
2023-09-22,13.49,27.82,30.41,26.17,91.39,2.36,12.18
2023-09-23,19.64,27.96,31.12,25.87,90.06,1.83,19.53
2023-09-24,4.22,27.69,31.12,24.94,89.41,1.73,19.73
2023-09-25,11.12,28.26,31.54,25.71,89.56,1.48,21.59
2023-09-26,9.11,28.8,32.33,26.2,83.77,0.69,22.21
2023-09-27,22.5,28.31,31.75,25.33,86.98,1.29,15.72
2023-09-28,9.24,28.69,32.38,24.9,87.94,1.36,18.67
2023-09-29,6.87,28.71,31.43,26.83,89.73,1.06,15.11
2023-09-30,3.92,27.83,30.74,25.83,91.1,2.5,17.64
2023-10-01,8.2,27.73,30.32,26.01,90.58,1.76,21.28
2023-10-02,12.38,27.55,30.87,25.79,92.19,2.55,17.4
2023-10-03,23.16,27.37,30.21,25.61,91.2,3.08,6.12
2023-10-04,37.44,27.05,29.15,25.27,92.89,3.18,10.6
2023-10-05,49.47,27.42,28.9,26.04,94.49,3.08,6.88
2023-10-06,15.34,27.74,30.11,25.73,91.68,2.98,10.96
2023-10-07,7.42,27.54,30.58,25.43,90.02,2.02,16.24
2023-10-08,11.34,27.67,30.53,25.57,90.33,2.04,14.1
2023-10-09,13.97,27.91,30.9,25.87,90.66,1.65,17.23
2023-10-10,0.47,28.83,32.08,26.22,81.94,0.75,17.9
2023-10-11,0.13,28.15,31.65,25.16,78.08,0.76,17.37
2023-10-12,11.75,27.86,31.34,25.03,84.34,0.91,12.14
2023-10-13,2.34,27.88,31.23,24.95,79.25,0.93,17.36
2023-10-14,0.01,27.18,30.51,24.02,73.41,0.85,19.68
2023-10-15,0.01,27.11,31.09,23.46,76.28,0.77,19.79
2023-10-16,0.0,26.39,30.98,22.48,79.28,0.98,21.78
2023-10-17,0.0,26.22,30.63,21.64,77.32,1.12,21.48
2023-10-18,0.02,26.22,30.26,22.37,77.74,0.95,21.22
2023-10-19,0.0,25.28,29.37,21.35,83.39,1.39,20.69
2023-10-20,0.0,25.08,29.58,21.37,86.49,1.52,20.71
2023-10-21,0.0,25.01,29.93,20.48,84.09,1.47,20.44
2023-10-22,4.07,26.29,31.13,21.28,79.12,0.92,17.73
2023-10-23,7.99,25.67,29.8,22.95,84.24,0.79,6.13
2023-10-24,12.0,24.53,27.53,22.71,90.95,2.15,1.93
2023-10-25,17.36,25.75,29.57,22.08,86.56,1.54,14.62
2023-10-26,4.41,26.77,30.11,23.85,77.5,0.35,18.98
2023-10-27,0.05,25.31,29.49,21.31,79.4,0.94,19.97
2023-10-28,0.0,24.33,28.98,20.85,82.74,1.62,19.79
2023-10-29,0.0,23.31,28.62,18.6,80.0,1.4,19.59
2023-10-30,0.0,24.26,29.26,19.9,82.15,1.3,19.86
2023-10-31,0.0,25.04,29.79,20.26,84.09,1.42,18.42
2023-11-01,0.0,25.32,30.12,21.4,84.45,1.37,19.37
2023-11-02,0.0,25.04,29.79,21.01,84.01,1.39,19.17
2023-11-03,0.0,24.84,29.04,20.8,84.43,1.38,18.88
2023-11-04,0.0,24.85,29.37,20.8,81.57,1.2,16.21
2023-11-05,0.11,24.19,28.76,20.94,84.41,1.58,15.61
2023-11-06,0.01,23.16,28.19,19.4,84.41,1.7,18.14
2023-11-07,0.0,22.49,27.24,18.13,82.37,1.48,18.28
2023-11-08,0.0,22.26,27.07,17.76,83.23,1.3,17.54
2023-11-09,0.0,22.16,27.31,17.77,84.48,1.55,18.09
2023-11-10,0.0,22.56,27.87,17.76,83.2,1.5,18.64
2023-11-11,0.0,22.68,28.08,18.06,81.63,1.38,18.95
2023-11-12,0.0,22.58,27.99,18.3,82.28,1.29,18.16
2023-11-13,0.0,22.74,27.98,17.48,82.37,1.2,18.14
2023-11-14,0.0,23.23,28.37,18.04,81.42,1.19,17.35
2023-11-15,0.0,23.33,28.76,18.87,80.16,1.17,15.03
2023-11-16,34.25,23.22,27.08,20.76,90.25,1.48,4.2
2023-11-17,98.22,23.33,24.84,21.77,95.18,2.25,1.96
2023-11-18,12.63,23.42,27.28,19.83,88.26,1.64,8.13
2023-11-19,2.54,24.02,28.75,19.86,84.8,0.9,16.3
2023-11-20,0.0,24.29,28.66,20.34,86.07,1.05,15.33
2023-11-21,0.14,23.66,27.0,21.12,83.07,1.18,6.82
2023-11-22,0.02,22.12,26.84,18.24,82.91,1.43,17.03
2023-11-23,0.0,20.92,26.29,16.17,83.28,1.43,17.27
2023-11-24,0.0,21.62,26.57,16.95,77.84,0.98,17.52
2023-11-25,0.0,21.41,26.8,15.99,75.66,1.15,17.65
2023-11-26,0.0,21.86,27.32,15.87,76.9,1.09,17.53
2023-11-27,0.0,22.94,28.94,17.17,78.1,1.0,17.68
2023-11-28,0.0,23.98,28.63,19.58,73.95,0.62,17.29
2023-11-29,0.0,22.06,25.95,17.36,78.19,0.76,11.74
2023-11-30,0.0,21.88,27.47,16.95,83.39,1.33,17.19
2023-12-01,0.0,21.36,27.1,16.29,84.62,1.43,17.68
2023-12-02,0.0,21.93,27.42,16.53,81.89,1.26,15.25
2023-12-03,0.0,22.27,27.67,17.82,86.25,1.3,14.33
2023-12-04,0.0,22.7,27.64,18.25,87.69,1.41,11.01
2023-12-05,0.14,21.98,25.02,20.02,88.98,1.48,7.78
2023-12-06,0.79,21.82,25.42,18.97,88.23,1.79,10.23
2023-12-07,7.75,21.47,23.67,20.02,93.7,2.03,8.83
2023-12-08,25.23,21.7,25.33,19.53,92.41,1.58,9.87
2023-12-09,3.67,20.63,24.97,17.35,89.84,1.83,15.8
2023-12-10,0.0,18.62,23.56,15.48,84.78,1.65,15.68
2023-12-11,0.0,17.89,23.42,13.16,85.38,1.63,14.48
2023-12-12,0.1,18.34,24.23,13.33,82.74,1.06,11.75
2023-12-13,0.0,18.08,23.66,13.04,83.02,1.41,15.66
2023-12-14,0.0,16.81,22.17,12.65,77.47,1.39,16.1
2023-12-15,0.0,16.24,22.71,11.23,82.16,1.43,16.26
2023-12-16,0.0,16.95,22.96,11.34,83.28,1.41,16.25
2023-12-17,0.0,17.27,23.59,11.79,82.2,1.36,17.39
2023-12-18,0.0,17.32,23.41,11.6,82.84,1.24,16.95
2023-12-19,0.0,17.64,23.54,12.73,85.75,1.45,16.44
2023-12-20,0.0,17.78,23.83,12.67,81.52,1.2,16.6
2023-12-21,0.0,18.96,24.88,13.47,75.23,0.8,15.02
2023-12-22,0.0,19.64,24.72,15.6,76.93,0.76,14.41
2023-12-23,0.0,20.21,25.26,15.53,78.63,0.92,14.34
2023-12-24,0.0,21.3,25.78,16.97,77.69,0.76,14.95
2023-12-25,0.0,21.33,25.35,17.8,78.28,0.7,15.26
2023-12-26,0.0,20.66,25.42,15.99,78.16,0.74,15.28
2023-12-27,0.0,20.55,25.65,16.09,76.38,0.64,15.84
2023-12-28,0.0,20.19,25.18,15.75,77.82,0.83,14.92
2023-12-29,0.0,19.64,25.03,15.01,78.07,1.03,16.49
2023-12-30,0.0,19.72,25.17,14.82,77.56,1.04,16.16
2023-12-31,0.0,18.59,24.75,13.98,82.68,1.38,16.28
2024-01-01,0.0,17.69,23.89,12.68,86.38,1.52,15.59
2024-01-02,0.15,16.88,23.08,12.12,87.81,1.6,16.65
2024-01-03,0.0,16.74,23.38,11.23,84.94,1.44,13.92
2024-01-04,0.0,16.63,23.01,10.8,85.52,1.62,13.75
2024-01-05,0.0,16.52,23.06,11.12,85.97,1.76,16.07
2024-01-06,0.0,17.27,23.96,10.97,81.1,1.56,16.15
2024-01-07,0.0,17.46,23.9,12.61,82.35,1.6,16.0
2024-01-08,0.0,17.02,23.86,11.27,86.06,1.79,17.14
2024-01-09,0.0,16.39,23.19,10.95,85.19,1.82,16.33
2024-01-10,0.0,15.82,22.75,9.88,82.62,1.52,15.71
2024-01-11,0.0,16.05,22.51,11.24,84.82,1.76,15.49
2024-01-12,0.0,14.91,21.22,9.56,85.38,1.82,12.36
2024-01-13,0.0,14.74,21.13,9.47,87.2,1.69,12.62
2024-01-14,0.0,15.56,22.28,9.42,81.23,1.1,8.53
2024-01-15,0.0,15.82,21.92,10.97,82.82,1.1,14.22
2024-01-16,0.0,15.5,20.57,11.02,79.95,0.91,13.75
2024-01-17,0.0,14.87,20.36,9.21,81.56,1.09,15.14
2024-01-18,0.1,15.61,21.63,9.48,83.05,1.32,8.32
2024-01-19,1.35,17.34,23.31,12.75,82.87,1.48,16.58
2024-01-20,1.88,15.91,22.44,10.8,83.94,1.65,17.9
2024-01-21,0.0,15.4,21.67,9.62,81.73,1.37,14.15
2024-01-22,0.0,14.09,20.73,8.96,77.25,1.7,14.59
2024-01-23,0.0,14.25,20.64,7.49,76.66,1.36,13.88
2024-01-24,1.69,15.42,21.88,8.75,81.74,1.43,8.79
2024-01-25,0.84,16.65,22.52,11.76,81.87,1.14,10.0
2024-01-26,2.52,15.48,22.14,10.32,79.08,1.89,16.42
2024-01-27,0.03,14.52,21.02,9.34,78.85,1.48,14.86
2024-01-28,0.0,14.64,22.32,8.44,76.97,1.53,17.95
2024-01-29,0.0,15.66,22.69,8.94,71.55,1.28,17.3
2024-01-30,0.0,17.31,23.34,9.83,64.5,0.97,18.15
2024-01-31,0.04,18.91,25.19,12.8,69.53,1.03,6.5
2024-02-01,0.61,19.58,24.31,15.42,79.37,0.93,7.09
2024-02-02,3.35,19.51,24.63,15.67,88.04,1.49,7.01
2024-02-03,1.66,20.02,25.08,16.52,78.97,1.19,14.59
2024-02-04,0.0,19.17,24.03,14.12,65.38,1.01,18.09
2024-02-05,0.0,19.66,25.6,13.01,70.57,1.12,18.88
2024-02-06,0.0,20.33,25.86,16.11,80.58,1.25,12.98
2024-02-07,0.0,20.45,25.37,16.49,85.28,1.21,10.31
2024-02-08,0.0,17.24,23.06,12.65,71.65,1.49,19.1
2024-02-09,0.0,15.66,22.8,9.56,70.22,1.89,19.84
2024-02-10,0.0,16.65,24.37,9.85,75.15,1.65,20.11
2024-02-11,0.0,17.95,25.18,11.13,75.26,1.43,19.8
2024-02-12,0.0,19.32,25.61,13.44,70.1,1.33,16.28
2024-02-13,0.0,19.72,26.81,13.23,66.84,1.55,17.96
2024-02-14,0.0,20.45,26.59,14.82,68.23,1.3,15.85
2024-02-15,0.09,21.1,27.0,16.23,76.64,1.57,17.49
2024-02-16,0.04,20.92,27.39,16.18,80.45,1.85,18.61
2024-02-17,0.08,19.98,26.26,14.37,70.03,1.38,20.67
2024-02-18,0.0,20.0,25.93,14.16,59.4,1.05,20.14
2024-02-19,0.0,19.91,26.12,12.9,58.99,1.11,20.73
2024-02-20,0.0,21.24,27.37,15.96,80.08,1.62,17.86
2024-02-21,1.0,22.87,28.63,18.61,88.1,2.12,12.34
2024-02-22,3.88,23.36,28.62,19.46,87.92,2.74,15.28
2024-02-23,13.36,22.95,27.44,18.94,85.91,1.02,11.73
2024-02-24,11.38,21.67,27.99,16.32,79.12,1.56,15.96
2024-02-25,0.0,20.43,26.74,15.89,74.65,2.13,17.53
2024-02-26,0.0,19.92,27.26,14.25,71.09,2.04,20.93
2024-02-27,0.0,20.3,27.8,14.35,67.64,1.78,20.35
2024-02-28,0.0,21.42,26.97,16.05,63.89,1.28,19.86
2024-02-29,0.0,22.6,28.15,18.34,62.94,1.09,21.61
2024-03-01,0.0,20.77,27.86,15.05,66.58,1.58,22.86
2024-03-02,0.0,21.03,27.76,13.97,60.62,1.56,23.46
2024-03-03,0.0,22.04,28.4,15.58,62.46,1.32,21.73
2024-03-04,0.0,23.06,28.58,17.43,63.65,1.51,16.17
2024-03-05,0.0,23.79,29.4,19.04,68.86,1.22,20.48
2024-03-06,0.0,22.65,28.68,17.05,59.12,1.6,24.11
2024-03-07,0.0,21.77,28.46,14.07,52.69,1.6,23.26
2024-03-08,0.0,21.6,28.79,15.61,58.7,1.79,23.17
2024-03-09,0.0,20.99,28.68,14.98,56.66,1.68,24.65
2024-03-10,0.0,20.33,28.17,14.24,55.02,1.82,24.85
2024-03-11,0.0,21.26,28.73,12.7,58.0,1.83,24.59
2024-03-12,0.0,23.18,29.96,16.5,61.03,1.37,22.28
2024-03-13,0.0,24.49,30.43,19.8,81.4,1.45,21.47
2024-03-14,5.95,25.24,30.84,21.06,81.14,1.48,15.1
2024-03-15,13.81,26.04,31.07,21.31,76.85,1.01,18.8
2024-03-16,16.99,26.46,31.94,20.2,67.73,0.93,22.36
2024-03-17,0.0,26.66,31.71,20.61,61.9,1.16,22.56
2024-03-18,0.01,26.05,31.85,20.6,66.81,1.24,21.44
2024-03-19,0.52,26.2,32.35,20.96,68.2,1.38,11.22
2024-03-20,0.14,23.93,29.06,20.54,74.3,2.1,22.62
2024-03-21,2.67,22.8,28.32,18.48,76.47,1.85,6.82
2024-03-22,4.68,22.75,27.44,19.34,78.0,1.27,18.15
2024-03-23,8.08,23.53,28.39,18.85,82.19,1.83,22.69
2024-03-24,15.86,24.99,30.2,20.55,84.89,2.19,21.94
2024-03-25,7.05,25.53,30.78,21.86,82.93,1.4,20.59
2024-03-26,12.69,26.75,31.81,21.43,73.14,1.1,21.12
2024-03-27,0.01,26.89,31.71,22.48,72.1,0.81,22.88
2024-03-28,4.93,26.51,31.24,22.24,78.59,1.24,16.23
2024-03-29,16.27,25.88,30.64,22.05,80.21,1.35,13.69
2024-03-30,10.27,26.74,31.21,23.19,87.67,2.34,17.16
2024-03-31,11.26,27.08,31.97,24.22,85.47,2.4,16.05
2024-04-01,13.79,27.44,31.77,24.54,87.02,3.44,19.97
2024-04-02,0.04,27.79,32.21,24.7,86.0,2.7,18.01
2024-04-03,0.05,27.97,32.8,24.38,84.32,2.14,22.99
2024-04-04,0.03,27.84,32.59,23.96,84.9,2.23,22.38
2024-04-05,0.03,27.7,32.18,23.99,85.37,2.14,17.72
2024-04-06,0.07,28.64,33.97,24.83,83.02,2.02,23.14
2024-04-07,0.26,28.3,33.05,24.4,80.58,1.37,13.67
2024-04-08,0.18,28.02,33.4,23.56,68.83,1.42,22.55
2024-04-09,0.0,27.68,33.27,22.93,58.59,1.09,22.97
2024-04-10,0.0,27.45,33.91,22.13,62.33,1.55,23.15
2024-04-11,0.0,26.72,33.94,20.54,61.19,1.37,20.84
2024-04-12,0.0,28.44,34.89,21.85,56.7,1.67,20.63
2024-04-13,0.0,28.3,35.1,21.9,58.72,1.32,23.77
2024-04-14,0.0,29.02,35.29,22.99,56.44,1.23,23.02
2024-04-15,0.0,30.74,36.33,25.09,51.78,0.85,22.47
2024-04-16,0.8,30.23,36.65,24.9,62.39,1.43,22.88
2024-04-17,10.19,29.46,34.85,25.44,79.08,2.79,19.43
2024-04-18,19.37,28.91,33.23,25.88,83.89,2.67,21.93
2024-04-19,7.45,29.01,33.61,25.93,82.13,3.55,25.21
2024-04-20,0.28,29.47,34.58,26.4,81.53,4.35,24.0
2024-04-21,0.07,29.4,34.05,26.32,81.4,3.99,19.47
2024-04-22,0.18,29.58,34.48,26.02,79.07,3.05,18.89
2024-04-23,0.01,29.68,36.09,25.5,72.25,2.2,23.52
2024-04-24,0.0,30.54,37.25,25.18,67.82,2.0,24.45
2024-04-25,0.01,30.75,36.85,26.21,70.71,2.32,23.7
2024-04-26,0.24,30.34,36.66,25.35,71.39,2.55,23.73
2024-04-27,0.12,30.59,36.76,25.77,72.15,2.46,23.33
2024-04-28,0.14,30.91,37.41,26.45,73.4,2.71,23.68
2024-04-29,0.23,31.26,37.43,27.16,71.07,3.01,23.01
2024-04-30,0.05,31.05,37.08,26.64,74.1,4.1,21.48
2024-05-01,1.04,30.83,36.5,27.26,73.99,3.7,19.24
2024-05-02,16.17,30.15,35.19,27.5,78.52,3.66,14.79
2024-05-03,11.42,30.03,34.88,26.17,78.09,2.41,23.01
2024-05-04,8.48,29.65,33.84,26.59,74.78,1.55,23.67
2024-05-05,19.65,28.64,31.77,25.84,85.14,3.35,23.43
2024-05-06,58.0,27.83,30.22,26.11,89.67,3.04,17.79
2024-05-07,24.51,26.9,30.18,24.34,84.93,1.4,20.04
2024-05-08,28.96,25.98,29.63,23.63,78.41,0.91,13.09
2024-05-09,0.08,26.96,31.48,21.35,75.69,1.11,25.25
2024-05-10,3.8,27.91,31.17,24.9,77.64,1.06,21.91
2024-05-11,29.06,27.51,30.86,24.91,81.4,1.22,15.66
2024-05-12,5.24,27.64,32.19,22.99,77.83,1.05,17.99
2024-05-13,2.21,28.44,33.04,24.26,76.56,0.89,25.75
2024-05-14,0.44,28.98,33.63,25.2,79.25,0.91,26.84
2024-05-15,0.04,28.92,32.79,26.07,82.05,0.89,26.76
2024-05-16,0.0,29.23,33.28,25.94,77.84,1.05,24.64
2024-05-17,0.05,29.47,33.62,25.75,82.51,1.39,25.35
2024-05-18,4.64,28.57,32.0,26.43,87.89,1.29,20.43
2024-05-19,16.61,28.88,32.57,26.33,86.04,1.13,13.85
2024-05-20,19.21,29.6,33.61,25.5,77.88,0.72,17.92
2024-05-21,8.32,29.45,33.23,25.64,79.0,0.97,24.32
2024-05-22,3.9,30.5,34.56,26.72,75.29,0.89,25.41
2024-05-23,1.35,30.33,34.14,26.99,77.99,1.06,26.71
2024-05-24,8.53,30.88,35.29,27.04,78.7,1.27,26.56
2024-05-25,13.74,30.56,35.28,27.29,81.31,1.43,23.82
2024-05-26,70.19,29.11,32.04,26.87,88.59,4.28,11.42
2024-05-27,96.49,28.97,30.19,27.66,89.92,9.51,2.84
2024-05-28,55.38,29.52,31.37,28.49,90.43,5.02,4.18
2024-05-29,23.25,29.71,32.12,28.37,90.27,4.72,16.18
2024-05-30,6.91,29.37,31.55,28.05,90.13,3.57,21.47
2024-05-31,5.55,29.43,32.11,27.67,88.04,2.86,16.48
2024-06-01,2.88,29.55,32.9,26.81,84.83,1.81,23.61
2024-06-02,4.08,29.35,32.2,27.32,86.75,2.78,22.53
2024-06-03,34.4,28.7,31.45,26.76,88.24,2.5,20.04
2024-06-04,11.2,28.59,31.38,26.78,88.37,2.64,9.49
2024-06-05,12.06,29.31,32.86,26.53,86.75,1.44,23.28
2024-06-06,16.43,28.75,31.06,26.53,90.79,1.51,21.31
2024-06-07,18.87,29.11,31.35,27.51,91.33,2.24,10.45
2024-06-08,25.82,28.93,31.09,27.48,91.31,2.79,13.68
2024-06-09,30.8,29.1,31.42,27.5,91.2,2.63,17.18
2024-06-10,9.97,29.04,31.28,27.49,92.36,2.29,17.07
2024-06-11,7.76,29.34,32.6,26.87,87.78,2.24,22.73
2024-06-12,6.02,28.98,32.26,26.28,87.14,2.49,7.8
2024-06-13,28.97,28.48,30.71,27.2,91.3,2.5,15.41
2024-06-14,30.91,29.06,31.03,27.57,92.63,3.37,11.4
2024-06-15,20.68,29.22,31.41,27.83,90.92,4.11,15.47
2024-06-16,11.85,29.35,31.95,27.69,89.98,3.61,17.77
2024-06-17,7.93,29.24,31.16,28.0,91.91,3.5,15.37
2024-06-18,12.7,28.97,30.86,27.87,91.17,4.13,13.8
2024-06-19,40.57,28.7,30.98,26.58,92.15,3.67,6.73
2024-06-20,15.04,28.14,30.7,26.37,91.32,2.33,8.84
2024-06-21,9.38,29.12,32.53,26.01,85.23,0.96,17.71
2024-06-22,13.91,28.39,31.17,26.45,88.75,1.52,20.1
2024-06-23,13.27,28.89,32.21,25.92,87.2,1.48,20.58
2024-06-24,2.6,28.56,31.01,26.84,89.99,1.72,15.45
2024-06-25,3.01,29.3,32.45,26.7,86.91,1.24,20.64
2024-06-26,6.14,29.55,32.78,26.88,85.85,1.2,18.74
2024-06-27,19.35,28.36,31.24,26.51,89.82,3.12,22.55
2024-06-28,23.12,28.75,31.23,26.65,90.39,4.27,16.87
2024-06-29,48.29,28.86,31.05,27.44,90.48,4.86,6.21
2024-06-30,34.45,28.36,29.32,27.74,94.73,4.5,7.37
2024-07-01,91.69,28.06,29.49,26.76,94.46,3.88,2.97
2024-07-02,44.23,28.12,30.71,26.65,92.22,2.59,7.05
2024-07-03,29.98,27.62,29.38,26.35,92.26,3.23,11.84
2024-07-04,19.68,27.75,29.61,26.18,91.73,3.61,10.5
2024-07-05,24.06,27.87,29.95,26.41,92.3,3.02,9.69
2024-07-06,13.54,27.93,29.94,26.12,92.92,2.24,21.88
2024-07-07,8.38,28.45,31.46,26.48,90.45,2.16,21.82
2024-07-08,3.14,28.16,31.26,25.97,89.96,1.94,16.98
2024-07-09,6.44,28.57,31.22,26.49,90.5,2.75,16.91
2024-07-10,26.69,28.58,31.62,26.68,91.11,3.11,12.27
2024-07-11,29.65,28.45,31.2,26.64,91.16,3.06,13.4
2024-07-12,46.31,28.28,31.39,26.42,89.34,2.79,12.1
2024-07-13,15.74,28.1,30.31,26.02,92.47,2.81,20.0
2024-07-14,1.32,28.87,31.88,26.29,89.11,1.91,25.04
2024-07-15,1.06,29.16,33.16,26.81,88.34,2.43,23.21
2024-07-16,1.87,28.81,32.48,26.35,89.92,2.75,22.9
2024-07-17,1.29,29.74,33.83,26.72,86.36,1.52,22.9
2024-07-18,1.37,29.91,33.04,27.31,85.25,1.41,22.79
2024-07-19,2.49,29.01,32.03,27.04,89.44,3.34,23.18
2024-07-20,6.08,28.62,31.42,26.66,89.35,3.84,23.49
2024-07-21,6.49,28.35,31.06,26.66,90.29,3.94,20.18
2024-07-22,5.26,28.2,30.23,26.93,91.68,4.13,10.51
2024-07-23,3.42,28.44,31.25,26.66,89.47,3.98,14.06
2024-07-24,8.48,28.8,31.82,26.53,90.35,3.22,17.92
2024-07-25,7.49,29.23,31.71,26.88,89.47,2.39,21.91
2024-07-26,3.18,29.08,31.99,26.77,89.19,3.39,19.37
2024-07-27,1.81,28.8,31.7,26.76,88.7,3.68,22.27
2024-07-28,1.56,28.84,32.35,26.54,88.78,3.11,18.99
2024-07-29,22.39,28.65,31.48,26.76,88.87,3.68,17.73
2024-07-30,20.45,28.63,31.47,26.65,90.06,3.03,11.82
2024-07-31,14.35,28.28,30.37,26.9,93.0,2.42,15.14
2024-08-01,146.6,27.64,29.05,26.75,94.34,5.34,3.5
2024-08-02,115.83,27.45,28.6,26.24,93.82,4.13,3.55
2024-08-03,45.89,27.89,29.69,26.33,93.48,3.59,13.91
2024-08-04,55.02,28.3,31.16,26.04,89.53,2.36,15.52
2024-08-05,15.4,27.59,29.98,25.79,91.5,2.4,14.55
2024-08-06,6.34,27.59,30.04,26.09,91.5,2.64,18.48
2024-08-07,15.57,27.26,29.19,26.02,92.9,2.92,15.77
2024-08-08,34.94,27.46,30.1,25.91,93.41,3.06,11.68
2024-08-09,19.86,27.74,29.97,26.09,92.43,3.26,12.2
2024-08-10,37.84,28.07,30.69,25.94,91.22,3.43,6.08
2024-08-11,51.99,28.26,30.73,26.48,91.84,2.51,8.34
2024-08-12,37.34,28.19,31.0,26.29,91.83,1.91,8.65
2024-08-13,3.99,28.51,31.67,26.1,89.93,1.7,20.41
2024-08-14,8.69,28.76,32.26,26.74,89.78,1.53,21.02
2024-08-15,2.56,27.82,30.29,26.36,92.11,2.21,21.1
2024-08-16,57.82,27.54,30.05,25.97,92.94,1.93,4.32
2024-08-17,60.8,27.4,30.09,25.56,90.54,2.32,6.57
2024-08-18,64.66,27.24,28.48,26.21,95.44,3.8,6.55
2024-08-19,123.46,27.22,28.09,26.62,95.16,4.14,3.56
2024-08-20,81.03,27.85,30.18,26.41,92.88,3.7,2.59
2024-08-21,88.14,27.72,29.06,26.87,94.03,3.43,4.61
2024-08-22,128.77,27.45,28.7,26.34,95.43,3.78,2.59
2024-08-23,20.54,27.02,28.64,26.01,93.64,2.94,16.17
2024-08-24,5.7,26.93,28.59,25.68,92.75,1.68,18.91
2024-08-25,38.88,26.54,28.55,24.99,92.99,2.43,6.08
2024-08-26,48.32,26.76,28.69,25.01,93.44,2.97,12.97
2024-08-27,9.37,27.39,30.24,25.37,91.16,2.47,16.28
2024-08-28,20.14,27.71,31.15,25.45,89.1,1.09,15.98
2024-08-29,10.61,28.14,31.15,25.4,87.75,1.16,23.15
2024-08-30,6.26,28.34,32.46,25.37,88.17,1.72,24.19
2024-08-31,11.06,27.99,30.72,26.38,92.05,1.95,20.26
2024-09-01,7.42,28.28,31.5,26.11,89.68,1.52,20.61
2024-09-02,21.72,27.97,30.48,26.16,89.29,0.93,18.95
2024-09-03,26.13,27.48,29.53,26.0,91.35,1.22,19.64
2024-09-04,3.88,28.35,31.45,25.78,86.89,1.2,21.76
2024-09-05,5.93,27.79,30.1,25.9,88.81,0.88,19.11
2024-09-06,31.51,28.51,31.75,25.42,87.48,1.24,18.23
2024-09-07,32.54,28.7,31.81,26.95,86.51,0.88,22.16
2024-09-08,7.08,28.54,30.76,26.2,90.34,1.45,22.57
2024-09-09,3.5,28.47,30.98,26.43,91.35,2.4,21.11
2024-09-10,5.9,28.29,30.39,26.85,92.55,2.32,16.58
2024-09-11,21.37,28.65,31.04,26.8,90.96,1.35,18.0
2024-09-12,19.2,29.13,32.45,26.98,90.22,1.86,16.83
2024-09-13,75.07,28.23,29.94,26.82,94.61,2.9,7.78
2024-09-14,37.47,27.5,28.63,25.79,95.26,4.32,4.68
2024-09-15,38.19,26.18,28.13,24.42,93.87,4.9,7.75
2024-09-16,5.91,27.72,31.03,25.26,90.3,2.77,20.26
2024-09-17,2.43,28.56,32.1,25.71,88.04,1.26,22.23
2024-09-18,6.15,28.84,32.12,25.91,89.37,1.44,18.18
2024-09-19,24.66,29.07,31.86,26.61,91.48,1.51,22.31
2024-09-20,22.82,30.15,33.95,26.85,87.73,1.27,22.01
2024-09-21,38.62,28.51,30.51,26.67,92.87,1.56,8.68
2024-09-22,2.18,29.74,33.89,25.21,85.62,1.24,21.81
2024-09-23,2.2,28.87,32.15,27.08,91.46,1.44,16.38
2024-09-24,8.08,28.05,30.36,26.53,90.63,2.26,18.91
2024-09-25,47.71,26.63,28.51,25.38,93.88,3.28,5.53
2024-09-26,13.54,27.27,29.58,25.48,91.44,1.95,14.76
2024-09-27,7.17,27.4,30.73,24.51,88.27,1.44,20.71
2024-09-28,2.07,28.07,31.45,25.35,87.28,1.34,19.19
2024-09-29,3.72,28.49,31.68,25.57,89.18,1.52,17.46
2024-09-30,6.1,28.66,31.32,26.55,90.55,1.57,15.95
2024-10-01,11.05,29.62,32.78,26.86,87.78,0.81,13.38
2024-10-02,13.26,28.34,30.12,26.59,90.97,1.21,7.39
2024-10-03,69.97,27.01,28.77,26.16,93.65,2.14,8.39
2024-10-04,22.55,27.62,29.97,25.92,91.12,3.44,11.63
2024-10-05,34.67,27.33,29.08,26.11,93.07,2.53,13.47
2024-10-06,19.62,27.96,31.37,25.49,86.85,1.04,18.35
2024-10-07,8.79,28.08,30.78,25.95,84.97,0.63,17.5
2024-10-08,1.13,28.37,31.38,25.48,81.84,0.75,19.59
2024-10-09,13.78,27.9,30.94,25.33,85.18,0.66,18.56
2024-10-10,4.07,26.95,29.15,25.52,89.34,0.79,14.62
2024-10-11,9.08,27.77,30.87,25.6,86.75,1.25,18.37
2024-10-12,5.53,28.09,31.11,25.09,83.76,0.77,16.89
2024-10-13,0.58,27.37,31.25,24.45,85.55,1.13,17.71
2024-10-14,0.08,26.21,30.21,22.58,86.24,1.37,19.46
2024-10-15,0.01,26.76,30.48,23.07,82.74,1.02,18.63
2024-10-16,0.0,27.33,31.23,23.63,82.61,0.81,17.15
2024-10-17,1.65,27.03,30.18,24.27,84.12,0.8,14.2
2024-10-18,2.31,27.27,31.01,23.46,81.98,0.74,16.84
2024-10-19,16.76,27.68,30.49,24.48,82.34,0.71,11.52
2024-10-20,2.55,26.53,29.51,24.13,87.8,1.24,16.86
2024-10-21,0.21,26.43,30.53,23.11,85.77,1.34,17.96
2024-10-22,13.39,27.58,31.4,23.13,84.57,1.08,18.37
2024-10-23,48.28,26.39,30.06,23.83,91.27,1.32,7.74
2024-10-24,19.93,25.83,29.7,23.77,90.81,2.2,11.48
2024-10-25,4.96,26.53,30.2,23.5,91.05,2.63,15.82
2024-10-26,2.61,27.21,31.07,24.39,86.99,1.34,18.06
2024-10-27,0.33,27.26,30.86,24.42,81.8,0.72,18.86
2024-10-28,0.0,26.41,30.47,22.72,86.52,1.24,19.41
2024-10-29,0.0,26.66,30.75,22.48,84.21,0.96,19.01
2024-10-30,0.09,27.11,30.96,22.83,80.52,0.67,18.42
2024-10-31,2.46,27.47,30.77,24.52,85.59,0.95,17.58
2024-11-01,2.55,27.59,31.04,25.06,83.34,0.68,15.22
2024-11-02,0.47,26.05,30.14,22.98,87.24,1.32,17.6
2024-11-03,0.16,24.94,29.53,20.84,85.72,1.5,18.35
2024-11-04,4.26,25.62,30.18,21.5,86.13,1.1,18.19
2024-11-05,3.15,26.27,29.66,22.31,82.78,0.98,15.41
2024-11-06,3.38,24.99,28.2,22.77,86.44,1.12,13.23
2024-11-07,5.08,24.26,27.89,21.45,87.15,1.17,18.5
2024-11-08,0.0,24.21,28.93,19.7,81.49,0.96,19.55
2024-11-09,0.0,24.97,29.5,19.83,78.72,0.95,18.95
2024-11-10,0.01,24.68,29.57,20.2,80.78,0.91,17.13
2024-11-11,0.02,24.79,29.43,20.71,85.15,1.38,18.07
2024-11-12,0.05,24.78,28.97,21.11,85.81,1.49,17.85
2024-11-13,0.0,23.2,28.14,19.85,83.05,1.67,17.99
2024-11-14,0.0,22.02,27.25,17.53,83.88,1.77,18.98
2024-11-15,0.0,21.97,27.36,17.33,85.59,1.51,18.63
2024-11-16,0.0,21.81,27.25,16.91,83.9,1.49,18.63
2024-11-17,0.0,21.38,26.75,16.47,81.68,1.32,18.47
2024-11-18,0.0,21.0,26.81,15.32,79.09,1.13,18.61
2024-11-19,0.0,21.49,27.53,15.54,79.94,1.19,18.49
2024-11-20,0.0,21.68,27.08,16.98,78.53,1.14,17.02
2024-11-21,0.0,21.45,27.14,16.88,77.85,1.12,17.28
2024-11-22,0.0,21.3,26.04,16.85,71.7,1.21,17.5
2024-11-23,0.0,21.89,26.67,16.52,69.17,0.87,17.08
2024-11-24,0.0,20.53,25.21,15.88,78.83,1.17,15.57
2024-11-25,0.0,20.14,25.52,15.46,81.88,1.44,15.91
2024-11-26,0.0,19.96,25.2,14.71,79.73,1.23,16.95
2024-11-27,0.0,20.15,25.63,14.58,78.12,1.05,16.95
2024-11-28,0.0,20.37,24.92,15.32,85.71,1.37,13.72
2024-11-29,0.0,22.44,26.72,19.04,85.78,1.34,14.61
2024-11-30,0.16,22.77,28.55,18.29,85.47,1.4,15.0
2024-12-01,3.39,21.59,26.19,18.23,86.2,1.53,15.95
2024-12-02,0.04,20.73,24.85,17.72,84.11,1.41,10.23
2024-12-03,0.0,20.92,26.18,17.22,83.39,1.58,15.82
2024-12-04,0.0,18.9,24.61,13.81,86.08,1.82,16.7
2024-12-05,0.0,19.11,24.46,13.72,80.25,1.37,15.94
2024-12-06,0.0,18.33,24.12,14.0,77.24,1.47,16.17
2024-12-07,0.0,17.33,23.89,11.54,75.48,1.51,17.01
2024-12-08,0.0,17.42,23.29,11.59,74.55,1.25,16.38
2024-12-09,0.0,17.25,22.66,11.03,82.62,1.23,14.98
2024-12-10,0.0,18.05,22.55,14.69,86.41,1.9,14.45
2024-12-11,0.0,16.48,22.32,11.92,85.62,2.14,16.09
2024-12-12,0.0,15.78,22.49,10.22,87.87,1.71,15.15
2024-12-13,0.0,16.03,22.8,10.56,87.95,1.7,14.07
2024-12-14,0.0,16.1,23.19,10.78,86.64,1.85,15.5
2024-12-15,0.0,15.54,22.91,9.45,83.7,1.66,17.17
2024-12-16,0.0,17.56,25.35,10.45,78.52,1.32,17.14
2024-12-17,0.0,19.78,25.8,14.35,76.72,0.96,12.68
2024-12-18,0.01,19.58,25.68,15.23,80.73,1.13,14.19
2024-12-19,0.0,18.58,24.93,13.47,77.06,1.25,15.29
2024-12-20,0.0,17.41,24.07,11.68,80.27,1.34,14.73
2024-12-21,0.38,17.73,23.99,12.76,83.02,1.58,5.32
2024-12-22,0.29,17.62,24.36,12.74,85.02,1.85,16.49
2024-12-23,0.04,16.71,23.96,10.67,81.31,1.54,16.79
2024-12-24,0.0,17.52,24.26,10.78,79.68,1.32,14.49
2024-12-25,0.0,17.54,22.5,13.71,79.05,1.38,9.88
2024-12-26,0.0,18.02,24.85,12.69,85.26,1.93,15.84
2024-12-27,0.0,18.32,24.37,12.22,77.35,1.6,16.56
2024-12-28,0.0,19.07,24.89,12.55,73.51,0.94,16.95
2024-12-29,0.0,18.98,24.84,13.91,75.53,1.22,15.89
2024-12-30,0.0,18.28,24.31,13.28,80.76,1.61,16.21
2024-12-31,0.0,16.92,22.92,12.3,84.7,1.73,15.06
2025-01-01,0.0,15.99,22.68,10.73,87.03,1.65,11.78
2025-01-02,0.0,16.26,22.93,10.89,86.75,1.62,11.99
2025-01-03,0.0,16.69,23.78,10.82,82.2,1.2,9.07
2025-01-04,0.0,17.65,24.26,12.2,86.08,1.08,11.68
2025-01-05,0.0,19.89,25.64,13.84,80.57,0.69,15.37
2025-01-06,0.0,20.39,26.02,16.03,80.6,0.87,16.82
2025-01-07,0.0,19.56,24.2,16.18,86.68,1.23,15.37
2025-01-08,0.0,18.09,23.37,13.56,85.31,1.51,12.39
2025-01-09,0.0,15.52,21.97,10.32,82.46,1.69,14.86
2025-01-10,0.0,15.43,22.35,9.43,79.91,1.44,17.58
2025-01-11,0.0,16.8,24.27,10.15,76.67,1.32,17.65
2025-01-12,0.0,19.07,25.94,11.9,65.2,1.03,17.31
2025-01-13,0.0,19.62,25.03,14.58,65.9,0.87,17.51
2025-01-14,0.0,17.63,23.98,12.94,77.54,1.76,16.66
2025-01-15,0.0,16.88,23.81,10.77,79.89,1.51,17.24
2025-01-16,0.0,18.72,25.66,12.9,76.89,1.0,17.76
2025-01-17,0.0,18.67,25.32,13.41,77.03,1.47,17.92
2025-01-18,0.0,17.58,24.44,11.84,80.48,1.66,17.98
2025-01-19,0.0,16.52,23.44,10.57,79.67,1.91,17.91
2025-01-20,0.0,16.7,23.3,10.22,77.76,1.4,17.51
2025-01-21,0.0,16.92,23.22,10.28,77.78,1.29,16.46
2025-01-22,0.0,17.03,22.86,12.14,84.16,1.32,16.1
2025-01-23,0.0,17.16,23.79,11.72,81.24,1.5,16.24
2025-01-24,0.0,17.31,23.82,11.78,78.28,1.41,16.89
2025-01-25,0.0,17.42,23.63,12.49,76.9,1.51,13.88
2025-01-26,0.0,16.51,22.94,11.4,76.05,1.78,17.48
2025-01-27,0.0,17.09,23.33,10.71,75.69,1.24,16.98
2025-01-28,0.0,18.56,23.62,12.57,70.89,0.91,15.19
2025-01-29,0.0,18.53,24.07,13.38,62.82,0.95,15.84
2025-01-30,0.1,18.88,24.47,12.92,76.27,1.21,14.47
2025-01-31,0.58,20.88,26.05,17.35,88.88,1.88,8.85
2025-02-01,0.74,21.72,26.19,18.26,81.65,1.19,13.6
2025-02-02,0.0,20.76,26.11,16.79,80.39,1.18,10.39
2025-02-03,0.0,19.89,26.25,14.66,75.74,1.36,15.73
2025-02-04,0.0,19.28,25.42,12.95,67.35,1.46,18.15
2025-02-05,0.0,19.29,25.37,13.22,69.99,1.27,17.08
2025-02-06,0.0,21.22,27.4,15.83,75.1,1.23,16.29
2025-02-07,0.0,19.57,26.18,14.48,68.06,1.36,19.81
2025-02-08,0.0,17.02,24.68,9.98,59.86,1.77,21.05
2025-02-09,0.0,17.77,24.53,10.33,57.29,1.28,20.46
2025-02-10,0.68,18.8,25.05,12.33,58.29,1.06,19.84
2025-02-11,0.0,19.97,26.76,13.5,81.9,1.52,17.58
2025-02-12,0.0,21.87,27.79,17.75,85.23,1.55,17.21
2025-02-13,0.01,22.52,27.63,18.55,87.08,1.84,14.5
2025-02-14,0.02,21.96,26.9,17.35,61.51,1.25,17.82
2025-02-15,0.0,20.75,26.66,13.37,51.53,1.03,19.97
2025-02-16,0.0,21.21,27.42,15.23,64.75,1.14,20.39
2025-02-17,0.0,22.16,28.69,16.96,69.54,1.15,19.79
2025-02-18,0.0,23.07,29.41,18.52,77.38,1.38,19.68
2025-02-19,0.04,23.15,28.56,18.8,78.07,0.97,13.35
2025-02-20,0.14,23.56,29.64,18.02,72.37,1.04,18.36
2025-02-21,0.0,23.88,29.63,18.84,62.76,0.96,19.12
2025-02-22,0.0,24.66,30.51,17.94,62.81,0.88,20.18
2025-02-23,0.03,23.96,29.08,19.39,65.23,1.06,13.61
2025-02-24,0.0,22.89,29.9,16.73,66.17,1.67,19.76
2025-02-25,0.0,22.16,29.99,15.8,60.52,1.6,22.02
2025-02-26,0.0,21.87,29.67,15.72,56.87,1.73,21.85
2025-02-27,0.0,22.2,29.91,16.69,58.18,1.53,21.61
2025-02-28,0.0,23.54,29.89,16.4,56.52,1.05,20.25
2025-03-01,0.64,24.04,30.99,17.8,68.3,1.27,20.72
2025-03-02,0.0,25.53,32.77,20.24,77.65,2.03,18.77
2025-03-03,0.0,26.21,32.27,20.75,68.77,1.03,16.37
2025-03-04,0.0,25.63,31.53,20.28,57.35,1.01,21.5
2025-03-05,0.0,24.85,31.58,18.17,56.15,1.33,22.47
2025-03-06,0.0,24.38,31.32,19.02,50.83,1.1,23.08
2025-03-07,0.0,22.88,30.38,14.58,42.74,1.48,23.2
2025-03-08,0.0,23.8,31.24,18.46,52.18,1.38,22.85
2025-03-09,0.06,25.17,31.52,20.37,57.78,1.05,23.25
2025-03-10,0.01,24.77,32.91,17.69,48.75,1.7,23.79
2025-03-11,0.0,25.62,33.28,18.9,53.77,1.33,21.13
2025-03-12,0.0,26.71,33.74,20.48,65.75,2.11,21.33
2025-03-13,0.0,27.09,33.76,21.14,76.09,3.17,20.73
2025-03-14,0.01,27.56,33.67,23.14,77.69,3.13,20.72
2025-03-15,0.0,27.68,33.63,22.96,76.92,2.25,20.68
2025-03-16,0.01,27.99,35.01,22.75,73.15,2.19,22.45
2025-03-17,0.0,28.03,34.95,23.07,71.96,2.37,17.66
2025-03-18,1.03,27.95,34.42,23.28,73.34,1.77,17.41
2025-03-19,0.68,28.0,34.57,23.19,71.3,1.42,21.47
2025-03-20,1.16,28.09,34.37,23.25,71.0,1.54,18.39
2025-03-21,0.04,26.97,33.38,21.8,63.68,2.67,17.8
2025-03-22,0.01,25.41,32.31,20.65,57.88,2.4,18.32
2025-03-23,0.15,26.23,33.85,19.24,52.38,1.85,20.76
2025-03-24,6.06,25.64,33.58,19.02,54.23,1.94,23.54
2025-03-25,0.0,25.97,34.12,18.25,47.55,1.56,23.79
2025-03-26,0.0,27.49,34.96,20.05,44.82,1.24,23.28
2025-03-27,0.02,27.82,34.45,22.21,69.63,1.82,21.25
2025-03-28,0.0,28.72,36.2,22.61,69.09,2.51,22.98
2025-03-29,0.0,28.58,35.97,22.89,72.35,2.66,22.79
2025-03-30,0.0,28.55,35.74,22.84,70.08,1.99,23.39
2025-03-31,0.01,28.71,35.15,23.33,70.2,2.02,22.19
2025-04-01,0.01,28.52,34.37,24.06,70.12,2.25,22.04
2025-04-02,0.0,28.74,36.02,23.4,64.71,1.24,22.74
2025-04-03,0.0,29.07,35.45,23.58,63.15,1.11,22.83
2025-04-04,0.0,30.14,37.73,24.12,58.78,1.43,19.58
2025-04-05,0.0,29.78,36.97,24.36,59.84,1.86,21.29
2025-04-06,0.11,29.55,36.74,24.32,64.38,2.14,22.94
2025-04-07,1.06,28.36,35.0,23.62,70.36,1.78,21.92
2025-04-08,2.25,27.87,32.09,24.68,72.05,0.97,17.37
2025-04-09,3.33,29.21,35.48,24.24,60.09,1.23,22.86
2025-04-10,0.24,30.26,36.97,24.4,50.17,1.16,21.78
2025-04-11,4.62,27.64,31.37,24.23,68.17,1.85,19.92
2025-04-12,5.17,28.83,34.11,24.37,68.46,0.94,23.88
2025-04-13,0.16,28.56,32.49,25.76,67.63,0.86,24.08
2025-04-14,2.09,28.09,31.84,24.66,65.35,1.14,23.46
2025-04-15,7.28,27.77,31.65,24.09,68.89,1.08,23.62
2025-04-16,13.75,28.23,32.92,24.81,72.61,1.22,20.55
2025-04-17,19.28,26.99,31.8,23.37,77.76,1.34,18.32
2025-04-18,16.22,27.19,32.09,23.48,79.26,1.65,19.57
2025-04-19,29.39,26.84,30.94,24.32,83.86,1.73,13.02
2025-04-20,33.6,27.56,31.36,24.31,86.29,2.08,15.97
2025-04-21,34.34,28.07,31.42,25.62,88.94,1.87,6.82
2025-04-22,18.75,28.05,31.34,25.65,88.68,2.83,20.72
2025-04-23,0.15,28.73,32.36,26.27,85.44,4.11,16.6
2025-04-24,0.19,28.95,32.85,26.06,84.42,4.05,18.51
2025-04-25,0.12,28.42,32.19,25.89,84.37,3.43,21.51
2025-04-26,1.25,28.44,32.5,25.66,83.24,3.01,24.26
2025-04-27,3.39,27.8,31.61,25.01,82.5,1.56,18.82
2025-04-28,8.22,27.1,31.17,24.13,84.58,1.04,22.05
2025-04-29,20.67,26.47,30.27,23.28,83.42,1.41,22.81
2025-04-30,13.01,27.28,30.09,24.62,79.75,0.81,15.4
2025-05-01,1.51,27.73,31.57,24.61,76.05,0.9,25.05
2025-05-02,10.26,27.34,31.28,23.2,77.89,1.33,24.6
2025-05-03,20.14,27.25,30.93,23.74,78.05,1.38,23.02
2025-05-04,7.98,27.12,30.3,24.62,82.81,1.58,19.84
2025-05-05,1.2,27.49,30.84,24.48,81.61,1.19,23.66
2025-05-06,0.86,27.77,30.88,25.04,80.8,0.96,25.23
2025-05-07,0.51,27.78,31.76,24.23,80.55,0.9,25.33
2025-05-08,0.51,29.14,33.64,25.15,80.53,1.47,25.01
2025-05-09,0.26,29.26,33.6,25.77,80.51,1.27,24.44
2025-05-10,0.36,29.66,34.2,25.71,79.6,1.42,24.45
2025-05-11,2.06,30.22,35.03,25.93,78.46,1.49,23.63
2025-05-12,8.95,29.07,32.33,25.9,80.91,1.21,19.32
2025-05-13,15.2,28.73,32.09,25.76,83.24,1.91,15.15
2025-05-14,8.91,29.04,32.96,26.18,83.82,2.07,21.06
2025-05-15,7.81,29.09,33.09,25.91,84.97,1.56,20.98
2025-05-16,12.46,29.02,32.64,26.11,86.73,1.87,18.65
2025-05-17,9.12,28.4,31.31,26.04,86.48,1.76,18.64
2025-05-18,39.57,28.23,31.77,25.84,83.94,2.31,17.75
2025-05-19,24.76,28.52,32.4,25.68,84.24,1.76,23.64
2025-05-20,36.2,28.42,31.83,25.51,88.48,2.61,19.09
2025-05-21,54.58,28.2,31.13,26.62,89.96,2.62,16.55
2025-05-22,23.96,27.97,30.91,25.78,88.99,1.5,9.34
2025-05-23,9.8,27.46,29.62,25.32,90.05,1.5,9.74
2025-05-24,17.72,28.06,31.76,25.54,86.91,2.08,13.0
2025-05-25,1.18,28.54,31.67,25.85,86.44,1.43,19.21
2025-05-26,7.7,28.95,32.96,25.73,83.48,1.37,22.56
2025-05-27,19.73,29.2,32.92,25.51,83.14,1.49,24.46
2025-05-28,33.31,27.87,29.99,26.6,92.42,3.26,15.82
2025-05-29,108.48,28.12,29.61,26.32,92.85,5.89,4.79
2025-05-30,87.83,28.41,29.92,27.34,93.12,7.12,2.59
2025-05-31,37.3,28.53,30.36,26.83,93.85,3.61,16.33
2025-06-01,38.28,28.75,30.9,26.99,91.03,2.42,2.54
2025-06-02,37.67,28.63,31.18,27.0,92.1,2.96,6.26
2025-06-03,25.94,28.08,30.38,26.55,91.66,3.11,11.68
2025-06-04,34.4,27.69,29.73,26.15,92.76,2.77,7.88
2025-06-05,11.97,27.8,30.77,25.47,88.57,1.83,21.62
2025-06-06,16.77,28.3,31.83,25.38,87.21,1.29,21.83
2025-06-07,8.52,28.31,31.38,25.55,88.25,1.4,23.49
2025-06-08,0.67,29.38,33.18,26.07,84.2,0.97,23.55
2025-06-09,1.64,29.06,32.21,26.05,86.61,1.39,23.34
2025-06-10,10.02,28.05,30.33,26.15,90.55,1.69,23.04
2025-06-11,15.07,28.46,32.18,25.08,85.53,1.54,24.74
2025-06-12,11.34,27.96,30.24,26.24,90.53,1.65,23.38
2025-06-13,2.85,29.23,32.4,26.7,87.06,1.84,23.18
2025-06-14,1.4,28.08,30.63,26.51,89.88,2.48,22.06
2025-06-15,17.66,28.06,30.21,26.44,91.23,2.14,13.77
2025-06-16,22.18,27.98,30.75,26.05,91.48,3.2,18.25
2025-06-17,70.26,28.01,29.73,26.9,93.24,3.73,5.38
2025-06-18,41.49,27.86,29.16,26.94,94.49,4.75,4.57
2025-06-19,47.25,27.94,29.76,26.89,91.55,5.08,7.38
2025-06-20,24.23,28.46,31.09,26.83,90.96,3.59,14.85
2025-06-21,42.0,27.92,29.96,26.42,92.09,2.91,9.93
2025-06-22,13.71,27.74,30.38,26.1,90.65,2.38,21.1
2025-06-23,11.85,27.83,29.99,26.11,90.31,2.25,15.1
2025-06-24,5.2,28.31,31.0,25.89,90.52,2.89,17.59
2025-06-25,5.46,27.72,29.4,26.46,93.62,2.72,20.23
2025-06-26,11.24,27.54,30.06,25.47,92.79,3.46,20.65
2025-06-27,36.35,28.04,30.97,26.09,90.08,3.14,14.77
2025-06-28,11.61,27.09,29.63,25.43,92.92,3.42,12.61
2025-06-29,5.25,27.41,28.77,26.1,92.52,3.77,18.21
2025-06-30,7.62,27.61,29.67,25.96,93.06,4.37,19.81
2025-07-01,5.18,27.89,31.34,25.54,90.79,3.13,22.11
2025-07-02,11.46,28.22,31.04,26.14,91.5,3.49,17.03
2025-07-03,5.98,28.24,30.99,26.37,90.62,3.95,17.02
2025-07-04,22.02,28.04,30.3,26.74,91.74,3.66,14.72
2025-07-05,15.59,28.01,30.47,26.26,90.95,3.34,11.16
2025-07-06,22.45,27.43,29.87,26.04,90.97,3.27,7.47
2025-07-07,96.15,27.31,29.66,25.7,92.32,4.02,6.33
2025-07-08,139.85,27.17,28.37,26.07,94.38,4.01,3.49
2025-07-09,101.58,27.07,28.55,26.13,94.09,3.92,2.82
2025-07-10,36.53,26.99,28.74,25.73,92.63,3.64,5.79
2025-07-11,33.38,27.64,30.56,25.35,91.75,2.55,22.19
2025-07-12,19.6,28.23,30.94,25.96,89.22,1.01,22.34
2025-07-13,14.65,28.29,31.57,26.44,90.18,1.16,17.19
2025-07-14,30.38,27.06,28.78,25.78,94.66,4.82,9.17
2025-07-15,5.87,27.71,29.43,26.44,93.92,2.95,20.96
2025-07-16,8.19,28.01,30.54,26.18,91.91,2.2,20.88
2025-07-17,14.04,28.13,31.12,25.97,89.06,1.34,14.54
2025-07-18,19.69,28.14,31.24,25.48,89.28,1.82,16.81
2025-07-19,8.16,28.12,31.07,25.96,88.87,2.08,16.97
2025-07-20,12.6,28.91,31.85,26.09,86.67,1.18,18.03
2025-07-21,24.29,28.79,32.04,26.37,87.29,1.26,17.75
2025-07-22,5.39,29.07,32.51,26.13,85.62,1.11,21.48
2025-07-23,14.94,29.86,33.64,26.21,84.83,1.07,21.42
2025-07-24,75.83,28.3,29.5,26.81,92.98,2.12,20.41
2025-07-25,30.07,28.27,30.91,26.66,92.75,4.13,15.79
2025-07-26,29.07,28.54,30.43,27.25,92.45,3.92,14.55
2025-07-27,46.49,28.33,30.19,27.0,92.55,2.86,3.82
2025-07-28,32.74,27.87,29.82,26.38,93.69,2.45,7.46
2025-07-29,27.47,27.46,29.55,25.9,91.65,3.29,9.12
2025-07-30,18.34,27.46,29.84,25.84,92.66,3.33,16.55
2025-07-31,31.59,27.54,29.35,25.89,93.34,3.5,9.74
2025-08-01,30.73,28.41,31.47,26.2,90.93,2.96,12.48
2025-08-02,8.14,27.99,29.85,26.58,93.04,2.7,7.11
2025-08-03,33.1,28.2,30.5,26.34,91.78,3.13,10.23
2025-08-04,28.56,27.97,29.55,26.6,93.92,2.18,13.34
2025-08-05,35.71,28.18,30.48,26.4,91.24,1.76,16.65
2025-08-06,21.04,27.63,30.22,25.75,88.66,1.88,8.61
2025-08-07,28.2,27.38,29.96,25.79,92.01,2.73,11.2
2025-08-08,45.35,26.5,27.76,25.17,92.68,2.68,9.79
2025-08-09,5.34,27.5,30.7,25.16,89.38,2.57,18.18
2025-08-10,2.82,27.99,31.41,25.18,89.1,2.08,22.74
2025-08-11,0.43,28.6,32.2,25.47,88.35,1.76,21.91
2025-08-12,0.49,28.64,31.97,26.19,88.26,1.5,15.25
2025-08-13,64.18,27.66,30.41,26.16,91.07,1.42,15.24
2025-08-14,11.22,27.76,30.87,25.73,91.1,2.07,19.28
2025-08-15,6.53,27.42,30.09,25.45,90.92,1.52,22.54
2025-08-16,12.64,28.04,30.87,25.57,86.58,0.92,20.98
2025-08-17,9.25,27.68,29.86,25.93,90.03,1.12,16.58
2025-08-18,4.49,28.17,31.18,26.08,90.63,2.66,22.34
2025-08-19,8.39,27.71,30.68,25.42,90.22,3.7,20.78
2025-08-20,19.31,27.67,30.12,26.09,91.86,3.06,14.88
2025-08-21,33.1,27.63,29.82,26.41,93.54,3.47,11.85
2025-08-22,35.12,27.24,29.08,25.53,92.81,4.53,12.1
2025-08-23,43.09,27.41,30.22,25.88,91.32,4.54,8.76
2025-08-24,22.19,27.3,29.81,25.5,90.55,3.03,13.12
2025-08-25,17.42,27.67,30.74,25.32,89.74,1.74,21.53
2025-08-26,2.74,28.41,32.26,26.04,85.86,1.24,21.77
2025-08-27,8.55,27.55,30.94,24.6,89.84,2.88,19.66
2025-08-28,8.13,27.7,30.54,25.79,89.3,2.75,16.11
2025-08-29,10.8,27.53,30.22,26.04,91.54,1.86,16.84
2025-08-30,1.01,27.8,30.81,25.61,89.42,1.24,18.91
2025-08-31,2.5,27.39,29.78,25.44,90.31,1.06,21.74
2025-09-01,6.16,28.02,30.53,25.57,92.1,1.69,19.83
2025-09-02,2.71,28.38,31.38,25.96,88.76,2.62,23.11
2025-09-03,4.11,27.84,30.85,25.58,89.35,2.64,22.41
2025-09-04,5.19,27.72,31.04,25.64,89.79,2.49,22.96
2025-09-05,3.51,27.77,31.06,25.61,88.34,1.6,22.83
2025-09-06,6.16,28.36,32.04,25.22,86.47,1.0,19.56
2025-09-07,17.53,28.19,30.91,25.53,87.47,1.04,19.56
2025-09-08,9.99,28.69,32.17,25.71,84.44,0.88,22.08
2025-09-09,17.16,28.41,31.32,25.87,88.71,1.17,18.31
2025-09-10,12.35,27.81,29.89,25.97,91.47,1.36,13.18
2025-09-11,17.67,28.07,30.68,26.09,89.79,1.49,17.37
2025-09-12,21.91,27.82,30.8,26.01,90.44,1.67,12.9
2025-09-13,20.61,27.66,30.24,25.75,90.53,1.5,12.75
2025-09-14,30.7,27.16,28.9,25.75,92.86,1.62,11.23
2025-09-15,20.91,26.57,28.61,25.3,91.68,1.89,10.31
2025-09-16,22.45,26.59,28.77,25.07,91.43,2.19,9.61
2025-09-17,1.31,27.46,31.02,24.5,87.38,1.49,20.02
2025-09-18,1.74,27.61,30.45,25.26,87.92,1.03,21.01
2025-09-19,4.31,28.92,32.47,25.79,86.02,0.92,21.09
2025-09-20,11.88,28.47,31.54,26.19,90.3,1.46,20.45
2025-09-21,12.36,28.03,30.18,26.23,91.61,1.08,8.71
2025-09-22,62.53,26.85,28.15,25.77,93.42,2.26,12.14
2025-09-23,7.72,27.57,30.45,25.64,90.64,1.74,20.48
2025-09-24,2.86,28.13,31.51,25.54,87.93,1.15,21.01
2025-09-25,19.05,28.46,31.85,26.13,85.61,1.12,18.68
2025-09-26,4.26,27.95,31.08,25.7,89.6,2.17,19.83
2025-09-27,3.18,27.92,30.99,26.0,90.1,1.75,19.76
2025-09-28,8.1,26.97,28.84,25.88,90.47,1.11,18.67
2025-09-29,17.13,27.72,30.57,25.06,89.42,1.18,21.68
2025-09-30,14.62,28.55,31.71,25.62,88.6,1.12,21.37
2025-10-01,42.64,27.77,29.1,26.75,93.42,2.12,11.6
2025-10-02,30.33,27.29,28.91,26.26,93.82,2.8,3.98
2025-10-03,15.37,27.36,30.15,25.62,91.78,2.46,19.49
2025-10-04,11.42,27.83,30.74,25.56,89.48,1.8,17.43
2025-10-05,6.27,27.75,29.97,26.07,91.07,1.99,15.8
2025-10-06,5.36,26.83,28.57,25.37,92.23,1.3,11.55
2025-10-07,5.86,27.02,30.02,24.97,87.02,0.97,17.96
2025-10-08,3.58,27.05,30.4,24.64,88.58,1.17,16.8
2025-10-09,28.53,27.01,29.31,24.85,88.18,0.76,18.26
2025-10-10,23.58,27.44,30.32,25.35,85.79,0.89,18.36
2025-10-11,16.85,26.72,29.83,24.34,89.08,1.21,13.28
2025-10-12,7.39,26.78,30.09,23.92,86.45,0.97,18.86
2025-10-13,0.15,25.9,29.78,22.62,86.25,1.39,20.98
2025-10-14,0.02,26.17,30.76,22.22,86.54,1.56,21.02
2025-10-15,0.44,26.09,30.97,21.74,84.88,1.32,20.52
2025-10-16,5.01,26.38,30.66,22.32,86.85,1.35,18.31
2025-10-17,7.47,26.68,30.54,22.85,87.79,1.41,18.91
2025-10-18,1.14,27.51,31.58,24.09,86.28,1.08,16.71
2025-10-19,1.95,27.23,30.8,23.49,84.54,1.33,18.57
2025-10-20,0.96,27.01,31.45,23.1,84.37,1.38,19.92
2025-10-21,0.65,27.21,31.81,23.36,83.78,1.39,20.24
2025-10-22,0.07,27.24,31.82,22.97,82.49,1.27,19.93
2025-10-23,0.56,27.31,31.9,23.06,84.29,1.11,19.38
2025-10-24,0.94,27.1,31.09,23.25,82.44,0.95,19.39
2025-10-25,0.27,26.81,30.78,23.31,83.77,1.13,19.47
2025-10-26,0.0,26.57,30.74,22.81,82.79,1.11,19.37
2025-10-27,0.02,27.12,31.9,22.67,81.87,1.08,19.21
2025-10-28,0.39,28.04,32.34,23.54,76.55,0.81,18.21
2025-10-29,8.72,28.24,31.92,25.35,78.29,0.46,18.06
2025-10-30,3.67,27.43,31.57,23.57,84.67,0.98,16.39
2025-10-31,0.58,27.98,31.45,24.89,84.72,1.03,18.12
2025-11-01,1.02,27.28,30.11,25.19,87.56,1.14,15.44
2025-11-02,6.74,26.91,29.91,24.59,88.57,1.42,13.89
2025-11-03,2.67,25.44,28.97,23.17,89.47,2.24,15.33
2025-11-04,1.52,25.2,29.54,21.21,86.84,1.91,12.82
2025-11-05,23.68,25.27,28.34,23.08,89.71,1.66,7.45
2025-11-06,5.63,25.55,28.73,22.77,86.05,0.97,11.69
2025-11-07,0.8,25.15,29.04,22.42,88.02,1.92,17.55
2025-11-08,0.0,23.95,29.18,20.53,87.84,2.46,18.8
2025-11-09,0.0,22.45,27.56,18.35,87.16,1.96,18.67
2025-11-10,0.0,22.31,27.64,18.34,86.53,1.59,18.24
2025-11-11,0.0,21.58,26.71,17.43,86.28,1.67,18.41
2025-11-12,0.0,20.71,26.42,15.92,83.48,1.67,19.02
2025-11-13,0.0,20.45,26.72,15.18,84.16,1.4,19.07
2025-11-14,0.0,20.38,26.15,15.19,81.3,1.3,19.19
2025-11-15,0.0,20.16,26.61,14.73,81.09,1.57,19.11
2025-11-16,0.0,20.45,26.99,14.78,79.97,1.37,18.98
2025-11-17,0.0,21.5,27.64,15.4,82.76,1.32,18.68
2025-11-18,0.0,22.53,28.14,17.71,86.78,1.63,18.48
2025-11-19,0.0,22.04,27.29,18.05,82.27,1.79,18.21
2025-11-20,0.0,21.15,26.82,16.68,81.05,1.71,18.05
2025-11-21,0.0,20.75,26.18,16.52,77.71,1.36,18.12
2025-11-22,0.0,20.19,25.39,15.28,80.23,1.32,16.78
2025-11-23,0.0,19.67,25.15,15.27,81.31,1.61,16.93
2025-11-24,0.0,18.81,24.92,13.81,86.2,2.01,17.68
2025-11-25,0.0,19.24,25.65,13.48,83.41,1.5,17.83
2025-11-26,0.0,19.42,25.79,13.87,81.68,1.35,17.63
2025-11-27,0.0,19.99,26.73,14.04,84.02,1.44,17.65
2025-11-28,0.0,20.08,26.14,14.96,84.12,1.33,17.66
2025-11-29,0.0,19.97,25.58,14.79,75.83,1.16,17.8
2025-11-30,0.0,19.73,25.52,14.64,72.14,1.06,17.59
2025-12-01,0.0,19.37,25.19,13.79,84.31,1.17,17.18
2025-12-02,0.0,19.58,24.06,15.91,86.56,1.51,12.76
2025-12-03,0.0,18.32,23.9,14.45,83.86,1.73,15.76
2025-12-04,0.0,17.87,24.51,12.18,85.68,1.62,17.08
2025-12-05,0.0,18.23,25.04,12.82,86.39,1.56,17.42
2025-12-06,0.0,17.46,24.6,11.91,81.62,1.71,17.31
2025-12-07,0.0,17.09,23.33,11.25,82.7,1.51,17.22
2025-12-08,0.0,17.65,23.33,13.03,80.03,1.28,15.51
2025-12-09,0.0,18.52,24.17,13.64,74.35,1.33,17.02
2025-12-10,0.0,18.35,24.95,13.07,78.66,1.39,17.11
2025-12-11,0.0,17.8,24.36,11.66,81.89,1.4,17.34
2025-12-12,0.0,19.01,25.28,13.17,75.21,1.01,17.01
2025-12-13,0.0,19.32,26.23,12.62,78.73,1.18,17.17
2025-12-14,0.0,19.44,26.11,13.52,79.96,1.24,17.11
2025-12-15,0.12,18.92,25.28,13.78,79.85,1.25,17.12
2025-12-16,7.57,18.94,24.59,13.85,77.05,1.07,16.08
2025-12-17,0.0,18.1,24.03,12.67,80.75,1.39,16.28
2025-12-18,0.0,20.08,26.3,14.09,79.22,0.82,16.68
2025-12-19,0.0,19.75,24.78,14.97,80.61,0.76,16.83
2025-12-20,0.0,19.57,24.6,14.69,78.95,0.74,15.37
2025-12-21,0.0,18.43,24.12,13.81,83.82,1.16,16.09
2025-12-22,0.0,18.28,24.44,13.39,84.03,1.14,15.88
2025-12-23,0.0,17.82,23.41,13.55,84.29,1.24,15.82
2025-12-24,0.0,16.99,23.2,12.78,86.25,1.48,16.44
2025-12-25,0.0,15.63,21.91,10.58,83.59,1.43,15.14
2025-12-26,0.0,15.3,22.31,9.34,83.27,1.35,14.29
2025-12-27,0.0,15.62,21.67,10.05,82.64,0.99,13.8
2025-12-28,0.0,15.56,21.95,10.23,85.78,1.35,13.49
2025-12-29,0.0,14.63,20.9,9.63,87.7,1.62,8.74
2025-12-30,0.02,13.91,20.2,9.11,88.74,1.69,14.88
2025-12-31,0.0,13.66,20.1,8.47,87.0,1.71,14.18
2026-01-01,0.0,15.11,21.99,8.86,85.81,1.51,14.16
2026-01-02,0.0,15.35,21.67,9.59,85.49,1.54,13.58
2026-01-03,0.0,15.48,21.1,9.94,83.78,1.35,13.31
2026-01-04,0.0,14.82,21.07,9.53,84.35,1.72,15.6
2026-01-05,0.0,13.68,20.7,8.27,85.65,1.75,10.06
2026-01-06,0.0,13.43,20.57,8.04,85.86,1.97,15.8
2026-01-07,0.0,14.11,21.65,8.07,83.53,1.78,16.06
2026-01-08,0.0,14.56,22.07,8.39,80.46,1.65,17.47
2026-01-09,0.0,15.79,23.43,8.71,76.36,1.22,16.31
2026-01-10,0.0,16.1,22.4,10.37,80.43,1.08,16.33
2026-01-11,0.0,16.67,23.48,11.32,84.65,1.19,13.23
2026-01-12,0.06,16.7,23.56,10.93,84.94,1.62,16.68
2026-01-13,0.0,17.15,24.39,11.31,83.83,1.56,16.56
2026-01-14,0.0,17.04,24.47,11.01,82.53,1.34,16.87
2026-01-15,0.0,17.24,24.28,12.4,82.27,1.39,15.71
2026-01-16,0.0,16.81,23.94,11.15,82.65,1.59,16.01
2026-01-17,0.0,17.24,24.23,11.31,82.75,1.4,17.08
2026-01-18,0.0,18.25,25.18,12.02,76.84,1.1,17.47
2026-01-19,0.0,18.11,25.08,12.34,76.29,1.15,18.07
2026-01-20,0.0,18.14,25.01,12.28,76.9,1.43,17.76
2026-01-21,0.0,17.59,24.73,11.4,73.93,1.54,16.89
2026-01-22,0.0,16.9,24.07,11.18,73.35,1.6,17.56
2026-01-23,0.0,17.28,24.76,10.64,71.28,1.27,18.12
2026-01-24,0.0,17.62,24.52,11.06,68.8,1.2,18.29
2026-01-25,0.0,16.97,23.97,11.26,74.08,1.34,17.92
2026-01-26,0.0,17.41,24.84,11.58,77.37,1.74,17.74
2026-01-27,0.0,17.67,24.68,11.39,73.72,1.45,18.62
2026-01-28,0.0,18.64,25.71,12.87,66.08,1.01,19.38
2026-01-29,0.0,19.31,25.5,13.3,68.96,1.17,18.97
2026-01-30,0.0,18.61,25.51,13.05,78.42,1.6,17.43
2026-01-31,0.0,17.91,25.21,11.77,73.71,1.6,17.84
2026-02-01,0.0,17.68,24.85,11.49,77.23,1.49,18.92
2026-02-02,0.0,18.53,25.93,12.17,73.98,1.52,16.68
2026-02-03,0.0,19.45,27.37,12.62,65.89,1.24,18.28
2026-02-04,0.0,19.2,25.87,14.02,69.61,1.23,14.3
2026-02-05,0.0,18.85,25.79,12.56,66.79,1.7,19.16
2026-02-06,0.0,17.04,24.47,11.3,64.07,1.79,20.34
2026-02-07,0.0,16.3,24.03,9.65,68.96,1.78,20.29
2026-02-08,0.0,17.0,25.02,10.21,70.01,1.72,20.24
2026-02-09,0.0,17.54,24.93,10.81,63.3,1.66,20.42
2026-02-10,0.0,18.04,25.37,10.72,62.36,1.39,20.4
2026-02-11,0.0,19.11,26.92,13.67,66.71,1.48,20.15
2026-02-12,0.0,18.71,27.11,12.59,66.73,1.71,20.66
2026-02-13,0.0,18.56,27.14,11.22,63.04,1.75,20.83
2026-02-14,0.0,19.4,27.38,13.04,61.7,1.47,21.01
2026-02-15,0.0,19.29,27.24,12.15,59.81,1.5,20.83
2026-02-16,0.0,19.26,27.7,13.25,60.47,1.69,21.49
2026-02-17,0.0,20.72,28.83,13.14,59.4,1.3,21.61
2026-02-18,0.62,22.62,30.48,16.13,48.3,0.91,21.91
2026-02-19,0.0,22.69,29.79,15.68,44.33,0.85,20.49
2026-02-20,0.0,23.32,30.64,17.02,47.29,1.17,19.87
2026-02-21,0.0,22.58,29.93,16.6,54.97,1.34,19.92
2026-02-22,0.0,23.46,30.17,16.58,53.45,1.34,17.58
2026-02-23,0.0,24.7,30.78,18.77,51.98,0.53,19.47
2026-02-24,0.01,23.84,31.09,17.54,60.66,1.47,18.37
2026-02-25,0.0,23.72,30.25,18.62,58.67,1.21,18.98
2026-02-26,0.03,22.95,29.83,16.37,52.79,1.44,20.48
2026-02-27,0.0,23.26,29.77,17.93,45.62,0.92,19.62
2026-02-28,0.0,22.73,29.82,17.29,66.63,1.51,21.59
2026-03-01,0.0,23.37,30.39,17.55,75.69,1.95,22.92
2026-03-02,0.14,24.76,30.76,20.38,76.04,1.43,18.76
2026-03-03,0.46,25.72,31.43,21.02,63.81,0.83,20.47
2026-03-04,0.54,24.62,31.45,18.88,46.25,1.01,20.2
2026-03-05,0.0,24.65,32.08,16.85,46.79,1.06,19.59
2026-03-06,0.0,24.93,32.8,18.58,65.6,1.32,18.8
2026-03-07,0.0,24.55,31.21,19.38,75.29,1.72,21.21
2026-03-08,0.01,24.35,31.23,19.56,74.74,1.73,21.29
2026-03-09,1.2,24.68,31.02,19.31,74.68,1.16,16.96
2026-03-10,1.16,26.39,31.9,21.1,69.02,0.9,20.23
2026-03-11,0.95,26.22,31.98,21.67,72.55,1.29,14.21
2026-03-12,0.35,25.8,32.05,21.35,72.19,1.7,14.62
2026-03-13,4.83,25.55,30.37,22.12,79.47,3.37,13.06
2026-03-14,1.72,26.07,30.45,23.13,76.31,3.78,18.65
2026-03-15,0.17,25.89,30.83,22.13,75.78,3.56,19.13
2026-03-16,2.16,25.14,30.37,21.5,78.23,2.93,16.38
2026-03-17,5.34,24.93,29.35,21.66,79.93,2.31,20.88
2026-03-18,5.09,24.93,29.85,21.23,80.24,1.71,19.95
2026-03-19,4.24,24.53,27.89,21.97,78.87,0.92,21.51
2026-03-20,9.51,24.84,30.36,21.76,77.07,1.39,16.71
2026-03-21,5.17,22.98,26.94,19.45,73.27,0.76,10.17
2026-03-22,7.44,22.4,27.2,17.39,73.53,1.04,22.9
2026-03-23,0.07,24.03,29.22,17.24,62.93,0.98,22.91
2026-03-24,0.21,25.15,30.82,19.66,62.29,1.1,23.74
2026-03-25,0.31,25.99,32.49,20.67,69.5,1.47,21.41
2026-03-26,0.83,27.25,33.1,21.16,65.08,1.01,23.15
2026-03-27,0.52,27.57,34.04,22.08,64.6,1.52,23.89
2026-03-28,1.03,26.95,32.03,23.12,69.8,1.48,13.42
2026-03-29,0.27,26.75,32.71,21.4,66.94,2.21,18.75
2026-03-30,0.46,27.41,32.99,22.62,74.26,2.36,19.49
2026-03-31,6.54,26.72,31.36,23.49,75.02,1.9,15.77
2026-04-01,2.46,27.29,34.04,22.2,72.45,1.79,24.43
2026-04-02,3.02,28.38,35.11,23.68,72.69,2.45,24.45
2026-04-03,0.31,29.07,36.13,23.25,70.67,2.16,22.01
2026-04-04,4.15,29.0,35.44,23.85,71.52,1.93,15.51
2026-04-05,5.92,27.38,31.98,24.14,75.14,1.65,12.82
2026-04-06,2.64,27.97,34.56,21.61,61.0,1.41,22.25
2026-04-07,18.6,25.89,29.61,23.13,77.51,1.19,17.03
2026-04-08,11.74,26.35,31.67,22.69,69.86,1.1,19.9
2026-04-09,19.57,25.12,29.48,22.08,81.37,1.56,6.37
2026-04-10,1.35,25.83,30.76,21.64,72.07,1.3,23.32
2026-04-11,0.83,26.61,32.08,21.47,74.53,1.85,24.62
2026-04-12,0.0,27.72,33.14,22.56,73.16,2.6,24.31
2026-04-13,0.03,27.88,34.09,23.12,76.01,2.84,23.83
2026-04-14,0.59,27.93,33.69,23.21,76.35,2.44,21.33
2026-04-15,0.45,28.52,34.28,24.27,74.87,2.62,23.44
2026-04-16,0.42,28.6,34.5,24.26,73.31,1.95,19.21
2026-04-17,0.4,29.1,35.05,24.38,71.19,1.36,18.2
2026-04-18,0.22,28.94,34.85,23.93,72.39,1.57,21.95
2026-04-19,1.21,28.85,34.48,24.48,76.63,2.65,21.41
2026-04-20,0.22,29.0,33.23,25.74,75.58,3.57,19.38
2026-04-21,0.01,28.84,33.2,26.39,77.17,4.04,16.19
2026-04-22,0.07,28.59,32.3,25.83,79.18,3.22,20.64
2026-04-23,0.09,29.19,35.25,24.4,75.01,2.14,22.73
2026-04-24,0.05,29.66,36.15,24.52,71.86,1.69,22.2
2026-04-25,0.04,28.58,33.21,25.26,77.76,1.7,21.39
2026-04-26,2.78,28.36,34.22,24.36,75.64,2.61,20.12
2026-04-27,31.32,27.7,31.68,24.91,80.75,3.21,12.49
2026-04-28,67.4,27.16,29.29,25.89,88.82,4.62,5.42
2026-04-29,52.11,25.94,27.72,23.86,92.2,2.68,4.15
2026-04-30,22.49,24.99,28.03,23.26,89.9,2.0,13.69
2026-05-01,14.18,24.95,27.71,22.97,89.45,2.45,10.11
2026-05-02,16.51,26.21,29.99,22.5,86.38,2.55,15.87
2026-05-03,36.97,26.57,29.47,24.65,89.03,2.87,10.42
2026-05-04,15.6,26.64,30.44,23.82,86.27,1.72,20.65
2026-05-05,4.7,26.24,31.02,22.43,83.29,1.02,16.6
2026-05-06,7.83,26.86,31.27,23.08,83.52,1.14,22.85
2026-05-07,6.93,27.51,30.91,23.6,77.44,0.81,20.3
2026-05-08,0.46,27.32,31.84,23.41,76.27,1.19,25.21
2026-05-09,0.24,27.05,31.79,21.67,77.89,1.47,26.58
2026-05-10,1.48,27.17,30.39,24.21,78.38,1.15,11.8
2026-05-11,18.65,26.24,30.16,23.4,81.97,1.15,19.27
2026-05-12,2.75,26.62,31.17,22.4,82.18,1.21,25.48
2026-05-13,2.02,26.95,31.05,23.41,84.87,2.2,25.53
2026-05-14,18.18,27.79,31.83,24.79,86.22,2.48,21.74
2026-05-15,9.02,28.16,31.95,25.53,87.67,2.56,23.89
2026-05-16,11.06,28.06,31.13,25.73,88.16,2.49,21.92
2026-05-17,6.25,28.36,32.51,24.74,86.41,2.01,19.4
2026-05-18,10.21,28.43,32.6,25.62,86.71,2.31,17.82
2026-05-19,11.45,28.42,32.25,25.43,87.55,1.94,17.5
2026-05-20,1.94,28.57,32.85,24.97,84.29,1.88,19.71
2026-05-21,3.04,29.19,33.16,26.06,86.98,2.2,18.73
2026-05-22,6.66,29.14,32.5,26.68,89.12,2.23,19.55
2026-05-23,19.58,28.84,31.48,27.23,90.97,2.98,15.57
2026-05-24,14.54,28.83,30.96,27.35,91.04,3.1,11.33
2026-05-25,58.75,28.4,30.99,26.77,91.16,3.26,17.37
2026-05-26,57.54,28.3,31.28,25.79,89.38,2.62,5.5
2026-05-27,19.88,28.0,31.46,25.26,87.71,1.42,10.79
2026-05-28,31.49,27.3,30.16,25.08,88.42,1.47,23.14
2026-05-29,7.54,28.38,31.71,24.93,83.99,0.85,23.06
2026-05-30,9.2,29.45,32.96,26.16,78.18,0.87,25.17
2026-05-31,2.45,28.93,32.69,25.37,83.21,1.19,18.68
2026-06-01,2.62,28.81,32.43,26.03,86.03,1.62,18.35
2026-06-02,9.28,29.0,32.53,25.73,85.29,1.56,24.75
2026-06-03,0.24,28.98,31.87,26.56,86.88,1.66,22.09
2026-06-04,1.1,28.86,31.56,26.23,87.24,1.54,22.39
2026-06-05,3.84,28.74,31.07,26.51,91.05,1.53,13.66
2026-06-06,13.76,28.54,31.11,26.71,90.41,1.43,21.91
2026-06-07,19.35,28.22,30.41,26.73,90.81,1.94,11.56
2026-06-08,9.5,28.02,30.14,26.48,90.73,2.22,15.23
2026-06-09,12.49,28.12,30.68,26.41,91.11,2.9,15.11
2026-06-10,40.38,27.93,30.4,26.27,91.34,2.95,14.23
2026-06-11,3.47,27.99,30.57,26.15,90.04,2.06,19.36
2026-06-12,52.53,28.04,30.96,25.98,87.07,1.75,9.92
2026-06-13,13.52,27.75,30.46,25.78,89.22,2.42,15.65
2026-06-14,25.18,28.13,30.87,25.97,89.62,2.55,10.87
2026-06-15,5.47,27.93,30.98,25.78,87.89,2.33,20.68
2026-06-16,22.97,28.24,31.32,25.79,87.88,2.05,15.49
2026-06-17,17.64,28.31,31.38,26.0,87.34,2.51,16.94
2026-06-18,15.82,28.4,31.24,26.3,89.47,2.38,14.62
2026-06-19,21.03,28.21,30.62,26.02,89.69,1.94,13.46
2026-06-20,5.75,27.97,30.06,26.15,90.15,2.17,17.04
2026-06-21,26.28,27.68,29.13,26.39,92.29,3.25,12.39
2026-06-22,14.96,27.53,29.39,26.1,92.09,2.14,13.29
2026-06-23,5.54,27.79,30.84,25.18,88.5,2.06,11.86
2026-06-24,8.63,27.68,30.72,25.64,88.62,1.81,10.41
2026-06-25,12.61,27.83,31.17,25.2,87.59,2.01,8.16
2026-06-26,11.44,28.06,31.39,25.52,88.06,2.08,18.04
2026-06-27,3.19,28.35,31.82,25.55,88.46,2.39,21.23
2026-06-28,27.51,28.59,31.29,26.49,89.64,2.72,17.28
2026-06-29,17.79,28.62,30.71,26.99,92.01,2.67,10.64
2026-06-30,15.69,28.79,32.1,26.47,87.45,1.4,16.76
2026-07-01,11.99,27.9,30.7,25.47,89.4,2.3,20.77
2026-07-02,24.58,28.48,31.09,26.24,89.83,2.58,22.19
2026-07-03,4.5,28.19,30.59,26.71,92.22,2.32,21.63
2026-07-04,20.85,27.92,29.68,26.24,93.03,2.46,23.39
2026-07-05,36.21,27.63,28.68,26.76,94.32,4.15,3.96
2026-07-06,49.31,27.83,29.68,26.59,93.72,4.46,3.07
2026-07-07,106.28,27.91,29.91,26.83,93.62,4.04,12.98
2026-07-08,57.58,28.09,30.23,26.44,92.91,3.59,3.31
2026-07-09,40.84,28.23,30.62,26.56,91.92,3.4,9.34
2026-07-10,76.65,27.88,29.86,26.26,93.87,4.16,4.21
2026-07-11,27.9,28.04,29.81,26.28,92.94,3.82,5.87
2026-07-12,33.34,27.88,28.99,27.1,94.74,2.83,3.7
2026-07-13,52.44,27.43,29.62,26.06,92.05,2.53,15.58
2026-07-14,4.56,28.72,32.75,25.66,87.01,1.41,24.95
2026-07-15,9.01,27.84,30.65,26.07,90.56,3.32,21.21
2026-07-16,23.8,27.43,29.72,25.85,91.91,4.05,14.69
2026-07-17,31.73,27.47,28.89,26.14,92.68,4.4,12.2
2026-07-18,16.65,27.92,30.28,26.21,91.23,4.18,16.05
2026-07-19,23.95,27.89,30.13,26.52,92.08,3.87,10.56
2026-07-20,25.1,27.45,29.37,26.04,93.08,2.96,13.4
2026-07-21,14.78,27.04,29.2,25.11,94.22,2.92,13.34
2026-07-22,31.85,27.23,28.7,25.92,94.34,3.17,17.04
2026-07-23,26.07,27.19,29.98,25.34,90.94,3.08,13.33
2026-07-24,16.56,27.33,30.57,25.17,90.52,2.51,14.72
2026-07-25,9.7,27.42,30.48,25.18,90.57,2.38,20.7
2026-07-26,4.04,27.39,30.72,24.86,90.44,3.44,17.04
2026-07-27,13.21,27.48,30.59,24.96,91.53,3.86,6.73
2026-07-28,10.95,27.64,30.1,25.95,90.39,3.75,17.33
2026-07-29,31.45,27.53,30.27,25.62,91.25,3.88,10.62
2026-07-30,30.87,27.8,30.13,26.26,91.31,3.08,16.94
2026-07-31,19.58,27.54,30.0,25.91,92.02,2.23,19.62
2026-08-01,14.12,27.58,30.01,25.7,91.9,2.45,15.11
2026-08-02,26.25,28.08,30.89,25.96,90.85,2.46,17.11
2026-08-03,41.32,28.31,31.46,25.99,91.1,2.33,12.96
2026-08-04,27.1,27.98,30.54,26.51,91.87,2.5,6.52
2026-08-05,41.06,27.33,29.18,25.92,92.82,1.94,4.37
2026-08-06,48.7,26.85,29.09,25.34,92.19,2.3,4.01
2026-08-07,18.26,26.64,28.44,25.03,92.87,2.6,10.99
2026-08-08,13.33,27.51,29.84,26.04,91.33,2.54,23.2
2026-08-09,3.53,27.91,31.14,25.64,89.68,2.17,23.98
2026-08-10,15.82,28.0,31.73,24.92,87.83,1.71,23.87
2026-08-11,17.27,28.2,32.15,24.92,86.35,1.62,24.78
2026-08-12,11.48,28.04,31.38,25.69,91.38,3.25,22.64
2026-08-13,29.25,27.89,30.43,26.38,91.68,3.96,11.96
2026-08-14,7.09,27.75,31.24,25.38,90.3,3.26,24.02
2026-08-15,3.43,27.98,31.04,26.03,89.97,3.35,21.73
2026-08-16,12.97,27.57,29.94,25.65,91.9,4.2,11.08
2026-08-17,61.0,27.75,29.39,26.22,92.05,5.15,8.11
2026-08-18,32.19,27.86,29.99,26.37,91.84,3.72,9.71
2026-08-19,12.4,28.06,30.92,25.99,90.26,2.56,21.15
2026-08-20,8.86,27.92,30.49,26.15,90.75,1.63,18.31
2026-08-21,2.9,29.05,32.72,26.16,86.35,1.03,23.98
2026-08-22,4.47,28.51,31.21,26.83,90.57,2.32,23.77
2026-08-23,10.97,28.07,31.1,26.11,90.47,3.46,19.32
2026-08-24,22.95,27.98,30.72,25.89,90.29,3.78,14.24
2026-08-25,17.69,28.0,30.52,26.37,92.11,3.06,15.72
2026-08-26,4.33,28.26,31.21,26.41,90.12,2.42,21.26
2026-08-27,1.67,28.71,31.94,25.94,89.34,2.0,23.12
2026-08-28,19.22,28.09,29.9,26.94,92.93,1.61,22.19
2026-08-29,3.71,28.4,31.73,26.34,88.24,2.01,11.24
2026-08-30,18.09,28.1,31.02,25.92,91.29,3.74,6.58
2026-08-31,8.98,27.86,30.33,26.0,91.21,3.43,18.35
