date,rainfall_mm,temp_c,solar_rad_kwh_m2
2001-01-01,0.0,17.57,13.8
2001-01-02,0.02,17.99,15.06
2001-01-03,0.0,17.81,15.04
2001-01-04,0.01,16.84,13.35
2001-01-05,0.03,15.17,13.19
2001-01-06,0.0,14.39,14.81
2001-01-07,0.0,14.21,14.33
2001-01-08,0.0,14.89,15.96
2001-01-09,0.0,15.24,14.49
2001-01-10,0.0,14.81,13.95
2001-01-11,0.0,13.98,15.08
2001-01-12,0.0,13.93,15.3
2001-01-13,0.0,14.56,15.52
2001-01-14,0.0,14.79,15.93
2001-01-15,0.0,16.22,16.59
2001-01-16,0.0,15.89,16.73
2001-01-17,0.0,16.97,17.43
2001-01-18,0.0,16.3,17.61
2001-01-19,0.0,17.05,17.6
2001-01-20,0.0,17.14,17.64
2001-01-21,0.0,16.92,17.68
2001-01-22,0.0,16.29,17.14
2001-01-23,0.54,17.2,8.16
2001-01-24,0.0,15.78,13.87
2001-01-25,0.0,15.55,16.03
2001-01-26,0.0,13.34,16.38
2001-01-27,0.0,13.48,16.12
2001-01-28,0.0,14.93,16.42
2001-01-29,0.0,15.99,16.95
2001-01-30,0.0,16.93,16.46
2001-01-31,0.0,16.41,15.27
2001-02-01,0.0,17.22,14.13
2001-02-02,0.0,17.56,13.89
2001-02-03,0.0,17.12,15.21
2001-02-04,0.0,17.53,17.61
2001-02-05,0.0,18.37,14.05
2001-02-06,0.0,18.99,13.87
2001-02-07,0.0,17.88,18.17
2001-02-08,0.0,16.96,18.06
2001-02-09,0.0,17.66,17.3
2001-02-10,0.0,17.13,16.73
2001-02-11,0.0,16.95,18.31
2001-02-12,0.0,17.85,18.83
2001-02-13,0.0,18.64,19.3
2001-02-14,0.0,19.52,19.1
2001-02-15,0.0,20.56,17.43
2001-02-16,0.0,21.11,18.48
2001-02-17,0.0,22.12,18.39
2001-02-18,0.0,21.76,18.71
2001-02-19,0.69,21.78,15.8
2001-02-20,0.0,20.8,18.88
2001-02-21,0.08,20.12,15.58
2001-02-22,0.37,19.95,16.61
2001-02-23,0.0,20.06,17.82
2001-02-24,3.72,20.09,15.46
2001-02-25,15.01,21.36,14.4
2001-02-26,71.49,21.96,9.34
2001-02-27,2.0,22.55,14.61
2001-02-28,0.0,21.91,18.45
2001-03-01,0.02,22.46,15.11
2001-03-02,0.0,22.58,19.52
2001-03-03,0.0,22.0,20.89
2001-03-04,0.0,21.79,22.17
2001-03-05,0.08,19.97,14.73
2001-03-06,0.0,20.13,21.72
2001-03-07,0.0,20.77,21.75
2001-03-08,0.0,21.24,20.43
2001-03-09,0.0,22.29,19.46
2001-03-10,0.0,22.27,21.68
2001-03-11,0.0,21.62,21.96
2001-03-12,0.0,22.67,22.79
2001-03-13,0.0,22.75,22.92
2001-03-14,0.0,22.96,21.53
2001-03-15,0.05,24.54,21.08
2001-03-16,0.0,23.28,20.77
2001-03-17,0.0,24.25,22.64
2001-03-18,0.58,23.65,22.04
2001-03-19,0.04,24.05,23.3
2001-03-20,0.0,25.33,22.75
2001-03-21,0.0,25.68,22.56
2001-03-22,0.0,25.87,21.47
2001-03-23,1.18,24.13,17.22
2001-03-24,11.02,25.55,19.2
2001-03-25,0.13,24.61,21.47
2001-03-26,0.08,24.43,20.41
2001-03-27,0.18,25.86,20.85
2001-03-28,4.22,25.41,18.18
2001-03-29,5.14,26.49,19.67
2001-03-30,8.29,25.41,15.05
2001-03-31,2.17,23.99,19.75
2001-04-01,11.12,25.04,21.5
2001-04-02,1.26,25.14,22.68
2001-04-03,0.01,26.56,23.23
2001-04-04,0.0,28.16,23.0
2001-04-05,0.1,27.65,23.71
2001-04-06,0.0,28.47,23.91
2001-04-07,0.0,30.06,24.33
2001-04-08,1.33,29.99,21.15
2001-04-09,0.32,28.08,15.21
2001-04-10,3.4,28.71,20.38
2001-04-11,4.53,28.53,20.78
2001-04-12,5.92,28.94,20.34
2001-04-13,15.52,26.47,14.04
2001-04-14,0.94,26.21,12.82
2001-04-15,5.41,27.23,23.43
2001-04-16,2.7,27.0,23.32
2001-04-17,3.76,27.84,20.84
2001-04-18,1.19,27.84,19.64
2001-04-19,4.53,27.96,22.96
2001-04-20,2.49,28.65,21.89
2001-04-21,0.0,27.94,24.84
2001-04-22,0.18,29.13,25.83
2001-04-23,0.0,28.99,26.59
2001-04-24,0.0,30.0,25.76
2001-04-25,0.01,30.44,25.2
2001-04-26,2.33,30.49,23.21
2001-04-27,15.83,29.21,17.99
2001-04-28,47.26,27.69,18.16
2001-04-29,43.42,27.47,13.4
2001-04-30,23.47,27.14,15.91
2001-05-01,0.01,27.7,23.9
2001-05-02,2.05,27.94,13.24
2001-05-03,10.31,27.98,17.99
2001-05-04,20.75,26.67,13.11
2001-05-05,18.02,25.65,9.29
2001-05-06,3.47,25.09,9.47
2001-05-07,38.0,26.27,11.98
2001-05-08,44.18,26.79,8.75
2001-05-09,47.89,26.42,9.4
2001-05-10,29.12,27.19,2.62
2001-05-11,3.36,26.24,13.78
2001-05-12,0.69,26.43,24.52
2001-05-13,0.01,27.97,27.55
2001-05-14,0.99,28.95,25.12
2001-05-15,0.1,29.38,26.01
2001-05-16,3.81,29.7,19.66
2001-05-17,7.71,28.66,22.72
2001-05-18,54.85,27.87,25.02
2001-05-19,15.77,28.03,20.23
2001-05-20,35.92,28.22,21.17
2001-05-21,18.84,28.12,19.67
2001-05-22,17.28,27.49,12.9
2001-05-23,14.24,28.19,9.74
2001-05-24,5.11,27.94,14.39
2001-05-25,2.68,28.67,21.51
2001-05-26,2.97,28.45,17.8
2001-05-27,0.0,29.02,24.59
2001-05-28,6.74,28.1,24.06
2001-05-29,5.97,28.12,10.41
2001-05-30,13.73,27.7,17.69
2001-05-31,68.54,27.67,14.4
2001-06-01,13.68,27.95,12.25
2001-06-02,9.44,27.85,17.18
2001-06-03,34.02,27.36,13.91
2001-06-04,64.29,25.97,6.06
2001-06-05,116.12,26.01,2.11
2001-06-06,51.17,26.68,3.11
2001-06-07,7.47,26.74,14.99
2001-06-08,6.87,26.91,20.23
2001-06-09,19.81,26.97,20.56
2001-06-10,4.93,27.86,24.02
2001-06-11,5.02,28.13,13.77
2001-06-12,0.37,28.17,26.76
2001-06-13,9.73,27.68,22.27
2001-06-14,9.03,26.6,8.15
2001-06-15,22.97,26.15,12.93
2001-06-16,8.89,27.99,18.3
2001-06-17,26.96,27.19,16.44
2001-06-18,28.49,26.8,13.53
2001-06-19,19.18,27.3,13.72
2001-06-20,27.88,27.78,17.26
2001-06-21,10.84,27.39,22.14
2001-06-22,11.77,28.75,24.35
2001-06-23,22.31,28.67,20.78
2001-06-24,26.95,28.74,20.02
2001-06-25,2.94,27.82,17.05
2001-06-26,2.99,27.49,18.46
2001-06-27,3.35,27.4,16.85
2001-06-28,1.08,28.64,23.93
2001-06-29,8.84,27.56,21.51
2001-06-30,49.56,27.12,14.33
2001-07-01,45.83,27.14,9.38
2001-07-02,2.77,27.27,17.72
2001-07-03,3.33,28.38,25.61
2001-07-04,0.81,29.56,24.48
2001-07-05,4.22,29.65,22.33
2001-07-06,7.99,28.59,19.36
2001-07-07,10.1,29.61,24.81
2001-07-08,2.71,29.87,26.07
2001-07-09,5.54,29.6,18.58
2001-07-10,10.57,28.21,17.29
2001-07-11,13.48,27.7,18.4
2001-07-12,15.4,28.25,16.63
2001-07-13,20.54,27.39,17.48
2001-07-14,5.2,27.51,15.99
2001-07-15,8.91,27.95,19.49
2001-07-16,21.43,27.5,21.73
2001-07-17,17.4,28.72,23.38
2001-07-18,18.25,28.65,21.19
2001-07-19,4.92,27.54,15.37
2001-07-20,11.22,27.51,18.06
2001-07-21,6.27,27.77,15.61
2001-07-22,1.11,27.87,21.45
2001-07-23,16.98,28.41,20.71
2001-07-24,11.78,27.82,19.95
2001-07-25,5.62,27.42,17.94
2001-07-26,16.8,27.75,18.56
2001-07-27,10.29,27.97,16.81
2001-07-28,21.36,27.72,14.24
2001-07-29,66.0,27.44,3.3
2001-07-30,61.88,27.38,5.43
2001-07-31,67.92,27.74,5.07
2001-08-01,25.05,27.05,11.21
2001-08-02,4.32,28.36,17.28
2001-08-03,0.42,30.85,23.6
2001-08-04,5.75,28.94,23.17
2001-08-05,27.05,28.36,14.15
2001-08-06,10.0,28.17,9.93
2001-08-07,0.71,29.18,23.93
2001-08-08,7.13,29.22,21.03
2001-08-09,16.53,28.99,22.07
2001-08-10,24.7,28.48,22.7
2001-08-11,16.02,28.11,20.12
2001-08-12,4.49,28.0,17.89
2001-08-13,6.54,29.8,22.02
2001-08-14,17.11,27.97,13.67
2001-08-15,5.21,28.28,15.79
2001-08-16,6.15,28.55,19.91
2001-08-17,6.62,29.22,15.83
2001-08-18,16.97,28.49,21.2
2001-08-19,11.72,29.18,20.16
2001-08-20,40.87,29.34,23.46
2001-08-21,15.53,27.37,12.91
2001-08-22,2.95,27.73,19.63
2001-08-23,2.31,28.03,20.89
2001-08-24,6.12,28.06,13.37
2001-08-25,7.6,28.02,18.88
2001-08-26,6.9,28.25,12.99
2001-08-27,6.73,27.88,6.35
2001-08-28,3.91,27.57,20.81
2001-08-29,6.92,28.93,19.78
2001-08-30,13.29,28.54,15.92
2001-08-31,10.82,28.36,15.64
2001-09-01,8.52,26.52,15.21
2001-09-02,5.58,27.24,19.85
2001-09-03,3.53,27.27,13.17
2001-09-04,11.03,27.89,20.88
2001-09-05,10.48,28.38,21.29
2001-09-06,6.51,27.85,19.65
2001-09-07,11.49,27.71,17.84
2001-09-08,5.22,27.47,19.17
2001-09-09,6.19,27.84,17.97
2001-09-10,3.46,27.56,16.19
2001-09-11,12.94,26.76,20.47
2001-09-12,6.31,26.44,15.52
2001-09-13,27.83,26.96,18.52
2001-09-14,9.15,26.53,16.35
2001-09-15,0.0,27.98,19.9
2001-09-16,14.94,28.17,20.63
2001-09-17,26.13,28.8,17.28
2001-09-18,32.99,26.87,10.25
2001-09-19,25.79,25.77,4.8
2001-09-20,4.99,26.53,11.61
2001-09-21,0.37,27.03,21.75
2001-09-22,0.94,28.15,20.14
2001-09-23,2.64,28.0,12.85
2001-09-24,1.86,27.89,18.03
2001-09-25,19.75,27.92,19.24
2001-09-26,2.69,27.81,20.33
2001-09-27,0.36,28.25,15.86
2001-09-28,0.02,27.7,20.86
2001-09-29,5.1,27.77,21.6
2001-09-30,11.69,27.41,15.87
2001-10-01,3.22,26.84,17.03
2001-10-02,29.24,26.02,12.82
2001-10-03,18.79,25.41,8.12
2001-10-04,37.0,25.76,14.8
2001-10-05,29.95,25.16,15.43
2001-10-06,15.67,26.05,12.38
2001-10-07,10.17,26.44,15.39
2001-10-08,3.96,27.09,11.43
2001-10-09,10.61,27.64,16.12
2001-10-10,16.53,26.51,8.31
2001-10-11,0.44,26.21,16.77
2001-10-12,0.35,25.53,18.27
2001-10-13,1.34,27.22,14.74
2001-10-14,14.79,26.27,9.38
2001-10-15,1.7,27.1,19.53
2001-10-16,7.19,26.86,17.2
2001-10-17,6.33,26.14,16.42
2001-10-18,29.08,24.32,7.04
2001-10-19,0.17,24.3,17.98
2001-10-20,0.0,25.38,19.4
2001-10-21,0.0,26.11,19.35
2001-10-22,0.0,26.52,19.99
2001-10-23,0.0,26.49,20.22
2001-10-24,0.0,27.13,19.77
2001-10-25,0.0,26.58,19.68
2001-10-26,0.13,25.75,19.54
2001-10-27,0.06,26.45,12.24
2001-10-28,0.29,26.21,15.86
2001-10-29,3.87,25.72,17.1
2001-10-30,7.23,24.93,9.36
2001-10-31,10.66,24.14,6.03
2001-11-01,0.81,25.04,14.18
2001-11-02,0.01,24.13,18.36
2001-11-03,0.06,23.1,18.1
2001-11-04,1.04,23.23,17.12
2001-11-05,0.18,23.43,18.14
2001-11-06,0.27,24.16,18.09
2001-11-07,3.71,24.37,6.2
2001-11-08,0.15,23.34,10.49
2001-11-09,0.0,22.74,15.6
2001-11-10,5.52,23.52,13.12
2001-11-11,5.66,22.94,5.51
2001-11-12,5.14,21.15,4.88
2001-11-13,0.0,23.36,16.89
2001-11-14,0.0,24.03,17.61
2001-11-15,0.0,23.8,16.5
2001-11-16,0.0,23.25,16.94
2001-11-17,0.44,22.39,17.13
2001-11-18,0.01,22.4,16.79
2001-11-19,0.39,22.9,14.48
2001-11-20,0.0,22.43,16.85
2001-11-21,3.22,20.97,16.23
2001-11-22,0.9,20.82,15.11
2001-11-23,0.01,20.51,12.8
2001-11-24,0.0,20.88,14.46
2001-11-25,0.0,21.33,16.38
2001-11-26,0.0,21.26,16.77
2001-11-27,0.0,20.46,16.57
2001-11-28,0.0,19.07,15.88
2001-11-29,0.0,18.94,15.87
2001-11-30,0.0,18.42,15.71
2001-12-01,0.0,17.21,15.22
2001-12-02,0.0,16.76,14.88
2001-12-03,0.0,17.15,14.96
2001-12-04,0.0,17.41,15.57
2001-12-05,0.0,17.4,15.49
2001-12-06,0.0,18.16,15.3
2001-12-07,0.0,17.47,14.76
2001-12-08,0.31,16.96,13.13
2001-12-09,0.0,16.76,12.9
2001-12-10,0.0,17.77,14.75
2001-12-11,0.0,17.27,15.32
2001-12-12,0.0,17.19,15.58
2001-12-13,0.0,18.15,15.68
2001-12-14,0.0,18.27,14.99
2001-12-15,0.0,18.03,15.78
2001-12-16,0.0,16.49,14.46
2001-12-17,0.0,16.66,16.07
2001-12-18,0.0,18.01,15.43
2001-12-19,0.0,18.05,14.22
2001-12-20,0.0,18.18,14.74
2001-12-21,0.0,19.32,10.01
2001-12-22,0.91,19.66,14.45
2001-12-23,0.0,19.49,15.21
2001-12-24,0.0,18.93,14.49
2001-12-25,0.0,18.6,15.63
2001-12-26,0.0,18.18,15.51
2001-12-27,0.0,18.64,15.08
2001-12-28,0.0,18.29,16.0
2001-12-29,0.0,17.25,15.93
2001-12-30,0.0,17.27,15.19
2001-12-31,0.0,16.91,15.37
2002-01-01,0.0,17.64,14.57
2002-01-02,0.0,18.35,16.43
2002-01-03,0.0,18.97,16.51
2002-01-04,0.0,18.6,14.48
2002-01-05,0.0,18.77,16.28
2002-01-06,0.0,18.78,16.43
2002-01-07,0.03,18.54,8.79
2002-01-08,0.0,18.32,11.94
2002-01-09,0.0,18.18,14.72
2002-01-10,0.0,18.04,14.93
2002-01-11,0.0,16.95,15.01
2002-01-12,0.0,17.02,15.63
2002-01-13,0.0,16.96,16.78
2002-01-14,0.0,17.12,16.19
2002-01-15,0.0,16.78,14.05
2002-01-16,0.06,17.92,14.44
2002-01-17,3.15,19.1,11.13
2002-01-18,0.16,19.14,12.92
2002-01-19,0.0,19.32,14.84
2002-01-20,0.05,19.43,16.25
2002-01-21,0.15,19.78,15.76
2002-01-22,0.22,19.82,10.27
2002-01-23,1.99,18.76,5.17
2002-01-24,0.03,17.31,12.02
2002-01-25,0.0,15.05,16.17
2002-01-26,0.0,14.64,15.86
2002-01-27,0.0,14.72,16.47
2002-01-28,2.12,17.24,3.31
2002-01-29,0.1,17.46,16.53
2002-01-30,0.62,17.06,13.01
2002-01-31,0.0,16.03,17.09
2002-02-01,0.0,16.07,17.99
2002-02-02,0.0,16.04,18.51
2002-02-03,0.0,16.2,17.42
2002-02-04,0.0,15.22,17.8
2002-02-05,0.0,15.97,17.85
2002-02-06,0.0,16.64,18.35
2002-02-07,0.0,19.15,17.76
2002-02-08,0.0,20.32,15.82
2002-02-09,0.0,20.87,18.15
2002-02-10,0.0,20.9,18.12
2002-02-11,0.0,21.16,18.51
2002-02-12,0.0,21.1,11.83
2002-02-13,0.0,20.69,15.9
2002-02-14,0.0,19.48,20.02
2002-02-15,0.0,19.47,20.56
2002-02-16,0.0,20.58,20.64
2002-02-17,0.0,20.96,20.4
2002-02-18,0.0,21.44,20.49
2002-02-19,0.0,20.95,19.17
2002-02-20,0.12,20.33,19.66
2002-02-21,0.0,20.13,19.79
2002-02-22,0.03,20.83,18.94
2002-02-23,0.0,21.4,19.76
2002-02-24,0.0,21.27,20.28
2002-02-25,2.72,21.87,19.68
2002-02-26,0.11,21.34,18.65
2002-02-27,0.0,20.75,19.4
2002-02-28,0.01,20.34,21.65
2002-03-01,0.0,20.98,21.26
2002-03-02,0.0,21.65,20.72
2002-03-03,5.29,22.19,8.76
2002-03-04,0.29,23.04,18.28
2002-03-05,0.0,21.81,20.07
2002-03-06,0.0,21.96,21.57
2002-03-07,0.0,22.18,22.38
2002-03-08,0.0,22.4,21.65
2002-03-09,0.0,22.52,21.29
2002-03-10,1.47,24.03,19.76
2002-03-11,10.88,25.4,20.21
2002-03-12,0.72,25.69,20.26
2002-03-13,0.0,24.16,21.15
2002-03-14,0.0,23.95,20.13
2002-03-15,0.0,23.77,21.58
2002-03-16,0.0,24.2,18.91
2002-03-17,0.0,24.06,22.97
2002-03-18,0.0,25.26,23.43
2002-03-19,0.0,26.27,22.8
2002-03-20,0.0,26.26,23.17
2002-03-21,0.0,26.89,23.08
2002-03-22,0.37,26.41,22.68
2002-03-23,3.64,26.17,19.37
2002-03-24,15.62,26.13,16.58
2002-03-25,16.99,25.06,16.85
2002-03-26,24.43,25.0,13.58
2002-03-27,13.07,25.54,13.73
2002-03-28,1.31,25.23,18.69
2002-03-29,5.32,25.93,16.51
2002-03-30,0.58,26.16,21.31
2002-03-31,0.08,25.95,21.76
2002-04-01,16.48,26.35,15.86
2002-04-02,35.23,24.84,11.39
2002-04-03,11.34,22.97,17.04
2002-04-04,0.53,23.41,22.75
2002-04-05,0.0,25.11,25.18
2002-04-06,6.03,25.13,18.11
2002-04-07,0.33,26.52,21.56
2002-04-08,0.53,27.75,21.49
2002-04-09,2.14,26.8,20.05
2002-04-10,9.87,27.31,17.81
2002-04-11,14.14,26.46,15.22
2002-04-12,0.01,25.55,21.6
2002-04-13,0.27,26.27,23.88
2002-04-14,0.04,26.43,25.38
2002-04-15,15.07,26.69,10.28
2002-04-16,16.77,26.78,11.98
2002-04-17,19.94,27.32,5.69
2002-04-18,4.76,27.53,18.95
2002-04-19,4.28,27.86,20.34
2002-04-20,1.12,27.74,21.22
2002-04-21,26.6,27.6,19.43
2002-04-22,1.32,26.79,14.7
2002-04-23,1.1,26.23,21.32
2002-04-24,14.87,26.73,21.21
2002-04-25,26.95,26.74,21.27
2002-04-26,58.88,26.75,16.88
2002-04-27,19.65,26.13,22.29
2002-04-28,1.06,26.17,21.93
2002-04-29,37.57,26.37,21.01
2002-04-30,21.53,26.02,22.13
2002-05-01,11.53,26.54,12.15
2002-05-02,9.46,26.71,13.4
2002-05-03,12.46,26.72,21.31
2002-05-04,7.48,25.79,21.85
2002-05-05,7.67,26.79,7.45
2002-05-06,5.8,25.35,6.86
2002-05-07,1.93,26.8,25.91
2002-05-08,0.45,28.38,25.13
2002-05-09,12.93,28.53,24.98
2002-05-10,32.65,28.32,16.06
2002-05-11,17.95,27.69,7.97
2002-05-12,4.17,28.9,10.62
2002-05-13,0.0,30.11,22.34
2002-05-14,16.43,29.32,23.14
2002-05-15,6.42,27.68,22.92
2002-05-16,0.02,29.04,27.08
2002-05-17,3.03,30.19,25.94
2002-05-18,18.02,30.31,26.54
2002-05-19,7.94,29.21,13.87
2002-05-20,7.58,29.02,15.94
2002-05-21,26.68,28.71,8.99
2002-05-22,63.38,28.68,13.53
2002-05-23,11.78,28.3,15.28
2002-05-24,0.01,28.01,20.85
2002-05-25,37.85,26.92,18.86
2002-05-26,22.04,26.25,4.38
2002-05-27,9.71,25.97,9.66
2002-05-28,2.18,24.82,17.63
2002-05-29,0.08,26.56,23.77
2002-05-30,4.0,27.64,23.05
2002-05-31,11.28,27.67,10.48
2002-06-01,4.68,27.57,11.82
2002-06-02,1.35,28.08,15.74
2002-06-03,4.16,28.65,18.41
2002-06-04,13.21,28.6,17.06
2002-06-05,45.08,27.95,21.72
2002-06-06,61.2,27.08,12.47
2002-06-07,52.52,28.1,6.23
2002-06-08,14.91,27.38,6.42
2002-06-09,2.0,28.14,16.71
2002-06-10,9.83,27.49,15.43
2002-06-11,23.82,26.94,14.3
2002-06-12,10.31,26.65,11.38
2002-06-13,37.6,26.75,2.62
2002-06-14,56.15,27.39,10.44
2002-06-15,28.03,27.83,5.91
2002-06-16,10.7,28.29,8.66
2002-06-17,10.64,27.69,17.13
2002-06-18,7.8,27.86,19.03
2002-06-19,15.36,28.0,12.18
2002-06-20,5.3,27.76,22.34
2002-06-21,4.25,28.03,16.82
2002-06-22,33.75,28.4,17.13
2002-06-23,6.17,28.83,21.26
2002-06-24,25.09,28.93,21.94
2002-06-25,2.82,28.81,18.12
2002-06-26,13.3,28.07,21.11
2002-06-27,6.02,27.77,15.64
2002-06-28,11.78,28.25,14.26
2002-06-29,39.44,27.44,14.31
2002-06-30,21.01,27.98,11.92
2002-07-01,17.41,28.99,12.76
2002-07-02,21.61,28.3,14.57
2002-07-03,11.19,27.98,12.42
2002-07-04,24.72,28.0,10.92
2002-07-05,15.76,28.17,16.11
2002-07-06,42.77,28.56,10.94
2002-07-07,35.31,28.63,10.46
2002-07-08,16.39,28.0,10.14
2002-07-09,6.37,28.38,8.21
2002-07-10,4.66,28.39,6.32
2002-07-11,17.39,27.79,8.36
2002-07-12,9.28,27.84,11.03
2002-07-13,34.5,28.9,13.23
2002-07-14,23.34,28.19,13.47
2002-07-15,4.22,28.75,18.59
2002-07-16,8.11,28.71,19.4
2002-07-17,11.4,27.4,18.39
2002-07-18,11.7,27.75,18.91
2002-07-19,23.84,27.94,17.27
2002-07-20,16.08,27.16,16.24
2002-07-21,30.68,27.14,6.27
2002-07-22,52.7,27.05,3.67
2002-07-23,52.03,27.33,5.03
2002-07-24,22.48,27.14,11.13
2002-07-25,14.99,27.66,7.49
2002-07-26,6.37,27.35,17.54
2002-07-27,0.3,27.15,13.88
2002-07-28,14.08,27.76,12.75
2002-07-29,33.61,26.62,17.72
2002-07-30,15.34,27.82,10.4
2002-07-31,9.93,27.28,17.0
2002-08-01,12.65,27.49,17.39
2002-08-02,21.73,27.16,7.19
2002-08-03,17.74,27.57,16.98
2002-08-04,22.67,27.15,14.34
2002-08-05,3.06,27.74,23.35
2002-08-06,11.85,27.46,18.11
2002-08-07,19.46,27.67,21.15
2002-08-08,10.54,29.35,23.46
2002-08-09,11.68,28.83,16.85
2002-08-10,21.27,27.43,18.19
2002-08-11,14.74,27.83,8.66
2002-08-12,29.36,27.62,16.18
2002-08-13,10.4,28.06,16.7
2002-08-14,14.55,28.05,15.86
2002-08-15,7.32,28.66,19.1
2002-08-16,5.81,27.64,18.56
2002-08-17,20.64,26.93,13.48
2002-08-18,1.72,27.89,15.8
2002-08-19,25.4,27.53,11.83
2002-08-20,31.11,27.86,7.58
2002-08-21,1.56,27.71,16.75
2002-08-22,3.74,28.4,22.53
2002-08-23,11.53,26.87,16.43
2002-08-24,13.32,25.73,12.35
2002-08-25,8.3,25.84,10.19
2002-08-26,6.03,27.5,14.2
2002-08-27,3.68,28.64,21.57
2002-08-28,4.6,29.19,22.19
2002-08-29,8.31,28.59,23.43
2002-08-30,22.89,27.02,21.84
2002-08-31,1.57,27.48,23.09
2002-09-01,7.25,28.43,22.58
2002-09-02,3.43,28.02,23.21
2002-09-03,6.07,28.42,21.18
2002-09-04,3.77,26.85,23.11
2002-09-05,6.12,29.12,23.95
2002-09-06,6.38,28.45,18.56
2002-09-07,0.06,29.02,23.61
2002-09-08,0.5,29.71,23.21
2002-09-09,0.33,28.06,20.15
2002-09-10,3.77,27.8,16.36
2002-09-11,4.26,26.71,11.58
2002-09-12,0.0,27.5,17.54
2002-09-13,0.96,27.66,21.34
2002-09-14,2.72,27.1,20.04
2002-09-15,27.36,26.59,17.33
2002-09-16,13.72,26.41,8.4
2002-09-17,0.54,26.98,21.13
2002-09-18,0.0,27.37,22.96
2002-09-19,0.15,27.32,21.78
2002-09-20,2.19,27.23,22.04
2002-09-21,9.06,28.65,21.09
2002-09-22,5.38,26.81,20.34
2002-09-23,13.42,25.94,15.06
2002-09-24,19.17,26.04,14.1
2002-09-25,12.36,25.71,16.2
2002-09-26,16.45,26.58,18.03
2002-09-27,30.68,25.94,3.22
2002-09-28,27.91,26.08,11.86
2002-09-29,35.33,25.91,8.15
2002-09-30,38.44,26.28,9.22
2002-10-01,8.2,26.5,5.72
2002-10-02,5.09,27.07,11.94
2002-10-03,0.95,27.68,9.54
2002-10-04,0.81,27.54,16.77
2002-10-05,0.06,27.94,18.07
2002-10-06,0.0,29.02,21.02
2002-10-07,0.93,27.9,20.35
2002-10-08,0.93,27.12,20.55
2002-10-09,1.13,25.98,15.58
2002-10-10,0.08,26.09,20.09
2002-10-11,1.21,26.36,19.37
2002-10-12,0.2,26.08,19.92
2002-10-13,5.67,25.96,17.54
2002-10-14,1.02,25.02,9.79
2002-10-15,7.6,23.38,14.46
2002-10-16,0.82,25.64,12.12
2002-10-17,6.31,25.37,17.89
2002-10-18,5.17,24.58,7.79
2002-10-19,7.08,24.11,8.08
2002-10-20,1.26,25.16,15.53
2002-10-21,0.1,24.56,17.44
2002-10-22,0.01,24.14,18.46
2002-10-23,0.0,24.62,19.67
2002-10-24,0.0,24.16,19.54
2002-10-25,0.0,24.48,18.28
2002-10-26,0.0,24.44,18.8
2002-10-27,0.0,24.15,18.98
2002-10-28,0.0,23.66,18.94
2002-10-29,0.0,22.64,18.14
2002-10-30,0.0,22.14,18.25
2002-10-31,0.0,22.67,18.54
2002-11-01,0.0,23.46,18.57
2002-11-02,0.0,23.54,9.82
2002-11-03,0.0,24.15,13.28
2002-11-04,0.09,24.0,17.86
2002-11-05,0.0,23.27,14.48
2002-11-06,0.0,23.38,18.0
2002-11-07,0.0,23.81,15.94
2002-11-08,0.0,24.43,12.81
2002-11-09,0.0,23.7,16.94
2002-11-10,0.0,23.76,12.19
2002-11-11,12.3,23.59,9.18
2002-11-12,60.06,20.78,2.69
2002-11-13,38.05,22.61,5.42
2002-11-14,0.2,21.46,14.39
2002-11-15,0.0,20.26,16.67
2002-11-16,0.0,21.17,17.86
2002-11-17,0.0,21.27,17.62
2002-11-18,0.0,20.57,15.94
2002-11-19,0.16,20.62,16.86
2002-11-20,0.14,20.56,16.51
2002-11-21,0.0,20.54,17.35
2002-11-22,0.0,20.83,16.39
2002-11-23,0.0,20.51,16.48
2002-11-24,0.0,21.2,15.34
2002-11-25,0.0,21.56,15.37
2002-11-26,0.0,21.26,14.15
2002-11-27,0.0,21.74,15.57
2002-11-28,0.0,21.98,16.39
2002-11-29,0.0,20.87,15.19
2002-11-30,0.0,22.61,14.04
2002-12-01,0.0,21.71,14.1
2002-12-02,0.0,21.29,14.89
2002-12-03,0.0,20.42,15.85
2002-12-04,0.0,19.49,15.93
2002-12-05,0.0,19.42,15.51
2002-12-06,0.0,19.72,15.41
2002-12-07,0.0,18.63,15.56
2002-12-08,0.0,18.54,15.07
2002-12-09,0.0,19.02,15.93
2002-12-10,0.0,18.74,15.45
2002-12-11,0.0,19.23,15.93
2002-12-12,0.0,19.03,15.43
2002-12-13,0.0,18.67,14.99
2002-12-14,0.0,18.82,15.12
2002-12-15,0.04,18.82,14.75
2002-12-16,0.0,18.85,13.16
2002-12-17,0.0,19.2,13.47
2002-12-18,0.0,19.28,12.65
2002-12-19,51.85,18.66,10.32
2002-12-20,1.15,18.45,10.34
2002-12-21,0.1,18.22,11.47
2002-12-22,0.0,17.89,12.65
2002-12-23,0.0,17.27,14.51
2002-12-24,0.0,17.12,14.16
2002-12-25,0.0,15.8,13.16
2002-12-26,0.0,16.46,14.86
2002-12-27,0.0,16.13,15.31
2002-12-28,0.0,15.78,12.98
2002-12-29,0.0,14.59,13.94
2002-12-30,0.0,14.2,14.53
2002-12-31,29.35,14.57,15.53
2003-01-01,0.38,16.62,10.82
2003-01-02,0.0,17.59,15.21
2003-01-03,0.0,18.54,16.52
2003-01-04,0.0,17.54,13.48
2003-01-05,0.09,17.41,13.62
2003-01-06,0.0,16.24,14.36
2003-01-07,0.0,16.46,11.88
2003-01-08,0.06,15.15,7.76
2003-01-09,0.0,15.9,12.24
2003-01-10,0.0,15.03,7.14
2003-01-11,0.11,15.42,9.25
2003-01-12,0.0,15.5,8.07
2003-01-13,0.0,15.76,8.7
2003-01-14,0.0,15.84,9.97
2003-01-15,0.0,17.49,14.55
2003-01-16,0.0,17.36,13.46
2003-01-17,0.0,17.24,17.02
2003-01-18,0.0,17.83,17.61
2003-01-19,0.0,17.79,17.58
2003-01-20,0.0,16.81,17.06
2003-01-21,0.0,15.62,17.4
2003-01-22,0.0,14.57,16.6
2003-01-23,0.0,14.0,15.99
2003-01-24,0.0,13.61,15.39
2003-01-25,0.0,14.69,15.83
2003-01-26,0.0,15.11,15.81
2003-01-27,0.0,15.64,14.8
2003-01-28,0.0,16.88,16.44
2003-01-29,0.3,17.28,13.3
2003-01-30,17.26,17.18,11.02
2003-01-31,0.0,17.46,14.66
2003-02-01,0.62,18.42,13.3
2003-02-02,0.03,20.32,17.05
2003-02-03,0.0,20.07,18.08
2003-02-04,0.0,20.43,18.09
2003-02-05,0.38,19.25,12.67
2003-02-06,0.13,19.23,17.33
2003-02-07,0.0,18.24,17.03
2003-02-08,0.01,17.71,14.79
2003-02-09,1.54,18.28,14.24
2003-02-10,1.67,19.54,13.71
2003-02-11,0.0,19.15,16.07
2003-02-12,5.13,18.49,11.73
2003-02-13,0.93,19.46,14.26
2003-02-14,0.11,18.26,14.26
2003-02-15,0.02,17.02,17.1
2003-02-16,0.0,17.74,19.6
2003-02-17,0.0,18.5,19.44
2003-02-18,0.0,19.79,19.31
2003-02-19,2.73,20.99,18.96
2003-02-20,1.27,20.81,19.32
2003-02-21,0.0,18.9,17.97
2003-02-22,0.0,18.58,20.62
2003-02-23,0.0,19.38,21.15
2003-02-24,0.0,19.56,21.15
2003-02-25,0.0,20.43,20.5
2003-02-26,1.92,20.35,18.13
2003-02-27,1.99,21.43,17.29
2003-02-28,1.17,21.62,19.92
2003-03-01,0.0,22.38,20.0
2003-03-02,1.89,23.57,19.95
2003-03-03,0.0,22.9,17.12
2003-03-04,0.14,22.75,19.18
2003-03-05,0.0,18.0,21.06
2003-03-06,0.0,18.17,22.64
2003-03-07,0.0,18.33,22.4
2003-03-08,0.0,18.59,22.86
2003-03-09,0.0,19.55,22.75
2003-03-10,0.0,20.34,22.41
2003-03-11,4.4,21.53,6.95
2003-03-12,16.57,21.12,8.29
2003-03-13,0.11,20.03,19.31
2003-03-14,17.24,20.55,18.7
2003-03-15,0.3,22.24,17.9
2003-03-16,2.98,23.31,16.79
2003-03-17,5.34,22.41,11.39
2003-03-18,5.68,21.58,17.03
2003-03-19,1.37,22.59,20.44
2003-03-20,10.01,22.94,22.47
2003-03-21,0.01,22.4,19.56
2003-03-22,3.53,23.37,23.23
2003-03-23,0.0,23.5,22.73
2003-03-24,0.0,24.07,21.9
2003-03-25,0.02,25.06,20.65
2003-03-26,28.36,24.23,17.97
2003-03-27,4.93,24.67,21.12
2003-03-28,0.5,24.8,19.66
2003-03-29,0.02,25.14,21.87
2003-03-30,21.76,24.33,8.72
2003-03-31,48.06,24.19,9.97
2003-04-01,33.35,24.63,14.63
2003-04-02,25.49,24.6,20.58
2003-04-03,0.77,25.29,19.61
2003-04-04,0.69,25.45,18.18
2003-04-05,0.0,25.83,21.95
2003-04-06,0.0,26.17,23.69
2003-04-07,0.0,26.61,23.98
2003-04-08,0.0,25.96,22.63
2003-04-09,0.02,26.52,21.66
2003-04-10,2.52,26.36,23.25
2003-04-11,2.94,27.62,22.61
2003-04-12,19.11,26.62,19.56
2003-04-13,22.03,26.96,18.62
2003-04-14,2.4,27.08,21.71
2003-04-15,1.53,26.66,20.0
2003-04-16,1.8,27.13,19.23
2003-04-17,7.59,27.24,16.78
2003-04-18,15.36,28.08,18.91
2003-04-19,9.43,27.57,20.68
2003-04-20,14.43,27.86,9.75
2003-04-21,5.76,26.67,17.67
2003-04-22,8.52,27.43,24.19
2003-04-23,1.33,27.05,23.42
2003-04-24,0.0,27.16,21.28
2003-04-25,0.0,27.41,20.32
2003-04-26,4.06,28.35,19.92
2003-04-27,24.68,28.24,22.43
2003-04-28,20.72,27.8,17.3
2003-04-29,12.56,27.43,23.87
2003-04-30,0.25,27.22,23.32
2003-05-01,3.08,26.74,15.29
2003-05-02,13.78,25.87,7.46
2003-05-03,26.65,26.5,8.98
2003-05-04,37.57,27.31,10.42
2003-05-05,8.92,26.86,18.55
2003-05-06,4.4,27.31,20.15
2003-05-07,12.37,27.38,19.46
2003-05-08,15.78,27.76,20.67
2003-05-09,0.21,27.93,20.91
2003-05-10,0.64,27.91,21.14
2003-05-11,0.13,27.45,25.46
2003-05-12,8.58,27.64,22.69
2003-05-13,0.0,28.22,24.54
2003-05-14,0.0,28.6,21.18
2003-05-15,5.12,27.03,17.08
2003-05-16,1.96,28.33,23.25
2003-05-17,2.73,28.2,22.25
2003-05-18,1.59,28.47,23.75
2003-05-19,0.01,29.71,24.28
2003-05-20,7.28,29.48,24.05
2003-05-21,20.71,28.0,14.13
2003-05-22,3.94,28.49,14.39
2003-05-23,17.63,28.3,19.99
2003-05-24,1.81,28.68,15.86
2003-05-25,13.99,27.95,20.66
2003-05-26,24.48,27.89,16.89
2003-05-27,24.26,28.44,18.42
2003-05-28,8.67,29.8,18.91
2003-05-29,1.4,30.07,21.59
2003-05-30,0.44,30.22,22.06
2003-05-31,0.21,31.03,24.33
2003-06-01,0.02,30.81,24.22
2003-06-02,0.17,30.55,23.4
2003-06-03,5.65,29.12,20.43
2003-06-04,10.53,29.0,14.14
2003-06-05,14.13,27.62,9.75
2003-06-06,6.54,27.17,14.19
2003-06-07,65.86,27.38,2.68
2003-06-08,22.38,26.95,14.67
2003-06-09,32.3,27.19,4.9
2003-06-10,76.37,27.56,7.05
2003-06-11,23.56,27.5,8.69
2003-06-12,13.57,27.05,10.88
2003-06-13,20.99,27.16,16.29
2003-06-14,13.62,27.2,13.22
2003-06-15,3.36,27.66,21.42
2003-06-16,0.74,29.17,17.93
2003-06-17,23.25,28.58,24.11
2003-06-18,71.73,27.95,19.88
2003-06-19,42.13,27.31,22.93
2003-06-20,9.33,27.37,14.0
2003-06-21,30.71,27.53,7.7
2003-06-22,55.92,28.02,3.83
2003-06-23,22.01,27.77,14.7
2003-06-24,0.57,27.99,23.19
2003-06-25,7.07,28.02,19.95
2003-06-26,8.5,26.99,6.93
2003-06-27,31.37,27.23,6.77
2003-06-28,69.19,27.63,2.16
2003-06-29,61.19,27.6,4.23
2003-06-30,38.98,27.31,10.19
2003-07-01,11.89,27.52,12.53
2003-07-02,6.15,27.59,18.77
2003-07-03,2.95,27.72,21.13
2003-07-04,3.68,27.99,20.35
2003-07-05,7.88,28.78,22.42
2003-07-06,10.74,28.11,13.66
2003-07-07,8.53,27.79,17.48
2003-07-08,12.32,27.6,14.0
2003-07-09,13.15,27.95,17.91
2003-07-10,14.66,27.67,16.12
2003-07-11,17.35,26.97,12.59
2003-07-12,26.51,26.95,10.4
2003-07-13,12.12,27.95,11.84
2003-07-14,13.3,28.38,19.9
2003-07-15,12.51,28.4,20.82
2003-07-16,9.45,27.99,16.81
2003-07-17,3.82,28.91,25.98
2003-07-18,9.73,27.49,17.47
2003-07-19,6.71,27.95,18.93
2003-07-20,17.28,28.17,18.36
2003-07-21,9.01,27.82,15.6
2003-07-22,0.82,28.77,21.95
2003-07-23,0.81,30.56,24.98
2003-07-24,6.03,30.21,21.99
2003-07-25,8.29,27.86,23.77
2003-07-26,30.95,28.63,23.45
2003-07-27,29.95,28.57,25.08
2003-07-28,12.51,28.21,16.63
2003-07-29,18.39,27.54,8.2
2003-07-30,43.62,26.76,8.62
2003-07-31,12.05,27.89,19.61
2003-08-01,17.03,27.82,16.68
2003-08-02,3.13,28.31,17.99
2003-08-03,0.97,28.76,24.89
2003-08-04,4.49,30.08,23.99
2003-08-05,8.95,29.69,24.81
2003-08-06,15.46,29.68,23.67
2003-08-07,25.58,29.63,21.35
2003-08-08,58.95,28.18,12.39
2003-08-09,3.55,27.85,20.42
2003-08-10,4.47,27.98,14.39
2003-08-11,12.13,28.3,15.78
2003-08-12,5.39,28.34,20.12
2003-08-13,1.58,28.56,21.37
2003-08-14,1.94,28.4,19.3
2003-08-15,7.85,28.34,15.69
2003-08-16,7.19,27.78,18.84
2003-08-17,29.47,28.11,14.14
2003-08-18,2.13,28.45,14.58
2003-08-19,5.91,27.77,9.54
2003-08-20,4.08,28.19,14.92
2003-08-21,2.61,30.3,22.12
2003-08-22,18.08,29.55,16.1
2003-08-23,7.74,27.87,14.4
2003-08-24,11.93,27.83,19.9
2003-08-25,8.83,29.02,21.68
2003-08-26,0.16,29.84,22.07
2003-08-27,2.95,29.19,20.63
2003-08-28,43.67,28.03,18.78
2003-08-29,17.07,27.48,18.09
2003-08-30,12.98,27.68,17.54
2003-08-31,6.1,28.14,20.55
2003-09-01,9.58,27.89,17.83
2003-09-02,42.49,27.52,14.33
2003-09-03,8.94,28.02,18.23
2003-09-04,19.21,28.02,21.58
2003-09-05,7.71,28.05,18.42
2003-09-06,6.35,28.0,20.57
2003-09-07,8.62,26.72,15.96
2003-09-08,10.51,27.58,16.72
2003-09-09,5.83,28.26,21.03
2003-09-10,1.24,29.58,20.38
2003-09-11,6.25,28.86,20.07
2003-09-12,18.88,28.58,15.88
2003-09-13,9.84,28.68,16.5
2003-09-14,24.07,28.74,15.93
2003-09-15,5.0,27.4,17.58
2003-09-16,16.99,27.48,16.23
2003-09-17,15.35,27.05,13.84
2003-09-18,0.95,27.61,16.98
2003-09-19,14.88,26.79,15.91
2003-09-20,13.27,26.68,11.93
2003-09-21,3.92,27.8,17.89
2003-09-22,9.84,27.45,17.8
2003-09-23,3.76,27.95,18.21
2003-09-24,4.48,27.45,6.28
2003-09-25,14.96,27.66,15.42
2003-09-26,10.43,26.15,15.61
2003-09-27,5.63,25.94,13.32
2003-09-28,5.6,26.01,12.39
2003-09-29,2.56,27.03,14.23
2003-09-30,2.72,27.72,18.73
2003-10-01,30.66,27.66,16.76
2003-10-02,17.8,27.9,11.39
2003-10-03,12.49,27.37,19.31
2003-10-04,6.02,27.13,16.73
2003-10-05,0.32,27.02,17.07
2003-10-06,0.13,27.14,11.51
2003-10-07,10.99,25.05,6.07
2003-10-08,15.53,24.23,5.54
2003-10-09,40.79,24.66,8.68
2003-10-10,91.6,25.32,5.38
2003-10-11,0.5,25.98,13.4
2003-10-12,0.0,25.4,18.34
2003-10-13,0.0,26.45,20.12
2003-10-14,0.02,26.78,19.61
2003-10-15,5.06,26.86,18.68
2003-10-16,0.08,27.05,18.88
2003-10-17,0.0,26.73,18.49
2003-10-18,2.63,25.9,10.04
2003-10-19,0.39,25.93,15.87
2003-10-20,0.73,26.72,13.71
2003-10-21,3.69,26.17,15.42
2003-10-22,0.39,25.43,14.76
2003-10-23,0.03,25.83,13.07
2003-10-24,0.34,25.31,15.14
2003-10-25,3.52,25.15,11.99
2003-10-26,7.31,24.88,12.94
2003-10-27,4.02,25.62,13.95
2003-10-28,0.17,25.87,13.54
2003-10-29,0.0,25.99,17.31
2003-10-30,0.4,25.4,17.81
2003-10-31,1.95,24.62,16.97
2003-11-01,0.1,23.93,17.96
2003-11-02,0.0,23.9,18.07
2003-11-03,0.0,23.79,17.99
2003-11-04,0.0,23.3,18.13
2003-11-05,0.05,22.76,18.25
2003-11-06,3.91,22.71,15.2
2003-11-07,0.0,21.63,16.86
2003-11-08,0.1,21.36,16.47
2003-11-09,0.0,20.59,17.14
2003-11-10,0.0,20.61,17.36
2003-11-11,0.0,22.04,17.81
2003-11-12,0.0,22.27,17.58
2003-11-13,0.0,22.07,18.28
2003-11-14,0.0,22.73,18.16
2003-11-15,0.0,21.24,18.26
2003-11-16,0.01,20.51,17.76
2003-11-17,37.31,20.51,16.75
2003-11-18,0.0,20.62,17.57
2003-11-19,0.0,20.45,16.97
2003-11-20,0.0,19.92,15.88
2003-11-21,0.0,19.46,16.85
2003-11-22,0.0,19.7,16.98
2003-11-23,0.0,19.77,16.8
2003-11-24,0.0,20.13,16.59
2003-11-25,0.0,20.57,16.54
2003-11-26,0.0,20.45,16.24
2003-11-27,0.07,19.42,16.41
2003-11-28,0.0,18.83,16.25
2003-11-29,0.0,19.21,15.94
2003-11-30,0.0,18.76,16.33
2003-12-01,0.0,18.04,16.48
2003-12-02,0.0,17.93,15.82
2003-12-03,0.0,17.27,16.02
2003-12-04,0.0,17.18,15.31
2003-12-05,0.0,17.5,15.77
2003-12-06,0.0,17.4,15.28
2003-12-07,0.0,18.04,15.5
2003-12-08,0.0,19.68,15.18
2003-12-09,0.02,19.74,13.86
2003-12-10,0.0,19.7,15.09
2003-12-11,0.0,20.06,15.43
2003-12-12,0.0,19.61,15.71
2003-12-13,0.0,20.23,15.78
2003-12-14,0.0,19.99,16.1
2003-12-15,0.0,18.91,15.03
2003-12-16,0.16,19.11,9.42
2003-12-17,0.46,19.04,5.72
2003-12-18,0.69,19.01,7.87
2003-12-19,12.81,17.95,5.88
2003-12-20,7.91,19.24,10.24
2003-12-21,0.0,19.6,12.95
2003-12-22,0.0,19.66,13.76
2003-12-23,0.0,19.17,15.09
2003-12-24,0.47,18.45,15.23
2003-12-25,0.0,17.59,15.33
2003-12-26,0.0,17.2,15.92
2003-12-27,0.0,17.69,14.2
2003-12-28,5.6,15.39,3.12
2003-12-29,0.03,15.22,11.22
2003-12-30,0.0,16.34,15.51
2003-12-31,0.0,16.16,14.01
2004-01-01,0.0,15.83,9.46
2004-01-02,0.0,15.58,7.21
2004-01-03,0.11,14.79,12.46
2004-01-04,0.0,14.64,8.46
2004-01-05,0.0,15.48,14.67
2004-01-06,0.0,17.36,15.38
2004-01-07,0.0,17.51,15.82
2004-01-08,0.0,17.32,14.47
2004-01-09,0.0,16.61,10.14
2004-01-10,0.0,17.65,12.83
2004-01-11,0.0,18.06,15.66
2004-01-12,0.0,17.32,14.96
2004-01-13,0.0,16.95,14.71
2004-01-14,0.11,16.68,11.34
2004-01-15,0.0,16.94,12.97
2004-01-16,0.26,16.86,13.46
2004-01-17,0.0,17.58,12.54
2004-01-18,0.0,17.78,13.66
2004-01-19,1.1,17.7,8.07
2004-01-20,0.27,18.32,12.3
2004-01-21,0.0,17.65,15.32
2004-01-22,0.0,17.62,14.59
2004-01-23,0.0,18.7,12.48
2004-01-24,3.94,18.77,8.45
2004-01-25,0.0,17.38,14.03
2004-01-26,0.0,14.66,15.4
2004-01-27,0.0,14.96,18.03
2004-01-28,0.0,14.43,18.3
2004-01-29,0.0,15.51,18.7
2004-01-30,0.0,15.62,18.52
2004-01-31,0.0,17.11,17.87
2004-02-01,0.0,17.31,12.62
2004-02-02,0.0,17.9,16.09
2004-02-03,0.0,15.22,16.34
2004-02-04,0.0,14.04,18.29
2004-02-05,0.0,14.41,18.36
2004-02-06,0.0,15.35,17.67
2004-02-07,0.0,15.63,17.28
2004-02-08,0.0,16.98,19.02
2004-02-09,0.0,18.46,19.02
2004-02-10,0.0,18.3,19.14
2004-02-11,0.0,19.19,19.82
2004-02-12,0.0,19.43,20.25
2004-02-13,0.0,20.5,19.99
2004-02-14,0.0,19.7,19.61
2004-02-15,0.0,19.47,18.76
2004-02-16,0.0,19.66,17.47
2004-02-17,0.0,20.95,19.49
2004-02-18,0.0,20.19,19.52
2004-02-19,0.03,20.56,19.38
2004-02-20,4.66,20.02,10.96
2004-02-21,2.07,20.04,15.44
2004-02-22,0.0,19.92,16.93
2004-02-23,0.08,20.05,18.59
2004-02-24,0.0,20.47,20.02
2004-02-25,0.0,21.15,20.16
2004-02-26,0.0,20.92,19.61
2004-02-27,0.0,22.09,19.32
2004-02-28,1.07,22.13,19.41
2004-02-29,0.21,21.45,17.89
2004-03-01,0.0,21.72,20.45
2004-03-02,0.0,20.72,22.22
2004-03-03,0.0,19.93,22.65
2004-03-04,0.0,20.5,22.48
2004-03-05,0.0,19.94,22.12
2004-03-06,0.0,20.57,21.6
2004-03-07,0.97,19.81,5.0
2004-03-08,0.0,21.54,16.69
2004-03-09,0.0,24.59,16.55
2004-03-10,0.96,23.14,4.84
2004-03-11,0.0,21.68,19.98
2004-03-12,0.0,23.06,22.59
2004-03-13,0.02,23.38,21.55
2004-03-14,0.0,24.27,22.23
2004-03-15,0.0,25.45,22.04
2004-03-16,0.02,26.57,20.23
2004-03-17,1.61,26.27,20.82
2004-03-18,0.0,26.86,20.81
2004-03-19,12.39,25.74,18.94
2004-03-20,6.38,26.31,15.66
2004-03-21,0.05,26.08,18.07
2004-03-22,0.68,26.2,18.25
2004-03-23,0.73,26.74,15.84
2004-03-24,0.12,27.05,17.83
2004-03-25,0.0,27.04,19.13
2004-03-26,0.0,27.32,20.45
2004-03-27,0.06,27.61,19.33
2004-03-28,0.03,28.39,19.71
2004-03-29,0.42,27.54,19.5
2004-03-30,0.42,27.13,15.37
2004-03-31,19.0,27.77,17.71
2004-04-01,8.6,25.78,19.87
2004-04-02,0.98,25.34,22.76
2004-04-03,36.27,25.43,19.81
2004-04-04,0.32,26.0,15.34
2004-04-05,14.69,26.5,18.22
2004-04-06,21.58,25.16,15.15
2004-04-07,5.78,24.75,8.99
2004-04-08,4.33,24.6,19.43
2004-04-09,28.89,24.12,13.1
2004-04-10,48.73,24.71,12.3
2004-04-11,29.98,26.45,10.46
2004-04-12,17.87,26.56,11.47
2004-04-13,17.94,26.71,14.35
2004-04-14,57.79,26.73,15.74
2004-04-15,48.6,26.98,18.97
2004-04-16,26.77,27.09,16.33
2004-04-17,13.75,26.95,15.2
2004-04-18,33.77,26.92,11.35
2004-04-19,36.66,25.03,9.54
2004-04-20,0.17,25.63,18.0
2004-04-21,6.93,26.36,18.13
2004-04-22,25.98,26.56,21.2
2004-04-23,32.9,26.3,10.19
2004-04-24,1.11,25.36,22.63
2004-04-25,0.0,25.36,22.51
2004-04-26,0.04,25.81,25.4
2004-04-27,4.57,26.67,20.02
2004-04-28,10.51,26.87,25.92
2004-04-29,0.07,26.39,18.56
2004-04-30,1.29,26.9,21.44
2004-05-01,11.93,26.82,25.34
2004-05-02,19.02,27.48,22.41
2004-05-03,0.02,26.83,26.26
2004-05-04,0.0,25.93,26.33
2004-05-05,0.0,26.96,22.32
2004-05-06,0.0,27.56,24.42
2004-05-07,0.0,27.8,25.39
2004-05-08,0.69,28.25,25.7
2004-05-09,0.94,27.96,22.97
2004-05-10,1.35,28.61,22.68
2004-05-11,15.86,28.82,16.27
2004-05-12,11.3,28.68,17.5
2004-05-13,27.88,28.58,16.68
2004-05-14,19.36,28.69,14.1
2004-05-15,2.9,28.85,17.37
2004-05-16,0.62,29.73,19.81
2004-05-17,4.89,30.46,20.17
2004-05-18,3.72,29.76,19.67
2004-05-19,2.4,29.28,19.31
2004-05-20,38.61,26.44,12.87
2004-05-21,11.53,28.62,9.95
2004-05-22,32.84,28.05,14.65
2004-05-23,5.95,26.01,8.63
2004-05-24,2.49,26.98,17.84
2004-05-25,0.68,26.19,20.43
2004-05-26,4.19,26.56,19.22
2004-05-27,1.19,28.46,18.41
2004-05-28,8.75,28.46,19.73
2004-05-29,8.02,27.89,15.93
2004-05-30,19.59,27.83,22.12
2004-05-31,4.25,27.87,24.69
2004-06-01,1.48,29.17,17.01
2004-06-02,24.14,27.6,16.03
2004-06-03,50.76,26.84,11.41
2004-06-04,8.19,26.21,14.2
2004-06-05,5.9,27.98,18.76
2004-06-06,12.35,27.91,12.64
2004-06-07,1.57,28.63,23.38
2004-06-08,2.68,28.11,18.93
2004-06-09,2.64,29.15,22.52
2004-06-10,5.42,29.77,24.46
2004-06-11,0.86,28.82,18.45
2004-06-12,0.91,29.28,20.53
2004-06-13,9.14,28.06,13.51
2004-06-14,17.8,27.86,15.19
2004-06-15,0.85,27.95,18.82
2004-06-16,7.69,28.15,20.73
2004-06-17,22.96,28.6,20.1
2004-06-18,13.12,28.2,12.0
2004-06-19,17.02,28.01,17.91
2004-06-20,31.99,28.69,7.74
2004-06-21,42.82,27.3,6.65
2004-06-22,25.04,27.93,6.61
2004-06-23,51.23,28.35,7.23
2004-06-24,77.57,27.52,11.82
2004-06-25,12.49,28.14,17.74
2004-06-26,0.5,25.38,15.55
2004-06-27,0.37,28.04,22.35
2004-06-28,0.91,28.66,19.4
2004-06-29,1.8,27.94,18.15
2004-06-30,0.86,27.74,17.14
2004-07-01,7.69,28.39,23.68
2004-07-02,14.92,29.57,21.43
2004-07-03,7.87,29.43,21.04
2004-07-04,9.74,27.27,16.86
2004-07-05,24.62,27.09,7.03
2004-07-06,67.28,27.23,6.29
2004-07-07,57.39,27.23,2.45
2004-07-08,47.14,26.69,13.11
2004-07-09,63.29,26.67,4.49
2004-07-10,57.41,26.35,4.97
2004-07-11,36.73,26.89,8.71
2004-07-12,3.96,27.28,11.4
2004-07-13,2.4,28.62,20.03
2004-07-14,29.38,26.19,22.28
2004-07-15,36.56,27.09,15.85
2004-07-16,44.71,26.95,9.29
2004-07-17,52.94,27.0,5.3
2004-07-18,82.51,26.75,3.29
2004-07-19,131.83,26.77,2.9
2004-07-20,30.86,26.54,5.39
2004-07-21,0.61,27.1,16.94
2004-07-22,6.35,28.79,22.6
2004-07-23,24.79,28.73,21.09
2004-07-24,68.46,27.51,19.65
2004-07-25,25.13,27.34,19.81
2004-07-26,10.86,27.42,20.38
2004-07-27,4.51,27.72,23.09
2004-07-28,7.41,26.67,18.94
2004-07-29,10.86,27.35,19.18
2004-07-30,28.67,27.42,20.73
2004-07-31,11.09,27.75,21.19
2004-08-01,27.29,28.65,22.64
2004-08-02,16.34,29.86,21.31
2004-08-03,4.5,29.08,24.1
2004-08-04,9.75,27.34,18.47
2004-08-05,5.42,27.19,18.85
2004-08-06,3.28,28.09,22.28
2004-08-07,4.14,28.05,18.73
2004-08-08,8.02,27.54,19.89
2004-08-09,24.31,27.98,20.74
2004-08-10,15.23,28.03,21.95
2004-08-11,0.95,28.99,22.79
2004-08-12,16.97,28.96,22.13
2004-08-13,9.92,28.47,14.32
2004-08-14,2.62,28.19,21.44
2004-08-15,5.36,28.28,20.27
2004-08-16,5.56,29.84,23.55
2004-08-17,9.34,29.62,22.04
2004-08-18,44.84,28.2,20.25
2004-08-19,20.59,28.11,21.29
2004-08-20,30.76,27.82,21.1
2004-08-21,6.22,28.67,23.26
2004-08-22,3.34,28.52,20.28
2004-08-23,1.43,28.03,17.85
2004-08-24,3.29,28.1,20.38
2004-08-25,16.34,27.56,16.09
2004-08-26,15.58,27.18,12.41
2004-08-27,28.21,27.33,12.89
2004-08-28,20.52,28.32,19.14
2004-08-29,11.93,28.01,15.1
2004-08-30,9.56,27.96,13.99
2004-08-31,7.8,27.75,12.9
2004-09-01,11.56,27.74,13.92
2004-09-02,2.38,27.46,12.22
2004-09-03,3.62,26.99,16.32
2004-09-04,8.97,28.03,13.87
2004-09-05,6.86,27.37,10.29
2004-09-06,4.56,27.53,14.45
2004-09-07,12.04,27.5,17.25
2004-09-08,35.16,26.85,10.69
2004-09-09,21.57,27.34,5.14
2004-09-10,3.69,25.58,17.1
2004-09-11,15.02,25.87,12.94
2004-09-12,78.64,25.06,4.64
2004-09-13,47.91,24.72,4.71
2004-09-14,6.32,25.06,6.76
2004-09-15,4.32,25.16,16.11
2004-09-16,9.83,24.82,10.91
2004-09-17,13.18,25.54,15.73
2004-09-18,19.45,26.9,18.34
2004-09-19,4.22,26.84,20.59
2004-09-20,1.78,27.69,17.39
2004-09-21,16.37,27.53,19.49
2004-09-22,17.96,26.63,10.24
2004-09-23,16.41,25.88,10.79
2004-09-24,8.68,26.16,13.3
2004-09-25,4.87,25.65,7.99
2004-09-26,1.01,26.98,20.35
2004-09-27,5.47,27.37,20.48
2004-09-28,5.39,26.62,7.91
2004-09-29,3.25,26.66,12.72
2004-09-30,0.02,27.5,20.35
2004-10-01,0.07,27.64,21.48
2004-10-02,3.4,26.97,20.72
2004-10-03,8.87,26.12,20.98
2004-10-04,14.4,25.75,17.16
2004-10-05,33.62,23.48,3.85
2004-10-06,62.43,24.18,6.62
2004-10-07,90.79,23.97,3.34
2004-10-08,55.54,24.23,10.22
2004-10-09,7.49,24.6,15.54
2004-10-10,0.01,25.58,19.07
2004-10-11,0.0,26.03,19.57
2004-10-12,0.0,26.15,20.38
2004-10-13,1.81,25.65,18.3
2004-10-14,12.17,24.98,9.97
2004-10-15,16.05,24.6,9.96
2004-10-16,0.85,24.52,13.87
2004-10-17,0.0,24.68,19.6
2004-10-18,0.0,24.53,20.53
2004-10-19,0.0,25.25,20.4
2004-10-20,0.0,24.71,20.64
2004-10-21,0.0,24.02,20.46
2004-10-22,0.0,23.87,19.73
2004-10-23,0.27,23.94,19.24
2004-10-24,5.61,23.97,18.89
2004-10-25,0.3,24.03,19.38
2004-10-26,0.02,22.27,19.38
2004-10-27,0.13,23.99,19.33
2004-10-28,0.0,23.64,18.94
2004-10-29,0.0,23.18,18.85
2004-10-30,0.0,22.83,16.26
2004-10-31,0.0,22.98,18.51
2004-11-01,0.0,22.77,18.72
2004-11-02,0.0,22.28,18.53
2004-11-03,0.0,22.49,18.46
2004-11-04,0.0,22.36,17.94
2004-11-05,0.0,23.55,16.48
2004-11-06,0.0,23.93,17.1
2004-11-07,0.0,22.71,17.45
2004-11-08,0.0,22.11,17.23
2004-11-09,0.0,22.07,17.6
2004-11-10,0.01,21.16,17.22
2004-11-11,0.0,20.33,17.62
2004-11-12,0.0,19.72,17.84
2004-11-13,0.0,20.17,18.02
2004-11-14,0.01,20.1,17.63
2004-11-15,0.0,20.23,16.11
2004-11-16,0.0,21.06,16.54
2004-11-17,0.0,20.59,17.02
2004-11-18,0.0,21.04,16.8
2004-11-19,0.0,21.03,15.42
2004-11-20,0.0,21.91,16.44
2004-11-21,0.0,21.86,16.25
2004-11-22,0.0,21.68,15.88
2004-11-23,3.2,20.51,15.92
2004-11-24,0.13,20.13,14.12
2004-11-25,0.0,20.29,15.6
2004-11-26,0.0,21.0,16.69
2004-11-27,0.0,20.99,16.64
2004-11-28,1.59,21.77,16.12
2004-11-29,0.36,21.19,16.36
2004-11-30,0.0,20.41,16.4
2004-12-01,0.0,20.02,15.78
2004-12-02,0.03,20.0,15.77
2004-12-03,0.0,19.38,16.53
2004-12-04,0.0,19.28,16.51
2004-12-05,0.0,18.95,15.6
2004-12-06,0.0,19.16,15.23
2004-12-07,0.0,20.43,14.52
2004-12-08,0.0,19.98,13.5
2004-12-09,0.0,19.33,13.12
2004-12-10,0.0,20.19,14.01
2004-12-11,0.0,20.54,14.97
2004-12-12,0.0,21.16,15.14
2004-12-13,0.0,20.56,14.86
2004-12-14,0.0,19.81,14.07
2004-12-15,0.0,19.88,14.28
2004-12-16,0.07,20.17,12.6
2004-12-17,0.0,19.93,15.23
2004-12-18,0.0,18.76,15.84
2004-12-19,0.0,17.97,15.38
2004-12-20,0.0,17.22,13.51
2004-12-21,5.48,17.32,8.63
2004-12-22,0.94,17.66,10.73
2004-12-23,0.0,17.59,10.68
2004-12-24,0.0,17.88,10.87
2004-12-25,0.0,17.66,5.79
2004-12-26,0.0,16.1,13.68
2004-12-27,0.0,14.53,15.9
2004-12-28,0.0,15.04,16.18
2004-12-29,0.0,15.11,15.74
2004-12-30,0.0,15.31,15.17
2004-12-31,0.0,16.39,15.47
2005-01-01,0.0,16.6,15.67
2005-01-02,0.0,17.39,13.9
2005-01-03,0.0,19.07,14.48
2005-01-04,0.0,18.32,9.6
2005-01-05,0.0,18.33,14.78
2005-01-06,0.0,17.92,16.03
2005-01-07,0.0,17.15,16.11
2005-01-08,0.0,17.43,15.06
2005-01-09,0.0,16.43,14.07
2005-01-10,0.74,16.12,14.19
2005-01-11,0.58,15.68,5.86
2005-01-12,0.0,15.87,15.53
2005-01-13,0.0,15.51,14.36
2005-01-14,0.0,15.39,14.9
2005-01-15,0.0,16.02,14.94
2005-01-16,0.0,16.83,16.03
2005-01-17,0.0,16.67,16.31
2005-01-18,0.31,17.93,8.47
2005-01-19,1.42,17.45,11.16
2005-01-20,0.0,16.18,13.99
2005-01-21,0.01,15.39,14.68
2005-01-22,0.0,16.39,9.97
2005-01-23,2.54,16.76,7.88
2005-01-24,0.03,16.7,11.81
2005-01-25,0.0,16.75,14.37
2005-01-26,0.0,16.6,15.77
2005-01-27,0.0,16.63,15.45
2005-01-28,0.0,16.73,13.85
2005-01-29,0.03,17.71,10.89
2005-01-30,0.0,18.84,14.91
2005-01-31,0.0,20.17,17.76
2005-02-01,0.29,20.01,5.67
2005-02-02,0.0,17.62,16.83
2005-02-03,0.0,15.29,18.6
2005-02-04,0.0,15.47,19.16
2005-02-05,0.0,16.32,19.21
2005-02-06,0.0,18.01,16.73
2005-02-07,0.0,19.52,16.57
2005-02-08,0.0,19.64,16.83
2005-02-09,0.0,20.14,18.57
2005-02-10,0.0,20.89,18.87
2005-02-11,0.0,20.22,18.56
2005-02-12,0.0,21.15,18.47
2005-02-13,0.56,20.06,16.13
2005-02-14,0.02,19.38,20.27
2005-02-15,0.0,19.13,19.83
2005-02-16,4.16,21.04,12.95
2005-02-17,9.94,23.07,15.49
2005-02-18,9.82,22.22,14.42
2005-02-19,0.14,22.87,12.48
2005-02-20,0.0,23.2,15.23
2005-02-21,0.0,23.19,16.76
2005-02-22,0.1,22.82,13.69
2005-02-23,0.2,20.96,19.7
2005-02-24,0.0,21.23,20.08
2005-02-25,0.0,20.34,20.64
2005-02-26,0.0,21.65,21.17
2005-02-27,0.0,21.44,21.68
2005-02-28,0.0,20.6,21.7
2005-03-01,0.0,21.0,20.68
2005-03-02,0.0,22.56,20.86
2005-03-03,0.0,23.11,17.68
2005-03-04,0.16,23.96,20.2
2005-03-05,0.42,24.93,17.14
2005-03-06,0.03,25.37,17.69
2005-03-07,2.13,24.96,16.38
2005-03-08,11.71,24.1,13.99
2005-03-09,0.0,24.09,17.91
2005-03-10,0.04,25.2,21.0
2005-03-11,0.18,24.79,11.73
2005-03-12,1.04,24.58,8.57
2005-03-13,0.0,24.93,21.03
2005-03-14,0.04,25.15,20.26
2005-03-15,0.23,25.0,20.15
2005-03-16,0.0,24.52,21.75
2005-03-17,1.18,25.12,19.5
2005-03-18,6.12,25.54,14.5
2005-03-19,10.97,25.48,18.52
2005-03-20,35.07,25.48,17.42
2005-03-21,31.65,25.42,17.27
2005-03-22,25.7,26.04,16.49
2005-03-23,10.9,25.29,9.52
2005-03-24,32.03,21.41,4.13
2005-03-25,12.82,21.59,16.72
2005-03-26,2.2,23.21,17.91
2005-03-27,7.7,23.66,17.1
2005-03-28,16.84,24.35,17.14
2005-03-29,15.78,24.58,15.26
2005-03-30,29.72,25.2,17.68
2005-03-31,9.59,24.64,13.51
2005-04-01,0.01,25.25,22.13
2005-04-02,0.0,25.54,24.2
2005-04-03,0.15,26.02,24.41
2005-04-04,4.2,24.9,23.73
2005-04-05,0.0,24.94,22.95
2005-04-06,13.98,24.98,18.49
2005-04-07,2.33,25.91,20.58
2005-04-08,3.84,25.91,20.97
2005-04-09,17.61,26.01,17.22
2005-04-10,32.11,26.35,17.42
2005-04-11,27.62,25.79,17.69
2005-04-12,11.11,25.29,22.01
2005-04-13,0.0,24.39,24.68
2005-04-14,0.0,24.86,24.07
2005-04-15,0.0,25.2,21.94
2005-04-16,0.41,25.86,21.33
2005-04-17,2.96,26.1,20.64
2005-04-18,1.0,26.67,22.49
2005-04-19,0.49,26.13,20.89
2005-04-20,0.08,27.23,13.63
2005-04-21,0.09,26.98,24.58
2005-04-22,0.94,27.15,23.01
2005-04-23,16.29,27.16,21.84
2005-04-24,10.55,26.95,24.36
2005-04-25,4.75,26.93,23.01
2005-04-26,29.32,27.54,17.62
2005-04-27,18.58,27.66,17.73
2005-04-28,9.93,27.55,11.83
2005-04-29,3.47,26.17,15.63
2005-04-30,4.07,24.79,21.96
2005-05-01,0.54,24.81,25.84
2005-05-02,4.28,25.4,23.84
2005-05-03,32.04,26.0,20.84
2005-05-04,5.26,26.34,17.72
2005-05-05,8.06,25.39,11.04
2005-05-06,5.56,24.92,23.27
2005-05-07,28.9,25.29,20.32
2005-05-08,5.04,26.37,11.91
2005-05-09,1.89,27.21,20.49
2005-05-10,4.71,28.73,19.02
2005-05-11,18.75,28.49,19.96
2005-05-12,3.8,27.72,25.61
2005-05-13,29.53,26.54,21.3
2005-05-14,3.9,27.32,21.93
2005-05-15,36.83,27.44,20.33
2005-05-16,10.11,28.01,17.91
2005-05-17,10.31,28.31,18.18
2005-05-18,9.23,27.59,18.5
2005-05-19,58.86,26.91,11.2
2005-05-20,33.69,26.24,18.94
2005-05-21,42.43,26.66,21.27
2005-05-22,44.21,25.55,14.67
2005-05-23,5.51,26.64,11.55
2005-05-24,63.51,27.13,13.12
2005-05-25,29.06,27.01,16.3
2005-05-26,7.13,27.76,21.03
2005-05-27,7.06,28.06,21.66
2005-05-28,4.23,28.02,21.8
2005-05-29,9.24,28.16,20.54
2005-05-30,1.87,29.27,22.36
2005-05-31,0.58,29.21,23.0
2005-06-01,3.75,28.56,18.66
2005-06-02,5.33,28.75,20.36
2005-06-03,7.46,28.91,22.73
2005-06-04,6.05,28.17,19.14
2005-06-05,0.31,27.98,23.63
2005-06-06,0.01,26.8,23.34
2005-06-07,0.13,28.12,19.54
2005-06-08,4.13,29.04,21.42
2005-06-09,7.53,29.05,13.71
2005-06-10,5.41,29.73,22.32
2005-06-11,0.63,28.27,18.98
2005-06-12,0.24,29.27,19.91
2005-06-13,2.4,29.13,17.76
2005-06-14,11.08,29.09,10.25
2005-06-15,6.7,28.78,18.05
2005-06-16,12.81,28.85,9.78
2005-06-17,6.11,29.24,5.87
2005-06-18,15.06,28.97,18.41
2005-06-19,10.28,28.67,18.08
2005-06-20,1.32,28.87,18.74
2005-06-21,20.45,28.21,18.22
2005-06-22,4.38,27.89,9.26
2005-06-23,11.69,27.85,13.44
2005-06-24,5.87,28.61,14.72
2005-06-25,3.92,27.14,12.3
2005-06-26,4.72,28.03,18.09
2005-06-27,4.46,29.26,17.85
2005-06-28,5.35,28.1,13.09
2005-06-29,12.76,28.31,14.55
2005-06-30,13.44,28.02,12.47
2005-07-01,21.73,28.08,16.38
2005-07-02,26.57,27.73,15.67
2005-07-03,29.02,28.93,19.12
2005-07-04,24.07,28.6,14.87
2005-07-05,12.48,28.17,15.42
2005-07-06,0.08,28.33,18.89
2005-07-07,4.88,28.7,23.56
2005-07-08,1.03,28.67,16.89
2005-07-09,10.47,27.89,16.81
2005-07-10,24.8,27.85,11.27
2005-07-11,31.77,27.63,11.52
2005-07-12,16.39,26.72,6.18
2005-07-13,30.71,27.56,5.7
2005-07-14,39.67,26.17,8.92
2005-07-15,14.22,25.8,3.63
2005-07-16,12.01,26.47,15.34
2005-07-17,42.53,27.31,17.95
2005-07-18,45.8,26.7,8.2
2005-07-19,6.55,27.61,11.97
2005-07-20,19.04,28.27,8.94
2005-07-21,39.23,27.53,13.17
2005-07-22,14.6,29.35,19.13
2005-07-23,9.34,30.19,18.2
2005-07-24,20.94,29.4,19.98
2005-07-25,5.2,30.18,20.1
2005-07-26,15.51,29.11,19.44
2005-07-27,36.07,28.88,18.32
2005-07-28,5.51,29.62,22.35
2005-07-29,5.51,30.55,21.4
2005-07-30,15.35,29.82,19.85
2005-07-31,8.11,28.33,21.33
2005-08-01,0.44,29.27,20.77
2005-08-02,18.23,30.36,18.14
2005-08-03,19.55,29.86,19.48
2005-08-04,50.15,28.75,19.13
2005-08-05,43.9,27.65,11.26
2005-08-06,32.26,27.88,9.23
2005-08-07,16.18,28.51,11.43
2005-08-08,19.54,28.74,12.76
2005-08-09,9.84,27.77,15.02
2005-08-10,13.6,27.78,9.02
2005-08-11,32.72,28.03,12.59
2005-08-12,37.37,27.65,10.25
2005-08-13,6.2,30.28,18.63
2005-08-14,21.83,28.53,15.56
2005-08-15,15.97,28.42,18.18
2005-08-16,6.69,27.78,17.01
2005-08-17,3.35,27.89,15.26
2005-08-18,72.36,28.1,18.23
2005-08-19,41.43,27.38,16.97
2005-08-20,27.2,27.63,13.82
2005-08-21,31.38,27.61,13.66
2005-08-22,22.05,27.46,12.95
2005-08-23,30.3,27.86,9.2
2005-08-24,42.3,27.51,12.97
2005-08-25,15.47,27.3,10.13
2005-08-26,68.82,26.62,18.8
2005-08-27,22.54,27.1,12.52
2005-08-28,11.5,26.76,17.51
2005-08-29,3.36,27.1,16.96
2005-08-30,2.21,27.39,12.86
2005-08-31,3.32,28.49,16.63
2005-09-01,14.83,29.92,15.7
2005-09-02,1.01,30.31,20.01
2005-09-03,2.22,29.73,14.9
2005-09-04,3.92,28.62,12.78
2005-09-05,9.88,28.33,15.86
2005-09-06,3.37,28.76,20.52
2005-09-07,3.92,28.21,8.77
2005-09-08,2.96,28.29,19.62
2005-09-09,8.09,28.21,20.23
2005-09-10,7.29,28.63,20.5
2005-09-11,6.25,28.36,21.57
2005-09-12,2.74,28.74,19.74
2005-09-13,1.44,28.64,19.42
2005-09-14,0.17,29.44,20.05
2005-09-15,2.4,29.45,22.63
2005-09-16,0.94,27.05,20.08
2005-09-17,0.74,27.37,19.69
2005-09-18,0.04,29.27,20.13
2005-09-19,3.69,29.6,18.85
2005-09-20,39.1,26.86,3.03
2005-09-21,35.81,25.86,15.88
2005-09-22,4.31,26.87,16.62
2005-09-23,20.26,26.77,11.48
2005-09-24,63.04,26.64,9.05
2005-09-25,11.82,26.57,7.47
2005-09-26,1.15,27.93,18.39
2005-09-27,4.51,28.93,18.55
2005-09-28,0.99,29.09,14.86
2005-09-29,16.65,26.99,13.83
2005-09-30,27.24,26.49,11.17
2005-10-01,32.61,25.41,9.5
2005-10-02,27.54,25.61,8.53
2005-10-03,7.83,26.47,18.02
2005-10-04,16.77,26.4,13.13
2005-10-05,1.23,26.82,19.28
2005-10-06,0.01,27.05,18.5
2005-10-07,0.15,27.14,19.31
2005-10-08,0.32,27.95,20.4
2005-10-09,0.0,27.37,18.18
2005-10-10,0.0,27.83,20.66
2005-10-11,0.19,26.8,18.91
2005-10-12,0.12,27.32,15.79
2005-10-13,0.35,27.69,18.95
2005-10-14,0.0,26.8,20.2
2005-10-15,0.0,26.61,19.32
2005-10-16,2.36,26.79,17.27
2005-10-17,2.39,26.33,11.45
2005-10-18,11.07,25.32,13.16
2005-10-19,18.94,25.27,16.43
2005-10-20,4.26,24.42,7.26
2005-10-21,16.99,24.27,8.35
2005-10-22,75.19,23.57,8.0
2005-10-23,46.76,22.28,4.56
2005-10-24,4.4,23.02,12.06
2005-10-25,0.0,24.76,16.91
2005-10-26,0.04,24.89,16.52
2005-10-27,0.0,24.71,14.2
2005-10-28,0.03,25.1,8.4
2005-10-29,0.0,25.42,16.31
2005-10-30,0.0,24.98,15.89
2005-10-31,0.52,24.69,16.94
2005-11-01,0.03,23.58,16.77
2005-11-02,0.0,23.09,18.16
2005-11-03,0.0,23.79,18.06
2005-11-04,0.0,23.36,18.29
2005-11-05,0.0,23.86,18.45
2005-11-06,0.0,22.54,19.0
2005-11-07,0.0,23.63,18.36
2005-11-08,0.15,24.24,8.75
2005-11-09,0.0,24.03,16.59
2005-11-10,0.11,23.58,17.17
2005-11-11,0.0,22.64,16.9
2005-11-12,0.0,21.5,17.32
2005-11-13,0.0,20.78,17.25
2005-11-14,0.0,20.97,17.25
2005-11-15,0.0,20.42,17.14
2005-11-16,0.01,20.73,17.19
2005-11-17,0.04,20.95,16.69
2005-11-18,0.07,20.56,16.17
2005-11-19,0.0,20.34,16.4
2005-11-20,0.0,20.23,16.48
2005-11-21,0.0,19.72,15.01
2005-11-22,0.02,19.66,14.64
2005-11-23,0.39,19.89,14.66
2005-11-24,0.28,19.66,16.05
2005-11-25,0.0,20.44,16.45
2005-11-26,0.0,19.64,16.03
2005-11-27,0.0,18.94,16.64
2005-11-28,0.0,19.58,16.54
2005-11-29,0.0,18.61,16.68
2005-11-30,0.0,18.03,16.72
2005-12-01,0.0,18.46,16.53
2005-12-02,0.0,18.89,16.03
2005-12-03,0.0,19.5,16.05
2005-12-04,0.0,18.93,13.94
2005-12-05,0.0,18.38,15.78
2005-12-06,0.0,19.06,16.37
2005-12-07,0.0,19.41,15.47
2005-12-08,0.0,18.78,16.26
2005-12-09,0.0,18.41,16.05
2005-12-10,0.0,17.99,16.11
2005-12-11,0.0,17.82,16.12
2005-12-12,0.0,18.32,16.39
2005-12-13,0.0,18.24,15.77
2005-12-14,0.0,18.63,16.17
2005-12-15,0.0,19.29,15.65
2005-12-16,0.0,20.05,15.32
2005-12-17,0.0,20.6,13.37
2005-12-18,0.0,20.29,13.79
2005-12-19,0.0,19.57,15.4
2005-12-20,0.0,20.04,15.69
2005-12-21,0.0,20.44,13.95
2005-12-22,0.46,18.74,4.94
2005-12-23,0.84,17.78,7.57
2005-12-24,0.01,18.6,15.47
2005-12-25,0.02,19.04,15.4
2005-12-26,0.03,18.55,13.87
2005-12-27,0.0,17.92,14.07
2005-12-28,0.0,17.73,15.2
2005-12-29,0.0,17.19,15.58
2005-12-30,0.0,17.29,16.25
2005-12-31,0.0,17.26,16.62
2006-01-01,0.0,17.82,16.63
2006-01-02,0.0,17.79,16.04
2006-01-03,0.0,17.85,14.11
2006-01-04,0.0,17.74,14.64
2006-01-05,0.0,16.85,15.62
2006-01-06,0.0,17.32,15.3
2006-01-07,0.0,17.9,13.05
2006-01-08,0.0,18.19,10.92
2006-01-09,0.0,17.19,8.93
2006-01-10,0.0,16.28,15.33
2006-01-11,0.0,16.38,11.38
2006-01-12,0.01,16.06,13.33
2006-01-13,0.0,15.76,13.85
2006-01-14,0.0,15.75,13.89
2006-01-15,0.0,15.71,15.08
2006-01-16,0.0,15.47,13.25
2006-01-17,0.0,15.48,14.25
2006-01-18,0.0,16.9,13.11
2006-01-19,0.0,17.57,14.63
2006-01-20,0.0,17.11,15.53
2006-01-21,0.0,16.36,16.11
2006-01-22,0.0,15.73,17.8
2006-01-23,0.0,15.46,17.96
2006-01-24,0.0,16.38,16.67
2006-01-25,0.0,17.53,15.82
2006-01-26,0.0,18.07,17.22
2006-01-27,0.0,18.01,17.91
2006-01-28,0.0,17.99,18.45
2006-01-29,0.0,17.45,18.33
2006-01-30,0.0,18.73,17.7
2006-01-31,0.0,19.43,17.95
2006-02-01,0.0,19.73,18.23
2006-02-02,0.0,19.97,18.42
2006-02-03,0.0,20.73,17.98
2006-02-04,0.0,20.17,17.55
2006-02-05,0.37,20.23,16.29
2006-02-06,0.0,19.55,17.6
2006-02-07,0.0,19.78,18.5
2006-02-08,0.0,19.57,18.84
2006-02-09,0.0,19.91,18.66
2006-02-10,0.0,19.79,19.34
2006-02-11,0.0,19.76,18.75
2006-02-12,0.0,20.57,19.91
2006-02-13,0.0,20.32,15.91
2006-02-14,0.35,20.67,17.37
2006-02-15,1.5,21.41,15.92
2006-02-16,1.04,21.67,11.77
2006-02-17,13.64,22.05,16.0
2006-02-18,4.12,21.75,16.09
2006-02-19,2.43,22.92,13.98
2006-02-20,0.01,22.78,15.72
2006-02-21,18.69,22.8,14.06
2006-02-22,3.01,22.59,13.44
2006-02-23,1.79,23.24,18.99
2006-02-24,0.0,22.92,18.07
2006-02-25,0.0,22.79,19.48
2006-02-26,0.01,23.4,20.15
2006-02-27,0.01,22.47,20.21
2006-02-28,0.01,22.71,19.74
2006-03-01,0.0,22.99,18.51
2006-03-02,0.0,23.19,18.54
2006-03-03,0.21,22.48,17.15
2006-03-04,0.0,21.64,21.28
2006-03-05,0.0,22.44,16.29
2006-03-06,0.0,22.76,19.47
2006-03-07,0.0,23.79,20.12
2006-03-08,0.0,23.69,20.95
2006-03-09,0.0,25.0,19.35
2006-03-10,0.0,25.56,19.93
2006-03-11,0.83,23.7,13.37
2006-03-12,3.17,22.09,21.94
2006-03-13,0.0,22.71,17.52
2006-03-14,0.0,23.76,21.08
2006-03-15,0.12,24.32,20.54
2006-03-16,2.9,24.16,16.7
2006-03-17,0.0,24.38,21.71
2006-03-18,0.01,23.33,24.22
2006-03-19,0.0,22.67,24.51
2006-03-20,0.0,23.61,24.67
2006-03-21,0.0,23.53,24.07
2006-03-22,0.21,24.72,19.01
2006-03-23,6.37,25.27,20.4
2006-03-24,0.0,25.34,22.79
2006-03-25,0.0,25.38,23.4
2006-03-26,0.0,26.15,23.88
2006-03-27,0.01,27.58,17.71
2006-03-28,0.0,27.25,21.51
2006-03-29,0.0,26.36,23.04
2006-03-30,0.0,26.78,23.11
2006-03-31,0.0,26.53,21.87
2006-04-01,0.1,27.16,19.54
2006-04-02,15.82,28.35,21.33
2006-04-03,33.23,26.6,12.17
2006-04-04,54.75,24.8,13.6
2006-04-05,22.4,25.98,15.62
2006-04-06,9.3,26.12,18.67
2006-04-07,6.21,26.08,20.3
2006-04-08,3.13,26.11,17.93
2006-04-09,6.35,25.66,16.29
2006-04-10,12.5,25.97,15.84
2006-04-11,7.82,26.63,14.17
2006-04-12,0.64,27.64,14.69
2006-04-13,2.17,27.59,18.98
2006-04-14,0.25,28.07,22.94
2006-04-15,0.09,28.76,18.79
2006-04-16,29.72,27.09,15.78
2006-04-17,52.59,26.48,16.96
2006-04-18,3.28,24.37,10.9
2006-04-19,12.43,24.54,18.49
2006-04-20,0.02,24.91,25.74
2006-04-21,0.05,25.74,26.09
2006-04-22,4.68,25.85,23.23
2006-04-23,2.62,26.49,24.12
2006-04-24,1.48,27.06,21.11
2006-04-25,1.08,27.23,24.29
2006-04-26,1.74,28.2,22.75
2006-04-27,17.56,27.29,19.68
2006-04-28,0.0,28.16,24.05
2006-04-29,0.02,28.53,25.43
2006-04-30,0.0,27.33,25.66
2006-05-01,34.09,28.73,17.09
2006-05-02,6.67,28.8,21.96
2006-05-03,1.49,28.39,22.75
2006-05-04,12.88,28.27,21.92
2006-05-05,16.18,28.03,22.83
2006-05-06,9.27,28.17,16.6
2006-05-07,3.4,24.46,12.75
2006-05-08,0.0,27.57,21.29
2006-05-09,0.89,27.99,21.48
2006-05-10,12.19,27.29,19.84
2006-05-11,17.35,26.82,12.35
2006-05-12,14.88,26.74,5.11
2006-05-13,28.16,27.2,18.58
2006-05-14,13.13,26.72,12.71
2006-05-15,0.05,27.28,24.74
2006-05-16,0.0,27.71,27.64
2006-05-17,0.0,28.23,28.18
2006-05-18,0.0,29.34,26.82
2006-05-19,3.94,28.85,26.75
2006-05-20,0.09,29.33,23.01
2006-05-21,0.54,29.57,25.58
2006-05-22,4.32,29.54,26.14
2006-05-23,2.48,29.69,24.39
2006-05-24,1.46,29.72,25.36
2006-05-25,19.15,29.98,25.54
2006-05-26,57.93,28.21,15.35
2006-05-27,82.74,26.1,4.4
2006-05-28,46.13,25.89,4.39
2006-05-29,34.59,27.52,8.25
2006-05-30,29.72,27.13,5.69
2006-05-31,44.64,26.56,9.43
2006-06-01,28.46,26.96,5.42
2006-06-02,18.54,27.46,9.77
2006-06-03,3.48,27.7,20.84
2006-06-04,9.11,27.81,15.79
2006-06-05,16.08,27.99,17.68
2006-06-06,13.4,28.41,15.04
2006-06-07,8.81,28.67,19.08
2006-06-08,3.33,27.59,15.88
2006-06-09,12.48,27.7,11.19
2006-06-10,59.89,26.58,5.44
2006-06-11,88.96,28.25,11.31
2006-06-12,120.5,27.6,2.57
2006-06-13,44.7,27.73,3.48
2006-06-14,11.61,27.27,7.95
2006-06-15,10.58,27.57,19.64
2006-06-16,29.49,27.61,17.16
2006-06-17,1.8,28.14,16.39
2006-06-18,0.02,29.49,18.54
2006-06-19,1.56,29.76,21.7
2006-06-20,7.17,28.45,22.94
2006-06-21,7.42,26.9,22.67
2006-06-22,7.31,28.57,20.62
2006-06-23,22.34,27.45,15.29
2006-06-24,7.4,27.58,10.09
2006-06-25,10.99,27.43,16.55
2006-06-26,54.3,27.56,12.02
2006-06-27,75.63,26.86,10.3
2006-06-28,18.67,28.17,12.97
2006-06-29,6.38,29.19,18.17
2006-06-30,1.67,29.28,26.42
2006-07-01,9.69,30.38,26.73
2006-07-02,0.18,29.76,25.07
2006-07-03,4.18,29.58,20.28
2006-07-04,2.51,28.28,17.66
2006-07-05,11.96,28.02,17.78
2006-07-06,48.97,28.26,6.73
2006-07-07,51.22,28.37,5.36
2006-07-08,52.48,27.94,6.82
2006-07-09,13.37,28.43,19.09
2006-07-10,5.21,28.42,13.11
2006-07-11,13.37,27.73,13.44
2006-07-12,13.43,27.97,17.16
2006-07-13,9.89,27.99,17.84
2006-07-14,13.67,28.18,19.39
2006-07-15,4.78,28.03,19.25
2006-07-16,5.02,29.57,24.26
2006-07-17,1.17,28.31,17.54
2006-07-18,19.16,28.01,14.9
2006-07-19,16.17,27.69,16.13
2006-07-20,5.49,28.02,17.66
2006-07-21,7.04,28.21,21.13
2006-07-22,5.66,27.57,18.66
2006-07-23,3.92,27.45,19.69
2006-07-24,8.88,28.13,20.41
2006-07-25,9.55,28.31,18.02
2006-07-26,26.93,26.9,9.7
2006-07-27,4.05,28.61,19.48
2006-07-28,0.92,27.71,23.39
2006-07-29,2.95,27.97,16.44
2006-07-30,5.67,27.41,20.08
2006-07-31,2.58,28.97,24.98
2006-08-01,2.53,30.65,19.65
2006-08-02,29.39,29.26,23.19
2006-08-03,14.9,28.68,11.46
2006-08-04,13.45,26.55,19.97
2006-08-05,9.45,25.95,10.56
2006-08-06,4.57,26.71,19.31
2006-08-07,4.63,27.2,15.93
2006-08-08,2.54,28.19,20.24
2006-08-09,16.47,29.16,21.55
2006-08-10,9.72,30.3,24.36
2006-08-11,6.98,30.84,23.96
2006-08-12,46.68,29.67,24.96
2006-08-13,15.49,28.11,18.94
2006-08-14,12.43,28.6,20.67
2006-08-15,3.15,30.32,24.08
2006-08-16,0.17,30.03,25.7
2006-08-17,1.58,28.37,19.15
2006-08-18,2.96,27.79,16.02
2006-08-19,2.98,28.47,20.1
2006-08-20,14.9,28.76,21.01
2006-08-21,23.0,28.61,18.63
2006-08-22,8.68,27.75,17.72
2006-08-23,13.58,27.37,15.18
2006-08-24,32.63,27.52,12.91
2006-08-25,26.89,27.46,14.53
2006-08-26,4.36,27.73,19.91
2006-08-27,0.64,28.11,21.75
2006-08-28,3.0,28.95,20.78
2006-08-29,11.64,28.38,16.84
2006-08-30,0.61,27.09,19.13
2006-08-31,0.6,26.96,20.73
2006-09-01,0.09,27.98,19.65
2006-09-02,4.77,29.37,16.98
2006-09-03,2.32,28.19,23.16
2006-09-04,1.99,27.25,17.24
2006-09-05,1.65,26.73,18.85
2006-09-06,1.15,27.48,18.94
2006-09-07,15.3,27.4,13.11
2006-09-08,10.87,28.03,10.89
2006-09-09,1.92,28.56,13.53
2006-09-10,36.89,27.76,6.6
2006-09-11,58.55,26.3,6.21
2006-09-12,12.89,25.89,2.79
2006-09-13,1.71,26.8,17.6
2006-09-14,0.17,27.74,20.04
2006-09-15,0.13,28.03,18.57
2006-09-16,13.41,27.8,19.48
2006-09-17,1.45,28.3,15.48
2006-09-18,0.96,29.17,22.58
2006-09-19,1.64,29.26,21.76
2006-09-20,6.51,26.29,7.14
2006-09-21,18.94,25.74,6.54
2006-09-22,18.71,25.97,6.92
2006-09-23,28.85,26.07,11.0
2006-09-24,4.42,27.19,16.25
2006-09-25,6.92,27.37,17.43
2006-09-26,0.18,27.41,19.1
2006-09-27,0.1,29.11,20.33
2006-09-28,0.59,29.09,21.15
2006-09-29,3.52,28.83,20.35
2006-09-30,28.86,27.27,16.03
2006-10-01,43.68,26.34,5.83
2006-10-02,1.85,27.53,20.99
2006-10-03,4.97,28.27,18.01
2006-10-04,8.92,28.07,11.32
2006-10-05,7.4,27.1,11.65
2006-10-06,4.55,26.75,19.83
2006-10-07,0.65,27.18,18.42
2006-10-08,0.0,28.24,20.73
2006-10-09,0.05,27.55,19.92
2006-10-10,0.11,27.88,19.81
2006-10-11,2.65,27.57,19.95
2006-10-12,1.09,28.14,14.34
2006-10-13,4.52,27.13,17.41
2006-10-14,3.85,26.52,18.8
2006-10-15,1.58,25.91,16.9
2006-10-16,0.09,26.19,19.01
2006-10-17,0.97,25.55,17.14
2006-10-18,0.02,25.97,14.69
2006-10-19,0.25,24.72,9.57
2006-10-20,4.38,25.54,10.7
2006-10-21,0.05,25.16,17.59
2006-10-22,0.01,25.36,19.43
2006-10-23,0.0,25.11,19.67
2006-10-24,0.0,25.03,19.69
2006-10-25,0.0,24.91,16.76
2006-10-26,0.0,24.63,19.22
2006-10-27,0.0,24.44,18.76
2006-10-28,0.0,24.67,9.73
2006-10-29,0.0,25.48,16.79
2006-10-30,0.0,24.14,15.15
2006-10-31,0.0,25.05,10.99
2006-11-01,0.08,25.85,11.04
2006-11-02,0.18,26.06,13.52
2006-11-03,0.0,25.57,18.23
2006-11-04,0.0,24.69,17.99
2006-11-05,0.0,23.85,10.19
2006-11-06,0.04,24.34,14.99
2006-11-07,0.34,22.75,10.88
2006-11-08,0.33,23.28,13.19
2006-11-09,0.43,22.86,9.07
2006-11-10,0.2,23.97,7.14
2006-11-11,4.31,21.18,6.17
2006-11-12,0.42,22.66,17.25
2006-11-13,0.22,23.19,16.17
2006-11-14,0.0,23.41,16.22
2006-11-15,0.0,23.18,16.72
2006-11-16,0.0,21.7,16.12
2006-11-17,0.0,21.8,16.73
2006-11-18,0.0,21.29,17.19
2006-11-19,0.0,20.83,16.61
2006-11-20,2.22,20.71,14.93
2006-11-21,0.17,20.42,13.82
2006-11-22,0.07,19.88,15.0
2006-11-23,0.01,19.76,14.7
2006-11-24,0.03,19.99,14.97
2006-11-25,0.21,20.94,12.57
2006-11-26,0.0,21.1,12.44
2006-11-27,0.0,19.39,15.06
2006-11-28,0.0,17.72,16.47
2006-11-29,0.0,16.65,16.41
2006-11-30,0.0,16.89,15.86
2006-12-01,0.0,16.86,15.58
2006-12-02,0.0,16.87,15.77
2006-12-03,0.0,17.62,15.59
2006-12-04,0.0,18.3,15.91
2006-12-05,0.0,18.75,16.11
2006-12-06,0.0,19.08,16.04
2006-12-07,0.0,19.24,16.02
2006-12-08,0.0,18.94,15.46
2006-12-09,0.0,19.56,14.6
2006-12-10,0.0,19.04,14.55
2006-12-11,0.02,18.87,14.84
2006-12-12,4.3,18.1,9.92
2006-12-13,0.0,18.95,12.59
2006-12-14,0.0,17.71,14.68
2006-12-15,0.0,18.49,15.32
2006-12-16,0.0,19.42,15.22
2006-12-17,0.0,19.95,14.72
2006-12-18,0.73,19.37,12.46
2006-12-19,0.02,19.96,13.35
2006-12-20,0.0,20.73,14.19
2006-12-21,0.0,20.41,14.7
2006-12-22,0.0,19.1,14.98
2006-12-23,0.0,19.72,14.91
2006-12-24,0.0,18.81,15.03
2006-12-25,0.0,17.56,15.32
2006-12-26,0.0,17.16,14.88
2006-12-27,0.0,17.15,13.68
2006-12-28,0.06,16.89,12.17
2006-12-29,0.0,17.4,13.9
2006-12-30,0.0,16.83,12.21
2006-12-31,0.0,16.6,12.59
2007-01-01,0.01,16.29,14.25
2007-01-02,0.03,16.08,14.04
2007-01-03,0.0,14.45,12.84
2007-01-04,0.0,14.96,12.35
2007-01-05,0.0,16.63,11.77
2007-01-06,0.0,17.71,9.71
2007-01-07,0.0,16.83,8.86
2007-01-08,0.0,17.02,7.45
2007-01-09,0.0,16.64,13.85
2007-01-10,0.0,16.5,14.21
2007-01-11,0.0,16.1,15.93
2007-01-12,0.0,16.15,15.91
2007-01-13,0.0,15.13,13.08
2007-01-14,0.0,14.37,11.87
2007-01-15,0.0,13.74,13.84
2007-01-16,0.0,15.58,14.03
2007-01-17,0.0,16.6,16.23
2007-01-18,0.0,15.61,16.82
2007-01-19,0.0,14.78,15.59
2007-01-20,0.0,13.95,13.61
2007-01-21,0.0,14.89,13.99
2007-01-22,0.0,16.14,15.49
2007-01-23,0.0,16.43,16.48
2007-01-24,0.0,17.29,17.45
2007-01-25,0.0,17.1,17.39
2007-01-26,0.0,18.0,17.4
2007-01-27,0.0,18.82,17.34
2007-01-28,0.0,20.12,16.36
2007-01-29,0.0,19.47,14.97
2007-01-30,0.0,19.9,13.73
2007-01-31,2.18,19.93,11.28
2007-02-01,0.56,19.92,11.76
2007-02-02,0.01,19.56,12.73
2007-02-03,4.77,19.22,14.31
2007-02-04,2.43,19.58,9.34
2007-02-05,8.93,18.64,7.23
2007-02-06,0.49,18.8,12.56
2007-02-07,15.46,18.43,13.85
2007-02-08,1.82,18.77,15.17
2007-02-09,0.11,19.54,17.77
2007-02-10,0.0,19.95,18.95
2007-02-11,0.01,19.92,17.13
2007-02-12,0.32,19.35,8.56
2007-02-13,3.7,18.82,11.88
2007-02-14,14.41,17.33,5.86
2007-02-15,0.02,16.96,15.97
2007-02-16,1.25,16.79,19.69
2007-02-17,0.05,17.47,18.99
2007-02-18,0.0,17.7,19.72
2007-02-19,0.0,17.53,20.58
2007-02-20,0.0,17.88,20.58
2007-02-21,0.0,18.58,21.27
2007-02-22,0.0,19.49,21.31
2007-02-23,0.0,19.95,21.14
2007-02-24,0.0,20.76,21.3
2007-02-25,0.0,21.07,19.68
2007-02-26,1.66,20.79,18.67
2007-02-27,0.0,20.62,20.24
2007-02-28,0.0,21.49,21.84
2007-03-01,3.86,21.06,7.35
2007-03-02,5.83,19.78,8.13
2007-03-03,0.24,20.73,20.94
2007-03-04,0.0,20.26,22.34
2007-03-05,0.0,20.22,22.9
2007-03-06,0.0,20.4,22.01
2007-03-07,0.0,20.4,23.88
2007-03-08,0.0,20.44,22.82
2007-03-09,0.0,20.47,23.43
2007-03-10,0.0,21.68,22.36
2007-03-11,0.0,22.87,21.65
2007-03-12,0.0,24.91,20.65
2007-03-13,0.18,24.99,19.63
2007-03-14,0.0,24.61,13.68
2007-03-15,0.38,23.78,21.14
2007-03-16,0.0,21.82,24.94
2007-03-17,0.0,22.03,24.43
2007-03-18,0.0,22.23,23.68
2007-03-19,0.0,23.56,21.81
2007-03-20,0.0,24.39,21.33
2007-03-21,0.0,24.96,16.82
2007-03-22,5.99,25.88,9.21
2007-03-23,3.44,26.21,12.61
2007-03-24,6.38,26.31,17.09
2007-03-25,0.0,25.33,22.47
2007-03-26,0.0,25.68,24.24
2007-03-27,0.0,25.36,24.8
2007-03-28,0.0,26.48,24.59
2007-03-29,0.0,27.07,23.17
2007-03-30,0.0,28.28,22.62
2007-03-31,0.0,28.12,23.35
2007-04-01,0.0,27.7,23.36
2007-04-02,0.11,28.42,17.73
2007-04-03,14.82,27.96,19.46
2007-04-04,33.05,27.29,18.59
2007-04-05,34.89,25.97,19.77
2007-04-06,5.82,26.27,20.39
2007-04-07,16.74,26.81,20.29
2007-04-08,21.03,25.9,18.16
2007-04-09,20.4,26.69,17.36
2007-04-10,66.07,25.78,19.25
2007-04-11,7.36,24.97,12.96
2007-04-12,4.17,22.66,2.58
2007-04-13,0.03,23.76,22.39
2007-04-14,0.0,25.1,21.96
2007-04-15,0.0,25.99,25.27
2007-04-16,4.85,26.86,23.15
2007-04-17,0.23,26.24,19.39
2007-04-18,0.02,27.37,24.6
2007-04-19,2.01,27.64,22.88
2007-04-20,20.76,26.72,20.37
2007-04-21,16.47,26.42,12.93
2007-04-22,64.22,25.82,12.59
2007-04-23,30.03,26.38,11.38
2007-04-24,25.38,26.68,14.96
2007-04-25,9.45,26.45,13.49
2007-04-26,15.26,26.98,15.32
2007-04-27,2.01,26.02,14.67
2007-04-28,0.0,25.93,24.15
2007-04-29,0.0,26.8,24.64
2007-04-30,0.0,27.74,27.17
2007-05-01,0.0,28.79,27.57
2007-05-02,0.0,29.13,26.15
2007-05-03,0.0,28.78,24.18
2007-05-04,0.0,29.45,24.91
2007-05-05,0.0,29.8,25.09
2007-05-06,4.77,29.99,22.85
2007-05-07,1.96,29.41,22.49
2007-05-08,2.63,28.38,24.17
2007-05-09,18.51,28.46,17.07
2007-05-10,40.1,27.87,24.26
2007-05-11,25.43,28.48,18.86
2007-05-12,2.65,27.5,18.6
2007-05-13,1.29,27.42,22.93
2007-05-14,9.52,25.75,7.45
2007-05-15,17.49,24.74,11.03
2007-05-16,5.12,26.81,20.46
2007-05-17,5.7,25.93,21.45
2007-05-18,2.89,27.67,22.71
2007-05-19,41.22,27.94,18.51
2007-05-20,93.96,27.55,17.74
2007-05-21,7.23,27.05,12.83
2007-05-22,24.7,27.07,15.32
2007-05-23,32.68,27.61,14.81
2007-05-24,7.8,27.04,14.81
2007-05-25,15.44,26.9,14.34
2007-05-26,7.35,27.35,21.46
2007-05-27,3.5,27.68,12.65
2007-05-28,33.9,27.78,21.66
2007-05-29,8.86,28.54,20.85
2007-05-30,1.59,28.6,21.58
2007-05-31,6.6,28.78,21.84
2007-06-01,11.45,28.91,15.46
2007-06-02,3.0,28.41,19.85
2007-06-03,8.4,27.87,11.5
2007-06-04,2.47,28.44,12.6
2007-06-05,7.27,28.0,7.66
2007-06-06,16.69,27.24,15.62
2007-06-07,50.65,27.69,12.14
2007-06-08,68.62,27.62,3.9
2007-06-09,74.31,26.64,8.18
2007-06-10,39.31,25.89,3.24
2007-06-11,34.85,26.6,1.88
2007-06-12,4.74,27.98,16.93
2007-06-13,1.35,27.9,10.13
2007-06-14,9.66,27.6,18.03
2007-06-15,26.71,27.03,11.25
2007-06-16,114.31,26.54,7.32
2007-06-17,79.88,26.79,3.88
2007-06-18,36.3,27.32,13.64
2007-06-19,3.74,28.13,17.37
2007-06-20,1.81,29.75,24.3
2007-06-21,19.78,27.14,22.99
2007-06-22,19.63,28.9,20.12
2007-06-23,14.71,28.47,20.6
2007-06-24,9.54,27.76,14.13
2007-06-25,6.12,27.95,21.89
2007-06-26,0.23,28.75,25.56
2007-06-27,1.31,30.19,23.81
2007-06-28,14.19,28.33,14.66
2007-06-29,10.5,27.84,13.76
2007-06-30,15.39,28.1,20.04
2007-07-01,7.85,28.44,17.42
2007-07-02,5.11,29.34,20.12
2007-07-03,7.14,28.94,22.86
2007-07-04,17.84,28.65,17.15
2007-07-05,11.24,29.43,18.03
2007-07-06,5.76,28.52,19.17
2007-07-07,11.84,28.5,19.89
2007-07-08,1.25,27.66,16.76
2007-07-09,14.96,28.17,18.81
2007-07-10,7.73,27.73,17.62
2007-07-11,2.95,28.47,19.97
2007-07-12,2.55,28.83,21.53
2007-07-13,10.12,29.7,18.74
2007-07-14,7.55,29.53,12.79
2007-07-15,19.39,28.7,18.12
2007-07-16,18.29,28.01,12.48
2007-07-17,14.74,28.1,16.38
2007-07-18,57.34,28.03,11.71
2007-07-19,50.54,28.14,7.75
2007-07-20,30.28,27.49,10.6
2007-07-21,26.97,26.39,7.44
2007-07-22,31.52,26.38,6.72
2007-07-23,17.91,26.12,13.2
2007-07-24,50.62,26.41,9.48
2007-07-25,74.48,25.96,5.64
2007-07-26,58.31,26.04,5.19
2007-07-27,32.94,25.79,7.18
2007-07-28,59.0,25.68,17.24
2007-07-29,32.37,26.41,8.72
2007-07-30,17.31,27.04,15.26
2007-07-31,37.34,26.61,6.03
2007-08-01,73.48,26.64,8.39
2007-08-02,4.6,27.12,11.72
2007-08-03,0.89,28.46,24.86
2007-08-04,0.12,29.01,24.18
2007-08-05,0.71,31.03,26.09
2007-08-06,2.27,30.4,23.49
2007-08-07,13.15,28.43,21.4
2007-08-08,2.77,28.44,21.71
2007-08-09,0.0,29.5,23.49
2007-08-10,0.01,31.79,20.69
2007-08-11,7.92,31.07,14.13
2007-08-12,4.82,28.46,14.96
2007-08-13,17.99,27.63,12.72
2007-08-14,25.94,27.18,14.02
2007-08-15,30.01,27.31,7.7
2007-08-16,17.58,27.76,11.78
2007-08-17,15.25,27.87,16.35
2007-08-18,3.54,29.02,18.85
2007-08-19,2.61,28.41,20.34
2007-08-20,1.67,28.04,23.74
2007-08-21,4.1,28.59,20.19
2007-08-22,7.14,27.09,12.2
2007-08-23,6.68,28.34,15.91
2007-08-24,12.64,27.13,16.13
2007-08-25,11.88,27.27,8.17
2007-08-26,44.3,26.37,12.01
2007-08-27,11.26,27.34,12.63
2007-08-28,10.79,27.31,19.2
2007-08-29,16.57,27.05,13.17
2007-08-30,2.57,27.89,13.87
2007-08-31,17.32,28.45,15.66
2007-09-01,3.69,27.91,15.54
2007-09-02,5.98,27.48,13.76
2007-09-03,6.3,27.6,10.17
2007-09-04,15.48,27.1,10.24
2007-09-05,25.23,26.76,13.47
2007-09-06,59.26,25.6,5.71
2007-09-07,56.49,25.79,8.51
2007-09-08,113.32,26.05,3.9
2007-09-09,43.0,26.85,4.03
2007-09-10,3.26,27.09,12.62
2007-09-11,14.18,27.35,16.56
2007-09-12,5.94,28.06,17.62
2007-09-13,1.13,28.27,10.51
2007-09-14,25.21,27.66,15.86
2007-09-15,10.75,27.45,12.09
2007-09-16,2.41,27.68,17.16
2007-09-17,2.58,28.06,18.52
2007-09-18,0.23,28.34,16.24
2007-09-19,0.0,28.4,22.73
2007-09-20,0.01,27.56,22.37
2007-09-21,0.0,26.47,20.99
2007-09-22,0.0,26.27,18.41
2007-09-23,0.12,25.33,12.52
2007-09-24,0.65,26.26,13.45
2007-09-25,0.03,27.12,12.76
2007-09-26,1.46,27.32,19.3
2007-09-27,2.21,27.53,18.06
2007-09-28,0.93,27.8,17.31
2007-09-29,2.05,28.06,16.08
2007-09-30,5.97,27.6,14.41
2007-10-01,2.74,26.02,13.39
2007-10-02,2.19,28.13,19.46
2007-10-03,0.37,28.54,18.25
2007-10-04,0.0,29.24,18.21
2007-10-05,0.0,30.22,20.87
2007-10-06,0.18,29.64,19.62
2007-10-07,7.87,28.2,17.11
2007-10-08,60.28,26.39,11.79
2007-10-09,25.78,25.33,6.88
2007-10-10,19.99,25.67,10.1
2007-10-11,0.13,25.94,15.9
2007-10-12,0.0,26.58,17.8
2007-10-13,1.06,26.7,16.19
2007-10-14,0.46,25.61,10.28
2007-10-15,17.75,25.71,9.5
2007-10-16,32.94,23.81,7.44
2007-10-17,6.45,23.86,12.54
2007-10-18,4.42,24.38,5.91
2007-10-19,2.06,24.7,15.04
2007-10-20,0.75,24.85,16.05
2007-10-21,0.04,23.51,18.81
2007-10-22,0.0,23.23,19.9
2007-10-23,0.0,23.9,20.19
2007-10-24,0.0,23.12,20.03
2007-10-25,0.0,23.9,20.42
2007-10-26,0.0,23.66,20.33
2007-10-27,0.0,22.17,20.06
2007-10-28,0.0,22.94,19.15
2007-10-29,0.0,23.87,19.65
2007-10-30,0.0,24.53,19.26
2007-10-31,0.0,24.19,11.05
2007-11-01,0.09,24.54,15.14
2007-11-02,0.78,24.44,14.92
2007-11-03,0.01,24.33,16.33
2007-11-04,0.0,24.32,17.43
2007-11-05,0.0,23.74,17.2
2007-11-06,0.0,23.55,16.74
2007-11-07,0.0,23.95,16.61
2007-11-08,0.0,23.99,17.04
2007-11-09,0.54,23.96,16.98
2007-11-10,0.12,23.09,15.55
2007-11-11,0.0,23.36,17.16
2007-11-12,0.0,23.27,17.85
2007-11-13,0.0,22.64,17.82
2007-11-14,4.08,21.52,11.47
2007-11-15,46.7,20.39,3.88
2007-11-16,17.9,20.96,3.96
2007-11-17,0.03,22.4,10.86
2007-11-18,0.0,22.55,17.08
2007-11-19,0.0,22.72,17.42
2007-11-20,0.0,22.28,17.17
2007-11-21,0.0,22.33,16.15
2007-11-22,0.0,22.59,16.0
2007-11-23,0.0,23.2,16.9
2007-11-24,0.0,22.63,17.31
2007-11-25,0.0,21.31,16.32
2007-11-26,0.0,21.76,16.41
2007-11-27,0.0,20.59,15.93
2007-11-28,0.0,19.97,15.26
2007-11-29,0.0,20.75,14.94
2007-11-30,0.0,20.59,14.7
2007-12-01,0.0,20.14,13.5
2007-12-02,0.0,19.97,13.89
2007-12-03,0.92,18.94,12.76
2007-12-04,0.02,18.96,13.58
2007-12-05,0.0,19.0,14.98
2007-12-06,0.0,19.21,15.68
2007-12-07,0.0,19.28,14.28
2007-12-08,0.0,18.57,15.54
2007-12-09,0.0,18.01,15.32
2007-12-10,0.0,17.74,16.11
2007-12-11,0.0,16.76,15.9
2007-12-12,0.0,17.6,15.7
2007-12-13,0.0,19.13,15.39
2007-12-14,0.0,19.09,14.15
2007-12-15,0.0,18.91,10.98
2007-12-16,0.0,18.12,13.49
2007-12-17,0.0,16.3,11.95
2007-12-18,0.0,17.21,15.02
2007-12-19,0.0,17.53,15.86
2007-12-20,0.0,16.23,15.39
2007-12-21,0.0,15.59,14.4
2007-12-22,0.0,14.94,12.84
2007-12-23,0.0,16.78,14.17
2007-12-24,0.0,16.65,14.18
2007-12-25,0.0,17.0,14.74
2007-12-26,0.0,17.71,14.29
2007-12-27,0.0,17.27,14.9
2007-12-28,0.0,17.01,14.82
2007-12-29,0.0,17.04,13.38
2007-12-30,0.0,17.07,13.79
2007-12-31,0.0,16.4,14.65
2008-01-01,0.0,17.71,15.69
2008-01-02,0.0,18.13,14.05
2008-01-03,0.0,18.67,15.59
2008-01-04,0.0,18.42,15.96
2008-01-05,0.0,17.22,16.23
2008-01-06,0.0,17.5,16.34
2008-01-07,0.0,17.81,16.2
2008-01-08,0.0,18.35,16.19
2008-01-09,0.0,18.36,16.39
2008-01-10,0.0,17.53,16.07
2008-01-11,0.0,17.7,14.61
2008-01-12,0.01,17.35,13.98
2008-01-13,0.0,16.73,15.03
2008-01-14,0.05,16.19,15.94
2008-01-15,0.0,15.77,14.4
2008-01-16,0.0,16.35,15.45
2008-01-17,0.0,17.42,14.06
2008-01-18,0.0,17.31,15.24
2008-01-19,0.0,17.53,14.74
2008-01-20,0.0,18.28,10.76
2008-01-21,4.13,18.22,8.15
2008-01-22,0.0,16.84,14.31
2008-01-23,2.81,17.4,10.13
2008-01-24,7.22,18.31,2.8
2008-01-25,4.79,15.56,7.29
2008-01-26,6.25,16.61,5.38
2008-01-27,4.18,15.34,7.84
2008-01-28,0.37,15.19,16.07
2008-01-29,0.05,14.12,16.18
2008-01-30,1.02,14.41,7.08
2008-01-31,2.85,14.92,12.87
2008-02-01,0.0,15.27,13.59
2008-02-02,0.0,13.52,17.26
2008-02-03,0.0,14.22,17.78
2008-02-04,0.0,15.12,17.97
2008-02-05,0.0,17.29,17.85
2008-02-06,0.0,18.53,16.63
2008-02-07,0.04,18.5,14.09
2008-02-08,1.27,19.2,13.33
2008-02-09,1.43,18.79,4.36
2008-02-10,1.01,17.58,11.96
2008-02-11,0.0,16.11,18.48
2008-02-12,0.0,14.87,18.98
2008-02-13,0.0,15.0,19.13
2008-02-14,0.0,14.76,20.12
2008-02-15,0.0,15.11,19.8
2008-02-16,0.0,15.68,17.57
2008-02-17,0.0,16.69,17.57
2008-02-18,0.0,17.89,16.95
2008-02-19,4.14,18.48,10.88
2008-02-20,0.04,18.61,16.28
2008-02-21,0.0,18.23,20.09
2008-02-22,0.0,19.16,21.08
2008-02-23,0.0,19.74,21.59
2008-02-24,0.0,20.38,20.94
2008-02-25,1.16,20.55,12.47
2008-02-26,0.01,20.59,16.38
2008-02-27,0.0,20.08,19.74
2008-02-28,0.0,20.33,20.44
2008-02-29,0.0,20.34,21.44
2008-03-01,0.0,20.21,20.85
2008-03-02,0.0,20.74,18.86
2008-03-03,0.11,21.27,19.57
2008-03-04,10.56,21.83,19.8
2008-03-05,9.61,20.91,14.99
2008-03-06,0.03,21.05,17.62
2008-03-07,0.01,22.06,18.81
2008-03-08,0.25,22.47,18.98
2008-03-09,0.05,22.9,17.56
2008-03-10,0.0,23.09,17.33
2008-03-11,0.0,22.7,13.18
2008-03-12,0.0,23.76,18.05
2008-03-13,0.0,24.17,18.72
2008-03-14,0.14,23.84,12.6
2008-03-15,0.0,23.71,19.07
2008-03-16,0.0,24.89,16.43
2008-03-17,0.0,24.94,21.98
2008-03-18,6.97,23.52,20.15
2008-03-19,6.5,24.6,20.65
2008-03-20,6.24,24.9,17.0
2008-03-21,21.98,25.57,19.49
2008-03-22,8.97,25.48,17.66
2008-03-23,8.95,24.58,11.59
2008-03-24,3.42,24.2,8.99
2008-03-25,6.62,24.47,22.43
2008-03-26,4.09,25.39,20.48
2008-03-27,3.02,26.12,17.26
2008-03-28,12.07,25.72,20.17
2008-03-29,5.25,25.38,19.66
2008-03-30,20.01,25.51,19.81
2008-03-31,14.64,25.21,19.8
2008-04-01,9.41,24.29,18.3
2008-04-02,5.1,23.65,21.74
2008-04-03,1.77,24.49,18.16
2008-04-04,8.04,24.17,17.2
2008-04-05,0.0,24.7,20.13
2008-04-06,0.0,25.44,23.96
2008-04-07,0.0,25.27,26.16
2008-04-08,0.0,24.64,26.55
2008-04-09,0.0,24.98,22.44
2008-04-10,0.0,26.35,22.1
2008-04-11,0.0,28.09,21.62
2008-04-12,0.0,29.23,24.12
2008-04-13,13.55,28.0,22.32
2008-04-14,24.55,26.31,23.22
2008-04-15,7.93,26.75,19.02
2008-04-16,16.97,26.99,21.51
2008-04-17,4.95,27.55,20.32
2008-04-18,14.56,28.27,18.92
2008-04-19,2.33,28.12,21.09
2008-04-20,0.0,28.07,22.38
2008-04-21,0.0,27.77,23.98
2008-04-22,0.0,27.9,24.82
2008-04-23,0.0,28.72,24.63
2008-04-24,1.98,29.07,24.22
2008-04-25,0.22,28.89,24.39
2008-04-26,0.21,28.62,24.24
2008-04-27,2.56,29.27,20.29
2008-04-28,7.74,28.69,20.17
2008-04-29,2.2,28.56,20.22
2008-04-30,6.76,28.91,23.41
2008-05-01,3.07,28.61,22.54
2008-05-02,5.44,28.71,23.24
2008-05-03,0.05,29.53,24.52
2008-05-04,0.03,29.51,15.39
2008-05-05,24.29,29.07,19.16
2008-05-06,3.78,28.46,22.02
2008-05-07,4.12,27.61,17.51
2008-05-08,14.38,27.87,22.45
2008-05-09,0.27,27.98,25.16
2008-05-10,6.83,28.82,17.03
2008-05-11,4.85,29.65,25.76
2008-05-12,0.33,29.1,23.94
2008-05-13,0.35,29.19,24.75
2008-05-14,0.01,29.31,22.96
2008-05-15,1.64,30.38,22.05
2008-05-16,1.07,30.64,23.39
2008-05-17,1.65,30.52,15.92
2008-05-18,14.0,29.17,14.07
2008-05-19,13.53,28.65,22.48
2008-05-20,7.52,27.92,19.41
2008-05-21,16.18,26.39,18.82
2008-05-22,30.61,28.11,17.49
2008-05-23,0.24,27.49,13.57
2008-05-24,6.32,28.28,21.6
2008-05-25,2.48,27.82,19.94
2008-05-26,22.5,26.98,18.58
2008-05-27,10.06,27.11,9.65
2008-05-28,6.69,27.36,14.28
2008-05-29,10.64,28.23,18.93
2008-05-30,15.33,28.25,20.86
2008-05-31,29.24,28.11,19.58
2008-06-01,52.97,27.67,20.13
2008-06-02,17.75,28.15,7.25
2008-06-03,4.06,27.53,16.14
2008-06-04,43.65,27.97,16.79
2008-06-05,26.4,27.65,17.39
2008-06-06,5.92,27.36,11.11
2008-06-07,6.56,27.37,17.16
2008-06-08,15.42,27.33,15.77
2008-06-09,18.68,27.26,13.6
2008-06-10,10.75,28.14,18.84
2008-06-11,2.88,28.07,18.81
2008-06-12,5.71,28.88,17.32
2008-06-13,4.98,28.47,9.17
2008-06-14,11.77,28.63,14.86
2008-06-15,3.91,30.06,24.65
2008-06-16,26.17,28.01,19.86
2008-06-17,19.07,27.86,8.07
2008-06-18,6.89,26.73,12.33
2008-06-19,25.39,26.36,8.58
2008-06-20,21.33,26.57,10.37
2008-06-21,10.78,27.66,12.37
2008-06-22,10.36,28.05,17.95
2008-06-23,16.82,28.03,17.53
2008-06-24,4.36,29.01,21.57
2008-06-25,4.16,28.46,24.34
2008-06-26,7.69,27.95,15.62
2008-06-27,3.94,29.14,15.78
2008-06-28,21.03,28.44,19.18
2008-06-29,20.31,27.41,12.19
2008-06-30,18.02,27.26,14.54
2008-07-01,14.5,27.57,7.34
2008-07-02,14.03,27.78,15.05
2008-07-03,12.15,28.01,8.84
2008-07-04,65.74,26.87,16.34
2008-07-05,39.77,26.45,4.69
2008-07-06,6.71,27.79,16.93
2008-07-07,3.37,27.99,22.3
2008-07-08,7.01,27.74,18.91
2008-07-09,13.19,28.22,21.03
2008-07-10,10.49,27.17,13.41
2008-07-11,14.06,27.07,15.26
2008-07-12,10.45,27.63,19.42
2008-07-13,12.06,27.3,14.69
2008-07-14,38.33,27.24,8.74
2008-07-15,23.71,27.64,10.37
2008-07-16,8.11,27.56,9.39
2008-07-17,2.0,28.57,19.54
2008-07-18,12.73,28.96,14.67
2008-07-19,26.0,27.51,15.22
2008-07-20,12.22,27.08,10.72
2008-07-21,6.23,27.33,14.12
2008-07-22,9.59,27.34,15.9
2008-07-23,4.06,27.16,15.49
2008-07-24,1.44,28.38,16.47
2008-07-25,3.99,28.22,18.71
2008-07-26,8.59,29.39,21.61
2008-07-27,9.29,29.92,20.24
2008-07-28,2.33,28.18,21.81
2008-07-29,3.04,28.31,17.95
2008-07-30,1.25,28.38,19.16
2008-07-31,7.94,27.59,23.02
2008-08-01,1.7,27.86,21.2
2008-08-02,16.0,26.76,14.38
2008-08-03,36.25,26.38,8.7
2008-08-04,17.26,26.84,13.43
2008-08-05,33.39,26.99,6.53
2008-08-06,12.68,27.24,15.32
2008-08-07,7.14,28.53,22.22
2008-08-08,2.57,30.78,23.08
2008-08-09,12.88,30.06,19.62
2008-08-10,54.45,28.87,15.5
2008-08-11,32.88,27.55,9.25
2008-08-12,21.81,26.75,10.3
2008-08-13,26.37,27.54,19.97
2008-08-14,11.52,27.35,17.12
2008-08-15,18.25,26.88,15.1
2008-08-16,32.67,27.26,18.55
2008-08-17,13.27,26.61,14.54
2008-08-18,11.1,27.21,13.44
2008-08-19,28.43,27.71,14.46
2008-08-20,7.85,27.94,20.63
2008-08-21,21.24,28.2,19.43
2008-08-22,3.4,27.56,18.76
2008-08-23,5.42,28.24,16.63
2008-08-24,4.7,27.15,16.72
2008-08-25,6.5,27.44,13.44
2008-08-26,6.3,26.33,13.42
2008-08-27,47.4,27.26,11.47
2008-08-28,51.81,26.93,3.96
2008-08-29,22.17,27.08,6.74
2008-08-30,16.42,26.65,10.77
2008-08-31,3.16,27.19,17.65
2008-09-01,13.32,27.36,13.55
2008-09-02,9.55,26.79,9.26
2008-09-03,17.52,27.22,13.06
2008-09-04,16.24,25.78,13.25
2008-09-05,9.61,26.18,11.86
2008-09-06,0.38,26.85,21.2
2008-09-07,1.73,27.98,21.82
2008-09-08,3.44,27.94,18.42
2008-09-09,0.58,26.46,16.67
2008-09-10,3.89,28.24,22.98
2008-09-11,1.56,26.54,17.72
2008-09-12,0.7,28.53,23.19
2008-09-13,3.05,27.61,17.41
2008-09-14,1.04,27.96,20.22
2008-09-15,2.97,28.51,22.58
2008-09-16,1.76,27.74,12.71
2008-09-17,1.57,27.36,15.11
2008-09-18,6.56,26.27,17.7
2008-09-19,4.12,26.87,20.47
2008-09-20,21.42,27.48,17.63
2008-09-21,13.65,27.51,19.3
2008-09-22,3.64,26.76,17.97
2008-09-23,4.83,26.79,19.84
2008-09-24,1.29,27.45,20.07
2008-09-25,4.45,28.3,18.66
2008-09-26,11.68,27.69,18.67
2008-09-27,1.83,27.3,18.75
2008-09-28,7.95,26.7,10.84
2008-09-29,2.04,26.99,14.73
2008-09-30,0.01,27.69,16.99
2008-10-01,0.61,29.18,20.15
2008-10-02,2.49,26.8,14.36
2008-10-03,2.82,26.22,10.73
2008-10-04,27.8,26.48,12.55
2008-10-05,17.14,26.05,5.85
2008-10-06,2.93,25.49,13.78
2008-10-07,2.77,25.33,14.04
2008-10-08,17.71,25.0,15.58
2008-10-09,17.65,25.52,11.37
2008-10-10,0.38,26.41,19.06
2008-10-11,0.0,26.61,19.9
2008-10-12,0.0,26.62,19.85
2008-10-13,0.5,26.99,19.62
2008-10-14,0.02,27.37,20.53
2008-10-15,0.0,26.67,20.82
2008-10-16,0.0,26.98,20.88
2008-10-17,0.0,26.48,20.73
2008-10-18,0.0,26.26,20.52
2008-10-19,0.0,26.35,18.15
2008-10-20,0.0,26.09,20.04
2008-10-21,0.0,26.5,20.06
2008-10-22,0.0,26.64,17.18
2008-10-23,0.02,26.18,17.7
2008-10-24,2.52,24.44,6.56
2008-10-25,9.53,23.48,3.86
2008-10-26,61.11,20.89,3.3
2008-10-27,19.9,22.15,5.21
2008-10-28,0.37,23.7,15.0
2008-10-29,0.0,24.15,16.9
2008-10-30,0.0,24.64,18.02
2008-10-31,0.0,24.63,18.36
2008-11-01,0.0,24.55,18.8
2008-11-02,0.0,23.84,18.56
2008-11-03,1.55,24.26,18.8
2008-11-04,0.02,23.76,15.96
2008-11-05,0.01,23.34,16.16
2008-11-06,0.0,23.0,17.18
2008-11-07,0.0,21.97,18.65
2008-11-08,0.0,23.54,18.73
2008-11-09,0.0,22.75,18.56
2008-11-10,0.0,22.58,18.32
2008-11-11,0.0,22.19,18.14
2008-11-12,0.0,21.72,17.93
2008-11-13,0.0,21.4,16.96
2008-11-14,0.0,21.18,15.79
2008-11-15,0.0,21.18,15.51
2008-11-16,0.0,21.32,17.08
2008-11-17,0.0,21.01,16.56
2008-11-18,0.0,21.39,17.43
2008-11-19,0.0,21.07,17.29
2008-11-20,0.0,20.85,16.71
2008-11-21,0.03,20.75,15.92
2008-11-22,0.08,21.86,15.88
2008-11-23,0.0,21.58,16.02
2008-11-24,0.0,20.53,16.38
2008-11-25,0.0,20.77,16.81
2008-11-26,0.09,21.4,16.34
2008-11-27,0.0,21.2,16.72
2008-11-28,0.0,21.61,15.84
2008-11-29,0.0,21.34,16.17
2008-11-30,0.0,21.75,15.97
2008-12-01,0.0,21.63,14.32
2008-12-02,0.37,20.86,14.2
2008-12-03,0.32,20.16,14.99
2008-12-04,0.0,20.93,15.17
2008-12-05,0.0,21.3,15.27
2008-12-06,0.0,20.9,14.83
2008-12-07,0.0,21.29,14.54
2008-12-08,0.0,21.14,15.11
2008-12-09,0.0,20.99,11.59
2008-12-10,0.0,20.57,14.14
2008-12-11,0.0,20.82,14.42
2008-12-12,0.0,21.01,12.64
2008-12-13,0.0,20.2,13.2
2008-12-14,0.0,19.32,13.11
2008-12-15,0.0,18.67,11.78
2008-12-16,0.0,18.53,10.98
2008-12-17,0.0,19.08,12.75
2008-12-18,0.0,18.59,14.76
2008-12-19,0.0,18.9,13.93
2008-12-20,0.0,19.31,12.42
2008-12-21,0.0,18.58,9.66
2008-12-22,0.04,18.86,8.01
2008-12-23,0.0,19.06,10.83
2008-12-24,0.0,18.71,11.57
2008-12-25,0.0,18.91,12.83
2008-12-26,0.7,18.5,13.82
2008-12-27,0.04,17.52,12.41
2008-12-28,0.0,17.79,12.57
2008-12-29,0.0,17.53,13.42
2008-12-30,0.0,17.76,14.92
2008-12-31,0.0,17.61,15.3
2009-01-01,0.0,17.15,15.84
2009-01-02,0.0,17.33,15.98
2009-01-03,0.0,16.85,15.6
2009-01-04,0.0,16.5,14.27
2009-01-05,0.0,16.41,14.7
2009-01-06,0.0,17.9,14.86
2009-01-07,0.0,18.03,15.01
2009-01-08,0.0,18.97,12.45
2009-01-09,0.0,19.42,14.07
2009-01-10,0.0,18.38,15.25
2009-01-11,0.0,17.84,15.21
2009-01-12,0.0,17.59,15.42
2009-01-13,0.0,17.82,15.23
2009-01-14,0.0,17.48,13.71
2009-01-15,0.0,17.94,14.58
2009-01-16,0.0,17.88,16.3
2009-01-17,0.0,18.03,15.81
2009-01-18,0.0,18.54,16.44
2009-01-19,0.0,18.7,16.39
2009-01-20,0.0,18.01,13.83
2009-01-21,0.0,18.23,13.92
2009-01-22,0.0,17.88,13.13
2009-01-23,0.0,18.18,11.74
2009-01-24,0.0,19.2,11.72
2009-01-25,0.0,19.22,10.55
2009-01-26,0.0,19.44,6.3
2009-01-27,0.0,19.73,12.19
2009-01-28,0.0,18.97,14.39
2009-01-29,0.0,18.66,16.26
2009-01-30,0.0,18.57,17.76
2009-01-31,0.0,18.52,17.91
2009-02-01,0.0,18.18,17.42
2009-02-02,0.0,17.3,18.1
2009-02-03,0.0,18.1,18.66
2009-02-04,0.0,18.51,18.59
2009-02-05,0.0,19.27,18.68
2009-02-06,0.0,20.12,18.9
2009-02-07,0.68,19.92,19.06
2009-02-08,0.0,20.49,19.13
2009-02-09,0.0,19.78,18.95
2009-02-10,0.0,20.51,19.07
2009-02-11,0.0,20.93,18.63
2009-02-12,0.21,20.64,13.85
2009-02-13,0.0,19.52,17.68
2009-02-14,0.0,19.92,19.08
2009-02-15,0.0,20.11,20.19
2009-02-16,0.0,20.07,19.93
2009-02-17,0.0,20.9,20.07
2009-02-18,0.0,20.84,20.72
2009-02-19,0.0,20.7,20.61
2009-02-20,0.0,21.78,20.81
2009-02-21,0.0,20.06,20.88
2009-02-22,0.0,20.39,20.34
2009-02-23,0.0,19.83,19.5
2009-02-24,0.0,20.81,17.33
2009-02-25,8.32,22.06,16.14
2009-02-26,3.26,22.7,18.04
2009-02-27,0.0,22.24,18.71
2009-02-28,0.47,21.79,18.62
2009-03-01,0.0,22.64,20.33
2009-03-02,0.0,20.99,19.88
2009-03-03,0.0,21.53,20.7
2009-03-04,0.39,22.69,18.68
2009-03-05,12.56,22.94,18.41
2009-03-06,11.82,23.73,19.06
2009-03-07,0.0,23.5,20.58
2009-03-08,0.0,22.91,20.76
2009-03-09,0.0,24.97,21.34
2009-03-10,0.0,25.29,15.86
2009-03-11,0.0,25.47,16.85
2009-03-12,0.0,24.45,20.85
2009-03-13,0.0,24.13,19.89
2009-03-14,0.0,24.39,18.26
2009-03-15,0.0,24.38,14.83
2009-03-16,0.0,23.71,12.07
2009-03-17,0.0,26.33,17.74
2009-03-18,0.0,26.61,17.9
2009-03-19,0.0,26.8,15.15
2009-03-20,0.0,26.39,19.44
2009-03-21,0.72,26.2,19.46
2009-03-22,0.55,26.8,17.24
2009-03-23,0.0,27.49,20.54
2009-03-24,0.0,27.29,22.74
2009-03-25,0.0,27.44,21.66
2009-03-26,0.31,27.34,19.52
2009-03-27,4.66,25.48,18.19
2009-03-28,2.88,25.13,20.47
2009-03-29,11.03,26.31,19.41
2009-03-30,9.15,25.71,21.66
2009-03-31,18.11,25.09,12.89
2009-04-01,8.54,25.45,21.01
2009-04-02,7.43,26.17,18.91
2009-04-03,12.19,25.52,18.98
2009-04-04,19.04,25.31,20.41
2009-04-05,0.43,27.25,18.99
2009-04-06,0.67,27.25,15.03
2009-04-07,4.13,27.54,20.53
2009-04-08,9.93,27.58,21.45
2009-04-09,0.71,27.9,19.67
2009-04-10,0.61,28.06,24.53
2009-04-11,10.96,28.75,23.69
2009-04-12,0.0,28.68,22.55
2009-04-13,0.0,28.35,24.43
2009-04-14,1.12,29.74,23.97
2009-04-15,0.52,29.65,23.67
2009-04-16,0.0,29.09,21.1
2009-04-17,3.35,26.52,11.3
2009-04-18,1.85,28.67,18.53
2009-04-19,20.65,28.75,20.9
2009-04-20,52.97,27.72,18.52
2009-04-21,62.61,27.29,12.45
2009-04-22,19.74,27.73,17.12
2009-04-23,13.58,27.92,18.94
2009-04-24,1.15,27.38,23.64
2009-04-25,0.0,27.28,24.33
2009-04-26,0.0,28.38,25.57
2009-04-27,0.0,29.26,24.0
2009-04-28,0.0,28.23,23.22
2009-04-29,0.0,28.84,21.25
2009-04-30,13.86,28.4,18.33
2009-05-01,36.97,27.13,17.75
2009-05-02,12.45,26.99,6.96
2009-05-03,3.96,27.62,21.85
2009-05-04,1.36,26.54,25.06
2009-05-05,7.38,27.87,23.44
2009-05-06,16.2,27.56,21.8
2009-05-07,0.24,28.18,21.55
2009-05-08,1.84,28.75,23.11
2009-05-09,16.2,28.4,22.35
2009-05-10,38.82,27.38,22.82
2009-05-11,2.47,27.97,22.1
2009-05-12,1.36,27.62,20.3
2009-05-13,7.43,26.36,16.84
2009-05-14,20.36,26.23,17.87
2009-05-15,4.65,27.42,24.54
2009-05-16,15.17,27.9,20.91
2009-05-17,2.94,28.33,14.22
2009-05-18,32.29,27.7,6.94
2009-05-19,19.75,27.58,18.36
2009-05-20,4.48,28.53,23.9
2009-05-21,1.06,29.54,18.95
2009-05-22,0.0,29.74,26.39
2009-05-23,5.2,30.1,25.26
2009-05-24,15.45,29.66,19.03
2009-05-25,29.88,27.06,8.27
2009-05-26,54.62,27.41,3.97
2009-05-27,5.34,28.15,18.89
2009-05-28,0.01,28.43,18.4
2009-05-29,10.74,28.84,20.62
2009-05-30,26.39,28.41,24.25
2009-05-31,34.34,26.74,13.33
2009-06-01,15.28,26.69,17.83
2009-06-02,20.61,27.44,15.86
2009-06-03,1.08,28.54,23.67
2009-06-04,1.35,29.14,24.43
2009-06-05,16.75,29.01,24.91
2009-06-06,10.02,29.04,23.83
2009-06-07,17.86,28.08,19.84
2009-06-08,7.37,28.19,16.46
2009-06-09,12.9,28.29,14.22
2009-06-10,10.94,28.25,22.33
2009-06-11,24.82,28.35,20.33
2009-06-12,12.93,28.61,14.16
2009-06-13,29.27,28.07,19.8
2009-06-14,25.28,28.11,13.39
2009-06-15,7.69,27.81,11.07
2009-06-16,1.22,28.72,18.29
2009-06-17,0.05,29.43,20.0
2009-06-18,7.1,28.6,19.08
2009-06-19,4.24,29.17,17.3
2009-06-20,19.81,28.41,8.77
2009-06-21,11.25,28.63,20.36
2009-06-22,1.67,28.74,22.07
2009-06-23,12.26,29.26,20.53
2009-06-24,4.83,28.66,12.68
2009-06-25,6.8,28.35,16.33
2009-06-26,0.25,27.81,19.27
2009-06-27,8.97,28.83,20.51
2009-06-28,12.6,28.4,12.38
2009-06-29,31.99,27.95,11.53
2009-06-30,55.0,27.6,9.66
2009-07-01,27.57,27.33,12.37
2009-07-02,32.88,27.36,9.31
2009-07-03,47.16,27.1,10.2
2009-07-04,22.51,27.23,16.89
2009-07-05,6.76,27.41,19.47
2009-07-06,13.15,28.33,21.57
2009-07-07,9.74,28.35,16.75
2009-07-08,1.26,28.62,19.62
2009-07-09,7.9,27.69,15.65
2009-07-10,5.3,27.99,15.89
2009-07-11,2.25,28.58,17.01
2009-07-12,0.9,29.24,23.19
2009-07-13,13.93,30.95,20.33
2009-07-14,5.77,29.66,14.87
2009-07-15,11.91,28.92,19.31
2009-07-16,2.4,28.59,19.58
2009-07-17,2.48,28.79,22.93
2009-07-18,21.51,29.15,20.9
2009-07-19,10.15,30.32,25.82
2009-07-20,0.01,30.23,25.41
2009-07-21,7.12,29.22,20.48
2009-07-22,10.08,29.01,19.13
2009-07-23,1.24,28.66,19.93
2009-07-24,3.3,28.56,19.63
2009-07-25,26.51,29.09,21.46
2009-07-26,31.43,28.05,17.23
2009-07-27,52.42,28.54,18.71
2009-07-28,96.85,27.96,9.01
2009-07-29,23.89,28.01,9.1
2009-07-30,23.21,27.51,12.65
2009-07-31,22.66,27.88,7.81
2009-08-01,6.47,28.63,20.06
2009-08-02,12.15,28.59,19.4
2009-08-03,11.22,29.42,14.95
2009-08-04,25.33,28.44,15.04
2009-08-05,23.84,28.61,6.67
2009-08-06,26.78,29.31,16.66
2009-08-07,13.56,28.76,19.0
2009-08-08,45.22,29.64,18.21
2009-08-09,5.91,29.34,19.68
2009-08-10,14.95,29.88,21.28
2009-08-11,10.74,28.15,16.26
2009-08-12,4.72,27.69,11.94
2009-08-13,13.4,27.89,13.81
2009-08-14,11.43,26.74,14.19
2009-08-15,13.17,27.05,6.96
2009-08-16,24.6,27.04,12.29
2009-08-17,13.56,27.22,11.48
2009-08-18,50.22,27.33,13.53
2009-08-19,51.42,26.6,14.61
2009-08-20,53.91,26.35,8.36
2009-08-21,10.48,26.53,8.74
2009-08-22,11.53,26.96,14.61
2009-08-23,6.63,27.52,15.29
2009-08-24,2.58,28.53,19.27
2009-08-25,10.55,28.39,21.46
2009-08-26,36.94,27.31,17.88
2009-08-27,12.72,27.29,12.66
2009-08-28,2.54,27.88,19.84
2009-08-29,5.01,28.27,21.26
2009-08-30,8.07,29.62,19.25
2009-08-31,37.49,29.3,21.87
2009-09-01,2.37,29.72,20.04
2009-09-02,2.75,28.44,21.15
2009-09-03,9.89,29.64,23.41
2009-09-04,8.98,28.3,20.03
2009-09-05,12.81,27.14,14.16
2009-09-06,8.07,27.67,20.93
2009-09-07,4.08,28.89,21.96
2009-09-08,2.01,27.97,14.56
2009-09-09,32.57,26.88,13.8
2009-09-10,8.47,26.72,13.39
2009-09-11,0.34,27.28,21.72
2009-09-12,0.0,28.06,21.61
2009-09-13,0.0,28.88,20.11
2009-09-14,0.82,27.82,13.52
2009-09-15,3.2,27.0,8.77
2009-09-16,7.13,27.13,14.33
2009-09-17,10.86,26.1,14.37
2009-09-18,4.56,25.88,6.63
2009-09-19,8.33,26.43,16.6
2009-09-20,5.14,26.03,13.96
2009-09-21,39.41,26.56,9.69
2009-09-22,12.18,26.18,14.8
2009-09-23,23.47,25.79,14.56
2009-09-24,10.88,26.71,11.1
2009-09-25,0.77,27.17,19.76
2009-09-26,0.0,28.32,21.29
2009-09-27,0.0,29.16,18.3
2009-09-28,0.52,29.2,18.95
2009-09-29,1.41,29.11,20.35
2009-09-30,0.22,29.12,20.41
2009-10-01,0.0,29.15,19.48
2009-10-02,2.41,28.75,18.77
2009-10-03,7.79,27.95,8.15
2009-10-04,7.65,27.49,17.85
2009-10-05,18.02,26.8,13.75
2009-10-06,17.8,26.89,13.03
2009-10-07,39.39,26.08,12.55
2009-10-08,52.2,26.1,7.67
2009-10-09,26.3,25.75,11.74
2009-10-10,2.18,26.19,16.07
2009-10-11,0.03,26.31,19.16
2009-10-12,0.0,26.21,19.26
2009-10-13,0.0,26.0,20.16
2009-10-14,0.0,26.42,19.66
2009-10-15,1.2,26.39,14.53
2009-10-16,2.26,26.17,12.41
2009-10-17,10.06,26.13,15.08
2009-10-18,0.67,26.29,9.67
2009-10-19,0.28,25.34,17.64
2009-10-20,0.0,23.45,19.77
2009-10-21,0.0,24.61,20.19
2009-10-22,0.0,24.54,19.94
2009-10-23,0.0,23.93,19.01
2009-10-24,0.01,23.76,19.21
2009-10-25,0.04,23.46,19.56
2009-10-26,0.0,23.48,19.42
2009-10-27,0.0,23.42,19.42
2009-10-28,0.0,23.88,19.44
2009-10-29,0.0,23.66,19.28
2009-10-30,0.0,23.97,18.77
2009-10-31,0.0,23.93,18.92
2009-11-01,0.0,23.55,19.09
2009-11-02,0.0,23.44,16.93
2009-11-03,0.0,23.21,14.53
2009-11-04,0.0,22.91,15.16
2009-11-05,0.0,24.82,9.67
2009-11-06,0.0,24.76,17.41
2009-11-07,0.0,24.03,16.97
2009-11-08,0.0,23.61,17.96
2009-11-09,0.0,23.46,18.08
2009-11-10,0.0,21.93,14.27
2009-11-11,0.0,21.87,15.6
2009-11-12,0.0,22.54,16.51
2009-11-13,0.0,23.12,16.01
2009-11-14,0.33,23.38,14.21
2009-11-15,1.02,23.56,10.95
2009-11-16,8.9,23.27,12.2
2009-11-17,0.96,22.67,5.17
2009-11-18,0.02,22.03,7.12
2009-11-19,0.0,21.75,14.06
2009-11-20,0.0,20.17,15.92
2009-11-21,0.0,20.02,16.66
2009-11-22,0.0,19.56,16.44
2009-11-23,0.0,19.69,16.13
2009-11-24,0.0,19.94,14.98
2009-11-25,0.0,19.64,16.22
2009-11-26,0.0,20.0,16.04
2009-11-27,0.0,19.93,15.52
2009-11-28,0.0,20.06,16.34
2009-11-29,0.0,19.85,16.17
2009-11-30,0.0,20.02,16.01
2009-12-01,0.0,20.22,15.69
2009-12-02,0.0,19.59,15.4
2009-12-03,0.0,20.02,15.76
2009-12-04,0.0,19.78,14.61
2009-12-05,0.0,19.73,15.13
2009-12-06,0.05,19.18,14.59
2009-12-07,0.0,18.15,13.34
2009-12-08,0.0,17.99,13.16
2009-12-09,0.0,17.56,13.36
2009-12-10,0.0,17.4,12.9
2009-12-11,0.0,16.77,12.87
2009-12-12,0.0,17.05,14.11
2009-12-13,0.0,18.19,13.51
2009-12-14,0.0,17.94,14.22
2009-12-15,0.0,18.46,14.37
2009-12-16,0.0,18.89,14.76
2009-12-17,0.0,19.01,13.09
2009-12-18,0.0,19.51,14.51
2009-12-19,43.94,19.78,11.41
2009-12-20,0.27,19.1,13.79
2009-12-21,0.0,17.96,15.53
2009-12-22,0.0,16.99,15.87
2009-12-23,0.0,16.56,15.4
2009-12-24,0.0,16.0,14.62
2009-12-25,1.43,15.6,13.81
2009-12-26,0.01,15.24,13.35
2009-12-27,0.0,15.44,14.71
2009-12-28,0.0,16.23,15.09
2009-12-29,0.0,15.54,15.73
2009-12-30,0.0,16.12,15.2
2009-12-31,0.04,16.03,9.61
2010-01-01,0.04,16.6,14.59
2010-01-02,0.0,16.76,14.91
2010-01-03,0.0,17.57,15.0
2010-01-04,0.0,16.4,10.21
2010-01-05,0.0,16.41,10.21
2010-01-06,0.0,16.91,9.99
2010-01-07,0.0,18.15,13.58
2010-01-08,0.0,17.7,15.3
2010-01-09,0.0,17.63,16.71
2010-01-10,0.0,17.36,16.43
2010-01-11,0.0,16.38,13.17
2010-01-12,0.0,15.25,9.66
2010-01-13,0.0,16.55,10.17
2010-01-14,0.0,17.88,11.81
2010-01-15,0.0,18.52,16.2
2010-01-16,0.0,18.36,12.35
2010-01-17,0.0,19.28,10.71
2010-01-18,0.0,18.68,10.77
2010-01-19,0.0,18.12,6.7
2010-01-20,0.0,18.75,14.29
2010-01-21,0.0,18.5,15.36
2010-01-22,0.0,18.2,16.96
2010-01-23,0.0,18.38,17.36
2010-01-24,0.0,18.25,17.99
2010-01-25,0.0,18.88,17.19
2010-01-26,0.25,18.13,17.87
2010-01-27,0.0,18.01,17.88
2010-01-28,0.0,17.5,17.52
2010-01-29,0.0,17.4,18.49
2010-01-30,0.0,17.58,18.33
2010-01-31,0.0,17.86,18.22
2010-02-01,0.0,16.8,17.83
2010-02-02,0.0,17.47,18.72
2010-02-03,0.0,17.58,18.38
2010-02-04,0.0,16.31,18.93
2010-02-05,0.0,16.76,19.25
2010-02-06,0.0,16.69,18.88
2010-02-07,0.0,17.42,19.54
2010-02-08,0.0,18.62,19.02
2010-02-09,0.0,18.79,15.67
2010-02-10,0.0,20.24,14.67
2010-02-11,0.0,20.63,16.67
2010-02-12,0.0,19.83,19.28
2010-02-13,0.0,19.67,16.92
2010-02-14,0.0,20.7,18.52
2010-02-15,0.0,21.19,17.18
2010-02-16,0.0,20.2,14.92
2010-02-17,0.02,21.71,12.4
2010-02-18,0.0,20.31,17.79
2010-02-19,0.0,19.16,18.73
2010-02-20,0.0,19.04,20.09
2010-02-21,0.0,18.87,19.56
2010-02-22,0.0,19.7,18.68
2010-02-23,0.0,20.75,16.79
2010-02-24,0.05,22.19,14.47
2010-02-25,2.67,22.59,14.09
2010-02-26,0.0,22.17,18.17
2010-02-27,0.0,21.35,20.73
2010-02-28,0.02,21.9,17.13
2010-03-01,0.04,22.86,18.35
2010-03-02,0.24,22.84,19.01
2010-03-03,0.0,23.33,20.44
2010-03-04,0.0,23.18,18.92
2010-03-05,0.19,24.2,18.26
2010-03-06,0.12,24.24,17.53
2010-03-07,0.1,24.05,18.93
2010-03-08,0.02,24.64,19.75
2010-03-09,0.0,24.91,22.08
2010-03-10,0.0,23.58,22.51
2010-03-11,0.0,23.62,23.01
2010-03-12,0.0,23.94,22.82
2010-03-13,0.0,24.29,18.77
2010-03-14,0.0,24.93,21.17
2010-03-15,9.71,24.25,17.62
2010-03-16,0.0,25.63,21.46
2010-03-17,0.0,26.97,21.46
2010-03-18,0.0,27.95,15.85
2010-03-19,0.0,27.72,20.9
2010-03-20,0.0,28.13,21.5
2010-03-21,0.0,27.75,22.41
2010-03-22,0.0,28.23,21.28
2010-03-23,1.55,27.5,19.39
2010-03-24,2.79,27.51,17.93
2010-03-25,0.26,28.37,17.65
2010-03-26,0.12,28.37,18.54
2010-03-27,3.91,27.2,16.88
2010-03-28,20.73,26.52,15.32
2010-03-29,16.77,26.19,15.95
2010-03-30,28.84,25.92,13.99
2010-03-31,42.8,26.09,12.57
2010-04-01,13.65,26.99,17.22
2010-04-02,9.17,26.62,16.04
2010-04-03,6.13,26.84,17.16
2010-04-04,4.57,27.49,18.82
2010-04-05,6.21,27.38,19.23
2010-04-06,6.4,27.44,20.46
2010-04-07,1.07,27.61,21.66
2010-04-08,0.0,28.33,24.22
2010-04-09,0.05,28.22,19.23
2010-04-10,13.04,28.03,20.06
2010-04-11,7.39,27.4,19.65
2010-04-12,2.3,27.87,19.72
2010-04-13,13.95,27.06,18.18
2010-04-14,7.55,26.99,19.98
2010-04-15,5.95,27.27,22.49
2010-04-16,0.0,27.78,22.75
2010-04-17,98.25,26.9,16.22
2010-04-18,40.49,24.97,13.61
2010-04-19,32.52,26.81,11.02
2010-04-20,28.49,27.63,17.95
2010-04-21,26.69,27.98,17.05
2010-04-22,11.92,27.88,20.26
2010-04-23,13.24,27.6,20.41
2010-04-24,31.07,27.06,18.7
2010-04-25,37.13,26.68,18.05
2010-04-26,41.49,26.44,19.19
2010-04-27,1.78,25.18,20.02
2010-04-28,11.73,25.92,20.29
2010-04-29,21.31,26.22,13.27
2010-04-30,3.04,26.23,14.19
2010-05-01,8.28,26.7,20.52
2010-05-02,40.04,27.17,10.13
2010-05-03,2.25,25.85,23.16
2010-05-04,0.29,26.94,22.3
2010-05-05,10.0,27.0,21.52
2010-05-06,27.31,26.02,21.8
2010-05-07,6.36,26.65,20.37
2010-05-08,4.4,26.37,19.67
2010-05-09,13.46,27.68,17.26
2010-05-10,13.6,28.37,14.19
2010-05-11,16.4,28.72,18.25
2010-05-12,17.92,27.97,17.6
2010-05-13,31.99,27.99,18.91
2010-05-14,14.06,27.97,18.34
2010-05-15,3.22,28.12,24.76
2010-05-16,5.11,28.56,19.49
2010-05-17,7.34,28.66,24.98
2010-05-18,32.66,28.07,16.46
2010-05-19,64.45,28.24,17.94
2010-05-20,99.29,26.93,10.78
2010-05-21,22.95,26.3,8.02
2010-05-22,3.49,26.57,18.18
2010-05-23,2.39,26.8,20.84
2010-05-24,16.67,25.76,15.42
2010-05-25,51.31,27.86,19.95
2010-05-26,19.72,27.68,12.29
2010-05-27,20.83,27.46,20.82
2010-05-28,12.92,26.09,12.84
2010-05-29,0.46,27.57,17.96
2010-05-30,14.52,27.21,15.57
2010-05-31,18.79,27.36,9.47
2010-06-01,69.86,27.56,12.07
2010-06-02,31.46,28.28,13.94
2010-06-03,89.6,27.92,5.3
2010-06-04,32.33,27.36,3.26
2010-06-05,17.06,26.48,8.4
2010-06-06,8.48,27.03,14.63
2010-06-07,33.42,27.7,16.21
2010-06-08,17.8,28.43,16.44
2010-06-09,21.98,27.82,21.51
2010-06-10,14.91,27.52,16.95
2010-06-11,21.05,27.89,21.81
2010-06-12,18.08,28.04,12.95
2010-06-13,17.42,26.56,17.16
2010-06-14,10.18,26.33,15.8
2010-06-15,40.11,27.53,19.17
2010-06-16,24.12,28.57,7.08
2010-06-17,10.63,28.05,10.53
2010-06-18,7.87,28.12,16.86
2010-06-19,11.26,27.95,17.42
2010-06-20,11.47,27.64,12.19
2010-06-21,6.39,27.93,15.65
2010-06-22,16.0,28.24,13.55
2010-06-23,1.29,28.18,20.17
2010-06-24,3.66,28.62,20.9
2010-06-25,11.87,28.09,16.78
2010-06-26,24.71,27.61,5.4
2010-06-27,47.65,27.73,15.91
2010-06-28,66.02,26.95,10.48
2010-06-29,53.18,27.72,5.92
2010-06-30,5.35,28.14,16.28
2010-07-01,9.04,27.51,17.32
2010-07-02,8.83,27.38,14.61
2010-07-03,24.67,28.62,21.73
2010-07-04,9.73,27.89,18.89
2010-07-05,4.84,27.27,17.88
2010-07-06,3.64,27.6,19.15
2010-07-07,17.05,27.7,19.67
2010-07-08,3.77,27.21,19.49
2010-07-09,4.86,27.81,19.8
2010-07-10,4.85,28.23,19.45
2010-07-11,7.87,28.41,15.93
2010-07-12,11.63,27.41,13.34
2010-07-13,15.7,27.9,18.11
2010-07-14,3.74,28.29,21.7
2010-07-15,6.16,28.06,16.68
2010-07-16,3.73,28.03,18.81
2010-07-17,5.1,27.88,15.57
2010-07-18,18.68,28.15,13.84
2010-07-19,30.98,27.2,7.88
2010-07-20,11.06,27.34,9.31
2010-07-21,29.38,27.91,14.62
2010-07-22,10.13,27.93,15.44
2010-07-23,9.63,28.25,20.11
2010-07-24,4.86,29.2,21.16
2010-07-25,7.43,28.79,18.53
2010-07-26,32.81,28.57,19.11
2010-07-27,16.38,28.68,25.63
2010-07-28,28.0,29.12,23.29
2010-07-29,33.65,27.39,11.89
2010-07-30,22.38,27.15,16.42
2010-07-31,19.55,27.38,14.56
2010-08-01,19.66,27.38,18.72
2010-08-02,24.74,27.95,22.6
2010-08-03,4.75,27.07,19.09
2010-08-04,7.17,27.46,14.45
2010-08-05,6.1,28.77,22.29
2010-08-06,10.72,27.71,17.19
2010-08-07,2.18,27.7,22.41
2010-08-08,1.89,27.96,20.74
2010-08-09,10.51,29.32,20.16
2010-08-10,11.37,29.68,22.22
2010-08-11,25.65,29.01,12.88
2010-08-12,18.91,27.58,14.76
2010-08-13,9.95,26.81,13.98
2010-08-14,24.11,27.58,17.17
2010-08-15,12.64,27.59,14.11
2010-08-16,15.0,27.76,13.24
2010-08-17,18.59,27.41,16.12
2010-08-18,19.23,27.36,16.66
2010-08-19,28.65,27.55,13.57
2010-08-20,19.01,27.19,12.76
2010-08-21,8.32,27.69,16.79
2010-08-22,24.96,27.03,11.29
2010-08-23,1.02,28.24,12.78
2010-08-24,12.73,28.85,20.06
2010-08-25,4.47,27.69,15.88
2010-08-26,10.28,27.94,8.86
2010-08-27,15.91,26.83,17.53
2010-08-28,29.28,27.17,18.11
2010-08-29,16.04,28.04,21.99
2010-08-30,11.92,28.07,20.18
2010-08-31,0.63,27.3,17.72
2010-09-01,23.06,27.96,18.49
2010-09-02,14.62,28.19,20.79
2010-09-03,49.11,26.93,14.31
2010-09-04,29.68,27.03,13.96
2010-09-05,2.66,27.94,17.1
2010-09-06,24.22,28.09,19.77
2010-09-07,30.9,27.47,14.42
2010-09-08,2.47,27.84,17.11
2010-09-09,20.28,27.13,13.01
2010-09-10,14.96,26.93,8.65
2010-09-11,8.5,27.29,14.64
2010-09-12,8.35,27.91,18.54
2010-09-13,26.76,26.18,5.84
2010-09-14,16.88,26.17,14.72
2010-09-15,9.16,26.1,14.43
2010-09-16,7.82,25.82,12.85
2010-09-17,16.51,27.32,17.99
2010-09-18,22.12,25.9,16.15
2010-09-19,17.17,26.38,16.76
2010-09-20,10.89,26.06,13.52
2010-09-21,11.18,25.93,5.82
2010-09-22,0.04,27.45,18.54
2010-09-23,6.3,28.27,20.67
2010-09-24,53.12,26.69,18.06
2010-09-25,28.94,25.93,8.29
2010-09-26,5.14,25.6,6.68
2010-09-27,25.93,26.52,14.51
2010-09-28,9.59,27.28,13.39
2010-09-29,0.01,28.3,20.34
2010-09-30,0.28,27.74,19.34
2010-10-01,0.26,27.55,17.87
2010-10-02,0.01,28.58,20.92
2010-10-03,0.0,28.43,21.72
2010-10-04,0.0,26.79,20.62
2010-10-05,6.14,26.25,16.42
2010-10-06,5.88,26.05,10.68
2010-10-07,25.9,24.34,6.09
2010-10-08,130.73,23.43,2.08
2010-10-09,30.1,26.15,9.45
2010-10-10,0.01,25.31,18.18
2010-10-11,0.02,26.05,19.66
2010-10-12,0.0,25.79,15.35
2010-10-13,0.0,26.45,18.49
2010-10-14,2.1,26.6,17.82
2010-10-15,1.97,26.6,17.7
2010-10-16,5.57,25.31,16.61
2010-10-17,13.93,26.95,16.86
2010-10-18,1.97,27.5,18.1
2010-10-19,0.01,28.18,19.5
2010-10-20,0.0,27.1,19.38
2010-10-21,7.47,26.27,19.49
2010-10-22,2.08,24.98,11.44
2010-10-23,0.25,25.94,15.92
2010-10-24,5.84,25.65,15.35
2010-10-25,0.49,25.97,16.65
2010-10-26,0.0,25.9,11.48
2010-10-27,0.0,25.21,12.8
2010-10-28,0.0,24.42,17.85
2010-10-29,0.0,23.7,18.99
2010-10-30,0.0,23.67,18.71
2010-10-31,0.0,24.53,17.67
2010-11-01,0.33,24.25,11.3
2010-11-02,0.36,23.76,9.68
2010-11-03,0.01,24.48,16.88
2010-11-04,0.0,24.64,18.0
2010-11-05,0.0,24.41,18.32
2010-11-06,0.0,24.78,18.37
2010-11-07,0.0,25.03,17.7
2010-11-08,0.0,24.65,18.06
2010-11-09,0.0,23.65,18.12
2010-11-10,0.0,23.45,17.43
2010-11-11,0.0,23.23,15.81
2010-11-12,0.0,22.83,15.3
2010-11-13,0.0,22.39,15.83
2010-11-14,0.0,22.78,16.72
2010-11-15,0.0,22.87,17.06
2010-11-16,0.0,22.67,16.27
2010-11-17,0.0,22.43,15.79
2010-11-18,0.0,22.71,16.12
2010-11-19,1.51,22.33,6.8
2010-11-20,8.58,22.13,12.43
2010-11-21,0.87,21.67,13.22
2010-11-22,0.0,20.98,16.5
2010-11-23,0.0,20.52,16.06
2010-11-24,0.0,21.13,16.31
2010-11-25,0.0,21.78,16.11
2010-11-26,0.0,21.51,14.63
2010-11-27,0.0,21.6,12.22
2010-11-28,0.0,21.78,13.5
2010-11-29,0.0,21.32,13.55
2010-11-30,0.0,19.86,14.61
2010-12-01,0.0,19.66,16.2
2010-12-02,0.0,19.77,16.1
2010-12-03,0.0,20.39,16.08
2010-12-04,0.33,21.01,15.91
2010-12-05,0.0,20.78,14.32
2010-12-06,0.07,21.59,6.6
2010-12-07,0.05,23.98,10.07
2010-12-08,2.16,22.74,8.51
2010-12-09,36.91,20.73,3.53
2010-12-10,1.58,22.66,12.39
2010-12-11,0.04,21.54,14.82
2010-12-12,0.01,17.87,13.91
2010-12-13,0.0,17.04,14.34
2010-12-14,0.0,17.1,13.52
2010-12-15,0.0,17.05,13.58
2010-12-16,0.0,17.73,15.32
2010-12-17,0.0,17.45,15.99
2010-12-18,0.0,17.27,15.86
2010-12-19,0.0,17.31,15.89
2010-12-20,0.0,17.57,16.17
2010-12-21,0.0,16.73,15.98
2010-12-22,0.0,16.35,15.22
2010-12-23,0.0,16.38,15.34
2010-12-24,0.0,16.29,15.69
2010-12-25,0.0,15.94,15.54
2010-12-26,0.0,16.84,15.64
2010-12-27,0.0,16.43,15.88
2010-12-28,0.0,16.5,15.63
2010-12-29,0.0,16.62,15.93
2010-12-30,0.0,17.71,15.66
2010-12-31,0.0,17.23,15.14
2011-01-01,0.06,16.75,13.92
2011-01-02,0.03,16.88,12.38
2011-01-03,0.0,16.26,12.21
2011-01-04,0.0,16.32,12.83
2011-01-05,0.0,16.49,10.88
2011-01-06,0.0,17.24,13.07
2011-01-07,0.0,17.66,15.85
2011-01-08,0.0,17.39,14.66
2011-01-09,0.24,17.57,14.11
2011-01-10,0.0,16.49,12.86
2011-01-11,0.0,15.35,8.66
2011-01-12,0.0,14.41,10.37
2011-01-13,0.0,13.96,8.22
2011-01-14,0.0,14.39,12.59
2011-01-15,0.0,14.93,14.83
2011-01-16,0.85,16.01,7.2
2011-01-17,0.23,15.25,11.42
2011-01-18,0.0,13.73,14.29
2011-01-19,0.28,13.42,14.99
2011-01-20,0.04,14.91,15.98
2011-01-21,0.0,14.42,15.68
2011-01-22,0.0,14.67,15.9
2011-01-23,0.0,15.23,15.71
2011-01-24,0.0,16.15,15.75
2011-01-25,0.0,16.9,16.59
2011-01-26,0.0,17.87,16.78
2011-01-27,0.0,18.68,14.03
2011-01-28,0.0,17.52,16.0
2011-01-29,0.0,16.24,17.88
2011-01-30,0.0,17.26,16.14
2011-01-31,0.0,18.65,13.95
2011-02-01,0.0,18.73,15.37
2011-02-02,0.0,18.26,17.01
2011-02-03,0.0,19.49,18.08
2011-02-04,0.0,19.39,18.74
2011-02-05,0.0,18.89,18.86
2011-02-06,0.0,19.13,18.52
2011-02-07,0.0,19.8,18.18
2011-02-08,0.0,19.5,16.47
2011-02-09,0.0,19.35,16.74
2011-02-10,0.0,20.24,19.69
2011-02-11,0.0,18.19,20.2
2011-02-12,0.0,18.36,19.51
2011-02-13,0.0,18.32,17.91
2011-02-14,0.0,19.13,17.46
2011-02-15,0.0,20.29,15.48
2011-02-16,3.13,21.39,15.63
2011-02-17,2.59,20.37,16.54
2011-02-18,0.0,19.11,16.39
2011-02-19,0.0,19.84,18.41
2011-02-20,0.0,20.15,16.36
2011-02-21,0.0,19.47,6.11
2011-02-22,0.0,19.75,19.82
2011-02-23,0.0,19.4,21.11
2011-02-24,0.0,19.92,21.38
2011-02-25,0.0,20.34,19.77
2011-02-26,0.0,20.92,20.8
2011-02-27,0.0,21.37,20.59
2011-02-28,0.0,20.56,21.71
2011-03-01,0.0,20.73,22.06
2011-03-02,0.0,21.26,22.48
2011-03-03,0.0,21.82,19.8
2011-03-04,0.0,22.76,21.18
2011-03-05,0.0,22.92,20.3
2011-03-06,0.0,23.17,20.38
2011-03-07,0.0,22.15,22.92
2011-03-08,0.0,21.35,22.23
2011-03-09,0.0,22.34,22.65
2011-03-10,0.07,23.68,14.66
2011-03-11,0.0,25.07,14.11
2011-03-12,0.2,22.05,18.05
2011-03-13,0.0,24.55,21.9
2011-03-14,0.1,23.41,20.53
2011-03-15,0.0,24.83,19.84
2011-03-16,0.0,24.12,21.62
2011-03-17,3.12,23.35,21.33
2011-03-18,7.66,22.46,14.04
2011-03-19,8.59,23.63,16.3
2011-03-20,0.97,25.19,14.91
2011-03-21,11.98,24.85,17.85
2011-03-22,1.57,25.44,16.89
2011-03-23,0.84,25.84,20.45
2011-03-24,8.89,25.89,18.85
2011-03-25,0.66,25.65,18.44
2011-03-26,2.53,26.34,13.28
2011-03-27,0.07,25.23,16.77
2011-03-28,7.51,24.85,18.63
2011-03-29,0.35,23.92,14.64
2011-03-30,14.95,23.46,11.46
2011-03-31,10.52,23.43,9.39
2011-04-01,23.11,24.07,18.68
2011-04-02,5.95,24.32,20.22
2011-04-03,1.87,25.12,21.55
2011-04-04,3.81,25.35,19.49
2011-04-05,0.05,25.16,14.82
2011-04-06,0.0,26.52,22.84
2011-04-07,0.0,26.85,25.35
2011-04-08,0.26,26.74,23.64
2011-04-09,0.0,26.94,21.75
2011-04-10,0.0,25.77,14.25
2011-04-11,0.0,27.04,21.87
2011-04-12,0.0,28.02,23.82
2011-04-13,1.26,28.43,22.98
2011-04-14,4.54,28.7,16.48
2011-04-15,0.27,27.47,23.1
2011-04-16,0.0,28.19,23.55
2011-04-17,6.22,28.08,23.46
2011-04-18,1.97,28.39,21.26
2011-04-19,7.53,27.36,21.2
2011-04-20,5.63,26.85,22.5
2011-04-21,3.15,26.89,20.5
2011-04-22,2.47,28.07,20.27
2011-04-23,0.17,27.4,18.49
2011-04-24,4.74,27.37,23.06
2011-04-25,2.66,25.89,21.94
2011-04-26,1.43,26.21,20.44
2011-04-27,1.17,26.11,16.22
2011-04-28,2.98,27.79,12.86
2011-04-29,0.41,27.71,24.42
2011-04-30,3.08,28.43,22.57
2011-05-01,17.49,27.55,20.87
2011-05-02,14.01,26.98,21.25
2011-05-03,21.13,27.15,19.08
2011-05-04,5.72,25.45,14.77
2011-05-05,0.88,27.26,24.46
2011-05-06,31.84,27.89,24.08
2011-05-07,11.85,27.8,23.05
2011-05-08,2.88,27.94,18.98
2011-05-09,10.5,28.3,21.81
2011-05-10,7.2,28.34,25.47
2011-05-11,13.07,27.85,14.22
2011-05-12,0.12,28.45,22.59
2011-05-13,6.54,28.68,12.92
2011-05-14,7.45,28.53,21.96
2011-05-15,32.01,28.45,21.42
2011-05-16,11.46,29.05,17.39
2011-05-17,0.46,29.27,13.41
2011-05-18,12.14,28.71,6.98
2011-05-19,8.69,27.83,13.54
2011-05-20,9.9,26.94,17.15
2011-05-21,32.4,26.83,9.4
2011-05-22,10.27,27.45,13.39
2011-05-23,13.26,27.46,8.25
2011-05-24,17.17,27.66,15.3
2011-05-25,3.18,28.84,17.0
2011-05-26,0.23,28.41,24.3
2011-05-27,22.12,26.92,17.1
2011-05-28,3.78,29.02,21.99
2011-05-29,14.97,27.32,20.39
2011-05-30,10.4,26.81,14.56
2011-05-31,14.15,26.43,8.99
2011-06-01,15.09,26.6,22.2
2011-06-02,7.83,27.36,9.09
2011-06-03,3.28,27.41,19.66
2011-06-04,8.67,27.7,23.12
2011-06-05,8.86,28.09,19.41
2011-06-06,1.14,28.5,23.85
2011-06-07,26.09,28.21,21.99
2011-06-08,14.9,27.44,12.86
2011-06-09,3.14,29.24,12.49
2011-06-10,0.17,28.59,16.12
2011-06-11,7.0,27.6,10.97
2011-06-12,2.76,27.68,22.09
2011-06-13,5.37,29.06,20.75
2011-06-14,5.23,28.54,22.19
2011-06-15,9.09,27.99,17.44
2011-06-16,5.21,28.19,14.98
2011-06-17,11.12,28.59,13.92
2011-06-18,4.25,28.81,12.63
2011-06-19,3.41,28.76,19.19
2011-06-20,34.02,28.81,20.51
2011-06-21,0.27,27.81,19.39
2011-06-22,11.71,28.38,16.34
2011-06-23,50.9,28.02,14.3
2011-06-24,34.76,27.88,6.89
2011-06-25,4.94,28.51,16.67
2011-06-26,42.59,28.49,16.36
2011-06-27,50.6,26.9,11.92
2011-06-28,23.65,27.38,10.94
2011-06-29,49.37,27.19,7.72
2011-06-30,51.91,27.41,5.5
2011-07-01,23.64,27.89,6.36
2011-07-02,34.46,26.89,9.85
2011-07-03,10.74,26.82,10.58
2011-07-04,8.58,27.04,13.12
2011-07-05,8.07,27.4,19.6
2011-07-06,6.55,27.34,21.59
2011-07-07,35.62,27.22,19.01
2011-07-08,23.77,27.3,16.83
2011-07-09,29.14,27.62,19.17
2011-07-10,17.21,28.39,22.13
2011-07-11,0.27,29.12,21.77
2011-07-12,3.01,28.35,11.19
2011-07-13,5.19,28.56,17.18
2011-07-14,9.95,28.16,14.07
2011-07-15,13.33,27.32,16.75
2011-07-16,8.7,27.54,13.67
2011-07-17,11.96,28.38,18.43
2011-07-18,26.63,27.22,15.31
2011-07-19,32.16,27.4,12.07
2011-07-20,9.93,27.81,17.66
2011-07-21,10.84,28.14,16.46
2011-07-22,17.31,27.87,11.75
2011-07-23,7.17,26.42,19.85
2011-07-24,4.4,28.1,19.16
2011-07-25,15.19,28.43,19.75
2011-07-26,16.42,27.57,11.08
2011-07-27,8.56,27.53,17.79
2011-07-28,7.31,27.81,19.53
2011-07-29,4.27,28.04,17.72
2011-07-30,18.03,28.48,17.25
2011-07-31,4.12,29.04,20.84
2011-08-01,0.0,30.39,18.14
2011-08-02,13.47,31.31,20.2
2011-08-03,20.28,29.38,19.91
2011-08-04,59.72,28.06,12.66
2011-08-05,49.71,27.27,8.61
2011-08-06,17.53,27.43,16.42
2011-08-07,11.19,27.37,16.89
2011-08-08,72.0,27.19,9.41
2011-08-09,56.77,26.24,7.28
2011-08-10,65.39,26.38,7.45
2011-08-11,5.85,27.67,22.61
2011-08-12,11.11,27.74,21.49
2011-08-13,25.28,26.95,15.38
2011-08-14,21.5,26.67,11.1
2011-08-15,18.07,26.32,8.13
2011-08-16,90.45,25.08,5.93
2011-08-17,29.75,24.89,8.06
2011-08-18,8.19,25.97,16.81
2011-08-19,6.85,26.85,21.57
2011-08-20,7.3,28.51,18.92
2011-08-21,25.52,27.83,15.23
2011-08-22,10.37,27.66,12.1
2011-08-23,25.84,27.31,15.21
2011-08-24,16.06,26.78,7.29
2011-08-25,5.92,26.61,16.35
2011-08-26,5.67,27.92,19.25
2011-08-27,0.12,27.74,21.76
2011-08-28,1.9,28.03,22.65
2011-08-29,0.08,29.5,24.54
2011-08-30,6.81,29.36,23.01
2011-08-31,5.02,28.41,22.01
2011-09-01,19.42,27.67,20.97
2011-09-02,1.41,27.31,20.26
2011-09-03,0.11,27.71,21.83
2011-09-04,4.63,28.94,23.08
2011-09-05,30.4,28.06,17.75
2011-09-06,15.76,27.0,16.75
2011-09-07,10.84,26.08,13.58
2011-09-08,5.69,26.39,15.72
2011-09-09,8.14,27.32,21.18
2011-09-10,9.9,28.04,20.15
2011-09-11,2.37,28.77,20.68
2011-09-12,0.0,29.9,23.48
2011-09-13,24.68,29.81,21.74
2011-09-14,50.75,26.51,11.16
2011-09-15,8.53,25.88,15.18
2011-09-16,33.19,25.77,11.44
2011-09-17,33.17,26.37,5.99
2011-09-18,16.96,26.39,15.56
2011-09-19,3.69,28.23,20.17
2011-09-20,1.39,26.8,16.7
2011-09-21,3.94,27.47,17.47
2011-09-22,11.02,26.94,18.51
2011-09-23,10.52,26.41,15.3
2011-09-24,8.68,26.54,14.75
2011-09-25,8.2,26.76,20.28
2011-09-26,9.83,26.92,18.81
2011-09-27,5.26,26.75,15.04
2011-09-28,1.43,27.12,17.52
2011-09-29,0.0,28.3,19.17
2011-09-30,0.0,28.78,18.91
2011-10-01,0.14,29.12,17.72
2011-10-02,0.98,28.47,17.37
2011-10-03,5.35,28.06,19.17
2011-10-04,0.11,27.53,17.77
2011-10-05,0.0,27.95,21.59
2011-10-06,0.0,27.41,19.82
2011-10-07,2.04,28.14,20.08
2011-10-08,0.4,27.9,19.57
2011-10-09,0.11,27.51,19.8
2011-10-10,0.0,27.41,19.35
2011-10-11,0.0,27.57,19.41
2011-10-12,0.0,27.33,20.44
2011-10-13,0.12,26.54,20.15
2011-10-14,0.0,26.11,17.67
2011-10-15,0.0,26.02,18.39
2011-10-16,0.0,26.29,19.59
2011-10-17,0.24,26.83,19.22
2011-10-18,2.9,25.55,14.51
2011-10-19,0.74,24.18,16.15
2011-10-20,0.24,25.32,19.72
2011-10-21,7.34,24.95,15.43
2011-10-22,2.37,24.3,11.87
2011-10-23,0.1,24.69,18.89
2011-10-24,0.0,25.28,19.58
2011-10-25,0.0,24.76,19.53
2011-10-26,0.0,24.79,16.24
2011-10-27,0.0,24.58,18.49
2011-10-28,0.0,24.37,18.65
2011-10-29,0.0,23.71,19.08
2011-10-30,0.0,23.13,18.31
2011-10-31,0.05,22.73,18.39
2011-11-01,0.02,22.41,17.43
2011-11-02,0.0,22.38,17.84
2011-11-03,0.0,21.94,17.26
2011-11-04,0.0,21.97,17.95
2011-11-05,0.0,22.3,18.26
2011-11-06,0.0,21.9,17.01
2011-11-07,0.0,21.8,16.18
2011-11-08,0.0,22.76,18.38
2011-11-09,0.0,22.46,18.28
2011-11-10,0.0,22.09,18.5
2011-11-11,0.0,21.54,18.2
2011-11-12,0.0,21.13,15.95
2011-11-13,0.0,21.77,11.59
2011-11-14,0.0,22.04,16.33
2011-11-15,0.55,21.37,16.17
2011-11-16,0.83,21.55,12.14
2011-11-17,0.0,21.15,14.3
2011-11-18,0.0,20.57,15.39
2011-11-19,0.0,21.0,15.99
2011-11-20,0.0,21.27,16.61
2011-11-21,0.0,21.85,16.77
2011-11-22,0.0,22.14,17.16
2011-11-23,0.0,21.42,16.95
2011-11-24,0.0,22.39,16.97
2011-11-25,0.0,21.84,16.84
2011-11-26,0.0,21.38,16.7
2011-11-27,0.0,20.43,15.43
2011-11-28,0.0,20.01,15.47
2011-11-29,0.0,20.13,15.18
2011-11-30,0.0,20.74,14.27
2011-12-01,0.0,21.8,15.39
2011-12-02,0.0,21.91,15.34
2011-12-03,0.15,21.19,9.51
2011-12-04,0.1,20.43,11.28
2011-12-05,0.0,20.6,13.0
2011-12-06,0.0,21.0,14.69
2011-12-07,0.0,21.4,15.5
2011-12-08,0.0,20.67,15.6
2011-12-09,0.0,20.31,15.5
2011-12-10,0.0,19.53,10.8
2011-12-11,0.0,18.74,9.97
2011-12-12,0.0,18.42,13.28
2011-12-13,0.0,16.72,13.2
2011-12-14,0.0,16.36,13.3
2011-12-15,0.0,16.26,11.7
2011-12-16,0.0,16.51,8.86
2011-12-17,0.0,16.32,12.81
2011-12-18,0.0,16.17,10.27
2011-12-19,0.0,15.8,9.84
2011-12-20,0.0,16.64,12.05
2011-12-21,0.0,16.14,9.41
2011-12-22,0.0,16.37,7.65
2011-12-23,0.0,16.06,11.67
2011-12-24,0.0,17.47,7.95
2011-12-25,0.0,18.06,12.63
2011-12-26,0.0,18.15,14.41
2011-12-27,0.0,18.6,14.81
2011-12-28,0.0,19.79,14.8
2011-12-29,0.0,19.33,15.35
2011-12-30,0.0,18.88,15.96
2011-12-31,0.0,18.94,15.92
2012-01-01,0.0,19.72,14.47
2012-01-02,2.03,19.69,3.97
2012-01-03,1.61,17.55,9.77
2012-01-04,0.0,17.29,9.26
2012-01-05,0.0,16.72,13.19
2012-01-06,0.0,16.44,10.95
2012-01-07,0.0,17.47,11.26
2012-01-08,0.44,17.96,9.7
2012-01-09,1.43,19.09,3.19
2012-01-10,0.04,18.55,10.83
2012-01-11,0.01,19.01,13.67
2012-01-12,0.0,16.63,9.09
2012-01-13,0.0,14.6,11.35
2012-01-14,0.0,14.09,14.16
2012-01-15,0.0,14.56,16.2
2012-01-16,0.0,15.03,15.97
2012-01-17,0.0,16.31,13.95
2012-01-18,0.01,17.71,8.86
2012-01-19,2.87,17.19,12.19
2012-01-20,3.2,16.7,10.45
2012-01-21,0.06,17.36,10.11
2012-01-22,0.0,15.17,14.14
2012-01-23,0.0,15.08,16.83
2012-01-24,0.0,14.69,15.51
2012-01-25,0.0,14.67,15.64
2012-01-26,0.0,15.32,16.18
2012-01-27,0.0,15.74,15.91
2012-01-28,0.0,15.79,17.23
2012-01-29,0.0,15.79,17.3
2012-01-30,0.0,17.61,17.84
2012-01-31,0.0,16.86,18.34
2012-02-01,0.0,16.38,18.03
2012-02-02,0.0,15.64,17.96
2012-02-03,0.0,16.03,18.79
2012-02-04,0.0,17.6,18.39
2012-02-05,0.0,18.38,17.65
2012-02-06,0.0,18.97,17.43
2012-02-07,0.0,18.7,17.94
2012-02-08,0.0,18.17,15.9
2012-02-09,0.29,20.19,15.54
2012-02-10,0.0,18.21,17.79
2012-02-11,0.0,16.66,18.45
2012-02-12,0.0,15.76,19.98
2012-02-13,0.0,17.54,19.9
2012-02-14,0.0,19.57,18.76
2012-02-15,0.0,20.8,15.44
2012-02-16,0.0,21.95,10.86
2012-02-17,0.0,21.45,12.78
2012-02-18,0.0,22.03,18.52
2012-02-19,0.0,20.49,20.51
2012-02-20,0.0,19.44,20.39
2012-02-21,0.0,19.35,19.19
2012-02-22,0.0,20.93,19.58
2012-02-23,0.0,21.92,19.36
2012-02-24,0.0,22.11,20.89
2012-02-25,0.0,22.42,21.53
2012-02-26,0.0,22.24,21.24
2012-02-27,0.0,21.58,21.82
2012-02-28,0.0,20.5,20.66
2012-02-29,18.95,21.12,13.19
2012-03-01,0.57,21.78,18.83
2012-03-02,0.25,21.5,16.99
2012-03-03,5.35,21.31,19.3
2012-03-04,1.93,22.29,19.03
2012-03-05,0.0,22.69,18.6
2012-03-06,1.9,23.3,18.25
2012-03-07,9.46,23.2,16.01
2012-03-08,17.31,23.43,15.07
2012-03-09,0.0,23.35,18.51
2012-03-10,0.0,23.88,18.9
2012-03-11,0.0,23.99,22.25
2012-03-12,0.0,22.97,23.5
2012-03-13,0.0,23.58,20.44
2012-03-14,0.34,23.12,19.72
2012-03-15,0.0,22.52,20.57
2012-03-16,0.0,22.76,22.09
2012-03-17,0.0,23.25,22.13
2012-03-18,2.84,23.66,18.94
2012-03-19,0.05,25.69,18.74
2012-03-20,0.01,26.38,17.5
2012-03-21,1.14,27.13,17.88
2012-03-22,0.88,26.13,20.71
2012-03-23,0.0,25.53,22.38
2012-03-24,0.0,24.91,23.28
2012-03-25,0.0,25.5,22.61
2012-03-26,0.1,26.67,20.89
2012-03-27,0.18,27.3,21.26
2012-03-28,0.0,27.06,21.41
2012-03-29,0.09,27.77,22.02
2012-03-30,0.0,28.31,20.85
2012-03-31,0.0,28.48,21.09
2012-04-01,0.0,29.42,21.99
2012-04-02,0.0,30.16,21.86
2012-04-03,0.56,30.52,21.88
2012-04-04,5.78,29.63,16.98
2012-04-05,11.54,27.78,20.06
2012-04-06,34.52,24.67,5.98
2012-04-07,13.1,23.06,12.13
2012-04-08,42.88,23.98,10.17
2012-04-09,17.26,24.44,6.48
2012-04-10,23.27,23.4,10.42
2012-04-11,16.06,23.43,22.57
2012-04-12,22.35,24.6,10.27
2012-04-13,7.66,24.07,17.63
2012-04-14,1.9,25.8,25.68
2012-04-15,15.41,25.97,25.07
2012-04-16,10.28,26.08,20.9
2012-04-17,12.04,26.81,23.37
2012-04-18,20.67,26.6,21.03
2012-04-19,24.42,26.47,20.22
2012-04-20,12.98,27.21,22.69
2012-04-21,13.66,26.69,23.63
2012-04-22,4.55,26.17,22.63
2012-04-23,20.81,26.58,19.69
2012-04-24,24.07,26.95,20.6
2012-04-25,10.08,27.25,24.7
2012-04-26,18.01,26.85,19.95
2012-04-27,13.09,27.26,21.1
2012-04-28,6.79,26.81,16.19
2012-04-29,45.79,27.51,19.53
2012-04-30,39.01,26.86,15.8
2012-05-01,15.32,26.37,13.84
2012-05-02,6.22,26.65,15.41
2012-05-03,8.22,26.28,23.51
2012-05-04,0.0,25.96,15.81
2012-05-05,0.0,26.91,25.7
2012-05-06,0.0,27.17,26.73
2012-05-07,0.0,28.11,26.25
2012-05-08,0.0,28.76,25.81
2012-05-09,0.0,28.56,23.9
2012-05-10,0.88,28.72,22.59
2012-05-11,14.35,28.0,22.67
2012-05-12,11.54,27.61,19.38
2012-05-13,30.34,27.11,16.64
2012-05-14,21.49,27.82,15.67
2012-05-15,12.52,28.16,18.04
2012-05-16,13.13,27.88,16.47
2012-05-17,2.56,28.31,17.66
2012-05-18,0.4,29.5,23.57
2012-05-19,26.17,28.77,16.92
2012-05-20,22.68,28.62,13.96
2012-05-21,2.32,28.21,20.73
2012-05-22,27.91,28.6,21.25
2012-05-23,12.0,28.51,20.29
2012-05-24,6.38,28.57,20.49
2012-05-25,1.79,29.02,21.34
2012-05-26,4.69,29.8,21.19
2012-05-27,3.93,29.13,18.75
2012-05-28,2.29,28.44,16.73
2012-05-29,15.71,29.41,22.15
2012-05-30,22.39,28.67,22.53
2012-05-31,22.29,28.36,16.87
2012-06-01,38.68,27.89,7.02
2012-06-02,24.34,27.45,9.13
2012-06-03,64.9,28.19,13.64
2012-06-04,42.28,27.91,10.8
2012-06-05,12.77,28.04,17.55
2012-06-06,5.32,28.13,17.42
2012-06-07,10.08,29.52,12.37
2012-06-08,3.38,29.6,16.57
2012-06-09,12.69,29.11,11.65
2012-06-10,23.23,27.89,17.1
2012-06-11,52.06,28.23,19.22
2012-06-12,22.83,28.82,18.08
2012-06-13,33.44,28.41,22.05
2012-06-14,73.83,28.09,14.87
2012-06-15,71.55,27.6,1.53
2012-06-16,19.87,26.28,3.36
2012-06-17,5.94,27.83,15.09
2012-06-18,9.42,28.95,21.37
2012-06-19,8.92,28.18,19.36
2012-06-20,11.68,28.59,20.72
2012-06-21,13.15,28.46,15.65
2012-06-22,19.76,27.01,14.83
2012-06-23,35.97,26.96,14.34
2012-06-24,31.15,27.38,8.33
2012-06-25,67.09,27.0,6.6
2012-06-26,45.72,26.99,9.1
2012-06-27,10.88,27.16,8.2
2012-06-28,1.02,28.23,12.19
2012-06-29,0.0,28.98,22.3
2012-06-30,0.05,29.4,21.67
2012-07-01,15.8,29.03,23.53
2012-07-02,31.29,28.6,23.05
2012-07-03,6.3,27.5,19.17
2012-07-04,3.96,26.98,18.16
2012-07-05,13.35,28.04,17.72
2012-07-06,6.24,28.11,20.31
2012-07-07,6.58,28.1,18.06
2012-07-08,1.35,28.08,20.5
2012-07-09,21.4,27.97,17.17
2012-07-10,14.94,28.2,15.62
2012-07-11,16.9,27.75,19.97
2012-07-12,12.07,28.09,17.06
2012-07-13,44.82,27.83,15.44
2012-07-14,50.69,27.51,8.41
2012-07-15,16.19,27.18,7.62
2012-07-16,8.26,27.1,19.79
2012-07-17,58.67,27.69,19.23
2012-07-18,29.61,27.64,13.14
2012-07-19,14.5,28.52,20.01
2012-07-20,40.61,29.04,23.33
2012-07-21,20.64,28.3,17.58
2012-07-22,17.58,27.62,17.44
2012-07-23,16.93,27.78,18.89
2012-07-24,11.02,27.59,18.04
2012-07-25,12.24,28.4,20.16
2012-07-26,9.01,28.24,19.56
2012-07-27,22.05,27.99,13.26
2012-07-28,15.94,26.99,17.68
2012-07-29,10.67,27.61,15.38
2012-07-30,2.96,28.4,21.35
2012-07-31,0.51,28.32,19.33
2012-08-01,12.48,27.61,14.57
2012-08-02,10.61,26.98,15.71
2012-08-03,11.23,28.63,22.69
2012-08-04,19.38,28.57,24.0
2012-08-05,36.33,28.57,17.8
2012-08-06,17.48,27.85,18.91
2012-08-07,11.82,27.06,20.37
2012-08-08,9.76,26.68,17.78
2012-08-09,27.6,28.67,23.25
2012-08-10,36.6,28.13,16.54
2012-08-11,8.96,27.44,20.59
2012-08-12,12.05,26.84,15.3
2012-08-13,6.85,27.29,14.79
2012-08-14,23.63,28.09,18.84
2012-08-15,12.82,27.97,21.59
2012-08-16,19.57,29.31,18.79
2012-08-17,8.57,28.9,20.87
2012-08-18,1.96,28.47,19.37
2012-08-19,13.49,27.78,15.56
2012-08-20,22.57,26.08,10.1
2012-08-21,50.7,26.82,11.76
2012-08-22,69.2,27.52,16.05
2012-08-23,21.95,27.07,10.53
2012-08-24,0.96,28.18,20.37
2012-08-25,3.48,27.41,21.29
2012-08-26,13.11,26.87,10.83
2012-08-27,6.01,27.04,19.03
2012-08-28,15.89,27.71,20.3
2012-08-29,15.54,27.78,17.16
2012-08-30,16.55,27.25,15.96
2012-08-31,1.87,27.77,17.97
2012-09-01,2.22,27.67,20.15
2012-09-02,27.4,27.24,15.18
2012-09-03,10.56,27.23,7.11
2012-09-04,13.09,26.2,14.34
2012-09-05,7.37,26.63,14.84
2012-09-06,6.86,28.13,18.46
2012-09-07,0.22,29.89,23.4
2012-09-08,2.91,30.16,21.71
2012-09-09,6.5,28.32,13.63
2012-09-10,6.16,27.58,17.73
2012-09-11,16.28,26.74,12.52
2012-09-12,13.27,26.77,11.31
2012-09-13,5.28,26.49,11.32
2012-09-14,19.66,26.32,14.18
2012-09-15,20.44,27.07,18.6
2012-09-16,15.03,26.79,7.25
2012-09-17,8.03,27.29,17.42
2012-09-18,3.4,27.03,16.62
2012-09-19,3.27,27.04,17.9
2012-09-20,3.5,26.99,15.57
2012-09-21,1.85,26.79,16.04
2012-09-22,2.94,26.4,17.16
2012-09-23,26.19,26.57,17.49
2012-09-24,12.72,26.64,13.61
2012-09-25,1.51,27.36,19.6
2012-09-26,0.77,27.67,19.24
2012-09-27,0.29,28.56,17.45
2012-09-28,0.08,29.64,19.03
2012-09-29,0.66,27.6,12.29
2012-09-30,3.94,26.34,12.68
2012-10-01,20.06,26.08,12.72
2012-10-02,13.4,26.2,11.73
2012-10-03,15.24,26.25,14.47
2012-10-04,13.88,26.01,6.1
2012-10-05,8.35,26.55,11.47
2012-10-06,2.8,26.55,14.26
2012-10-07,0.0,27.46,20.24
2012-10-08,1.46,27.84,17.99
2012-10-09,59.46,27.6,14.67
2012-10-10,8.03,27.05,13.55
2012-10-11,15.84,25.14,8.2
2012-10-12,2.41,25.54,10.06
2012-10-13,0.06,25.59,15.65
2012-10-14,0.06,25.37,14.59
2012-10-15,0.0,26.13,16.24
2012-10-16,0.01,26.67,19.55
2012-10-17,0.03,26.55,19.1
2012-10-18,0.0,26.69,17.65
2012-10-19,0.49,26.11,16.79
2012-10-20,0.0,25.66,18.83
2012-10-21,0.0,25.7,19.15
2012-10-22,0.0,25.27,20.13
2012-10-23,0.0,24.72,19.42
2012-10-24,0.0,24.15,18.65
2012-10-25,0.0,22.96,19.07
2012-10-26,0.0,23.9,19.24
2012-10-27,0.0,24.34,18.85
2012-10-28,0.0,25.15,18.68
2012-10-29,0.0,25.84,19.24
2012-10-30,0.0,26.0,18.99
2012-10-31,0.0,25.82,18.79
2012-11-01,0.0,25.32,17.05
2012-11-02,0.09,24.38,15.65
2012-11-03,1.49,22.46,6.52
2012-11-04,5.08,23.21,7.74
2012-11-05,8.93,23.42,6.01
2012-11-06,14.69,23.52,5.71
2012-11-07,3.34,22.95,12.18
2012-11-08,0.01,21.54,11.92
2012-11-09,0.02,20.99,13.91
2012-11-10,0.0,21.27,16.63
2012-11-11,0.0,21.53,17.35
2012-11-12,0.0,21.69,16.89
2012-11-13,0.0,22.29,16.5
2012-11-14,0.0,21.59,16.17
2012-11-15,0.0,21.68,17.26
2012-11-16,0.0,22.79,17.7
2012-11-17,0.0,23.64,16.63
2012-11-18,0.0,23.56,12.55
2012-11-19,0.02,23.83,16.14
2012-11-20,0.0,23.6,11.37
2012-11-21,0.0,23.6,15.81
2012-11-22,0.0,20.36,16.65
2012-11-23,0.0,19.52,16.59
2012-11-24,0.0,18.18,16.45
2012-11-25,0.0,17.34,15.81
2012-11-26,0.0,17.92,15.31
2012-11-27,0.0,17.6,15.48
2012-11-28,0.0,18.03,15.28
2012-11-29,0.0,18.38,15.62
2012-11-30,0.0,18.54,15.77
2012-12-01,0.0,18.96,15.84
2012-12-02,0.0,19.54,15.79
2012-12-03,0.0,19.34,15.82
2012-12-04,0.0,18.84,15.97
2012-12-05,0.0,19.09,14.0
2012-12-06,0.0,19.56,14.83
2012-12-07,0.0,18.4,12.42
2012-12-08,0.0,17.92,11.96
2012-12-09,0.0,17.59,10.62
2012-12-10,0.0,17.21,10.63
2012-12-11,0.0,18.65,10.37
2012-12-12,0.16,18.7,10.46
2012-12-13,0.01,18.29,13.33
2012-12-14,0.0,18.31,13.92
2012-12-15,0.0,18.37,15.2
2012-12-16,0.0,18.52,14.99
2012-12-17,0.0,17.67,12.87
2012-12-18,0.0,17.55,9.32
2012-12-19,0.0,16.13,9.84
2012-12-20,0.0,15.38,8.48
2012-12-21,0.0,15.79,10.03
2012-12-22,0.0,15.72,9.15
2012-12-23,0.0,18.47,14.9
2012-12-24,0.0,18.15,12.38
2012-12-25,0.0,16.48,7.31
2012-12-26,0.0,15.12,13.01
2012-12-27,0.0,15.83,9.16
2012-12-28,0.0,15.74,6.78
2012-12-29,0.0,15.61,10.58
2012-12-30,0.64,15.67,10.13
2012-12-31,42.8,15.03,11.73
2013-01-01,0.0,16.09,15.27
2013-01-02,0.0,17.2,15.91
2013-01-03,0.0,16.03,11.41
2013-01-04,0.0,17.82,14.45
2013-01-05,0.0,16.07,14.4
2013-01-06,0.0,15.57,14.64
2013-01-07,0.0,14.48,9.76
2013-01-08,0.0,12.18,12.84
2013-01-09,0.0,10.73,9.35
2013-01-10,0.0,10.81,9.43
2013-01-11,0.0,11.75,10.59
2013-01-12,0.0,14.75,14.91
2013-01-13,0.0,15.16,15.65
2013-01-14,0.0,15.95,15.95
2013-01-15,0.0,16.79,16.38
2013-01-16,0.0,17.33,16.12
2013-01-17,0.0,18.42,15.09
2013-01-18,0.0,19.35,15.93
2013-01-19,0.0,19.51,16.45
2013-01-20,0.0,19.72,15.39
2013-01-21,0.0,17.6,15.14
2013-01-22,0.0,16.74,16.9
2013-01-23,0.0,17.11,17.54
2013-01-24,0.0,16.11,17.99
2013-01-25,0.0,14.37,16.12
2013-01-26,0.0,14.65,17.31
2013-01-27,0.0,15.07,15.9
2013-01-28,0.0,18.12,15.18
2013-01-29,0.0,17.49,17.6
2013-01-30,0.0,16.81,17.23
2013-01-31,0.0,18.13,16.47
2013-02-01,0.0,18.27,13.75
2013-02-02,0.0,18.96,17.68
2013-02-03,0.0,18.86,16.15
2013-02-04,0.0,19.42,17.87
2013-02-05,0.0,21.15,18.55
2013-02-06,0.0,21.51,19.07
2013-02-07,0.0,21.86,16.76
2013-02-08,0.0,20.82,13.65
2013-02-09,0.0,19.61,18.17
2013-02-10,0.0,18.88,19.52
2013-02-11,0.0,18.75,20.32
2013-02-12,0.0,19.24,18.1
2013-02-13,0.0,19.4,16.85
2013-02-14,0.0,19.8,19.73
2013-02-15,0.0,21.05,20.39
2013-02-16,0.0,22.11,14.69
2013-02-17,2.3,21.68,7.98
2013-02-18,7.23,18.44,14.99
2013-02-19,0.0,19.05,17.63
2013-02-20,0.0,18.94,20.89
2013-02-21,0.0,20.69,21.43
2013-02-22,0.0,22.18,21.33
2013-02-23,0.0,23.3,20.82
2013-02-24,0.0,22.96,21.13
2013-02-25,0.0,23.1,20.37
2013-02-26,0.0,22.84,21.6
2013-02-27,0.0,22.21,21.64
2013-02-28,0.0,22.32,22.04
2013-03-01,0.0,21.18,22.12
2013-03-02,0.0,20.75,21.59
2013-03-03,0.0,21.68,21.9
2013-03-04,0.0,22.09,22.27
2013-03-05,0.0,23.02,21.71
2013-03-06,0.0,23.22,21.52
2013-03-07,0.0,23.12,21.88
2013-03-08,0.0,24.12,19.8
2013-03-09,0.0,23.47,20.89
2013-03-10,0.0,24.57,21.5
2013-03-11,0.51,24.47,21.41
2013-03-12,0.17,24.78,17.9
2013-03-13,4.65,24.62,17.89
2013-03-14,0.02,25.72,18.64
2013-03-15,0.0,26.84,18.27
2013-03-16,0.0,26.75,19.78
2013-03-17,0.96,25.39,19.69
2013-03-18,0.43,23.64,22.83
2013-03-19,0.0,23.97,22.67
2013-03-20,0.0,24.89,22.09
2013-03-21,4.3,25.82,19.48
2013-03-22,6.61,25.82,18.05
2013-03-23,4.58,26.39,20.45
2013-03-24,2.37,26.54,18.13
2013-03-25,0.22,26.27,19.95
2013-03-26,0.16,26.2,22.39
2013-03-27,0.0,26.85,21.46
2013-03-28,0.0,26.02,19.82
2013-03-29,0.0,26.6,18.16
2013-03-30,1.02,27.33,21.35
2013-03-31,5.47,27.49,19.83
2013-04-01,3.08,27.67,19.35
2013-04-02,1.49,28.44,21.03
2013-04-03,0.98,28.32,20.15
2013-04-04,0.55,28.53,22.82
2013-04-05,0.06,27.46,25.51
2013-04-06,0.0,26.05,25.81
2013-04-07,0.0,27.39,23.29
2013-04-08,0.0,28.38,22.4
2013-04-09,0.0,29.34,22.39
2013-04-10,4.59,29.3,21.7
2013-04-11,2.62,28.85,21.36
2013-04-12,0.03,29.7,20.42
2013-04-13,0.1,30.22,18.75
2013-04-14,5.91,29.27,15.66
2013-04-15,36.08,27.02,17.37
2013-04-16,9.44,24.63,15.81
2013-04-17,9.57,25.39,15.88
2013-04-18,9.9,26.32,17.3
2013-04-19,12.02,25.39,23.3
2013-04-20,1.14,24.53,22.21
2013-04-21,0.92,25.28,19.1
2013-04-22,3.09,24.79,8.18
2013-04-23,0.08,26.17,25.21
2013-04-24,0.0,27.58,26.12
2013-04-25,0.0,29.17,24.29
2013-04-26,8.57,30.22,21.09
2013-04-27,28.8,27.85,16.11
2013-04-28,16.47,27.09,14.1
2013-04-29,9.78,27.94,15.76
2013-04-30,7.53,28.33,17.54
2013-05-01,43.83,28.2,15.54
2013-05-02,25.49,27.94,19.11
2013-05-03,35.04,27.82,19.18
2013-05-04,40.14,26.8,17.97
2013-05-05,65.21,25.26,18.19
2013-05-06,23.18,24.07,8.3
2013-05-07,40.08,25.54,9.82
2013-05-08,47.27,27.22,11.18
2013-05-09,33.25,27.71,10.13
2013-05-10,75.29,27.77,15.05
2013-05-11,58.59,27.87,14.64
2013-05-12,24.98,27.59,16.68
2013-05-13,17.25,26.47,18.21
2013-05-14,8.85,26.72,18.46
2013-05-15,3.51,27.04,17.09
2013-05-16,38.53,26.38,4.69
2013-05-17,16.0,26.58,17.5
2013-05-18,48.67,27.74,15.96
2013-05-19,10.43,27.85,20.1
2013-05-20,6.93,27.18,11.89
2013-05-21,1.5,27.11,19.23
2013-05-22,17.91,26.12,19.88
2013-05-23,30.22,25.85,5.43
2013-05-24,5.57,26.7,11.57
2013-05-25,0.66,27.17,18.93
2013-05-26,2.05,26.89,23.0
2013-05-27,15.48,27.57,21.26
2013-05-28,12.4,27.54,17.05
2013-05-29,30.96,29.0,18.07
2013-05-30,13.79,27.83,17.32
2013-05-31,2.7,27.08,13.25
2013-06-01,4.43,27.43,21.2
2013-06-02,2.29,27.6,23.57
2013-06-03,0.0,28.81,23.91
2013-06-04,22.21,29.02,19.86
2013-06-05,19.39,28.28,8.14
2013-06-06,6.27,27.62,17.14
2013-06-07,8.77,27.09,12.03
2013-06-08,8.55,27.27,11.17
2013-06-09,14.97,27.71,13.66
2013-06-10,3.76,28.35,18.04
2013-06-11,0.04,28.56,26.23
2013-06-12,2.68,30.2,23.13
2013-06-13,29.39,29.18,21.61
2013-06-14,17.13,27.86,21.76
2013-06-15,7.34,28.39,23.73
2013-06-16,2.96,28.73,22.83
2013-06-17,0.4,28.51,19.75
2013-06-18,4.02,28.54,22.05
2013-06-19,19.27,27.62,18.15
2013-06-20,7.53,28.37,24.19
2013-06-21,10.49,28.12,20.1
2013-06-22,30.7,29.43,23.81
2013-06-23,39.91,29.0,21.98
2013-06-24,17.53,29.02,19.6
2013-06-25,24.26,28.09,11.45
2013-06-26,25.1,27.91,13.2
2013-06-27,21.43,27.75,11.38
2013-06-28,22.75,27.6,13.56
2013-06-29,14.22,27.98,14.63
2013-06-30,4.93,28.47,14.66
2013-07-01,3.01,28.61,19.92
2013-07-02,22.92,27.55,13.96
2013-07-03,17.94,28.13,18.29
2013-07-04,31.54,27.69,18.46
2013-07-05,18.02,27.72,15.75
2013-07-06,21.31,27.44,11.42
2013-07-07,14.4,27.99,16.29
2013-07-08,5.86,27.73,20.97
2013-07-09,10.43,27.86,16.98
2013-07-10,14.66,27.9,21.57
2013-07-11,26.58,28.23,18.76
2013-07-12,5.4,27.25,14.93
2013-07-13,22.65,27.36,15.84
2013-07-14,14.92,27.95,20.25
2013-07-15,24.55,28.58,21.7
2013-07-16,18.11,29.0,20.16
2013-07-17,13.19,28.37,19.15
2013-07-18,3.98,27.46,17.5
2013-07-19,9.56,28.46,17.57
2013-07-20,20.2,28.22,19.55
2013-07-21,9.09,28.56,21.54
2013-07-22,7.23,29.6,23.24
2013-07-23,9.6,28.29,22.05
2013-07-24,28.67,28.98,20.41
2013-07-25,18.63,29.39,21.79
2013-07-26,10.89,28.41,16.45
2013-07-27,26.41,27.41,12.52
2013-07-28,16.25,27.63,14.85
2013-07-29,0.63,28.28,22.5
2013-07-30,9.21,28.44,19.71
2013-07-31,11.13,28.04,15.05
2013-08-01,2.98,27.41,19.16
2013-08-02,25.26,27.05,20.3
2013-08-03,13.94,27.59,19.03
2013-08-04,4.9,28.7,17.34
2013-08-05,6.41,26.86,11.35
2013-08-06,24.05,27.18,15.63
2013-08-07,55.05,27.1,9.45
2013-08-08,13.61,27.4,15.81
2013-08-09,4.19,26.63,20.87
2013-08-10,19.74,27.44,16.22
2013-08-11,17.54,26.37,12.5
2013-08-12,27.93,27.4,12.45
2013-08-13,10.83,26.81,16.34
2013-08-14,18.82,26.67,15.97
2013-08-15,19.32,26.2,10.13
2013-08-16,4.45,26.58,9.32
2013-08-17,9.67,27.79,19.81
2013-08-18,10.4,27.68,20.51
2013-08-19,9.14,27.97,16.64
2013-08-20,13.27,27.63,15.7
2013-08-21,3.4,27.72,14.1
2013-08-22,4.1,27.62,21.38
2013-08-23,24.75,27.87,22.99
2013-08-24,6.88,27.91,17.71
2013-08-25,2.38,28.2,16.64
2013-08-26,34.44,27.34,13.64
2013-08-27,14.92,27.72,13.97
2013-08-28,9.78,26.84,13.72
2013-08-29,4.71,27.04,14.41
2013-08-30,10.23,27.57,14.32
2013-08-31,12.85,27.61,17.75
2013-09-01,5.25,28.15,16.7
2013-09-02,11.02,27.23,15.61
2013-09-03,8.1,26.44,12.46
2013-09-04,24.48,26.6,14.77
2013-09-05,22.71,27.25,11.1
2013-09-06,16.23,26.91,13.74
2013-09-07,3.46,26.79,17.02
2013-09-08,8.63,27.03,11.57
2013-09-09,16.97,26.18,12.22
2013-09-10,17.36,25.68,16.17
2013-09-11,9.32,27.2,15.47
2013-09-12,0.21,28.56,23.22
2013-09-13,3.23,29.94,23.72
2013-09-14,2.6,28.82,14.23
2013-09-15,11.14,27.42,20.71
2013-09-16,9.14,27.61,18.96
2013-09-17,5.57,28.68,19.12
2013-09-18,13.24,28.09,19.89
2013-09-19,2.57,28.09,20.97
2013-09-20,3.26,28.1,17.93
2013-09-21,0.99,27.77,20.77
2013-09-22,5.67,28.51,18.89
2013-09-23,2.11,29.21,19.6
2013-09-24,4.73,29.75,17.47
2013-09-25,7.34,28.99,11.44
2013-09-26,14.01,28.68,17.38
2013-09-27,7.09,29.01,14.95
2013-09-28,12.95,27.03,12.24
2013-09-29,17.95,25.93,9.68
2013-09-30,7.8,25.09,10.04
2013-10-01,2.4,27.02,14.43
2013-10-02,1.4,28.36,19.3
2013-10-03,20.14,27.16,19.14
2013-10-04,31.37,25.33,7.86
2013-10-05,82.28,25.25,8.35
2013-10-06,62.33,25.0,4.35
2013-10-07,21.02,26.0,16.45
2013-10-08,0.55,24.22,15.05
2013-10-09,0.0,24.3,15.22
2013-10-10,0.0,26.92,20.41
2013-10-11,0.0,27.01,20.32
2013-10-12,5.51,26.96,18.82
2013-10-13,1.24,27.76,14.63
2013-10-14,0.82,27.57,16.22
2013-10-15,5.79,27.12,16.31
2013-10-16,4.78,26.61,17.27
2013-10-17,0.6,26.98,18.96
2013-10-18,2.23,27.54,18.07
2013-10-19,2.64,27.15,18.76
2013-10-20,18.77,26.42,13.12
2013-10-21,27.15,24.79,12.13
2013-10-22,7.01,23.9,8.26
2013-10-23,0.01,25.59,13.8
2013-10-24,0.0,25.73,17.21
2013-10-25,23.88,23.34,8.83
2013-10-26,1.06,22.67,6.11
2013-10-27,0.75,23.04,14.76
2013-10-28,0.52,23.58,15.88
2013-10-29,0.61,23.13,15.1
2013-10-30,0.12,23.06,17.81
2013-10-31,0.0,22.47,17.05
2013-11-01,0.0,22.37,17.22
2013-11-02,0.0,22.25,15.96
2013-11-03,0.0,22.86,15.41
2013-11-04,0.0,22.48,16.83
2013-11-05,0.0,22.64,17.51
2013-11-06,0.0,23.18,18.28
2013-11-07,0.0,23.16,18.48
2013-11-08,0.0,23.48,18.3
2013-11-09,0.0,24.32,18.17
2013-11-10,0.0,24.57,18.31
2013-11-11,0.0,23.99,18.13
2013-11-12,0.0,23.56,18.17
2013-11-13,0.0,22.43,17.55
2013-11-14,0.0,22.9,18.03
2013-11-15,0.0,23.34,17.6
2013-11-16,0.0,23.92,17.66
2013-11-17,0.0,24.02,13.67
2013-11-18,0.0,23.17,16.8
2013-11-19,0.0,21.88,17.34
2013-11-20,0.0,21.85,17.26
2013-11-21,0.0,21.84,17.35
2013-11-22,0.0,21.59,17.26
2013-11-23,0.0,21.33,17.09
2013-11-24,0.0,21.87,15.91
2013-11-25,0.0,21.65,16.63
2013-11-26,0.0,21.89,16.6
2013-11-27,0.0,21.72,15.2
2013-11-28,0.0,21.95,15.32
2013-11-29,0.0,21.86,15.3
2013-11-30,0.0,22.31,14.92
2013-12-01,0.0,22.77,15.29
2013-12-02,0.0,22.36,15.51
2013-12-03,0.0,22.2,15.72
2013-12-04,0.0,22.03,15.76
2013-12-05,0.0,22.11,15.83
2013-12-06,0.0,21.47,14.97
2013-12-07,0.0,21.85,13.94
2013-12-08,0.0,21.24,14.28
2013-12-09,0.0,20.5,12.53
2013-12-10,0.0,19.93,15.67
2013-12-11,0.0,19.48,15.8
2013-12-12,0.0,18.38,14.92
2013-12-13,0.0,17.04,13.35
2013-12-14,0.0,17.6,12.19
2013-12-15,0.03,18.93,14.15
2013-12-16,0.0,17.37,16.16
2013-12-17,0.0,16.94,15.63
2013-12-18,0.0,16.23,14.67
2013-12-19,0.0,16.7,11.17
2013-12-20,1.25,17.5,10.44
2013-12-21,0.0,17.79,10.07
2013-12-22,0.03,17.24,12.94
2013-12-23,0.0,17.84,7.72
2013-12-24,0.0,17.74,12.0
2013-12-25,0.0,17.51,10.18
2013-12-26,0.0,15.66,8.93
2013-12-27,0.0,16.32,8.66
2013-12-28,0.0,16.02,11.77
2013-12-29,0.0,15.7,12.32
2013-12-30,0.0,17.33,11.51
2013-12-31,0.0,17.21,14.43
2014-01-01,0.0,17.55,15.35
2014-01-02,0.0,17.38,14.95
2014-01-03,0.0,16.12,14.54
2014-01-04,0.0,16.71,14.51
2014-01-05,0.0,16.24,12.25
2014-01-06,0.0,15.81,9.09
2014-01-07,0.0,15.74,11.19
2014-01-08,0.0,15.39,13.69
2014-01-09,0.0,15.89,11.76
2014-01-10,0.0,16.55,12.92
2014-01-11,0.0,17.88,15.1
2014-01-12,0.0,17.89,13.49
2014-01-13,0.0,18.55,15.17
2014-01-14,0.0,18.43,14.71
2014-01-15,0.0,18.02,12.56
2014-01-16,0.0,17.46,11.22
2014-01-17,0.0,19.28,13.65
2014-01-18,0.0,20.42,15.25
2014-01-19,0.45,19.37,14.47
2014-01-20,0.0,18.62,15.62
2014-01-21,0.0,19.23,15.28
2014-01-22,0.0,19.25,16.11
2014-01-23,0.0,19.72,16.95
2014-01-24,0.0,18.94,16.72
2014-01-25,0.0,18.89,15.99
2014-01-26,0.0,18.3,16.6
2014-01-27,0.0,17.75,15.31
2014-01-28,0.0,17.12,11.6
2014-01-29,0.0,19.58,15.91
2014-01-30,0.0,19.02,16.38
2014-01-31,0.0,18.94,18.36
2014-02-01,0.0,19.08,17.75
2014-02-02,0.0,19.34,17.21
2014-02-03,0.0,18.42,14.83
2014-02-04,0.0,17.1,13.76
2014-02-05,0.0,17.45,14.42
2014-02-06,0.0,18.04,15.55
2014-02-07,0.0,19.07,18.02
2014-02-08,0.0,19.46,16.39
2014-02-09,0.03,20.07,13.42
2014-02-10,0.47,19.58,13.73
2014-02-11,0.0,19.42,15.78
2014-02-12,0.07,18.82,17.12
2014-02-13,0.0,18.8,19.79
2014-02-14,0.0,18.02,17.62
2014-02-15,13.23,18.65,4.62
2014-02-16,5.49,17.37,7.09
2014-02-17,10.91,16.52,5.34
2014-02-18,0.01,16.55,18.17
2014-02-19,0.0,18.28,20.76
2014-02-20,0.0,18.83,21.2
2014-02-21,0.0,19.11,20.55
2014-02-22,0.0,19.54,20.45
2014-02-23,0.0,20.7,15.31
2014-02-24,0.0,20.49,18.45
2014-02-25,0.0,20.59,19.92
2014-02-26,0.0,20.67,20.98
2014-02-27,0.0,20.66,19.36
2014-02-28,0.35,21.4,12.87
2014-03-01,0.0,21.97,18.16
2014-03-02,0.0,21.55,16.09
2014-03-03,0.0,21.34,19.62
2014-03-04,0.0,21.31,16.96
2014-03-05,0.0,20.69,20.96
2014-03-06,0.0,20.43,21.94
2014-03-07,0.0,20.64,20.84
2014-03-08,0.0,21.07,22.91
2014-03-09,0.0,20.49,23.32
2014-03-10,0.0,21.75,21.7
2014-03-11,0.0,22.53,21.37
2014-03-12,0.0,23.2,22.12
2014-03-13,0.0,24.08,17.68
2014-03-14,0.0,24.69,20.46
2014-03-15,0.0,24.14,22.37
2014-03-16,0.0,24.58,21.78
2014-03-17,0.0,24.46,22.89
2014-03-18,0.0,25.92,22.23
2014-03-19,8.57,26.2,19.91
2014-03-20,4.81,25.88,19.91
2014-03-21,0.04,25.46,21.28
2014-03-22,6.44,25.74,22.19
2014-03-23,1.32,24.21,22.56
2014-03-24,7.85,24.52,19.49
2014-03-25,13.36,24.84,20.6
2014-03-26,3.05,25.59,22.08
2014-03-27,0.61,27.25,18.66
2014-03-28,0.05,26.68,21.55
2014-03-29,0.0,26.26,24.28
2014-03-30,0.0,26.63,24.26
2014-03-31,0.0,26.4,23.32
2014-04-01,0.21,26.8,21.88
2014-04-02,0.02,27.95,20.97
2014-04-03,13.85,28.16,21.63
2014-04-04,1.17,26.41,16.74
2014-04-05,1.72,26.53,21.72
2014-04-06,0.47,27.1,12.0
2014-04-07,10.95,27.12,16.27
2014-04-08,22.74,26.98,17.81
2014-04-09,9.93,27.4,16.26
2014-04-10,2.31,27.65,21.79
2014-04-11,0.0,27.91,25.53
2014-04-12,0.0,28.04,24.33
2014-04-13,0.0,27.81,24.04
2014-04-14,0.0,29.41,24.16
2014-04-15,0.0,30.09,21.7
2014-04-16,0.13,29.7,22.85
2014-04-17,0.44,29.66,18.62
2014-04-18,0.63,30.27,23.96
2014-04-19,1.88,31.38,20.74
2014-04-20,0.31,31.18,24.95
2014-04-21,0.0,31.38,24.86
2014-04-22,0.0,30.79,26.55
2014-04-23,0.0,30.86,25.32
2014-04-24,0.0,30.36,25.02
2014-04-25,0.12,31.55,20.85
2014-04-26,2.23,31.83,23.37
2014-04-27,12.91,31.42,24.09
2014-04-28,15.08,28.94,20.56
2014-04-29,5.69,29.84,22.88
2014-04-30,2.31,30.41,25.56
2014-05-01,7.85,29.19,16.35
2014-05-02,15.19,29.04,22.59
2014-05-03,13.51,27.95,19.49
2014-05-04,22.4,26.92,22.94
2014-05-05,8.32,25.48,19.68
2014-05-06,10.71,27.08,23.11
2014-05-07,28.56,27.58,15.76
2014-05-08,57.45,26.62,11.71
2014-05-09,38.27,28.29,19.15
2014-05-10,13.62,28.2,16.47
2014-05-11,12.43,27.58,12.24
2014-05-12,8.97,27.78,19.37
2014-05-13,13.3,28.49,20.36
2014-05-14,8.93,28.4,20.21
2014-05-15,14.28,28.54,18.89
2014-05-16,2.42,29.08,21.07
2014-05-17,19.04,28.47,22.58
2014-05-18,5.04,28.99,22.4
2014-05-19,0.09,29.78,21.79
2014-05-20,0.1,30.43,23.24
2014-05-21,1.48,30.34,23.62
2014-05-22,8.4,29.28,22.59
2014-05-23,0.28,29.95,24.69
2014-05-24,2.82,29.93,12.5
2014-05-25,12.55,28.17,24.03
2014-05-26,5.38,28.75,24.62
2014-05-27,6.12,28.2,18.55
2014-05-28,25.23,28.61,11.96
2014-05-29,12.3,27.88,20.56
2014-05-30,31.38,28.29,8.68
2014-05-31,24.67,26.95,12.51
2014-06-01,11.9,28.46,14.92
2014-06-02,14.67,28.22,15.29
2014-06-03,19.07,28.22,14.74
2014-06-04,4.18,28.88,19.3
2014-06-05,0.13,29.01,18.92
2014-06-06,0.07,29.52,21.73
2014-06-07,0.0,29.16,21.54
2014-06-08,5.48,29.0,19.41
2014-06-09,6.98,28.7,17.04
2014-06-10,52.25,28.54,14.14
2014-06-11,37.93,28.72,15.24
2014-06-12,23.43,29.1,14.83
2014-06-13,39.86,29.9,12.28
2014-06-14,0.99,29.04,23.33
2014-06-15,6.37,29.08,20.4
2014-06-16,31.44,28.64,15.88
2014-06-17,21.32,28.31,17.22
2014-06-18,27.5,27.4,16.52
2014-06-19,40.49,28.01,15.63
2014-06-20,40.72,27.62,8.3
2014-06-21,54.35,27.57,6.11
2014-06-22,77.21,27.95,5.34
2014-06-23,34.1,28.02,4.6
2014-06-24,2.01,27.71,15.32
2014-06-25,2.8,29.01,22.48
2014-06-26,13.22,28.19,11.58
2014-06-27,8.95,28.02,13.33
2014-06-28,11.1,28.54,19.4
2014-06-29,14.54,28.41,16.86
2014-06-30,16.46,28.72,18.0
2014-07-01,11.17,29.08,21.68
2014-07-02,6.69,29.43,21.01
2014-07-03,9.47,27.59,12.98
2014-07-04,6.31,27.24,13.35
2014-07-05,7.47,28.2,11.53
2014-07-06,27.07,28.28,16.1
2014-07-07,15.06,27.89,17.37
2014-07-08,18.53,27.78,13.95
2014-07-09,20.46,28.6,19.73
2014-07-10,6.76,28.36,18.14
2014-07-11,3.68,28.66,21.8
2014-07-12,8.78,29.21,23.53
2014-07-13,13.48,28.7,22.43
2014-07-14,21.15,29.48,17.83
2014-07-15,6.92,28.61,19.2
2014-07-16,4.93,27.15,13.9
2014-07-17,5.36,27.91,17.8
2014-07-18,4.9,28.57,19.61
2014-07-19,5.14,29.75,17.5
2014-07-20,10.54,29.82,21.38
2014-07-21,7.13,28.95,14.8
2014-07-22,0.78,27.85,18.79
2014-07-23,5.44,26.75,16.94
2014-07-24,7.43,27.28,21.04
2014-07-25,2.11,28.42,22.42
2014-07-26,12.89,29.14,23.65
2014-07-27,21.59,28.78,19.33
2014-07-28,12.98,28.85,19.63
2014-07-29,13.82,27.54,18.5
2014-07-30,4.41,29.46,23.25
2014-07-31,9.96,28.07,21.39
2014-08-01,4.86,28.25,20.44
2014-08-02,5.21,28.72,21.06
2014-08-03,18.23,28.59,18.33
2014-08-04,3.7,28.39,16.83
2014-08-05,11.83,28.8,18.01
2014-08-06,7.47,27.87,20.34
2014-08-07,22.64,28.66,19.11
2014-08-08,29.59,29.1,21.75
2014-08-09,3.57,28.08,21.13
2014-08-10,4.93,27.84,16.28
2014-08-11,7.88,27.54,18.21
2014-08-12,5.67,27.6,17.72
2014-08-13,46.09,27.88,9.75
2014-08-14,37.39,27.12,4.02
2014-08-15,35.12,27.36,5.78
2014-08-16,29.41,27.09,10.67
2014-08-17,22.25,27.58,13.53
2014-08-18,38.31,27.79,18.0
2014-08-19,53.03,27.52,8.97
2014-08-20,28.99,27.43,14.5
2014-08-21,14.68,27.16,14.15
2014-08-22,18.54,26.78,12.58
2014-08-23,42.8,26.83,14.32
2014-08-24,51.71,27.07,8.76
2014-08-25,35.72,26.68,6.6
2014-08-26,4.12,27.13,17.89
2014-08-27,9.23,26.34,17.04
2014-08-28,4.99,27.75,16.6
2014-08-29,0.46,28.93,23.57
2014-08-30,5.39,29.06,16.96
2014-08-31,12.95,27.74,19.56
2014-09-01,6.83,27.36,19.01
2014-09-02,2.24,28.15,21.35
2014-09-03,4.67,27.36,21.03
2014-09-04,13.12,26.47,15.71
2014-09-05,11.18,27.43,18.68
2014-09-06,51.69,28.43,20.95
2014-09-07,21.67,27.64,18.3
2014-09-08,1.83,26.87,15.8
2014-09-09,0.6,27.5,16.82
2014-09-10,3.56,27.41,20.51
2014-09-11,1.51,27.2,17.1
2014-09-12,1.91,27.76,19.2
2014-09-13,11.81,27.42,17.6
2014-09-14,9.73,27.72,18.87
2014-09-15,27.6,27.84,11.8
2014-09-16,4.62,27.79,21.01
2014-09-17,0.0,29.64,20.87
2014-09-18,42.24,29.35,12.89
2014-09-19,65.88,26.79,8.88
2014-09-20,24.86,26.3,9.65
2014-09-21,50.51,26.01,10.0
2014-09-22,90.88,26.34,3.78
2014-09-23,59.39,26.13,7.18
2014-09-24,22.19,26.4,17.31
2014-09-25,25.28,25.93,12.8
2014-09-26,27.86,25.65,5.86
2014-09-27,16.99,26.5,15.35
2014-09-28,1.44,27.05,20.1
2014-09-29,0.44,26.87,20.23
2014-09-30,0.01,27.06,20.84
2014-10-01,0.0,27.73,20.81
2014-10-02,0.0,27.58,20.41
2014-10-03,0.0,27.65,19.36
2014-10-04,0.0,28.04,20.73
2014-10-05,0.0,28.67,21.3
2014-10-06,0.02,28.41,21.55
2014-10-07,4.46,27.73,19.99
2014-10-08,11.66,27.62,21.01
2014-10-09,0.06,27.66,19.92
2014-10-10,5.47,27.35,18.53
2014-10-11,3.58,26.99,8.05
2014-10-12,2.93,26.25,13.84
2014-10-13,4.49,26.47,16.0
2014-10-14,2.79,26.33,15.21
2014-10-15,23.99,26.62,14.26
2014-10-16,0.43,25.78,14.06
2014-10-17,0.0,25.54,18.37
2014-10-18,0.04,24.86,15.78
2014-10-19,0.05,24.5,17.88
2014-10-20,0.0,25.46,19.81
2014-10-21,0.0,25.48,20.11
2014-10-22,0.0,25.88,19.82
2014-10-23,0.0,25.46,19.34
2014-10-24,0.19,25.18,19.07
2014-10-25,0.01,25.53,19.79
2014-10-26,0.71,23.42,9.36
2014-10-27,0.11,22.55,8.7
2014-10-28,0.03,22.26,10.19
2014-10-29,0.0,23.19,18.55
2014-10-30,0.06,23.36,19.13
2014-10-31,0.0,23.63,18.08
2014-11-01,0.0,23.76,18.31
2014-11-02,0.0,24.37,17.88
2014-11-03,0.0,24.16,17.94
2014-11-04,0.0,24.14,18.18
2014-11-05,0.0,24.05,16.99
2014-11-06,0.0,24.65,17.31
2014-11-07,0.0,25.26,18.33
2014-11-08,0.0,25.14,15.8
2014-11-09,0.0,24.9,13.6
2014-11-10,0.0,24.14,15.32
2014-11-11,0.0,22.92,17.02
2014-11-12,0.0,22.6,16.58
2014-11-13,0.0,22.93,16.0
2014-11-14,0.0,22.75,16.3
2014-11-15,0.0,21.33,16.36
2014-11-16,0.0,21.21,15.93
2014-11-17,0.0,21.33,16.19
2014-11-18,0.0,21.93,16.72
2014-11-19,0.0,22.41,17.16
2014-11-20,0.0,21.98,16.4
2014-11-21,0.01,21.29,15.97
2014-11-22,0.0,20.47,15.42
2014-11-23,0.0,19.66,14.58
2014-11-24,0.0,19.89,15.06
2014-11-25,0.0,19.99,16.35
2014-11-26,0.0,19.69,16.05
2014-11-27,0.0,18.93,14.99
2014-11-28,0.0,19.14,15.2
2014-11-29,0.0,19.1,14.42
2014-11-30,0.0,19.96,15.69
2014-12-01,0.0,20.6,16.05
2014-12-02,0.0,21.39,15.21
2014-12-03,0.0,21.16,15.01
2014-12-04,0.0,21.56,15.32
2014-12-05,0.0,21.41,15.88
2014-12-06,0.0,20.98,15.59
2014-12-07,0.0,20.12,14.46
2014-12-08,0.0,19.36,8.87
2014-12-09,0.0,18.7,9.61
2014-12-10,0.0,17.27,10.68
2014-12-11,0.01,16.96,11.03
2014-12-12,2.25,18.33,9.37
2014-12-13,0.0,18.75,9.5
2014-12-14,0.0,20.08,8.31
2014-12-15,0.0,20.38,9.37
2014-12-16,0.0,20.27,15.37
2014-12-17,0.0,18.61,12.36
2014-12-18,0.0,16.87,7.8
2014-12-19,0.0,18.15,15.15
2014-12-20,0.0,17.89,14.75
2014-12-21,0.0,18.24,14.83
2014-12-22,0.0,18.01,15.34
2014-12-23,0.0,17.99,15.65
2014-12-24,0.0,18.07,15.85
2014-12-25,0.0,18.2,15.72
2014-12-26,0.0,16.91,12.99
2014-12-27,0.0,16.47,12.92
2014-12-28,0.0,18.31,12.16
2014-12-29,0.0,17.55,12.64
2014-12-30,0.0,18.18,11.0
2014-12-31,0.0,18.15,9.72
2015-01-01,0.0,19.79,8.94
2015-01-02,0.0,21.69,12.21
2015-01-03,0.59,22.21,12.82
2015-01-04,7.1,20.94,9.01
2015-01-05,0.56,18.16,12.34
2015-01-06,0.0,17.0,15.43
2015-01-07,0.0,16.62,13.57
2015-01-08,0.02,16.61,14.31
2015-01-09,0.03,17.51,11.12
2015-01-10,0.0,16.54,12.76
2015-01-11,0.0,17.26,10.08
2015-01-12,0.0,17.31,14.08
2015-01-13,0.0,17.8,14.66
2015-01-14,0.0,19.15,16.11
2015-01-15,0.0,19.37,16.42
2015-01-16,0.09,18.84,16.54
2015-01-17,0.77,19.76,11.48
2015-01-18,3.06,17.66,9.42
2015-01-19,0.0,16.93,8.59
2015-01-20,0.0,17.52,13.01
2015-01-21,0.0,17.91,13.44
2015-01-22,0.0,18.51,16.48
2015-01-23,0.0,18.25,16.52
2015-01-24,0.0,18.27,16.78
2015-01-25,0.0,18.06,17.17
2015-01-26,0.0,18.01,17.31
2015-01-27,0.0,18.23,16.68
2015-01-28,0.0,19.19,16.09
2015-01-29,0.0,19.04,15.46
2015-01-30,0.21,17.87,14.27
2015-01-31,0.0,15.87,17.58
2015-02-01,0.0,16.19,18.22
2015-02-02,0.0,17.36,18.5
2015-02-03,0.0,18.83,18.9
2015-02-04,0.0,19.47,18.03
2015-02-05,0.0,20.19,16.17
2015-02-06,0.0,18.42,15.44
2015-02-07,0.0,17.73,17.6
2015-02-08,0.0,18.09,17.28
2015-02-09,0.0,18.64,17.57
2015-02-10,0.0,19.91,14.42
2015-02-11,0.0,19.12,14.19
2015-02-12,0.0,18.89,18.69
2015-02-13,0.0,19.0,17.3
2015-02-14,0.03,18.87,16.89
2015-02-15,0.48,19.19,10.28
2015-02-16,0.0,20.23,17.25
2015-02-17,0.03,20.86,18.85
2015-02-18,2.26,21.33,13.81
2015-02-19,14.56,20.88,12.69
2015-02-20,0.0,20.7,17.82
2015-02-21,4.49,21.52,18.23
2015-02-22,6.48,22.05,14.81
2015-02-23,0.0,22.91,19.86
2015-02-24,0.0,24.39,15.34
2015-02-25,0.0,23.69,17.31
2015-02-26,0.58,23.6,14.19
2015-02-27,1.74,22.86,14.77
2015-02-28,0.0,22.95,16.97
2015-03-01,0.0,24.82,16.32
2015-03-02,0.0,24.89,17.24
2015-03-03,0.01,23.01,18.19
2015-03-04,7.78,19.93,6.89
2015-03-05,0.02,20.35,17.69
2015-03-06,0.0,20.52,23.06
2015-03-07,0.0,21.1,23.23
2015-03-08,0.0,21.81,22.99
2015-03-09,0.0,23.49,22.93
2015-03-10,0.0,23.57,22.93
2015-03-11,0.0,23.44,22.86
2015-03-12,0.0,23.92,24.66
2015-03-13,0.0,23.77,23.22
2015-03-14,0.0,24.46,21.66
2015-03-15,0.0,25.38,22.29
2015-03-16,0.0,25.82,20.57
2015-03-17,0.0,25.23,22.03
2015-03-18,0.0,25.7,19.49
2015-03-19,0.0,25.34,22.94
2015-03-20,0.0,24.68,23.66
2015-03-21,0.0,25.37,24.14
2015-03-22,0.0,26.71,24.21
2015-03-23,0.0,27.52,22.91
2015-03-24,0.0,28.26,21.56
2015-03-25,0.06,28.05,18.93
2015-03-26,0.09,27.57,19.62
2015-03-27,7.89,26.33,16.1
2015-03-28,6.23,26.05,14.27
2015-03-29,0.58,27.08,16.89
2015-03-30,6.13,27.09,18.65
2015-03-31,5.66,25.25,15.93
2015-04-01,8.35,25.72,15.57
2015-04-02,39.85,24.69,11.53
2015-04-03,23.55,25.72,14.81
2015-04-04,34.97,25.91,15.58
2015-04-05,53.83,24.69,13.15
2015-04-06,14.45,25.48,15.35
2015-04-07,0.26,25.97,20.48
2015-04-08,8.73,25.5,23.19
2015-04-09,2.7,25.67,19.73
2015-04-10,0.83,26.31,21.55
2015-04-11,19.17,26.29,19.98
2015-04-12,0.82,26.07,21.16
2015-04-13,0.03,26.63,18.22
2015-04-14,0.0,26.81,20.37
2015-04-15,0.0,27.24,20.06
2015-04-16,0.0,27.15,16.9
2015-04-17,0.05,26.19,15.69
2015-04-18,37.22,24.68,17.32
2015-04-19,45.15,25.61,15.89
2015-04-20,23.58,26.91,18.83
2015-04-21,37.87,26.77,12.57
2015-04-22,33.41,26.64,18.11
2015-04-23,26.16,26.55,20.75
2015-04-24,9.32,25.31,23.0
2015-04-25,7.4,25.34,7.97
2015-04-26,0.55,24.66,14.88
2015-04-27,0.21,25.09,21.03
2015-04-28,6.53,25.71,23.42
2015-04-29,8.67,25.85,15.35
2015-04-30,15.23,26.66,19.17
2015-05-01,18.42,26.93,15.74
2015-05-02,18.83,26.46,17.27
2015-05-03,7.56,26.64,21.09
2015-05-04,3.87,26.91,24.26
2015-05-05,9.66,27.39,24.29
2015-05-06,3.93,27.61,24.16
2015-05-07,19.56,27.78,11.79
2015-05-08,4.22,25.94,9.26
2015-05-09,0.09,27.09,21.97
2015-05-10,49.77,27.95,13.51
2015-05-11,12.37,27.12,10.7
2015-05-12,3.28,27.26,13.85
2015-05-13,6.22,27.93,19.69
2015-05-14,28.1,28.46,20.65
2015-05-15,36.85,28.1,9.16
2015-05-16,22.61,26.21,17.18
2015-05-17,19.17,26.82,18.21
2015-05-18,3.63,27.52,20.24
2015-05-19,0.01,28.1,23.89
2015-05-20,0.0,28.57,24.15
2015-05-21,10.78,28.89,18.91
2015-05-22,10.31,28.79,16.26
2015-05-23,16.09,28.49,19.21
2015-05-24,29.08,27.48,16.04
2015-05-25,17.66,27.9,22.17
2015-05-26,32.63,28.17,12.95
2015-05-27,43.3,27.49,8.48
2015-05-28,21.14,27.73,19.02
2015-05-29,9.21,28.13,12.27
2015-05-30,60.43,28.23,6.18
2015-05-31,27.42,28.19,18.85
2015-06-01,23.9,27.63,17.48
2015-06-02,8.68,28.08,19.07
2015-06-03,15.16,28.17,22.41
2015-06-04,0.73,28.64,22.29
2015-06-05,0.11,28.5,21.68
2015-06-06,1.29,28.18,18.27
2015-06-07,15.46,27.68,21.8
2015-06-08,7.39,28.33,20.28
2015-06-09,35.08,28.12,16.14
2015-06-10,134.74,27.62,3.24
2015-06-11,81.64,27.35,3.44
2015-06-12,57.1,26.73,5.73
2015-06-13,50.2,26.74,7.65
2015-06-14,14.2,27.12,11.47
2015-06-15,14.6,26.93,12.95
2015-06-16,17.7,26.67,12.9
2015-06-17,8.13,27.17,17.61
2015-06-18,14.61,27.08,21.26
2015-06-19,8.96,28.77,21.92
2015-06-20,5.0,28.53,22.94
2015-06-21,13.57,28.39,22.87
2015-06-22,17.95,28.28,15.56
2015-06-23,22.37,28.07,8.22
2015-06-24,7.91,28.63,8.61
2015-06-25,14.57,28.96,13.54
2015-06-26,32.96,27.57,13.04
2015-06-27,10.64,27.31,15.35
2015-06-28,8.57,27.08,12.7
2015-06-29,6.85,27.25,16.66
2015-06-30,5.36,27.94,18.77
2015-07-01,1.43,27.98,19.13
2015-07-02,3.33,28.24,20.59
2015-07-03,10.21,27.8,16.76
2015-07-04,5.86,28.59,14.0
2015-07-05,13.68,27.5,12.33
2015-07-06,10.28,28.05,15.87
2015-07-07,19.82,27.79,19.32
2015-07-08,30.53,27.68,18.33
2015-07-09,17.95,27.23,9.57
2015-07-10,13.75,28.27,9.51
2015-07-11,19.15,27.83,21.72
2015-07-12,12.65,28.1,20.99
2015-07-13,36.17,28.67,18.37
2015-07-14,65.91,28.97,12.76
2015-07-15,47.92,27.8,3.27
2015-07-16,43.43,27.11,5.79
2015-07-17,15.35,27.69,12.3
2015-07-18,26.67,26.73,10.81
2015-07-19,39.2,26.13,5.77
2015-07-20,34.21,27.91,10.96
2015-07-21,20.16,28.41,14.51
2015-07-22,25.34,27.05,15.09
2015-07-23,24.53,27.19,14.57
2015-07-24,38.69,26.79,10.29
2015-07-25,3.62,26.67,17.77
2015-07-26,1.52,27.21,20.08
2015-07-27,2.35,27.36,13.16
2015-07-28,0.31,28.05,22.06
2015-07-29,0.07,27.77,21.34
2015-07-30,6.91,27.22,16.47
2015-07-31,39.2,27.08,8.02
2015-08-01,35.55,26.96,11.05
2015-08-02,2.75,26.52,18.25
2015-08-03,5.7,26.74,15.72
2015-08-04,41.44,27.02,14.08
2015-08-05,6.2,27.45,15.1
2015-08-06,9.69,28.35,21.3
2015-08-07,8.93,27.75,13.55
2015-08-08,9.63,28.0,14.43
2015-08-09,19.03,28.54,18.52
2015-08-10,23.52,27.55,10.86
2015-08-11,12.36,29.22,22.18
2015-08-12,9.16,28.86,14.99
2015-08-13,9.04,28.76,19.74
2015-08-14,18.72,28.39,15.68
2015-08-15,12.42,27.72,18.37
2015-08-16,6.11,27.62,14.47
2015-08-17,17.87,27.43,14.87
2015-08-18,50.52,27.17,9.96
2015-08-19,45.15,27.81,3.83
2015-08-20,39.87,27.8,5.47
2015-08-21,13.01,27.16,12.48
2015-08-22,6.52,27.89,16.24
2015-08-23,7.88,27.06,13.03
2015-08-24,5.23,27.83,13.46
2015-08-25,1.19,27.73,13.85
2015-08-26,3.23,27.54,12.67
2015-08-27,22.95,26.9,17.51
2015-08-28,9.31,26.89,16.43
2015-08-29,21.68,27.24,12.27
2015-08-30,64.95,27.38,9.9
2015-08-31,89.5,27.04,2.41
2015-09-01,43.66,26.81,6.22
2015-09-02,15.33,27.21,11.4
2015-09-03,34.8,26.12,7.58
2015-09-04,21.29,26.22,8.93
2015-09-05,11.92,26.85,12.67
2015-09-06,1.99,27.65,17.48
2015-09-07,4.4,27.08,15.41
2015-09-08,29.28,27.28,19.44
2015-09-09,3.77,28.35,18.46
2015-09-10,12.16,29.15,19.02
2015-09-11,21.22,28.11,20.36
2015-09-12,4.5,28.16,20.81
2015-09-13,9.59,28.8,18.87
2015-09-14,40.76,27.29,14.53
2015-09-15,21.04,27.89,19.56
2015-09-16,2.71,28.09,20.31
2015-09-17,0.0,29.18,21.58
2015-09-18,1.63,30.19,20.94
2015-09-19,5.97,27.89,13.84
2015-09-20,16.17,25.87,11.22
2015-09-21,34.73,26.94,9.12
2015-09-22,38.26,27.16,7.14
2015-09-23,35.86,27.07,6.08
2015-09-24,13.31,26.3,8.63
2015-09-25,1.63,27.06,16.77
2015-09-26,0.0,27.04,20.59
2015-09-27,0.0,27.25,20.51
2015-09-28,0.0,27.36,21.59
2015-09-29,0.0,28.35,21.56
2015-09-30,0.0,28.73,21.34
2015-10-01,1.86,28.89,19.8
2015-10-02,6.27,28.73,19.01
2015-10-03,9.38,28.06,16.02
2015-10-04,0.02,29.11,18.13
2015-10-05,11.49,28.11,17.42
2015-10-06,8.26,26.65,15.96
2015-10-07,8.82,27.39,16.57
2015-10-08,9.27,26.06,10.86
2015-10-09,4.64,27.17,16.27
2015-10-10,6.28,26.84,11.66
2015-10-11,6.89,25.58,15.21
2015-10-12,1.37,24.16,19.88
2015-10-13,2.97,24.08,16.7
2015-10-14,5.38,24.21,12.75
2015-10-15,1.24,25.27,18.46
2015-10-16,0.89,25.37,18.43
2015-10-17,0.06,25.94,17.62
2015-10-18,0.0,25.99,18.53
2015-10-19,0.0,26.28,18.82
2015-10-20,0.0,26.14,18.95
2015-10-21,0.0,25.84,18.53
2015-10-22,0.64,25.58,18.6
2015-10-23,1.89,25.02,12.17
2015-10-24,0.05,24.99,17.42
2015-10-25,0.0,24.84,19.12
2015-10-26,0.0,24.83,19.9
2015-10-27,0.0,24.84,19.51
2015-10-28,0.0,24.44,19.64
2015-10-29,0.0,24.56,15.98
2015-10-30,0.0,23.76,14.41
2015-10-31,0.78,23.59,10.35
2015-11-01,2.49,24.22,12.84
2015-11-02,2.71,23.6,17.68
2015-11-03,0.72,23.95,17.97
2015-11-04,0.19,23.62,17.66
2015-11-05,0.82,23.6,14.45
2015-11-06,0.01,23.72,16.87
2015-11-07,0.0,23.49,17.62
2015-11-08,0.0,23.81,18.28
2015-11-09,0.0,23.2,15.7
2015-11-10,0.0,22.76,15.64
2015-11-11,0.0,22.21,16.6
2015-11-12,0.0,23.13,17.46
2015-11-13,0.0,23.04,17.54
2015-11-14,0.0,22.21,16.56
2015-11-15,0.0,21.98,16.65
2015-11-16,0.0,21.99,16.26
2015-11-17,0.0,22.12,12.65
2015-11-18,0.0,22.1,8.92
2015-11-19,0.0,22.39,16.33
2015-11-20,0.0,22.95,17.48
2015-11-21,0.0,23.19,17.53
2015-11-22,0.0,22.15,17.34
2015-11-23,0.0,22.5,17.44
2015-11-24,0.0,21.48,17.22
2015-11-25,0.0,21.27,16.44
2015-11-26,0.0,21.82,16.13
2015-11-27,0.0,21.0,14.99
2015-11-28,0.0,20.97,15.27
2015-11-29,0.0,22.13,15.49
2015-11-30,0.0,21.92,15.32
2015-12-01,0.0,22.17,13.32
2015-12-02,0.0,21.18,10.62
2015-12-03,4.57,20.95,12.13
2015-12-04,1.8,20.86,11.36
2015-12-05,0.0,20.61,13.87
2015-12-06,0.0,20.96,14.1
2015-12-07,0.13,20.0,12.54
2015-12-08,1.0,20.33,12.44
2015-12-09,0.07,21.17,12.14
2015-12-10,0.0,20.31,13.55
2015-12-11,0.0,19.92,11.3
2015-12-12,0.83,19.28,8.75
2015-12-13,1.52,20.74,7.99
2015-12-14,0.01,18.95,8.3
2015-12-15,0.0,18.06,9.95
2015-12-16,0.0,16.65,12.34
2015-12-17,0.0,16.47,14.71
2015-12-18,0.01,14.53,10.44
2015-12-19,0.0,15.74,12.92
2015-12-20,0.0,16.24,14.66
2015-12-21,0.0,15.42,15.22
2015-12-22,0.0,15.57,14.98
2015-12-23,0.0,16.38,15.22
2015-12-24,0.0,16.32,14.15
2015-12-25,0.0,16.92,8.59
2015-12-26,0.0,16.7,14.67
2015-12-27,0.0,17.29,15.04
2015-12-28,0.0,17.58,14.47
2015-12-29,0.0,17.85,13.5
2015-12-30,0.0,18.47,14.09
2015-12-31,0.0,18.95,13.8
2016-01-01,0.0,18.38,15.58
2016-01-02,0.0,19.08,15.72
2016-01-03,0.0,18.48,14.73
2016-01-04,0.0,18.35,15.15
2016-01-05,0.0,18.23,15.65
2016-01-06,0.07,17.83,15.2
2016-01-07,0.0,18.71,14.37
2016-01-08,0.0,18.66,15.01
2016-01-09,0.17,18.17,10.78
2016-01-10,0.0,18.42,10.14
2016-01-11,0.0,17.46,13.17
2016-01-12,0.0,17.57,13.95
2016-01-13,0.0,16.88,13.06
2016-01-14,0.0,17.31,12.39
2016-01-15,0.0,17.34,14.57
2016-01-16,0.0,18.19,13.33
2016-01-17,0.0,17.23,13.87
2016-01-18,0.0,17.26,14.63
2016-01-19,0.76,18.38,14.65
2016-01-20,64.25,18.8,5.33
2016-01-21,2.59,17.14,9.65
2016-01-22,0.02,16.78,11.56
2016-01-23,0.0,15.17,12.55
2016-01-24,0.0,15.56,12.51
2016-01-25,0.0,15.06,12.56
2016-01-26,0.0,14.31,14.46
2016-01-27,0.34,14.7,16.22
2016-01-28,0.18,15.64,14.52
2016-01-29,0.01,17.51,12.14
2016-01-30,0.05,18.05,11.97
2016-01-31,0.0,17.4,9.38
2016-02-01,0.01,17.81,9.78
2016-02-02,0.0,18.93,11.54
2016-02-03,0.0,19.77,11.27
2016-02-04,0.0,18.72,16.71
2016-02-05,0.0,17.87,17.56
2016-02-06,0.0,19.13,17.65
2016-02-07,0.0,19.82,15.38
2016-02-08,0.0,19.28,17.96
2016-02-09,0.13,19.28,11.85
2016-02-10,0.86,19.79,13.46
2016-02-11,0.72,19.84,14.1
2016-02-12,9.73,19.98,8.63
2016-02-13,0.0,20.5,16.22
2016-02-14,0.0,20.3,17.12
2016-02-15,0.0,21.62,16.89
2016-02-16,0.0,23.24,17.4
2016-02-17,0.0,22.46,16.65
2016-02-18,0.0,23.47,17.01
2016-02-19,0.0,23.52,17.83
2016-02-20,0.0,23.64,16.13
2016-02-21,0.06,23.05,13.84
2016-02-22,0.94,22.78,16.0
2016-02-23,0.0,23.18,16.33
2016-02-24,11.22,23.07,12.4
2016-02-25,13.26,22.56,15.64
2016-02-26,0.01,22.86,18.85
2016-02-27,0.28,23.52,18.76
2016-02-28,0.14,24.35,20.08
2016-02-29,0.72,23.86,20.22
2016-03-01,0.01,23.77,20.21
2016-03-02,0.0,24.23,18.46
2016-03-03,0.11,25.01,18.58
2016-03-04,0.61,25.09,18.44
2016-03-05,0.41,24.83,18.11
2016-03-06,0.04,26.18,18.39
2016-03-07,0.71,24.85,20.08
2016-03-08,0.01,25.5,17.79
2016-03-09,0.19,25.07,18.62
2016-03-10,0.04,26.01,16.15
2016-03-11,0.05,26.4,16.9
2016-03-12,0.0,26.12,18.25
2016-03-13,0.0,25.83,17.52
2016-03-14,0.01,25.56,16.09
2016-03-15,0.02,24.71,21.57
2016-03-16,2.03,24.88,18.27
2016-03-17,0.0,24.87,22.96
2016-03-18,0.0,24.67,22.83
2016-03-19,2.68,25.34,17.32
2016-03-20,12.49,26.43,16.17
2016-03-21,13.48,26.16,16.04
2016-03-22,3.25,26.03,20.61
2016-03-23,0.36,25.53,20.55
2016-03-24,0.0,25.97,22.49
2016-03-25,0.0,27.15,23.51
2016-03-26,0.0,28.06,20.72
2016-03-27,2.11,27.55,19.44
2016-03-28,51.62,24.72,3.95
2016-03-29,5.94,25.31,15.99
2016-03-30,6.59,25.83,16.61
2016-03-31,31.59,24.31,12.75
2016-04-01,6.39,23.12,12.5
2016-04-02,1.01,25.19,19.0
2016-04-03,15.8,26.5,6.49
2016-04-04,54.97,26.02,12.38
2016-04-05,54.79,25.79,14.05
2016-04-06,23.07,26.42,16.59
2016-04-07,9.42,26.85,19.19
2016-04-08,55.91,26.68,19.64
2016-04-09,13.47,26.78,19.96
2016-04-10,0.05,27.44,20.76
2016-04-11,0.35,27.47,20.21
2016-04-12,19.39,27.34,19.99
2016-04-13,16.52,27.38,21.04
2016-04-14,89.14,27.22,21.31
2016-04-15,37.75,27.29,18.83
2016-04-16,71.83,27.26,16.55
2016-04-17,44.99,27.45,12.92
2016-04-18,53.29,26.15,12.55
2016-04-19,26.91,27.29,18.0
2016-04-20,21.3,26.91,15.52
2016-04-21,29.03,26.66,19.52
2016-04-22,45.37,26.92,19.6
2016-04-23,21.85,27.49,20.32
2016-04-24,10.86,27.59,20.89
2016-04-25,38.86,27.56,21.01
2016-04-26,20.94,27.66,21.17
2016-04-27,7.19,28.18,19.98
2016-04-28,8.55,28.13,18.98
2016-04-29,8.0,28.11,20.22
2016-04-30,7.15,28.29,20.85
2016-05-01,24.58,27.96,18.73
2016-05-02,15.86,26.81,11.66
2016-05-03,5.48,27.04,21.21
2016-05-04,24.02,25.61,19.13
2016-05-05,16.79,26.53,17.58
2016-05-06,28.29,26.66,18.89
2016-05-07,11.38,26.77,16.96
2016-05-08,4.33,27.23,24.22
2016-05-09,9.31,28.0,23.95
2016-05-10,0.19,28.63,21.91
2016-05-11,1.29,28.93,21.39
2016-05-12,10.01,28.61,16.66
2016-05-13,38.0,26.72,10.48
2016-05-14,33.6,27.2,21.18
2016-05-15,46.03,27.89,16.08
2016-05-16,66.83,27.79,18.07
2016-05-17,130.35,27.66,18.07
2016-05-18,65.68,27.32,15.75
2016-05-19,79.37,26.57,12.88
2016-05-20,3.74,26.19,12.41
2016-05-21,87.19,25.35,4.52
2016-05-22,9.5,26.87,18.18
2016-05-23,2.47,28.44,24.33
2016-05-24,5.21,29.17,19.08
2016-05-25,6.22,28.73,21.22
2016-05-26,17.49,28.86,24.05
2016-05-27,32.44,28.92,16.11
2016-05-28,49.89,28.42,8.23
2016-05-29,14.55,27.98,17.0
2016-05-30,6.41,28.33,15.16
2016-05-31,11.12,28.28,18.91
2016-06-01,6.44,28.49,20.75
2016-06-02,2.86,28.58,22.81
2016-06-03,11.6,28.85,23.44
2016-06-04,4.51,28.69,24.09
2016-06-05,1.3,28.67,24.3
2016-06-06,22.94,27.66,21.38
2016-06-07,25.32,26.6,6.25
2016-06-08,38.46,27.25,19.66
2016-06-09,17.54,26.83,18.06
2016-06-10,17.19,28.46,21.77
2016-06-11,3.77,29.87,13.42
2016-06-12,19.39,27.61,9.3
2016-06-13,23.84,27.26,12.94
2016-06-14,13.02,27.64,16.73
2016-06-15,36.81,27.42,12.96
2016-06-16,20.54,28.56,15.19
2016-06-17,11.69,27.51,16.16
2016-06-18,25.5,27.59,19.78
2016-06-19,29.66,27.24,21.13
2016-06-20,48.54,27.71,19.61
2016-06-21,29.35,27.77,15.46
2016-06-22,74.26,27.55,9.61
2016-06-23,42.98,27.3,6.52
2016-06-24,26.54,28.4,16.76
2016-06-25,2.03,28.54,19.34
2016-06-26,22.27,28.62,23.0
2016-06-27,46.12,28.46,22.75
2016-06-28,4.83,29.27,22.95
2016-06-29,8.03,28.12,19.54
2016-06-30,4.11,28.46,18.18
2016-07-01,18.07,28.92,19.57
2016-07-02,55.9,27.76,10.03
2016-07-03,57.2,27.47,13.36
2016-07-04,63.88,27.04,12.43
2016-07-05,65.4,27.61,11.35
2016-07-06,21.63,28.16,13.3
2016-07-07,12.38,28.32,22.39
2016-07-08,7.95,29.06,22.04
2016-07-09,35.99,28.98,20.86
2016-07-10,22.04,28.02,19.44
2016-07-11,14.92,28.5,21.42
2016-07-12,15.96,28.12,17.19
2016-07-13,25.53,28.59,17.58
2016-07-14,32.53,28.1,20.74
2016-07-15,25.86,27.32,19.72
2016-07-16,75.03,26.88,9.36
2016-07-17,106.32,27.2,16.49
2016-07-18,144.96,26.42,9.63
2016-07-19,75.39,27.3,7.38
2016-07-20,74.95,27.58,10.61
2016-07-21,18.87,27.75,11.29
2016-07-22,18.21,27.0,14.48
2016-07-23,68.26,27.02,17.02
2016-07-24,76.74,26.81,13.88
2016-07-25,100.53,26.59,10.86
2016-07-26,11.74,26.5,17.73
2016-07-27,4.75,27.26,21.18
2016-07-28,7.42,27.62,17.96
2016-07-29,15.62,27.98,13.37
2016-07-30,11.72,27.6,19.94
2016-07-31,15.84,28.47,24.58
2016-08-01,7.61,28.55,22.16
2016-08-02,8.44,28.69,22.32
2016-08-03,12.7,29.79,24.83
2016-08-04,15.2,29.35,23.58
2016-08-05,28.03,28.53,17.13
2016-08-06,18.51,27.8,17.45
2016-08-07,5.74,26.86,18.42
2016-08-08,11.75,27.46,20.68
2016-08-09,13.73,27.65,18.53
2016-08-10,4.34,27.47,7.36
2016-08-11,5.33,28.47,18.76
2016-08-12,13.99,28.4,20.27
2016-08-13,48.96,28.37,17.49
2016-08-14,37.8,27.84,17.18
2016-08-15,23.4,27.91,19.56
2016-08-16,16.18,28.32,21.39
2016-08-17,16.61,29.29,13.66
2016-08-18,1.8,28.85,17.55
2016-08-19,4.66,28.52,17.26
2016-08-20,6.69,28.34,12.09
2016-08-21,11.57,29.25,14.54
2016-08-22,0.57,27.4,23.18
2016-08-23,0.29,27.88,18.99
2016-08-24,0.47,28.96,23.26
2016-08-25,9.12,30.66,22.08
2016-08-26,15.27,29.95,18.04
2016-08-27,3.76,29.6,18.54
2016-08-28,3.16,28.52,11.9
2016-08-29,4.25,28.48,19.7
2016-08-30,31.72,27.58,15.38
2016-08-31,39.72,27.2,8.41
2016-09-01,53.1,26.84,12.59
2016-09-02,64.42,27.58,13.55
2016-09-03,69.28,28.16,17.57
2016-09-04,17.86,28.58,16.19
2016-09-05,8.74,28.34,16.8
2016-09-06,14.27,28.15,15.43
2016-09-07,2.27,28.49,18.76
2016-09-08,6.94,27.91,16.7
2016-09-09,1.95,27.53,16.74
2016-09-10,9.84,27.49,17.5
2016-09-11,26.56,27.19,10.2
2016-09-12,7.61,26.17,16.23
2016-09-13,28.85,26.5,10.55
2016-09-14,20.75,26.77,10.47
2016-09-15,22.09,26.56,20.86
2016-09-16,5.84,27.64,16.52
2016-09-17,16.02,27.34,16.62
2016-09-18,48.27,27.71,10.76
2016-09-19,32.23,27.33,13.87
2016-09-20,14.99,26.59,6.68
2016-09-21,14.69,28.53,19.14
2016-09-22,10.99,27.64,20.26
2016-09-23,20.19,26.83,15.98
2016-09-24,5.2,27.52,18.55
2016-09-25,14.94,27.01,17.35
2016-09-26,9.35,27.28,16.29
2016-09-27,1.6,27.97,19.1
2016-09-28,5.01,28.36,13.62
2016-09-29,5.34,26.96,17.26
2016-09-30,1.17,27.15,19.3
2016-10-01,2.1,28.08,19.04
2016-10-02,3.19,28.94,16.15
2016-10-03,2.73,29.43,19.93
2016-10-04,1.62,28.21,18.48
2016-10-05,7.02,28.24,16.34
2016-10-06,11.11,27.05,13.7
2016-10-07,30.79,27.67,7.68
2016-10-08,12.93,27.16,16.96
2016-10-09,13.2,26.28,14.26
2016-10-10,50.85,26.22,13.14
2016-10-11,19.48,25.66,10.24
2016-10-12,33.61,25.57,5.09
2016-10-13,31.9,26.23,15.77
2016-10-14,2.35,26.73,16.7
2016-10-15,1.38,27.18,19.37
2016-10-16,0.0,27.67,20.07
2016-10-17,0.0,28.22,20.11
2016-10-18,0.0,28.19,19.7
2016-10-19,0.0,27.44,19.4
2016-10-20,0.0,26.95,19.99
2016-10-21,0.0,26.08,20.38
2016-10-22,0.0,25.66,20.54
2016-10-23,0.0,25.24,20.38
2016-10-24,0.14,25.3,19.54
2016-10-25,0.12,26.25,18.48
2016-10-26,0.0,26.04,12.86
2016-10-27,12.9,25.9,4.85
2016-10-28,19.01,25.75,11.21
2016-10-29,0.96,25.79,14.27
2016-10-30,0.09,25.72,16.06
2016-10-31,0.02,26.79,17.63
2016-11-01,0.11,26.6,17.96
2016-11-02,0.01,26.38,18.08
2016-11-03,4.2,26.56,17.69
2016-11-04,3.88,24.81,4.04
2016-11-05,11.14,22.5,5.44
2016-11-06,49.02,23.23,6.86
2016-11-07,2.94,24.19,7.99
2016-11-08,0.06,23.37,15.23
2016-11-09,0.0,23.5,17.5
2016-11-10,0.0,23.33,15.97
2016-11-11,0.0,22.85,16.45
2016-11-12,0.0,22.09,16.96
2016-11-13,0.0,22.71,17.44
2016-11-14,0.0,23.38,17.16
2016-11-15,0.0,22.72,16.92
2016-11-16,0.0,23.18,16.49
2016-11-17,0.0,23.3,17.47
2016-11-18,0.0,23.19,17.79
2016-11-19,0.0,22.85,17.67
2016-11-20,0.0,21.29,17.63
2016-11-21,0.0,20.89,16.55
2016-11-22,0.0,21.21,16.62
2016-11-23,0.0,21.26,16.72
2016-11-24,0.0,21.24,16.67
2016-11-25,0.01,21.41,16.56
2016-11-26,0.0,21.62,16.45
2016-11-27,0.07,21.72,15.78
2016-11-28,0.13,21.06,13.32
2016-11-29,0.01,21.81,15.2
2016-11-30,0.0,22.11,15.43
2016-12-01,0.0,21.56,15.81
2016-12-02,0.0,20.74,15.84
2016-12-03,0.0,21.23,15.96
2016-12-04,0.0,22.13,16.23
2016-12-05,0.0,21.53,16.23
2016-12-06,0.0,21.47,16.5
2016-12-07,0.0,20.86,16.3
2016-12-08,0.0,21.35,16.33
2016-12-09,0.0,21.63,16.26
2016-12-10,0.0,20.44,15.91
2016-12-11,0.0,19.83,15.5
2016-12-12,0.0,19.06,15.31
2016-12-13,0.0,19.55,15.0
2016-12-14,0.0,19.08,13.93
2016-12-15,0.0,18.99,13.59
2016-12-16,0.0,20.06,15.55
2016-12-17,0.0,19.95,14.53
2016-12-18,0.0,19.23,12.99
2016-12-19,0.0,18.41,13.12
2016-12-20,0.18,19.19,10.92
2016-12-21,0.0,19.17,10.97
2016-12-22,0.0,20.52,12.78
2016-12-23,0.01,20.63,13.72
2016-12-24,0.0,20.64,14.51
2016-12-25,0.0,20.17,14.75
2016-12-26,4.17,20.06,14.06
2016-12-27,0.33,19.55,11.91
2016-12-28,0.0,19.45,15.03
2016-12-29,0.0,19.54,15.72
2016-12-30,0.0,19.6,14.47
2016-12-31,0.0,20.23,14.39
2017-01-01,0.0,19.54,14.93
2017-01-02,0.0,20.08,15.58
2017-01-03,0.0,19.99,13.84
2017-01-04,0.0,19.3,14.9
2017-01-05,0.0,18.72,15.13
2017-01-06,0.0,18.19,13.13
2017-01-07,0.0,18.09,13.89
2017-01-08,0.0,18.58,15.63
2017-01-09,0.0,18.37,15.8
2017-01-10,0.09,18.19,13.19
2017-01-11,0.0,17.71,14.98
2017-01-12,0.0,16.83,15.24
2017-01-13,0.0,15.55,15.56
2017-01-14,0.0,14.96,16.53
2017-01-15,0.0,15.91,16.77
2017-01-16,0.0,16.33,16.81
2017-01-17,0.0,16.59,16.61
2017-01-18,0.0,17.61,16.55
2017-01-19,0.0,18.71,17.03
2017-01-20,0.0,18.35,15.89
2017-01-21,0.0,18.65,17.13
2017-01-22,0.0,19.19,17.25
2017-01-23,0.0,18.49,17.44
2017-01-24,0.0,19.64,17.48
2017-01-25,0.0,19.97,17.51
2017-01-26,0.0,20.38,18.26
2017-01-27,0.0,20.6,11.6
2017-01-28,0.01,19.67,12.71
2017-01-29,0.0,18.7,15.37
2017-01-30,0.0,18.61,15.59
2017-01-31,0.0,18.18,15.58
2017-02-01,0.0,17.79,16.05
2017-02-02,0.1,18.78,17.37
2017-02-03,0.43,18.36,16.88
2017-02-04,0.0,19.93,18.83
2017-02-05,0.0,20.76,18.17
2017-02-06,0.0,20.34,19.04
2017-02-07,0.0,20.66,17.53
2017-02-08,0.0,19.74,16.82
2017-02-09,0.0,19.43,18.18
2017-02-10,0.0,18.55,18.45
2017-02-11,0.0,20.33,16.26
2017-02-12,0.0,20.74,17.81
2017-02-13,0.0,20.61,16.87
2017-02-14,0.0,21.29,18.56
2017-02-15,0.0,21.61,18.74
2017-02-16,0.0,21.12,19.26
2017-02-17,0.0,21.13,19.55
2017-02-18,0.0,21.69,19.52
2017-02-19,0.0,21.52,16.63
2017-02-20,8.23,21.28,9.94
2017-02-21,37.37,22.44,14.03
2017-02-22,67.24,22.54,15.21
2017-02-23,23.86,22.19,14.67
2017-02-24,0.0,20.31,21.0
2017-02-25,0.0,18.99,21.63
2017-02-26,0.0,19.79,21.54
2017-02-27,0.0,19.73,21.43
2017-02-28,0.0,20.97,20.87
2017-03-01,0.0,21.42,19.95
2017-03-02,0.0,22.19,20.86
2017-03-03,0.0,22.47,14.05
2017-03-04,0.01,22.01,8.33
2017-03-05,5.63,22.11,8.73
2017-03-06,8.39,22.73,17.37
2017-03-07,7.72,22.12,19.51
2017-03-08,14.6,22.64,15.7
2017-03-09,0.25,22.92,15.31
2017-03-10,4.85,23.97,15.64
2017-03-11,40.88,23.27,6.04
2017-03-12,1.26,21.97,14.45
2017-03-13,0.04,20.42,22.64
2017-03-14,0.0,20.13,22.51
2017-03-15,0.0,19.99,24.46
2017-03-16,0.0,20.99,24.22
2017-03-17,0.05,21.37,21.42
2017-03-18,19.59,21.89,15.28
2017-03-19,1.56,22.56,21.47
2017-03-20,4.72,19.54,5.72
2017-03-21,0.66,21.43,20.99
2017-03-22,0.0,22.49,22.14
2017-03-23,0.06,24.13,16.87
2017-03-24,5.22,25.78,17.13
2017-03-25,65.18,24.38,10.31
2017-03-26,0.01,24.93,19.52
2017-03-27,13.63,25.05,17.72
2017-03-28,21.19,25.39,12.39
2017-03-29,75.99,25.28,7.81
2017-03-30,51.2,25.84,12.37
2017-03-31,78.46,25.85,11.38
2017-04-01,87.65,25.44,16.4
2017-04-02,72.75,25.26,17.09
2017-04-03,92.94,24.81,8.52
2017-04-04,25.43,24.36,6.97
2017-04-05,38.48,25.21,5.17
2017-04-06,8.2,25.55,15.23
2017-04-07,10.28,25.92,17.69
2017-04-08,22.06,26.84,18.6
2017-04-09,16.87,26.85,15.86
2017-04-10,1.25,26.48,21.58
2017-04-11,10.31,25.86,22.01
2017-04-12,0.0,26.22,24.15
2017-04-13,0.0,26.76,24.28
2017-04-14,0.0,26.95,24.28
2017-04-15,0.36,26.6,21.14
2017-04-16,56.69,25.68,15.4
2017-04-17,0.17,26.2,23.15
2017-04-18,0.43,26.78,20.93
2017-04-19,65.21,25.54,12.49
2017-04-20,66.77,25.32,13.33
2017-04-21,94.86,24.81,9.52
2017-04-22,81.4,24.82,3.85
2017-04-23,44.4,25.08,5.78
2017-04-24,23.93,25.78,7.35
2017-04-25,36.02,26.5,13.96
2017-04-26,46.29,26.7,18.99
2017-04-27,71.55,26.27,19.79
2017-04-28,20.42,26.49,20.76
2017-04-29,35.68,26.93,24.61
2017-04-30,34.51,26.7,23.11
2017-05-01,36.61,25.91,23.79
2017-05-02,14.53,26.29,24.67
2017-05-03,0.45,27.45,25.14
2017-05-04,12.73,28.04,24.64
2017-05-05,5.89,27.17,20.41
2017-05-06,15.93,27.18,20.88
2017-05-07,14.87,26.85,21.61
2017-05-08,7.98,27.83,20.02
2017-05-09,9.34,27.07,11.5
2017-05-10,2.07,27.72,19.69
2017-05-11,7.6,28.11,19.11
2017-05-12,1.29,28.52,15.31
2017-05-13,9.63,28.6,17.92
2017-05-14,28.93,28.63,12.41
2017-05-15,36.99,28.14,15.96
2017-05-16,36.38,26.71,18.51
2017-05-17,0.89,27.45,22.5
2017-05-18,19.59,28.43,21.37
2017-05-19,44.49,28.39,17.25
2017-05-20,44.74,28.59,19.84
2017-05-21,30.17,28.86,22.63
2017-05-22,18.23,28.69,17.41
2017-05-23,20.49,29.0,22.17
2017-05-24,39.05,28.76,17.86
2017-05-25,39.22,29.68,21.73
2017-05-26,11.7,29.37,20.99
2017-05-27,3.92,29.7,18.74
2017-05-28,1.17,29.49,25.24
2017-05-29,1.52,28.28,18.61
2017-05-30,53.36,27.65,7.26
2017-05-31,49.28,27.09,13.61
2017-06-01,60.85,27.58,3.28
2017-06-02,108.34,27.59,10.71
2017-06-03,95.76,27.71,13.68
2017-06-04,38.66,28.18,10.28
2017-06-05,13.26,28.53,14.41
2017-06-06,12.47,29.75,23.37
2017-06-07,4.83,29.27,24.68
2017-06-08,8.5,28.89,20.48
2017-06-09,3.47,28.27,23.03
2017-06-10,19.17,28.5,22.89
2017-06-11,43.17,27.64,14.78
2017-06-12,93.37,27.39,3.39
2017-06-13,113.76,26.7,8.9
2017-06-14,34.99,27.48,9.08
2017-06-15,15.18,27.58,22.56
2017-06-16,279.92,26.25,9.25
2017-06-17,83.16,27.03,6.26
2017-06-18,43.87,27.58,11.92
2017-06-19,51.11,26.15,4.03
2017-06-20,13.41,26.67,10.24
2017-06-21,50.73,27.19,17.28
2017-06-22,65.08,27.66,8.16
2017-06-23,14.97,28.61,21.75
2017-06-24,26.22,28.86,19.9
2017-06-25,17.96,28.07,21.99
2017-06-26,24.77,28.55,21.52
2017-06-27,17.69,27.7,18.58
2017-06-28,26.82,27.87,14.34
2017-06-29,15.61,28.09,19.02
2017-06-30,57.26,27.62,13.81
2017-07-01,47.82,27.58,12.5
2017-07-02,59.68,27.88,16.75
2017-07-03,24.77,27.71,10.3
2017-07-04,60.58,27.9,12.25
2017-07-05,27.99,28.14,13.71
2017-07-06,29.94,27.98,19.6
2017-07-07,33.79,28.15,16.39
2017-07-08,37.42,27.47,16.9
2017-07-09,39.31,27.6,11.16
2017-07-10,44.29,27.58,8.44
2017-07-11,51.69,26.73,14.79
2017-07-12,32.05,27.11,17.57
2017-07-13,32.24,27.94,11.66
2017-07-14,10.04,27.84,16.56
2017-07-15,1.39,28.98,22.66
2017-07-16,18.41,29.81,24.94
2017-07-17,6.24,29.67,24.82
2017-07-18,14.77,30.18,20.43
2017-07-19,34.76,27.45,13.14
2017-07-20,36.9,26.95,9.69
2017-07-21,29.08,28.04,15.48
2017-07-22,12.15,28.98,22.76
2017-07-23,25.43,28.03,11.43
2017-07-24,28.21,26.67,9.75
2017-07-25,70.28,27.04,11.8
2017-07-26,57.5,26.85,13.01
2017-07-27,6.77,26.85,19.32
2017-07-28,9.36,28.06,20.2
2017-07-29,9.24,27.72,13.45
2017-07-30,10.22,28.58,18.81
2017-07-31,10.63,28.29,18.17
2017-08-01,12.84,27.47,9.87
2017-08-02,23.3,28.16,12.43
2017-08-03,22.76,28.2,17.46
2017-08-04,16.59,29.68,18.47
2017-08-05,36.14,28.93,16.23
2017-08-06,24.46,28.11,15.22
2017-08-07,38.0,28.04,12.03
2017-08-08,51.32,28.01,17.81
2017-08-09,68.46,27.63,15.73
2017-08-10,78.09,27.43,13.24
2017-08-11,197.11,27.2,2.74
2017-08-12,170.11,26.93,4.73
2017-08-13,91.29,26.88,9.54
2017-08-14,51.58,27.49,14.54
2017-08-15,35.37,27.55,8.79
2017-08-16,14.94,27.2,14.43
2017-08-17,17.45,28.06,21.14
2017-08-18,34.39,27.43,12.79
2017-08-19,8.67,28.11,21.6
2017-08-20,11.88,27.75,20.18
2017-08-21,16.55,28.5,20.24
2017-08-22,35.89,28.82,21.78
2017-08-23,42.64,28.29,21.09
2017-08-24,32.31,27.97,18.99
2017-08-25,9.25,28.23,19.82
2017-08-26,48.55,27.75,12.19
2017-08-27,20.87,28.64,21.36
2017-08-28,19.54,27.76,21.13
2017-08-29,13.57,27.73,17.24
2017-08-30,31.7,27.74,8.03
2017-08-31,28.17,28.26,11.97
2017-09-01,35.74,27.72,13.6
2017-09-02,26.65,27.45,16.16
2017-09-03,68.59,26.73,13.23
2017-09-04,26.04,26.75,13.55
2017-09-05,17.97,27.53,15.33
2017-09-06,13.29,27.77,8.91
2017-09-07,22.55,27.49,10.46
2017-09-08,92.38,27.32,11.07
2017-09-09,50.92,26.99,6.17
2017-09-10,26.13,26.25,4.73
2017-09-11,14.69,26.69,12.59
2017-09-12,8.64,27.07,16.19
2017-09-13,7.05,27.11,16.29
2017-09-14,27.11,27.35,12.47
2017-09-15,7.06,28.74,21.41
2017-09-16,3.65,29.79,23.06
2017-09-17,6.21,29.02,12.58
2017-09-18,18.03,28.27,19.81
2017-09-19,33.34,27.6,14.59
2017-09-20,51.75,27.51,9.02
2017-09-21,8.1,27.88,17.25
2017-09-22,24.21,27.25,17.62
2017-09-23,1.14,28.21,17.32
2017-09-24,2.2,28.92,19.13
2017-09-25,12.24,28.75,15.6
2017-09-26,1.93,29.31,10.83
2017-09-27,14.72,28.19,12.66
2017-09-28,29.64,28.13,17.32
2017-09-29,67.28,26.73,7.81
2017-09-30,69.97,26.76,11.57
2017-10-01,21.74,26.73,7.01
2017-10-02,5.45,27.6,19.63
2017-10-03,0.42,28.17,19.79
2017-10-04,2.36,28.38,20.57
2017-10-05,1.28,28.59,19.65
2017-10-06,8.26,28.17,19.54
2017-10-07,16.57,27.12,12.35
2017-10-08,31.03,26.59,17.23
2017-10-09,1.02,27.62,16.31
2017-10-10,2.86,28.08,19.45
2017-10-11,2.97,28.19,19.31
2017-10-12,10.52,28.38,16.99
2017-10-13,25.09,26.59,13.34
2017-10-14,18.08,26.8,14.55
2017-10-15,16.27,27.4,15.79
2017-10-16,0.05,27.94,18.61
2017-10-17,5.07,28.72,19.25
2017-10-18,10.85,26.88,16.28
2017-10-19,4.1,26.78,10.23
2017-10-20,90.93,25.39,5.05
2017-10-21,153.88,23.96,1.99
2017-10-22,23.91,24.23,8.4
2017-10-23,3.22,24.54,16.58
2017-10-24,0.0,25.08,15.85
2017-10-25,0.0,24.73,16.35
2017-10-26,0.0,24.84,18.65
2017-10-27,0.0,23.25,18.81
2017-10-28,0.0,24.13,18.84
2017-10-29,2.96,23.32,13.7
2017-10-30,6.2,21.56,3.15
2017-10-31,0.06,22.57,17.17
2017-11-01,0.0,22.94,17.98
2017-11-02,0.0,23.61,18.75
2017-11-03,0.0,24.17,18.88
2017-11-04,0.0,24.44,18.47
2017-11-05,0.0,24.8,18.44
2017-11-06,0.0,24.6,18.22
2017-11-07,0.0,24.08,18.58
2017-11-08,0.0,23.96,18.58
2017-11-09,0.0,23.38,18.34
2017-11-10,0.0,23.53,18.19
2017-11-11,0.0,24.23,17.11
2017-11-12,0.0,24.11,17.79
2017-11-13,0.0,23.78,16.73
2017-11-14,0.0,24.03,14.24
2017-11-15,0.79,23.2,7.23
2017-11-16,9.09,23.12,5.01
2017-11-17,6.85,23.98,12.57
2017-11-18,1.06,24.61,11.69
2017-11-19,0.0,24.0,13.63
2017-11-20,0.0,23.58,16.28
2017-11-21,0.0,22.92,14.13
2017-11-22,0.0,21.86,14.78
2017-11-23,0.0,20.89,14.0
2017-11-24,0.0,20.59,14.98
2017-11-25,0.0,20.75,15.73
2017-11-26,0.0,20.44,15.79
2017-11-27,0.28,19.64,15.87
2017-11-28,0.0,19.37,14.07
2017-11-29,0.0,19.75,15.77
2017-11-30,0.0,19.78,15.89
2017-12-01,0.0,19.89,16.47
2017-12-02,0.0,19.76,16.7
2017-12-03,0.0,19.45,16.74
2017-12-04,0.0,19.34,15.65
2017-12-05,0.0,19.74,16.44
2017-12-06,0.0,19.45,15.41
2017-12-07,0.0,20.35,15.71
2017-12-08,0.47,19.53,8.01
2017-12-09,18.49,20.49,4.9
2017-12-10,68.31,22.19,3.78
2017-12-11,23.94,22.05,5.43
2017-12-12,0.85,21.81,12.27
2017-12-13,0.0,20.46,12.74
2017-12-14,0.0,19.77,9.29
2017-12-15,0.0,18.61,12.43
2017-12-16,0.0,19.0,12.17
2017-12-17,0.0,19.06,11.5
2017-12-18,0.0,18.81,14.82
2017-12-19,0.0,19.01,11.42
2017-12-20,0.0,19.85,14.58
2017-12-21,0.0,19.41,14.23
2017-12-22,0.0,19.35,14.03
2017-12-23,0.0,19.41,14.75
2017-12-24,0.0,19.8,14.31
2017-12-25,0.0,19.16,15.13
2017-12-26,0.0,19.54,14.9
2017-12-27,0.0,20.18,14.55
2017-12-28,0.0,20.04,15.84
2017-12-29,0.0,19.27,15.68
2017-12-30,0.0,20.3,16.06
2017-12-31,0.0,20.45,15.92
2018-01-01,0.0,19.65,13.13
2018-01-02,3.68,18.73,9.63
2018-01-03,8.19,17.4,9.3
2018-01-04,0.6,16.48,14.8
2018-01-05,0.0,16.53,12.94
2018-01-06,0.0,15.17,12.78
2018-01-07,0.0,13.45,14.72
2018-01-08,0.0,13.17,12.8
2018-01-09,0.0,14.14,13.7
2018-01-10,0.0,14.45,15.31
2018-01-11,0.0,14.81,12.36
2018-01-12,0.0,15.73,10.53
2018-01-13,0.0,15.33,10.38
2018-01-14,0.0,16.42,11.72
2018-01-15,0.01,16.13,9.87
2018-01-16,0.0,17.16,9.61
2018-01-17,0.0,17.43,12.88
2018-01-18,0.0,18.42,13.08
2018-01-19,0.0,18.15,13.91
2018-01-20,0.0,17.36,15.18
2018-01-21,0.0,17.84,15.7
2018-01-22,0.0,18.22,16.35
2018-01-23,0.0,17.9,16.18
2018-01-24,0.0,17.24,16.32
2018-01-25,0.0,17.65,13.49
2018-01-26,0.0,16.27,15.48
2018-01-27,0.0,14.93,16.46
2018-01-28,0.0,13.75,16.87
2018-01-29,0.0,14.14,17.27
2018-01-30,0.0,14.41,15.7
2018-01-31,0.0,15.22,13.26
2018-02-01,0.0,16.71,12.67
2018-02-02,0.0,18.25,13.52
2018-02-03,0.0,17.97,14.39
2018-02-04,0.0,18.29,13.98
2018-02-05,0.0,19.03,11.79
2018-02-06,0.0,19.18,12.58
2018-02-07,0.0,18.94,14.03
2018-02-08,0.0,18.56,12.53
2018-02-09,0.0,18.51,15.86
2018-02-10,0.0,19.36,13.62
2018-02-11,0.0,18.54,14.77
2018-02-12,0.0,19.82,18.88
2018-02-13,0.0,20.59,17.71
2018-02-14,0.01,19.7,15.28
2018-02-15,0.01,19.41,19.19
2018-02-16,0.0,19.85,20.27
2018-02-17,0.0,18.94,19.63
2018-02-18,0.0,19.46,17.86
2018-02-19,0.0,20.53,19.4
2018-02-20,0.0,20.37,17.78
2018-02-21,0.0,20.79,19.29
2018-02-22,0.0,20.93,16.67
2018-02-23,1.15,21.36,17.81
2018-02-24,12.9,22.63,18.73
2018-02-25,0.31,23.38,19.0
2018-02-26,38.23,21.79,16.27
2018-02-27,0.03,21.86,18.81
2018-02-28,0.0,22.18,18.72
2018-03-01,0.0,22.35,18.4
2018-03-02,0.22,22.92,18.27
2018-03-03,0.47,22.81,19.15
2018-03-04,0.03,23.54,19.73
2018-03-05,0.27,24.07,17.42
2018-03-06,0.0,22.61,18.39
2018-03-07,0.0,23.16,21.02
2018-03-08,0.0,22.0,21.23
2018-03-09,0.0,23.16,21.5
2018-03-10,0.0,23.02,22.41
2018-03-11,0.11,22.86,21.9
2018-03-12,0.79,22.93,21.45
2018-03-13,1.35,23.15,14.04
2018-03-14,0.0,23.06,18.24
2018-03-15,0.45,24.24,18.51
2018-03-16,6.82,23.54,13.44
2018-03-17,4.48,23.97,17.83
2018-03-18,0.68,24.38,19.64
2018-03-19,0.0,24.41,22.23
2018-03-20,0.0,24.06,22.93
2018-03-21,0.0,24.88,22.05
2018-03-22,0.0,25.08,21.59
2018-03-23,0.87,25.08,17.85
2018-03-24,0.0,25.45,18.15
2018-03-25,6.98,25.83,20.96
2018-03-26,3.31,25.94,16.57
2018-03-27,18.5,24.99,18.13
2018-03-28,0.81,24.9,17.71
2018-03-29,9.2,25.41,18.78
2018-03-30,21.24,24.93,19.48
2018-03-31,16.62,24.55,12.6
2018-04-01,0.3,24.91,21.62
2018-04-02,0.0,25.62,17.13
2018-04-03,0.22,25.57,20.69
2018-04-04,0.72,26.24,22.45
2018-04-05,3.83,25.26,20.02
2018-04-06,29.84,25.02,11.91
2018-04-07,2.22,25.76,19.09
2018-04-08,8.84,23.33,9.06
2018-04-09,15.2,24.98,21.75
2018-04-10,12.77,25.69,17.77
2018-04-11,17.85,25.03,16.29
2018-04-12,9.98,25.37,22.43
2018-04-13,4.74,25.42,23.49
2018-04-14,37.28,25.96,15.89
2018-04-15,2.42,26.26,23.01
2018-04-16,8.96,27.55,23.14
2018-04-17,8.87,27.49,9.67
2018-04-18,8.01,26.35,21.74
2018-04-19,20.17,25.76,18.14
2018-04-20,26.7,26.32,15.96
2018-04-21,60.67,26.39,9.97
2018-04-22,18.12,26.86,14.53
2018-04-23,2.55,26.87,20.91
2018-04-24,16.82,26.75,22.38
2018-04-25,4.03,26.4,25.44
2018-04-26,10.78,27.14,18.53
2018-04-27,8.81,26.41,15.67
2018-04-28,4.06,26.91,23.15
2018-04-29,100.35,24.98,4.23
2018-04-30,60.52,24.93,4.32
2018-05-01,45.04,25.22,16.65
2018-05-02,9.48,25.26,16.35
2018-05-03,7.46,25.95,22.96
2018-05-04,33.73,25.81,9.49
2018-05-05,43.38,25.97,13.17
2018-05-06,24.05,26.76,17.08
2018-05-07,34.8,26.88,10.05
2018-05-08,34.09,27.08,9.0
2018-05-09,37.74,26.91,7.6
2018-05-10,44.73,26.42,8.56
2018-05-11,23.73,26.48,16.16
2018-05-12,2.76,26.35,23.88
2018-05-13,3.41,27.01,22.93
2018-05-14,2.5,26.26,21.46
2018-05-15,11.46,26.02,19.45
2018-05-16,35.68,25.52,16.4
2018-05-17,13.64,26.28,15.11
2018-05-18,17.31,26.34,11.97
2018-05-19,18.33,26.42,18.82
2018-05-20,31.18,26.8,18.97
2018-05-21,17.78,26.91,11.23
2018-05-22,12.52,26.85,12.5
2018-05-23,4.15,27.22,15.12
2018-05-24,46.73,26.94,6.16
2018-05-25,70.24,26.96,15.07
2018-05-26,54.6,27.55,14.51
2018-05-27,31.85,28.35,21.73
2018-05-28,21.3,28.42,21.94
2018-05-29,16.48,29.0,21.39
2018-05-30,3.64,28.68,22.98
2018-05-31,52.01,27.68,6.75
2018-06-01,8.85,27.16,14.49
2018-06-02,29.82,27.45,20.28
2018-06-03,5.34,28.3,20.88
2018-06-04,9.75,28.16,20.56
2018-06-05,7.67,29.95,23.77
2018-06-06,23.98,28.97,19.73
2018-06-07,17.01,28.17,18.42
2018-06-08,5.21,29.0,20.07
2018-06-09,9.8,29.35,19.99
2018-06-10,20.55,28.78,20.35
2018-06-11,48.38,28.56,11.69
2018-06-12,71.68,27.78,9.42
2018-06-13,95.01,27.19,8.58
2018-06-14,80.83,27.9,5.65
2018-06-15,94.73,27.39,5.69
2018-06-16,30.16,27.28,10.76
2018-06-17,32.24,28.34,12.27
2018-06-18,27.0,28.78,16.25
2018-06-19,35.81,29.1,14.06
2018-06-20,2.59,28.84,18.95
2018-06-21,14.22,28.03,18.06
2018-06-22,25.53,28.2,21.01
2018-06-23,81.55,28.07,15.24
2018-06-24,49.32,27.62,17.15
2018-06-25,44.47,28.08,10.24
2018-06-26,19.05,27.99,15.99
2018-06-27,18.56,28.96,20.02
2018-06-28,7.89,27.75,20.69
2018-06-29,15.71,27.55,20.95
2018-06-30,40.53,26.97,17.54
2018-07-01,46.11,27.33,20.71
2018-07-02,47.32,27.85,11.24
2018-07-03,87.18,27.16,7.87
2018-07-04,85.2,27.42,8.84
2018-07-05,23.43,27.68,12.35
2018-07-06,4.8,28.7,19.19
2018-07-07,2.65,28.5,18.16
2018-07-08,14.88,28.55,16.24
2018-07-09,6.0,28.48,19.37
2018-07-10,12.46,28.19,16.37
2018-07-11,3.15,28.74,20.76
2018-07-12,11.89,27.77,19.2
2018-07-13,10.15,29.01,15.71
2018-07-14,38.56,29.08,21.77
2018-07-15,3.16,30.54,23.09
2018-07-16,24.67,29.67,20.98
2018-07-17,8.76,28.88,19.61
2018-07-18,13.1,29.87,23.02
2018-07-19,0.61,31.42,24.39
2018-07-20,13.09,31.14,20.6
2018-07-21,10.12,29.13,12.44
2018-07-22,49.16,28.18,13.14
2018-07-23,43.6,27.71,7.78
2018-07-24,34.79,27.08,11.75
2018-07-25,25.84,27.64,16.92
2018-07-26,47.82,27.75,16.1
2018-07-27,44.54,28.21,16.05
2018-07-28,37.42,27.98,13.8
2018-07-29,45.58,28.0,18.01
2018-07-30,13.14,27.2,14.51
2018-07-31,22.99,27.25,15.38
2018-08-01,31.37,27.42,14.84
2018-08-02,26.94,26.72,11.06
2018-08-03,13.0,27.17,10.86
2018-08-04,25.95,27.95,20.15
2018-08-05,7.57,28.66,10.27
2018-08-06,4.18,28.34,20.52
2018-08-07,11.57,28.89,20.64
2018-08-08,12.66,27.96,19.42
2018-08-09,5.68,27.35,15.63
2018-08-10,2.27,28.34,20.27
2018-08-11,35.13,27.82,11.37
2018-08-12,16.09,27.52,13.45
2018-08-13,18.04,28.73,17.5
2018-08-14,1.69,29.02,18.52
2018-08-15,65.1,29.95,21.32
2018-08-16,25.64,28.57,22.02
2018-08-17,26.43,29.06,20.22
2018-08-18,14.07,30.58,19.73
2018-08-19,5.56,30.78,21.39
2018-08-20,8.49,30.19,14.35
2018-08-21,11.62,28.08,11.58
2018-08-22,6.75,28.56,16.4
2018-08-23,17.82,28.85,15.82
2018-08-24,72.97,27.41,11.72
2018-08-25,43.99,27.87,17.17
2018-08-26,29.11,27.76,17.33
2018-08-27,9.12,28.21,14.67
2018-08-28,36.11,27.98,18.15
2018-08-29,12.27,27.78,15.7
2018-08-30,11.1,28.18,17.29
2018-08-31,17.34,28.71,20.92
2018-09-01,51.11,27.2,13.12
2018-09-02,30.33,27.16,15.31
2018-09-03,31.17,27.67,17.93
2018-09-04,12.34,28.71,16.52
2018-09-05,46.16,28.76,19.6
2018-09-06,11.45,28.59,19.81
2018-09-07,5.24,27.56,18.36
2018-09-08,5.18,27.41,18.58
2018-09-09,19.74,27.43,18.42
2018-09-10,75.3,27.27,11.03
2018-09-11,22.24,27.11,8.53
2018-09-12,60.59,26.52,9.57
2018-09-13,25.46,26.91,10.46
2018-09-14,15.14,26.77,7.17
2018-09-15,3.03,28.04,20.82
2018-09-16,1.11,28.59,18.27
2018-09-17,4.72,29.12,21.25
2018-09-18,1.07,29.62,21.22
2018-09-19,1.5,28.58,18.25
2018-09-20,3.54,27.87,14.48
2018-09-21,6.7,27.42,20.02
2018-09-22,1.71,27.43,18.62
2018-09-23,0.34,27.9,16.15
2018-09-24,5.12,27.46,10.64
2018-09-25,22.57,26.79,9.1
2018-09-26,2.71,27.01,11.52
2018-09-27,36.4,27.34,9.65
2018-09-28,0.77,27.5,17.68
2018-09-29,1.86,28.08,14.33
2018-09-30,4.86,27.97,16.93
2018-10-01,5.44,27.78,18.76
2018-10-02,0.19,27.27,20.06
2018-10-03,0.8,26.53,18.72
2018-10-04,3.26,26.78,17.47
2018-10-05,0.56,26.86,19.52
2018-10-06,4.9,26.67,17.97
2018-10-07,0.35,26.38,17.46
2018-10-08,0.37,26.3,18.27
2018-10-09,0.29,25.46,17.78
2018-10-10,16.15,25.32,10.17
2018-10-11,6.63,24.32,8.46
2018-10-12,8.27,24.19,5.52
2018-10-13,19.92,24.03,5.37
2018-10-14,30.1,25.16,15.57
2018-10-15,0.4,24.23,13.22
2018-10-16,0.07,23.83,19.26
2018-10-17,0.01,23.8,19.67
2018-10-18,0.01,24.02,18.56
2018-10-19,0.0,23.94,18.98
2018-10-20,0.0,24.58,19.01
2018-10-21,0.0,24.88,19.61
2018-10-22,0.0,24.83,19.41
2018-10-23,0.0,24.6,18.63
2018-10-24,0.01,24.68,18.76
2018-10-25,0.0,23.98,18.48
2018-10-26,0.0,24.19,18.68
2018-10-27,9.73,24.97,17.95
2018-10-28,8.03,24.1,4.98
2018-10-29,0.09,22.82,9.36
2018-10-30,0.01,23.6,10.91
2018-10-31,0.41,24.1,15.65
2018-11-01,0.01,24.67,18.52
2018-11-02,0.14,24.24,17.95
2018-11-03,2.05,23.84,15.61
2018-11-04,2.72,22.98,12.74
2018-11-05,2.1,23.13,11.23
2018-11-06,6.35,23.58,10.57
2018-11-07,0.0,23.06,16.32
2018-11-08,0.0,22.53,17.25
2018-11-09,0.0,21.56,17.42
2018-11-10,0.0,21.78,17.19
2018-11-11,0.0,21.75,17.34
2018-11-12,0.0,20.95,16.88
2018-11-13,0.0,21.02,17.25
2018-11-14,0.0,21.16,16.76
2018-11-15,0.0,21.56,16.13
2018-11-16,0.0,21.7,14.64
2018-11-17,0.08,20.86,11.9
2018-11-18,0.01,20.51,14.11
2018-11-19,0.0,19.53,15.56
2018-11-20,0.0,19.34,15.76
2018-11-21,0.0,20.35,15.93
2018-11-22,0.0,21.12,16.3
2018-11-23,0.0,20.28,16.03
2018-11-24,0.0,20.21,16.27
2018-11-25,0.0,20.58,16.86
2018-11-26,0.0,20.3,16.66
2018-11-27,0.0,21.05,16.8
2018-11-28,0.0,20.44,16.89
2018-11-29,0.0,19.95,16.65
2018-11-30,0.0,19.66,16.41
2018-12-01,0.0,19.64,14.69
2018-12-02,0.0,19.32,14.76
2018-12-03,0.0,19.05,14.49
2018-12-04,0.0,19.23,15.32
2018-12-05,0.0,19.71,14.9
2018-12-06,0.0,19.42,12.69
2018-12-07,0.0,18.62,15.19
2018-12-08,0.0,18.69,15.63
2018-12-09,0.0,18.45,16.05
2018-12-10,0.0,18.83,16.15
2018-12-11,0.0,19.24,15.39
2018-12-12,0.0,19.21,14.95
2018-12-13,0.0,19.53,14.73
2018-12-14,0.0,19.04,13.5
2018-12-15,0.0,19.25,11.47
2018-12-16,0.0,19.85,10.09
2018-12-17,2.14,19.98,5.1
2018-12-18,26.14,18.99,3.26
2018-12-19,0.3,19.02,5.33
2018-12-20,0.0,18.24,13.34
2018-12-21,0.0,17.45,13.35
2018-12-22,0.0,18.41,15.25
2018-12-23,0.0,18.86,15.93
2018-12-24,0.0,17.48,15.84
2018-12-25,0.0,16.5,14.82
2018-12-26,0.0,16.34,14.98
2018-12-27,0.0,16.1,14.26
2018-12-28,0.0,15.0,14.09
2018-12-29,0.03,15.53,14.47
2018-12-30,0.0,16.74,16.2
2018-12-31,0.0,18.02,16.36
2019-01-01,0.0,17.6,15.95
2019-01-02,0.0,16.92,15.84
2019-01-03,0.0,16.96,15.83
2019-01-04,0.0,16.0,15.43
2019-01-05,0.0,17.45,16.05
2019-01-06,0.0,17.97,16.35
2019-01-07,0.0,17.95,16.42
2019-01-08,0.0,17.75,16.06
2019-01-09,0.0,17.21,15.27
2019-01-10,0.01,16.34,14.58
2019-01-11,0.0,17.13,16.07
2019-01-12,0.0,16.88,16.55
2019-01-13,0.0,17.66,16.75
2019-01-14,0.0,17.03,15.26
2019-01-15,0.0,17.44,14.96
2019-01-16,0.0,17.41,16.56
2019-01-17,0.0,18.05,16.77
2019-01-18,0.0,17.1,16.57
2019-01-19,0.0,17.38,16.62
2019-01-20,0.0,17.26,16.18
2019-01-21,0.0,18.53,16.72
2019-01-22,0.0,18.77,17.24
2019-01-23,0.0,18.82,17.4
2019-01-24,0.0,19.99,16.85
2019-01-25,0.0,20.05,16.49
2019-01-26,0.0,19.89,16.61
2019-01-27,0.0,20.17,14.73
2019-01-28,0.0,20.09,10.84
2019-01-29,0.05,18.15,12.42
2019-01-30,0.0,16.05,17.76
2019-01-31,0.0,17.88,18.49
2019-02-01,0.0,18.23,17.98
2019-02-02,0.0,17.87,18.74
2019-02-03,0.0,18.13,18.39
2019-02-04,0.0,18.15,18.87
2019-02-05,0.0,18.67,17.77
2019-02-06,0.0,18.31,17.81
2019-02-07,0.0,18.82,17.64
2019-02-08,0.0,20.89,15.3
2019-02-09,1.9,21.39,12.68
2019-02-10,0.01,19.19,17.5
2019-02-11,0.0,18.55,19.74
2019-02-12,0.0,19.4,19.6
2019-02-13,0.0,20.25,20.06
2019-02-14,0.0,21.63,19.3
2019-02-15,0.0,21.44,18.47
2019-02-16,3.42,20.65,9.35
2019-02-17,9.56,18.55,10.6
2019-02-18,0.25,17.25,17.97
2019-02-19,0.0,17.96,17.53
2019-02-20,0.0,19.11,12.96
2019-02-21,0.0,20.26,16.8
2019-02-22,0.0,20.24,17.66
2019-02-23,0.03,20.55,13.19
2019-02-24,0.01,21.3,18.45
2019-02-25,9.08,20.44,11.52
2019-02-26,0.58,20.35,13.92
2019-02-27,9.97,19.41,9.78
2019-02-28,27.06,19.27,10.05
2019-03-01,0.03,17.67,21.62
2019-03-02,0.0,18.28,23.28
2019-03-03,0.0,19.16,19.43
2019-03-04,0.09,19.19,11.99
2019-03-05,6.14,18.52,10.39
2019-03-06,0.21,20.63,15.34
2019-03-07,0.53,22.04,15.5
2019-03-08,0.0,20.77,19.88
2019-03-09,0.0,19.82,22.32
2019-03-10,0.0,20.16,20.75
2019-03-11,0.01,21.83,18.93
2019-03-12,0.0,23.67,15.53
2019-03-13,0.0,23.18,19.05
2019-03-14,0.0,24.05,19.89
2019-03-15,0.0,24.88,16.92
2019-03-16,0.0,24.94,21.43
2019-03-17,2.89,25.89,20.27
2019-03-18,0.44,24.45,13.9
2019-03-19,0.9,23.28,18.27
2019-03-20,0.49,23.66,20.47
2019-03-21,0.97,24.73,18.66
2019-03-22,5.07,24.58,17.33
2019-03-23,2.76,25.02,20.72
2019-03-24,0.0,24.35,24.31
2019-03-25,0.0,25.21,23.84
2019-03-26,0.31,25.99,22.44
2019-03-27,5.28,25.2,13.84
2019-03-28,0.0,25.58,23.26
2019-03-29,0.0,25.97,22.22
2019-03-30,0.34,26.73,18.84
2019-03-31,20.82,25.78,12.6
2019-04-01,56.03,24.6,22.32
2019-04-02,20.09,24.95,14.66
2019-04-03,7.13,24.47,22.12
2019-04-04,1.73,24.91,18.21
2019-04-05,2.13,25.54,16.27
2019-04-06,14.13,25.42,11.42
2019-04-07,10.78,24.62,17.11
2019-04-08,1.58,24.68,11.17
2019-04-09,37.94,23.56,8.8
2019-04-10,0.36,24.37,18.7
2019-04-11,2.86,25.51,21.61
2019-04-12,2.05,26.38,17.29
2019-04-13,3.38,27.31,21.15
2019-04-14,3.48,26.82,23.19
2019-04-15,8.48,26.72,20.31
2019-04-16,12.37,26.93,20.2
2019-04-17,2.51,28.17,21.94
2019-04-18,0.0,27.2,23.18
2019-04-19,0.0,27.51,22.74
2019-04-20,1.23,27.68,19.82
2019-04-21,13.84,26.27,24.31
2019-04-22,6.5,26.83,18.04
2019-04-23,0.06,27.15,25.58
2019-04-24,3.51,27.98,24.83
2019-04-25,0.2,29.7,24.43
2019-04-26,0.2,30.01,22.0
2019-04-27,8.94,28.56,16.87
2019-04-28,17.09,28.78,14.41
2019-04-29,33.12,28.22,20.9
2019-04-30,37.83,28.13,18.3
2019-05-01,34.48,27.72,21.36
2019-05-02,22.17,28.18,19.56
2019-05-03,45.93,26.92,12.46
2019-05-04,160.21,26.43,3.53
2019-05-05,3.81,26.54,21.98
2019-05-06,11.3,27.41,20.96
2019-05-07,0.1,27.83,21.46
2019-05-08,1.25,28.69,20.14
2019-05-09,17.21,28.01,19.62
2019-05-10,32.07,28.32,19.93
2019-05-11,40.08,28.11,20.32
2019-05-12,10.73,27.93,19.99
2019-05-13,5.59,28.3,20.79
2019-05-14,27.56,28.17,22.65
2019-05-15,15.87,28.02,20.35
2019-05-16,5.26,27.96,19.52
2019-05-17,23.2,27.71,17.15
2019-05-18,29.13,27.75,15.49
2019-05-19,14.65,27.54,19.7
2019-05-20,2.01,27.89,22.99
2019-05-21,17.59,28.81,21.11
2019-05-22,50.68,28.56,20.82
2019-05-23,58.38,27.73,16.4
2019-05-24,86.52,27.28,6.97
2019-05-25,43.63,26.65,11.99
2019-05-26,12.15,27.7,19.16
2019-05-27,23.71,28.41,18.04
2019-05-28,14.26,28.66,25.77
2019-05-29,15.85,28.98,24.46
2019-05-30,6.52,29.01,22.05
2019-05-31,26.07,29.21,14.58
2019-06-01,50.31,27.8,15.19
2019-06-02,50.77,28.3,12.08
2019-06-03,74.91,27.63,9.77
2019-06-04,75.82,27.28,4.66
2019-06-05,17.34,26.51,8.49
2019-06-06,16.15,26.73,22.04
2019-06-07,39.93,27.51,14.49
2019-06-08,29.26,26.74,18.91
2019-06-09,11.01,27.77,14.66
2019-06-10,37.19,28.63,20.8
2019-06-11,6.27,28.69,22.08
2019-06-12,1.7,30.09,23.25
2019-06-13,1.54,30.76,21.94
2019-06-14,97.72,28.23,6.12
2019-06-15,28.65,28.54,8.35
2019-06-16,35.35,28.59,15.87
2019-06-17,102.0,28.72,13.49
2019-06-18,5.37,28.98,19.8
2019-06-19,0.26,30.69,23.38
2019-06-20,48.33,27.94,17.91
2019-06-21,24.16,28.74,16.86
2019-06-22,4.28,28.76,18.75
2019-06-23,0.86,28.91,21.31
2019-06-24,22.35,28.58,23.44
2019-06-25,66.68,28.91,13.72
2019-06-26,69.87,28.15,9.0
2019-06-27,134.84,27.65,8.59
2019-06-28,79.37,28.18,3.45
2019-06-29,29.48,28.45,20.91
2019-06-30,8.04,29.81,19.22
2019-07-01,17.62,30.21,20.89
2019-07-02,5.81,28.98,22.19
2019-07-03,5.48,28.95,22.06
2019-07-04,5.95,29.48,21.17
2019-07-05,9.0,28.99,20.53
2019-07-06,62.42,28.77,12.11
2019-07-07,44.89,28.29,11.05
2019-07-08,105.2,27.69,9.0
2019-07-09,167.19,27.75,5.52
2019-07-10,140.95,27.16,4.89
2019-07-11,135.45,27.2,4.75
2019-07-12,67.56,27.12,7.33
2019-07-13,109.55,27.29,10.31
2019-07-14,115.02,26.49,6.44
2019-07-15,107.06,27.12,4.01
2019-07-16,25.77,28.37,16.28
2019-07-17,8.7,29.05,22.12
2019-07-18,1.54,29.68,21.63
2019-07-19,7.07,28.89,20.2
2019-07-20,27.11,27.9,20.3
2019-07-21,39.86,28.37,16.59
2019-07-22,79.88,27.12,9.83
2019-07-23,121.89,27.11,17.54
2019-07-24,16.11,27.51,12.72
2019-07-25,20.19,28.0,17.03
2019-07-26,24.95,27.48,16.17
2019-07-27,31.48,28.2,15.47
2019-07-28,5.63,28.5,23.54
2019-07-29,26.37,27.47,20.15
2019-07-30,38.72,27.27,15.35
2019-07-31,34.93,27.37,15.54
2019-08-01,12.86,28.14,21.2
2019-08-02,32.7,28.16,22.96
2019-08-03,10.93,28.6,17.89
2019-08-04,3.18,29.43,21.61
2019-08-05,7.46,31.01,23.51
2019-08-06,1.55,30.31,22.74
2019-08-07,15.95,29.24,17.34
2019-08-08,15.63,28.34,14.95
2019-08-09,5.99,28.31,18.67
2019-08-10,6.99,28.89,19.25
2019-08-11,3.0,31.01,23.8
2019-08-12,10.08,29.86,21.83
2019-08-13,41.59,27.82,14.51
2019-08-14,62.28,27.21,11.79
2019-08-15,31.03,27.58,7.67
2019-08-16,38.12,26.96,9.42
2019-08-17,20.82,28.26,15.8
2019-08-18,42.4,27.7,16.6
2019-08-19,2.74,28.18,19.95
2019-08-20,5.83,28.13,16.79
2019-08-21,3.31,29.36,18.51
2019-08-22,6.91,29.49,20.93
2019-08-23,32.25,28.07,13.47
2019-08-24,15.99,27.72,16.78
2019-08-25,13.46,29.26,21.39
2019-08-26,3.98,29.08,22.43
2019-08-27,11.35,29.11,22.66
2019-08-28,33.63,28.59,14.48
2019-08-29,6.93,28.67,20.51
2019-08-30,3.79,29.38,16.79
2019-08-31,7.61,29.16,12.91
2019-09-01,7.16,29.87,21.51
2019-09-02,2.43,29.16,20.06
2019-09-03,12.69,29.08,20.77
2019-09-04,33.03,28.2,15.74
2019-09-05,35.17,28.84,18.12
2019-09-06,8.64,28.87,20.95
2019-09-07,21.79,28.95,18.8
2019-09-08,37.04,27.75,15.15
2019-09-09,14.62,28.03,14.29
2019-09-10,42.09,27.64,17.83
2019-09-11,21.41,28.29,16.87
2019-09-12,62.96,27.39,13.46
2019-09-13,82.75,26.97,13.59
2019-09-14,49.09,27.21,18.0
2019-09-15,12.69,28.28,19.21
2019-09-16,22.28,28.34,12.39
2019-09-17,14.04,28.49,17.36
2019-09-18,1.75,28.92,20.78
2019-09-19,3.72,28.9,21.88
2019-09-20,2.12,28.6,21.16
2019-09-21,2.9,28.1,19.24
2019-09-22,27.84,28.22,18.33
2019-09-23,13.09,26.21,15.79
2019-09-24,75.9,26.44,15.35
2019-09-25,7.02,25.7,8.45
2019-09-26,5.23,26.51,19.11
2019-09-27,0.8,26.79,18.82
2019-09-28,1.46,26.65,11.69
2019-09-29,13.52,25.99,14.15
2019-09-30,11.74,24.98,13.33
2019-10-01,104.97,25.07,8.26
2019-10-02,24.26,26.07,11.28
2019-10-03,38.35,26.22,16.37
2019-10-04,8.88,26.52,16.21
2019-10-05,8.92,27.0,13.64
2019-10-06,4.31,26.65,16.92
2019-10-07,8.64,26.76,17.41
2019-10-08,12.12,26.22,14.31
2019-10-09,27.0,25.66,19.13
2019-10-10,29.69,24.52,9.43
2019-10-11,6.66,25.65,16.78
2019-10-12,0.14,26.18,18.53
2019-10-13,0.0,25.56,20.1
2019-10-14,0.0,26.01,19.49
2019-10-15,5.3,27.0,18.69
2019-10-16,15.47,26.55,15.48
2019-10-17,6.32,27.55,19.18
2019-10-18,0.03,27.28,18.7
2019-10-19,0.02,27.06,18.36
2019-10-20,0.01,26.54,18.49
2019-10-21,1.78,25.67,15.85
2019-10-22,1.03,25.01,14.81
2019-10-23,0.04,24.54,14.47
2019-10-24,21.84,23.07,6.11
2019-10-25,93.42,22.72,6.42
2019-10-26,100.68,24.3,5.32
2019-10-27,2.19,25.35,10.7
2019-10-28,0.04,24.94,15.86
2019-10-29,0.0,25.14,16.64
2019-10-30,0.0,25.22,16.66
2019-10-31,0.0,24.15,15.62
2019-11-01,0.0,24.19,17.59
2019-11-02,0.0,24.61,18.32
2019-11-03,0.0,24.56,16.18
2019-11-04,0.0,24.48,16.14
2019-11-05,0.43,23.68,16.84
2019-11-06,0.48,23.72,16.31
2019-11-07,0.0,24.23,15.7
2019-11-08,1.84,25.11,11.52
2019-11-09,9.99,23.14,5.52
2019-11-10,13.13,22.47,2.87
2019-11-11,1.08,23.87,11.62
2019-11-12,0.02,23.97,15.23
2019-11-13,0.0,24.01,16.86
2019-11-14,0.0,24.35,17.52
2019-11-15,0.0,23.5,16.99
2019-11-16,0.0,22.46,16.77
2019-11-17,0.0,21.98,15.81
2019-11-18,0.0,21.86,16.18
2019-11-19,0.49,21.5,15.77
2019-11-20,0.05,20.8,14.22
2019-11-21,0.0,20.84,16.25
2019-11-22,0.0,20.25,16.63
2019-11-23,0.0,20.3,16.02
2019-11-24,0.0,20.66,16.18
2019-11-25,0.0,21.64,15.53
2019-11-26,0.0,21.3,16.19
2019-11-27,0.0,21.88,16.31
2019-11-28,0.0,22.73,16.28
2019-11-29,0.0,21.76,16.31
2019-11-30,0.0,21.0,15.61
2019-12-01,0.0,20.26,14.25
2019-12-02,0.0,19.36,13.97
2019-12-03,0.0,18.69,15.47
2019-12-04,0.0,19.18,15.93
2019-12-05,0.0,20.25,16.08
2019-12-06,0.0,19.3,15.84
2019-12-07,0.0,20.37,15.27
2019-12-08,0.0,20.3,14.71
2019-12-09,0.0,19.45,13.78
2019-12-10,0.0,18.72,12.06
2019-12-11,0.0,18.5,12.27
2019-12-12,0.0,18.04,14.39
2019-12-13,0.0,18.47,14.75
2019-12-14,0.0,18.71,14.87
2019-12-15,0.0,18.65,14.48
2019-12-16,0.0,18.41,10.48
2019-12-17,0.0,17.35,12.92
2019-12-18,0.0,16.87,13.82
2019-12-19,0.0,16.3,6.43
2019-12-20,0.0,15.8,11.25
2019-12-21,0.0,14.93,5.82
2019-12-22,0.0,15.18,10.81
2019-12-23,0.0,16.0,9.01
2019-12-24,0.0,15.65,10.37
2019-12-25,0.0,14.75,13.26
2019-12-26,0.09,16.79,12.48
2019-12-27,3.74,16.36,5.08
2019-12-28,0.02,16.57,11.45
2019-12-29,0.08,16.57,15.35
2019-12-30,0.0,16.99,14.31
2019-12-31,0.0,18.36,15.04
2020-01-01,0.05,18.84,11.51
2020-01-02,2.25,20.34,11.39
2020-01-03,25.8,18.28,7.09
2020-01-04,0.96,17.39,10.88
2020-01-05,2.17,16.32,6.85
2020-01-06,0.01,14.66,11.95
2020-01-07,1.83,15.04,8.61
2020-01-08,0.0,16.45,9.38
2020-01-09,0.64,16.84,5.17
2020-01-10,0.36,16.37,13.91
2020-01-11,0.01,16.3,8.92
2020-01-12,0.0,16.97,14.39
2020-01-13,0.0,16.81,8.47
2020-01-14,0.0,16.33,11.04
2020-01-15,0.0,17.15,13.32
2020-01-16,0.0,18.3,15.41
2020-01-17,0.0,18.96,15.91
2020-01-18,0.0,18.96,15.82
2020-01-19,0.75,18.73,13.61
2020-01-20,0.04,17.08,11.31
2020-01-21,0.0,14.93,14.66
2020-01-22,0.0,14.46,16.47
2020-01-23,0.0,14.34,14.12
2020-01-24,0.0,13.83,14.69
2020-01-25,0.0,15.38,16.54
2020-01-26,0.0,14.93,15.01
2020-01-27,0.0,14.89,13.05
2020-01-28,0.0,14.93,13.11
2020-01-29,0.0,15.89,10.49
2020-01-30,0.34,16.63,10.49
2020-01-31,2.43,17.03,11.56
2020-02-01,0.02,15.65,14.36
2020-02-02,0.0,15.36,15.35
2020-02-03,0.0,14.49,17.79
2020-02-04,0.0,15.85,18.0
2020-02-05,0.0,15.39,16.97
2020-02-06,0.0,16.09,17.25
2020-02-07,0.0,16.24,14.73
2020-02-08,0.0,17.56,11.96
2020-02-09,0.14,19.0,15.32
2020-02-10,0.04,16.93,18.46
2020-02-11,0.0,16.71,19.06
2020-02-12,0.0,17.3,18.41
2020-02-13,0.0,17.31,16.84
2020-02-14,0.0,18.15,16.49
2020-02-15,0.0,18.29,12.69
2020-02-16,0.0,19.83,15.55
2020-02-17,0.0,19.72,16.47
2020-02-18,0.04,19.61,16.15
2020-02-19,0.19,19.75,16.31
2020-02-20,0.0,19.24,15.56
2020-02-21,0.0,21.56,19.41
2020-02-22,0.0,21.77,18.45
2020-02-23,0.13,22.21,14.11
2020-02-24,0.62,21.24,15.59
2020-02-25,2.52,20.69,7.91
2020-02-26,9.56,20.05,12.3
2020-02-27,1.47,19.06,19.14
2020-02-28,0.02,19.84,21.31
2020-02-29,0.0,21.19,21.66
2020-03-01,0.0,21.26,21.01
2020-03-02,0.05,21.6,19.47
2020-03-03,1.28,21.55,15.84
2020-03-04,2.15,21.45,17.42
2020-03-05,5.88,21.76,17.75
2020-03-06,10.93,21.8,12.71
2020-03-07,2.22,21.22,7.6
2020-03-08,3.79,20.85,16.11
2020-03-09,0.01,21.04,21.73
2020-03-10,0.35,20.83,22.92
2020-03-11,0.0,21.2,22.03
2020-03-12,0.0,22.88,20.25
2020-03-13,0.0,24.26,22.18
2020-03-14,0.0,23.94,19.8
2020-03-15,0.0,23.9,18.9
2020-03-16,0.0,23.87,22.26
2020-03-17,0.0,22.92,21.74
2020-03-18,0.0,22.27,21.55
2020-03-19,0.0,22.84,22.38
2020-03-20,0.02,23.1,17.94
2020-03-21,0.22,23.08,19.12
2020-03-22,4.46,22.18,12.08
2020-03-23,0.29,22.25,20.48
2020-03-24,0.08,23.09,20.58
2020-03-25,0.0,24.48,22.83
2020-03-26,0.0,24.97,21.11
2020-03-27,0.0,25.74,22.43
2020-03-28,0.0,25.89,23.17
2020-03-29,0.0,25.63,23.82
2020-03-30,0.0,25.88,25.83
2020-03-31,0.0,25.28,25.66
2020-04-01,0.0,26.31,25.55
2020-04-02,0.06,27.21,19.86
2020-04-03,3.24,27.19,19.65
2020-04-04,2.62,26.37,23.42
2020-04-05,0.01,26.34,22.22
2020-04-06,0.0,26.77,22.49
2020-04-07,0.0,27.06,23.97
2020-04-08,0.28,28.35,16.93
2020-04-09,1.48,27.64,21.55
2020-04-10,0.29,28.2,23.13
2020-04-11,11.82,27.18,24.1
2020-04-12,7.12,26.63,18.36
2020-04-13,0.05,27.54,24.66
2020-04-14,0.0,29.31,22.34
2020-04-15,23.52,27.6,12.28
2020-04-16,20.94,26.17,21.59
2020-04-17,45.25,25.65,11.45
2020-04-18,30.18,25.22,9.62
2020-04-19,18.62,26.76,24.66
2020-04-20,37.37,26.2,18.34
2020-04-21,28.63,25.95,13.9
2020-04-22,10.92,23.51,14.79
2020-04-23,16.27,24.16,15.86
2020-04-24,39.69,23.49,13.45
2020-04-25,3.99,24.53,18.69
2020-04-26,4.24,25.28,15.82
2020-04-27,27.19,25.57,21.97
2020-04-28,13.77,23.7,14.19
2020-04-29,22.84,24.12,21.56
2020-04-30,8.41,25.72,22.23
2020-05-01,5.47,25.82,17.74
2020-05-02,22.37,25.81,12.11
2020-05-03,13.52,26.11,19.55
2020-05-04,26.63,26.95,21.39
2020-05-05,37.54,27.39,19.78
2020-05-06,24.78,26.57,12.47
2020-05-07,8.54,26.26,24.46
2020-05-08,2.73,26.52,26.75
2020-05-09,12.39,27.51,24.4
2020-05-10,1.94,28.24,25.56
2020-05-11,2.14,28.14,20.88
2020-05-12,2.38,28.1,24.48
2020-05-13,28.68,27.48,15.59
2020-05-14,6.56,27.74,22.35
2020-05-15,24.58,27.64,19.1
2020-05-16,29.65,28.35,17.21
2020-05-17,10.95,28.87,23.02
2020-05-18,0.36,28.98,22.83
2020-05-19,1.8,28.1,10.28
2020-05-20,16.87,27.65,11.11
2020-05-21,124.48,26.33,8.37
2020-05-22,103.58,26.6,8.53
2020-05-23,46.15,28.2,20.29
2020-05-24,141.83,27.88,13.83
2020-05-25,81.57,27.53,10.91
2020-05-26,89.85,27.21,12.18
2020-05-27,78.2,26.77,11.36
2020-05-28,27.24,26.55,20.96
2020-05-29,25.79,27.33,17.28
2020-05-30,18.29,26.95,10.61
2020-05-31,61.86,27.06,16.65
2020-06-01,35.19,26.89,15.54
2020-06-02,17.1,26.56,21.26
2020-06-03,32.3,26.37,16.76
2020-06-04,46.27,26.26,6.35
2020-06-05,35.18,26.78,20.99
2020-06-06,51.88,26.85,7.56
2020-06-07,26.79,27.32,18.5
2020-06-08,9.17,27.44,12.41
2020-06-09,1.34,28.39,23.4
2020-06-10,19.19,28.31,14.6
2020-06-11,22.05,27.12,14.66
2020-06-12,17.52,27.7,12.09
2020-06-13,54.88,27.19,6.23
2020-06-14,19.07,28.7,21.7
2020-06-15,5.26,28.45,21.51
2020-06-16,29.06,27.48,20.97
2020-06-17,95.08,27.74,11.86
2020-06-18,32.2,27.34,9.19
2020-06-19,20.39,27.84,14.09
2020-06-20,25.23,27.99,22.04
2020-06-21,24.53,27.87,20.99
2020-06-22,21.19,28.52,18.94
2020-06-23,54.21,28.52,21.2
2020-06-24,48.09,28.06,13.88
2020-06-25,41.36,27.75,17.35
2020-06-26,171.28,26.85,6.18
2020-06-27,175.17,27.17,4.93
2020-06-28,64.32,26.82,10.57
2020-06-29,26.1,27.34,18.65
2020-06-30,2.4,28.0,19.31
2020-07-01,59.0,27.37,12.38
2020-07-02,21.82,27.46,16.82
2020-07-03,32.74,28.27,20.24
2020-07-04,16.77,27.72,12.53
2020-07-05,18.76,28.04,14.61
2020-07-06,32.35,26.72,18.91
2020-07-07,19.45,27.99,18.11
2020-07-08,37.82,27.9,17.74
2020-07-09,45.01,28.05,13.15
2020-07-10,57.03,27.79,8.14
2020-07-11,73.71,27.4,4.31
2020-07-12,65.39,27.56,10.11
2020-07-13,34.24,28.28,17.11
2020-07-14,35.95,27.5,15.66
2020-07-15,25.8,28.04,18.5
2020-07-16,16.81,27.93,22.2
2020-07-17,13.84,27.52,19.83
2020-07-18,55.3,27.72,16.36
2020-07-19,108.29,27.81,12.11
2020-07-20,141.71,26.83,5.84
2020-07-21,94.96,27.32,4.71
2020-07-22,25.42,27.53,10.87
2020-07-23,27.79,26.94,14.6
2020-07-24,17.46,27.85,15.55
2020-07-25,5.23,28.26,22.27
2020-07-26,7.86,28.48,19.04
2020-07-27,20.25,28.37,8.3
2020-07-28,16.71,28.07,19.46
2020-07-29,48.87,27.35,6.19
2020-07-30,9.54,27.37,13.97
2020-07-31,11.18,27.92,17.99
2020-08-01,1.67,29.29,24.73
2020-08-02,6.65,29.26,18.24
2020-08-03,4.98,30.76,23.62
2020-08-04,0.57,30.5,18.55
2020-08-05,2.23,30.1,20.21
2020-08-06,18.07,28.86,18.64
2020-08-07,28.19,28.41,21.64
2020-08-08,11.2,28.06,18.18
2020-08-09,26.45,27.37,20.96
2020-08-10,19.55,28.32,18.68
2020-08-11,35.68,28.22,14.58
2020-08-12,18.5,28.83,18.15
2020-08-13,7.25,28.26,23.46
2020-08-14,32.05,29.87,18.24
2020-08-15,35.6,27.77,14.95
2020-08-16,34.87,27.29,13.65
2020-08-17,35.34,27.1,12.53
2020-08-18,24.28,27.35,13.4
2020-08-19,20.81,27.23,19.16
2020-08-20,5.15,27.13,13.6
2020-08-21,28.77,26.8,12.93
2020-08-22,51.43,26.89,8.42
2020-08-23,4.33,27.35,19.95
2020-08-24,14.4,28.16,20.39
2020-08-25,8.11,28.29,20.73
2020-08-26,5.49,28.52,19.49
2020-08-27,23.65,27.16,16.87
2020-08-28,32.74,27.5,16.14
2020-08-29,35.49,27.48,15.49
2020-08-30,18.21,27.86,9.33
2020-08-31,13.9,28.18,7.67
2020-09-01,58.48,27.64,11.21
2020-09-02,11.86,27.75,22.68
2020-09-03,6.46,27.81,22.34
2020-09-04,1.97,28.54,19.45
2020-09-05,17.59,28.19,14.85
2020-09-06,16.9,28.15,15.55
2020-09-07,61.46,27.06,9.11
2020-09-08,31.62,27.42,10.73
2020-09-09,4.42,28.13,17.57
2020-09-10,16.69,27.36,12.27
2020-09-11,49.04,27.01,10.47
2020-09-12,20.55,27.42,9.48
2020-09-13,20.95,27.45,13.02
2020-09-14,34.98,26.96,15.16
2020-09-15,26.94,27.17,12.46
2020-09-16,101.42,26.69,9.69
2020-09-17,32.66,27.21,11.39
2020-09-18,1.99,28.77,19.94
2020-09-19,0.29,30.27,22.45
2020-09-20,0.14,30.44,18.56
2020-09-21,49.57,28.61,10.79
2020-09-22,89.82,26.94,5.55
2020-09-23,86.48,26.9,10.14
2020-09-24,120.36,26.97,5.75
2020-09-25,113.42,26.96,11.57
2020-09-26,74.92,26.83,7.2
2020-09-27,19.36,26.36,10.81
2020-09-28,2.24,27.36,17.37
2020-09-29,0.13,28.25,15.38
2020-09-30,6.28,28.21,18.13
2020-10-01,9.92,27.88,18.39
2020-10-02,1.23,27.57,14.57
2020-10-03,16.68,27.33,16.82
2020-10-04,21.03,27.31,14.61
2020-10-05,18.43,27.11,12.01
2020-10-06,120.8,26.45,9.79
2020-10-07,49.56,27.04,11.87
2020-10-08,9.41,27.65,19.1
2020-10-09,0.6,28.79,19.16
2020-10-10,0.35,28.64,17.16
2020-10-11,0.15,28.42,18.71
2020-10-12,2.06,28.34,17.22
2020-10-13,3.24,28.55,19.28
2020-10-14,5.13,28.35,18.84
2020-10-15,0.18,28.1,18.91
2020-10-16,0.0,28.04,19.16
2020-10-17,0.08,28.48,18.65
2020-10-18,0.47,27.42,15.45
2020-10-19,1.6,27.48,14.56
2020-10-20,1.9,27.3,16.49
2020-10-21,24.28,26.82,13.69
2020-10-22,7.57,25.94,7.3
2020-10-23,168.01,24.02,2.88
2020-10-24,73.22,25.16,7.99
2020-10-25,9.07,25.43,13.99
2020-10-26,0.07,25.92,16.5
2020-10-27,0.0,26.12,17.42
2020-10-28,0.0,26.75,18.66
2020-10-29,0.29,27.4,18.7
2020-10-30,0.81,27.31,18.15
2020-10-31,7.87,25.66,7.21
2020-11-01,8.15,25.64,14.09
2020-11-02,1.11,25.61,13.6
2020-11-03,0.24,25.91,14.27
2020-11-04,0.26,24.49,14.9
2020-11-05,0.01,22.98,16.57
2020-11-06,0.0,21.78,17.83
2020-11-07,0.0,23.35,18.26
2020-11-08,0.0,23.86,18.35
2020-11-09,0.0,23.74,18.17
2020-11-10,0.0,23.71,18.21
2020-11-11,0.0,24.24,17.87
2020-11-12,0.0,24.75,17.72
2020-11-13,0.0,24.82,17.72
2020-11-14,0.0,24.78,17.57
2020-11-15,0.0,24.3,17.63
2020-11-16,0.0,23.91,16.19
2020-11-17,0.21,22.36,15.12
2020-11-18,0.01,21.53,16.11
2020-11-19,0.0,20.73,15.4
2020-11-20,0.0,21.66,15.0
2020-11-21,0.02,21.81,10.96
2020-11-22,0.01,20.56,12.02
2020-11-23,0.0,18.97,16.01
2020-11-24,0.0,19.81,15.92
2020-11-25,0.0,21.03,15.99
2020-11-26,0.0,21.48,13.83
2020-11-27,0.0,22.0,12.41
2020-11-28,0.0,22.94,14.8
2020-11-29,0.0,22.27,16.45
2020-11-30,0.0,21.68,16.36
2020-12-01,0.0,21.22,16.42
2020-12-02,0.0,20.38,15.51
2020-12-03,0.0,19.85,15.02
2020-12-04,0.0,19.36,14.87
2020-12-05,0.01,19.14,14.34
2020-12-06,0.0,18.97,13.69
2020-12-07,0.0,18.8,12.97
2020-12-08,0.0,18.79,12.74
2020-12-09,0.0,18.42,10.48
2020-12-10,0.01,18.47,12.02
2020-12-11,0.0,18.15,10.08
2020-12-12,0.0,17.83,8.73
2020-12-13,0.0,17.92,11.46
2020-12-14,0.0,17.92,14.46
2020-12-15,0.0,17.57,10.45
2020-12-16,0.0,18.1,12.29
2020-12-17,0.0,17.56,10.75
2020-12-18,0.0,16.36,13.46
2020-12-19,0.0,14.87,15.29
2020-12-20,0.0,15.9,15.56
2020-12-21,0.0,16.76,15.46
2020-12-22,0.0,16.4,15.24
2020-12-23,0.0,16.56,14.9
2020-12-24,0.0,17.14,13.4
2020-12-25,0.0,17.27,15.28
2020-12-26,0.0,16.69,15.84
2020-12-27,0.0,16.64,15.68
2020-12-28,0.0,16.32,15.57
2020-12-29,0.0,16.84,15.54
2020-12-30,0.0,17.4,15.64
2020-12-31,0.0,17.53,15.72
2021-01-01,0.0,17.5,15.97
2021-01-02,0.0,16.85,16.13
2021-01-03,0.0,17.31,15.8
2021-01-04,0.0,18.74,15.38
2021-01-05,0.0,19.02,15.58
2021-01-06,0.0,20.02,15.81
2021-01-07,0.0,19.59,15.18
2021-01-08,0.0,19.47,14.45
2021-01-09,0.0,18.0,13.41
2021-01-10,0.0,18.13,11.02
2021-01-11,0.0,18.86,9.93
2021-01-12,0.0,17.77,11.5
2021-01-13,0.0,16.07,12.84
2021-01-14,0.0,15.62,12.11
2021-01-15,0.0,15.52,13.11
2021-01-16,0.0,15.63,13.09
2021-01-17,0.0,16.87,13.43
2021-01-18,0.0,17.69,13.59
2021-01-19,0.0,16.37,11.42
2021-01-20,3.85,16.13,6.7
2021-01-21,0.74,16.94,8.56
2021-01-22,0.04,16.35,14.09
2021-01-23,0.0,15.98,12.6
2021-01-24,0.0,16.17,12.38
2021-01-25,0.0,16.12,15.01
2021-01-26,0.0,16.56,16.1
2021-01-27,0.0,16.51,14.59
2021-01-28,0.0,17.39,13.46
2021-01-29,0.0,17.14,12.82
2021-01-30,0.0,16.09,12.03
2021-01-31,0.0,15.11,15.38
2021-02-01,0.0,14.48,16.01
2021-02-02,0.0,16.13,17.66
2021-02-03,0.0,17.57,18.35
2021-02-04,0.0,19.58,18.77
2021-02-05,0.0,18.66,18.37
2021-02-06,0.0,18.85,18.83
2021-02-07,1.16,17.83,9.86
2021-02-08,0.0,18.88,18.14
2021-02-09,0.0,19.02,19.01
2021-02-10,0.0,18.68,19.22
2021-02-11,0.0,18.98,16.91
2021-02-12,0.0,19.12,16.47
2021-02-13,0.0,19.37,17.1
2021-02-14,0.0,19.61,18.1
2021-02-15,0.0,19.61,16.29
2021-02-16,0.0,19.84,17.4
2021-02-17,0.0,20.54,14.99
2021-02-18,0.0,21.75,18.17
2021-02-19,0.0,21.35,16.73
2021-02-20,0.0,21.5,11.01
2021-02-21,0.0,21.2,20.39
2021-02-22,0.0,21.26,20.88
2021-02-23,0.0,20.77,20.69
2021-02-24,0.0,21.59,17.67
2021-02-25,0.02,21.51,15.7
2021-02-26,0.21,21.01,16.52
2021-02-27,0.0,21.27,17.07
2021-02-28,0.0,23.26,16.89
2021-03-01,0.0,23.74,17.71
2021-03-02,0.0,23.16,20.73
2021-03-03,0.0,24.08,19.68
2021-03-04,0.0,22.05,20.65
2021-03-05,0.64,22.45,17.63
2021-03-06,22.2,23.12,16.58
2021-03-07,14.9,22.53,17.1
2021-03-08,7.18,22.18,15.01
2021-03-09,14.1,22.95,14.66
2021-03-10,6.06,23.36,15.53
2021-03-11,0.04,23.75,19.28
2021-03-12,0.0,24.46,18.55
2021-03-13,0.01,24.24,20.1
2021-03-14,0.2,23.49,20.5
2021-03-15,0.0,23.51,21.12
2021-03-16,0.0,24.28,22.16
2021-03-17,0.0,24.54,22.47
2021-03-18,0.0,24.78,21.73
2021-03-19,0.0,24.78,19.68
2021-03-20,0.0,25.14,18.53
2021-03-21,0.0,25.75,20.07
2021-03-22,0.0,26.91,20.93
2021-03-23,0.0,26.51,22.41
2021-03-24,0.0,26.84,19.19
2021-03-25,0.0,25.81,22.13
2021-03-26,0.0,25.62,22.2
2021-03-27,0.0,26.75,22.27
2021-03-28,0.0,26.37,21.17
2021-03-29,1.0,27.62,20.03
2021-03-30,27.55,24.91,13.69
2021-03-31,17.25,26.12,16.54
2021-04-01,12.2,26.03,20.34
2021-04-02,17.66,25.74,20.04
2021-04-03,5.37,25.77,22.5
2021-04-04,1.28,26.05,22.58
2021-04-05,0.96,26.34,22.66
2021-04-06,0.01,27.13,22.26
2021-04-07,1.21,25.49,20.07
2021-04-08,2.06,26.02,17.24
2021-04-09,22.59,25.82,20.92
2021-04-10,8.26,26.79,16.33
2021-04-11,1.75,27.2,19.89
2021-04-12,1.29,28.6,20.98
2021-04-13,0.29,29.26,21.17
2021-04-14,2.5,26.67,23.01
2021-04-15,3.32,26.65,22.04
2021-04-16,38.75,24.89,21.56
2021-04-17,2.23,24.75,20.56
2021-04-18,30.33,24.88,23.07
2021-04-19,22.52,27.01,22.11
2021-04-20,10.32,25.94,22.68
2021-04-21,15.52,26.27,24.47
2021-04-22,5.92,26.58,17.64
2021-04-23,0.02,27.38,20.49
2021-04-24,0.0,26.9,27.31
2021-04-25,0.0,27.77,25.74
2021-04-26,0.0,28.27,23.86
2021-04-27,1.52,28.89,22.7
2021-04-28,3.77,28.91,21.26
2021-04-29,0.14,28.89,22.46
2021-04-30,0.15,28.86,21.13
2021-05-01,6.32,28.81,19.67
2021-05-02,7.51,27.94,19.4
2021-05-03,28.19,25.77,18.19
2021-05-04,18.1,24.91,13.98
2021-05-05,24.35,25.37,19.37
2021-05-06,9.23,25.27,14.61
2021-05-07,20.61,26.28,20.97
2021-05-08,24.39,25.72,20.57
2021-05-09,2.75,26.42,19.78
2021-05-10,10.31,26.39,23.82
2021-05-11,20.58,26.43,19.08
2021-05-12,9.48,25.88,21.99
2021-05-13,20.94,25.82,11.08
2021-05-14,32.69,25.36,16.91
2021-05-15,7.85,27.36,17.71
2021-05-16,23.22,27.79,16.52
2021-05-17,24.2,28.42,18.28
2021-05-18,16.82,28.39,10.54
2021-05-19,70.02,28.43,19.11
2021-05-20,43.28,28.43,17.16
2021-05-21,10.48,27.7,21.9
2021-05-22,18.15,27.89,23.23
2021-05-23,0.01,29.97,23.74
2021-05-24,0.56,29.92,23.02
2021-05-25,16.89,29.36,22.32
2021-05-26,21.03,28.68,19.17
2021-05-27,7.52,28.48,16.95
2021-05-28,12.16,29.33,22.03
2021-05-29,6.41,28.58,21.45
2021-05-30,11.66,28.36,20.78
2021-05-31,56.91,27.42,11.72
2021-06-01,31.82,27.51,4.48
2021-06-02,17.27,26.73,13.65
2021-06-03,8.54,27.82,17.16
2021-06-04,27.67,27.8,17.98
2021-06-05,57.89,27.28,5.34
2021-06-06,23.76,27.9,10.16
2021-06-07,8.97,27.87,12.24
2021-06-08,11.55,27.02,9.75
2021-06-09,1.57,26.8,16.09
2021-06-10,13.76,28.01,17.15
2021-06-11,16.6,27.69,19.72
2021-06-12,40.07,29.27,19.4
2021-06-13,5.48,28.94,21.68
2021-06-14,22.75,27.9,18.51
2021-06-15,18.15,28.5,19.26
2021-06-16,18.29,28.13,17.94
2021-06-17,7.95,27.96,19.17
2021-06-18,36.87,27.64,15.19
2021-06-19,42.33,26.43,10.63
2021-06-20,26.39,26.24,14.01
2021-06-21,4.79,26.86,17.85
2021-06-22,13.44,27.0,14.13
2021-06-23,36.0,27.88,20.24
2021-06-24,34.93,27.46,18.52
2021-06-25,26.95,27.44,21.61
2021-06-26,36.1,27.76,18.04
2021-06-27,44.38,27.77,19.86
2021-06-28,91.56,27.05,9.95
2021-06-29,39.69,27.34,6.67
2021-06-30,79.87,28.02,4.36
2021-07-01,21.94,27.63,7.58
2021-07-02,36.47,26.74,5.55
2021-07-03,88.19,27.38,10.97
2021-07-04,11.52,27.83,12.55
2021-07-05,18.33,27.78,20.16
2021-07-06,74.2,27.99,14.73
2021-07-07,30.66,27.6,7.78
2021-07-08,8.4,28.42,22.84
2021-07-09,4.88,28.75,21.72
2021-07-10,28.64,27.74,14.9
2021-07-11,28.3,27.7,19.14
2021-07-12,5.21,29.61,23.68
2021-07-13,43.82,27.77,16.26
2021-07-14,25.58,27.38,15.6
2021-07-15,4.1,28.01,17.99
2021-07-16,21.78,26.68,11.99
2021-07-17,0.64,27.74,9.58
2021-07-18,10.92,27.78,16.98
2021-07-19,17.82,27.92,12.62
2021-07-20,35.83,28.23,14.58
2021-07-21,28.84,29.09,11.6
2021-07-22,4.99,30.02,22.89
2021-07-23,10.18,28.44,15.61
2021-07-24,28.56,28.41,18.04
2021-07-25,6.34,28.31,19.37
2021-07-26,1.79,29.31,19.91
2021-07-27,4.0,30.25,19.88
2021-07-28,8.73,29.15,18.27
2021-07-29,28.25,27.95,13.0
2021-07-30,31.38,27.95,13.47
2021-07-31,27.05,27.36,11.64
2021-08-01,13.58,28.05,16.76
2021-08-02,102.8,27.64,13.33
2021-08-03,24.4,28.36,17.69
2021-08-04,30.02,29.31,22.74
2021-08-05,8.83,30.77,24.14
2021-08-06,19.81,29.01,21.63
2021-08-07,50.08,27.28,11.12
2021-08-08,34.83,28.23,13.49
2021-08-09,75.47,27.93,15.46
2021-08-10,63.62,27.88,13.56
2021-08-11,32.01,28.3,11.21
2021-08-12,61.17,26.64,16.73
2021-08-13,47.08,27.19,8.98
2021-08-14,89.22,27.77,8.73
2021-08-15,21.63,27.8,11.27
2021-08-16,10.12,27.63,8.94
2021-08-17,25.39,27.6,10.93
2021-08-18,28.9,26.97,16.45
2021-08-19,25.86,26.58,15.3
2021-08-20,16.38,27.03,13.05
2021-08-21,5.56,27.03,17.75
2021-08-22,31.74,26.96,18.14
2021-08-23,118.1,27.36,12.79
2021-08-24,23.73,27.45,12.23
2021-08-25,42.51,27.37,9.08
2021-08-26,47.65,27.51,11.97
2021-08-27,43.41,26.62,14.52
2021-08-28,9.94,27.5,19.47
2021-08-29,16.6,27.28,11.18
2021-08-30,25.42,26.71,11.73
2021-08-31,10.68,27.21,21.06
2021-09-01,3.23,27.06,15.34
2021-09-02,7.67,28.16,18.12
2021-09-03,4.5,28.19,22.46
2021-09-04,3.83,28.74,19.92
2021-09-05,0.84,29.59,18.63
2021-09-06,12.43,29.25,20.1
2021-09-07,36.9,27.61,19.81
2021-09-08,13.27,27.37,20.59
2021-09-09,9.11,28.65,19.56
2021-09-10,14.17,27.97,19.72
2021-09-11,75.9,28.11,19.32
2021-09-12,0.38,29.22,20.93
2021-09-13,4.76,28.83,19.55
2021-09-14,18.04,28.42,18.92
2021-09-15,10.78,29.08,18.35
2021-09-16,14.09,28.11,15.51
2021-09-17,8.1,27.67,17.14
2021-09-18,16.36,26.37,11.7
2021-09-19,8.84,27.25,16.62
2021-09-20,8.06,26.67,19.03
2021-09-21,6.65,26.22,13.83
2021-09-22,1.97,26.56,20.76
2021-09-23,1.73,27.6,19.88
2021-09-24,0.17,28.8,22.16
2021-09-25,1.37,28.51,20.55
2021-09-26,3.21,29.34,21.76
2021-09-27,2.0,29.02,20.49
2021-09-28,2.99,27.64,14.17
2021-09-29,10.38,26.95,16.96
2021-09-30,6.41,27.31,16.91
2021-10-01,2.37,27.52,16.24
2021-10-02,5.57,27.3,16.54
2021-10-03,36.99,26.89,9.18
2021-10-04,43.6,26.28,10.92
2021-10-05,38.42,26.82,8.15
2021-10-06,0.77,27.08,19.1
2021-10-07,4.07,27.3,17.85
2021-10-08,3.17,27.24,16.38
2021-10-09,11.71,27.38,16.3
2021-10-10,3.62,28.24,17.78
2021-10-11,0.0,29.16,20.1
2021-10-12,0.02,29.9,18.82
2021-10-13,1.48,29.45,17.36
2021-10-14,0.91,30.44,18.21
2021-10-15,0.9,30.48,19.55
2021-10-16,0.07,28.22,19.18
2021-10-17,0.22,27.31,13.2
2021-10-18,7.21,26.56,12.79
2021-10-19,30.65,25.92,12.37
2021-10-20,44.87,25.82,14.34
2021-10-21,16.3,25.06,13.54
2021-10-22,2.41,22.71,13.55
2021-10-23,0.0,23.74,16.3
2021-10-24,0.0,24.38,17.72
2021-10-25,0.0,24.05,17.42
2021-10-26,0.0,23.5,17.22
2021-10-27,0.01,24.11,15.52
2021-10-28,0.0,24.42,13.44
2021-10-29,0.0,25.61,18.78
2021-10-30,0.0,25.15,18.49
2021-10-31,0.0,23.03,18.08
2021-11-01,0.0,21.3,17.92
2021-11-02,0.0,20.85,17.7
2021-11-03,0.0,21.59,16.94
2021-11-04,0.0,21.85,15.75
2021-11-05,0.0,21.01,18.7
2021-11-06,0.0,20.55,18.52
2021-11-07,0.0,21.0,18.47
2021-11-08,0.0,21.92,18.59
2021-11-09,0.0,22.32,18.09
2021-11-10,0.0,22.59,16.98
2021-11-11,0.01,22.13,15.46
2021-11-12,0.0,21.7,12.8
2021-11-13,0.17,21.21,10.43
2021-11-14,0.41,20.85,11.64
2021-11-15,0.69,21.78,10.65
2021-11-16,0.18,22.81,14.08
2021-11-17,0.0,21.5,16.6
2021-11-18,0.0,20.43,17.39
2021-11-19,0.0,20.63,17.24
2021-11-20,0.0,20.61,15.21
2021-11-21,0.0,21.09,13.92
2021-11-22,0.0,21.05,15.46
2021-11-23,0.0,21.54,13.89
2021-11-24,0.0,20.33,14.49
2021-11-25,0.0,18.92,15.07
2021-11-26,0.0,18.07,15.31
2021-11-27,0.0,19.36,16.13
2021-11-28,0.0,19.97,16.45
2021-11-29,0.0,19.81,16.42
2021-11-30,0.0,20.34,16.32
2021-12-01,0.0,21.23,16.37
2021-12-02,0.0,21.29,15.72
2021-12-03,0.02,21.27,15.21
2021-12-04,0.12,21.42,8.96
2021-12-05,0.16,21.97,10.95
2021-12-06,25.1,20.65,2.79
2021-12-07,6.74,21.63,3.65
2021-12-08,0.11,22.16,11.04
2021-12-09,0.0,21.66,14.53
2021-12-10,0.03,20.22,11.06
2021-12-11,0.0,19.68,13.76
2021-12-12,0.0,18.62,15.34
2021-12-13,0.0,18.21,14.96
2021-12-14,0.0,18.67,15.4
2021-12-15,0.0,17.82,15.51
2021-12-16,0.0,17.91,15.27
2021-12-17,0.0,17.96,15.91
2021-12-18,0.0,18.09,15.51
2021-12-19,0.0,17.35,14.63
2021-12-20,0.0,17.19,15.58
2021-12-21,0.0,18.02,14.81
2021-12-22,2.33,18.41,10.18
2021-12-23,0.52,18.11,14.06
2021-12-24,0.0,17.58,14.86
2021-12-25,0.0,17.36,12.52
2021-12-26,0.0,17.26,14.94
2021-12-27,0.0,16.55,14.4
2021-12-28,0.0,17.04,14.43
2021-12-29,0.01,17.93,8.42
2021-12-30,0.07,18.68,11.7
2021-12-31,0.0,18.18,14.91
2022-01-01,0.0,17.63,15.39
2022-01-02,0.0,17.41,14.94
2022-01-03,0.0,17.37,14.45
2022-01-04,0.0,16.73,13.76
2022-01-05,0.0,17.27,12.93
2022-01-06,0.0,17.41,14.29
2022-01-07,0.0,18.27,15.4
2022-01-08,0.0,18.95,15.81
2022-01-09,0.0,18.27,15.92
2022-01-10,0.0,19.13,14.26
2022-01-11,0.08,19.61,12.19
2022-01-12,8.57,19.4,9.39
2022-01-13,9.44,16.94,12.61
2022-01-14,0.09,16.34,6.21
2022-01-15,0.14,17.47,8.35
2022-01-16,0.1,17.36,14.99
2022-01-17,0.0,18.09,15.55
2022-01-18,0.0,17.93,14.27
2022-01-19,0.08,17.88,14.9
2022-01-20,0.17,17.08,11.47
2022-01-21,0.3,17.43,12.03
2022-01-22,0.08,16.26,12.12
2022-01-23,0.28,17.57,9.02
2022-01-24,0.72,17.3,11.05
2022-01-25,0.39,16.72,13.39
2022-01-26,5.1,16.96,11.8
2022-01-27,5.02,16.29,10.57
2022-01-28,0.08,13.85,15.55
2022-01-29,0.0,13.81,16.59
2022-01-30,0.0,14.49,14.17
2022-01-31,0.0,15.17,13.8
2022-02-01,3.68,15.37,11.07
2022-02-02,0.64,15.65,13.77
2022-02-03,0.25,16.29,10.57
2022-02-04,18.54,17.73,9.38
2022-02-05,11.55,15.53,10.11
2022-02-06,0.36,14.31,16.81
2022-02-07,0.0,14.91,18.02
2022-02-08,0.0,15.12,17.35
2022-02-09,0.0,15.76,17.99
2022-02-10,0.1,16.54,5.4
2022-02-11,0.04,17.09,15.91
2022-02-12,0.0,15.91,17.85
2022-02-13,0.0,17.47,20.22
2022-02-14,0.0,17.5,20.54
2022-02-15,0.0,18.09,20.81
2022-02-16,0.0,17.83,20.28
2022-02-17,0.0,17.57,19.88
2022-02-18,0.0,17.86,19.77
2022-02-19,0.0,17.6,19.99
2022-02-20,2.0,17.11,15.6
2022-02-21,3.25,16.6,17.17
2022-02-22,3.26,17.87,18.29
2022-02-23,0.09,19.5,17.41
2022-02-24,0.33,19.48,16.37
2022-02-25,9.61,18.69,16.07
2022-02-26,0.2,20.63,19.33
2022-02-27,0.0,20.62,19.24
2022-02-28,0.0,21.57,16.17
2022-03-01,0.0,21.12,20.39
2022-03-02,0.0,21.1,21.44
2022-03-03,0.0,21.21,21.13
2022-03-04,0.0,21.42,21.84
2022-03-05,0.0,21.94,21.15
2022-03-06,0.0,22.92,21.16
2022-03-07,0.0,24.02,22.74
2022-03-08,0.0,24.49,22.17
2022-03-09,0.0,24.08,22.03
2022-03-10,0.0,23.43,21.93
2022-03-11,0.0,23.69,21.25
2022-03-12,0.0,24.16,20.98
2022-03-13,0.0,24.71,22.58
2022-03-14,0.0,25.06,22.0
2022-03-15,0.0,25.9,20.84
2022-03-16,0.0,25.39,22.06
2022-03-17,0.0,25.67,21.49
2022-03-18,0.0,26.65,21.59
2022-03-19,0.0,27.33,21.5
2022-03-20,0.0,25.4,22.55
2022-03-21,0.0,25.48,23.28
2022-03-22,0.41,26.61,20.52
2022-03-23,0.13,27.88,20.33
2022-03-24,1.69,26.4,17.08
2022-03-25,19.43,25.08,15.11
2022-03-26,52.85,25.39,16.2
2022-03-27,22.47,25.0,18.8
2022-03-28,1.6,24.74,12.3
2022-03-29,8.78,24.35,12.16
2022-03-30,8.43,25.32,10.39
2022-03-31,19.56,25.73,15.46
2022-04-01,64.06,26.11,16.41
2022-04-02,62.63,26.03,15.59
2022-04-03,21.42,25.91,13.89
2022-04-04,45.8,25.33,17.79
2022-04-05,78.62,25.83,19.18
2022-04-06,7.55,25.75,18.78
2022-04-07,0.01,26.25,21.77
2022-04-08,0.35,26.23,20.87
2022-04-09,16.55,25.99,18.95
2022-04-10,6.59,25.53,19.65
2022-04-11,22.02,26.21,15.61
2022-04-12,10.06,26.42,16.71
2022-04-13,35.54,26.81,16.46
2022-04-14,38.11,26.38,12.86
2022-04-15,22.25,26.68,19.85
2022-04-16,32.12,26.44,15.15
2022-04-17,24.22,27.26,19.14
2022-04-18,27.1,26.27,20.09
2022-04-19,16.84,26.9,21.68
2022-04-20,13.92,26.75,5.55
2022-04-21,3.84,25.39,24.91
2022-04-22,11.82,26.29,11.94
2022-04-23,1.95,26.33,22.72
2022-04-24,8.06,27.87,21.64
2022-04-25,8.17,27.47,21.96
2022-04-26,5.9,27.34,22.56
2022-04-27,9.24,27.75,21.14
2022-04-28,4.4,28.12,22.24
2022-04-29,5.07,28.13,21.56
2022-04-30,31.36,27.92,19.84
2022-05-01,7.75,27.28,22.34
2022-05-02,17.04,26.7,18.29
2022-05-03,2.95,26.92,5.89
2022-05-04,16.09,26.57,16.38
2022-05-05,6.3,26.53,21.74
2022-05-06,2.13,27.64,21.99
2022-05-07,0.11,28.25,22.48
2022-05-08,0.03,28.6,23.57
2022-05-09,11.79,28.31,11.24
2022-05-10,52.84,26.39,6.54
2022-05-11,52.48,26.89,11.9
2022-05-12,75.11,27.49,16.69
2022-05-13,138.59,27.45,7.79
2022-05-14,85.06,27.81,9.93
2022-05-15,47.94,28.16,15.21
2022-05-16,53.88,27.55,16.32
2022-05-17,106.93,26.59,7.62
2022-05-18,69.29,26.36,19.13
2022-05-19,103.61,26.7,15.3
2022-05-20,42.63,26.85,14.17
2022-05-21,23.3,26.78,11.43
2022-05-22,26.98,27.92,20.97
2022-05-23,31.08,27.91,17.66
2022-05-24,0.35,28.65,23.6
2022-05-25,7.13,27.5,15.39
2022-05-26,7.6,26.66,17.07
2022-05-27,4.03,27.08,19.73
2022-05-28,8.11,27.07,22.26
2022-05-29,16.43,27.51,17.01
2022-05-30,1.66,27.27,19.43
2022-05-31,6.65,27.83,19.27
2022-06-01,12.84,27.66,16.03
2022-06-02,44.67,26.56,13.04
2022-06-03,54.36,27.05,7.26
2022-06-04,60.33,27.29,5.55
2022-06-05,49.34,27.42,12.59
2022-06-06,59.92,27.43,17.34
2022-06-07,51.49,27.69,8.11
2022-06-08,54.88,27.49,13.75
2022-06-09,20.03,27.43,10.66
2022-06-10,41.88,25.77,11.65
2022-06-11,4.31,26.96,17.97
2022-06-12,129.42,27.45,9.75
2022-06-13,79.24,27.73,3.48
2022-06-14,60.28,27.7,8.92
2022-06-15,63.93,26.89,3.87
2022-06-16,96.75,26.09,5.47
2022-06-17,105.82,25.43,1.48
2022-06-18,148.32,25.52,1.98
2022-06-19,97.57,25.83,9.74
2022-06-20,65.67,26.41,10.31
2022-06-21,6.51,26.8,16.04
2022-06-22,16.3,27.21,16.61
2022-06-23,23.83,26.7,14.29
2022-06-24,6.21,26.54,21.63
2022-06-25,17.52,27.55,20.29
2022-06-26,15.1,26.8,21.94
2022-06-27,29.73,27.61,21.49
2022-06-28,30.36,27.01,14.76
2022-06-29,63.0,27.1,9.69
2022-06-30,44.44,27.09,6.69
2022-07-01,8.12,27.67,18.03
2022-07-02,16.88,27.53,24.02
2022-07-03,4.26,28.01,17.53
2022-07-04,9.12,27.6,20.33
2022-07-05,5.14,28.03,19.08
2022-07-06,41.68,27.62,10.76
2022-07-07,1.66,27.71,23.7
2022-07-08,5.07,27.69,14.9
2022-07-09,4.13,28.46,24.19
2022-07-10,12.69,28.43,22.95
2022-07-11,17.16,27.79,22.05
2022-07-12,3.29,28.9,24.45
2022-07-13,8.54,30.63,25.56
2022-07-14,4.45,30.67,26.15
2022-07-15,4.82,30.14,21.94
2022-07-16,4.67,29.61,23.42
2022-07-17,71.58,28.6,21.31
2022-07-18,9.05,28.13,19.17
2022-07-19,33.53,27.51,17.52
2022-07-20,32.02,27.77,17.9
2022-07-21,9.03,28.25,21.46
2022-07-22,3.47,28.59,19.96
2022-07-23,43.75,27.55,22.12
2022-07-24,10.36,26.85,7.4
2022-07-25,38.21,26.3,12.44
2022-07-26,36.63,26.98,11.04
2022-07-27,12.44,27.75,19.45
2022-07-28,22.91,27.91,12.54
2022-07-29,8.4,27.62,20.1
2022-07-30,17.33,27.79,8.49
2022-07-31,40.33,26.63,9.86
2022-08-01,19.78,27.97,11.39
2022-08-02,16.86,28.23,14.72
2022-08-03,13.17,27.94,17.36
2022-08-04,16.72,28.12,14.94
2022-08-05,53.23,28.1,17.47
2022-08-06,11.99,28.54,17.82
2022-08-07,25.48,30.18,22.72
2022-08-08,13.0,29.34,17.86
2022-08-09,3.76,29.14,21.04
2022-08-10,4.83,28.65,16.8
2022-08-11,0.16,28.8,24.4
2022-08-12,0.37,28.43,19.88
2022-08-13,13.36,27.84,11.31
2022-08-14,35.26,28.42,18.54
2022-08-15,5.5,28.27,19.78
2022-08-16,12.56,28.02,17.79
2022-08-17,5.65,28.68,20.82
2022-08-18,6.32,31.31,17.5
2022-08-19,9.73,29.9,22.53
2022-08-20,4.51,29.15,21.0
2022-08-21,8.05,27.16,18.56
2022-08-22,9.21,28.54,19.9
2022-08-23,17.62,28.76,20.78
2022-08-24,12.24,28.14,20.83
2022-08-25,0.34,27.75,21.55
2022-08-26,1.24,28.42,17.15
2022-08-27,37.69,26.72,7.86
2022-08-28,20.41,27.17,16.05
2022-08-29,15.27,27.39,17.27
2022-08-30,25.94,27.33,12.72
2022-08-31,2.71,27.87,16.43
2022-09-01,40.14,26.07,12.73
2022-09-02,21.95,25.8,9.32
2022-09-03,85.8,27.5,8.3
2022-09-04,43.14,28.01,9.31
2022-09-05,26.41,27.27,8.35
2022-09-06,12.5,27.11,11.96
2022-09-07,4.73,27.73,18.61
2022-09-08,2.43,29.55,21.37
2022-09-09,4.71,28.54,22.06
2022-09-10,22.9,27.63,21.34
2022-09-11,22.29,25.99,18.11
2022-09-12,17.92,25.85,15.08
2022-09-13,59.68,26.13,8.47
2022-09-14,48.48,26.32,12.67
2022-09-15,36.17,26.87,13.56
2022-09-16,25.64,27.11,12.58
2022-09-17,2.1,27.7,19.02
2022-09-18,1.95,28.58,17.78
2022-09-19,30.49,28.5,21.58
2022-09-20,12.5,27.73,19.06
2022-09-21,15.81,27.06,14.89
2022-09-22,9.94,27.44,17.88
2022-09-23,11.02,27.08,11.32
2022-09-24,26.78,26.92,8.89
2022-09-25,3.91,27.5,14.75
2022-09-26,5.43,27.52,18.25
2022-09-27,0.96,26.9,17.21
2022-09-28,3.83,27.78,18.68
2022-09-29,1.1,28.69,19.09
2022-09-30,0.29,29.57,17.42
2022-10-01,11.61,29.8,16.54
2022-10-02,32.71,29.01,11.02
2022-10-03,27.26,26.7,13.2
2022-10-04,13.03,26.6,19.27
2022-10-05,6.59,26.15,17.19
2022-10-06,0.62,26.77,18.74
2022-10-07,3.94,26.56,20.24
2022-10-08,4.59,26.58,18.31
2022-10-09,14.37,26.42,10.73
2022-10-10,17.93,26.1,12.96
2022-10-11,65.28,25.91,9.4
2022-10-12,23.9,25.42,10.89
2022-10-13,31.31,25.44,12.09
2022-10-14,8.2,25.36,17.15
2022-10-15,0.02,26.42,19.54
2022-10-16,0.81,27.2,19.64
2022-10-17,0.31,27.4,17.69
2022-10-18,0.34,27.24,18.85
2022-10-19,0.01,26.03,16.7
2022-10-20,0.0,26.79,19.38
2022-10-21,0.0,26.1,19.8
2022-10-22,0.01,25.71,19.5
2022-10-23,5.61,24.52,8.49
2022-10-24,97.87,22.19,2.61
2022-10-25,36.67,22.22,8.43
2022-10-26,0.95,23.15,14.49
2022-10-27,0.01,23.95,18.6
2022-10-28,0.0,23.38,19.34
2022-10-29,0.0,24.17,19.39
2022-10-30,0.0,25.07,18.03
2022-10-31,0.0,25.59,18.42
2022-11-01,0.0,25.14,18.84
2022-11-02,0.02,24.38,17.07
2022-11-03,0.04,24.09,12.08
2022-11-04,0.14,24.25,16.6
2022-11-05,0.01,24.77,17.54
2022-11-06,0.01,24.04,17.52
2022-11-07,0.0,23.45,16.8
2022-11-08,0.0,23.16,17.67
2022-11-09,0.0,22.8,17.87
2022-11-10,0.0,21.78,17.96
2022-11-11,0.0,21.64,17.4
2022-11-12,0.0,21.77,17.27
2022-11-13,0.0,21.34,17.63
2022-11-14,0.01,21.65,17.42
2022-11-15,0.0,20.85,17.22
2022-11-16,0.0,20.68,17.2
2022-11-17,0.0,21.11,17.51
2022-11-18,0.0,20.59,17.36
2022-11-19,0.0,20.91,15.65
2022-11-20,0.0,22.45,15.53
2022-11-21,0.76,22.08,16.45
2022-11-22,0.0,21.59,16.73
2022-11-23,0.0,20.87,16.36
2022-11-24,0.0,21.16,16.22
2022-11-25,0.0,21.8,16.96
2022-11-26,0.0,21.23,16.82
2022-11-27,0.0,20.35,16.53
2022-11-28,0.0,20.64,15.27
2022-11-29,0.0,22.58,9.66
2022-11-30,0.0,22.89,12.65
2022-12-01,0.0,22.39,14.2
2022-12-02,0.0,21.3,14.21
2022-12-03,0.0,20.19,15.71
2022-12-04,0.0,19.26,16.11
2022-12-05,0.0,20.01,15.89
2022-12-06,0.0,19.29,15.82
2022-12-07,0.0,18.73,15.51
2022-12-08,0.0,19.28,15.2
2022-12-09,0.0,18.15,15.71
2022-12-10,0.0,18.07,14.75
2022-12-11,0.0,19.02,15.56
2022-12-12,0.0,18.94,14.59
2022-12-13,0.0,18.85,13.94
2022-12-14,0.0,18.63,13.68
2022-12-15,0.0,18.57,12.91
2022-12-16,0.0,18.83,12.38
2022-12-17,0.0,19.17,13.64
2022-12-18,0.0,18.83,14.67
2022-12-19,0.0,19.1,13.68
2022-12-20,0.0,18.21,14.15
2022-12-21,0.0,18.11,14.75
2022-12-22,0.0,18.47,14.48
2022-12-23,0.0,18.16,13.92
2022-12-24,0.0,17.9,14.64
2022-12-25,1.16,17.08,10.82
2022-12-26,2.04,19.27,8.78
2022-12-27,4.5,17.96,7.24
2022-12-28,0.09,16.69,9.09
2022-12-29,0.0,16.19,9.36
2022-12-30,0.0,15.77,11.81
2022-12-31,0.0,15.96,11.31
2023-01-01,0.0,15.97,14.0
2023-01-02,0.0,16.48,14.86
2023-01-03,0.0,16.33,15.06
2023-01-04,0.0,16.33,12.59
2023-01-05,0.0,17.49,11.78
2023-01-06,0.0,18.48,10.58
2023-01-07,0.0,18.89,11.46
2023-01-08,0.0,18.68,11.32
2023-01-09,0.0,18.38,14.53
2023-01-10,0.0,18.74,16.07
2023-01-11,0.0,17.69,15.66
2023-01-12,0.0,16.66,15.31
2023-01-13,0.0,15.6,15.19
2023-01-14,0.0,16.99,11.07
2023-01-15,0.0,16.8,12.41
2023-01-16,0.0,15.78,12.82
2023-01-17,0.0,14.24,13.66
2023-01-18,0.0,13.72,15.21
2023-01-19,0.0,14.17,16.49
2023-01-20,0.0,14.79,16.8
2023-01-21,0.0,16.17,16.84
2023-01-22,0.0,17.05,16.25
2023-01-23,0.0,16.4,15.25
2023-01-24,0.0,17.9,16.07
2023-01-25,0.0,18.78,15.93
2023-01-26,0.0,19.21,14.37
2023-01-27,0.0,19.46,15.17
2023-01-28,0.0,19.2,15.2
2023-01-29,0.0,20.12,13.55
2023-01-30,0.0,20.33,16.87
2023-01-31,0.0,20.15,16.51
2023-02-01,0.0,19.9,9.4
2023-02-02,0.0,17.93,17.11
2023-02-03,0.0,18.75,18.3
2023-02-04,0.0,18.78,16.58
2023-02-05,0.0,18.29,16.59
2023-02-06,0.0,18.14,14.72
2023-02-07,0.0,19.18,16.12
2023-02-08,0.0,19.01,14.82
2023-02-09,0.0,19.55,16.35
2023-02-10,0.0,18.73,16.58
2023-02-11,0.0,17.89,17.94
2023-02-12,0.0,18.39,13.34
2023-02-13,0.0,17.71,20.7
2023-02-14,0.0,18.21,20.17
2023-02-15,0.0,19.01,19.32
2023-02-16,0.0,19.97,19.22
2023-02-17,0.0,19.94,19.38
2023-02-18,0.0,20.51,17.98
2023-02-19,0.0,21.24,15.88
2023-02-20,0.0,21.61,14.66
2023-02-21,0.35,21.55,13.03
2023-02-22,4.34,22.02,12.82
2023-02-23,3.28,22.37,16.19
2023-02-24,3.9,21.69,16.49
2023-02-25,0.0,21.55,18.98
2023-02-26,0.28,21.99,20.55
2023-02-27,0.0,21.96,19.98
2023-02-28,0.0,20.4,20.04
2023-03-01,0.0,22.27,18.46
2023-03-02,0.0,22.84,19.92
2023-03-03,0.0,23.92,19.92
2023-03-04,0.0,24.76,20.32
2023-03-05,0.0,24.58,19.76
2023-03-06,0.0,24.71,20.41
2023-03-07,0.0,23.84,22.13
2023-03-08,0.0,23.38,19.55
2023-03-09,0.0,23.83,19.14
2023-03-10,0.0,22.74,13.88
2023-03-11,0.0,24.28,15.22
2023-03-12,0.0,25.35,19.82
2023-03-13,0.0,25.72,21.25
2023-03-14,0.32,25.41,18.62
2023-03-15,10.15,23.92,9.23
2023-03-16,6.2,23.57,14.6
2023-03-17,18.46,22.28,8.28
2023-03-18,10.76,23.33,16.95
2023-03-19,40.91,22.23,3.68
2023-03-20,33.2,20.9,13.37
2023-03-21,22.07,21.54,17.68
2023-03-22,11.07,21.95,16.39
2023-03-23,0.77,21.65,18.55
2023-03-24,5.69,22.39,21.63
2023-03-25,4.9,23.7,16.5
2023-03-26,1.13,24.37,18.05
2023-03-27,5.84,24.27,18.48
2023-03-28,15.72,24.43,19.93
2023-03-29,13.65,23.97,13.92
2023-03-30,8.57,24.06,16.85
2023-03-31,19.51,23.58,19.43
2023-04-01,29.38,22.3,12.26
2023-04-02,15.72,22.41,20.78
2023-04-03,7.65,23.37,21.2
2023-04-04,8.45,24.81,19.36
2023-04-05,34.82,25.45,16.4
2023-04-06,5.57,25.2,21.58
2023-04-07,0.08,25.59,25.39
2023-04-08,0.0,26.71,25.59
2023-04-09,0.0,26.64,24.96
2023-04-10,0.0,26.09,24.47
2023-04-11,0.0,27.45,23.91
2023-04-12,0.0,27.28,25.19
2023-04-13,0.0,28.0,25.46
2023-04-14,0.0,29.09,25.29
2023-04-15,0.0,29.29,20.44
2023-04-16,0.0,29.59,23.8
2023-04-17,0.01,29.51,21.42
2023-04-18,0.14,28.84,21.11
2023-04-19,2.56,29.29,20.98
2023-04-20,19.3,29.12,21.68
2023-04-21,18.16,28.09,13.63
2023-04-22,13.8,26.93,22.63
2023-04-23,35.54,25.44,8.54
2023-04-24,0.08,25.35,24.31
2023-04-25,1.35,26.27,25.29
2023-04-26,0.49,26.76,22.49
2023-04-27,7.54,27.34,24.56
2023-04-28,4.22,26.3,22.9
2023-04-29,0.56,27.37,23.89
2023-04-30,13.66,26.7,22.62
2023-05-01,10.23,26.19,19.21
2023-05-02,2.12,26.5,24.5
2023-05-03,0.49,27.25,18.7
2023-05-04,23.8,26.56,14.53
2023-05-05,5.7,26.42,17.52
2023-05-06,10.27,26.86,20.9
2023-05-07,6.55,27.26,22.53
2023-05-08,0.0,27.77,25.41
2023-05-09,0.0,28.52,22.76
2023-05-10,1.7,29.06,23.55
2023-05-11,8.9,28.85,21.72
2023-05-12,1.15,28.82,15.94
2023-05-13,0.0,28.39,13.88
2023-05-14,0.25,27.02,10.45
2023-05-15,1.01,26.46,22.87
2023-05-16,30.09,27.74,21.74
2023-05-17,20.38,26.99,12.02
2023-05-18,29.75,26.47,13.98
2023-05-19,12.26,26.77,11.81
2023-05-20,31.22,27.58,20.64
2023-05-21,27.7,27.34,21.65
2023-05-22,10.94,27.0,19.06
2023-05-23,4.95,27.12,10.68
2023-05-24,13.25,26.46,15.39
2023-05-25,0.75,27.14,23.67
2023-05-26,52.82,26.94,23.09
2023-05-27,30.98,27.24,17.83
2023-05-28,5.03,27.89,24.99
2023-05-29,0.02,28.85,25.6
2023-05-30,0.0,29.5,25.13
2023-05-31,0.0,30.01,25.92
2023-06-01,4.89,28.96,20.99
2023-06-02,10.77,29.17,18.72
2023-06-03,6.69,29.7,20.55
2023-06-04,0.35,29.33,21.78
2023-06-05,0.04,29.53,25.88
2023-06-06,0.01,29.76,24.52
2023-06-07,0.11,30.94,19.61
2023-06-08,11.25,30.86,11.11
2023-06-09,30.28,29.56,15.93
2023-06-10,33.5,28.1,14.48
2023-06-11,53.61,28.06,10.34
2023-06-12,17.52,28.41,8.45
2023-06-13,15.19,28.75,16.95
2023-06-14,110.57,27.66,4.98
2023-06-15,150.98,27.72,10.09
2023-06-16,152.38,28.03,5.68
2023-06-17,90.49,28.16,5.23
2023-06-18,134.42,27.96,3.19
2023-06-19,49.26,27.51,4.39
2023-06-20,44.75,27.35,11.13
2023-06-21,68.64,26.97,13.72
2023-06-22,40.14,26.92,10.05
2023-06-23,12.78,27.97,23.0
2023-06-24,4.11,28.37,20.34
2023-06-25,1.55,28.36,23.19
2023-06-26,8.95,27.38,19.57
2023-06-27,40.41,27.82,14.73
2023-06-28,69.11,27.66,10.69
2023-06-29,66.03,27.76,8.2
2023-06-30,68.32,27.6,11.43
2023-07-01,138.12,28.1,3.21
2023-07-02,32.14,28.08,5.09
2023-07-03,105.55,28.26,8.42
2023-07-04,20.16,28.59,21.07
2023-07-05,13.12,28.27,19.67
2023-07-06,86.06,28.24,17.73
2023-07-07,20.69,27.84,18.7
2023-07-08,19.99,28.03,19.85
2023-07-09,5.46,28.48,16.5
2023-07-10,16.16,28.62,13.44
2023-07-11,78.51,27.78,15.63
2023-07-12,47.95,27.17,20.04
2023-07-13,91.21,27.76,15.99
2023-07-14,22.03,28.3,17.24
2023-07-15,14.65,28.47,22.17
2023-07-16,2.02,28.5,16.63
2023-07-17,9.36,27.33,13.63
2023-07-18,3.72,29.85,25.08
2023-07-19,8.65,30.34,23.97
2023-07-20,5.51,29.31,21.94
2023-07-21,23.94,29.7,19.77
2023-07-22,24.48,28.08,23.7
2023-07-23,3.32,29.51,19.03
2023-07-24,1.58,29.31,21.67
2023-07-25,9.31,29.12,23.69
2023-07-26,31.84,28.6,20.52
2023-07-27,39.77,28.72,16.91
2023-07-28,36.85,28.56,19.91
2023-07-29,12.09,28.94,18.91
2023-07-30,6.83,30.35,23.31
2023-07-31,7.27,31.23,23.97
2023-08-01,2.83,31.21,22.29
2023-08-02,13.12,29.86,15.19
2023-08-03,31.19,28.44,13.44
2023-08-04,33.34,28.17,14.56
2023-08-05,18.09,28.01,15.55
2023-08-06,106.58,27.53,5.44
2023-08-07,61.27,28.08,5.44
2023-08-08,61.81,27.86,5.29
2023-08-09,22.44,28.09,16.9
2023-08-10,18.42,28.25,12.25
2023-08-11,20.75,27.81,10.19
2023-08-12,57.6,26.47,12.93
2023-08-13,56.6,26.94,7.68
2023-08-14,11.48,27.41,14.37
2023-08-15,23.05,27.42,8.3
2023-08-16,16.59,28.4,15.5
2023-08-17,6.67,29.7,22.31
2023-08-18,9.04,29.25,20.92
2023-08-19,7.01,27.67,18.57
2023-08-20,2.15,28.35,18.66
2023-08-21,48.45,27.61,13.8
2023-08-22,30.5,26.37,6.44
2023-08-23,27.86,27.21,14.33
2023-08-24,31.69,27.49,10.94
2023-08-25,26.73,27.75,12.46
2023-08-26,66.94,27.54,8.55
2023-08-27,88.82,27.78,9.21
2023-08-28,18.58,28.15,15.16
2023-08-29,0.21,28.73,20.53
2023-08-30,0.18,29.06,22.15
2023-08-31,2.76,29.09,17.19
2023-09-01,12.51,28.4,14.45
2023-09-02,6.02,29.46,15.71
2023-09-03,3.91,29.75,21.23
2023-09-04,11.48,29.93,20.5
2023-09-05,3.35,31.31,23.18
2023-09-06,1.42,30.91,20.58
2023-09-07,17.84,29.2,15.62
2023-09-08,22.84,27.56,9.79
2023-09-09,2.39,27.66,18.95
2023-09-10,9.4,28.9,16.31
2023-09-11,9.76,28.7,19.74
2023-09-12,15.81,28.83,17.76
2023-09-13,15.01,28.65,17.01
2023-09-14,7.36,28.85,19.21
2023-09-15,9.58,28.18,21.19
2023-09-16,0.03,29.35,22.15
2023-09-17,1.87,30.32,21.75
2023-09-18,14.92,28.29,17.57
2023-09-19,36.66,26.79,16.38
2023-09-20,30.36,26.11,14.57
2023-09-21,42.9,26.88,11.33
2023-09-22,29.01,26.92,11.47
2023-09-23,15.02,27.08,14.2
2023-09-24,7.09,27.21,17.83
2023-09-25,10.85,27.73,18.28
2023-09-26,19.58,27.81,20.72
2023-09-27,15.23,28.05,16.77
2023-09-28,0.01,29.93,20.62
2023-09-29,3.16,28.95,19.31
2023-09-30,3.33,28.62,15.42
2023-10-01,10.8,28.3,17.78
2023-10-02,28.52,28.11,16.03
2023-10-03,24.17,27.07,15.54
2023-10-04,14.0,26.78,10.65
2023-10-05,82.84,25.96,4.84
2023-10-06,206.5,25.91,1.66
2023-10-07,36.48,26.57,9.2
2023-10-08,38.15,27.03,12.85
2023-10-09,20.32,27.08,9.97
2023-10-10,1.01,27.7,17.29
2023-10-11,2.34,26.68,15.88
2023-10-12,5.17,26.53,16.34
2023-10-13,3.26,25.96,16.4
2023-10-14,0.04,25.65,16.54
2023-10-15,0.01,26.2,18.72
2023-10-16,0.0,25.79,19.48
2023-10-17,0.0,25.89,19.43
2023-10-18,0.0,25.11,18.62
2023-10-19,0.0,24.54,18.65
2023-10-20,0.0,24.63,19.82
2023-10-21,0.0,24.58,19.55
2023-10-22,0.02,25.54,15.76
2023-10-23,4.75,25.53,11.98
2023-10-24,1.57,24.86,10.01
2023-10-25,4.42,25.44,15.08
2023-10-26,12.59,25.12,15.79
2023-10-27,0.79,24.34,17.13
2023-10-28,0.01,24.2,18.35
2023-10-29,0.0,23.67,17.86
2023-10-30,0.0,24.69,18.79
2023-10-31,0.0,24.9,18.52
2023-11-01,0.0,25.29,18.84
2023-11-02,0.0,24.13,18.73
2023-11-03,0.0,23.54,17.03
2023-11-04,0.0,23.6,15.53
2023-11-05,0.07,23.65,16.25
2023-11-06,0.0,22.63,17.28
2023-11-07,0.0,22.14,15.19
2023-11-08,0.07,21.4,15.86
2023-11-09,0.01,22.22,16.91
2023-11-10,0.0,22.61,17.33
2023-11-11,0.0,22.55,17.35
2023-11-12,0.0,22.4,17.27
2023-11-13,0.0,23.07,17.53
2023-11-14,0.0,22.7,17.15
2023-11-15,0.0,23.35,15.25
2023-11-16,5.14,23.44,6.39
2023-11-17,45.51,22.09,2.34
2023-11-18,11.75,22.66,14.6
2023-11-19,4.45,23.34,16.38
2023-11-20,0.0,23.26,16.25
2023-11-21,0.0,22.72,11.09
2023-11-22,0.0,21.85,14.22
2023-11-23,0.0,21.9,15.39
2023-11-24,0.0,21.72,15.51
2023-11-25,0.0,21.32,16.49
2023-11-26,0.0,21.65,16.77
2023-11-27,0.0,22.05,15.69
2023-11-28,0.0,22.4,16.03
2023-11-29,0.0,21.53,12.2
2023-11-30,0.0,22.07,15.94
2023-12-01,0.0,21.53,16.18
2023-12-02,0.0,21.94,14.34
2023-12-03,0.0,22.29,13.94
2023-12-04,0.0,21.95,13.43
2023-12-05,0.0,22.1,7.75
2023-12-06,0.08,22.52,8.43
2023-12-07,22.71,20.78,4.32
2023-12-08,14.26,20.94,5.51
2023-12-09,0.71,20.51,12.82
2023-12-10,0.0,19.45,9.44
2023-12-11,0.01,19.58,13.01
2023-12-12,0.01,19.45,10.47
2023-12-13,0.0,17.54,12.23
2023-12-14,0.0,16.59,13.5
2023-12-15,0.0,16.87,14.28
2023-12-16,0.0,16.99,14.69
2023-12-17,0.0,17.39,15.52
2023-12-18,0.0,16.74,15.27
2023-12-19,0.0,17.32,15.34
2023-12-20,0.0,17.81,14.99
2023-12-21,0.0,19.25,14.46
2023-12-22,0.0,19.34,14.34
2023-12-23,0.0,20.41,8.61
2023-12-24,1.26,20.07,12.27
2023-12-25,0.09,19.4,13.78
2023-12-26,0.0,19.49,13.58
2023-12-27,0.0,19.4,13.94
2023-12-28,0.0,19.11,13.91
2023-12-29,0.0,19.02,15.14
2023-12-30,0.0,19.68,15.34
2023-12-31,0.0,19.74,14.82
2024-01-01,0.08,18.51,12.49
2024-01-02,0.0,17.75,9.86
2024-01-03,0.0,17.71,10.96
2024-01-04,0.0,16.95,9.84
2024-01-05,0.0,17.67,12.2
2024-01-06,0.0,17.56,13.92
2024-01-07,0.0,18.1,14.46
2024-01-08,0.0,17.66,15.09
2024-01-09,0.0,17.48,9.67
2024-01-10,0.0,16.38,12.54
2024-01-11,0.0,16.35,7.86
2024-01-12,0.0,16.6,7.69
2024-01-13,0.0,16.44,11.39
2024-01-14,0.0,16.87,11.11
2024-01-15,0.0,17.34,8.23
2024-01-16,0.0,15.76,12.14
2024-01-17,0.0,14.01,7.71
2024-01-18,0.0,14.58,11.58
2024-01-19,0.0,16.54,14.83
2024-01-20,0.0,16.09,14.71
2024-01-21,0.0,15.18,11.22
2024-01-22,0.0,15.17,9.64
2024-01-23,0.0,15.41,10.86
2024-01-24,0.29,15.11,11.7
2024-01-25,0.08,15.75,12.77
2024-01-26,0.0,15.36,14.87
2024-01-27,0.0,15.5,13.27
2024-01-28,0.0,15.86,15.56
2024-01-29,0.0,16.4,16.06
2024-01-30,0.0,16.53,16.32
2024-01-31,0.0,17.56,10.64
2024-02-01,0.09,17.65,12.11
2024-02-02,0.96,18.03,7.53
2024-02-03,0.08,16.98,15.44
2024-02-04,0.28,16.69,17.13
2024-02-05,0.0,17.66,14.15
2024-02-06,0.02,17.58,8.63
2024-02-07,0.0,16.92,14.99
2024-02-08,0.0,15.09,18.18
2024-02-09,0.0,15.66,18.42
2024-02-10,0.0,18.26,19.28
2024-02-11,0.0,18.71,18.88
2024-02-12,0.0,19.34,17.33
2024-02-13,0.0,18.97,18.23
2024-02-14,0.0,20.11,14.28
2024-02-15,0.2,20.66,16.22
2024-02-16,0.0,20.5,17.72
2024-02-17,0.0,19.67,17.97
2024-02-18,0.0,19.22,17.58
2024-02-19,0.0,18.82,19.31
2024-02-20,0.04,19.64,11.12
2024-02-21,10.25,21.32,12.91
2024-02-22,34.87,21.89,7.72
2024-02-23,7.45,20.74,9.2
2024-02-24,0.01,20.17,18.42
2024-02-25,1.99,19.71,9.76
2024-02-26,0.0,19.22,20.19
2024-02-27,0.0,20.17,17.61
2024-02-28,0.0,19.83,19.17
2024-02-29,0.0,20.19,19.43
2024-03-01,0.0,20.45,20.86
2024-03-02,0.0,20.64,21.55
2024-03-03,0.0,21.34,19.94
2024-03-04,0.47,21.06,10.42
2024-03-05,0.19,20.72,21.28
2024-03-06,0.0,20.4,23.01
2024-03-07,0.0,19.71,22.6
2024-03-08,0.0,20.67,21.66
2024-03-09,0.0,20.45,23.48
2024-03-10,0.0,20.2,22.74
2024-03-11,0.0,21.71,22.55
2024-03-12,0.0,23.46,21.44
2024-03-13,0.08,23.02,18.91
2024-03-14,0.43,23.56,17.11
2024-03-15,0.36,24.38,18.68
2024-03-16,0.71,25.27,19.54
2024-03-17,5.4,24.95,20.62
2024-03-18,0.0,25.46,16.27
2024-03-19,0.01,25.91,13.9
2024-03-20,15.66,24.24,12.92
2024-03-21,4.1,22.53,9.49
2024-03-22,1.66,21.59,19.85
2024-03-23,5.77,22.64,20.75
2024-03-24,23.01,23.05,16.94
2024-03-25,16.4,23.55,19.38
2024-03-26,27.4,23.96,19.95
2024-03-27,0.21,23.76,20.04
2024-03-28,0.44,24.25,20.09
2024-03-29,1.87,25.16,15.97
2024-03-30,10.87,24.83,11.9
2024-03-31,39.38,25.36,14.0
2024-04-01,56.3,24.97,18.85
2024-04-02,5.04,26.36,21.79
2024-04-03,12.61,25.87,20.81
2024-04-04,5.99,26.43,20.88
2024-04-05,17.79,26.94,16.95
2024-04-06,1.35,26.83,19.98
2024-04-07,40.5,26.39,11.96
2024-04-08,0.03,25.59,10.83
2024-04-09,0.0,25.91,19.97
2024-04-10,0.0,26.74,13.78
2024-04-11,0.0,26.56,17.33
2024-04-12,0.01,27.35,20.51
2024-04-13,0.0,26.93,23.74
2024-04-14,0.05,27.55,23.01
2024-04-15,2.53,28.22,19.27
2024-04-16,2.62,28.39,18.45
2024-04-17,1.78,27.36,19.0
2024-04-18,11.4,27.82,20.32
2024-04-19,13.28,27.53,21.05
2024-04-20,33.85,27.7,23.05
2024-04-21,4.65,27.48,22.81
2024-04-22,21.65,27.96,19.95
2024-04-23,6.0,27.06,20.17
2024-04-24,1.13,27.5,21.98
2024-04-25,3.19,29.4,22.11
2024-04-26,4.11,29.0,22.29
2024-04-27,21.23,27.86,22.79
2024-04-28,16.71,28.51,20.46
2024-04-29,8.52,28.51,21.99
2024-04-30,2.66,28.7,20.79
2024-05-01,16.27,27.49,21.49
2024-05-02,38.16,27.8,17.46
2024-05-03,0.72,27.42,24.93
2024-05-04,2.81,27.34,20.58
2024-05-05,62.61,26.87,15.63
2024-05-06,50.42,26.22,9.61
2024-05-07,15.5,24.52,22.16
2024-05-08,1.0,25.55,9.81
2024-05-09,5.84,26.14,23.05
2024-05-10,26.05,26.1,19.87
2024-05-11,13.71,26.22,15.16
2024-05-12,0.48,27.37,23.94
2024-05-13,0.03,28.02,24.17
2024-05-14,0.5,28.51,23.98
2024-05-15,2.68,28.9,23.24
2024-05-16,8.01,28.77,23.75
2024-05-17,8.18,29.11,19.1
2024-05-18,62.93,28.03,7.98
2024-05-19,9.9,27.4,11.64
2024-05-20,3.65,28.46,18.09
2024-05-21,6.94,29.53,22.01
2024-05-22,8.03,29.85,20.73
2024-05-23,2.75,30.44,25.6
2024-05-24,1.38,31.26,25.09
2024-05-25,0.22,31.11,26.5
2024-05-26,13.18,30.09,19.66
2024-05-27,93.2,27.34,3.49
2024-05-28,275.64,26.23,4.77
2024-05-29,20.79,28.8,13.03
2024-05-30,66.26,28.85,6.77
2024-05-31,23.76,28.69,17.23
2024-06-01,69.88,28.84,20.2
2024-06-02,69.1,28.33,19.54
2024-06-03,71.02,27.3,8.37
2024-06-04,49.0,28.05,9.5
2024-06-05,26.92,28.81,19.35
2024-06-06,35.23,28.69,12.97
2024-06-07,2.38,28.5,18.52
2024-06-08,52.47,28.53,13.38
2024-06-09,65.46,28.73,4.98
2024-06-10,27.5,29.17,8.59
2024-06-11,11.26,29.09,19.79
2024-06-12,82.84,28.63,17.02
2024-06-13,91.5,27.98,3.1
2024-06-14,43.65,28.34,7.65
2024-06-15,42.88,28.33,3.61
2024-06-16,52.1,28.71,6.45
2024-06-17,102.57,28.26,4.82
2024-06-18,113.52,27.54,1.82
2024-06-19,128.33,27.26,3.99
2024-06-20,21.69,27.49,8.45
2024-06-21,3.04,28.77,19.57
2024-06-22,11.13,29.27,18.76
2024-06-23,5.84,29.06,21.02
2024-06-24,22.32,28.62,17.56
2024-06-25,1.37,29.03,17.09
2024-06-26,10.52,30.05,18.36
2024-06-27,39.11,27.57,15.7
2024-06-28,31.55,28.2,14.1
2024-06-29,64.57,27.84,11.73
2024-06-30,205.99,27.72,10.27
2024-07-01,62.97,27.64,4.84
2024-07-02,85.5,27.75,10.91
2024-07-03,21.15,28.3,13.41
2024-07-04,32.84,27.61,14.42
2024-07-05,51.7,27.43,12.23
2024-07-06,13.6,27.84,17.75
2024-07-07,5.8,28.43,20.38
2024-07-08,14.99,28.18,13.14
2024-07-09,17.55,27.84,18.33
2024-07-10,71.9,28.13,13.41
2024-07-11,112.44,27.79,17.14
2024-07-12,51.38,27.94,13.01
2024-07-13,9.68,28.17,15.27
2024-07-14,6.48,29.58,19.16
2024-07-15,9.59,30.36,21.19
2024-07-16,18.12,28.99,20.88
2024-07-17,2.78,29.57,20.43
2024-07-18,1.26,30.71,22.41
2024-07-19,6.14,30.45,21.24
2024-07-20,25.29,29.11,20.53
2024-07-21,12.4,28.81,19.99
2024-07-22,62.92,28.2,16.42
2024-07-23,26.95,28.27,16.29
2024-07-24,3.18,29.06,20.32
2024-07-25,12.25,30.09,23.71
2024-07-26,6.77,31.22,24.19
2024-07-27,3.95,30.39,22.9
2024-07-28,31.34,30.37,22.25
2024-07-29,20.85,29.06,17.89
2024-07-30,15.97,28.4,16.64
2024-07-31,29.32,28.53,16.26
2024-08-01,16.24,28.2,9.75
2024-08-02,100.3,26.58,4.51
2024-08-03,49.85,27.41,11.68
2024-08-04,16.96,28.08,18.91
2024-08-05,41.38,27.71,14.36
2024-08-06,40.25,27.88,15.29
2024-08-07,10.7,27.2,17.51
2024-08-08,23.99,27.22,13.44
2024-08-09,36.7,27.35,12.63
2024-08-10,57.79,27.57,18.1
2024-08-11,34.68,27.61,13.67
2024-08-12,27.33,27.43,5.9
2024-08-13,29.2,28.01,17.72
2024-08-14,6.36,28.06,20.55
2024-08-15,19.87,28.93,20.09
2024-08-16,23.78,29.07,11.51
2024-08-17,9.31,28.22,11.37
2024-08-18,21.83,27.24,13.51
2024-08-19,40.96,26.13,7.02
2024-08-20,255.43,26.46,8.52
2024-08-21,48.97,26.49,1.95
2024-08-22,60.71,25.66,6.52
2024-08-23,4.23,27.41,18.02
2024-08-24,18.67,26.93,18.69
2024-08-25,3.36,26.97,17.78
2024-08-26,4.52,27.1,16.8
2024-08-27,2.59,27.63,19.47
2024-08-28,1.58,27.99,16.56
2024-08-29,1.16,29.16,20.5
2024-08-30,11.31,29.03,20.79
2024-08-31,6.79,28.13,16.22
2024-09-01,9.97,27.31,11.48
2024-09-02,5.41,29.56,21.53
2024-09-03,19.17,28.33,15.21
2024-09-04,3.26,27.81,16.02
2024-09-05,5.36,27.99,16.46
2024-09-06,1.0,29.47,19.86
2024-09-07,2.47,30.23,21.96
2024-09-08,2.97,30.18,21.7
2024-09-09,7.58,28.8,18.98
2024-09-10,4.29,28.63,18.9
2024-09-11,5.68,29.14,20.47
2024-09-12,0.9,30.47,21.78
2024-09-13,0.51,29.16,19.02
2024-09-14,2.04,27.5,9.84
2024-09-15,1.84,27.38,5.93
2024-09-16,0.11,28.55,17.32
2024-09-17,1.37,29.27,20.73
2024-09-18,0.33,30.54,20.5
2024-09-19,0.39,30.69,21.13
2024-09-20,0.52,31.58,22.19
2024-09-21,8.14,30.64,10.07
2024-09-22,1.42,31.47,20.63
2024-09-23,1.45,31.34,18.73
2024-09-24,14.39,28.97,16.26
2024-09-25,151.23,26.33,8.64
2024-09-26,19.68,25.9,7.98
2024-09-27,1.64,27.18,18.53
2024-09-28,14.81,27.25,15.33
2024-09-29,38.17,27.59,3.43
2024-09-30,12.92,27.79,14.06
2024-10-01,27.66,27.5,10.41
2024-10-02,17.17,27.84,18.18
2024-10-03,40.14,26.09,6.11
2024-10-04,72.02,26.72,10.64
2024-10-05,63.39,25.76,5.65
2024-10-06,8.41,26.52,14.91
2024-10-07,5.93,27.22,15.54
2024-10-08,7.85,26.56,7.63
2024-10-09,4.49,26.25,14.6
2024-10-10,4.23,25.66,12.99
2024-10-11,16.86,26.27,11.34
2024-10-12,10.68,26.36,14.76
2024-10-13,0.26,26.63,14.23
2024-10-14,0.0,25.78,14.32
2024-10-15,1.19,25.59,11.24
2024-10-16,2.45,25.94,17.69
2024-10-17,0.28,26.38,11.45
2024-10-18,2.69,24.73,10.02
2024-10-19,10.05,26.19,11.77
2024-10-20,0.07,25.8,16.5
2024-10-21,0.0,26.62,17.19
2024-10-22,3.55,27.1,18.69
2024-10-23,58.12,25.82,8.67
2024-10-24,7.85,25.28,8.92
2024-10-25,1.32,25.94,14.81
2024-10-26,0.11,26.38,13.42
2024-10-27,0.0,25.82,14.4
2024-10-28,0.0,25.98,17.63
2024-10-29,0.34,26.09,17.32
2024-10-30,5.27,25.91,13.23
2024-10-31,6.41,25.87,12.65
2024-11-01,4.09,25.9,14.65
2024-11-02,0.13,25.01,16.64
2024-11-03,0.0,25.71,17.54
2024-11-04,0.62,25.28,16.8
2024-11-05,1.92,24.9,15.65
2024-11-06,2.33,24.02,10.78
2024-11-07,0.11,24.21,16.52
2024-11-08,0.0,24.27,17.88
2024-11-09,0.0,23.73,17.92
2024-11-10,0.0,23.7,17.68
2024-11-11,0.0,23.57,17.47
2024-11-12,0.0,23.68,16.66
2024-11-13,0.0,23.15,17.1
2024-11-14,0.0,22.6,17.03
2024-11-15,0.0,22.37,17.06
2024-11-16,0.0,22.22,16.81
2024-11-17,0.0,21.8,15.62
2024-11-18,0.0,21.65,16.84
2024-11-19,0.0,21.92,17.1
2024-11-20,0.0,21.55,15.21
2024-11-21,0.01,21.98,15.62
2024-11-22,0.0,20.98,15.17
2024-11-23,0.0,20.88,15.17
2024-11-24,0.0,19.56,14.98
2024-11-25,0.0,19.84,14.82
2024-11-26,0.0,19.82,13.75
2024-11-27,0.0,19.8,15.73
2024-11-28,0.0,20.73,14.22
2024-11-29,0.0,21.95,15.19
2024-11-30,0.0,21.97,14.74
2024-12-01,0.0,21.19,15.4
2024-12-02,0.0,20.53,14.57
2024-12-03,0.0,20.4,15.26
2024-12-04,0.0,19.14,15.01
2024-12-05,0.0,18.93,13.3
2024-12-06,0.0,17.92,12.32
2024-12-07,0.0,17.23,12.62
2024-12-08,0.0,17.52,12.17
2024-12-09,0.0,16.63,12.38
2024-12-10,0.0,18.02,12.17
2024-12-11,0.0,17.38,12.31
2024-12-12,0.0,17.08,10.86
2024-12-13,0.0,17.47,8.09
2024-12-14,0.0,17.73,12.34
2024-12-15,0.0,17.1,15.88
2024-12-16,0.0,17.88,16.32
2024-12-17,0.0,18.02,15.17
2024-12-18,0.04,18.86,13.21
2024-12-19,0.0,19.31,13.46
2024-12-20,0.0,18.18,12.67
2024-12-21,0.0,17.7,5.99
2024-12-22,0.0,17.64,14.5
2024-12-23,0.0,17.69,15.61
2024-12-24,0.0,18.05,15.23
2024-12-25,0.0,17.41,12.66
2024-12-26,0.0,18.58,14.23
2024-12-27,0.0,18.72,14.83
2024-12-28,0.0,19.14,15.62
2024-12-29,0.0,18.38,14.33
2024-12-30,0.0,18.29,14.83
2024-12-31,0.0,18.0,12.56
2025-01-01,0.0,17.6,9.12
2025-01-02,0.0,17.68,11.94
2025-01-03,0.0,17.7,11.32
2025-01-04,0.0,18.68,14.43
2025-01-05,0.0,19.36,13.83
2025-01-06,0.0,19.76,15.05
2025-01-07,0.09,19.04,12.07
2025-01-08,0.09,17.37,6.58
2025-01-09,0.0,15.95,13.84
2025-01-10,0.0,16.15,15.19
2025-01-11,0.0,17.62,15.96
2025-01-12,0.0,18.2,16.25
2025-01-13,0.0,17.55,14.63
2025-01-14,0.0,17.67,15.17
2025-01-15,0.0,18.08,15.93
2025-01-16,0.0,18.87,16.28
2025-01-17,0.0,19.01,16.52
2025-01-18,0.0,18.74,15.98
2025-01-19,0.0,17.79,16.12
2025-01-20,0.0,17.2,15.44
2025-01-21,0.0,16.81,13.86
2025-01-22,0.0,16.92,12.69
2025-01-23,0.0,16.81,7.85
2025-01-24,0.0,15.8,11.35
2025-01-25,0.0,16.46,11.95
2025-01-26,0.0,17.28,15.32
2025-01-27,0.0,17.6,14.92
2025-01-28,0.0,17.52,13.3
2025-01-29,0.0,17.99,11.93
2025-01-30,0.03,17.54,10.84
2025-01-31,0.02,19.22,7.74
2025-02-01,0.0,18.6,13.55
2025-02-02,0.0,17.16,11.48
2025-02-03,0.0,18.08,13.87
2025-02-04,0.0,18.66,15.58
2025-02-05,0.0,18.43,14.84
2025-02-06,0.0,18.64,15.57
2025-02-07,0.0,18.12,18.01
2025-02-08,0.0,16.66,18.97
2025-02-09,0.0,17.22,18.49
2025-02-10,0.0,17.39,17.09
2025-02-11,0.0,17.87,11.31
2025-02-12,0.27,19.73,12.76
2025-02-13,1.06,19.7,13.52
2025-02-14,0.05,18.86,18.51
2025-02-15,0.0,17.19,19.71
2025-02-16,0.0,17.47,18.59
2025-02-17,0.0,19.81,17.16
2025-02-18,0.01,21.6,16.78
2025-02-19,0.0,20.67,16.32
2025-02-20,0.0,20.78,18.48
2025-02-21,0.03,21.33,17.95
2025-02-22,0.04,21.36,17.39
2025-02-23,4.21,21.25,12.03
2025-02-24,0.0,20.93,19.29
2025-02-25,0.0,20.63,20.43
2025-02-26,0.0,20.34,21.3
2025-02-27,0.0,20.9,20.59
2025-02-28,0.0,21.89,16.35
2025-03-01,0.02,21.7,16.85
2025-03-02,0.05,22.23,16.29
2025-03-03,0.0,23.06,16.87
2025-03-04,0.0,21.77,22.13
2025-03-05,0.0,21.13,21.23
2025-03-06,0.0,21.71,21.97
2025-03-07,0.0,20.12,22.23
2025-03-08,0.0,20.92,21.21
2025-03-09,0.5,21.6,21.22
2025-03-10,0.78,22.8,21.28
2025-03-11,0.0,23.9,15.26
2025-03-12,0.52,23.84,17.86
2025-03-13,3.96,23.7,17.57
2025-03-14,14.24,24.57,16.98
2025-03-15,7.52,24.81,17.84
2025-03-16,14.89,24.72,18.94
2025-03-17,0.45,24.99,12.94
2025-03-18,0.06,24.28,17.02
2025-03-19,0.0,24.92,21.72
2025-03-20,0.01,24.04,14.45
2025-03-21,1.98,22.38,5.56
2025-03-22,0.09,23.21,6.61
2025-03-23,1.74,22.82,20.82
2025-03-24,0.04,23.5,22.69
2025-03-25,0.0,24.43,23.52
2025-03-26,0.0,25.15,23.42
2025-03-27,0.0,26.47,18.67
2025-03-28,0.0,27.49,20.84
2025-03-29,0.0,27.23,21.88
2025-03-30,0.0,26.56,21.78
2025-03-31,1.0,26.53,19.11
2025-04-01,18.0,25.27,15.83
2025-04-02,20.96,25.02,18.89
2025-04-03,0.01,26.8,17.77
2025-04-04,0.0,27.05,13.37
2025-04-05,0.04,26.62,20.52
2025-04-06,4.1,26.83,19.99
2025-04-07,3.8,26.99,21.66
2025-04-08,0.18,27.34,20.95
2025-04-09,1.56,27.8,22.79
2025-04-10,1.19,27.48,21.62
2025-04-11,37.33,26.15,18.84
2025-04-12,10.44,25.91,21.17
2025-04-13,8.99,26.02,20.6
2025-04-14,1.12,25.97,21.87
2025-04-15,1.5,27.68,19.02
2025-04-16,11.55,26.61,14.78
2025-04-17,16.98,25.98,11.76
2025-04-18,4.83,25.64,17.49
2025-04-19,6.91,26.06,20.25
2025-04-20,12.05,26.84,16.96
2025-04-21,31.94,27.65,10.74
2025-04-22,28.59,27.4,16.25
2025-04-23,39.98,27.56,15.27
2025-04-24,31.79,27.73,19.8
2025-04-25,86.55,27.21,20.43
2025-04-26,4.16,27.42,20.8
2025-04-27,29.76,27.02,16.61
2025-04-28,37.06,25.71,8.88
2025-04-29,9.66,24.75,21.9
2025-04-30,11.82,25.32,19.51
2025-05-01,5.14,25.77,18.5
2025-05-02,3.82,25.61,22.28
2025-05-03,0.61,25.98,24.89
2025-05-04,1.91,26.73,19.64
2025-05-05,4.92,26.95,23.57
2025-05-06,7.94,27.35,11.14
2025-05-07,9.29,26.89,21.92
2025-05-08,37.1,28.2,21.37
2025-05-09,0.27,29.06,21.4
2025-05-10,0.93,29.62,21.79
2025-05-11,31.44,29.17,18.77
2025-05-12,43.21,28.11,4.28
2025-05-13,26.03,27.66,13.38
2025-05-14,50.13,28.83,11.43
2025-05-15,27.76,28.45,13.95
2025-05-16,14.45,29.05,18.63
2025-05-17,43.25,29.01,17.45
2025-05-18,39.08,27.73,19.6
2025-05-19,53.88,27.79,12.32
2025-05-20,101.42,27.47,7.62
2025-05-21,39.0,27.2,10.69
2025-05-22,38.07,27.01,12.96
2025-05-23,6.11,26.98,21.32
2025-05-24,5.32,28.56,18.06
2025-05-25,35.74,29.31,21.21
2025-05-26,60.9,28.29,20.11
2025-05-27,2.47,29.7,24.53
2025-05-28,15.12,29.15,17.43
2025-05-29,118.42,27.55,6.14
2025-05-30,204.96,26.93,4.22
2025-05-31,146.96,27.2,7.75
2025-06-01,77.01,27.7,4.3
2025-06-02,29.96,28.11,8.77
2025-06-03,36.54,27.28,12.25
2025-06-04,37.24,26.79,8.57
2025-06-05,26.02,27.15,17.58
2025-06-06,20.04,27.91,17.57
2025-06-07,7.53,28.49,21.83
2025-06-08,0.05,29.04,24.23
2025-06-09,3.21,29.52,22.75
2025-06-10,3.6,30.56,23.81
2025-06-11,8.16,28.9,25.74
2025-06-12,0.3,29.88,24.77
2025-06-13,7.05,30.48,24.13
2025-06-14,6.07,28.23,12.84
2025-06-15,25.72,28.03,14.81
2025-06-16,8.94,27.33,18.67
2025-06-17,25.0,28.27,15.35
2025-06-18,42.11,27.91,11.18
2025-06-19,37.51,27.44,13.23
2025-06-20,27.86,28.02,17.1
2025-06-21,16.37,28.43,15.42
2025-06-22,24.46,27.6,17.96
2025-06-23,18.55,28.52,15.49
2025-06-24,8.18,29.11,21.29
2025-06-25,51.63,28.83,16.72
2025-06-26,7.74,28.84,19.85
2025-06-27,4.6,28.64,17.71
2025-06-28,3.27,28.11,22.07
2025-06-29,15.0,28.38,17.84
2025-06-30,26.77,28.92,19.59
2025-07-01,19.63,29.54,17.66
2025-07-02,16.28,29.13,16.25
2025-07-03,3.45,29.07,20.49
2025-07-04,25.57,27.83,16.69
2025-07-05,15.18,27.97,19.28
2025-07-06,17.71,27.35,19.92
2025-07-07,22.21,27.57,14.0
2025-07-08,40.96,26.82,5.51
2025-07-09,42.15,26.92,5.46
2025-07-10,22.15,27.37,11.38
2025-07-11,4.31,28.4,23.29
2025-07-12,0.79,30.31,21.85
2025-07-13,1.38,29.7,20.13
2025-07-14,27.65,28.58,9.92
2025-07-15,11.96,27.8,18.66
2025-07-16,51.31,28.13,16.25
2025-07-17,25.97,27.69,12.48
2025-07-18,0.89,28.4,18.61
2025-07-19,12.32,27.68,15.82
2025-07-20,53.66,27.9,9.05
2025-07-21,11.39,29.27,20.41
2025-07-22,7.37,29.09,17.78
2025-07-23,8.35,30.5,21.21
2025-07-24,11.85,30.99,15.66
2025-07-25,17.35,29.66,19.82
2025-07-26,39.39,28.57,16.67
2025-07-27,57.79,27.94,13.43
2025-07-28,27.89,28.24,12.17
2025-07-29,19.5,28.11,20.42
2025-07-30,26.03,28.06,19.5
2025-07-31,47.74,27.8,14.06
2025-08-01,26.63,28.12,13.64
2025-08-02,74.93,27.27,11.4
2025-08-03,64.16,27.61,10.64
2025-08-04,93.48,27.47,5.43
2025-08-05,28.31,27.37,11.73
2025-08-06,53.6,27.27,6.55
2025-08-07,9.07,27.52,6.88
2025-08-08,37.33,26.57,9.72
2025-08-09,38.9,26.95,13.46
2025-08-10,36.54,27.36,15.67
2025-08-11,23.6,27.7,20.55
2025-08-12,25.39,28.12,10.2
2025-08-13,25.22,27.5,6.8
2025-08-14,6.27,27.26,15.02
2025-08-15,13.96,27.68,22.17
2025-08-16,18.17,28.9,20.13
2025-08-17,2.5,29.27,19.9
2025-08-18,22.91,28.49,22.86
2025-08-19,38.58,28.07,20.14
2025-08-20,28.9,27.62,14.92
2025-08-21,40.78,27.1,13.7
2025-08-22,14.47,27.36,15.93
2025-08-23,27.53,27.64,17.28
2025-08-24,12.19,27.51,14.82
2025-08-25,8.38,27.6,20.96
2025-08-26,13.48,28.67,22.28
2025-08-27,13.7,27.87,21.06
2025-08-28,47.0,26.92,14.21
2025-08-29,26.3,27.04,17.46
2025-08-30,7.94,27.33,13.61
2025-08-31,4.16,27.99,20.38
2025-09-01,3.52,29.61,23.92
2025-09-02,12.75,29.73,20.98
2025-09-03,15.41,29.45,22.01
2025-09-04,4.99,27.36,20.49
2025-09-05,11.57,27.47,18.8
2025-09-06,31.61,27.01,16.37
2025-09-07,19.6,27.91,14.11
2025-09-08,5.12,27.68,18.51
2025-09-09,38.04,28.2,12.8
2025-09-10,0.99,27.77,12.22
2025-09-11,14.85,28.0,15.26
2025-09-12,22.84,26.75,10.17
2025-09-13,9.57,26.67,7.96
2025-09-14,60.94,26.12,4.82
2025-09-15,34.65,26.25,10.9
2025-09-16,71.91,26.35,9.1
2025-09-17,6.99,26.53,13.86
2025-09-18,18.06,27.03,9.2
2025-09-19,11.5,28.0,18.81
2025-09-20,2.13,28.66,17.78
2025-09-21,9.79,28.81,19.05
2025-09-22,14.08,27.96,17.09
2025-09-23,9.18,27.7,19.29
2025-09-24,10.32,28.39,19.31
2025-09-25,1.45,30.56,19.13
2025-09-26,1.86,30.54,20.73
2025-09-27,14.36,28.58,18.74
2025-09-28,18.28,28.32,17.22
2025-09-29,4.59,28.93,14.07
2025-09-30,5.43,29.33,20.45
2025-10-01,18.87,27.32,11.81
2025-10-02,42.01,26.18,8.18
2025-10-03,27.33,26.52,14.55
2025-10-04,17.5,27.05,17.26
2025-10-05,12.74,25.84,16.12
2025-10-06,31.69,25.96,8.98
2025-10-07,1.1,26.26,13.86
2025-10-08,37.62,26.82,14.63
2025-10-09,2.31,26.77,13.77
2025-10-10,14.33,26.79,17.35
2025-10-11,14.3,26.47,6.7
2025-10-12,0.39,25.93,17.67
2025-10-13,0.09,25.78,18.75
2025-10-14,0.0,26.63,19.55
2025-10-15,0.0,27.28,19.09
2025-10-16,0.0,27.71,18.98
2025-10-17,0.0,27.34,19.31
2025-10-18,0.0,27.39,19.15
2025-10-19,0.0,27.48,19.0
2025-10-20,0.0,27.13,19.45
2025-10-21,0.0,27.65,19.44
2025-10-22,0.0,27.98,19.52
2025-10-23,0.04,27.32,18.6
2025-10-24,0.78,26.22,18.28
2025-10-25,0.04,25.95,18.54
2025-10-26,0.08,25.86,17.0
2025-10-27,0.0,25.72,17.36
2025-10-28,0.0,26.47,18.15
2025-10-29,0.2,26.14,15.89
2025-10-30,28.06,26.49,16.23
2025-10-31,4.42,26.78,13.57
2025-11-01,12.5,26.64,5.34
2025-11-02,21.25,25.59,10.69
2025-11-03,0.89,25.48,13.82
2025-11-04,0.2,26.99,14.16
2025-11-05,10.68,25.58,8.12
2025-11-06,17.41,25.37,14.48
2025-11-07,0.16,24.79,16.02
2025-11-08,0.0,24.39,17.61
2025-11-09,0.0,23.24,16.62
2025-11-10,0.0,22.7,16.36
2025-11-11,0.0,22.06,17.0
2025-11-12,0.0,22.95,16.86
2025-11-13,0.0,21.79,17.33
2025-11-14,0.0,21.74,17.22
2025-11-15,0.0,21.08,17.18
2025-11-16,0.0,22.35,17.42
2025-11-17,0.0,22.75,17.47
2025-11-18,0.0,22.97,17.45
2025-11-19,0.0,22.65,17.01
2025-11-20,0.0,21.54,16.96
2025-11-21,0.0,20.6,15.96
2025-11-22,0.0,19.74,15.04
2025-11-23,0.0,19.73,15.4
2025-11-24,0.0,20.21,16.22
2025-11-25,0.0,19.99,16.5
2025-11-26,0.0,20.36,16.66
2025-11-27,0.0,20.83,16.54
2025-11-28,0.0,20.58,16.48
2025-11-29,0.0,19.84,16.09
2025-11-30,0.0,20.04,15.67
2025-12-01,0.0,19.51,14.81
2025-12-02,0.0,19.83,12.75
2025-12-03,0.0,19.34,13.5
2025-12-04,0.0,19.03,15.66
2025-12-05,0.0,19.43,16.39
2025-12-06,0.0,18.61,16.31
2025-12-07,0.0,17.57,16.08
2025-12-08,0.0,18.6,14.67
2025-12-09,0.0,18.83,14.58
2025-12-10,0.0,18.96,15.84
2025-12-11,0.0,18.96,16.26
2025-12-12,0.0,18.56,16.12
2025-12-13,0.0,19.38,16.08
2025-12-14,0.0,19.31,15.95
2025-12-15,0.0,19.25,15.39
2025-12-16,0.0,19.08,14.81
2025-12-17,0.0,19.36,15.51
2025-12-18,0.0,19.18,15.79
2025-12-19,0.0,18.25,15.41
2025-12-20,0.02,17.96,14.57
2025-12-21,0.06,18.38,14.17
2025-12-22,0.0,18.28,14.82
2025-12-23,0.0,17.9,14.15
2025-12-24,0.0,17.45,12.65
2025-12-25,0.0,16.89,8.34
2025-12-26,0.0,17.2,11.33
2025-12-27,0.0,16.75,12.7
2025-12-28,0.0,16.31,12.01
2025-12-29,0.0,15.37,4.78
2025-12-30,0.02,14.11,8.46
2025-12-31,0.0,15.04,6.45
