date,rainfall_mm,temp_mean_c,temp_max_c,temp_min_c,rh_pct,wind_speed_ms,solar_rad_mj_m2
1981-01-01,0.0,17.91,25.1,11.61,61.72,1.28,
1981-01-02,0.0,18.27,24.61,13.6,54.69,0.88,
1981-01-03,0.0,17.77,24.49,11.19,60.69,0.85,
1981-01-04,0.0,17.52,24.63,11.76,63.35,1.16,
1981-01-05,0.0,17.76,25.22,10.86,76.15,1.34,
1981-01-06,1.23,19.5,25.32,14.75,85.99,1.8,
1981-01-07,6.3,19.56,24.98,15.1,88.09,1.97,
1981-01-08,2.44,17.71,23.38,13.19,77.68,1.45,
1981-01-09,0.01,15.57,22.56,9.67,68.79,1.41,
1981-01-10,0.0,15.89,24.27,8.88,68.71,1.24,
1981-01-11,0.0,17.42,25.21,10.03,71.13,1.11,
1981-01-12,0.08,18.44,23.73,13.87,69.37,1.31,
1981-01-13,2.94,18.84,25.39,13.75,75.84,1.66,
1981-01-14,1.0,18.49,25.38,13.87,74.2,1.55,
1981-01-15,0.0,18.32,26.26,11.79,72.01,1.32,
1981-01-16,0.0,18.97,27.5,11.98,64.93,1.28,
1981-01-17,0.0,19.39,28.0,11.6,58.27,1.1,
1981-01-18,0.0,19.63,27.17,12.51,56.89,0.97,
1981-01-19,0.0,19.22,26.15,11.78,56.33,0.96,
1981-01-20,0.0,19.27,26.3,13.9,55.95,0.95,
1981-01-21,0.0,18.91,25.96,12.53,56.25,1.03,
1981-01-22,0.0,18.8,25.5,11.64,54.04,1.03,
1981-01-23,0.0,18.78,26.51,11.7,57.78,1.08,
1981-01-24,0.07,19.51,27.79,12.86,58.61,1.02,
1981-01-25,0.03,19.41,27.72,12.02,61.93,1.39,
1981-01-26,18.76,19.54,26.62,13.25,71.68,1.38,
1981-01-27,0.0,19.25,27.21,13.41,67.44,1.5,
1981-01-28,0.02,18.76,26.46,12.61,59.74,1.35,
1981-01-29,0.0,18.79,25.36,12.44,54.42,1.05,
1981-01-30,0.0,18.92,26.51,11.37,58.98,1.28,
1981-01-31,1.33,20.47,28.46,13.57,69.64,1.2,
1981-02-01,12.32,20.83,27.19,14.88,72.91,1.22,
1981-02-02,0.01,20.94,27.27,16.33,73.52,1.23,
1981-02-03,0.0,18.68,26.08,13.13,63.45,1.81,
1981-02-04,0.0,18.0,25.42,11.1,57.89,1.27,
1981-02-05,0.0,18.97,26.45,11.65,59.89,1.38,
1981-02-06,0.0,20.48,28.36,12.68,54.88,1.43,
1981-02-07,0.0,22.87,30.85,14.48,46.78,1.17,
1981-02-08,0.03,23.59,30.35,16.6,47.45,0.98,
1981-02-09,0.54,22.11,30.48,15.04,58.34,1.4,
1981-02-10,14.38,17.88,23.96,14.08,81.87,1.97,
1981-02-11,1.1,18.33,22.76,13.1,72.53,1.3,
1981-02-12,0.0,18.2,24.63,11.28,61.03,1.03,
1981-02-13,0.0,18.28,25.69,10.8,58.91,1.4,
1981-02-14,0.0,19.52,27.32,11.66,54.93,1.25,
1981-02-15,0.0,19.96,29.08,12.03,57.0,1.59,
1981-02-16,0.0,21.04,30.38,13.29,67.28,1.84,
1981-02-17,0.0,22.83,31.25,14.55,61.23,1.42,
1981-02-18,0.0,23.11,30.64,16.5,49.1,1.23,
1981-02-19,0.0,22.04,30.14,13.77,37.13,1.18,
1981-02-20,0.0,21.32,29.61,12.01,42.7,1.11,
1981-02-21,0.0,22.28,30.22,14.3,40.1,1.19,
1981-02-22,0.0,22.04,30.61,13.49,44.63,1.13,
1981-02-23,0.0,23.0,31.44,15.2,34.73,1.09,
1981-02-24,0.0,23.24,31.93,14.7,35.77,1.22,
1981-02-25,0.0,23.21,32.71,13.55,41.64,1.34,
1981-02-26,0.0,24.64,34.44,15.4,55.5,1.59,
1981-02-27,0.0,25.53,34.67,17.53,57.51,1.82,
1981-02-28,0.0,25.4,34.72,18.39,66.04,2.38,
1981-03-01,0.01,26.09,34.7,19.26,70.47,3.45,
1981-03-02,0.1,26.1,32.84,20.91,72.12,2.82,
1981-03-03,0.11,26.05,33.91,19.38,54.81,1.38,
1981-03-04,0.0,23.48,33.01,14.6,38.45,1.51,
1981-03-05,0.0,23.01,32.32,14.14,38.05,1.34,
1981-03-06,0.01,24.78,33.04,15.22,34.63,1.14,
1981-03-07,0.01,25.23,33.44,16.93,53.67,1.56,
1981-03-08,0.02,26.33,35.39,17.95,60.74,2.95,
1981-03-09,0.0,26.84,35.47,20.15,62.81,1.99,
1981-03-10,0.02,26.17,32.88,19.36,57.15,1.64,
1981-03-11,0.03,26.23,34.99,18.9,51.5,1.91,
1981-03-12,6.85,24.87,31.37,18.68,68.96,1.31,
1981-03-13,1.05,24.48,28.81,21.07,66.04,0.78,
1981-03-14,4.42,24.71,30.95,19.48,58.89,1.06,
1981-03-15,0.9,24.83,32.97,17.9,55.58,1.21,
1981-03-16,0.01,25.82,33.58,18.72,49.1,1.64,
1981-03-17,0.02,25.1,32.47,17.76,50.77,1.8,
1981-03-18,0.01,26.15,34.66,17.79,48.06,1.77,
1981-03-19,0.0,26.88,35.67,18.15,50.94,1.28,
1981-03-20,0.0,27.36,36.46,18.06,51.67,1.52,
1981-03-21,0.0,26.67,32.34,21.59,61.66,1.55,
1981-03-22,0.0,28.12,35.92,22.23,56.13,1.83,
1981-03-23,2.5,26.59,32.82,21.25,66.84,2.11,
1981-03-24,3.1,26.48,33.31,21.65,67.66,1.86,
1981-03-25,0.2,25.02,31.84,19.75,63.19,1.27,
1981-03-26,9.68,23.9,29.77,18.24,60.57,0.94,
1981-03-27,7.15,24.43,30.59,17.46,58.38,1.45,
1981-03-28,2.29,24.82,31.52,19.0,65.1,1.71,
1981-03-29,0.18,26.11,34.38,18.15,61.46,1.69,
1981-03-30,0.03,26.74,32.86,20.7,64.48,1.38,
1981-03-31,14.2,25.34,30.31,21.37,76.79,2.0,
1981-04-01,6.81,25.69,32.11,20.31,74.96,3.18,
1981-04-02,3.09,27.21,33.94,22.02,71.16,2.84,
1981-04-03,0.42,28.45,35.44,22.55,66.57,3.23,
1981-04-04,2.17,28.46,34.8,23.45,71.59,3.93,
1981-04-05,4.97,28.77,35.07,24.29,74.88,4.1,
1981-04-06,0.85,29.45,37.74,23.81,63.19,2.78,
1981-04-07,0.0,28.68,37.22,22.06,61.09,2.12,
1981-04-08,0.01,28.22,37.2,20.81,57.28,1.95,
1981-04-09,0.0,28.51,37.89,19.61,55.78,2.48,
1981-04-10,0.88,29.54,38.11,22.59,62.91,3.65,
1981-04-11,12.35,28.35,36.15,23.02,68.52,2.73,
1981-04-12,36.25,25.33,32.28,21.12,80.32,2.41,
1981-04-13,3.08,26.32,32.55,20.61,76.39,2.37,
1981-04-14,0.0,27.7,33.62,23.1,74.51,3.01,
1981-04-15,0.03,28.07,33.91,23.03,69.63,2.4,
1981-04-16,23.3,27.08,32.86,23.34,80.67,3.08,
1981-04-17,86.55,25.9,29.73,23.53,88.35,3.25,
1981-04-18,19.45,26.2,29.92,23.47,87.47,3.46,
1981-04-19,24.86,26.15,30.0,23.94,88.24,3.86,
1981-04-20,23.12,25.66,29.07,23.19,86.22,1.92,
1981-04-21,1.48,25.89,30.59,20.7,73.71,0.85,
1981-04-22,0.41,25.96,31.16,20.12,75.15,1.13,
1981-04-23,0.83,26.06,31.39,21.16,81.63,1.35,
1981-04-24,0.09,26.1,30.07,22.62,86.25,1.32,
1981-04-25,0.0,26.54,31.54,21.79,77.07,0.76,
1981-04-26,0.0,27.43,33.34,21.26,73.51,0.98,
1981-04-27,0.0,27.04,33.64,21.47,72.87,1.46,
1981-04-28,0.0,27.04,33.49,19.9,69.69,1.0,
1981-04-29,0.0,27.48,33.22,22.5,74.58,1.85,
1981-04-30,0.22,27.74,33.07,22.54,76.26,1.83,
1981-05-01,0.3,28.83,34.89,24.2,73.54,2.02,
1981-05-02,0.0,29.14,35.03,23.43,67.96,1.59,
1981-05-03,0.21,28.19,33.52,21.95,65.56,0.81,
1981-05-04,0.07,28.47,34.08,22.83,67.29,0.84,
1981-05-05,0.27,26.95,31.04,23.24,70.37,1.14,
1981-05-06,1.4,26.62,32.34,22.53,65.91,1.41,
1981-05-07,0.47,27.02,34.21,20.82,63.81,1.56,
1981-05-08,1.96,26.19,31.81,21.94,71.06,1.93,
1981-05-09,0.88,26.26,30.09,22.64,77.97,1.62,
1981-05-10,16.97,26.93,30.05,24.29,83.67,1.37,
1981-05-11,0.26,27.65,31.76,23.85,78.85,1.15,
1981-05-12,27.9,28.47,32.61,23.93,76.89,1.57,
1981-05-13,21.98,28.2,32.99,23.79,79.53,2.0,
1981-05-14,15.77,28.04,32.81,23.79,81.31,1.88,
1981-05-15,4.79,28.18,32.91,24.39,81.95,2.43,
1981-05-16,22.68,27.88,32.12,24.35,85.65,3.04,
1981-05-17,19.31,28.02,32.03,24.88,87.04,2.93,
1981-05-18,6.41,28.06,31.6,23.95,79.84,1.32,
1981-05-19,0.02,28.97,33.3,24.42,75.46,1.01,
1981-05-20,7.83,28.32,32.81,25.1,82.05,2.42,
1981-05-21,6.17,27.69,32.55,24.55,80.31,2.82,
1981-05-22,3.85,27.43,32.43,23.86,83.12,2.25,
1981-05-23,2.68,27.77,32.37,24.55,83.92,2.55,
1981-05-24,0.38,28.12,31.83,25.06,83.37,2.27,
1981-05-25,2.78,27.97,32.5,25.04,83.85,2.39,
1981-05-26,4.12,27.96,32.88,24.47,82.09,2.17,
1981-05-27,2.46,28.11,33.07,23.97,81.72,2.53,
1981-05-28,8.6,28.1,32.3,25.34,83.37,3.87,
1981-05-29,14.72,28.11,31.88,25.34,84.08,3.57,
1981-05-30,10.54,28.2,31.5,25.49,86.43,3.29,
1981-05-31,8.2,27.87,30.96,25.73,88.82,2.39,
1981-06-01,4.72,27.35,29.84,25.61,89.71,2.33,
1981-06-02,4.73,27.94,31.84,24.94,85.13,2.32,
1981-06-03,2.22,27.16,30.04,24.56,87.58,2.17,
1981-06-04,3.19,28.66,32.45,25.62,88.27,2.79,
1981-06-05,5.59,28.64,32.56,26.67,86.22,3.41,
1981-06-06,3.32,28.7,31.98,26.36,86.6,3.62,
1981-06-07,0.08,27.63,30.66,25.09,83.01,2.15,
1981-06-08,0.16,27.52,31.81,23.78,80.85,1.43,
1981-06-09,0.0,27.5,32.39,22.62,78.67,1.63,
1981-06-10,8.84,27.89,32.33,24.06,77.99,1.39,
1981-06-11,9.29,28.95,33.87,24.33,77.03,1.05,
1981-06-12,1.63,29.35,34.35,25.14,79.28,1.97,
1981-06-13,8.03,29.36,33.79,26.33,83.14,2.03,
1981-06-14,7.94,28.89,32.51,26.03,87.26,1.55,
1981-06-15,5.5,27.9,30.52,25.41,89.38,1.73,
1981-06-16,1.61,27.72,31.74,24.72,82.15,3.02,
1981-06-17,0.17,27.99,32.96,23.94,78.81,2.73,
1981-06-18,0.12,28.66,34.04,24.06,75.29,2.21,
1981-06-19,21.88,29.18,34.04,25.59,81.5,2.02,
1981-06-20,2.97,28.45,32.65,25.7,85.42,3.45,
1981-06-21,12.15,28.6,32.15,25.82,84.77,3.76,
1981-06-22,15.03,27.65,31.35,24.51,88.26,3.62,
1981-06-23,2.77,28.38,31.93,25.78,85.35,3.36,
1981-06-24,9.27,28.29,32.01,25.5,85.84,3.7,
1981-06-25,3.6,27.94,31.47,25.38,85.34,2.91,
1981-06-26,1.5,28.23,32.15,25.49,83.64,3.58,
1981-06-27,2.32,28.13,31.81,25.59,84.61,3.69,
1981-06-28,0.11,27.86,30.89,25.46,85.47,3.41,
1981-06-29,11.41,27.43,29.77,25.73,89.65,3.41,
1981-06-30,9.04,28.22,31.26,25.93,88.1,3.79,
1981-07-01,56.46,27.66,29.5,25.82,92.2,2.85,
1981-07-02,26.59,27.91,31.09,25.72,88.9,3.67,
1981-07-03,14.75,28.13,31.08,26.05,89.96,2.77,
1981-07-04,1.88,28.46,31.99,26.0,86.17,2.2,
1981-07-05,0.31,28.07,32.13,25.48,86.23,2.34,
1981-07-06,0.09,27.89,31.52,25.21,86.16,3.12,
1981-07-07,0.64,27.81,32.15,25.15,86.58,2.95,
1981-07-08,6.08,28.09,31.9,25.48,86.54,3.57,
1981-07-09,6.8,27.88,31.6,25.25,86.49,3.17,
1981-07-10,9.1,27.95,31.7,25.28,86.27,2.99,
1981-07-11,2.11,27.87,32.04,24.69,88.46,3.3,
1981-07-12,3.73,27.53,30.87,25.57,88.99,4.66,
1981-07-13,6.04,27.72,30.62,25.48,88.69,3.96,
1981-07-14,7.81,28.0,31.82,25.66,89.98,3.67,
1981-07-15,3.87,28.18,31.69,25.8,87.41,3.34,
1981-07-16,1.31,27.63,30.47,25.76,89.38,2.92,
1981-07-17,24.22,27.34,29.7,25.45,90.06,2.99,
1981-07-18,22.01,26.53,28.41,25.32,92.33,2.4,
1981-07-19,19.76,27.48,31.16,24.92,89.09,1.73,
1981-07-20,4.05,27.62,30.22,24.45,87.11,1.28,
1981-07-21,18.77,28.14,31.45,24.92,88.3,1.25,
1981-07-22,35.31,27.42,30.51,25.11,89.61,2.45,
1981-07-23,6.48,27.58,31.89,24.62,88.55,2.6,
1981-07-24,2.75,26.98,29.57,24.95,90.34,1.51,
1981-07-25,1.06,27.9,31.56,24.75,88.36,2.42,
1981-07-26,20.36,27.85,30.81,25.86,90.0,3.06,
1981-07-27,22.76,27.44,30.52,25.41,89.98,3.26,
1981-07-28,1.18,28.06,31.81,25.03,87.4,2.82,
1981-07-29,0.62,27.95,31.48,25.65,88.12,3.16,
1981-07-30,12.64,27.19,29.94,25.55,90.73,3.27,
1981-07-31,13.89,27.71,31.37,25.34,88.91,2.8,
1981-08-01,4.84,27.32,30.86,25.32,88.89,2.09,
1981-08-02,8.82,26.88,30.08,24.71,89.78,1.57,
1981-08-03,4.64,27.29,30.46,24.81,90.26,2.07,
1981-08-04,0.63,27.67,31.07,25.27,88.81,2.29,
1981-08-05,0.93,28.19,32.67,25.39,87.91,2.22,
1981-08-06,10.81,27.79,30.98,25.46,89.81,1.9,
1981-08-07,3.29,27.99,31.33,25.13,88.1,2.24,
1981-08-08,2.86,27.86,32.22,25.3,87.21,3.16,
1981-08-09,19.76,27.05,30.35,25.03,90.8,3.08,
1981-08-10,7.77,27.78,31.64,25.18,89.12,2.68,
1981-08-11,10.79,28.32,31.39,25.57,89.97,1.6,
1981-08-12,7.29,27.96,30.38,26.1,92.31,1.56,
1981-08-13,5.81,28.45,31.87,26.2,88.54,2.92,
1981-08-14,1.38,28.0,32.13,25.5,87.64,4.22,
1981-08-15,0.02,27.81,31.66,25.13,88.23,3.4,
1981-08-16,3.13,27.73,31.35,25.22,87.96,3.0,
1981-08-17,2.85,27.64,31.49,25.19,88.2,3.02,
1981-08-18,4.96,27.54,30.22,25.75,90.52,2.97,
1981-08-19,0.98,28.33,32.12,25.64,88.82,2.73,
1981-08-20,4.68,28.21,32.18,25.84,88.35,2.43,
1981-08-21,22.69,27.53,30.45,25.74,92.88,2.16,
1981-08-22,6.96,27.84,31.68,25.54,88.94,3.6,
1981-08-23,15.25,27.4,30.3,25.21,89.24,3.97,
1981-08-24,16.69,27.69,30.94,25.26,89.72,3.23,
1981-08-25,14.26,27.83,31.17,25.59,89.53,3.09,
1981-08-26,3.77,27.46,30.48,25.38,89.49,2.46,
1981-08-27,0.96,27.17,30.4,25.06,88.32,2.02,
1981-08-28,40.81,27.16,29.99,24.6,89.47,2.32,
1981-08-29,1.63,27.39,31.28,25.19,89.99,1.87,
1981-08-30,0.03,27.8,31.92,24.8,87.61,1.99,
1981-08-31,0.08,27.43,31.42,24.9,89.69,2.93,
1981-09-01,0.5,28.01,31.66,25.72,88.73,2.9,
1981-09-02,10.37,27.22,30.21,24.9,91.48,2.65,
1981-09-03,15.95,27.24,30.77,24.6,89.19,2.29,
1981-09-04,2.08,27.21,30.35,25.22,89.67,2.58,
1981-09-05,2.24,27.46,31.35,24.82,89.68,2.56,
1981-09-06,3.82,27.38,30.85,24.98,91.32,2.76,
1981-09-07,1.78,27.03,29.08,25.48,93.39,2.05,
1981-09-08,0.94,27.22,30.94,24.73,89.86,2.28,
1981-09-09,18.95,27.02,29.53,25.11,91.73,2.34,
1981-09-10,23.79,26.87,30.54,24.54,90.53,2.41,
1981-09-11,6.47,27.24,30.81,24.51,89.29,2.48,
1981-09-12,10.7,27.05,30.22,24.82,89.24,2.34,
1981-09-13,27.52,27.22,30.47,24.78,89.17,1.88,
1981-09-14,5.53,26.69,29.04,24.77,90.1,1.17,
1981-09-15,0.07,26.98,30.39,24.11,87.44,0.96,
1981-09-16,0.01,27.14,31.67,23.34,83.01,0.87,
1981-09-17,0.08,27.84,32.33,23.22,77.35,0.76,
1981-09-18,0.6,28.62,32.36,23.67,76.92,0.81,
1981-09-19,0.73,27.96,31.44,24.71,82.38,0.62,
1981-09-20,13.33,27.48,29.94,24.44,84.32,0.77,
1981-09-21,0.64,28.82,33.23,24.59,80.33,0.72,
1981-09-22,0.52,29.29,32.85,25.2,80.38,0.61,
1981-09-23,0.1,29.33,33.08,25.19,82.55,0.82,
1981-09-24,0.0,27.55,29.15,26.06,92.09,1.22,
1981-09-25,1.65,27.49,30.24,25.13,89.39,1.5,
1981-09-26,1.43,26.27,28.58,24.19,90.63,1.93,
1981-09-27,1.34,27.03,31.31,23.64,89.18,2.2,
1981-09-28,1.96,27.41,31.34,24.7,88.36,1.68,
1981-09-29,19.8,27.14,30.9,23.93,90.71,2.18,
1981-09-30,11.75,27.28,30.55,24.74,90.88,1.73,
1981-10-01,21.64,27.15,30.21,25.25,89.68,1.32,
1981-10-02,3.37,27.22,30.85,24.01,87.29,1.33,
1981-10-03,0.36,27.35,31.36,23.71,78.62,0.74,
1981-10-04,0.01,26.94,30.94,22.06,76.62,0.89,
1981-10-05,0.08,26.82,31.08,23.13,76.35,0.86,
1981-10-06,0.0,26.06,30.74,22.13,80.52,0.84,
1981-10-07,0.0,25.67,30.29,21.93,75.21,1.18,
1981-10-08,0.0,25.19,30.38,20.18,70.02,0.97,
1981-10-09,0.0,25.12,30.43,20.76,71.61,0.91,
1981-10-10,0.0,25.18,30.61,20.8,76.52,1.02,
1981-10-11,0.0,25.6,30.6,21.28,79.43,0.87,
1981-10-12,0.0,27.1,31.82,22.5,72.87,0.59,
1981-10-13,0.01,27.77,31.68,22.78,75.91,0.86,
1981-10-14,1.77,26.66,28.89,24.56,84.24,0.66,
1981-10-15,0.48,26.55,30.37,23.69,85.14,0.78,
1981-10-16,0.01,26.33,30.55,22.53,83.6,1.2,
1981-10-17,0.0,25.86,31.54,21.63,80.62,1.61,
1981-10-18,0.0,24.59,30.81,19.34,78.69,1.42,
1981-10-19,0.0,23.96,29.9,19.29,75.9,1.07,
1981-10-20,0.0,24.31,29.97,19.49,72.56,0.99,
1981-10-21,0.0,24.53,29.93,19.65,71.77,1.01,
1981-10-22,0.0,25.27,30.54,20.45,66.64,0.98,
1981-10-23,0.0,25.15,30.91,19.16,67.57,1.0,
1981-10-24,0.0,25.87,31.15,20.27,66.42,0.87,
1981-10-25,0.0,25.91,31.53,20.34,65.94,0.91,
1981-10-26,0.0,26.11,31.46,20.29,64.93,0.87,
1981-10-27,0.0,26.18,31.71,21.88,69.07,0.87,
1981-10-28,0.0,25.3,31.64,20.68,70.89,1.31,
1981-10-29,0.0,24.23,30.25,19.33,67.8,1.4,
1981-10-30,0.0,24.17,30.41,19.18,64.74,1.39,
1981-10-31,0.0,23.82,30.77,17.19,62.41,1.18,
1981-11-01,0.0,24.32,31.06,18.2,62.91,1.16,
1981-11-02,0.0,24.23,30.82,18.89,65.65,1.21,
1981-11-03,0.0,25.44,31.54,19.64,61.95,1.08,
1981-11-04,0.02,26.41,32.15,20.32,68.41,0.95,
1981-11-05,0.24,26.66,31.06,22.99,77.85,0.96,
1981-11-06,0.03,25.84,31.92,20.35,71.29,1.42,
1981-11-07,0.0,23.86,30.94,18.61,66.02,1.27,
1981-11-08,0.0,23.12,30.36,17.89,64.99,1.05,
1981-11-09,0.0,23.24,30.68,17.81,65.73,0.97,
1981-11-10,0.0,23.09,28.92,18.49,79.69,1.29,
1981-11-11,0.0,23.82,30.02,19.36,71.91,0.93,
1981-11-12,0.0,24.35,30.8,18.04,54.28,0.83,
1981-11-13,0.0,23.33,29.92,16.57,54.62,1.11,
1981-11-14,0.0,23.59,30.51,18.45,58.77,1.36,
1981-11-15,0.0,22.23,29.42,15.73,64.9,1.21,
1981-11-16,0.0,23.45,30.84,16.01,58.37,0.89,
1981-11-17,0.0,23.79,31.04,17.05,59.81,0.98,
1981-11-18,0.0,24.75,30.82,17.8,55.83,0.86,
1981-11-19,0.07,24.84,30.76,18.96,54.37,1.09,
1981-11-20,0.64,24.72,31.54,18.52,67.99,1.51,
1981-11-21,0.4,25.19,31.52,20.22,72.91,1.52,
1981-11-22,0.1,24.51,31.21,19.47,63.24,1.03,
1981-11-23,0.0,22.5,30.71,16.03,59.77,1.06,
1981-11-24,0.0,21.29,30.05,15.13,56.75,1.04,
1981-11-25,0.0,20.9,29.1,15.44,57.11,0.81,
1981-11-26,0.0,21.42,29.28,15.43,56.3,0.76,
1981-11-27,0.0,21.61,30.04,14.78,52.68,0.94,
1981-11-28,0.0,20.81,28.96,13.43,54.55,0.88,
1981-11-29,0.0,21.46,29.89,13.09,50.22,0.96,
1981-11-30,0.0,21.07,29.43,14.63,50.1,1.0,
1981-12-01,0.0,21.59,28.92,14.48,50.19,0.87,
1981-12-02,0.0,20.77,29.58,13.83,55.57,1.04,
1981-12-03,0.0,21.34,29.83,15.16,59.26,1.06,
1981-12-04,0.0,21.16,29.25,13.8,63.94,1.01,
1981-12-05,0.0,21.3,29.15,14.02,57.0,1.13,
1981-12-06,0.0,21.64,29.8,15.28,54.87,0.89,
1981-12-07,0.0,21.35,27.08,15.59,56.19,1.15,
1981-12-08,0.06,22.23,27.67,17.14,67.62,0.71,
1981-12-09,0.91,23.67,30.23,18.7,70.43,1.0,
1981-12-10,6.74,22.73,27.25,20.28,86.47,1.31,
1981-12-11,41.81,22.65,26.94,20.42,92.34,3.46,
1981-12-12,1.76,21.05,27.0,16.41,76.62,1.26,
1981-12-13,0.08,19.52,26.34,14.74,73.0,1.69,
1981-12-14,0.0,18.42,25.65,12.96,67.9,0.96,
1981-12-15,0.0,19.17,26.36,14.43,63.64,0.86,
1981-12-16,0.0,17.79,25.53,12.18,64.69,1.19,
1981-12-17,0.0,16.44,24.21,10.28,61.44,1.15,
1981-12-18,0.0,17.48,23.98,12.66,50.91,0.94,
1981-12-19,0.0,17.47,25.55,12.41,56.92,1.15,
1981-12-20,0.0,17.12,25.39,10.06,61.11,1.34,
1981-12-21,0.0,18.05,25.47,12.4,54.18,1.22,
1981-12-22,0.0,17.98,26.0,12.16,55.91,1.44,
1981-12-23,0.0,18.35,25.93,12.81,61.51,1.03,
1981-12-24,0.0,17.46,22.79,12.88,65.68,0.99,
1981-12-25,0.0,17.9,25.74,11.88,62.37,1.19,
1981-12-26,0.0,17.47,25.49,11.29,62.46,1.15,
1981-12-27,0.0,17.8,25.97,11.37,62.95,1.17,
1981-12-28,0.0,18.19,26.4,11.38,59.2,1.17,
1981-12-29,0.0,17.88,26.26,12.64,55.46,1.18,
1981-12-30,0.0,17.53,25.85,11.09,53.13,1.3,
1981-12-31,0.0,17.69,25.87,11.46,54.23,1.41,
1982-01-01,0.0,17.78,25.43,11.75,54.75,1.03,
1982-01-02,0.0,17.23,25.69,11.39,54.02,1.13,
1982-01-03,0.0,16.85,25.31,9.07,52.32,1.26,
1982-01-04,0.2,18.05,25.92,10.84,52.95,1.05,
1982-01-05,0.06,18.74,26.81,11.44,58.28,1.14,
1982-01-06,0.03,20.72,28.49,13.44,57.37,0.85,
1982-01-07,0.0,19.32,24.45,15.07,64.58,1.11,
1982-01-08,0.0,19.25,28.18,12.46,56.53,1.46,
1982-01-09,0.0,20.13,28.0,13.73,51.0,1.19,
1982-01-10,0.0,20.69,27.89,13.65,49.13,1.19,
1982-01-11,0.44,20.93,28.48,13.11,63.81,1.21,
1982-01-12,0.02,22.19,29.1,17.08,59.6,1.07,
1982-01-13,0.0,19.48,27.46,13.49,55.61,1.61,
1982-01-14,0.0,18.28,27.73,10.85,49.47,1.48,
1982-01-15,0.0,18.44,27.29,12.92,45.11,1.5,
1982-01-16,0.0,18.92,27.94,11.66,48.1,1.53,
1982-01-17,0.0,18.73,26.93,11.71,48.15,1.33,
1982-01-18,0.0,18.8,27.51,11.67,45.81,1.08,
1982-01-19,0.0,19.41,27.58,12.31,44.49,1.05,
1982-01-20,0.0,19.64,27.47,12.48,43.11,0.99,
1982-01-21,0.0,19.23,27.43,11.04,40.23,1.09,
1982-01-22,0.0,19.34,27.67,10.77,40.25,1.12,
1982-01-23,0.0,20.48,29.58,11.53,42.34,1.24,
1982-01-24,0.0,20.53,30.12,12.92,48.25,1.47,
1982-01-25,0.0,20.66,30.66,12.96,48.3,1.68,
1982-01-26,0.0,22.17,32.43,12.96,44.28,1.27,
1982-01-27,0.0,22.11,30.92,13.36,41.2,1.18,
1982-01-28,0.0,21.67,30.23,15.55,43.13,1.3,
1982-01-29,0.0,21.39,29.95,14.47,44.47,1.24,
1982-01-30,0.0,20.85,28.84,13.49,47.28,1.53,
1982-01-31,0.0,20.97,29.83,14.79,43.98,1.1,
1982-02-01,0.0,20.28,27.84,14.22,45.39,1.56,
1982-02-02,0.1,19.82,27.16,14.37,58.34,1.57,
1982-02-03,0.0,20.0,27.67,13.0,47.64,1.45,
1982-02-04,0.06,20.0,27.58,12.85,48.25,1.21,
1982-02-05,0.2,20.17,26.32,15.97,64.63,1.08,
1982-02-06,0.0,19.97,27.96,14.07,46.92,1.71,
1982-02-07,0.1,19.58,28.22,12.85,40.97,1.26,
1982-02-08,0.0,19.65,28.04,11.51,49.73,1.62,
1982-02-09,0.0,20.16,27.71,13.24,38.85,1.21,
1982-02-10,0.0,20.61,28.8,12.7,38.28,1.24,
1982-02-11,0.0,20.89,28.62,14.16,39.27,1.18,
1982-02-12,0.0,20.82,29.57,12.24,43.36,1.44,
1982-02-13,0.1,21.54,28.92,13.91,69.62,1.38,
1982-02-14,0.33,23.94,30.56,17.88,62.53,1.4,
1982-02-15,0.03,23.58,31.2,17.66,60.54,1.04,
1982-02-16,0.0,23.04,30.65,16.61,50.32,1.12,
1982-02-17,0.05,22.56,31.85,17.09,62.64,1.88,
1982-02-18,3.69,22.47,28.06,18.8,73.41,1.64,
1982-02-19,1.01,24.62,32.83,17.81,66.22,1.65,
1982-02-20,0.09,24.21,30.77,18.12,63.16,1.09,
1982-02-21,0.0,23.92,32.66,16.28,39.8,1.45,
1982-02-22,0.0,24.71,32.56,16.5,36.73,1.4,
1982-02-23,0.0,25.24,32.93,19.07,40.57,1.44,
1982-02-24,0.0,23.71,31.42,17.43,35.45,1.57,
1982-02-25,0.0,23.18,31.68,15.08,30.5,1.58,
1982-02-26,0.0,23.16,31.96,16.07,26.9,1.41,
1982-02-27,0.0,23.65,33.38,15.02,26.13,1.45,
1982-02-28,0.0,24.98,33.59,16.42,28.95,1.62,
1982-03-01,0.57,25.3,34.88,18.12,38.18,1.71,
1982-03-02,0.28,24.51,32.8,19.34,54.35,2.08,
1982-03-03,0.28,21.26,29.2,17.23,65.47,1.93,
1982-03-04,0.0,22.14,31.17,14.42,53.26,1.88,
1982-03-05,1.7,22.3,30.39,15.71,37.13,1.76,
1982-03-06,18.75,21.37,29.01,15.1,57.77,1.56,
1982-03-07,15.12,21.39,28.05,17.0,71.27,1.49,
1982-03-08,0.0,22.76,31.35,14.45,51.92,1.71,
1982-03-09,0.01,22.25,30.87,14.65,36.29,1.63,
1982-03-10,0.02,24.11,33.33,16.65,35.94,1.49,
1982-03-11,0.01,25.53,33.74,17.73,40.61,1.56,
1982-03-12,1.25,26.91,35.25,20.03,48.03,1.52,
1982-03-13,0.46,25.98,34.51,19.54,51.53,1.55,
1982-03-14,0.03,23.69,32.43,15.26,40.38,1.54,
1982-03-15,0.0,24.9,33.78,17.15,34.56,1.25,
1982-03-16,0.0,25.27,34.96,16.04,43.37,1.65,
1982-03-17,0.0,26.79,35.78,18.81,60.67,2.08,
1982-03-18,8.08,25.62,33.28,20.59,70.14,1.97,
1982-03-19,14.63,25.53,31.66,20.48,73.94,1.52,
1982-03-20,0.87,27.32,34.84,19.84,61.3,1.32,
1982-03-21,0.0,28.05,36.35,20.94,42.18,1.17,
1982-03-22,0.0,27.92,36.71,19.57,35.62,1.44,
1982-03-23,0.0,28.72,36.86,20.54,38.43,1.34,
1982-03-24,0.0,29.11,37.86,20.65,55.51,1.56,
1982-03-25,0.43,29.21,37.23,21.28,42.27,1.75,
1982-03-26,0.01,27.35,35.75,21.27,47.01,2.38,
1982-03-27,2.07,25.84,33.63,19.4,56.52,1.25,
1982-03-28,0.01,27.57,35.85,20.88,39.6,1.59,
1982-03-29,0.0,28.11,36.29,19.83,31.13,1.3,
1982-03-30,0.0,28.39,37.46,19.32,49.95,1.69,
1982-03-31,0.41,29.35,36.73,23.81,61.82,4.3,
1982-04-01,2.14,29.78,37.63,24.55,68.3,5.37,
1982-04-02,7.05,29.14,35.24,25.27,71.95,5.83,
1982-04-03,69.88,27.84,31.92,24.96,82.83,4.13,
1982-04-04,25.61,27.23,32.11,24.05,82.92,3.59,
1982-04-05,1.55,27.33,32.69,23.6,78.87,3.41,
1982-04-06,0.02,27.43,32.61,23.45,76.55,2.87,
1982-04-07,0.2,28.4,34.55,23.66,72.76,2.65,
1982-04-08,0.33,28.62,35.07,23.76,71.51,2.86,
1982-04-09,0.1,29.53,36.52,23.49,66.57,2.64,
1982-04-10,0.05,29.33,35.76,23.77,63.09,2.26,
1982-04-11,2.0,28.61,34.84,23.59,65.3,2.92,
1982-04-12,4.47,28.26,35.31,22.98,65.67,3.09,
1982-04-13,1.55,27.42,34.09,21.99,69.15,2.82,
1982-04-14,3.43,27.55,34.8,22.12,67.85,2.72,
1982-04-15,7.38,27.02,32.6,21.8,71.99,3.3,
1982-04-16,10.59,27.34,33.66,22.85,74.77,2.99,
1982-04-17,4.88,25.02,29.17,22.24,80.05,2.36,
1982-04-18,3.85,24.16,28.28,21.1,81.57,2.2,
1982-04-19,1.06,25.69,32.1,18.65,70.55,1.99,
1982-04-20,3.14,25.57,30.44,22.25,75.37,2.06,
1982-04-21,0.4,27.39,33.57,21.73,71.75,2.4,
1982-04-22,0.49,28.69,35.25,22.58,66.38,2.65,
1982-04-23,0.65,28.99,35.85,22.69,65.73,2.74,
1982-04-24,2.5,29.62,37.02,23.52,64.37,2.85,
1982-04-25,3.22,28.78,35.74,23.53,68.87,3.74,
1982-04-26,17.21,27.93,34.13,23.55,75.53,3.22,
1982-04-27,29.3,27.27,32.55,23.36,80.38,2.61,
1982-04-28,4.77,27.74,33.55,22.91,77.02,2.85,
1982-04-29,0.66,28.43,34.54,23.88,73.39,3.38,
1982-04-30,2.09,28.22,34.96,24.07,75.25,3.47,
1982-05-01,0.3,28.98,35.54,24.06,70.69,3.45,
1982-05-02,11.61,28.6,34.28,24.11,73.75,2.88,
1982-05-03,1.81,28.1,34.38,24.37,73.46,3.35,
1982-05-04,44.61,27.07,32.1,22.32,78.59,3.04,
1982-05-05,77.36,26.59,31.49,22.83,85.86,2.21,
1982-05-06,0.99,27.62,33.35,22.45,79.44,1.67,
1982-05-07,0.01,27.67,33.6,22.63,77.52,2.25,
1982-05-08,3.29,27.47,32.68,23.75,84.47,2.87,
1982-05-09,0.83,27.36,30.83,24.29,86.69,2.74,
1982-05-10,0.33,27.6,32.07,24.59,82.49,3.47,
1982-05-11,10.13,27.5,31.55,24.67,84.65,3.57,
1982-05-12,28.48,26.72,29.02,24.94,92.82,2.69,
1982-05-13,10.81,26.91,29.75,24.53,90.07,1.63,
1982-05-14,0.18,26.84,30.1,24.08,88.34,1.31,
1982-05-15,13.67,27.24,31.21,23.97,81.73,0.75,
1982-05-16,0.55,27.55,31.14,23.53,81.04,1.18,
1982-05-17,26.11,26.5,29.22,24.26,85.19,1.21,
1982-05-18,6.13,28.03,32.71,22.47,72.29,0.83,
1982-05-19,0.0,28.4,33.52,21.64,64.77,0.92,
1982-05-20,0.0,27.95,33.07,21.02,66.62,0.91,
1982-05-21,0.0,29.33,34.46,22.9,69.13,0.89,
1982-05-22,0.0,29.12,34.5,23.38,72.01,0.99,
1982-05-23,0.0,28.07,32.43,23.73,73.47,1.01,
1982-05-24,0.04,28.78,33.54,24.5,70.05,0.82,
1982-05-25,0.02,29.39,35.16,23.17,73.36,1.11,
1982-05-26,0.32,29.67,34.64,25.17,78.09,1.85,
1982-05-27,0.81,28.78,33.32,25.31,82.37,2.51,
1982-05-28,1.57,28.44,32.96,24.81,82.15,2.63,
1982-05-29,0.88,28.29,31.82,25.15,84.44,2.84,
1982-05-30,4.74,29.2,33.56,25.82,83.55,2.67,
1982-05-31,21.15,28.6,31.88,25.28,84.31,1.64,
1982-06-01,14.39,28.73,33.43,24.19,82.29,1.25,
1982-06-02,0.0,29.27,33.13,25.28,80.49,1.1,
1982-06-03,16.68,28.35,31.77,25.46,84.2,2.02,
1982-06-04,3.15,28.24,32.34,24.99,83.78,3.0,
1982-06-05,1.41,28.67,33.03,24.67,82.11,1.83,
1982-06-06,0.32,29.28,34.37,24.93,79.44,1.93,
1982-06-07,0.01,29.22,34.05,25.11,80.02,2.36,
1982-06-08,0.45,28.72,33.02,24.52,82.28,3.02,
1982-06-09,5.05,27.65,29.95,25.97,89.1,3.9,
1982-06-10,9.33,27.18,29.63,25.14,89.35,3.19,
1982-06-11,39.31,27.33,30.19,24.96,88.02,2.32,
1982-06-12,16.2,27.01,30.54,24.78,87.67,2.22,
1982-06-13,3.54,26.79,29.75,24.11,91.11,2.59,
1982-06-14,10.89,27.5,31.13,24.79,86.41,3.24,
1982-06-15,6.92,26.89,29.4,24.29,90.72,2.81,
1982-06-16,0.67,27.43,30.79,24.9,89.06,3.24,
1982-06-17,2.41,27.49,30.05,25.6,90.65,3.51,
1982-06-18,15.07,27.68,31.09,25.06,88.05,2.98,
1982-06-19,12.65,27.28,29.11,25.54,93.01,3.16,
1982-06-20,93.71,27.72,29.89,25.67,92.12,3.88,
1982-06-21,11.08,28.13,31.89,25.17,85.35,2.48,
1982-06-22,0.83,27.73,30.81,25.19,86.89,2.88,
1982-06-23,0.96,27.92,31.33,25.23,87.84,3.4,
1982-06-24,3.3,26.93,28.84,25.63,92.64,3.99,
1982-06-25,5.4,27.18,28.99,26.1,92.28,3.7,
1982-06-26,2.21,27.89,31.06,25.31,90.74,3.01,
1982-06-27,5.27,27.73,30.56,25.88,90.9,3.39,
1982-06-28,4.04,27.59,30.51,25.28,88.52,2.78,
1982-06-29,2.43,27.29,30.98,24.56,84.53,2.42,
1982-06-30,2.7,27.74,32.29,24.41,84.89,2.37,
1982-07-01,1.54,28.25,32.3,24.34,86.46,2.96,
1982-07-02,2.17,28.53,31.95,26.01,86.97,2.74,
1982-07-03,6.59,27.97,30.45,26.28,91.42,3.07,
1982-07-04,4.57,28.52,32.29,25.98,89.87,3.76,
1982-07-05,0.39,28.22,31.92,25.98,86.33,3.77,
1982-07-06,1.02,28.02,31.81,25.41,85.92,3.76,
1982-07-07,2.75,28.11,31.99,25.39,86.14,3.23,
1982-07-08,0.88,28.71,33.18,25.56,85.55,2.97,
1982-07-09,0.17,28.36,32.39,25.62,85.95,2.86,
1982-07-10,0.53,27.88,31.66,25.55,88.31,2.9,
1982-07-11,6.97,27.38,30.21,25.72,89.27,2.94,
1982-07-12,5.52,27.72,31.72,25.33,87.38,3.15,
1982-07-13,15.47,27.68,31.13,25.53,88.53,2.7,
1982-07-14,11.88,28.14,31.87,25.54,86.94,2.94,
1982-07-15,1.39,28.57,32.64,25.84,86.5,2.33,
1982-07-16,7.48,28.88,33.22,25.18,83.85,1.69,
1982-07-17,0.9,29.08,33.68,25.8,82.45,1.67,
1982-07-18,0.1,29.03,33.52,26.28,83.21,1.77,
1982-07-19,2.96,28.86,32.72,26.47,85.12,2.31,
1982-07-20,4.52,28.41,32.77,25.76,85.0,3.09,
1982-07-21,5.75,27.89,32.16,25.23,86.3,2.94,
1982-07-22,3.78,27.03,29.15,25.52,89.88,3.15,
1982-07-23,3.17,28.13,32.0,25.41,84.86,3.85,
1982-07-24,1.29,27.97,32.14,25.15,83.67,3.85,
1982-07-25,3.7,28.38,33.05,24.86,84.62,3.53,
1982-07-26,19.05,28.9,32.88,25.97,87.62,2.55,
1982-07-27,21.36,27.83,30.89,25.94,90.38,2.94,
1982-07-28,4.3,28.23,32.05,25.61,86.91,3.47,
1982-07-29,5.84,27.42,30.02,25.69,90.71,2.53,
1982-07-30,2.54,27.83,30.71,25.35,88.9,2.02,
1982-07-31,5.12,26.97,28.97,25.1,89.65,2.28,
1982-08-01,7.81,26.81,29.61,24.77,91.31,2.73,
1982-08-02,53.81,27.04,28.99,25.27,93.01,4.64,
1982-08-03,36.65,27.46,30.05,25.83,90.05,3.93,
1982-08-04,48.23,27.66,30.81,25.22,89.18,2.56,
1982-08-05,9.94,27.87,31.51,24.91,89.18,2.02,
1982-08-06,2.56,27.59,30.43,25.76,92.29,2.24,
1982-08-07,4.86,27.47,30.61,25.88,91.03,2.33,
1982-08-08,7.43,26.72,29.01,25.36,94.18,2.34,
1982-08-09,11.74,27.12,30.81,24.32,89.83,2.05,
1982-08-10,4.0,27.85,32.1,24.22,86.54,1.85,
1982-08-11,0.26,28.27,32.66,25.07,86.02,1.92,
1982-08-12,5.42,28.39,32.63,25.16,84.03,1.75,
1982-08-13,11.34,27.68,31.43,25.49,88.05,2.98,
1982-08-14,5.37,27.21,29.89,25.51,91.39,2.8,
1982-08-15,0.28,28.02,32.37,25.36,88.04,2.61,
1982-08-16,0.13,28.34,32.62,25.34,87.94,1.98,
1982-08-17,0.09,28.03,32.35,25.73,85.12,1.81,
1982-08-18,0.03,27.93,31.13,24.85,86.57,2.24,
1982-08-19,3.35,27.73,30.65,25.93,89.51,3.37,
1982-08-20,0.85,27.75,31.17,25.57,90.25,2.45,
1982-08-21,0.05,28.15,32.2,25.69,87.98,2.6,
1982-08-22,2.87,27.4,30.73,25.3,91.16,2.41,
1982-08-23,6.93,26.86,28.58,25.79,93.76,3.33,
1982-08-24,15.0,27.86,31.56,25.21,90.44,2.48,
1982-08-25,13.09,27.38,30.61,25.1,89.52,2.18,
1982-08-26,1.53,27.67,32.01,24.83,87.53,1.77,
1982-08-27,0.08,27.94,32.39,24.64,86.81,1.7,
1982-08-28,0.17,27.46,31.0,25.5,87.37,3.62,
1982-08-29,0.38,26.75,30.14,24.39,89.07,3.33,
1982-08-30,10.34,26.69,28.7,24.99,91.25,3.23,
1982-08-31,4.49,27.33,31.02,24.57,88.1,2.48,
1982-09-01,0.18,27.42,31.44,24.0,86.89,1.44,
1982-09-02,0.12,27.9,32.08,24.33,86.05,1.29,
1982-09-03,0.12,27.7,31.41,24.72,88.18,1.34,
1982-09-04,18.43,28.71,32.25,25.13,83.41,0.89,
1982-09-05,42.25,28.27,31.92,25.44,87.12,1.89,
1982-09-06,14.83,28.2,32.43,25.6,87.23,1.29,
1982-09-07,0.02,28.31,32.12,25.76,87.56,1.33,
1982-09-08,0.09,29.05,32.75,26.0,86.86,0.89,
1982-09-09,0.06,27.47,29.62,24.8,91.68,2.21,
1982-09-10,0.02,26.67,30.86,23.23,86.21,2.99,
1982-09-11,5.46,26.9,30.5,24.72,88.25,3.29,
1982-09-12,6.7,27.2,31.13,24.58,88.5,3.3,
1982-09-13,8.68,27.06,30.61,24.94,89.26,3.29,
1982-09-14,4.15,27.31,30.84,24.94,86.63,3.83,
1982-09-15,12.75,27.57,31.05,25.12,89.84,3.45,
1982-09-16,9.96,27.01,29.81,25.03,91.91,2.52,
1982-09-17,3.88,26.95,30.54,24.12,88.85,1.81,
1982-09-18,0.78,26.93,30.89,23.64,86.65,1.55,
1982-09-19,0.0,27.05,31.0,23.63,86.99,1.59,
1982-09-20,0.6,26.79,30.84,23.78,86.31,1.83,
1982-09-21,0.66,26.35,30.74,22.98,86.62,1.88,
1982-09-22,0.42,26.88,31.16,23.38,86.96,1.81,
1982-09-23,1.8,27.07,31.16,23.56,84.44,1.23,
1982-09-24,0.45,27.03,31.64,21.98,78.01,0.93,
1982-09-25,0.03,27.07,31.17,23.44,83.21,1.34,
1982-09-26,0.07,27.38,31.08,23.43,81.17,0.92,
1982-09-27,0.22,26.99,30.92,23.55,82.02,1.07,
1982-09-28,15.3,25.59,28.13,23.67,89.67,1.38,
1982-09-29,19.14,26.17,30.05,23.44,87.83,1.22,
1982-09-30,3.34,26.08,30.51,22.53,83.74,1.29,
1982-10-01,0.12,25.89,30.77,22.08,84.85,1.31,
1982-10-02,1.9,26.07,30.2,21.68,82.2,0.95,
1982-10-03,4.46,26.07,30.54,22.49,84.13,1.05,
1982-10-04,0.26,26.04,30.42,21.98,83.82,1.15,
1982-10-05,0.3,26.11,30.44,22.65,83.03,0.91,
1982-10-06,0.14,26.66,30.65,22.8,80.53,0.83,
1982-10-07,0.01,26.66,31.31,22.32,73.23,1.42,
1982-10-08,0.0,26.3,30.91,20.78,73.32,1.03,
1982-10-09,0.0,27.51,31.75,22.26,66.8,0.53,
1982-10-10,0.11,27.07,31.73,22.4,67.75,0.84,
1982-10-11,0.08,27.02,31.76,22.4,69.55,0.97,
1982-10-12,0.04,27.32,32.18,22.11,65.67,0.8,
1982-10-13,0.0,27.72,32.67,22.75,60.21,0.55,
1982-10-14,0.0,27.07,32.72,21.99,62.37,0.64,
1982-10-15,0.0,25.81,29.42,22.29,71.93,0.74,
1982-10-16,0.0,28.1,33.63,22.79,66.69,0.91,
1982-10-17,0.0,28.16,32.97,23.26,70.88,0.88,
1982-10-18,0.0,28.35,33.65,24.26,68.73,1.0,
1982-10-19,0.0,28.01,33.7,22.51,68.45,0.98,
1982-10-20,0.0,28.08,33.54,22.05,63.36,1.01,
1982-10-21,0.0,27.82,31.48,25.08,68.99,0.77,
1982-10-22,0.0,27.75,32.95,23.79,68.74,0.75,
1982-10-23,0.35,26.96,31.64,22.92,80.12,1.38,
1982-10-24,11.08,26.26,30.34,22.9,80.74,1.04,
1982-10-25,0.72,25.36,30.7,20.71,71.89,1.16,
1982-10-26,0.0,24.82,30.61,19.0,63.59,1.12,
1982-10-27,0.0,24.7,31.32,18.78,64.9,1.1,
1982-10-28,0.0,24.95,31.69,19.55,64.76,1.22,
1982-10-29,0.0,25.53,32.4,19.43,62.75,1.01,
1982-10-30,0.0,25.69,32.07,19.96,59.68,0.71,
1982-10-31,0.0,25.94,32.67,19.32,61.65,0.99,
1982-11-01,0.0,25.5,32.65,19.0,62.87,1.06,
1982-11-02,0.0,26.11,32.97,19.48,60.44,1.03,
1982-11-03,0.0,26.22,32.96,20.07,59.17,0.92,
1982-11-04,0.0,25.58,32.21,20.19,55.94,0.95,
1982-11-05,0.0,24.34,31.34,19.56,55.42,1.05,
1982-11-06,0.0,24.16,31.33,17.09,54.42,1.0,
1982-11-07,0.18,24.24,31.04,17.39,55.72,0.79,
1982-11-08,0.12,23.88,29.65,18.06,60.2,1.19,
1982-11-09,0.0,24.86,30.0,19.14,59.12,0.94,
1982-11-10,0.66,23.14,26.98,20.37,73.18,1.3,
1982-11-11,7.24,21.62,24.04,20.07,90.37,1.53,
1982-11-12,7.01,23.87,28.42,20.54,83.02,1.12,
1982-11-13,0.37,23.42,28.77,18.67,70.72,1.22,
1982-11-14,0.0,23.34,28.86,18.17,61.89,1.19,
1982-11-15,0.0,23.91,29.19,18.99,61.81,0.82,
1982-11-16,0.0,24.03,30.26,18.03,62.8,1.02,
1982-11-17,0.0,23.57,30.8,17.89,64.73,1.12,
1982-11-18,0.0,23.25,30.69,16.44,65.56,1.14,
1982-11-19,0.0,23.14,30.33,16.52,62.52,0.85,
1982-11-20,0.0,23.24,30.37,17.34,60.75,0.8,
1982-11-21,0.0,22.98,29.7,16.52,61.94,0.64,
1982-11-22,0.0,23.37,30.38,17.22,60.9,0.62,
1982-11-23,0.0,23.82,30.13,18.84,57.09,0.68,
1982-11-24,0.0,23.19,29.98,17.04,58.91,1.0,
1982-11-25,0.0,21.52,29.35,15.61,59.43,1.36,
1982-11-26,0.0,20.4,28.15,13.6,51.67,1.35,
1982-11-27,0.0,20.97,28.79,14.62,44.64,1.22,
1982-11-28,0.0,19.19,27.38,11.89,52.3,1.49,
1982-11-29,0.0,19.2,26.93,12.85,52.79,1.5,
1982-11-30,0.0,19.27,26.99,12.83,52.04,1.27,
1982-12-01,0.0,18.97,26.9,13.2,52.59,1.28,
1982-12-02,0.0,18.42,26.74,12.27,57.17,1.38,
1982-12-03,0.0,19.18,26.99,12.32,53.1,1.14,
1982-12-04,0.0,19.18,26.99,11.18,50.38,1.16,
1982-12-05,0.0,19.35,27.88,11.43,53.41,1.39,
1982-12-06,0.0,20.51,28.39,13.09,49.1,1.11,
1982-12-07,0.0,19.13,27.14,12.71,45.39,1.09,
1982-12-08,0.0,18.2,26.93,10.94,53.94,1.27,
1982-12-09,0.0,19.43,27.99,12.23,49.13,1.23,
1982-12-10,0.0,19.53,27.46,11.8,46.73,1.1,
1982-12-11,0.0,18.79,27.98,10.09,53.22,1.18,
1982-12-12,0.0,19.71,28.06,11.56,50.32,0.97,
1982-12-13,0.0,19.99,27.99,12.82,52.22,1.0,
1982-12-14,0.0,19.92,26.11,13.81,53.71,0.69,
1982-12-15,0.0,20.72,27.45,13.54,50.13,1.05,
1982-12-16,0.0,20.85,28.83,13.23,50.44,1.09,
1982-12-17,0.0,20.3,29.31,13.01,49.05,1.29,
1982-12-18,0.0,19.52,27.56,12.04,46.56,1.32,
1982-12-19,0.0,19.16,27.54,11.96,43.55,1.18,
1982-12-20,0.0,19.17,27.22,11.84,45.75,1.16,
1982-12-21,0.0,19.05,27.27,11.84,50.85,1.28,
1982-12-22,0.0,19.88,27.53,13.18,50.61,1.04,
1982-12-23,0.0,19.4,27.57,11.94,49.68,1.33,
1982-12-24,0.0,19.63,28.41,11.19,56.54,1.43,
1982-12-25,0.0,20.59,29.02,13.97,54.6,1.23,
1982-12-26,0.38,19.14,28.12,12.21,60.43,1.65,
1982-12-27,0.0,19.07,28.1,10.98,47.02,0.99,
1982-12-28,0.0,18.93,27.33,11.85,52.06,1.37,
1982-12-29,0.0,19.13,26.62,12.59,56.89,1.09,
1982-12-30,0.0,19.3,26.97,12.31,59.35,1.25,
1982-12-31,0.0,18.07,25.0,13.11,51.22,1.35,
1983-01-01,0.06,16.35,24.59,8.74,46.66,1.35,
1983-01-02,0.0,17.45,25.78,10.66,41.75,1.49,
1983-01-03,0.0,17.13,25.81,10.4,46.9,1.37,
1983-01-04,0.19,16.24,25.84,8.59,50.93,1.53,
1983-01-05,0.0,16.41,26.61,8.03,45.41,1.27,
1983-01-06,0.0,16.79,25.53,8.56,40.36,1.08,
1983-01-07,0.0,17.86,25.68,9.94,39.36,0.88,
1983-01-08,0.0,18.48,25.33,10.83,38.06,1.0,
1983-01-09,0.0,18.14,26.61,9.99,50.73,1.3,
1983-01-10,4.82,19.64,26.73,12.69,72.78,1.45,
1983-01-11,0.06,18.43,26.6,12.67,64.3,1.43,
1983-01-12,0.21,16.79,24.89,10.51,49.68,1.42,
1983-01-13,0.0,17.53,27.04,9.64,45.3,1.43,
1983-01-14,0.0,17.64,27.09,10.06,45.96,1.57,
1983-01-15,0.0,17.11,26.3,9.26,38.93,1.53,
1983-01-16,0.0,17.62,26.6,9.36,37.46,1.2,
1983-01-17,0.0,19.73,29.61,10.05,43.88,1.21,
1983-01-18,0.0,20.09,28.21,13.03,45.18,1.26,
1983-01-19,0.0,19.13,27.36,13.64,39.65,1.23,
1983-01-20,0.0,18.73,28.18,10.4,40.35,1.53,
1983-01-21,0.0,18.86,28.84,10.71,41.81,1.65,
1983-01-22,0.0,19.52,29.38,11.16,42.68,1.07,
1983-01-23,0.0,19.64,27.66,12.43,37.36,0.91,
1983-01-24,0.0,20.57,28.35,12.95,36.0,0.92,
1983-01-25,0.0,19.47,28.71,11.89,49.42,1.3,
1983-01-26,0.0,20.7,29.37,12.47,42.16,1.16,
1983-01-27,0.0,20.77,30.02,11.99,38.31,1.12,
1983-01-28,0.0,20.22,30.18,11.41,48.37,1.37,
1983-01-29,0.0,20.63,29.21,13.16,64.07,1.82,
1983-01-30,0.0,19.69,25.94,14.77,71.58,1.51,
1983-01-31,1.15,20.71,28.34,15.24,59.0,1.89,
1983-02-01,0.45,19.49,27.83,13.02,39.04,1.19,
1983-02-02,0.01,19.41,28.43,12.28,38.24,1.76,
1983-02-03,0.0,19.33,27.79,13.76,33.4,2.04,
1983-02-04,0.0,17.65,25.93,10.64,32.84,1.85,
1983-02-05,0.0,16.74,25.63,8.94,30.23,1.64,
1983-02-06,0.0,16.71,25.63,8.06,24.94,1.63,
1983-02-07,0.0,17.64,27.28,8.19,24.38,1.54,
1983-02-08,0.0,18.03,25.89,10.55,26.48,1.49,
1983-02-09,0.01,19.49,27.07,13.48,42.94,1.4,
1983-02-10,0.02,20.52,30.24,11.48,52.89,1.45,
1983-02-11,0.0,21.45,30.71,13.31,32.77,1.73,
1983-02-12,0.0,21.45,30.04,15.86,25.72,1.59,
1983-02-13,0.0,21.38,30.24,13.57,21.1,1.64,
1983-02-14,0.0,23.53,32.53,14.78,25.34,1.56,
1983-02-15,0.0,23.94,34.03,14.57,50.71,1.77,
1983-02-16,0.0,25.32,34.74,17.36,57.59,1.95,
1983-02-17,0.0,26.14,35.29,17.92,52.91,1.83,
1983-02-18,0.0,26.03,34.72,17.81,41.35,1.7,
1983-02-19,0.24,25.24,32.34,19.16,62.18,2.12,
1983-02-20,0.01,24.24,33.1,16.62,47.79,1.64,
1983-02-21,0.0,23.47,32.39,15.33,47.09,1.84,
1983-02-22,7.04,23.13,30.35,16.65,60.89,1.44,
1983-02-23,1.9,23.41,30.11,16.97,52.8,1.62,
1983-02-24,0.11,24.32,32.17,17.31,54.57,1.61,
1983-02-25,0.01,24.78,32.72,17.12,52.29,2.07,
1983-02-26,2.73,21.16,26.75,17.41,67.39,2.01,
1983-02-27,5.74,22.41,30.42,15.68,66.1,2.16,
1983-02-28,0.21,23.21,31.32,15.64,48.14,1.73,
1983-03-01,0.0,22.74,32.24,13.82,47.55,2.28,
1983-03-02,0.0,24.41,33.49,16.54,59.65,2.26,
1983-03-03,0.0,25.53,33.63,17.98,61.85,2.3,
1983-03-04,1.53,26.44,34.92,19.29,61.88,1.85,
1983-03-05,0.94,26.36,34.68,19.36,58.85,1.59,
1983-03-06,0.0,25.57,32.3,18.74,61.96,1.81,
1983-03-07,0.0,26.21,33.74,18.97,55.22,1.65,
1983-03-08,0.0,26.0,33.61,19.69,56.43,2.5,
1983-03-09,0.0,26.5,34.78,18.97,62.75,2.61,
1983-03-10,0.01,27.61,36.42,20.3,62.72,2.96,
1983-03-11,0.06,28.25,37.39,21.6,64.11,3.38,
1983-03-12,0.0,29.19,38.72,22.8,57.27,3.81,
1983-03-13,0.01,28.81,38.13,21.95,62.14,3.64,
1983-03-14,0.0,28.17,37.38,20.7,51.53,2.93,
1983-03-15,0.02,27.62,36.61,21.17,63.81,3.77,
1983-03-16,3.56,27.36,33.88,23.31,71.39,2.92,
1983-03-17,0.49,27.59,35.28,20.82,61.44,2.14,
1983-03-18,0.0,28.55,36.11,22.74,61.1,3.71,
1983-03-19,11.34,27.31,33.46,23.01,71.76,3.96,
1983-03-20,4.38,26.16,30.55,22.66,75.3,2.91,
1983-03-21,0.3,26.69,31.66,22.9,71.02,4.27,
1983-03-22,3.17,26.38,33.95,18.41,50.93,2.94,
1983-03-23,0.0,24.14,33.68,15.85,29.37,1.45,
1983-03-24,0.0,24.56,33.9,14.73,41.34,1.77,
1983-03-25,0.0,24.49,34.79,14.43,41.57,1.89,
1983-03-26,0.0,26.51,36.51,17.05,54.43,2.73,
1983-03-27,0.0,28.45,37.67,20.53,61.48,3.14,
1983-03-28,0.0,29.55,38.55,23.02,63.82,3.41,
1983-03-29,0.0,29.79,38.16,23.23,59.55,3.06,
1983-03-30,0.0,30.38,39.58,23.05,51.67,1.86,
1983-03-31,0.08,29.28,38.97,20.83,43.51,1.6,
1983-04-01,0.0,28.81,40.1,18.55,42.45,2.05,
1983-04-02,0.0,30.14,39.9,20.52,52.48,2.72,
1983-04-03,0.0,30.66,39.82,23.78,56.4,3.8,
1983-04-04,0.0,31.67,41.86,24.26,54.55,3.22,
1983-04-05,0.01,32.0,41.7,23.47,49.16,3.97,
1983-04-06,0.01,31.63,41.16,24.03,53.6,3.36,
1983-04-07,0.04,31.16,40.13,24.18,57.4,3.92,
1983-04-08,0.09,31.2,40.26,24.79,57.79,4.61,
1983-04-09,0.23,31.08,40.64,24.7,61.22,4.66,
1983-04-10,3.89,30.39,37.99,24.76,60.87,3.8,
1983-04-11,1.96,28.89,35.4,23.75,62.47,3.0,
1983-04-12,0.28,29.98,38.09,23.02,53.27,3.18,
1983-04-13,0.31,29.01,36.44,22.74,59.52,3.86,
1983-04-14,0.92,30.25,36.48,25.33,63.63,3.48,
1983-04-15,0.15,31.26,38.71,24.52,50.81,2.23,
1983-04-16,0.01,29.19,37.44,21.88,41.43,2.29,
1983-04-17,0.0,29.58,36.22,22.52,39.13,2.68,
1983-04-18,0.0,30.72,39.32,22.97,37.36,2.29,
1983-04-19,0.0,30.87,39.67,24.33,37.16,2.41,
1983-04-20,0.0,30.96,40.2,23.01,29.91,2.3,
1983-04-21,0.0,30.76,39.32,22.15,27.16,1.71,
1983-04-22,0.0,31.49,38.77,23.88,47.55,2.9,
1983-04-23,0.82,31.07,38.64,24.46,52.32,3.6,
1983-04-24,3.26,29.93,38.08,24.54,61.41,4.24,
1983-04-25,4.49,29.66,36.59,23.84,65.55,3.24,
1983-04-26,7.88,28.93,34.51,24.94,67.03,2.63,
1983-04-27,0.19,30.66,38.41,24.52,57.01,3.26,
1983-04-28,6.01,29.54,35.93,24.88,65.72,4.47,
1983-04-29,42.59,27.95,31.7,24.88,79.86,4.83,
1983-04-30,50.08,28.03,32.86,25.57,82.45,4.52,
1983-05-01,16.03,27.52,31.55,25.05,82.21,4.61,
1983-05-02,14.81,27.87,31.69,25.33,78.87,4.51,
1983-05-03,10.65,27.96,32.4,24.95,79.03,3.8,
1983-05-04,33.16,27.69,31.82,25.02,84.82,3.47,
1983-05-05,11.64,28.12,32.69,24.56,81.93,2.73,
1983-05-06,0.1,28.05,33.03,24.41,79.19,3.26,
1983-05-07,0.02,27.07,30.77,23.95,82.11,3.18,
1983-05-08,0.17,26.53,30.14,23.28,79.83,2.29,
1983-05-09,0.54,26.15,29.87,22.98,84.18,2.36,
1983-05-10,0.07,26.06,29.22,23.72,83.25,1.99,
1983-05-11,8.29,25.39,28.72,22.52,83.02,1.16,
1983-05-12,5.95,26.48,31.13,22.37,78.32,1.45,
1983-05-13,0.15,26.89,31.39,22.91,76.7,1.63,
1983-05-14,0.16,28.41,33.74,23.44,72.59,1.67,
1983-05-15,0.42,28.97,34.21,23.78,71.11,1.43,
1983-05-16,0.48,29.38,34.97,24.35,71.89,2.43,
1983-05-17,0.76,28.93,33.78,24.94,74.92,2.14,
1983-05-18,0.24,29.35,35.17,25.12,70.69,2.01,
1983-05-19,0.28,29.48,35.11,24.34,70.21,2.78,
1983-05-20,7.32,27.8,30.69,25.58,79.45,2.71,
1983-05-21,16.69,27.77,31.33,25.05,82.73,2.65,
1983-05-22,11.29,28.45,33.63,24.31,80.71,2.41,
1983-05-23,3.28,28.47,33.02,24.84,78.22,2.18,
1983-05-24,0.7,28.8,33.73,24.46,75.18,2.0,
1983-05-25,0.0,30.24,36.12,24.93,63.2,1.03,
1983-05-26,0.0,30.73,36.55,24.13,54.53,1.49,
1983-05-27,0.0,30.79,35.97,25.7,58.47,1.07,
1983-05-28,0.0,31.15,37.39,24.7,58.46,1.15,
1983-05-29,0.04,31.25,37.32,25.03,62.79,1.37,
1983-05-30,0.07,31.62,37.32,25.67,64.43,1.7,
1983-05-31,0.0,31.47,36.38,26.79,65.89,2.12,
1983-06-01,0.0,31.47,36.55,26.68,64.98,1.88,
1983-06-02,2.12,30.31,34.71,26.8,71.27,2.64,
1983-06-03,7.86,29.63,34.1,26.35,74.12,2.47,
1983-06-04,5.28,29.35,34.39,25.29,73.68,3.0,
1983-06-05,0.02,30.5,35.53,26.72,70.38,3.72,
1983-06-06,0.01,29.69,33.41,27.46,74.22,4.03,
1983-06-07,1.72,29.95,33.67,27.17,76.14,4.24,
1983-06-08,1.42,29.67,33.52,27.06,75.09,3.83,
1983-06-09,0.14,30.7,35.47,26.99,68.29,2.63,
1983-06-10,0.13,30.06,34.16,26.46,68.15,1.73,
1983-06-11,0.36,30.86,36.62,25.99,62.93,1.27,
1983-06-12,0.0,32.67,39.64,25.57,53.61,1.05,
1983-06-13,0.0,31.01,35.11,27.75,63.12,2.44,
1983-06-14,0.3,30.61,34.83,26.8,66.68,3.08,
1983-06-15,6.86,28.56,31.01,26.62,80.83,2.59,
1983-06-16,10.31,28.04,30.28,26.46,86.82,3.4,
1983-06-17,4.6,28.61,31.65,26.27,81.32,3.87,
1983-06-18,14.04,29.67,33.06,26.81,77.44,4.48,
1983-06-19,23.74,28.85,32.2,26.8,84.66,3.96,
1983-06-20,12.99,29.37,32.69,26.96,84.4,3.25,
1983-06-21,1.13,29.25,33.12,26.73,81.37,3.5,
1983-06-22,0.04,30.41,35.87,26.13,72.72,3.03,
1983-06-23,0.69,30.75,36.58,25.32,69.08,2.17,
1983-06-24,0.31,31.17,36.21,26.5,71.75,1.98,
1983-06-25,0.0,30.19,34.53,27.33,73.97,3.34,
1983-06-26,1.41,29.42,33.55,26.47,76.18,3.98,
1983-06-27,4.14,29.88,33.96,26.67,73.82,3.62,
1983-06-28,3.38,29.92,35.09,26.53,74.12,3.43,
1983-06-29,1.28,30.13,35.14,26.25,73.89,3.62,
1983-06-30,1.52,30.32,35.59,27.05,75.31,2.65,
1983-07-01,1.22,28.84,31.31,26.94,81.44,3.2,
1983-07-02,7.26,28.95,32.35,26.52,79.89,4.14,
1983-07-03,12.67,28.45,31.88,26.15,82.65,4.06,
1983-07-04,50.17,27.68,30.7,25.58,85.18,4.19,
1983-07-05,30.55,26.72,29.28,24.79,90.16,4.38,
1983-07-06,4.79,27.99,32.14,24.91,86.07,3.13,
1983-07-07,0.27,29.01,33.37,25.65,83.23,2.45,
1983-07-08,0.06,29.26,33.25,26.23,81.65,2.67,
1983-07-09,0.87,29.24,33.75,25.74,79.55,2.74,
1983-07-10,0.5,29.31,33.88,25.9,79.59,2.65,
1983-07-11,0.01,29.37,33.43,25.98,78.95,2.57,
1983-07-12,0.0,29.97,35.45,25.32,74.77,2.05,
1983-07-13,0.0,30.41,35.82,25.59,72.83,2.17,
1983-07-14,0.0,30.6,36.46,26.38,71.75,2.31,
1983-07-15,0.0,30.3,35.56,25.98,73.03,2.91,
1983-07-16,0.0,30.46,35.69,25.84,73.15,3.0,
1983-07-17,0.06,30.93,36.41,26.36,70.64,2.89,
1983-07-18,2.22,30.3,35.73,26.4,72.73,3.0,
1983-07-19,1.09,29.65,33.83,26.62,75.44,3.13,
1983-07-20,0.68,29.76,33.69,26.04,73.5,3.63,
1983-07-21,0.48,29.63,33.01,26.57,75.36,4.42,
1983-07-22,7.85,29.43,33.76,26.56,79.18,3.46,
1983-07-23,6.7,28.72,32.29,26.27,83.37,3.39,
1983-07-24,1.17,28.62,31.84,26.25,80.29,3.21,
1983-07-25,0.46,28.87,32.98,26.11,75.97,3.49,
1983-07-26,4.32,29.03,33.32,26.1,75.61,3.48,
1983-07-27,8.52,28.85,33.71,25.69,78.94,3.85,
1983-07-28,2.76,28.92,33.51,25.35,78.15,4.1,
1983-07-29,2.43,29.26,33.32,26.16,77.04,4.37,
1983-07-30,6.93,29.0,33.31,25.89,82.58,3.19,
1983-07-31,1.17,29.45,33.76,26.41,79.33,3.24,
1983-08-01,0.34,28.27,30.97,26.37,83.08,3.09,
1983-08-02,1.68,28.29,32.62,25.57,80.63,3.11,
1983-08-03,10.7,27.2,28.67,26.12,91.77,4.35,
1983-08-04,68.24,27.35,29.14,26.0,93.44,4.22,
1983-08-05,44.52,27.3,29.71,25.53,91.07,3.76,
1983-08-06,24.81,27.15,29.24,25.56,91.07,2.61,
1983-08-07,7.07,28.44,32.37,24.42,83.39,1.22,
1983-08-08,1.0,27.49,29.77,25.38,88.59,1.54,
1983-08-09,1.28,27.39,31.55,24.79,87.81,2.4,
1983-08-10,1.99,27.76,31.44,25.28,87.71,2.53,
1983-08-11,1.16,27.59,31.52,25.16,87.9,3.17,
1983-08-12,0.35,28.04,31.99,25.54,86.21,2.86,
1983-08-13,0.05,27.87,31.78,25.4,86.49,3.1,
1983-08-14,4.2,27.63,30.77,25.48,86.0,2.81,
1983-08-15,1.02,28.13,32.66,24.82,84.97,2.47,
1983-08-16,2.01,28.08,32.09,25.43,86.59,2.1,
1983-08-17,2.51,29.04,33.81,25.69,83.5,1.92,
1983-08-18,0.08,28.79,33.35,26.26,84.13,3.03,
1983-08-19,1.29,28.74,33.33,25.91,83.96,2.91,
1983-08-20,1.06,27.91,31.38,25.84,86.59,2.5,
1983-08-21,0.44,28.62,32.49,25.75,83.62,3.37,
1983-08-22,7.61,28.03,30.89,26.04,87.26,3.65,
1983-08-23,21.26,27.65,31.31,25.85,90.34,3.46,
1983-08-24,10.12,27.32,30.31,25.29,89.18,3.31,
1983-08-25,19.3,27.06,29.84,25.14,90.67,2.31,
1983-08-26,13.02,27.76,31.39,25.44,88.78,2.17,
1983-08-27,4.73,27.3,30.57,25.01,89.96,2.27,
1983-08-28,0.45,27.69,31.24,25.14,85.6,3.33,
1983-08-29,0.15,27.63,31.55,24.98,85.26,2.76,
1983-08-30,0.08,27.6,31.54,24.78,86.75,2.39,
1983-08-31,1.57,28.19,32.6,25.07,85.81,2.26,
1983-09-01,2.32,26.6,29.02,24.8,90.6,1.68,
1983-09-02,0.08,26.81,29.8,24.6,87.21,1.98,
1983-09-03,0.07,27.82,32.43,24.06,83.94,2.25,
1983-09-04,0.02,27.51,31.06,25.37,88.06,2.75,
1983-09-05,0.19,27.52,30.97,25.23,86.36,3.31,
1983-09-06,2.68,27.59,31.06,24.94,86.19,4.36,
1983-09-07,23.84,27.47,31.2,25.21,88.33,3.76,
1983-09-08,25.15,27.39,31.14,24.98,89.16,2.96,
1983-09-09,7.41,27.24,30.55,24.94,88.19,2.92,
1983-09-10,0.78,27.44,31.57,24.47,86.65,2.51,
1983-09-11,0.11,27.34,31.81,23.79,84.58,2.22,
1983-09-12,3.55,27.58,32.56,23.87,86.07,2.48,
1983-09-13,1.25,27.82,32.5,24.5,85.88,2.37,
1983-09-14,0.17,27.06,30.3,25.0,88.4,2.01,
1983-09-15,1.43,27.08,31.02,24.52,86.57,3.04,
1983-09-16,5.4,26.02,28.78,23.48,89.63,3.74,
1983-09-17,6.51,26.56,28.96,25.03,92.41,2.9,
1983-09-18,6.51,27.24,30.85,25.11,89.41,2.87,
1983-09-19,2.55,27.41,31.53,24.57,87.52,2.44,
1983-09-20,3.93,27.4,31.6,24.37,87.45,2.44,
1983-09-21,2.59,26.39,29.65,23.62,88.72,2.29,
1983-09-22,1.84,26.83,31.28,23.23,84.67,1.63,
1983-09-23,2.54,27.95,32.22,23.47,80.27,0.84,
1983-09-24,0.94,28.84,33.41,24.41,75.86,0.63,
1983-09-25,0.0,28.24,33.11,24.15,79.79,1.51,
1983-09-26,0.06,27.98,32.67,24.19,81.42,2.13,
1983-09-27,4.06,27.77,31.79,24.75,83.47,1.75,
1983-09-28,2.93,27.76,32.08,24.04,82.75,1.0,
1983-09-29,0.07,29.6,34.03,24.8,74.19,0.86,
1983-09-30,0.0,28.57,32.17,25.53,78.77,0.96,
1983-10-01,0.0,28.89,32.8,24.59,74.16,0.62,
1983-10-02,0.0,28.16,32.07,25.42,78.33,1.12,
1983-10-03,0.0,28.41,33.31,25.29,76.81,0.83,
1983-10-04,1.26,28.78,32.95,25.49,77.0,0.86,
1983-10-05,1.14,27.19,28.78,26.01,89.97,1.81,
1983-10-06,4.29,26.84,28.73,25.28,92.05,1.94,
1983-10-07,16.17,26.57,29.64,24.41,87.64,0.99,
1983-10-08,16.04,26.39,30.12,24.01,89.41,1.39,
1983-10-09,0.92,26.61,30.67,23.86,86.15,2.2,
1983-10-10,4.44,25.57,27.85,24.04,91.27,2.28,
1983-10-11,7.58,25.56,27.92,24.19,93.89,1.75,
1983-10-12,1.67,26.61,30.65,23.02,83.04,1.11,
1983-10-13,0.27,27.35,31.57,23.47,78.18,0.9,
1983-10-14,0.08,28.31,33.08,24.24,76.34,0.69,
1983-10-15,3.26,26.58,28.65,24.84,86.76,0.9,
1983-10-16,16.29,25.44,29.08,21.96,84.02,2.39,
1983-10-17,1.96,24.9,30.04,19.14,66.21,0.86,
1983-10-18,0.13,23.61,29.85,17.78,69.64,1.42,
1983-10-19,0.0,25.32,32.11,18.97,73.58,1.57,
1983-10-20,0.02,27.12,32.47,21.61,75.07,1.12,
1983-10-21,2.37,26.18,29.64,23.36,82.86,1.68,
1983-10-22,1.22,26.52,31.79,22.08,78.28,0.82,
1983-10-23,0.31,27.44,32.9,22.65,71.99,0.89,
1983-10-24,0.0,27.24,32.37,22.52,73.71,1.05,
1983-10-25,0.07,27.0,32.34,22.83,71.41,1.57,
1983-10-26,0.0,24.32,31.21,19.04,59.37,2.2,
1983-10-27,0.0,23.57,31.34,17.44,60.48,1.35,
1983-10-28,0.0,24.59,32.23,17.98,64.6,1.22,
1983-10-29,0.0,26.02,33.17,19.63,67.4,1.39,
1983-10-30,0.0,27.78,34.89,22.08,68.21,1.49,
1983-10-31,0.0,27.88,35.64,22.19,62.83,1.85,
1983-11-01,0.0,27.16,35.13,20.65,58.95,1.68,
1983-11-02,0.0,26.82,33.86,21.53,60.73,1.15,
1983-11-03,0.0,26.01,33.15,20.63,61.05,1.66,
1983-11-04,0.0,25.54,33.27,18.98,58.82,1.56,
1983-11-05,0.0,25.89,33.6,20.08,62.58,1.85,
1983-11-06,0.0,25.47,33.08,20.08,58.15,1.89,
1983-11-07,0.0,25.08,30.28,21.11,55.27,1.05,
1983-11-08,0.0,25.2,30.66,19.9,61.46,1.17,
1983-11-09,2.26,26.35,32.63,22.04,70.63,2.13,
1983-11-10,2.56,25.68,31.84,21.8,69.33,2.38,
1983-11-11,0.59,24.64,30.87,19.8,73.3,1.41,
1983-11-12,0.16,24.05,31.1,18.58,69.73,1.51,
1983-11-13,0.0,24.63,31.7,18.35,62.91,1.2,
1983-11-14,0.41,25.4,32.34,19.08,58.92,0.76,
1983-11-15,0.5,25.63,31.92,20.77,59.1,0.64,
1983-11-16,0.0,25.54,32.1,20.32,57.0,0.67,
1983-11-17,0.04,24.61,31.31,18.17,54.75,0.94,
1983-11-18,0.0,24.49,31.0,18.01,52.27,0.94,
1983-11-19,0.19,23.92,30.34,18.09,55.2,0.97,
1983-11-20,0.01,23.24,30.89,16.94,54.93,1.18,
1983-11-21,0.0,22.61,31.13,15.27,54.48,1.09,
1983-11-22,0.0,22.84,31.44,16.81,62.92,1.54,
1983-11-23,0.01,22.71,26.9,19.95,69.5,1.02,
1983-11-24,8.68,23.38,29.07,19.18,69.39,1.09,
1983-11-25,1.27,22.22,30.15,15.75,63.66,1.33,
1983-11-26,0.0,23.03,31.34,15.94,60.38,1.05,
1983-11-27,0.0,23.25,30.52,16.18,57.91,0.75,
1983-11-28,0.0,22.16,30.25,15.29,54.92,1.1,
1983-11-29,0.0,22.0,30.16,14.52,54.82,0.94,
1983-11-30,0.0,21.67,28.84,16.53,53.12,0.68,
1983-12-01,0.0,21.03,29.0,14.53,56.95,0.89,
1983-12-02,0.0,20.74,29.25,14.13,57.94,1.19,
1983-12-03,0.0,20.31,29.36,12.97,52.65,1.02,
1983-12-04,0.0,19.63,28.19,12.44,54.4,1.2,
1983-12-05,0.0,19.15,27.62,12.36,54.86,1.15,
1983-12-06,0.0,19.29,27.66,12.6,55.57,1.01,
1983-12-07,0.0,20.12,29.0,12.67,53.46,0.91,
1983-12-08,0.0,20.31,29.06,13.06,57.34,1.02,
1983-12-09,0.0,20.39,28.86,14.16,57.45,0.96,
1983-12-10,0.0,20.16,28.23,13.59,57.06,0.96,
1983-12-11,0.0,19.91,27.51,13.59,61.72,1.11,
1983-12-12,0.0,20.25,27.94,14.11,56.66,1.09,
1983-12-13,0.0,19.54,28.33,13.48,55.8,1.23,
1983-12-14,0.0,19.49,29.48,11.85,56.74,1.29,
1983-12-15,0.0,19.82,28.67,12.69,51.07,1.2,
1983-12-16,0.0,19.56,27.89,12.99,48.14,1.36,
1983-12-17,0.0,19.47,28.31,12.66,48.93,1.29,
1983-12-18,0.0,18.55,27.7,12.21,45.91,1.46,
1983-12-19,0.0,18.49,27.52,11.43,46.45,1.46,
1983-12-20,0.0,18.3,26.63,10.62,42.33,1.24,
1983-12-21,0.0,18.64,27.42,10.44,45.55,1.38,
1983-12-22,0.0,19.06,27.81,10.86,47.4,1.26,
1983-12-23,0.0,20.65,29.58,11.55,45.14,1.16,
1983-12-24,0.0,20.02,28.55,12.14,51.26,1.36,
1983-12-25,0.0,19.63,28.2,12.35,51.12,1.45,
1983-12-26,0.44,17.73,21.77,15.03,69.69,1.45,
1983-12-27,8.98,15.99,19.61,12.84,86.6,1.58,
1983-12-28,0.02,16.46,24.65,10.43,68.12,1.2,
1983-12-29,1.03,16.12,23.94,9.31,60.05,1.53,
1983-12-30,0.0,15.56,23.43,9.83,48.78,1.47,
1983-12-31,0.0,14.71,23.54,7.51,47.33,1.44,
1984-01-01,0.0,15.68,25.17,7.89,55.51,1.33,16.3
1984-01-02,0.0,17.23,26.07,8.86,52.43,1.14,16.68
1984-01-03,0.0,19.22,27.28,13.2,52.47,1.13,12.63
1984-01-04,0.0,18.74,27.48,12.26,57.36,1.35,16.6
1984-01-05,0.0,18.28,26.71,12.46,57.8,1.23,16.66
1984-01-06,0.0,18.39,26.99,11.02,60.61,1.41,16.67
1984-01-07,0.0,18.22,27.32,11.0,51.71,1.56,17.04
1984-01-08,0.0,18.02,25.17,11.64,52.11,1.47,16.54
1984-01-09,0.0,19.03,26.72,13.52,47.97,1.3,16.38
1984-01-10,0.0,18.46,25.74,14.29,45.04,1.18,8.6
1984-01-11,0.0,18.48,27.75,11.98,46.13,1.48,16.6
1984-01-12,0.0,18.15,28.01,10.6,44.01,1.63,16.78
1984-01-13,0.0,18.84,27.76,11.92,43.8,1.25,16.83
1984-01-14,0.0,19.58,27.27,12.31,40.55,1.24,13.64
1984-01-15,0.0,19.77,29.0,12.2,49.21,1.57,16.74
1984-01-16,0.0,21.81,30.94,13.58,50.37,1.34,16.28
1984-01-17,2.63,18.76,25.21,13.86,72.31,1.89,12.34
1984-01-18,0.0,16.33,24.59,9.85,54.75,1.44,16.99
1984-01-19,0.07,17.32,25.55,9.57,33.13,1.42,17.17
1984-01-20,0.0,17.68,27.32,8.52,36.73,1.45,16.03
1984-01-21,0.0,17.89,27.53,9.35,42.88,1.29,16.68
1984-01-22,0.01,17.93,26.03,10.56,36.48,1.48,17.4
1984-01-23,0.12,17.98,22.78,13.21,40.24,1.04,6.06
1984-01-24,0.0,18.01,26.77,10.99,47.45,1.57,17.52
1984-01-25,0.19,17.6,26.9,9.46,44.96,1.77,18.51
1984-01-26,0.0,18.17,27.77,10.52,34.06,1.59,18.23
1984-01-27,0.0,17.77,27.64,9.32,41.58,1.74,18.24
1984-01-28,0.0,19.28,28.83,10.47,41.61,1.55,15.48
1984-01-29,0.0,19.81,29.07,11.67,43.27,1.5,17.23
1984-01-30,0.0,18.76,27.99,11.13,35.05,1.84,18.95
1984-01-31,0.0,17.51,27.41,9.19,29.45,1.77,19.2
1984-02-01,0.0,18.59,28.49,9.8,29.8,1.47,18.38
1984-02-02,0.0,18.19,28.43,9.25,32.5,1.61,17.93
1984-02-03,0.0,20.15,31.0,10.54,35.88,1.56,17.97
1984-02-04,0.0,22.64,31.45,16.33,42.3,1.54,16.92
1984-02-05,0.0,22.8,31.18,15.15,50.22,1.73,18.47
1984-02-06,0.0,20.67,29.3,13.47,35.42,1.7,13.18
1984-02-07,0.0,20.54,28.3,14.97,33.04,1.17,6.19
1984-02-08,0.01,20.32,28.91,14.8,41.93,1.65,5.45
1984-02-09,0.0,20.45,28.65,13.97,45.32,1.34,18.91
1984-02-10,0.24,19.54,28.52,12.07,35.31,1.32,19.6
1984-02-11,0.0,19.91,30.92,10.49,30.95,1.72,19.29
1984-02-12,0.0,22.15,32.74,12.8,30.65,1.64,18.16
1984-02-13,0.0,22.21,30.5,14.9,35.6,1.81,17.01
1984-02-14,0.0,21.7,29.85,15.06,33.08,1.96,8.96
1984-02-15,0.0,21.07,27.87,15.8,36.94,1.27,6.78
1984-02-16,0.0,22.57,31.96,16.16,30.71,1.41,19.12
1984-02-17,0.0,22.28,32.35,14.61,27.09,1.72,20.07
1984-02-18,0.0,22.5,32.57,13.96,24.01,1.73,20.05
1984-02-19,0.0,24.01,34.0,15.12,24.45,1.71,20.13
1984-02-20,0.0,25.96,36.99,16.53,28.52,1.82,20.47
1984-02-21,0.0,26.34,35.88,17.29,39.07,1.73,20.62
1984-02-22,0.0,26.25,34.63,19.18,38.91,1.99,20.96
1984-02-23,0.0,22.91,32.31,15.98,30.02,2.22,20.98
1984-02-24,0.0,20.4,30.97,12.35,18.51,1.98,21.4
1984-02-25,0.0,19.63,30.77,10.38,20.42,2.08,22.4
1984-02-26,0.0,19.96,31.84,10.14,19.73,1.95,22.51
1984-02-27,0.0,20.39,32.2,10.34,17.14,1.76,22.05
1984-02-28,0.0,21.66,32.5,12.33,15.28,1.56,22.2
1984-02-29,0.0,23.44,33.26,14.2,13.63,1.59,22.29
1984-03-01,0.0,23.98,33.4,16.53,13.99,1.23,21.54
1984-03-02,0.0,22.71,34.43,12.31,34.62,1.74,20.37
1984-03-03,0.0,23.5,34.19,14.19,46.06,1.49,19.52
1984-03-04,0.0,23.79,34.01,14.55,41.06,1.69,20.82
1984-03-05,0.0,23.28,33.36,15.27,43.84,1.91,21.88
1984-03-06,0.0,24.55,35.16,15.57,45.43,1.78,20.2
1984-03-07,0.0,24.96,35.41,14.59,41.34,1.72,21.1
1984-03-08,0.0,24.58,35.55,14.6,32.39,1.89,21.15
1984-03-09,0.0,25.65,35.92,16.01,49.17,2.38,20.42
1984-03-10,0.0,26.73,36.61,18.43,43.52,2.31,21.45
1984-03-11,0.0,26.08,37.19,16.35,47.11,2.2,21.49
1984-03-12,0.0,26.7,37.23,16.8,56.32,2.81,21.16
1984-03-13,0.0,27.51,36.74,20.72,63.76,3.22,15.64
1984-03-14,0.0,28.2,37.04,21.08,58.11,2.72,19.4
1984-03-15,0.0,28.48,38.15,19.43,48.19,1.39,20.74
1984-03-16,0.0,28.56,38.57,18.5,38.43,1.55,21.11
1984-03-17,0.0,28.57,39.45,18.94,43.61,1.86,22.59
1984-03-18,0.0,28.92,39.57,19.51,50.32,2.28,23.19
1984-03-19,0.0,30.06,40.51,20.97,43.97,2.44,21.88
1984-03-20,0.0,29.4,39.86,20.54,38.14,1.88,21.54
1984-03-21,0.0,27.65,38.33,17.43,11.21,1.71,23.14
1984-03-22,0.0,28.21,38.15,18.29,11.43,1.5,22.67
1984-03-23,0.0,28.28,38.88,17.38,28.69,1.7,22.91
1984-03-24,0.0,28.55,38.46,19.16,49.87,2.34,23.31
1984-03-25,0.0,28.52,37.86,20.67,54.51,3.76,23.72
1984-03-26,0.0,29.36,38.53,22.15,54.49,3.54,23.08
1984-03-27,0.18,29.23,37.7,22.5,57.41,3.21,15.88
1984-03-28,0.14,30.01,38.69,22.94,57.17,2.35,18.27
1984-03-29,0.0,30.71,39.63,22.43,50.9,2.13,23.21
1984-03-30,0.0,31.13,40.72,22.73,51.62,3.48,22.76
1984-03-31,0.0,30.86,40.2,23.65,56.76,3.73,22.19
1984-04-01,0.03,31.39,42.14,24.02,56.46,3.82,22.93
1984-04-02,1.03,30.92,41.55,23.08,57.15,4.27,20.86
1984-04-03,0.44,30.25,39.62,23.79,60.47,5.28,23.18
1984-04-04,0.0,30.49,39.17,25.01,60.66,4.89,19.37
1984-04-05,0.0,30.13,38.45,24.81,62.1,4.54,20.71
1984-04-06,0.0,30.88,39.11,24.27,54.75,3.08,13.64
1984-04-07,0.0,31.15,39.92,23.93,55.12,3.58,21.04
1984-04-08,1.53,28.35,35.03,24.65,67.08,2.69,12.5
1984-04-09,0.47,28.77,34.78,22.81,62.22,1.89,25.24
1984-04-10,0.1,29.14,35.19,23.33,52.89,1.06,20.02
1984-04-11,0.0,30.91,38.57,22.65,35.58,1.97,25.31
1984-04-12,0.0,31.49,39.47,24.16,30.48,2.06,25.25
1984-04-13,0.0,32.26,40.97,25.62,22.55,1.45,25.92
1984-04-14,0.0,32.62,41.26,24.93,23.03,1.36,25.44
1984-04-15,0.0,31.47,40.51,23.14,41.96,3.03,25.55
1984-04-16,0.0,31.25,40.78,24.1,56.15,4.21,22.9
1984-04-17,0.0,31.32,39.62,25.64,58.85,4.74,22.01
1984-04-18,0.0,30.85,38.78,25.84,60.59,5.31,20.51
1984-04-19,0.0,30.88,39.18,25.51,61.57,5.14,22.76
1984-04-20,0.0,30.97,39.64,25.32,59.91,4.43,19.37
1984-04-21,0.02,31.45,40.39,24.27,56.03,3.83,22.89
1984-04-22,0.09,30.55,37.84,24.92,52.95,2.03,22.8
1984-04-23,0.6,31.48,40.54,22.98,51.03,2.72,22.57
1984-04-24,0.35,30.55,36.92,25.82,57.82,3.32,7.48
1984-04-25,0.03,29.07,34.27,25.25,63.11,3.1,16.33
1984-04-26,0.01,31.29,39.34,23.84,53.46,2.08,23.92
1984-04-27,2.45,31.24,37.57,26.34,56.93,3.44,21.28
1984-04-28,3.22,30.44,38.08,24.93,61.83,4.04,21.76
1984-04-29,2.16,30.8,38.9,24.46,58.8,3.02,24.48
1984-04-30,1.26,31.01,39.06,24.17,57.1,3.64,8.23
1984-05-01,9.3,29.75,36.88,25.23,65.43,3.86,22.66
1984-05-02,4.56,29.6,36.74,24.87,68.33,4.21,20.63
1984-05-03,4.06,29.46,36.2,24.49,64.65,3.55,22.42
1984-05-04,1.53,30.03,38.09,23.62,63.19,3.95,21.52
1984-05-05,2.04,30.1,37.16,25.04,62.21,3.72,13.27
1984-05-06,2.37,29.36,35.84,24.5,65.67,3.49,8.29
1984-05-07,19.87,28.05,33.4,24.68,71.83,3.38,3.76
1984-05-08,14.21,27.48,32.64,23.57,76.44,3.75,14.45
1984-05-09,12.37,27.53,32.09,24.34,78.33,3.43,21.12
1984-05-10,13.99,26.71,31.13,23.42,81.34,2.66,23.25
1984-05-11,14.78,27.26,32.83,23.63,76.68,3.26,21.41
1984-05-12,8.52,27.92,33.18,24.02,73.63,3.65,10.88
1984-05-13,50.93,26.87,30.85,24.02,82.61,4.18,1.95
1984-05-14,22.5,27.79,31.75,24.88,84.15,4.65,12.15
1984-05-15,18.01,27.85,31.28,25.83,85.03,4.91,5.82
1984-05-16,32.57,27.93,31.51,25.6,85.52,4.2,12.69
1984-05-17,12.88,28.04,31.82,25.75,84.88,4.45,15.78
1984-05-18,0.2,28.45,33.21,25.14,78.56,5.16,18.4
1984-05-19,1.45,28.56,32.82,25.69,79.53,5.23,17.0
1984-05-20,0.42,28.81,34.04,25.52,77.53,3.99,22.02
1984-05-21,0.14,29.18,35.16,25.05,75.79,3.97,25.46
1984-05-22,0.2,29.32,34.58,25.89,74.76,4.62,24.01
1984-05-23,2.1,29.34,34.13,26.21,75.57,4.83,21.93
1984-05-24,3.84,28.68,33.75,24.92,75.13,3.69,21.81
1984-05-25,8.31,28.75,34.68,24.15,75.1,2.78,9.89
1984-05-26,16.27,28.19,33.22,24.67,80.18,2.68,24.04
1984-05-27,19.93,27.41,31.48,24.61,83.33,2.42,24.48
1984-05-28,8.98,27.76,32.66,24.41,82.97,2.15,26.08
1984-05-29,0.0,27.63,30.59,25.05,80.33,1.79,25.07
1984-05-30,0.25,29.17,33.94,25.54,76.73,2.03,25.7
1984-05-31,0.24,29.37,33.16,26.02,76.92,1.46,23.1
1984-06-01,0.09,30.75,35.72,26.05,74.64,1.18,26.59
1984-06-02,0.02,29.36,33.13,26.0,75.76,1.86,17.77
1984-06-03,4.4,28.36,32.79,24.94,77.98,2.15,8.45
1984-06-04,12.02,28.46,32.79,25.67,83.38,2.67,8.42
1984-06-05,11.43,27.01,28.82,25.17,88.77,2.85,16.38
1984-06-06,29.03,27.61,31.31,25.03,86.18,3.86,14.27
1984-06-07,24.98,28.02,32.44,24.81,86.01,3.19,14.4
1984-06-08,8.7,27.79,32.01,24.59,83.84,2.17,12.83
1984-06-09,1.27,27.7,32.34,24.24,85.47,2.4,21.57
1984-06-10,0.46,28.26,31.71,24.87,80.76,1.79,20.18
1984-06-11,0.18,29.68,34.38,25.18,78.41,1.55,18.73
1984-06-12,0.54,29.3,33.56,25.7,78.63,1.97,22.39
1984-06-13,0.98,29.02,32.81,25.51,80.61,3.0,17.43
1984-06-14,4.47,28.84,32.69,26.26,80.72,3.98,17.5
1984-06-15,11.5,27.93,31.43,25.54,86.43,4.27,14.78
1984-06-16,13.43,28.57,32.22,26.21,85.1,3.83,10.94
1984-06-17,27.78,28.07,31.26,25.88,88.2,3.66,8.07
1984-06-18,49.37,27.47,29.33,26.2,93.77,3.64,12.67
1984-06-19,43.03,27.81,30.22,26.04,88.65,2.28,14.22
1984-06-20,35.88,27.47,29.59,25.96,92.69,2.22,11.49
1984-06-21,10.11,27.79,30.04,26.06,90.62,1.13,18.22
1984-06-22,0.46,28.17,32.09,25.41,85.44,2.46,19.34
1984-06-23,9.46,28.27,31.93,25.88,87.07,4.1,13.34
1984-06-24,8.08,27.53,30.72,25.68,90.0,4.33,12.4
1984-06-25,5.35,27.4,30.12,25.27,90.52,3.34,12.1
1984-06-26,18.83,27.97,31.73,25.32,87.28,3.23,8.92
1984-06-27,6.16,27.99,32.02,25.26,86.59,2.74,20.69
1984-06-28,6.05,27.49,31.44,25.18,87.55,2.77,16.55
1984-06-29,0.18,27.38,31.45,24.36,85.55,2.94,18.8
1984-06-30,0.17,27.98,32.15,24.86,85.49,2.53,16.89
1984-07-01,0.58,27.81,31.96,25.01,86.93,3.43,18.79
1984-07-02,0.36,27.78,31.27,25.23,87.72,3.26,19.6
1984-07-03,0.25,27.93,31.4,25.41,86.44,3.24,20.77
1984-07-04,0.01,28.01,31.87,25.51,86.47,3.03,23.23
1984-07-05,0.2,27.86,32.3,25.41,86.39,3.37,15.79
1984-07-06,2.46,27.89,31.51,25.4,86.01,3.7,11.85
1984-07-07,1.19,28.1,32.06,25.38,86.45,3.91,9.36
1984-07-08,2.99,28.01,31.54,25.54,85.76,4.07,10.08
1984-07-09,11.92,27.04,29.23,25.34,90.28,3.28,9.39
1984-07-10,12.72,27.57,31.45,25.52,88.14,3.72,7.41
1984-07-11,17.15,27.33,30.61,24.97,87.67,3.58,12.73
1984-07-12,4.79,27.21,30.55,24.77,86.97,2.73,18.08
1984-07-13,0.34,26.77,29.84,24.6,87.61,3.49,16.66
1984-07-14,5.11,26.94,29.75,24.77,91.12,2.72,8.39
1984-07-15,44.98,26.69,29.1,24.41,90.31,2.39,13.11
1984-07-16,64.29,28.0,31.9,24.22,85.08,1.19,18.05
1984-07-17,22.0,27.15,29.97,25.1,90.7,2.12,13.68
1984-07-18,0.45,27.42,31.38,24.8,87.9,2.49,14.43
1984-07-19,0.36,27.57,31.6,24.64,86.33,2.42,15.66
1984-07-20,1.27,27.57,31.29,24.89,86.77,3.42,11.49
1984-07-21,10.43,27.69,30.98,25.48,87.71,3.78,9.55
1984-07-22,7.93,27.49,31.16,25.27,86.28,4.06,3.91
1984-07-23,27.36,27.27,30.58,24.82,88.17,4.02,3.91
1984-07-24,20.33,27.67,31.84,24.89,88.0,3.23,8.24
1984-07-25,3.03,27.39,31.03,24.83,87.05,3.39,10.82
1984-07-26,4.27,26.08,28.59,24.46,91.07,3.15,14.41
1984-07-27,0.39,27.47,31.11,24.8,86.89,3.31,9.9
1984-07-28,0.2,28.07,32.07,25.32,86.55,3.01,10.71
1984-07-29,0.14,27.88,31.18,25.17,86.6,1.74,3.87
1984-07-30,21.41,28.43,31.84,24.87,84.08,0.84,15.56
1984-07-31,3.23,27.66,31.16,25.46,88.67,2.53,18.05
1984-08-01,8.03,26.37,28.81,24.35,89.78,4.16,17.4
1984-08-02,5.22,26.86,30.36,24.27,88.07,3.11,18.26
1984-08-03,4.87,27.48,31.17,24.99,87.88,2.92,19.46
1984-08-04,24.38,27.52,30.74,25.54,90.73,2.23,11.48
1984-08-05,18.75,28.76,31.94,25.3,84.88,0.82,14.21
1984-08-06,24.07,27.88,30.51,25.66,90.2,1.18,25.36
1984-08-07,10.95,27.22,30.05,25.38,91.47,1.91,12.99
1984-08-08,6.94,27.09,30.96,24.6,90.28,2.91,16.51
1984-08-09,4.69,27.4,31.48,24.74,87.62,3.03,16.95
1984-08-10,3.09,27.65,31.49,24.65,87.13,2.32,20.96
1984-08-11,2.69,27.42,30.87,24.89,87.01,1.35,16.63
1984-08-12,0.2,28.41,31.84,24.52,84.23,0.88,22.56
1984-08-13,0.95,28.15,30.88,26.16,89.37,0.88,20.72
1984-08-14,1.1,28.13,30.77,26.29,88.48,1.62,16.08
1984-08-15,0.15,27.74,31.69,25.43,87.97,2.24,16.46
1984-08-16,15.69,26.96,29.75,25.1,89.9,3.54,16.0
1984-08-17,11.24,26.64,29.95,24.38,89.49,3.64,12.54
1984-08-18,8.25,27.4,30.91,24.95,87.64,3.13,9.91
1984-08-19,5.62,27.75,31.7,24.67,87.33,2.41,16.35
1984-08-20,1.04,27.26,30.08,25.11,89.02,1.76,10.74
1984-08-21,0.95,27.14,29.17,25.75,92.03,1.77,16.43
1984-08-22,1.8,27.33,30.42,25.39,90.08,2.37,17.04
1984-08-23,2.24,27.51,30.81,25.2,89.0,2.58,19.83
1984-08-24,3.3,26.64,29.05,24.89,91.69,2.25,13.22
1984-08-25,17.98,27.44,31.47,24.45,89.06,2.57,14.64
1984-08-26,10.6,26.88,30.52,24.4,88.98,3.24,15.88
1984-08-27,2.76,26.37,29.27,24.62,91.42,3.53,16.47
1984-08-28,5.09,26.99,30.77,24.31,88.54,3.26,16.48
1984-08-29,8.9,27.33,31.14,24.69,88.9,3.1,14.96
1984-08-30,0.63,27.57,31.31,24.93,88.32,2.58,15.5
1984-08-31,0.04,27.8,31.57,25.08,86.57,1.83,18.14
1984-09-01,0.08,27.4,31.36,24.39,86.59,1.63,16.99
1984-09-02,35.2,26.65,28.75,25.09,91.74,1.59,9.24
1984-09-03,32.05,26.64,29.96,24.41,91.1,2.11,10.73
1984-09-04,1.5,26.28,29.05,24.6,91.12,3.25,11.94
1984-09-05,15.37,26.64,29.57,24.97,91.22,3.22,7.9
1984-09-06,14.71,26.91,30.0,24.85,90.5,2.4,13.0
1984-09-07,45.09,26.65,29.41,24.73,90.45,1.76,17.56
1984-09-08,26.08,26.83,30.53,24.41,89.52,1.91,19.81
1984-09-09,0.02,25.77,28.11,23.85,91.37,1.88,14.29
1984-09-10,18.84,26.58,30.4,23.22,87.4,1.36,13.82
1984-09-11,26.51,27.02,31.35,23.79,87.09,1.48,16.52
1984-09-12,12.18,26.6,30.15,24.17,88.65,2.58,14.7
1984-09-13,1.32,26.39,30.28,23.01,87.92,1.92,17.63
1984-09-14,0.0,26.11,29.06,23.58,90.19,2.67,10.76
1984-09-15,2.45,25.78,27.57,24.56,94.1,2.8,3.19
1984-09-16,31.11,25.43,27.61,24.0,92.8,1.88,2.45
1984-09-17,35.75,24.94,27.13,23.22,92.42,2.23,6.38
1984-09-18,40.09,24.91,26.9,23.48,94.67,2.03,8.52
1984-09-19,22.06,25.39,28.07,23.44,93.0,1.98,15.05
1984-09-20,3.52,25.64,28.61,23.15,91.32,1.51,20.0
1984-09-21,1.39,26.58,30.59,23.38,88.36,1.37,21.05
1984-09-22,0.16,27.0,31.03,23.16,86.7,1.09,23.65
1984-09-23,0.0,26.96,30.47,23.5,85.53,0.95,21.66
1984-09-24,0.0,27.46,31.6,23.11,79.84,0.85,22.01
1984-09-25,0.0,27.75,31.61,22.88,73.14,0.77,21.63
1984-09-26,0.0,27.26,30.95,23.04,74.99,0.9,20.37
1984-09-27,0.0,26.56,30.59,21.48,74.85,1.08,21.28
1984-09-28,0.0,25.78,30.67,21.28,77.31,1.32,21.83
1984-09-29,0.0,26.01,31.1,20.78,80.73,1.18,22.21
1984-09-30,0.0,26.7,31.49,21.76,80.25,0.96,21.44
1984-10-01,0.0,27.35,31.76,23.25,81.79,0.99,13.53
1984-10-02,0.39,25.59,27.16,23.88,92.48,1.35,7.93
1984-10-03,6.14,26.49,30.41,23.35,90.58,1.68,18.2
1984-10-04,15.92,26.43,29.7,24.02,92.3,1.62,3.43
1984-10-05,7.38,26.65,29.79,24.19,90.49,2.11,5.62
1984-10-06,4.35,26.82,30.37,24.06,88.79,1.38,20.04
1984-10-07,1.08,25.95,28.63,23.62,91.0,1.13,13.34
1984-10-08,0.56,26.58,30.19,23.72,88.45,1.33,9.95
1984-10-09,8.08,26.64,29.7,24.44,89.69,1.75,20.3
1984-10-10,8.31,26.71,29.5,24.27,90.18,0.84,21.2
1984-10-11,0.06,27.17,30.96,23.84,86.28,0.77,21.92
1984-10-12,0.06,26.13,28.95,24.27,90.99,1.13,16.15
1984-10-13,0.57,26.73,30.34,24.05,89.8,2.08,12.9
1984-10-14,5.23,26.33,29.54,23.97,91.73,2.62,13.09
1984-10-15,6.02,26.48,30.36,23.68,89.73,1.56,17.44
1984-10-16,0.46,26.41,30.33,23.25,88.29,1.27,13.1
1984-10-17,0.91,26.44,30.29,23.65,87.45,1.6,14.08
1984-10-18,0.16,26.42,30.48,23.05,86.29,1.23,16.62
1984-10-19,0.0,26.21,30.45,22.52,85.79,0.97,13.49
1984-10-20,0.0,26.07,30.33,23.09,88.95,1.8,11.99
1984-10-21,13.78,25.91,29.48,23.23,90.14,2.23,16.77
1984-10-22,8.97,25.76,29.46,22.74,87.38,1.28,15.47
1984-10-23,6.1,25.68,29.55,21.47,82.05,0.61,18.21
1984-10-24,2.72,24.85,29.53,21.1,80.79,1.0,20.3
1984-10-25,0.0,23.8,28.5,18.48,77.61,1.17,20.3
1984-10-26,0.0,23.5,28.9,18.48,79.33,1.08,19.08
1984-10-27,0.0,23.36,28.7,17.95,81.07,1.21,19.66
1984-10-28,0.0,24.42,29.3,18.94,74.88,0.77,19.88
1984-10-29,0.0,24.39,29.69,19.46,75.1,0.88,19.07
1984-10-30,0.0,24.17,29.27,19.69,77.18,0.98,17.46
1984-10-31,0.0,23.39,28.62,18.76,79.02,1.32,19.13
1984-11-01,0.0,23.25,28.49,18.38,70.74,1.34,20.08
1984-11-02,0.0,23.01,28.76,17.58,73.63,1.13,20.07
1984-11-03,0.0,23.2,28.11,18.01,76.49,1.0,19.67
1984-11-04,0.0,23.51,28.38,18.93,74.8,0.83,19.85
1984-11-05,0.0,22.7,27.62,17.65,72.05,0.62,19.69
1984-11-06,0.0,22.53,27.68,17.95,73.66,0.89,19.46
1984-11-07,0.0,22.99,28.79,17.7,81.32,0.99,19.52
1984-11-08,0.0,22.73,28.51,18.39,80.96,1.07,19.35
1984-11-09,0.0,22.07,27.21,17.34,73.9,1.09,18.85
1984-11-10,0.0,22.16,27.15,17.98,69.23,1.05,19.28
1984-11-11,0.0,20.19,26.53,14.15,71.13,1.24,18.8
1984-11-12,0.0,19.77,26.13,13.43,70.0,1.46,18.69
1984-11-13,0.0,19.59,26.43,13.83,74.34,1.43,17.96
1984-11-14,0.0,19.61,25.76,13.49,74.24,1.19,18.8
1984-11-15,0.0,20.5,25.77,15.59,69.53,0.68,19.23
1984-11-16,0.0,19.98,26.08,13.67,74.02,1.02,18.85
1984-11-17,0.0,20.63,26.9,15.13,74.38,1.19,18.92
1984-11-18,0.0,21.49,26.51,15.93,67.63,0.56,18.53
1984-11-19,0.0,21.11,26.37,14.94,68.51,0.77,18.52
1984-11-20,0.0,21.07,26.41,15.49,69.83,0.72,18.45
1984-11-21,0.0,20.51,25.98,14.46,69.74,0.7,18.37
1984-11-22,0.0,20.55,26.03,14.96,68.57,0.64,18.34
1984-11-23,0.0,20.53,26.3,15.32,68.79,0.65,18.09
1984-11-24,0.0,20.57,26.97,14.73,68.38,1.08,17.51
1984-11-25,0.0,20.38,26.32,14.18,68.19,1.12,16.24
1984-11-26,0.01,20.75,26.96,13.52,65.3,0.77,17.83
1984-11-27,0.0,20.12,26.22,13.84,65.94,0.95,17.03
1984-11-28,0.0,19.84,26.19,13.19,67.96,0.93,17.4
1984-11-29,0.0,21.13,27.37,14.91,66.14,0.75,17.39
1984-11-30,0.0,20.71,27.55,13.76,67.11,1.09,17.35
1984-12-01,0.0,21.74,29.27,14.16,64.91,0.83,17.28
1984-12-02,0.0,21.93,28.31,15.59,62.84,1.11,14.8
1984-12-03,0.0,21.15,26.94,15.25,60.5,1.05,17.25
1984-12-04,0.0,20.17,26.24,14.25,61.78,1.01,17.07
1984-12-05,0.0,19.78,26.66,13.7,66.69,1.01,17.21
1984-12-06,0.0,19.7,25.71,14.03,63.32,0.85,17.22
1984-12-07,0.0,18.42,25.48,11.83,69.42,1.09,16.85
1984-12-08,0.0,19.19,25.16,11.83,63.41,0.76,16.31
1984-12-09,0.0,19.7,25.33,13.16,60.24,0.8,16.23
1984-12-10,0.0,18.45,25.39,11.91,63.71,1.12,16.46
1984-12-11,0.0,17.96,25.62,11.09,64.89,1.44,16.2
1984-12-12,0.0,17.6,25.52,11.08,71.56,1.73,14.63
1984-12-13,0.0,19.31,27.1,13.41,78.61,1.81,15.85
1984-12-14,0.01,20.93,27.15,15.81,85.59,3.4,12.7
1984-12-15,2.31,20.75,25.59,15.53,68.06,1.16,16.32
1984-12-16,0.24,18.25,24.18,11.61,53.69,1.0,16.17
1984-12-17,0.07,17.4,23.95,10.19,48.35,1.01,16.28
1984-12-18,0.0,16.45,24.26,8.5,51.42,1.1,16.43
1984-12-19,0.0,15.84,23.79,7.77,50.81,1.12,16.67
1984-12-20,0.0,14.42,22.67,7.02,51.75,1.25,16.79
1984-12-21,0.0,14.95,23.29,6.96,55.77,1.35,16.81
1984-12-22,0.0,16.03,24.0,8.54,50.93,1.29,16.84
1984-12-23,0.0,17.73,25.78,10.09,51.11,1.08,16.54
1984-12-24,0.0,18.4,25.52,12.4,49.91,0.81,16.18
1984-12-25,0.0,18.38,25.37,11.78,53.9,0.8,12.47
1984-12-26,0.0,17.84,25.97,10.64,59.81,1.28,13.83
1984-12-27,0.0,18.76,25.41,13.01,53.3,1.03,13.94
1984-12-28,0.0,18.88,26.15,12.78,49.16,1.34,16.26
1984-12-29,0.0,18.15,25.86,11.49,43.57,1.28,17.86
1984-12-30,0.0,17.92,25.93,9.97,42.68,1.33,17.27
1984-12-31,0.0,17.74,26.13,10.5,47.23,1.49,17.42
1985-01-01,0.04,18.72,26.8,11.42,51.93,1.35,7.68
1985-01-02,3.32,17.53,24.18,13.06,71.01,1.21,7.9
1985-01-03,1.69,19.04,25.87,12.86,67.34,0.96,17.46
1985-01-04,0.65,18.59,26.35,13.04,64.13,1.32,17.76
1985-01-05,0.0,18.26,26.46,11.61,62.54,1.48,18.27
1985-01-06,0.0,18.91,26.11,12.07,58.62,1.13,16.86
1985-01-07,0.0,20.16,27.21,12.64,63.29,1.11,12.7
1985-01-08,0.0,20.4,27.11,14.74,59.65,1.15,16.9
1985-01-09,0.0,20.17,27.69,14.5,55.73,1.25,15.22
1985-01-10,0.0,19.48,25.86,13.61,52.25,1.29,18.05
1985-01-11,0.0,19.05,25.94,12.08,44.28,1.06,17.38
1985-01-12,0.0,18.12,25.93,12.2,46.19,1.15,17.54
1985-01-13,0.0,18.16,26.29,10.39,41.75,1.29,15.97
1985-01-14,0.0,19.03,26.81,12.13,39.94,1.44,15.87
1985-01-15,0.0,18.69,26.86,11.59,44.51,1.4,17.06
1985-01-16,0.74,18.47,26.18,11.64,53.27,1.31,13.19
1985-01-17,0.0,17.84,26.16,11.49,55.1,1.59,16.48
1985-01-18,0.0,18.02,25.82,11.76,46.11,1.2,16.69
1985-01-19,0.0,18.65,26.64,12.11,44.99,0.95,18.73
1985-01-20,0.0,18.05,27.11,10.81,51.58,1.32,19.14
1985-01-21,0.0,19.4,27.77,12.27,49.04,0.85,19.3
1985-01-22,0.0,20.12,28.6,11.99,46.26,1.27,19.54
1985-01-23,0.0,19.88,28.44,14.21,50.6,1.46,20.69
1985-01-24,0.0,19.48,27.69,12.38,48.0,1.39,17.66
1985-01-25,0.0,19.11,27.68,11.37,47.43,1.39,17.93
1985-01-26,0.0,19.65,29.23,11.52,43.29,1.12,18.13
1985-01-27,0.0,19.64,28.29,10.73,43.17,1.28,18.88
1985-01-28,0.0,20.92,30.11,11.37,54.54,1.12,17.63
1985-01-29,0.0,22.04,30.47,13.28,45.41,0.94,18.5
1985-01-30,0.0,22.31,30.43,15.29,50.33,1.17,19.13
1985-01-31,0.0,23.36,31.93,14.54,50.09,1.13,19.68
1985-02-01,0.06,22.1,30.66,14.83,46.46,1.45,11.18
1985-02-02,0.96,18.93,25.82,14.69,60.73,1.08,19.64
1985-02-03,0.01,20.78,28.76,12.96,51.94,1.2,19.9
1985-02-04,0.0,20.25,28.61,11.92,48.5,1.45,16.56
1985-02-05,0.0,20.84,29.16,12.81,53.48,1.94,19.54
1985-02-06,0.28,21.65,29.5,15.63,70.72,2.66,15.51
1985-02-07,0.0,21.34,29.32,14.15,41.29,1.59,19.77
1985-02-08,0.01,19.94,28.46,13.1,31.49,1.42,20.46
1985-02-09,0.0,19.31,28.8,10.12,43.83,1.54,20.19
1985-02-10,0.0,19.61,28.86,9.78,42.4,1.43,19.94
1985-02-11,0.0,19.44,29.15,11.18,52.36,1.4,19.86
1985-02-12,0.0,19.31,29.59,10.41,34.3,1.48,20.6
1985-02-13,0.0,20.07,30.36,9.98,30.67,1.62,20.71
1985-02-14,0.0,21.64,31.87,12.1,28.92,1.21,17.79
1985-02-15,0.3,21.19,30.21,12.78,38.58,1.38,7.48
1985-02-16,0.44,22.05,28.87,15.36,57.15,1.06,18.62
1985-02-17,0.12,21.42,29.73,15.15,45.75,1.3,21.04
1985-02-18,0.0,21.53,30.01,12.97,28.96,1.19,21.76
1985-02-19,0.0,21.44,30.33,11.47,26.74,1.31,20.88
1985-02-20,0.0,21.34,31.87,11.4,46.59,1.39,21.95
1985-02-21,0.0,22.54,32.75,12.98,55.76,1.71,20.47
1985-02-22,0.0,22.8,32.67,16.02,50.3,1.46,20.97
1985-02-23,0.0,22.63,31.78,13.85,24.47,1.29,21.53
1985-02-24,0.0,21.58,32.03,12.18,39.05,1.61,21.75
1985-02-25,0.0,21.53,31.82,12.57,59.93,2.33,20.44
1985-02-26,0.0,23.46,32.83,15.6,66.99,3.34,19.35
1985-02-27,0.0,23.66,32.64,17.02,66.19,2.82,18.47
1985-02-28,0.0,23.21,31.53,16.81,63.81,2.81,18.02
1985-03-01,2.95,23.06,31.52,16.48,69.01,2.8,20.72
1985-03-02,0.01,24.27,33.04,17.16,66.22,2.92,19.69
1985-03-03,0.69,25.09,33.63,19.08,67.56,3.42,16.66
1985-03-04,0.0,25.56,34.27,19.65,65.67,2.69,21.15
1985-03-05,0.0,25.5,34.68,17.89,62.57,2.02,22.05
1985-03-06,0.0,26.15,34.97,19.21,65.75,3.25,20.77
1985-03-07,0.04,27.1,35.7,21.29,68.02,4.53,22.67
1985-03-08,0.12,27.36,36.01,21.9,66.26,4.27,22.52
1985-03-09,0.0,27.49,36.2,21.36,64.77,3.23,23.15
1985-03-10,0.0,27.27,37.13,20.76,58.0,3.11,25.09
1985-03-11,0.0,27.2,38.17,18.85,52.59,2.19,25.16
1985-03-12,0.0,26.46,37.35,17.57,52.82,2.42,25.52
1985-03-13,0.0,27.75,38.33,20.15,60.33,3.33,22.01
1985-03-14,0.0,28.53,38.18,21.72,63.26,3.4,23.31
1985-03-15,0.0,28.49,38.04,22.16,64.58,4.02,23.43
1985-03-16,0.0,28.47,37.39,22.72,63.82,3.75,23.05
1985-03-17,0.0,28.54,37.74,22.58,62.55,4.26,22.77
1985-03-18,0.25,28.5,36.97,22.95,65.53,4.55,18.74
1985-03-19,0.74,28.46,36.74,23.58,66.15,4.33,21.28
1985-03-20,1.49,28.24,35.02,23.54,67.61,4.07,19.61
1985-03-21,0.41,28.6,36.83,22.4,59.71,2.64,22.59
1985-03-22,0.02,28.41,37.22,20.82,55.13,1.99,21.49
1985-03-23,0.0,27.87,36.79,20.55,59.7,3.29,22.08
1985-03-24,6.42,27.39,34.9,22.87,68.81,3.72,21.35
1985-03-25,13.87,25.63,31.73,22.2,76.3,2.92,23.01
1985-03-26,13.78,25.75,31.71,21.55,75.38,2.01,24.13
1985-03-27,0.85,27.58,35.69,20.63,62.89,1.99,22.38
1985-03-28,1.44,27.84,36.26,20.93,67.39,3.49,18.15
1985-03-29,0.66,28.25,35.39,23.22,69.76,3.97,16.81
1985-03-30,1.44,28.3,35.25,23.49,67.86,3.49,24.18
1985-03-31,0.55,28.07,35.94,22.79,68.78,3.07,23.45
1985-04-01,0.06,27.84,34.33,23.27,69.76,2.55,25.39
1985-04-02,0.01,28.34,34.51,23.16,63.33,2.02,18.54
1985-04-03,1.6,27.69,34.2,22.65,67.27,1.88,21.2
1985-04-04,0.01,29.48,37.82,23.05,60.7,2.12,23.59
1985-04-05,0.0,29.76,37.47,22.87,56.0,1.99,24.4
1985-04-06,0.0,28.57,34.19,23.31,60.18,1.84,21.73
1985-04-07,0.09,29.93,37.8,24.28,51.44,2.33,23.33
1985-04-08,3.88,29.64,36.59,24.34,59.41,3.88,25.07
1985-04-09,2.83,30.2,37.44,24.73,64.62,4.94,23.08
1985-04-10,8.4,29.68,36.45,25.03,71.58,4.78,23.11
1985-04-11,9.25,29.63,36.38,25.39,72.62,4.35,22.82
1985-04-12,1.45,30.44,38.12,25.2,65.55,4.03,23.51
1985-04-13,0.21,30.06,38.01,24.55,62.89,4.46,24.33
1985-04-14,0.0,29.93,37.9,24.27,64.73,4.9,24.1
1985-04-15,0.02,30.4,37.64,25.18,63.3,3.88,20.53
1985-04-16,12.42,29.11,35.11,24.2,69.39,2.85,20.93
1985-04-17,6.86,28.6,34.54,23.92,70.85,3.12,22.87
1985-04-18,6.03,29.3,35.93,23.93,65.53,2.34,20.91
1985-04-19,10.26,28.62,35.49,23.54,70.04,2.56,20.9
1985-04-20,0.31,29.87,37.12,23.7,63.52,2.2,22.91
1985-04-21,29.64,28.39,34.31,23.91,73.55,2.19,16.5
1985-04-22,0.04,29.24,36.46,23.78,67.3,3.06,20.71
1985-04-23,2.62,29.44,36.05,24.32,68.43,4.38,17.22
1985-04-24,3.33,29.04,35.31,24.76,71.85,4.6,24.82
1985-04-25,0.0,28.64,33.51,25.21,70.2,3.95,17.19
1985-04-26,0.0,29.4,35.62,25.08,69.24,3.7,22.5
1985-04-27,1.42,29.51,37.0,24.68,68.62,3.25,21.68
1985-04-28,4.27,27.67,32.61,24.01,70.92,2.05,10.83
1985-04-29,9.79,26.15,31.03,21.74,73.06,1.28,24.3
1985-04-30,0.35,26.86,32.0,22.48,65.88,1.58,14.0
1985-05-01,0.55,28.17,34.95,21.6,63.76,2.19,25.73
1985-05-02,0.56,29.23,36.0,23.48,66.85,3.25,9.93
1985-05-03,0.15,29.59,36.97,24.5,65.93,3.26,26.34
1985-05-04,1.67,29.83,37.22,23.97,66.92,3.43,24.44
1985-05-05,0.06,29.19,36.52,24.13,65.44,3.35,12.19
1985-05-06,10.93,27.55,34.05,22.34,71.52,2.23,11.44
1985-05-07,0.05,28.55,35.72,21.69,59.62,0.93,26.42
1985-05-08,0.02,30.8,38.97,23.42,50.13,1.13,18.66
1985-05-09,0.5,30.68,38.4,23.49,56.73,1.37,24.9
1985-05-10,0.24,30.41,38.46,23.44,55.11,2.23,25.51
1985-05-11,0.11,30.35,37.91,23.83,58.96,2.6,24.47
1985-05-12,0.98,30.37,36.96,24.15,60.59,2.42,18.47
1985-05-13,26.35,29.17,33.65,25.45,69.31,1.83,17.29
1985-05-14,4.43,29.4,35.85,23.84,68.4,2.63,22.43
1985-05-15,2.41,29.41,34.59,25.37,71.84,2.89,13.2
1985-05-16,4.51,29.77,35.41,24.66,69.52,2.0,25.36
1985-05-17,4.21,29.91,35.14,25.54,71.07,1.4,24.54
1985-05-18,0.0,30.33,36.05,25.12,64.35,1.88,25.83
1985-05-19,0.05,31.19,38.39,25.17,60.67,2.05,24.88
1985-05-20,0.26,31.51,38.78,24.87,60.42,1.72,23.01
1985-05-21,1.2,29.48,34.29,26.23,69.12,2.57,23.44
1985-05-22,0.08,29.9,35.35,25.37,61.94,2.0,22.36
1985-05-23,0.39,29.37,34.31,25.74,59.91,1.66,14.02
1985-05-24,0.3,29.16,33.35,24.98,66.51,3.36,16.95
1985-05-25,24.75,27.54,30.75,25.41,83.17,3.94,6.05
1985-05-26,35.52,27.62,30.75,25.09,83.27,4.18,9.63
1985-05-27,51.65,27.15,30.44,24.73,86.67,3.13,19.94
1985-05-28,21.96,27.93,31.9,25.06,86.36,3.69,20.91
1985-05-29,8.54,28.15,32.3,25.03,84.98,3.16,22.03
1985-05-30,1.34,28.3,32.71,24.89,83.6,3.55,22.9
1985-05-31,0.08,28.5,32.62,25.45,81.44,3.92,23.44
1985-06-01,1.43,28.59,32.81,25.28,82.93,3.59,16.27
1985-06-02,23.07,27.82,31.12,25.79,85.63,3.42,19.39
1985-06-03,50.78,27.95,31.11,25.85,89.3,3.63,17.37
1985-06-04,15.07,27.41,29.49,25.75,91.44,2.94,15.71
1985-06-05,19.59,27.43,30.3,25.2,89.72,2.34,10.9
1985-06-06,18.0,27.3,30.0,25.02,91.94,2.18,10.89
1985-06-07,3.02,27.83,30.81,25.8,88.77,2.39,13.05
1985-06-08,1.19,27.57,30.22,25.57,89.41,3.01,24.18
1985-06-09,0.81,27.8,31.56,25.45,85.97,3.36,8.19
1985-06-10,9.04,27.17,30.37,25.02,87.2,2.25,12.63
1985-06-11,15.89,28.02,32.09,24.23,82.71,1.22,25.51
1985-06-12,1.64,28.49,32.96,24.79,81.36,1.63,24.01
1985-06-13,3.83,27.99,32.06,24.79,83.96,2.38,19.43
1985-06-14,3.18,27.97,32.42,24.6,83.97,3.11,18.54
1985-06-15,13.57,27.34,30.36,25.03,87.72,4.54,13.42
1985-06-16,17.66,27.73,29.92,26.34,91.36,4.22,6.63
1985-06-17,35.94,27.69,29.89,26.16,92.61,3.24,8.18
1985-06-18,11.67,28.21,31.6,26.08,89.71,3.96,9.14
1985-06-19,11.48,28.14,32.29,25.25,84.81,2.41,12.76
1985-06-20,5.26,27.93,32.48,24.4,85.3,1.84,20.89
1985-06-21,8.98,28.25,32.61,24.01,83.08,1.11,20.69
1985-06-22,2.93,28.85,33.7,25.1,81.97,1.37,24.98
1985-06-23,3.81,28.89,32.96,25.67,84.57,1.3,19.92
1985-06-24,24.88,28.56,32.86,25.96,87.78,2.26,19.67
1985-06-25,21.24,28.01,31.27,26.07,88.79,3.37,17.82
1985-06-26,6.71,27.9,31.15,25.88,88.81,3.33,24.65
1985-06-27,4.96,27.59,30.34,25.44,89.91,3.73,22.36
1985-06-28,1.06,28.33,31.95,25.51,86.72,4.03,19.54
1985-06-29,6.51,28.53,32.56,25.59,86.99,2.52,20.71
1985-06-30,16.77,27.7,29.87,25.98,92.13,4.0,21.6
1985-07-01,13.52,27.38,30.54,24.7,91.01,3.25,18.76
1985-07-02,11.07,27.61,32.24,24.64,89.73,2.75,23.65
1985-07-03,1.38,27.91,31.83,25.38,87.77,2.95,19.68
1985-07-04,0.4,28.18,31.53,25.69,86.09,3.52,21.24
1985-07-05,0.47,27.75,31.45,25.21,85.32,3.42,15.88
1985-07-06,2.55,27.59,31.52,24.88,86.6,3.76,10.75
1985-07-07,14.0,27.2,29.86,25.48,92.32,3.89,9.53
1985-07-08,11.63,26.87,29.09,25.49,93.37,3.07,7.35
1985-07-09,29.48,27.36,30.34,25.19,90.65,2.92,9.43
1985-07-10,30.87,27.05,30.58,25.13,89.2,3.2,18.21
1985-07-11,6.28,27.0,30.54,24.56,88.49,2.98,20.74
1985-07-12,2.64,26.76,30.52,24.85,90.43,2.79,16.54
1985-07-13,0.7,26.6,29.35,24.67,89.46,2.33,22.63
1985-07-14,2.47,26.95,30.11,24.74,88.94,2.68,17.54
1985-07-15,3.61,26.19,29.12,24.06,91.31,2.78,15.32
1985-07-16,0.38,26.7,29.77,24.7,88.34,3.18,18.18
1985-07-17,3.34,26.7,29.97,24.2,89.08,2.98,19.01
1985-07-18,3.86,26.98,30.78,24.0,87.19,2.87,19.97
1985-07-19,2.05,27.28,30.84,24.53,87.39,2.78,21.8
1985-07-20,2.61,26.9,29.9,24.83,89.54,2.61,22.09
1985-07-21,2.18,26.77,30.16,24.49,88.1,3.08,16.66
1985-07-22,9.71,26.88,30.18,24.59,88.21,2.95,21.37
1985-07-23,9.0,27.19,30.81,24.57,88.19,2.79,14.36
1985-07-24,11.11,26.78,30.07,24.68,89.0,3.19,10.82
1985-07-25,6.83,26.36,30.31,23.65,87.87,3.07,15.35
1985-07-26,6.18,26.21,30.05,23.09,87.74,2.53,18.21
1985-07-27,4.06,26.57,29.89,23.82,89.06,3.07,14.22
1985-07-28,3.45,27.54,31.39,24.75,86.86,2.65,15.87
1985-07-29,1.58,27.77,31.92,24.16,86.67,1.78,23.65
1985-07-30,1.89,27.04,29.12,24.66,87.66,1.05,20.86
1985-07-31,0.97,28.02,31.29,24.96,85.54,1.37,25.17
1985-08-01,3.81,27.48,31.32,24.4,86.64,3.06,19.24
1985-08-02,7.01,27.39,31.07,24.82,88.58,3.02,17.42
1985-08-03,2.14,27.3,30.74,24.88,89.84,2.16,18.68
1985-08-04,1.51,27.43,30.67,25.0,88.03,1.71,23.6
1985-08-05,9.6,27.4,31.23,24.92,88.49,2.35,23.84
1985-08-06,1.22,27.01,30.32,25.03,89.29,3.46,22.33
1985-08-07,6.02,27.0,30.81,24.67,87.93,4.01,13.4
1985-08-08,8.79,26.83,29.24,24.94,91.85,3.27,16.46
1985-08-09,8.36,27.67,31.28,24.95,87.42,2.15,21.76
1985-08-10,5.16,28.35,32.57,24.45,85.96,1.44,23.56
1985-08-11,1.43,27.89,31.0,25.4,87.06,1.7,23.54
1985-08-12,4.1,27.38,31.02,24.94,88.96,1.61,16.07
1985-08-13,2.64,28.03,32.25,24.74,86.78,1.6,25.96
1985-08-14,10.28,27.77,31.69,24.92,86.89,2.69,24.14
1985-08-15,1.83,27.82,31.58,25.23,88.24,2.69,17.91
1985-08-16,0.18,28.01,31.78,25.67,88.09,2.11,23.41
1985-08-17,4.21,27.76,31.7,25.3,88.24,2.53,18.14
1985-08-18,4.59,27.67,31.45,25.38,88.23,3.11,19.53
1985-08-19,0.54,27.83,31.8,25.1,87.3,3.26,16.34
1985-08-20,2.64,28.11,31.83,25.64,87.94,3.13,16.83
1985-08-21,4.6,27.56,31.04,25.29,88.16,3.42,15.59
1985-08-22,26.27,27.47,31.1,25.06,88.41,3.42,17.57
1985-08-23,17.46,27.67,31.49,25.13,87.58,3.42,15.45
1985-08-24,1.82,28.11,32.19,25.2,87.42,3.15,18.94
1985-08-25,33.41,27.56,29.39,26.2,92.79,2.41,20.87
1985-08-26,17.03,27.49,31.0,25.34,89.27,3.28,18.33
1985-08-27,6.29,27.37,30.99,24.81,87.96,2.76,23.66
1985-08-28,0.49,27.47,31.74,24.48,87.76,2.0,17.9
1985-08-29,1.92,27.34,31.01,24.93,87.57,2.56,21.07
1985-08-30,0.27,27.19,31.05,24.65,87.71,2.66,17.67
1985-08-31,0.01,27.31,31.16,24.64,86.9,2.7,23.75
1985-09-01,0.26,27.04,30.76,24.64,87.61,2.8,14.81
1985-09-02,0.26,27.38,31.25,24.74,87.88,2.58,17.55
1985-09-03,5.12,27.41,30.97,25.27,86.82,3.81,13.8
1985-09-04,9.19,26.78,30.56,24.28,87.28,3.51,18.19
1985-09-05,2.26,27.33,31.43,24.48,87.84,3.14,20.61
1985-09-06,0.39,27.97,32.06,25.25,88.23,2.87,21.87
1985-09-07,0.16,27.31,30.26,25.1,88.9,2.89,20.09
1985-09-08,0.08,27.6,31.59,24.45,87.21,1.98,20.82
1985-09-09,1.1,27.69,32.08,24.96,86.4,2.15,22.03
1985-09-10,4.81,26.38,28.43,24.49,91.64,1.96,12.63
1985-09-11,5.75,25.85,28.74,23.72,89.94,1.84,20.89
1985-09-12,1.24,27.16,31.7,23.86,87.05,1.82,18.52
1985-09-13,1.67,26.07,28.49,24.58,91.38,1.96,20.77
1985-09-14,20.37,26.69,30.72,24.25,88.65,3.02,18.6
1985-09-15,6.21,26.38,29.88,24.03,88.9,3.06,14.16
1985-09-16,0.82,27.17,31.45,23.68,83.73,1.36,23.79
1985-09-17,1.53,27.91,32.23,23.54,80.21,0.61,18.47
1985-09-18,0.02,28.31,32.85,24.06,80.03,1.07,23.38
1985-09-19,0.01,28.03,31.88,24.55,81.93,1.09,22.99
1985-09-20,5.82,26.46,29.38,24.62,90.91,1.32,12.62
1985-09-21,2.73,26.45,29.86,24.27,89.67,1.97,21.42
1985-09-22,6.22,26.64,29.99,23.83,88.46,1.69,8.75
1985-09-23,9.08,26.45,29.12,23.94,87.31,0.95,6.79
1985-09-24,27.82,26.58,29.25,24.03,83.82,0.69,16.35
1985-09-25,14.58,26.44,29.99,23.86,88.2,1.6,15.18
1985-09-26,1.6,26.65,30.82,23.18,87.96,2.26,12.4
1985-09-27,4.37,26.89,30.48,24.3,87.85,2.3,15.09
1985-09-28,11.19,26.84,30.5,23.97,88.0,1.34,19.62
1985-09-29,2.54,26.38,30.02,23.57,87.49,1.16,20.67
1985-09-30,0.65,26.54,30.0,23.99,87.66,1.11,15.69
1985-10-01,1.83,27.08,30.57,23.08,79.54,0.7,20.29
1985-10-02,3.69,27.54,31.8,23.01,79.12,0.64,21.17
1985-10-03,0.0,27.96,31.91,23.81,78.74,0.79,20.75
1985-10-04,0.0,28.36,32.9,23.47,74.83,0.95,21.64
1985-10-05,0.0,27.62,32.25,23.46,76.09,0.77,20.14
1985-10-06,0.0,28.19,32.77,23.31,69.87,0.49,20.74
1985-10-07,0.0,27.37,32.4,22.95,64.89,0.82,22.46
1985-10-08,0.0,27.44,32.79,20.97,61.65,0.74,22.18
1985-10-09,0.0,27.6,32.86,21.18,62.53,0.83,23.06
1985-10-10,0.0,27.71,33.75,22.23,67.51,0.89,23.13
1985-10-11,0.22,27.96,33.13,22.96,75.21,0.98,20.52
1985-10-12,3.0,28.68,33.24,24.2,77.88,0.78,20.26
1985-10-13,0.22,28.88,33.92,24.12,74.79,1.25,22.76
1985-10-14,0.01,28.46,33.8,24.91,78.59,1.16,18.38
1985-10-15,1.11,27.21,30.37,25.01,84.14,0.93,17.98
1985-10-16,3.77,27.04,31.21,24.05,84.93,2.48,16.45
1985-10-17,11.21,26.85,30.53,24.64,89.12,2.52,16.56
1985-10-18,5.6,26.72,30.32,24.07,82.82,1.0,15.46
1985-10-19,5.23,24.89,29.06,20.26,71.82,0.9,19.47
1985-10-20,0.16,24.17,29.66,18.54,69.38,0.73,12.42
1985-10-21,0.0,25.78,30.86,21.04,62.5,0.77,20.76
1985-10-22,4.87,25.24,30.76,19.65,71.68,1.13,21.15
1985-10-23,0.0,25.51,31.11,21.28,70.31,0.7,20.18
1985-10-24,0.0,23.92,30.35,18.11,69.32,0.94,20.2
1985-10-25,0.01,24.3,31.22,18.01,66.03,0.85,20.26
1985-10-26,0.0,24.14,31.15,17.99,72.15,1.16,20.5
1985-10-27,0.0,24.89,31.28,19.35,66.64,0.86,20.22
1985-10-28,0.0,24.2,29.81,18.77,60.56,0.87,20.09
1985-10-29,0.0,24.73,30.35,18.0,56.6,0.56,18.93
1985-10-30,0.0,23.98,30.35,18.06,62.68,1.14,19.49
1985-10-31,0.0,23.98,30.95,18.32,64.36,0.91,18.96
1985-11-01,0.0,22.7,29.62,16.85,64.37,1.25,19.68
1985-11-02,0.0,23.62,30.6,15.7,56.38,0.79,20.02
1985-11-03,0.0,24.23,31.15,17.08,54.33,0.72,20.15
1985-11-04,0.0,24.81,31.39,18.26,55.33,0.57,19.13
1985-11-05,0.0,24.24,31.19,17.19,56.77,1.22,18.53
1985-11-06,0.0,24.09,30.72,17.08,54.97,0.94,20.0
1985-11-07,0.06,23.81,30.53,17.96,59.56,1.07,19.1
1985-11-08,0.0,22.38,29.79,15.8,61.04,1.36,19.27
1985-11-09,0.0,22.41,30.19,15.92,58.0,1.45,18.99
1985-11-10,0.0,22.19,30.51,14.84,55.57,1.14,18.56
1985-11-11,0.0,22.73,30.6,15.36,54.39,1.13,18.78
1985-11-12,0.0,22.05,30.72,15.07,54.99,1.44,18.28
1985-11-13,0.0,22.51,31.83,14.02,51.07,1.12,18.12
1985-11-14,0.0,23.02,31.16,15.49,50.8,1.01,16.73
1985-11-15,0.0,24.11,32.22,16.64,52.6,1.02,19.26
1985-11-16,0.0,24.79,33.39,16.67,53.72,1.17,19.53
1985-11-17,0.0,25.56,32.33,19.89,61.29,1.11,14.28
1985-11-18,0.6,25.14,29.86,21.75,76.37,0.81,17.3
1985-11-19,15.08,21.6,24.55,18.94,84.09,1.74,9.69
1985-11-20,3.96,21.89,27.69,17.3,69.13,1.31,17.31
1985-11-21,0.35,21.25,27.95,15.69,60.11,1.06,18.27
1985-11-22,0.0,20.55,28.08,14.86,55.06,1.06,17.92
1985-11-23,0.0,20.76,28.35,12.49,52.17,1.08,17.92
1985-11-24,0.0,21.08,28.62,12.72,48.36,0.81,18.07
1985-11-25,0.0,20.68,28.45,13.07,54.6,0.92,17.99
1985-11-26,0.0,21.32,28.49,14.59,54.97,0.91,18.05
1985-11-27,0.0,20.96,28.79,14.31,57.46,1.11,17.8
1985-11-28,0.0,20.37,28.73,13.53,60.3,1.33,17.77
1985-11-29,0.0,20.39,29.26,13.54,58.19,1.04,18.03
1985-11-30,0.0,21.13,29.51,13.88,51.33,0.97,17.92
1985-12-01,0.0,20.69,28.67,14.28,51.83,1.18,17.34
1985-12-02,0.0,21.1,28.44,14.5,52.38,1.09,17.27
1985-12-03,0.0,20.85,28.37,14.55,49.57,1.08,16.93
1985-12-04,0.0,20.9,27.98,14.34,50.51,0.87,16.6
1985-12-05,0.0,20.29,27.52,12.56,47.82,0.77,16.82
1985-12-06,0.0,19.85,27.88,11.71,49.26,0.88,16.44
1985-12-07,0.0,19.74,28.39,12.66,53.3,1.02,17.24
1985-12-08,0.0,20.13,27.85,12.07,52.96,0.75,15.87
1985-12-09,0.0,19.98,27.39,12.46,49.37,1.24,15.44
1985-12-10,0.0,19.91,27.93,14.1,47.96,1.27,16.38
1985-12-11,0.0,18.97,27.44,10.91,47.78,1.29,17.07
1985-12-12,0.0,19.54,28.39,11.16,43.52,1.09,17.06
1985-12-13,0.0,19.18,28.17,11.98,46.97,1.2,16.66
1985-12-14,0.0,19.67,28.36,13.42,49.87,1.32,16.78
1985-12-15,0.0,20.97,28.01,13.52,49.52,1.11,16.53
1985-12-16,0.0,21.17,29.12,14.32,56.96,1.08,15.86
1985-12-17,0.0,21.34,29.37,14.9,73.27,1.22,15.77
1985-12-18,0.0,21.96,28.56,16.06,67.27,1.46,14.82
1985-12-19,0.0,22.39,29.95,16.42,54.43,1.44,15.74
1985-12-20,0.0,20.35,29.39,12.99,51.58,1.31,15.71
1985-12-21,0.0,19.22,29.28,11.3,50.02,1.13,16.77
1985-12-22,0.0,20.88,30.26,12.7,54.79,1.19,16.96
1985-12-23,0.0,21.85,30.5,14.08,48.27,0.9,16.42
1985-12-24,0.0,21.06,29.21,13.54,46.69,0.78,16.13
1985-12-25,0.0,20.81,28.39,13.69,49.08,0.81,16.07
1985-12-26,0.0,19.87,28.07,12.65,53.21,1.18,16.25
1985-12-27,0.0,21.12,29.02,13.5,49.24,0.93,16.37
1985-12-28,0.86,22.12,29.04,14.99,65.57,1.62,9.94
1985-12-29,4.71,18.26,25.65,12.12,61.22,1.65,10.62
1985-12-30,1.46,17.73,24.58,12.31,45.13,1.27,15.21
1985-12-31,0.0,17.75,25.63,12.42,47.4,1.25,15.03
1986-01-01,0.0,17.33,25.74,11.08,53.97,1.13,15.32
1986-01-02,0.0,18.45,26.4,13.01,52.68,0.89,16.05
1986-01-03,0.0,17.56,25.99,11.6,51.68,1.15,16.01
1986-01-04,0.0,16.44,22.48,12.18,55.43,1.03,15.14
1986-01-05,0.0,17.76,25.77,11.06,54.37,1.08,15.16
1986-01-06,0.0,18.35,27.03,11.97,55.61,1.11,16.65
1986-01-07,0.0,18.72,27.6,11.32,52.59,1.12,16.93
1986-01-08,0.0,18.67,27.76,11.09,58.22,1.1,13.21
1986-01-09,0.0,20.14,28.97,13.65,49.75,1.19,10.31
1986-01-10,0.0,20.33,28.21,14.59,51.85,0.98,12.17
1986-01-11,0.0,20.41,28.69,13.1,51.95,0.86,16.34
1986-01-12,0.0,19.95,27.43,13.96,54.69,1.08,11.84
1986-01-13,0.0,20.04,28.16,13.75,58.06,0.89,9.11
1986-01-14,0.0,19.14,28.49,12.4,47.26,1.36,17.83
1986-01-15,0.0,18.71,26.18,12.4,48.73,1.88,12.05
1986-01-16,1.31,18.35,24.22,13.6,60.9,1.12,7.24
1986-01-17,0.36,17.66,26.19,10.3,54.1,1.09,17.15
1986-01-18,0.52,16.57,25.42,9.04,55.09,1.55,18.11
1986-01-19,0.0,17.48,26.89,10.1,46.4,1.42,18.61
1986-01-20,0.0,18.02,27.66,10.12,44.92,1.43,18.62
1986-01-21,0.0,18.57,28.3,12.1,42.59,1.35,18.46
1986-01-22,0.0,19.01,28.24,12.31,42.33,1.63,18.45
1986-01-23,0.0,19.98,27.78,13.45,44.97,1.3,18.32
1986-01-24,0.0,19.21,28.24,12.36,42.67,1.33,18.46
1986-01-25,0.0,19.03,28.17,10.64,38.33,1.55,18.63
1986-01-26,0.0,19.75,29.12,10.75,37.38,1.36,18.57
1986-01-27,0.0,20.19,29.71,11.53,40.05,1.44,18.72
1986-01-28,0.0,20.68,29.86,13.18,40.87,1.61,19.06
1986-01-29,0.0,20.75,29.9,12.74,40.53,1.62,18.48
1986-01-30,0.0,22.43,30.44,14.2,42.03,1.29,18.54
1986-01-31,0.0,23.09,31.68,14.98,57.96,1.76,18.96
1986-02-01,0.0,24.04,31.84,18.25,57.64,1.35,16.47
1986-02-02,0.26,22.3,29.71,15.21,42.14,1.31,18.19
1986-02-03,0.0,21.89,30.32,15.5,38.71,1.5,19.29
1986-02-04,0.0,21.09,30.53,13.99,32.0,1.55,19.2
1986-02-05,0.0,22.94,31.33,14.98,28.91,1.43,19.09
1986-02-06,0.0,24.03,32.33,15.44,33.77,1.3,16.6
1986-02-07,0.0,23.46,30.3,17.15,38.88,1.13,20.14
1986-02-08,0.0,23.09,32.12,15.28,39.42,1.49,19.63
1986-02-09,0.0,23.49,32.66,16.16,40.2,1.9,19.25
1986-02-10,0.0,23.52,31.46,16.7,35.35,1.22,14.98
1986-02-11,0.0,23.63,33.33,15.18,34.36,1.65,19.68
1986-02-12,0.85,23.06,31.7,16.15,51.2,2.1,15.62
1986-02-13,0.05,23.72,31.42,17.27,49.13,1.66,19.87
1986-02-14,0.0,24.6,31.07,18.65,43.36,1.2,19.16
1986-02-15,0.05,23.05,29.7,17.03,54.71,1.62,10.68
1986-02-16,0.0,23.44,31.56,16.67,41.55,1.99,19.67
1986-02-17,0.48,21.03,30.23,13.17,31.18,1.77,19.97
1986-02-18,0.0,20.5,30.26,13.26,23.52,1.53,20.45
1986-02-19,0.0,20.81,30.28,14.04,23.12,1.47,20.78
1986-02-20,0.0,21.35,31.17,12.87,23.94,1.67,21.15
1986-02-21,0.0,23.26,33.72,14.06,25.39,1.33,21.85
1986-02-22,0.0,23.38,33.85,13.41,36.36,1.52,22.2
1986-02-23,0.0,24.67,34.87,15.15,54.25,1.73,21.28
1986-02-24,0.0,24.94,33.49,18.53,39.13,1.66,21.83
1986-02-25,0.0,22.53,29.43,15.33,17.33,1.21,21.62
1986-02-26,0.0,23.81,33.69,15.11,18.43,1.67,23.09
1986-02-27,0.0,23.07,32.76,14.2,18.25,1.81,22.95
1986-02-28,0.0,24.08,32.15,15.8,18.09,1.45,23.14
1986-03-01,0.0,25.24,33.75,15.93,24.5,1.34,21.96
1986-03-02,0.0,24.76,33.3,15.74,42.4,1.12,13.25
1986-03-03,0.0,24.97,33.71,17.21,31.15,1.18,22.6
1986-03-04,0.0,25.01,33.83,16.18,28.15,1.17,22.74
1986-03-05,0.0,24.6,33.56,15.88,47.69,1.67,23.05
1986-03-06,0.0,25.22,33.95,17.55,49.84,1.66,23.5
1986-03-07,2.51,24.71,33.36,16.77,53.82,2.28,23.05
1986-03-08,0.89,25.83,34.53,17.51,50.46,1.86,23.24
1986-03-09,0.04,27.23,36.01,18.38,54.1,2.82,22.58
1986-03-10,0.0,28.31,37.01,20.21,48.09,1.86,24.35
1986-03-11,0.0,28.59,38.33,20.14,54.25,2.35,23.5
1986-03-12,0.0,29.24,38.75,20.82,56.7,2.5,23.83
1986-03-13,0.06,29.83,39.3,22.42,58.1,2.78,23.69
1986-03-14,0.02,29.46,39.06,22.25,53.24,2.73,23.48
1986-03-15,0.18,29.17,39.79,19.8,55.25,2.99,23.71
1986-03-16,3.64,28.67,37.33,23.09,57.57,2.68,20.14
1986-03-17,0.91,26.63,35.77,19.9,39.58,1.72,23.64
1986-03-18,1.21,27.18,36.31,18.54,29.38,1.56,23.65
1986-03-19,0.0,28.47,38.62,18.53,42.92,2.31,23.68
1986-03-20,1.34,28.82,37.93,20.38,54.01,2.2,23.57
1986-03-21,0.05,28.78,37.9,21.41,40.81,1.62,23.83
1986-03-22,0.0,28.77,37.62,19.42,17.61,1.41,23.35
1986-03-23,0.0,29.02,39.58,17.49,27.75,1.78,23.51
1986-03-24,0.0,30.06,40.12,20.38,48.8,1.72,23.38
1986-03-25,0.01,30.87,39.89,22.46,43.12,1.2,22.32
1986-03-26,0.0,30.33,38.89,21.6,24.18,1.97,23.19
1986-03-27,0.0,29.76,39.59,22.01,26.78,1.55,23.49
1986-03-28,0.0,29.51,40.01,19.82,48.14,2.51,23.7
1986-03-29,0.0,30.6,40.99,21.16,51.27,3.06,23.69
1986-03-30,0.0,30.71,40.55,23.81,60.41,4.3,23.1
1986-03-31,0.02,30.55,38.87,24.45,59.33,3.62,22.54
1986-04-01,6.19,30.9,39.9,24.41,56.91,3.1,24.41
1986-04-02,0.79,30.11,38.9,23.26,58.97,3.05,24.57
1986-04-03,0.0,30.61,39.2,23.32,55.42,2.63,23.42
1986-04-04,0.01,30.26,38.55,23.0,47.84,1.46,24.67
1986-04-05,19.28,28.47,35.43,21.12,56.87,1.12,23.2
1986-04-06,2.26,27.59,35.11,20.07,51.47,2.17,24.79
1986-04-07,1.38,28.43,36.16,21.86,57.84,2.29,24.77
1986-04-08,0.0,29.37,37.53,22.33,56.93,3.16,23.66
1986-04-09,21.93,27.73,33.06,22.9,69.85,3.44,23.8
1986-04-10,28.93,27.11,32.17,23.23,78.28,2.54,24.39
1986-04-11,7.97,27.89,34.38,23.18,74.26,3.06,23.18
1986-04-12,0.18,29.07,36.92,23.1,66.57,2.9,22.39
1986-04-13,10.03,28.27,35.18,23.27,70.34,3.64,21.41
1986-04-14,15.89,28.31,33.95,24.45,75.9,4.47,22.4
1986-04-15,1.69,29.69,36.89,25.27,70.45,5.13,22.6
1986-04-16,0.42,29.64,36.37,25.31,70.61,5.43,22.96
1986-04-17,0.09,28.88,34.46,25.64,71.61,4.91,22.11
1986-04-18,0.03,29.59,36.65,25.01,67.22,5.08,17.24
1986-04-19,10.63,28.26,34.27,24.35,71.91,3.84,20.3
1986-04-20,6.81,27.62,33.46,23.4,74.3,3.44,20.76
1986-04-21,1.33,28.5,35.63,22.85,67.64,2.04,19.08
1986-04-22,0.37,28.55,35.01,22.16,62.29,1.26,26.64
1986-04-23,0.0,28.16,34.29,22.35,63.47,1.48,18.41
1986-04-24,0.0,28.73,36.33,21.71,62.66,2.85,20.44
1986-04-25,25.61,27.56,33.15,23.26,73.73,2.57,17.66
1986-04-26,16.3,26.97,32.23,23.48,79.14,3.2,23.8
1986-04-27,4.84,27.47,34.01,23.38,75.25,3.09,16.83
1986-04-28,3.62,26.77,31.75,22.78,77.25,2.62,22.82
1986-04-29,2.28,26.77,31.57,22.76,74.81,1.98,25.92
1986-04-30,5.2,27.47,33.2,22.23,71.45,1.92,19.82
1986-05-01,2.51,27.9,33.9,22.15,71.49,2.44,17.73
1986-05-02,10.44,28.13,33.23,23.26,70.69,1.53,23.29
1986-05-03,2.58,28.68,34.66,23.3,72.81,2.82,18.53
1986-05-04,0.2,28.52,33.37,24.67,73.28,2.83,15.01
1986-05-05,0.43,28.7,35.42,23.19,71.25,3.12,24.36
1986-05-06,0.27,28.76,34.31,24.97,70.78,3.09,16.72
1986-05-07,23.16,25.81,28.19,23.03,82.17,2.06,16.57
1986-05-08,1.86,26.07,30.92,21.26,71.69,1.26,24.95
1986-05-09,0.02,29.34,34.74,23.35,59.09,0.71,27.37
1986-05-10,0.0,30.19,35.99,23.65,57.11,1.06,26.55
1986-05-11,0.0,30.14,36.83,24.59,59.37,2.31,25.42
1986-05-12,1.0,29.56,36.49,23.04,64.1,2.2,22.89
1986-05-13,9.44,28.77,34.45,24.03,70.31,2.01,25.97
1986-05-14,0.23,28.46,33.56,23.73,71.42,2.53,24.96
1986-05-15,0.12,28.76,33.95,24.66,69.1,2.82,15.49
1986-05-16,0.08,29.27,35.09,24.09,67.21,1.8,18.77
1986-05-17,1.75,29.03,34.52,24.27,66.98,2.63,23.59
1986-05-18,6.6,28.42,32.39,24.93,75.81,2.21,20.25
1986-05-19,7.04,29.32,35.33,24.3,70.26,2.26,23.43
1986-05-20,0.43,29.61,35.23,25.28,70.04,2.58,26.72
1986-05-21,0.22,30.61,37.26,24.95,67.63,1.92,16.1
1986-05-22,0.33,30.8,36.61,25.24,63.48,1.43,26.9
1986-05-23,0.0,31.62,39.25,24.4,50.02,1.5,28.69
1986-05-24,0.0,31.3,40.03,22.15,34.72,1.3,28.8
1986-05-25,0.0,30.49,39.63,20.8,54.48,2.05,27.47
1986-05-26,12.32,30.06,35.99,24.98,64.41,2.45,24.29
1986-05-27,3.94,29.38,36.13,23.71,65.88,2.2,27.15
1986-05-28,4.21,28.68,34.36,23.59,68.89,1.47,28.13
1986-05-29,0.1,30.43,37.3,23.69,59.22,1.42,27.56
1986-05-30,0.0,30.82,37.69,24.56,59.48,2.26,25.5
1986-05-31,0.0,31.26,37.21,25.86,60.45,2.11,25.25
1986-06-01,0.0,31.73,38.28,26.35,59.0,2.18,24.83
1986-06-02,0.68,30.8,35.81,26.14,64.59,2.2,17.06
1986-06-03,0.05,32.23,39.66,26.0,59.81,2.01,27.95
1986-06-04,2.41,32.19,38.93,26.91,60.68,2.79,26.31
1986-06-05,0.0,32.67,39.49,27.18,58.59,2.97,25.22
1986-06-06,0.0,32.34,38.69,27.25,61.74,3.27,25.97
1986-06-07,0.0,31.81,37.46,27.32,63.91,3.05,24.82
1986-06-08,0.04,32.17,38.53,27.01,61.13,3.07,25.09
1986-06-09,0.0,32.25,39.0,26.64,59.87,3.56,17.48
1986-06-10,0.05,32.35,38.48,27.62,60.56,3.93,23.0
1986-06-11,4.41,32.03,37.93,27.27,60.86,3.09,21.77
1986-06-12,4.48,31.64,38.69,25.69,63.08,2.57,20.9
1986-06-13,5.8,31.54,37.05,26.08,62.29,1.73,19.41
1986-06-14,10.14,29.95,33.88,26.48,72.84,2.49,16.02
1986-06-15,11.74,29.35,32.88,26.62,75.27,3.14,18.71
1986-06-16,2.44,29.29,34.37,26.12,76.23,3.25,18.16
1986-06-17,1.91,29.95,34.45,26.43,73.02,2.93,16.61
1986-06-18,1.2,29.9,34.1,26.91,76.32,3.22,22.86
1986-06-19,0.52,30.45,34.57,27.11,74.27,2.84,21.96
1986-06-20,0.39,30.63,35.1,27.37,72.44,4.16,15.8
1986-06-21,5.07,29.17,32.23,26.63,77.18,4.58,15.55
1986-06-22,7.33,28.86,34.22,26.11,83.36,3.08,19.43
1986-06-23,1.37,30.67,36.0,26.2,72.39,3.36,18.33
1986-06-24,0.98,30.69,37.74,27.04,75.18,4.1,21.62
1986-06-25,4.2,29.53,32.82,27.32,78.59,4.48,14.44
1986-06-26,5.5,28.98,33.18,26.75,81.52,4.85,16.78
1986-06-27,8.83,29.48,34.1,26.24,78.54,4.77,13.28
1986-06-28,16.26,29.02,33.14,26.34,80.21,4.46,18.25
1986-06-29,6.29,28.26,31.65,25.9,81.64,4.92,11.4
1986-06-30,27.15,27.61,30.75,25.3,84.31,4.84,9.76
1986-07-01,15.05,28.45,32.8,25.59,82.26,3.67,19.98
1986-07-02,12.01,28.5,32.87,25.0,81.83,2.7,23.69
1986-07-03,0.17,29.64,34.59,25.44,77.74,3.11,17.36
1986-07-04,0.88,29.46,33.32,26.54,80.48,3.35,15.76
1986-07-05,8.48,28.79,31.69,27.01,86.51,3.41,19.25
1986-07-06,16.04,28.06,30.8,26.16,84.7,1.84,15.44
1986-07-07,20.68,26.96,28.99,25.64,92.32,3.02,9.78
1986-07-08,9.03,27.6,31.16,24.84,85.52,3.07,15.94
1986-07-09,7.78,27.95,31.51,25.22,84.96,3.12,19.78
1986-07-10,6.78,28.54,32.62,25.43,84.61,3.1,21.5
1986-07-11,3.17,28.37,32.26,25.54,84.29,2.48,19.3
1986-07-12,4.42,28.08,32.53,25.5,85.25,2.81,18.08
1986-07-13,0.97,28.51,32.87,24.87,81.2,3.49,18.95
1986-07-14,1.06,28.48,32.68,25.5,81.26,3.41,18.35
1986-07-15,0.41,28.76,33.05,25.24,79.99,3.26,21.81
1986-07-16,0.03,29.33,34.09,25.65,77.64,3.03,24.47
1986-07-17,0.13,29.54,34.19,25.82,77.32,3.1,20.91
1986-07-18,0.2,29.13,33.05,26.24,79.84,3.14,18.47
1986-07-19,0.1,28.96,33.45,25.56,78.16,3.92,22.21
1986-07-20,0.33,28.1,31.83,25.47,80.97,3.14,16.8
1986-07-21,10.46,27.87,32.57,25.02,84.12,3.22,14.08
1986-07-22,13.54,27.3,30.17,25.64,89.87,4.48,7.63
1986-07-23,40.38,26.82,28.95,25.19,92.07,3.51,10.89
1986-07-24,16.97,26.88,29.76,24.8,90.73,3.22,13.91
1986-07-25,12.25,26.9,29.4,25.47,90.2,3.13,9.23
1986-07-26,28.01,26.84,29.42,25.2,91.81,1.83,14.11
1986-07-27,50.55,26.19,28.0,24.78,93.85,1.81,14.48
1986-07-28,36.17,25.77,27.49,24.12,92.37,2.54,15.59
1986-07-29,10.05,26.68,30.75,23.88,86.24,2.18,18.69
1986-07-30,1.51,26.82,30.44,23.97,87.86,2.65,20.74
1986-07-31,0.87,26.73,29.75,24.07,89.04,2.0,20.46
1986-08-01,0.32,27.41,31.31,23.87,86.31,2.19,13.14
1986-08-02,0.97,27.55,31.42,24.33,86.21,2.09,12.9
1986-08-03,1.18,28.31,32.62,24.08,82.29,1.1,18.34
1986-08-04,1.38,28.76,33.12,24.63,82.85,0.86,18.3
1986-08-05,9.12,27.02,29.1,25.42,90.91,1.67,18.74
1986-08-06,8.43,27.77,31.7,24.83,85.75,1.86,17.94
1986-08-07,3.95,27.78,31.77,24.95,87.42,1.95,22.39
1986-08-08,0.56,28.32,32.8,24.82,82.7,1.24,21.17
1986-08-09,1.34,28.98,32.97,25.37,83.03,0.89,23.72
1986-08-10,9.66,29.09,33.66,25.87,83.84,0.94,26.83
1986-08-11,1.27,29.09,33.77,25.47,83.92,1.65,18.5
1986-08-12,4.47,27.43,29.64,25.91,90.0,2.4,22.24
1986-08-13,3.78,26.89,29.6,24.79,90.61,3.14,13.74
1986-08-14,4.33,26.93,29.31,25.11,90.06,2.84,17.36
1986-08-15,1.93,27.61,31.45,24.7,87.1,2.54,20.49
1986-08-16,1.16,27.91,31.76,25.33,87.52,2.55,15.75
1986-08-17,0.87,27.68,30.64,25.47,89.0,2.38,22.29
1986-08-18,0.25,28.06,32.51,24.64,85.28,2.44,16.86
1986-08-19,0.36,27.28,29.94,25.4,86.93,2.11,17.18
1986-08-20,0.81,27.7,31.58,25.16,87.45,2.54,16.9
1986-08-21,10.74,27.44,31.02,25.11,87.48,2.74,12.93
1986-08-22,13.15,27.62,31.04,25.15,88.03,3.73,15.85
1986-08-23,8.31,27.85,31.63,25.4,87.21,3.16,12.06
1986-08-24,6.77,27.79,31.54,25.14,87.14,2.79,10.01
1986-08-25,6.78,28.03,31.76,25.33,87.48,2.92,9.98
1986-08-26,24.75,28.13,31.44,25.6,88.81,1.7,12.51
1986-08-27,13.62,28.82,32.69,25.13,85.79,1.14,20.56
1986-08-28,0.73,28.02,31.24,25.34,86.79,1.28,16.37
1986-08-29,0.58,27.73,31.28,25.51,88.31,2.13,18.33
1986-08-30,0.81,28.09,31.89,24.93,85.91,1.64,18.37
1986-08-31,1.55,27.15,29.33,25.57,91.83,1.55,18.57
1986-09-01,14.84,27.57,31.24,24.84,88.24,2.0,17.64
1986-09-02,6.99,27.83,31.7,24.7,87.8,2.18,18.2
1986-09-03,1.75,28.13,31.28,25.48,88.74,1.95,14.84
1986-09-04,14.91,28.07,31.46,25.38,86.09,0.93,13.03
1986-09-05,3.23,28.13,30.92,24.82,81.6,0.66,17.53
1986-09-06,0.12,27.01,29.01,25.34,90.25,1.13,16.47
1986-09-07,0.51,27.81,30.98,25.33,88.81,1.39,12.28
1986-09-08,19.38,26.39,27.52,25.08,95.02,1.79,8.37
1986-09-09,27.12,26.82,29.78,24.72,89.45,2.07,18.72
1986-09-10,28.19,26.47,29.46,24.78,93.36,2.43,16.13
1986-09-11,17.79,26.59,30.46,23.85,90.63,2.46,16.16
1986-09-12,6.47,26.07,28.24,24.56,92.67,1.97,15.75
1986-09-13,1.66,26.66,30.58,24.16,88.56,2.86,18.3
1986-09-14,1.52,26.98,30.64,24.15,87.67,2.1,15.65
1986-09-15,1.97,26.95,31.07,23.76,86.55,1.84,18.61
1986-09-16,0.68,27.04,31.23,23.49,87.79,1.77,20.73
1986-09-17,11.6,27.15,30.9,23.94,88.09,2.23,12.93
1986-09-18,12.1,27.68,31.77,24.84,87.65,1.59,16.79
1986-09-19,3.0,27.02,29.69,24.85,88.98,1.23,21.31
1986-09-20,16.03,27.54,32.03,24.28,87.81,1.68,21.79
1986-09-21,5.2,26.23,30.25,23.69,88.35,1.47,18.73
1986-09-22,4.43,26.21,30.29,22.91,87.11,1.25,14.54
1986-09-23,6.34,27.21,31.11,22.97,80.55,0.8,16.5
1986-09-24,8.08,25.42,27.88,23.18,88.8,1.29,13.34
1986-09-25,2.26,24.55,26.79,22.48,91.37,1.48,6.33
1986-09-26,9.7,24.53,27.06,22.74,92.19,2.51,5.56
1986-09-27,22.84,24.36,26.45,22.62,94.11,2.0,6.86
1986-09-28,26.46,25.0,28.43,22.37,88.37,1.19,17.54
1986-09-29,13.42,24.77,27.74,22.46,89.39,1.02,11.47
1986-09-30,3.17,25.21,28.93,22.53,91.56,1.72,10.66
1986-10-01,14.08,24.94,28.04,22.74,92.46,2.02,11.61
1986-10-02,17.52,25.24,28.73,21.95,86.31,1.02,8.67
1986-10-03,8.62,26.36,29.71,22.63,83.01,0.83,22.59
1986-10-04,5.77,25.94,28.91,23.22,86.52,0.74,17.67
1986-10-05,0.22,25.56,28.63,23.06,89.46,1.0,10.8
1986-10-06,3.17,25.44,28.05,23.57,91.88,1.6,5.52
1986-10-07,36.3,25.18,26.86,24.01,95.18,2.18,14.39
1986-10-08,25.5,25.46,27.88,23.95,94.64,2.3,8.33
1986-10-09,29.95,25.04,27.24,22.7,93.25,1.72,12.4
1986-10-10,5.42,25.41,29.6,22.16,86.44,1.12,20.68
1986-10-11,1.09,25.34,29.53,21.77,87.98,1.36,19.58
1986-10-12,0.44,25.95,30.22,21.67,82.19,0.77,19.62
1986-10-13,0.57,25.6,29.86,22.06,84.94,1.2,18.87
1986-10-14,3.03,25.22,29.42,21.5,88.16,1.53,15.38
1986-10-15,2.51,25.3,29.34,22.09,88.9,1.63,17.46
1986-10-16,9.31,24.99,29.43,21.08,87.63,1.29,21.38
1986-10-17,3.49,25.34,30.25,20.71,80.28,0.76,19.31
1986-10-18,0.65,24.17,28.9,19.67,83.4,1.43,21.5
1986-10-19,0.13,23.9,29.48,19.05,83.72,1.45,21.61
1986-10-20,0.0,23.3,28.66,18.38,80.49,1.32,21.56
1986-10-21,0.0,22.89,28.28,18.12,84.75,1.14,21.17
1986-10-22,0.0,23.59,29.3,18.71,82.6,0.9,21.13
1986-10-23,0.0,23.47,28.94,18.54,82.96,1.24,21.38
1986-10-24,0.0,23.9,29.37,18.22,80.37,1.13,21.34
1986-10-25,0.0,23.91,28.84,19.61,79.28,1.12,20.93
1986-10-26,0.0,23.36,28.67,18.69,82.06,1.26,20.6
1986-10-27,0.0,23.2,29.45,18.44,83.53,1.11,20.33
1986-10-28,0.0,22.71,28.5,17.79,81.0,1.08,20.23
1986-10-29,0.0,22.41,28.4,17.38,80.29,1.12,20.87
1986-10-30,0.0,23.79,29.91,18.39,80.3,0.86,19.99
1986-10-31,0.0,25.2,29.92,20.25,81.29,0.8,18.06
1986-11-01,0.0,25.57,30.03,21.66,82.77,1.04,18.29
1986-11-02,0.0,24.82,29.24,21.2,83.12,1.07,15.43
1986-11-03,0.13,23.9,28.67,20.46,82.19,1.14,12.25
1986-11-04,0.01,23.92,28.88,19.52,81.91,1.07,15.88
1986-11-05,0.55,23.02,25.82,20.74,87.56,1.23,9.35
1986-11-06,14.81,23.23,25.84,20.67,89.78,0.75,12.23
1986-11-07,1.74,24.11,28.96,20.25,88.17,1.07,18.36
1986-11-08,0.1,24.38,28.95,20.72,86.77,1.04,7.19
1986-11-09,24.5,24.04,26.58,21.78,94.56,3.07,4.24
1986-11-10,27.35,23.5,27.39,20.55,86.73,1.86,16.42
1986-11-11,9.59,22.37,27.32,17.45,78.27,1.09,18.17
1986-11-12,0.78,21.49,26.98,16.42,78.14,1.13,18.71
1986-11-13,0.02,20.84,26.36,16.27,78.37,1.28,18.27
1986-11-14,0.0,20.95,26.73,15.73,82.16,1.12,18.78
1986-11-15,0.0,20.94,26.63,16.46,83.04,1.13,19.34
1986-11-16,0.0,21.07,27.02,16.38,78.66,0.87,18.82
1986-11-17,0.0,21.27,26.69,16.28,72.51,0.8,18.81
1986-11-18,0.0,20.67,26.9,14.93,75.75,1.12,18.33
1986-11-19,0.06,19.97,26.74,14.75,81.86,1.4,18.78
1986-11-20,0.0,20.17,26.49,15.05,82.6,1.04,19.2
1986-11-21,0.13,20.23,25.65,15.61,81.98,0.84,17.46
1986-11-22,0.0,20.5,26.15,16.04,78.52,0.89,17.89
1986-11-23,0.0,19.84,25.46,15.5,80.37,1.18,18.04
1986-11-24,0.0,19.98,25.94,14.88,81.87,1.12,17.43
1986-11-25,0.0,19.99,26.4,14.04,79.38,1.07,18.72
1986-11-26,0.0,19.9,26.36,14.26,78.55,1.11,18.44
1986-11-27,0.0,19.29,25.67,14.17,81.24,1.34,18.27
1986-11-28,0.0,19.12,25.67,14.14,80.65,1.22,18.48
1986-11-29,0.0,19.28,26.01,13.54,81.7,1.32,18.16
1986-11-30,0.0,19.74,25.54,15.33,79.38,1.11,17.47
1986-12-01,0.0,19.18,25.5,14.77,83.0,1.23,17.28
1986-12-02,0.0,18.84,25.26,13.8,83.38,1.22,16.78
1986-12-03,0.0,19.35,26.15,14.24,83.23,1.14,18.14
1986-12-04,0.0,19.59,26.4,13.61,80.31,1.05,17.67
1986-12-05,0.0,19.38,25.49,14.21,75.78,1.06,17.88
1986-12-06,0.0,19.03,25.69,13.96,74.09,1.06,17.96
1986-12-07,0.0,19.2,26.62,13.04,75.28,0.97,18.13
1986-12-08,0.0,19.17,25.62,13.97,75.07,0.78,17.82
1986-12-09,0.0,19.29,25.42,13.9,71.71,0.99,16.98
1986-12-10,0.0,18.84,25.2,13.69,74.48,1.0,15.8
1986-12-11,0.0,18.91,24.93,13.49,75.62,1.18,15.95
1986-12-12,0.0,20.06,25.9,14.54,71.42,0.9,16.51
1986-12-13,0.0,19.35,25.67,13.91,72.59,1.24,16.06
1986-12-14,0.09,18.61,25.49,12.86,78.23,1.31,10.15
1986-12-15,0.25,19.14,25.16,14.82,81.33,1.16,14.63
1986-12-16,0.0,17.84,24.32,12.18,76.64,1.59,16.83
1986-12-17,0.0,17.57,24.82,12.03,72.83,1.29,16.31
1986-12-18,0.0,18.11,25.73,11.96,73.59,1.33,16.08
1986-12-19,0.0,19.13,26.02,13.23,74.78,1.42,15.85
1986-12-20,0.0,19.11,25.6,14.57,77.38,1.46,17.07
1986-12-21,0.0,18.6,25.25,13.59,75.81,1.46,15.77
1986-12-22,0.0,16.28,23.1,11.55,71.59,1.48,16.75
1986-12-23,0.0,17.13,24.46,10.89,66.54,0.97,15.98
1986-12-24,0.0,17.23,25.11,10.58,69.37,1.31,16.19
1986-12-25,0.0,17.83,25.86,12.15,69.33,1.11,15.73
1986-12-26,0.0,18.27,26.09,12.01,69.35,1.18,16.95
1986-12-27,0.0,18.37,27.4,11.7,67.28,1.51,12.19
1986-12-28,0.0,17.44,23.02,13.48,71.16,1.01,7.79
1986-12-29,0.0,17.06,24.45,11.11,69.75,1.24,16.89
1986-12-30,0.99,16.45,24.24,10.35,71.22,1.22,16.87
1986-12-31,0.0,16.69,23.55,11.67,69.34,1.27,16.2
1987-01-01,0.0,15.48,22.68,10.54,70.14,1.24,16.74
1987-01-02,0.0,14.3,22.91,7.81,60.64,1.22,16.95
1987-01-03,0.0,14.16,22.62,7.8,59.47,1.31,16.08
1987-01-04,0.0,15.09,24.04,7.96,66.14,1.54,17.35
1987-01-05,0.0,16.2,24.88,9.22,63.08,1.02,17.11
1987-01-06,0.0,17.67,25.77,11.23,55.7,1.12,17.62
1987-01-07,0.0,18.82,27.77,9.7,53.7,1.05,11.41
1987-01-08,0.0,21.38,28.2,15.06,55.68,1.05,13.38
1987-01-09,0.42,21.57,27.86,15.76,59.96,0.82,16.38
1987-01-10,0.01,19.77,27.5,13.55,62.51,1.31,16.81
1987-01-11,0.0,19.69,28.56,12.23,60.98,1.34,15.89
1987-01-12,0.08,18.22,24.52,13.76,68.87,1.02,9.91
1987-01-13,0.04,19.01,26.74,12.91,68.65,1.44,17.93
1987-01-14,0.0,18.89,27.08,12.96,64.78,1.22,17.66
1987-01-15,0.0,19.39,26.8,14.72,62.39,1.3,16.56
1987-01-16,0.0,18.0,26.18,11.29,61.26,1.44,17.72
1987-01-17,0.0,18.1,26.35,11.59,58.35,1.11,17.67
1987-01-18,0.0,18.8,26.99,11.6,58.21,1.13,17.56
1987-01-19,0.0,18.24,26.69,11.54,63.16,1.58,17.19
1987-01-20,0.0,17.58,25.72,11.8,62.42,1.34,17.44
1987-01-21,0.0,16.59,24.93,9.63,60.21,1.51,15.34
1987-01-22,0.0,15.98,24.63,9.09,60.82,1.4,16.48
1987-01-23,0.0,18.44,27.92,11.76,52.66,1.15,16.45
1987-01-24,0.0,17.83,27.1,11.98,52.58,1.1,18.86
1987-01-25,0.0,17.86,27.35,10.89,48.09,1.17,18.4
1987-01-26,0.0,18.77,27.36,12.86,42.98,0.99,19.2
1987-01-27,0.0,19.49,28.73,12.82,42.82,0.92,19.37
1987-01-28,0.0,18.54,26.28,9.99,42.96,1.19,18.79
1987-01-29,0.0,19.14,26.8,10.86,40.08,1.13,18.42
1987-01-30,0.0,20.08,28.16,12.97,42.32,1.24,18.51
1987-01-31,0.0,20.56,29.41,12.93,47.97,1.31,19.55
1987-02-01,0.0,21.09,28.73,13.6,50.29,1.18,18.89
1987-02-02,0.0,21.23,28.92,15.53,55.04,1.09,13.52
1987-02-03,0.0,18.76,22.23,15.56,80.9,1.58,5.74
1987-02-04,0.98,19.73,24.97,17.03,76.71,1.98,10.22
1987-02-05,4.27,19.68,26.87,13.4,66.36,1.3,16.24
1987-02-06,0.24,19.24,27.61,12.5,61.53,1.44,20.3
1987-02-07,0.01,20.24,29.82,12.47,56.61,1.16,20.4
1987-02-08,0.0,20.49,29.61,12.82,49.18,1.19,20.47
1987-02-09,0.0,20.7,28.73,13.48,43.22,1.25,20.32
1987-02-10,0.0,20.4,28.06,13.37,41.7,1.11,19.65
1987-02-11,0.0,19.54,28.62,11.12,44.96,1.13,19.32
1987-02-12,0.0,20.23,29.52,11.64,44.79,1.3,20.27
1987-02-13,0.0,21.24,30.37,12.28,42.3,1.24,20.44
1987-02-14,0.0,21.2,30.29,12.83,44.93,1.32,20.71
1987-02-15,0.0,21.72,31.14,13.13,45.64,1.37,20.68
1987-02-16,0.0,22.4,31.69,13.95,43.04,1.05,20.97
1987-02-17,0.0,22.84,31.5,13.71,44.58,1.11,19.07
1987-02-18,0.0,23.45,31.92,15.1,50.39,1.14,20.74
1987-02-19,1.72,23.78,31.67,16.84,47.11,1.18,20.86
1987-02-20,0.0,23.55,32.86,16.44,43.18,1.47,21.41
1987-02-21,0.0,24.33,32.23,16.22,29.38,1.34,22.86
1987-02-22,0.0,25.0,33.16,17.14,35.03,1.33,22.97
1987-02-23,0.0,25.39,33.48,16.95,42.98,1.37,23.17
1987-02-24,0.0,26.27,34.42,18.67,36.12,1.28,23.16
1987-02-25,0.0,25.76,34.31,17.58,34.96,1.45,23.33
1987-02-26,0.0,26.3,35.22,16.88,44.91,1.49,23.43
1987-02-27,0.0,25.19,33.95,18.48,55.16,1.89,11.89
1987-02-28,0.26,24.18,32.01,17.22,50.17,1.48,20.96
1987-03-01,0.0,24.43,32.51,17.43,46.36,1.5,19.67
1987-03-02,0.0,24.07,32.58,16.0,38.93,1.71,23.53
1987-03-03,0.0,24.7,32.59,16.01,36.38,1.27,23.67
1987-03-04,0.02,24.44,32.76,16.46,37.27,0.97,23.17
1987-03-05,3.06,24.09,31.59,16.56,42.65,1.25,20.03
1987-03-06,0.02,25.04,32.73,17.57,43.04,1.09,22.48
1987-03-07,0.0,25.52,33.29,18.76,42.02,1.49,21.14
1987-03-08,0.59,26.09,34.43,18.67,58.21,2.62,22.93
1987-03-09,12.6,25.37,33.02,19.57,68.54,2.65,19.97
1987-03-10,20.32,23.01,28.52,19.5,75.81,1.38,14.41
1987-03-11,1.7,23.4,29.82,18.98,66.08,1.7,14.01
1987-03-12,7.45,23.18,30.07,18.71,71.29,2.27,11.08
1987-03-13,1.55,23.57,30.87,17.29,66.35,1.68,22.95
1987-03-14,0.01,24.94,32.08,17.51,46.56,1.28,21.26
1987-03-15,0.08,25.23,32.59,17.55,51.25,1.22,23.56
1987-03-16,0.01,25.84,34.43,17.73,59.66,2.5,22.7
1987-03-17,0.18,27.67,36.0,20.95,64.84,3.63,18.92
1987-03-18,2.1,28.0,36.29,22.69,67.15,2.98,21.18
1987-03-19,0.09,27.78,36.47,21.41,57.48,1.91,23.37
1987-03-20,0.45,27.14,35.7,20.49,60.76,2.85,23.08
1987-03-21,0.23,27.28,35.57,20.09,61.85,2.14,23.61
1987-03-22,0.02,27.34,36.06,19.91,59.52,2.58,20.39
1987-03-23,0.0,27.5,36.28,20.02,58.24,2.47,20.93
1987-03-24,0.0,27.71,36.59,20.36,60.33,2.77,21.85
1987-03-25,0.0,28.37,37.45,21.42,59.11,2.44,23.3
1987-03-26,0.0,28.75,38.38,20.34,56.64,2.14,25.16
1987-03-27,0.0,28.06,35.95,22.72,61.0,2.45,23.21
1987-03-28,0.0,29.1,37.81,22.52,57.94,3.07,20.24
1987-03-29,0.0,28.85,37.84,21.38,55.62,2.4,23.47
1987-03-30,0.0,28.99,37.86,21.11,55.68,2.41,24.33
1987-03-31,0.02,29.2,38.33,21.48,56.64,2.5,22.52
1987-04-01,0.07,29.15,37.88,21.78,58.33,2.79,21.49
1987-04-02,0.81,29.02,37.6,22.36,62.1,3.72,23.0
1987-04-03,0.01,29.84,39.04,23.57,63.42,4.52,22.88
1987-04-04,0.45,30.7,39.67,25.04,62.11,4.3,22.66
1987-04-05,0.0,30.65,39.55,25.15,62.12,4.35,23.15
1987-04-06,0.0,30.42,39.35,23.99,60.02,3.39,21.48
1987-04-07,0.01,30.1,38.65,23.65,58.42,3.08,22.71
1987-04-08,0.0,29.81,39.19,22.86,60.02,3.95,19.23
1987-04-09,0.0,28.78,36.02,24.19,67.95,4.72,21.43
1987-04-10,0.49,28.85,35.07,25.04,69.72,5.03,13.28
1987-04-11,8.9,28.34,34.76,24.23,75.24,4.11,22.39
1987-04-12,2.89,29.23,36.19,24.57,70.31,4.18,18.58
1987-04-13,0.94,29.83,37.4,24.73,66.52,4.09,22.44
1987-04-14,1.43,29.19,35.06,24.82,65.62,3.26,22.33
1987-04-15,5.48,27.71,33.22,23.71,70.76,1.94,22.92
1987-04-16,5.83,29.2,36.73,21.74,59.47,1.62,25.91
1987-04-17,0.0,30.37,40.09,21.02,47.81,1.67,26.57
1987-04-18,0.75,30.23,40.01,21.48,49.64,2.06,26.49
1987-04-19,4.74,28.46,36.21,22.4,60.09,1.86,17.64
1987-04-20,0.03,28.39,35.27,22.79,59.89,1.69,19.45
1987-04-21,2.98,29.54,37.26,22.63,55.6,1.53,26.5
1987-04-22,0.0,29.92,38.68,22.44,52.61,2.42,25.49
1987-04-23,0.04,29.12,36.47,22.97,63.49,3.59,12.03
1987-04-24,0.91,29.88,36.8,24.39,62.33,4.53,11.66
1987-04-25,6.28,28.61,33.12,25.41,69.47,4.5,3.57
1987-04-26,86.43,26.65,30.76,24.0,82.08,2.38,16.49
1987-04-27,0.26,25.56,30.15,22.61,78.6,0.98,12.12
1987-04-28,1.51,25.97,30.95,21.38,69.84,1.09,18.03
1987-04-29,7.77,25.79,30.15,21.08,68.72,1.47,20.37
1987-04-30,1.91,26.62,32.48,21.35,72.83,2.76,12.84
1987-05-01,43.04,25.65,28.08,23.56,84.57,3.23,24.59
1987-05-02,3.07,25.22,28.34,22.51,86.83,1.88,19.64
1987-05-03,2.7,25.83,30.92,20.61,77.24,1.04,16.6
1987-05-04,0.64,25.43,29.17,22.15,79.76,1.33,16.31
1987-05-05,0.22,26.27,31.99,21.17,67.98,1.25,24.98
1987-05-06,14.46,26.1,30.89,20.96,73.49,1.46,21.34
1987-05-07,0.17,27.13,32.33,21.84,73.93,1.71,10.35
1987-05-08,2.95,27.99,33.73,22.9,71.98,1.93,24.39
1987-05-09,0.27,28.8,35.15,23.04,68.76,1.75,21.43
1987-05-10,4.18,29.18,35.1,22.98,70.27,1.22,21.84
1987-05-11,0.82,29.31,35.73,24.2,69.08,1.58,27.33
1987-05-12,1.63,29.24,35.54,23.67,66.88,1.17,27.83
1987-05-13,0.0,29.91,37.03,23.16,56.51,0.86,28.42
1987-05-14,0.0,30.11,37.61,22.48,57.73,1.11,28.18
1987-05-15,0.0,30.84,37.83,24.48,63.05,2.3,28.56
1987-05-16,0.0,31.37,38.85,24.76,61.23,2.64,27.49
1987-05-17,0.69,31.61,38.62,25.36,63.4,3.0,25.5
1987-05-18,0.49,31.12,38.03,25.74,65.77,3.53,25.07
1987-05-19,0.37,30.16,35.74,26.02,70.36,3.78,21.5
1987-05-20,0.46,30.5,37.01,25.68,69.14,3.59,22.67
1987-05-21,2.96,29.57,34.81,25.95,72.64,3.6,22.44
1987-05-22,1.13,29.98,35.98,26.12,70.88,3.25,18.49
1987-05-23,0.0,29.51,34.29,26.33,72.86,3.42,24.13
1987-05-24,2.44,29.65,34.1,26.04,71.74,3.67,24.9
1987-05-25,15.61,29.01,32.91,25.75,78.6,3.13,24.21
1987-05-26,3.87,29.88,35.3,25.23,74.15,2.55,23.1
1987-05-27,0.33,30.28,36.75,25.26,66.51,2.01,23.97
1987-05-28,0.0,30.52,35.71,25.7,66.15,1.55,26.39
1987-05-29,0.0,30.75,36.05,26.21,67.01,2.32,25.64
1987-05-30,0.0,32.07,39.33,25.46,61.92,1.94,22.25
1987-05-31,0.0,31.62,37.66,26.65,62.41,2.37,17.03
1987-06-01,0.02,31.2,37.21,25.89,65.09,2.41,13.12
1987-06-02,0.01,30.71,35.41,26.57,65.59,2.02,12.92
1987-06-03,9.29,28.57,31.26,26.47,78.91,2.05,15.83
1987-06-04,12.17,27.66,30.35,25.84,88.52,2.16,7.43
1987-06-05,57.39,27.93,30.76,25.8,91.13,3.17,7.76
1987-06-06,26.66,28.63,31.79,26.56,88.88,3.27,20.0
1987-06-07,4.44,28.29,31.62,25.94,87.72,2.71,23.2
1987-06-08,0.91,28.11,31.47,25.2,86.2,1.66,18.8
1987-06-09,0.98,28.0,31.08,25.25,85.35,1.51,23.07
1987-06-10,5.59,28.44,32.57,25.32,82.29,2.53,17.73
1987-06-11,8.73,27.97,29.95,26.56,89.47,2.88,16.31
1987-06-12,4.01,28.68,32.29,26.42,87.33,3.0,19.78
1987-06-13,2.81,29.09,33.24,26.53,86.65,3.62,8.83
1987-06-14,2.18,29.78,34.56,26.45,81.98,2.71,19.76
1987-06-15,0.92,29.97,34.81,26.32,79.16,1.99,22.7
1987-06-16,0.09,30.61,35.63,26.07,74.93,1.45,23.03
1987-06-17,0.0,29.91,34.17,26.1,73.87,1.82,15.74
1987-06-18,0.21,30.08,34.54,26.96,76.21,2.43,19.73
1987-06-19,7.02,29.12,32.95,25.89,78.56,3.86,10.74
1987-06-20,27.93,28.68,32.99,24.91,83.3,2.21,15.82
1987-06-21,5.14,28.14,31.57,25.89,84.32,3.82,16.05
1987-06-22,3.97,28.29,32.49,25.3,79.71,3.47,17.59
1987-06-23,9.88,28.63,33.31,25.3,82.28,3.26,19.44
1987-06-24,10.42,28.81,33.0,26.2,86.15,3.18,19.96
1987-06-25,2.73,28.96,33.19,25.7,83.09,3.36,17.79
1987-06-26,0.4,29.1,33.55,25.87,78.48,3.44,21.28
1987-06-27,0.49,29.9,34.75,26.03,78.03,2.88,22.64
1987-06-28,0.0,30.08,35.41,25.73,75.97,2.39,23.96
1987-06-29,0.18,29.89,34.52,26.32,77.43,3.38,22.89
1987-06-30,0.44,29.93,34.51,26.29,76.47,4.0,21.57
1987-07-01,0.25,30.52,35.77,26.94,74.61,4.24,15.74
1987-07-02,21.52,28.94,31.98,25.86,81.7,3.68,17.6
1987-07-03,19.22,28.93,33.29,25.27,81.19,1.96,22.0
1987-07-04,5.29,28.7,33.32,25.71,84.6,2.38,19.65
1987-07-05,4.11,28.97,32.41,26.44,83.68,4.02,20.01
1987-07-06,16.81,28.48,31.77,26.63,89.59,4.3,13.26
1987-07-07,7.84,27.89,30.78,26.25,89.72,3.77,11.85
1987-07-08,5.24,28.03,31.72,25.85,87.68,3.14,19.59
1987-07-09,1.63,28.42,32.21,25.64,85.26,2.97,21.26
1987-07-10,2.59,28.14,31.41,26.35,87.56,3.95,18.18
1987-07-11,2.09,28.23,31.87,26.26,85.53,4.45,16.3
1987-07-12,3.11,28.13,32.2,25.69,84.3,3.73,18.84
1987-07-13,5.45,28.24,32.49,25.32,82.71,3.37,13.96
1987-07-14,4.18,28.49,33.02,24.84,83.22,3.33,18.02
1987-07-15,16.34,28.53,31.56,26.2,88.01,2.97,12.7
1987-07-16,14.39,28.73,32.12,26.37,90.32,2.32,20.82
1987-07-17,7.44,29.12,32.76,26.74,87.63,2.67,18.32
1987-07-18,2.99,28.61,33.11,25.46,86.14,4.42,22.81
1987-07-19,2.76,28.04,32.12,25.33,83.78,4.05,20.23
1987-07-20,4.64,28.32,32.17,25.56,84.57,3.99,18.01
1987-07-21,1.83,28.24,31.75,25.93,83.55,3.86,18.79
1987-07-22,11.71,28.49,32.21,25.78,84.44,3.83,17.37
1987-07-23,19.35,28.4,31.94,26.11,86.91,3.75,12.68
1987-07-24,11.86,27.73,30.24,25.88,89.56,3.53,9.37
1987-07-25,28.45,26.99,28.74,25.49,93.08,2.9,8.69
1987-07-26,23.23,27.36,30.3,25.53,91.53,2.97,8.41
1987-07-27,21.04,27.28,29.62,25.4,91.71,3.75,20.76
1987-07-28,8.88,27.53,30.39,25.64,90.17,3.32,10.98
1987-07-29,9.64,27.9,31.11,25.77,87.96,3.97,8.11
1987-07-30,15.2,28.08,31.23,26.02,88.96,3.98,7.23
1987-07-31,17.89,27.28,29.11,26.25,93.74,4.12,5.46
1987-08-01,20.08,27.62,31.08,25.77,90.1,3.03,9.52
1987-08-02,22.35,27.76,31.58,25.3,89.08,2.63,15.14
1987-08-03,1.83,27.18,30.65,25.06,88.77,2.86,17.55
1987-08-04,0.17,26.83,29.82,24.77,88.52,3.14,14.26
1987-08-05,0.23,27.36,31.18,24.67,86.65,2.94,20.83
1987-08-06,0.58,27.81,32.08,24.74,86.69,2.34,22.98
1987-08-07,3.24,28.13,31.95,24.78,86.17,2.03,21.97
1987-08-08,0.75,27.94,31.84,25.02,86.23,2.01,21.98
1987-08-09,0.29,28.16,32.1,25.12,85.92,2.38,16.78
1987-08-10,0.23,27.12,29.9,24.94,89.34,3.0,14.46
1987-08-11,1.58,27.64,31.16,25.37,86.39,3.76,11.05
1987-08-12,0.62,27.57,31.31,25.09,87.58,2.5,15.55
1987-08-13,2.48,27.92,31.75,24.31,86.31,1.16,14.83
1987-08-14,3.26,27.56,30.98,24.9,88.6,1.7,10.72
1987-08-15,1.34,28.02,32.06,24.46,84.57,1.4,20.13
1987-08-16,2.11,29.05,33.19,25.09,80.63,0.98,13.44
1987-08-17,5.71,28.77,31.89,25.67,85.36,1.07,22.73
1987-08-18,0.42,29.15,32.27,26.08,84.1,1.19,17.53
1987-08-19,0.17,29.27,32.89,26.48,85.78,2.05,8.72
1987-08-20,9.67,27.6,29.53,26.24,91.39,3.4,11.08
1987-08-21,10.53,28.16,31.71,26.07,88.5,3.12,13.33
1987-08-22,5.26,28.41,31.79,26.07,87.96,2.02,16.95
1987-08-23,3.82,28.85,32.87,25.82,87.52,1.66,16.47
1987-08-24,7.54,27.48,30.01,26.25,90.47,1.53,16.48
1987-08-25,5.92,28.24,32.11,25.94,89.2,2.72,9.24
1987-08-26,18.58,27.04,28.6,25.54,94.06,4.62,6.35
1987-08-27,37.38,27.18,29.3,25.92,93.85,3.76,6.15
1987-08-28,24.61,27.62,30.94,25.77,89.62,3.22,16.96
1987-08-29,10.85,27.92,30.85,25.79,89.99,3.2,16.83
1987-08-30,1.18,27.86,31.29,25.2,87.65,3.06,19.32
1987-08-31,2.59,27.79,31.28,25.02,87.83,2.51,17.63
1987-09-01,2.69,28.05,31.91,25.18,87.85,2.81,16.43
1987-09-02,1.01,28.28,32.26,25.55,87.74,2.5,18.54
1987-09-03,1.78,28.23,31.7,26.03,88.91,2.36,14.81
1987-09-04,7.92,28.06,31.49,25.95,89.71,2.97,18.11
1987-09-05,4.87,27.92,31.45,25.55,89.7,2.51,17.61
1987-09-06,5.09,27.56,31.13,25.11,90.07,2.26,17.59
1987-09-07,5.43,27.76,31.36,25.17,89.53,1.96,16.4
1987-09-08,2.26,27.68,32.1,24.22,87.21,1.38,17.29
1987-09-09,10.69,27.43,30.61,24.64,88.76,1.4,19.34
1987-09-10,3.75,27.34,31.06,24.76,88.2,2.17,20.8
1987-09-11,7.65,27.26,30.93,25.16,90.01,2.82,9.12
1987-09-12,2.56,26.98,29.79,25.05,91.21,2.07,18.84
1987-09-13,8.47,26.81,28.83,25.24,92.0,2.19,13.89
1987-09-14,4.67,27.64,31.22,25.23,89.47,2.14,19.07
1987-09-15,0.25,27.5,30.82,25.02,88.97,1.73,16.58
1987-09-16,13.56,27.56,31.7,23.94,87.5,1.36,18.6
1987-09-17,18.29,27.92,31.69,24.56,86.56,1.13,16.51
1987-09-18,5.21,27.12,29.86,25.03,90.5,1.09,18.19
1987-09-19,0.02,27.57,31.24,24.42,87.03,1.08,16.97
1987-09-20,0.13,28.5,32.54,24.7,83.63,0.7,21.4
1987-09-21,1.23,27.3,30.72,25.45,90.51,2.24,11.08
1987-09-22,7.38,26.96,29.69,24.6,89.71,1.4,10.83
1987-09-23,4.59,26.91,30.18,24.79,90.62,2.73,13.16
1987-09-24,12.74,26.63,29.18,24.8,90.96,3.27,7.29
1987-09-25,50.37,26.77,28.97,25.33,93.38,3.23,11.2
1987-09-26,46.61,26.27,27.81,25.19,94.97,2.95,10.91
1987-09-27,7.76,26.73,29.28,25.23,93.45,2.27,9.54
1987-09-28,0.24,26.51,29.16,24.81,91.57,2.6,16.52
1987-09-29,3.97,26.88,30.83,24.09,88.78,1.71,14.98
1987-09-30,1.46,26.81,31.33,23.1,85.81,1.02,20.99
1987-10-01,1.76,27.19,31.29,23.02,81.68,0.62,20.55
1987-10-02,0.0,27.5,31.49,23.94,77.08,0.7,21.94
1987-10-03,0.0,26.64,31.57,21.97,77.24,0.92,20.97
1987-10-04,0.02,26.94,31.83,21.71,74.91,0.68,21.1
1987-10-05,0.01,27.47,31.51,22.84,72.5,0.64,20.76
1987-10-06,0.0,27.4,31.41,24.13,78.92,0.91,19.57
1987-10-07,0.01,27.52,31.56,23.06,77.79,0.84,20.44
1987-10-08,26.42,26.45,29.96,24.02,82.9,0.78,9.71
1987-10-09,22.23,25.59,28.83,22.84,87.83,0.74,11.0
1987-10-10,7.93,26.51,30.64,23.04,86.46,0.77,16.73
1987-10-11,11.88,26.43,29.75,23.55,83.27,1.09,14.82
1987-10-12,0.03,25.72,30.0,21.52,81.16,1.16,22.06
1987-10-13,0.0,25.42,30.31,21.09,82.37,1.21,21.81
1987-10-14,0.0,25.69,30.75,20.44,80.01,1.11,22.3
1987-10-15,0.0,26.35,31.0,20.81,75.7,0.69,21.62
1987-10-16,0.0,26.98,30.11,23.45,75.31,0.77,20.72
1987-10-17,0.0,27.75,31.47,24.44,81.07,0.69,20.42
1987-10-18,2.49,27.32,30.82,24.1,81.17,0.85,17.31
1987-10-19,0.36,26.78,31.28,22.7,84.84,0.8,19.58
1987-10-20,1.89,26.21,29.52,23.75,89.53,2.49,6.48
1987-10-21,23.64,23.97,27.48,19.5,81.81,1.34,19.48
1987-10-22,0.03,22.28,27.37,17.99,77.98,1.27,21.14
1987-10-23,0.0,22.58,27.43,17.76,73.9,0.96,20.3
1987-10-24,0.0,24.63,29.37,19.26,78.29,0.68,20.27
1987-10-25,0.0,25.53,30.09,20.38,81.14,0.81,20.27
1987-10-26,0.0,24.44,30.01,19.62,80.96,1.37,20.75
1987-10-27,0.0,23.68,29.18,18.13,75.53,1.25,21.03
1987-10-28,0.0,22.92,28.6,18.12,72.69,1.32,20.91
1987-10-29,0.0,22.78,28.57,17.46,71.38,0.94,20.05
1987-10-30,0.0,22.26,27.8,17.21,75.11,1.32,20.12
1987-10-31,0.0,22.79,28.46,16.72,72.24,1.2,20.14
1987-11-01,0.0,23.08,29.79,16.79,72.71,0.89,17.34
1987-11-02,0.0,23.21,29.5,17.3,73.44,1.3,18.0
1987-11-03,0.0,22.49,28.42,17.92,78.45,1.53,18.23
1987-11-04,0.15,22.8,28.71,18.52,76.63,1.21,8.64
1987-11-05,0.16,24.55,29.89,19.45,71.91,0.85,19.7
1987-11-06,0.1,23.87,29.05,17.68,68.97,0.6,20.02
1987-11-07,0.0,23.4,28.57,18.02,68.37,1.02,20.24
1987-11-08,0.0,23.84,30.2,16.97,75.43,1.25,19.62
1987-11-09,0.0,24.5,30.3,18.65,73.0,1.35,20.4
1987-11-10,0.0,24.67,30.7,18.6,67.37,0.82,19.64
1987-11-11,0.0,23.81,31.13,17.94,70.31,1.59,19.81
1987-11-12,0.0,26.16,32.64,19.45,67.69,1.1,13.6
1987-11-13,0.27,25.15,27.83,22.71,78.77,0.65,7.79
1987-11-14,0.33,23.39,27.63,20.81,86.35,0.9,11.05
1987-11-15,1.91,24.7,29.57,20.68,85.44,0.87,9.15
1987-11-16,0.57,25.29,29.63,21.55,80.04,1.05,16.95
1987-11-17,11.69,23.61,28.14,19.91,78.97,1.13,18.29
1987-11-18,0.0,22.36,27.83,18.33,72.31,1.37,17.54
1987-11-19,0.0,22.08,27.63,16.55,62.39,1.18,18.12
1987-11-20,0.0,22.73,28.1,18.79,66.09,1.07,17.49
1987-11-21,0.0,21.37,27.76,16.7,70.2,1.24,17.67
1987-11-22,0.0,21.62,28.41,15.31,75.5,1.46,18.32
1987-11-23,0.0,23.41,29.31,18.28,69.18,0.81,17.63
1987-11-24,0.0,23.1,28.93,18.74,68.5,0.92,16.56
1987-11-25,0.0,22.35,28.24,17.83,70.64,1.16,16.22
1987-11-26,0.0,22.01,28.8,16.3,67.5,1.19,17.29
1987-11-27,0.0,21.55,28.29,16.43,64.92,1.17,16.5
1987-11-28,0.0,20.78,27.42,14.36,68.5,1.25,17.39
1987-11-29,0.0,21.01,27.45,15.16,57.73,0.78,17.2
1987-11-30,0.0,20.84,27.51,15.09,61.77,1.2,17.29
1987-12-01,0.0,20.96,28.29,14.88,59.49,1.13,17.91
1987-12-02,0.0,21.49,28.03,15.46,56.25,1.0,17.19
1987-12-03,0.0,21.03,27.33,15.04,56.07,0.79,15.85
1987-12-04,0.0,21.27,27.38,14.61,57.05,0.68,15.13
1987-12-05,0.0,21.29,27.65,13.86,56.44,0.72,16.26
1987-12-06,0.0,20.88,27.46,14.75,58.57,0.7,17.19
1987-12-07,0.0,21.08,27.27,14.07,57.07,0.75,17.51
1987-12-08,0.0,20.67,28.07,14.27,55.45,0.95,17.23
1987-12-09,0.11,20.96,28.22,12.6,56.14,0.79,17.15
1987-12-10,0.0,21.21,27.94,15.29,57.22,0.99,16.04
1987-12-11,0.0,21.03,27.8,15.17,61.66,0.99,15.86
1987-12-12,0.0,20.25,27.44,14.53,62.21,1.03,16.26
1987-12-13,2.34,18.82,23.33,15.8,81.8,2.26,5.08
1987-12-14,7.89,19.56,25.58,14.89,79.55,1.38,14.07
1987-12-15,0.3,19.27,26.58,12.75,74.71,1.27,16.21
1987-12-16,0.16,20.34,27.34,13.91,70.52,0.99,16.98
1987-12-17,0.0,20.98,28.0,15.07,66.07,1.08,16.26
1987-12-18,0.0,20.8,27.11,14.25,56.77,0.93,15.88
1987-12-19,0.0,20.7,28.27,13.18,55.45,1.11,16.48
1987-12-20,0.0,21.59,29.11,14.2,55.1,0.93,16.16
1987-12-21,0.0,22.03,29.92,14.8,52.11,0.7,17.82
1987-12-22,0.0,21.47,29.38,13.97,52.38,0.81,16.96
1987-12-23,0.0,21.0,27.85,14.68,54.38,0.92,16.94
1987-12-24,0.0,20.2,27.89,13.99,52.02,1.01,16.37
1987-12-25,0.0,19.42,28.52,12.95,56.91,1.33,17.11
1987-12-26,0.0,19.29,29.29,11.27,53.87,1.27,17.59
1987-12-27,0.0,19.84,29.27,12.59,51.54,1.16,16.91
1987-12-28,0.0,19.48,28.47,12.38,47.25,1.15,16.98
1987-12-29,0.0,18.97,27.78,12.54,45.91,1.28,16.97
1987-12-30,0.0,19.15,27.64,12.87,44.39,0.94,16.88
1987-12-31,0.0,19.4,27.64,12.08,42.74,0.86,16.53
1988-01-01,0.0,19.22,27.75,12.51,44.93,1.03,17.9
1988-01-02,0.0,20.02,28.59,12.29,42.18,0.81,16.86
1988-01-03,0.0,20.31,28.36,12.57,41.21,0.8,16.94
1988-01-04,0.0,19.87,28.21,12.52,43.77,0.87,17.22
1988-01-05,0.0,20.2,28.71,13.08,47.57,0.88,16.68
1988-01-06,0.0,20.83,27.8,14.06,47.32,0.79,16.83
1988-01-07,0.0,20.61,27.68,13.38,49.71,0.9,17.99
1988-01-08,0.0,19.53,27.64,11.83,48.37,1.27,16.82
1988-01-09,0.0,19.31,27.27,11.44,48.15,1.27,16.47
1988-01-10,0.0,19.99,28.06,12.95,43.56,1.19,18.05
1988-01-11,0.0,19.79,28.49,11.99,46.83,1.17,17.06
1988-01-12,0.0,21.14,29.56,13.67,39.42,0.89,17.39
1988-01-13,0.0,21.25,29.39,13.02,40.3,0.84,17.34
1988-01-14,0.0,20.0,27.79,12.32,58.02,1.13,16.49
1988-01-15,0.0,20.9,29.15,13.3,55.62,1.33,17.16
1988-01-16,0.04,21.16,28.97,14.05,50.77,1.17,17.34
1988-01-17,0.0,19.74,27.73,13.91,49.14,1.51,17.14
1988-01-18,0.0,19.01,27.83,11.28,49.99,1.35,17.28
1988-01-19,0.0,19.83,28.14,13.14,43.17,1.1,16.58
1988-01-20,0.0,19.36,27.45,12.87,43.54,1.32,17.43
1988-01-21,0.0,20.06,27.93,13.41,41.02,1.27,17.76
1988-01-22,0.0,20.57,28.3,13.22,35.77,0.98,17.91
1988-01-23,0.0,20.34,28.64,11.97,33.05,1.22,18.04
1988-01-24,0.0,20.43,28.44,12.56,32.19,1.35,18.58
1988-01-25,0.0,21.84,30.25,13.37,37.25,1.39,16.2
1988-01-26,0.0,20.44,29.98,13.3,49.33,1.48,18.14
1988-01-27,0.0,17.46,27.87,8.79,31.81,1.61,19.4
1988-01-28,0.0,18.07,27.71,10.2,30.6,1.54,19.03
1988-01-29,0.0,18.6,27.9,10.98,34.87,1.54,18.33
1988-01-30,0.0,18.91,27.98,10.29,33.72,1.71,17.65
1988-01-31,0.0,18.98,28.3,11.64,37.21,1.36,18.98
1988-02-01,0.0,19.01,28.56,11.67,39.57,1.55,17.58
1988-02-02,0.0,20.19,29.55,13.0,40.29,1.35,17.13
1988-02-03,0.0,20.36,30.16,12.79,38.53,1.41,17.32
1988-02-04,0.0,21.48,31.99,14.42,36.93,1.21,18.66
1988-02-05,0.0,22.3,31.43,14.53,32.57,1.06,19.19
1988-02-06,0.0,21.9,31.68,12.8,32.31,1.12,18.54
1988-02-07,0.0,22.29,30.86,13.39,28.82,1.05,18.73
1988-02-08,0.0,21.73,30.77,12.33,30.78,1.29,18.32
1988-02-09,0.0,21.77,30.83,13.68,29.05,1.24,19.21
1988-02-10,0.0,22.57,31.33,13.82,26.66,1.04,19.33
1988-02-11,0.0,22.56,31.84,12.53,31.57,1.15,19.61
1988-02-12,0.0,22.94,32.29,12.77,33.29,1.3,19.86
1988-02-13,0.0,23.38,32.58,13.28,38.39,1.43,19.18
1988-02-14,0.0,24.4,33.39,15.18,35.54,1.4,19.3
1988-02-15,0.0,23.95,31.71,15.8,38.27,1.5,16.7
1988-02-16,0.0,25.39,32.63,17.32,38.7,0.92,17.94
1988-02-17,7.44,21.81,24.94,17.72,57.39,0.8,17.41
1988-02-18,0.19,23.26,31.06,16.78,46.9,1.32,21.03
1988-02-19,0.0,22.39,31.94,14.17,33.47,1.39,21.07
1988-02-20,0.0,22.13,31.58,12.91,31.02,1.4,20.96
1988-02-21,0.0,22.1,31.41,13.07,32.79,1.23,20.72
1988-02-22,0.0,23.38,33.03,14.19,56.88,1.37,20.65
1988-02-23,0.68,24.2,31.25,16.82,61.87,1.54,6.66
1988-02-24,13.58,23.25,27.68,19.53,81.45,2.62,14.95
1988-02-25,1.44,24.6,31.67,19.51,65.38,1.33,20.9
1988-02-26,0.02,24.37,33.13,18.61,53.61,1.26,21.89
1988-02-27,0.0,22.64,31.94,13.19,28.32,1.32,22.8
1988-02-28,0.0,24.5,33.93,13.49,29.19,1.11,18.62
1988-02-29,0.0,25.72,33.47,17.97,61.87,1.44,14.16
1988-03-01,23.3,25.84,30.84,21.45,71.53,2.37,11.8
1988-03-02,1.12,24.76,30.38,20.91,72.53,1.73,15.1
1988-03-03,0.0,24.88,31.99,18.12,43.93,1.28,20.69
1988-03-04,0.0,23.81,31.9,16.37,32.65,1.27,13.3
1988-03-05,0.0,24.33,32.05,17.2,32.82,1.42,15.62
1988-03-06,0.0,25.08,34.44,16.86,60.53,2.15,19.2
1988-03-07,0.01,26.78,35.05,18.75,53.16,1.56,17.95
1988-03-08,0.0,27.05,35.4,17.38,42.51,1.22,21.62
1988-03-09,0.0,26.89,34.36,19.72,47.42,1.33,15.07
1988-03-10,0.0,27.61,35.63,19.43,52.6,1.39,20.39
1988-03-11,0.06,28.08,35.43,21.27,41.76,1.09,16.11
1988-03-12,4.76,26.89,34.22,19.16,46.62,1.27,14.56
1988-03-13,6.25,26.74,34.54,19.45,56.42,2.97,19.71
1988-03-14,10.7,27.0,33.14,22.38,72.35,3.75,10.83
1988-03-15,13.27,26.11,32.15,20.82,55.2,1.17,24.07
1988-03-16,2.11,25.96,34.04,17.37,33.05,1.39,24.17
1988-03-17,0.0,25.84,35.96,15.93,51.05,2.11,22.57
1988-03-18,0.0,28.59,37.99,20.24,61.26,2.28,22.37
1988-03-19,10.41,28.46,34.8,23.07,64.92,1.36,15.71
1988-03-20,1.35,27.8,35.42,21.42,58.08,2.17,23.72
1988-03-21,0.04,25.58,33.76,18.08,45.27,1.73,25.06
1988-03-22,0.16,24.8,33.82,17.84,31.78,1.27,24.76
1988-03-23,0.0,25.78,35.24,16.37,49.43,1.72,23.75
1988-03-24,0.0,26.35,35.47,18.14,53.19,2.01,21.94
1988-03-25,0.0,27.06,36.11,18.53,57.21,2.06,21.12
1988-03-26,0.0,28.13,37.33,19.78,57.72,2.85,22.64
1988-03-27,0.0,28.68,37.41,21.65,62.27,3.67,23.35
1988-03-28,0.13,29.04,36.99,23.01,64.19,3.02,21.19
1988-03-29,0.03,28.16,37.11,21.99,53.02,2.09,21.78
1988-03-30,0.0,27.28,37.32,18.38,53.53,2.11,21.46
1988-03-31,0.0,27.98,37.33,19.42,54.2,2.16,23.08
1988-04-01,0.0,28.47,37.64,20.38,55.76,2.24,20.85
1988-04-02,0.0,29.24,38.27,20.95,56.61,1.8,20.07
1988-04-03,0.0,30.45,38.81,22.86,53.24,1.59,19.94
1988-04-04,0.0,29.92,39.28,22.38,52.71,2.7,24.55
1988-04-05,0.0,30.5,40.05,22.69,58.9,3.56,20.78
1988-04-06,0.0,30.9,39.71,24.18,58.78,3.72,21.86
1988-04-07,0.0,30.93,40.21,24.02,58.07,2.88,23.29
1988-04-08,0.0,31.52,41.09,23.38,56.28,2.75,22.37
1988-04-09,0.0,30.76,38.67,25.48,60.35,2.84,22.99
1988-04-10,0.0,31.04,40.1,23.86,58.15,2.74,23.52
1988-04-11,0.0,31.78,40.87,24.42,56.02,3.32,23.01
1988-04-12,0.0,31.45,40.03,24.56,57.22,3.67,18.22
1988-04-13,0.6,30.52,38.98,25.22,66.0,4.3,21.61
1988-04-14,0.48,30.6,38.68,25.4,65.76,4.63,18.73
1988-04-15,14.21,28.71,34.3,25.37,71.04,4.53,18.61
1988-04-16,17.74,26.62,30.45,24.29,81.48,3.05,21.77
1988-04-17,2.96,26.86,31.62,23.82,75.39,2.27,17.84
1988-04-18,0.05,26.68,30.82,22.9,69.3,1.55,16.39
1988-04-19,0.09,28.54,34.56,22.79,66.68,2.73,22.06
1988-04-20,0.99,29.07,35.41,23.62,66.13,3.12,20.06
1988-04-21,7.46,26.94,30.64,24.1,76.59,2.58,16.03
1988-04-22,4.44,26.6,30.27,23.98,78.15,2.2,13.45
1988-04-23,0.37,29.28,36.29,22.72,60.26,1.32,23.81
1988-04-24,0.0,30.56,37.84,23.02,55.47,1.42,26.17
1988-04-25,0.04,29.79,35.23,25.49,56.75,1.34,21.83
1988-04-26,7.23,27.57,30.89,24.75,70.56,1.2,24.29
1988-04-27,0.01,30.68,39.01,23.96,52.5,2.65,22.07
1988-04-28,0.01,30.82,39.13,24.08,59.57,2.4,21.26
1988-04-29,18.43,29.38,33.8,25.89,65.23,1.79,12.49
1988-04-30,5.15,27.99,33.32,23.22,65.98,1.22,15.39
1988-05-01,0.63,28.71,35.31,23.41,56.94,1.74,25.23
1988-05-02,1.07,29.84,37.34,22.72,57.97,1.46,25.35
1988-05-03,0.01,29.77,35.02,24.52,61.56,1.69,23.75
1988-05-04,0.21,29.46,34.52,25.12,63.42,1.99,20.3
1988-05-05,0.0,30.94,37.57,24.48,58.14,1.39,22.77
1988-05-06,0.06,31.74,39.16,24.59,54.96,1.89,23.32
1988-05-07,0.01,32.13,39.19,25.29,53.93,2.14,16.42
1988-05-08,4.53,31.35,38.35,25.89,63.76,3.5,17.41
1988-05-09,3.0,31.4,37.92,26.81,63.6,4.72,14.27
1988-05-10,33.4,29.46,34.0,26.33,76.15,5.6,20.55
1988-05-11,18.96,29.7,35.37,26.04,76.23,4.74,20.56
1988-05-12,12.86,29.41,33.78,26.28,78.29,4.62,18.46
1988-05-13,13.53,28.88,33.75,25.69,79.16,3.24,18.04
1988-05-14,3.47,29.4,35.48,24.09,71.2,1.84,26.54
1988-05-15,7.68,28.78,34.37,24.03,73.64,1.87,11.76
1988-05-16,2.33,29.28,34.81,24.27,70.59,1.91,10.87
1988-05-17,6.5,29.13,34.36,24.24,71.72,1.93,18.08
1988-05-18,13.17,28.57,32.91,24.81,76.93,2.05,18.4
1988-05-19,4.39,26.99,30.67,24.67,79.63,2.98,7.28
1988-05-20,13.72,27.34,30.26,24.64,89.73,4.04,12.07
1988-05-21,11.86,28.49,32.53,25.92,83.7,3.38,17.95
1988-05-22,40.11,28.25,31.47,25.69,87.24,3.73,3.62
1988-05-23,14.26,28.16,31.49,26.11,88.19,3.49,23.05
1988-05-24,24.1,27.66,30.81,25.52,88.87,3.51,18.95
1988-05-25,21.84,27.72,31.49,25.3,87.91,3.62,21.28
1988-05-26,22.88,27.89,31.43,25.5,87.87,3.66,18.79
1988-05-27,14.13,28.37,32.38,25.84,85.83,4.08,20.4
1988-05-28,0.81,28.36,32.48,25.71,83.49,4.31,19.33
1988-05-29,39.41,28.01,31.65,25.69,86.45,3.93,11.87
1988-05-30,22.54,28.28,32.3,25.45,86.86,2.84,16.93
1988-05-31,11.59,27.7,31.54,25.02,87.5,2.05,7.74
1988-06-01,4.73,27.62,31.2,24.64,87.05,1.24,23.11
1988-06-02,0.0,28.23,31.74,24.93,86.87,1.25,27.93
1988-06-03,1.38,28.2,32.27,25.11,80.58,1.2,20.08
1988-06-04,0.63,28.71,33.25,23.91,79.21,1.06,24.97
1988-06-05,0.01,28.31,31.62,25.27,86.15,1.27,25.16
1988-06-06,0.0,28.63,31.24,25.28,84.96,0.76,23.62
1988-06-07,0.0,27.9,29.77,26.11,87.27,1.51,18.58
1988-06-08,8.99,27.64,31.75,25.36,86.33,2.35,20.61
1988-06-09,3.34,27.62,32.13,24.8,83.52,3.6,22.58
1988-06-10,9.92,27.64,31.5,24.24,83.62,3.55,17.11
1988-06-11,15.52,27.13,29.69,25.24,88.44,3.11,10.2
1988-06-12,4.44,27.31,30.48,25.18,88.58,4.32,7.89
1988-06-13,18.3,27.37,30.04,25.51,89.7,3.9,11.46
1988-06-14,20.03,27.86,31.05,25.57,88.07,3.49,14.1
1988-06-15,1.59,28.29,31.85,25.74,84.97,3.92,12.55
1988-06-16,7.25,28.09,32.12,25.6,87.97,3.42,4.91
1988-06-17,10.1,28.45,31.96,25.71,86.72,3.89,15.5
1988-06-18,5.99,28.5,32.68,25.15,85.72,2.55,20.51
1988-06-19,0.61,28.19,31.31,25.13,86.75,1.99,17.6
1988-06-20,0.14,28.21,31.65,25.61,87.87,1.87,22.48
1988-06-21,8.51,28.17,30.59,26.65,90.0,2.7,18.6
1988-06-22,23.14,27.71,30.04,26.32,91.47,3.33,9.64
1988-06-23,16.61,27.44,29.66,26.25,90.41,4.78,21.38
1988-06-24,18.86,27.63,29.74,26.34,93.37,3.55,3.99
1988-06-25,56.33,27.92,30.06,26.21,93.64,2.59,9.27
1988-06-26,101.04,27.71,30.2,26.28,93.04,2.14,5.41
1988-06-27,65.57,27.19,29.3,25.87,93.91,3.11,9.31
1988-06-28,10.44,27.26,30.95,25.31,90.74,3.74,17.83
1988-06-29,1.38,28.57,32.29,25.3,87.54,1.9,20.51
1988-06-30,0.71,28.46,32.11,25.67,88.5,2.25,20.35
1988-07-01,0.52,27.73,30.67,25.67,89.22,2.89,22.4
1988-07-02,2.8,27.71,31.06,25.25,88.19,3.66,16.64
1988-07-03,5.49,27.71,31.14,25.23,88.56,4.37,16.72
1988-07-04,6.03,27.47,30.41,25.61,89.64,4.27,8.06
1988-07-05,19.78,27.73,31.16,25.4,89.67,4.07,3.16
1988-07-06,21.18,27.76,30.91,25.5,90.12,3.64,10.17
1988-07-07,28.48,27.62,30.4,25.91,91.62,3.4,3.35
1988-07-08,27.84,26.88,28.28,25.67,94.02,3.09,10.71
1988-07-09,25.86,27.18,29.97,25.1,91.75,2.8,9.26
1988-07-10,18.78,27.49,30.3,25.53,90.72,3.13,14.61
1988-07-11,9.2,27.82,31.06,25.49,90.22,2.35,9.57
1988-07-12,4.88,28.2,31.87,25.18,87.87,1.94,19.65
1988-07-13,4.7,28.0,31.12,25.4,90.64,1.64,21.82
1988-07-14,5.12,27.74,31.04,25.6,91.36,1.83,18.27
1988-07-15,37.13,28.41,31.68,25.02,86.54,0.93,15.21
1988-07-16,9.7,28.95,33.35,25.83,86.56,1.19,21.88
1988-07-17,5.12,27.69,29.5,26.06,91.12,2.09,19.85
1988-07-18,7.47,27.14,29.74,25.3,92.02,3.07,16.47
1988-07-19,4.35,27.68,30.2,25.78,91.7,3.33,22.2
1988-07-20,0.76,27.91,30.82,25.61,90.31,2.38,17.36
1988-07-21,0.18,28.09,30.97,25.67,90.12,2.44,22.23
1988-07-22,3.92,27.99,31.17,25.95,90.08,3.9,19.0
1988-07-23,10.21,27.27,29.1,25.83,93.67,3.63,17.47
1988-07-24,6.94,27.86,31.02,25.82,89.87,3.31,15.84
1988-07-25,11.28,27.47,30.23,25.93,91.11,3.7,17.65
1988-07-26,11.11,27.51,30.59,25.62,90.67,3.02,18.11
1988-07-27,2.19,27.33,29.98,25.82,92.78,2.52,18.21
1988-07-28,0.23,28.03,32.0,25.25,88.34,2.11,19.31
1988-07-29,0.25,28.1,32.0,25.57,89.42,2.13,23.06
1988-07-30,0.64,27.93,31.41,25.87,90.96,2.59,12.91
1988-07-31,0.91,28.56,32.51,25.74,88.51,2.0,26.55
1988-08-01,7.91,28.22,31.56,26.56,90.62,2.1,18.37
1988-08-02,0.54,27.76,31.04,25.68,90.55,3.25,22.04
1988-08-03,0.25,27.61,31.31,25.0,88.77,3.79,16.85
1988-08-04,1.62,28.11,31.38,25.88,89.55,2.86,18.68
1988-08-05,0.8,28.36,31.79,25.82,89.41,2.88,16.84
1988-08-06,1.47,28.47,31.51,26.17,90.61,2.07,12.5
1988-08-07,2.56,27.84,30.02,26.32,91.88,1.67,20.22
1988-08-08,2.13,28.65,32.27,25.94,87.88,1.39,13.89
1988-08-09,3.76,27.59,29.32,26.43,93.8,2.23,14.56
1988-08-10,13.36,27.04,29.04,25.32,93.36,3.11,18.28
1988-08-11,12.98,26.83,29.74,24.63,91.86,3.39,12.06
1988-08-12,9.69,27.51,30.68,25.41,90.9,2.59,11.69
1988-08-13,3.03,28.31,31.54,25.71,88.47,3.0,6.12
1988-08-14,8.58,28.46,31.44,26.02,90.86,2.86,5.84
1988-08-15,6.88,28.76,32.01,26.19,87.59,1.42,16.31
1988-08-16,4.68,28.59,32.55,26.1,88.21,1.56,16.05
1988-08-17,8.29,27.53,30.36,25.84,92.11,2.45,17.71
1988-08-18,7.6,27.05,30.04,25.04,91.25,2.41,15.26
1988-08-19,0.65,28.01,31.99,25.18,89.04,2.14,22.15
1988-08-20,0.9,28.06,32.08,25.19,88.03,2.47,18.11
1988-08-21,2.5,27.82,31.17,25.42,88.63,3.48,16.0
1988-08-22,8.09,27.16,28.87,26.04,92.87,3.84,13.44
1988-08-23,3.92,27.52,30.38,25.85,91.32,3.61,14.06
1988-08-24,11.72,27.55,30.6,25.66,90.23,3.63,9.94
1988-08-25,11.89,27.4,30.65,25.26,89.63,3.31,11.75
1988-08-26,2.03,26.48,28.64,25.1,92.06,2.52,10.22
1988-08-27,0.71,27.54,31.28,24.95,88.42,2.91,11.05
1988-08-28,0.2,27.55,31.14,25.16,87.98,3.69,16.89
1988-08-29,82.99,27.04,29.49,25.43,92.51,2.71,8.34
1988-08-30,11.53,27.79,31.35,25.25,89.53,2.13,21.26
1988-08-31,16.81,27.43,31.06,25.3,91.61,2.09,19.79
1988-09-01,11.13,27.97,31.97,25.08,90.26,2.32,18.12
1988-09-02,0.4,26.95,28.91,25.83,92.3,2.84,15.13
1988-09-03,1.01,27.25,30.39,25.34,90.71,3.24,13.05
1988-09-04,6.25,27.44,30.97,24.74,89.24,3.0,4.34
1988-09-05,15.33,27.55,30.21,25.47,91.58,2.84,8.35
1988-09-06,9.25,27.47,30.38,25.49,90.74,2.4,12.09
1988-09-07,3.51,27.23,29.53,25.59,93.39,2.3,17.96
1988-09-08,9.88,26.98,29.16,25.55,92.97,1.68,9.99
1988-09-09,7.14,27.23,30.29,25.22,91.52,1.97,16.99
1988-09-10,12.83,27.26,30.2,24.87,90.13,1.32,17.61
1988-09-11,10.44,27.3,30.42,25.26,90.69,1.55,13.18
1988-09-12,25.87,27.43,30.1,25.34,91.11,1.81,7.93
1988-09-13,11.14,27.29,29.78,25.48,90.99,1.19,10.77
1988-09-14,0.53,28.42,31.81,24.57,83.16,0.6,19.64
1988-09-15,0.2,28.05,31.3,25.22,83.78,0.98,23.04
1988-09-16,0.73,26.0,28.09,24.59,91.58,1.44,6.11
1988-09-17,4.37,27.76,31.61,24.04,85.19,1.44,21.16
1988-09-18,2.19,28.87,32.41,25.31,83.19,0.84,24.93
1988-09-19,0.5,30.36,34.44,26.46,78.45,0.59,23.99
1988-09-20,16.0,28.17,30.81,26.18,89.48,0.98,19.85
1988-09-21,8.53,27.88,30.46,25.91,90.72,1.06,22.06
1988-09-22,0.88,27.52,30.9,25.34,90.3,1.51,17.21
1988-09-23,6.93,27.61,31.08,25.36,89.32,1.25,22.04
1988-09-24,0.88,28.97,32.56,25.38,83.81,0.87,19.85
1988-09-25,0.24,29.07,33.01,25.5,82.74,0.99,18.51
1988-09-26,1.48,27.83,31.16,25.48,87.84,2.36,13.23
1988-09-27,0.58,27.76,31.44,24.99,89.27,2.17,18.93
1988-09-28,0.01,27.95,32.15,24.43,88.71,1.9,19.97
1988-09-29,0.01,27.59,29.86,25.25,85.93,0.54,12.41
1988-09-30,0.11,27.1,29.4,24.99,87.52,0.91,20.03
1988-10-01,0.07,27.8,32.07,24.89,84.9,0.93,21.89
1988-10-02,0.85,27.19,30.3,24.98,89.44,1.25,19.03
1988-10-03,4.37,26.79,28.96,24.87,91.69,1.2,8.16
1988-10-04,2.45,27.39,30.38,24.9,91.31,2.18,12.1
1988-10-05,7.24,27.33,30.08,25.68,92.35,2.58,14.66
1988-10-06,3.66,27.34,29.83,25.37,92.74,2.67,11.32
1988-10-07,13.36,26.61,29.34,23.89,78.02,1.34,19.14
1988-10-08,2.73,24.71,29.08,21.25,73.71,1.05,21.14
1988-10-09,0.0,24.4,28.7,18.91,71.45,1.22,21.91
1988-10-10,0.0,25.36,29.75,20.45,71.93,0.95,22.22
1988-10-11,0.0,26.55,31.23,21.21,78.51,0.88,20.3
1988-10-12,0.01,27.44,31.05,23.73,85.92,0.88,21.05
1988-10-13,3.11,26.11,28.18,24.37,92.94,1.05,14.99
1988-10-14,7.74,26.03,29.14,23.49,88.69,0.8,17.94
1988-10-15,4.46,26.18,30.96,22.34,83.87,1.05,20.7
1988-10-16,0.0,25.92,30.49,21.98,80.11,1.33,20.74
1988-10-17,0.0,25.8,29.11,23.12,87.15,0.74,17.48
1988-10-18,0.01,27.29,31.81,23.84,86.38,0.89,16.12
1988-10-19,14.97,25.14,26.66,24.27,93.08,4.41,4.14
1988-10-20,34.86,25.45,28.63,22.87,90.47,2.82,13.59
1988-10-21,0.93,25.11,28.91,21.4,84.26,1.11,19.81
1988-10-22,0.01,24.62,29.3,20.86,80.29,1.46,20.64
1988-10-23,0.0,24.77,30.01,19.44,79.3,1.44,20.69
1988-10-24,0.0,25.8,30.45,21.14,79.62,0.99,20.3
1988-10-25,0.0,25.96,30.21,21.4,77.93,0.82,20.14
1988-10-26,0.0,25.59,29.78,21.06,78.8,0.95,20.14
1988-10-27,0.0,25.16,29.72,21.63,80.37,1.41,21.18
1988-10-28,0.0,24.41,29.69,19.53,79.59,1.24,21.12
1988-10-29,0.0,24.37,30.22,19.58,82.48,1.36,20.99
1988-10-30,0.0,24.69,30.02,20.05,80.28,1.31,20.83
1988-10-31,0.0,23.66,29.56,18.66,75.59,1.48,20.49
1988-11-01,0.0,23.66,29.52,18.28,73.13,1.28,20.45
1988-11-02,0.0,23.68,29.27,18.99,72.29,1.04,17.26
1988-11-03,0.0,23.64,28.74,18.78,71.81,0.79,11.79
1988-11-04,0.0,23.95,29.03,18.9,73.16,1.07,20.04
1988-11-05,0.0,23.81,28.79,19.37,72.92,1.0,19.48
1988-11-06,0.01,23.81,29.02,18.39,72.98,1.07,17.44
1988-11-07,0.0,23.67,28.7,18.68,75.51,0.73,18.6
1988-11-08,0.01,24.48,29.37,19.24,77.19,0.58,20.1
1988-11-09,0.0,24.0,29.31,19.66,79.19,1.13,20.39
1988-11-10,0.0,23.22,29.03,18.4,80.47,1.28,20.08
1988-11-11,0.0,23.23,28.91,17.74,79.08,1.35,19.17
1988-11-12,0.0,23.95,28.34,19.03,74.19,0.96,17.62
1988-11-13,0.0,23.87,29.35,17.65,71.27,0.82,18.42
1988-11-14,0.0,23.31,29.05,17.47,73.86,1.15,19.8
1988-11-15,0.0,22.19,28.63,17.02,77.06,1.51,19.47
1988-11-16,0.0,22.17,28.66,16.65,75.82,1.26,19.5
1988-11-17,0.0,21.73,28.98,15.8,76.2,1.4,18.33
1988-11-18,0.0,20.86,27.08,15.68,82.14,1.96,13.62
1988-11-19,0.14,23.04,29.08,17.49,78.76,1.22,18.45
1988-11-20,0.01,22.75,26.3,19.95,79.39,1.31,15.24
1988-11-21,0.0,22.45,27.52,18.38,80.29,1.32,18.02
1988-11-22,0.0,23.21,28.53,18.4,75.53,1.03,18.75
1988-11-23,0.0,23.6,29.21,17.78,71.43,0.77,18.41
1988-11-24,0.0,23.63,28.88,18.62,66.8,0.72,18.47
1988-11-25,0.0,23.59,28.69,17.7,60.85,0.7,18.36
1988-11-26,0.0,22.09,27.52,18.04,61.89,0.72,16.91
1988-11-27,0.0,21.91,28.08,14.76,62.94,1.08,12.72
1988-11-28,6.42,20.56,21.95,18.87,86.53,1.12,6.91
1988-11-29,8.72,22.81,27.15,19.92,90.5,2.24,6.81
1988-11-30,44.65,22.25,24.29,20.34,91.88,4.63,7.04
1988-12-01,12.87,22.39,26.53,18.37,85.71,1.09,12.67
1988-12-02,0.91,22.2,27.5,17.41,84.56,1.02,15.83
1988-12-03,0.0,22.06,27.69,17.05,83.94,1.31,18.3
1988-12-04,0.0,22.02,27.31,17.13,80.79,0.91,17.2
1988-12-05,0.0,21.56,27.23,16.39,79.8,1.19,16.64
1988-12-06,0.0,21.84,27.06,16.75,68.23,0.73,16.71
1988-12-07,0.0,20.59,25.64,14.36,69.68,0.83,16.21
1988-12-08,0.0,19.37,25.0,15.44,73.81,1.24,14.84
1988-12-09,0.0,19.8,25.86,13.4,70.37,1.09,17.16
1988-12-10,0.0,20.85,26.47,14.44,69.82,0.87,17.21
1988-12-11,0.0,20.89,26.35,14.8,69.77,0.94,16.05
1988-12-12,0.0,20.59,26.47,14.19,68.92,0.91,15.39
1988-12-13,0.0,21.11,26.42,15.63,65.78,0.96,15.75
1988-12-14,0.0,19.3,25.6,13.62,68.32,1.08,15.92
1988-12-15,0.0,18.39,24.73,12.33,71.32,1.07,14.96
1988-12-16,0.03,19.19,24.55,14.55,76.29,0.83,16.09
1988-12-17,0.01,20.02,25.62,13.38,74.65,0.97,16.34
1988-12-18,0.0,19.7,25.28,14.41,72.66,1.12,16.56
1988-12-19,0.0,19.3,25.87,12.86,70.71,1.06,16.81
1988-12-20,0.0,19.31,26.16,12.74,71.9,0.99,16.94
1988-12-21,0.0,19.96,26.13,14.27,64.33,0.94,16.73
1988-12-22,0.0,18.84,25.75,12.3,68.27,1.3,17.03
1988-12-23,0.0,19.12,26.09,12.36,71.02,1.29,16.54
1988-12-24,0.0,19.25,26.22,13.04,68.41,1.26,17.0
1988-12-25,0.0,18.93,26.48,12.26,69.31,1.35,16.93
1988-12-26,0.0,20.18,27.87,12.44,62.45,0.9,17.12
1988-12-27,0.0,19.92,27.29,12.98,61.19,1.04,16.41
1988-12-28,0.0,18.88,26.43,12.86,67.83,1.45,16.21
1988-12-29,0.0,18.59,25.57,13.08,61.06,1.1,16.68
1988-12-30,0.0,19.13,26.17,12.83,67.53,0.86,16.66
1988-12-31,0.0,19.17,25.96,13.44,68.1,1.04,16.21
1989-01-01,0.0,19.1,26.06,13.09,67.36,1.01,16.23
1989-01-02,0.0,18.42,24.62,12.19,63.01,1.15,16.43
1989-01-03,0.0,18.43,25.09,11.1,64.31,1.17,16.95
1989-01-04,0.03,18.37,25.4,12.66,63.39,1.26,16.91
1989-01-05,0.27,17.78,25.31,11.54,67.03,1.29,16.66
1989-01-06,0.01,18.08,25.5,11.29,64.59,1.24,16.97
1989-01-07,0.0,17.63,25.55,10.7,65.88,1.36,16.4
1989-01-08,0.0,18.0,26.79,10.4,63.87,1.39,18.25
1989-01-09,0.0,18.86,26.4,11.23,60.2,1.31,16.85
1989-01-10,0.0,17.35,23.94,11.12,58.1,1.4,16.82
1989-01-11,0.0,15.66,22.75,9.47,45.33,1.24,17.54
1989-01-12,0.0,13.28,21.19,6.88,51.96,1.56,17.68
1989-01-13,0.0,13.65,22.37,6.62,50.01,1.57,18.22
1989-01-14,0.0,15.64,23.55,8.13,48.36,0.97,18.21
1989-01-15,0.0,16.08,24.34,8.56,47.93,1.35,17.88
1989-01-16,0.0,16.02,23.84,8.15,43.81,1.15,17.48
1989-01-17,0.0,15.74,23.84,7.91,40.74,1.24,14.27
1989-01-18,0.0,14.67,24.62,6.53,48.23,1.47,17.53
1989-01-19,0.0,14.83,23.03,8.15,44.41,1.37,16.73
1989-01-20,0.0,15.71,23.83,8.46,43.07,1.3,16.94
1989-01-21,0.0,14.67,24.26,6.87,49.05,1.51,17.6
1989-01-22,0.0,15.52,24.38,8.38,47.77,1.3,16.85
1989-01-23,0.0,16.86,24.73,10.7,43.23,1.01,16.89
1989-01-24,0.0,17.07,24.76,11.23,40.85,1.21,17.33
1989-01-25,0.0,17.3,25.58,10.67,39.17,1.19,16.3
1989-01-26,0.0,16.91,26.52,9.07,43.16,1.43,18.57
1989-01-27,0.0,17.53,26.33,8.24,41.72,1.34,19.37
1989-01-28,0.0,17.55,25.99,9.8,32.04,1.21,19.01
1989-01-29,0.0,17.3,26.65,8.59,34.05,1.41,18.93
1989-01-30,0.0,17.11,26.13,8.26,37.29,1.32,18.97
1989-01-31,0.0,17.98,26.71,8.27,36.5,1.16,18.32
1989-02-01,0.0,19.1,28.3,9.42,36.03,1.23,17.95
1989-02-02,0.0,19.0,29.03,10.09,51.76,1.62,16.76
1989-02-03,0.0,19.76,29.55,11.5,61.31,1.78,18.48
1989-02-04,0.0,19.79,29.45,12.02,61.5,1.77,16.68
1989-02-05,0.0,20.68,30.8,12.25,66.33,2.75,19.3
1989-02-06,0.0,22.45,31.55,15.29,72.46,2.97,15.55
1989-02-07,0.04,23.29,32.3,17.59,69.09,2.65,18.58
1989-02-08,2.97,22.05,30.46,16.26,62.68,1.8,19.15
1989-02-09,0.0,22.0,29.99,13.3,45.4,1.25,19.58
1989-02-10,0.0,22.8,31.24,13.21,32.43,1.26,19.52
1989-02-11,0.0,23.44,31.07,15.86,30.92,0.94,19.17
1989-02-12,0.01,21.75,30.21,14.24,39.87,1.48,18.21
1989-02-13,0.16,21.01,29.58,12.66,34.94,1.32,20.62
1989-02-14,0.0,20.66,30.15,11.72,43.19,1.98,17.02
1989-02-15,0.06,22.59,31.49,16.67,57.99,2.34,20.61
1989-02-16,0.04,21.68,30.41,14.5,44.51,1.88,20.12
1989-02-17,0.0,22.76,31.76,15.1,54.42,1.21,19.15
1989-02-18,0.0,23.0,31.75,14.66,55.32,1.18,16.64
1989-02-19,9.24,23.01,30.97,16.14,72.17,2.97,12.86
1989-02-20,0.0,18.76,25.73,12.89,56.3,1.94,21.36
1989-02-21,4.32,18.48,26.7,10.4,41.4,1.38,21.45
1989-02-22,0.0,20.22,29.99,10.01,32.75,1.25,21.19
1989-02-23,0.04,20.16,29.99,11.18,44.72,1.51,19.86
1989-02-24,0.02,20.12,29.53,11.93,47.35,1.37,22.62
1989-02-25,0.0,21.33,30.57,12.67,40.01,1.3,22.85
1989-02-26,0.0,22.3,31.0,15.04,36.2,1.33,22.49
1989-02-27,0.0,23.73,33.12,13.78,36.38,1.35,23.16
1989-02-28,0.0,23.93,33.71,14.98,39.33,1.42,22.54
1989-03-01,0.0,24.61,34.54,15.83,55.54,1.97,19.03
1989-03-02,0.0,24.4,35.09,15.48,56.61,1.84,19.93
1989-03-03,0.0,24.84,34.09,16.52,45.01,1.56,22.12
1989-03-04,0.0,24.13,32.52,16.13,20.81,1.48,22.66
1989-03-05,0.0,24.18,33.37,14.05,19.97,1.29,23.14
1989-03-06,0.0,23.41,32.59,13.62,42.46,1.3,23.15
1989-03-07,0.0,22.94,31.47,16.83,31.5,1.09,21.65
1989-03-08,0.0,23.97,34.8,13.17,43.2,1.61,22.83
1989-03-09,0.0,24.92,34.88,16.25,53.91,1.43,22.94
1989-03-10,0.0,26.11,35.4,17.66,54.85,1.34,22.52
1989-03-11,0.0,25.87,33.02,19.81,57.59,1.86,22.33
1989-03-12,0.0,24.96,33.28,18.58,47.39,1.55,18.92
1989-03-13,1.87,23.8,32.02,16.01,44.63,1.51,22.67
1989-03-14,0.1,24.73,33.52,16.08,41.14,1.64,23.17
1989-03-15,0.02,25.75,33.87,18.25,35.51,1.44,23.58
1989-03-16,0.03,27.38,35.15,18.33,28.6,1.34,23.63
1989-03-17,0.53,26.74,35.88,17.11,41.89,1.54,23.19
1989-03-18,0.0,27.74,36.24,20.25,38.39,1.19,24.14
1989-03-19,0.0,27.3,37.0,17.58,39.25,1.79,22.89
1989-03-20,0.0,27.4,36.99,19.08,51.68,1.59,19.59
1989-03-21,0.01,28.04,37.46,19.81,55.44,1.84,22.88
1989-03-22,0.0,28.54,37.61,20.73,64.41,3.32,21.66
1989-03-23,0.0,29.55,39.15,23.24,60.4,4.24,23.07
1989-03-24,0.02,29.2,37.4,23.51,63.3,3.64,21.23
1989-03-25,0.02,28.95,38.08,22.24,56.01,2.73,22.56
1989-03-26,0.0,29.33,39.08,20.45,51.48,1.95,23.2
1989-03-27,0.0,29.62,39.85,21.67,48.0,1.61,23.52
1989-03-28,0.0,29.35,37.77,21.32,29.49,2.4,22.95
1989-03-29,0.0,26.23,30.5,22.02,41.11,1.75,11.06
1989-03-30,0.04,23.81,27.08,20.37,50.2,0.99,15.55
1989-03-31,0.03,26.47,35.09,18.03,45.53,1.96,21.68
1989-04-01,0.0,27.87,35.25,20.91,58.23,3.34,20.01
1989-04-02,0.0,29.52,38.14,23.87,64.47,5.16,22.83
1989-04-03,11.21,28.56,35.49,23.64,68.65,3.8,23.32
1989-04-04,4.9,28.1,36.6,22.79,62.9,2.27,22.64
1989-04-05,0.0,28.33,37.94,20.27,50.05,1.96,25.28
1989-04-06,0.0,27.97,38.43,18.72,51.51,1.95,24.42
1989-04-07,0.0,27.54,37.93,18.18,48.42,2.01,25.42
1989-04-08,0.0,28.24,38.6,19.05,52.44,3.06,25.16
1989-04-09,0.0,28.39,38.01,20.48,60.81,3.51,24.79
1989-04-10,0.03,29.2,37.42,23.4,63.07,4.85,24.54
1989-04-11,0.02,28.91,36.68,23.74,62.63,5.1,22.74
1989-04-12,0.0,29.68,37.15,24.59,59.37,4.56,23.65
1989-04-13,0.0,29.87,38.62,23.4,54.54,3.1,23.49
1989-04-14,0.02,30.71,40.42,22.32,52.78,3.06,24.82
1989-04-15,0.0,31.08,40.94,22.58,55.44,3.19,24.44
1989-04-16,0.0,30.98,39.93,24.74,59.69,5.08,22.72
1989-04-17,0.0,30.07,38.05,24.97,61.31,4.82,20.94
1989-04-18,0.0,30.26,38.31,24.79,60.63,4.42,22.8
1989-04-19,0.51,29.7,36.92,24.85,63.26,3.5,22.86
1989-04-20,0.06,29.42,36.64,24.0,64.06,3.49,24.92
1989-04-21,0.0,30.85,41.09,23.71,57.82,3.38,17.6
1989-04-22,0.0,30.94,40.86,23.05,60.46,3.91,26.14
1989-04-23,0.0,29.44,37.0,24.36,66.76,3.93,25.96
1989-04-24,0.0,30.36,38.69,24.49,63.87,4.5,19.55
1989-04-25,0.19,30.62,38.9,25.14,62.0,4.46,22.81
1989-04-26,1.14,30.68,38.73,25.58,62.95,5.49,23.13
1989-04-27,0.88,30.6,37.14,26.33,63.15,5.66,22.82
1989-04-28,9.55,29.34,34.26,25.43,70.86,5.04,18.09
1989-04-29,57.22,27.41,30.76,24.73,84.02,4.16,9.3
1989-04-30,33.47,27.39,30.92,24.31,81.21,3.69,24.57
1989-05-01,7.25,27.88,33.33,23.44,75.75,2.21,24.41
1989-05-02,0.03,28.61,34.45,23.31,72.46,3.28,22.0
1989-05-03,0.6,29.4,35.46,25.06,71.76,4.2,21.14
1989-05-04,3.94,29.56,35.84,25.35,71.1,4.31,21.99
1989-05-05,2.48,30.18,37.92,25.13,69.96,3.67,18.54
1989-05-06,0.62,29.76,36.59,24.82,68.74,3.33,24.6
1989-05-07,0.0,30.39,38.18,24.56,66.61,2.97,24.2
1989-05-08,0.0,30.08,37.3,25.3,67.13,3.33,24.41
1989-05-09,0.0,30.98,39.58,24.84,63.93,3.5,24.8
1989-05-10,0.0,31.39,39.45,25.61,62.34,2.93,24.6
1989-05-11,0.0,31.01,39.48,24.27,59.33,2.04,22.99
1989-05-12,0.0,31.03,39.43,23.5,58.94,2.46,23.33
1989-05-13,0.0,30.49,37.8,24.87,63.21,3.26,19.04
1989-05-14,3.59,30.25,36.93,25.46,63.16,3.22,18.93
1989-05-15,3.12,29.94,36.03,25.52,66.0,3.58,9.57
1989-05-16,14.04,29.61,34.7,25.88,70.54,2.6,18.18
1989-05-17,16.73,29.14,34.44,24.6,74.57,2.35,17.36
1989-05-18,0.11,29.8,34.33,25.66,68.46,1.49,25.88
1989-05-19,2.83,30.73,35.55,26.03,63.0,1.06,25.45
1989-05-20,4.25,30.7,35.78,25.94,67.48,1.68,24.26
1989-05-21,6.82,30.5,35.86,25.73,68.39,2.1,20.45
1989-05-22,11.75,28.25,30.92,26.08,77.5,1.62,24.31
1989-05-23,4.46,30.29,35.52,25.62,68.59,1.57,27.1
1989-05-24,1.73,29.87,34.12,26.6,75.97,1.72,21.17
1989-05-25,11.08,29.13,32.65,26.12,78.38,1.82,21.84
1989-05-26,1.4,29.65,35.35,25.2,70.2,3.9,21.98
1989-05-27,1.38,29.7,33.32,26.44,69.54,5.49,17.08
1989-05-28,9.34,28.51,31.09,26.28,81.23,4.75,10.99
1989-05-29,19.75,28.94,33.5,25.4,76.91,2.78,21.3
1989-05-30,5.34,29.24,35.12,24.36,73.01,2.51,17.22
1989-05-31,0.71,30.14,36.33,24.28,67.44,1.92,23.5
1989-06-01,0.14,30.63,36.02,25.5,67.16,2.22,22.92
1989-06-02,1.27,30.71,36.1,25.6,67.52,2.68,22.74
1989-06-03,1.65,29.66,34.56,26.08,72.05,3.28,15.36
1989-06-04,19.79,28.22,31.13,25.81,81.53,2.05,16.49
1989-06-05,17.46,28.08,32.32,25.5,81.15,3.09,18.01
1989-06-06,42.77,28.04,31.78,25.22,84.11,3.07,20.75
1989-06-07,40.31,28.18,32.12,24.97,84.23,2.64,19.49
1989-06-08,6.1,28.56,33.27,24.66,81.57,2.22,23.17
1989-06-09,0.18,29.83,34.6,24.94,76.0,1.13,23.53
1989-06-10,0.01,30.84,34.69,25.62,70.32,1.08,25.79
1989-06-11,2.07,31.69,35.24,27.65,67.43,0.86,15.8
1989-06-12,4.03,29.66,34.54,26.61,78.62,2.5,17.39
1989-06-13,9.72,28.16,31.1,26.46,87.69,3.91,9.34
1989-06-14,28.89,27.82,30.7,26.42,88.1,5.72,10.57
1989-06-15,29.86,27.91,30.86,25.85,87.0,5.36,8.33
1989-06-16,11.93,26.78,29.33,24.92,89.34,3.19,13.93
1989-06-17,1.88,27.89,31.76,24.26,85.51,1.93,15.05
1989-06-18,0.44,27.82,31.8,25.02,83.17,1.64,20.09
1989-06-19,0.03,28.11,32.55,24.24,80.5,2.88,22.91
1989-06-20,2.77,27.96,32.26,24.53,80.28,3.52,22.48
1989-06-21,0.5,27.38,31.57,24.32,81.11,4.24,17.95
1989-06-22,0.45,28.43,33.33,24.85,80.12,3.12,18.41
1989-06-23,1.08,29.06,34.41,25.15,77.56,2.96,21.53
1989-06-24,1.13,28.6,32.92,25.75,80.92,3.1,16.75
1989-06-25,0.16,28.81,33.02,25.62,80.14,2.81,21.44
1989-06-26,1.03,29.47,34.08,25.71,78.33,2.56,22.1
1989-06-27,0.61,29.74,35.18,25.68,75.25,2.67,22.88
1989-06-28,0.64,29.48,34.45,25.57,76.5,3.15,21.34
1989-06-29,0.38,28.78,32.8,25.98,78.65,3.58,18.16
1989-06-30,1.83,29.21,33.86,25.7,75.17,4.31,18.09
1989-07-01,7.38,28.9,33.46,25.57,79.2,4.4,13.16
1989-07-02,12.85,28.48,32.57,25.78,84.23,4.66,7.94
1989-07-03,9.81,27.63,29.92,26.11,89.46,4.25,12.38
1989-07-04,14.41,28.19,31.78,25.64,85.72,3.52,16.89
1989-07-05,7.51,27.79,30.57,25.92,86.89,3.57,21.95
1989-07-06,2.49,27.7,31.19,25.64,86.52,2.69,14.68
1989-07-07,3.48,28.28,32.16,25.51,84.31,2.56,16.99
1989-07-08,8.97,28.26,32.48,25.24,81.32,3.12,20.44
1989-07-09,1.63,28.62,33.05,24.91,79.06,2.71,17.47
1989-07-10,0.29,29.42,34.31,24.92,76.86,3.07,20.79
1989-07-11,0.25,29.89,34.85,26.07,78.54,3.11,17.31
1989-07-12,25.27,28.72,31.35,26.35,85.85,2.23,13.11
1989-07-13,27.03,26.8,29.02,25.46,92.03,2.49,10.98
1989-07-14,10.63,26.81,29.6,25.02,89.86,2.46,18.11
1989-07-15,4.66,27.25,29.92,24.16,83.13,1.16,18.21
1989-07-16,0.74,28.11,32.68,23.87,82.35,1.98,15.89
1989-07-17,4.69,27.86,31.49,24.9,86.45,2.16,13.05
1989-07-18,3.37,28.92,32.9,25.32,83.37,2.14,15.73
1989-07-19,9.17,29.46,33.77,25.52,81.47,1.31,19.31
1989-07-20,6.77,29.22,33.49,25.57,82.96,1.51,19.63
1989-07-21,7.48,29.8,34.89,25.3,79.44,1.51,18.52
1989-07-22,8.44,28.85,33.35,25.44,81.41,2.16,20.48
1989-07-23,0.63,28.48,33.27,25.02,80.14,2.3,25.88
1989-07-24,0.4,28.65,33.49,24.96,81.18,2.38,15.81
1989-07-25,0.22,29.09,34.0,25.61,79.68,2.34,22.7
1989-07-26,0.0,29.27,34.26,25.68,78.96,2.74,20.3
1989-07-27,0.13,29.31,33.46,26.94,79.74,4.83,17.94
1989-07-28,4.36,28.66,32.33,26.46,81.7,6.09,8.25
1989-07-29,28.8,27.45,29.64,26.04,91.47,4.73,6.92
1989-07-30,38.87,26.95,29.72,24.56,90.31,3.78,12.3
1989-07-31,7.24,26.51,29.81,24.07,88.8,1.54,16.31
1989-08-01,0.64,26.51,28.93,24.64,88.33,2.4,17.31
1989-08-02,7.93,26.37,28.86,24.4,89.59,1.94,18.21
1989-08-03,12.79,27.53,32.08,23.98,85.06,2.79,23.62
1989-08-04,0.44,27.57,31.88,24.77,85.59,3.27,20.09
1989-08-05,1.5,27.13,30.68,24.73,86.47,2.62,20.81
1989-08-06,13.46,26.88,30.6,24.73,88.57,2.61,16.86
1989-08-07,9.21,27.06,31.24,24.7,86.89,2.6,18.48
1989-08-08,0.6,27.57,31.52,24.64,85.32,2.59,17.95
1989-08-09,4.02,27.03,29.39,24.89,89.34,1.75,15.89
1989-08-10,0.99,28.3,32.88,24.22,83.26,1.34,22.04
1989-08-11,36.0,27.92,31.96,25.31,88.45,2.02,21.88
1989-08-12,36.25,27.76,31.69,25.55,88.19,2.91,21.02
1989-08-13,1.25,27.97,32.15,25.3,87.08,2.76,20.52
1989-08-14,1.51,27.3,30.38,25.21,89.88,2.21,19.7
1989-08-15,1.01,27.67,31.25,25.26,87.77,2.41,15.65
1989-08-16,0.32,28.01,32.38,24.81,83.91,1.46,16.29
1989-08-17,2.57,27.77,32.28,25.13,84.52,2.1,23.02
1989-08-18,1.07,27.78,32.02,24.8,85.73,2.64,21.01
1989-08-19,0.49,28.16,32.35,24.83,84.22,2.54,18.87
1989-08-20,1.51,28.06,32.13,25.02,85.87,2.07,15.25
1989-08-21,1.16,27.71,30.87,25.34,87.61,1.57,13.97
1989-08-22,0.49,28.78,33.02,25.08,81.67,1.09,22.17
1989-08-23,2.31,28.84,33.43,25.11,81.46,1.94,22.44
1989-08-24,7.51,28.58,33.0,25.38,83.72,2.45,19.12
1989-08-25,3.49,28.65,33.6,25.58,82.5,1.63,21.45
1989-08-26,0.36,28.1,32.99,24.87,82.48,1.79,17.05
1989-08-27,12.37,28.43,32.64,24.95,83.99,1.9,15.95
1989-08-28,10.92,28.29,31.8,25.67,86.29,1.65,19.15
1989-08-29,0.25,28.08,31.46,25.11,84.98,1.26,20.62
1989-08-30,1.55,28.58,33.52,25.52,83.54,2.28,22.2
1989-08-31,1.64,28.1,32.29,25.13,84.03,2.84,15.8
1989-09-01,2.1,28.45,33.26,24.98,79.17,2.13,20.9
1989-09-02,0.76,28.62,33.69,24.16,77.99,1.62,19.96
1989-09-03,0.64,28.85,33.32,24.97,80.19,2.79,17.46
1989-09-04,0.5,28.74,32.88,25.87,82.63,3.63,10.69
1989-09-05,27.81,28.58,32.15,26.03,85.69,2.54,13.02
1989-09-06,7.0,28.77,32.8,25.16,82.08,1.11,13.32
1989-09-07,2.87,29.25,33.17,25.28,80.09,0.86,23.59
1989-09-08,1.27,30.1,34.02,26.18,78.43,0.89,15.4
1989-09-09,0.38,30.52,34.77,26.59,78.22,0.82,14.34
1989-09-10,10.52,29.14,32.7,26.23,82.8,1.35,17.25
1989-09-11,14.27,27.3,30.05,25.88,90.56,1.88,15.42
1989-09-12,3.63,27.4,31.26,25.35,89.15,2.92,13.7
1989-09-13,2.01,27.65,31.58,25.33,86.43,3.09,10.32
1989-09-14,2.9,28.17,32.8,25.01,84.84,2.33,19.57
1989-09-15,2.82,29.17,33.9,24.78,79.29,0.76,21.95
1989-09-16,0.96,29.33,33.68,25.52,79.65,0.89,13.23
1989-09-17,0.28,27.71,30.38,25.44,85.75,1.2,13.52
1989-09-18,0.71,28.05,32.37,24.83,81.3,1.81,11.17
1989-09-19,7.13,26.68,29.63,24.56,86.61,1.46,11.16
1989-09-20,3.14,28.35,32.59,23.85,76.77,0.52,15.21
1989-09-21,1.4,28.32,32.18,25.37,80.74,1.26,16.21
1989-09-22,1.34,28.0,31.52,24.82,83.56,1.23,9.6
1989-09-23,4.18,26.9,29.52,24.81,88.73,1.3,18.5
1989-09-24,8.58,26.82,30.0,24.59,85.82,1.06,17.6
1989-09-25,11.64,26.24,28.69,24.63,92.03,1.69,16.79
1989-09-26,10.62,26.7,29.92,24.17,88.86,2.71,15.53
1989-09-27,5.34,26.45,28.69,25.29,90.7,3.64,13.62
1989-09-28,6.51,26.44,29.0,24.69,91.55,3.02,15.5
1989-09-29,5.61,26.73,30.1,24.61,89.04,2.23,18.82
1989-09-30,3.15,27.3,31.41,24.23,86.66,2.15,18.6
1989-10-01,3.1,27.56,31.41,24.72,85.44,1.58,19.13
1989-10-02,0.66,27.39,29.94,25.14,86.62,1.21,18.23
1989-10-03,4.91,28.47,32.59,24.78,80.07,0.92,14.71
1989-10-04,3.25,29.18,32.92,24.79,76.21,0.8,16.31
1989-10-05,3.24,27.51,31.41,25.6,83.42,0.83,13.2
1989-10-06,2.0,26.5,28.51,24.62,90.53,1.56,14.68
1989-10-07,0.37,26.95,30.76,23.63,85.06,1.16,14.51
1989-10-08,2.16,26.15,28.8,24.16,93.31,2.13,10.83
1989-10-09,20.57,26.02,28.22,24.22,92.28,2.56,8.07
1989-10-10,10.72,25.79,28.78,23.81,91.5,2.47,7.87
1989-10-11,2.71,25.65,29.41,23.31,85.59,1.7,9.75
1989-10-12,0.94,27.09,31.51,22.19,72.21,0.71,20.17
1989-10-13,0.09,27.07,31.84,21.97,76.05,1.4,21.28
1989-10-14,0.0,27.97,32.59,23.53,77.02,1.11,21.08
1989-10-15,0.0,28.9,33.09,24.32,73.5,0.9,20.74
1989-10-16,0.0,26.48,28.78,24.51,87.78,0.93,19.23
1989-10-17,2.08,26.06,29.14,23.92,87.78,0.92,9.67
1989-10-18,19.21,24.86,27.19,23.21,93.24,3.29,6.45
1989-10-19,26.97,26.89,30.88,24.51,88.28,1.9,19.3
1989-10-20,6.48,26.34,30.03,22.52,82.63,0.91,19.3
1989-10-21,0.01,25.71,30.12,21.39,79.5,1.61,20.58
1989-10-22,0.01,25.07,28.12,22.77,84.13,0.8,13.61
1989-10-23,0.4,24.9,28.26,22.26,86.31,1.19,11.43
1989-10-24,0.49,23.78,26.41,22.1,90.26,1.26,9.73
1989-10-25,1.23,24.72,28.57,21.85,87.51,1.88,9.95
1989-10-26,4.35,25.7,29.62,22.24,84.92,1.3,19.77
1989-10-27,6.77,25.58,30.05,21.88,84.7,1.02,20.04
1989-10-28,1.38,24.26,29.56,20.53,79.89,1.69,20.99
1989-10-29,0.0,24.42,29.94,18.93,71.21,1.36,20.88
1989-10-30,0.0,24.93,29.54,20.68,76.43,1.11,20.19
1989-10-31,0.05,25.47,30.27,21.98,77.77,0.83,9.43
1989-11-01,0.11,25.2,29.56,20.15,73.79,0.83,18.43
1989-11-02,0.02,24.93,29.59,19.87,66.69,0.79,20.03
1989-11-03,0.0,24.15,29.94,17.9,67.2,0.87,19.92
1989-11-04,0.0,23.58,30.1,18.45,66.58,0.91,19.05
1989-11-05,0.0,23.28,30.78,17.66,67.41,1.17,19.66
1989-11-06,0.0,23.85,31.16,17.2,67.96,1.07,18.95
1989-11-07,0.0,22.93,30.16,17.42,58.11,1.55,19.81
1989-11-08,0.0,21.03,28.92,14.2,62.35,1.49,20.01
1989-11-09,0.0,21.36,28.75,14.47,68.08,1.36,18.61
1989-11-10,0.0,22.13,28.69,15.19,63.97,0.86,19.54
1989-11-11,0.0,22.39,28.58,16.37,61.95,0.86,19.33
1989-11-12,0.0,21.94,28.77,15.44,62.86,1.0,17.39
1989-11-13,0.0,21.84,28.31,16.8,63.8,1.18,17.08
1989-11-14,0.0,22.38,28.63,16.11,62.49,1.25,17.71
1989-11-15,0.0,22.66,29.33,15.95,58.42,1.08,18.95
1989-11-16,0.0,23.04,30.76,15.43,57.26,1.0,18.82
1989-11-17,0.0,24.55,31.24,19.24,56.9,0.76,17.61
1989-11-18,0.0,22.35,30.13,15.9,58.1,1.42,18.53
1989-11-19,0.0,22.43,29.24,14.8,50.4,1.09,19.2
1989-11-20,0.0,21.26,29.15,14.41,53.69,1.17,18.52
1989-11-21,0.0,21.13,29.43,14.58,57.42,1.39,18.88
1989-11-22,0.0,21.29,28.77,14.86,61.99,1.42,18.76
1989-11-23,0.0,21.59,29.04,14.79,60.92,1.17,18.47
1989-11-24,0.0,21.69,29.42,14.27,54.43,0.94,19.15
1989-11-25,0.0,22.05,30.11,14.46,51.13,0.95,18.28
1989-11-26,0.0,21.7,29.97,15.31,51.08,1.19,18.36
1989-11-27,0.0,21.26,29.86,14.51,56.53,1.53,18.66
1989-11-28,0.0,21.85,30.63,14.74,57.15,1.49,18.25
1989-11-29,0.0,21.99,30.11,16.17,53.71,1.53,18.45
1989-11-30,0.0,20.76,29.26,14.15,53.84,1.87,18.61
1989-12-01,0.0,20.23,29.7,12.87,56.54,1.78,17.98
1989-12-02,0.0,20.46,30.76,12.79,54.84,1.48,18.04
1989-12-03,0.0,19.53,29.55,11.69,52.06,1.26,17.92
1989-12-04,0.0,19.37,29.1,12.06,45.39,1.39,18.43
1989-12-05,0.0,18.52,27.96,11.04,46.48,1.44,18.46
1989-12-06,0.0,18.44,28.02,10.62,48.49,1.49,18.3
1989-12-07,0.0,18.77,27.82,11.77,48.12,1.24,17.98
1989-12-08,0.0,19.64,29.16,11.15,46.64,1.36,17.98
1989-12-09,0.0,19.9,28.01,11.67,38.07,1.23,17.68
1989-12-10,0.0,19.88,28.06,12.76,37.7,1.07,17.09
1989-12-11,0.0,18.54,27.5,10.55,46.31,1.29,17.18
1989-12-12,0.0,19.16,27.7,11.02,44.95,1.05,17.09
1989-12-13,0.0,18.9,27.66,11.37,45.81,1.18,17.08
1989-12-14,0.0,18.61,28.03,11.08,49.43,1.31,17.72
1989-12-15,0.0,19.53,28.72,11.02,49.61,1.09,17.02
1989-12-16,0.0,20.58,29.32,13.38,48.3,1.18,16.99
1989-12-17,0.0,20.22,29.35,12.83,52.15,1.17,17.0
1989-12-18,0.0,19.9,28.36,12.94,50.85,1.44,17.04
1989-12-19,0.0,19.24,27.46,12.36,49.77,1.19,16.97
1989-12-20,0.0,19.18,27.61,11.86,46.85,1.16,16.66
1989-12-21,0.0,19.46,27.27,11.56,47.06,1.18,16.7
1989-12-22,0.0,19.08,27.65,11.71,49.82,1.25,15.93
1989-12-23,0.0,19.73,28.62,12.29,53.11,1.27,13.77
1989-12-24,0.0,19.58,28.33,12.88,54.01,1.18,15.65
1989-12-25,0.0,20.27,28.56,13.62,55.33,1.28,16.06
1989-12-26,0.0,20.55,28.2,14.27,59.06,1.46,9.57
1989-12-27,3.1,19.38,24.57,15.97,64.09,1.39,15.89
1989-12-28,0.07,17.07,25.28,10.72,53.08,1.81,17.13
1989-12-29,0.0,16.14,25.0,8.74,51.31,1.49,16.98
1989-12-30,0.0,16.33,25.05,9.57,54.05,1.4,16.79
1989-12-31,0.0,16.82,24.97,10.71,47.63,1.32,16.33
1990-01-01,0.0,16.62,25.81,10.15,46.32,1.59,17.39
1990-01-02,0.0,16.53,25.61,9.6,47.34,1.4,17.39
1990-01-03,0.0,17.03,26.76,9.03,46.23,1.35,16.81
1990-01-04,0.0,17.68,26.73,11.23,42.5,1.33,17.25
1990-01-05,0.0,17.97,26.69,11.41,38.84,1.37,16.84
1990-01-06,0.0,17.82,27.4,10.78,37.37,1.45,17.22
1990-01-07,0.0,18.23,27.62,10.39,38.53,1.35,17.64
1990-01-08,0.0,18.31,27.23,11.92,37.47,1.29,17.18
1990-01-09,0.0,18.35,26.23,12.54,36.69,1.25,16.72
1990-01-10,0.0,17.9,26.13,10.99,35.15,1.32,16.93
1990-01-11,0.0,17.11,25.77,9.65,35.68,1.17,16.4
1990-01-12,0.0,17.48,27.12,9.09,40.61,1.33,16.59
1990-01-13,0.0,18.18,26.84,9.88,42.77,1.17,16.68
1990-01-14,0.0,19.24,27.08,10.98,42.22,0.93,16.91
1990-01-15,0.0,18.64,27.85,10.57,46.59,1.36,16.93
1990-01-16,0.0,19.34,28.59,11.44,46.22,1.38,16.79
1990-01-17,0.0,19.86,28.08,12.85,44.09,1.22,16.81
1990-01-18,0.0,20.01,28.88,10.78,42.0,1.24,16.77
1990-01-19,0.0,19.55,30.11,10.88,49.96,1.45,16.7
1990-01-20,0.04,19.49,29.86,11.3,56.35,1.36,16.51
1990-01-21,0.0,20.19,29.85,12.33,57.62,1.4,16.37
1990-01-22,0.0,21.12,30.01,13.87,66.58,1.42,15.87
1990-01-23,0.0,21.99,30.78,14.09,63.39,1.13,15.78
1990-01-24,0.0,22.56,30.7,14.82,59.3,0.97,13.24
1990-01-25,0.0,22.32,31.38,14.34,48.0,1.23,15.52
1990-01-26,0.0,22.6,30.97,14.05,45.36,1.12,17.0
1990-01-27,0.0,22.35,31.39,13.75,41.85,1.09,17.53
1990-01-28,0.0,22.0,31.31,14.39,61.72,1.55,17.59
1990-01-29,0.0,22.83,32.73,15.0,63.64,2.19,18.94
1990-01-30,0.0,22.97,32.14,16.16,69.01,2.44,16.35
1990-01-31,0.0,22.73,32.04,15.69,55.36,1.77,16.53
1990-02-01,0.0,22.39,32.54,14.47,53.64,1.93,18.98
1990-02-02,0.0,22.01,31.22,15.37,64.49,1.5,15.89
1990-02-03,0.0,22.31,31.64,15.14,56.38,1.17,17.37
1990-02-04,0.0,22.29,30.68,15.13,29.28,1.31,19.28
1990-02-05,0.0,21.15,30.83,12.36,52.6,1.72,16.31
1990-02-06,0.0,22.66,32.07,16.46,55.25,1.51,17.82
1990-02-07,0.0,22.8,31.46,14.66,36.7,1.21,17.23
1990-02-08,0.0,22.96,31.92,14.2,31.79,1.44,18.78
1990-02-09,0.0,24.75,33.07,15.35,29.61,1.23,18.06
1990-02-10,0.0,24.85,34.65,15.93,38.64,1.34,18.76
1990-02-11,0.0,23.62,30.72,17.52,34.66,1.44,11.89
1990-02-12,0.0,23.33,32.36,15.28,39.49,1.73,20.55
1990-02-13,0.0,23.86,32.82,16.56,40.48,1.24,20.31
1990-02-14,0.11,24.06,32.88,17.53,40.34,1.87,10.62
1990-02-15,2.03,23.09,29.65,16.7,53.1,1.51,19.01
1990-02-16,0.91,24.11,30.33,17.64,50.5,1.31,16.55
1990-02-17,11.23,23.88,30.33,17.69,54.96,0.73,13.48
1990-02-18,0.0,23.35,31.67,15.45,47.19,1.45,16.61
1990-02-19,0.15,22.21,27.1,18.43,63.82,0.78,19.83
1990-02-20,0.71,23.62,29.61,17.69,55.14,1.16,18.96
1990-02-21,4.53,22.98,27.94,18.71,68.69,1.78,17.89
1990-02-22,3.9,21.89,27.48,16.86,67.0,1.27,14.9
1990-02-23,0.87,22.5,30.52,15.26,50.17,1.32,22.33
1990-02-24,0.07,22.98,31.03,14.78,41.59,1.3,19.99
1990-02-25,0.16,23.61,32.08,15.1,43.11,1.41,20.81
1990-02-26,2.36,23.69,29.24,19.05,64.68,1.55,18.53
1990-02-27,0.06,25.09,32.71,19.65,56.08,1.47,20.2
1990-02-28,0.26,25.47,33.79,17.69,55.23,1.16,19.53
1990-03-01,0.01,25.88,33.3,18.84,61.39,1.9,12.34
1990-03-02,4.28,25.91,31.78,22.05,64.14,1.87,17.41
1990-03-03,5.77,22.93,28.81,19.37,67.95,1.08,8.52
1990-03-04,0.95,23.03,30.67,18.19,57.44,1.32,10.05
1990-03-05,0.0,23.67,31.98,15.72,31.47,1.41,23.18
1990-03-06,0.31,23.89,31.46,16.05,31.37,1.02,5.78
1990-03-07,0.07,24.66,32.04,18.3,40.07,1.5,21.71
1990-03-08,0.0,24.8,32.5,17.52,33.02,1.6,21.56
1990-03-09,0.0,25.0,33.56,15.96,27.38,1.22,20.44
1990-03-10,0.0,25.88,33.86,17.85,38.47,1.03,21.13
1990-03-11,0.0,26.8,34.95,18.8,42.19,1.24,17.85
1990-03-12,0.5,25.02,30.04,21.31,58.29,1.53,6.84
1990-03-13,0.64,25.14,32.52,18.08,48.65,0.96,18.52
1990-03-14,0.23,25.42,32.22,18.26,44.67,0.93,22.39
1990-03-15,0.0,26.01,33.85,17.64,37.43,0.91,22.11
1990-03-16,0.0,26.11,34.96,17.91,38.1,1.1,23.85
1990-03-17,0.0,27.56,37.74,17.8,31.72,1.35,24.69
1990-03-18,0.0,27.69,36.66,19.76,36.58,1.26,24.66
1990-03-19,0.0,27.5,36.59,18.35,45.87,1.67,24.51
1990-03-20,0.0,28.59,38.22,19.94,54.0,2.58,22.56
1990-03-21,0.36,28.86,37.24,21.47,59.39,3.97,20.77
1990-03-22,0.78,28.59,36.12,23.64,65.63,4.51,17.81
1990-03-23,20.58,27.26,33.25,23.79,75.05,4.1,16.74
1990-03-24,6.62,26.81,32.28,23.45,76.71,3.43,4.98
1990-03-25,21.9,24.31,27.47,21.2,82.55,2.0,6.5
1990-03-26,10.93,23.84,29.12,17.79,66.42,1.08,24.57
1990-03-27,0.63,25.37,32.95,18.11,57.13,1.33,18.68
1990-03-28,1.7,25.61,32.41,20.33,59.76,1.55,4.56
1990-03-29,0.48,26.61,33.26,21.71,57.45,1.64,17.43
1990-03-30,2.02,26.53,34.0,20.04,66.07,1.74,23.69
1990-03-31,2.91,27.44,35.06,20.81,65.6,2.05,22.37
1990-04-01,1.78,27.7,34.23,22.05,64.72,2.55,9.37
1990-04-02,22.04,26.5,32.01,22.59,75.53,2.6,17.75
1990-04-03,6.24,25.49,31.6,21.86,72.12,1.75,15.36
1990-04-04,0.52,22.35,25.69,18.89,73.19,2.37,10.81
1990-04-05,1.77,24.23,31.24,18.02,62.18,1.47,25.18
1990-04-06,0.43,25.53,33.67,16.63,48.27,1.45,23.59
1990-04-07,0.0,26.34,33.92,19.36,56.48,1.64,14.48
1990-04-08,0.35,26.93,33.75,20.53,69.69,3.27,21.45
1990-04-09,0.61,28.3,34.92,22.9,69.13,4.3,17.79
1990-04-10,0.71,29.05,36.76,24.02,66.35,4.11,22.91
1990-04-11,0.01,29.11,36.77,23.14,64.26,3.51,22.36
1990-04-12,0.0,29.62,37.92,23.12,62.41,3.44,21.92
1990-04-13,7.38,29.23,36.51,24.61,69.82,3.97,19.99
1990-04-14,2.97,29.02,36.47,24.04,71.78,4.57,18.6
1990-04-15,0.03,29.59,36.45,25.14,67.1,4.49,21.7
1990-04-16,0.56,29.67,36.99,24.36,63.05,3.71,22.37
1990-04-17,0.37,29.49,37.14,23.7,64.69,3.38,23.25
1990-04-18,1.13,29.41,36.55,24.67,66.14,5.05,22.73
1990-04-19,0.84,29.42,36.7,24.47,65.79,4.91,20.79
1990-04-20,24.4,28.25,33.34,24.98,75.81,4.97,18.35
1990-04-21,21.93,28.01,33.21,24.91,80.9,4.46,19.93
1990-04-22,2.99,29.16,35.47,24.81,74.42,4.28,22.6
1990-04-23,1.87,29.57,35.73,25.26,70.77,4.04,22.18
1990-04-24,3.0,29.41,36.09,24.93,71.42,4.23,21.15
1990-04-25,1.9,29.65,37.33,23.99,68.03,2.95,24.49
1990-04-26,6.94,29.24,36.71,23.35,67.81,2.61,25.02
1990-04-27,6.63,28.78,36.46,23.15,67.8,3.0,25.02
1990-04-28,1.21,28.93,36.39,24.12,68.39,4.32,21.24
1990-04-29,4.69,28.43,34.78,23.54,67.31,2.77,26.29
1990-04-30,23.21,27.16,32.23,22.94,75.15,1.26,27.04
1990-05-01,0.02,28.19,34.0,22.67,67.15,0.77,16.0
1990-05-02,0.07,29.55,35.73,23.41,63.64,1.28,22.75
1990-05-03,0.01,30.42,37.68,24.16,60.9,2.51,24.46
1990-05-04,0.01,30.62,36.89,24.89,59.76,1.16,24.52
1990-05-05,0.0,30.88,37.21,24.24,52.47,0.85,26.39
1990-05-06,2.83,30.82,36.76,25.13,59.66,1.22,20.15
1990-05-07,0.0,30.71,36.57,25.69,58.5,1.66,17.83
1990-05-08,0.0,28.71,32.23,26.05,64.9,1.4,18.49
1990-05-09,0.0,28.79,33.51,25.05,66.45,2.01,18.61
1990-05-10,0.32,29.68,35.35,24.07,63.31,1.92,18.52
1990-05-11,0.62,30.2,35.11,25.25,62.48,1.46,24.9
1990-05-12,0.36,31.83,37.92,25.6,56.07,1.5,23.68
1990-05-13,0.12,30.45,35.06,26.52,59.87,1.92,20.32
1990-05-14,1.87,27.83,31.07,24.45,71.61,3.64,11.96
1990-05-15,60.57,26.07,28.76,23.55,89.3,5.23,6.42
1990-05-16,15.58,28.78,34.31,23.68,79.29,1.85,28.07
1990-05-17,7.31,30.12,35.12,24.3,70.76,1.12,26.82
1990-05-18,0.0,30.72,36.34,25.33,69.13,1.3,24.98
1990-05-19,0.04,29.86,34.55,25.74,73.92,2.66,25.49
1990-05-20,0.15,29.58,34.89,25.66,69.27,2.87,10.86
1990-05-21,10.01,29.36,35.55,24.23,67.75,2.23,24.2
1990-05-22,8.72,29.72,34.2,24.48,72.37,1.11,23.29
1990-05-23,0.29,30.21,34.31,25.42,66.72,0.72,24.85
1990-05-24,0.01,30.75,36.21,25.73,67.25,2.24,23.05
1990-05-25,0.01,29.0,32.78,25.61,70.16,3.0,15.76
1990-05-26,0.23,29.76,35.73,24.59,67.23,2.86,21.14
1990-05-27,4.25,30.04,35.93,25.59,70.84,3.35,15.62
1990-05-28,14.48,29.57,34.98,25.68,76.4,3.35,10.85
1990-05-29,4.64,29.77,35.04,25.13,74.68,2.1,8.35
1990-05-30,1.83,30.26,35.6,25.32,70.49,1.96,18.12
1990-05-31,2.1,29.97,34.48,26.11,72.84,3.17,9.8
1990-06-01,5.55,30.24,35.75,25.64,72.73,2.69,8.37
1990-06-02,13.17,29.97,35.32,25.19,75.38,2.49,15.08
1990-06-03,18.34,29.84,34.38,26.05,79.83,2.48,16.9
1990-06-04,0.82,28.68,31.81,26.61,82.73,2.41,17.1
1990-06-05,1.82,29.12,33.09,26.18,77.03,4.19,13.01
1990-06-06,18.27,28.23,31.24,26.57,85.81,4.04,17.87
1990-06-07,6.64,28.21,30.92,26.26,86.36,3.57,20.77
1990-06-08,0.35,28.62,32.56,26.12,82.29,3.49,18.64
1990-06-09,13.37,28.29,32.26,25.57,84.7,2.31,14.36
1990-06-10,13.33,27.69,30.98,24.87,87.23,2.21,16.48
1990-06-11,3.99,28.77,32.73,24.81,81.06,1.76,24.71
1990-06-12,0.22,29.92,34.42,25.65,73.4,1.33,25.53
1990-06-13,13.06,28.88,33.55,25.9,80.36,2.16,18.35
1990-06-14,8.69,27.64,31.35,25.21,86.64,3.16,16.36
1990-06-15,1.96,29.07,33.54,25.48,82.87,2.57,23.53
1990-06-16,0.17,29.1,33.36,26.48,81.67,2.83,20.62
1990-06-17,0.33,29.12,32.88,26.62,81.31,2.47,23.0
1990-06-18,0.41,28.97,33.8,25.76,78.24,3.27,24.72
1990-06-19,0.44,29.94,34.59,26.6,76.56,3.72,19.81
1990-06-20,0.44,29.61,34.32,26.46,77.89,4.07,16.22
1990-06-21,0.7,29.09,32.52,26.02,77.31,3.67,18.41
1990-06-22,0.98,28.44,31.76,26.0,84.1,3.66,11.86
1990-06-23,3.33,28.91,32.27,26.8,85.91,2.67,14.71
1990-06-24,7.29,28.18,30.84,26.53,89.89,2.17,17.01
1990-06-25,4.08,28.33,31.8,26.03,85.38,1.67,20.74
1990-06-26,0.65,28.22,32.95,25.26,82.56,3.57,16.38
1990-06-27,0.14,29.75,35.03,25.26,75.79,3.84,18.69
1990-06-28,1.06,29.02,32.71,26.66,80.16,2.71,20.34
1990-06-29,0.78,30.07,34.62,26.4,77.3,3.36,19.26
1990-06-30,0.86,30.08,33.7,27.05,80.38,2.84,8.84
1990-07-01,0.81,28.91,32.18,26.47,83.92,2.2,22.22
1990-07-02,1.61,28.64,32.61,26.14,82.75,3.53,17.62
1990-07-03,6.82,27.84,31.63,25.79,85.97,2.52,13.99
1990-07-04,26.69,28.31,32.47,25.44,84.73,2.71,9.5
1990-07-05,32.1,27.7,31.49,25.19,86.03,3.04,15.2
1990-07-06,9.56,28.02,31.74,25.55,85.67,3.34,20.19
1990-07-07,3.0,28.02,30.6,25.81,87.58,3.24,18.04
1990-07-08,2.36,28.08,31.32,25.74,85.25,2.85,10.22
1990-07-09,20.54,27.15,29.28,25.84,91.99,3.29,12.08
1990-07-10,16.93,28.63,32.7,25.4,86.26,1.89,21.29
1990-07-11,22.33,28.14,31.29,25.88,88.53,2.82,17.95
1990-07-12,3.84,27.85,30.87,25.82,87.51,3.97,14.55
1990-07-13,2.0,27.87,31.34,25.42,87.59,3.84,14.06
1990-07-14,1.31,28.02,31.4,25.29,84.85,3.63,18.88
1990-07-15,0.51,28.28,32.33,25.49,82.23,3.56,20.97
1990-07-16,3.88,27.74,32.14,24.71,84.39,3.41,19.28
1990-07-17,2.87,28.25,32.95,24.99,83.74,3.51,16.53
1990-07-18,5.38,28.04,31.45,26.12,87.14,3.28,22.81
1990-07-19,8.53,27.46,30.55,25.85,89.6,3.58,19.39
1990-07-20,3.11,28.28,32.77,25.68,86.24,3.78,17.71
1990-07-21,3.23,28.45,32.59,25.85,87.19,2.41,18.25
1990-07-22,2.48,28.51,33.09,25.66,86.14,2.45,22.49
1990-07-23,14.85,28.94,33.4,25.31,81.1,2.6,25.74
1990-07-24,7.3,28.72,32.99,25.85,85.33,2.99,16.84
1990-07-25,1.49,28.09,31.82,25.76,85.48,2.7,19.33
1990-07-26,7.36,27.87,31.19,25.47,87.67,3.32,10.91
1990-07-27,4.02,27.29,29.61,25.6,89.12,3.3,13.41
1990-07-28,15.68,27.52,29.95,25.74,90.26,3.18,11.08
1990-07-29,13.91,28.12,31.76,25.3,85.52,2.0,15.36
1990-07-30,5.38,27.64,32.11,24.87,87.54,2.23,19.34
1990-07-31,6.79,28.26,32.06,24.95,86.83,1.92,18.12
1990-08-01,60.01,27.27,29.22,25.92,93.88,2.02,12.35
1990-08-02,17.1,27.15,28.94,25.41,92.52,1.96,12.92
1990-08-03,6.43,27.02,29.8,24.44,89.33,1.53,13.02
1990-08-04,3.65,27.15,29.66,24.83,83.37,0.7,12.94
1990-08-05,2.02,28.05,32.12,24.36,84.96,1.32,16.04
1990-08-06,1.74,27.38,30.14,25.01,88.69,1.23,18.29
1990-08-07,39.28,27.23,29.88,25.49,90.97,2.01,16.79
1990-08-08,5.75,27.69,31.28,24.62,87.24,1.62,19.75
1990-08-09,2.89,27.94,31.18,24.91,87.73,1.63,20.11
1990-08-10,4.33,28.11,32.05,25.0,86.21,1.55,10.69
1990-08-11,0.73,27.75,31.32,24.83,88.58,2.02,19.33
1990-08-12,0.29,28.2,32.29,24.96,86.34,2.16,15.52
1990-08-13,0.25,27.82,32.47,25.03,85.18,1.68,17.76
1990-08-14,3.17,27.88,31.39,25.29,88.48,2.53,19.09
1990-08-15,1.73,28.13,32.61,25.03,86.93,2.68,21.02
1990-08-16,1.6,27.55,31.26,25.62,89.02,2.8,19.26
1990-08-17,1.38,27.95,32.11,25.15,87.38,2.67,17.33
1990-08-18,3.03,27.69,30.98,25.2,87.67,1.81,23.77
1990-08-19,0.07,28.83,33.45,25.01,83.56,1.33,23.78
1990-08-20,6.58,28.72,33.37,25.41,84.91,2.6,23.5
1990-08-21,2.06,28.13,32.35,24.88,85.06,3.18,19.1
1990-08-22,0.2,28.43,32.69,25.63,85.22,2.76,21.31
1990-08-23,0.09,28.16,32.0,25.75,86.36,2.57,17.01
1990-08-24,1.1,28.64,32.54,25.72,84.71,2.68,19.92
1990-08-25,2.34,28.61,32.28,26.08,86.84,2.58,9.27
1990-08-26,7.18,28.62,32.03,26.06,85.48,1.81,18.0
1990-08-27,12.65,28.28,32.51,25.08,85.97,1.81,18.56
1990-08-28,15.84,28.46,32.22,25.6,85.48,1.83,20.43
1990-08-29,18.4,28.37,32.61,25.93,87.09,1.53,22.59
1990-08-30,2.6,28.48,32.07,25.1,85.75,1.2,20.99
1990-08-31,0.23,29.42,33.35,25.05,82.72,1.08,20.72
1990-09-01,4.11,27.81,29.49,25.92,91.26,1.68,18.09
1990-09-02,19.99,28.14,32.4,25.24,87.22,2.01,15.79
1990-09-03,27.71,27.11,30.43,24.64,88.69,3.74,17.76
1990-09-04,11.86,26.98,31.42,23.47,88.74,3.02,17.66
1990-09-05,0.31,27.32,30.2,24.79,88.55,2.82,18.01
1990-09-06,2.59,27.16,30.59,24.88,88.06,2.24,19.19
1990-09-07,1.38,26.77,29.48,24.89,90.53,2.43,15.35
1990-09-08,0.4,27.36,30.79,24.84,88.59,1.75,16.82
1990-09-09,1.67,28.0,31.95,25.23,87.63,2.33,18.01
1990-09-10,12.42,28.14,31.54,25.72,90.1,2.19,18.55
1990-09-11,10.25,27.82,31.81,25.11,89.18,2.42,18.57
1990-09-12,3.74,27.49,31.52,25.04,87.08,2.34,14.98
1990-09-13,2.47,27.53,31.47,24.83,87.86,2.53,19.38
1990-09-14,0.29,27.69,31.26,25.24,88.09,2.12,18.45
1990-09-15,0.46,27.02,29.36,25.34,89.74,1.59,18.59
1990-09-16,2.18,27.54,30.76,24.9,89.35,2.14,17.88
1990-09-17,4.4,26.97,29.11,25.32,93.05,1.59,8.39
1990-09-18,31.83,26.61,29.14,24.66,89.95,0.91,6.77
1990-09-19,16.28,27.07,31.29,23.44,84.52,1.18,20.18
1990-09-20,1.59,27.69,32.07,23.66,84.69,0.96,20.81
1990-09-21,0.48,26.98,29.44,24.98,88.4,0.97,18.29
1990-09-22,0.52,26.9,29.55,24.99,89.65,1.17,20.6
1990-09-23,0.22,27.52,31.12,24.89,87.66,1.28,13.33
1990-09-24,0.41,26.58,28.66,24.83,91.48,1.17,12.92
1990-09-25,5.9,26.63,29.45,24.29,90.96,1.22,17.47
1990-09-26,10.84,27.01,30.83,24.32,86.84,1.65,8.21
1990-09-27,8.28,26.34,28.97,24.34,91.74,1.77,11.26
1990-09-28,2.46,26.13,28.19,24.82,92.33,2.26,16.8
1990-09-29,7.63,26.16,28.65,24.3,91.72,1.14,14.7
1990-09-30,3.48,26.57,29.81,23.51,86.4,0.88,20.79
1990-10-01,3.38,26.12,28.81,24.0,91.3,1.26,15.17
1990-10-02,8.22,26.18,28.92,24.34,91.86,2.09,14.01
1990-10-03,2.71,26.11,28.66,24.28,91.54,2.11,15.09
1990-10-04,1.44,26.08,28.8,23.88,90.45,1.69,8.4
1990-10-05,2.54,27.29,30.56,23.94,84.62,0.7,20.43
1990-10-06,0.75,28.52,32.29,24.59,81.21,0.6,23.28
1990-10-07,4.06,26.66,28.49,24.81,92.74,2.29,14.28
1990-10-08,20.55,25.23,27.89,22.95,89.92,4.75,6.82
1990-10-09,71.51,25.16,27.1,23.21,94.53,6.13,5.27
1990-10-10,21.32,26.43,29.53,24.5,91.58,2.82,16.43
1990-10-11,2.25,26.69,30.17,23.65,84.68,1.03,17.9
1990-10-12,0.01,27.01,31.13,23.05,80.33,0.86,18.77
1990-10-13,0.01,26.94,30.77,23.62,80.04,0.84,20.88
1990-10-14,0.0,26.84,31.13,21.87,79.67,0.74,21.35
1990-10-15,0.02,26.99,30.56,24.16,81.13,0.84,20.28
1990-10-16,0.91,26.29,29.46,23.2,79.97,0.8,17.79
1990-10-17,0.23,24.88,29.08,21.29,81.55,1.33,21.43
1990-10-18,0.01,24.7,29.9,19.43,76.8,0.97,21.47
1990-10-19,0.0,24.68,30.14,19.68,74.69,1.16,21.27
1990-10-20,0.0,24.51,29.53,18.91,67.85,0.94,21.23
1990-10-21,0.0,24.35,29.5,18.74,70.68,0.82,20.97
1990-10-22,0.0,25.04,29.18,20.05,79.51,0.95,20.64
1990-10-23,0.0,24.71,29.23,20.85,75.58,1.0,19.1
1990-10-24,0.0,23.42,28.66,19.05,80.18,1.52,14.17
1990-10-25,0.0,24.06,29.1,19.1,69.61,1.01,14.05
1990-10-26,0.0,23.71,28.68,18.66,71.71,0.66,13.48
1990-10-27,0.0,23.93,28.14,19.83,75.29,0.72,13.7
1990-10-28,0.0,23.42,28.15,18.83,75.22,1.2,18.33
1990-10-29,0.0,23.16,28.57,17.54,76.74,1.31,19.51
1990-10-30,0.0,23.91,28.66,17.74,69.03,0.96,20.08
1990-10-31,0.0,23.7,28.32,18.88,68.12,0.78,19.99
1990-11-01,0.0,23.92,28.69,18.15,68.53,0.68,20.23
1990-11-02,0.0,25.23,30.8,18.78,72.05,0.89,20.42
1990-11-03,0.48,25.55,29.66,21.49,81.28,1.07,9.49
1990-11-04,3.09,23.75,25.46,22.6,92.87,1.53,7.65
1990-11-05,7.58,24.73,27.8,22.25,93.72,1.74,11.04
1990-11-06,3.3,25.51,29.68,22.74,88.27,1.68,14.06
1990-11-07,0.15,25.18,28.58,23.41,88.72,2.45,13.39
1990-11-08,0.13,25.89,29.79,22.51,86.03,1.03,16.03
1990-11-09,0.02,25.36,29.65,21.84,84.0,1.59,18.42
1990-11-10,0.0,22.0,23.55,19.57,84.33,1.93,14.7
1990-11-11,0.0,20.87,23.03,19.22,86.21,0.73,17.39
1990-11-12,0.0,23.43,28.26,19.99,82.26,0.97,18.27
1990-11-13,0.15,25.08,31.22,20.01,73.18,1.05,18.72
1990-11-14,0.0,24.83,31.4,19.73,75.88,1.4,19.89
1990-11-15,0.0,23.64,30.7,18.18,72.6,1.6,19.58
1990-11-16,0.0,23.75,29.36,17.79,62.34,1.06,19.52
1990-11-17,0.0,23.22,29.27,18.27,60.75,0.75,17.86
1990-11-18,0.0,22.68,28.61,18.01,62.25,0.69,18.18
1990-11-19,0.0,22.16,29.33,16.32,73.24,1.17,18.8
1990-11-20,0.0,22.36,30.5,16.35,70.76,1.5,18.8
1990-11-21,0.0,22.59,30.71,15.68,67.47,1.25,18.5
1990-11-22,0.0,24.26,30.47,17.34,62.7,0.86,17.91
1990-11-23,0.0,24.42,31.15,18.19,64.14,1.19,17.2
1990-11-24,0.0,23.06,29.89,17.34,69.28,1.3,18.39
1990-11-25,0.0,22.48,29.18,16.76,66.3,1.5,18.31
1990-11-26,0.0,22.21,29.06,16.85,60.36,1.39,18.06
1990-11-27,0.0,21.18,28.16,15.59,62.94,1.33,17.81
1990-11-28,0.0,21.29,27.97,15.58,61.79,1.25,17.35
1990-11-29,0.0,21.26,27.51,16.31,56.97,0.93,17.24
1990-11-30,0.0,21.18,27.7,15.69,48.11,0.68,16.59
1990-12-01,0.0,20.54,27.19,13.84,46.75,0.97,16.53
1990-12-02,0.0,20.87,27.68,13.7,60.91,1.0,15.86
1990-12-03,0.0,21.13,28.55,15.12,61.54,0.95,17.22
1990-12-04,0.0,19.97,27.85,13.89,63.48,1.42,17.26
1990-12-05,0.0,20.15,26.39,14.51,68.37,1.06,17.1
1990-12-06,0.0,21.13,27.41,17.0,66.61,0.99,16.53
1990-12-07,0.0,20.98,28.5,14.74,65.01,1.33,18.33
1990-12-08,0.0,20.65,27.59,14.92,63.04,1.27,18.52
1990-12-09,0.0,19.83,27.27,14.27,63.6,1.25,17.04
1990-12-10,0.0,20.17,27.58,14.11,59.9,0.98,16.32
1990-12-11,0.0,19.66,27.66,13.12,59.91,1.51,17.08
1990-12-12,0.0,19.4,27.8,13.36,59.11,1.52,17.56
1990-12-13,0.0,19.27,27.17,12.88,56.76,1.25,17.46
1990-12-14,0.0,18.41,26.75,11.08,58.68,1.41,16.92
1990-12-15,0.0,18.67,27.09,12.69,56.9,1.07,13.5
1990-12-16,0.0,20.4,29.67,11.17,49.67,1.24,13.21
1990-12-17,0.0,22.45,29.55,16.65,53.1,0.98,8.45
1990-12-18,0.03,20.32,25.05,17.31,71.11,2.41,6.49
1990-12-19,0.77,20.26,27.22,14.72,71.53,1.85,14.4
1990-12-20,0.01,19.96,27.56,13.64,56.7,1.55,16.8
1990-12-21,0.01,18.97,26.24,13.28,53.42,1.32,16.02
1990-12-22,0.0,18.95,26.76,12.33,54.11,1.21,16.82
1990-12-23,0.0,19.57,27.45,12.85,55.85,1.14,16.61
1990-12-24,0.0,19.93,27.17,14.39,53.47,0.92,16.43
1990-12-25,0.0,19.0,26.73,12.04,58.71,1.16,16.09
1990-12-26,0.0,18.83,26.33,11.49,58.68,1.08,15.63
1990-12-27,0.0,19.29,26.99,11.47,55.46,1.14,16.4
1990-12-28,0.0,19.71,26.93,12.01,50.35,0.91,15.67
1990-12-29,0.0,19.45,27.28,11.7,53.73,1.17,16.35
1990-12-30,0.0,19.11,26.93,11.94,52.85,1.41,17.23
1990-12-31,0.0,18.7,26.91,11.36,51.27,1.29,17.25
1991-01-01,0.0,19.26,28.02,11.01,47.99,1.02,15.41
1991-01-02,0.12,19.87,26.02,15.83,65.84,1.22,7.06
1991-01-03,0.93,18.43,22.89,15.35,77.24,1.41,5.64
1991-01-04,0.15,16.92,23.88,11.3,70.72,1.43,14.75
1991-01-05,0.0,17.04,25.02,10.82,59.1,1.3,16.7
1991-01-06,0.0,16.69,25.01,9.5,59.04,1.5,17.8
1991-01-07,0.0,17.89,26.59,11.23,45.88,1.36,17.07
1991-01-08,0.0,18.02,26.57,9.81,46.45,1.38,17.26
1991-01-09,0.0,19.19,27.08,11.1,43.29,1.18,16.69
1991-01-10,0.01,20.34,26.94,12.79,46.6,0.92,8.06
1991-01-11,0.0,20.29,28.21,12.41,49.07,1.42,16.34
1991-01-12,0.0,20.15,27.98,12.79,50.81,1.21,16.24
1991-01-13,0.01,18.39,23.72,14.19,63.88,1.51,13.85
1991-01-14,0.0,19.04,27.14,12.29,62.87,1.51,13.63
1991-01-15,0.0,18.4,26.91,11.4,51.36,1.77,15.24
1991-01-16,0.0,17.97,26.72,10.51,43.05,1.75,17.2
1991-01-17,0.0,17.58,26.2,10.72,35.0,1.4,17.86
1991-01-18,0.0,18.66,26.94,11.66,37.38,1.24,18.18
1991-01-19,0.0,19.25,26.67,12.89,37.1,1.24,17.0
1991-01-20,0.0,18.11,26.08,11.31,37.9,1.26,17.21
1991-01-21,0.0,16.58,25.45,8.78,38.0,1.49,18.51
1991-01-22,0.0,17.08,26.78,8.28,38.41,1.44,17.73
1991-01-23,0.0,17.33,27.56,8.69,38.91,1.47,18.06
1991-01-24,0.0,17.75,27.63,9.24,40.53,1.4,16.33
1991-01-25,0.0,17.16,26.46,9.62,42.17,1.44,17.45
1991-01-26,0.0,18.35,27.53,9.67,44.26,1.26,19.15
1991-01-27,0.0,20.22,29.58,11.44,37.81,1.01,19.49
1991-01-28,0.0,19.62,30.35,10.85,48.49,1.38,19.73
1991-01-29,0.0,19.72,29.74,11.44,61.71,1.54,19.01
1991-01-30,0.0,21.42,30.19,13.16,57.03,1.3,18.51
1991-01-31,0.0,21.81,30.41,13.8,56.36,1.14,19.21
1991-02-01,0.0,22.41,31.63,14.25,60.25,1.93,16.47
1991-02-02,0.27,23.82,31.59,17.14,68.49,2.7,14.83
1991-02-03,0.16,23.11,30.41,17.88,70.68,1.85,13.3
1991-02-04,3.4,22.17,28.85,16.61,68.99,1.36,9.77
1991-02-05,0.0,21.28,29.59,15.07,53.11,1.27,19.5
1991-02-06,0.0,20.53,29.04,12.85,40.26,1.62,20.35
1991-02-07,0.0,21.23,29.94,12.57,36.17,1.39,19.87
1991-02-08,0.0,22.77,31.86,12.89,33.41,1.21,19.55
1991-02-09,0.0,23.82,31.94,14.95,29.44,1.18,19.3
1991-02-10,0.0,23.26,31.76,14.14,31.56,1.22,19.6
1991-02-11,0.0,22.46,31.58,14.19,50.62,1.3,18.88
1991-02-12,0.0,24.12,34.24,15.75,62.19,2.28,15.61
1991-02-13,0.0,24.89,33.96,16.71,54.53,1.6,19.64
1991-02-14,0.0,24.36,32.92,17.09,44.12,1.48,21.57
1991-02-15,0.0,22.93,31.81,15.48,28.94,1.7,21.33
1991-02-16,0.0,22.25,31.22,12.89,24.96,1.61,21.5
1991-02-17,0.0,23.09,31.68,13.95,19.54,1.17,21.53
1991-02-18,0.0,23.42,32.62,14.47,25.95,1.43,20.87
1991-02-19,0.0,23.83,32.94,16.99,29.53,1.67,21.67
1991-02-20,0.0,23.93,34.04,14.8,31.94,1.48,20.75
1991-02-21,0.0,24.22,34.15,15.25,27.64,1.41,21.77
1991-02-22,0.0,24.89,34.94,14.51,24.12,1.38,22.13
1991-02-23,0.0,25.02,35.23,15.82,52.07,1.64,20.77
1991-02-24,0.0,26.27,36.4,17.89,56.22,1.81,20.01
1991-02-25,0.0,27.21,36.65,19.0,53.59,1.62,20.22
1991-02-26,0.0,27.86,37.2,19.47,57.16,2.19,21.33
1991-02-27,0.0,26.97,35.5,19.97,53.29,1.54,20.8
1991-02-28,0.0,27.1,35.73,19.21,36.11,1.35,21.68
1991-03-01,1.19,25.76,31.19,20.5,43.73,1.38,19.03
1991-03-02,0.02,26.97,34.67,20.12,47.01,1.55,19.95
1991-03-03,0.24,27.29,35.96,20.89,43.95,1.56,20.82
1991-03-04,0.15,26.12,35.73,17.35,24.22,1.64,19.77
1991-03-05,0.0,27.21,36.48,18.64,29.72,1.57,21.01
1991-03-06,0.0,27.56,34.92,21.02,54.64,2.28,19.86
1991-03-07,0.0,26.8,35.49,19.14,42.38,1.5,20.0
1991-03-08,0.0,26.3,35.54,18.35,29.46,1.36,21.44
1991-03-09,0.0,26.55,36.33,17.27,21.49,1.34,21.74
1991-03-10,0.0,27.86,37.53,18.35,37.23,2.06,19.96
1991-03-11,0.0,29.27,38.36,21.1,54.26,1.96,21.32
1991-03-12,0.0,29.8,38.31,22.71,54.22,1.88,18.42
1991-03-13,0.0,30.02,38.39,22.55,50.96,1.68,18.82
1991-03-14,2.37,31.02,38.75,22.92,47.22,0.96,23.97
1991-03-15,3.6,30.62,37.91,23.74,43.5,1.07,22.94
1991-03-16,0.0,30.54,38.89,23.04,42.89,1.12,23.5
1991-03-17,0.0,31.06,39.68,23.09,38.26,1.23,24.37
1991-03-18,0.0,31.59,40.52,22.78,26.22,1.21,24.44
1991-03-19,0.0,30.02,40.05,21.07,40.11,1.91,24.67
1991-03-20,0.0,30.49,40.49,21.85,54.29,2.85,23.6
1991-03-21,0.0,30.97,40.15,23.43,54.98,2.62,22.56
1991-03-22,0.0,29.65,37.9,23.66,53.78,1.93,20.16
1991-03-23,0.0,29.64,39.42,20.42,39.2,1.86,22.95
1991-03-24,0.06,30.36,38.49,23.96,29.73,1.77,18.75
1991-03-25,0.14,30.06,38.19,23.0,39.5,1.53,25.09
1991-03-26,0.17,30.06,38.05,21.66,29.57,1.23,25.12
1991-03-27,0.0,30.7,38.82,23.01,42.03,1.14,24.16
1991-03-28,0.72,31.59,38.93,24.14,43.27,0.99,23.33
1991-03-29,0.41,31.94,39.76,23.86,46.31,2.43,22.74
1991-03-30,0.0,32.16,40.18,25.53,44.11,2.64,20.84
1991-03-31,0.0,30.4,38.75,24.12,60.53,3.63,18.47
1991-04-01,1.15,30.13,37.83,25.34,61.71,5.06,12.65
1991-04-02,0.76,29.75,37.87,24.2,65.76,5.7,19.19
1991-04-03,0.53,29.92,37.16,25.17,65.46,5.3,19.27
1991-04-04,0.4,30.22,37.36,25.37,62.29,4.98,22.47
1991-04-05,0.23,29.97,36.86,25.13,62.38,4.1,20.19
1991-04-06,6.51,27.96,34.56,24.83,70.5,2.83,10.93
1991-04-07,3.16,26.66,31.31,23.38,69.58,1.93,16.41
1991-04-08,0.16,28.89,37.48,20.98,55.3,1.76,23.02
1991-04-09,0.0,29.43,37.57,22.26,54.76,1.6,18.41
1991-04-10,0.11,29.05,35.24,23.76,55.96,2.0,25.64
1991-04-11,0.0,29.71,37.79,22.81,48.33,1.64,26.25
1991-04-12,0.28,30.46,38.09,21.93,41.03,0.99,25.83
1991-04-13,0.0,32.4,39.49,24.29,34.96,0.85,25.65
1991-04-14,0.0,32.86,40.62,24.86,34.43,1.44,25.76
1991-04-15,0.01,33.3,41.46,25.31,43.13,2.55,25.51
1991-04-16,0.86,33.26,41.88,25.99,52.7,3.61,23.91
1991-04-17,0.28,32.59,41.93,25.3,50.29,2.49,25.46
1991-04-18,0.0,32.31,41.58,24.32,45.87,1.68,25.51
1991-04-19,0.0,31.87,41.96,22.98,46.04,1.54,25.81
1991-04-20,0.0,31.8,42.04,22.7,46.02,2.06,25.06
1991-04-21,0.0,32.19,41.09,24.48,50.85,2.79,25.3
1991-04-22,0.08,32.11,40.8,24.75,55.11,3.61,24.6
1991-04-23,0.16,31.85,40.41,25.42,57.14,3.66,24.39
1991-04-24,0.0,31.64,39.95,25.35,57.02,3.42,20.67
1991-04-25,0.0,32.04,40.41,24.97,54.47,3.09,18.36
1991-04-26,0.0,32.23,40.87,25.05,51.65,3.16,20.64
1991-04-27,0.0,31.84,39.28,26.45,55.55,3.02,24.53
1991-04-28,0.0,31.31,37.68,26.57,53.37,1.98,7.64
1991-04-29,1.24,28.91,33.34,25.72,54.49,4.06,8.62
1991-04-30,16.04,30.76,37.29,25.59,55.29,4.33,13.42
1991-05-01,12.73,30.23,36.04,25.75,73.84,5.06,22.22
1991-05-02,20.44,29.85,35.04,26.26,74.66,5.2,21.03
1991-05-03,15.38,28.26,32.29,26.04,81.49,5.15,10.49
1991-05-04,45.63,28.39,32.96,25.09,80.17,4.79,17.72
1991-05-05,38.16,26.84,29.89,24.62,85.56,4.27,17.13
1991-05-06,0.65,27.32,30.54,24.75,82.86,5.22,15.78
1991-05-07,0.45,29.1,33.88,25.7,77.17,6.25,19.08
1991-05-08,0.37,29.27,34.08,26.09,75.72,6.1,16.25
1991-05-09,6.01,28.94,33.54,26.0,78.15,5.85,10.88
1991-05-10,7.05,28.33,32.2,25.79,81.12,5.33,16.96
1991-05-11,0.82,27.87,31.02,25.78,80.88,4.66,13.43
1991-05-12,0.41,28.21,32.22,25.32,78.31,3.4,17.92
1991-05-13,0.17,28.99,35.07,24.43,72.6,2.95,23.94
1991-05-14,6.3,29.06,35.55,23.99,73.2,2.4,17.92
1991-05-15,2.62,29.1,35.08,24.02,72.38,1.97,17.78
1991-05-16,0.1,29.86,35.68,24.04,67.8,1.72,16.89
1991-05-17,0.52,29.33,35.21,24.49,71.43,3.31,21.64
1991-05-18,0.29,29.59,35.78,25.52,70.93,4.07,22.6
1991-05-19,1.8,29.2,34.58,25.21,68.93,2.88,18.77
1991-05-20,1.36,29.57,36.29,23.56,66.63,1.84,17.61
1991-05-21,0.13,30.61,37.01,25.34,61.62,2.61,9.36
1991-05-22,0.16,30.37,36.71,25.11,65.13,2.9,16.41
1991-05-23,0.07,30.14,35.74,25.67,69.16,4.09,23.78
1991-05-24,0.91,30.73,36.27,27.0,68.5,4.76,18.09
1991-05-25,0.35,30.56,36.32,25.94,67.95,3.49,24.21
1991-05-26,0.05,30.9,36.15,26.54,65.85,2.85,10.62
1991-05-27,0.23,31.03,36.57,26.85,62.01,2.46,10.16
1991-05-28,0.43,31.27,37.18,26.52,63.57,2.68,9.23
1991-05-29,0.78,30.44,34.63,26.96,67.07,2.89,23.79
1991-05-30,1.05,30.36,35.28,26.42,68.69,2.3,20.39
1991-05-31,0.54,29.07,33.35,25.23,68.85,2.15,20.19
1991-06-01,2.41,27.12,31.31,23.56,76.08,2.48,9.35
1991-06-02,29.33,26.97,30.05,23.44,86.1,2.72,8.22
1991-06-03,8.85,29.43,35.2,24.8,76.14,2.1,17.97
1991-06-04,13.22,27.73,30.26,25.42,85.58,1.7,27.23
1991-06-05,11.31,27.87,30.62,25.41,83.05,1.2,12.84
1991-06-06,8.51,27.14,29.94,25.21,85.6,1.23,15.17
1991-06-07,23.0,27.04,29.81,24.62,86.87,1.12,17.04
1991-06-08,17.86,28.46,32.81,24.62,85.38,1.65,19.48
1991-06-09,14.41,28.31,31.42,26.23,90.06,2.1,11.92
1991-06-10,21.09,27.7,30.18,25.89,91.28,1.83,21.74
1991-06-11,10.32,27.64,30.1,25.95,89.92,3.09,9.33
1991-06-12,2.78,27.74,30.38,25.66,87.98,4.49,19.79
1991-06-13,2.75,28.27,31.83,25.55,84.29,4.98,20.97
1991-06-14,5.75,27.93,31.22,25.73,86.54,4.23,17.42
1991-06-15,4.34,28.57,32.35,25.62,83.76,4.47,11.77
1991-06-16,9.49,29.04,31.88,27.13,89.09,3.48,7.89
1991-06-17,1.82,28.95,32.52,26.58,87.4,3.07,12.63
1991-06-18,12.82,28.57,31.98,26.07,86.44,2.58,12.07
1991-06-19,4.63,27.35,30.07,25.35,89.89,2.86,19.66
1991-06-20,0.37,28.35,33.08,24.31,82.4,3.14,19.51
1991-06-21,0.02,28.8,33.25,24.81,82.63,2.9,25.37
1991-06-22,0.0,29.32,33.77,25.91,78.36,2.98,20.77
1991-06-23,0.34,29.75,33.55,26.8,80.31,3.26,13.59
1991-06-24,15.66,28.38,31.28,26.3,86.5,3.01,18.67
1991-06-25,1.67,28.73,32.58,25.93,84.93,3.05,16.22
1991-06-26,0.02,28.95,32.81,25.74,82.31,2.95,22.34
1991-06-27,0.02,29.51,34.22,25.93,78.06,2.39,21.59
1991-06-28,1.12,28.95,33.66,26.13,81.07,2.98,16.84
1991-06-29,1.72,28.86,33.87,25.67,80.09,3.27,15.44
1991-06-30,6.13,28.85,33.31,25.69,81.27,4.05,19.27
1991-07-01,5.95,28.85,33.26,25.86,82.46,3.15,18.15
1991-07-02,4.34,28.86,33.19,26.18,82.7,3.56,14.2
1991-07-03,9.12,28.7,32.5,25.89,83.37,5.27,13.13
1991-07-04,17.31,27.35,28.88,26.02,92.28,4.33,17.62
1991-07-05,2.83,28.01,31.53,25.34,86.31,3.91,13.39
1991-07-06,0.73,28.55,32.51,25.66,83.35,3.68,18.19
1991-07-07,0.31,29.33,33.55,26.68,81.31,3.71,20.05
1991-07-08,0.12,28.77,32.39,26.57,83.24,3.22,17.92
1991-07-09,0.23,28.54,31.79,26.42,83.56,3.34,16.77
1991-07-10,0.79,28.63,31.57,26.29,82.13,3.34,18.0
1991-07-11,0.74,28.94,32.98,25.84,79.68,2.78,19.34
1991-07-12,4.21,28.97,33.41,25.44,79.1,2.77,22.73
1991-07-13,2.26,29.4,34.33,25.88,80.04,2.75,20.88
1991-07-14,0.08,30.13,35.07,25.81,76.76,2.28,17.78
1991-07-15,4.93,29.91,34.79,26.66,78.27,1.74,14.96
1991-07-16,5.51,28.1,31.41,25.76,86.74,2.66,18.22
1991-07-17,4.87,28.06,31.18,26.05,86.05,4.31,12.98
1991-07-18,7.27,27.51,29.62,26.0,91.48,3.58,9.58
1991-07-19,14.14,27.28,30.0,25.58,89.64,3.29,17.55
1991-07-20,7.54,27.57,30.27,25.3,88.09,3.19,19.55
1991-07-21,1.1,28.61,32.74,25.75,82.53,4.89,13.12
1991-07-22,13.45,28.0,30.82,25.94,85.71,4.53,5.87
1991-07-23,6.77,28.08,31.82,25.55,86.52,2.84,13.7
1991-07-24,2.85,28.03,31.59,25.64,87.1,1.99,15.41
1991-07-25,0.01,28.64,32.89,25.62,82.69,1.84,20.81
1991-07-26,7.89,29.35,34.47,25.97,81.58,1.36,22.46
1991-07-27,2.46,30.26,35.13,26.34,79.19,1.72,24.38
1991-07-28,15.28,29.44,33.35,26.35,83.06,2.65,23.49
1991-07-29,1.78,28.75,33.11,25.24,81.5,3.97,16.33
1991-07-30,5.49,28.25,31.39,25.96,84.22,3.3,12.15
1991-07-31,5.33,28.36,32.35,25.65,84.56,3.38,14.4
1991-08-01,1.79,29.1,33.54,26.11,83.71,3.34,12.21
1991-08-02,0.83,28.32,31.48,26.35,86.95,3.28,7.14
1991-08-03,17.58,28.09,32.55,25.7,85.03,3.5,5.51
1991-08-04,18.64,27.04,29.6,25.36,89.96,3.29,14.48
1991-08-05,7.24,27.76,31.44,25.04,86.72,2.79,18.42
1991-08-06,2.7,27.74,31.85,25.46,87.29,2.93,18.29
1991-08-07,0.35,27.93,31.82,25.25,86.53,2.26,17.58
1991-08-08,0.38,28.29,31.96,25.29,83.78,1.83,18.72
1991-08-09,0.31,28.65,32.58,25.32,83.97,2.5,18.59
1991-08-10,0.6,28.36,31.56,26.24,84.8,3.12,17.73
1991-08-11,3.18,28.34,31.25,26.43,86.52,3.53,16.94
1991-08-12,2.0,28.76,33.18,25.61,82.14,3.63,19.56
1991-08-13,0.32,29.33,34.17,25.81,80.16,3.17,18.01
1991-08-14,1.67,27.92,30.76,26.03,87.86,2.15,13.81
1991-08-15,2.43,27.69,30.63,25.86,87.84,2.27,6.9
1991-08-16,1.58,28.0,31.37,25.29,83.67,2.58,14.17
1991-08-17,2.41,27.43,29.89,25.55,87.86,1.72,13.56
1991-08-18,0.78,28.72,33.62,25.32,81.73,2.25,18.61
1991-08-19,2.12,28.02,30.4,25.46,81.82,1.04,14.52
1991-08-20,0.62,31.37,36.76,26.16,71.82,1.13,23.94
1991-08-21,1.73,30.49,35.79,26.56,74.26,2.24,17.76
1991-08-22,2.96,28.13,31.95,25.89,86.91,2.47,12.69
1991-08-23,1.28,28.35,31.78,26.11,84.7,2.3,17.02
1991-08-24,5.43,28.31,32.36,25.37,84.26,2.33,16.09
1991-08-25,6.53,28.37,32.19,26.07,87.66,1.88,18.3
1991-08-26,13.33,27.54,29.89,25.6,91.35,1.87,16.9
1991-08-27,8.97,28.18,32.37,25.2,86.02,1.83,19.44
1991-08-28,25.06,28.41,31.77,26.2,87.53,1.72,19.19
1991-08-29,12.13,27.84,30.99,25.48,88.21,1.31,18.72
1991-08-30,15.41,27.04,29.82,25.12,88.87,1.22,18.24
1991-08-31,39.96,26.8,30.21,24.73,89.55,1.84,7.92
1991-09-01,16.85,27.13,30.19,24.72,90.23,2.46,12.32
1991-09-02,1.8,27.52,31.11,24.96,87.03,3.18,8.36
1991-09-03,9.79,27.17,30.42,24.73,89.93,2.59,4.11
1991-09-04,25.83,27.37,30.15,25.46,92.93,2.29,10.57
1991-09-05,16.06,27.36,30.05,25.64,91.22,1.88,13.79
1991-09-06,21.87,27.1,29.85,25.41,91.79,2.68,11.49
1991-09-07,19.66,26.5,29.05,25.15,92.81,2.77,5.58
1991-09-08,6.11,27.08,30.23,24.93,90.77,2.69,4.27
1991-09-09,20.72,27.38,30.84,25.09,89.01,2.66,13.72
1991-09-10,22.67,27.38,30.93,24.86,89.81,2.42,9.22
1991-09-11,2.36,26.94,30.55,24.12,88.79,2.02,14.94
1991-09-12,11.9,27.24,30.95,24.24,89.74,1.32,17.93
1991-09-13,19.74,27.37,30.82,24.9,90.57,1.29,10.75
1991-09-14,18.77,26.69,29.46,24.87,91.62,1.3,14.95
1991-09-15,10.77,26.81,29.89,24.68,89.92,1.1,6.7
1991-09-16,2.11,26.82,29.61,24.07,87.87,0.87,20.94
1991-09-17,0.7,27.79,31.82,24.15,84.68,1.01,20.56
1991-09-18,0.02,27.15,30.46,24.73,88.93,1.27,18.84
1991-09-19,1.29,27.51,31.12,24.38,88.27,1.38,16.16
1991-09-20,8.78,28.1,32.12,24.32,85.7,0.93,19.76
1991-09-21,3.17,26.95,29.19,25.47,92.65,1.47,19.66
1991-09-22,0.33,26.61,29.17,24.91,92.26,2.14,18.61
1991-09-23,15.87,26.56,29.42,24.51,92.47,2.38,9.3
1991-09-24,10.7,26.6,28.99,24.92,93.29,2.03,3.82
1991-09-25,30.32,26.5,28.69,25.02,93.23,2.62,4.72
1991-09-26,20.89,26.4,28.44,25.05,94.55,2.57,2.62
1991-09-27,22.13,26.65,29.26,25.04,93.25,1.83,18.5
1991-09-28,4.36,27.3,30.58,24.74,87.97,1.34,19.58
1991-09-29,0.0,28.06,31.9,24.07,80.47,0.58,21.24
1991-09-30,0.0,28.55,32.23,24.79,76.08,0.48,20.94
1991-10-01,0.04,27.99,31.24,24.52,78.49,0.69,21.56
1991-10-02,0.03,28.25,31.55,25.14,79.93,0.73,20.27
1991-10-03,5.34,27.65,30.89,24.6,85.89,0.95,14.33
1991-10-04,24.51,27.21,30.45,25.1,85.81,1.12,19.91
1991-10-05,19.4,25.91,28.61,23.98,91.12,1.09,17.27
1991-10-06,14.62,25.84,28.89,23.6,91.72,1.46,11.54
1991-10-07,50.15,25.85,29.22,23.41,90.22,1.19,16.38
1991-10-08,1.39,25.98,29.83,23.03,90.18,1.19,10.64
1991-10-09,0.08,26.8,29.93,23.41,84.69,0.74,16.98
1991-10-10,0.02,26.51,28.9,23.78,83.23,0.92,17.78
1991-10-11,1.78,26.43,29.5,23.22,85.13,0.86,19.13
1991-10-12,2.94,26.66,30.14,23.53,86.22,0.92,14.04
1991-10-13,20.97,25.64,27.28,23.78,94.95,2.76,3.22
1991-10-14,42.01,26.5,28.13,24.99,94.99,4.1,6.96
1991-10-15,23.71,25.79,27.62,24.2,93.81,3.1,8.25
1991-10-16,3.99,25.94,29.31,23.01,86.68,1.16,17.96
1991-10-17,0.31,26.07,29.65,22.81,81.02,0.84,19.01
1991-10-18,0.0,25.58,29.02,22.82,81.23,1.18,20.34
1991-10-19,0.0,24.72,29.04,20.48,77.21,1.14,20.82
1991-10-20,0.0,24.49,29.03,20.69,69.21,0.82,21.18
1991-10-21,0.0,22.79,27.45,18.3,73.94,1.26,21.03
1991-10-22,0.0,23.18,28.29,17.59,79.83,1.17,20.66
1991-10-23,0.0,24.59,29.1,20.13,82.67,0.92,19.49
1991-10-24,0.0,24.82,28.56,21.3,87.21,1.13,18.33
1991-10-25,1.41,25.32,29.05,22.11,83.57,0.97,16.71
1991-10-26,1.58,24.81,28.91,21.24,81.37,0.95,15.42
1991-10-27,0.03,24.69,29.01,20.87,86.42,1.26,16.37
1991-10-28,0.22,25.79,29.49,22.03,82.67,0.72,17.96
1991-10-29,4.56,25.86,29.15,22.18,82.42,0.63,12.25
1991-10-30,0.8,24.72,27.53,22.24,88.95,1.06,10.17
1991-10-31,29.11,23.77,26.72,22.13,94.68,4.14,5.59
1991-11-01,20.23,24.47,28.2,21.38,85.1,1.53,15.91
1991-11-02,2.87,23.02,27.24,19.09,81.51,1.16,21.23
1991-11-03,0.01,21.78,25.23,19.47,84.96,1.33,14.78
1991-11-04,0.02,23.04,27.23,19.14,77.16,1.02,16.92
1991-11-05,0.0,22.41,27.17,18.2,78.26,1.06,18.64
1991-11-06,0.0,21.77,27.23,17.36,80.02,1.19,17.93
1991-11-07,0.0,21.03,25.95,15.68,79.34,1.39,18.25
1991-11-08,0.0,20.61,25.85,15.51,81.53,1.3,17.67
1991-11-09,0.0,20.8,26.1,16.02,78.81,1.23,18.07
1991-11-10,0.0,20.49,26.4,15.22,81.59,1.49,18.72
1991-11-11,0.0,20.81,26.57,15.3,83.03,1.42,18.57
1991-11-12,0.0,21.37,26.89,16.23,78.41,1.02,17.54
1991-11-13,0.0,20.19,26.06,15.28,83.52,1.46,17.9
1991-11-14,0.0,20.73,26.57,15.03,77.94,1.24,17.78
1991-11-15,0.0,20.73,24.71,16.59,75.73,0.99,16.86
1991-11-16,0.0,20.8,25.3,16.82,74.31,1.01,11.96
1991-11-17,0.0,20.72,26.41,16.18,84.26,1.26,16.71
1991-11-18,0.0,21.24,25.92,16.48,79.48,1.14,17.56
1991-11-19,0.0,20.66,25.8,16.02,76.38,1.16,17.06
1991-11-20,0.0,19.55,25.01,13.99,72.46,1.19,17.44
1991-11-21,0.0,18.14,23.97,13.04,68.87,1.22,17.34
1991-11-22,0.0,17.35,23.76,11.16,76.31,1.39,17.45
1991-11-23,0.0,17.91,24.21,11.54,82.69,1.41,17.35
1991-11-24,0.0,18.38,24.33,12.37,82.71,1.35,17.29
1991-11-25,0.0,18.9,24.86,12.47,79.35,1.02,16.35
1991-11-26,0.0,18.94,24.63,13.2,75.81,0.79,17.08
1991-11-27,0.0,18.21,23.79,12.19,78.09,0.9,14.86
1991-11-28,0.0,18.86,24.83,13.16,80.58,0.91,16.45
1991-11-29,0.0,19.15,24.7,13.24,79.61,0.91,15.07
1991-11-30,0.0,18.63,24.2,13.01,74.26,0.94,15.91
1991-12-01,0.0,17.04,23.47,11.84,70.81,1.09,18.32
1991-12-02,0.0,16.27,23.13,9.87,68.83,1.24,18.18
1991-12-03,0.0,15.98,22.79,9.2,71.86,1.37,17.69
1991-12-04,0.0,16.69,22.67,10.11,73.12,1.06,17.35
1991-12-05,0.0,17.29,22.99,10.0,70.53,0.55,16.91
1991-12-06,0.0,16.69,22.65,11.04,77.1,1.1,16.76
1991-12-07,0.0,17.24,24.03,10.16,73.06,0.78,17.15
1991-12-08,0.0,18.16,24.43,11.15,72.33,0.91,15.91
1991-12-09,0.0,19.72,26.83,13.57,71.14,0.65,15.8
1991-12-10,0.0,20.05,25.9,14.13,73.29,0.84,17.12
1991-12-11,0.0,18.78,24.79,13.31,80.95,1.4,16.92
1991-12-12,0.0,18.39,24.83,12.3,79.86,1.49,16.9
1991-12-13,0.0,18.91,24.63,12.98,75.61,0.96,17.03
1991-12-14,0.0,18.29,24.44,11.82,76.69,1.0,16.07
1991-12-15,0.0,18.07,24.36,12.05,75.0,1.25,17.36
1991-12-16,0.0,18.15,24.81,11.26,72.57,1.13,18.02
1991-12-17,0.0,17.81,24.54,11.52,71.33,1.26,17.09
1991-12-18,0.0,18.09,23.45,11.62,67.43,0.88,16.44
1991-12-19,0.0,17.61,21.89,12.86,70.24,0.77,15.5
1991-12-20,0.0,17.83,23.94,10.56,72.48,0.82,16.85
1991-12-21,0.0,17.97,23.96,10.5,69.51,0.82,16.77
1991-12-22,0.0,18.04,24.13,11.27,74.71,0.96,15.51
1991-12-23,0.0,18.17,24.59,11.8,82.73,1.35,15.55
1991-12-24,0.21,19.16,24.16,14.19,88.89,1.53,8.74
1991-12-25,33.83,19.29,23.7,15.67,90.22,1.42,7.65
1991-12-26,13.88,17.42,21.35,14.34,93.98,1.59,6.24
1991-12-27,8.5,16.3,21.17,11.88,83.39,1.45,13.87
1991-12-28,7.81,15.93,20.13,11.17,70.15,1.07,16.25
1991-12-29,0.0,15.12,20.24,11.02,64.1,0.94,15.41
1991-12-30,0.0,13.85,19.64,9.0,62.96,1.04,15.25
1991-12-31,0.0,13.37,20.13,6.56,68.32,1.46,16.22
1992-01-01,0.0,13.57,20.11,8.09,72.1,1.58,11.45
1992-01-02,0.0,13.02,20.4,7.37,72.13,1.56,16.79
1992-01-03,0.0,13.02,19.9,7.12,70.28,1.23,16.69
1992-01-04,0.0,14.0,20.51,8.29,69.68,1.07,17.78
1992-01-05,0.0,14.69,21.53,8.78,72.78,0.96,16.97
1992-01-06,0.0,15.08,21.43,7.88,70.9,0.99,16.08
1992-01-07,0.0,15.25,21.8,8.33,71.15,1.09,16.47
1992-01-08,0.0,16.14,22.51,9.11,69.44,0.98,16.53
1992-01-09,0.0,16.13,22.46,9.51,72.87,1.16,15.44
1992-01-10,0.0,16.91,23.11,9.92,68.48,0.99,16.8
1992-01-11,0.0,16.8,22.56,9.84,66.34,0.97,17.38
1992-01-12,0.01,15.87,23.23,8.87,74.33,1.34,15.55
1992-01-13,0.0,15.79,22.66,9.57,79.19,1.39,15.74
1992-01-14,0.0,16.47,21.94,10.06,73.24,0.88,13.45
1992-01-15,0.0,16.94,22.67,9.95,72.41,0.74,13.95
1992-01-16,0.0,17.46,23.35,9.89,70.63,0.89,17.01
1992-01-17,0.0,17.28,24.21,10.38,75.16,1.21,16.85
1992-01-18,0.21,17.21,23.92,10.84,73.11,1.0,15.44
1992-01-19,0.03,17.43,23.11,12.54,55.3,0.95,17.06
1992-01-20,0.0,17.0,22.96,9.73,52.46,0.91,17.11
1992-01-21,0.0,17.49,23.8,10.06,56.35,1.1,17.35
1992-01-22,0.0,17.89,24.36,10.48,58.88,1.06,11.98
1992-01-23,0.05,18.44,24.67,11.81,60.94,0.88,16.45
1992-01-24,0.0,18.19,24.48,11.54,62.66,1.03,16.71
1992-01-25,0.0,17.67,23.99,10.85,63.84,0.95,16.95
1992-01-26,0.0,18.39,24.84,11.26,61.18,0.89,18.75
1992-01-27,0.0,19.14,25.88,12.49,58.88,0.78,18.95
1992-01-28,0.0,19.42,25.26,12.7,59.26,0.73,19.45
1992-01-29,0.0,19.92,25.81,13.59,58.94,0.75,19.05
1992-01-30,0.0,20.27,26.78,12.95,57.72,1.05,19.34
1992-01-31,0.0,20.59,27.14,13.58,59.8,1.07,17.89
1992-02-01,5.36,19.75,25.9,15.0,71.93,1.26,17.81
1992-02-02,0.76,19.31,25.36,14.17,82.21,1.63,16.97
1992-02-03,0.96,20.26,25.83,14.94,71.68,1.12,17.94
1992-02-04,0.09,18.15,25.26,11.55,62.28,1.29,20.18
1992-02-05,0.0,17.45,26.14,9.87,55.02,1.39,19.8
1992-02-06,0.0,18.16,26.4,10.09,55.16,1.14,19.21
1992-02-07,0.0,18.83,26.51,11.58,61.59,1.32,19.32
1992-02-08,12.69,20.16,26.2,15.25,82.55,1.52,13.39
1992-02-09,2.69,19.91,27.21,14.52,74.67,1.12,16.83
1992-02-10,0.04,19.39,26.64,13.19,61.9,1.4,18.63
1992-02-11,0.26,19.11,25.68,12.02,50.46,1.26,18.65
1992-02-12,0.0,17.32,23.69,9.92,43.8,1.27,19.98
1992-02-13,0.0,17.88,24.68,11.24,44.75,1.0,18.66
1992-02-14,0.0,18.93,27.64,9.91,66.89,2.42,18.26
1992-02-15,1.92,21.23,28.16,15.46,69.32,1.46,18.64
1992-02-16,0.45,20.97,28.02,15.4,62.33,1.19,20.88
1992-02-17,0.03,19.19,27.36,10.93,60.59,1.68,21.47
1992-02-18,9.88,20.17,27.12,14.38,70.31,1.59,20.76
1992-02-19,1.06,18.67,26.55,11.86,39.48,1.26,21.79
1992-02-20,0.0,18.58,26.16,11.98,41.88,1.09,21.63
1992-02-21,3.53,19.54,27.06,12.02,65.12,1.32,15.99
1992-02-22,1.77,21.37,27.89,15.84,70.01,1.28,14.57
1992-02-23,0.56,21.84,28.36,14.65,66.89,0.95,10.96
1992-02-24,0.58,21.4,27.45,15.79,64.01,1.2,9.03
1992-02-25,0.11,20.64,27.9,15.19,58.83,1.2,21.59
1992-02-26,0.23,19.76,27.3,11.4,45.97,0.99,20.91
1992-02-27,0.0,19.35,27.39,11.63,51.33,1.6,21.0
1992-02-28,2.92,20.18,27.64,12.95,77.21,2.66,11.94
1992-02-29,1.38,21.88,29.18,15.98,74.26,1.88,17.59
1992-03-01,0.12,23.46,30.86,17.37,76.56,2.89,16.34
1992-03-02,0.04,23.32,31.13,17.47,65.96,2.02,17.43
1992-03-03,0.0,22.5,31.31,16.18,62.01,2.22,17.36
1992-03-04,0.0,22.54,31.51,15.19,65.61,2.38,19.25
1992-03-05,0.0,23.3,32.28,16.21,67.69,2.7,19.37
1992-03-06,0.0,23.63,33.52,14.94,66.23,2.52,17.95
1992-03-07,0.0,25.38,33.8,19.06,71.02,2.44,17.75
1992-03-08,0.05,24.34,33.16,17.76,63.97,2.1,18.02
1992-03-09,0.0,23.48,32.41,16.09,59.09,1.76,21.08
1992-03-10,0.0,23.95,32.49,16.54,65.72,2.01,19.03
1992-03-11,0.0,24.99,33.79,17.55,66.0,2.3,18.42
1992-03-12,0.0,25.54,33.79,18.22,60.98,1.67,19.5
1992-03-13,0.0,25.62,33.89,17.79,65.44,2.15,20.29
1992-03-14,0.0,26.43,35.36,18.44,59.56,1.77,19.48
1992-03-15,0.57,27.02,35.88,20.2,66.5,3.13,21.71
1992-03-16,0.0,26.27,35.04,20.18,58.68,2.29,22.93
1992-03-17,0.34,25.55,34.05,19.15,62.64,2.2,19.95
1992-03-18,0.01,26.28,34.99,19.45,65.28,2.68,21.41
1992-03-19,0.03,26.67,33.89,21.42,69.1,3.39,21.53
1992-03-20,0.26,27.42,34.98,22.27,67.41,2.71,22.32
1992-03-21,0.09,27.26,35.46,20.85,68.62,2.93,20.55
1992-03-22,0.02,27.86,36.0,21.4,67.82,3.3,16.95
1992-03-23,1.17,28.95,36.99,23.12,65.82,3.57,21.43
1992-03-24,0.11,28.96,37.36,23.47,69.1,4.47,20.79
1992-03-25,0.1,29.08,37.19,24.2,65.52,4.14,21.79
1992-03-26,0.0,29.12,37.72,22.55,55.92,2.31,25.69
1992-03-27,0.0,28.64,38.15,19.93,54.68,2.54,25.51
1992-03-28,0.0,29.31,39.72,20.83,55.82,2.51,23.77
1992-03-29,0.0,29.43,39.4,21.24,57.75,3.13,23.22
1992-03-30,0.0,29.96,39.32,22.87,59.37,3.27,23.66
1992-03-31,0.0,29.35,38.08,23.37,61.52,2.54,17.91
1992-04-01,0.0,28.67,36.56,21.68,49.66,1.44,20.65
1992-04-02,0.0,28.5,36.81,20.64,49.77,1.68,24.75
1992-04-03,0.01,28.78,38.78,19.79,56.19,2.16,24.74
1992-04-04,0.0,29.8,39.4,21.05,56.44,2.88,24.57
1992-04-05,0.0,30.15,39.18,22.09,56.29,2.89,23.59
1992-04-06,0.0,30.56,38.63,23.54,57.74,2.96,23.32
1992-04-07,0.0,30.21,39.48,23.52,63.85,4.23,23.14
1992-04-08,3.89,30.21,38.11,24.75,63.62,3.94,23.56
1992-04-09,19.85,28.5,36.14,23.77,69.29,3.4,22.38
1992-04-10,0.0,29.92,38.5,23.58,60.27,3.41,23.53
1992-04-11,0.0,30.44,39.11,23.7,61.69,3.72,23.01
1992-04-12,0.0,30.73,39.53,23.97,62.24,3.58,22.98
1992-04-13,0.0,31.37,40.03,25.23,62.17,3.99,21.52
1992-04-14,0.0,31.76,41.14,25.46,60.98,4.21,22.91
1992-04-15,0.0,31.76,40.4,25.14,60.0,3.82,22.92
1992-04-16,0.0,31.07,39.56,25.49,61.31,3.5,20.13
1992-04-17,0.01,31.09,39.07,24.92,59.73,4.21,22.71
1992-04-18,13.31,29.11,35.27,24.36,70.09,3.97,24.56
1992-04-19,23.0,28.38,34.55,23.91,72.98,3.14,23.85
1992-04-20,7.86,28.97,36.55,23.83,70.36,3.65,24.38
1992-04-21,0.05,30.16,38.59,24.25,66.49,3.42,23.45
1992-04-22,0.29,30.43,38.29,24.2,64.76,3.55,24.85
1992-04-23,0.38,30.57,39.44,24.83,63.55,3.49,18.98
1992-04-24,0.01,30.35,38.48,23.78,57.92,2.28,18.42
1992-04-25,0.0,31.39,39.21,24.63,49.48,1.43,24.48
1992-04-26,0.03,31.22,38.95,24.48,48.13,1.56,18.26
1992-04-27,0.02,30.56,37.02,25.05,49.79,1.99,17.71
1992-04-28,0.46,27.68,32.31,24.26,61.99,1.31,20.83
1992-04-29,0.19,30.27,37.25,24.14,52.36,1.27,21.41
1992-04-30,0.06,30.66,37.48,23.91,54.5,1.46,22.12
1992-05-01,7.14,29.74,35.51,24.56,60.15,1.86,25.45
1992-05-02,8.02,27.54,32.52,23.57,69.67,1.95,16.71
1992-05-03,2.09,28.48,35.97,21.73,60.65,2.72,15.04
1992-05-04,9.63,27.59,32.44,23.34,69.12,1.58,13.74
1992-05-05,9.63,27.95,33.29,22.96,64.95,1.26,20.48
1992-05-06,0.73,30.3,37.37,24.02,59.33,1.92,23.48
1992-05-07,3.87,30.36,37.94,24.04,63.8,3.13,23.47
1992-05-08,4.82,30.34,38.23,24.82,65.04,3.41,23.35
1992-05-09,0.01,31.33,39.91,23.72,58.99,2.46,24.43
1992-05-10,0.12,31.66,40.17,24.53,57.0,3.06,25.08
1992-05-11,1.55,31.94,40.28,24.92,57.43,2.71,24.99
1992-05-12,24.36,31.39,38.04,24.66,60.58,0.98,24.47
1992-05-13,0.0,32.16,39.91,24.86,55.95,1.48,22.42
1992-05-14,0.0,32.0,39.65,25.94,55.6,2.51,21.27
1992-05-15,0.22,31.04,37.63,25.01,61.22,2.92,23.28
1992-05-16,1.63,31.26,38.37,25.78,64.66,4.63,20.28
1992-05-17,12.48,30.29,35.3,26.59,68.35,4.4,22.33
1992-05-18,9.46,29.01,33.14,25.69,78.36,3.22,22.08
1992-05-19,0.84,29.56,35.14,23.85,66.01,0.91,23.09
1992-05-20,0.22,29.0,33.82,25.73,72.13,3.23,26.6
1992-05-21,6.64,29.47,34.58,25.79,71.1,2.8,19.08
1992-05-22,4.86,28.5,33.24,24.85,71.38,1.54,19.08
1992-05-23,1.22,28.15,33.18,23.77,68.24,1.62,12.4
1992-05-24,0.13,29.72,36.14,23.93,57.14,1.32,26.51
1992-05-25,1.51,28.26,32.26,25.15,66.55,1.9,18.79
1992-05-26,3.25,26.07,28.39,24.25,78.23,1.52,16.01
1992-05-27,6.5,27.77,32.66,23.91,73.55,1.98,18.91
1992-05-28,8.8,28.71,33.9,24.5,72.79,2.46,19.37
1992-05-29,3.6,30.05,35.93,24.52,67.89,1.82,19.46
1992-05-30,2.27,29.65,34.48,25.46,71.41,2.59,18.44
1992-05-31,5.27,30.43,36.58,25.31,68.45,2.84,23.14
1992-06-01,25.34,29.96,35.74,25.9,74.91,2.89,22.93
1992-06-02,0.32,30.42,36.49,25.33,70.61,2.16,22.27
1992-06-03,0.0,31.45,37.89,25.51,64.65,1.31,22.97
1992-06-04,0.01,32.41,38.68,25.99,57.92,0.8,22.31
1992-06-05,0.27,32.42,39.18,26.75,59.37,1.94,24.27
1992-06-06,0.0,31.78,38.79,25.73,58.52,2.69,24.83
1992-06-07,0.0,31.48,38.46,25.97,63.48,3.28,18.38
1992-06-08,1.75,31.09,36.13,26.91,63.8,2.54,12.85
1992-06-09,4.91,30.59,35.74,25.87,67.9,1.62,22.3
1992-06-10,2.75,29.86,33.5,26.94,68.94,1.41,13.47
1992-06-11,11.83,28.7,32.0,25.75,79.24,1.93,18.69
1992-06-12,5.84,28.73,32.73,25.34,77.68,2.91,17.45
1992-06-13,5.9,29.76,34.35,25.96,71.94,2.54,12.88
1992-06-14,6.19,29.53,34.28,25.5,74.69,2.16,18.56
1992-06-15,3.86,30.46,35.53,25.7,70.75,0.85,25.08
1992-06-16,1.99,30.96,35.71,26.86,67.89,1.57,17.93
1992-06-17,0.92,30.02,33.78,27.04,74.56,2.19,26.33
1992-06-18,0.14,29.89,34.62,26.45,73.16,3.01,22.61
1992-06-19,0.18,30.5,34.91,27.02,69.31,2.59,19.37
1992-06-20,3.26,30.96,36.54,26.51,66.84,2.48,20.16
1992-06-21,3.24,30.26,35.27,26.48,74.45,3.97,20.55
1992-06-22,2.33,30.16,35.14,26.42,74.51,4.39,19.39
1992-06-23,4.0,29.15,33.86,26.32,80.59,5.3,6.06
1992-06-24,5.97,29.1,33.23,27.09,84.58,4.61,8.42
1992-06-25,17.55,28.78,31.72,26.89,86.55,3.23,13.32
1992-06-26,10.11,28.27,31.53,26.04,83.46,3.54,13.2
1992-06-27,8.28,28.6,31.96,26.0,82.69,2.71,10.33
1992-06-28,5.87,29.13,33.57,25.27,77.68,2.11,17.69
1992-06-29,0.38,29.0,32.65,25.27,78.22,2.15,19.69
1992-06-30,0.04,30.18,35.26,26.05,74.5,2.77,21.57
1992-07-01,0.07,28.59,30.87,26.95,84.32,2.28,19.04
1992-07-02,3.97,28.83,32.93,26.38,80.78,1.72,12.38
1992-07-03,10.79,27.86,30.58,25.94,87.59,3.47,13.25
1992-07-04,8.17,28.96,33.25,25.76,81.57,3.09,19.26
1992-07-05,32.03,27.91,30.35,26.09,88.64,2.54,17.9
1992-07-06,14.95,28.24,32.01,25.63,87.15,3.01,15.31
1992-07-07,0.86,28.02,31.48,25.64,84.93,3.12,19.37
1992-07-08,0.73,29.01,33.36,24.91,76.73,1.63,20.68
1992-07-09,0.74,28.26,31.42,25.99,80.99,1.77,19.26
1992-07-10,7.13,27.84,31.5,25.12,85.71,2.54,13.72
1992-07-11,10.81,27.21,29.06,25.88,91.46,2.9,8.16
1992-07-12,19.92,27.77,31.41,25.29,86.92,2.27,17.0
1992-07-13,7.82,28.06,31.79,25.18,84.54,2.28,16.04
1992-07-14,0.49,28.6,32.54,25.39,82.05,2.03,21.77
1992-07-15,0.93,28.35,31.95,25.56,83.22,2.1,15.75
1992-07-16,5.72,27.62,30.94,25.31,87.97,2.41,9.07
1992-07-17,3.98,26.95,29.9,24.96,91.22,1.93,12.11
1992-07-18,20.0,26.95,29.55,25.09,91.06,2.48,17.51
1992-07-19,27.49,27.29,29.57,25.66,92.07,3.69,16.72
1992-07-20,13.69,27.6,30.27,25.67,90.25,3.87,14.08
1992-07-21,8.61,27.25,29.57,25.16,90.45,2.84,20.21
1992-07-22,5.1,27.74,31.02,25.22,88.06,2.73,18.7
1992-07-23,4.99,28.16,32.2,24.98,86.89,2.44,19.91
1992-07-24,5.71,29.02,33.23,25.77,85.79,1.42,24.0
1992-07-25,2.05,28.24,30.58,26.01,90.53,1.18,17.66
1992-07-26,1.57,29.01,33.26,25.59,84.84,2.65,16.63
1992-07-27,3.96,27.59,30.77,25.28,86.67,3.73,18.48
1992-07-28,1.64,26.5,29.42,24.49,89.06,2.29,13.87
1992-07-29,3.16,27.51,31.23,24.5,86.83,1.49,16.46
1992-07-30,2.35,28.27,31.99,25.01,84.21,0.94,11.96
1992-07-31,15.22,27.3,29.52,25.54,88.1,0.77,13.29
1992-08-01,12.45,27.41,31.16,24.86,88.08,1.41,14.42
1992-08-02,10.05,27.92,32.06,24.82,87.41,1.42,17.03
1992-08-03,20.74,27.7,31.1,25.5,89.27,1.99,19.84
1992-08-04,8.6,27.83,31.69,24.81,87.03,1.41,20.29
1992-08-05,0.67,26.84,29.47,25.14,89.68,1.85,6.51
1992-08-06,1.95,26.89,30.45,24.52,87.66,2.88,12.53
1992-08-07,23.82,27.04,30.98,23.95,87.06,2.53,15.76
1992-08-08,6.59,27.35,31.16,24.35,86.89,2.24,14.47
1992-08-09,11.78,26.68,29.48,24.63,89.7,2.09,17.86
1992-08-10,10.77,27.64,31.93,23.98,86.8,1.67,22.98
1992-08-11,3.35,27.45,30.76,24.55,87.76,1.03,12.83
1992-08-12,0.02,28.36,31.34,25.25,85.26,1.16,25.1
1992-08-13,0.69,28.32,31.49,25.95,88.0,1.95,19.94
1992-08-14,0.61,28.49,33.13,25.36,85.19,2.1,21.2
1992-08-15,2.98,27.65,31.05,25.38,88.77,2.46,17.22
1992-08-16,1.65,27.76,31.69,25.16,87.89,2.76,18.62
1992-08-17,0.88,27.56,31.25,25.21,88.04,2.76,18.37
1992-08-18,0.3,27.81,32.06,25.26,86.62,2.99,19.87
1992-08-19,0.83,27.64,31.09,25.25,87.23,3.17,17.34
1992-08-20,1.88,28.06,32.14,25.21,85.89,3.96,16.34
1992-08-21,1.4,27.72,31.87,24.77,84.06,3.5,17.7
1992-08-22,2.56,26.86,30.14,24.8,86.66,2.59,18.08
1992-08-23,0.46,27.64,31.88,24.41,84.3,2.62,18.22
1992-08-24,1.55,28.28,32.37,25.43,83.82,2.85,16.41
1992-08-25,0.85,28.24,32.13,25.27,84.99,2.55,15.39
1992-08-26,0.59,27.79,30.65,25.48,86.7,2.07,16.21
1992-08-27,14.63,27.61,31.43,25.24,89.49,2.12,12.49
1992-08-28,8.35,27.73,30.37,25.59,89.72,1.73,16.45
1992-08-29,2.5,28.77,33.7,25.29,81.03,0.95,19.19
1992-08-30,0.75,30.27,34.92,25.87,78.01,0.72,16.22
1992-08-31,0.12,29.32,33.23,26.14,80.93,1.18,17.13
1992-09-01,9.38,28.69,32.02,25.31,81.38,0.98,11.84
1992-09-02,15.59,28.2,32.84,25.65,87.25,1.64,19.55
1992-09-03,1.08,28.12,32.76,25.08,84.51,1.58,20.76
1992-09-04,0.13,28.06,32.66,24.66,83.12,1.28,20.6
1992-09-05,2.81,28.3,32.76,24.5,82.26,1.52,18.3
1992-09-06,41.1,27.57,30.64,25.07,86.74,1.05,20.94
1992-09-07,14.14,27.44,31.48,25.04,88.35,1.86,21.31
1992-09-08,0.82,27.39,31.23,24.88,88.46,2.43,17.83
1992-09-09,1.49,27.87,31.83,25.52,87.82,2.26,21.44
1992-09-10,1.55,27.43,31.07,25.25,87.38,2.7,18.75
1992-09-11,8.4,26.99,30.07,25.28,90.06,3.22,8.76
1992-09-12,8.25,26.68,29.86,24.6,90.03,3.2,11.58
1992-09-13,0.8,26.98,31.11,23.99,85.81,2.12,17.67
1992-09-14,2.54,27.25,31.46,23.57,84.47,1.59,17.68
1992-09-15,7.54,28.24,32.15,24.77,81.89,0.83,19.46
1992-09-16,1.2,28.07,32.09,24.61,81.33,1.14,16.7
1992-09-17,5.52,26.88,29.7,24.63,88.02,1.55,12.38
1992-09-18,2.92,27.54,31.1,23.77,81.29,0.92,19.72
1992-09-19,0.06,28.33,32.46,24.03,73.64,1.34,23.23
1992-09-20,0.0,29.01,33.37,24.09,69.84,0.82,22.46
1992-09-21,0.0,28.8,32.78,24.61,75.97,0.87,19.93
1992-09-22,0.0,29.92,34.13,25.11,73.04,0.99,19.63
1992-09-23,0.0,27.65,30.4,25.51,83.61,1.21,14.68
1992-09-24,13.6,27.15,30.8,24.68,86.88,1.05,15.57
1992-09-25,5.5,26.85,30.06,24.39,88.64,0.92,15.58
1992-09-26,9.8,26.3,29.1,24.43,91.75,1.9,10.84
1992-09-27,5.1,26.22,29.21,23.96,91.22,1.74,13.99
1992-09-28,8.83,26.19,28.79,24.39,92.2,2.18,10.71
1992-09-29,6.58,25.75,28.61,23.65,90.47,1.97,16.67
1992-09-30,0.49,26.92,30.7,22.86,79.18,0.84,12.36
1992-10-01,0.0,27.42,31.32,23.52,75.23,0.89,20.52
1992-10-02,0.0,28.18,32.22,24.21,71.91,0.86,21.2
1992-10-03,0.04,27.68,32.33,23.18,77.63,0.86,20.33
1992-10-04,0.38,28.2,32.2,23.64,74.48,0.74,19.37
1992-10-05,8.02,27.53,31.25,24.29,76.87,0.94,14.83
1992-10-06,2.12,26.97,31.35,22.82,79.38,0.88,20.75
1992-10-07,0.07,28.28,32.6,23.17,69.56,0.89,21.35
1992-10-08,0.0,28.46,33.31,22.94,67.59,0.79,20.18
1992-10-09,0.01,29.17,33.57,24.65,68.16,0.84,16.47
1992-10-10,0.02,29.62,33.9,25.37,67.3,0.85,17.4
1992-10-11,0.01,29.28,33.33,24.84,68.76,0.72,14.69
1992-10-12,0.09,27.8,31.35,25.38,81.82,1.83,15.74
1992-10-13,0.47,27.37,30.74,24.82,83.54,2.31,14.23
1992-10-14,11.62,27.09,30.56,24.76,87.22,3.01,4.14
1992-10-15,25.45,27.19,30.81,24.82,89.25,2.07,15.51
1992-10-16,4.2,26.71,31.06,23.46,84.22,0.86,14.26
1992-10-17,4.18,26.35,30.79,22.41,82.99,1.05,17.84
1992-10-18,0.2,26.9,31.57,22.79,79.61,0.84,18.9
1992-10-19,0.0,26.57,30.94,23.5,81.2,0.83,18.66
1992-10-20,0.15,25.47,28.8,22.73,83.45,1.16,9.66
1992-10-21,9.75,24.87,28.31,22.7,87.32,1.99,8.56
1992-10-22,1.32,26.21,31.19,22.07,78.74,1.75,17.67
1992-10-23,1.46,24.9,31.58,19.69,70.12,1.06,17.15
1992-10-24,0.01,23.94,31.95,17.79,65.92,1.01,19.8
1992-10-25,0.0,23.51,30.74,18.17,64.77,0.95,20.12
1992-10-26,0.0,22.97,30.34,16.15,59.9,1.36,20.53
1992-10-27,0.0,24.31,30.67,17.9,62.24,1.28,20.56
1992-10-28,0.0,25.55,31.42,20.76,65.58,1.05,20.24
1992-10-29,0.0,25.84,32.81,19.4,66.08,1.24,20.86
1992-10-30,0.0,27.11,34.39,21.42,65.02,1.44,20.58
1992-10-31,0.0,27.52,34.38,20.76,63.1,0.71,19.51
1992-11-01,0.0,27.56,33.5,22.31,68.12,0.89,20.32
1992-11-02,0.0,26.78,32.76,22.48,65.07,0.91,18.02
1992-11-03,0.0,26.08,32.29,21.1,65.74,1.17,18.13
1992-11-04,0.0,26.15,32.46,19.3,49.68,0.86,20.01
1992-11-05,0.0,26.73,32.67,19.95,49.97,0.7,19.67
1992-11-06,0.0,26.02,32.36,20.4,49.63,1.01,16.92
1992-11-07,0.0,24.22,31.44,18.03,53.35,1.15,19.5
1992-11-08,0.0,23.3,30.94,17.45,48.34,1.21,18.68
1992-11-09,0.0,23.94,31.61,16.95,52.12,0.98,19.01
1992-11-10,0.06,23.32,30.82,17.21,60.44,1.68,18.37
1992-11-11,0.09,23.4,29.97,17.85,73.96,1.01,18.5
1992-11-12,0.03,23.8,30.75,18.49,68.01,1.14,19.46
1992-11-13,0.0,23.67,31.71,16.86,57.36,1.37,19.42
1992-11-14,0.0,23.92,31.39,16.65,52.36,1.1,19.23
1992-11-15,0.0,23.78,31.82,15.97,49.45,0.96,19.24
1992-11-16,0.0,24.06,31.91,15.53,47.22,0.81,16.38
1992-11-17,0.0,23.67,29.73,17.74,47.93,0.74,17.98
1992-11-18,0.0,24.01,30.17,18.85,46.85,0.98,9.5
1992-11-19,0.0,23.84,29.66,17.26,48.7,0.91,11.84
1992-11-20,0.02,25.18,30.65,19.36,53.75,0.82,9.65
1992-11-21,0.47,25.57,32.31,20.37,59.88,1.33,12.11
1992-11-22,0.0,24.79,31.69,18.75,49.1,1.26,17.89
1992-11-23,0.0,24.71,31.37,18.51,41.56,0.85,17.11
1992-11-24,0.14,22.11,27.98,18.1,62.66,1.3,8.57
1992-11-25,2.2,21.17,27.75,15.12,65.27,1.44,16.65
1992-11-26,0.03,21.26,29.38,14.33,56.2,1.57,18.12
1992-11-27,0.01,22.33,30.31,14.05,53.37,0.84,17.38
1992-11-28,0.0,22.66,29.87,15.59,57.48,0.9,16.92
1992-11-29,0.0,23.82,30.54,16.76,60.09,0.53,17.34
1992-11-30,0.0,22.97,27.8,18.25,57.57,0.79,8.28
1992-12-01,0.11,20.02,22.92,17.34,74.85,1.75,10.47
1992-12-02,0.47,20.15,24.5,16.89,77.45,1.9,8.97
1992-12-03,0.28,21.42,27.1,17.95,74.49,1.08,17.05
1992-12-04,0.18,20.67,27.94,14.44,65.89,1.15,16.74
1992-12-05,0.0,20.44,28.63,14.03,59.52,1.46,17.02
1992-12-06,0.0,19.54,27.25,12.93,54.53,1.31,17.63
1992-12-07,0.0,19.67,28.53,11.77,52.27,1.07,17.54
1992-12-08,0.0,19.67,27.3,12.32,50.42,0.91,16.32
1992-12-09,0.0,19.61,28.38,12.09,47.0,1.06,17.12
1992-12-10,0.0,19.7,28.04,12.5,46.67,1.19,17.63
1992-12-11,0.0,19.97,28.05,12.72,45.88,1.14,17.5
1992-12-12,0.0,20.36,27.53,12.59,41.87,1.01,16.93
1992-12-13,0.0,19.19,27.04,12.58,44.81,1.24,17.11
1992-12-14,0.0,18.46,27.55,10.9,43.19,1.42,16.14
1992-12-15,0.0,18.49,28.15,10.08,42.4,1.35,16.88
1992-12-16,0.0,19.11,27.4,10.72,38.84,1.08,18.08
1992-12-17,0.0,19.34,27.45,10.41,38.26,0.88,17.36
1992-12-18,0.0,18.48,27.21,10.14,40.65,1.14,17.29
1992-12-19,0.0,17.98,26.83,10.59,42.03,1.45,17.78
1992-12-20,0.0,18.29,26.83,11.84,42.26,1.33,16.78
1992-12-21,0.0,18.79,27.41,10.91,43.59,1.24,17.03
1992-12-22,0.0,19.06,28.21,12.47,43.25,1.41,16.95
1992-12-23,0.0,18.84,27.5,12.19,44.41,1.38,16.35
1992-12-24,0.0,18.7,29.21,10.85,44.95,1.5,17.39
1992-12-25,0.0,19.73,29.42,10.55,39.13,1.02,16.99
1992-12-26,0.0,19.11,28.0,10.45,52.34,1.33,15.9
1992-12-27,0.0,19.21,27.54,10.79,56.08,1.0,16.32
1992-12-28,0.0,19.01,26.28,11.26,39.3,1.13,16.12
1992-12-29,0.0,18.21,26.63,10.6,44.43,1.24,15.57
1992-12-30,0.0,17.97,26.7,10.54,48.62,1.56,14.63
1992-12-31,0.0,18.73,27.43,11.21,46.83,1.29,14.88
1993-01-01,0.0,19.99,27.77,12.02,43.35,0.99,15.93
1993-01-02,0.0,20.54,28.26,11.62,42.95,1.17,14.95
1993-01-03,0.0,20.67,28.37,12.25,42.94,1.17,13.61
1993-01-04,0.0,21.01,30.12,12.57,48.74,1.66,14.57
1993-01-05,0.0,20.79,28.3,15.75,50.68,1.19,14.21
1993-01-06,0.0,19.53,27.61,12.57,43.36,1.32,15.79
1993-01-07,0.0,20.81,29.71,12.19,43.46,1.36,15.74
1993-01-08,0.0,21.17,30.41,14.36,63.23,2.03,15.93
1993-01-09,0.4,21.87,29.07,15.79,72.1,1.63,15.87
1993-01-10,0.75,21.46,28.21,16.21,70.76,1.45,9.62
1993-01-11,0.02,20.55,28.02,13.75,53.26,1.39,16.5
1993-01-12,0.0,21.57,28.77,15.31,50.68,1.34,14.01
1993-01-13,0.0,21.68,28.97,16.02,58.99,1.2,14.36
1993-01-14,0.17,17.94,26.97,11.94,41.57,1.68,17.11
1993-01-15,0.07,16.74,26.86,9.05,33.55,1.63,16.57
1993-01-16,0.0,16.68,26.2,8.61,31.52,1.47,16.82
1993-01-17,0.0,18.35,26.83,9.0,30.16,1.29,16.81
1993-01-18,0.0,19.55,28.61,11.13,38.31,1.42,15.56
1993-01-19,0.0,18.1,27.15,11.78,37.29,1.44,18.14
1993-01-20,0.0,15.9,25.57,8.18,32.69,1.55,18.1
1993-01-21,0.0,15.89,24.68,9.05,29.23,1.49,16.97
1993-01-22,0.0,16.69,25.16,9.22,29.02,1.49,17.09
1993-01-23,0.0,16.73,25.65,9.29,28.4,1.46,17.29
1993-01-24,0.0,16.47,26.0,8.7,29.08,1.49,18.14
1993-01-25,0.0,16.46,25.66,8.87,28.13,1.43,17.57
1993-01-26,0.0,16.65,27.05,8.27,28.22,1.33,17.02
1993-01-27,0.0,17.03,27.44,8.2,30.29,1.37,17.94
1993-01-28,0.0,18.81,28.91,9.79,34.22,1.32,18.39
1993-01-29,0.0,20.14,31.05,10.95,40.61,1.26,19.25
1993-01-30,0.0,20.83,29.36,13.69,61.86,0.98,15.67
1993-01-31,0.01,22.93,29.94,16.85,54.05,0.84,18.92
1993-02-01,0.13,22.3,30.6,15.06,46.44,1.16,15.41
1993-02-02,0.12,21.7,30.5,14.51,45.24,1.2,19.99
1993-02-03,0.01,22.1,31.38,14.05,39.13,1.14,20.35
1993-02-04,0.0,22.52,31.72,13.97,36.32,1.19,20.58
1993-02-05,0.0,22.83,31.81,14.01,34.47,1.01,20.27
1993-02-06,0.0,22.6,32.22,14.2,34.15,1.37,20.34
1993-02-07,0.0,23.51,33.04,15.76,29.55,1.19,19.59
1993-02-08,0.0,23.42,32.46,13.85,24.21,0.99,20.24
1993-02-09,0.0,23.41,32.81,13.19,26.35,0.94,19.23
1993-02-10,0.0,22.41,32.56,13.45,35.77,1.28,19.64
1993-02-11,0.0,22.19,31.99,13.61,44.96,1.09,20.23
1993-02-12,0.0,23.68,33.15,13.39,41.89,1.11,18.96
1993-02-13,0.0,24.76,34.0,16.59,59.99,2.34,18.61
1993-02-14,0.0,25.28,34.37,18.04,67.2,3.21,16.14
1993-02-15,0.0,25.23,33.5,19.14,66.64,3.3,15.82
1993-02-16,0.01,25.54,34.08,19.27,68.7,3.72,16.23
1993-02-17,0.35,25.45,33.44,19.99,69.93,4.74,15.96
1993-02-18,0.51,25.77,32.6,21.68,70.85,5.1,15.85
1993-02-19,4.87,25.78,32.31,22.05,70.56,4.65,12.18
1993-02-20,22.55,23.86,28.95,20.5,80.94,2.34,16.31
1993-02-21,3.51,23.26,29.22,18.85,76.32,1.71,10.55
1993-02-22,21.51,19.79,25.66,12.56,69.99,1.44,20.95
1993-02-23,0.0,18.06,28.61,8.46,33.07,1.49,22.9
1993-02-24,0.15,18.94,28.69,9.43,34.03,1.58,22.45
1993-02-25,0.0,20.95,30.19,11.23,32.32,1.59,22.37
1993-02-26,0.0,23.53,32.51,15.46,31.58,1.29,20.27
1993-02-27,0.0,24.44,33.09,17.06,56.72,1.4,16.84
1993-02-28,0.0,24.18,32.23,17.26,41.05,1.47,21.41
1993-03-01,0.0,24.26,33.38,16.26,45.26,1.81,21.67
1993-03-02,0.0,23.98,33.26,15.68,50.3,1.78,22.17
1993-03-03,0.01,24.97,33.86,17.41,43.83,1.88,22.25
1993-03-04,0.0,24.58,33.3,15.82,36.69,1.9,21.31
1993-03-05,0.0,26.17,33.97,19.32,30.48,1.3,20.83
1993-03-06,0.0,24.84,34.22,16.68,29.1,1.5,21.71
1993-03-07,0.0,23.77,33.06,15.02,29.86,1.67,22.54
1993-03-08,0.0,24.42,33.65,16.03,26.86,1.68,22.57
1993-03-09,0.0,25.34,35.55,16.22,27.17,1.45,23.45
1993-03-10,0.0,26.22,35.5,15.8,27.45,1.14,23.42
1993-03-11,0.0,26.11,36.01,16.97,38.61,1.12,20.06
1993-03-12,0.0,26.07,36.01,16.63,53.31,1.71,21.62
1993-03-13,0.01,27.37,37.01,19.06,56.31,2.56,22.67
1993-03-14,2.78,26.96,35.69,20.38,66.06,3.05,19.08
1993-03-15,3.49,27.26,35.46,21.41,66.54,2.6,19.03
1993-03-16,5.5,27.16,35.37,21.55,61.49,2.43,21.61
1993-03-17,0.04,26.33,35.4,19.84,52.27,2.27,23.63
1993-03-18,0.0,25.8,34.87,17.11,41.55,2.06,23.76
1993-03-19,0.0,25.45,35.34,14.63,36.91,2.26,22.51
1993-03-20,0.0,25.78,33.78,17.75,66.3,2.78,14.99
1993-03-21,0.42,25.92,32.33,21.93,71.07,3.42,15.22
1993-03-22,0.18,26.12,32.17,21.18,71.14,3.58,10.9
1993-03-23,2.51,25.25,30.91,22.12,78.0,3.9,17.0
1993-03-24,0.75,25.71,32.49,21.26,75.63,2.7,16.33
1993-03-25,0.94,26.87,33.12,22.27,69.66,2.17,4.59
1993-03-26,5.01,26.38,33.14,22.24,72.19,3.75,16.06
1993-03-27,30.53,26.01,30.51,21.78,76.24,2.47,20.61
1993-03-28,0.0,25.31,33.83,18.19,48.05,1.61,24.13
1993-03-29,0.0,25.41,34.26,16.69,28.87,1.68,25.83
1993-03-30,0.0,26.36,34.99,18.39,22.86,1.41,25.68
1993-03-31,0.0,27.19,36.14,18.95,23.45,1.44,25.65
1993-04-01,0.0,27.05,36.7,17.49,38.58,1.47,23.27
1993-04-02,0.0,28.72,36.4,21.4,47.04,1.0,23.15
1993-04-03,0.0,30.35,38.05,22.75,36.86,1.24,23.11
1993-04-04,0.21,30.11,38.69,21.71,35.26,1.37,23.19
1993-04-05,0.0,29.38,40.13,20.3,34.25,1.69,24.16
1993-04-06,0.0,29.7,40.33,19.37,44.75,1.91,22.55
1993-04-07,0.0,30.98,40.65,21.48,51.94,2.76,23.76
1993-04-08,0.0,31.48,41.14,23.78,53.44,3.2,18.24
1993-04-09,2.0,28.76,37.4,21.62,48.9,3.31,25.41
1993-04-10,4.79,28.66,36.87,22.45,65.84,3.65,19.38
1993-04-11,2.96,27.34,34.48,23.14,69.62,3.3,20.29
1993-04-12,21.87,24.0,27.1,21.59,84.59,2.36,13.35
1993-04-13,7.09,25.76,31.61,19.92,66.31,1.17,17.46
1993-04-14,1.22,26.84,33.07,20.94,59.59,1.28,25.63
1993-04-15,4.92,27.6,33.77,20.98,62.79,1.29,16.3
1993-04-16,9.55,28.19,34.26,22.66,67.28,2.24,13.77
1993-04-17,13.19,28.69,35.47,22.69,68.06,2.55,23.53
1993-04-18,20.16,28.43,35.44,23.24,72.43,2.76,23.07
1993-04-19,2.46,29.3,37.09,23.06,67.64,2.18,22.28
1993-04-20,0.11,30.3,37.63,23.66,61.29,1.75,21.51
1993-04-21,1.06,31.13,37.81,24.48,53.58,0.87,25.21
1993-04-22,0.63,30.86,38.49,23.68,56.11,1.29,26.08
1993-04-23,0.07,30.13,36.87,24.46,58.43,2.75,14.46
1993-04-24,4.73,28.7,33.49,24.65,68.31,2.34,21.89
1993-04-25,7.15,28.08,34.3,23.37,74.34,2.19,25.7
1993-04-26,2.68,29.08,35.81,23.33,68.95,2.05,22.6
1993-04-27,0.46,29.25,34.63,25.07,67.1,2.85,18.97
1993-04-28,0.25,29.15,35.1,24.76,68.82,3.13,21.09
1993-04-29,0.42,28.89,33.84,24.85,71.47,2.51,20.07
1993-04-30,0.23,28.33,32.93,24.23,70.94,2.63,10.48
1993-05-01,42.15,27.55,31.35,24.74,78.59,3.5,5.79
1993-05-02,16.67,27.77,32.25,24.63,81.83,2.97,11.97
1993-05-03,23.39,28.13,32.53,25.37,80.46,4.25,12.79
1993-05-04,48.21,27.72,31.0,25.3,86.18,4.65,18.09
1993-05-05,16.03,27.88,31.36,25.74,85.25,5.02,11.85
1993-05-06,4.56,27.83,31.85,25.09,83.49,4.4,10.8
1993-05-07,44.84,26.78,30.43,24.48,87.36,2.46,7.94
1993-05-08,12.72,26.78,31.4,23.5,85.16,2.06,13.43
1993-05-09,21.45,27.35,31.72,23.49,83.78,1.5,20.74
1993-05-10,3.58,27.06,31.49,23.58,82.26,2.23,26.57
1993-05-11,34.33,27.0,31.09,23.81,86.87,3.32,6.33
1993-05-12,12.47,27.46,32.31,24.06,85.45,3.86,19.6
1993-05-13,5.76,27.31,31.47,24.45,84.41,4.02,12.21
1993-05-14,1.74,27.08,31.71,23.94,83.04,2.83,20.5
1993-05-15,0.32,27.43,32.8,23.1,80.77,2.56,24.51
1993-05-16,3.4,26.87,31.27,23.48,83.93,3.01,8.35
1993-05-17,10.78,26.78,30.87,23.99,82.85,3.3,21.6
1993-05-18,27.63,26.66,30.29,24.07,86.13,3.07,6.6
1993-05-19,20.37,26.24,29.68,23.15,86.54,2.03,18.94
1993-05-20,10.09,26.99,30.8,22.64,82.02,0.98,18.7
1993-05-21,3.39,27.0,30.88,23.26,79.73,0.67,25.7
1993-05-22,0.08,27.88,32.68,22.63,76.85,1.21,25.53
1993-05-23,0.03,28.47,32.84,23.46,74.2,1.05,24.83
1993-05-24,0.0,29.22,33.7,24.34,70.79,0.76,25.15
1993-05-25,0.0,29.1,33.71,23.95,75.74,0.85,25.3
1993-05-26,0.07,28.12,31.58,24.54,84.66,1.25,20.36
1993-05-27,2.95,28.09,30.98,24.89,80.38,1.03,14.26
1993-05-28,2.49,28.47,32.18,24.06,75.54,1.01,14.08
1993-05-29,9.39,27.3,30.2,24.73,81.06,1.01,19.84
1993-05-30,14.76,27.94,31.84,23.96,84.03,1.64,18.41
1993-05-31,6.48,28.34,31.96,25.94,85.4,2.12,23.07
1993-06-01,23.65,28.28,31.78,25.65,88.25,1.98,6.47
1993-06-02,13.55,28.07,31.83,25.92,88.35,2.75,17.85
1993-06-03,4.31,28.04,31.89,25.44,85.19,3.74,21.33
1993-06-04,3.46,28.05,31.91,25.23,86.34,3.17,22.01
1993-06-05,5.71,28.25,32.15,25.68,84.79,3.55,20.85
1993-06-06,6.86,28.04,31.55,25.83,87.85,3.89,18.37
1993-06-07,10.87,28.09,31.34,25.4,86.3,2.92,23.44
1993-06-08,14.29,27.83,32.07,24.73,85.45,2.58,17.05
1993-06-09,14.76,27.43,30.6,24.59,88.85,2.55,19.05
1993-06-10,14.43,28.18,31.66,25.78,88.49,3.61,17.18
1993-06-11,5.98,27.81,31.22,25.58,88.77,3.48,15.77
1993-06-12,28.67,26.97,29.14,25.15,91.55,2.87,5.47
1993-06-13,3.23,27.56,31.98,24.54,86.73,2.38,18.04
1993-06-14,1.24,28.29,32.85,24.45,84.82,1.59,18.47
1993-06-15,2.99,27.39,29.89,25.6,91.28,2.03,13.07
1993-06-16,13.82,27.36,28.85,25.88,91.71,2.78,18.47
1993-06-17,8.31,27.44,29.38,26.15,91.79,5.11,7.5
1993-06-18,38.79,27.24,28.49,26.45,89.31,8.16,6.11
1993-06-19,23.86,27.77,30.28,26.23,91.6,4.09,5.63
1993-06-20,17.28,27.86,30.51,25.79,92.38,2.07,13.83
1993-06-21,2.52,27.62,30.62,25.35,85.83,2.35,19.23
1993-06-22,8.34,27.93,31.24,25.44,88.23,2.65,15.38
1993-06-23,2.88,27.77,31.84,25.48,88.79,3.27,24.64
1993-06-24,2.95,27.83,32.08,25.17,88.88,2.44,21.84
1993-06-25,0.61,27.39,29.51,26.21,92.19,3.47,14.12
1993-06-26,2.61,27.64,30.51,25.66,88.52,3.3,17.66
1993-06-27,0.91,28.4,32.68,25.05,85.61,2.12,23.69
1993-06-28,0.23,28.72,32.87,25.38,85.97,2.76,17.34
1993-06-29,4.24,28.61,31.86,25.86,87.06,3.19,18.13
1993-06-30,8.08,28.72,32.27,26.66,88.61,3.6,15.06
1993-07-01,14.36,28.0,30.66,26.33,90.09,3.72,10.93
1993-07-02,11.72,27.98,30.77,25.94,91.73,2.49,21.27
1993-07-03,2.5,28.15,31.17,26.29,89.41,3.01,19.4
1993-07-04,1.48,27.93,30.64,26.09,89.44,2.87,19.41
1993-07-05,1.42,28.44,31.9,26.13,87.51,3.19,11.65
1993-07-06,17.49,28.17,31.1,26.46,91.61,2.47,7.95
1993-07-07,24.35,27.39,29.1,26.08,93.94,1.78,15.12
1993-07-08,23.09,27.23,29.14,25.86,92.5,2.7,19.92
1993-07-09,6.04,27.34,30.37,25.38,90.06,3.2,15.82
1993-07-10,2.23,28.25,32.15,25.52,87.43,3.31,20.39
1993-07-11,0.5,28.5,32.34,26.05,86.43,2.88,23.32
1993-07-12,0.08,29.02,33.5,25.81,85.57,2.44,23.71
1993-07-13,8.55,28.81,32.56,25.95,85.59,2.68,23.58
1993-07-14,4.91,28.34,32.04,25.62,87.07,3.22,19.99
1993-07-15,2.79,27.55,30.61,25.32,88.64,4.11,14.63
1993-07-16,8.68,27.56,31.37,24.82,86.27,3.09,15.69
1993-07-17,14.41,27.43,29.99,25.39,89.56,2.96,19.31
1993-07-18,7.58,28.04,30.77,25.85,91.67,3.11,7.31
1993-07-19,29.91,28.11,30.95,26.27,91.6,3.24,7.68
1993-07-20,28.66,27.71,29.93,26.13,93.01,3.83,4.27
1993-07-21,89.2,27.33,28.97,26.32,94.08,3.89,4.27
1993-07-22,82.11,27.4,29.36,25.92,94.17,2.61,6.11
1993-07-23,37.26,27.37,29.43,25.65,93.68,2.42,10.28
1993-07-24,4.93,27.7,30.62,25.74,90.86,2.76,10.41
1993-07-25,3.35,27.1,29.24,25.57,93.46,2.14,21.06
1993-07-26,1.23,27.67,31.84,24.74,87.83,2.43,15.55
1993-07-27,0.42,27.54,31.61,25.17,90.09,1.94,22.51
1993-07-28,0.23,27.9,31.95,25.59,88.93,1.94,17.53
1993-07-29,0.1,28.01,31.33,25.18,89.45,2.27,23.19
1993-07-30,0.05,28.34,31.78,25.71,87.58,2.46,18.74
1993-07-31,0.11,28.43,32.15,25.88,87.85,2.83,22.21
1993-08-01,0.33,28.37,32.12,25.74,87.37,3.79,21.03
1993-08-02,0.81,27.8,31.73,25.34,89.78,3.15,18.25
1993-08-03,4.47,27.42,30.01,26.03,92.8,2.82,18.65
1993-08-04,7.24,26.97,28.5,25.96,93.36,3.57,13.14
1993-08-05,1.36,27.53,30.52,25.9,90.76,3.62,17.94
1993-08-06,7.19,27.02,29.78,25.49,92.46,3.15,15.46
1993-08-07,4.86,27.7,30.78,25.5,89.86,2.95,21.21
1993-08-08,40.53,28.28,31.75,25.79,89.83,2.18,12.75
1993-08-09,9.05,28.36,31.64,26.15,90.92,1.87,21.01
1993-08-10,5.27,28.15,31.15,26.18,89.82,3.85,16.28
1993-08-11,5.99,28.26,31.38,26.0,91.41,2.94,17.43
1993-08-12,2.55,28.16,32.04,25.71,89.88,2.82,12.51
1993-08-13,0.92,27.93,31.24,25.9,91.6,3.76,22.69
1993-08-14,0.01,27.67,31.6,25.57,88.74,3.01,19.29
1993-08-15,0.28,27.74,31.6,25.39,88.69,2.66,21.67
1993-08-16,0.19,27.78,31.65,25.43,88.71,3.19,17.89
1993-08-17,6.73,27.27,30.49,25.07,90.19,2.77,20.72
1993-08-18,1.73,27.72,31.73,25.54,88.67,3.18,21.57
1993-08-19,17.7,27.68,31.07,25.51,90.5,3.29,12.28
1993-08-20,8.04,27.7,31.46,25.54,89.42,3.32,11.06
1993-08-21,10.32,27.47,29.95,25.17,92.82,3.02,5.51
1993-08-22,10.14,27.99,30.75,26.21,92.99,2.54,12.01
1993-08-23,8.88,28.27,31.04,26.11,90.13,2.24,10.85
1993-08-24,10.46,27.18,30.39,24.71,89.39,3.87,13.64
1993-08-25,1.84,26.91,30.88,24.44,88.79,2.88,17.98
1993-08-26,7.43,26.53,29.46,24.52,91.22,2.38,17.35
1993-08-27,1.71,26.62,29.38,24.82,90.73,2.67,8.39
1993-08-28,2.4,27.38,31.16,24.59,88.58,2.32,15.23
1993-08-29,0.84,27.58,31.12,24.66,88.31,1.88,18.2
1993-08-30,0.23,27.93,31.94,24.87,86.12,1.22,13.69
1993-08-31,1.67,27.38,30.72,24.21,88.4,1.29,5.39
1993-09-01,4.73,26.01,27.58,24.91,94.36,2.28,9.36
1993-09-02,18.3,25.8,27.74,24.42,94.2,2.01,4.6
1993-09-03,25.74,26.13,28.89,24.35,91.59,1.65,7.69
1993-09-04,5.63,27.05,31.24,23.71,87.36,1.28,17.36
1993-09-05,1.54,27.2,31.1,24.14,88.48,1.62,18.66
1993-09-06,17.4,27.07,30.66,24.91,89.94,2.56,19.14
1993-09-07,3.5,27.02,30.48,24.62,90.16,2.92,15.46
1993-09-08,0.51,27.42,31.37,24.79,89.05,2.94,19.26
1993-09-09,1.31,27.29,30.65,24.9,89.79,2.53,16.41
1993-09-10,2.76,28.05,31.4,24.52,85.78,0.87,19.51
1993-09-11,1.22,28.71,32.14,25.16,83.68,0.91,16.56
1993-09-12,5.76,26.82,28.8,25.37,93.32,2.18,11.51
1993-09-13,6.56,26.93,30.34,24.18,90.59,2.95,18.26
1993-09-14,2.17,26.71,29.59,24.96,90.29,3.26,13.96
1993-09-15,2.17,26.81,30.13,24.64,88.72,2.54,20.07
1993-09-16,0.58,26.97,30.56,24.52,88.43,1.98,18.24
1993-09-17,0.0,27.39,31.31,23.89,87.89,1.51,20.25
1993-09-18,0.0,28.59,32.01,24.54,82.27,0.7,20.41
1993-09-19,0.1,28.7,32.15,24.93,83.58,1.15,21.43
1993-09-20,0.18,26.92,28.55,25.76,93.87,1.27,15.19
1993-09-21,6.7,26.69,29.85,24.32,90.53,1.45,14.68
1993-09-22,27.54,27.08,30.56,24.68,88.45,1.12,13.23
1993-09-23,13.92,26.63,29.88,24.78,90.19,1.32,16.78
1993-09-24,2.82,26.78,30.63,23.8,88.29,1.3,20.43
1993-09-25,2.74,26.42,29.9,23.72,89.88,1.56,16.17
1993-09-26,2.48,26.42,29.63,24.11,90.68,1.78,14.46
1993-09-27,2.75,25.91,28.04,24.28,93.81,1.97,8.39
1993-09-28,16.93,26.58,29.87,24.22,90.62,2.39,11.68
1993-09-29,6.4,25.8,27.94,24.47,93.35,1.62,5.38
1993-09-30,9.77,26.3,29.13,24.22,89.39,1.26,15.15
1993-10-01,6.93,26.89,31.14,23.65,89.27,1.57,17.83
1993-10-02,1.34,25.93,28.01,23.65,91.25,1.6,6.85
1993-10-03,8.17,25.84,27.62,24.41,95.47,1.69,9.76
1993-10-04,8.0,26.83,30.95,23.91,88.06,1.07,20.08
1993-10-05,0.18,27.78,31.5,23.99,83.53,0.6,20.35
1993-10-06,1.23,27.36,30.84,24.59,86.8,0.79,16.78
1993-10-07,6.77,27.41,30.87,24.12,85.09,1.02,19.22
1993-10-08,1.65,27.99,31.65,24.32,82.47,0.85,16.92
1993-10-09,0.06,28.24,31.61,24.34,79.07,0.85,20.14
1993-10-10,1.6,27.87,31.54,23.64,79.94,0.86,17.63
1993-10-11,1.7,27.87,31.73,23.95,79.66,0.84,20.94
1993-10-12,2.21,27.59,32.02,23.22,79.7,0.77,18.58
1993-10-13,1.26,26.84,30.53,23.82,87.47,0.98,15.98
1993-10-14,4.91,26.19,29.7,23.49,88.5,1.28,7.74
1993-10-15,4.95,26.38,29.73,23.46,84.32,0.69,13.26
1993-10-16,2.17,27.23,30.94,23.77,80.04,0.44,11.61
1993-10-17,1.93,27.5,30.58,24.1,77.64,0.4,14.2
1993-10-18,0.06,26.44,29.63,23.53,81.66,0.72,18.68
1993-10-19,0.02,25.63,29.05,22.88,83.49,0.83,16.84
1993-10-20,5.68,25.5,29.22,22.55,83.34,0.66,12.98
1993-10-21,4.38,25.86,30.2,22.36,87.77,1.17,18.88
1993-10-22,0.59,26.09,30.37,22.96,84.16,0.6,16.5
1993-10-23,0.0,25.51,29.81,21.61,77.38,0.89,18.8
1993-10-24,0.34,24.58,29.47,20.45,75.04,0.8,18.83
1993-10-25,0.03,23.7,29.03,18.76,76.92,0.75,20.49
1993-10-26,0.04,23.68,29.13,18.82,74.93,0.64,20.16
1993-10-27,0.0,23.03,28.5,18.39,77.47,1.08,20.15
1993-10-28,0.0,23.11,29.0,18.42,74.15,1.33,20.12
1993-10-29,0.0,23.77,29.26,16.99,74.81,1.05,20.54
1993-10-30,0.0,24.81,30.12,20.16,80.78,0.87,15.67
1993-10-31,0.13,25.0,29.15,21.69,84.85,0.91,14.35
1993-11-01,7.79,23.45,26.02,21.37,92.08,1.02,9.07
1993-11-02,0.56,24.5,28.8,20.53,82.9,1.04,19.16
1993-11-03,0.2,24.38,28.42,21.28,85.31,0.8,7.05
1993-11-04,0.83,23.7,28.37,19.24,80.71,1.13,19.49
1993-11-05,0.12,23.51,28.12,18.86,76.42,0.81,18.88
1993-11-06,0.0,23.56,28.24,18.47,74.27,0.98,19.94
1993-11-07,0.0,23.13,28.42,18.93,73.98,1.16,19.5
1993-11-08,0.0,22.89,28.28,17.64,73.74,1.17,20.06
1993-11-09,0.0,22.8,28.38,17.22,71.49,0.89,19.9
1993-11-10,0.0,23.02,28.37,17.91,68.61,0.82,19.42
1993-11-11,0.0,22.9,28.4,16.69,67.87,1.1,19.56
1993-11-12,0.0,23.45,27.92,17.11,65.27,0.72,17.9
1993-11-13,0.0,22.75,28.12,16.99,71.76,0.68,18.32
1993-11-14,0.0,22.34,28.16,16.75,76.47,0.74,17.49
1993-11-15,0.0,22.42,27.96,17.76,75.05,0.71,17.84
1993-11-16,0.0,22.42,27.73,17.56,75.77,0.77,17.98
1993-11-17,0.0,22.69,28.22,16.62,70.76,0.83,17.47
1993-11-18,0.0,22.95,28.72,16.97,67.75,0.78,17.95
1993-11-19,0.0,22.24,28.3,16.14,71.62,0.82,17.75
1993-11-20,0.0,22.44,28.67,17.06,69.25,0.83,17.92
1993-11-21,0.0,21.77,28.03,15.71,70.34,1.34,18.22
1993-11-22,0.0,22.24,27.94,15.82,64.25,0.73,18.01
1993-11-23,0.0,21.99,27.64,15.17,61.33,0.84,17.43
1993-11-24,0.0,22.05,27.75,15.81,59.21,0.85,17.98
1993-11-25,0.0,22.5,27.67,16.89,57.37,0.77,17.84
1993-11-26,0.0,22.29,27.75,16.59,58.05,0.72,17.31
1993-11-27,0.0,21.83,27.98,15.2,59.64,0.67,17.62
1993-11-28,0.0,20.75,27.01,15.32,65.87,0.91,18.22
1993-11-29,0.0,20.19,26.25,13.19,65.91,0.81,17.29
1993-11-30,0.0,20.66,27.36,14.22,62.93,1.15,17.47
1993-12-01,0.0,20.45,27.0,13.92,65.84,0.77,17.27
1993-12-02,0.0,20.6,27.03,14.12,63.5,0.98,17.92
1993-12-03,0.0,20.9,27.19,14.93,61.78,1.09,16.94
1993-12-04,0.0,20.26,27.21,13.47,63.41,1.22,14.42
1993-12-05,0.0,19.44,24.82,13.79,67.95,0.88,13.77
1993-12-06,0.0,20.96,27.91,13.78,61.62,1.04,17.86
1993-12-07,0.0,21.55,28.07,14.11,55.8,0.78,17.82
1993-12-08,0.0,21.04,27.63,13.83,63.73,0.74,17.03
1993-12-09,0.0,20.59,26.99,13.8,66.1,0.95,16.56
1993-12-10,0.0,20.66,27.46,13.35,65.21,1.14,17.0
1993-12-11,0.0,20.86,27.35,14.95,58.27,0.78,17.37
1993-12-12,0.0,19.79,26.41,12.82,62.16,1.0,16.68
1993-12-13,0.0,20.55,26.41,13.46,56.77,0.71,16.38
1993-12-14,0.0,20.39,25.95,13.62,52.17,0.65,16.25
1993-12-15,0.0,19.37,25.39,13.95,50.94,0.79,16.56
1993-12-16,0.0,18.17,25.6,10.42,57.61,1.33,16.89
1993-12-17,0.0,19.4,26.26,12.45,55.37,0.86,16.99
1993-12-18,0.0,19.38,26.41,12.92,53.92,0.85,16.96
1993-12-19,0.0,18.63,26.29,11.66,58.45,1.01,16.29
1993-12-20,0.0,19.83,26.43,12.19,62.08,0.66,16.54
1993-12-21,0.0,20.4,26.41,13.59,51.76,0.69,16.14
1993-12-22,0.0,19.79,26.22,13.03,48.37,0.75,16.96
1993-12-23,0.0,18.47,26.81,10.73,57.29,1.28,16.99
1993-12-24,0.0,19.41,27.98,12.47,54.43,1.3,16.91
1993-12-25,0.0,19.27,27.81,11.45,53.56,1.37,16.99
1993-12-26,0.0,19.11,27.5,11.76,51.4,1.04,17.21
1993-12-27,0.0,19.86,27.88,11.59,51.81,0.95,16.75
1993-12-28,0.0,21.08,27.86,15.4,45.56,0.57,16.58
1993-12-29,0.0,19.37,23.78,12.87,48.28,0.69,9.05
1993-12-30,0.0,19.61,26.15,13.86,51.39,1.15,14.98
1993-12-31,0.0,19.06,27.21,12.98,55.48,1.23,16.04
1994-01-01,0.0,19.87,27.54,14.38,50.49,1.15,15.84
1994-01-02,0.0,19.18,27.98,12.68,47.25,1.33,17.4
1994-01-03,0.0,19.59,28.48,12.86,49.06,1.39,14.14
1994-01-04,0.0,19.57,28.99,12.92,48.1,1.53,16.82
1994-01-05,0.0,19.92,27.76,12.74,45.88,1.35,16.66
1994-01-06,0.0,20.33,27.94,14.03,45.35,1.34,16.05
1994-01-07,0.0,18.98,27.62,12.06,46.73,1.59,16.56
1994-01-08,0.0,18.66,27.22,11.94,46.42,1.59,16.45
1994-01-09,0.0,19.3,27.54,13.11,42.15,1.16,16.76
1994-01-10,0.0,17.87,26.91,10.86,51.14,1.25,15.44
1994-01-11,0.0,19.51,26.91,12.49,47.58,0.84,16.64
1994-01-12,0.0,20.59,27.65,12.88,44.7,0.77,16.83
1994-01-13,0.0,21.52,29.09,13.74,40.74,0.96,17.44
1994-01-14,0.0,22.12,29.2,15.92,43.96,1.09,16.76
1994-01-15,0.0,22.31,29.35,15.77,48.39,0.79,13.65
1994-01-16,0.13,21.47,28.67,14.39,71.77,2.61,6.23
1994-01-17,0.05,18.33,25.29,12.5,60.92,1.72,16.72
1994-01-18,4.57,16.06,24.21,9.13,55.57,1.52,17.72
1994-01-19,0.0,17.47,26.38,10.15,46.65,1.27,18.36
1994-01-20,0.0,18.28,27.65,11.68,46.27,1.52,18.29
1994-01-21,0.0,18.34,27.98,11.98,41.87,1.58,18.78
1994-01-22,0.0,17.33,27.44,10.51,39.51,1.58,18.09
1994-01-23,0.0,17.59,26.83,10.29,37.68,1.3,18.36
1994-01-24,0.0,17.95,26.89,11.5,37.81,1.21,17.27
1994-01-25,0.0,19.43,27.84,12.15,35.72,1.03,17.69
1994-01-26,0.0,20.29,28.64,10.81,37.76,0.92,17.98
1994-01-27,0.0,20.27,29.32,11.75,44.76,1.07,18.42
1994-01-28,0.0,20.4,29.71,12.07,56.56,1.19,18.01
1994-01-29,0.0,20.6,29.89,12.1,57.41,1.25,18.03
1994-01-30,0.0,21.62,30.34,12.69,57.44,1.21,18.18
1994-01-31,4.95,21.56,28.25,14.12,58.86,1.06,13.98
1994-02-01,0.0,21.37,29.41,14.15,55.55,1.32,13.58
1994-02-02,2.88,19.2,26.28,14.48,67.56,1.92,6.31
1994-02-03,0.0,18.3,26.2,11.87,67.15,1.49,18.46
1994-02-04,1.85,18.71,27.26,12.2,56.41,1.29,18.35
1994-02-05,0.0,19.31,28.15,12.1,47.27,1.58,20.04
1994-02-06,0.0,20.6,30.03,11.93,41.3,1.58,20.13
1994-02-07,0.0,21.82,31.79,14.12,37.68,1.66,20.22
1994-02-08,0.0,21.59,30.94,12.95,36.57,1.48,19.72
1994-02-09,0.19,21.28,29.17,13.05,40.48,1.48,8.45
1994-02-10,3.78,19.5,26.63,13.0,56.37,1.55,19.0
1994-02-11,0.8,19.36,27.27,12.01,49.12,1.41,20.55
1994-02-12,0.0,19.88,27.93,11.71,41.2,1.56,19.36
1994-02-13,0.0,20.63,29.53,14.37,37.48,1.48,20.42
1994-02-14,0.0,19.49,29.24,10.88,35.06,1.88,20.77
1994-02-15,0.0,20.91,31.2,12.24,35.09,1.63,19.64
1994-02-16,0.0,21.03,30.91,12.9,36.45,1.47,20.71
1994-02-17,0.13,21.41,31.77,12.51,35.94,1.55,20.3
1994-02-18,0.0,23.48,31.73,15.72,31.34,1.39,20.73
1994-02-19,0.0,23.85,31.81,17.07,33.3,1.46,22.0
1994-02-20,0.0,23.46,31.75,14.66,21.99,1.21,22.2
1994-02-21,0.0,23.51,32.43,14.23,31.57,1.3,21.09
1994-02-22,5.63,23.65,30.24,17.94,73.36,1.45,12.62
1994-02-23,0.1,22.57,29.95,16.43,43.38,1.56,22.44
1994-02-24,9.38,18.95,27.53,10.2,40.27,1.59,23.11
1994-02-25,0.0,20.04,28.23,12.61,29.27,1.65,23.03
1994-02-26,0.0,20.75,29.44,13.02,28.7,1.58,22.07
1994-02-27,0.0,22.69,31.06,14.65,27.45,1.22,22.05
1994-02-28,0.0,22.54,32.78,12.96,46.5,1.81,18.87
1994-03-01,0.0,23.91,33.28,15.98,59.76,1.71,22.1
1994-03-02,0.0,24.18,32.98,16.1,48.8,1.24,22.93
1994-03-03,0.0,23.8,32.88,14.18,27.35,1.37,22.47
1994-03-04,0.0,24.08,33.18,14.67,26.6,1.4,21.38
1994-03-05,0.0,24.28,34.64,15.52,56.79,2.02,18.76
1994-03-06,0.0,25.77,35.69,17.85,63.7,2.31,18.95
1994-03-07,0.0,26.21,34.62,19.73,52.14,1.75,20.42
1994-03-08,0.0,25.69,35.56,18.0,33.85,1.68,20.0
1994-03-09,0.0,24.39,35.01,14.96,25.33,1.83,23.35
1994-03-10,0.0,24.85,34.63,15.7,21.56,1.55,23.79
1994-03-11,0.0,25.41,34.99,15.08,21.12,1.39,23.63
1994-03-12,0.0,25.58,36.0,14.7,46.21,1.94,23.09
1994-03-13,0.0,26.97,36.11,18.68,61.31,2.79,21.75
1994-03-14,4.01,27.71,36.19,20.73,64.02,2.45,21.25
1994-03-15,1.68,28.19,37.06,21.81,65.22,3.21,22.15
1994-03-16,0.29,28.79,37.59,22.33,63.24,3.56,19.81
1994-03-17,0.65,29.14,38.72,22.61,63.71,4.12,19.41
1994-03-18,0.65,28.57,36.99,22.7,65.18,3.45,20.37
1994-03-19,0.14,28.63,37.38,22.75,64.21,3.76,20.23
1994-03-20,0.01,28.58,37.47,22.14,63.23,3.84,21.29
1994-03-21,0.07,28.97,37.96,23.09,65.39,4.91,19.45
1994-03-22,0.08,29.2,37.17,23.81,64.58,4.78,19.71
1994-03-23,0.28,29.16,37.26,23.39,61.04,3.69,21.81
1994-03-24,2.55,29.16,37.26,23.23,60.13,3.06,19.65
1994-03-25,3.11,28.53,35.74,23.35,65.58,3.87,13.35
1994-03-26,2.53,28.37,35.56,23.91,67.04,4.8,14.64
1994-03-27,21.75,26.14,30.79,23.51,79.09,4.68,15.77
1994-03-28,16.44,27.18,33.46,22.82,75.26,2.9,20.2
1994-03-29,14.14,26.68,32.35,22.3,76.71,2.37,10.67
1994-03-30,32.56,26.41,31.31,22.36,82.12,2.37,8.69
1994-03-31,7.68,27.41,32.93,23.19,76.62,2.75,18.52
1994-04-01,0.84,27.22,32.47,23.84,78.56,3.96,6.8
1994-04-02,20.63,24.99,28.13,22.03,87.38,2.94,8.51
1994-04-03,31.54,24.21,27.96,21.1,82.46,1.34,25.33
1994-04-04,2.34,25.65,31.55,20.12,72.54,0.86,25.79
1994-04-05,0.0,26.6,33.38,20.36,63.96,0.92,24.36
1994-04-06,0.01,27.69,34.74,20.59,65.9,1.92,21.95
1994-04-07,0.0,28.56,35.73,22.1,68.77,2.17,20.75
1994-04-08,0.0,29.47,37.41,22.66,64.5,1.6,23.55
1994-04-09,0.0,29.7,38.1,22.54,56.01,1.53,25.17
1994-04-10,0.0,30.58,37.94,22.39,36.03,1.2,26.02
1994-04-11,0.0,29.86,38.29,22.78,43.38,1.37,25.75
1994-04-12,0.0,29.19,37.6,20.86,52.2,1.21,15.15
1994-04-13,0.0,29.86,38.47,22.04,48.07,1.03,25.43
1994-04-14,0.0,31.01,39.6,21.89,35.08,0.97,26.08
1994-04-15,0.0,30.72,39.84,22.13,48.87,2.09,25.69
1994-04-16,0.0,30.74,39.2,23.05,58.08,2.49,19.32
1994-04-17,0.01,29.7,36.45,25.0,63.13,2.72,21.96
1994-04-18,0.46,29.21,35.3,23.88,63.2,3.05,13.17
1994-04-19,0.35,29.59,36.48,24.0,64.45,3.26,20.7
1994-04-20,10.32,28.8,34.92,24.48,70.94,3.33,21.67
1994-04-21,9.27,27.71,32.79,23.56,77.11,3.19,16.86
1994-04-22,12.58,27.0,32.05,23.62,80.78,2.84,4.43
1994-04-23,4.6,27.82,33.23,23.0,75.96,2.01,16.5
1994-04-24,0.76,29.64,36.72,23.88,63.39,2.41,21.73
1994-04-25,0.5,29.66,37.27,22.88,64.78,2.91,22.08
1994-04-26,10.55,29.12,34.92,23.94,71.14,1.56,23.5
1994-04-27,2.03,29.8,36.3,23.69,61.14,0.59,25.23
1994-04-28,0.17,30.78,38.15,23.93,51.93,1.3,26.34
1994-04-29,0.0,30.14,35.21,25.28,51.42,0.66,26.75
1994-04-30,0.0,31.28,38.48,24.67,53.44,0.92,25.74
1994-05-01,0.0,31.36,38.0,24.75,58.02,1.22,22.48
1994-05-02,0.0,31.82,39.15,26.63,55.15,1.66,15.71
1994-05-03,0.36,33.0,40.61,26.32,49.31,2.46,19.13
1994-05-04,3.02,30.76,37.27,26.44,70.59,3.91,23.67
1994-05-05,0.17,30.06,35.28,26.65,70.93,3.81,22.52
1994-05-06,0.2,29.75,34.66,26.41,73.28,3.47,22.68
1994-05-07,0.81,30.91,37.61,25.84,66.17,3.48,22.57
1994-05-08,6.3,29.23,33.71,26.07,74.57,2.72,15.14
1994-05-09,7.33,28.65,33.47,24.9,74.44,2.29,16.22
1994-05-10,2.08,29.44,35.75,23.84,67.93,2.16,18.25
1994-05-11,7.1,29.84,34.92,25.1,67.29,1.55,25.01
1994-05-12,2.55,31.4,38.37,25.16,61.99,2.29,22.18
1994-05-13,0.55,31.12,36.52,26.21,63.24,2.07,23.33
1994-05-14,0.31,31.83,38.61,26.03,62.67,2.42,22.71
1994-05-15,0.23,31.76,38.84,26.18,62.03,3.1,23.57
1994-05-16,15.96,30.11,35.72,25.52,68.31,2.91,22.52
1994-05-17,16.83,29.04,34.05,25.14,76.76,2.42,23.3
1994-05-18,20.51,28.3,32.88,24.19,74.18,1.22,28.3
1994-05-19,4.79,28.4,33.45,23.76,72.18,1.15,19.55
1994-05-20,2.36,28.57,32.92,25.02,71.95,1.36,10.41
1994-05-21,6.41,28.43,32.61,24.6,74.14,2.04,18.41
1994-05-22,3.63,29.17,34.35,24.96,73.51,2.47,24.37
1994-05-23,0.07,29.82,34.95,25.82,71.43,2.74,20.46
1994-05-24,0.27,29.12,32.21,26.49,75.86,2.56,13.63
1994-05-25,2.43,28.48,31.66,25.96,80.17,2.34,17.27
1994-05-26,16.16,28.38,31.39,25.5,81.43,1.77,18.42
1994-05-27,4.96,29.44,33.84,25.34,76.97,1.84,24.22
1994-05-28,0.31,30.29,35.5,25.79,74.51,2.63,23.73
1994-05-29,0.28,30.34,35.09,26.85,73.91,2.98,22.79
1994-05-30,0.36,30.4,36.36,26.38,72.53,3.11,17.62
1994-05-31,5.59,30.48,35.99,26.57,71.63,3.66,21.72
1994-06-01,4.2,30.34,35.94,26.03,74.02,3.67,16.56
1994-06-02,0.26,30.79,36.42,26.09,71.32,3.68,16.98
1994-06-03,0.25,30.78,36.59,26.57,70.54,4.21,16.34
1994-06-04,0.23,31.03,36.14,27.33,68.69,3.46,21.33
1994-06-05,16.03,29.11,31.76,26.58,81.48,2.22,13.4
1994-06-06,5.81,29.06,32.87,26.06,80.23,1.28,22.42
1994-06-07,2.74,31.02,36.65,25.99,73.12,1.69,24.12
1994-06-08,0.0,30.15,34.01,26.95,75.53,1.83,17.21
1994-06-09,0.0,29.22,32.53,26.64,77.12,2.04,18.2
1994-06-10,0.12,28.63,32.22,26.43,79.13,2.76,16.07
1994-06-11,7.57,28.18,31.37,25.83,84.54,3.48,10.86
1994-06-12,15.67,27.76,30.12,25.89,91.97,3.25,9.99
1994-06-13,7.77,28.8,32.74,26.36,85.73,3.23,14.02
1994-06-14,2.98,28.54,30.71,27.15,88.5,3.36,18.6
1994-06-15,2.32,29.19,33.59,26.62,82.94,3.53,19.52
1994-06-16,9.34,28.79,33.14,26.55,84.05,4.08,18.46
1994-06-17,6.86,28.18,31.18,25.88,87.44,3.35,9.55
1994-06-18,14.65,28.02,31.6,25.85,87.38,4.4,13.36
1994-06-19,8.27,28.74,32.64,25.9,84.95,3.45,19.41
1994-06-20,3.31,28.64,32.14,25.69,83.65,4.13,13.48
1994-06-21,2.13,28.77,32.37,26.3,83.69,3.13,19.49
1994-06-22,0.98,29.0,32.11,26.68,83.58,2.81,19.45
1994-06-23,0.24,28.34,31.61,26.16,84.18,2.26,19.24
1994-06-24,0.16,28.15,31.07,25.97,85.6,2.48,19.1
1994-06-25,0.11,29.45,34.06,26.04,79.71,2.63,15.67
1994-06-26,0.11,29.4,33.69,26.75,78.45,4.24,24.75
1994-06-27,0.18,28.4,31.45,26.36,82.96,3.72,17.64
1994-06-28,31.99,27.49,29.29,25.87,88.9,3.71,5.46
1994-06-29,37.6,27.25,30.3,25.34,88.62,3.4,17.09
1994-06-30,22.17,27.74,30.93,25.2,89.97,2.07,17.85
1994-07-01,3.34,28.14,31.1,25.84,87.34,0.92,17.38
1994-07-02,7.4,27.18,29.63,25.64,92.1,1.85,16.41
1994-07-03,16.96,27.8,31.39,24.81,86.37,2.45,18.82
1994-07-04,12.54,27.5,30.6,25.21,89.52,2.52,17.71
1994-07-05,7.81,27.95,30.77,25.68,88.63,2.71,18.4
1994-07-06,6.01,27.93,31.34,25.92,88.6,2.87,13.71
1994-07-07,11.65,28.12,31.1,25.98,91.29,1.65,14.25
1994-07-08,4.56,27.73,29.89,26.28,91.97,2.74,23.68
1994-07-09,0.89,27.72,31.27,25.47,87.87,3.08,24.54
1994-07-10,1.78,27.61,30.77,25.3,88.83,2.56,22.1
1994-07-11,0.51,28.46,32.12,25.79,87.09,2.76,22.15
1994-07-12,0.53,27.71,30.54,25.82,89.24,2.92,25.19
1994-07-13,0.2,27.47,29.95,26.02,92.12,2.85,17.39
1994-07-14,2.57,28.09,31.19,25.78,89.33,2.16,18.09
1994-07-15,3.86,27.77,30.49,25.91,91.22,2.06,23.77
1994-07-16,33.24,28.26,30.89,26.08,89.45,2.05,22.03
1994-07-17,12.02,28.45,32.62,25.39,87.01,2.98,23.6
1994-07-18,4.31,27.66,31.81,25.19,86.31,3.5,15.29
1994-07-19,2.53,27.08,29.96,24.99,89.0,3.61,14.94
1994-07-20,0.53,27.03,30.06,24.54,88.67,3.25,20.44
1994-07-21,3.37,27.22,30.19,25.07,89.88,2.57,13.09
1994-07-22,2.75,27.24,30.21,25.51,89.19,2.96,15.3
1994-07-23,2.94,27.81,31.15,25.1,87.38,2.95,18.99
1994-07-24,1.36,27.98,32.03,25.52,86.08,2.95,20.65
1994-07-25,0.41,27.52,30.14,25.6,88.38,2.79,16.0
1994-07-26,0.51,26.98,29.1,24.75,89.62,2.13,18.88
1994-07-27,0.35,28.41,33.03,24.46,84.89,2.4,21.58
1994-07-28,1.2,28.0,31.68,25.69,88.78,2.22,13.98
1994-07-29,2.2,27.38,29.84,25.8,89.91,2.82,17.44
1994-07-30,1.21,28.34,33.22,25.01,84.35,3.61,16.67
1994-07-31,0.26,28.44,32.84,25.18,83.44,2.86,21.07
1994-08-01,0.28,29.16,33.6,25.63,82.86,1.92,22.82
1994-08-02,1.73,28.18,31.61,26.32,87.79,2.91,16.29
1994-08-03,2.8,27.68,31.2,25.21,86.15,3.01,16.11
1994-08-04,4.02,28.11,32.42,25.04,85.57,2.93,16.44
1994-08-05,4.06,28.04,31.13,25.64,87.7,2.1,11.74
1994-08-06,7.78,28.1,31.98,25.32,87.7,2.27,14.29
1994-08-07,5.36,28.07,32.2,25.72,87.33,2.56,20.22
1994-08-08,6.51,28.35,32.72,25.8,87.16,2.54,19.6
1994-08-09,4.42,27.95,32.09,25.21,85.47,2.99,19.72
1994-08-10,2.01,27.32,30.04,25.47,88.67,3.54,13.07
1994-08-11,3.54,27.36,30.56,25.24,87.07,4.04,13.15
1994-08-12,22.0,27.2,30.9,25.05,89.5,3.68,13.52
1994-08-13,8.58,27.55,30.99,25.56,88.88,3.51,16.13
1994-08-14,19.59,27.69,30.26,25.76,92.0,1.99,7.45
1994-08-15,59.53,28.58,32.32,25.52,86.48,1.1,20.65
1994-08-16,3.63,28.23,32.14,25.65,87.09,2.21,17.47
1994-08-17,5.77,27.96,32.06,25.05,86.73,2.7,18.29
1994-08-18,0.33,27.43,31.73,24.39,86.15,3.3,21.33
1994-08-19,1.12,27.61,31.5,25.14,87.21,2.51,18.01
1994-08-20,1.4,28.33,32.43,25.33,86.76,1.52,16.99
1994-08-21,1.96,28.77,33.59,25.56,85.15,2.06,14.64
1994-08-22,0.11,26.97,30.42,25.04,87.77,3.39,12.24
1994-08-23,0.92,27.21,30.81,25.08,88.89,3.12,12.72
1994-08-24,3.8,27.52,31.01,25.43,88.45,2.79,15.38
1994-08-25,0.97,27.06,30.0,24.91,88.61,2.47,15.47
1994-08-26,0.4,28.13,32.53,24.63,84.75,1.47,22.33
1994-08-27,14.46,27.7,32.47,24.75,85.8,1.89,22.79
1994-08-28,12.89,27.35,32.29,24.47,88.5,2.42,20.9
1994-08-29,4.76,27.79,32.12,24.7,87.11,2.51,19.91
1994-08-30,1.81,27.69,31.55,25.02,88.13,1.96,20.32
1994-08-31,7.84,26.72,28.76,25.32,93.56,1.8,12.0
1994-09-01,13.84,26.66,29.06,24.92,91.56,2.19,19.13
1994-09-02,1.08,27.1,30.61,24.42,88.11,2.08,19.73
1994-09-03,0.66,27.9,32.01,24.49,86.01,2.06,23.17
1994-09-04,3.07,27.79,31.85,25.29,86.25,2.78,19.08
1994-09-05,0.78,27.72,32.08,24.89,86.31,2.77,19.9
1994-09-06,0.39,27.82,32.08,24.93,86.13,2.2,18.19
1994-09-07,0.04,28.58,33.1,24.68,83.24,1.24,17.22
1994-09-08,0.02,28.8,32.97,25.76,84.69,1.19,15.37
1994-09-09,12.21,27.48,29.94,25.94,92.06,2.33,10.84
1994-09-10,7.2,26.8,28.98,25.03,91.85,2.16,13.3
1994-09-11,2.69,27.52,31.49,24.37,87.57,1.97,13.94
1994-09-12,1.7,26.82,28.6,25.59,94.6,1.81,17.96
1994-09-13,0.5,27.9,31.68,25.12,88.01,1.79,16.71
1994-09-14,0.55,28.14,32.01,25.67,86.51,1.6,23.23
1994-09-15,4.84,27.76,31.67,25.02,85.56,0.88,21.9
1994-09-16,5.08,27.75,31.25,25.62,88.33,2.05,18.27
1994-09-17,0.92,26.78,30.0,24.51,86.94,2.64,17.75
1994-09-18,0.67,27.3,31.29,24.41,84.06,3.14,18.95
1994-09-19,10.38,27.32,31.2,24.68,88.61,2.79,14.01
1994-09-20,6.93,26.62,28.68,24.88,92.77,1.94,18.06
1994-09-21,8.34,27.37,31.49,23.9,85.12,1.59,21.05
1994-09-22,0.5,27.29,31.6,24.06,84.12,1.87,22.39
1994-09-23,0.03,27.79,32.19,23.51,79.12,1.17,21.46
1994-09-24,0.0,28.1,33.38,23.96,75.17,1.39,16.54
1994-09-25,0.01,27.24,32.81,22.28,70.21,1.21,22.12
1994-09-26,0.0,27.29,33.24,21.11,65.69,1.09,21.89
1994-09-27,0.0,28.12,33.28,22.4,60.0,0.82,23.05
1994-09-28,0.0,28.04,33.48,23.37,60.75,0.83,22.88
1994-09-29,0.0,27.81,34.2,22.09,68.89,0.86,22.08
1994-09-30,0.0,27.59,33.53,22.24,73.93,1.32,16.61
1994-10-01,2.59,27.33,32.06,23.37,79.76,1.28,14.5
1994-10-02,0.53,27.25,31.32,23.87,80.54,1.16,15.78
1994-10-03,0.28,26.59,30.0,23.83,83.65,1.39,19.92
1994-10-04,0.5,26.53,30.91,23.81,82.78,1.6,9.86
1994-10-05,5.86,26.6,31.75,22.4,83.12,1.69,20.11
1994-10-06,17.73,25.94,28.88,23.5,88.83,1.04,15.55
1994-10-07,7.91,25.61,28.18,23.98,91.95,1.39,15.6
1994-10-08,9.23,25.61,28.46,23.25,91.97,1.33,14.97
1994-10-09,6.41,26.2,29.3,23.84,90.39,2.14,12.76
1994-10-10,6.76,26.81,30.35,24.55,88.29,2.3,13.58
1994-10-11,4.29,26.65,31.72,22.32,76.38,1.09,20.29
1994-10-12,0.97,25.76,31.66,21.14,74.95,1.34,21.27
1994-10-13,0.03,25.83,32.21,20.84,74.4,1.16,21.27
1994-10-14,0.0,26.65,31.92,21.17,71.99,1.08,21.04
1994-10-15,0.0,26.63,32.71,20.36,66.69,0.77,20.72
1994-10-16,0.0,26.54,33.19,20.87,61.42,1.12,21.34
1994-10-17,0.0,26.41,33.87,19.22,59.48,1.57,21.49
1994-10-18,0.0,27.17,32.89,22.22,57.69,0.7,21.02
1994-10-19,0.0,27.64,33.68,22.52,60.15,1.04,21.23
1994-10-20,0.0,28.39,34.47,22.52,57.51,1.0,19.99
1994-10-21,0.03,28.2,34.58,22.05,60.38,1.1,13.51
1994-10-22,0.56,26.55,31.2,23.0,78.23,1.16,15.56
1994-10-23,0.53,26.43,31.33,23.28,76.83,0.99,19.44
1994-10-24,0.56,27.29,32.51,22.1,67.29,0.65,19.46
1994-10-25,0.08,27.55,32.78,22.76,59.03,0.79,20.24
1994-10-26,0.0,26.74,33.64,21.03,52.29,1.3,20.67
1994-10-27,0.0,25.99,33.47,19.88,49.18,1.18,20.62
1994-10-28,0.0,25.69,32.5,18.87,49.32,1.03,19.57
1994-10-29,0.0,26.21,33.28,19.45,51.84,0.74,16.64
1994-10-30,0.96,26.4,32.52,21.18,61.76,0.8,18.2
1994-10-31,0.03,26.23,33.2,20.03,58.57,0.79,19.15
1994-11-01,0.0,27.24,33.47,21.95,54.17,0.73,19.69
1994-11-02,0.0,26.01,31.39,22.47,57.45,1.47,19.06
1994-11-03,0.21,26.3,33.12,20.29,57.51,0.93,11.1
1994-11-04,0.01,26.95,33.86,20.42,54.85,1.17,17.83
1994-11-05,0.0,26.86,34.18,21.07,53.04,1.2,20.39
1994-11-06,0.0,26.2,33.74,19.95,52.56,1.35,17.88
1994-11-07,0.0,27.32,33.77,21.4,49.09,1.09,15.78
1994-11-08,0.0,25.05,28.57,22.54,64.65,1.05,12.66
1994-11-09,0.0,25.87,32.73,21.0,62.07,1.21,14.57
1994-11-10,0.82,25.65,31.09,21.26,57.53,0.64,8.39
1994-11-11,0.82,25.92,32.13,19.91,59.19,0.65,18.17
1994-11-12,11.09,24.91,30.57,19.76,67.06,0.9,18.96
1994-11-13,1.83,24.21,31.34,19.26,62.27,1.12,18.74
1994-11-14,0.06,23.52,31.52,17.18,54.12,1.58,18.35
1994-11-15,0.1,22.97,30.69,16.2,50.63,1.65,18.78
1994-11-16,0.06,23.82,31.2,16.64,43.96,1.03,17.82
1994-11-17,0.0,24.39,31.24,17.67,46.44,0.86,18.35
1994-11-18,0.0,24.47,31.83,17.89,42.0,0.94,18.78
1994-11-19,0.0,23.55,30.6,16.82,44.05,0.69,17.9
1994-11-20,0.0,23.64,31.87,15.77,51.88,1.15,18.78
1994-11-21,0.0,24.59,31.75,17.27,51.09,0.78,18.79
1994-11-22,0.0,25.0,32.56,17.31,48.0,0.98,17.63
1994-11-23,0.03,25.01,32.17,19.24,50.32,1.19,12.28
1994-11-24,0.03,22.93,27.49,19.7,61.87,1.36,5.39
1994-11-25,0.44,22.63,29.23,17.74,59.64,1.69,10.14
1994-11-26,1.54,23.24,30.61,17.45,62.92,0.7,16.38
1994-11-27,0.0,23.4,30.4,17.34,58.41,1.2,16.67
1994-11-28,0.0,23.11,29.8,18.2,47.18,1.04,16.51
1994-11-29,0.0,23.29,29.83,17.57,40.46,0.78,17.34
1994-11-30,0.02,22.1,30.12,14.78,48.18,1.09,17.1
1994-12-01,0.06,21.1,29.99,13.6,48.8,1.26,16.1
1994-12-02,0.0,20.92,29.13,14.09,49.23,1.3,17.33
1994-12-03,0.0,21.49,30.29,13.48,46.68,1.11,17.67
1994-12-04,0.0,21.63,29.39,13.28,44.69,0.86,17.26
1994-12-05,0.0,21.4,29.66,14.31,43.85,1.06,16.95
1994-12-06,0.0,21.14,30.68,13.99,45.62,1.28,18.15
1994-12-07,0.0,20.86,29.96,13.24,44.75,1.05,18.16
1994-12-08,0.0,20.9,28.58,12.46,43.09,0.96,16.84
1994-12-09,0.0,21.05,29.12,12.26,45.76,1.06,16.39
1994-12-10,0.0,21.35,29.42,14.13,40.9,1.12,15.89
1994-12-11,0.0,21.34,29.7,12.47,54.67,1.19,15.95
1994-12-12,0.0,19.22,28.53,12.28,40.28,1.62,16.47
1994-12-13,0.0,16.96,26.55,9.06,30.03,1.29,16.91
1994-12-14,0.0,17.41,26.36,10.19,32.13,1.18,16.66
1994-12-15,0.0,18.67,27.73,11.35,39.37,1.18,16.85
1994-12-16,0.0,18.93,27.59,12.84,42.77,1.16,16.14
1994-12-17,0.0,18.7,28.76,10.59,43.36,1.6,17.06
1994-12-18,0.0,19.23,28.88,11.0,40.61,1.3,16.98
1994-12-19,0.0,20.13,28.38,13.33,36.06,1.17,16.83
1994-12-20,0.0,19.49,27.37,12.1,36.79,1.1,16.83
1994-12-21,0.0,19.3,27.81,10.97,40.9,1.33,17.33
1994-12-22,0.0,19.53,27.59,11.96,41.0,0.98,16.71
1994-12-23,0.0,20.25,28.53,12.95,38.28,0.84,16.99
1994-12-24,0.0,19.82,28.4,12.84,44.97,1.13,16.96
1994-12-25,0.0,19.95,29.22,12.22,47.25,1.33,16.33
1994-12-26,0.0,19.47,27.94,13.26,40.83,1.41,15.13
1994-12-27,0.0,19.98,28.3,12.7,37.73,1.08,14.82
1994-12-28,0.0,20.15,26.86,14.45,39.52,0.87,15.88
1994-12-29,0.0,19.7,27.11,15.41,42.17,1.0,16.42
1994-12-30,0.0,20.17,27.57,14.31,36.16,1.04,15.31
1994-12-31,0.0,19.63,27.44,13.76,32.47,1.3,15.51
1995-01-01,0.0,19.51,27.62,13.26,37.07,1.09,16.39
1995-01-02,0.0,17.36,26.71,11.25,39.08,1.39,16.12
1995-01-03,0.04,16.17,24.47,9.59,27.52,1.29,16.1
1995-01-04,0.0,16.06,25.5,8.24,31.15,1.49,16.99
1995-01-05,0.0,17.3,27.01,8.85,34.96,1.53,16.87
1995-01-06,0.0,19.16,27.28,12.31,35.26,1.38,15.03
1995-01-07,0.0,20.44,29.44,14.01,35.73,1.37,16.54
1995-01-08,0.0,21.04,29.91,12.82,38.65,1.32,11.09
1995-01-09,0.0,19.35,25.52,15.26,47.19,1.82,7.36
1995-01-10,3.18,18.81,26.35,14.13,65.21,1.78,17.29
1995-01-11,0.01,19.22,27.37,12.81,56.08,1.79,17.33
1995-01-12,0.0,19.15,27.6,12.49,45.5,1.83,5.72
1995-01-13,0.0,18.69,27.18,12.14,50.06,1.61,13.25
1995-01-14,0.0,17.11,26.59,9.31,37.58,1.78,16.68
1995-01-15,0.0,18.37,28.64,9.26,33.63,1.35,17.72
1995-01-16,0.0,21.21,30.96,11.95,33.24,1.07,18.83
1995-01-17,0.0,21.89,31.3,14.01,33.8,1.23,7.68
1995-01-18,0.0,20.15,28.47,15.21,39.28,1.35,8.93
1995-01-19,0.51,18.7,28.04,11.36,44.6,1.79,18.31
1995-01-20,0.05,18.1,27.28,10.11,34.67,1.65,16.94
1995-01-21,0.0,19.25,27.73,10.59,28.61,1.41,16.65
1995-01-22,0.0,18.12,26.72,11.4,31.65,1.48,16.91
1995-01-23,0.0,17.15,26.42,9.89,27.15,1.58,18.31
1995-01-24,0.0,16.86,25.9,10.67,22.98,1.86,18.04
1995-01-25,0.0,16.25,25.88,8.32,23.06,1.52,17.69
1995-01-26,0.0,17.11,26.95,9.43,24.47,1.57,18.93
1995-01-27,0.0,17.76,27.81,8.57,26.67,1.77,18.22
1995-01-28,0.0,19.0,28.93,11.2,24.46,1.38,18.55
1995-01-29,0.0,19.22,29.13,12.05,23.93,1.38,18.4
1995-01-30,0.0,19.97,29.03,13.63,22.99,1.5,18.92
1995-01-31,0.0,19.43,28.82,12.41,25.11,1.49,18.61
1995-02-01,0.0,19.95,28.45,13.54,22.92,1.26,17.34
1995-02-02,0.0,19.93,26.88,13.07,25.25,1.16,15.61
1995-02-03,0.0,20.72,29.85,12.93,22.7,1.04,17.96
1995-02-04,0.0,22.46,30.59,14.61,16.49,0.93,18.38
1995-02-05,0.0,22.32,31.94,13.59,25.38,1.59,10.42
1995-02-06,0.0,21.09,30.23,13.81,44.48,1.65,16.16
1995-02-07,0.01,20.87,30.26,13.63,26.61,1.61,18.86
1995-02-08,0.0,20.78,30.09,12.41,18.46,1.3,19.72
1995-02-09,0.0,21.94,30.02,12.6,23.94,1.27,18.3
1995-02-10,0.4,22.25,31.21,13.21,54.55,1.49,18.44
1995-02-11,0.96,22.6,30.9,15.65,64.19,1.71,15.01
1995-02-12,0.01,23.79,31.33,16.06,59.2,1.21,14.87
1995-02-13,0.02,24.4,33.72,15.78,61.27,2.16,14.98
1995-02-14,0.05,25.58,35.12,17.87,58.49,2.13,14.96
1995-02-15,0.01,25.86,35.07,17.99,61.14,2.33,15.84
1995-02-16,0.07,23.08,28.81,18.0,51.57,1.93,10.83
1995-02-17,0.0,22.58,31.15,13.59,28.11,1.51,21.02
1995-02-18,0.0,23.33,31.99,14.35,30.32,1.8,20.27
1995-02-19,1.86,22.81,30.1,17.11,67.37,1.79,18.07
1995-02-20,2.23,23.19,31.21,16.88,62.19,1.48,20.8
1995-02-21,0.13,23.22,32.37,15.41,57.55,1.9,19.34
1995-02-22,0.0,23.9,32.98,16.55,52.85,1.38,17.94
1995-02-23,0.0,24.91,33.84,16.87,61.34,2.69,12.23
1995-02-24,18.28,23.64,29.95,17.45,63.12,2.02,16.77
1995-02-25,3.43,20.33,29.28,11.17,42.84,1.74,22.39
1995-02-26,0.15,22.37,30.3,16.32,26.27,1.33,22.72
1995-02-27,0.0,22.57,30.73,15.56,28.46,1.14,10.69
1995-02-28,0.08,23.02,31.85,14.48,47.45,1.47,22.26
1995-03-01,0.07,25.13,32.92,17.49,58.33,1.89,19.58
1995-03-02,0.0,24.82,34.03,17.23,41.19,1.61,18.37
1995-03-03,0.0,24.85,34.55,14.96,32.49,1.84,21.33
1995-03-04,0.0,25.82,34.02,18.8,29.05,1.28,19.03
1995-03-05,0.0,25.85,34.42,17.53,26.79,1.63,21.98
1995-03-06,0.0,25.6,35.27,15.99,29.59,1.5,21.95
1995-03-07,0.0,26.1,35.98,18.48,35.32,1.83,18.47
1995-03-08,0.0,25.85,35.21,17.08,37.13,2.3,23.34
1995-03-09,0.0,26.85,35.99,19.13,41.3,1.93,22.89
1995-03-10,0.0,25.78,34.57,18.4,41.71,2.34,22.63
1995-03-11,0.0,25.88,34.56,17.81,39.85,1.87,19.89
1995-03-12,0.0,26.79,34.77,19.61,43.32,1.73,22.77
1995-03-13,0.0,25.83,34.3,16.77,23.93,1.6,24.43
1995-03-14,0.0,26.66,35.76,16.99,17.07,1.5,23.08
1995-03-15,0.0,26.85,36.55,18.53,20.59,1.57,24.54
1995-03-16,0.0,27.68,36.42,20.05,16.13,1.49,24.31
1995-03-17,0.0,28.35,37.3,18.65,36.57,1.69,24.38
1995-03-18,0.0,29.66,37.97,22.04,25.23,1.57,24.06
1995-03-19,0.0,29.8,39.19,22.37,22.47,1.49,23.46
1995-03-20,0.0,30.47,39.2,23.65,18.55,1.54,24.18
1995-03-21,0.0,29.82,39.56,19.3,29.74,1.41,23.96
1995-03-22,0.0,29.81,40.32,20.39,39.36,1.32,24.42
1995-03-23,0.0,30.41,40.34,20.18,33.07,1.37,25.39
1995-03-24,0.0,30.02,39.9,19.82,39.72,2.42,24.36
1995-03-25,0.0,31.1,41.09,23.15,53.68,3.04,24.22
1995-03-26,0.0,29.32,35.62,23.83,55.22,2.04,23.73
1995-03-27,0.0,27.71,33.77,23.48,60.46,2.4,12.92
1995-03-28,0.1,28.38,36.78,20.56,55.72,2.38,20.48
1995-03-29,0.06,29.43,37.9,21.5,54.77,3.35,21.01
1995-03-30,1.74,29.94,38.54,23.0,58.33,3.95,16.73
1995-03-31,11.43,28.79,34.94,23.79,68.21,3.09,17.16
1995-04-01,1.73,29.58,37.79,23.03,59.84,2.03,21.4
1995-04-02,3.74,29.82,37.94,22.63,54.55,1.36,23.1
1995-04-03,0.0,30.25,39.38,22.38,35.1,1.41,24.17
1995-04-04,0.0,30.87,39.59,21.88,20.11,1.37,18.68
1995-04-05,0.0,29.71,38.36,20.93,40.4,2.04,14.68
1995-04-06,0.2,31.06,39.06,23.71,47.61,3.17,23.66
1995-04-07,0.29,30.7,38.98,24.44,55.68,4.3,23.06
1995-04-08,32.13,28.35,34.18,24.32,73.71,4.27,21.21
1995-04-09,17.56,28.59,34.7,24.63,76.17,3.99,21.44
1995-04-10,0.08,30.06,37.87,24.23,63.65,2.2,23.61
1995-04-11,6.72,29.78,36.75,23.73,64.35,1.94,24.67
1995-04-12,4.05,30.44,38.26,23.72,61.2,2.68,25.94
1995-04-13,37.59,27.81,32.15,24.0,75.66,2.86,22.55
1995-04-14,14.97,27.97,33.4,23.68,75.47,2.79,22.98
1995-04-15,0.0,29.04,36.37,23.59,67.78,2.45,17.26
1995-04-16,1.24,28.9,36.44,22.19,64.83,1.78,25.33
1995-04-17,0.96,29.67,37.2,23.0,61.75,1.49,24.87
1995-04-18,0.0,30.46,38.34,23.64,57.92,1.68,26.14
1995-04-19,0.0,31.29,39.58,24.58,58.71,2.11,26.09
1995-04-20,0.0,30.89,38.35,25.67,62.13,3.28,25.09
1995-04-21,0.01,30.64,36.74,26.2,50.85,1.91,25.06
1995-04-22,0.0,30.73,39.17,23.41,56.28,2.24,24.33
1995-04-23,0.0,30.21,38.01,24.22,59.87,2.6,26.44
1995-04-24,0.0,30.21,37.63,25.02,66.15,3.15,25.48
1995-04-25,0.0,31.57,40.16,24.98,61.63,3.53,24.81
1995-04-26,0.0,31.69,40.43,24.84,60.03,3.59,26.21
1995-04-27,0.02,31.84,40.3,25.53,60.42,3.71,22.73
1995-04-28,0.25,31.48,39.27,25.59,60.15,3.8,23.66
1995-04-29,0.76,31.64,39.83,25.19,60.26,3.79,23.45
1995-04-30,0.58,32.31,40.55,25.43,59.63,3.56,24.36
1995-05-01,0.34,31.87,39.6,26.5,61.51,4.09,17.12
1995-05-02,0.14,32.24,39.82,26.66,60.8,3.88,22.8
1995-05-03,0.17,32.93,41.02,26.22,56.06,3.33,25.03
1995-05-04,0.03,32.86,40.54,26.85,54.48,3.39,22.54
1995-05-05,0.06,32.34,39.19,27.03,56.51,3.12,10.22
1995-05-06,1.19,31.2,36.47,27.22,60.86,2.74,20.97
1995-05-07,1.61,31.69,37.68,26.42,59.29,1.85,22.74
1995-05-08,8.66,30.3,35.46,26.81,60.76,1.45,21.36
1995-05-09,1.61,30.02,35.89,25.67,63.27,1.62,16.87
1995-05-10,0.29,29.94,34.49,26.17,59.5,1.04,9.52
1995-05-11,0.05,30.17,35.32,25.57,57.9,1.45,18.03
1995-05-12,0.1,28.16,30.8,26.17,76.23,2.12,22.72
1995-05-13,2.88,28.79,32.58,25.79,73.1,2.46,24.69
1995-05-14,3.3,28.68,32.38,25.83,76.89,3.29,22.71
1995-05-15,4.35,28.49,31.88,26.25,78.82,4.93,10.69
1995-05-16,15.69,28.76,32.68,26.25,77.09,7.11,6.99
1995-05-17,73.01,26.81,27.57,26.17,92.07,6.02,5.09
1995-05-18,39.07,28.14,31.48,25.96,88.92,4.2,23.92
1995-05-19,5.91,27.93,32.69,24.57,83.92,4.01,24.21
1995-05-20,0.0,27.92,33.01,24.31,78.11,3.65,20.16
1995-05-21,0.04,28.35,33.5,24.74,77.16,3.91,18.13
1995-05-22,0.98,29.07,34.61,25.09,74.83,3.53,23.39
1995-05-23,0.53,29.21,35.04,24.78,74.4,3.44,24.24
1995-05-24,0.09,29.01,33.22,25.73,76.43,2.54,22.13
1995-05-25,0.04,30.29,36.56,25.16,71.66,2.81,23.14
1995-05-26,1.56,30.24,35.62,25.91,73.58,2.94,21.74
1995-05-27,0.55,30.29,36.1,26.14,73.93,2.8,21.82
1995-05-28,0.0,29.79,34.73,26.3,73.67,3.05,22.3
1995-05-29,0.0,30.48,36.59,25.95,71.64,3.0,22.98
1995-05-30,0.0,30.84,37.39,25.57,67.96,3.07,23.96
1995-05-31,0.0,31.23,37.47,26.23,65.27,2.69,24.47
1995-06-01,0.0,31.04,36.71,26.0,66.61,2.78,23.77
1995-06-02,1.14,30.83,35.27,27.04,70.96,2.46,21.3
1995-06-03,23.78,28.97,31.99,26.86,83.21,2.55,21.81
1995-06-04,19.42,28.17,30.48,26.5,88.62,2.65,17.64
1995-06-05,0.35,28.39,31.28,26.1,84.32,2.25,20.05
1995-06-06,3.07,28.78,32.01,26.07,82.78,2.63,18.74
1995-06-07,4.87,28.83,31.59,26.88,87.28,2.1,18.67
1995-06-08,3.34,28.39,30.41,27.09,90.16,2.58,19.89
1995-06-09,1.07,28.79,31.24,27.14,86.64,2.51,21.31
1995-06-10,0.86,29.05,32.04,26.55,83.2,1.6,24.92
1995-06-11,32.4,29.47,32.76,26.78,83.02,1.79,19.34
1995-06-12,32.07,27.29,30.48,25.29,90.25,4.16,11.43
1995-06-13,54.27,27.22,28.65,26.34,91.8,4.13,8.12
1995-06-14,24.95,27.66,29.71,26.04,92.03,3.73,19.4
1995-06-15,2.26,28.87,32.28,26.4,86.28,4.1,17.05
1995-06-16,0.25,29.16,32.31,26.89,84.53,4.31,8.31
1995-06-17,40.75,27.76,29.58,26.56,93.18,3.44,2.37
1995-06-18,26.5,27.41,29.16,26.21,93.65,2.97,12.08
1995-06-19,30.06,27.4,29.02,26.38,93.86,3.39,10.97
1995-06-20,22.16,27.4,28.97,26.3,92.76,3.04,7.81
1995-06-21,6.48,27.89,30.9,26.15,90.65,2.35,19.17
1995-06-22,3.93,27.29,29.24,25.99,91.2,2.96,20.66
1995-06-23,2.68,28.07,30.83,25.83,89.69,3.83,16.44
1995-06-24,2.48,27.91,30.5,26.01,89.03,3.86,19.36
1995-06-25,4.2,28.3,32.46,25.45,87.06,3.39,19.69
1995-06-26,1.05,28.49,32.3,25.67,86.66,2.87,19.64
1995-06-27,3.0,28.3,32.23,25.48,86.34,2.49,19.36
1995-06-28,1.25,28.09,30.9,25.82,88.57,2.63,19.48
1995-06-29,0.29,28.22,31.1,26.28,89.75,3.06,22.61
1995-06-30,0.05,28.03,30.4,26.39,89.19,4.01,21.09
1995-07-01,0.2,28.51,30.94,27.14,89.52,4.07,14.03
1995-07-02,26.49,28.1,29.52,27.2,92.46,5.28,10.97
1995-07-03,18.64,28.16,30.97,26.3,88.68,3.71,12.19
1995-07-04,20.29,27.96,30.46,26.0,91.97,3.41,4.23
1995-07-05,33.15,27.84,30.93,26.01,90.03,3.52,3.86
1995-07-06,17.33,28.03,31.51,25.84,88.81,3.42,9.51
1995-07-07,11.23,27.97,31.16,25.84,89.42,2.81,16.24
1995-07-08,4.5,28.0,30.68,25.92,91.18,2.05,19.75
1995-07-09,0.31,28.32,30.99,26.7,90.01,1.59,14.14
1995-07-10,0.59,27.24,29.25,25.36,90.55,2.15,17.76
1995-07-11,1.8,27.28,30.03,25.41,92.16,2.68,14.03
1995-07-12,2.65,27.97,30.35,26.04,90.56,3.27,12.81
1995-07-13,1.5,28.21,31.26,26.31,89.64,3.47,19.5
1995-07-14,0.36,28.25,31.2,26.2,88.76,3.2,19.94
1995-07-15,0.9,27.69,29.33,26.6,91.61,3.4,16.46
1995-07-16,7.87,27.67,29.72,26.09,93.38,2.96,14.66
1995-07-17,4.98,28.12,30.98,25.82,91.0,2.65,18.56
1995-07-18,2.93,27.25,29.56,25.79,92.89,3.02,21.8
1995-07-19,3.93,27.72,30.8,25.12,89.65,2.78,20.86
1995-07-20,16.79,27.83,31.41,25.59,88.68,3.65,23.72
1995-07-21,9.82,26.56,28.45,25.01,92.21,4.42,18.93
1995-07-22,7.24,26.98,30.0,25.19,88.88,4.8,10.29
1995-07-23,6.32,27.16,30.98,24.14,87.61,4.17,18.66
1995-07-24,7.23,27.65,31.09,25.33,88.5,2.97,22.78
1995-07-25,1.37,28.01,31.99,24.96,86.32,2.55,16.82
1995-07-26,0.13,28.57,32.59,25.41,87.62,1.99,15.52
1995-07-27,2.09,28.21,31.49,26.09,88.84,2.48,14.52
1995-07-28,14.93,27.12,29.62,25.37,91.23,2.32,21.7
1995-07-29,11.27,27.48,30.19,25.5,90.23,2.69,16.51
1995-07-30,8.49,28.16,31.42,25.87,88.91,1.68,10.73
1995-07-31,5.71,28.16,31.87,26.03,88.54,1.65,19.34
1995-08-01,13.51,28.15,31.9,25.86,89.62,2.34,15.71
1995-08-02,10.28,27.49,30.54,25.62,90.12,3.11,18.72
1995-08-03,11.51,26.99,29.6,25.25,90.82,3.76,12.3
1995-08-04,11.62,26.77,29.47,24.86,92.71,2.93,18.11
1995-08-05,9.0,28.13,31.68,25.76,90.13,2.5,19.36
1995-08-06,15.98,28.06,30.78,26.26,92.3,2.1,15.0
1995-08-07,5.13,27.88,30.28,26.24,90.69,1.78,18.27
1995-08-08,9.03,27.4,30.76,25.56,89.87,3.83,16.82
1995-08-09,2.35,27.47,31.16,24.91,87.51,3.45,19.21
1995-08-10,1.87,27.72,31.48,25.23,88.45,2.94,20.65
1995-08-11,0.85,27.2,29.73,25.67,90.31,3.48,14.39
1995-08-12,2.04,26.95,28.85,25.62,93.51,2.83,9.83
1995-08-13,31.86,26.52,28.25,25.7,93.04,3.0,6.44
1995-08-14,45.68,27.18,30.15,25.17,91.27,1.96,16.92
1995-08-15,13.86,27.63,31.3,25.07,88.84,2.68,15.93
1995-08-16,0.84,27.6,31.59,24.98,88.74,1.89,18.4
1995-08-17,6.89,27.36,31.16,25.02,89.35,3.0,18.28
1995-08-18,18.49,26.57,28.47,25.32,94.34,2.54,5.31
1995-08-19,23.37,27.21,30.52,25.06,91.04,2.55,9.5
1995-08-20,21.86,27.39,30.41,25.3,91.62,2.56,14.23
1995-08-21,12.28,27.02,29.23,25.66,94.23,2.12,17.41
1995-08-22,1.09,27.48,30.73,25.25,90.11,2.27,19.61
1995-08-23,2.02,27.58,31.38,24.65,89.73,2.17,19.93
1995-08-24,4.41,27.48,30.67,25.43,91.69,1.88,17.97
1995-08-25,22.16,28.45,32.9,25.38,88.63,1.34,16.75
1995-08-26,37.36,28.31,30.92,25.64,87.47,0.99,15.86
1995-08-27,19.32,29.33,32.8,26.13,85.52,0.88,16.72
1995-08-28,0.71,28.25,31.23,26.43,90.64,1.14,16.9
1995-08-29,0.39,29.27,33.03,25.81,85.06,1.1,17.49
1995-08-30,23.96,28.3,31.53,26.16,89.19,1.94,22.61
1995-08-31,8.59,28.39,32.27,25.92,89.14,2.06,23.12
1995-09-01,1.3,27.85,31.5,26.08,90.83,2.44,20.62
1995-09-02,4.15,27.8,30.41,26.23,93.63,2.37,18.31
1995-09-03,8.38,27.18,29.2,25.96,95.22,2.66,13.31
1995-09-04,2.89,27.36,30.51,25.25,90.28,2.85,17.55
1995-09-05,5.68,27.13,30.43,24.59,90.41,3.94,12.74
1995-09-06,3.32,26.64,28.84,24.5,94.75,1.86,12.06
1995-09-07,0.99,27.62,31.2,24.86,89.1,1.79,19.3
1995-09-08,0.08,28.33,32.11,24.83,86.18,0.98,19.73
1995-09-09,0.55,27.14,29.0,25.56,93.65,1.39,8.73
1995-09-10,0.38,26.55,28.67,24.92,91.65,1.12,9.38
1995-09-11,1.33,27.31,30.24,24.6,86.5,0.67,20.79
1995-09-12,0.09,27.04,29.39,24.8,89.7,0.81,14.93
1995-09-13,0.12,28.13,31.48,24.73,85.07,0.97,21.51
1995-09-14,0.08,27.84,30.73,24.88,86.37,0.98,21.58
1995-09-15,0.01,26.97,29.43,25.23,92.7,1.43,19.32
1995-09-16,0.01,26.81,28.93,25.32,93.56,1.83,15.55
1995-09-17,4.82,26.89,29.22,25.52,92.14,2.57,12.32
1995-09-18,10.43,26.98,29.96,25.19,92.43,1.99,15.53
1995-09-19,14.22,27.09,29.56,25.39,92.54,1.83,16.89
1995-09-20,1.85,27.26,29.82,25.27,91.97,2.2,12.84
1995-09-21,3.94,26.75,28.33,25.74,94.22,2.51,15.53
1995-09-22,2.25,26.72,28.22,25.75,94.58,2.53,12.98
1995-09-23,3.38,26.6,28.42,25.4,94.11,2.1,14.04
1995-09-24,3.34,26.37,28.54,25.09,95.8,1.7,14.19
1995-09-25,5.43,26.26,28.21,24.74,93.77,1.93,15.52
1995-09-26,23.49,25.99,27.86,24.68,93.53,2.38,13.02
1995-09-27,16.77,26.24,29.26,24.08,91.81,2.64,10.85
1995-09-28,7.82,25.85,27.98,24.25,93.86,2.07,14.68
1995-09-29,2.73,26.02,29.29,23.53,90.03,1.83,18.83
1995-09-30,3.68,26.6,30.22,23.82,89.73,1.64,16.41
1995-10-01,6.56,27.46,31.24,24.11,87.36,1.17,17.76
1995-10-02,3.14,27.97,31.97,25.01,84.97,0.95,20.21
1995-10-03,0.02,27.18,30.66,24.52,87.86,1.04,19.28
1995-10-04,0.12,26.57,29.58,23.98,87.55,0.76,14.66
1995-10-05,6.99,26.39,28.96,24.17,90.04,1.01,16.66
1995-10-06,2.93,25.84,28.71,23.89,91.12,0.99,18.4
1995-10-07,1.08,25.47,27.1,23.96,89.05,0.94,15.89
1995-10-08,21.01,25.44,28.22,23.0,88.03,0.84,8.77
1995-10-09,10.87,26.59,30.65,23.19,86.55,1.31,10.6
1995-10-10,2.23,27.22,31.06,23.33,81.36,0.75,20.36
1995-10-11,0.0,27.63,31.35,24.06,80.48,0.82,16.76
1995-10-12,0.25,27.57,30.71,24.12,81.32,1.05,17.91
1995-10-13,0.12,26.86,30.82,23.43,83.91,1.47,19.08
1995-10-14,0.0,26.47,30.95,22.26,82.76,1.41,20.57
1995-10-15,0.0,26.72,31.06,22.36,78.59,1.17,20.52
1995-10-16,0.0,27.67,32.02,23.02,77.31,0.64,20.13
1995-10-17,0.0,27.37,30.43,24.03,81.93,0.76,19.79
1995-10-18,8.96,26.51,30.16,23.53,87.96,1.11,14.24
1995-10-19,2.97,25.91,28.95,23.75,90.52,1.42,17.78
1995-10-20,0.72,25.59,28.75,23.36,90.42,1.01,17.73
1995-10-21,0.04,25.98,29.37,23.42,87.42,0.86,14.7
1995-10-22,9.37,26.45,29.57,23.84,83.36,0.52,17.41
1995-10-23,0.04,25.84,29.58,22.87,83.83,1.41,20.2
1995-10-24,0.04,25.8,29.94,21.91,82.61,1.34,20.44
1995-10-25,0.0,25.83,30.56,22.01,83.16,0.98,19.26
1995-10-26,0.0,24.72,29.98,19.88,81.16,1.01,18.87
1995-10-27,0.0,24.2,29.41,19.44,86.24,1.61,20.26
1995-10-28,0.0,24.45,29.83,21.12,83.45,1.57,19.35
1995-10-29,0.0,24.76,29.62,19.28,81.06,1.18,19.79
1995-10-30,0.04,25.84,29.52,22.82,78.87,1.02,17.48
1995-10-31,0.03,23.17,26.3,21.07,86.53,1.58,9.28
1995-11-01,1.09,23.11,26.08,20.74,89.46,1.54,9.54
1995-11-02,0.71,23.65,26.22,21.28,91.31,1.51,16.01
1995-11-03,0.11,24.54,28.42,21.52,84.52,1.54,18.98
1995-11-04,0.29,24.11,28.5,19.4,78.3,1.09,18.75
1995-11-05,0.06,24.2,29.07,19.62,78.8,1.19,18.34
1995-11-06,0.0,24.49,29.47,20.19,82.84,1.13,19.51
1995-11-07,0.0,24.54,29.5,20.32,86.57,1.39,19.64
1995-11-08,0.0,26.21,30.77,21.36,82.43,1.23,16.6
1995-11-09,0.33,24.88,27.04,23.43,92.55,1.22,5.76
1995-11-10,29.94,25.25,27.57,23.63,95.52,2.98,3.57
1995-11-11,36.02,25.64,29.52,22.73,89.41,1.37,13.21
1995-11-12,3.4,23.89,28.06,20.11,88.76,1.16,14.02
1995-11-13,0.12,22.63,27.21,17.79,77.85,0.68,17.3
1995-11-14,0.0,23.05,28.53,18.05,83.22,1.26,19.52
1995-11-15,0.0,23.5,29.5,18.3,84.92,1.03,19.3
1995-11-16,0.0,23.93,29.64,18.4,82.16,0.81,17.55
1995-11-17,0.0,24.3,28.31,20.53,80.77,1.08,14.76
1995-11-18,0.09,22.71,24.86,20.9,85.49,0.8,5.2
1995-11-19,3.38,22.78,26.83,20.15,89.37,1.13,9.38
1995-11-20,0.49,22.76,26.91,19.26,85.83,1.28,16.3
1995-11-21,0.03,22.04,27.18,17.43,80.47,1.31,17.48
1995-11-22,0.0,20.83,26.23,15.61,71.02,1.18,17.44
1995-11-23,0.0,20.71,26.01,14.04,77.33,1.01,16.77
1995-11-24,0.14,20.72,24.17,18.07,86.41,1.02,8.61
1995-11-25,8.14,19.16,21.98,17.4,93.6,3.17,6.54
1995-11-26,5.18,20.75,26.22,16.03,82.88,1.16,15.88
1995-11-27,2.4,18.95,25.13,13.08,73.06,1.19,16.22
1995-11-28,0.0,18.66,24.17,13.79,68.76,1.12,16.62
1995-11-29,0.0,18.73,24.81,12.96,75.67,1.14,16.15
1995-11-30,0.0,18.98,25.25,13.27,79.0,1.37,16.71
1995-12-01,0.0,19.23,24.41,13.41,61.94,0.97,16.71
1995-12-02,0.0,18.87,24.39,12.85,61.84,1.04,17.07
1995-12-03,0.0,18.39,23.66,12.4,68.35,0.97,16.05
1995-12-04,0.0,18.68,23.52,13.23,66.12,0.53,16.21
1995-12-05,0.0,18.95,24.08,13.7,66.9,0.58,16.03
1995-12-06,0.0,19.07,24.16,13.33,74.22,0.85,16.73
1995-12-07,0.0,19.6,24.81,13.62,75.47,0.66,15.85
1995-12-08,0.0,19.1,24.64,13.35,72.21,0.66,14.71
1995-12-09,0.0,19.43,24.64,14.14,71.12,0.66,14.5
1995-12-10,0.0,19.23,24.18,13.13,70.4,0.74,15.76
1995-12-11,0.0,18.76,24.63,12.62,71.95,0.96,16.03
1995-12-12,0.0,19.03,24.75,11.74,71.3,0.89,15.86
1995-12-13,0.0,19.71,25.22,14.15,65.25,0.72,15.47
1995-12-14,0.0,19.18,24.21,13.88,59.74,0.66,14.49
1995-12-15,0.0,18.68,23.69,11.83,53.78,0.66,16.84
1995-12-16,0.0,18.86,24.1,13.23,55.79,0.88,15.81
1995-12-17,0.0,17.85,23.95,12.53,64.34,1.05,15.37
1995-12-18,0.0,18.05,23.9,11.7,62.56,1.0,14.9
1995-12-19,0.0,17.89,23.97,10.09,63.82,0.74,15.6
1995-12-20,0.0,17.85,23.84,11.14,67.84,1.04,15.86
1995-12-21,0.0,18.78,24.4,11.2,67.32,0.8,16.79
1995-12-22,0.0,18.67,24.89,11.52,69.11,0.92,17.0
1995-12-23,0.0,19.32,26.2,12.83,67.72,0.91,16.74
1995-12-24,0.11,20.03,26.42,14.97,68.72,1.0,16.94
1995-12-25,0.35,18.94,26.33,12.68,72.31,1.4,18.44
1995-12-26,0.0,18.6,25.91,13.2,70.18,1.22,18.61
1995-12-27,0.0,17.84,24.62,12.05,67.23,1.29,18.63
1995-12-28,0.0,18.39,24.2,12.29,57.28,0.67,16.35
1995-12-29,0.0,18.2,24.26,12.5,60.21,0.67,17.67
1995-12-30,0.0,18.6,25.04,12.0,65.19,0.7,18.02
1995-12-31,0.0,19.05,25.37,11.72,69.89,0.9,16.31
1996-01-01,0.0,19.93,25.66,13.5,62.49,0.69,13.25
1996-01-02,0.0,19.21,25.42,13.55,66.45,1.1,16.42
1996-01-03,0.0,20.51,26.54,14.77,60.84,0.93,16.18
1996-01-04,0.0,18.41,25.09,13.28,66.25,1.17,9.06
1996-01-05,0.0,17.96,24.77,11.77,72.52,1.36,15.98
1996-01-06,0.0,18.3,24.76,12.49,64.6,1.13,15.55
1996-01-07,0.0,19.09,25.02,12.57,59.72,1.04,16.24
1996-01-08,0.0,18.97,25.44,11.34,57.89,1.05,16.77
1996-01-09,0.0,18.54,25.18,11.84,60.92,0.96,16.87
1996-01-10,0.0,18.36,24.75,12.36,60.82,1.02,15.66
1996-01-11,0.0,18.62,25.23,11.25,65.41,1.2,15.75
1996-01-12,0.0,20.48,26.53,15.24,69.71,1.02,15.73
1996-01-13,0.0,18.98,25.25,12.4,50.21,1.1,15.18
1996-01-14,0.0,18.43,24.91,10.57,43.78,0.83,15.4
1996-01-15,0.0,17.88,26.3,11.04,54.94,1.34,15.92
1996-01-16,0.0,18.74,27.81,11.62,64.9,1.32,16.82
1996-01-17,0.85,19.84,25.35,14.16,80.02,1.16,11.61
1996-01-18,0.02,18.53,25.02,13.22,68.38,1.54,16.21
1996-01-19,0.0,16.65,24.06,9.85,56.37,1.46,16.81
1996-01-20,0.0,16.47,23.13,10.2,50.18,1.23,15.54
1996-01-21,0.0,16.38,24.2,10.0,51.58,1.26,15.91
1996-01-22,0.0,16.05,23.92,9.03,54.58,1.43,16.84
1996-01-23,0.0,16.89,24.76,10.12,49.99,1.3,15.95
1996-01-24,0.0,19.09,27.48,10.68,49.65,1.36,15.88
1996-01-25,0.0,18.07,25.23,11.56,45.9,1.15,19.05
1996-01-26,0.0,17.98,25.22,9.2,46.29,1.0,19.03
1996-01-27,0.0,17.15,25.08,10.11,50.7,1.37,17.59
1996-01-28,0.0,18.14,26.14,10.66,50.65,1.16,16.76
1996-01-29,0.0,18.27,25.76,12.36,44.22,1.08,18.01
1996-01-30,0.0,18.42,26.05,11.6,35.79,1.02,19.92
1996-01-31,0.0,17.6,26.14,10.15,36.34,1.41,19.38
1996-02-01,2.69,18.98,26.72,10.14,38.8,0.98,18.96
1996-02-02,0.0,19.46,27.81,9.75,41.7,0.99,19.29
1996-02-03,0.0,19.78,29.01,10.81,48.24,1.27,19.2
1996-02-04,0.0,20.48,29.25,13.6,44.86,1.25,19.41
1996-02-05,0.0,20.82,29.45,12.13,45.11,1.14,19.42
1996-02-06,0.0,21.98,29.19,13.22,34.75,0.85,18.94
1996-02-07,0.0,21.96,29.25,13.65,33.4,0.8,18.65
1996-02-08,0.0,21.13,29.29,12.91,39.39,1.07,18.8
1996-02-09,0.0,21.82,30.46,13.37,39.79,1.09,19.98
1996-02-10,0.0,22.23,32.0,13.56,46.48,1.24,19.11
1996-02-11,0.0,22.2,30.41,14.24,57.92,1.26,19.94
1996-02-12,0.01,20.32,26.34,15.32,55.41,2.17,19.48
1996-02-13,0.0,19.28,27.88,11.82,52.55,1.72,20.28
1996-02-14,0.0,19.77,28.39,11.75,47.66,1.57,20.07
1996-02-15,0.0,21.44,29.64,13.81,38.34,1.21,20.47
1996-02-16,0.0,21.94,30.3,15.17,37.93,1.43,20.12
1996-02-17,0.0,21.74,30.54,13.06,35.15,1.64,20.74
1996-02-18,0.0,22.21,30.12,13.39,30.36,1.3,20.83
1996-02-19,0.0,22.65,30.54,14.45,29.81,1.29,20.76
1996-02-20,0.0,22.4,31.6,13.51,52.45,2.11,11.84
1996-02-21,0.04,23.71,31.31,18.5,66.96,2.13,10.69
1996-02-22,4.04,23.62,30.11,18.24,71.65,2.12,17.77
1996-02-23,11.14,23.88,30.17,19.59,77.0,1.88,16.02
1996-02-24,1.05,23.77,30.89,17.81,72.69,1.83,16.56
1996-02-25,0.91,24.69,32.48,17.99,72.93,2.4,19.73
1996-02-26,0.98,25.85,32.71,20.86,68.99,2.02,12.98
1996-02-27,1.88,25.3,33.13,18.87,63.5,1.77,19.34
1996-02-28,1.64,24.33,31.89,17.54,52.21,1.7,19.65
1996-02-29,0.18,24.07,32.19,17.28,39.53,1.25,22.07
1996-03-01,0.0,23.76,32.99,16.17,33.79,1.63,22.87
1996-03-02,0.0,23.17,32.49,14.22,41.44,1.27,22.26
1996-03-03,0.0,24.49,32.04,17.37,38.8,1.07,17.72
1996-03-04,0.0,23.7,32.49,15.01,44.65,1.11,22.81
1996-03-05,0.0,24.99,33.19,16.64,55.17,1.37,21.54
1996-03-06,0.0,25.85,33.63,19.35,39.34,1.21,22.13
1996-03-07,0.0,26.66,33.91,19.03,35.95,0.98,21.56
1996-03-08,0.0,25.7,34.64,17.26,53.68,1.76,20.86
1996-03-09,0.01,26.4,35.57,18.36,60.74,1.91,17.29
1996-03-10,0.2,26.56,35.1,19.91,64.98,2.05,19.81
1996-03-11,0.0,27.0,35.76,19.42,62.06,2.5,20.78
1996-03-12,3.25,27.18,34.93,21.19,68.83,3.44,22.38
1996-03-13,23.02,26.58,33.17,22.51,76.58,5.11,21.61
1996-03-14,6.4,27.08,33.3,22.68,75.72,4.43,21.24
1996-03-15,0.07,27.76,34.19,23.48,70.75,4.32,21.45
1996-03-16,0.02,28.37,36.57,22.92,69.57,4.05,16.21
1996-03-17,0.01,28.62,36.93,23.0,65.01,3.05,21.22
1996-03-18,0.0,29.41,38.37,23.15,57.51,2.45,19.28
1996-03-19,0.0,27.9,36.21,21.67,54.14,1.8,21.49
1996-03-20,0.0,29.7,38.01,21.97,56.21,2.05,22.75
1996-03-21,0.0,30.21,38.33,23.29,53.37,1.88,21.14
1996-03-22,0.0,29.14,36.62,22.87,60.47,2.45,22.31
1996-03-23,2.37,29.48,37.9,23.14,58.68,3.45,20.91
1996-03-24,0.13,28.97,37.02,21.8,60.35,2.5,22.14
1996-03-25,0.05,29.26,37.55,22.01,60.41,3.19,18.59
1996-03-26,0.35,28.4,34.13,23.6,69.26,4.88,12.15
1996-03-27,22.39,28.26,33.66,24.11,74.8,2.79,19.86
1996-03-28,11.82,27.61,33.31,23.3,77.47,3.08,17.02
1996-03-29,7.58,27.83,33.49,24.02,75.91,4.28,19.61
1996-03-30,1.45,28.33,34.31,24.33,70.88,4.58,19.4
1996-03-31,0.14,28.43,35.16,24.23,71.31,4.53,19.41
1996-04-01,2.54,28.5,36.57,22.15,61.42,2.6,18.14
1996-04-02,1.45,26.43,34.65,20.21,61.67,1.88,20.2
1996-04-03,0.0,27.07,35.66,19.2,57.5,1.82,18.43
1996-04-04,0.01,27.97,36.72,19.66,56.92,2.7,21.17
1996-04-05,0.19,29.08,37.7,21.78,58.06,2.86,20.13
1996-04-06,0.0,29.01,37.62,21.2,56.82,2.28,21.41
1996-04-07,0.17,29.56,38.33,21.84,56.21,2.5,20.6
1996-04-08,0.01,30.45,40.36,22.69,57.57,3.1,19.34
1996-04-09,0.0,30.26,38.97,24.03,61.42,3.64,21.46
1996-04-10,0.0,30.34,38.97,23.63,59.93,2.83,20.24
1996-04-11,0.0,29.24,35.67,24.3,62.14,1.99,20.47
1996-04-12,0.0,29.17,35.3,23.12,56.94,0.78,22.05
1996-04-13,0.0,29.54,36.05,24.38,52.2,1.06,16.85
1996-04-14,0.0,28.48,34.04,23.9,61.15,1.38,16.25
1996-04-15,0.0,29.66,36.1,24.55,54.59,1.27,21.29
1996-04-16,0.0,30.44,38.88,23.6,55.12,2.15,19.09
1996-04-17,0.0,31.51,39.65,24.64,54.12,2.45,22.29
1996-04-18,0.0,30.35,36.81,25.55,61.75,2.96,21.26
1996-04-19,4.74,30.28,37.19,25.27,65.44,3.21,21.25
1996-04-20,5.42,29.7,36.07,25.62,72.27,3.19,22.84
1996-04-21,0.0,30.85,38.56,25.46,63.14,3.33,21.6
1996-04-22,0.55,28.98,33.19,24.94,69.66,3.2,20.19
1996-04-23,6.17,28.63,33.13,25.08,72.5,3.16,22.61
1996-04-24,18.86,27.68,31.99,24.5,78.2,2.86,22.95
1996-04-25,31.66,25.96,29.21,23.39,85.98,1.97,21.37
1996-04-26,15.3,25.61,29.99,21.42,77.66,1.42,9.6
1996-04-27,5.84,26.82,32.21,21.79,67.2,0.8,25.26
1996-04-28,0.29,28.36,34.6,22.23,63.87,1.52,20.16
1996-04-29,0.13,28.57,34.2,23.95,68.29,2.16,13.53
1996-04-30,3.83,29.04,35.01,23.67,68.69,2.23,16.83
1996-05-01,10.15,29.27,34.85,24.56,72.49,2.49,19.11
1996-05-02,13.49,28.85,34.14,24.53,77.36,2.15,24.28
1996-05-03,5.13,29.06,34.6,24.64,72.97,1.62,22.44
1996-05-04,0.19,29.4,35.92,23.22,68.07,1.98,22.81
1996-05-05,0.05,30.2,37.87,24.16,66.29,3.01,21.09
1996-05-06,0.06,29.04,34.85,24.82,70.21,2.78,21.62
1996-05-07,0.13,27.72,32.14,24.65,72.2,2.22,15.64
1996-05-08,0.09,29.97,37.95,23.32,63.94,2.38,20.41
1996-05-09,0.16,30.42,37.07,25.86,69.59,5.73,22.94
1996-05-10,0.06,30.24,36.51,26.14,68.96,5.8,21.7
1996-05-11,0.93,30.35,36.55,26.25,66.99,4.62,20.3
1996-05-12,24.48,28.23,32.95,25.23,76.27,4.23,17.97
1996-05-13,35.17,28.37,33.39,25.01,80.27,4.57,20.97
1996-05-14,0.92,28.98,33.79,25.81,75.94,4.73,17.72
1996-05-15,0.64,30.09,36.0,25.92,70.42,3.6,22.82
1996-05-16,1.79,28.07,31.02,25.62,80.57,2.55,20.31
1996-05-17,25.78,27.94,31.61,25.06,84.81,2.1,14.91
1996-05-18,12.95,27.37,31.0,24.17,85.72,2.05,21.05
1996-05-19,3.18,27.82,31.69,24.7,81.89,1.52,26.29
1996-05-20,2.18,28.23,32.51,24.32,76.97,1.15,24.28
1996-05-21,0.01,29.42,34.17,24.83,74.38,0.99,24.3
1996-05-22,0.0,30.14,35.71,25.15,69.63,0.95,23.44
1996-05-23,0.01,30.46,36.33,25.28,67.68,0.93,24.9
1996-05-24,0.0,31.04,37.01,25.56,67.43,1.94,24.13
1996-05-25,0.0,30.84,36.41,26.28,71.06,2.85,23.49
1996-05-26,0.01,30.26,34.78,26.91,72.81,3.0,17.96
1996-05-27,1.84,30.28,35.08,26.71,74.7,3.22,22.53
1996-05-28,3.18,30.43,35.81,26.84,73.21,5.13,12.02
1996-05-29,8.47,29.83,34.14,27.04,75.06,5.26,14.23
1996-05-30,35.28,28.07,31.1,25.84,85.86,3.64,14.99
1996-05-31,11.98,28.48,32.58,25.16,82.91,2.27,23.59
1996-06-01,2.97,28.52,33.08,25.46,79.18,2.94,16.13
1996-06-02,21.98,28.06,31.88,25.0,83.41,3.69,18.11
1996-06-03,28.1,27.51,30.99,25.04,86.68,2.55,21.08
1996-06-04,27.03,26.75,29.57,24.31,91.05,2.81,9.82
1996-06-05,19.36,26.89,30.83,22.89,87.8,2.26,20.46
1996-06-06,1.27,27.69,31.42,24.67,86.16,2.35,17.06
1996-06-07,5.54,27.78,31.31,24.97,85.86,1.85,17.86
1996-06-08,4.96,27.65,30.35,24.22,83.97,0.96,24.97
1996-06-09,0.94,28.52,31.03,25.86,77.21,0.7,20.86
1996-06-10,0.02,28.58,32.13,25.1,77.46,0.7,25.93
1996-06-11,0.27,28.24,32.34,24.77,81.94,1.82,19.89
1996-06-12,0.52,27.74,32.53,23.37,81.53,1.04,23.55
1996-06-13,0.76,29.32,33.94,25.28,77.4,1.03,26.25
1996-06-14,0.23,29.4,34.18,25.22,78.75,1.34,22.97
1996-06-15,0.09,30.08,35.5,24.58,71.95,1.2,21.73
1996-06-16,0.56,30.2,35.56,26.0,75.57,2.16,22.64
1996-06-17,0.33,28.86,32.59,26.5,82.76,2.63,23.98
1996-06-18,0.05,29.21,33.36,26.51,81.71,2.67,21.7
1996-06-19,24.48,28.8,34.18,25.83,85.79,3.11,15.36
1996-06-20,9.31,28.06,30.27,26.64,91.59,4.2,9.35
1996-06-21,17.18,27.7,29.5,26.69,91.83,4.72,5.69
1996-06-22,15.72,28.04,30.88,26.11,86.53,5.43,13.39
1996-06-23,14.6,27.91,31.01,25.88,85.22,5.57,14.28
1996-06-24,7.97,28.49,31.75,26.23,85.58,4.17,13.21
1996-06-25,23.86,27.95,30.85,26.35,91.09,3.53,9.54
1996-06-26,14.26,27.76,30.22,26.19,90.71,3.67,17.95
1996-06-27,2.76,27.39,29.59,25.56,91.03,3.5,18.4
1996-06-28,0.71,27.61,29.81,25.95,91.82,2.5,19.45
1996-06-29,4.74,27.53,30.31,25.75,91.81,3.23,16.74
1996-06-30,2.9,27.35,29.39,25.84,90.22,3.52,11.77
1996-07-01,7.3,28.51,31.25,25.91,87.36,4.37,7.69
1996-07-02,42.96,28.38,31.68,26.37,89.95,3.16,12.0
1996-07-03,26.7,27.98,30.99,25.86,90.55,3.04,11.9
1996-07-04,16.24,27.73,30.99,25.21,87.45,1.85,17.29
1996-07-05,3.51,27.73,30.91,25.52,88.09,2.72,17.73
1996-07-06,3.28,27.69,31.16,25.09,88.03,2.39,17.41
1996-07-07,2.65,27.29,29.87,25.76,91.42,2.68,16.59
1996-07-08,1.22,27.63,30.77,25.36,88.9,2.47,14.32
1996-07-09,0.5,28.33,32.06,25.34,86.68,2.28,15.63
1996-07-10,2.87,28.4,32.0,25.65,86.82,2.89,13.28
1996-07-11,6.15,27.32,30.18,25.23,89.51,2.62,8.17
1996-07-12,1.6,27.93,31.8,24.98,85.8,2.38,14.99
1996-07-13,0.14,27.64,30.47,24.93,89.94,1.81,15.53
1996-07-14,0.02,28.26,31.61,25.85,86.92,2.23,20.72
1996-07-15,0.9,27.68,29.78,26.2,89.87,2.65,16.24
1996-07-16,3.69,27.37,29.34,26.05,93.51,2.65,14.33
1996-07-17,2.5,27.44,29.7,25.79,92.41,1.98,18.07
1996-07-18,0.27,28.16,30.99,25.96,89.35,2.05,17.45
1996-07-19,0.24,27.8,30.05,25.99,92.07,2.05,15.87
1996-07-20,4.69,28.02,30.4,26.13,90.5,2.91,21.9
1996-07-21,0.46,27.97,30.46,26.17,90.11,2.87,22.19
1996-07-22,1.08,27.86,30.46,26.25,90.17,3.02,18.3
1996-07-23,2.23,28.01,30.3,26.18,89.36,2.71,16.37
1996-07-24,3.45,28.96,32.7,25.53,86.56,2.51,22.54
1996-07-25,5.39,28.06,31.56,26.08,90.1,3.43,18.04
1996-07-26,14.31,27.62,30.32,25.85,91.53,3.38,11.97
1996-07-27,13.06,27.74,30.89,25.62,86.83,2.96,13.27
1996-07-28,7.74,28.55,32.71,24.97,86.5,2.1,16.77
1996-07-29,2.97,29.1,32.91,25.95,84.98,1.23,19.25
1996-07-30,4.97,29.11,32.92,26.25,85.79,1.14,19.3
1996-07-31,27.5,28.51,30.86,26.75,92.19,1.24,15.62
1996-08-01,18.25,28.33,31.44,26.48,89.61,2.85,22.54
1996-08-02,6.18,27.74,30.34,26.07,90.79,2.89,14.34
1996-08-03,7.61,27.41,30.51,25.91,93.12,3.92,15.19
1996-08-04,2.52,29.0,33.53,24.88,84.33,2.25,21.95
1996-08-05,2.04,27.42,29.58,25.51,92.1,2.6,17.72
1996-08-06,3.32,27.57,31.27,25.51,91.42,2.56,13.07
1996-08-07,7.15,27.98,30.89,25.78,90.07,2.75,12.26
1996-08-08,7.85,27.18,29.85,25.7,92.06,4.52,10.34
1996-08-09,14.9,27.32,30.87,25.16,88.64,3.13,22.47
1996-08-10,2.2,27.38,30.77,25.2,91.47,2.36,17.21
1996-08-11,0.51,27.63,31.07,25.42,89.86,2.21,11.87
1996-08-12,0.27,27.65,30.78,25.24,88.81,2.09,15.52
1996-08-13,4.76,26.85,29.66,24.57,90.76,1.48,11.0
1996-08-14,43.87,27.4,31.0,24.67,89.33,1.82,16.05
1996-08-15,9.03,27.05,29.91,24.9,90.73,2.0,9.48
1996-08-16,3.21,26.55,28.65,25.13,93.98,1.9,11.9
1996-08-17,5.54,26.44,28.27,24.86,94.62,2.19,16.31
1996-08-18,3.18,26.03,27.81,24.92,92.36,2.49,12.12
1996-08-19,5.88,26.05,27.86,24.95,94.54,2.99,17.0
1996-08-20,3.31,26.28,29.2,24.42,90.18,2.66,16.09
1996-08-21,7.15,26.37,28.64,24.44,91.61,2.58,10.73
1996-08-22,11.73,26.38,29.7,24.4,90.09,2.1,20.28
1996-08-23,1.7,27.49,31.46,23.74,85.95,1.3,19.14
1996-08-24,0.44,28.28,32.01,24.73,84.78,1.18,13.66
1996-08-25,3.63,28.05,32.85,25.65,86.42,3.24,20.96
1996-08-26,0.64,28.13,32.64,24.75,86.59,2.17,21.19
1996-08-27,0.34,27.99,32.24,24.71,87.59,1.78,18.79
1996-08-28,1.02,27.54,31.29,25.18,87.34,3.59,17.11
1996-08-29,3.41,26.83,29.34,25.14,91.07,2.78,14.09
1996-08-30,3.23,27.32,30.9,24.71,88.91,2.59,10.72
1996-08-31,3.5,26.27,28.38,24.7,93.19,1.83,9.84
1996-09-01,1.24,27.58,31.43,24.4,86.42,1.88,17.69
1996-09-02,0.44,28.13,31.65,24.02,82.18,0.91,16.58
1996-09-03,3.7,29.15,32.85,25.42,78.41,0.7,20.01
1996-09-04,3.37,27.02,29.37,25.14,91.65,1.94,19.85
1996-09-05,0.62,26.53,29.05,24.88,92.37,1.8,19.5
1996-09-06,0.9,26.89,30.7,24.63,89.72,2.03,21.6
1996-09-07,2.26,27.32,31.27,24.28,88.32,1.63,16.89
1996-09-08,7.08,27.06,30.55,24.63,88.77,1.06,21.2
1996-09-09,2.48,28.93,32.98,24.18,79.24,0.87,22.82
1996-09-10,0.17,28.84,32.47,25.25,81.04,1.28,19.93
1996-09-11,1.98,28.37,31.91,24.84,85.37,1.06,16.26
1996-09-12,8.36,28.15,30.32,25.62,85.86,1.16,16.03
1996-09-13,2.67,29.39,33.03,25.5,80.37,0.8,23.29
1996-09-14,0.0,30.05,32.87,26.85,76.18,0.65,22.4
1996-09-15,0.0,29.03,31.9,26.34,83.14,0.99,21.7
1996-09-16,11.31,28.72,31.9,25.99,83.81,0.92,10.0
1996-09-17,6.72,27.35,29.57,25.46,90.52,2.81,15.83
1996-09-18,1.53,27.53,30.25,25.55,92.03,1.99,11.87
1996-09-19,1.94,27.31,29.86,25.59,91.57,1.86,15.63
1996-09-20,1.38,27.53,30.47,25.07,83.84,0.93,15.2
1996-09-21,0.93,26.73,29.59,24.46,87.21,1.83,14.83
1996-09-22,32.11,27.57,31.12,24.76,88.66,1.78,8.67
1996-09-23,6.73,28.16,31.54,25.34,85.97,1.07,17.03
1996-09-24,2.24,28.07,30.94,25.21,85.34,0.87,10.74
1996-09-25,1.41,28.11,30.91,24.82,83.03,0.94,20.51
1996-09-26,0.42,27.39,30.74,25.11,86.93,1.12,12.43
1996-09-27,9.98,26.69,29.35,24.44,89.08,1.35,16.73
1996-09-28,4.41,26.81,30.03,24.88,91.05,1.16,18.88
1996-09-29,2.52,26.88,29.76,24.85,89.22,0.95,16.37
1996-09-30,0.58,27.84,32.26,23.98,82.99,1.11,21.54
1996-10-01,0.05,28.38,32.48,24.38,79.42,1.29,22.22
1996-10-02,1.15,27.11,30.23,24.88,88.47,1.13,22.75
1996-10-03,41.94,25.63,28.29,23.7,92.16,1.33,18.43
1996-10-04,10.6,25.57,27.31,24.1,94.28,2.77,16.8
1996-10-05,7.98,26.82,30.37,24.3,91.42,2.16,14.68
1996-10-06,20.07,26.1,28.2,24.85,93.43,3.07,5.49
1996-10-07,14.03,25.95,29.94,21.6,83.81,1.46,18.54
1996-10-08,0.12,24.91,29.54,19.97,76.36,0.95,18.48
1996-10-09,0.0,24.37,29.28,19.22,73.45,0.89,20.95
1996-10-10,0.03,24.5,29.47,19.52,73.25,0.78,19.11
1996-10-11,0.0,24.22,29.22,19.99,77.04,1.23,19.92
1996-10-12,0.0,24.76,30.08,19.08,77.24,1.37,21.24
1996-10-13,0.0,25.55,30.41,20.78,74.72,1.32,21.29
1996-10-14,0.0,24.97,30.21,19.4,70.42,1.3,21.03
1996-10-15,0.0,25.03,29.82,19.31,66.4,1.14,21.14
1996-10-16,0.0,24.72,29.71,19.86,70.61,0.9,20.76
1996-10-17,0.0,24.62,29.36,19.9,67.68,1.26,20.79
1996-10-18,0.0,25.09,30.09,18.98,69.62,1.2,21.06
1996-10-19,0.0,26.03,30.62,20.53,67.32,0.79,21.06
1996-10-20,0.0,25.88,31.23,20.56,70.36,0.81,20.46
1996-10-21,0.0,25.75,31.48,20.93,68.01,0.84,20.91
1996-10-22,0.0,25.61,30.65,19.65,66.67,1.0,20.07
1996-10-23,0.0,26.38,30.91,21.1,64.9,0.95,20.34
1996-10-24,0.0,26.82,31.34,21.66,67.3,0.71,20.17
1996-10-25,0.0,27.1,31.81,21.9,66.49,0.62,20.18
1996-10-26,0.0,25.48,29.47,22.44,77.12,0.77,17.9
1996-10-27,11.6,23.54,26.14,21.68,90.37,1.77,8.83
1996-10-28,17.64,23.84,25.59,21.63,93.95,4.04,4.21
1996-10-29,37.31,25.52,27.52,22.89,93.88,5.59,8.53
1996-10-30,13.09,25.31,27.38,23.34,87.14,1.66,10.02
1996-10-31,2.44,24.76,29.09,21.27,79.17,0.96,15.8
1996-11-01,0.76,24.65,29.14,19.76,77.3,1.08,17.18
1996-11-02,0.0,25.31,28.83,21.86,81.06,1.15,18.09
1996-11-03,0.02,25.1,29.58,21.78,84.53,1.39,17.97
1996-11-04,0.02,25.51,30.64,20.66,84.22,1.06,17.05
1996-11-05,0.02,26.22,30.33,22.9,83.83,0.81,18.31
1996-11-06,0.32,25.43,29.06,23.16,88.84,0.91,17.29
1996-11-07,0.1,26.38,30.31,22.62,81.13,0.8,15.72
1996-11-08,0.0,25.85,30.4,22.42,71.01,1.07,18.39
1996-11-09,0.0,24.26,30.22,18.53,64.05,1.35,19.2
1996-11-10,0.0,23.82,28.94,18.46,57.54,1.0,18.12
1996-11-11,0.0,22.67,28.51,15.93,54.75,0.89,17.81
1996-11-12,0.0,22.89,27.86,17.42,54.35,0.6,18.53
1996-11-13,0.0,22.35,28.31,17.16,57.85,0.84,17.99
1996-11-14,0.0,21.76,28.42,16.11,65.91,1.33,18.31
1996-11-15,0.0,22.24,28.42,15.76,67.88,0.85,17.99
1996-11-16,0.0,22.0,27.76,15.44,62.1,0.96,17.7
1996-11-17,0.0,21.37,28.05,15.26,64.94,1.26,18.09
1996-11-18,0.0,21.39,27.41,15.14,67.54,0.96,17.58
1996-11-19,0.0,22.43,28.35,16.55,60.72,0.67,18.14
1996-11-20,0.0,22.7,28.86,16.03,55.54,0.94,17.75
1996-11-21,0.0,22.0,27.77,15.58,57.44,0.98,16.85
1996-11-22,0.0,21.33,28.11,15.17,59.0,1.31,15.89
1996-11-23,0.0,21.6,27.9,14.48,52.92,1.19,17.01
1996-11-24,0.0,21.41,26.92,15.1,49.15,0.74,17.01
1996-11-25,0.0,19.98,26.25,13.09,54.0,0.84,16.92
1996-11-26,0.0,19.51,27.16,12.1,56.89,1.37,16.75
1996-11-27,0.0,20.38,27.12,12.69,53.19,0.98,17.18
1996-11-28,0.0,19.83,26.57,13.07,55.96,1.41,16.5
1996-11-29,0.0,19.88,26.86,13.26,52.97,1.12,16.48
1996-11-30,0.0,20.44,28.14,12.49,57.78,1.13,16.58
1996-12-01,0.0,21.73,29.12,14.54,61.36,1.01,13.5
1996-12-02,0.0,21.59,28.97,15.39,61.66,1.37,15.1
1996-12-03,0.02,23.01,29.87,18.55,59.15,0.99,9.5
1996-12-04,0.05,22.38,28.04,17.93,55.53,1.06,12.66
1996-12-05,0.45,22.18,29.15,16.79,54.16,1.15,16.8
1996-12-06,0.0,20.98,28.59,15.59,51.93,1.5,14.37
1996-12-07,0.0,19.0,27.78,12.92,56.27,1.51,17.2
1996-12-08,0.0,17.88,26.02,10.8,53.06,1.43,16.09
1996-12-09,0.0,17.46,26.42,10.64,51.82,1.47,16.03
1996-12-10,0.0,17.76,25.84,11.18,47.76,1.22,16.18
1996-12-11,0.0,18.47,25.49,11.47,46.45,0.93,16.19
1996-12-12,0.0,18.94,25.95,11.92,47.27,0.95,16.69
1996-12-13,0.0,19.64,26.25,12.9,48.2,0.97,16.11
1996-12-14,0.0,19.35,26.21,13.74,51.12,1.05,14.49
1996-12-15,0.0,18.0,25.98,11.31,45.25,1.14,15.95
1996-12-16,0.0,17.38,26.37,9.66,44.9,1.46,15.15
1996-12-17,0.0,18.41,26.75,11.34,45.73,0.9,15.63
1996-12-18,0.0,18.74,26.83,9.84,46.67,0.79,16.44
1996-12-19,0.0,18.84,28.34,10.57,49.14,1.17,15.74
1996-12-20,0.0,19.07,28.02,11.64,49.08,1.36,15.02
1996-12-21,0.0,19.66,28.46,12.46,51.97,1.24,13.16
1996-12-22,0.0,19.68,27.46,13.68,53.39,1.19,15.25
1996-12-23,0.0,19.93,27.32,13.97,54.25,1.06,15.72
1996-12-24,0.0,19.76,27.14,13.51,55.67,0.97,15.62
1996-12-25,0.0,20.1,27.94,13.51,56.71,1.06,15.14
1996-12-26,0.0,20.39,27.55,14.02,55.26,0.92,14.87
1996-12-27,0.0,19.72,27.41,13.92,54.32,1.13,15.0
1996-12-28,0.0,18.96,25.76,13.15,47.09,1.04,15.69
1996-12-29,0.0,19.04,27.19,12.49,47.03,1.25,15.45
1996-12-30,0.0,19.21,27.06,12.82,48.08,1.17,16.45
1996-12-31,0.0,19.91,28.96,11.82,47.64,1.1,15.92
1997-01-01,0.0,20.61,28.21,13.0,43.62,0.74,16.69
1997-01-02,0.0,20.15,27.09,12.12,47.5,0.77,14.12
1997-01-03,0.0,19.61,25.47,13.84,46.44,0.67,13.35
1997-01-04,0.0,19.39,26.41,13.5,46.66,0.94,15.53
1997-01-05,0.0,18.72,26.32,11.94,49.83,1.06,15.1
1997-01-06,0.0,19.41,25.97,14.15,43.91,0.8,15.84
1997-01-07,0.0,18.38,25.65,12.01,48.29,1.04,16.38
1997-01-08,0.0,18.57,26.74,11.66,47.7,1.22,16.94
1997-01-09,0.0,18.92,27.55,11.81,45.49,1.39,14.42
1997-01-10,0.0,18.99,27.9,12.61,47.64,1.34,17.77
1997-01-11,0.0,19.14,28.45,12.4,43.46,1.49,17.39
1997-01-12,0.0,19.75,28.34,12.23,34.67,1.43,9.95
1997-01-13,0.0,19.29,27.86,12.29,37.22,1.44,15.98
1997-01-14,0.0,18.16,26.83,10.8,39.65,1.65,15.82
1997-01-15,0.0,18.69,27.19,10.5,38.23,1.5,14.32
1997-01-16,0.0,18.11,22.63,14.84,49.56,1.09,14.57
1997-01-17,3.46,18.63,25.55,13.32,54.04,1.34,16.81
1997-01-18,0.36,17.3,25.91,11.52,47.49,1.75,17.22
1997-01-19,0.0,17.83,26.62,9.19,36.32,1.05,16.67
1997-01-20,0.0,18.87,28.14,9.87,35.62,1.12,17.65
1997-01-21,1.4,16.43,23.62,10.02,55.85,1.01,6.97
1997-01-22,0.58,16.55,24.46,11.05,58.11,1.37,16.24
1997-01-23,0.05,15.46,23.47,8.24,56.32,1.74,15.44
1997-01-24,0.03,16.4,23.74,11.4,39.51,1.18,16.83
1997-01-25,0.0,16.78,24.97,10.31,36.38,1.28,15.72
1997-01-26,0.0,16.3,24.57,8.74,37.69,1.58,16.07
1997-01-27,0.0,16.96,26.08,8.19,37.17,1.49,16.62
1997-01-28,0.0,18.68,27.13,11.48,32.97,1.16,18.47
1997-01-29,0.0,18.15,27.4,10.53,32.42,1.35,18.51
1997-01-30,0.0,18.51,27.84,9.56,33.34,1.5,17.31
1997-01-31,0.0,20.03,27.78,12.09,37.66,1.35,18.69
1997-02-01,0.35,20.61,27.91,14.43,78.78,1.91,9.78
1997-02-02,0.34,20.49,28.35,15.53,52.84,1.49,15.56
1997-02-03,0.03,19.97,28.99,11.57,35.4,1.42,15.14
1997-02-04,0.25,19.37,26.42,14.37,66.05,1.39,14.42
1997-02-05,1.07,20.63,28.42,13.37,56.05,1.2,13.23
1997-02-06,0.19,21.82,28.68,16.12,37.41,0.87,15.01
1997-02-07,0.0,18.21,27.01,10.68,37.36,1.95,18.83
1997-02-08,0.0,16.99,25.73,9.36,32.46,1.4,19.0
1997-02-09,0.0,18.18,27.95,8.19,39.7,1.33,19.24
1997-02-10,0.0,19.86,28.09,10.87,41.81,1.19,13.39
1997-02-11,0.11,22.49,29.33,16.83,52.68,1.35,15.49
1997-02-12,0.09,20.71,29.04,14.33,52.8,1.48,18.38
1997-02-13,0.0,19.11,28.33,11.6,27.91,1.45,19.89
1997-02-14,0.0,20.47,29.97,12.77,27.35,1.42,20.08
1997-02-15,0.0,21.09,31.34,12.95,50.57,1.92,21.53
1997-02-16,0.0,22.92,32.54,15.36,66.48,2.68,17.99
1997-02-17,0.0,23.36,30.91,15.57,69.75,2.27,16.18
1997-02-18,3.85,24.31,31.1,18.31,62.24,0.82,19.2
1997-02-19,0.44,24.13,32.51,16.26,46.63,0.99,18.7
1997-02-20,3.3,23.11,30.22,17.01,57.79,1.0,9.9
1997-02-21,0.0,23.09,31.32,16.36,44.44,1.55,19.48
1997-02-22,0.0,21.99,30.39,13.95,28.62,1.54,21.0
1997-02-23,0.0,21.24,30.57,13.86,32.04,1.8,20.76
1997-02-24,0.0,20.63,30.08,12.72,27.88,1.49,20.16
1997-02-25,0.0,21.55,30.93,11.62,28.7,1.21,20.0
1997-02-26,0.0,23.29,31.93,13.45,37.9,1.17,19.48
1997-02-27,0.17,24.47,32.52,17.63,61.08,1.88,17.55
1997-02-28,0.46,25.8,33.98,18.5,52.82,1.45,15.4
1997-03-01,0.0,25.76,34.25,16.48,33.28,1.12,19.7
1997-03-02,0.0,25.3,35.6,15.28,34.21,1.47,20.17
1997-03-03,0.0,25.71,35.96,16.57,45.87,1.35,18.94
1997-03-04,0.03,26.39,36.85,16.79,45.63,1.98,20.85
1997-03-05,0.0,26.83,36.54,17.89,40.62,1.68,19.2
1997-03-06,0.0,27.75,37.13,19.43,23.22,1.27,19.48
1997-03-07,0.0,27.26,37.19,18.82,38.68,1.59,19.66
1997-03-08,0.0,27.34,37.36,17.01,28.63,1.4,20.85
1997-03-09,0.0,27.15,37.06,17.42,39.45,1.55,22.31
1997-03-10,0.0,27.63,37.67,18.88,42.78,1.48,20.06
1997-03-11,0.0,27.92,37.95,19.68,49.97,1.39,19.32
1997-03-12,0.0,27.9,37.79,19.0,53.29,1.81,21.24
1997-03-13,0.0,29.07,38.53,20.72,56.0,2.57,19.93
1997-03-14,0.47,28.64,36.29,22.57,62.7,3.06,14.42
1997-03-15,1.09,29.33,37.61,23.18,58.51,2.71,21.47
1997-03-16,0.77,29.21,37.27,22.89,61.74,3.2,16.19
1997-03-17,0.41,29.67,37.84,22.96,57.16,3.76,19.45
1997-03-18,0.0,29.6,38.34,22.8,49.7,2.79,19.82
1997-03-19,0.1,29.26,37.89,22.41,52.82,3.2,23.27
1997-03-20,0.02,30.05,38.45,23.11,61.19,4.49,17.05
1997-03-21,0.03,29.92,37.64,24.55,61.25,4.11,15.07
1997-03-22,0.53,28.4,35.17,23.91,64.25,2.72,19.58
1997-03-23,12.49,26.04,32.18,22.25,72.79,1.48,16.7
1997-03-24,6.07,25.98,32.78,20.08,67.79,1.68,21.02
1997-03-25,1.72,24.6,28.33,21.46,68.63,1.0,16.07
1997-03-26,0.32,26.61,34.83,19.3,54.9,0.93,19.83
1997-03-27,0.03,26.94,34.59,19.89,51.61,1.09,21.17
1997-03-28,0.0,27.94,36.49,20.59,44.84,1.45,21.16
1997-03-29,0.04,28.7,36.62,21.01,56.83,2.21,18.52
1997-03-30,18.96,25.6,29.44,22.24,73.45,1.49,17.34
1997-03-31,5.09,25.28,31.35,19.54,65.26,1.29,18.94
1997-04-01,7.64,25.25,31.2,19.43,67.1,1.31,20.11
1997-04-02,2.64,26.18,32.27,21.28,70.8,2.29,16.82
1997-04-03,12.78,26.85,32.64,21.35,68.05,1.33,21.45
1997-04-04,3.84,26.41,31.91,20.99,64.02,1.24,20.51
1997-04-05,3.7,26.65,32.78,21.81,58.21,1.27,13.94
1997-04-06,2.37,26.62,33.9,20.47,55.34,1.65,21.59
1997-04-07,0.07,26.83,34.42,19.45,57.81,2.01,18.13
1997-04-08,15.22,24.8,30.32,20.29,67.15,1.62,12.08
1997-04-09,5.78,25.27,32.84,18.33,66.57,1.81,23.17
1997-04-10,0.94,25.98,32.84,20.05,66.1,1.62,23.52
1997-04-11,0.65,25.97,32.15,20.22,63.72,1.05,20.63
1997-04-12,1.74,25.57,31.01,20.33,67.24,1.22,17.79
1997-04-13,2.01,26.18,32.55,19.87,63.73,1.31,22.71
1997-04-14,1.06,27.22,35.12,20.63,64.09,2.54,21.32
1997-04-15,0.32,27.4,34.36,20.82,65.59,1.95,13.51
1997-04-16,4.94,27.92,35.08,21.21,67.4,2.29,24.96
1997-04-17,2.56,28.58,36.09,23.15,65.44,2.06,22.94
1997-04-18,0.07,29.18,37.3,22.09,60.59,2.5,20.26
1997-04-19,0.85,28.57,35.01,22.76,64.03,1.49,20.28
1997-04-20,0.28,28.81,36.8,22.99,61.1,1.72,18.84
1997-04-21,0.63,29.79,37.91,22.89,53.47,1.85,24.04
1997-04-22,0.04,29.86,38.0,22.62,54.58,1.8,19.7
1997-04-23,0.56,29.77,37.36,22.85,54.35,1.14,19.02
1997-04-24,11.89,28.16,33.52,23.03,57.9,1.16,21.93
1997-04-25,1.49,28.51,35.71,22.1,62.07,1.96,15.32
1997-04-26,2.83,27.02,31.08,23.31,68.79,1.84,8.79
1997-04-27,3.36,27.09,31.79,22.31,65.33,1.27,7.68
1997-04-28,10.34,26.71,31.28,22.24,71.4,1.87,10.81
1997-04-29,10.36,27.85,33.06,22.4,70.69,1.53,14.98
1997-04-30,3.27,28.28,32.65,24.27,71.21,1.13,21.26
1997-05-01,0.0,29.81,35.62,23.71,63.9,1.3,22.91
1997-05-02,0.02,28.92,33.4,24.34,66.07,1.39,22.86
1997-05-03,0.13,30.6,36.97,24.67,58.73,1.59,25.03
1997-05-04,0.32,31.32,38.78,24.45,58.21,2.71,24.42
1997-05-05,0.55,31.16,37.18,25.48,61.08,2.93,22.52
1997-05-06,1.77,29.25,32.64,26.11,67.46,2.93,18.59
1997-05-07,0.64,28.52,33.98,24.47,60.09,1.91,10.84
1997-05-08,1.42,29.9,36.77,23.09,52.99,0.96,23.58
1997-05-09,0.12,31.02,38.52,23.53,53.97,1.71,27.65
1997-05-10,1.06,31.29,37.82,25.27,58.8,3.22,20.16
1997-05-11,8.18,30.73,37.41,25.43,63.84,3.12,24.69
1997-05-12,4.73,31.21,39.06,24.82,64.61,3.66,22.41
1997-05-13,2.53,31.73,38.68,25.92,62.2,3.07,22.48
1997-05-14,2.1,31.45,38.7,25.52,60.94,2.15,21.48
1997-05-15,0.18,32.71,41.38,25.21,54.01,2.05,23.23
1997-05-16,0.15,33.1,41.33,25.23,52.54,1.77,20.35
1997-05-17,0.52,31.69,37.42,26.25,57.63,2.06,20.31
1997-05-18,0.1,30.96,35.28,26.64,61.38,1.63,15.27
1997-05-19,3.71,27.26,30.5,23.76,70.62,4.73,9.13
1997-05-20,3.1,30.14,38.51,23.69,65.56,4.25,18.54
1997-05-21,8.99,29.45,33.99,26.02,75.4,4.09,13.41
1997-05-22,14.16,29.18,34.54,25.36,75.44,3.71,18.93
1997-05-23,37.38,27.64,30.75,25.03,86.66,2.95,10.24
1997-05-24,11.27,28.43,33.31,24.32,77.75,2.77,24.17
1997-05-25,7.79,27.4,31.16,24.77,81.89,1.96,25.36
1997-05-26,11.17,27.05,30.72,23.87,86.02,1.94,26.73
1997-05-27,5.59,27.48,30.79,25.1,86.06,3.09,8.42
1997-05-28,4.73,27.78,31.89,24.73,82.8,2.29,21.31
1997-05-29,9.6,27.72,31.82,24.24,84.5,2.05,18.73
1997-05-30,10.22,28.18,32.52,24.9,79.96,2.04,23.17
1997-05-31,3.41,28.18,32.89,24.51,79.83,2.45,21.12
1997-06-01,0.25,28.94,33.38,25.24,77.35,2.84,21.02
1997-06-02,0.73,29.08,33.49,25.19,79.33,2.68,24.36
1997-06-03,34.81,28.22,31.2,25.43,82.27,2.11,21.31
1997-06-04,9.87,28.04,32.11,25.0,83.61,2.68,19.96
1997-06-05,0.98,28.1,31.73,24.61,84.27,2.33,22.65
1997-06-06,2.03,29.25,33.93,25.51,80.01,2.96,20.89
1997-06-07,6.52,28.78,32.58,25.97,82.43,3.52,18.63
1997-06-08,22.9,27.31,29.13,25.67,90.85,3.34,10.06
1997-06-09,19.56,27.03,30.12,25.3,90.41,3.56,13.75
1997-06-10,5.18,26.95,29.18,25.28,90.22,2.77,16.43
1997-06-11,4.09,27.17,29.46,25.29,90.69,2.87,17.71
1997-06-12,2.0,26.74,29.18,24.91,89.05,2.6,20.3
1997-06-13,1.74,26.36,29.1,24.27,90.81,1.91,20.65
1997-06-14,0.54,26.96,29.57,24.76,89.68,2.21,21.69
1997-06-15,0.33,28.06,31.84,25.37,85.53,2.88,20.68
1997-06-16,0.29,28.38,31.49,25.55,86.64,3.13,13.31
1997-06-17,2.19,28.12,30.67,26.05,88.65,2.92,16.84
1997-06-18,1.05,28.02,31.64,25.2,85.06,1.25,16.44
1997-06-19,2.69,28.2,32.26,25.3,83.7,1.25,19.22
1997-06-20,17.97,27.88,31.11,25.95,89.88,2.62,9.47
1997-06-21,11.38,27.8,30.31,26.09,90.89,2.64,11.99
1997-06-22,14.56,28.03,30.79,25.79,87.76,1.58,21.54
1997-06-23,10.97,29.21,33.57,25.67,80.87,1.24,17.74
1997-06-24,5.45,29.34,32.99,26.09,83.38,1.32,17.78
1997-06-25,10.43,29.04,32.47,26.43,86.65,2.52,24.97
1997-06-26,42.17,28.48,30.73,26.36,90.38,3.48,20.06
1997-06-27,10.2,27.82,30.03,26.03,88.63,4.92,10.95
1997-06-28,13.58,27.94,30.69,26.11,89.52,4.67,15.91
1997-06-29,24.36,28.09,30.79,26.23,89.4,4.31,15.44
1997-06-30,38.15,28.32,31.69,26.08,89.59,3.82,11.67
1997-07-01,30.01,28.43,32.05,26.22,90.12,3.55,18.24
1997-07-02,8.27,27.58,30.67,25.95,91.76,3.74,19.25
1997-07-03,8.52,27.94,31.37,25.81,89.15,3.85,17.31
1997-07-04,9.84,27.4,29.54,25.4,92.45,3.04,17.98
1997-07-05,9.17,27.76,29.46,26.34,92.44,3.59,18.9
1997-07-06,4.78,28.18,31.32,26.15,89.26,3.62,20.4
1997-07-07,5.87,28.04,31.29,25.96,89.99,4.09,16.74
1997-07-08,7.49,27.93,29.82,26.38,91.83,4.95,17.64
1997-07-09,9.18,27.73,29.28,26.81,94.16,3.62,6.29
1997-07-10,65.11,27.74,29.41,26.62,94.02,3.07,9.52
1997-07-11,78.62,27.23,28.11,26.21,95.3,2.76,6.95
1997-07-12,65.73,27.19,28.81,26.05,93.83,2.94,8.43
1997-07-13,48.44,27.51,30.15,25.62,92.79,2.68,14.58
1997-07-14,19.29,28.13,30.97,25.97,89.55,2.15,15.56
1997-07-15,6.16,27.54,29.58,25.99,92.95,1.8,18.16
1997-07-16,3.39,27.49,29.22,26.15,95.01,1.83,17.91
1997-07-17,4.81,27.23,29.17,25.59,94.44,2.43,18.42
1997-07-18,1.46,26.96,28.69,25.2,94.99,3.17,19.88
1997-07-19,0.62,27.09,29.34,25.56,93.7,2.95,16.68
1997-07-20,8.1,27.38,29.06,26.22,93.65,3.64,9.85
1997-07-21,37.95,26.83,28.64,25.41,94.38,3.16,7.65
1997-07-22,29.74,27.51,29.92,25.87,93.59,1.91,19.28
1997-07-23,10.15,27.07,28.68,25.74,93.62,1.72,22.89
1997-07-24,0.64,28.1,31.4,25.46,90.05,1.34,25.11
1997-07-25,0.5,27.53,29.5,25.83,92.11,1.47,17.9
1997-07-26,28.53,28.07,31.07,25.61,90.31,1.02,22.92
1997-07-27,29.44,28.29,31.36,25.78,89.37,1.2,20.74
1997-07-28,12.23,28.5,32.33,25.53,89.21,2.16,26.41
1997-07-29,60.94,28.1,31.12,26.11,91.82,2.72,18.67
1997-07-30,25.07,27.89,30.42,25.52,91.28,4.17,19.54
1997-07-31,7.51,27.82,31.04,25.67,91.83,4.07,15.59
1997-08-01,8.92,27.93,30.14,25.84,93.66,2.21,15.56
1997-08-02,7.37,28.59,31.66,26.25,89.63,1.99,16.27
1997-08-03,9.38,28.62,32.05,25.89,91.43,3.13,16.84
1997-08-04,3.41,29.49,32.94,26.99,88.72,1.92,18.91
1997-08-05,16.57,27.67,31.13,25.49,89.23,4.59,19.77
1997-08-06,3.04,27.14,30.54,25.08,90.03,3.54,19.35
1997-08-07,4.78,27.09,29.8,24.83,91.47,2.1,19.65
1997-08-08,1.19,28.22,31.62,25.41,89.53,1.95,17.92
1997-08-09,1.78,28.06,30.62,26.25,92.02,1.64,10.41
1997-08-10,8.1,27.07,29.0,25.62,94.26,2.25,13.4
1997-08-11,7.71,27.14,29.87,25.46,93.1,2.49,10.0
1997-08-12,9.17,27.24,29.19,25.72,93.27,2.02,10.77
1997-08-13,9.29,27.42,29.43,26.08,94.63,2.61,12.61
1997-08-14,23.72,26.85,28.38,25.61,93.38,2.75,10.95
1997-08-15,14.95,27.45,30.4,24.97,91.41,2.59,18.59
1997-08-16,2.51,27.81,31.03,25.43,90.22,2.13,18.61
1997-08-17,1.18,27.52,30.45,25.35,91.75,1.72,18.6
1997-08-18,0.19,28.01,32.61,24.69,88.74,2.07,24.03
1997-08-19,0.06,27.31,29.68,25.49,90.0,1.89,22.65
1997-08-20,10.0,26.86,29.68,25.21,90.22,2.51,20.79
1997-08-21,2.82,26.87,30.72,24.25,88.67,2.71,19.58
1997-08-22,1.59,26.46,30.1,23.82,89.33,2.13,17.6
1997-08-23,7.74,27.15,30.17,24.33,89.05,1.12,17.82
1997-08-24,4.37,27.38,30.05,25.05,90.21,1.06,19.54
1997-08-25,0.25,28.02,30.69,25.08,89.16,1.16,17.87
1997-08-26,0.08,27.68,29.89,25.98,93.11,1.74,19.51
1997-08-27,0.16,28.6,32.86,25.73,88.94,1.22,23.04
1997-08-28,9.65,27.82,30.31,25.95,91.44,2.84,17.04
1997-08-29,15.79,26.94,28.92,25.73,93.96,3.25,13.29
1997-08-30,10.58,26.81,28.68,25.15,93.67,3.34,6.47
1997-08-31,11.04,26.63,29.03,24.93,92.89,2.91,12.99
1997-09-01,1.92,27.26,31.05,24.17,89.36,2.79,20.0
1997-09-02,5.66,27.09,29.66,25.09,92.46,2.41,19.33
1997-09-03,3.93,27.06,28.76,25.62,91.72,1.82,17.91
1997-09-04,21.5,27.07,29.92,24.73,91.56,1.41,15.86
1997-09-05,56.81,26.77,28.5,25.38,95.0,2.14,10.09
1997-09-06,34.45,26.44,28.0,25.52,94.49,2.45,12.22
1997-09-07,14.11,27.19,30.79,25.23,91.99,2.27,20.91
1997-09-08,1.73,26.28,28.49,24.51,94.15,2.63,18.69
1997-09-09,1.24,27.01,30.84,23.69,88.26,1.57,22.16
1997-09-10,1.59,27.13,31.05,23.86,87.92,1.32,21.53
1997-09-11,10.35,26.86,29.99,24.26,89.9,1.8,18.23
1997-09-12,27.7,26.51,29.1,24.76,92.63,2.15,13.94
1997-09-13,15.84,26.62,29.92,24.38,91.01,2.42,8.82
1997-09-14,4.47,26.33,28.87,24.63,92.95,2.53,18.17
1997-09-15,8.36,26.62,29.14,24.56,93.86,1.79,16.09
1997-09-16,5.54,26.72,28.84,24.99,93.28,1.33,14.97
1997-09-17,1.22,26.98,29.33,24.83,90.22,0.73,16.8
1997-09-18,1.71,27.05,30.44,24.88,91.4,1.87,18.15
1997-09-19,3.03,27.22,30.34,24.97,90.68,1.81,14.69
1997-09-20,4.81,27.71,30.57,24.79,85.96,0.84,9.43
1997-09-21,4.41,27.76,31.36,24.4,85.56,1.11,20.82
1997-09-22,10.14,27.41,31.04,24.71,88.46,1.38,13.21
1997-09-23,11.06,26.16,28.43,24.59,92.65,1.76,15.56
1997-09-24,4.03,26.09,28.85,23.65,89.37,1.13,20.6
1997-09-25,1.29,26.12,28.74,23.83,91.81,1.63,14.62
1997-09-26,16.89,25.38,26.71,24.0,94.03,3.02,7.25
1997-09-27,10.59,22.29,24.26,20.01,93.29,5.26,8.78
1997-09-28,2.22,25.25,30.71,19.5,82.52,0.8,20.88
1997-09-29,15.53,26.13,30.38,22.68,89.57,1.44,8.85
1997-09-30,8.87,25.3,27.85,23.11,92.61,1.84,11.38
1997-10-01,15.24,24.78,28.06,21.86,92.8,1.96,17.59
1997-10-02,0.97,26.31,30.34,22.01,80.86,0.92,22.53
1997-10-03,0.05,25.57,29.94,20.97,80.39,1.12,21.72
1997-10-04,0.0,25.46,29.95,20.85,80.68,1.23,21.89
1997-10-05,0.0,25.83,30.59,20.83,78.51,1.08,20.76
1997-10-06,0.02,26.04,30.82,21.43,82.22,1.17,21.1
1997-10-07,3.54,26.84,30.95,23.02,83.16,0.84,16.37
1997-10-08,11.63,27.03,30.92,24.0,86.83,0.83,13.06
1997-10-09,4.94,26.64,29.79,24.01,85.4,0.82,10.65
1997-10-10,0.05,26.75,30.41,23.22,80.04,0.74,16.43
1997-10-11,0.0,26.07,29.91,22.83,79.87,1.1,19.83
1997-10-12,0.03,25.48,29.76,20.53,80.96,1.21,19.7
1997-10-13,0.03,25.94,29.94,21.41,79.85,1.02,19.71
1997-10-14,0.0,25.22,29.39,21.27,82.26,1.32,20.17
1997-10-15,0.0,24.31,28.98,19.81,80.94,1.4,19.87
1997-10-16,0.0,24.5,28.81,19.45,78.23,1.34,19.79
1997-10-17,0.0,24.44,29.22,20.18,79.6,1.4,19.99
1997-10-18,0.0,23.65,28.79,19.03,80.13,1.31,19.47
1997-10-19,0.0,23.51,28.63,18.74,82.86,1.33,19.14
1997-10-20,0.0,24.42,29.73,19.24,81.24,1.05,18.91
1997-10-21,0.0,24.58,29.24,20.01,78.98,1.12,20.11
1997-10-22,0.0,24.23,28.79,20.58,79.7,1.09,19.31
1997-10-23,0.0,24.02,27.82,20.21,83.35,1.39,19.7
1997-10-24,0.0,24.07,29.35,19.81,83.12,1.25,14.69
1997-10-25,0.0,23.94,28.93,19.84,83.07,1.34,15.55
1997-10-26,0.0,23.01,28.28,18.16,83.03,1.59,19.7
1997-10-27,0.0,23.16,28.31,17.59,72.9,0.78,19.5
1997-10-28,0.0,23.19,27.09,19.89,72.79,0.77,18.14
1997-10-29,0.0,22.57,26.82,17.67,73.29,0.79,16.17
1997-10-30,0.0,22.36,25.61,18.87,80.28,0.76,8.25
1997-10-31,0.0,23.18,28.01,18.13,82.4,1.22,20.04
1997-11-01,0.0,24.14,28.49,19.56,78.07,0.79,20.13
1997-11-02,0.0,23.29,28.35,18.76,81.85,1.34,20.11
1997-11-03,0.0,22.9,28.16,17.72,80.16,1.43,19.72
1997-11-04,0.0,23.85,28.91,18.23,79.48,1.16,18.08
1997-11-05,0.0,24.1,29.92,19.27,81.32,1.14,17.44
1997-11-06,0.0,25.07,29.86,20.27,77.95,0.97,18.58
1997-11-07,3.91,25.9,29.8,21.06,77.27,0.77,19.65
1997-11-08,0.87,25.65,29.65,22.15,74.62,0.66,18.23
1997-11-09,0.08,25.02,28.87,20.92,72.04,0.65,17.06
1997-11-10,1.85,24.36,29.0,20.64,75.94,0.68,17.82
1997-11-11,4.6,23.44,28.17,19.88,82.56,0.64,16.43
1997-11-12,1.35,24.27,28.5,19.79,82.31,0.83,17.14
1997-11-13,0.67,23.94,28.42,19.81,80.61,0.86,12.92
1997-11-14,0.05,22.94,27.66,18.58,79.46,1.01,16.91
1997-11-15,0.0,21.27,26.07,16.44,75.54,1.4,17.95
1997-11-16,0.0,20.88,26.07,15.89,76.93,1.32,14.8
1997-11-17,0.0,21.14,26.03,17.14,74.24,0.98,15.86
1997-11-18,0.0,20.8,25.77,16.52,75.04,0.8,17.42
1997-11-19,0.18,20.88,26.76,16.33,81.0,0.87,16.9
1997-11-20,0.27,21.51,26.46,16.57,80.43,0.72,12.95
1997-11-21,0.01,21.9,27.28,17.95,81.33,1.29,17.41
1997-11-22,0.0,20.96,26.83,15.81,76.79,1.29,17.81
1997-11-23,0.0,21.77,26.61,16.11,67.48,0.96,17.58
1997-11-24,0.0,22.06,27.04,16.46,75.78,0.9,16.43
1997-11-25,0.0,23.41,27.54,18.89,76.26,0.74,16.26
1997-11-26,0.0,22.82,27.81,17.79,81.09,0.82,15.35
1997-11-27,0.0,23.41,27.62,18.48,78.05,0.68,16.53
1997-11-28,0.0,22.52,27.35,18.39,78.73,1.13,15.18
1997-11-29,0.0,20.55,25.89,15.34,73.83,1.33,15.82
1997-11-30,0.0,20.04,24.6,16.22,73.86,0.92,15.6
1997-12-01,0.19,20.56,26.19,16.13,81.77,1.19,7.29
1997-12-02,0.0,20.72,26.28,16.61,81.14,1.21,16.13
1997-12-03,0.0,19.8,25.61,14.25,77.91,1.23,16.61
1997-12-04,0.0,19.33,24.35,15.64,72.85,0.83,11.95
1997-12-05,0.0,19.97,25.64,14.55,71.52,1.08,16.55
1997-12-06,0.0,19.26,26.27,13.47,75.9,1.59,16.79
1997-12-07,0.0,19.59,26.41,13.82,69.61,1.3,17.16
1997-12-08,0.0,20.07,26.01,14.51,69.53,1.16,16.74
1997-12-09,0.0,19.02,23.93,16.05,78.73,1.49,9.09
1997-12-10,13.2,17.87,20.27,15.87,91.09,1.65,6.58
1997-12-11,0.18,18.54,24.16,14.26,83.22,1.71,10.65
1997-12-12,0.0,18.21,23.41,12.29,75.53,1.17,13.87
1997-12-13,0.0,18.26,23.96,13.37,77.01,0.89,11.5
1997-12-14,0.98,18.52,23.06,13.96,84.54,1.12,4.72
1997-12-15,0.01,19.17,24.1,14.76,80.1,0.81,14.15
1997-12-16,0.0,17.91,24.56,11.99,76.46,1.29,15.39
1997-12-17,0.0,18.43,24.61,12.02,72.65,1.01,16.2
1997-12-18,0.0,18.11,24.56,12.04,73.26,1.01,16.32
1997-12-19,0.0,17.42,24.76,11.92,73.87,1.08,11.87
1997-12-20,0.0,16.68,23.19,12.09,71.6,1.04,9.2
1997-12-21,0.0,15.3,22.44,9.68,71.85,1.45,13.66
1997-12-22,0.0,15.03,22.42,8.29,74.68,1.34,11.05
1997-12-23,0.0,16.52,23.0,10.39,69.46,1.1,9.98
1997-12-24,0.0,15.92,22.77,9.98,69.68,1.36,9.02
1997-12-25,0.0,15.46,23.04,9.09,69.34,1.4,11.38
1997-12-26,0.0,16.36,23.92,9.81,68.2,1.34,16.52
1997-12-27,0.0,16.84,24.38,11.08,63.41,1.14,15.17
1997-12-28,0.0,17.59,24.58,10.37,63.55,1.2,16.1
1997-12-29,0.0,17.74,25.28,12.47,66.03,1.31,16.05
1997-12-30,0.0,17.63,24.95,11.1,66.13,1.27,16.44
1997-12-31,0.0,19.18,25.99,14.41,66.91,1.36,13.49
1998-01-01,0.0,16.78,24.07,11.64,71.22,1.68,13.78
1998-01-02,0.0,15.06,23.16,9.04,69.47,1.63,13.59
1998-01-03,0.0,14.43,23.11,7.43,67.64,1.38,13.98
1998-01-04,0.0,15.48,24.01,8.35,65.6,1.56,11.56
1998-01-05,0.0,16.45,23.91,9.2,62.68,1.1,12.01
1998-01-06,0.0,16.57,23.34,9.52,58.19,0.81,14.54
1998-01-07,0.0,15.99,23.69,9.72,63.16,1.34,16.64
1998-01-08,0.0,15.85,23.57,10.39,61.85,1.2,16.03
1998-01-09,0.0,15.3,23.43,9.02,63.34,1.48,16.87
1998-01-10,0.0,14.87,23.11,8.76,64.44,1.59,8.76
1998-01-11,0.0,15.48,23.41,9.51,61.84,1.2,8.52
1998-01-12,0.0,16.6,23.3,9.91,56.61,0.95,13.66
1998-01-13,0.0,16.99,25.69,9.36,67.9,1.65,14.76
1998-01-14,0.0,18.96,26.57,12.67,71.42,1.4,14.53
1998-01-15,0.0,17.78,24.5,12.75,54.46,1.3,15.36
1998-01-16,0.0,17.26,25.39,9.83,64.63,1.47,15.22
1998-01-17,0.0,19.37,26.8,11.24,68.76,0.82,13.6
1998-01-18,3.2,18.84,26.08,13.0,72.56,0.97,7.17
1998-01-19,7.7,18.76,24.43,14.86,72.5,1.35,7.72
1998-01-20,4.71,18.44,25.67,11.93,57.66,1.25,13.04
1998-01-21,5.12,14.43,17.04,12.48,78.89,1.68,3.56
1998-01-22,0.44,15.0,22.61,9.21,72.76,1.48,14.58
1998-01-23,0.0,15.48,23.49,8.63,62.2,1.16,16.83
1998-01-24,0.0,15.73,23.6,9.08,62.89,1.25,17.66
1998-01-25,0.0,17.14,25.17,9.61,55.58,1.4,18.85
1998-01-26,0.01,18.14,26.43,12.11,52.68,1.32,13.88
1998-01-27,0.04,18.82,27.16,11.93,55.07,1.25,13.51
1998-01-28,0.23,19.27,27.13,13.97,59.46,1.54,9.95
1998-01-29,0.03,20.52,29.01,13.99,58.02,1.24,17.32
1998-01-30,0.0,20.97,27.96,14.75,63.74,1.64,18.92
1998-01-31,0.0,19.87,27.08,13.64,62.14,1.62,16.2
1998-02-01,0.0,18.93,26.64,12.63,59.0,1.29,18.96
1998-02-02,0.0,19.56,28.32,12.65,58.02,1.51,19.25
1998-02-03,0.0,21.01,28.34,13.41,50.89,1.28,17.12
1998-02-04,0.1,21.85,29.38,15.18,54.67,1.23,11.79
1998-02-05,0.4,20.54,28.26,14.55,50.07,1.65,19.51
1998-02-06,0.0,17.51,26.56,10.39,47.88,1.57,19.48
1998-02-07,0.0,18.28,26.43,12.61,39.55,1.32,8.8
1998-02-08,0.0,17.7,27.15,10.21,52.44,1.57,19.91
1998-02-09,0.0,18.34,27.31,12.32,45.36,1.7,20.57
1998-02-10,0.0,18.38,28.38,10.61,46.48,1.62,20.61
1998-02-11,0.0,19.56,29.18,11.34,44.87,1.32,20.6
1998-02-12,0.0,20.96,28.79,13.51,37.12,0.97,19.48
1998-02-13,0.0,21.24,29.04,12.62,42.51,0.91,18.2
1998-02-14,0.0,21.58,29.28,13.4,39.67,1.0,19.34
1998-02-15,0.0,21.4,30.38,13.63,45.01,1.3,20.33
1998-02-16,0.0,22.12,31.16,13.82,65.97,1.95,17.92
1998-02-17,2.52,24.25,32.4,17.33,67.69,2.24,15.86
1998-02-18,0.16,24.02,31.51,17.37,70.24,2.07,6.83
1998-02-19,7.51,24.11,29.66,20.25,74.75,2.34,13.44
1998-02-20,6.22,21.74,27.07,17.53,81.76,1.72,16.65
1998-02-21,0.0,22.93,31.12,14.64,53.79,1.52,18.57
1998-02-22,0.01,23.55,30.38,15.56,39.06,0.82,14.83
1998-02-23,0.13,23.12,31.19,15.4,47.6,1.01,19.14
1998-02-24,0.0,24.06,31.91,15.91,47.39,1.29,19.32
1998-02-25,3.93,25.22,33.18,17.93,57.01,1.17,17.88
1998-02-26,4.52,24.45,29.73,20.04,77.64,1.85,10.01
1998-02-27,2.65,24.79,29.01,20.63,73.17,1.28,14.73
1998-02-28,0.0,22.76,31.31,15.73,44.78,1.82,21.14
1998-03-01,0.0,21.63,30.5,14.78,40.22,1.88,19.19
1998-03-02,0.0,21.57,29.93,13.81,38.21,1.68,19.32
1998-03-03,0.0,21.41,30.44,13.44,35.12,1.51,19.23
1998-03-04,0.0,23.05,31.81,15.15,33.07,1.44,20.84
1998-03-05,0.0,24.58,33.4,16.4,37.12,1.37,19.94
1998-03-06,0.19,25.21,33.6,16.13,54.6,1.24,19.12
1998-03-07,8.76,24.56,31.85,19.49,69.9,2.66,13.7
1998-03-08,1.09,23.9,30.67,18.84,47.31,2.03,22.83
1998-03-09,0.0,22.28,30.67,14.22,31.19,1.32,21.12
1998-03-10,0.0,22.5,32.24,14.52,46.53,1.74,21.62
1998-03-11,0.0,24.59,34.53,15.9,60.12,2.05,19.05
1998-03-12,0.78,26.41,34.59,18.59,54.1,1.46,17.35
1998-03-13,0.28,25.79,32.69,18.27,55.33,1.08,16.7
1998-03-14,2.64,25.39,30.15,21.73,65.1,1.65,17.54
1998-03-15,0.0,24.63,33.38,16.7,45.27,1.69,21.21
1998-03-16,0.0,24.26,33.85,15.03,35.39,1.68,22.41
1998-03-17,0.0,25.22,34.96,15.58,32.58,1.72,21.17
1998-03-18,0.0,26.38,34.47,17.06,35.55,1.81,23.42
1998-03-19,0.0,26.22,33.8,17.7,46.71,1.85,20.75
1998-03-20,0.0,26.7,35.76,18.09,39.58,1.95,22.54
1998-03-21,0.0,27.8,35.96,19.31,45.9,1.8,19.03
1998-03-22,10.58,27.9,36.65,20.64,65.6,3.17,19.38
1998-03-23,22.84,27.44,33.38,24.24,81.74,3.37,4.75
1998-03-24,25.2,25.68,30.02,23.24,82.35,4.17,3.52
1998-03-25,6.06,25.47,31.15,21.33,75.08,1.59,12.98
1998-03-26,0.02,25.19,32.87,17.65,52.14,1.31,22.61
1998-03-27,0.0,25.0,32.96,16.63,43.41,1.33,22.85
1998-03-28,0.0,25.48,33.88,17.3,44.39,1.36,22.59
1998-03-29,0.0,26.77,34.93,18.33,43.68,0.9,23.17
1998-03-30,10.62,23.46,28.98,20.11,74.6,1.32,7.91
1998-03-31,0.02,23.7,30.34,16.84,67.78,1.45,21.92
1998-04-01,0.0,25.71,34.44,17.41,50.43,1.65,22.93
1998-04-02,0.0,26.87,35.38,19.57,42.03,1.22,23.67
1998-04-03,0.0,26.93,35.64,20.09,44.87,1.12,22.03
1998-04-04,0.0,26.61,36.05,18.19,53.58,1.32,21.56
1998-04-05,0.0,27.56,36.21,19.49,58.45,1.73,22.24
1998-04-06,49.15,26.98,32.1,21.85,76.6,1.85,12.13
1998-04-07,10.09,26.49,31.84,21.98,78.39,1.44,19.02
1998-04-08,2.39,26.93,33.09,21.36,74.92,1.55,16.33
1998-04-09,2.44,27.17,32.64,22.78,77.6,1.82,20.49
1998-04-10,0.72,28.26,35.19,23.11,72.06,3.31,22.55
1998-04-11,0.96,29.09,36.23,23.36,72.79,3.24,22.45
1998-04-12,0.43,29.88,37.16,24.42,70.52,3.36,21.01
1998-04-13,0.07,30.23,37.68,24.06,67.69,2.68,19.29
1998-04-14,0.56,30.09,37.4,24.89,64.11,2.13,21.41
1998-04-15,0.9,31.15,38.92,24.47,61.1,1.39,17.51
1998-04-16,0.87,31.0,38.39,24.1,54.44,1.44,8.5
1998-04-17,0.75,30.28,36.31,25.8,53.27,1.02,16.45
1998-04-18,2.03,29.31,36.16,22.74,60.21,1.43,22.92
1998-04-19,5.49,29.13,35.02,23.68,66.05,1.76,18.27
1998-04-20,11.8,28.28,34.11,23.43,73.72,2.15,18.5
1998-04-21,18.54,27.68,32.19,24.23,81.96,3.96,13.96
1998-04-22,42.59,27.5,31.02,25.17,86.83,4.04,11.27
1998-04-23,42.09,27.38,30.96,24.54,87.37,2.92,17.62
1998-04-24,8.04,26.46,30.37,23.47,85.4,1.4,15.61
1998-04-25,0.23,26.28,30.66,22.64,85.02,1.26,24.8
1998-04-26,8.02,27.43,32.0,23.16,80.58,0.82,23.02
1998-04-27,1.02,27.75,32.46,23.47,78.75,1.13,16.07
1998-04-28,3.23,27.62,32.27,23.51,80.66,1.3,21.85
1998-04-29,1.85,26.92,30.58,24.16,86.21,1.39,19.32
1998-04-30,0.0,28.14,33.8,23.27,79.26,2.61,22.22
1998-05-01,3.58,28.05,32.39,24.0,81.54,2.38,23.35
1998-05-02,10.42,28.02,32.41,23.52,79.22,1.48,9.85
1998-05-03,2.48,27.85,32.79,24.0,77.84,1.1,13.1
1998-05-04,8.06,27.71,32.62,23.33,79.54,1.04,23.72
1998-05-05,11.4,26.19,29.33,24.07,88.61,1.69,8.53
1998-05-06,22.71,24.96,27.59,23.11,90.8,1.98,17.93
1998-05-07,5.54,27.11,31.63,22.27,80.28,1.16,19.54
1998-05-08,17.3,28.02,32.41,23.77,82.42,1.28,16.53
1998-05-09,0.0,28.75,33.54,24.21,78.47,1.6,22.28
1998-05-10,6.4,29.16,33.92,24.15,77.43,1.05,20.27
1998-05-11,0.48,29.15,32.79,24.95,71.27,0.95,17.9
1998-05-12,0.0,29.42,34.51,24.09,62.52,1.31,26.57
1998-05-13,0.0,29.27,35.78,22.63,64.18,0.96,26.59
1998-05-14,0.0,30.67,36.22,24.18,57.73,0.82,26.62
1998-05-15,0.97,29.96,35.67,24.53,71.14,1.22,18.49
1998-05-16,23.73,29.51,33.4,24.85,76.19,0.95,17.3
1998-05-17,3.83,28.49,32.87,24.29,79.56,1.14,25.56
1998-05-18,0.34,28.71,32.89,25.18,80.07,1.21,20.92
1998-05-19,16.34,27.45,29.85,25.27,85.28,2.97,15.24
1998-05-20,13.39,25.98,28.94,23.54,89.86,4.12,12.99
1998-05-21,17.17,27.96,30.1,25.59,91.93,3.29,14.52
1998-05-22,7.75,28.38,30.75,26.57,90.94,3.35,22.71
1998-05-23,2.69,28.87,31.91,26.5,87.57,3.54,22.77
1998-05-24,35.61,28.65,31.73,26.31,89.39,3.35,9.88
1998-05-25,23.71,28.25,31.7,25.87,89.96,2.05,10.9
1998-05-26,29.57,27.78,30.6,25.45,91.32,2.7,8.78
1998-05-27,26.06,28.69,32.17,26.47,88.96,3.06,7.77
1998-05-28,46.14,28.7,32.25,26.22,89.28,2.91,10.86
1998-05-29,30.26,29.29,33.08,26.73,89.52,2.6,12.27
1998-05-30,1.4,29.32,33.01,26.34,89.39,3.18,20.73
1998-05-31,6.83,28.97,32.34,26.89,89.09,3.94,21.1
1998-06-01,12.27,28.57,31.74,26.24,89.92,3.47,21.79
1998-06-02,9.81,28.75,31.78,26.98,89.94,3.32,21.11
1998-06-03,13.01,28.4,31.79,26.42,90.53,2.99,10.19
1998-06-04,3.93,28.26,31.41,25.99,90.87,2.49,21.23
1998-06-05,0.45,27.69,30.45,25.69,87.95,2.88,21.24
1998-06-06,0.51,27.89,30.59,25.71,90.44,3.5,20.84
1998-06-07,0.78,28.32,31.55,26.06,88.48,4.14,19.78
1998-06-08,4.14,28.23,31.22,25.48,89.04,4.42,15.77
1998-06-09,3.34,28.59,30.78,27.08,91.09,4.35,11.57
1998-06-10,5.95,28.82,31.01,27.33,92.32,4.0,17.36
1998-06-11,5.57,28.7,31.65,26.58,89.13,2.65,20.39
1998-06-12,0.79,28.0,30.56,26.2,90.26,1.86,20.97
1998-06-13,5.88,28.57,31.63,26.64,90.93,1.94,21.75
1998-06-14,2.62,29.45,33.7,26.38,86.58,1.93,25.54
1998-06-15,3.53,28.6,31.24,26.93,90.75,2.55,25.44
1998-06-16,2.98,28.07,30.7,26.48,91.87,2.1,21.89
1998-06-17,3.07,28.07,30.67,26.17,89.67,2.42,22.62
1998-06-18,3.15,28.41,31.7,25.94,88.75,2.67,23.81
1998-06-19,1.49,28.39,31.17,26.49,91.01,2.56,18.4
1998-06-20,2.35,28.57,31.18,26.47,90.4,2.7,23.88
1998-06-21,3.63,28.06,30.27,26.43,91.97,3.21,13.24
1998-06-22,4.19,28.18,30.96,25.58,91.4,4.14,19.44
1998-06-23,6.8,29.05,32.47,26.92,88.91,4.33,19.27
1998-06-24,7.51,28.31,29.76,27.03,92.02,3.15,17.48
1998-06-25,4.99,28.33,30.8,26.9,91.47,3.12,17.27
1998-06-26,2.79,28.49,31.17,26.58,90.36,3.23,18.25
1998-06-27,3.1,28.96,31.78,27.19,90.0,3.13,20.77
1998-06-28,1.74,28.49,30.71,26.96,91.9,2.66,18.1
1998-06-29,1.14,28.79,32.45,26.46,88.19,1.92,16.65
1998-06-30,0.76,29.02,33.25,26.0,87.1,2.13,16.28
1998-07-01,2.82,28.55,32.71,26.91,91.19,1.67,13.28
1998-07-02,3.89,27.8,30.16,26.51,92.72,2.75,16.72
1998-07-03,34.77,28.24,30.85,26.54,90.61,4.38,19.13
1998-07-04,39.51,28.08,30.08,26.58,92.59,4.03,13.88
1998-07-05,22.87,27.94,29.64,26.86,93.3,4.0,9.37
1998-07-06,34.96,28.04,30.08,26.9,92.16,4.01,10.96
1998-07-07,7.31,28.16,30.92,26.54,91.31,3.54,13.97
1998-07-08,2.8,28.0,30.86,25.97,89.94,4.35,19.25
1998-07-09,5.62,27.89,31.7,25.22,89.61,3.31,20.22
1998-07-10,9.13,27.85,30.16,26.27,90.83,4.09,14.08
1998-07-11,13.21,27.76,29.66,26.65,93.01,4.29,9.48
1998-07-12,34.67,27.68,29.46,26.01,93.75,3.69,6.9
1998-07-13,44.08,27.33,28.89,26.01,94.92,2.92,3.67
1998-07-14,39.63,28.05,30.98,26.09,91.81,2.63,7.52
1998-07-15,33.05,27.33,28.91,26.18,94.16,3.18,7.09
1998-07-16,18.14,27.47,29.82,25.77,93.2,2.9,15.66
1998-07-17,17.42,27.58,30.04,25.72,92.95,2.68,11.0
1998-07-18,9.53,27.42,29.93,25.98,93.56,3.57,10.25
1998-07-19,5.78,27.33,30.11,25.27,90.57,3.36,16.78
1998-07-20,35.67,27.15,29.55,25.16,91.82,3.37,18.98
1998-07-21,58.5,28.02,30.64,25.79,92.08,3.25,4.02
1998-07-22,51.44,28.25,30.97,26.28,92.59,3.11,9.66
1998-07-23,17.85,27.92,30.2,26.5,93.44,3.4,8.93
1998-07-24,7.97,27.62,29.76,25.99,93.19,3.5,14.52
1998-07-25,3.93,28.28,31.57,25.54,90.92,2.76,18.23
1998-07-26,1.55,28.43,31.88,26.08,91.7,2.16,18.99
1998-07-27,10.07,27.74,29.62,26.4,93.47,1.6,16.62
1998-07-28,9.26,28.37,31.7,26.29,91.38,2.33,20.95
1998-07-29,2.34,27.73,29.86,26.23,93.46,1.64,21.82
1998-07-30,0.99,27.96,31.43,25.83,91.17,2.23,19.99
1998-07-31,0.17,28.21,31.34,25.8,90.92,1.94,20.42
1998-08-01,2.63,28.09,30.21,26.47,91.89,2.46,19.9
1998-08-02,18.11,27.68,29.59,26.39,93.62,3.44,13.26
1998-08-03,35.55,27.83,29.97,26.58,93.04,3.12,13.1
1998-08-04,11.29,27.93,30.14,26.41,93.3,3.09,17.84
1998-08-05,10.57,27.72,30.13,26.48,93.63,2.75,19.57
1998-08-06,9.52,27.67,29.47,26.2,93.7,4.14,21.14
1998-08-07,2.18,28.14,31.71,25.51,90.79,3.02,21.01
1998-08-08,2.92,28.51,31.34,26.72,91.1,2.44,17.29
1998-08-09,4.92,27.68,30.24,25.92,93.56,2.03,12.94
1998-08-10,5.24,28.02,31.75,26.04,90.87,3.24,19.5
1998-08-11,17.48,27.32,29.61,26.05,93.19,4.01,10.7
1998-08-12,38.27,27.43,30.28,25.84,93.18,4.01,12.44
1998-08-13,38.46,27.57,30.12,26.16,93.08,4.11,9.5
1998-08-14,28.62,27.61,30.33,26.01,92.87,4.34,12.13
1998-08-15,8.24,27.59,30.82,25.73,91.9,3.22,15.51
1998-08-16,10.01,27.18,29.41,25.65,93.39,3.08,16.24
1998-08-17,16.1,27.37,29.32,25.83,93.61,3.06,7.52
1998-08-18,16.85,27.58,30.39,25.48,92.46,2.43,17.0
1998-08-19,4.87,27.53,30.56,25.39,91.01,1.96,19.65
1998-08-20,0.62,28.57,32.16,24.85,84.55,0.88,19.13
1998-08-21,0.34,28.95,31.54,25.61,83.33,0.66,22.06
1998-08-22,1.04,28.33,30.77,26.06,87.93,0.81,10.01
1998-08-23,9.19,27.73,29.97,25.81,92.73,1.69,17.55
1998-08-24,14.36,27.36,28.75,26.25,94.8,1.96,18.3
1998-08-25,21.31,26.95,28.38,26.02,95.84,2.65,12.34
1998-08-26,13.25,26.94,28.76,25.64,94.66,2.68,13.99
1998-08-27,6.72,27.58,30.04,25.79,92.42,2.88,15.53
1998-08-28,21.92,27.48,29.97,25.64,92.51,2.89,16.28
1998-08-29,34.53,27.57,29.64,25.47,93.67,2.37,8.6
1998-08-30,14.01,28.07,30.84,26.17,93.13,2.63,16.24
1998-08-31,6.6,27.94,29.98,26.56,93.44,3.04,9.82
1998-09-01,2.08,27.8,30.61,26.14,92.07,3.6,19.02
1998-09-02,2.82,27.56,30.15,26.08,92.88,3.61,16.32
1998-09-03,2.18,27.8,30.77,25.94,91.16,2.9,17.17
1998-09-04,6.74,27.55,30.48,25.74,91.59,2.18,12.99
1998-09-05,5.56,26.84,28.67,25.36,95.19,1.74,12.67
1998-09-06,1.07,26.8,28.91,25.28,93.31,1.16,11.6
1998-09-07,3.84,25.73,28.77,23.76,92.63,2.2,10.9
1998-09-08,5.84,25.23,28.4,23.39,93.95,2.51,12.7
1998-09-09,11.09,25.64,27.83,23.95,94.49,3.09,14.48
1998-09-10,6.21,25.98,28.22,24.12,94.39,2.3,18.25
1998-09-11,5.58,27.0,30.44,24.61,90.77,2.55,20.19
1998-09-12,2.43,27.43,31.38,24.27,89.03,1.51,22.08
1998-09-13,3.09,27.13,30.92,24.56,88.81,1.29,21.08
1998-09-14,2.14,27.68,31.68,24.02,87.35,0.97,20.34
1998-09-15,0.64,28.48,32.42,25.11,85.06,0.7,21.96
1998-09-16,3.92,28.45,31.99,25.05,87.29,1.04,10.01
1998-09-17,20.3,27.61,29.42,26.26,91.69,1.31,19.56
1998-09-18,0.87,28.7,32.5,25.75,86.4,1.04,21.0
1998-09-19,2.87,28.49,31.28,25.78,87.49,0.94,16.89
1998-09-20,6.39,27.19,28.93,26.02,92.43,0.85,10.62
1998-09-21,4.59,28.11,31.43,25.05,84.22,0.64,19.8
1998-09-22,0.97,28.18,31.53,25.31,86.58,0.85,20.05
1998-09-23,2.48,28.67,32.81,25.3,85.54,0.67,20.86
1998-09-24,1.46,28.98,32.87,25.71,85.42,0.78,17.72
1998-09-25,0.36,29.32,32.78,26.14,85.14,0.78,22.41
1998-09-26,0.16,28.96,32.44,26.07,87.51,1.32,23.16
1998-09-27,1.94,29.14,31.53,25.95,84.18,0.85,15.55
1998-09-28,2.75,28.48,32.38,26.08,85.13,0.71,17.88
1998-09-29,7.55,28.5,31.83,25.48,82.3,0.47,19.76
1998-09-30,4.9,28.3,31.58,24.92,82.35,0.82,14.39
1998-10-01,0.96,28.06,31.22,25.29,81.66,0.8,20.68
1998-10-02,2.39,27.32,29.84,24.9,82.77,0.86,15.19
1998-10-03,1.82,27.1,29.75,24.72,83.96,0.62,18.74
1998-10-04,0.47,27.08,30.37,24.03,85.8,0.94,14.56
1998-10-05,0.08,27.32,31.4,23.74,83.72,1.15,21.67
1998-10-06,0.0,27.68,32.01,23.36,81.93,1.19,21.07
1998-10-07,0.0,27.98,32.59,23.6,82.72,1.06,21.71
1998-10-08,5.41,28.5,32.9,23.87,80.07,0.98,21.5
1998-10-09,1.11,28.7,32.36,25.13,79.45,0.49,19.73
1998-10-10,0.07,28.89,32.3,25.04,81.82,0.79,20.3
1998-10-11,0.5,29.01,32.54,25.32,81.15,0.87,19.41
1998-10-12,2.48,29.2,31.7,26.5,77.97,0.54,20.09
1998-10-13,2.37,28.28,31.68,25.19,84.93,0.63,9.52
1998-10-14,0.08,26.94,29.24,25.22,92.03,0.92,16.68
1998-10-15,8.12,25.98,27.96,24.58,94.25,1.18,14.92
1998-10-16,10.11,25.36,26.69,24.31,95.54,1.41,12.89
1998-10-17,1.55,26.23,28.85,24.21,93.63,1.48,17.4
1998-10-18,1.75,26.71,29.67,24.45,92.85,1.65,15.3
1998-10-19,13.93,27.15,29.22,25.42,94.39,2.17,12.81
1998-10-20,11.62,26.83,28.73,25.63,95.21,2.32,12.3
1998-10-21,2.64,26.77,29.98,24.19,91.45,2.2,15.09
1998-10-22,0.74,25.94,29.17,23.95,90.22,1.71,15.07
1998-10-23,0.22,26.56,30.32,22.53,81.25,0.97,18.16
1998-10-24,0.01,25.58,30.27,21.76,82.74,1.15,20.59
1998-10-25,0.0,24.54,29.73,19.78,83.47,1.39,20.09
1998-10-26,0.01,25.42,30.39,19.95,84.19,1.3,20.04
1998-10-27,0.0,26.09,30.56,22.08,85.01,1.26,20.17
1998-10-28,0.0,24.76,29.77,20.74,84.01,1.27,19.79
1998-10-29,2.5,24.33,29.34,18.89,82.2,0.87,17.81
1998-10-30,19.82,22.8,25.06,21.34,92.59,1.9,9.31
1998-10-31,1.17,23.51,27.85,20.27,87.5,1.6,11.13
1998-11-01,0.61,23.75,27.72,20.39,87.15,1.16,9.59
1998-11-02,0.01,24.21,29.64,20.06,85.44,1.44,19.41
1998-11-03,0.0,23.52,29.28,18.52,82.19,1.2,20.13
1998-11-04,0.0,23.61,29.32,18.89,82.81,1.39,20.2
1998-11-05,0.0,23.24,29.02,18.02,81.53,1.18,19.66
1998-11-06,0.0,23.73,29.14,18.31,77.61,1.15,18.68
1998-11-07,0.0,24.21,29.55,19.04,73.78,0.79,18.59
1998-11-08,0.0,23.68,28.88,19.49,74.12,1.05,18.56
1998-11-09,0.0,22.69,27.62,18.22,76.72,1.16,17.01
1998-11-10,0.2,22.39,27.02,18.05,80.37,0.93,17.24
1998-11-11,0.38,22.78,28.28,17.47,79.46,1.29,16.51
1998-11-12,0.0,22.62,28.34,18.2,82.14,1.52,19.52
1998-11-13,0.0,22.12,28.01,16.91,79.71,1.36,19.2
1998-11-14,0.0,22.27,27.62,16.88,77.98,1.19,18.28
1998-11-15,0.0,23.42,28.87,18.35,75.47,0.98,18.84
1998-11-16,0.0,24.88,30.29,19.68,72.74,0.81,18.35
1998-11-17,0.0,24.79,29.97,19.69,74.65,1.0,18.37
1998-11-18,0.0,24.28,29.77,19.63,81.29,1.38,18.1
1998-11-19,0.0,24.62,29.29,20.45,84.2,1.44,18.65
1998-11-20,0.0,25.01,29.41,21.42,84.47,0.79,18.03
1998-11-21,6.04,24.06,26.64,22.17,89.78,0.9,9.04
1998-11-22,32.74,23.22,25.21,21.99,93.55,2.32,5.03
1998-11-23,24.95,24.83,28.52,21.83,93.56,2.94,5.29
1998-11-24,1.3,24.61,28.43,21.67,89.79,1.59,9.61
1998-11-25,0.0,22.6,27.49,18.06,86.49,1.69,10.93
1998-11-26,0.0,19.97,26.41,15.53,82.81,1.75,17.42
1998-11-27,0.0,20.37,27.43,14.3,86.0,1.54,18.18
1998-11-28,0.0,21.23,27.77,16.41,86.15,1.4,17.37
1998-11-29,0.0,20.92,27.23,16.24,86.08,1.18,16.84
1998-11-30,0.0,20.17,26.13,15.55,85.07,1.15,16.78
1998-12-01,0.0,19.8,25.7,14.87,84.88,1.3,17.17
1998-12-02,0.0,19.34,26.09,14.15,82.25,1.55,17.68
1998-12-03,0.0,18.7,25.8,13.1,80.69,1.54,17.2
1998-12-04,0.0,18.55,25.28,13.29,81.46,1.16,16.51
1998-12-05,0.0,18.91,25.84,13.59,83.16,1.25,16.15
1998-12-06,0.0,19.21,25.84,13.43,79.85,1.11,16.45
1998-12-07,0.0,19.22,25.36,14.6,80.54,0.93,16.29
1998-12-08,0.0,19.89,25.78,15.24,82.59,0.78,15.87
1998-12-09,0.0,20.19,25.59,14.81,81.13,0.83,15.01
1998-12-10,0.0,20.0,25.07,15.88,81.02,0.85,15.88
1998-12-11,0.0,20.04,25.49,14.18,73.56,0.83,16.23
1998-12-12,0.0,19.03,25.24,14.9,75.45,1.02,17.11
1998-12-13,0.0,19.32,26.2,13.54,81.51,1.35,17.65
1998-12-14,0.0,20.14,27.36,13.78,75.91,1.35,17.01
1998-12-15,0.0,19.41,26.63,12.31,73.66,0.94,17.02
1998-12-16,0.0,19.13,25.93,12.57,71.15,0.9,16.99
1998-12-17,0.0,18.46,25.18,13.49,73.47,1.11,16.47
1998-12-18,0.0,17.34,24.42,12.27,78.09,1.15,15.96
1998-12-19,0.0,17.9,25.02,12.85,75.32,1.38,17.0
1998-12-20,0.0,17.33,25.26,12.01,72.88,1.4,16.8
1998-12-21,0.0,17.65,25.91,11.56,68.33,1.16,16.97
1998-12-22,0.0,17.35,25.28,12.43,69.12,1.12,16.94
1998-12-23,0.0,16.99,24.97,11.45,69.89,1.2,16.94
1998-12-24,0.0,16.88,24.56,11.73,66.67,1.25,17.39
1998-12-25,0.0,16.75,25.15,10.54,74.93,1.22,16.94
1998-12-26,0.0,17.12,25.45,10.71,75.72,1.49,17.27
1998-12-27,0.0,16.43,25.06,9.81,76.89,1.33,17.64
1998-12-28,0.0,16.34,24.56,10.31,77.43,1.26,16.91
1998-12-29,0.0,16.19,24.23,10.02,78.62,1.06,16.91
1998-12-30,0.0,16.49,23.94,11.35,77.91,0.89,14.98
1998-12-31,0.0,16.53,23.85,11.22,75.11,1.01,14.07
1999-01-01,0.0,16.62,24.09,11.23,74.17,1.35,15.84
1999-01-02,0.0,16.7,25.17,10.11,73.99,1.48,16.4
1999-01-03,0.0,18.42,26.25,11.11,59.85,0.81,16.88
1999-01-04,0.0,18.64,26.57,11.35,58.1,0.85,17.27
1999-01-05,0.0,18.94,26.25,12.93,57.13,0.89,17.4
1999-01-06,0.0,17.69,23.25,11.84,56.48,0.82,16.82
1999-01-07,0.0,18.51,25.73,13.44,60.32,0.99,12.97
1999-01-08,0.0,17.93,24.87,13.45,66.4,1.36,16.76
1999-01-09,0.0,17.31,25.23,11.72,67.15,1.58,16.64
1999-01-10,0.0,16.35,24.02,11.12,72.36,1.7,15.11
1999-01-11,0.0,15.08,23.85,8.46,69.84,1.57,14.65
1999-01-12,0.0,16.08,25.07,8.69,61.93,1.32,16.65
1999-01-13,0.0,16.52,25.4,10.52,58.91,1.11,18.63
1999-01-14,0.0,16.43,24.75,10.0,61.5,0.98,18.26
1999-01-15,0.0,16.51,25.29,10.26,59.97,1.42,18.5
1999-01-16,0.0,16.46,26.11,9.48,66.84,1.35,18.45
1999-01-17,0.0,16.31,25.59,8.8,69.25,1.18,18.19
1999-01-18,0.0,15.89,24.92,8.73,66.24,1.55,17.55
1999-01-19,0.0,15.75,25.12,8.68,66.25,1.33,17.78
1999-01-20,0.0,17.01,26.49,9.92,61.23,1.36,17.9
1999-01-21,0.0,17.89,26.67,11.55,58.91,1.27,18.62
1999-01-22,0.0,17.95,27.35,11.16,60.66,1.32,18.61
1999-01-23,0.0,18.35,28.17,11.85,54.63,1.52,18.89
1999-01-24,0.0,18.83,28.41,11.55,56.02,1.47,18.24
1999-01-25,0.0,19.44,27.65,13.64,56.69,1.53,18.26
1999-01-26,0.0,17.93,26.37,11.89,58.87,1.72,17.51
1999-01-27,0.0,17.07,25.28,9.72,58.31,1.15,18.31
1999-01-28,0.0,18.33,27.54,10.73,61.38,1.59,18.99
1999-01-29,0.0,19.02,27.47,12.35,56.79,1.18,18.92
1999-01-30,0.0,18.97,28.21,12.72,54.43,1.59,17.91
1999-01-31,0.0,17.31,27.15,9.89,48.29,1.88,19.45
1999-02-01,0.0,17.37,27.72,9.22,49.56,1.57,19.28
1999-02-02,0.0,19.32,29.3,11.17,46.31,1.34,19.47
1999-02-03,0.0,20.74,30.51,12.74,45.11,1.16,15.54
1999-02-04,0.0,21.99,32.42,15.47,48.38,1.51,18.99
1999-02-05,0.0,21.63,31.86,14.2,49.05,1.97,19.42
1999-02-06,0.0,20.53,29.99,13.19,51.9,1.88,19.46
1999-02-07,0.0,20.57,30.36,12.88,53.77,1.81,20.21
1999-02-08,0.0,21.93,32.42,13.99,51.63,1.03,20.42
1999-02-09,0.0,22.78,30.88,15.32,50.29,0.73,17.34
1999-02-10,0.0,22.2,27.85,18.74,56.26,0.96,8.31
1999-02-11,0.0,23.61,33.92,16.03,50.07,1.62,20.56
1999-02-12,0.0,23.9,34.53,16.55,46.99,1.74,20.67
1999-02-13,0.0,23.4,32.91,16.68,46.57,1.68,20.68
1999-02-14,0.0,23.12,32.81,16.47,48.5,1.55,20.62
1999-02-15,0.0,22.97,32.55,15.96,45.74,1.63,20.76
1999-02-16,0.0,22.89,32.49,15.48,46.75,1.46,21.12
1999-02-17,0.0,23.38,32.91,16.35,45.72,1.52,21.06
1999-02-18,0.0,23.82,33.17,16.31,36.79,1.33,21.36
1999-02-19,2.06,23.42,32.51,15.62,40.34,1.43,21.87
1999-02-20,0.0,24.21,31.75,18.75,37.12,1.22,19.11
1999-02-21,0.0,24.94,32.96,18.98,32.82,1.22,20.29
1999-02-22,0.0,23.63,32.83,17.03,34.93,1.61,22.24
1999-02-23,0.0,22.99,32.06,14.28,33.67,1.51,21.6
1999-02-24,0.0,24.1,33.35,16.25,35.9,1.38,22.26
1999-02-25,0.0,25.49,34.64,16.75,54.32,1.33,22.06
1999-02-26,0.0,26.25,35.05,17.93,55.58,1.36,22.23
1999-02-27,0.0,27.16,36.1,21.04,39.67,1.52,20.73
1999-02-28,0.0,24.79,34.64,16.41,37.6,2.03,22.59
1999-03-01,0.0,24.64,34.33,16.58,36.31,1.68,23.0
1999-03-02,0.0,23.63,33.66,15.73,33.95,1.79,23.03
1999-03-03,0.0,23.04,33.84,14.26,32.1,1.76,23.09
1999-03-04,0.0,23.5,34.54,14.63,32.83,1.61,22.87
1999-03-05,0.0,25.2,34.69,17.06,29.38,1.46,23.17
1999-03-06,0.0,25.87,34.92,16.92,34.7,1.12,22.45
1999-03-07,0.0,25.67,35.53,17.82,59.23,1.67,22.8
1999-03-08,0.0,26.11,36.27,18.38,63.26,2.29,23.47
1999-03-09,0.0,27.62,38.51,19.54,61.61,2.93,23.33
1999-03-10,0.0,28.08,38.6,19.66,61.34,2.39,23.25
1999-03-11,0.0,28.28,37.57,20.92,63.32,2.8,22.32
1999-03-12,0.02,28.56,36.98,22.14,65.76,3.32,16.97
1999-03-13,0.07,28.56,36.46,22.72,64.99,2.4,19.57
1999-03-14,0.01,27.71,36.23,21.28,45.02,1.4,22.8
1999-03-15,0.0,25.48,35.7,16.69,24.2,1.61,23.61
1999-03-16,0.0,25.4,35.6,15.92,24.34,1.71,24.16
1999-03-17,0.0,25.79,36.41,15.17,58.69,2.61,21.43
1999-03-18,0.01,28.0,37.05,20.27,67.1,3.08,20.86
1999-03-19,0.29,28.56,38.0,23.02,49.47,2.36,20.86
1999-03-20,0.0,27.28,37.7,18.67,20.51,1.93,24.48
1999-03-21,0.0,26.71,37.15,17.85,21.97,1.8,21.35
1999-03-22,0.0,28.29,37.35,20.09,17.26,1.37,21.4
1999-03-23,0.0,28.48,37.92,19.07,25.15,1.48,24.87
1999-03-24,0.0,28.8,37.82,22.09,44.05,2.18,23.79
1999-03-25,0.16,28.98,37.9,21.9,60.94,3.5,23.32
1999-03-26,0.45,29.05,36.99,23.24,65.21,4.28,15.24
1999-03-27,0.52,29.42,36.51,24.4,64.52,4.31,16.1
1999-03-28,0.11,29.19,37.44,21.98,60.8,3.11,21.72
1999-03-29,0.0,29.33,37.65,21.86,54.96,1.56,23.07
1999-03-30,0.0,29.87,38.96,22.07,47.07,1.52,23.45
1999-03-31,0.31,29.44,37.61,22.29,56.74,2.43,23.25
1999-04-01,0.63,30.03,38.01,23.56,61.99,3.27,22.52
1999-04-02,0.0,30.83,40.43,23.49,56.74,2.53,23.36
1999-04-03,0.0,31.19,41.47,22.46,53.73,2.82,25.01
1999-04-04,0.0,31.25,40.98,22.9,52.67,2.93,24.55
1999-04-05,0.0,30.87,40.0,24.12,57.72,2.6,23.28
1999-04-06,0.0,30.8,39.18,24.36,57.75,2.84,21.02
1999-04-07,5.6,29.23,35.61,24.42,64.76,3.23,21.36
1999-04-08,2.68,29.4,36.16,23.83,65.49,1.94,20.95
1999-04-09,2.58,28.47,35.78,22.34,63.11,1.22,22.34
1999-04-10,2.59,29.26,36.65,22.06,58.13,1.6,21.79
1999-04-11,0.23,30.96,39.22,23.75,51.92,1.69,22.34
1999-04-12,0.0,30.74,39.16,22.66,55.27,2.01,21.61
1999-04-13,0.0,31.61,40.6,23.41,55.43,2.14,21.17
1999-04-14,0.0,32.41,40.79,25.15,53.61,1.87,20.86
1999-04-15,0.01,32.57,39.87,26.08,51.58,2.72,22.21
1999-04-16,0.0,32.45,40.72,25.26,52.38,3.16,23.25
1999-04-17,0.01,32.87,41.13,25.85,53.57,2.88,23.13
1999-04-18,0.01,33.52,40.8,26.65,47.22,2.71,22.71
1999-04-19,0.0,33.04,41.38,25.64,43.94,2.37,23.86
1999-04-20,0.0,32.92,41.46,24.92,47.34,2.13,22.89
1999-04-21,0.0,33.45,42.08,26.04,47.41,2.41,23.84
1999-04-22,0.0,33.2,41.72,25.85,48.16,2.51,23.51
1999-04-23,0.0,32.68,41.29,25.46,52.85,3.88,23.18
1999-04-24,0.0,33.08,41.3,27.08,53.18,4.2,23.59
1999-04-25,0.0,33.44,42.06,27.29,54.75,4.09,23.25
1999-04-26,0.02,33.82,42.16,27.33,54.4,4.27,23.16
1999-04-27,0.02,34.01,42.65,26.95,54.81,4.14,23.74
1999-04-28,0.0,33.47,41.84,27.49,55.45,4.05,24.54
1999-04-29,0.0,32.64,40.23,27.49,59.26,5.01,21.6
1999-04-30,0.0,32.43,39.83,27.51,57.99,4.92,22.51
1999-05-01,0.0,31.68,39.38,27.09,61.99,4.09,22.79
1999-05-02,0.06,30.57,35.72,26.94,68.95,4.04,22.04
1999-05-03,0.09,31.92,38.01,27.47,61.81,4.45,23.08
1999-05-04,0.29,31.34,36.8,27.44,66.02,3.9,22.38
1999-05-05,2.19,30.82,36.61,26.42,68.05,3.65,15.77
1999-05-06,35.84,29.42,34.34,26.22,75.35,3.22,8.31
1999-05-07,47.5,28.46,32.04,25.87,85.33,4.14,11.22
1999-05-08,9.26,28.64,32.62,26.21,83.3,2.92,12.65
1999-05-09,1.52,28.6,32.92,25.01,76.82,2.45,18.01
1999-05-10,0.26,28.94,34.15,24.75,71.44,1.74,24.31
1999-05-11,0.75,29.02,34.45,24.94,71.41,1.88,16.01
1999-05-12,0.74,29.02,34.6,23.84,67.58,2.2,22.72
1999-05-13,14.84,29.16,34.08,25.1,73.51,2.88,9.96
1999-05-14,26.91,27.9,32.11,24.95,82.6,2.79,11.55
1999-05-15,15.7,27.98,32.32,24.65,80.17,2.58,15.57
1999-05-16,32.69,27.32,31.84,23.35,82.65,1.92,16.05
1999-05-17,0.23,28.42,33.28,24.11,77.38,1.82,19.63
1999-05-18,0.0,28.7,33.57,24.36,75.2,2.02,23.61
1999-05-19,0.0,27.21,30.55,24.96,79.21,1.69,22.45
1999-05-20,3.69,26.81,30.4,24.4,80.25,2.04,18.0
1999-05-21,2.85,28.03,32.35,24.74,79.75,3.31,18.81
1999-05-22,4.17,27.09,30.13,24.86,81.86,3.21,16.54
1999-05-23,0.31,28.61,32.48,25.24,78.54,3.11,17.48
1999-05-24,0.2,28.4,31.5,26.02,79.9,2.7,17.78
1999-05-25,0.23,28.24,31.64,25.84,84.34,2.24,22.74
1999-05-26,0.1,28.42,31.23,26.13,83.68,1.44,22.65
1999-05-27,0.73,28.76,31.76,26.54,82.54,3.08,16.59
1999-05-28,7.13,28.34,32.15,26.23,83.21,4.9,14.0
1999-05-29,69.47,28.1,31.17,26.13,87.36,5.85,8.37
1999-05-30,35.8,28.65,31.95,26.36,88.58,3.64,10.88
1999-05-31,0.23,28.37,30.87,26.69,90.3,4.07,21.11
1999-06-01,4.83,28.01,30.85,25.83,90.45,2.97,18.65
1999-06-02,8.07,27.98,30.64,25.95,89.85,2.43,6.46
1999-06-03,2.98,27.85,30.43,25.67,85.61,1.1,20.83
1999-06-04,0.05,28.23,32.01,24.5,79.31,1.07,14.51
1999-06-05,16.7,30.01,34.29,25.23,71.16,1.29,19.09
1999-06-06,17.06,28.87,31.81,25.45,77.98,1.13,12.87
1999-06-07,1.0,29.92,34.27,25.83,79.88,1.09,22.01
1999-06-08,1.15,28.13,30.66,26.26,87.98,1.3,19.8
1999-06-09,0.99,28.35,32.47,26.24,87.92,1.57,23.3
1999-06-10,16.04,28.95,33.15,25.82,84.29,2.73,17.26
1999-06-11,24.9,27.87,30.7,25.91,88.87,3.81,11.98
1999-06-12,10.19,28.15,31.16,25.83,88.28,3.15,17.95
1999-06-13,0.0,28.65,32.37,26.06,86.15,2.81,20.29
1999-06-14,0.0,28.71,32.2,26.2,86.54,2.66,21.23
1999-06-15,1.04,28.04,31.37,26.09,88.9,2.26,16.8
1999-06-16,7.72,27.82,32.09,25.92,89.19,2.42,19.4
1999-06-17,0.5,28.18,31.99,25.1,84.92,3.6,22.88
1999-06-18,0.15,28.14,32.3,25.18,84.96,3.47,22.78
1999-06-19,0.14,28.13,31.39,25.81,87.21,3.05,18.04
1999-06-20,0.53,27.65,29.86,26.15,89.1,3.35,17.56
1999-06-21,1.78,28.57,32.13,26.4,85.52,4.27,11.9
1999-06-22,14.02,27.75,31.0,25.13,89.05,5.29,14.06
1999-06-23,13.4,27.64,30.51,25.14,90.36,4.94,3.58
1999-06-24,6.08,28.03,30.86,25.77,88.69,5.02,7.7
1999-06-25,12.64,28.01,31.11,25.89,89.47,3.72,8.14
1999-06-26,4.96,28.38,32.43,25.99,89.46,3.05,7.26
1999-06-27,5.7,27.59,30.06,25.73,89.3,3.26,19.46
1999-06-28,2.78,27.42,31.23,25.35,87.62,3.09,16.79
1999-06-29,18.18,28.2,32.13,25.32,86.68,3.66,10.74
1999-06-30,61.23,28.34,30.91,26.4,90.32,3.44,3.67
1999-07-01,73.57,28.18,31.34,26.35,92.59,2.69,9.36
1999-07-02,21.47,28.13,31.57,26.1,90.56,2.35,15.66
1999-07-03,1.12,27.39,29.58,25.32,90.2,2.03,18.85
1999-07-04,3.15,27.72,30.82,25.47,89.22,2.68,18.88
1999-07-05,4.84,26.69,28.36,25.29,91.54,2.53,20.69
1999-07-06,5.49,27.7,30.2,25.3,90.47,3.41,14.4
1999-07-07,2.81,27.49,30.88,25.6,89.08,3.77,12.82
1999-07-08,3.94,27.59,31.11,25.18,87.77,3.61,17.66
1999-07-09,11.39,27.59,29.79,25.84,91.25,3.39,14.38
1999-07-10,62.12,27.92,30.25,26.16,91.17,2.96,10.72
1999-07-11,78.64,27.22,28.99,26.07,95.45,3.7,3.51
1999-07-12,29.72,27.39,29.83,25.59,91.82,3.6,6.02
1999-07-13,8.51,27.27,29.31,25.77,93.42,2.15,18.55
1999-07-14,0.22,28.26,32.45,25.52,89.24,2.83,22.41
1999-07-15,0.51,28.31,31.92,26.31,89.64,2.4,21.57
1999-07-16,0.62,27.61,30.02,26.04,91.35,1.97,18.03
1999-07-17,0.74,27.44,29.38,26.03,93.07,1.87,19.03
1999-07-18,14.02,27.16,28.8,26.02,94.03,3.2,10.35
1999-07-19,26.97,27.07,28.81,25.72,93.91,3.36,9.23
1999-07-20,24.42,27.24,28.66,26.31,94.49,3.63,9.76
1999-07-21,6.36,27.08,28.29,25.93,95.29,3.26,13.15
1999-07-22,2.54,27.13,29.48,25.33,92.43,3.14,18.15
1999-07-23,0.96,27.66,30.97,25.68,91.16,2.17,19.0
1999-07-24,1.52,27.91,31.62,25.6,89.95,1.88,20.03
1999-07-25,2.66,27.74,31.44,25.25,90.58,1.93,24.89
1999-07-26,31.09,27.26,29.34,25.88,93.93,2.41,16.59
1999-07-27,9.83,27.67,31.27,24.9,90.86,2.79,18.72
1999-07-28,6.1,27.47,29.77,25.66,90.99,3.53,14.62
1999-07-29,1.28,27.73,31.06,25.48,90.96,2.3,21.02
1999-07-30,6.81,27.18,28.95,25.92,92.03,1.17,17.22
1999-07-31,15.45,28.85,32.92,25.54,88.13,1.19,22.84
1999-08-01,15.1,28.11,31.51,26.28,91.83,2.26,15.79
1999-08-02,15.39,27.05,29.25,25.76,93.57,2.39,16.3
1999-08-03,7.36,27.52,30.92,25.23,90.02,3.06,20.97
1999-08-04,0.95,27.04,29.53,25.13,92.15,2.52,18.28
1999-08-05,11.6,28.04,32.26,25.22,89.96,2.03,21.45
1999-08-06,5.33,27.66,30.38,25.83,91.01,3.34,19.93
1999-08-07,5.68,27.76,30.86,26.01,92.04,2.97,17.35
1999-08-08,6.83,27.52,30.01,25.74,91.7,3.24,16.87
1999-08-09,20.77,27.04,29.53,25.35,92.58,2.93,11.53
1999-08-10,37.04,27.12,29.28,25.23,92.13,3.28,10.69
1999-08-11,11.32,27.66,30.64,25.6,90.67,3.19,13.24
1999-08-12,22.28,27.68,30.22,25.61,93.58,2.44,16.95
1999-08-13,29.83,26.87,28.13,25.69,95.85,2.66,7.51
1999-08-14,31.17,27.23,30.71,24.7,92.41,2.81,15.3
1999-08-15,16.5,27.54,31.39,24.76,89.71,2.22,10.69
1999-08-16,3.97,27.38,30.47,25.41,89.57,1.99,17.8
1999-08-17,4.09,26.91,29.84,24.87,92.01,1.92,16.77
1999-08-18,4.8,26.59,28.68,24.98,93.25,1.45,15.88
1999-08-19,1.49,26.95,30.95,24.36,90.43,1.98,18.19
1999-08-20,2.18,27.07,31.18,24.58,90.82,2.67,19.11
1999-08-21,3.0,26.89,29.14,25.24,91.52,3.09,16.92
1999-08-22,0.61,27.89,31.69,25.22,89.36,2.3,17.69
1999-08-23,1.62,27.72,31.34,24.74,90.39,1.82,21.15
1999-08-24,1.61,27.49,30.24,25.46,91.86,2.38,14.37
1999-08-25,1.3,26.91,28.96,25.25,91.64,1.67,10.45
1999-08-26,17.06,27.01,30.24,24.75,91.9,1.73,17.53
1999-08-27,21.81,26.86,28.97,25.15,94.92,1.94,12.66
1999-08-28,15.82,26.9,28.99,25.55,94.3,2.93,6.9
1999-08-29,8.47,26.94,28.85,25.05,93.83,2.61,15.29
1999-08-30,6.51,27.24,30.15,25.06,91.89,3.15,19.56
1999-08-31,7.03,26.67,28.96,25.27,93.61,3.1,17.08
1999-09-01,1.79,26.76,29.67,25.01,92.75,2.34,20.77
1999-09-02,0.51,26.87,29.5,25.11,92.34,2.21,19.39
1999-09-03,1.02,26.89,29.7,25.15,92.94,2.18,20.01
1999-09-04,1.7,27.0,29.21,25.39,93.1,2.23,18.65
1999-09-05,0.52,27.98,32.05,24.71,88.95,1.55,12.74
1999-09-06,0.0,28.08,32.0,25.0,88.13,1.26,8.38
1999-09-07,7.76,28.1,31.42,25.4,87.37,0.98,18.22
1999-09-08,43.86,27.23,30.78,24.85,89.81,1.49,15.37
1999-09-09,16.26,26.37,28.12,25.13,93.93,1.26,17.65
1999-09-10,6.9,26.33,28.25,24.87,94.59,1.85,11.97
1999-09-11,4.12,26.25,28.16,25.11,94.3,2.93,17.1
1999-09-12,1.55,26.64,29.84,24.48,91.5,2.8,15.75
1999-09-13,4.55,26.6,29.24,24.75,91.74,2.35,15.41
1999-09-14,17.0,26.42,29.37,24.45,93.24,2.2,14.56
1999-09-15,5.46,27.31,30.86,24.77,90.9,1.85,16.53
1999-09-16,4.45,27.09,30.12,24.88,90.91,1.7,17.92
1999-09-17,6.41,26.47,29.09,24.68,92.49,1.57,19.29
1999-09-18,4.37,26.5,29.48,24.39,92.39,1.3,13.51
1999-09-19,3.1,26.53,28.89,24.77,93.95,1.61,18.13
1999-09-20,8.69,26.79,30.06,24.82,92.51,1.67,12.62
1999-09-21,39.18,26.03,28.01,24.84,95.22,2.43,7.79
1999-09-22,35.06,25.81,27.57,24.57,94.97,3.26,3.95
1999-09-23,10.47,25.63,27.72,23.88,94.51,2.29,8.92
1999-09-24,1.1,25.93,28.96,23.84,91.54,1.33,15.05
1999-09-25,0.55,26.93,31.33,22.7,86.97,1.04,20.43
1999-09-26,0.13,26.8,30.93,23.5,87.82,1.45,18.89
1999-09-27,2.09,27.14,31.22,23.02,86.94,0.94,20.55
1999-09-28,1.44,27.56,30.38,25.03,86.59,0.69,15.62
1999-09-29,0.04,27.71,31.05,24.04,84.96,1.04,21.5
1999-09-30,7.53,27.69,31.33,24.63,85.81,0.61,16.79
1999-10-01,4.04,27.31,30.81,24.83,86.63,0.74,20.47
1999-10-02,0.55,27.47,30.83,24.5,83.81,0.64,20.66
1999-10-03,7.35,27.46,30.88,24.42,84.34,0.6,20.72
1999-10-04,9.78,26.47,29.06,24.42,89.95,1.1,21.08
1999-10-05,3.18,25.58,27.79,24.2,92.96,1.61,19.0
1999-10-06,10.69,25.59,27.9,23.8,93.83,1.63,16.38
1999-10-07,7.08,26.03,28.89,23.62,92.1,1.56,13.35
1999-10-08,0.61,26.03,28.58,24.09,93.57,1.38,9.82
1999-10-09,6.37,26.22,28.95,24.01,91.58,1.24,14.32
1999-10-10,0.72,26.79,30.78,23.8,83.27,0.89,20.04
1999-10-11,0.05,26.83,30.76,22.65,76.96,0.95,19.97
1999-10-12,0.03,26.36,30.59,22.23,84.19,1.07,19.52
1999-10-13,0.36,25.73,28.55,23.65,90.82,1.1,12.86
1999-10-14,2.44,25.2,28.01,23.37,90.86,1.09,11.0
1999-10-15,0.29,26.68,30.4,22.27,82.78,1.13,21.66
1999-10-16,0.1,26.0,28.79,23.79,88.56,0.74,17.13
1999-10-17,5.7,25.33,28.21,23.13,90.92,0.93,10.18
1999-10-18,49.86,24.61,26.29,23.31,95.39,3.17,3.99
1999-10-19,15.98,24.75,26.47,23.25,94.5,2.62,9.63
1999-10-20,26.57,25.38,27.92,23.87,94.68,1.64,6.7
1999-10-21,8.08,25.64,28.91,22.74,89.86,0.91,15.47
1999-10-22,1.57,25.71,28.63,23.42,85.96,0.7,16.77
1999-10-23,0.24,25.61,29.68,22.01,87.64,1.32,18.16
1999-10-24,0.01,26.14,30.56,21.87,86.03,1.3,19.53
1999-10-25,0.0,25.46,29.91,22.05,86.98,1.62,21.57
1999-10-26,0.0,25.03,30.3,20.24,85.85,1.72,20.94
1999-10-27,0.0,26.8,31.43,21.99,80.77,0.84,20.25
1999-10-28,0.08,26.3,29.07,23.48,88.85,1.39,11.52
1999-10-29,0.16,26.08,29.24,23.92,90.92,1.36,7.53
1999-10-30,0.27,25.81,29.11,23.5,91.53,1.43,13.41
1999-10-31,0.1,25.12,28.88,22.14,86.22,1.24,15.23
1999-11-01,1.21,26.01,29.9,22.99,83.73,0.89,16.95
1999-11-02,1.04,26.53,30.41,22.68,83.75,0.89,15.51
1999-11-03,0.26,26.44,29.87,22.69,80.34,0.72,17.34
1999-11-04,0.03,25.98,29.66,23.1,81.19,0.86,18.12
1999-11-05,0.0,24.79,29.23,21.43,85.04,1.26,19.33
1999-11-06,0.0,23.97,29.26,19.67,86.18,1.36,18.35
1999-11-07,0.0,23.95,29.37,19.55,85.64,1.39,18.37
1999-11-08,0.0,23.33,28.7,18.85,85.49,1.31,18.61
1999-11-09,0.0,22.85,27.89,18.37,80.19,0.84,18.72
1999-11-10,0.0,22.1,27.28,17.59,79.44,1.17,19.32
1999-11-11,0.0,20.96,26.57,16.0,82.67,1.33,19.15
1999-11-12,0.0,20.48,26.32,15.45,83.95,1.22,18.73
1999-11-13,0.0,19.98,25.83,14.7,82.51,1.37,18.24
1999-11-14,0.0,19.82,25.81,14.25,82.81,1.41,18.04
1999-11-15,0.0,20.49,26.17,14.93,81.79,1.17,17.65
1999-11-16,0.0,21.09,26.05,16.76,79.26,0.6,17.49
1999-11-17,0.0,20.39,26.25,15.23,82.16,1.04,17.75
1999-11-18,0.0,20.16,25.45,14.58,81.5,1.2,17.99
1999-11-19,0.0,19.63,25.67,14.29,85.29,1.23,18.26
1999-11-20,0.0,19.65,25.5,15.08,83.5,1.45,18.31
1999-11-21,0.0,19.33,25.45,14.83,82.44,1.55,18.33
1999-11-22,0.0,18.63,25.01,13.33,84.01,1.53,18.09
1999-11-23,0.0,19.34,25.44,14.0,82.29,1.08,18.0
1999-11-24,0.0,19.77,25.67,14.65,82.53,1.05,17.47
1999-11-25,0.0,19.89,25.81,14.76,80.05,1.0,18.19
1999-11-26,0.0,19.53,25.07,13.95,80.85,0.96,17.89
1999-11-27,0.0,20.07,25.89,14.81,82.59,1.0,17.34
1999-11-28,0.0,19.19,25.46,14.16,84.45,1.4,16.93
1999-11-29,0.0,18.94,25.1,13.36,83.49,1.2,17.03
1999-11-30,0.0,19.75,25.33,13.79,80.34,0.92,17.87
1999-12-01,0.0,20.76,25.73,15.47,78.14,0.88,16.55
1999-12-02,0.0,19.97,24.81,15.98,79.54,0.7,17.24
1999-12-03,0.0,20.15,25.43,15.02,79.35,0.68,17.27
1999-12-04,0.0,20.6,25.87,15.82,80.13,0.99,17.12
1999-12-05,0.0,20.5,26.06,15.99,83.82,1.18,17.18
1999-12-06,0.0,20.21,25.53,15.0,79.02,1.05,17.19
1999-12-07,0.0,20.14,25.67,13.9,75.25,1.14,17.64
1999-12-08,0.21,20.3,26.15,14.72,77.35,0.96,17.17
1999-12-09,4.12,20.64,25.26,15.41,83.93,1.06,6.59
1999-12-10,6.42,21.09,25.34,17.72,85.94,1.11,14.33
1999-12-11,4.51,19.83,22.2,17.26,87.58,1.02,8.34
1999-12-12,0.01,20.37,26.06,14.97,83.59,1.31,14.4
1999-12-13,0.0,19.7,25.54,15.06,81.83,1.11,16.01
1999-12-14,0.0,19.01,25.53,13.49,82.11,1.51,17.07
1999-12-15,0.0,17.69,24.87,12.82,80.52,1.35,16.76
1999-12-16,0.0,16.69,23.66,11.55,75.22,1.45,17.06
1999-12-17,0.0,17.54,24.92,11.77,79.14,1.51,17.62
1999-12-18,0.0,18.53,25.24,11.79,72.49,1.11,17.14
1999-12-19,0.0,18.55,25.07,12.97,65.18,1.19,17.1
1999-12-20,0.0,17.73,24.25,12.7,68.32,1.3,16.97
1999-12-21,0.0,17.25,23.94,11.21,71.61,1.19,16.19
1999-12-22,0.0,17.71,24.17,11.52,73.18,1.23,15.93
1999-12-23,0.0,18.5,24.57,12.82,76.64,0.7,15.5
1999-12-24,0.0,18.72,23.81,13.51,78.58,0.82,15.15
1999-12-25,0.0,18.44,23.99,12.83,77.89,0.76,14.86
1999-12-26,0.01,17.72,23.84,11.21,71.05,0.84,15.4
1999-12-27,0.0,18.29,24.27,11.52,72.8,0.78,14.71
1999-12-28,0.0,17.26,24.06,11.66,71.22,1.29,15.94
1999-12-29,0.0,16.4,23.64,10.17,74.51,1.43,16.92
1999-12-30,0.0,16.83,23.44,12.19,73.88,1.17,16.35
1999-12-31,0.0,16.69,23.79,10.73,73.07,1.27,16.88
2000-01-01,0.0,16.74,24.28,11.48,70.43,1.43,16.31
2000-01-02,0.0,16.61,24.28,10.0,68.74,1.37,17.05
2000-01-03,0.0,16.39,24.01,10.98,65.81,1.27,17.1
2000-01-04,0.0,15.89,23.87,9.83,70.27,1.33,15.92
2000-01-05,0.0,16.19,23.94,9.87,67.67,1.08,15.51
2000-01-06,0.0,16.35,23.35,11.55,64.95,1.22,15.97
2000-01-07,0.0,15.56,23.32,8.81,69.22,1.14,14.92
2000-01-08,0.0,14.91,22.46,8.51,65.1,1.25,14.53
2000-01-09,0.0,15.61,22.99,9.93,63.37,1.25,15.82
2000-01-10,0.0,16.37,23.67,9.6,59.37,1.12,16.61
2000-01-11,0.0,17.3,25.45,9.34,62.64,1.44,16.86
2000-01-12,0.0,18.7,25.73,10.76,59.05,1.15,16.69
2000-01-13,0.0,19.11,26.13,12.35,58.83,1.17,17.23
2000-01-14,0.0,19.31,26.49,13.12,67.97,1.13,16.76
2000-01-15,0.0,20.02,26.86,14.15,64.8,1.0,16.77
2000-01-16,0.95,19.17,27.15,13.27,65.87,1.27,15.69
2000-01-17,0.0,17.26,25.62,10.25,62.34,1.66,16.74
2000-01-18,0.0,14.52,23.71,7.36,53.3,1.44,17.26
2000-01-19,0.0,15.62,24.03,8.43,58.75,1.23,17.24
2000-01-20,0.0,15.93,23.81,8.64,67.92,1.62,14.71
2000-01-21,1.35,17.37,24.63,11.17,85.18,1.66,12.01
2000-01-22,2.38,19.06,25.54,13.13,82.04,1.23,13.45
2000-01-23,3.86,19.17,25.34,14.65,85.61,1.66,11.31
2000-01-24,0.51,19.04,25.75,13.9,77.64,1.08,16.78
2000-01-25,0.0,18.38,25.67,12.02,67.35,1.38,16.72
2000-01-26,0.0,18.08,26.83,11.06,63.58,1.48,19.36
2000-01-27,0.0,18.58,26.89,12.24,57.6,1.2,19.3
2000-01-28,0.0,19.18,26.9,12.3,54.7,1.27,17.52
2000-01-29,3.96,17.62,24.49,11.16,71.95,1.34,8.75
2000-01-30,0.0,18.08,24.71,12.73,70.68,1.09,17.67
2000-01-31,0.0,18.18,25.75,10.54,61.22,1.08,18.05
2000-02-01,0.0,18.45,26.23,10.96,57.25,0.96,18.95
2000-02-02,0.02,18.11,25.88,10.52,66.52,1.59,17.49
2000-02-03,0.12,19.69,26.04,13.76,81.25,1.98,12.99
2000-02-04,2.42,21.17,27.2,15.81,77.61,1.38,11.49
2000-02-05,11.97,21.0,27.05,14.74,80.4,1.24,6.65
2000-02-06,1.84,20.92,28.14,14.48,74.07,1.12,10.19
2000-02-07,0.09,18.9,23.75,15.61,80.69,0.82,15.42
2000-02-08,0.0,19.1,26.74,13.17,69.56,1.28,16.75
2000-02-09,0.02,18.73,26.55,11.72,58.53,1.34,16.44
2000-02-10,0.06,19.33,26.72,12.7,60.3,1.17,16.43
2000-02-11,0.0,18.59,27.38,11.74,55.78,1.52,20.27
2000-02-12,0.06,18.58,26.58,11.63,51.95,1.45,13.49
2000-02-13,0.0,20.43,29.01,12.83,61.27,1.87,20.41
2000-02-14,0.13,20.69,29.06,14.05,61.79,1.95,10.67
2000-02-15,0.0,18.97,28.31,12.0,53.32,2.26,21.97
2000-02-16,0.0,17.96,28.1,10.3,43.57,1.48,21.67
2000-02-17,0.0,19.78,27.92,11.47,39.56,1.1,20.06
2000-02-18,0.57,19.95,26.67,14.17,48.18,1.07,8.98
2000-02-19,0.0,18.42,27.47,11.88,53.23,1.44,20.48
2000-02-20,0.0,18.36,28.23,9.16,40.36,1.5,20.88
2000-02-21,0.0,19.49,28.64,10.9,42.06,1.42,10.39
2000-02-22,0.0,19.7,28.95,11.08,43.27,1.67,21.55
2000-02-23,0.0,20.81,29.39,12.65,38.11,2.0,22.16
2000-02-24,0.15,20.91,29.47,13.2,38.67,1.77,19.93
2000-02-25,0.0,20.41,29.14,13.95,38.45,1.82,19.44
2000-02-26,0.0,19.24,27.15,11.73,39.72,1.64,16.01
2000-02-27,0.0,19.99,28.51,12.66,45.08,1.46,21.66
2000-02-28,0.0,20.04,29.71,12.27,40.13,1.57,21.02
2000-02-29,0.0,20.63,30.21,10.95,37.56,1.25,20.8
2000-03-01,0.0,21.08,30.31,12.32,59.81,1.63,16.18
2000-03-02,12.38,22.75,29.53,16.99,82.89,2.47,11.96
2000-03-03,4.25,24.25,30.01,20.24,79.38,2.45,15.64
2000-03-04,0.64,24.54,31.26,19.34,73.69,2.41,16.85
2000-03-05,0.47,25.28,33.19,19.29,72.42,2.53,16.7
2000-03-06,0.07,25.43,33.54,19.24,70.79,2.12,16.82
2000-03-07,0.0,26.09,33.66,18.62,61.98,1.36,17.38
2000-03-08,1.56,25.84,34.17,19.23,66.02,1.95,14.46
2000-03-09,4.1,25.08,31.01,20.98,63.0,1.91,15.75
2000-03-10,0.04,23.44,32.53,15.96,49.91,1.63,19.47
2000-03-11,0.0,23.03,32.52,13.7,60.21,1.87,18.22
2000-03-12,12.25,24.82,31.7,19.36,77.34,3.28,15.84
2000-03-13,32.56,24.56,29.3,22.07,84.75,4.16,13.48
2000-03-14,8.54,24.83,30.68,21.31,81.49,4.13,13.13
2000-03-15,3.71,25.21,30.86,20.24,68.44,1.86,16.58
2000-03-16,1.09,23.13,30.68,16.44,62.9,1.69,18.97
2000-03-17,0.03,22.18,31.05,13.18,44.32,1.55,24.18
2000-03-18,0.0,23.62,32.59,15.16,62.41,1.57,22.11
2000-03-19,0.0,24.95,33.41,17.66,63.91,1.54,18.46
2000-03-20,0.0,26.0,33.7,18.37,60.38,1.29,22.38
2000-03-21,0.0,24.77,34.17,16.91,41.31,1.69,25.97
2000-03-22,0.0,24.45,35.3,13.87,33.57,1.76,25.23
2000-03-23,0.0,24.91,35.49,15.55,36.75,2.04,22.65
2000-03-24,0.0,25.54,34.94,16.79,50.24,2.26,22.22
2000-03-25,0.0,26.11,35.27,18.49,44.65,2.28,22.93
2000-03-26,0.0,25.27,32.62,18.55,37.23,2.02,19.64
2000-03-27,0.0,26.92,34.48,18.55,30.93,1.25,21.91
2000-03-28,0.0,27.15,35.9,17.26,43.71,1.19,21.02
2000-03-29,0.01,27.02,35.89,19.11,60.61,1.28,19.81
2000-03-30,0.0,26.97,34.85,19.94,65.12,2.04,21.16
2000-03-31,0.0,27.38,35.41,20.32,64.4,1.81,19.78
2000-04-01,0.0,28.81,37.21,21.96,63.83,3.05,20.81
2000-04-02,0.01,28.75,36.95,23.0,68.99,4.65,22.0
2000-04-03,0.07,28.83,36.55,23.49,68.48,4.21,20.35
2000-04-04,0.12,29.09,37.67,22.86,65.73,3.76,22.59
2000-04-05,0.36,29.69,38.26,23.53,65.59,3.76,22.99
2000-04-06,0.18,29.49,37.28,23.84,64.59,4.19,20.85
2000-04-07,0.04,29.34,37.59,23.24,64.49,3.5,23.0
2000-04-08,0.0,29.9,38.65,23.11,65.02,3.35,23.04
2000-04-09,0.01,29.94,37.58,24.28,64.11,3.78,23.44
2000-04-10,0.02,29.73,36.65,24.7,68.23,3.06,22.94
2000-04-11,0.04,30.21,39.0,23.77,66.07,2.69,20.88
2000-04-12,0.51,28.52,33.96,24.46,67.3,1.69,24.14
2000-04-13,4.76,28.81,35.05,23.18,64.54,1.85,22.6
2000-04-14,1.87,29.18,36.11,22.59,62.19,1.1,22.33
2000-04-15,10.02,27.97,33.49,23.26,67.29,1.15,25.05
2000-04-16,3.04,28.38,34.88,22.74,66.36,1.3,25.06
2000-04-17,10.28,28.36,33.91,22.66,68.22,1.53,23.22
2000-04-18,0.93,29.53,36.78,22.92,65.14,2.45,26.1
2000-04-19,7.19,29.45,34.69,24.61,69.45,1.94,22.41
2000-04-20,5.39,28.14,33.27,24.01,73.35,2.05,18.27
2000-04-21,3.89,28.98,35.96,24.01,69.94,2.68,22.9
2000-04-22,0.76,28.36,33.71,23.6,71.7,2.45,22.27
2000-04-23,5.66,28.61,34.83,24.43,74.57,3.14,19.24
2000-04-24,30.28,26.37,28.63,24.5,84.61,3.09,9.48
2000-04-25,20.33,26.52,30.99,23.25,81.96,2.41,24.3
2000-04-26,26.57,26.15,30.61,22.38,84.54,1.92,6.87
2000-04-27,2.47,27.36,32.76,22.39,79.89,2.68,17.69
2000-04-28,7.17,27.1,30.84,24.84,85.2,3.23,15.15
2000-04-29,9.95,27.63,31.56,24.88,85.01,3.64,20.81
2000-04-30,5.4,27.27,31.07,24.5,82.97,4.22,25.01
2000-05-01,23.19,27.38,31.46,24.47,85.71,3.8,10.23
2000-05-02,20.22,27.05,30.49,24.4,87.79,2.83,18.43
2000-05-03,1.04,26.23,29.0,23.64,85.72,1.07,13.78
2000-05-04,0.02,25.46,28.82,22.47,82.96,1.39,17.99
2000-05-05,0.68,27.19,32.43,21.99,72.92,1.1,17.16
2000-05-06,6.15,27.61,32.44,22.91,77.42,1.17,13.51
2000-05-07,2.48,27.14,31.52,23.82,81.49,1.74,24.02
2000-05-08,0.07,26.99,30.58,23.96,83.19,1.31,24.35
2000-05-09,0.04,28.12,32.21,24.05,79.11,1.08,24.29
2000-05-10,0.27,28.61,32.71,24.31,77.63,1.05,19.76
2000-05-11,0.09,29.19,33.96,24.5,74.39,0.89,17.48
2000-05-12,0.0,29.86,35.37,24.83,71.87,0.99,25.33
2000-05-13,0.13,31.42,37.16,24.94,65.85,1.04,26.18
2000-05-14,4.86,31.8,36.83,25.45,65.13,1.28,17.93
2000-05-15,2.17,29.35,33.21,26.14,76.0,1.55,28.02
2000-05-16,0.42,28.63,32.65,24.62,77.53,1.35,12.12
2000-05-17,2.34,28.96,32.81,25.37,77.01,1.89,17.47
2000-05-18,29.51,27.91,30.47,25.97,87.33,2.94,18.06
2000-05-19,30.21,27.51,30.1,25.76,91.01,2.63,6.06
2000-05-20,33.03,27.3,29.81,25.67,91.43,2.24,16.88
2000-05-21,15.85,27.53,31.55,24.74,87.73,2.71,13.19
2000-05-22,30.52,26.58,29.08,24.55,91.14,2.16,11.7
2000-05-23,18.15,27.17,31.34,24.3,88.22,2.84,12.05
2000-05-24,18.57,27.48,29.7,25.83,93.55,3.16,11.81
2000-05-25,29.31,27.74,30.57,25.76,93.49,3.13,8.43
2000-05-26,36.24,27.74,30.03,26.06,91.85,4.78,8.83
2000-05-27,35.82,27.5,29.81,25.96,91.17,4.88,5.16
2000-05-28,15.4,27.26,29.85,25.34,92.4,3.96,5.32
2000-05-29,6.61,26.53,29.2,24.6,90.93,2.63,14.68
2000-05-30,15.12,27.23,31.09,23.46,88.12,1.63,18.64
2000-05-31,9.59,27.53,30.92,24.36,89.11,1.3,21.72
2000-06-01,0.9,27.97,31.44,24.81,87.8,1.7,15.08
2000-06-02,0.74,28.75,32.29,24.99,83.38,0.96,22.06
2000-06-03,0.37,29.55,33.15,25.51,80.49,1.03,19.81
2000-06-04,3.46,29.68,33.34,26.48,83.11,1.18,17.77
2000-06-05,19.24,28.48,31.74,26.14,88.52,1.9,23.28
2000-06-06,10.72,27.57,30.91,25.52,89.77,3.2,17.81
2000-06-07,9.05,27.46,30.28,25.39,91.05,2.76,14.34
2000-06-08,9.51,27.74,30.43,25.6,91.45,2.67,16.32
2000-06-09,3.16,28.5,31.85,26.03,88.52,3.2,17.88
2000-06-10,18.44,27.95,29.7,26.62,91.73,3.55,6.57
2000-06-11,29.91,27.86,29.81,26.67,91.79,5.15,18.42
2000-06-12,14.8,27.91,30.42,26.37,91.82,3.06,10.85
2000-06-13,2.58,28.07,31.5,25.82,89.39,2.65,17.15
2000-06-14,5.97,28.45,32.35,24.89,86.57,1.45,11.84
2000-06-15,9.39,27.89,31.21,25.55,87.75,1.41,17.66
2000-06-16,12.25,28.13,31.57,25.0,88.35,1.57,21.72
2000-06-17,19.66,27.57,30.38,25.36,91.59,2.16,20.81
2000-06-18,5.16,27.63,32.21,25.46,89.07,3.27,21.99
2000-06-19,12.09,27.24,30.36,24.79,90.83,3.17,15.97
2000-06-20,18.58,27.03,29.18,25.28,93.65,2.55,9.51
2000-06-21,5.76,27.49,30.71,25.21,89.85,3.55,17.99
2000-06-22,16.01,27.35,30.55,25.08,90.37,3.82,15.45
2000-06-23,16.6,27.75,30.77,25.76,91.41,4.42,9.45
2000-06-24,31.18,27.97,30.79,26.1,91.7,3.15,3.99
2000-06-25,14.95,27.59,29.95,25.83,91.56,3.34,9.44
2000-06-26,3.58,27.95,31.57,25.4,89.24,2.76,13.3
2000-06-27,2.36,27.69,31.08,25.64,91.75,1.85,21.32
2000-06-28,2.46,27.24,29.01,25.71,92.57,1.45,15.53
2000-06-29,2.43,28.07,31.87,25.17,87.71,1.87,22.32
2000-06-30,4.48,27.54,30.05,25.3,90.38,1.89,20.17
2000-07-01,3.05,27.7,30.43,24.79,89.34,1.51,20.8
2000-07-02,0.23,28.53,32.23,24.94,85.24,1.1,21.21
2000-07-03,0.04,29.04,32.94,25.22,83.4,1.18,23.75
2000-07-04,0.14,28.5,32.13,25.28,85.56,1.34,24.97
2000-07-05,0.02,28.73,32.95,24.93,84.37,1.56,18.23
2000-07-06,1.87,28.37,31.76,25.57,87.94,1.84,15.8
2000-07-07,7.28,27.49,29.59,25.05,90.92,1.7,17.21
2000-07-08,13.0,28.35,32.12,25.89,89.6,2.84,19.8
2000-07-09,13.84,28.08,30.89,26.0,91.13,2.37,19.24
2000-07-10,6.36,27.57,29.92,26.11,92.46,2.68,22.05
2000-07-11,2.75,28.6,33.33,25.65,88.35,2.19,23.52
2000-07-12,4.87,28.23,31.61,26.04,88.67,4.94,15.86
2000-07-13,7.65,27.88,30.82,26.2,89.98,4.07,20.39
2000-07-14,5.94,27.78,31.04,25.64,90.15,2.8,18.94
2000-07-15,1.73,28.18,31.45,26.34,90.22,2.41,21.73
2000-07-16,0.25,28.16,32.29,25.27,88.74,3.05,22.87
2000-07-17,3.41,28.18,31.46,25.56,89.22,3.14,22.35
2000-07-18,23.7,27.24,28.87,26.14,93.72,4.44,7.64
2000-07-19,18.88,27.25,29.27,25.79,91.51,3.49,12.44
2000-07-20,8.44,27.3,29.51,25.94,93.64,2.92,16.6
2000-07-21,11.65,26.8,28.82,24.9,93.21,1.56,19.21
2000-07-22,15.57,27.28,30.31,24.79,90.07,2.63,21.56
2000-07-23,3.07,27.95,31.34,25.09,88.41,2.27,19.41
2000-07-24,0.58,27.69,30.51,26.01,91.36,3.17,14.21
2000-07-25,1.34,27.36,30.32,25.65,90.65,4.04,20.6
2000-07-26,2.11,27.25,30.38,25.17,89.61,3.12,16.26
2000-07-27,1.18,27.14,31.01,24.66,89.88,3.06,19.67
2000-07-28,0.32,27.03,30.18,25.09,89.63,2.57,18.75
2000-07-29,2.89,27.45,31.09,24.74,88.38,1.99,17.95
2000-07-30,4.12,27.51,30.88,25.05,88.71,2.46,19.25
2000-07-31,5.68,27.59,31.17,24.91,88.1,3.47,12.64
2000-08-01,57.6,27.36,30.32,25.35,91.86,3.48,10.87
2000-08-02,123.34,27.2,29.0,25.62,93.93,2.96,5.54
2000-08-03,38.16,27.25,29.56,25.53,93.7,3.17,8.21
2000-08-04,13.14,27.77,30.87,25.3,90.78,2.19,16.79
2000-08-05,2.97,27.81,31.22,25.36,89.3,2.29,20.08
2000-08-06,5.5,28.29,32.57,25.16,88.02,1.46,21.77
2000-08-07,11.48,28.42,32.02,25.27,86.78,1.07,15.84
2000-08-08,12.14,28.57,32.02,25.44,88.37,1.26,18.92
2000-08-09,5.09,28.09,31.8,25.85,89.93,1.9,15.98
2000-08-10,12.18,27.29,30.56,25.32,91.27,2.29,15.25
2000-08-11,4.67,27.32,30.64,25.4,91.42,3.04,19.33
2000-08-12,6.33,26.84,28.76,25.46,93.09,2.35,16.47
2000-08-13,15.14,26.85,29.1,25.23,92.81,2.64,11.38
2000-08-14,11.9,27.22,30.85,24.81,91.34,3.37,17.37
2000-08-15,10.33,27.36,30.26,24.89,92.0,2.75,12.24
2000-08-16,7.12,27.98,31.6,25.25,91.32,2.74,11.28
2000-08-17,3.38,28.1,31.71,25.6,89.64,2.55,20.14
2000-08-18,2.57,27.94,31.84,25.0,89.3,2.36,20.7
2000-08-19,1.63,27.66,31.37,25.13,89.71,2.87,17.96
2000-08-20,0.63,27.55,31.55,25.26,90.09,1.99,14.6
2000-08-21,1.09,28.23,32.61,25.14,86.1,0.96,17.95
2000-08-22,1.26,27.53,30.34,25.82,89.66,0.91,20.29
2000-08-23,0.57,28.18,32.18,25.18,87.2,0.92,23.65
2000-08-24,7.77,29.06,32.62,25.81,85.0,0.79,19.07
2000-08-25,0.55,29.38,33.22,26.54,86.62,1.04,23.85
2000-08-26,18.98,28.25,31.4,25.98,88.95,1.49,17.87
2000-08-27,1.56,28.3,32.31,25.37,88.15,1.92,21.21
2000-08-28,1.78,27.56,29.52,25.78,92.54,2.07,17.22
2000-08-29,5.78,27.1,28.68,26.07,94.26,2.68,19.5
2000-08-30,14.79,26.92,28.68,25.22,94.33,4.2,10.02
2000-08-31,21.05,27.89,31.14,25.48,90.1,4.02,7.96
2000-09-01,9.81,27.66,30.44,26.24,91.71,3.29,15.69
2000-09-02,5.17,27.45,29.54,26.03,93.5,2.37,16.39
2000-09-03,3.78,28.11,31.77,25.68,90.73,2.63,15.31
2000-09-04,3.49,27.02,28.91,25.55,92.95,2.17,10.75
2000-09-05,5.37,27.65,31.23,25.12,89.9,0.97,19.71
2000-09-06,1.37,26.54,28.29,25.13,94.37,2.05,19.13
2000-09-07,0.05,27.39,31.01,24.99,89.88,2.89,19.25
2000-09-08,0.63,27.11,30.06,25.16,90.62,2.73,17.02
2000-09-09,4.8,27.42,30.26,25.73,91.8,2.94,15.11
2000-09-10,5.69,27.38,30.86,25.4,90.87,2.9,17.53
2000-09-11,1.76,28.24,31.92,25.51,88.52,1.65,17.13
2000-09-12,0.27,27.83,31.18,25.04,90.11,1.56,16.54
2000-09-13,1.8,27.2,30.23,25.58,90.55,3.54,16.69
2000-09-14,3.7,27.0,30.08,25.29,91.65,2.4,17.28
2000-09-15,8.23,27.23,31.05,24.65,90.6,1.83,14.75
2000-09-16,3.57,27.02,30.05,24.73,91.65,1.92,10.79
2000-09-17,13.08,26.27,28.11,25.01,94.67,1.86,12.38
2000-09-18,9.47,25.79,27.67,24.54,92.89,1.89,8.76
2000-09-19,16.24,25.2,26.83,23.76,92.04,1.84,6.87
2000-09-20,25.82,25.49,28.23,23.05,90.08,1.28,11.2
2000-09-21,1.2,25.96,29.75,23.23,87.56,1.48,21.52
2000-09-22,1.23,25.69,29.62,22.36,86.86,1.53,17.77
2000-09-23,1.37,26.7,30.85,23.04,85.69,0.91,13.0
2000-09-24,4.21,26.06,28.98,23.78,91.64,1.55,16.7
2000-09-25,5.57,26.15,29.23,23.82,91.94,1.5,16.85
2000-09-26,4.85,25.9,28.63,23.84,93.51,1.35,18.78
2000-09-27,1.34,26.61,29.32,24.49,86.49,0.53,19.85
2000-09-28,0.0,26.85,31.03,22.84,83.49,0.99,19.86
2000-09-29,0.0,26.52,31.22,22.42,85.16,1.39,21.41
2000-09-30,0.0,26.28,28.91,23.33,85.18,0.92,18.33
2000-10-01,5.07,26.35,30.22,24.17,89.68,1.54,9.4
2000-10-02,5.75,25.99,28.32,24.86,93.28,2.92,4.03
2000-10-03,1.11,26.65,29.2,24.96,92.44,2.5,11.64
2000-10-04,3.69,27.07,30.97,24.3,90.03,1.1,14.59
2000-10-05,1.56,26.7,30.31,24.57,90.3,1.04,18.89
2000-10-06,0.22,27.49,31.12,24.42,85.49,0.75,16.64
2000-10-07,26.11,27.75,31.58,24.39,85.23,0.88,14.28
2000-10-08,9.1,27.51,31.39,24.33,86.98,1.07,19.93
2000-10-09,0.18,27.61,31.2,23.91,83.63,0.61,19.69
2000-10-10,0.09,28.0,31.62,24.15,81.13,0.68,17.43
2000-10-11,0.08,27.76,31.28,24.31,81.64,0.86,20.75
2000-10-12,0.09,27.28,31.24,23.56,84.44,1.2,21.73
2000-10-13,0.06,26.24,30.64,22.68,85.12,1.57,20.94
2000-10-14,0.0,27.49,31.83,23.14,80.09,0.72,20.81
2000-10-15,0.01,28.3,32.57,24.14,80.57,0.99,21.13
2000-10-16,0.19,27.45,30.72,24.67,83.68,0.89,17.92
2000-10-17,2.41,26.85,29.38,24.76,87.27,0.66,7.69
2000-10-18,11.27,26.86,30.54,23.97,84.93,0.65,18.17
2000-10-19,4.88,27.38,31.61,24.16,85.41,0.93,17.94
2000-10-20,1.87,26.77,30.69,22.42,79.31,1.04,20.34
2000-10-21,4.39,26.05,30.28,21.58,81.81,0.89,12.45
2000-10-22,8.46,25.92,30.32,22.59,84.51,1.0,17.53
2000-10-23,2.94,26.0,30.04,21.09,77.62,0.77,14.75
2000-10-24,0.17,24.59,29.77,20.56,82.74,1.11,17.62
2000-10-25,0.0,24.38,29.77,19.71,82.98,1.37,20.08
2000-10-26,0.18,25.28,30.67,19.76,81.32,0.75,12.31
2000-10-27,59.59,23.81,25.53,22.37,94.41,1.91,4.73
2000-10-28,43.23,24.15,27.53,21.59,94.29,3.27,3.58
2000-10-29,0.86,26.2,30.29,23.28,87.61,2.2,10.86
2000-10-30,0.0,24.74,29.4,20.7,84.91,0.94,17.32
2000-10-31,0.0,23.75,29.0,19.17,85.73,1.22,19.21
2000-11-01,0.0,23.36,28.61,18.91,84.23,1.46,20.1
2000-11-02,0.0,23.92,29.57,18.79,81.26,1.03,20.46
2000-11-03,0.0,24.07,29.23,19.93,80.22,1.02,20.22
2000-11-04,0.0,23.34,28.91,19.03,82.54,1.12,20.14
2000-11-05,0.0,23.07,27.93,18.0,78.67,1.08,19.51
2000-11-06,0.02,23.39,28.15,18.14,78.49,0.9,17.93
2000-11-07,0.0,22.47,27.41,18.27,81.01,1.22,17.45
2000-11-08,0.0,21.47,27.47,16.76,85.47,1.42,19.1
2000-11-09,0.0,21.68,27.27,16.4,80.66,1.18,18.17
2000-11-10,0.0,22.42,28.42,16.63,78.41,0.76,18.12
2000-11-11,0.0,22.55,27.57,17.21,79.4,0.84,18.44
2000-11-12,0.01,22.25,27.9,16.66,79.82,0.77,19.19
2000-11-13,0.2,22.26,27.68,16.66,80.69,0.73,18.25
2000-11-14,0.0,22.68,27.88,17.0,78.13,0.71,18.28
2000-11-15,0.0,21.49,26.98,17.04,83.52,1.35,18.33
2000-11-16,0.0,21.03,27.04,15.52,83.57,1.23,18.48
2000-11-17,0.0,21.24,26.6,15.91,82.79,1.23,17.73
2000-11-18,0.0,21.68,26.81,17.2,80.31,0.82,17.71
2000-11-19,0.0,22.02,26.73,17.11,79.75,0.93,17.38
2000-11-20,0.0,22.07,27.21,16.43,77.86,0.82,16.64
2000-11-21,0.0,20.76,26.52,16.36,86.7,1.35,16.97
2000-11-22,0.0,20.28,26.33,15.3,83.56,1.48,16.66
2000-11-23,0.0,20.66,26.56,15.51,82.69,1.41,16.55
2000-11-24,0.0,20.61,25.99,16.29,82.44,1.25,16.21
2000-11-25,0.0,19.64,25.04,15.03,84.54,1.47,16.59
2000-11-26,0.0,19.71,25.84,14.3,81.17,1.19,16.49
2000-11-27,0.0,20.09,26.03,14.23,79.3,1.11,17.04
2000-11-28,8.42,20.17,26.21,13.94,78.88,1.03,7.65
2000-11-29,10.37,20.27,25.22,16.37,78.4,1.06,12.41
2000-11-30,0.0,19.17,25.91,13.75,78.83,1.6,17.29
2000-12-01,0.0,18.51,24.87,13.4,77.11,1.51,17.58
2000-12-02,0.0,17.45,24.5,12.66,76.86,1.63,16.15
2000-12-03,0.0,16.34,23.86,10.49,77.39,1.6,17.03
2000-12-04,0.0,16.97,23.23,11.82,76.68,0.88,17.28
2000-12-05,0.0,17.15,23.11,12.16,73.46,0.95,15.9
2000-12-06,0.0,16.9,22.86,12.02,72.4,1.21,16.34
2000-12-07,0.0,16.46,23.42,10.42,79.03,1.48,17.03
2000-12-08,0.0,16.69,23.53,10.83,79.43,1.23,16.34
2000-12-09,0.0,17.06,23.53,11.91,76.4,1.28,16.13
2000-12-10,0.0,17.63,23.48,11.73,72.9,1.04,15.96
2000-12-11,0.0,17.37,23.01,11.25,72.57,0.89,15.73
2000-12-12,0.04,16.8,23.14,10.9,75.93,1.3,15.88
2000-12-13,0.0,16.86,23.48,11.2,78.7,1.29,16.12
2000-12-14,0.0,17.13,22.82,11.51,78.87,0.92,14.46
2000-12-15,0.0,17.58,23.3,13.21,71.89,1.08,15.18
2000-12-16,0.0,17.06,23.47,10.43,74.84,1.29,17.1
2000-12-17,0.0,17.24,23.77,11.16,72.4,0.98,16.96
2000-12-18,0.0,17.69,23.68,12.68,68.82,0.78,15.64
2000-12-19,0.0,17.1,23.47,11.69,72.87,1.1,16.19
2000-12-20,0.0,16.82,23.94,10.97,78.4,1.25,16.29
2000-12-21,0.0,17.1,23.82,11.27,77.08,1.01,16.8
2000-12-22,0.0,17.75,24.6,11.37,74.87,1.31,17.51
2000-12-23,0.0,17.68,24.79,11.91,76.11,0.9,17.63
2000-12-24,0.0,18.17,25.03,11.65,73.37,0.81,17.92
2000-12-25,0.0,18.58,25.04,12.92,67.66,0.8,17.58
2000-12-26,0.0,18.37,25.32,12.74,68.56,0.83,16.26
2000-12-27,0.0,18.48,25.3,12.88,69.58,1.02,14.82
2000-12-28,0.0,18.26,25.46,12.94,73.71,1.29,15.73
2000-12-29,0.0,17.49,24.56,12.64,71.75,1.24,16.9
2000-12-30,0.0,16.98,24.89,10.84,73.93,1.43,17.56
2000-12-31,0.0,17.42,24.74,11.72,70.89,1.13,17.57
2001-01-01,0.0,17.59,24.18,11.64,69.68,0.96,16.31
2001-01-02,0.0,17.82,24.5,12.6,74.74,1.15,15.92
2001-01-03,0.0,18.9,25.74,14.28,78.52,1.58,15.68
2001-01-04,0.0,16.0,23.42,10.3,70.83,1.56,14.49
2001-01-05,0.0,15.14,22.04,10.56,65.74,1.22,14.69
2001-01-06,0.0,13.77,21.65,7.6,70.69,1.5,15.51
2001-01-07,0.0,14.15,21.77,8.27,69.62,1.23,16.08
2001-01-08,0.0,14.78,22.66,8.48,67.89,1.3,16.67
2001-01-09,0.0,15.63,23.24,8.85,64.26,1.15,13.62
2001-01-10,0.0,14.67,22.8,9.56,65.4,1.37,14.2
2001-01-11,0.0,13.49,21.56,8.15,56.36,1.23,15.84
2001-01-12,0.0,13.15,21.94,6.74,62.87,1.53,15.87
2001-01-13,0.0,14.1,22.9,7.58,62.81,1.27,16.28
2001-01-14,0.0,15.02,23.88,9.4,61.4,1.4,16.7
2001-01-15,0.0,15.46,24.67,9.43,61.39,1.49,17.55
2001-01-16,0.0,15.97,24.5,9.93,61.76,1.2,17.76
2001-01-17,0.0,16.93,25.65,11.28,60.58,1.32,18.14
2001-01-18,0.0,16.64,25.31,10.31,62.0,1.34,18.25
2001-01-19,0.0,16.92,25.47,10.64,61.52,1.41,18.47
2001-01-20,0.0,17.62,26.03,12.0,58.72,1.12,18.35
2001-01-21,0.0,17.58,25.41,12.16,57.77,1.11,18.22
2001-01-22,0.0,17.7,24.92,10.49,49.13,1.01,17.77
2001-01-23,0.0,17.53,26.03,10.19,63.49,1.51,13.55
2001-01-24,0.0,18.23,25.84,12.49,62.13,1.19,14.97
2001-01-25,0.0,15.09,22.94,7.77,49.2,1.35,16.8
2001-01-26,0.0,14.28,22.43,8.07,47.92,1.33,17.17
2001-01-27,0.0,14.29,22.4,7.52,50.98,1.1,16.44
2001-01-28,0.0,15.15,23.92,8.11,55.25,1.24,17.1
2001-01-29,0.0,16.09,24.61,8.31,57.85,1.18,17.31
2001-01-30,0.0,17.85,24.52,10.88,53.59,0.8,16.75
2001-01-31,0.0,18.28,26.73,11.0,57.59,1.06,15.86
2001-02-01,0.0,18.38,27.14,10.89,67.25,1.43,14.52
2001-02-02,0.0,20.39,28.48,13.0,65.09,1.34,16.18
2001-02-03,0.0,19.23,27.19,13.27,53.84,1.24,16.69
2001-02-04,0.0,18.65,28.9,10.73,49.63,1.66,19.12
2001-02-05,0.0,19.53,28.64,11.34,43.11,1.33,15.36
2001-02-06,0.0,20.92,29.75,14.81,44.82,1.21,14.93
2001-02-07,0.0,19.17,27.73,13.53,47.84,1.53,19.07
2001-02-08,0.0,18.73,26.6,12.77,37.34,1.18,19.12
2001-02-09,0.0,19.14,26.79,12.06,34.26,0.97,18.44
2001-02-10,0.0,18.57,26.16,11.23,39.02,0.99,17.77
2001-02-11,0.0,19.17,27.38,9.82,44.11,1.06,18.59
2001-02-12,0.0,18.97,28.22,11.09,47.64,1.26,19.62
2001-02-13,0.0,19.0,29.2,11.05,52.04,1.63,20.48
2001-02-14,0.0,19.91,29.47,12.08,48.14,1.44,20.36
2001-02-15,0.0,22.44,32.07,13.86,41.52,1.19,17.38
2001-02-16,0.0,22.75,31.91,13.05,41.9,1.1,20.58
2001-02-17,0.0,23.54,32.43,16.41,41.29,1.09,19.75
2001-02-18,0.0,24.28,32.5,15.44,41.94,1.08,19.59
2001-02-19,0.0,24.08,32.28,16.26,52.85,1.47,16.82
2001-02-20,0.0,23.64,31.95,15.44,43.39,1.3,19.56
2001-02-21,1.24,22.82,31.48,14.57,50.26,1.54,18.07
2001-02-22,2.16,22.98,29.21,17.51,73.4,1.17,16.12
2001-02-23,0.0,23.51,31.03,16.3,54.25,1.05,19.1
2001-02-24,0.44,22.8,31.16,15.48,52.0,1.65,17.28
2001-02-25,3.74,23.87,30.69,18.06,77.73,2.99,15.8
2001-02-26,28.98,23.72,28.41,20.92,84.15,3.52,12.23
2001-02-27,7.6,24.15,29.84,20.43,81.17,1.98,15.77
2001-02-28,0.0,24.64,32.09,18.54,68.01,1.16,17.42
2001-03-01,0.4,24.45,32.58,17.06,60.22,1.17,18.54
2001-03-02,0.0,25.37,32.41,18.28,54.24,1.6,20.21
2001-03-03,0.0,24.18,33.14,17.16,43.51,1.9,21.99
2001-03-04,0.0,23.7,33.09,14.26,34.52,1.56,23.6
2001-03-05,0.27,22.89,31.49,15.61,41.19,2.07,16.85
2001-03-06,0.0,23.08,31.62,15.59,53.32,1.55,22.61
2001-03-07,0.0,22.94,32.06,15.39,47.89,1.78,23.0
2001-03-08,0.0,23.2,32.6,14.58,43.54,1.67,21.14
2001-03-09,0.0,24.16,33.47,16.56,39.37,1.59,18.28
2001-03-10,0.0,24.34,33.76,17.16,35.13,1.5,22.1
2001-03-11,0.0,24.05,34.1,16.23,32.21,1.62,23.57
2001-03-12,0.0,24.05,34.18,14.74,32.04,1.82,23.09
2001-03-13,0.0,25.17,34.19,18.25,29.38,1.73,23.4
2001-03-14,0.0,25.64,34.83,16.36,32.1,0.94,22.32
2001-03-15,0.03,26.04,35.22,17.57,50.44,1.46,21.73
2001-03-16,0.0,27.19,35.63,19.49,50.71,1.65,21.14
2001-03-17,0.0,27.02,35.56,17.72,38.76,1.31,23.32
2001-03-18,1.32,27.3,36.09,19.11,51.19,1.41,21.97
2001-03-19,0.0,27.59,36.31,19.95,42.24,1.38,24.2
2001-03-20,0.0,27.96,37.62,16.75,28.56,1.24,23.9
2001-03-21,0.0,28.95,37.83,19.06,36.89,1.24,22.8
2001-03-22,0.09,29.08,38.26,20.19,55.03,1.81,21.93
2001-03-23,1.07,27.92,33.88,23.57,61.53,1.28,14.94
2001-03-24,0.83,29.36,36.47,23.05,53.49,2.02,19.86
2001-03-25,0.04,28.99,37.0,21.81,49.67,1.9,21.67
2001-03-26,0.08,28.77,37.69,20.75,56.03,2.29,19.91
2001-03-27,2.02,28.49,36.69,21.02,58.14,2.53,21.75
2001-03-28,4.65,28.47,35.53,21.88,61.12,2.13,18.98
2001-03-29,2.44,29.17,36.21,22.81,61.09,2.01,20.96
2001-03-30,1.4,28.68,34.69,23.08,66.81,1.95,17.08
2001-03-31,0.56,27.61,33.55,23.63,67.99,1.41,20.61
2001-04-01,6.3,27.98,32.6,22.84,63.71,1.15,22.96
2001-04-02,4.09,27.89,33.59,22.06,64.7,1.33,19.92
2001-04-03,0.29,29.63,37.02,22.4,50.69,1.22,23.88
2001-04-04,0.0,30.57,37.79,22.2,39.96,1.24,24.68
2001-04-05,0.24,30.18,38.65,22.41,39.49,1.6,23.86
2001-04-06,0.0,30.94,40.13,20.07,37.59,1.25,24.16
2001-04-07,0.0,31.68,40.84,23.07,38.39,1.57,24.61
2001-04-08,0.0,31.81,39.6,25.14,52.8,3.18,22.92
2001-04-09,0.0,29.89,36.68,25.44,65.62,3.64,16.52
2001-04-10,0.08,28.98,34.55,24.93,68.64,3.12,19.64
2001-04-11,0.12,30.01,38.4,23.57,63.57,3.09,20.93
2001-04-12,0.15,29.83,36.69,24.04,62.09,3.21,19.26
2001-04-13,5.15,29.04,36.0,25.05,63.42,2.83,12.18
2001-04-14,2.53,27.31,32.7,23.43,61.27,1.31,16.05
2001-04-15,0.74,27.59,32.3,23.55,60.33,1.3,19.73
2001-04-16,0.6,29.23,36.23,22.33,58.57,1.5,22.27
2001-04-17,7.35,29.68,36.39,23.67,66.05,1.8,23.22
2001-04-18,2.29,28.77,34.87,24.57,62.09,1.51,20.19
2001-04-19,0.09,30.51,37.65,23.09,47.58,1.57,25.69
2001-04-20,1.7,31.12,37.84,25.75,52.98,2.17,22.58
2001-04-21,0.3,30.65,38.99,23.61,50.9,2.04,24.71
2001-04-22,0.0,30.63,39.1,22.66,53.14,1.84,25.95
2001-04-23,0.0,31.24,40.07,23.32,48.54,1.77,26.46
2001-04-24,0.0,31.7,40.57,22.26,47.31,1.44,26.09
2001-04-25,0.0,31.61,40.49,23.56,46.83,2.43,26.05
2001-04-26,0.0,31.44,40.45,24.32,58.61,4.38,25.08
2001-04-27,0.47,30.78,38.16,25.52,60.8,4.49,22.95
2001-04-28,2.63,30.29,36.5,26.2,63.22,5.08,21.22
2001-04-29,13.37,29.51,34.63,25.49,70.23,3.85,16.4
2001-04-30,26.47,27.85,31.5,24.68,81.93,2.74,16.81
2001-05-01,5.27,29.4,35.36,23.57,66.83,1.02,25.56
2001-05-02,4.95,29.72,34.36,24.32,64.82,1.17,11.56
2001-05-03,44.27,27.83,31.63,24.5,77.98,2.09,6.3
2001-05-04,28.36,26.62,30.25,24.05,87.99,2.02,10.15
2001-05-05,20.55,26.6,29.75,24.28,88.62,2.3,11.66
2001-05-06,14.97,25.32,27.29,24.11,91.08,2.75,11.77
2001-05-07,42.66,26.73,30.7,23.28,84.73,3.44,8.88
2001-05-08,32.6,27.2,30.96,24.67,87.77,2.69,2.83
2001-05-09,19.99,27.69,31.23,25.13,87.26,3.66,10.46
2001-05-10,38.71,28.36,31.89,26.22,90.13,4.54,4.23
2001-05-11,37.31,28.02,30.83,25.89,89.99,2.89,13.99
2001-05-12,5.11,26.33,28.56,23.85,89.56,1.95,20.28
2001-05-13,0.02,27.04,32.2,22.12,81.18,1.62,27.35
2001-05-14,0.0,28.06,33.0,23.51,81.37,1.23,24.25
2001-05-15,0.07,29.02,34.27,23.85,79.58,0.9,23.42
2001-05-16,0.41,28.79,33.73,24.49,79.13,1.08,20.85
2001-05-17,1.69,28.12,32.22,24.41,82.88,1.34,22.77
2001-05-18,4.58,28.15,32.15,24.66,83.31,1.33,23.49
2001-05-19,4.99,28.24,32.14,24.62,84.14,1.29,16.8
2001-05-20,9.22,28.19,32.08,24.6,85.55,1.62,19.61
2001-05-21,6.52,27.33,30.06,24.92,91.2,1.73,22.34
2001-05-22,11.25,27.85,30.96,25.03,89.94,2.41,11.91
2001-05-23,13.33,28.66,32.78,25.63,86.71,2.48,15.98
2001-05-24,3.47,27.85,30.9,25.63,90.4,2.53,12.87
2001-05-25,0.75,28.0,32.05,24.76,86.93,2.32,21.9
2001-05-26,9.52,27.89,31.0,25.3,90.16,1.85,13.07
2001-05-27,0.15,28.19,31.92,25.18,86.52,0.99,23.08
2001-05-28,2.29,27.88,31.2,25.17,87.84,1.57,21.8
2001-05-29,9.34,27.52,30.53,25.04,88.72,1.88,13.74
2001-05-30,5.81,27.48,30.58,24.86,89.8,1.79,18.29
2001-05-31,7.43,27.98,31.77,25.01,86.65,1.96,14.85
2001-06-01,17.4,28.12,31.68,25.29,87.6,2.58,15.71
2001-06-02,12.76,28.14,31.65,25.96,87.52,3.12,18.69
2001-06-03,15.35,26.87,29.53,24.91,92.94,3.36,10.02
2001-06-04,40.02,26.49,28.45,24.8,92.74,2.87,8.95
2001-06-05,82.13,26.88,28.46,25.98,94.01,3.25,2.48
2001-06-06,49.3,27.27,29.25,25.68,93.58,2.45,3.32
2001-06-07,15.64,27.24,29.53,25.55,91.9,2.73,14.24
2001-06-08,18.15,27.08,29.37,25.39,93.88,2.82,9.82
2001-06-09,4.35,27.29,29.4,25.74,92.42,2.49,19.19
2001-06-10,9.03,27.33,29.49,25.52,93.39,1.78,21.9
2001-06-11,7.78,27.69,30.11,25.77,90.18,1.78,23.69
2001-06-12,0.75,27.74,30.44,25.69,90.52,3.02,25.59
2001-06-13,14.3,27.6,29.64,26.16,92.29,2.8,19.21
2001-06-14,36.95,26.72,28.79,25.18,93.84,2.89,3.88
2001-06-15,37.88,27.06,29.74,25.53,92.55,3.12,9.69
2001-06-16,46.89,26.25,28.89,23.87,91.04,2.62,14.86
2001-06-17,22.25,26.53,28.71,25.01,93.58,2.73,12.48
2001-06-18,20.15,26.98,28.97,25.88,92.81,4.34,12.26
2001-06-19,34.07,27.56,30.51,25.74,91.07,4.04,13.84
2001-06-20,47.16,27.82,30.63,25.18,91.41,3.71,13.61
2001-06-21,6.12,28.63,31.87,26.3,89.93,2.73,19.74
2001-06-22,0.61,28.44,32.11,25.7,89.17,2.51,22.93
2001-06-23,1.18,28.29,31.64,25.93,89.24,2.81,20.34
2001-06-24,0.79,27.72,30.73,25.85,91.16,3.02,20.84
2001-06-25,0.16,27.74,31.39,25.69,90.42,2.87,20.73
2001-06-26,2.14,27.35,29.63,25.7,92.16,2.87,20.54
2001-06-27,4.95,27.27,30.5,25.32,89.65,3.1,19.38
2001-06-28,1.06,27.68,32.0,24.28,89.14,3.34,20.3
2001-06-29,6.61,27.63,30.47,25.66,90.84,3.34,17.76
2001-06-30,14.29,27.41,30.65,25.64,91.56,3.59,11.15
2001-07-01,21.56,27.13,29.84,25.24,91.82,3.09,10.35
2001-07-02,2.19,27.04,30.07,24.68,90.16,2.84,18.2
2001-07-03,0.52,27.28,29.94,25.01,90.29,1.79,21.78
2001-07-04,0.73,28.05,31.93,25.64,90.32,1.81,22.4
2001-07-05,3.57,27.36,29.07,25.67,93.52,1.42,21.27
2001-07-06,2.33,27.89,31.0,25.9,91.42,1.95,22.48
2001-07-07,6.69,27.65,29.69,26.2,93.57,1.91,23.67
2001-07-08,3.41,28.27,30.76,26.01,90.93,2.49,24.2
2001-07-09,2.2,28.15,31.78,26.3,90.52,3.43,15.93
2001-07-10,12.35,27.21,29.68,25.79,92.64,3.15,17.3
2001-07-11,9.86,27.13,30.57,25.34,91.55,3.45,17.61
2001-07-12,12.53,27.52,30.55,25.3,89.61,2.94,15.63
2001-07-13,9.26,27.3,30.55,25.12,89.38,3.13,17.06
2001-07-14,9.94,27.49,30.75,25.42,90.55,3.42,15.87
2001-07-15,4.18,27.56,30.5,25.32,92.23,2.59,20.66
2001-07-16,1.7,27.18,29.3,25.79,94.24,2.2,19.36
2001-07-17,2.0,27.4,30.58,25.11,90.85,2.63,21.38
2001-07-18,4.65,27.75,31.52,25.2,88.82,3.07,20.83
2001-07-19,2.28,27.41,30.37,25.3,90.5,3.44,16.07
2001-07-20,12.08,27.01,28.88,25.57,93.22,3.25,17.65
2001-07-21,6.69,27.62,30.76,25.39,89.99,3.23,15.82
2001-07-22,2.54,27.61,30.2,25.53,91.2,1.82,20.75
2001-07-23,5.97,27.98,31.59,25.5,89.83,2.41,20.6
2001-07-24,10.57,27.26,30.02,25.67,92.33,2.35,17.06
2001-07-25,12.34,27.39,30.8,25.41,90.59,2.7,13.21
2001-07-26,6.2,27.28,29.69,25.31,91.17,3.32,17.06
2001-07-27,5.06,27.81,30.95,25.51,90.4,3.69,16.84
2001-07-28,21.71,27.69,30.45,25.76,90.95,3.95,11.8
2001-07-29,52.84,27.78,30.54,25.88,90.78,3.72,10.66
2001-07-30,35.41,27.13,30.13,25.4,91.89,3.49,7.76
2001-07-31,42.73,27.84,30.68,25.64,92.2,3.1,10.72
2001-08-01,58.89,27.44,29.55,26.04,93.42,2.82,11.16
2001-08-02,5.43,28.37,32.24,25.38,87.71,1.51,16.38
2001-08-03,1.13,28.21,31.55,25.73,89.31,2.36,20.14
2001-08-04,5.24,27.75,30.65,25.56,90.02,1.34,18.33
2001-08-05,35.72,27.89,31.68,25.05,89.82,1.65,17.0
2001-08-06,6.55,28.17,31.14,25.61,89.25,1.02,16.91
2001-08-07,19.98,28.55,32.01,25.85,86.01,0.93,22.16
2001-08-08,10.41,27.37,29.88,25.69,91.21,1.43,19.77
2001-08-09,7.22,27.58,31.34,25.31,91.3,1.78,20.4
2001-08-10,1.26,27.83,31.49,25.28,89.7,2.34,21.24
2001-08-11,1.03,28.09,32.23,25.36,89.77,2.11,19.94
2001-08-12,0.68,27.89,31.39,25.08,89.86,1.74,20.01
2001-08-13,4.85,27.77,30.82,25.61,89.11,1.34,17.25
2001-08-14,2.67,26.81,29.91,24.76,92.73,3.06,18.52
2001-08-15,4.87,27.73,31.62,25.22,90.55,2.97,19.02
2001-08-16,2.45,28.28,32.49,25.3,89.18,2.31,19.25
2001-08-17,1.17,28.7,32.51,26.19,89.11,2.24,19.28
2001-08-18,0.48,28.21,31.28,26.11,90.78,2.63,21.61
2001-08-19,5.99,28.38,31.49,26.33,91.44,1.95,18.23
2001-08-20,4.4,28.48,32.43,26.28,91.08,2.06,20.91
2001-08-21,1.44,27.28,29.8,25.68,92.72,2.55,17.89
2001-08-22,0.51,27.68,32.33,25.1,88.64,2.74,20.68
2001-08-23,0.64,27.74,31.69,24.89,89.21,3.03,21.06
2001-08-24,2.99,27.77,31.52,25.33,89.57,3.14,13.61
2001-08-25,5.63,27.85,31.2,25.42,90.82,3.16,15.46
2001-08-26,35.45,27.99,30.91,25.69,91.81,2.85,16.16
2001-08-27,20.35,27.61,29.48,26.62,94.89,3.21,14.59
2001-08-28,4.09,28.03,29.96,26.14,91.44,1.26,20.59
2001-08-29,6.11,28.17,31.89,25.68,90.9,1.52,16.75
2001-08-30,2.66,27.62,30.91,25.4,92.91,2.16,19.78
2001-08-31,3.3,27.96,31.54,25.47,90.62,2.59,18.51
2001-09-01,2.88,27.43,30.62,25.2,90.65,2.7,16.99
2001-09-02,0.59,27.43,31.06,24.57,88.41,2.27,18.27
2001-09-03,0.74,27.39,31.0,24.75,88.52,2.17,12.25
2001-09-04,0.23,27.36,31.38,24.37,88.96,2.31,20.81
2001-09-05,0.25,27.59,31.15,25.22,89.56,2.87,18.95
2001-09-06,10.4,27.4,30.91,25.27,90.07,3.34,18.31
2001-09-07,5.8,27.43,30.4,25.07,90.09,2.94,17.24
2001-09-08,2.03,27.56,30.31,25.65,90.35,2.69,18.39
2001-09-09,4.01,27.84,31.33,25.35,90.24,2.11,16.74
2001-09-10,3.26,27.25,30.17,25.13,91.57,2.08,18.81
2001-09-11,1.99,26.94,30.44,24.41,89.74,2.33,18.29
2001-09-12,3.49,27.42,31.38,24.91,90.0,2.27,17.85
2001-09-13,3.97,26.87,30.25,24.76,90.85,2.19,19.53
2001-09-14,1.26,27.68,31.53,24.38,87.73,1.34,19.63
2001-09-15,0.14,28.55,32.38,24.69,83.63,0.69,19.7
2001-09-16,5.48,28.37,31.7,25.54,83.7,0.72,15.92
2001-09-17,12.13,26.82,29.69,24.98,90.95,1.12,16.86
2001-09-18,57.15,26.43,29.92,23.66,91.06,2.04,8.77
2001-09-19,28.2,26.36,29.36,24.68,92.0,1.87,5.16
2001-09-20,3.74,27.06,30.89,23.52,86.96,1.25,16.03
2001-09-21,0.24,26.14,28.36,23.72,87.23,0.81,20.22
2001-09-22,1.2,27.93,32.18,23.38,79.01,0.74,18.22
2001-09-23,5.48,27.86,31.38,25.45,84.28,0.62,15.0
2001-09-24,3.75,28.42,31.63,25.09,81.59,0.46,14.55
2001-09-25,0.68,27.64,31.09,24.75,85.05,1.1,16.26
2001-09-26,0.18,27.72,30.7,24.64,84.87,0.89,20.72
2001-09-27,0.14,27.8,30.7,25.59,85.59,0.64,17.51
2001-09-28,0.04,28.28,31.72,24.75,83.26,0.62,19.98
2001-09-29,0.63,28.28,32.25,25.22,85.79,0.87,22.26
2001-09-30,9.57,26.9,29.03,25.23,93.74,1.22,17.51
2001-10-01,4.61,26.99,30.0,24.6,89.56,0.84,16.06
2001-10-02,15.42,26.71,29.78,24.23,91.57,0.9,13.66
2001-10-03,26.69,26.58,29.4,24.21,89.29,0.81,13.1
2001-10-04,11.28,26.05,28.59,24.48,91.28,1.14,15.1
2001-10-05,3.56,25.78,28.09,24.08,93.72,1.43,17.46
2001-10-06,0.49,26.81,29.94,24.42,91.32,1.25,17.73
2001-10-07,0.48,27.5,31.16,24.17,88.61,1.2,19.23
2001-10-08,1.31,27.92,31.64,25.24,88.54,0.99,18.09
2001-10-09,8.47,26.96,29.83,24.64,90.63,0.94,18.67
2001-10-10,9.24,26.88,29.69,24.87,89.31,0.84,8.13
2001-10-11,2.92,26.64,29.63,24.1,89.32,0.99,15.84
2001-10-12,0.93,26.41,29.01,24.4,88.95,0.71,17.63
2001-10-13,2.18,26.8,30.64,23.52,83.98,0.78,13.8
2001-10-14,17.28,26.87,29.6,24.29,82.91,0.73,5.5
2001-10-15,6.64,27.23,30.8,23.56,83.47,0.82,19.43
2001-10-16,15.65,27.16,31.08,23.73,85.37,0.96,19.61
2001-10-17,21.76,27.38,31.06,24.15,84.81,0.72,17.97
2001-10-18,25.19,25.28,26.59,23.8,94.44,2.09,11.37
2001-10-19,2.04,26.72,29.67,23.86,83.73,1.9,16.79
2001-10-20,0.01,25.78,29.49,22.51,83.94,1.08,18.78
2001-10-21,0.0,25.69,30.11,21.49,84.97,1.08,19.3
2001-10-22,0.0,25.79,30.5,22.02,84.42,1.46,20.85
2001-10-23,0.0,25.51,30.47,21.46,82.68,1.5,20.91
2001-10-24,0.0,25.52,30.65,21.08,83.49,1.36,20.39
2001-10-25,0.0,26.22,31.22,21.38,78.78,0.91,20.37
2001-10-26,0.04,25.91,30.32,21.72,79.68,1.1,20.21
2001-10-27,6.52,25.24,29.46,21.43,85.63,1.09,6.53
2001-10-28,0.52,25.11,28.81,22.53,88.21,1.19,12.5
2001-10-29,0.01,25.13,29.26,21.92,86.51,1.16,14.33
2001-10-30,6.8,25.06,28.53,22.16,88.14,1.22,8.69
2001-10-31,12.98,25.05,28.19,22.52,92.7,1.79,11.0
2001-11-01,3.01,25.93,29.94,22.9,86.76,1.04,16.4
2001-11-02,0.04,24.9,29.4,20.81,84.86,1.01,18.96
2001-11-03,0.12,24.26,28.89,20.54,81.72,1.13,18.84
2001-11-04,0.0,23.77,28.17,19.31,76.36,0.88,17.69
2001-11-05,0.0,23.26,28.29,18.69,84.43,1.27,18.93
2001-11-06,0.0,23.3,28.27,18.97,84.81,1.4,18.4
2001-11-07,0.66,23.54,27.16,19.77,82.08,0.78,9.19
2001-11-08,1.6,23.69,27.34,20.4,81.93,0.65,7.54
2001-11-09,0.04,23.71,28.66,19.26,85.18,0.99,12.37
2001-11-10,1.01,23.49,26.89,20.2,84.94,1.08,10.6
2001-11-11,20.25,22.8,24.69,21.23,94.31,1.73,5.91
2001-11-12,9.38,23.17,26.91,20.09,92.88,1.18,6.1
2001-11-13,0.03,24.76,29.3,21.4,87.08,1.04,16.53
2001-11-14,0.0,23.55,28.52,19.8,87.08,1.46,18.36
2001-11-15,0.0,23.24,28.75,18.35,85.57,1.0,17.27
2001-11-16,0.0,23.23,28.15,19.07,81.94,0.97,18.1
2001-11-17,0.0,23.15,27.63,18.85,77.26,0.77,18.32
2001-11-18,0.22,22.4,27.41,18.28,80.65,1.25,17.61
2001-11-19,0.28,21.97,27.43,17.37,83.08,1.31,8.95
2001-11-20,0.0,22.0,27.54,17.23,80.68,0.99,17.27
2001-11-21,0.04,22.23,26.79,17.15,77.35,0.73,16.7
2001-11-22,0.02,21.99,27.35,16.79,77.62,1.02,14.72
2001-11-23,0.0,20.81,26.13,17.02,84.04,0.96,13.02
2001-11-24,0.0,20.38,25.92,16.5,83.1,1.33,14.92
2001-11-25,0.0,20.42,26.44,15.49,82.59,1.16,17.21
2001-11-26,0.0,20.89,26.89,15.33,82.85,1.05,17.59
2001-11-27,0.0,20.69,26.59,16.03,80.67,1.15,17.33
2001-11-28,0.0,19.12,24.93,14.56,80.94,1.28,17.5
2001-11-29,0.0,18.16,24.74,13.42,82.78,1.5,16.52
2001-11-30,0.0,17.18,23.45,12.45,82.63,1.5,16.62
2001-12-01,0.0,16.83,23.72,12.74,75.54,1.25,15.82
2001-12-02,0.0,16.95,22.56,12.73,73.19,0.86,15.72
2001-12-03,0.0,16.17,22.43,11.01,79.51,1.22,15.51
2001-12-04,0.0,17.51,23.49,12.03,78.73,1.14,16.1
2001-12-05,0.0,17.88,23.65,12.77,79.11,1.06,16.06
2001-12-06,0.0,17.39,23.98,11.79,82.15,1.21,15.86
2001-12-07,0.0,17.49,22.94,12.53,82.34,0.98,15.14
2001-12-08,0.0,18.05,23.65,12.94,79.22,0.79,14.28
2001-12-09,0.0,17.52,24.29,11.67,82.94,1.02,13.65
2001-12-10,0.0,16.82,23.41,12.19,84.33,1.29,15.04
2001-12-11,0.0,16.63,23.43,11.7,81.94,1.16,16.0
2001-12-12,0.0,16.51,23.92,11.04,80.06,1.32,16.17
2001-12-13,0.0,16.23,23.05,10.43,76.38,1.3,15.78
2001-12-14,0.0,16.45,23.1,10.72,74.66,1.1,14.3
2001-12-15,0.0,17.22,23.97,11.35,74.1,0.9,15.9
2001-12-16,0.0,17.36,23.16,11.44,72.18,0.83,15.62
2001-12-17,0.0,16.18,22.81,10.29,76.45,1.38,16.64
2001-12-18,0.0,16.26,23.2,10.3,72.89,1.3,15.41
2001-12-19,0.0,16.76,23.19,10.89,69.51,1.18,15.72
2001-12-20,0.0,17.1,23.57,11.99,71.77,1.14,13.24
2001-12-21,0.0,16.58,23.24,11.75,78.89,1.29,11.82
2001-12-22,24.03,17.03,24.04,10.42,78.63,1.39,12.33
2001-12-23,0.0,18.29,24.75,12.41,73.78,0.84,15.99
2001-12-24,0.0,18.48,24.72,13.82,73.41,0.77,14.61
2001-12-25,0.0,18.43,24.21,13.68,69.17,0.84,16.32
2001-12-26,0.0,18.02,24.52,12.49,69.2,0.89,15.7
2001-12-27,0.0,18.18,24.88,13.23,71.89,0.98,15.82
2001-12-28,0.0,17.72,24.07,12.57,73.54,1.16,16.68
2001-12-29,0.0,17.3,24.03,12.28,74.88,1.13,16.45
2001-12-30,0.0,16.39,23.31,10.61,76.31,1.32,15.8
2001-12-31,0.0,15.83,22.58,10.82,76.3,1.48,15.83
2002-01-01,0.0,14.99,21.45,9.31,77.65,1.42,14.59
2002-01-02,0.0,15.59,23.87,8.74,75.99,1.29,16.9
2002-01-03,0.0,16.81,24.32,10.17,70.53,1.25,17.05
2002-01-04,0.0,18.28,24.73,12.77,66.25,0.98,14.62
2002-01-05,0.0,18.49,25.06,12.77,66.56,1.01,16.11
2002-01-06,0.0,18.23,24.9,13.29,65.97,1.09,16.4
2002-01-07,0.04,17.37,24.01,12.83,72.24,0.9,9.03
2002-01-08,0.11,18.33,23.46,14.67,68.89,0.72,9.9
2002-01-09,0.0,18.29,24.33,13.38,64.99,1.08,15.4
2002-01-10,0.0,16.95,24.22,10.96,72.01,1.33,14.99
2002-01-11,0.0,16.93,24.63,12.05,72.38,1.06,16.07
2002-01-12,0.0,15.99,23.67,10.82,71.53,1.31,16.39
2002-01-13,0.0,16.42,24.31,9.83,67.33,1.16,17.6
2002-01-14,0.0,17.62,24.09,12.83,59.35,0.85,17.07
2002-01-15,0.0,17.82,24.19,10.54,63.23,0.83,14.32
2002-01-16,0.0,18.63,25.31,12.3,64.45,0.93,15.7
2002-01-17,0.1,18.78,25.9,12.16,76.7,1.26,15.6
2002-01-18,0.0,19.18,26.68,13.08,82.93,1.31,14.54
2002-01-19,0.0,19.9,26.62,13.17,76.63,1.1,15.41
2002-01-20,0.0,20.16,26.68,12.58,69.19,1.0,17.33
2002-01-21,0.0,20.78,27.22,13.39,65.05,1.0,17.07
2002-01-22,0.52,21.19,27.9,15.71,67.66,0.99,12.51
2002-01-23,4.22,19.84,26.27,14.4,79.91,1.25,5.52
2002-01-24,0.33,19.9,24.98,15.3,77.82,1.19,12.0
2002-01-25,0.0,16.48,23.62,11.39,56.92,1.36,17.0
2002-01-26,0.0,16.38,23.22,10.51,51.8,1.18,16.77
2002-01-27,0.0,15.22,23.73,8.17,61.23,1.31,17.57
2002-01-28,2.65,15.24,22.5,9.12,68.94,1.28,3.82
2002-01-29,0.2,17.3,24.4,11.52,75.49,1.73,14.83
2002-01-30,2.14,17.66,24.57,13.29,73.76,1.5,8.08
2002-01-31,0.0,16.4,24.12,10.26,62.25,1.63,18.39
2002-02-01,0.0,15.98,24.35,9.07,61.09,1.54,19.15
2002-02-02,0.0,16.18,24.35,9.89,65.31,1.59,19.3
2002-02-03,0.0,16.31,23.45,10.15,52.87,1.14,18.22
2002-02-04,0.0,16.56,24.42,10.77,52.41,1.23,18.57
2002-02-05,0.0,16.67,25.42,8.93,53.75,1.31,19.01
2002-02-06,0.0,18.02,25.86,11.0,49.69,1.04,19.32
2002-02-07,0.0,19.43,28.23,11.76,55.83,1.37,18.74
2002-02-08,0.0,20.82,29.87,13.19,64.81,1.5,18.09
2002-02-09,0.0,21.91,30.64,14.94,66.0,1.69,19.16
2002-02-10,0.0,22.37,29.2,16.31,63.04,1.38,19.31
2002-02-11,0.0,22.33,30.24,15.06,54.4,1.53,19.62
2002-02-12,0.0,22.04,29.82,16.72,53.84,1.29,15.14
2002-02-13,0.0,21.19,27.63,16.59,61.42,1.46,16.55
2002-02-14,0.0,20.08,28.93,13.49,52.56,1.75,20.7
2002-02-15,0.0,19.55,29.13,12.4,50.67,1.46,21.63
2002-02-16,0.0,20.82,29.89,13.34,49.59,1.05,21.7
2002-02-17,0.0,22.21,30.61,15.06,45.8,0.91,21.35
2002-02-18,0.0,22.87,31.04,13.91,45.19,0.98,21.59
2002-02-19,0.0,22.7,31.12,14.66,45.99,1.25,20.39
2002-02-20,0.0,22.34,30.5,14.39,43.47,1.37,20.08
2002-02-21,0.0,23.51,30.9,16.99,40.5,1.38,20.4
2002-02-22,0.0,23.81,31.32,16.13,55.01,1.17,19.85
2002-02-23,0.0,23.61,31.78,16.11,54.59,1.26,20.09
2002-02-24,0.0,24.71,32.45,16.43,40.24,1.12,20.89
2002-02-25,0.02,24.44,32.38,16.23,42.87,1.07,20.71
2002-02-26,0.43,24.43,32.47,18.84,48.78,1.51,19.16
2002-02-27,0.0,22.93,32.04,15.35,44.45,1.73,19.51
2002-02-28,0.0,22.65,31.69,15.29,41.0,1.49,22.26
2002-03-01,0.0,23.42,31.76,14.52,41.89,1.32,21.96
2002-03-02,0.0,24.37,32.71,15.69,42.14,1.16,21.59
2002-03-03,4.89,24.11,32.7,15.54,52.64,1.14,12.49
2002-03-04,8.82,25.33,31.45,20.38,62.79,1.21,18.16
2002-03-05,0.0,23.89,32.26,17.72,49.4,1.45,21.16
2002-03-06,0.0,23.69,32.37,15.35,38.22,1.27,21.62
2002-03-07,0.0,23.46,32.93,15.51,37.63,1.7,22.72
2002-03-08,0.0,24.36,33.11,16.35,29.78,1.25,23.04
2002-03-09,0.05,25.24,33.06,16.9,37.91,0.93,21.66
2002-03-10,0.19,26.82,33.9,18.72,46.97,0.98,20.42
2002-03-11,0.66,27.14,34.9,19.51,59.73,1.66,20.2
2002-03-12,0.0,27.15,35.6,20.88,54.55,1.29,20.87
2002-03-13,0.0,25.94,33.3,19.49,34.1,1.17,21.43
2002-03-14,0.0,25.35,32.25,20.0,35.61,1.26,20.89
2002-03-15,0.0,26.69,34.68,18.87,37.59,1.35,22.14
2002-03-16,0.0,27.77,35.21,21.15,35.33,1.3,18.9
2002-03-17,0.0,26.28,35.57,18.55,40.2,1.21,23.47
2002-03-18,0.0,26.39,36.9,16.55,35.75,1.48,24.82
2002-03-19,0.0,27.45,36.91,18.09,35.35,1.47,24.13
2002-03-20,0.0,28.32,36.53,19.88,35.65,1.23,23.88
2002-03-21,0.0,27.22,36.94,18.54,50.69,1.71,24.06
2002-03-22,0.0,27.47,36.64,19.31,58.69,2.33,22.08
2002-03-23,1.18,26.99,34.58,22.14,68.26,2.72,20.62
2002-03-24,14.33,26.73,33.42,21.88,75.38,3.28,19.35
2002-03-25,9.96,27.05,33.42,23.08,76.91,3.77,19.83
2002-03-26,14.73,26.46,31.32,23.33,80.17,3.12,16.48
2002-03-27,28.37,26.05,31.16,22.37,82.94,2.08,11.49
2002-03-28,3.25,26.72,32.93,21.71,74.78,1.28,16.59
2002-03-29,4.31,27.79,34.47,21.82,67.1,1.04,12.44
2002-03-30,0.29,28.14,34.27,22.42,57.32,0.73,23.32
2002-03-31,0.0,28.14,34.19,23.11,54.18,1.03,22.51
2002-04-01,5.52,27.74,34.48,22.15,68.72,2.28,20.6
2002-04-02,12.71,25.53,31.18,21.01,79.71,2.33,12.59
2002-04-03,9.93,24.23,28.13,20.39,81.11,2.31,10.79
2002-04-04,0.13,26.13,32.4,20.4,70.68,1.26,23.46
2002-04-05,0.74,27.64,34.32,20.41,61.23,1.01,25.06
2002-04-06,7.49,28.05,33.35,22.34,70.32,1.11,22.93
2002-04-07,0.06,29.25,36.02,22.46,61.52,1.4,24.41
2002-04-08,0.0,29.41,37.32,22.39,63.08,2.29,24.14
2002-04-09,0.2,29.59,36.5,23.98,67.81,2.65,19.52
2002-04-10,1.26,29.83,36.7,24.47,64.02,2.85,20.74
2002-04-11,1.96,27.98,32.98,23.7,66.75,1.54,9.61
2002-04-12,0.0,28.3,36.2,21.66,51.13,1.76,24.43
2002-04-13,0.02,28.43,36.07,20.11,44.87,1.66,25.42
2002-04-14,0.1,28.84,35.87,21.16,48.63,1.4,25.27
2002-04-15,1.16,28.67,35.44,22.45,63.9,2.73,14.17
2002-04-16,0.92,29.03,36.36,23.84,68.22,3.63,17.48
2002-04-17,1.45,29.63,36.73,24.3,67.18,3.53,13.94
2002-04-18,0.18,29.81,37.21,24.46,69.35,4.07,20.72
2002-04-19,0.04,29.82,36.6,25.0,68.65,4.12,19.1
2002-04-20,0.01,31.06,38.9,25.38,63.31,2.86,21.33
2002-04-21,0.28,28.86,35.16,24.7,68.94,2.08,19.11
2002-04-22,0.29,28.19,35.76,23.5,65.04,2.22,10.75
2002-04-23,0.01,28.0,34.45,21.34,66.71,1.73,19.67
2002-04-24,6.53,29.41,35.83,22.53,61.12,1.19,24.05
2002-04-25,2.17,30.08,36.79,23.99,63.51,2.24,22.42
2002-04-26,15.36,29.21,35.06,24.25,66.91,2.58,17.28
2002-04-27,26.56,27.33,32.19,24.14,77.34,2.56,22.32
2002-04-28,0.82,28.5,35.84,22.49,69.91,2.43,23.15
2002-04-29,5.64,28.37,35.21,23.49,72.66,2.89,22.08
2002-04-30,11.4,28.11,34.18,23.9,76.15,3.03,23.43
2002-05-01,10.51,28.06,34.16,22.95,75.23,1.91,18.32
2002-05-02,5.26,28.78,35.72,22.85,67.43,1.17,20.15
2002-05-03,0.58,29.19,36.6,22.77,63.88,2.16,24.49
2002-05-04,4.29,28.98,35.62,23.08,67.1,1.98,22.4
2002-05-05,11.05,28.96,34.67,23.85,71.31,2.27,11.44
2002-05-06,16.27,26.76,30.51,24.38,81.58,2.32,4.59
2002-05-07,24.7,28.29,32.9,24.23,81.04,1.55,22.76
2002-05-08,16.4,28.48,32.97,24.64,82.32,1.98,18.42
2002-05-09,5.13,28.78,33.75,25.16,81.55,2.66,21.68
2002-05-10,6.72,28.19,32.67,25.3,83.22,3.17,11.64
2002-05-11,5.45,28.9,34.51,24.74,82.4,3.64,10.77
2002-05-12,2.92,29.82,35.2,26.04,79.67,3.06,18.77
2002-05-13,0.68,29.67,34.82,25.75,79.34,2.43,19.13
2002-05-14,1.82,29.03,33.03,25.96,81.43,2.99,21.78
2002-05-15,3.23,28.3,32.63,25.25,81.5,2.12,22.71
2002-05-16,1.31,29.57,35.75,24.38,73.79,1.59,25.95
2002-05-17,2.48,30.5,35.57,25.27,72.73,1.26,24.78
2002-05-18,5.31,31.19,36.64,25.99,71.18,1.54,25.59
2002-05-19,5.91,30.43,35.59,26.42,76.66,2.62,17.93
2002-05-20,4.67,29.8,33.46,27.08,83.79,4.81,16.86
2002-05-21,15.7,30.23,35.01,27.37,82.75,4.35,15.71
2002-05-22,14.44,29.4,33.75,26.87,84.61,4.65,11.8
2002-05-23,5.16,28.69,32.67,26.16,84.3,3.66,15.33
2002-05-24,3.28,28.03,31.87,25.12,82.63,2.15,21.57
2002-05-25,18.8,26.58,29.41,24.74,89.59,2.27,20.34
2002-05-26,32.85,27.2,31.06,24.76,86.94,2.96,10.55
2002-05-27,15.84,26.6,29.97,24.25,88.1,2.64,14.12
2002-05-28,0.82,26.68,30.14,24.05,86.92,2.21,14.62
2002-05-29,0.34,26.26,29.7,23.4,85.0,1.83,19.22
2002-05-30,2.8,27.1,30.37,23.66,84.64,1.35,21.52
2002-05-31,8.51,27.7,31.67,24.48,86.66,1.69,12.94
2002-06-01,20.68,27.71,31.51,24.64,87.58,1.54,12.46
2002-06-02,6.97,27.82,31.88,24.07,85.55,1.57,22.45
2002-06-03,6.19,28.71,33.18,24.62,83.84,1.61,17.2
2002-06-04,16.33,28.09,31.59,25.27,89.58,1.97,20.28
2002-06-05,5.62,28.39,31.26,26.26,87.19,1.58,22.29
2002-06-06,4.0,27.66,29.91,25.46,91.61,1.87,17.87
2002-06-07,30.57,27.44,30.23,24.67,91.97,2.05,8.44
2002-06-08,39.05,27.52,30.2,25.46,90.74,1.87,6.57
2002-06-09,3.93,27.71,30.54,25.52,89.12,1.62,16.65
2002-06-10,4.47,27.61,31.03,24.88,89.26,1.98,16.25
2002-06-11,15.23,26.47,28.33,24.99,92.85,2.81,13.83
2002-06-12,26.62,26.97,28.74,25.2,94.07,2.91,8.47
2002-06-13,35.18,27.14,29.18,25.66,92.77,3.41,1.88
2002-06-14,18.99,27.36,29.63,25.93,91.88,3.36,16.12
2002-06-15,9.33,28.1,31.66,25.7,88.45,3.31,7.99
2002-06-16,8.69,28.1,32.07,25.08,89.17,2.3,17.99
2002-06-17,4.02,27.89,30.8,26.05,90.88,2.68,19.74
2002-06-18,4.92,28.37,31.73,25.96,89.45,2.47,20.64
2002-06-19,0.2,28.09,30.41,26.37,90.01,1.85,21.55
2002-06-20,0.05,28.02,30.54,26.39,92.41,2.4,21.42
2002-06-21,7.2,27.65,30.67,25.4,90.06,5.89,14.09
2002-06-22,13.4,28.33,31.09,26.44,90.9,3.44,15.39
2002-06-23,18.74,27.82,30.98,26.27,91.28,3.11,21.4
2002-06-24,18.88,28.49,32.57,25.89,87.25,2.9,20.79
2002-06-25,4.63,27.82,31.64,25.46,88.94,3.25,18.49
2002-06-26,8.36,27.65,30.81,25.49,88.16,3.08,18.33
2002-06-27,2.39,28.31,31.92,25.48,86.16,2.48,19.38
2002-06-28,6.28,28.62,32.63,25.53,87.75,2.56,14.23
2002-06-29,22.28,28.88,31.93,26.57,90.15,2.48,17.77
2002-06-30,31.67,27.95,29.53,26.5,94.43,1.79,11.82
2002-07-01,30.88,29.08,32.9,25.73,87.34,1.29,8.52
2002-07-02,30.87,27.74,29.55,26.58,94.03,2.79,13.9
2002-07-03,24.38,28.06,29.71,26.68,93.12,4.23,8.27
2002-07-04,30.24,28.01,30.16,26.66,93.77,3.68,10.99
2002-07-05,32.28,28.19,31.2,26.21,91.06,2.52,12.79
2002-07-06,10.67,28.42,32.17,26.26,92.23,2.72,14.4
2002-07-07,13.82,29.36,33.72,26.6,87.89,1.47,13.45
2002-07-08,1.79,28.78,31.69,26.63,91.43,2.33,8.73
2002-07-09,2.22,28.07,29.5,26.86,93.39,1.84,9.78
2002-07-10,2.86,28.71,32.01,26.0,88.84,2.26,6.98
2002-07-11,13.93,27.7,29.17,26.5,94.56,2.57,8.92
2002-07-12,5.08,28.35,31.4,26.06,91.15,2.34,12.2
2002-07-13,5.73,28.2,30.9,26.07,92.23,2.76,11.43
2002-07-14,15.45,28.33,31.28,26.04,90.44,1.9,17.47
2002-07-15,13.35,28.54,32.19,25.89,86.08,0.92,17.73
2002-07-16,13.95,28.04,31.15,25.56,89.52,1.24,18.21
2002-07-17,10.28,27.78,31.34,25.66,90.55,2.41,21.18
2002-07-18,3.68,27.43,30.47,25.2,90.55,3.21,16.22
2002-07-19,18.38,27.82,31.08,25.38,90.87,3.52,12.6
2002-07-20,27.47,27.37,28.8,26.24,95.05,4.01,14.86
2002-07-21,49.11,27.46,28.81,26.22,95.68,4.48,5.85
2002-07-22,53.47,27.42,28.69,26.3,94.37,4.03,4.56
2002-07-23,21.74,27.52,30.09,25.69,93.36,2.75,7.51
2002-07-24,6.37,27.95,30.99,25.5,91.13,2.42,18.73
2002-07-25,8.36,27.79,30.49,25.78,91.15,2.29,10.98
2002-07-26,3.84,27.71,30.61,25.59,90.67,1.72,17.74
2002-07-27,0.75,27.72,30.57,25.28,90.36,1.52,15.92
2002-07-28,10.4,27.38,29.48,25.66,92.62,1.46,13.04
2002-07-29,16.04,27.47,31.09,25.12,91.37,1.84,18.11
2002-07-30,5.2,27.05,29.8,24.7,93.27,1.56,12.69
2002-07-31,1.88,27.12,30.41,25.02,90.45,2.39,19.04
2002-08-01,2.16,27.62,31.52,24.86,90.17,2.16,21.3
2002-08-02,10.7,26.99,29.12,25.56,91.77,1.53,10.01
2002-08-03,7.23,27.13,30.14,25.26,91.71,2.08,11.85
2002-08-04,3.06,26.75,29.05,24.91,92.29,1.22,15.64
2002-08-05,2.73,27.59,30.86,24.63,90.51,1.65,22.17
2002-08-06,6.09,28.02,31.59,25.6,89.8,1.7,23.01
2002-08-07,17.47,27.74,31.35,25.28,90.25,1.53,17.46
2002-08-08,3.79,28.01,32.31,25.27,89.2,1.87,22.84
2002-08-09,7.72,27.99,31.31,26.19,91.33,3.72,15.23
2002-08-10,13.75,27.99,31.28,26.27,91.84,3.53,17.07
2002-08-11,15.01,27.51,30.09,26.02,93.5,3.53,14.17
2002-08-12,7.73,27.31,29.0,25.9,93.44,3.42,13.63
2002-08-13,20.46,27.25,28.95,25.95,94.0,2.15,16.74
2002-08-14,19.57,27.22,29.77,25.24,91.45,1.62,14.31
2002-08-15,9.46,26.92,28.93,25.32,93.94,2.21,19.43
2002-08-16,12.55,26.63,28.55,25.12,93.98,3.39,16.89
2002-08-17,21.18,27.18,29.85,25.29,91.2,3.72,12.34
2002-08-18,5.3,27.46,30.85,25.02,90.68,3.25,18.25
2002-08-19,3.85,27.03,29.57,25.18,92.12,2.32,12.36
2002-08-20,4.11,27.24,30.73,24.78,90.35,1.79,11.0
2002-08-21,8.37,27.01,30.11,24.41,90.75,1.64,16.83
2002-08-22,5.32,27.39,31.37,25.13,90.06,1.76,21.05
2002-08-23,1.66,26.44,29.6,24.63,92.19,2.33,15.73
2002-08-24,5.17,25.94,28.06,24.45,92.83,1.57,14.6
2002-08-25,4.38,26.72,29.51,24.41,91.56,1.31,11.21
2002-08-26,20.0,27.96,31.65,24.71,88.17,1.26,9.53
2002-08-27,20.26,28.75,31.83,25.38,82.35,0.59,19.49
2002-08-28,13.5,27.78,31.18,25.56,89.27,1.33,20.23
2002-08-29,3.18,26.88,30.24,25.03,92.03,2.03,20.85
2002-08-30,0.6,27.56,31.28,24.75,89.71,2.06,21.86
2002-08-31,0.16,27.15,30.57,24.96,90.81,1.59,22.03
2002-09-01,0.97,27.36,30.97,24.21,89.51,1.64,22.54
2002-09-02,0.4,27.56,31.39,24.73,88.09,1.11,22.1
2002-09-03,5.25,27.68,31.34,24.82,88.73,1.15,21.38
2002-09-04,6.08,27.56,30.65,24.69,88.55,0.74,21.45
2002-09-05,5.85,27.24,29.88,25.08,87.86,0.68,23.82
2002-09-06,32.23,27.95,30.99,24.72,83.07,0.76,14.68
2002-09-07,1.41,27.88,31.65,24.92,86.96,0.88,22.83
2002-09-08,2.97,27.4,30.19,25.55,92.69,1.44,20.94
2002-09-09,3.54,26.61,28.82,24.92,92.98,1.81,14.97
2002-09-10,15.93,25.99,27.61,24.67,93.54,2.83,13.89
2002-09-11,2.28,25.87,28.69,23.43,91.06,2.4,12.01
2002-09-12,0.05,27.09,31.8,22.75,82.52,1.03,17.01
2002-09-13,0.01,27.6,31.52,24.18,85.23,0.9,21.37
2002-09-14,0.24,27.12,30.74,24.25,87.53,1.39,19.33
2002-09-15,2.91,26.9,30.82,23.52,88.98,1.76,20.82
2002-09-16,4.19,26.95,30.37,24.16,89.18,1.29,10.68
2002-09-17,0.56,26.66,29.34,24.19,85.92,0.85,20.13
2002-09-18,0.0,26.1,30.39,21.79,83.91,1.53,23.05
2002-09-19,0.25,28.03,32.49,23.16,83.21,0.96,21.03
2002-09-20,4.05,28.32,31.76,25.15,83.45,0.6,22.25
2002-09-21,9.66,28.18,31.55,25.27,84.6,0.74,21.87
2002-09-22,7.48,27.72,30.74,25.45,85.35,0.61,15.03
2002-09-23,4.08,26.57,29.23,24.81,91.14,1.96,16.82
2002-09-24,10.63,26.15,28.35,24.43,93.14,2.02,17.28
2002-09-25,2.09,26.44,28.95,24.8,92.6,2.26,18.42
2002-09-26,18.74,26.51,28.66,24.71,92.55,1.36,16.84
2002-09-27,20.92,26.56,28.62,25.1,94.12,2.42,5.26
2002-09-28,7.73,26.62,29.65,24.59,91.72,2.62,11.05
2002-09-29,1.94,26.2,28.87,24.38,91.95,2.4,15.32
2002-09-30,1.45,26.74,30.57,23.65,89.11,1.8,18.28
2002-10-01,2.4,27.31,30.79,23.96,88.32,1.22,13.32
2002-10-02,0.59,27.49,30.39,25.33,89.15,0.83,16.48
2002-10-03,0.18,27.61,31.04,24.73,87.67,0.89,16.28
2002-10-04,0.04,27.35,30.83,24.91,88.24,1.02,17.99
2002-10-05,0.03,27.86,31.34,23.84,83.29,0.87,18.9
2002-10-06,0.0,28.26,31.87,25.39,82.38,0.88,21.02
2002-10-07,2.82,28.04,32.07,24.13,82.38,0.89,21.26
2002-10-08,2.53,27.23,30.93,23.93,86.79,0.91,21.05
2002-10-09,0.51,27.26,30.24,24.55,79.67,0.45,15.67
2002-10-10,0.19,26.46,30.31,22.61,82.35,0.96,18.73
2002-10-11,0.74,26.73,30.89,22.5,79.68,0.98,18.69
2002-10-12,0.28,26.15,29.99,22.07,81.5,1.13,20.22
2002-10-13,5.94,25.36,28.51,22.26,85.4,0.85,15.15
2002-10-14,9.66,24.03,26.8,22.39,92.02,1.72,7.99
2002-10-15,10.36,24.82,28.42,22.32,92.62,1.89,8.54
2002-10-16,1.74,25.85,29.81,22.08,87.09,1.3,10.92
2002-10-17,0.57,25.67,29.1,22.71,83.96,1.08,18.89
2002-10-18,1.31,25.24,29.26,22.1,85.6,0.8,10.94
2002-10-19,6.78,24.38,26.64,22.39,93.04,1.62,8.58
2002-10-20,1.29,25.29,29.42,21.64,88.32,1.53,14.33
2002-10-21,0.03,23.99,28.81,19.97,86.51,1.2,18.0
2002-10-22,0.0,24.11,28.52,19.78,82.56,1.1,19.74
2002-10-23,0.0,23.79,28.56,19.24,82.23,1.42,20.56
2002-10-24,0.0,23.58,28.09,19.43,81.08,1.29,19.99
2002-10-25,0.0,23.31,28.65,19.18,85.66,1.42,18.61
2002-10-26,0.0,23.1,29.05,18.42,85.21,1.53,19.56
2002-10-27,0.0,22.74,28.67,17.76,85.28,1.53,19.77
2002-10-28,0.0,22.27,27.51,17.54,85.06,1.21,19.95
2002-10-29,0.0,22.3,27.04,17.54,78.77,1.0,19.4
2002-10-30,0.0,22.44,27.21,18.5,74.28,0.79,19.31
2002-10-31,0.0,22.24,27.09,17.36,77.18,0.98,18.66
2002-11-01,0.0,22.19,26.78,18.44,81.4,1.16,18.54
2002-11-02,0.0,22.98,27.76,18.41,78.56,0.69,12.68
2002-11-03,0.0,23.85,28.65,18.69,80.87,0.74,13.86
2002-11-04,0.0,24.56,29.09,20.79,83.71,0.84,18.21
2002-11-05,0.0,24.37,28.51,20.28,84.55,0.92,16.71
2002-11-06,0.0,23.96,28.41,19.78,84.15,1.21,18.36
2002-11-07,0.0,23.3,28.02,19.28,82.7,1.31,14.33
2002-11-08,0.0,23.96,28.63,19.47,77.39,0.95,14.46
2002-11-09,0.0,24.22,28.85,19.2,75.62,0.9,17.8
2002-11-10,0.0,24.08,28.69,19.33,77.41,0.88,17.24
2002-11-11,22.55,22.29,25.38,20.36,87.18,1.12,6.21
2002-11-12,67.55,22.18,24.94,19.72,95.23,3.06,2.21
2002-11-13,22.23,24.58,27.35,19.22,91.68,3.38,6.98
2002-11-14,0.0,21.31,26.28,17.17,85.39,1.23,14.84
2002-11-15,0.0,19.93,25.25,15.51,83.91,1.45,17.6
2002-11-16,0.0,20.11,25.8,14.52,83.14,1.28,18.01
2002-11-17,0.0,20.45,25.98,15.45,84.25,1.19,18.22
2002-11-18,0.0,20.66,25.99,15.92,83.81,1.12,16.26
2002-11-19,0.0,20.88,25.7,15.72,76.02,0.93,17.31
2002-11-20,0.0,21.28,26.17,16.83,72.64,0.76,16.87
2002-11-21,0.0,19.72,25.75,14.96,84.77,1.69,18.0
2002-11-22,0.0,20.48,26.23,15.54,81.14,0.7,16.82
2002-11-23,0.0,21.22,26.35,16.24,76.45,0.56,17.16
2002-11-24,0.0,21.0,25.94,16.02,81.47,1.06,15.19
2002-11-25,0.0,21.88,26.78,16.64,81.76,0.96,15.92
2002-11-26,0.19,22.58,26.94,18.1,79.85,0.59,14.25
2002-11-27,0.01,21.56,26.81,16.81,84.16,1.1,15.3
2002-11-28,0.0,21.5,27.14,16.38,85.15,1.39,16.61
2002-11-29,0.26,21.63,26.17,18.61,86.47,1.23,14.23
2002-11-30,0.04,21.49,26.94,17.32,87.0,1.29,12.45
2002-12-01,0.0,20.83,26.27,15.8,81.93,1.22,14.06
2002-12-02,0.0,20.56,26.16,16.23,80.98,1.21,14.95
2002-12-03,0.0,19.71,25.44,14.43,83.3,1.39,16.3
2002-12-04,0.0,19.38,25.45,14.76,81.21,1.12,17.0
2002-12-05,0.0,18.78,24.57,13.87,80.67,1.0,16.89
2002-12-06,0.0,18.33,24.55,13.06,82.29,1.29,16.23
2002-12-07,0.0,17.91,24.4,12.69,81.13,1.36,15.41
2002-12-08,0.0,17.49,24.41,11.76,82.38,1.42,15.89
2002-12-09,0.0,17.87,24.58,13.29,80.6,1.24,16.92
2002-12-10,0.0,17.61,23.96,12.09,83.04,1.28,15.96
2002-12-11,0.0,18.07,24.45,12.51,80.57,1.25,16.34
2002-12-12,0.0,18.74,24.25,13.13,74.3,0.89,16.25
2002-12-13,0.0,19.06,24.62,13.49,71.64,0.72,15.05
2002-12-14,0.0,19.3,24.43,14.66,74.63,0.57,15.55
2002-12-15,0.0,19.31,24.68,14.04,80.57,0.74,15.0
2002-12-16,0.0,20.07,24.77,16.95,75.46,0.63,14.33
2002-12-17,0.0,19.75,24.48,15.33,73.86,0.65,14.05
2002-12-18,0.0,20.24,25.04,16.45,73.57,0.65,13.46
2002-12-19,0.05,19.28,25.18,13.44,79.78,1.08,11.64
2002-12-20,3.94,19.02,25.19,13.8,86.89,1.34,13.1
2002-12-21,0.0,20.5,25.82,14.83,78.8,0.89,13.52
2002-12-22,0.0,18.11,24.47,13.52,77.79,1.24,14.26
2002-12-23,0.0,17.31,23.28,11.62,72.66,1.12,15.06
2002-12-24,0.0,17.1,23.05,10.57,70.09,1.16,14.43
2002-12-25,0.0,17.6,22.86,11.73,68.44,0.84,13.41
2002-12-26,0.0,16.86,23.27,11.36,77.68,1.26,15.25
2002-12-27,0.0,16.78,22.87,11.57,75.83,1.18,15.8
2002-12-28,0.0,15.85,22.05,11.6,76.66,1.29,14.18
2002-12-29,0.0,14.88,21.57,10.52,77.8,1.35,14.97
2002-12-30,0.0,14.08,20.8,9.3,76.38,1.46,15.82
2002-12-31,2.81,14.63,21.85,8.86,74.17,1.23,16.03
2003-01-01,0.01,15.01,22.46,8.37,81.13,1.45,15.16
2003-01-02,0.0,15.69,23.87,8.91,79.72,1.36,16.47
2003-01-03,0.0,17.66,25.82,9.89,72.39,1.0,16.86
2003-01-04,0.0,18.24,24.94,13.41,70.94,0.86,15.06
2003-01-05,0.0,15.9,22.48,11.71,72.57,1.23,14.0
2003-01-06,0.0,15.48,23.37,9.23,77.21,1.48,15.23
2003-01-07,0.0,15.53,23.55,9.35,78.55,1.11,14.7
2003-01-08,0.0,14.73,21.99,9.65,78.12,1.14,7.66
2003-01-09,0.0,14.19,22.11,7.92,77.21,1.64,8.76
2003-01-10,0.0,14.26,22.86,7.5,74.8,1.17,7.92
2003-01-11,0.0,14.53,22.04,9.06,74.01,1.32,8.72
2003-01-12,0.0,15.16,23.37,8.42,74.99,1.34,10.76
2003-01-13,0.0,15.44,23.09,10.07,72.85,1.34,8.75
2003-01-14,0.0,14.88,22.6,10.07,69.93,1.41,7.68
2003-01-15,0.0,15.08,24.28,8.14,67.57,1.62,14.26
2003-01-16,0.0,15.82,24.21,8.57,66.86,1.21,14.37
2003-01-17,0.0,16.8,25.01,10.43,63.95,1.23,17.7
2003-01-18,0.0,17.41,25.85,11.34,63.34,1.36,18.33
2003-01-19,0.0,17.51,26.21,11.69,61.71,1.17,18.39
2003-01-20,0.0,15.86,24.64,9.66,66.21,1.39,18.49
2003-01-21,0.0,14.64,23.81,8.49,58.22,1.45,18.07
2003-01-22,0.0,14.41,22.13,8.46,50.95,1.22,17.37
2003-01-23,0.0,15.01,22.38,9.47,50.26,1.09,16.9
2003-01-24,0.0,15.85,23.51,7.57,55.53,1.23,16.25
2003-01-25,0.0,15.73,24.28,8.81,60.38,1.24,16.8
2003-01-26,0.0,16.0,23.88,9.67,62.26,1.38,15.67
2003-01-27,0.0,16.94,24.57,10.82,61.96,1.24,16.21
2003-01-28,0.0,17.68,25.59,10.08,63.79,1.19,17.22
2003-01-29,0.69,17.66,25.71,11.0,66.5,1.46,16.04
2003-01-30,32.01,17.16,22.05,13.97,80.96,0.87,9.23
2003-01-31,0.0,18.85,25.96,13.28,75.06,1.09,14.98
2003-02-01,0.05,18.98,27.03,12.53,71.06,1.41,16.81
2003-02-02,0.04,20.06,28.43,13.31,71.86,1.79,17.85
2003-02-03,0.0,20.81,28.83,14.63,71.59,1.59,19.08
2003-02-04,0.0,21.47,28.79,14.8,67.87,1.49,16.85
2003-02-05,0.17,20.55,27.33,15.45,69.56,1.8,11.92
2003-02-06,0.02,20.24,26.38,15.39,70.96,1.28,18.91
2003-02-07,0.0,19.85,26.76,14.77,65.63,1.26,17.95
2003-02-08,0.0,19.59,26.97,13.1,64.44,1.1,17.65
2003-02-09,0.07,19.98,27.47,13.18,65.46,0.97,16.85
2003-02-10,0.05,21.04,29.01,14.96,66.85,1.12,17.25
2003-02-11,0.29,21.23,28.63,14.83,67.12,1.38,16.71
2003-02-12,3.2,20.47,28.09,14.94,71.03,1.48,10.71
2003-02-13,0.86,20.94,26.95,14.81,67.66,0.89,13.53
2003-02-14,0.08,21.17,27.64,16.22,66.63,1.12,15.43
2003-02-15,0.0,18.76,26.53,13.32,55.0,1.37,18.86
2003-02-16,0.0,18.72,28.06,11.01,55.63,1.73,20.3
2003-02-17,0.0,20.09,28.91,12.24,54.19,1.4,20.31
2003-02-18,0.0,21.6,30.32,13.3,54.38,1.36,20.2
2003-02-19,6.91,21.96,30.48,14.36,60.9,1.33,20.37
2003-02-20,0.18,22.79,31.01,15.86,64.17,1.53,19.7
2003-02-21,0.0,22.04,28.76,16.18,64.18,1.62,18.63
2003-02-22,0.0,20.1,27.64,13.51,52.6,1.45,21.52
2003-02-23,0.0,20.63,28.57,13.51,52.45,1.44,22.22
2003-02-24,0.0,21.3,29.32,14.71,50.8,1.57,21.94
2003-02-25,0.0,22.35,30.32,14.83,49.47,1.53,21.33
2003-02-26,0.02,23.52,30.7,15.89,49.42,1.01,17.91
2003-02-27,0.63,24.41,32.25,17.37,50.6,1.12,19.23
2003-02-28,1.7,23.78,31.72,15.74,56.08,1.03,19.92
2003-03-01,0.0,25.26,33.01,17.11,52.2,1.22,20.91
2003-03-02,0.18,25.99,33.86,19.72,56.4,1.25,20.11
2003-03-03,0.0,26.19,35.44,18.53,63.61,2.06,21.47
2003-03-04,0.0,26.61,35.61,19.17,64.64,1.92,20.05
2003-03-05,0.0,21.2,29.33,14.81,39.53,1.79,21.23
2003-03-06,0.0,20.18,30.1,12.29,36.27,1.68,23.5
2003-03-07,0.0,20.36,29.89,11.61,37.23,1.72,23.15
2003-03-08,0.0,21.25,30.61,13.82,37.66,1.58,23.83
2003-03-09,0.0,21.27,31.07,12.19,42.39,1.74,23.3
2003-03-10,0.0,22.94,31.92,14.57,38.38,1.5,23.08
2003-03-11,0.59,23.76,31.06,16.97,47.63,1.28,14.02
2003-03-12,18.2,23.58,30.18,18.78,76.51,1.24,14.45
2003-03-13,1.08,21.08,25.33,18.03,73.53,1.5,18.54
2003-03-14,9.63,22.26,27.49,16.71,73.34,1.38,15.16
2003-03-15,3.69,23.75,30.24,17.63,77.49,1.62,16.81
2003-03-16,7.79,24.58,29.96,19.67,78.74,1.55,15.95
2003-03-17,17.61,23.76,28.9,20.31,83.54,1.96,10.8
2003-03-18,0.29,23.44,28.15,19.16,75.97,1.03,14.71
2003-03-19,0.0,25.47,32.1,17.57,56.82,1.08,21.9
2003-03-20,2.25,25.68,31.96,20.09,50.35,1.14,23.14
2003-03-21,4.38,25.53,31.88,17.58,50.65,1.01,22.79
2003-03-22,0.14,25.29,33.16,17.52,55.84,1.01,22.77
2003-03-23,0.0,26.27,33.41,18.18,47.49,1.12,23.75
2003-03-24,0.0,26.72,34.33,18.31,46.6,1.23,22.51
2003-03-25,0.02,27.44,34.26,19.86,49.25,1.26,21.27
2003-03-26,7.64,26.66,32.49,20.29,68.66,1.08,20.28
2003-03-27,2.99,26.48,30.72,22.16,68.91,0.85,22.38
2003-03-28,0.0,26.83,32.39,21.36,57.96,0.91,18.09
2003-03-29,0.0,27.53,34.11,20.99,54.64,1.16,21.3
2003-03-30,12.34,26.03,31.46,20.72,73.29,1.98,13.39
2003-03-31,24.09,25.48,29.38,22.16,83.8,3.47,11.98
2003-04-01,30.24,26.18,30.98,22.58,83.15,2.86,15.95
2003-04-02,19.07,26.36,31.31,22.45,82.93,3.29,21.64
2003-04-03,0.0,26.96,32.25,22.83,80.57,3.09,19.82
2003-04-04,5.27,26.65,30.94,23.02,82.97,1.7,14.45
2003-04-05,0.0,27.67,33.0,21.69,69.95,0.77,20.55
2003-04-06,0.0,28.45,33.95,22.41,64.1,1.03,23.42
2003-04-07,0.0,29.27,35.56,23.49,60.65,1.18,24.58
2003-04-08,0.0,29.49,36.62,22.36,53.15,1.52,22.45
2003-04-09,0.0,29.02,36.9,21.1,50.72,1.33,20.04
2003-04-10,0.0,28.66,36.76,20.51,61.88,1.66,21.76
2003-04-11,0.04,29.16,36.55,22.76,66.78,2.41,23.26
2003-04-12,0.37,28.72,35.26,23.35,72.29,3.87,20.3
2003-04-13,0.44,29.23,34.99,25.4,74.41,4.2,19.47
2003-04-14,0.33,29.15,35.5,24.64,70.71,2.67,22.63
2003-04-15,0.12,29.45,36.3,23.95,66.45,1.85,23.94
2003-04-16,0.05,29.27,35.78,23.52,67.59,1.82,20.95
2003-04-17,1.21,29.25,35.66,23.8,71.57,3.7,18.89
2003-04-18,0.99,29.92,36.14,25.17,70.43,3.45,21.27
2003-04-19,0.62,30.09,36.56,24.89,69.14,2.82,21.34
2003-04-20,9.08,28.74,35.48,24.65,75.71,3.11,14.71
2003-04-21,11.96,27.96,33.36,24.57,78.49,2.81,21.65
2003-04-22,8.63,28.85,35.41,23.96,75.01,2.55,24.86
2003-04-23,2.52,28.98,34.94,24.04,73.44,1.83,25.19
2003-04-24,0.0,29.55,35.07,24.26,68.87,1.33,22.1
2003-04-25,0.04,30.12,36.55,23.91,64.78,1.1,22.45
2003-04-26,0.28,30.65,37.97,23.91,62.18,1.89,22.03
2003-04-27,0.58,30.59,37.05,24.73,67.65,2.27,20.76
2003-04-28,1.37,29.31,34.35,25.39,72.07,1.25,18.03
2003-04-29,16.84,29.69,34.06,25.44,71.36,0.82,23.7
2003-04-30,5.43,28.64,32.81,25.28,73.32,1.15,16.36
2003-05-01,0.24,27.98,33.26,23.02,64.53,1.36,17.03
2003-05-02,17.12,27.33,32.21,23.18,76.03,2.44,13.21
2003-05-03,24.95,28.36,32.98,24.77,82.54,3.43,12.87
2003-05-04,7.53,28.87,33.64,25.66,80.81,4.49,14.77
2003-05-05,0.5,29.44,34.33,25.57,76.0,3.74,18.23
2003-05-06,1.95,29.45,35.39,25.01,75.59,3.24,18.34
2003-05-07,1.51,29.48,35.31,25.57,73.95,2.72,20.57
2003-05-08,11.04,29.78,34.47,24.45,70.19,1.56,20.31
2003-05-09,0.09,30.09,35.81,25.36,64.44,1.02,12.95
2003-05-10,0.42,28.96,34.83,24.63,65.1,1.6,17.45
2003-05-11,0.0,29.73,37.05,23.07,55.9,1.54,24.65
2003-05-12,0.49,30.55,37.99,23.24,53.56,1.33,25.35
2003-05-13,0.0,31.24,37.44,24.64,53.25,1.46,22.53
2003-05-14,0.05,29.92,34.94,26.63,70.88,1.78,17.98
2003-05-15,0.28,27.46,29.78,25.91,83.65,1.09,9.63
2003-05-16,0.11,30.86,37.76,24.99,66.99,1.56,22.07
2003-05-17,0.03,30.81,36.78,26.05,68.17,2.45,23.76
2003-05-18,0.17,31.81,38.98,26.04,62.17,1.4,23.61
2003-05-19,0.09,31.49,36.72,25.78,59.77,1.38,21.82
2003-05-20,6.31,31.78,37.58,26.89,58.91,2.04,24.6
2003-05-21,14.67,29.08,32.6,26.04,77.35,3.36,16.8
2003-05-22,2.14,29.66,35.61,24.19,70.27,2.56,18.17
2003-05-23,1.23,29.43,34.06,26.21,72.55,2.53,16.75
2003-05-24,7.69,29.84,35.18,25.24,70.27,2.33,19.47
2003-05-25,11.93,29.42,34.52,25.27,75.75,2.69,21.48
2003-05-26,12.35,29.7,35.49,25.58,76.85,3.01,18.87
2003-05-27,4.57,30.78,36.61,26.27,75.04,4.0,18.16
2003-05-28,4.47,30.95,36.93,26.53,71.45,2.91,18.75
2003-05-29,0.41,30.53,36.36,26.06,71.64,2.51,21.09
2003-05-30,0.04,31.56,38.56,25.39,65.07,1.83,21.72
2003-05-31,0.02,32.12,38.33,26.21,63.67,1.21,22.69
2003-06-01,0.0,32.19,38.22,26.83,61.36,1.16,23.35
2003-06-02,0.01,31.78,37.94,25.89,64.16,1.72,21.82
2003-06-03,8.02,30.08,33.4,27.52,77.08,1.48,19.73
2003-06-04,11.53,28.77,32.05,26.53,83.51,1.71,12.96
2003-06-05,4.01,28.65,31.71,26.03,83.64,3.25,3.79
2003-06-06,0.77,29.51,33.4,26.69,75.81,4.55,15.69
2003-06-07,59.43,28.42,31.53,26.44,84.94,4.65,5.68
2003-06-08,28.97,28.19,30.6,26.26,87.36,4.28,16.15
2003-06-09,34.07,28.71,32.85,26.18,84.38,3.92,9.65
2003-06-10,73.17,27.76,30.15,26.36,94.2,3.57,3.9
2003-06-11,32.99,27.95,30.82,26.4,93.61,3.74,5.62
2003-06-12,4.01,27.36,29.4,25.86,91.07,4.4,12.81
2003-06-13,0.59,28.0,31.53,25.75,88.25,4.65,16.93
2003-06-14,0.11,27.93,30.22,25.97,89.2,3.72,18.04
2003-06-15,0.73,27.65,29.84,25.84,90.98,2.92,16.34
2003-06-16,0.67,27.38,30.49,24.96,87.79,2.39,13.15
2003-06-17,35.52,26.72,29.46,24.55,90.96,3.11,18.61
2003-06-18,38.43,27.16,30.07,25.13,90.67,2.76,18.84
2003-06-19,8.9,26.62,28.67,24.77,93.27,2.58,21.32
2003-06-20,18.93,27.66,30.07,25.64,89.4,4.41,9.59
2003-06-21,32.75,27.31,28.74,26.08,94.19,5.55,5.95
2003-06-22,54.19,27.43,29.29,26.3,94.53,4.3,3.03
2003-06-23,33.15,27.46,29.49,25.73,93.44,3.29,15.72
2003-06-24,0.24,27.81,31.17,25.79,89.54,3.29,21.74
2003-06-25,3.54,27.49,29.06,25.99,93.38,3.84,15.98
2003-06-26,4.59,27.36,28.95,26.39,92.66,5.11,5.53
2003-06-27,5.04,27.81,29.76,26.52,92.53,5.04,8.54
2003-06-28,15.19,27.63,29.71,26.28,93.97,4.26,4.72
2003-06-29,18.01,27.54,29.53,26.42,93.84,4.23,2.99
2003-06-30,8.95,27.22,28.85,25.98,94.8,3.67,14.1
2003-07-01,4.87,27.76,30.94,25.53,89.44,3.95,13.15
2003-07-02,1.1,27.75,31.09,25.77,89.81,3.07,19.25
2003-07-03,1.52,27.41,30.43,25.51,90.39,2.54,21.07
2003-07-04,3.52,27.96,31.28,25.45,88.79,2.15,20.64
2003-07-05,3.22,28.29,32.39,25.35,87.13,1.79,20.57
2003-07-06,2.62,28.19,31.54,25.77,90.09,2.34,19.41
2003-07-07,2.54,28.16,31.46,25.75,88.95,2.59,18.52
2003-07-08,2.88,27.63,30.28,25.97,91.43,2.55,17.53
2003-07-09,5.25,28.38,32.09,25.88,88.01,2.61,21.74
2003-07-10,6.51,27.19,28.71,25.74,94.35,2.79,18.26
2003-07-11,17.98,27.22,29.14,25.8,93.57,3.34,14.06
2003-07-12,9.71,27.75,30.21,26.27,92.48,3.45,11.95
2003-07-13,12.43,28.14,30.9,26.13,90.99,2.8,18.42
2003-07-14,6.28,28.17,31.5,26.05,89.24,2.33,21.58
2003-07-15,0.84,28.22,32.65,25.7,88.49,2.42,24.52
2003-07-16,3.18,27.86,31.97,25.24,89.11,2.54,19.4
2003-07-17,6.19,28.64,32.82,25.43,87.31,1.88,25.5
2003-07-18,3.6,28.28,31.98,25.61,87.86,1.94,20.67
2003-07-19,3.4,27.96,31.44,25.63,88.69,2.4,19.08
2003-07-20,4.74,28.27,32.11,25.51,89.04,2.79,18.36
2003-07-21,8.47,27.35,29.23,26.06,93.31,1.91,18.09
2003-07-22,4.5,27.8,30.76,25.55,91.01,1.95,20.55
2003-07-23,2.38,29.56,33.43,25.51,83.41,1.17,24.63
2003-07-24,13.11,29.26,31.8,26.93,88.36,1.14,22.17
2003-07-25,12.67,28.45,30.35,27.09,94.13,3.17,21.41
2003-07-26,1.48,27.88,29.85,26.5,92.02,2.91,23.74
2003-07-27,9.09,27.94,30.51,26.54,91.25,3.36,24.52
2003-07-28,8.47,27.68,30.84,26.01,92.2,2.57,16.72
2003-07-29,18.45,27.22,28.72,26.07,94.58,3.38,7.64
2003-07-30,14.71,27.71,30.49,26.12,91.15,1.77,11.14
2003-07-31,3.59,28.11,31.58,26.12,90.89,2.88,19.6
2003-08-01,2.03,27.35,29.97,25.58,91.87,2.78,17.82
2003-08-02,1.08,27.71,31.41,25.32,89.26,2.25,19.0
2003-08-03,1.17,28.21,32.28,24.85,87.02,1.57,24.35
2003-08-04,7.48,28.79,33.11,25.76,85.76,0.91,22.21
2003-08-05,1.91,28.77,32.51,25.55,86.26,1.04,24.84
2003-08-06,0.48,28.32,32.63,25.38,87.25,1.13,24.19
2003-08-07,2.34,28.8,32.63,26.01,88.74,1.74,20.89
2003-08-08,7.33,28.08,31.18,26.04,90.84,2.58,20.71
2003-08-09,6.1,28.15,32.04,25.97,90.16,2.78,16.17
2003-08-10,26.27,27.85,30.56,26.12,91.08,3.09,12.22
2003-08-11,43.25,28.03,30.82,26.42,92.82,2.57,11.52
2003-08-12,14.83,28.14,31.06,26.21,90.75,3.0,19.29
2003-08-13,4.44,28.17,32.28,25.61,89.86,2.92,21.74
2003-08-14,3.46,28.05,31.79,25.8,89.56,2.97,17.72
2003-08-15,5.36,27.82,30.93,25.67,89.96,3.15,17.08
2003-08-16,0.82,27.68,31.45,25.54,91.28,2.33,20.92
2003-08-17,0.88,28.36,31.62,25.67,89.59,2.04,20.06
2003-08-18,2.12,28.22,31.98,25.65,88.0,1.85,16.4
2003-08-19,4.81,27.92,31.65,25.62,90.38,1.93,16.0
2003-08-20,5.34,28.57,31.84,25.89,86.02,0.77,18.08
2003-08-21,0.85,29.73,33.23,26.04,83.56,1.2,20.37
2003-08-22,3.58,28.44,31.3,26.63,89.67,2.66,15.19
2003-08-23,1.19,27.67,30.74,25.17,89.26,2.87,17.55
2003-08-24,13.07,27.16,29.32,25.62,92.39,1.19,18.52
2003-08-25,15.68,28.9,32.95,25.35,84.12,0.65,22.11
2003-08-26,3.66,28.83,33.01,25.75,88.0,1.94,22.65
2003-08-27,0.49,28.5,32.22,26.0,87.76,3.48,22.31
2003-08-28,0.67,27.63,31.44,25.15,88.84,3.67,16.25
2003-08-29,6.1,27.16,31.1,24.37,89.18,3.71,17.89
2003-08-30,7.85,27.8,31.7,25.16,89.05,3.21,14.47
2003-08-31,3.78,28.24,32.1,25.92,88.8,3.32,18.76
2003-09-01,1.22,28.0,31.39,26.08,88.62,3.87,17.98
2003-09-02,19.47,27.65,30.72,25.93,90.8,3.75,13.19
2003-09-03,5.05,27.87,31.52,25.17,88.47,2.33,16.76
2003-09-04,1.03,27.55,31.06,25.31,89.01,1.82,21.48
2003-09-05,0.58,28.2,32.1,25.21,87.98,2.31,19.73
2003-09-06,3.33,27.49,31.46,25.11,89.77,2.9,18.66
2003-09-07,10.53,27.34,30.96,25.36,91.18,2.99,13.81
2003-09-08,6.09,27.2,29.93,25.33,92.72,2.72,15.33
2003-09-09,1.89,27.49,29.89,25.15,89.24,1.15,18.59
2003-09-10,1.37,27.16,29.68,25.52,92.37,1.2,17.16
2003-09-11,4.41,28.31,31.72,25.63,86.79,0.61,16.41
2003-09-12,10.65,27.4,29.49,25.81,93.25,1.42,17.63
2003-09-13,4.82,28.44,32.12,25.84,87.88,0.99,18.02
2003-09-14,1.95,27.78,30.89,25.88,90.87,1.78,16.18
2003-09-15,8.5,26.7,28.78,25.1,92.53,1.49,17.72
2003-09-16,6.93,27.2,30.37,24.72,91.14,1.4,13.98
2003-09-17,0.76,26.96,29.74,24.85,91.19,1.25,17.08
2003-09-18,0.14,27.27,30.73,24.51,90.19,1.52,14.88
2003-09-19,7.33,27.15,29.55,25.21,91.14,1.16,17.05
2003-09-20,12.07,26.83,29.24,25.02,92.46,1.16,12.41
2003-09-21,1.03,28.08,31.37,25.63,87.05,0.55,15.84
2003-09-22,14.19,27.83,30.66,25.28,86.9,0.58,15.73
2003-09-23,8.41,28.1,31.18,25.05,84.99,0.65,16.39
2003-09-24,7.89,26.87,29.19,25.38,92.55,0.78,8.47
2003-09-25,11.56,27.07,29.83,24.98,89.95,0.88,17.85
2003-09-26,20.49,26.1,27.63,24.73,92.96,0.83,17.92
2003-09-27,11.8,26.53,29.46,24.25,91.34,1.18,16.52
2003-09-28,2.92,26.46,28.66,24.55,91.91,1.06,15.12
2003-09-29,0.67,27.8,31.35,24.28,86.03,0.81,18.62
2003-09-30,0.16,28.26,31.87,25.35,84.59,0.56,17.81
2003-10-01,2.69,28.45,32.01,25.03,82.16,0.52,18.09
2003-10-02,13.27,27.85,30.12,25.64,85.63,0.67,16.26
2003-10-03,2.79,27.4,30.24,24.27,81.57,0.75,19.07
2003-10-04,1.29,27.05,30.65,23.93,86.34,1.18,16.6
2003-10-05,0.17,26.52,29.93,23.92,86.08,1.3,19.9
2003-10-06,1.79,26.74,30.41,23.52,84.31,1.15,12.65
2003-10-07,8.42,25.75,28.62,23.58,90.6,1.68,7.48
2003-10-08,54.01,25.62,28.09,23.6,95.71,2.05,3.96
2003-10-09,9.31,26.32,27.87,25.28,95.25,2.72,12.27
2003-10-10,6.76,27.05,28.73,25.89,94.72,3.22,7.21
2003-10-11,1.2,27.02,30.35,24.86,85.76,1.58,14.72
2003-10-12,0.0,26.18,30.3,22.49,80.93,1.0,17.99
2003-10-13,0.0,25.13,29.56,21.29,80.49,1.3,20.0
2003-10-14,0.1,26.31,30.08,22.4,83.95,1.02,20.2
2003-10-15,17.6,27.37,31.32,24.07,83.14,0.58,19.73
2003-10-16,1.32,27.23,30.7,24.02,85.19,1.1,20.67
2003-10-17,0.05,27.29,31.0,23.45,84.04,0.93,19.85
2003-10-18,0.45,26.39,29.32,24.39,87.19,0.88,10.77
2003-10-19,0.04,26.31,29.62,23.19,87.2,1.21,18.35
2003-10-20,4.17,26.93,29.93,24.08,85.38,1.03,15.48
2003-10-21,5.15,26.93,30.69,23.22,84.66,0.99,14.2
2003-10-22,6.0,25.99,28.97,23.63,87.72,0.84,16.83
2003-10-23,1.99,26.23,30.62,22.39,84.67,1.13,18.61
2003-10-24,0.99,25.78,29.81,22.41,84.13,1.07,16.99
2003-10-25,2.83,25.73,29.04,22.84,86.24,0.62,14.59
2003-10-26,2.38,25.51,28.88,22.75,86.72,0.7,15.17
2003-10-27,4.13,26.18,29.94,22.45,84.91,0.81,14.39
2003-10-28,0.8,25.85,28.79,23.57,86.63,0.89,15.16
2003-10-29,0.0,25.59,29.86,22.21,87.36,1.55,17.87
2003-10-30,0.0,24.95,29.83,21.24,85.82,1.6,19.45
2003-10-31,0.02,24.48,29.74,20.06,85.84,1.35,18.56
2003-11-01,0.02,24.32,29.02,20.61,83.92,1.15,18.68
2003-11-02,0.0,23.5,28.65,18.77,82.71,1.33,19.63
2003-11-03,0.0,23.17,28.39,18.5,85.74,1.39,18.45
2003-11-04,0.0,22.83,28.22,18.6,87.03,1.45,18.83
2003-11-05,0.0,22.35,27.74,17.86,86.06,1.34,18.47
2003-11-06,0.0,23.1,27.57,18.77,79.46,0.81,16.39
2003-11-07,0.04,23.29,28.01,18.2,75.86,0.66,17.54
2003-11-08,0.0,23.23,27.74,19.1,71.53,0.7,17.48
2003-11-09,0.0,20.76,25.81,16.52,80.34,1.23,17.9
2003-11-10,0.0,20.58,26.68,15.81,81.42,1.3,18.09
2003-11-11,0.0,20.92,27.12,15.46,82.44,1.33,18.61
2003-11-12,0.0,21.86,27.65,16.35,82.85,1.12,18.41
2003-11-13,0.0,21.23,27.0,16.37,85.0,1.47,19.07
2003-11-14,0.0,20.67,26.95,15.74,83.77,1.59,18.85
2003-11-15,0.0,20.71,27.16,15.23,79.54,1.13,18.85
2003-11-16,0.0,20.55,26.52,15.38,77.63,1.06,18.78
2003-11-17,3.59,20.54,26.32,15.57,82.6,1.19,17.43
2003-11-18,0.0,20.61,26.51,15.15,81.99,1.32,18.32
2003-11-19,0.0,20.1,26.05,15.43,86.06,1.29,17.76
2003-11-20,0.0,20.37,26.37,15.1,81.59,1.21,16.98
2003-11-21,0.0,19.46,25.85,14.47,80.72,1.33,17.6
2003-11-22,0.0,19.24,25.45,13.74,78.14,0.96,17.69
2003-11-23,0.0,19.83,25.66,13.94,76.57,0.82,17.66
2003-11-24,0.0,20.07,25.96,15.22,82.25,1.09,17.11
2003-11-25,0.0,20.13,26.05,15.43,83.99,1.19,17.61
2003-11-26,0.0,20.35,26.46,15.22,82.59,1.09,16.76
2003-11-27,0.0,19.69,25.67,14.81,82.45,1.23,17.2
2003-11-28,0.0,18.89,24.95,14.03,81.91,1.25,16.8
2003-11-29,0.0,18.65,25.01,13.29,82.12,1.3,16.99
2003-11-30,0.0,18.87,24.76,14.44,77.38,1.07,17.35
2003-12-01,0.0,18.21,24.74,12.6,80.08,1.12,17.47
2003-12-02,0.0,18.24,24.72,12.45,78.34,1.18,17.38
2003-12-03,0.0,18.56,24.56,12.8,72.6,0.83,16.74
2003-12-04,0.0,18.22,24.23,12.63,74.75,1.09,16.36
2003-12-05,0.0,17.58,24.28,11.82,79.34,1.37,15.92
2003-12-06,0.0,17.61,23.98,11.97,78.47,1.14,16.23
2003-12-07,0.0,17.7,24.22,12.57,74.89,1.18,16.39
2003-12-08,0.0,18.83,25.76,12.3,75.4,0.94,15.78
2003-12-09,0.0,20.15,26.38,14.28,73.25,0.58,15.08
2003-12-10,0.0,19.69,26.35,14.1,76.6,1.03,15.66
2003-12-11,0.0,19.13,26.24,13.59,80.13,1.44,16.11
2003-12-12,0.0,19.22,26.35,13.1,76.28,1.34,15.37
2003-12-13,0.0,19.62,26.6,13.43,73.85,1.1,16.63
2003-12-14,0.0,19.93,27.17,13.68,68.29,0.83,16.84
2003-12-15,0.0,19.52,26.1,13.99,70.48,0.96,16.43
2003-12-16,0.18,19.22,25.06,13.75,76.39,0.92,10.22
2003-12-17,1.83,18.89,23.18,15.59,85.1,1.4,4.25
2003-12-18,6.02,19.23,23.59,16.51,88.95,1.63,6.39
2003-12-19,25.77,20.2,25.29,17.02,90.37,1.06,7.94
2003-12-20,1.57,20.15,25.17,17.08,88.78,1.39,11.22
2003-12-21,0.0,19.45,25.41,14.89,82.01,1.11,12.08
2003-12-22,0.0,19.0,25.43,14.12,80.38,1.03,15.02
2003-12-23,0.0,18.6,24.18,14.33,81.16,1.09,16.22
2003-12-24,0.0,17.93,24.38,12.54,79.4,1.28,15.6
2003-12-25,0.0,16.59,23.76,10.76,73.66,1.42,16.32
2003-12-26,0.0,16.24,23.99,10.29,76.63,1.41,16.63
2003-12-27,0.0,16.63,24.2,10.0,77.12,1.36,11.23
2003-12-28,4.77,15.62,18.22,13.38,88.21,1.38,4.13
2003-12-29,0.87,15.66,21.55,11.85,82.67,1.13,11.11
2003-12-30,0.0,15.59,23.54,9.16,77.51,1.38,14.85
2003-12-31,0.0,15.72,22.83,10.19,78.58,1.22,13.51
2004-01-01,0.0,15.87,23.07,11.05,79.39,0.95,10.54
2004-01-02,0.0,15.52,22.98,9.78,78.67,1.31,6.61
2004-01-03,0.18,14.59,22.44,9.12,77.13,1.37,12.81
2004-01-04,0.0,13.69,21.86,7.27,75.71,1.63,8.16
2004-01-05,0.0,13.93,22.02,7.35,74.55,1.53,14.54
2004-01-06,0.0,16.06,25.22,9.29,73.87,1.0,16.19
2004-01-07,0.0,17.04,25.02,11.12,75.39,0.94,16.02
2004-01-08,0.0,17.44,24.6,13.25,75.57,1.18,15.29
2004-01-09,0.0,15.63,23.21,10.1,69.13,1.43,15.4
2004-01-10,0.0,16.19,24.67,9.23,72.53,1.53,12.15
2004-01-11,0.0,17.85,25.6,10.45,65.64,1.14,17.28
2004-01-12,0.0,18.45,24.82,13.22,62.48,0.87,16.93
2004-01-13,0.0,18.12,24.09,12.66,67.38,0.97,15.49
2004-01-14,0.0,17.61,24.15,11.43,73.87,1.22,12.22
2004-01-15,0.57,19.16,25.82,12.68,72.88,0.95,13.06
2004-01-16,0.11,18.97,25.72,12.22,68.4,0.98,12.66
2004-01-17,0.0,19.23,25.68,12.7,67.93,0.85,12.0
2004-01-18,0.0,19.61,25.44,15.07,69.27,0.93,11.42
2004-01-19,0.91,18.78,25.47,13.23,83.17,1.66,10.31
2004-01-20,1.0,20.24,25.75,15.13,78.55,1.1,13.68
2004-01-21,0.0,19.74,25.84,13.98,70.16,1.21,16.52
2004-01-22,0.0,19.61,26.48,12.36,66.35,1.12,16.36
2004-01-23,0.0,19.83,27.0,14.11,69.74,1.23,11.95
2004-01-24,0.17,19.98,25.54,14.54,69.02,1.26,12.92
2004-01-25,0.0,18.37,24.79,13.84,74.21,1.5,11.78
2004-01-26,0.0,15.97,22.31,11.16,66.12,1.69,9.52
2004-01-27,0.0,15.94,24.95,8.72,59.0,1.69,18.56
2004-01-28,0.0,15.47,23.69,9.96,57.44,1.67,18.39
2004-01-29,0.0,15.7,24.31,8.27,56.6,1.43,19.5
2004-01-30,0.0,16.75,24.75,10.27,57.7,1.39,19.25
2004-01-31,0.0,17.88,27.16,10.1,58.31,1.45,19.12
2004-02-01,0.0,18.07,24.13,12.82,66.31,1.43,12.67
2004-02-02,0.0,20.27,27.24,15.19,69.46,1.73,15.89
2004-02-03,0.0,16.98,24.38,11.17,60.72,2.03,17.55
2004-02-04,0.0,15.47,23.25,8.83,55.67,1.61,18.87
2004-02-05,0.0,16.01,23.92,9.4,55.9,1.44,19.16
2004-02-06,0.0,17.33,25.2,10.09,53.71,1.31,14.81
2004-02-07,0.0,18.13,25.53,12.03,57.69,1.62,17.74
2004-02-08,0.0,17.6,26.51,10.55,55.86,1.63,19.62
2004-02-09,0.0,19.05,27.79,11.14,52.44,0.98,19.59
2004-02-10,0.0,20.29,28.53,12.39,50.99,1.01,19.94
2004-02-11,0.0,21.29,29.37,14.42,47.35,0.93,20.49
2004-02-12,0.0,20.34,29.85,12.93,53.92,1.69,21.04
2004-02-13,0.0,20.86,31.01,12.81,50.68,1.47,20.68
2004-02-14,0.0,21.07,29.82,13.89,43.14,1.23,20.56
2004-02-15,0.0,22.43,29.29,14.32,39.26,0.92,19.54
2004-02-16,0.0,21.39,30.04,14.78,49.23,1.16,18.63
2004-02-17,0.0,21.14,30.73,14.49,52.29,1.63,20.44
2004-02-18,0.0,21.78,30.9,13.96,48.52,1.34,20.8
2004-02-19,0.0,21.83,30.91,14.9,49.52,1.55,20.32
2004-02-20,4.37,22.07,29.88,15.99,75.38,2.2,15.81
2004-02-21,0.08,22.42,30.45,15.85,68.0,1.19,16.99
2004-02-22,0.0,22.61,30.08,16.51,56.3,1.31,19.21
2004-02-23,0.0,23.01,31.34,16.53,44.45,1.29,18.29
2004-02-24,0.0,23.17,31.61,15.74,42.58,1.32,20.7
2004-02-25,0.0,23.63,31.77,15.26,44.35,1.03,21.04
2004-02-26,0.0,23.33,31.33,15.2,57.17,1.17,19.35
2004-02-27,0.0,24.61,32.35,17.03,61.73,1.04,19.54
2004-02-28,0.01,24.16,32.8,16.99,62.61,2.11,19.93
2004-02-29,0.0,25.31,34.14,18.33,68.98,2.41,19.25
2004-03-01,0.0,25.05,33.88,18.62,64.46,2.1,20.44
2004-03-02,0.0,24.45,33.53,17.06,50.61,1.54,22.64
2004-03-03,0.0,23.75,33.24,15.97,49.12,1.66,23.36
2004-03-04,0.0,23.23,32.8,14.49,32.4,1.54,23.39
2004-03-05,0.0,24.0,32.52,15.17,30.06,1.42,22.98
2004-03-06,0.0,24.47,34.62,13.97,51.45,1.52,22.97
2004-03-07,1.73,22.66,28.86,18.31,69.15,1.46,5.5
2004-03-08,0.25,24.58,33.55,18.04,49.87,1.8,17.17
2004-03-09,0.0,25.64,34.19,17.15,43.44,1.32,15.41
2004-03-10,3.02,22.85,28.55,18.36,58.37,2.08,5.72
2004-03-11,0.0,23.16,31.39,15.39,54.65,1.67,22.68
2004-03-12,0.0,24.99,33.78,16.72,47.69,1.74,22.88
2004-03-13,0.0,26.12,34.79,17.86,45.53,1.23,22.39
2004-03-14,0.04,26.43,35.6,17.76,45.21,1.24,22.49
2004-03-15,0.0,27.94,36.73,19.12,42.16,1.37,22.94
2004-03-16,0.0,28.45,36.81,21.15,46.73,1.28,20.73
2004-03-17,0.02,27.8,36.63,21.0,63.39,2.46,21.39
2004-03-18,0.0,27.81,36.38,21.77,66.13,2.43,19.59
2004-03-19,0.05,27.42,34.45,21.86,68.44,2.83,18.86
2004-03-20,1.25,28.02,35.74,22.78,69.84,4.0,17.43
2004-03-21,0.0,28.13,35.07,23.7,68.28,4.24,17.29
2004-03-22,0.0,28.46,35.94,23.61,65.89,4.35,18.4
2004-03-23,0.0,28.57,35.96,23.8,66.31,4.6,16.69
2004-03-24,0.0,28.63,35.57,24.15,65.08,4.54,17.44
2004-03-25,0.0,28.7,36.33,23.9,63.43,3.86,18.98
2004-03-26,0.0,29.29,37.36,23.31,61.03,3.38,21.14
2004-03-27,0.0,30.05,38.96,23.31,60.89,3.27,20.89
2004-03-28,0.0,30.29,39.28,23.87,61.23,3.59,20.48
2004-03-29,0.06,30.1,38.36,24.38,63.29,3.32,17.73
2004-03-30,0.04,29.04,35.41,24.49,66.16,2.69,13.22
2004-03-31,11.78,28.48,34.58,24.27,69.56,2.29,16.66
2004-04-01,3.84,28.44,35.43,20.76,51.5,2.18,15.23
2004-04-02,0.16,28.96,35.76,23.34,52.85,1.33,22.02
2004-04-03,2.2,29.34,36.31,23.55,62.82,2.42,16.87
2004-04-04,1.88,28.81,34.79,23.47,67.25,2.17,12.93
2004-04-05,0.28,29.59,35.88,24.22,62.55,2.42,18.09
2004-04-06,12.57,27.86,34.33,24.17,70.87,2.47,15.46
2004-04-07,4.77,25.76,29.48,23.13,80.63,1.98,6.99
2004-04-08,0.31,26.07,31.0,21.16,72.54,2.05,18.88
2004-04-09,16.01,25.58,29.4,22.49,80.13,2.74,20.46
2004-04-10,13.04,27.14,32.16,23.19,79.05,3.62,15.53
2004-04-11,1.3,29.12,35.59,24.25,73.24,4.21,13.45
2004-04-12,2.77,29.34,35.34,25.24,71.51,4.77,12.27
2004-04-13,2.07,29.35,35.61,25.06,73.21,5.36,16.48
2004-04-14,1.48,29.89,36.25,25.67,72.12,6.06,16.16
2004-04-15,1.3,29.8,35.49,26.04,72.97,6.74,17.72
2004-04-16,8.75,29.55,35.23,26.19,74.9,6.09,17.46
2004-04-17,10.38,29.09,34.92,25.66,76.42,4.97,15.96
2004-04-18,35.52,28.22,32.84,25.3,80.71,4.71,16.47
2004-04-19,23.33,27.21,31.23,24.78,85.08,3.1,14.52
2004-04-20,5.47,26.5,30.04,23.29,82.94,1.22,11.69
2004-04-21,0.18,28.07,33.51,22.54,71.44,1.17,18.15
2004-04-22,6.43,28.49,34.84,23.62,71.93,2.27,18.53
2004-04-23,22.33,27.25,33.02,23.22,77.64,2.62,10.62
2004-04-24,4.98,27.26,31.55,23.12,77.94,1.43,22.21
2004-04-25,0.0,27.68,32.43,23.66,71.61,1.15,22.77
2004-04-26,1.87,27.75,33.2,22.26,67.39,1.42,25.44
2004-04-27,19.7,28.0,33.11,22.61,65.33,1.05,20.87
2004-04-28,0.83,29.34,34.0,23.79,58.62,0.62,25.59
2004-04-29,0.24,29.1,33.23,24.24,64.2,0.68,22.93
2004-04-30,0.1,29.57,35.18,23.82,67.68,0.94,23.08
2004-05-01,0.27,30.26,35.83,24.27,64.41,1.03,24.94
2004-05-02,0.65,31.19,37.29,24.96,59.56,1.41,24.71
2004-05-03,0.0,30.34,37.63,24.41,58.64,1.42,25.32
2004-05-04,0.0,29.02,36.92,22.37,50.96,1.76,26.73
2004-05-05,0.0,30.44,37.95,22.2,45.93,1.15,19.26
2004-05-06,0.0,32.0,39.66,25.44,57.28,2.14,24.0
2004-05-07,0.0,32.0,38.91,25.71,57.3,1.42,25.6
2004-05-08,0.0,31.77,38.98,25.09,55.57,1.34,25.99
2004-05-09,0.01,31.81,39.36,25.01,57.97,2.61,23.4
2004-05-10,0.0,31.79,38.68,26.67,65.87,3.6,23.08
2004-05-11,0.98,32.14,38.71,27.51,66.5,4.26,17.92
2004-05-12,1.1,31.18,36.39,27.32,71.28,4.22,19.56
2004-05-13,2.01,30.8,34.78,27.93,74.63,4.18,17.03
2004-05-14,2.15,30.3,33.81,27.5,78.64,3.24,13.83
2004-05-15,0.26,29.89,32.58,27.75,82.14,3.1,17.38
2004-05-16,4.87,30.87,35.21,26.63,73.99,1.07,19.76
2004-05-17,12.11,29.73,32.91,27.17,80.94,1.03,11.46
2004-05-18,5.24,29.0,32.06,26.55,83.85,1.98,18.18
2004-05-19,1.53,30.92,35.5,26.58,71.72,1.47,19.5
2004-05-20,13.52,31.02,37.17,25.64,71.11,1.45,16.77
2004-05-21,18.64,29.66,35.24,26.18,78.79,2.73,14.49
2004-05-22,12.94,28.51,32.9,26.14,83.69,3.2,18.84
2004-05-23,5.24,27.4,30.74,25.22,87.21,3.49,6.16
2004-05-24,0.89,27.01,30.51,23.99,82.54,2.35,17.2
2004-05-25,0.33,26.29,29.14,24.09,82.31,2.57,20.68
2004-05-26,0.02,28.48,33.17,24.32,75.2,2.22,21.11
2004-05-27,0.45,29.85,35.61,24.1,70.12,1.72,20.49
2004-05-28,0.99,30.02,34.69,25.64,71.11,1.69,20.79
2004-05-29,1.38,29.54,33.8,25.95,73.15,1.94,17.21
2004-05-30,8.88,28.95,33.5,25.21,75.66,2.07,22.8
2004-05-31,3.59,28.96,33.24,24.63,75.42,1.52,23.11
2004-06-01,1.44,30.48,36.79,24.89,69.3,2.13,17.13
2004-06-02,15.43,28.49,32.92,26.02,80.08,2.75,17.77
2004-06-03,27.93,27.64,30.85,25.71,86.7,3.14,8.95
2004-06-04,2.9,27.91,31.2,25.6,84.58,2.01,14.94
2004-06-05,1.96,28.6,33.36,24.66,77.44,1.89,21.78
2004-06-06,5.33,29.3,34.09,24.68,76.03,1.6,19.24
2004-06-07,2.47,29.66,34.03,25.44,73.95,1.08,22.08
2004-06-08,0.62,29.46,32.74,25.83,75.54,1.07,20.95
2004-06-09,0.51,30.48,34.68,26.18,68.51,0.72,22.71
2004-06-10,6.55,31.25,35.26,26.04,66.43,0.71,22.94
2004-06-11,5.47,29.2,31.79,27.04,80.63,1.25,17.27
2004-06-12,3.8,29.31,34.1,25.78,80.0,1.91,22.45
2004-06-13,7.98,27.8,29.97,26.32,89.95,2.51,12.66
2004-06-14,3.71,27.94,30.56,26.18,86.61,2.34,13.48
2004-06-15,2.41,28.47,31.92,25.91,84.57,2.24,18.7
2004-06-16,11.14,28.81,32.12,26.61,83.85,1.72,20.62
2004-06-17,15.08,28.4,31.45,25.49,86.71,1.49,19.68
2004-06-18,11.09,28.49,31.98,26.0,85.27,1.57,10.77
2004-06-19,38.97,27.99,31.21,25.82,89.67,1.68,16.41
2004-06-20,14.98,28.09,32.16,26.12,90.25,2.36,5.47
2004-06-21,34.91,27.85,30.09,25.86,89.87,4.35,5.07
2004-06-22,17.74,28.84,32.51,26.32,87.38,3.39,6.69
2004-06-23,66.36,29.11,32.65,26.34,88.99,2.83,9.02
2004-06-24,79.57,27.89,29.65,26.53,93.74,2.43,6.6
2004-06-25,10.16,28.72,32.52,25.79,86.37,2.21,12.19
2004-06-26,7.12,28.18,31.7,25.39,86.66,1.25,13.44
2004-06-27,0.19,28.75,32.34,25.29,87.15,2.04,19.45
2004-06-28,1.02,28.95,32.15,26.59,88.37,2.78,19.37
2004-06-29,1.13,27.62,30.68,25.57,88.21,3.38,17.45
2004-06-30,0.82,27.83,31.97,24.12,85.29,2.56,19.74
2004-07-01,11.42,28.49,32.61,25.29,83.51,1.32,19.91
2004-07-02,11.58,29.7,33.59,25.88,83.01,0.87,19.18
2004-07-03,6.67,29.18,33.6,26.31,85.41,2.37,16.86
2004-07-04,16.49,27.73,29.79,26.41,92.64,2.9,16.88
2004-07-05,14.69,27.96,30.72,26.29,91.07,3.16,9.61
2004-07-06,31.24,27.62,29.75,25.76,92.5,3.3,13.0
2004-07-07,38.3,27.86,30.39,26.1,91.08,3.86,3.8
2004-07-08,13.41,27.38,30.08,25.69,89.05,4.46,13.72
2004-07-09,18.97,27.13,28.46,25.97,93.99,4.16,7.8
2004-07-10,14.69,27.04,28.63,25.35,94.36,2.9,8.06
2004-07-11,11.19,27.45,30.33,25.23,90.14,2.18,13.74
2004-07-12,8.34,27.15,30.02,25.08,90.27,1.93,19.66
2004-07-13,3.48,27.78,31.48,24.91,87.97,1.56,16.35
2004-07-14,7.51,26.79,29.89,25.02,90.35,1.95,17.74
2004-07-15,14.64,26.93,29.36,25.08,92.91,2.79,15.93
2004-07-16,7.76,27.3,29.5,25.56,92.66,3.84,14.61
2004-07-17,6.62,27.7,30.66,26.02,92.03,3.4,13.1
2004-07-18,10.37,27.37,29.04,26.21,93.85,3.57,6.56
2004-07-19,67.0,27.54,29.65,26.39,93.09,3.75,3.85
2004-07-20,42.03,27.11,29.2,25.52,92.23,3.04,8.22
2004-07-21,1.64,26.72,29.53,24.58,89.05,1.83,16.69
2004-07-22,2.77,28.3,32.82,24.47,84.75,1.09,13.94
2004-07-23,7.34,28.31,32.12,25.28,87.42,2.04,21.08
2004-07-24,13.35,27.3,30.21,25.62,93.32,1.98,18.37
2004-07-25,12.65,27.63,31.33,24.88,89.55,1.87,20.61
2004-07-26,4.7,28.1,32.09,25.04,87.55,2.13,19.03
2004-07-27,3.06,27.66,31.33,25.12,88.03,2.4,20.23
2004-07-28,4.3,27.84,31.44,25.06,87.76,2.76,20.85
2004-07-29,4.73,27.0,29.57,25.35,92.2,2.99,18.8
2004-07-30,2.92,26.86,28.82,25.54,92.82,2.58,19.38
2004-07-31,1.63,27.92,31.56,25.3,88.64,2.45,19.0
2004-08-01,1.42,28.19,32.08,25.38,88.65,2.0,21.78
2004-08-02,9.04,28.3,31.96,25.49,89.84,1.55,21.26
2004-08-03,13.64,28.44,32.22,25.13,87.7,1.9,23.5
2004-08-04,7.55,27.33,30.45,25.32,90.95,3.75,17.44
2004-08-05,8.32,26.81,29.3,24.43,91.6,3.17,16.23
2004-08-06,5.36,27.52,31.72,24.93,89.94,2.95,19.88
2004-08-07,1.08,27.09,29.35,25.26,91.89,3.17,15.79
2004-08-08,0.61,27.07,29.49,25.37,91.62,2.5,19.51
2004-08-09,2.09,27.4,30.37,25.09,91.65,2.55,18.66
2004-08-10,5.18,27.43,30.46,25.79,91.53,2.56,20.07
2004-08-11,3.24,27.77,30.92,24.65,89.27,3.13,21.29
2004-08-12,11.44,27.51,31.26,24.98,90.71,3.21,18.54
2004-08-13,9.07,26.75,28.71,25.09,94.37,3.43,12.06
2004-08-14,4.56,27.25,30.41,25.34,90.03,2.98,18.08
2004-08-15,0.47,27.98,31.78,25.57,88.62,2.6,17.24
2004-08-16,2.52,28.64,33.2,25.08,87.11,1.76,22.44
2004-08-17,4.6,27.85,30.64,25.61,89.37,1.65,21.08
2004-08-18,26.52,27.73,31.59,25.07,91.45,2.26,20.33
2004-08-19,8.73,27.45,29.78,25.6,92.78,1.49,19.71
2004-08-20,7.17,27.72,31.71,25.64,90.57,2.76,21.97
2004-08-21,0.47,28.04,32.56,24.87,88.52,2.75,21.04
2004-08-22,0.65,28.38,32.4,25.61,88.15,2.45,20.8
2004-08-23,2.62,27.71,30.87,25.74,90.24,2.35,16.97
2004-08-24,1.1,27.76,31.7,25.44,90.34,2.27,15.96
2004-08-25,9.37,27.77,30.45,25.67,91.85,2.13,14.39
2004-08-26,8.37,27.7,29.68,26.03,93.83,2.24,11.12
2004-08-27,8.83,27.56,30.21,25.75,92.03,1.56,18.11
2004-08-28,11.27,27.84,30.13,25.55,93.22,1.81,16.26
2004-08-29,7.2,27.85,30.71,25.87,89.48,1.68,15.33
2004-08-30,5.7,27.75,32.06,25.08,90.08,2.31,11.82
2004-08-31,5.18,27.14,29.47,25.45,93.73,2.9,14.73
2004-09-01,1.46,27.72,30.82,25.13,90.75,1.37,14.81
2004-09-02,2.92,27.9,31.18,25.7,91.31,1.84,11.14
2004-09-03,6.6,27.65,30.33,25.73,90.78,1.83,14.6
2004-09-04,11.24,27.83,31.33,25.28,91.18,1.65,15.29
2004-09-05,8.64,27.73,30.46,26.06,92.06,1.91,14.66
2004-09-06,4.12,27.79,30.72,25.26,89.37,2.03,16.86
2004-09-07,3.53,27.45,30.43,25.33,90.56,2.14,16.79
2004-09-08,5.35,27.59,30.29,25.59,91.91,1.92,17.22
2004-09-09,3.68,27.04,29.14,25.61,93.23,1.36,9.07
2004-09-10,55.3,26.63,28.65,25.16,93.14,1.08,16.79
2004-09-11,57.35,26.06,27.18,24.55,94.6,2.83,8.77
2004-09-12,151.54,26.55,28.54,25.21,95.29,4.13,3.24
2004-09-13,154.82,26.33,27.84,25.23,94.7,3.65,4.61
2004-09-14,34.02,25.89,27.67,24.51,95.06,2.82,5.91
2004-09-15,21.38,25.05,27.83,23.19,93.7,3.14,14.85
2004-09-16,6.46,24.88,26.83,23.08,94.37,2.87,7.76
2004-09-17,6.64,25.97,28.38,24.26,93.33,1.95,16.67
2004-09-18,5.85,26.48,29.53,24.2,90.84,1.65,19.92
2004-09-19,9.43,26.18,28.79,23.98,91.91,1.1,19.24
2004-09-20,2.4,27.11,30.43,24.37,87.63,0.81,15.21
2004-09-21,10.06,26.75,28.51,24.77,88.21,0.69,16.78
2004-09-22,27.08,27.02,30.1,24.59,88.8,1.23,11.78
2004-09-23,7.59,26.54,29.64,24.17,88.18,0.8,13.44
2004-09-24,4.05,26.9,29.93,24.43,89.75,1.19,15.1
2004-09-25,4.1,27.35,30.54,24.3,88.95,0.91,12.46
2004-09-26,0.25,27.2,29.58,25.25,89.57,0.5,19.67
2004-09-27,9.07,27.73,30.85,25.41,85.6,0.59,18.4
2004-09-28,5.7,26.88,29.48,24.72,90.83,0.85,14.72
2004-09-29,4.01,27.49,30.24,24.35,84.24,0.55,13.88
2004-09-30,1.27,26.88,30.0,24.32,86.72,0.85,18.3
2004-10-01,0.05,27.61,31.32,23.12,82.64,0.83,21.42
2004-10-02,0.31,27.11,30.05,24.65,87.24,0.7,20.27
2004-10-03,1.53,26.14,28.72,24.31,92.28,1.03,22.13
2004-10-04,5.34,25.58,28.33,23.66,91.98,1.35,18.35
2004-10-05,32.65,25.62,27.57,24.22,96.11,2.87,8.4
2004-10-06,24.64,25.82,27.69,23.92,95.95,2.75,5.15
2004-10-07,43.21,25.16,26.77,23.81,95.13,3.98,3.09
2004-10-08,20.77,25.52,27.21,23.37,95.81,3.78,12.46
2004-10-09,0.93,25.84,29.17,22.25,85.26,0.55,18.94
2004-10-10,0.0,26.2,29.89,22.99,84.29,1.28,20.08
2004-10-11,0.57,25.98,30.09,21.49,84.6,1.27,20.49
2004-10-12,0.4,26.13,30.34,22.13,87.28,1.32,20.93
2004-10-13,2.06,25.58,29.19,22.57,86.66,0.71,19.49
2004-10-14,12.34,25.47,28.5,22.74,86.77,0.74,7.32
2004-10-15,37.89,24.45,27.05,22.27,93.08,1.88,6.96
2004-10-16,0.4,24.65,28.84,21.34,87.94,2.16,14.59
2004-10-17,0.01,23.99,28.67,19.47,86.88,1.42,19.6
2004-10-18,0.0,24.52,28.92,20.25,86.32,1.36,20.87
2004-10-19,0.0,24.97,29.58,20.76,86.63,1.34,20.12
2004-10-20,0.0,24.68,29.59,20.35,87.92,1.49,21.13
2004-10-21,0.0,24.09,28.96,19.68,87.86,1.51,21.13
2004-10-22,0.0,23.9,29.09,19.35,86.47,1.21,20.66
2004-10-23,0.0,23.45,28.39,19.19,85.22,1.35,20.25
2004-10-24,0.09,23.34,28.66,18.51,83.97,1.25,20.17
2004-10-25,0.01,23.57,28.86,18.74,84.21,1.19,20.56
2004-10-26,0.01,23.37,28.7,18.61,85.93,1.34,20.25
2004-10-27,0.0,23.42,28.5,18.73,83.98,1.31,19.99
2004-10-28,0.0,23.7,28.97,18.97,82.68,1.17,19.76
2004-10-29,0.27,23.32,28.5,18.55,83.77,1.21,19.78
2004-10-30,0.07,22.98,27.63,19.17,84.89,1.18,15.28
2004-10-31,0.0,22.01,27.53,17.64,87.11,1.57,17.72
2004-11-01,0.0,21.51,27.3,16.68,87.21,1.48,19.43
2004-11-02,0.0,21.1,26.75,16.36,85.0,1.36,19.33
2004-11-03,0.0,21.42,27.14,16.66,85.55,1.21,19.95
2004-11-04,0.0,21.69,27.27,16.96,82.77,1.03,18.96
2004-11-05,0.0,22.98,28.47,18.09,81.39,0.86,16.76
2004-11-06,0.0,22.96,27.9,18.54,83.96,0.85,18.08
2004-11-07,0.0,22.58,27.44,18.05,74.64,0.66,18.81
2004-11-08,0.0,22.74,26.78,18.18,71.44,0.68,17.74
2004-11-09,0.0,21.69,26.57,17.16,78.2,1.3,18.13
2004-11-10,0.0,20.48,25.74,16.77,84.18,1.49,16.69
2004-11-11,0.0,19.79,25.62,14.73,82.3,1.54,18.39
2004-11-12,0.0,19.61,25.8,14.22,81.71,1.31,18.56
2004-11-13,0.0,19.66,25.75,13.99,82.5,1.56,18.79
2004-11-14,0.0,19.77,25.62,14.98,86.17,1.37,18.52
2004-11-15,0.0,19.81,25.17,15.24,83.83,1.11,17.64
2004-11-16,0.0,20.2,25.85,15.32,82.34,1.08,17.46
2004-11-17,0.0,20.45,25.47,14.93,81.14,0.95,17.93
2004-11-18,0.0,21.0,25.65,16.31,82.54,0.77,17.54
2004-11-19,0.0,21.91,26.23,17.15,80.87,0.6,16.78
2004-11-20,0.0,21.17,26.35,16.48,86.53,1.26,17.13
2004-11-21,0.0,21.1,26.77,16.37,86.53,1.24,16.96
2004-11-22,0.0,21.45,26.53,16.43,80.01,0.64,16.89
2004-11-23,0.19,21.46,25.78,16.78,78.38,0.65,16.78
2004-11-24,0.03,20.3,25.56,15.86,81.61,0.84,14.71
2004-11-25,0.0,19.56,25.4,15.17,87.55,1.27,16.33
2004-11-26,0.0,20.02,26.17,14.55,84.55,1.26,17.52
2004-11-27,0.0,21.03,26.62,15.93,76.77,0.81,17.55
2004-11-28,0.15,20.23,26.08,15.01,78.66,1.28,17.21
2004-11-29,0.0,20.55,25.92,15.39,79.08,0.94,17.29
2004-11-30,0.0,20.73,26.03,15.82,78.73,0.96,17.15
2004-12-01,0.0,20.28,26.02,15.0,80.23,1.04,16.16
2004-12-02,0.0,19.53,25.25,14.73,83.69,1.22,16.39
2004-12-03,0.0,18.56,24.65,13.79,84.5,1.52,16.81
2004-12-04,0.0,18.66,24.75,13.42,79.95,1.1,17.22
2004-12-05,0.0,19.71,25.32,14.13,71.9,0.69,15.46
2004-12-06,0.0,19.79,25.54,14.53,77.25,0.83,15.53
2004-12-07,0.0,19.94,25.78,14.12,80.68,0.89,14.81
2004-12-08,0.0,20.35,25.22,15.41,78.77,0.66,14.19
2004-12-09,0.0,20.07,24.62,15.13,78.68,0.66,14.32
2004-12-10,0.0,19.98,25.21,14.48,79.88,0.69,14.7
2004-12-11,0.0,20.61,26.01,15.25,80.99,0.67,15.62
2004-12-12,0.0,20.54,26.59,15.16,82.84,0.99,15.64
2004-12-13,0.0,20.46,25.81,16.02,79.45,0.96,14.22
2004-12-14,0.0,20.2,25.23,15.97,77.86,0.99,13.8
2004-12-15,0.0,20.27,25.41,15.73,79.08,0.99,14.18
2004-12-16,0.0,20.32,25.81,15.26,79.86,0.91,14.17
2004-12-17,0.01,20.59,25.65,15.87,78.18,0.97,15.89
2004-12-18,0.0,19.71,24.79,14.74,77.29,0.87,16.6
2004-12-19,0.0,19.15,24.12,13.63,76.5,0.77,15.07
2004-12-20,0.0,18.46,23.66,13.91,77.59,0.75,13.83
2004-12-21,0.47,18.41,23.37,14.05,82.46,1.29,7.88
2004-12-22,0.03,19.88,25.13,15.94,82.11,0.86,12.21
2004-12-23,0.0,18.21,24.16,12.83,81.51,1.16,12.15
2004-12-24,0.0,18.0,23.84,12.63,82.22,1.27,12.64
2004-12-25,0.0,18.29,24.64,13.46,82.01,1.2,8.93
2004-12-26,0.0,16.64,22.35,12.03,78.68,1.49,15.22
2004-12-27,0.0,13.87,20.72,8.71,73.12,1.43,16.64
2004-12-28,0.0,13.93,20.87,7.39,70.57,1.39,16.98
2004-12-29,0.0,15.08,21.29,10.15,66.28,0.73,16.52
2004-12-30,0.0,15.76,21.67,10.27,67.81,0.66,15.85
2004-12-31,0.0,15.63,21.7,9.85,73.11,1.08,16.28
2005-01-01,0.0,16.49,22.98,9.62,74.83,0.91,15.81
2005-01-02,0.0,17.3,22.89,12.11,76.13,0.94,13.64
2005-01-03,0.0,18.67,23.96,14.06,76.03,0.92,14.46
2005-01-04,0.0,18.09,22.2,14.78,81.86,0.91,8.13
2005-01-05,0.0,17.59,24.76,12.14,82.35,1.63,16.36
2005-01-06,0.0,17.28,24.29,11.56,78.14,1.29,16.8
2005-01-07,0.0,17.05,24.3,11.84,79.27,1.16,16.74
2005-01-08,0.0,16.93,24.19,11.23,76.91,1.37,15.79
2005-01-09,0.0,16.31,22.89,11.11,76.23,1.29,14.27
2005-01-10,0.0,16.64,22.62,9.9,67.52,0.93,14.89
2005-01-11,2.75,16.48,23.04,10.07,81.07,1.43,3.33
2005-01-12,2.52,16.79,23.1,12.24,78.19,1.5,15.71
2005-01-13,0.0,15.03,21.95,9.91,78.27,1.4,15.24
2005-01-14,0.0,15.4,22.53,9.59,78.07,1.18,15.9
2005-01-15,0.0,16.35,23.33,10.73,74.33,1.29,14.37
2005-01-16,0.0,17.82,24.08,12.55,69.4,1.21,16.56
2005-01-17,0.0,17.66,23.89,11.04,67.13,1.11,17.06
2005-01-18,0.06,18.19,24.52,11.42,69.34,1.07,16.29
2005-01-19,0.24,17.83,23.45,13.55,76.19,1.23,13.6
2005-01-20,0.0,16.65,23.42,11.22,74.41,1.44,16.23
2005-01-21,0.0,14.65,22.07,8.72,72.65,1.85,16.88
2005-01-22,0.0,15.73,22.89,9.33,68.07,1.33,14.89
2005-01-23,0.03,16.9,24.9,10.33,63.11,1.08,13.18
2005-01-24,0.07,17.72,24.62,12.46,71.56,0.99,14.86
2005-01-25,0.0,16.68,23.32,11.76,76.64,1.48,15.42
2005-01-26,0.0,16.67,24.21,10.17,73.02,1.47,16.27
2005-01-27,0.0,17.77,25.24,11.45,68.26,1.3,16.38
2005-01-28,0.0,17.28,24.33,12.24,68.68,1.3,14.01
2005-01-29,0.01,18.03,24.79,13.59,67.5,1.64,12.62
2005-01-30,0.0,18.32,26.55,11.74,67.03,1.68,18.42
2005-01-31,0.0,20.19,28.84,12.89,63.11,1.29,18.63
2005-02-01,0.08,19.8,27.57,13.47,72.57,1.71,14.2
2005-02-02,0.0,18.28,25.47,13.0,74.0,2.08,16.95
2005-02-03,0.0,15.83,23.79,9.72,63.61,1.8,19.47
2005-02-04,0.0,15.8,24.94,8.53,61.98,1.53,20.11
2005-02-05,0.0,17.19,25.7,9.77,58.2,1.26,20.12
2005-02-06,0.0,19.47,27.69,11.32,53.92,1.11,17.82
2005-02-07,0.0,21.29,28.88,14.48,53.57,0.91,17.54
2005-02-08,0.0,21.07,29.96,13.74,60.52,1.56,18.59
2005-02-09,0.0,21.52,29.68,14.43,62.14,1.46,18.95
2005-02-10,0.0,21.63,29.71,15.13,61.85,1.64,19.72
2005-02-11,0.0,22.17,29.54,14.99,54.57,1.25,19.36
2005-02-12,0.0,22.83,30.91,15.7,54.13,1.4,19.46
2005-02-13,0.01,22.97,32.42,15.51,71.67,1.98,15.55
2005-02-14,0.0,22.45,31.52,16.04,61.84,2.14,20.92
2005-02-15,0.0,22.81,30.86,16.51,70.02,2.45,20.52
2005-02-16,0.42,24.25,30.88,18.95,76.23,3.47,14.29
2005-02-17,4.47,24.52,30.49,20.62,81.15,2.39,15.21
2005-02-18,0.89,24.76,31.41,20.23,78.25,2.31,14.97
2005-02-19,0.2,25.4,32.66,19.11,72.61,1.6,15.29
2005-02-20,0.04,25.63,32.91,19.21,69.76,1.52,15.8
2005-02-21,0.0,26.7,34.23,19.74,60.3,1.48,17.65
2005-02-22,0.08,25.0,32.77,19.05,53.43,1.18,15.8
2005-02-23,0.01,23.32,31.33,16.09,55.45,1.46,20.99
2005-02-24,0.0,23.45,30.65,17.09,56.57,1.57,19.99
2005-02-25,0.0,23.21,30.31,14.92,43.72,1.51,21.78
2005-02-26,0.0,25.21,32.47,17.98,37.59,1.26,22.03
2005-02-27,0.0,24.67,32.12,17.89,37.69,1.25,22.25
2005-02-28,0.0,23.82,32.04,17.34,41.29,1.4,22.63
2005-03-01,0.0,25.06,33.14,16.09,40.37,1.34,21.17
2005-03-02,0.0,25.66,34.78,16.98,55.27,1.86,21.44
2005-03-03,0.0,26.37,35.43,19.31,66.13,2.11,20.32
2005-03-04,0.0,27.09,36.1,20.33,67.34,2.47,21.02
2005-03-05,0.07,27.69,35.35,21.57,68.95,3.17,19.11
2005-03-06,0.03,27.96,35.73,23.35,68.83,3.68,15.71
2005-03-07,0.32,27.3,34.39,22.27,69.58,3.06,14.75
2005-03-08,1.8,26.77,33.02,22.27,71.19,1.94,14.02
2005-03-09,0.01,27.16,34.57,20.67,62.74,1.42,17.95
2005-03-10,0.12,27.86,35.37,21.5,60.01,1.85,19.67
2005-03-11,1.12,26.76,31.03,23.68,57.93,0.89,14.22
2005-03-12,0.4,25.68,30.94,21.02,57.85,1.23,8.71
2005-03-13,0.0,26.26,34.65,19.23,50.44,1.72,19.12
2005-03-14,0.0,26.63,34.16,19.73,49.24,1.34,19.06
2005-03-15,0.04,26.66,34.58,20.68,47.89,1.25,18.2
2005-03-16,0.0,26.46,33.57,19.48,61.19,1.69,21.28
2005-03-17,0.0,27.36,35.14,20.43,57.69,1.13,20.1
2005-03-18,0.61,28.24,34.84,21.7,58.61,1.18,18.3
2005-03-19,0.2,28.6,35.68,22.26,57.5,1.51,19.21
2005-03-20,1.58,28.81,36.49,22.23,61.16,3.11,18.91
2005-03-21,1.83,28.97,36.47,23.16,67.7,4.2,18.97
2005-03-22,2.27,29.05,36.67,23.89,67.56,3.96,18.53
2005-03-23,15.97,26.89,31.74,23.59,78.83,3.78,9.06
2005-03-24,25.54,24.6,29.14,22.38,84.71,3.5,4.05
2005-03-25,3.7,25.68,31.42,21.65,66.6,2.76,16.3
2005-03-26,1.91,25.52,31.6,18.71,62.67,2.13,19.89
2005-03-27,9.79,26.43,33.28,20.58,68.18,2.0,18.01
2005-03-28,17.62,26.64,32.71,22.49,75.54,2.95,18.95
2005-03-29,0.85,26.93,33.43,22.19,71.59,2.99,16.66
2005-03-30,42.88,26.45,31.3,22.19,79.97,2.22,19.86
2005-03-31,2.26,26.6,31.55,21.61,75.08,1.33,9.4
2005-04-01,0.15,27.43,33.17,21.69,69.1,0.95,21.77
2005-04-02,0.01,27.32,35.35,20.62,56.09,1.68,21.5
2005-04-03,0.07,27.53,36.05,19.48,47.13,1.62,25.44
2005-04-04,4.83,26.33,34.54,18.52,52.6,0.95,24.06
2005-04-05,0.06,27.13,34.48,19.88,61.0,1.35,22.9
2005-04-06,0.18,27.69,34.4,21.3,67.67,1.57,20.13
2005-04-07,0.06,28.28,35.45,22.51,68.18,2.79,21.51
2005-04-08,0.0,28.32,35.4,22.78,69.11,3.14,20.66
2005-04-09,5.07,28.27,34.37,23.28,74.71,3.07,18.52
2005-04-10,22.22,27.87,32.9,24.47,83.61,2.67,15.45
2005-04-11,11.08,26.22,29.18,23.78,87.59,1.84,16.24
2005-04-12,1.48,28.53,34.64,23.09,66.66,1.42,20.15
2005-04-13,0.0,27.84,34.71,20.23,55.59,1.23,24.67
2005-04-14,0.0,27.13,35.28,18.48,55.25,1.28,24.04
2005-04-15,0.0,28.49,36.34,21.1,64.76,1.69,24.98
2005-04-16,0.0,28.94,35.52,23.76,70.07,2.56,22.72
2005-04-17,1.15,27.71,31.59,25.0,80.53,2.4,19.72
2005-04-18,1.11,27.56,32.29,24.0,79.83,2.18,22.84
2005-04-19,0.0,27.63,31.75,24.03,75.96,1.25,21.31
2005-04-20,0.0,28.71,35.41,23.62,62.41,0.99,15.6
2005-04-21,0.0,30.37,37.88,22.87,54.55,1.06,25.27
2005-04-22,0.0,29.66,36.63,23.54,64.09,1.55,22.97
2005-04-23,2.4,29.23,35.92,23.48,70.38,1.82,22.1
2005-04-24,1.74,29.68,37.19,24.1,68.59,2.3,24.73
2005-04-25,2.42,29.2,34.1,25.18,72.01,1.91,23.61
2005-04-26,6.79,29.35,34.36,25.63,73.68,1.79,22.4
2005-04-27,10.94,28.96,34.43,24.72,75.55,2.74,17.96
2005-04-28,18.36,29.21,34.87,25.09,76.1,3.0,16.78
2005-04-29,26.22,26.22,29.22,23.89,87.28,2.38,16.09
2005-04-30,7.08,25.44,28.63,22.82,82.05,1.42,22.01
2005-05-01,0.3,26.83,31.37,21.76,69.18,0.84,24.41
2005-05-02,0.01,26.46,30.35,22.23,69.24,0.91,22.41
2005-05-03,1.58,27.12,32.81,21.29,67.53,1.13,23.29
2005-05-04,0.78,28.05,33.52,22.54,68.93,1.23,17.52
2005-05-05,7.19,26.43,30.32,22.01,82.03,2.2,17.22
2005-05-06,1.44,25.59,30.91,21.17,75.88,1.63,20.52
2005-05-07,3.67,27.41,32.94,22.33,72.08,1.26,19.62
2005-05-08,3.04,28.39,33.35,23.34,73.22,1.69,16.29
2005-05-09,7.42,29.06,33.85,24.77,74.94,1.72,15.97
2005-05-10,0.77,30.83,37.42,25.13,67.89,2.65,20.8
2005-05-11,0.51,30.05,34.87,26.12,72.46,2.31,20.14
2005-05-12,0.75,30.42,37.2,25.11,67.05,1.99,25.8
2005-05-13,18.69,28.58,32.87,25.11,78.2,2.13,23.89
2005-05-14,6.28,29.24,34.66,25.46,76.13,2.55,24.07
2005-05-15,18.99,28.72,33.53,25.02,81.27,3.03,20.36
2005-05-16,3.69,29.81,35.13,25.72,78.26,2.65,21.14
2005-05-17,19.04,28.88,33.29,25.45,82.61,2.4,21.73
2005-05-18,7.01,28.9,33.79,25.5,82.23,2.1,21.27
2005-05-19,23.56,27.15,29.25,25.39,87.39,2.02,10.26
2005-05-20,29.73,27.46,31.11,24.99,85.66,1.51,22.78
2005-05-21,27.68,26.83,30.63,23.97,86.51,1.83,23.43
2005-05-22,17.15,27.34,31.56,24.14,85.85,2.93,9.92
2005-05-23,0.76,27.72,31.72,23.89,85.85,2.23,14.91
2005-05-24,16.02,28.12,31.18,25.89,89.12,2.31,15.24
2005-05-25,4.97,28.1,30.87,25.91,89.77,2.63,21.49
2005-05-26,0.31,28.28,31.34,26.1,89.31,2.43,21.95
2005-05-27,3.1,28.27,30.94,26.18,89.72,2.25,21.68
2005-05-28,1.57,28.47,31.31,26.38,88.33,2.08,22.15
2005-05-29,0.14,28.42,31.26,25.84,86.84,1.48,22.61
2005-05-30,0.04,29.77,33.93,25.59,80.03,0.97,23.99
2005-05-31,0.02,29.25,32.84,26.23,82.97,1.91,23.7
2005-06-01,0.04,29.41,33.41,26.52,82.93,2.7,21.52
2005-06-02,0.18,29.27,32.56,26.93,84.72,2.83,21.19
2005-06-03,5.28,29.44,33.79,26.0,83.19,2.52,22.86
2005-06-04,5.69,28.86,32.99,25.76,86.22,2.19,20.07
2005-06-05,0.72,28.19,31.14,25.76,85.88,1.79,20.76
2005-06-06,0.2,27.66,30.57,24.88,80.19,1.1,22.31
2005-06-07,0.0,28.8,33.77,23.43,71.36,0.77,22.67
2005-06-08,0.01,29.11,32.15,25.83,79.81,0.65,21.61
2005-06-09,11.09,29.45,32.66,25.94,82.03,1.0,19.67
2005-06-10,7.28,29.71,33.05,26.45,80.98,0.88,22.08
2005-06-11,0.0,29.04,32.09,26.6,84.29,2.21,16.73
2005-06-12,0.0,30.12,34.59,26.3,79.37,1.41,20.3
2005-06-13,0.32,29.48,32.48,26.99,85.78,1.9,17.15
2005-06-14,14.89,29.58,33.03,26.84,83.73,1.82,16.22
2005-06-15,11.48,28.99,32.43,26.52,86.34,2.11,17.76
2005-06-16,2.89,29.77,33.77,27.06,85.21,1.51,10.91
2005-06-17,0.16,30.06,33.83,27.03,83.46,2.42,15.55
2005-06-18,0.49,29.32,31.78,27.68,89.05,2.98,19.14
2005-06-19,0.19,29.36,33.63,26.08,82.19,3.36,17.14
2005-06-20,0.03,29.28,33.16,26.08,80.06,2.79,18.93
2005-06-21,1.59,28.77,30.99,26.78,84.07,2.48,20.18
2005-06-22,1.59,28.61,31.32,27.01,87.51,2.73,17.11
2005-06-23,8.18,28.81,31.41,26.77,86.9,2.58,13.38
2005-06-24,7.62,28.35,30.39,26.78,92.7,2.63,16.63
2005-06-25,1.86,27.95,29.62,26.56,90.5,3.62,12.47
2005-06-26,3.83,28.33,31.27,26.23,87.63,3.21,18.36
2005-06-27,8.52,28.62,32.54,26.06,87.67,4.02,14.86
2005-06-28,21.02,27.96,29.9,26.6,92.05,3.49,8.3
2005-06-29,32.64,27.91,31.17,26.01,91.92,3.14,10.95
2005-06-30,24.66,27.59,31.35,25.63,91.06,2.51,11.45
2005-07-01,19.41,28.02,31.36,25.54,88.79,1.88,13.19
2005-07-02,28.36,27.9,31.74,25.29,89.34,1.82,12.47
2005-07-03,22.67,27.98,31.22,25.82,90.35,3.35,14.37
2005-07-04,18.16,27.77,29.94,25.98,90.96,1.28,13.87
2005-07-05,13.33,27.21,29.56,25.42,91.68,2.04,14.34
2005-07-06,2.6,28.2,32.19,25.51,86.84,1.26,20.36
2005-07-07,0.75,28.45,32.45,25.49,86.85,1.91,24.43
2005-07-08,0.26,28.38,32.18,25.86,86.25,2.54,20.97
2005-07-09,2.57,27.95,30.89,25.63,87.99,3.81,15.28
2005-07-10,5.03,28.01,31.25,25.61,87.23,3.97,14.75
2005-07-11,12.2,27.6,29.87,26.03,91.67,3.05,12.75
2005-07-12,8.52,27.42,30.31,25.56,91.02,2.69,13.71
2005-07-13,20.77,27.41,30.36,25.48,91.35,2.88,10.36
2005-07-14,52.37,26.64,28.14,25.73,94.23,3.08,5.53
2005-07-15,19.85,25.96,27.67,24.34,93.04,2.52,4.09
2005-07-16,5.43,26.83,30.31,23.75,89.01,1.96,20.47
2005-07-17,3.14,27.59,31.05,24.78,88.25,2.11,18.56
2005-07-18,1.54,28.1,31.57,25.08,87.97,2.05,11.37
2005-07-19,0.95,28.17,30.88,25.81,88.72,2.22,16.86
2005-07-20,11.1,28.49,31.72,25.93,88.86,2.06,16.26
2005-07-21,9.2,27.31,29.32,26.0,92.75,1.86,11.48
2005-07-22,5.34,28.82,32.52,25.91,87.33,1.52,18.13
2005-07-23,6.45,29.19,33.23,26.69,87.07,2.24,14.63
2005-07-24,27.94,28.8,32.14,26.47,87.27,2.05,21.91
2005-07-25,13.06,28.75,33.39,25.77,87.44,2.67,20.32
2005-07-26,10.28,28.19,31.11,26.29,89.46,3.38,18.1
2005-07-27,8.56,28.48,32.17,26.42,89.03,3.19,20.07
2005-07-28,2.02,28.83,33.12,26.12,87.18,2.48,19.77
2005-07-29,0.52,28.4,31.24,26.28,88.86,2.92,20.32
2005-07-30,2.26,28.37,32.29,25.83,87.29,3.1,19.02
2005-07-31,1.51,28.52,32.59,25.72,87.64,2.35,20.84
2005-08-01,0.15,29.47,33.93,25.87,84.89,1.52,20.27
2005-08-02,5.49,28.48,31.26,26.77,91.38,2.07,18.97
2005-08-03,3.8,28.35,32.24,26.04,89.74,4.16,18.42
2005-08-04,1.9,28.58,31.64,26.44,88.94,4.01,17.54
2005-08-05,24.59,27.93,30.01,26.41,92.87,3.18,13.43
2005-08-06,23.66,28.05,31.07,26.17,90.49,3.28,6.56
2005-08-07,13.01,28.28,30.91,26.43,92.03,2.68,8.16
2005-08-08,15.71,28.66,31.95,26.44,91.35,2.23,10.81
2005-08-09,17.39,27.96,30.89,26.72,91.6,2.12,12.58
2005-08-10,16.94,28.36,31.18,26.64,90.29,1.48,6.22
2005-08-11,17.75,27.44,28.76,26.07,93.45,1.96,12.7
2005-08-12,11.32,29.46,33.2,25.41,83.49,0.83,11.19
2005-08-13,3.53,29.01,32.34,26.53,88.59,1.77,17.3
2005-08-14,10.05,27.42,29.12,26.05,95.21,2.71,11.12
2005-08-15,1.86,28.06,31.74,25.48,89.15,2.98,18.6
2005-08-16,3.09,27.53,30.74,25.66,91.63,2.54,18.93
2005-08-17,4.95,28.4,32.27,25.6,88.81,1.64,17.07
2005-08-18,4.53,28.35,32.33,26.07,89.85,1.91,17.47
2005-08-19,8.2,28.2,32.08,26.34,90.16,2.98,19.33
2005-08-20,26.31,27.9,31.33,26.21,91.76,3.71,12.33
2005-08-21,30.02,27.8,30.34,25.66,91.32,4.09,9.97
2005-08-22,25.59,28.01,30.69,26.51,92.05,3.86,11.88
2005-08-23,25.68,28.15,30.8,26.42,92.97,3.27,11.56
2005-08-24,55.2,27.5,29.16,26.26,94.6,2.52,9.65
2005-08-25,20.76,27.65,30.91,25.68,91.13,2.34,11.04
2005-08-26,2.77,27.6,30.2,25.8,92.41,2.02,16.8
2005-08-27,5.29,27.47,30.5,25.3,90.73,2.42,12.95
2005-08-28,12.31,27.56,31.21,25.23,89.63,2.1,17.77
2005-08-29,13.47,27.82,31.51,24.77,88.03,1.48,16.84
2005-08-30,3.45,28.1,32.03,25.16,83.78,1.21,17.94
2005-08-31,3.29,29.05,33.06,24.41,81.32,0.8,15.71
2005-09-01,23.84,29.16,31.96,26.22,81.84,1.01,15.34
2005-09-02,5.01,29.44,33.16,25.66,83.73,1.06,14.76
2005-09-03,3.62,28.14,30.91,26.28,91.5,1.16,17.43
2005-09-04,0.97,27.6,29.67,25.73,87.9,0.83,13.33
2005-09-05,1.51,28.97,32.35,25.58,82.62,0.88,15.54
2005-09-06,4.57,28.41,31.69,25.17,85.73,1.26,21.61
2005-09-07,4.73,28.6,30.99,26.16,82.71,0.46,15.39
2005-09-08,6.44,28.77,31.59,25.24,82.25,0.8,18.99
2005-09-09,10.92,27.81,30.72,25.33,86.13,0.79,19.22
2005-09-10,16.11,26.26,28.13,25.12,94.07,1.72,19.06
2005-09-11,20.02,26.12,27.57,24.82,95.56,1.92,19.44
2005-09-12,10.14,26.77,29.86,24.71,91.62,2.64,18.94
2005-09-13,1.11,26.54,29.62,24.32,91.35,1.93,19.66
2005-09-14,0.51,27.52,31.65,24.21,87.23,1.02,20.75
2005-09-15,10.52,28.42,32.44,24.13,85.65,1.18,22.81
2005-09-16,7.08,27.7,31.39,25.44,87.86,1.41,20.26
2005-09-17,5.25,26.78,28.86,24.78,92.35,2.76,18.73
2005-09-18,0.94,28.05,31.67,25.61,89.26,1.81,19.47
2005-09-19,39.45,28.3,31.57,25.87,90.18,1.1,18.54
2005-09-20,22.13,26.18,27.05,25.51,94.97,2.94,4.33
2005-09-21,8.36,26.82,29.58,24.87,92.4,1.51,16.89
2005-09-22,2.89,26.52,29.23,24.43,91.82,1.42,17.81
2005-09-23,7.72,26.79,29.84,24.46,91.18,2.02,9.99
2005-09-24,18.91,27.19,29.96,25.15,92.74,1.78,8.46
2005-09-25,2.78,27.76,30.64,25.11,85.86,0.75,14.23
2005-09-26,2.33,28.34,31.96,24.39,84.6,0.86,18.75
2005-09-27,4.44,27.15,29.7,25.14,91.66,1.32,16.71
2005-09-28,5.53,28.28,31.72,25.26,88.49,1.28,17.65
2005-09-29,15.0,27.29,30.5,25.07,90.72,1.09,15.05
2005-09-30,31.95,26.19,27.94,24.69,94.75,1.5,14.0
2005-10-01,53.09,25.77,27.2,24.64,95.29,2.76,8.74
2005-10-02,18.87,26.26,28.78,24.45,91.75,2.33,8.4
2005-10-03,14.95,26.47,29.73,24.34,91.56,2.46,20.77
2005-10-04,17.88,26.25,29.56,24.13,91.53,2.33,16.0
2005-10-05,2.92,27.06,30.72,23.46,85.33,0.85,19.58
2005-10-06,0.0,27.44,30.74,24.32,81.19,0.74,19.71
2005-10-07,0.0,27.05,30.72,23.28,83.07,1.19,20.35
2005-10-08,0.35,27.02,31.24,22.87,85.2,1.25,20.42
2005-10-09,0.25,27.36,31.34,23.4,85.62,1.25,19.7
2005-10-10,0.03,28.0,31.44,24.03,81.07,0.74,21.12
2005-10-11,0.37,27.75,30.42,25.44,80.61,0.5,17.35
2005-10-12,0.1,26.42,29.09,24.36,88.3,1.19,19.58
2005-10-13,0.01,26.85,30.71,23.35,86.43,1.36,20.29
2005-10-14,0.0,27.43,31.66,24.39,83.05,0.97,20.86
2005-10-15,0.0,27.02,31.03,23.48,81.31,0.67,19.8
2005-10-16,2.98,27.46,31.35,24.06,81.42,0.62,18.66
2005-10-17,4.5,26.88,30.28,23.78,85.53,0.76,16.75
2005-10-18,6.06,25.58,29.06,23.29,89.56,1.21,17.97
2005-10-19,5.73,24.34,27.68,22.02,88.8,1.09,17.05
2005-10-20,17.02,24.69,27.48,21.88,89.54,0.9,9.44
2005-10-21,18.34,24.25,26.97,22.44,93.87,1.98,9.79
2005-10-22,17.38,23.87,26.35,22.15,92.93,1.45,9.17
2005-10-23,54.03,23.42,26.2,21.5,92.75,1.52,6.96
2005-10-24,4.08,24.69,29.26,20.57,87.2,0.93,14.54
2005-10-25,0.0,24.57,29.09,20.75,86.27,1.42,16.47
2005-10-26,0.0,25.36,29.59,21.08,83.29,1.03,14.35
2005-10-27,0.48,25.15,29.02,21.81,85.23,1.31,15.37
2005-10-28,0.27,25.58,30.29,21.36,84.48,0.84,8.62
2005-10-29,0.01,25.59,29.46,21.96,85.71,1.21,16.22
2005-10-30,0.06,25.07,29.3,21.98,84.85,1.22,17.76
2005-10-31,0.13,23.89,29.37,20.04,83.48,1.43,14.66
2005-11-01,0.0,22.91,28.0,18.25,81.48,1.17,16.18
2005-11-02,0.03,22.45,27.03,19.01,84.37,1.58,18.37
2005-11-03,0.0,22.57,27.93,18.29,86.15,1.74,19.26
2005-11-04,0.0,22.07,28.13,17.41,85.91,1.32,19.53
2005-11-05,0.0,21.67,27.86,17.24,84.97,1.36,19.18
2005-11-06,0.0,21.18,27.07,16.46,86.66,1.5,19.36
2005-11-07,0.0,21.8,27.59,16.25,86.99,1.39,18.46
2005-11-08,3.81,24.15,28.79,19.25,81.03,0.41,9.92
2005-11-09,2.53,24.47,28.37,21.06,86.06,0.9,14.22
2005-11-10,0.09,24.05,28.72,20.67,87.13,1.38,17.88
2005-11-11,0.0,22.74,28.15,18.71,86.76,1.28,17.64
2005-11-12,0.0,21.05,26.91,16.53,86.81,1.34,18.55
2005-11-13,0.0,20.31,25.35,15.51,84.15,1.25,17.6
2005-11-14,0.0,19.89,25.34,14.82,84.19,1.37,18.35
2005-11-15,0.0,20.02,25.75,14.67,85.91,1.24,17.84
2005-11-16,0.0,21.11,26.14,15.89,84.03,1.2,18.34
2005-11-17,0.0,21.6,26.57,16.94,82.39,0.93,17.79
2005-11-18,0.0,21.65,26.29,16.62,78.73,0.65,16.76
2005-11-19,0.0,20.31,25.82,15.59,82.93,1.14,17.64
2005-11-20,0.0,20.46,25.98,15.39,80.69,0.99,17.28
2005-11-21,0.0,20.76,25.08,16.25,80.46,0.71,15.54
2005-11-22,0.0,21.23,25.32,16.17,75.5,0.68,16.72
2005-11-23,0.0,21.12,25.47,16.68,77.07,0.68,16.78
2005-11-24,0.0,19.75,25.29,15.41,86.53,1.23,17.04
2005-11-25,0.0,18.61,24.67,13.72,86.72,1.52,17.67
2005-11-26,0.0,18.08,24.37,12.99,86.01,1.45,16.34
2005-11-27,0.0,18.1,24.51,12.68,84.56,1.31,17.59
2005-11-28,0.0,17.57,24.11,12.12,84.78,1.54,17.47
2005-11-29,0.0,17.93,24.58,11.83,79.69,1.2,17.51
2005-11-30,0.0,17.86,23.62,12.93,79.72,1.19,17.61
2005-12-01,0.0,17.49,23.76,12.05,83.12,1.3,17.43
2005-12-02,0.0,18.08,24.78,12.29,83.26,1.27,16.84
2005-12-03,0.0,18.4,24.74,12.69,83.99,1.22,17.01
2005-12-04,0.0,18.41,24.48,14.03,86.25,1.37,16.1
2005-12-05,0.0,17.51,24.09,12.87,85.45,1.41,16.83
2005-12-06,0.0,16.61,23.13,10.59,84.28,1.49,17.47
2005-12-07,0.0,16.76,23.82,10.42,84.82,1.34,16.76
2005-12-08,0.0,17.4,24.19,11.32,80.3,0.98,15.79
2005-12-09,0.0,17.43,23.9,12.35,78.69,1.12,17.0
2005-12-10,0.0,16.94,23.6,11.45,82.53,1.19,16.82
2005-12-11,0.0,16.31,23.12,11.04,83.3,1.39,17.08
2005-12-12,0.0,15.9,23.36,9.87,84.92,1.56,17.29
2005-12-13,0.0,16.13,23.69,10.47,85.72,1.42,16.7
2005-12-14,0.0,16.0,23.59,9.73,86.1,1.37,17.0
2005-12-15,0.0,17.52,24.85,10.68,84.58,1.13,16.36
2005-12-16,0.0,19.73,25.15,15.25,83.73,0.94,15.87
2005-12-17,0.0,20.18,25.87,15.0,85.69,1.12,14.61
2005-12-18,0.0,20.28,25.91,16.18,85.14,1.05,11.9
2005-12-19,0.0,19.2,25.15,14.87,85.33,1.15,15.98
2005-12-20,0.0,18.61,24.8,13.97,86.92,1.33,15.0
2005-12-21,0.0,19.66,25.23,13.7,80.4,0.98,12.66
2005-12-22,0.47,20.05,22.91,17.2,85.77,0.7,5.76
2005-12-23,0.36,20.07,22.12,17.67,88.51,0.7,6.75
2005-12-24,0.01,18.88,24.91,14.12,85.88,1.12,15.57
2005-12-25,0.0,18.37,24.92,13.4,85.34,1.57,16.42
2005-12-26,0.0,17.43,24.01,12.48,84.17,1.46,15.07
2005-12-27,0.0,16.82,23.91,12.21,80.68,1.38,14.66
2005-12-28,0.0,16.79,24.03,11.08,80.06,1.4,16.3
2005-12-29,0.0,16.7,23.89,11.41,75.04,1.08,16.54
2005-12-30,0.0,16.2,23.5,11.22,75.78,1.3,17.09
2005-12-31,0.0,16.33,23.73,10.86,73.54,1.29,17.48
2006-01-01,0.0,16.72,23.74,10.91,70.96,1.25,17.36
2006-01-02,0.0,17.08,23.85,11.57,68.62,1.15,16.78
2006-01-03,0.0,17.29,23.43,12.68,73.69,1.11,15.02
2006-01-04,0.0,16.46,22.98,11.18,79.28,1.31,15.95
2006-01-05,0.0,15.85,22.25,10.88,79.14,1.31,16.59
2006-01-06,0.0,16.24,22.68,10.49,76.44,1.12,15.99
2006-01-07,0.0,16.42,20.84,12.77,77.72,1.11,13.21
2006-01-08,0.0,16.58,21.91,11.91,75.79,1.38,11.31
2006-01-09,0.0,15.08,23.19,9.17,80.02,1.48,8.7
2006-01-10,0.0,14.76,23.11,8.51,78.69,1.29,15.53
2006-01-11,0.0,14.82,22.7,8.36,76.86,1.26,15.28
2006-01-12,0.03,15.28,23.35,9.7,77.28,1.25,15.86
2006-01-13,0.0,15.22,23.0,9.83,71.61,1.11,16.35
2006-01-14,0.0,15.53,22.89,10.48,71.32,1.01,15.51
2006-01-15,0.0,15.74,23.06,11.41,71.64,1.08,15.73
2006-01-16,0.0,16.46,22.71,10.36,67.62,1.04,14.8
2006-01-17,0.0,17.27,23.91,10.19,68.71,1.11,14.2
2006-01-18,0.0,17.88,25.72,10.66,80.92,1.66,15.01
2006-01-19,0.0,19.34,26.14,13.21,77.55,1.09,16.06
2006-01-20,0.0,18.57,25.42,13.27,72.6,1.44,16.56
2006-01-21,0.0,17.81,25.14,11.45,65.43,1.21,17.8
2006-01-22,0.0,17.6,24.97,10.93,60.95,1.2,18.29
2006-01-23,0.0,16.36,24.21,9.91,58.38,1.25,18.86
2006-01-24,0.0,16.5,24.37,9.47,66.41,1.41,16.75
2006-01-25,0.0,17.76,24.65,13.47,72.24,1.96,16.51
2006-01-26,0.0,16.93,25.55,10.74,72.99,1.34,18.03
2006-01-27,0.0,17.07,25.69,10.31,73.99,1.26,18.77
2006-01-28,0.0,18.05,26.08,12.6,66.34,1.15,19.18
2006-01-29,0.0,18.07,25.69,12.17,67.38,1.07,19.1
2006-01-30,0.0,18.41,26.44,12.24,65.83,1.2,18.67
2006-01-31,0.0,19.63,27.57,13.51,63.42,1.06,18.53
2006-02-01,0.0,19.95,28.06,13.18,66.04,1.13,18.73
2006-02-02,0.0,20.91,28.43,14.65,62.29,1.06,18.93
2006-02-03,0.0,21.19,28.83,15.78,63.49,1.3,18.62
2006-02-04,0.0,21.51,28.42,15.97,62.2,1.01,18.25
2006-02-05,0.0,20.78,27.96,15.72,59.32,1.09,17.04
2006-02-06,0.0,20.25,27.92,13.71,59.44,1.17,18.72
2006-02-07,0.0,21.53,29.82,14.33,54.56,1.06,19.52
2006-02-08,0.0,21.35,29.08,14.33,50.77,0.96,19.54
2006-02-09,0.0,21.16,29.57,13.71,51.6,1.24,18.06
2006-02-10,0.0,21.36,29.82,14.85,50.45,1.12,19.73
2006-02-11,0.0,20.69,29.47,14.11,54.73,1.4,20.35
2006-02-12,0.0,21.6,30.15,14.68,55.09,1.27,20.75
2006-02-13,0.0,21.27,29.29,14.61,57.34,1.07,18.28
2006-02-14,0.0,21.63,29.34,15.75,73.21,2.01,18.1
2006-02-15,0.11,22.96,30.63,17.0,76.61,2.58,16.47
2006-02-16,0.23,24.16,30.27,19.98,78.5,3.85,15.85
2006-02-17,1.08,24.3,30.71,20.01,79.23,2.22,16.62
2006-02-18,0.23,24.36,31.3,18.98,73.34,1.6,17.88
2006-02-19,0.52,24.3,31.91,17.81,69.29,1.35,16.6
2006-02-20,0.0,24.6,31.65,18.74,72.44,1.65,18.73
2006-02-21,1.37,24.38,30.63,19.55,76.76,2.04,15.7
2006-02-22,0.29,24.76,32.26,19.23,73.54,1.82,16.33
2006-02-23,0.42,25.0,33.25,19.02,70.12,1.9,20.24
2006-02-24,0.0,25.18,33.8,18.75,71.49,2.19,20.54
2006-02-25,0.0,25.29,33.85,18.53,65.49,1.79,20.81
2006-02-26,0.0,25.41,34.79,18.48,62.48,2.07,21.21
2006-02-27,0.0,25.79,35.06,18.29,70.01,2.88,21.04
2006-02-28,0.0,26.67,35.35,20.42,67.18,1.93,20.09
2006-03-01,0.0,26.81,34.69,20.48,62.09,1.61,17.99
2006-03-02,0.02,26.16,34.75,19.15,58.84,1.22,18.66
2006-03-03,0.0,25.35,33.39,19.22,42.74,1.6,17.16
2006-03-04,0.01,25.32,33.31,16.62,39.92,1.19,21.8
2006-03-05,0.17,26.23,33.39,19.85,50.25,1.7,14.25
2006-03-06,0.0,26.58,34.44,20.05,58.05,1.46,20.47
2006-03-07,0.0,27.42,34.56,20.22,57.85,1.11,20.71
2006-03-08,0.0,26.76,36.03,18.64,43.49,1.32,20.82
2006-03-09,0.0,27.86,36.81,19.2,41.98,1.28,19.79
2006-03-10,0.05,27.38,35.02,21.13,47.4,1.13,19.75
2006-03-11,0.06,26.52,31.17,21.08,48.15,1.38,15.29
2006-03-12,0.14,24.94,32.23,18.05,56.32,1.88,22.94
2006-03-13,0.0,26.4,33.54,19.61,50.89,1.12,18.91
2006-03-14,0.0,27.07,34.28,20.49,45.76,1.62,21.93
2006-03-15,0.0,27.85,34.94,20.98,40.47,0.95,20.69
2006-03-16,0.01,27.0,33.22,21.1,55.67,1.47,16.0
2006-03-17,0.03,27.13,34.24,21.54,50.18,1.74,21.69
2006-03-18,0.0,25.8,34.33,18.73,39.89,1.77,24.25
2006-03-19,0.0,24.51,34.07,16.3,33.61,1.83,24.96
2006-03-20,0.0,24.75,35.0,15.94,33.38,1.71,25.16
2006-03-21,0.0,26.63,35.08,18.42,29.78,1.39,24.55
2006-03-22,0.05,27.19,36.26,18.83,57.05,2.22,17.7
2006-03-23,0.32,28.25,36.24,21.0,53.27,1.37,19.84
2006-03-24,0.0,27.86,36.16,20.56,51.99,1.29,23.6
2006-03-25,0.0,27.77,37.24,19.24,54.58,1.75,23.67
2006-03-26,0.0,29.12,39.03,20.84,58.5,2.82,24.14
2006-03-27,0.0,30.02,39.3,22.46,61.14,2.55,21.47
2006-03-28,0.0,29.99,38.81,23.19,51.28,1.4,20.74
2006-03-29,0.0,28.72,38.01,21.12,30.98,1.64,20.08
2006-03-30,0.0,29.09,38.61,19.38,31.09,1.01,23.53
2006-03-31,0.0,29.67,37.78,21.59,51.39,1.73,21.62
2006-04-01,0.82,29.82,37.21,22.98,57.84,2.57,21.39
2006-04-02,0.3,29.94,37.42,23.57,59.56,3.11,22.9
2006-04-03,11.58,27.54,33.06,23.05,71.28,3.44,15.99
2006-04-04,29.46,26.79,31.35,23.48,78.71,3.71,11.61
2006-04-05,32.72,27.04,31.55,23.9,80.42,3.22,14.88
2006-04-06,8.34,27.73,33.44,23.34,76.68,2.4,20.32
2006-04-07,0.91,28.38,34.79,22.76,71.11,2.22,20.4
2006-04-08,1.21,28.6,34.36,23.74,70.61,2.45,19.17
2006-04-09,0.79,28.7,35.14,23.88,67.79,2.74,18.56
2006-04-10,0.21,28.99,35.8,23.63,68.81,3.28,18.3
2006-04-11,0.19,29.73,36.5,24.69,68.82,4.25,15.55
2006-04-12,0.02,30.15,36.75,25.74,66.87,3.56,18.13
2006-04-13,3.14,29.37,35.68,25.13,72.64,2.86,20.14
2006-04-14,0.87,30.39,37.86,24.72,66.52,2.29,23.47
2006-04-15,0.0,30.43,37.48,25.64,63.24,2.28,18.46
2006-04-16,0.94,29.69,35.98,24.41,65.74,2.61,16.15
2006-04-17,5.22,27.93,32.38,25.11,75.4,1.96,17.25
2006-04-18,1.83,26.53,30.72,23.32,73.7,1.49,12.41
2006-04-19,3.81,28.03,33.67,23.57,66.6,1.35,17.91
2006-04-20,0.0,28.07,35.18,21.57,54.61,1.5,25.42
2006-04-21,0.0,28.9,36.74,20.77,46.66,1.33,26.55
2006-04-22,0.77,29.71,37.56,21.66,49.86,1.65,24.58
2006-04-23,1.92,30.94,37.6,23.76,55.54,1.08,23.61
2006-04-24,1.85,31.44,38.79,23.71,50.04,1.19,24.8
2006-04-25,0.12,31.35,38.54,24.27,52.28,1.36,25.31
2006-04-26,0.14,30.84,36.83,25.37,59.37,1.71,23.32
2006-04-27,1.37,31.37,37.39,25.63,56.37,1.62,20.88
2006-04-28,0.39,31.74,37.98,26.06,51.39,0.86,22.85
2006-04-29,0.43,31.92,38.72,25.25,51.81,1.25,23.47
2006-04-30,0.08,31.44,39.63,23.51,45.36,2.16,25.95
2006-05-01,0.57,31.91,38.92,25.92,58.68,2.69,20.24
2006-05-02,0.06,32.32,40.4,24.93,55.52,2.25,24.78
2006-05-03,0.05,31.05,37.95,25.15,61.76,2.09,23.66
2006-05-04,0.41,31.7,38.42,26.05,56.61,2.36,22.87
2006-05-05,0.44,31.45,37.81,26.07,58.57,2.48,21.32
2006-05-06,13.12,29.45,33.22,26.14,71.26,2.5,21.6
2006-05-07,8.92,27.58,31.46,25.07,79.51,2.27,10.22
2006-05-08,0.06,27.35,32.35,24.93,65.0,2.35,22.89
2006-05-09,3.28,28.26,32.26,24.34,70.14,2.69,22.11
2006-05-10,8.22,28.0,31.32,25.61,79.0,3.04,19.0
2006-05-11,54.01,27.58,31.01,25.06,83.05,3.11,17.05
2006-05-12,43.21,27.08,29.9,25.12,89.95,2.89,3.32
2006-05-13,12.98,27.24,30.95,24.58,86.26,2.65,19.32
2006-05-14,8.36,27.21,30.35,24.51,88.36,1.65,15.25
2006-05-15,1.96,26.17,29.94,23.17,83.13,2.24,23.52
2006-05-16,0.03,27.48,33.73,21.67,73.19,1.5,26.68
2006-05-17,0.03,29.76,35.46,22.9,67.79,0.95,27.41
2006-05-18,0.0,31.04,36.45,24.7,60.58,0.75,27.25
2006-05-19,0.76,30.88,36.07,24.51,64.97,1.1,26.69
2006-05-20,1.35,30.15,35.21,25.45,69.97,1.33,23.6
2006-05-21,0.73,31.47,36.74,25.53,63.08,0.78,24.24
2006-05-22,0.18,32.25,37.66,26.28,54.91,0.9,26.12
2006-05-23,1.68,31.94,37.12,26.31,61.2,0.69,26.69
2006-05-24,7.65,31.11,35.44,27.01,67.82,0.91,25.34
2006-05-25,6.37,29.16,33.29,26.69,78.59,1.27,19.65
2006-05-26,43.63,27.4,29.33,26.29,92.04,2.9,10.61
2006-05-27,100.34,26.95,28.5,25.48,94.78,3.04,3.19
2006-05-28,37.18,26.78,28.1,25.56,95.09,3.71,5.13
2006-05-29,21.09,27.27,29.29,26.06,94.46,3.53,3.44
2006-05-30,16.79,27.62,29.71,26.08,94.37,3.62,9.63
2006-05-31,15.42,27.8,30.02,25.63,92.88,2.44,13.67
2006-06-01,22.95,27.73,29.31,26.58,93.47,2.91,8.53
2006-06-02,41.29,27.42,29.52,25.73,92.85,1.7,10.88
2006-06-03,11.69,26.97,28.99,25.44,92.57,0.85,19.79
2006-06-04,9.81,27.5,29.85,25.1,88.91,1.28,19.54
2006-06-05,11.14,27.68,30.13,25.93,90.27,3.36,19.1
2006-06-06,9.85,28.0,30.85,26.07,90.43,3.98,14.28
2006-06-07,8.61,28.23,31.64,25.9,89.08,3.8,19.05
2006-06-08,5.87,27.88,30.81,25.9,88.85,3.62,15.41
2006-06-09,43.21,27.63,30.62,25.67,91.28,3.37,8.19
2006-06-10,55.4,27.38,29.06,25.95,93.69,3.75,5.09
2006-06-11,3.75,28.52,31.66,26.35,90.66,3.87,14.77
2006-06-12,3.18,28.66,31.61,26.87,92.39,3.77,9.42
2006-06-13,22.35,28.11,30.44,26.52,92.32,2.96,9.57
2006-06-14,18.07,27.71,29.8,26.0,93.15,2.22,8.56
2006-06-15,1.24,27.76,30.32,25.67,92.06,1.92,21.6
2006-06-16,11.07,27.96,30.96,25.85,92.41,2.47,19.5
2006-06-17,5.38,28.31,31.43,26.16,90.32,1.92,18.51
2006-06-18,1.35,28.3,31.7,25.29,89.63,1.21,21.9
2006-06-19,1.33,29.72,32.63,25.9,78.38,0.61,20.45
2006-06-20,12.66,28.78,32.83,25.79,83.67,1.17,23.2
2006-06-21,12.76,28.34,31.67,25.75,87.4,1.22,23.77
2006-06-22,6.72,27.56,30.3,25.51,89.1,1.29,23.16
2006-06-23,8.39,27.95,31.24,25.73,90.07,2.11,20.11
2006-06-24,3.38,27.95,30.96,25.72,88.9,1.26,15.91
2006-06-25,1.26,27.83,30.24,25.73,87.96,0.81,15.16
2006-06-26,4.76,28.06,31.03,25.36,88.57,1.27,12.04
2006-06-27,5.21,28.2,31.8,25.49,88.96,1.59,14.75
2006-06-28,6.0,28.15,30.99,25.69,90.14,1.6,17.08
2006-06-29,2.36,29.02,33.1,25.79,85.98,1.22,22.8
2006-06-30,8.2,28.48,30.94,26.56,91.28,1.8,23.01
2006-07-01,11.48,29.37,33.18,26.42,89.84,1.72,23.5
2006-07-02,2.81,29.1,32.76,26.71,88.48,2.73,20.79
2006-07-03,2.64,28.49,31.55,26.14,88.5,3.64,19.62
2006-07-04,9.74,28.19,31.19,26.29,90.17,3.01,14.68
2006-07-05,10.71,27.96,30.63,26.15,92.03,2.51,16.58
2006-07-06,24.09,28.51,30.94,26.46,91.31,2.65,12.14
2006-07-07,20.84,29.09,32.1,26.96,90.1,2.29,7.21
2006-07-08,16.92,28.09,30.04,26.71,93.25,2.14,7.5
2006-07-09,16.61,27.64,29.89,26.13,93.03,3.64,13.0
2006-07-10,21.13,28.37,31.93,25.5,90.68,3.09,9.56
2006-07-11,13.76,27.88,30.64,26.19,92.38,4.46,10.83
2006-07-12,4.73,28.1,30.46,26.14,90.69,3.33,16.69
2006-07-13,0.68,27.65,30.06,25.97,90.23,2.46,16.78
2006-07-14,1.2,28.22,31.48,25.75,90.27,2.51,21.45
2006-07-15,0.51,28.45,32.09,26.11,90.22,2.62,21.72
2006-07-16,3.01,28.71,32.97,25.99,88.11,2.39,22.17
2006-07-17,6.4,27.88,31.06,25.87,89.58,2.5,20.56
2006-07-18,3.45,27.68,31.11,25.68,88.67,2.98,15.59
2006-07-19,11.88,27.51,30.6,25.59,90.37,2.97,12.92
2006-07-20,4.85,27.57,30.82,25.6,89.59,3.06,16.67
2006-07-21,3.7,27.65,31.03,25.25,87.78,3.13,17.82
2006-07-22,7.2,27.38,31.01,24.86,88.57,2.69,17.88
2006-07-23,2.9,27.05,30.11,24.61,89.38,2.02,17.79
2006-07-24,7.91,28.11,32.28,25.13,88.9,2.39,18.98
2006-07-25,4.24,27.99,30.68,25.53,89.74,1.91,20.2
2006-07-26,2.28,27.53,29.66,25.78,90.75,1.34,9.13
2006-07-27,5.92,27.43,30.82,25.52,90.74,1.78,19.05
2006-07-28,3.2,26.92,29.74,24.96,92.04,2.6,20.99
2006-07-29,6.0,27.37,30.64,25.03,90.98,2.76,9.95
2006-07-30,1.29,27.71,31.23,25.7,90.76,2.14,19.65
2006-07-31,2.66,28.18,31.11,25.36,88.21,1.82,20.44
2006-08-01,3.53,28.03,31.47,25.44,89.52,2.15,19.94
2006-08-02,0.52,27.43,31.14,24.74,87.95,2.23,21.31
2006-08-03,1.9,27.23,31.2,24.73,87.64,2.95,10.7
2006-08-04,8.33,25.43,27.99,23.7,91.94,2.94,17.7
2006-08-05,12.09,25.38,28.38,23.48,92.43,2.08,16.28
2006-08-06,4.78,26.43,30.41,23.26,89.41,1.96,16.86
2006-08-07,9.29,27.43,31.18,24.46,89.05,1.52,19.96
2006-08-08,6.38,27.81,30.99,25.32,88.6,1.17,12.83
2006-08-09,12.68,28.71,31.92,25.3,85.55,0.74,21.28
2006-08-10,19.57,28.53,31.26,26.09,88.58,1.72,24.06
2006-08-11,25.78,29.11,33.07,26.49,88.81,1.56,22.49
2006-08-12,2.5,28.17,31.86,25.63,88.4,2.61,23.41
2006-08-13,1.57,27.48,30.3,25.75,91.3,2.12,21.45
2006-08-14,1.82,27.35,30.04,25.37,90.92,1.43,19.8
2006-08-15,1.42,27.63,30.85,25.5,91.15,1.71,22.47
2006-08-16,0.56,27.24,30.8,24.88,90.78,2.13,24.21
2006-08-17,2.01,27.09,30.31,24.73,90.72,2.31,18.27
2006-08-18,3.44,27.47,30.96,25.19,90.66,2.35,14.0
2006-08-19,6.47,28.03,31.51,25.42,89.51,1.58,18.89
2006-08-20,11.94,28.18,31.32,25.35,86.97,0.95,15.62
2006-08-21,12.52,27.4,30.53,25.43,91.26,2.37,17.01
2006-08-22,6.66,26.92,30.12,24.29,90.43,3.78,14.88
2006-08-23,16.92,26.95,30.46,24.43,89.73,3.92,16.0
2006-08-24,27.48,27.68,31.54,25.18,90.55,3.16,14.25
2006-08-25,8.04,27.85,31.31,25.15,89.71,2.01,16.29
2006-08-26,1.24,27.43,30.85,25.0,89.06,2.46,19.06
2006-08-27,1.33,28.01,31.45,24.76,88.23,1.86,19.06
2006-08-28,9.4,28.85,32.98,25.45,83.93,1.16,18.92
2006-08-29,6.64,27.06,29.47,25.17,92.05,2.29,15.71
2006-08-30,4.28,26.36,28.68,24.76,92.6,1.98,20.96
2006-08-31,2.34,26.69,29.53,24.63,91.59,1.23,19.41
2006-09-01,0.95,27.44,30.38,24.65,89.27,1.0,19.43
2006-09-02,8.18,27.47,30.65,24.67,90.5,1.83,16.79
2006-09-03,6.55,27.0,30.59,24.66,89.66,2.76,20.46
2006-09-04,0.38,26.74,30.99,23.69,88.34,2.35,23.89
2006-09-05,0.84,27.14,31.19,23.38,87.14,1.44,20.01
2006-09-06,0.01,27.44,31.6,24.1,86.72,1.08,21.14
2006-09-07,1.01,27.83,31.64,24.69,87.46,1.52,17.7
2006-09-08,3.75,28.23,32.01,24.94,87.92,1.63,19.04
2006-09-09,4.02,28.38,31.74,25.44,87.99,1.21,16.15
2006-09-10,33.26,26.96,28.67,25.74,94.21,1.55,9.29
2006-09-11,27.19,26.43,28.2,24.98,95.3,1.91,5.9
2006-09-12,10.21,26.56,29.64,24.23,90.86,1.97,9.49
2006-09-13,0.88,27.24,30.42,24.48,89.88,1.33,17.95
2006-09-14,2.18,27.72,31.11,25.44,86.93,0.83,19.91
2006-09-15,0.76,27.6,30.07,25.55,85.11,0.56,18.46
2006-09-16,2.22,28.08,31.83,24.1,83.44,0.71,19.2
2006-09-17,0.77,28.7,31.86,25.56,80.88,0.67,16.33
2006-09-18,6.2,28.33,32.3,24.27,84.34,1.37,21.03
2006-09-19,11.95,27.18,30.79,24.76,89.15,2.4,19.24
2006-09-20,20.96,25.65,27.2,24.47,93.34,3.38,4.94
2006-09-21,70.46,25.4,27.01,23.89,94.66,4.11,4.66
2006-09-22,65.61,25.69,27.41,24.07,94.92,4.13,5.81
2006-09-23,24.56,25.63,27.38,24.53,94.27,3.51,11.15
2006-09-24,4.16,26.46,29.91,23.55,91.72,2.37,17.68
2006-09-25,3.76,27.06,30.7,24.29,89.9,1.58,19.09
2006-09-26,0.24,27.51,31.31,24.18,85.72,0.88,20.46
2006-09-27,0.03,27.88,31.08,24.45,84.73,1.07,18.51
2006-09-28,2.74,27.69,30.69,25.18,88.89,0.9,19.45
2006-09-29,5.2,27.27,29.44,25.53,91.22,0.98,18.42
2006-09-30,4.92,27.09,30.05,25.17,88.23,0.51,16.65
2006-10-01,4.14,26.71,29.19,24.69,90.39,0.62,11.05
2006-10-02,0.91,27.87,31.36,24.32,85.91,0.93,20.57
2006-10-03,10.29,28.55,31.63,25.25,83.32,0.8,18.77
2006-10-04,7.25,28.06,31.56,25.49,88.19,0.91,7.87
2006-10-05,4.29,27.11,29.91,24.98,90.61,1.04,11.99
2006-10-06,11.59,27.97,31.75,25.0,82.95,0.53,20.29
2006-10-07,0.94,27.64,31.94,23.75,82.47,0.7,19.28
2006-10-08,0.0,27.73,31.79,23.82,85.03,1.19,21.41
2006-10-09,0.93,28.19,32.08,23.67,81.16,0.96,18.8
2006-10-10,1.33,27.89,31.51,24.15,81.97,0.81,18.41
2006-10-11,0.75,27.89,31.82,24.1,81.83,0.73,19.24
2006-10-12,2.75,28.04,31.92,24.44,82.71,0.87,17.95
2006-10-13,7.76,27.27,31.21,24.98,89.12,1.17,14.29
2006-10-14,5.81,26.3,28.76,24.47,89.73,0.82,17.62
2006-10-15,0.62,27.19,30.22,24.46,79.96,0.42,16.28
2006-10-16,0.13,26.78,30.18,23.25,82.48,0.98,18.86
2006-10-17,1.16,25.61,29.39,22.47,86.66,1.0,15.28
2006-10-18,0.32,24.8,28.1,22.21,89.16,0.99,13.71
2006-10-19,0.31,24.77,27.2,22.18,85.53,0.68,8.52
2006-10-20,1.0,24.89,27.71,21.86,85.31,1.09,7.53
2006-10-21,0.13,25.05,29.4,20.71,82.95,0.92,18.19
2006-10-22,0.0,24.98,29.55,20.71,84.42,0.99,19.81
2006-10-23,0.0,24.72,29.67,20.4,84.42,1.23,20.16
2006-10-24,0.0,24.02,29.37,19.36,85.16,1.24,20.32
2006-10-25,0.0,23.97,29.03,19.31,85.8,1.54,15.8
2006-10-26,0.0,24.35,29.78,19.55,82.7,1.21,19.84
2006-10-27,0.0,24.61,29.72,19.63,82.16,1.26,18.22
2006-10-28,0.0,23.87,27.58,20.64,85.04,0.95,10.15
2006-10-29,0.0,24.22,29.34,20.1,83.35,1.35,17.45
2006-10-30,0.0,23.58,29.35,17.94,82.08,1.07,11.87
2006-10-31,0.13,24.08,29.36,19.74,82.97,1.33,10.22
2006-11-01,0.12,24.26,28.99,20.01,83.27,1.0,11.17
2006-11-02,0.4,24.73,29.73,20.4,84.0,1.29,16.76
2006-11-03,0.0,24.65,30.01,20.6,83.23,1.1,19.22
2006-11-04,0.0,24.13,29.91,19.39,82.05,1.03,19.15
2006-11-05,0.0,23.47,28.38,19.4,85.56,1.29,17.46
2006-11-06,0.0,23.32,27.59,19.48,86.07,1.59,11.83
2006-11-07,0.1,22.36,25.7,19.9,87.7,1.34,11.57
2006-11-08,0.93,23.37,27.71,19.47,85.12,0.69,11.97
2006-11-09,0.44,23.23,25.89,21.06,88.25,0.73,7.11
2006-11-10,0.57,22.85,27.04,20.12,87.83,1.24,9.57
2006-11-11,0.48,21.91,26.18,19.49,88.82,1.39,7.92
2006-11-12,0.01,22.29,26.45,19.31,86.51,1.45,16.54
2006-11-13,0.06,22.64,28.02,17.91,85.84,1.23,15.84
2006-11-14,0.0,23.07,28.2,18.76,81.09,0.88,15.89
2006-11-15,0.0,22.28,27.87,17.12,79.33,1.32,17.91
2006-11-16,0.0,21.84,27.17,17.12,76.13,1.21,15.75
2006-11-17,0.0,20.88,26.51,15.46,79.72,1.29,17.92
2006-11-18,0.0,20.97,26.75,15.41,76.24,1.33,18.1
2006-11-19,0.0,21.05,26.46,16.21,74.73,1.09,17.93
2006-11-20,0.02,21.64,26.92,16.57,75.47,0.95,15.86
2006-11-21,0.01,21.18,26.68,16.45,77.64,0.93,14.7
2006-11-22,0.0,20.58,25.89,15.6,74.86,0.94,15.88
2006-11-23,0.0,20.8,25.98,15.84,73.91,0.93,15.81
2006-11-24,0.0,21.13,26.9,15.32,76.68,1.07,16.01
2006-11-25,0.1,21.95,27.27,17.66,75.33,0.9,12.78
2006-11-26,0.31,21.94,26.13,17.8,70.43,0.55,10.77
2006-11-27,0.0,19.98,25.42,15.24,75.44,1.17,16.04
2006-11-28,0.0,17.74,23.69,12.82,70.66,1.18,17.22
2006-11-29,0.0,16.58,23.18,11.11,74.73,1.18,17.15
2006-11-30,0.0,16.45,23.23,10.83,78.51,1.25,16.75
2006-12-01,0.0,16.43,23.11,11.42,80.98,1.44,16.47
2006-12-02,0.0,16.17,23.25,10.63,76.74,1.34,16.9
2006-12-03,0.0,16.12,23.18,10.2,74.99,1.37,16.98
2006-12-04,0.0,17.63,24.22,12.09,71.7,1.11,16.8
2006-12-05,0.0,18.23,24.49,12.97,74.25,0.97,16.82
2006-12-06,0.0,18.96,25.32,13.5,73.26,0.94,16.85
2006-12-07,0.0,19.19,25.44,13.31,72.37,1.25,16.77
2006-12-08,0.0,19.65,26.18,13.6,69.79,1.09,16.21
2006-12-09,0.0,19.27,26.1,13.2,73.2,1.37,15.63
2006-12-10,0.0,19.43,25.47,14.67,75.34,1.11,15.07
2006-12-11,0.0,19.36,25.62,13.56,73.06,1.13,15.79
2006-12-12,0.15,18.82,24.9,13.07,77.56,1.29,13.1
2006-12-13,0.0,18.58,24.51,13.94,81.37,1.57,13.85
2006-12-14,0.0,16.52,23.34,10.75,79.38,1.23,15.8
2006-12-15,0.0,17.16,23.96,11.16,80.52,1.18,16.13
2006-12-16,0.0,18.93,26.11,12.31,74.8,0.89,16.1
2006-12-17,0.0,19.46,26.8,13.84,72.95,0.96,14.27
2006-12-18,0.15,19.5,25.22,14.68,80.96,1.12,13.06
2006-12-19,0.0,20.1,26.39,13.56,77.31,0.91,13.46
2006-12-20,0.0,21.02,27.78,15.29,77.93,1.05,14.65
2006-12-21,0.0,20.76,26.82,15.15,76.37,0.83,15.16
2006-12-22,0.0,20.39,26.6,14.55,71.98,0.98,15.31
2006-12-23,0.0,20.0,26.2,14.64,71.38,1.12,15.15
2006-12-24,0.0,18.49,25.73,13.19,75.2,1.73,15.74
2006-12-25,0.0,17.35,24.56,12.47,73.13,1.47,16.14
2006-12-26,0.0,17.28,24.32,11.83,67.06,1.03,15.69
2006-12-27,0.0,17.86,25.17,11.67,64.36,1.03,15.31
2006-12-28,0.0,17.31,24.75,11.43,69.85,1.2,13.19
2006-12-29,0.0,17.01,24.71,11.54,70.86,1.31,14.44
2006-12-30,0.0,16.8,23.8,12.32,74.58,0.95,13.1
2006-12-31,0.0,16.3,23.36,11.39,79.52,1.1,13.42
2007-01-01,0.0,16.36,23.71,10.98,73.07,1.08,15.82
2007-01-02,0.0,15.91,23.32,10.85,65.51,1.17,15.24
2007-01-03,0.0,14.73,22.11,9.59,67.19,1.33,14.2
2007-01-04,0.0,13.91,21.21,8.59,68.27,1.26,14.48
2007-01-05,0.0,14.99,23.18,9.15,69.73,1.26,14.06
2007-01-06,0.0,16.08,25.07,9.53,68.94,1.43,11.09
2007-01-07,0.0,16.5,24.76,10.02,67.94,1.39,8.96
2007-01-08,0.0,15.99,23.97,10.21,70.84,1.36,12.15
2007-01-09,0.0,15.94,24.29,10.17,65.33,1.35,13.31
2007-01-10,0.0,16.54,24.3,10.87,64.54,1.17,16.57
2007-01-11,0.0,16.16,24.6,9.98,64.15,1.26,16.84
2007-01-12,0.0,16.09,25.0,9.47,62.8,1.48,17.21
2007-01-13,0.0,16.53,24.38,10.99,64.63,1.26,14.61
2007-01-14,0.0,15.95,23.59,11.08,62.84,1.31,11.34
2007-01-15,0.0,14.6,22.75,7.9,56.69,1.25,13.57
2007-01-16,0.0,15.57,23.91,8.36,54.19,1.34,15.7
2007-01-17,0.0,16.26,25.31,9.88,54.72,1.4,14.39
2007-01-18,0.0,15.89,25.15,9.71,57.79,1.65,17.86
2007-01-19,0.0,15.46,23.8,9.69,60.81,1.4,17.18
2007-01-20,0.0,16.6,23.92,8.84,50.55,1.08,14.71
2007-01-21,0.0,17.19,24.68,10.3,50.5,1.09,15.09
2007-01-22,0.0,17.69,26.07,11.51,53.44,1.27,16.32
2007-01-23,0.0,16.84,25.97,10.11,55.47,1.53,17.41
2007-01-24,0.0,16.78,26.26,9.6,57.1,1.29,18.17
2007-01-25,0.0,17.84,26.44,11.68,56.93,1.0,18.37
2007-01-26,0.0,19.41,26.84,12.13,55.57,0.9,18.19
2007-01-27,0.0,20.27,28.22,13.34,53.67,0.99,17.96
2007-01-28,0.0,21.29,29.53,14.07,52.21,1.34,16.42
2007-01-29,0.0,21.15,28.28,14.01,54.55,0.9,16.06
2007-01-30,0.0,20.09,27.59,14.92,75.78,1.14,12.54
2007-01-31,0.0,20.49,27.9,14.73,78.6,1.52,12.13
2007-02-01,0.41,21.79,28.4,15.99,72.12,1.16,12.96
2007-02-02,0.0,21.6,28.45,14.84,63.7,1.04,13.04
2007-02-03,0.03,21.13,28.25,15.33,71.8,1.18,15.12
2007-02-04,17.42,20.3,25.95,15.54,83.29,2.09,10.01
2007-02-05,14.63,20.18,24.83,16.96,88.06,2.74,8.7
2007-02-06,2.67,20.3,26.01,16.35,83.79,2.15,12.53
2007-02-07,3.36,19.46,25.39,15.34,82.44,1.73,16.69
2007-02-08,1.21,19.84,26.99,13.72,76.55,1.14,11.79
2007-02-09,0.25,20.96,28.1,14.57,69.02,1.14,18.26
2007-02-10,0.0,21.66,29.85,14.22,60.16,1.36,19.09
2007-02-11,0.0,22.2,29.59,15.48,52.51,1.15,19.77
2007-02-12,0.02,21.29,28.68,13.96,63.01,1.17,14.38
2007-02-13,2.57,21.04,27.07,15.56,70.08,1.0,12.02
2007-02-14,14.97,18.93,23.13,16.66,87.32,2.07,5.49
2007-02-15,0.01,18.35,25.63,12.66,67.95,1.59,17.56
2007-02-16,0.0,18.33,25.26,12.44,52.71,1.11,20.97
2007-02-17,0.0,18.56,26.42,11.34,61.92,1.39,16.81
2007-02-18,0.0,19.28,26.92,12.99,57.92,1.38,20.05
2007-02-19,0.0,18.94,26.99,12.36,55.58,1.72,21.14
2007-02-20,0.0,18.87,27.28,11.78,50.53,1.64,21.67
2007-02-21,0.0,19.54,28.48,12.19,50.77,1.43,21.89
2007-02-22,0.0,20.37,29.06,13.05,51.22,1.26,21.99
2007-02-23,0.0,21.12,29.16,13.98,52.34,1.33,21.69
2007-02-24,0.0,22.89,30.27,16.13,47.45,1.18,22.01
2007-02-25,0.0,23.22,30.53,15.7,47.43,1.17,20.9
2007-02-26,0.14,22.89,30.33,17.51,50.59,1.39,18.83
2007-02-27,0.07,22.08,29.91,14.98,56.34,1.68,20.99
2007-02-28,0.0,22.65,30.69,15.15,52.49,1.48,22.36
2007-03-01,0.87,23.79,31.8,16.37,51.2,1.23,16.48
2007-03-02,2.55,22.0,28.67,15.49,65.59,1.71,5.95
2007-03-03,0.01,22.28,29.31,16.7,61.94,1.57,21.48
2007-03-04,0.0,21.79,30.05,14.48,51.46,1.56,23.45
2007-03-05,0.0,21.78,30.69,14.79,46.35,1.54,23.15
2007-03-06,0.0,21.92,30.46,14.3,42.84,1.53,23.15
2007-03-07,0.0,22.28,30.6,16.06,36.18,1.59,24.38
2007-03-08,0.0,21.76,30.66,14.38,36.58,1.35,23.39
2007-03-09,0.0,21.71,31.38,13.08,37.32,1.55,24.0
2007-03-10,0.0,23.07,32.11,13.47,38.35,1.54,22.42
2007-03-11,0.0,24.93,33.71,15.99,40.7,1.16,22.37
2007-03-12,0.0,26.11,35.46,17.44,45.43,1.23,21.95
2007-03-13,0.09,25.71,34.14,18.21,48.94,1.55,21.64
2007-03-14,0.0,26.16,34.47,19.09,48.95,1.94,19.25
2007-03-15,0.0,26.43,33.36,20.63,52.81,1.7,22.65
2007-03-16,0.0,24.19,31.95,17.37,40.25,2.1,25.33
2007-03-17,0.0,24.09,32.56,16.59,31.68,1.25,25.33
2007-03-18,0.0,23.82,32.43,14.82,34.63,1.35,24.62
2007-03-19,0.0,25.54,33.75,16.28,32.73,1.12,22.92
2007-03-20,0.0,25.87,34.46,16.82,40.8,1.14,21.55
2007-03-21,0.0,26.29,33.7,19.73,67.59,2.0,17.34
2007-03-22,0.82,26.76,33.67,21.44,69.44,3.03,12.46
2007-03-23,0.19,27.45,34.73,22.01,68.74,2.83,17.3
2007-03-24,0.22,27.98,35.32,21.93,66.24,2.35,16.72
2007-03-25,0.09,28.51,36.37,21.52,52.17,1.41,21.47
2007-03-26,0.0,28.0,36.68,19.03,39.88,1.33,24.43
2007-03-27,0.0,27.04,36.72,17.84,35.04,1.29,24.98
2007-03-28,2.44,26.89,36.51,17.09,39.69,1.28,25.53
2007-03-29,0.0,28.59,37.35,19.43,34.65,1.27,23.63
2007-03-30,0.0,28.93,37.84,21.21,38.54,1.29,23.08
2007-03-31,0.0,28.2,37.55,20.03,57.48,2.02,23.53
2007-04-01,0.0,28.81,37.44,21.23,60.74,2.47,24.05
2007-04-02,0.0,29.25,37.55,22.72,63.9,3.43,20.3
2007-04-03,0.42,29.66,37.58,23.69,66.5,3.77,19.54
2007-04-04,0.51,29.56,37.14,24.28,65.85,3.6,18.14
2007-04-05,0.36,29.09,37.02,23.5,65.11,3.15,20.65
2007-04-06,0.21,29.31,37.16,23.46,62.79,3.1,22.33
2007-04-07,0.18,29.53,36.4,24.21,62.19,3.35,21.26
2007-04-08,0.33,29.01,36.27,23.76,65.89,4.2,19.27
2007-04-09,1.54,29.53,36.86,24.89,64.26,4.27,16.87
2007-04-10,59.5,26.99,31.26,23.75,78.7,3.27,21.6
2007-04-11,27.29,25.98,30.7,22.64,82.9,3.31,4.36
2007-04-12,11.97,26.01,30.61,22.83,82.32,2.44,5.97
2007-04-13,0.88,25.91,30.87,21.78,75.76,0.94,22.87
2007-04-14,0.0,26.56,31.15,21.94,70.56,0.58,22.6
2007-04-15,0.0,27.55,31.49,23.26,68.26,0.73,24.77
2007-04-16,0.07,27.8,32.85,23.13,68.97,1.45,21.9
2007-04-17,0.02,29.05,35.78,22.2,64.48,0.94,23.24
2007-04-18,1.76,29.75,35.21,23.85,61.21,1.0,23.84
2007-04-19,1.34,29.64,35.79,23.59,60.75,1.44,18.25
2007-04-20,1.67,29.01,34.49,23.83,67.09,2.22,22.41
2007-04-21,14.53,28.14,32.99,24.38,74.89,2.8,20.89
2007-04-22,46.77,27.05,30.37,24.34,86.88,3.5,14.36
2007-04-23,21.45,27.79,31.89,25.17,84.94,3.84,16.67
2007-04-24,19.17,27.54,31.85,24.64,85.5,3.59,18.23
2007-04-25,6.55,27.45,32.33,24.29,81.17,3.01,19.28
2007-04-26,9.19,27.63,32.87,23.51,81.58,2.5,13.84
2007-04-27,14.1,27.13,33.14,22.6,78.39,2.8,11.83
2007-04-28,2.11,26.74,31.88,21.82,75.51,1.36,24.15
2007-04-29,0.0,27.74,33.73,22.53,73.52,1.08,24.39
2007-04-30,0.0,27.61,34.15,21.44,70.62,1.32,27.43
2007-05-01,0.0,28.43,36.15,21.06,64.81,1.74,26.64
2007-05-02,0.0,29.51,36.19,22.67,59.66,1.43,26.15
2007-05-03,0.01,29.89,35.78,24.38,66.91,0.99,21.22
2007-05-04,0.05,30.46,35.66,24.45,61.76,0.83,25.04
2007-05-05,0.0,30.97,36.41,25.33,63.52,0.97,24.76
2007-05-06,0.06,31.31,36.45,25.95,66.1,0.96,21.61
2007-05-07,0.07,29.79,33.93,25.95,68.17,0.91,23.98
2007-05-08,1.62,29.46,34.85,24.24,66.63,1.18,22.47
2007-05-09,22.53,28.88,32.26,25.13,75.05,0.95,19.05
2007-05-10,7.16,29.31,33.22,25.65,73.98,0.78,23.77
2007-05-11,5.82,29.11,33.15,25.27,77.14,1.5,22.12
2007-05-12,6.05,28.62,31.92,25.43,79.15,0.93,20.4
2007-05-13,1.8,27.85,31.58,24.74,79.97,1.64,24.1
2007-05-14,23.49,25.92,29.04,23.4,83.85,2.92,7.58
2007-05-15,14.48,25.78,29.48,22.59,84.16,2.8,10.62
2007-05-16,14.43,27.65,31.55,23.97,84.52,1.55,19.24
2007-05-17,12.55,26.09,29.25,24.0,85.61,2.08,21.57
2007-05-18,20.16,26.88,31.23,23.02,85.46,1.73,21.29
2007-05-19,15.41,27.53,30.41,25.24,86.84,0.84,20.68
2007-05-20,25.77,27.89,31.28,25.06,85.78,1.53,16.35
2007-05-21,11.19,27.47,30.09,25.8,88.86,1.95,15.02
2007-05-22,1.54,27.88,31.11,25.7,88.53,2.82,15.23
2007-05-23,1.42,27.88,30.88,25.88,90.04,3.06,18.17
2007-05-24,13.41,27.6,30.09,26.05,92.17,3.15,14.77
2007-05-25,16.89,27.34,29.63,24.9,90.17,2.67,19.5
2007-05-26,4.65,26.73,30.42,24.13,86.65,2.55,22.34
2007-05-27,16.47,27.32,31.46,23.14,88.04,2.14,18.04
2007-05-28,13.56,27.84,30.79,25.89,90.19,1.7,23.22
2007-05-29,0.22,28.77,32.27,25.64,84.94,1.22,23.35
2007-05-30,0.0,28.26,31.72,24.99,88.42,1.57,22.65
2007-05-31,0.15,28.54,32.74,25.27,86.93,2.39,22.76
2007-06-01,0.95,28.47,31.87,26.2,87.1,2.67,19.75
2007-06-02,2.52,28.16,31.17,26.08,89.29,2.46,20.58
2007-06-03,11.23,28.02,30.47,26.05,92.46,2.15,10.73
2007-06-04,7.48,28.72,32.65,25.17,86.05,1.24,10.75
2007-06-05,7.73,27.51,29.59,25.71,91.4,1.96,10.21
2007-06-06,2.95,27.42,30.62,25.52,90.29,2.49,14.53
2007-06-07,49.82,27.69,30.77,25.52,89.71,2.4,17.83
2007-06-08,62.88,27.98,30.82,25.82,90.15,3.29,8.83
2007-06-09,20.3,27.55,29.12,26.2,93.83,3.1,8.48
2007-06-10,75.28,26.95,28.36,25.57,95.05,3.34,2.24
2007-06-11,87.45,27.78,29.69,26.32,94.55,2.66,3.8
2007-06-12,25.26,28.15,31.45,25.6,90.08,1.58,10.85
2007-06-13,3.15,27.32,29.92,25.15,91.58,2.42,13.93
2007-06-14,1.36,27.7,31.95,24.65,88.55,2.91,18.73
2007-06-15,28.08,27.14,28.96,25.79,94.4,3.47,14.34
2007-06-16,57.24,27.37,29.16,25.98,93.81,3.44,3.63
2007-06-17,25.68,27.37,28.92,26.27,94.1,2.69,9.38
2007-06-18,18.94,27.18,28.75,25.61,94.48,2.24,18.24
2007-06-19,1.83,28.32,31.25,25.27,88.75,1.36,18.42
2007-06-20,2.39,29.31,32.53,25.67,83.15,1.02,14.1
2007-06-21,3.74,27.95,31.02,25.7,88.86,1.13,23.01
2007-06-22,7.31,28.19,30.85,26.01,91.49,1.41,21.94
2007-06-23,4.55,28.08,30.85,26.28,91.22,1.88,23.78
2007-06-24,3.22,27.94,31.14,25.65,88.87,1.29,18.33
2007-06-25,10.37,27.72,30.21,25.34,91.02,1.51,19.69
2007-06-26,1.01,28.44,31.94,25.45,89.53,1.37,25.82
2007-06-27,2.24,29.07,33.46,25.7,86.17,1.32,22.47
2007-06-28,7.18,28.02,31.26,25.89,90.84,3.0,18.04
2007-06-29,3.92,27.81,30.15,26.16,92.36,3.04,12.91
2007-06-30,27.55,27.27,29.16,25.97,94.55,2.78,18.92
2007-07-01,47.01,28.11,31.28,25.65,92.16,3.03,18.55
2007-07-02,27.43,29.04,33.34,26.13,89.63,2.08,18.09
2007-07-03,8.11,27.97,30.69,25.87,91.33,2.47,19.77
2007-07-04,4.4,27.82,29.82,25.73,92.37,4.92,12.29
2007-07-05,16.12,28.72,31.94,26.56,89.93,3.47,12.55
2007-07-06,7.01,28.02,31.26,25.91,90.12,3.82,12.83
2007-07-07,7.58,27.43,30.36,25.68,91.44,3.41,19.16
2007-07-08,9.42,27.38,30.18,24.9,89.5,3.03,16.59
2007-07-09,7.64,28.18,31.91,24.96,88.9,2.5,15.51
2007-07-10,1.69,28.03,30.54,26.22,90.37,2.15,15.02
2007-07-11,0.17,28.34,31.63,25.75,88.16,1.92,18.98
2007-07-12,3.3,29.24,33.26,25.21,86.87,1.48,21.0
2007-07-13,1.93,28.28,30.13,26.65,93.01,1.48,19.86
2007-07-14,8.42,28.59,31.7,26.44,91.25,1.62,21.66
2007-07-15,29.33,28.29,30.9,26.08,92.82,3.1,17.4
2007-07-16,25.31,28.14,30.46,26.72,92.93,3.81,12.9
2007-07-17,28.62,28.01,29.73,26.29,95.45,3.13,11.9
2007-07-18,51.87,27.85,29.96,26.24,92.71,3.14,11.31
2007-07-19,73.06,28.39,30.79,26.92,93.47,3.64,6.68
2007-07-20,47.3,27.35,29.3,25.53,92.52,3.56,6.26
2007-07-21,58.32,26.92,28.31,25.59,93.43,3.65,5.83
2007-07-22,33.85,26.6,29.19,25.09,92.5,3.78,9.21
2007-07-23,32.76,27.33,30.12,25.08,91.38,2.62,14.09
2007-07-24,35.18,26.85,29.38,25.03,92.5,3.12,11.87
2007-07-25,33.85,26.47,28.86,25.09,94.01,3.64,7.9
2007-07-26,93.22,26.43,28.37,25.01,94.8,2.98,4.63
2007-07-27,35.94,25.99,27.77,24.67,94.54,3.04,10.2
2007-07-28,10.7,26.03,27.54,24.65,93.9,2.82,19.3
2007-07-29,4.96,26.7,29.13,24.97,92.87,1.87,15.35
2007-07-30,4.46,27.84,31.35,24.83,88.6,1.87,18.29
2007-07-31,12.29,27.7,30.77,25.28,90.09,1.98,13.97
2007-08-01,25.23,27.32,29.76,25.32,90.9,1.91,10.34
2007-08-02,2.82,27.38,30.52,25.07,90.76,1.42,16.52
2007-08-03,0.64,27.26,29.94,25.1,90.87,1.36,21.34
2007-08-04,1.06,28.76,33.19,24.71,85.99,1.07,25.56
2007-08-05,3.75,29.52,33.61,25.68,85.58,1.76,25.94
2007-08-06,2.1,28.39,31.64,26.22,89.18,3.11,20.68
2007-08-07,3.62,27.87,31.29,25.43,90.43,2.75,19.18
2007-08-08,1.73,28.12,31.71,25.76,89.83,1.79,21.09
2007-08-09,0.17,29.79,34.14,25.41,83.34,0.72,23.32
2007-08-10,2.15,30.15,33.38,26.81,86.11,1.22,17.74
2007-08-11,5.75,29.22,33.21,26.58,89.89,2.9,16.65
2007-08-12,13.0,27.36,28.89,26.5,93.56,4.37,11.75
2007-08-13,33.76,27.34,28.97,26.33,93.35,3.42,10.41
2007-08-14,32.69,27.57,29.22,26.26,92.99,4.72,9.32
2007-08-15,22.17,28.39,31.63,26.35,89.94,1.83,7.71
2007-08-16,3.99,27.85,29.82,26.17,93.66,2.03,12.6
2007-08-17,9.42,27.45,30.52,25.54,91.85,1.48,16.52
2007-08-18,7.43,27.07,29.49,25.14,93.83,2.24,18.87
2007-08-19,1.43,26.75,29.66,25.06,91.78,2.68,21.8
2007-08-20,2.59,27.13,30.81,24.04,88.86,1.77,23.41
2007-08-21,2.46,28.31,32.17,25.03,85.72,0.96,19.07
2007-08-22,0.75,27.48,30.12,25.65,89.98,1.08,17.86
2007-08-23,1.87,28.13,31.76,25.5,87.72,1.11,16.19
2007-08-24,15.42,27.26,30.06,25.21,89.87,0.98,15.67
2007-08-25,18.11,26.87,29.46,25.08,93.54,2.11,11.49
2007-08-26,39.67,27.21,30.57,24.67,91.3,1.71,12.5
2007-08-27,15.95,26.88,29.94,24.65,91.3,1.75,14.89
2007-08-28,1.49,27.51,31.36,24.22,89.18,1.4,17.2
2007-08-29,0.41,26.82,28.87,25.01,93.01,1.44,16.25
2007-08-30,3.85,28.1,32.44,24.35,87.66,1.19,15.89
2007-08-31,3.14,28.41,32.24,25.47,88.3,1.36,17.87
2007-09-01,5.3,27.95,31.97,25.32,88.88,1.41,19.77
2007-09-02,7.17,27.95,31.67,25.52,90.19,2.17,17.11
2007-09-03,13.87,27.8,31.01,25.71,92.31,2.13,12.74
2007-09-04,7.89,27.24,29.24,25.66,94.11,2.21,10.98
2007-09-05,18.42,26.78,28.91,25.15,94.89,3.27,12.13
2007-09-06,61.71,26.61,28.52,24.25,95.55,4.34,5.78
2007-09-07,79.27,26.83,28.44,26.11,94.8,4.61,6.65
2007-09-08,47.08,26.98,28.25,26.18,94.67,3.44,2.46
2007-09-09,11.78,27.31,29.48,25.52,93.96,2.23,5.74
2007-09-10,4.26,27.63,30.42,25.78,92.54,1.87,11.82
2007-09-11,5.97,27.88,30.95,25.33,91.83,1.77,13.08
2007-09-12,2.59,27.13,29.35,25.47,91.72,0.93,16.35
2007-09-13,0.21,28.0,31.35,25.38,88.28,1.1,17.23
2007-09-14,0.4,27.06,29.4,25.33,91.87,0.97,17.93
2007-09-15,2.39,27.21,29.83,24.95,91.79,1.1,19.72
2007-09-16,0.78,27.38,30.07,25.28,90.89,0.95,15.95
2007-09-17,2.23,27.8,30.14,25.39,87.73,0.59,15.56
2007-09-18,1.45,27.83,30.95,24.92,88.95,1.15,15.8
2007-09-19,0.76,28.76,33.23,24.78,82.33,0.95,19.4
2007-09-20,2.97,27.61,30.99,25.46,87.26,1.15,23.08
2007-09-21,0.05,26.86,30.38,24.56,89.65,1.39,15.75
2007-09-22,1.48,25.31,28.16,23.12,88.21,1.97,11.44
2007-09-23,3.06,25.24,27.81,23.06,91.92,1.96,9.1
2007-09-24,2.16,25.03,26.98,23.38,93.33,2.1,12.84
2007-09-25,0.37,25.81,28.84,23.97,93.11,1.49,14.71
2007-09-26,0.0,27.24,30.69,24.11,83.91,0.6,19.81
2007-09-27,0.01,27.55,31.56,24.43,86.8,1.12,17.63
2007-09-28,0.02,27.06,30.47,24.27,89.29,1.18,18.61
2007-09-29,5.76,26.45,28.2,24.98,91.64,0.7,16.33
2007-09-30,11.78,27.0,29.62,24.87,87.34,0.58,12.3
2007-10-01,1.04,27.95,31.01,24.74,83.57,0.61,16.93
2007-10-02,2.48,28.55,31.53,25.17,81.8,0.64,20.38
2007-10-03,1.88,26.71,28.44,25.21,90.79,1.07,21.17
2007-10-04,0.0,27.42,30.2,24.6,89.31,1.09,20.61
2007-10-05,0.0,28.23,31.66,25.17,88.05,1.38,20.39
2007-10-06,11.52,27.45,29.9,25.59,91.37,1.0,18.6
2007-10-07,34.68,27.32,29.79,25.51,94.1,2.17,13.92
2007-10-08,122.04,26.23,27.38,25.3,95.21,3.1,9.71
2007-10-09,34.2,26.23,28.24,24.6,93.47,2.83,12.69
2007-10-10,3.28,25.63,28.15,23.75,91.47,1.29,13.46
2007-10-11,1.65,26.2,29.87,23.18,88.46,1.05,16.16
2007-10-12,0.14,26.85,31.0,23.43,84.66,0.75,17.05
2007-10-13,0.33,26.62,29.92,24.31,87.39,0.97,14.79
2007-10-14,2.49,25.26,27.22,23.72,92.67,1.3,11.97
2007-10-15,6.49,24.46,26.48,22.61,94.5,1.73,5.68
2007-10-16,81.77,24.91,26.55,23.65,95.33,3.3,8.98
2007-10-17,5.23,25.47,27.67,23.74,92.05,1.84,13.13
2007-10-18,6.9,25.2,28.09,23.13,88.5,0.76,11.11
2007-10-19,2.78,24.94,27.93,21.89,87.33,1.1,16.98
2007-10-20,0.93,25.32,29.28,21.8,86.0,0.96,14.27
2007-10-21,0.03,23.15,27.53,19.87,83.38,1.48,19.48
2007-10-22,0.0,22.53,27.8,17.72,84.17,1.47,20.76
2007-10-23,0.0,22.17,27.49,17.7,86.61,1.72,21.17
2007-10-24,0.0,22.38,27.99,17.17,85.52,1.38,21.26
2007-10-25,0.0,22.3,27.94,17.2,85.14,1.49,21.35
2007-10-26,0.0,22.06,27.9,16.45,82.78,1.42,21.35
2007-10-27,0.0,22.22,27.42,16.76,82.8,1.21,21.02
2007-10-28,0.0,22.39,27.54,17.14,83.25,1.22,20.98
2007-10-29,0.0,22.63,27.98,17.4,86.92,1.41,20.5
2007-10-30,0.0,23.77,29.54,18.25,87.1,1.2,19.51
2007-10-31,0.52,23.62,28.69,19.48,87.11,1.51,9.76
2007-11-01,0.11,24.29,28.92,19.49,86.87,1.24,13.21
2007-11-02,1.38,23.87,28.52,19.98,87.18,1.29,10.19
2007-11-03,0.5,23.89,28.87,18.66,82.35,1.04,16.59
2007-11-04,0.0,23.76,29.24,18.73,84.21,1.35,17.72
2007-11-05,0.0,24.11,28.74,19.05,80.19,0.83,17.61
2007-11-06,0.0,23.94,28.49,19.34,81.38,0.92,17.56
2007-11-07,0.0,24.01,28.9,19.06,81.45,0.87,17.56
2007-11-08,0.0,23.8,28.35,19.59,85.68,1.2,18.03
2007-11-09,0.61,23.85,28.58,19.41,85.48,1.13,17.74
2007-11-10,0.36,23.53,27.92,20.35,86.87,1.2,13.91
2007-11-11,0.0,23.26,28.15,18.76,84.38,1.3,17.49
2007-11-12,0.0,22.49,27.78,18.23,85.44,1.52,18.56
2007-11-13,0.11,21.83,27.77,16.23,83.1,1.18,18.37
2007-11-14,2.86,21.94,27.2,17.06,87.08,1.08,7.52
2007-11-15,60.08,21.58,24.28,20.2,93.81,3.04,4.15
2007-11-16,8.68,23.55,26.12,20.71,92.21,4.31,8.14
2007-11-17,0.02,22.75,26.96,19.43,85.81,0.79,15.2
2007-11-18,0.0,21.67,26.84,17.26,87.61,1.41,15.44
2007-11-19,0.0,21.62,27.06,17.13,89.49,1.35,18.02
2007-11-20,0.0,21.74,26.78,17.36,88.85,1.32,17.82
2007-11-21,0.0,21.18,26.4,17.14,86.49,1.2,17.59
2007-11-22,0.0,21.19,26.88,16.28,87.34,1.22,17.21
2007-11-23,0.0,21.78,27.05,17.1,86.96,1.39,17.35
2007-11-24,0.0,21.79,26.92,17.51,88.55,1.27,18.0
2007-11-25,0.0,21.21,26.76,16.48,85.6,1.23,17.85
2007-11-26,0.0,20.89,26.55,15.99,83.16,1.19,17.49
2007-11-27,0.0,20.62,26.1,16.14,84.63,0.85,16.54
2007-11-28,0.0,20.43,25.48,16.22,84.29,0.76,16.42
2007-11-29,0.0,21.22,26.18,16.7,83.35,0.83,15.92
2007-11-30,0.0,21.95,26.53,17.8,82.29,0.8,15.2
2007-12-01,0.0,21.64,25.92,17.57,76.06,0.6,14.4
2007-12-02,0.0,20.37,25.74,15.72,83.36,1.04,14.53
2007-12-03,0.0,19.77,24.49,16.0,83.85,0.94,12.76
2007-12-04,0.0,18.91,24.58,14.02,83.48,1.13,14.72
2007-12-05,0.0,18.31,24.34,13.58,87.49,1.51,16.12
2007-12-06,0.0,18.47,25.22,12.84,84.44,1.23,16.66
2007-12-07,0.0,19.32,25.16,13.35,80.3,1.05,15.74
2007-12-08,0.0,19.72,24.72,15.26,78.19,0.84,16.36
2007-12-09,0.0,17.67,23.78,12.65,83.54,1.27,16.41
2007-12-10,0.0,17.09,24.05,11.74,83.25,1.13,16.94
2007-12-11,0.0,17.21,23.47,12.69,79.34,0.97,16.81
2007-12-12,0.0,16.69,23.17,11.13,80.42,1.3,16.59
2007-12-13,0.0,17.26,24.17,11.38,84.68,1.27,16.21
2007-12-14,0.0,18.12,24.56,12.71,85.18,1.19,14.81
2007-12-15,0.0,17.83,23.52,13.59,86.23,1.48,6.99
2007-12-16,0.0,17.05,23.94,11.79,81.03,1.48,14.52
2007-12-17,0.0,15.29,22.42,9.76,77.41,1.2,9.07
2007-12-18,0.0,15.62,22.76,9.76,78.65,1.33,16.84
2007-12-19,0.0,16.04,23.17,9.84,79.77,1.24,17.07
2007-12-20,0.0,15.14,22.48,9.67,82.57,1.15,16.87
2007-12-21,0.0,14.79,21.43,9.62,76.1,1.0,15.53
2007-12-22,0.0,15.01,21.09,8.5,74.39,0.99,13.44
2007-12-23,0.0,15.88,22.59,8.9,72.39,0.8,14.99
2007-12-24,0.0,15.96,22.24,10.26,77.33,0.97,15.03
2007-12-25,0.0,16.65,23.12,11.33,82.1,1.22,15.45
2007-12-26,0.0,16.89,22.98,12.15,83.08,1.06,14.56
2007-12-27,0.0,16.93,23.62,12.13,83.23,1.08,15.36
2007-12-28,0.0,16.18,22.45,10.85,83.8,1.15,15.75
2007-12-29,0.0,16.48,22.79,11.22,83.45,1.16,14.46
2007-12-30,0.0,16.09,22.92,10.24,86.09,1.33,14.72
2007-12-31,0.0,15.57,21.42,10.49,84.55,1.39,16.22
2008-01-01,0.0,16.01,23.04,9.52,81.1,1.39,17.06
2008-01-02,0.0,16.72,21.71,12.09,82.68,0.87,15.56
2008-01-03,0.0,18.54,24.43,14.55,76.62,0.83,16.56
2008-01-04,0.0,17.17,24.44,11.91,81.65,1.31,16.83
2008-01-05,0.0,16.22,23.73,10.14,75.35,1.28,17.18
2008-01-06,0.0,16.23,23.6,10.0,75.56,1.24,17.39
2008-01-07,0.0,17.53,24.32,11.88,71.65,0.96,17.13
2008-01-08,0.0,17.91,24.62,12.83,72.45,1.04,17.05
2008-01-09,0.0,17.54,25.02,12.44,76.94,1.02,17.31
2008-01-10,0.0,17.75,24.21,12.4,74.36,1.02,17.11
2008-01-11,0.0,18.88,24.81,12.94,71.38,0.98,15.5
2008-01-12,0.0,18.44,24.3,11.71,76.02,1.04,15.12
2008-01-13,0.0,17.07,23.26,12.89,78.44,1.25,15.71
2008-01-14,0.0,16.03,22.59,10.88,72.8,1.16,15.68
2008-01-15,0.0,15.58,22.09,10.02,72.28,1.25,16.59
2008-01-16,0.0,15.83,22.53,10.58,75.05,1.11,16.42
2008-01-17,0.0,16.61,23.2,11.08,78.69,1.07,15.96
2008-01-18,0.0,18.01,23.49,11.66,76.61,0.79,16.17
2008-01-19,0.0,17.58,24.47,11.96,84.18,1.33,15.73
2008-01-20,0.07,18.38,24.85,13.3,87.78,1.63,14.69
2008-01-21,9.88,19.23,24.59,14.88,87.89,1.52,9.93
2008-01-22,0.0,17.02,23.01,11.11,78.24,1.45,15.07
2008-01-23,0.02,15.32,22.49,8.99,70.5,1.57,14.73
2008-01-24,1.5,17.12,23.0,12.64,77.42,1.25,8.25
2008-01-25,2.05,16.63,22.19,12.77,86.94,2.22,3.86
2008-01-26,16.61,16.75,20.93,13.35,91.5,2.07,4.9
2008-01-27,6.21,16.74,20.55,13.3,86.04,1.24,5.49
2008-01-28,0.0,16.0,21.59,11.6,73.37,0.89,16.17
2008-01-29,0.01,14.63,21.15,9.65,67.22,1.0,17.05
2008-01-30,0.05,15.58,22.33,8.72,66.93,1.06,12.09
2008-01-31,1.28,16.61,22.28,11.67,79.28,1.15,11.14
2008-02-01,0.0,15.82,21.97,10.38,71.72,1.56,14.58
2008-02-02,0.0,13.68,20.99,7.92,68.44,1.47,18.18
2008-02-03,0.0,13.72,21.71,6.86,70.83,1.37,18.98
2008-02-04,0.0,15.47,22.98,9.08,67.11,1.25,18.63
2008-02-05,0.0,17.45,25.13,9.98,66.19,1.07,18.66
2008-02-06,0.0,19.02,26.43,11.63,70.67,1.18,17.45
2008-02-07,0.0,20.12,26.45,14.97,74.2,1.16,15.81
2008-02-08,0.03,20.68,26.92,15.06,77.49,0.8,13.06
2008-02-09,0.58,20.1,24.67,16.42,89.02,1.21,4.75
2008-02-10,2.92,19.03,24.46,13.05,80.1,1.46,7.56
2008-02-11,0.0,16.25,23.59,9.8,64.4,1.39,18.81
2008-02-12,0.0,15.45,22.86,8.96,66.02,1.47,19.85
2008-02-13,0.0,15.39,22.99,9.17,62.92,1.63,20.36
2008-02-14,0.0,15.33,23.83,8.26,58.9,1.53,20.81
2008-02-15,0.0,15.23,23.48,8.7,58.84,1.29,20.56
2008-02-16,0.0,16.67,23.75,9.96,56.79,1.0,18.73
2008-02-17,0.0,17.86,24.77,10.86,61.93,0.94,18.26
2008-02-18,0.0,18.64,26.1,11.66,74.54,1.44,16.85
2008-02-19,7.72,19.74,26.27,14.33,82.73,1.77,16.82
2008-02-20,2.56,18.94,24.54,14.26,82.0,1.16,14.0
2008-02-21,0.0,19.13,26.08,12.97,64.4,1.37,20.65
2008-02-22,0.0,19.82,27.89,11.71,60.37,1.22,21.74
2008-02-23,0.0,20.78,28.4,12.69,56.35,1.18,22.34
2008-02-24,0.0,21.5,29.11,15.23,54.52,0.8,21.31
2008-02-25,0.01,21.03,28.46,15.01,76.96,1.37,11.74
2008-02-26,0.02,22.0,28.3,15.59,71.23,1.08,16.15
2008-02-27,0.0,20.76,29.2,14.61,60.49,1.63,20.34
2008-02-28,0.0,20.42,28.89,13.34,49.87,1.24,21.33
2008-02-29,0.0,21.41,29.91,14.75,51.46,1.13,21.02
2008-03-01,0.0,21.6,28.61,15.11,54.95,0.92,21.65
2008-03-02,0.0,21.43,28.93,14.34,71.28,1.09,19.04
2008-03-03,5.04,23.02,29.31,17.09,73.62,1.05,19.47
2008-03-04,10.2,22.81,28.94,17.54,77.96,1.64,20.67
2008-03-05,1.98,22.64,28.92,17.4,76.5,1.53,17.67
2008-03-06,0.0,22.85,29.55,16.34,72.47,1.29,19.0
2008-03-07,0.0,24.27,30.4,17.63,64.91,0.9,16.85
2008-03-08,0.0,24.57,30.53,18.5,71.08,1.06,19.04
2008-03-09,0.0,25.25,31.24,18.38,61.52,0.7,18.45
2008-03-10,0.0,25.34,31.09,18.69,54.77,0.83,17.17
2008-03-11,0.0,24.61,30.7,19.95,60.12,0.91,15.76
2008-03-12,0.0,23.59,29.68,18.24,66.28,1.25,19.01
2008-03-13,0.0,24.93,32.58,17.39,67.51,1.37,17.8
2008-03-14,0.0,24.34,28.76,20.9,77.84,1.57,12.09
2008-03-15,0.0,26.21,34.56,20.34,61.78,1.15,18.61
2008-03-16,0.05,26.39,34.48,19.39,58.43,1.19,14.46
2008-03-17,0.08,27.16,34.39,19.9,46.2,1.16,22.27
2008-03-18,0.04,26.39,34.33,19.55,61.4,1.42,22.46
2008-03-19,1.76,26.72,34.75,19.9,68.62,2.26,21.63
2008-03-20,0.36,26.91,33.65,21.36,71.57,2.15,13.21
2008-03-21,0.41,27.91,34.15,22.79,69.61,2.93,18.94
2008-03-22,6.55,27.5,33.67,22.5,70.2,1.99,18.23
2008-03-23,5.2,26.72,32.18,21.39,74.94,1.39,12.03
2008-03-24,0.23,26.44,30.35,23.43,71.25,1.53,8.15
2008-03-25,0.05,28.08,34.25,22.48,61.63,1.23,23.35
2008-03-26,0.04,27.88,34.71,21.91,67.67,1.94,20.91
2008-03-27,0.91,28.23,34.98,22.73,66.48,2.19,16.94
2008-03-28,1.84,28.54,36.54,23.06,65.98,2.43,20.16
2008-03-29,0.04,28.17,34.85,22.97,68.76,3.05,19.67
2008-03-30,0.29,27.85,34.15,22.9,67.06,2.05,19.81
2008-03-31,0.36,27.44,33.82,22.01,69.5,2.24,19.31
2008-04-01,0.5,27.79,34.0,22.89,61.98,1.05,16.62
2008-04-02,0.0,27.66,34.52,21.14,55.72,1.46,23.67
2008-04-03,18.11,26.7,31.55,22.14,73.65,1.63,20.01
2008-04-04,3.11,26.36,31.36,21.74,72.01,1.13,11.85
2008-04-05,0.0,26.24,32.09,21.67,66.31,1.51,23.94
2008-04-06,0.05,27.31,34.69,20.9,58.15,1.99,25.17
2008-04-07,0.0,26.74,34.84,19.29,56.43,2.08,26.51
2008-04-08,0.0,26.55,34.05,19.0,45.54,1.87,27.08
2008-04-09,0.0,26.37,32.8,20.2,43.75,1.56,22.1
2008-04-10,0.0,27.47,33.8,20.97,45.45,0.92,20.47
2008-04-11,0.0,28.63,37.02,21.8,51.04,1.23,17.79
2008-04-12,0.0,29.82,38.68,21.08,54.99,1.83,24.58
2008-04-13,2.42,29.35,36.62,23.62,63.87,2.88,22.23
2008-04-14,5.06,28.61,34.32,23.19,70.57,2.14,22.7
2008-04-15,0.06,29.67,36.66,23.61,63.01,2.24,20.55
2008-04-16,0.12,29.39,35.95,23.6,64.08,2.12,20.6
2008-04-17,0.89,30.48,37.23,24.27,64.95,2.16,21.51
2008-04-18,0.82,30.57,37.26,25.1,66.52,2.79,20.0
2008-04-19,0.08,31.21,37.96,25.49,64.45,2.09,21.39
2008-04-20,0.0,31.54,39.2,24.5,56.92,1.9,23.67
2008-04-21,0.0,31.2,40.01,22.97,51.93,1.47,25.0
2008-04-22,0.0,30.72,39.24,22.28,56.75,1.59,26.29
2008-04-23,0.0,31.64,40.28,24.12,56.21,1.91,24.87
2008-04-24,0.0,31.72,40.3,24.2,56.85,2.4,25.08
2008-04-25,0.0,31.44,39.6,24.59,55.25,2.43,25.53
2008-04-26,0.0,31.36,39.47,24.09,57.6,2.81,25.88
2008-04-27,0.0,31.27,38.1,25.75,60.31,3.7,17.88
2008-04-28,0.0,31.84,39.61,25.46,58.47,3.13,20.5
2008-04-29,0.01,31.59,38.32,26.16,61.3,2.43,20.5
2008-04-30,0.0,31.91,39.2,25.68,59.76,1.35,23.2
2008-05-01,0.0,31.86,38.13,26.3,59.9,2.11,24.18
2008-05-02,2.15,30.94,36.58,26.29,63.65,2.35,23.81
2008-05-03,1.99,31.41,39.21,24.59,57.97,1.53,24.51
2008-05-04,1.76,31.81,38.62,24.74,50.97,1.07,16.79
2008-05-05,22.58,29.56,34.05,26.04,71.35,1.8,20.47
2008-05-06,14.39,29.35,34.67,25.26,69.35,1.98,23.25
2008-05-07,9.32,28.45,31.31,25.52,75.65,1.96,22.01
2008-05-08,7.47,28.41,31.48,25.59,78.15,1.6,22.01
2008-05-09,3.87,29.09,33.28,25.05,67.69,1.15,25.18
2008-05-10,0.18,29.44,33.5,24.65,63.01,0.94,20.15
2008-05-11,0.19,31.0,37.01,25.87,60.42,1.14,25.05
2008-05-12,0.0,30.07,33.88,26.09,66.29,1.1,22.93
2008-05-13,0.0,31.12,36.05,26.63,59.59,0.93,23.66
2008-05-14,0.0,31.9,37.52,26.52,54.44,0.86,18.31
2008-05-15,1.09,32.57,37.96,27.55,51.4,0.87,21.56
2008-05-16,5.11,29.93,32.91,27.31,73.27,1.62,21.14
2008-05-17,6.52,30.33,35.39,26.44,73.95,2.47,10.24
2008-05-18,7.75,29.73,33.92,26.46,78.75,3.14,17.62
2008-05-19,6.45,28.88,32.9,26.46,78.27,2.79,22.44
2008-05-20,1.11,30.08,36.76,25.46,64.12,2.89,19.52
2008-05-21,0.1,30.47,36.65,25.1,63.17,2.52,22.71
2008-05-22,9.55,30.34,35.01,26.72,67.37,2.18,21.23
2008-05-23,7.97,28.68,32.53,25.36,75.98,1.63,15.73
2008-05-24,11.66,29.09,33.19,25.61,72.11,1.98,22.05
2008-05-25,7.03,27.8,31.41,24.71,78.99,1.59,19.09
2008-05-26,24.0,27.53,30.61,24.74,83.01,1.76,14.09
2008-05-27,14.55,26.93,29.41,24.81,85.9,2.37,14.46
2008-05-28,4.31,28.1,32.24,24.53,82.85,2.77,14.36
2008-05-29,4.51,28.7,32.65,25.73,82.09,2.71,21.84
2008-05-30,2.65,28.56,32.08,26.11,86.63,2.31,21.11
2008-05-31,2.19,28.62,32.17,26.02,82.49,1.99,21.2
2008-06-01,13.96,28.09,31.07,25.56,83.9,2.28,19.25
2008-06-02,18.75,27.32,30.25,24.77,88.07,1.84,12.8
2008-06-03,14.54,27.91,31.27,24.97,77.34,0.63,13.49
2008-06-04,9.03,27.85,31.43,24.81,85.53,1.95,15.45
2008-06-05,14.31,27.49,30.1,25.42,90.67,2.27,12.64
2008-06-06,6.54,27.85,31.24,24.69,81.53,1.43,15.85
2008-06-07,2.41,26.37,28.56,24.91,90.05,2.91,18.17
2008-06-08,2.92,26.85,30.09,24.24,89.96,2.2,13.78
2008-06-09,8.13,26.84,29.52,24.97,89.58,3.29,13.21
2008-06-10,3.16,28.05,32.59,24.95,85.1,3.09,16.74
2008-06-11,0.91,28.4,31.81,25.63,86.31,2.64,17.46
2008-06-12,0.53,28.96,32.69,26.28,84.11,3.01,17.37
2008-06-13,0.2,29.23,32.84,26.03,82.86,2.32,18.47
2008-06-14,1.09,29.14,32.12,26.52,83.45,1.62,18.59
2008-06-15,16.73,29.73,33.91,26.31,80.92,2.54,21.12
2008-06-16,11.37,28.09,30.5,26.32,88.81,3.95,17.87
2008-06-17,55.99,27.58,29.95,26.2,90.74,5.43,6.14
2008-06-18,15.91,27.48,30.17,26.01,88.68,5.01,11.5
2008-06-19,8.23,27.19,29.07,25.71,91.6,3.76,9.88
2008-06-20,3.23,27.01,29.18,25.53,93.12,3.41,8.81
2008-06-21,1.8,27.72,30.93,25.27,88.3,2.91,14.9
2008-06-22,1.64,28.21,32.11,25.31,86.6,2.84,17.57
2008-06-23,2.33,27.74,31.36,25.09,86.41,2.95,15.54
2008-06-24,0.66,28.55,32.98,25.32,84.86,2.75,20.4
2008-06-25,0.23,27.97,31.47,25.54,87.13,2.92,22.83
2008-06-26,0.46,27.98,31.33,25.6,88.34,3.23,16.96
2008-06-27,4.82,27.73,30.22,26.15,91.33,2.71,16.92
2008-06-28,19.92,27.73,30.84,25.78,89.81,2.68,17.18
2008-06-29,23.99,27.31,29.11,25.87,92.61,3.92,14.6
2008-06-30,10.08,27.29,29.81,25.6,91.46,2.96,10.29
2008-07-01,17.06,27.69,30.9,25.49,88.43,3.77,10.25
2008-07-02,21.59,28.19,31.43,25.67,89.47,2.8,13.98
2008-07-03,22.35,27.79,30.27,25.8,91.52,3.55,10.01
2008-07-04,32.34,27.46,29.89,26.07,92.68,3.88,13.47
2008-07-05,10.67,27.47,29.64,25.59,91.28,1.93,8.01
2008-07-06,10.3,27.59,30.83,25.0,88.37,1.57,16.57
2008-07-07,10.61,26.95,29.38,25.28,91.28,2.97,18.96
2008-07-08,12.33,26.79,28.97,24.95,92.8,2.56,18.19
2008-07-09,21.56,27.16,30.27,25.13,90.5,2.85,18.12
2008-07-10,13.77,27.2,30.42,24.96,90.86,3.21,18.18
2008-07-11,17.78,27.03,29.26,25.28,92.95,3.05,8.75
2008-07-12,18.2,27.84,31.58,25.08,89.96,2.64,20.39
2008-07-13,28.58,27.34,29.4,25.66,92.13,2.59,13.78
2008-07-14,63.63,27.53,30.15,25.6,92.4,3.47,7.51
2008-07-15,20.8,27.6,30.52,25.75,90.82,3.02,12.5
2008-07-16,2.84,27.77,30.93,25.09,89.7,2.91,12.11
2008-07-17,0.95,28.26,31.82,25.49,89.57,2.34,17.58
2008-07-18,2.22,28.58,31.93,26.19,89.41,1.76,13.13
2008-07-19,0.59,27.3,30.56,24.71,89.72,3.79,13.88
2008-07-20,4.26,27.46,30.9,24.93,89.08,3.71,13.88
2008-07-21,3.71,27.87,31.6,24.95,88.35,3.17,13.36
2008-07-22,1.81,27.73,30.84,25.79,89.88,3.02,17.62
2008-07-23,0.69,27.9,30.93,25.66,89.46,2.6,16.15
2008-07-24,0.25,28.9,32.51,25.96,87.44,1.62,18.23
2008-07-25,0.63,28.1,31.08,26.58,90.17,2.81,20.7
2008-07-26,6.91,28.19,32.01,25.96,90.77,2.14,18.26
2008-07-27,11.29,27.68,30.3,25.3,90.14,2.12,20.65
2008-07-28,2.54,27.66,31.09,25.72,90.23,3.33,20.17
2008-07-29,0.26,27.61,31.24,25.08,89.61,2.77,20.9
2008-07-30,0.88,27.57,31.05,25.03,89.1,2.96,21.91
2008-07-31,0.82,27.72,30.98,25.71,90.19,2.81,23.14
2008-08-01,0.05,27.4,30.27,25.67,90.54,2.03,20.6
2008-08-02,1.19,27.3,29.52,25.19,91.26,1.18,17.24
2008-08-03,2.64,26.99,29.18,25.32,92.82,1.87,16.13
2008-08-04,10.02,27.8,31.47,24.84,88.35,1.95,18.17
2008-08-05,17.45,27.01,29.03,25.64,93.08,2.28,10.68
2008-08-06,6.38,27.36,30.63,25.22,92.19,2.09,18.15
2008-08-07,2.55,27.81,30.97,25.23,89.25,1.4,19.62
2008-08-08,9.82,29.55,33.16,25.8,83.34,0.76,17.25
2008-08-09,7.02,28.59,31.0,26.52,88.32,2.11,19.32
2008-08-10,13.56,27.45,30.39,25.89,90.97,3.94,16.81
2008-08-11,35.75,27.07,29.5,25.93,94.03,3.84,8.41
2008-08-12,19.93,27.05,28.95,25.85,93.69,3.11,12.06
2008-08-13,9.81,27.6,30.77,25.48,91.54,2.41,16.87
2008-08-14,7.59,27.58,30.16,25.36,92.05,2.11,18.38
2008-08-15,9.66,26.98,28.64,25.52,94.53,2.3,15.9
2008-08-16,26.58,27.0,29.8,24.91,92.35,3.05,16.34
2008-08-17,7.96,27.42,30.15,25.74,90.76,2.74,10.25
2008-08-18,26.64,27.5,30.48,25.31,91.41,2.95,10.02
2008-08-19,15.39,27.82,31.32,25.36,91.1,1.96,17.61
2008-08-20,0.53,27.49,31.01,25.06,90.53,2.34,19.73
2008-08-21,0.27,27.34,31.31,24.76,89.25,1.78,17.98
2008-08-22,0.13,27.72,32.04,24.74,87.51,1.82,20.06
2008-08-23,2.76,27.97,32.13,24.48,86.67,1.64,19.08
2008-08-24,3.62,27.5,30.93,25.22,89.74,2.19,18.98
2008-08-25,0.97,27.7,31.19,25.12,89.2,2.51,16.15
2008-08-26,1.26,26.89,29.48,24.59,90.2,2.05,18.24
2008-08-27,12.59,27.76,31.4,24.99,90.01,3.03,12.42
2008-08-28,61.01,27.31,29.11,26.1,93.82,2.75,7.7
2008-08-29,20.91,27.14,29.34,25.58,93.7,2.72,7.9
2008-08-30,4.98,27.25,29.96,25.31,90.39,2.05,11.72
2008-08-31,0.08,27.5,30.92,24.62,88.94,1.82,18.41
2008-09-01,0.94,27.49,30.54,24.76,89.73,1.71,20.04
2008-09-02,7.85,27.09,29.43,25.2,92.01,1.97,17.59
2008-09-03,7.3,27.17,30.36,25.26,91.26,2.28,16.6
2008-09-04,4.38,26.51,28.71,25.22,93.69,2.31,15.76
2008-09-05,2.16,26.62,28.58,24.9,93.14,2.08,9.86
2008-09-06,0.13,26.81,29.23,24.6,90.58,1.31,20.57
2008-09-07,3.75,27.16,30.85,24.03,86.44,1.06,16.91
2008-09-08,6.16,26.81,29.55,24.52,91.78,1.33,17.45
2008-09-09,0.91,27.25,30.14,24.18,88.99,1.2,19.6
2008-09-10,7.57,27.59,31.69,24.49,86.61,0.98,21.8
2008-09-11,6.45,27.65,31.91,23.61,85.94,1.04,20.48
2008-09-12,1.75,27.85,29.98,25.87,86.89,0.6,23.2
2008-09-13,14.05,27.51,29.84,25.32,88.39,0.67,19.99
2008-09-14,5.93,26.89,29.68,24.63,92.43,2.2,20.62
2008-09-15,13.48,27.03,29.67,25.02,92.12,1.39,21.04
2008-09-16,4.07,26.73,29.06,24.69,93.13,2.12,13.98
2008-09-17,6.81,26.41,28.18,25.0,93.9,2.65,17.94
2008-09-18,7.75,27.09,30.19,24.98,91.88,2.1,15.37
2008-09-19,10.95,26.89,29.13,25.14,92.15,1.33,21.53
2008-09-20,6.16,28.43,32.45,25.15,85.83,0.83,13.95
2008-09-21,10.53,27.05,29.53,25.1,92.0,1.06,19.79
2008-09-22,8.91,26.13,28.73,24.52,92.42,1.34,17.23
2008-09-23,6.52,26.26,28.68,24.32,92.35,1.42,19.31
2008-09-24,1.6,27.23,31.01,24.08,89.31,1.28,20.99
2008-09-25,2.52,27.98,30.94,24.75,86.19,1.13,20.13
2008-09-26,5.88,27.29,29.76,25.63,89.83,1.09,16.89
2008-09-27,3.19,26.98,31.28,24.65,91.55,2.32,13.76
2008-09-28,3.14,26.75,30.24,24.5,90.31,2.93,9.65
2008-09-29,0.3,26.92,30.89,23.96,88.07,1.69,14.9
2008-09-30,0.0,27.47,30.88,23.51,81.99,0.6,16.28
2008-10-01,2.2,28.01,31.84,24.06,85.91,1.39,19.97
2008-10-02,7.11,26.3,27.53,24.58,91.45,0.93,10.81
2008-10-03,9.0,26.67,30.75,22.83,86.21,0.76,11.65
2008-10-04,2.85,26.77,30.02,24.32,88.49,0.97,13.97
2008-10-05,9.72,26.14,28.69,24.3,92.26,0.81,13.13
2008-10-06,10.19,25.6,28.55,23.41,92.52,1.3,10.69
2008-10-07,9.77,25.42,28.76,22.77,91.35,1.53,12.98
2008-10-08,11.53,25.77,28.97,23.43,90.08,1.46,15.59
2008-10-09,7.93,25.85,29.27,22.87,90.62,1.08,11.64
2008-10-10,0.74,26.35,29.11,23.74,88.07,0.9,17.99
2008-10-11,0.0,26.84,30.59,22.63,82.51,0.94,20.45
2008-10-12,0.0,26.69,31.1,22.63,84.37,1.07,20.78
2008-10-13,0.0,26.91,31.43,22.79,83.82,0.93,20.16
2008-10-14,0.0,27.64,31.94,23.05,81.54,0.89,20.56
2008-10-15,0.0,27.05,31.31,22.82,83.39,1.11,21.47
2008-10-16,0.0,26.51,31.33,22.34,84.32,1.27,21.7
2008-10-17,0.0,26.39,31.24,21.83,83.19,1.13,21.82
2008-10-18,0.0,26.66,31.0,22.35,81.18,1.11,21.33
2008-10-19,0.0,26.32,30.67,22.56,81.38,1.26,21.05
2008-10-20,0.0,26.11,30.69,21.69,82.85,0.98,20.92
2008-10-21,0.1,26.0,30.48,22.25,85.0,1.34,19.99
2008-10-22,0.3,26.07,30.67,22.01,87.04,1.5,17.42
2008-10-23,1.64,26.43,30.47,21.92,83.08,0.99,16.27
2008-10-24,4.46,25.63,28.09,23.76,87.01,0.49,5.45
2008-10-25,52.46,23.76,25.47,21.86,93.61,2.59,5.23
2008-10-26,59.52,21.64,23.02,20.23,94.66,3.11,5.0
2008-10-27,22.32,24.15,27.76,20.96,91.96,4.88,7.81
2008-10-28,0.07,22.52,27.36,18.79,86.35,1.43,17.57
2008-10-29,0.0,22.93,28.64,17.74,83.95,0.9,17.85
2008-10-30,0.0,23.78,28.93,19.03,85.38,1.16,17.9
2008-10-31,0.0,23.89,29.2,19.39,85.09,1.36,19.23
2008-11-01,0.0,24.22,29.64,19.45,84.89,1.03,19.55
2008-11-02,0.0,24.81,29.33,19.94,79.99,0.63,19.64
2008-11-03,0.0,25.25,29.8,20.99,75.7,0.65,19.9
2008-11-04,0.02,24.0,28.92,19.02,79.74,0.98,13.84
2008-11-05,0.91,24.06,28.73,19.85,78.21,0.98,13.64
2008-11-06,0.02,23.64,28.76,19.14,86.79,1.24,18.06
2008-11-07,0.0,23.21,29.66,17.78,84.76,1.12,19.25
2008-11-08,0.0,21.76,28.17,16.46,84.28,1.34,19.61
2008-11-09,0.0,21.76,27.85,16.01,83.01,1.29,19.57
2008-11-10,0.0,22.83,27.98,17.29,78.85,0.78,19.27
2008-11-11,0.0,23.11,27.97,17.76,76.6,0.59,19.12
2008-11-12,0.0,21.93,27.38,16.78,75.78,0.75,18.77
2008-11-13,0.0,21.87,26.95,16.06,77.16,0.92,17.04
2008-11-14,0.0,22.18,27.47,16.73,80.97,0.98,15.12
2008-11-15,0.0,21.63,26.81,16.49,82.49,0.99,16.74
2008-11-16,0.0,21.75,26.88,17.27,83.65,1.18,17.3
2008-11-17,0.0,20.55,25.63,16.46,85.28,1.3,17.46
2008-11-18,0.0,20.25,26.62,15.07,84.03,1.4,17.85
2008-11-19,0.0,20.44,26.52,15.07,82.21,1.36,18.08
2008-11-20,0.0,20.64,26.38,15.4,81.16,1.14,17.64
2008-11-21,0.0,21.75,27.4,16.8,78.97,0.83,16.93
2008-11-22,0.0,21.27,26.91,16.7,85.32,1.38,16.67
2008-11-23,0.0,20.34,26.11,15.44,85.44,1.52,17.16
2008-11-24,0.0,19.94,25.93,14.6,82.3,1.0,17.72
2008-11-25,0.0,20.38,25.8,15.05,76.27,0.91,17.7
2008-11-26,0.0,20.68,26.58,14.84,79.29,1.01,17.56
2008-11-27,0.0,20.58,26.86,14.36,77.74,0.94,17.63
2008-11-28,0.0,21.35,27.12,16.0,73.88,0.71,17.48
2008-11-29,0.0,21.29,27.0,15.93,76.95,0.85,17.01
2008-11-30,0.0,21.48,27.24,16.64,82.31,0.95,16.37
2008-12-01,0.0,21.61,26.92,16.95,83.77,0.86,15.4
2008-12-02,0.0,21.25,25.94,16.9,83.44,0.79,14.38
2008-12-03,0.0,21.21,25.82,17.37,78.26,0.71,15.58
2008-12-04,0.0,20.81,26.62,15.83,80.35,1.13,15.57
2008-12-05,0.0,21.44,27.14,16.02,81.26,0.87,16.12
2008-12-06,0.0,21.59,26.99,16.39,79.97,0.74,14.73
2008-12-07,0.0,21.7,26.58,16.06,78.23,0.69,15.39
2008-12-08,0.0,21.74,27.33,16.31,79.26,0.87,15.28
2008-12-09,0.06,21.38,26.8,16.44,81.8,0.88,10.36
2008-12-10,0.01,22.11,26.7,18.2,77.96,0.71,14.2
2008-12-11,0.0,21.79,26.79,16.28,78.39,0.8,14.83
2008-12-12,0.0,21.13,26.38,17.18,83.39,1.08,13.35
2008-12-13,0.0,19.83,25.71,15.05,81.04,1.35,14.33
2008-12-14,0.0,18.73,25.13,13.74,82.0,1.37,15.49
2008-12-15,0.0,18.49,24.73,14.54,79.96,1.16,11.93
2008-12-16,0.0,17.93,24.5,12.53,79.01,1.12,12.8
2008-12-17,0.0,17.91,24.87,11.59,79.6,1.11,13.59
2008-12-18,0.0,18.45,24.77,12.72,77.66,0.97,14.19
2008-12-19,0.0,18.84,24.49,13.6,78.32,0.79,12.19
2008-12-20,0.0,19.0,24.74,14.79,81.4,0.78,11.7
2008-12-21,0.0,19.54,24.11,15.58,79.96,0.92,8.54
2008-12-22,0.0,19.54,24.68,16.16,81.35,0.83,10.59
2008-12-23,0.0,19.02,24.53,15.09,82.82,1.0,14.15
2008-12-24,0.0,18.61,24.01,14.71,82.18,1.11,12.27
2008-12-25,0.0,18.51,25.1,13.53,82.73,1.06,13.39
2008-12-26,0.0,18.09,24.61,12.75,78.67,1.09,14.05
2008-12-27,0.0,17.85,22.87,13.02,78.89,0.93,13.46
2008-12-28,0.0,18.21,23.66,12.98,73.5,1.15,13.11
2008-12-29,0.0,17.99,24.61,13.28,73.76,1.13,15.43
2008-12-30,0.0,17.69,24.62,12.18,76.33,1.38,16.15
2008-12-31,12.74,17.58,24.75,12.66,75.98,1.06,16.31
2009-01-01,0.0,17.39,24.56,12.05,74.05,1.18,16.93
2009-01-02,0.0,16.78,24.53,11.62,73.21,1.39,16.66
2009-01-03,0.0,15.77,23.7,9.58,73.06,1.52,17.01
2009-01-04,0.0,16.21,23.78,10.87,74.83,1.13,15.58
2009-01-05,0.0,17.11,24.43,11.12,71.79,1.05,16.3
2009-01-06,0.0,17.88,25.24,11.16,66.92,1.04,14.86
2009-01-07,0.0,17.84,25.33,11.82,70.61,1.3,15.64
2009-01-08,0.0,19.18,26.89,12.45,70.01,1.15,14.59
2009-01-09,0.0,19.48,26.92,13.78,72.46,1.16,14.59
2009-01-10,0.0,18.73,26.02,13.56,74.73,1.34,15.92
2009-01-11,0.0,18.76,25.78,13.74,72.54,1.39,16.02
2009-01-12,0.0,18.5,25.5,13.54,73.33,1.51,15.97
2009-01-13,0.0,17.8,25.46,12.09,72.88,1.31,16.4
2009-01-14,0.0,17.66,25.44,12.1,67.61,0.93,14.6
2009-01-15,0.0,18.42,26.29,12.64,64.86,0.97,14.93
2009-01-16,0.0,18.6,25.98,12.09,63.52,1.06,17.01
2009-01-17,0.0,18.87,26.1,12.6,63.6,1.03,17.17
2009-01-18,0.0,19.61,26.31,12.93,60.81,0.96,17.38
2009-01-19,0.0,19.31,26.45,12.72,67.38,1.18,17.26
2009-01-20,0.0,19.34,25.58,13.82,66.4,1.06,14.51
2009-01-21,0.0,18.91,25.83,12.97,66.67,1.18,14.86
2009-01-22,0.0,17.91,24.36,12.9,69.38,1.11,14.85
2009-01-23,0.0,18.43,25.06,12.65,70.29,1.05,13.82
2009-01-24,0.0,19.56,26.2,13.72,68.49,1.0,13.25
2009-01-25,0.0,19.54,25.88,13.55,74.19,1.07,13.15
2009-01-26,0.0,20.04,26.86,14.36,84.23,1.87,8.6
2009-01-27,0.0,21.03,27.64,16.0,85.65,1.74,13.63
2009-01-28,0.0,21.75,28.13,16.41,75.29,1.41,14.73
2009-01-29,0.0,19.98,28.17,14.27,62.42,1.6,16.92
2009-01-30,0.0,19.18,27.54,12.7,59.49,1.3,18.66
2009-01-31,0.0,19.24,26.9,13.76,63.7,1.25,18.98
2009-02-01,3.68,18.99,27.28,12.95,61.87,1.24,18.26
2009-02-02,0.0,17.87,26.66,11.02,56.86,1.46,18.79
2009-02-03,0.0,18.45,27.42,11.15,58.14,1.42,19.25
2009-02-04,0.0,19.06,27.49,12.84,57.48,1.35,19.37
2009-02-05,0.0,19.7,28.27,12.61,56.69,1.17,19.46
2009-02-06,0.0,20.72,29.85,13.46,57.11,1.36,19.68
2009-02-07,0.22,21.3,29.8,13.66,51.58,1.11,19.89
2009-02-08,0.0,20.74,29.95,13.34,55.02,1.36,19.9
2009-02-09,7.39,20.43,29.13,13.98,59.2,1.41,19.78
2009-02-10,0.0,21.3,29.94,14.96,55.33,1.26,19.87
2009-02-11,0.0,22.01,30.7,15.27,52.37,1.23,19.36
2009-02-12,0.29,21.8,29.18,16.07,54.79,1.13,13.53
2009-02-13,0.0,21.74,28.77,16.44,59.08,1.23,18.6
2009-02-14,0.0,20.7,29.44,13.45,54.61,1.55,19.82
2009-02-15,0.0,21.51,30.75,14.58,56.0,1.49,20.94
2009-02-16,0.0,21.17,30.42,13.64,50.74,1.79,20.79
2009-02-17,0.0,21.55,31.14,13.9,48.47,1.62,21.37
2009-02-18,0.0,21.79,31.79,13.95,48.77,1.51,21.57
2009-02-19,0.0,21.74,31.34,14.59,47.57,1.41,21.33
2009-02-20,0.0,21.88,31.96,14.07,45.48,1.62,21.59
2009-02-21,0.0,22.14,30.61,14.3,41.82,1.36,21.72
2009-02-22,0.0,21.67,31.37,13.28,51.88,1.87,21.5
2009-02-23,0.0,22.21,31.5,14.22,56.37,1.64,21.07
2009-02-24,0.0,22.85,31.81,15.07,69.73,2.3,18.37
2009-02-25,0.39,25.01,32.6,19.54,78.28,3.05,15.22
2009-02-26,0.29,25.57,32.77,21.12,73.71,2.33,17.81
2009-02-27,0.0,25.17,34.09,18.61,62.78,1.79,18.45
2009-02-28,0.23,25.07,34.05,19.16,57.55,1.66,18.39
2009-03-01,0.0,24.22,33.06,16.87,44.81,1.45,21.41
2009-03-02,0.0,22.86,32.59,13.61,34.13,1.49,22.84
2009-03-03,0.0,23.12,32.45,13.95,49.93,1.74,20.58
2009-03-04,0.0,24.86,32.99,18.83,68.36,2.28,17.21
2009-03-05,0.3,25.27,33.35,18.72,72.47,2.89,19.55
2009-03-06,1.05,26.65,34.61,21.37,71.98,2.37,19.79
2009-03-07,0.0,26.48,34.66,20.33,64.07,1.77,20.71
2009-03-08,0.0,26.81,35.31,19.48,51.79,1.68,21.59
2009-03-09,0.0,27.19,34.78,20.24,50.87,0.88,21.55
2009-03-10,0.0,28.22,35.96,21.93,46.04,1.02,10.99
2009-03-11,0.0,28.0,35.8,22.42,39.28,1.31,17.09
2009-03-12,0.0,27.26,35.17,20.15,34.59,1.49,19.55
2009-03-13,0.0,25.15,36.32,15.66,31.62,1.47,21.04
2009-03-14,0.0,25.14,35.9,15.88,35.54,1.33,18.91
2009-03-15,0.0,26.89,36.54,18.88,33.1,1.19,12.61
2009-03-16,0.0,24.88,29.79,19.22,51.26,0.86,10.19
2009-03-17,0.0,26.69,35.1,19.71,38.7,1.08,16.69
2009-03-18,0.0,26.74,35.65,18.94,57.37,1.16,17.18
2009-03-19,0.0,27.31,36.43,19.85,57.64,1.51,16.93
2009-03-20,0.0,27.32,36.44,19.94,58.67,1.91,19.5
2009-03-21,0.0,28.36,37.49,20.35,56.17,1.43,19.67
2009-03-22,0.01,28.11,34.78,20.99,58.53,0.98,17.03
2009-03-23,0.0,28.65,36.34,22.7,44.99,1.35,20.31
2009-03-24,0.0,28.88,37.62,20.57,36.24,1.6,22.92
2009-03-25,0.0,28.25,37.05,20.26,38.05,1.23,21.27
2009-03-26,0.0,28.43,36.66,21.15,56.48,1.46,17.19
2009-03-27,7.43,26.49,31.86,21.8,69.87,1.43,16.94
2009-03-28,0.39,26.22,31.14,22.03,61.54,0.98,21.02
2009-03-29,5.98,27.34,34.19,20.82,60.67,2.47,21.54
2009-03-30,3.63,26.85,32.89,22.32,71.44,2.01,21.45
2009-03-31,8.47,27.38,33.94,22.84,74.22,3.09,7.14
2009-04-01,10.84,26.68,32.2,22.76,76.9,2.76,22.73
2009-04-02,6.13,27.55,33.54,22.1,68.78,1.9,20.96
2009-04-03,4.81,27.76,33.59,22.35,68.88,1.86,21.87
2009-04-04,2.45,28.54,35.63,22.68,69.25,2.53,24.02
2009-04-05,0.01,29.61,36.45,24.3,65.39,3.06,20.93
2009-04-06,0.98,29.31,35.62,23.98,66.32,2.11,20.23
2009-04-07,0.17,29.73,36.77,23.74,63.8,1.97,21.64
2009-04-08,0.1,30.55,38.31,23.74,61.95,2.34,22.39
2009-04-09,1.0,30.4,38.29,24.91,55.1,1.66,21.15
2009-04-10,0.0,30.41,38.22,23.48,42.07,1.33,26.13
2009-04-11,0.2,30.53,38.25,23.88,54.11,1.91,22.91
2009-04-12,0.0,30.48,38.6,23.04,54.67,1.49,23.28
2009-04-13,0.0,30.48,38.35,22.82,54.47,1.21,24.37
2009-04-14,0.0,31.32,39.44,23.0,50.77,0.96,24.56
2009-04-15,0.0,31.04,38.42,23.99,58.44,2.28,23.6
2009-04-16,3.85,29.59,36.59,24.84,67.0,2.4,19.22
2009-04-17,17.83,26.97,30.19,24.48,83.85,2.34,5.92
2009-04-18,1.04,29.62,36.82,23.5,71.86,3.4,18.91
2009-04-19,0.38,30.8,37.55,25.55,69.37,4.13,19.19
2009-04-20,1.47,30.13,36.38,25.69,70.24,4.11,19.17
2009-04-21,1.43,30.13,36.15,25.57,69.18,4.25,17.06
2009-04-22,0.26,30.81,36.38,27.08,68.99,5.06,17.38
2009-04-23,0.2,30.97,37.12,26.9,68.42,4.1,19.89
2009-04-24,0.04,31.18,38.74,25.45,60.74,2.38,22.64
2009-04-25,0.0,30.65,39.2,23.06,55.65,1.65,25.06
2009-04-26,0.0,31.45,40.14,23.09,54.12,1.8,25.17
2009-04-27,0.0,31.53,40.09,24.22,57.94,2.05,23.98
2009-04-28,0.0,30.69,38.22,25.35,62.99,2.93,22.78
2009-04-29,0.0,30.25,37.9,24.18,65.95,3.08,20.81
2009-04-30,1.14,30.19,36.49,25.82,64.66,3.54,19.56
2009-05-01,6.95,29.52,34.72,25.67,69.05,3.17,19.86
2009-05-02,27.81,27.02,30.14,24.74,85.02,2.03,8.7
2009-05-03,24.67,27.16,31.26,23.69,82.98,1.61,18.52
2009-05-04,3.56,27.89,32.56,24.33,80.27,1.73,24.99
2009-05-05,2.99,28.5,32.64,24.78,76.48,1.43,23.42
2009-05-06,4.55,28.24,32.95,24.59,78.96,1.98,23.02
2009-05-07,0.64,29.36,34.34,25.26,75.02,2.9,21.71
2009-05-08,0.0,30.24,36.26,25.2,67.85,2.64,23.34
2009-05-09,0.28,29.87,35.97,25.42,71.14,3.38,23.91
2009-05-10,6.71,29.16,34.03,25.6,77.89,3.18,22.65
2009-05-11,7.11,29.26,34.44,25.31,75.55,1.84,23.01
2009-05-12,0.58,29.68,35.48,24.7,64.18,0.99,22.29
2009-05-13,2.65,28.73,32.96,24.85,69.92,1.68,18.81
2009-05-14,7.75,27.69,31.22,24.16,79.75,1.77,15.65
2009-05-15,2.44,28.65,32.84,25.11,75.21,1.52,21.33
2009-05-16,6.74,28.75,33.81,24.92,74.94,2.39,18.44
2009-05-17,14.01,28.79,33.28,24.84,76.46,2.22,16.88
2009-05-18,45.91,28.01,31.5,25.32,87.34,2.71,9.32
2009-05-19,7.7,28.13,31.77,25.53,84.51,2.43,20.48
2009-05-20,0.12,29.11,33.58,24.77,78.19,1.51,24.56
2009-05-21,0.0,30.57,36.16,25.08,69.76,1.14,24.45
2009-05-22,0.2,30.91,36.84,25.55,69.75,1.16,25.82
2009-05-23,0.72,30.6,35.86,26.04,70.69,1.64,25.91
2009-05-24,25.87,28.24,31.78,25.36,81.84,1.87,19.54
2009-05-25,40.9,26.94,29.63,25.07,88.47,5.47,8.94
2009-05-26,57.64,28.31,30.5,26.84,89.35,5.58,9.23
2009-05-27,13.01,28.53,31.93,25.88,86.61,1.62,17.62
2009-05-28,0.0,28.21,31.83,25.5,84.66,1.89,22.19
2009-05-29,10.2,28.39,32.01,24.94,86.55,1.48,22.1
2009-05-30,10.25,28.37,31.87,25.8,86.1,1.78,21.22
2009-05-31,5.67,27.43,30.34,25.45,88.21,2.1,13.0
2009-06-01,8.81,27.4,30.78,25.23,87.32,2.52,18.77
2009-06-02,11.69,28.32,32.21,25.54,85.86,2.45,13.01
2009-06-03,6.78,28.41,32.26,24.82,85.46,1.59,18.07
2009-06-04,16.96,28.49,32.09,25.08,86.17,1.62,23.63
2009-06-05,13.65,27.81,30.41,25.53,87.15,1.1,22.41
2009-06-06,14.26,27.47,31.24,25.24,88.26,2.7,21.91
2009-06-07,17.79,26.78,28.26,25.72,94.32,3.06,19.07
2009-06-08,32.15,28.18,32.64,24.81,87.41,1.83,15.38
2009-06-09,15.21,28.43,32.17,25.83,88.14,3.82,17.58
2009-06-10,4.38,28.25,31.95,25.32,87.2,2.8,21.67
2009-06-11,2.14,28.24,32.38,24.62,86.61,2.31,20.89
2009-06-12,9.32,28.05,31.83,24.84,88.67,2.13,19.39
2009-06-13,18.32,27.45,29.64,25.71,92.52,1.93,21.72
2009-06-14,6.07,27.74,30.29,25.64,90.67,2.02,17.02
2009-06-15,4.75,28.06,30.82,26.04,91.1,2.21,16.8
2009-06-16,2.34,28.39,32.31,25.44,87.68,1.85,19.85
2009-06-17,0.01,28.82,32.63,25.56,86.97,1.26,22.11
2009-06-18,0.07,28.07,30.56,25.99,91.02,1.22,21.62
2009-06-19,0.47,28.95,32.78,25.63,87.13,1.97,17.64
2009-06-20,8.64,28.23,31.63,25.93,88.23,2.77,16.5
2009-06-21,2.79,28.3,31.77,25.91,87.31,3.06,20.66
2009-06-22,0.14,28.5,32.05,26.08,89.4,2.75,21.73
2009-06-23,1.49,28.87,32.14,26.62,87.21,2.53,21.15
2009-06-24,9.75,28.6,32.12,26.42,86.89,2.21,19.64
2009-06-25,5.66,28.28,32.35,26.25,88.77,2.34,18.54
2009-06-26,0.58,27.93,30.55,26.04,89.57,2.51,16.09
2009-06-27,20.31,28.83,32.43,26.68,88.69,3.11,18.51
2009-06-28,22.37,28.37,30.93,26.49,90.63,3.17,12.48
2009-06-29,38.52,28.04,29.74,26.63,93.65,3.77,8.87
2009-06-30,68.86,28.31,30.22,27.01,93.05,3.88,12.24
2009-07-01,72.62,28.25,30.45,27.02,91.31,2.99,5.49
2009-07-02,58.29,27.68,29.2,26.41,94.08,2.68,10.2
2009-07-03,33.15,27.41,30.03,25.77,92.09,3.16,11.4
2009-07-04,9.74,27.36,30.14,25.52,89.9,3.45,19.32
2009-07-05,2.45,27.38,29.51,24.99,91.04,2.21,21.1
2009-07-06,7.73,28.11,30.55,26.31,91.08,3.65,19.58
2009-07-07,9.17,27.71,30.19,25.97,92.87,3.3,14.61
2009-07-08,4.89,27.55,30.1,25.58,91.88,3.73,18.31
2009-07-09,5.29,27.79,30.8,25.7,90.4,3.12,15.23
2009-07-10,4.59,27.62,31.45,25.17,89.97,2.98,18.28
2009-07-11,3.41,28.07,31.93,25.05,89.58,2.71,15.7
2009-07-12,1.41,28.46,32.14,25.89,89.05,2.67,20.55
2009-07-13,5.81,28.85,32.92,25.77,88.54,1.81,20.14
2009-07-14,2.89,28.34,31.93,26.27,88.87,2.36,19.02
2009-07-15,13.1,28.37,32.05,25.91,88.74,3.85,19.5
2009-07-16,16.42,28.37,31.89,26.14,89.15,3.22,16.39
2009-07-17,0.92,28.54,32.29,25.6,87.68,2.28,22.87
2009-07-18,13.64,28.25,32.08,25.82,90.2,1.82,18.02
2009-07-19,3.52,28.4,32.0,25.28,88.29,2.27,23.83
2009-07-20,0.07,28.67,33.12,25.32,86.25,2.76,24.98
2009-07-21,7.86,27.2,29.25,24.97,92.07,2.36,18.27
2009-07-22,13.94,27.68,31.0,25.48,90.97,3.55,17.34
2009-07-23,2.68,28.16,32.27,25.24,88.57,2.46,19.8
2009-07-24,1.76,28.75,31.7,25.77,87.67,1.38,20.06
2009-07-25,1.56,28.53,31.12,26.49,91.12,1.61,21.85
2009-07-26,7.68,28.78,31.9,26.08,87.98,1.47,21.8
2009-07-27,98.24,27.68,29.69,25.86,93.13,2.24,11.59
2009-07-28,75.44,28.1,31.08,26.21,90.71,3.39,6.45
2009-07-29,48.51,28.15,31.28,26.21,92.25,1.9,8.74
2009-07-30,30.48,28.05,31.14,25.78,90.1,1.68,10.75
2009-07-31,16.23,28.15,30.53,26.11,92.05,2.03,9.22
2009-08-01,1.11,28.89,32.07,25.9,84.61,1.14,17.9
2009-08-02,3.24,29.89,33.84,26.14,83.33,0.88,18.35
2009-08-03,7.77,28.61,30.13,27.4,94.25,1.37,16.45
2009-08-04,6.06,28.41,30.9,26.88,92.48,2.06,19.2
2009-08-05,15.09,29.49,32.41,27.07,89.94,1.07,10.93
2009-08-06,66.3,29.92,33.47,27.18,82.67,0.47,14.72
2009-08-07,16.17,29.93,33.66,26.46,85.34,0.8,16.28
2009-08-08,7.87,28.57,30.43,27.32,93.45,1.88,19.98
2009-08-09,4.45,28.84,32.38,26.45,89.26,2.4,19.64
2009-08-10,1.07,28.62,31.99,26.38,90.87,2.58,19.53
2009-08-11,0.44,28.06,31.34,26.06,90.18,3.02,16.92
2009-08-12,4.92,28.03,31.31,25.98,90.23,2.84,13.65
2009-08-13,6.5,27.82,30.81,25.67,90.76,2.52,15.39
2009-08-14,17.14,27.38,29.57,25.83,92.75,1.88,15.15
2009-08-15,19.97,27.04,29.12,25.69,93.77,2.7,8.93
2009-08-16,12.76,27.29,29.97,25.34,91.99,2.51,15.87
2009-08-17,6.18,27.32,30.66,24.82,89.49,2.38,15.52
2009-08-18,25.04,27.35,30.8,24.3,90.68,2.92,14.81
2009-08-19,19.75,27.33,30.29,25.28,91.74,2.79,14.12
2009-08-20,26.81,26.61,28.3,25.24,94.18,2.39,8.45
2009-08-21,10.8,26.18,28.04,24.78,94.8,2.49,8.17
2009-08-22,7.85,26.97,30.62,23.87,89.19,1.7,17.52
2009-08-23,4.87,26.97,29.88,24.73,89.85,1.8,15.61
2009-08-24,15.4,27.94,31.78,24.64,86.03,1.34,18.91
2009-08-25,5.74,27.27,30.02,25.03,88.59,1.86,18.99
2009-08-26,23.41,26.58,29.91,24.0,90.3,2.49,17.89
2009-08-27,9.65,26.28,28.77,24.16,93.79,3.01,9.9
2009-08-28,2.35,27.37,30.81,24.5,90.01,1.5,22.58
2009-08-29,0.32,28.56,32.21,25.03,84.33,0.82,20.64
2009-08-30,22.66,28.54,31.45,25.24,85.25,0.8,16.99
2009-08-31,13.66,29.06,32.99,25.6,81.36,0.62,18.58
2009-09-01,1.77,27.99,31.97,25.47,87.88,1.03,21.91
2009-09-02,7.76,28.6,32.67,24.89,85.11,0.87,22.71
2009-09-03,8.2,27.27,28.67,26.02,95.33,2.13,22.84
2009-09-04,5.6,27.14,29.44,25.62,94.12,2.0,17.98
2009-09-05,9.4,27.1,29.56,25.14,92.17,3.33,16.74
2009-09-06,5.75,27.23,30.29,25.15,91.08,2.41,20.49
2009-09-07,3.45,27.95,31.56,24.75,89.28,1.61,20.37
2009-09-08,6.25,26.96,29.54,25.37,92.63,3.62,13.74
2009-09-09,3.24,26.28,28.94,24.33,91.79,2.14,14.03
2009-09-10,6.01,26.62,29.35,24.12,88.54,1.0,16.86
2009-09-11,1.68,28.01,32.35,23.69,78.98,0.61,22.06
2009-09-12,0.01,28.87,32.6,24.78,82.62,0.8,23.03
2009-09-13,0.83,29.28,32.97,25.71,83.29,0.93,20.66
2009-09-14,22.48,28.27,31.76,25.85,87.05,1.04,10.16
2009-09-15,11.85,27.96,31.55,25.19,84.7,1.07,8.81
2009-09-16,13.12,27.68,30.97,24.85,88.53,1.14,11.98
2009-09-17,15.55,27.65,30.88,25.46,89.27,1.0,13.79
2009-09-18,9.53,27.4,30.61,25.21,91.36,1.96,12.35
2009-09-19,11.81,27.19,30.11,25.27,90.01,1.82,17.48
2009-09-20,4.48,26.91,29.93,24.76,90.98,2.05,15.29
2009-09-21,11.43,26.55,29.28,24.4,92.98,2.1,16.51
2009-09-22,13.71,26.15,28.68,24.17,93.34,1.75,14.54
2009-09-23,8.32,26.31,29.41,24.29,91.63,2.25,14.75
2009-09-24,6.04,27.38,31.06,23.99,86.98,1.45,15.0
2009-09-25,2.07,27.14,29.46,24.76,89.82,0.97,21.34
2009-09-26,0.01,27.97,31.87,24.56,87.41,0.98,20.92
2009-09-27,0.0,28.36,31.81,25.78,84.57,0.96,13.77
2009-09-28,1.35,27.77,31.71,24.88,87.15,1.03,18.23
2009-09-29,3.26,28.48,32.39,25.59,86.8,1.02,20.14
2009-09-30,0.44,27.19,29.25,25.59,91.0,1.1,21.77
2009-10-01,0.0,27.71,30.55,25.0,87.96,0.71,18.16
2009-10-02,8.88,27.92,30.56,25.23,85.89,0.92,19.22
2009-10-03,14.04,27.54,31.41,24.59,87.41,0.95,13.65
2009-10-04,33.53,26.24,27.81,25.04,95.11,3.01,16.9
2009-10-05,27.17,26.37,28.39,24.67,94.75,1.55,15.92
2009-10-06,12.07,26.78,29.06,24.73,93.29,2.15,10.94
2009-10-07,14.87,26.94,28.72,25.61,95.61,2.1,13.57
2009-10-08,23.81,26.93,28.88,25.38,94.81,2.68,9.41
2009-10-09,10.25,26.86,29.23,25.21,90.84,1.72,5.17
2009-10-10,2.52,26.13,29.16,23.57,84.93,0.96,13.87
2009-10-11,0.24,26.98,31.04,22.69,76.42,0.5,18.16
2009-10-12,0.0,26.51,30.56,22.63,79.42,0.99,20.1
2009-10-13,0.0,26.3,30.91,22.35,84.76,1.15,20.67
2009-10-14,0.03,26.48,30.96,22.17,85.22,1.22,20.24
2009-10-15,2.57,26.85,30.61,23.22,83.99,0.73,12.28
2009-10-16,6.68,26.31,29.67,23.74,89.63,1.23,13.61
2009-10-17,8.99,26.75,30.48,23.63,87.94,0.75,15.97
2009-10-18,4.18,26.61,30.58,22.89,85.53,1.01,14.13
2009-10-19,0.16,26.19,30.72,21.91,83.15,0.91,17.57
2009-10-20,0.0,23.85,29.01,19.25,78.21,1.1,20.73
2009-10-21,0.0,22.97,28.59,17.84,79.54,1.31,21.2
2009-10-22,0.0,23.55,29.63,17.98,81.33,1.08,20.79
2009-10-23,0.0,23.61,29.12,18.32,77.71,1.06,19.74
2009-10-24,0.0,23.93,28.62,19.34,78.81,1.04,20.04
2009-10-25,0.0,23.24,28.56,18.51,85.34,1.52,20.35
2009-10-26,0.0,23.27,28.8,18.84,86.39,1.42,20.19
2009-10-27,0.0,22.83,28.7,17.79,85.31,1.27,20.39
2009-10-28,0.0,22.5,27.96,17.5,86.82,1.28,20.14
2009-10-29,0.0,23.46,29.45,18.38,85.07,1.04,20.23
2009-10-30,0.0,23.09,28.79,18.4,84.83,1.25,19.97
2009-10-31,0.0,22.92,28.71,17.93,84.98,1.15,20.21
2009-11-01,0.0,23.58,29.38,18.98,84.5,1.04,20.08
2009-11-02,0.0,24.32,29.73,19.93,86.48,0.89,18.37
2009-11-03,0.0,23.92,27.64,20.83,89.33,1.07,14.7
2009-11-04,0.0,23.53,26.13,21.42,87.93,1.34,14.61
2009-11-05,0.0,24.99,29.66,20.19,78.02,0.75,11.43
2009-11-06,0.0,25.07,30.04,20.57,80.46,1.07,18.03
2009-11-07,0.0,24.35,29.34,19.91,83.7,1.13,17.86
2009-11-08,0.0,23.48,28.95,19.03,85.48,1.26,18.66
2009-11-09,0.0,22.89,28.27,17.74,81.76,1.38,18.92
2009-11-10,0.0,22.53,27.36,17.2,81.35,1.16,15.42
2009-11-11,0.0,22.71,27.49,18.31,82.02,1.12,16.71
2009-11-12,0.0,22.67,28.14,18.22,84.51,1.4,17.25
2009-11-13,0.0,22.74,27.8,18.02,80.92,1.41,16.84
2009-11-14,0.0,24.04,29.07,18.77,81.19,0.93,14.88
2009-11-15,1.21,24.88,29.31,20.88,85.54,0.97,12.38
2009-11-16,26.25,25.35,29.42,22.21,86.95,0.89,13.51
2009-11-17,11.46,23.69,27.78,20.25,87.78,1.04,11.25
2009-11-18,1.06,22.16,26.73,18.91,88.0,1.02,5.07
2009-11-19,0.64,22.89,26.84,20.3,86.35,1.18,14.51
2009-11-20,0.0,21.14,25.65,17.41,82.44,1.69,16.83
2009-11-21,0.0,18.76,24.57,14.27,81.8,1.63,17.66
2009-11-22,0.0,18.73,24.95,13.05,77.65,0.85,17.43
2009-11-23,0.0,19.45,25.16,14.68,80.57,0.86,17.07
2009-11-24,0.0,19.92,25.09,15.6,76.79,0.93,15.82
2009-11-25,0.0,19.59,25.27,15.04,82.48,1.13,16.97
2009-11-26,0.0,19.88,25.83,14.82,83.18,1.05,16.65
2009-11-27,0.0,19.66,25.7,14.58,81.83,1.14,17.11
2009-11-28,0.0,19.72,25.71,14.36,80.95,1.07,17.34
2009-11-29,0.0,20.08,25.67,14.6,72.25,0.59,17.17
2009-11-30,0.0,20.44,25.65,14.57,70.99,0.65,17.01
2009-12-01,0.0,21.07,26.41,15.18,76.0,0.58,16.43
2009-12-02,0.0,20.46,25.42,14.7,77.76,0.72,15.67
2009-12-03,0.0,19.59,25.48,13.41,81.39,1.03,15.61
2009-12-04,0.0,20.15,25.0,15.44,79.98,0.76,15.49
2009-12-05,0.0,19.9,25.11,15.0,79.62,0.8,15.28
2009-12-06,0.0,20.37,25.01,16.64,77.36,0.62,15.15
2009-12-07,0.0,19.25,24.53,15.11,75.43,0.77,14.14
2009-12-08,0.0,17.88,24.32,13.27,80.5,1.24,14.6
2009-12-09,0.0,17.69,24.32,12.72,79.26,1.2,14.08
2009-12-10,0.0,17.66,23.16,13.03,77.38,1.0,11.92
2009-12-11,0.0,17.23,22.97,11.92,81.16,0.77,10.21
2009-12-12,0.0,17.35,23.66,11.46,82.49,0.87,12.7
2009-12-13,0.0,18.36,24.4,12.43,79.26,0.79,13.68
2009-12-14,0.0,18.77,24.54,12.16,76.51,0.83,16.34
2009-12-15,0.0,18.72,24.48,12.83,76.78,1.15,15.82
2009-12-16,0.0,19.34,25.09,14.12,77.36,0.89,15.72
2009-12-17,0.0,19.8,25.29,15.48,75.15,1.04,14.17
2009-12-18,0.0,19.46,25.46,14.1,78.62,1.27,15.44
2009-12-19,0.32,19.75,25.36,15.63,82.07,1.14,13.22
2009-12-20,1.71,18.42,24.56,13.95,85.08,1.78,14.62
2009-12-21,0.0,16.8,23.91,11.15,80.76,1.43,16.39
2009-12-22,0.0,16.41,23.01,10.54,81.05,1.29,16.86
2009-12-23,0.0,16.72,23.21,12.39,78.99,1.28,16.52
2009-12-24,0.0,15.94,22.8,10.9,81.36,1.11,15.93
2009-12-25,0.0,14.74,21.57,10.02,75.48,1.21,14.52
2009-12-26,0.0,15.05,21.66,10.46,75.85,1.01,15.47
2009-12-27,0.0,15.22,21.98,9.55,77.55,1.24,15.89
2009-12-28,0.0,15.34,22.26,9.91,80.14,1.1,16.46
2009-12-29,0.0,15.17,21.76,9.33,78.15,1.19,16.68
2009-12-30,0.0,16.0,22.54,9.77,75.84,1.09,16.32
2009-12-31,0.0,15.92,22.12,11.63,78.96,1.29,14.98
2010-01-01,0.0,14.86,21.79,9.09,83.24,1.58,15.75
2010-01-02,0.0,15.57,23.13,9.28,80.62,1.33,14.4
2010-01-03,0.0,16.4,24.04,10.91,79.74,1.19,15.83
2010-01-04,0.0,15.38,22.9,9.6,80.55,1.12,12.84
2010-01-05,0.0,15.42,22.49,10.45,74.38,1.51,14.32
2010-01-06,0.0,15.2,23.11,8.84,78.31,1.41,13.49
2010-01-07,0.0,16.93,24.74,9.8,72.2,1.25,13.59
2010-01-08,0.0,17.44,24.9,11.85,69.47,1.01,17.41
2010-01-09,0.0,16.71,24.02,10.02,72.68,1.26,17.48
2010-01-10,0.0,16.07,24.19,9.54,70.86,1.21,17.14
2010-01-11,0.0,15.25,23.06,9.4,71.27,1.21,15.87
2010-01-12,0.0,14.95,22.56,9.32,73.28,1.26,13.93
2010-01-13,0.0,16.06,23.43,9.57,73.4,1.19,11.7
2010-01-14,0.0,17.64,24.54,12.63,70.01,1.33,11.41
2010-01-15,0.0,17.29,25.34,11.31,74.74,1.82,17.11
2010-01-16,0.0,17.1,24.66,10.37,75.78,1.32,14.3
2010-01-17,0.0,19.01,26.03,13.69,68.81,1.08,7.64
2010-01-18,0.0,17.9,24.69,13.09,73.18,1.2,9.86
2010-01-19,0.04,17.46,24.25,13.51,73.16,1.01,6.96
2010-01-20,0.0,17.4,25.27,11.72,72.33,1.5,15.93
2010-01-21,0.0,17.57,26.13,11.16,71.63,1.33,16.3
2010-01-22,0.0,17.82,26.17,11.67,66.17,1.15,18.11
2010-01-23,0.0,18.11,26.19,12.06,63.13,1.28,18.34
2010-01-24,0.0,18.3,26.35,12.06,63.88,1.0,18.98
2010-01-25,0.0,18.9,27.23,11.17,58.46,1.13,18.45
2010-01-26,0.0,19.13,26.87,11.48,55.98,1.12,18.75
2010-01-27,0.0,18.07,26.62,11.87,62.86,1.3,18.8
2010-01-28,0.0,17.43,26.42,10.74,63.12,1.58,18.17
2010-01-29,0.0,17.5,26.15,10.78,62.51,1.41,19.36
2010-01-30,0.0,17.74,25.84,11.64,59.1,1.22,19.27
2010-01-31,0.0,17.28,25.8,10.75,61.34,1.35,18.99
2010-02-01,0.0,17.47,25.79,10.76,59.98,1.48,18.55
2010-02-02,0.0,18.01,26.2,11.29,55.53,1.3,19.44
2010-02-03,0.0,18.03,26.86,11.92,53.22,1.62,19.01
2010-02-04,0.0,17.44,26.6,10.73,52.57,1.5,18.87
2010-02-05,0.0,17.7,26.85,11.7,48.54,1.51,19.85
2010-02-06,0.0,16.9,26.25,9.52,49.95,1.55,20.12
2010-02-07,0.0,18.33,27.35,9.66,51.43,1.26,20.33
2010-02-08,0.0,20.65,27.79,13.28,47.4,0.84,19.65
2010-02-09,0.0,20.66,27.91,12.99,52.91,0.88,15.5
2010-02-10,0.0,20.61,29.74,13.26,60.02,1.29,13.63
2010-02-11,0.0,21.72,30.26,15.53,59.85,1.58,17.38
2010-02-12,0.0,21.08,30.21,13.98,53.57,1.63,19.95
2010-02-13,0.0,21.21,29.25,14.82,51.15,1.37,18.29
2010-02-14,0.0,22.28,29.64,15.49,59.66,1.3,19.09
2010-02-15,0.01,22.85,29.57,17.12,55.31,1.26,17.35
2010-02-16,0.01,22.42,30.1,15.19,54.59,1.39,15.49
2010-02-17,0.2,23.06,29.72,17.23,63.15,1.32,10.91
2010-02-18,0.0,22.29,30.16,16.35,61.83,1.71,17.37
2010-02-19,0.0,20.73,29.42,14.33,41.49,1.42,19.21
2010-02-20,0.0,20.51,29.33,13.75,40.42,1.37,20.42
2010-02-21,0.0,20.55,28.87,13.44,45.39,1.37,20.01
2010-02-22,0.0,21.08,30.09,13.21,49.36,1.31,20.49
2010-02-23,0.22,21.76,30.01,15.46,51.19,1.35,17.93
2010-02-24,1.55,23.22,31.07,17.27,52.61,1.49,17.81
2010-02-25,15.71,23.25,28.65,18.26,78.96,1.52,14.68
2010-02-26,0.02,23.57,31.0,17.25,66.07,1.25,18.32
2010-02-27,0.0,22.9,30.51,16.18,53.19,1.29,20.84
2010-02-28,0.0,24.15,31.69,16.54,48.44,1.11,18.35
2010-03-01,0.0,24.38,32.61,17.28,55.39,1.56,19.45
2010-03-02,0.0,24.81,34.12,17.32,61.23,1.87,21.18
2010-03-03,0.0,25.09,33.62,17.45,70.6,2.72,20.73
2010-03-04,0.0,26.03,33.68,20.02,70.7,2.75,18.22
2010-03-05,0.0,26.57,33.65,21.05,72.98,3.44,18.79
2010-03-06,0.0,26.84,32.87,22.31,73.34,2.87,15.49
2010-03-07,0.0,27.09,34.69,21.47,68.35,2.26,19.43
2010-03-08,0.0,27.19,35.28,20.39,61.05,1.54,18.6
2010-03-09,0.0,26.33,35.31,18.85,41.44,1.75,22.54
2010-03-10,0.0,25.48,35.0,17.6,38.02,1.86,23.52
2010-03-11,0.0,25.17,34.65,17.22,35.69,1.75,23.69
2010-03-12,0.0,26.11,34.85,17.98,34.09,1.57,22.6
2010-03-13,0.0,26.61,34.13,19.27,30.28,1.41,21.64
2010-03-14,0.02,26.41,35.8,16.81,49.29,1.78,22.11
2010-03-15,10.53,26.67,33.99,20.04,69.53,1.77,20.67
2010-03-16,0.3,27.68,35.56,20.25,58.5,1.11,21.87
2010-03-17,0.0,28.28,37.46,20.08,44.48,1.29,21.89
2010-03-18,0.0,28.49,38.39,20.19,40.64,1.53,19.52
2010-03-19,0.0,28.21,37.36,20.31,41.92,1.49,21.8
2010-03-20,0.0,29.27,38.3,22.41,36.52,1.32,22.02
2010-03-21,0.0,29.16,38.21,19.81,38.3,1.38,22.98
2010-03-22,0.0,28.77,37.75,21.17,63.44,3.09,22.22
2010-03-23,0.12,28.93,35.96,23.71,69.11,4.53,21.15
2010-03-24,0.02,29.27,36.3,24.93,66.15,4.3,18.98
2010-03-25,0.0,28.95,36.23,24.16,65.41,3.92,19.23
2010-03-26,0.0,28.74,35.67,23.19,67.51,3.14,18.36
2010-03-27,0.0,28.42,34.2,24.22,70.34,4.14,17.03
2010-03-28,10.85,28.1,32.28,25.4,71.85,4.37,16.98
2010-03-29,7.71,28.42,33.95,25.03,74.4,4.52,17.26
2010-03-30,8.81,28.34,34.17,24.37,75.93,4.56,16.74
2010-03-31,4.37,28.9,34.74,24.9,76.48,5.81,13.92
2010-04-01,0.65,29.67,36.03,25.6,73.14,4.99,18.25
2010-04-02,4.82,29.26,34.55,25.74,73.59,4.71,17.55
2010-04-03,2.78,29.21,35.58,25.21,72.28,3.94,19.14
2010-04-04,0.05,29.56,35.8,24.99,68.4,3.29,19.42
2010-04-05,0.04,29.85,36.88,24.58,68.62,3.29,18.17
2010-04-06,0.08,30.35,38.37,24.65,67.05,3.06,21.22
2010-04-07,0.04,31.1,39.48,24.63,61.29,2.08,22.8
2010-04-08,0.0,30.88,39.95,22.84,54.0,1.31,23.19
2010-04-09,0.0,30.81,39.32,24.31,62.83,3.22,22.63
2010-04-10,0.24,30.86,38.75,25.93,67.59,4.61,20.71
2010-04-11,0.11,30.75,37.81,26.51,66.03,4.13,19.43
2010-04-12,0.0,30.67,37.38,25.93,66.42,3.9,20.73
2010-04-13,0.28,29.81,35.0,26.22,68.51,3.69,20.0
2010-04-14,2.65,29.42,34.05,26.31,70.65,2.87,20.42
2010-04-15,2.92,28.63,33.06,25.45,73.06,1.37,21.94
2010-04-16,1.27,30.93,38.42,24.2,60.6,1.45,23.49
2010-04-17,8.35,29.7,36.22,25.17,68.74,3.51,19.75
2010-04-18,6.79,28.61,33.47,25.08,75.38,4.2,11.94
2010-04-19,0.78,30.27,35.58,26.31,68.03,5.63,15.81
2010-04-20,1.75,31.04,36.58,27.44,67.33,6.14,16.6
2010-04-21,1.23,31.09,36.52,27.49,69.28,5.88,18.37
2010-04-22,0.4,31.07,36.38,27.36,66.52,5.26,19.16
2010-04-23,0.3,30.86,36.45,26.91,64.23,4.36,20.23
2010-04-24,4.5,30.39,36.79,26.53,66.17,4.18,19.45
2010-04-25,5.3,29.28,33.86,26.02,74.0,4.66,19.18
2010-04-26,7.33,28.59,33.44,25.29,78.1,3.58,19.71
2010-04-27,1.67,28.57,34.45,24.6,69.76,1.78,21.12
2010-04-28,7.31,29.18,35.14,23.32,66.08,1.54,16.22
2010-04-29,23.41,27.5,30.56,24.85,83.9,1.44,12.32
2010-04-30,11.5,27.68,31.6,24.31,80.08,1.13,18.84
2010-05-01,2.22,28.72,33.16,24.2,72.72,1.16,20.03
2010-05-02,14.09,27.92,31.21,25.48,83.55,1.52,13.04
2010-05-03,4.57,27.42,31.33,24.37,81.21,1.49,22.71
2010-05-04,1.32,28.17,32.63,23.93,72.43,1.14,18.33
2010-05-05,2.86,28.43,32.72,24.97,72.89,1.28,19.04
2010-05-06,1.81,28.2,32.33,24.5,74.89,1.1,19.06
2010-05-07,1.08,28.43,32.15,24.54,70.76,1.02,20.63
2010-05-08,0.34,29.27,33.69,25.12,69.55,2.05,19.46
2010-05-09,10.03,30.54,36.37,25.42,70.93,3.15,16.88
2010-05-10,9.06,30.93,37.05,26.45,74.13,3.74,17.32
2010-05-11,0.42,31.19,36.57,26.78,71.8,3.82,20.44
2010-05-12,0.47,30.87,35.79,27.07,73.38,4.13,18.32
2010-05-13,0.91,30.52,34.97,27.28,74.79,3.9,20.29
2010-05-14,6.12,30.04,34.76,26.87,76.96,3.21,20.13
2010-05-15,3.29,29.76,35.0,26.18,76.03,2.86,23.46
2010-05-16,2.09,30.31,35.45,25.76,74.19,2.34,18.61
2010-05-17,1.53,31.16,36.8,25.9,69.17,1.74,24.92
2010-05-18,0.45,31.82,38.15,26.53,62.55,2.09,21.11
2010-05-19,2.32,31.04,36.45,26.58,69.44,3.73,18.44
2010-05-20,45.32,28.83,31.56,27.23,83.28,4.02,16.1
2010-05-21,40.56,27.33,28.16,25.59,94.2,2.45,8.15
2010-05-22,16.49,26.88,29.78,24.9,90.05,2.17,10.86
2010-05-23,7.93,26.88,30.63,24.29,88.43,2.26,19.79
2010-05-24,2.34,26.19,29.49,24.42,90.78,3.19,7.53
2010-05-25,24.62,28.25,32.9,23.5,81.41,1.45,20.68
2010-05-26,38.83,28.22,30.51,26.31,93.18,2.81,14.66
2010-05-27,19.59,28.23,31.46,25.64,87.84,3.9,21.73
2010-05-28,58.91,26.01,28.0,23.86,91.44,3.01,12.82
2010-05-29,5.4,27.16,31.63,23.61,88.77,2.48,10.39
2010-05-30,32.85,27.65,29.9,25.7,91.18,3.17,12.25
2010-05-31,21.67,27.67,29.66,26.07,92.21,3.34,4.04
2010-06-01,7.74,28.21,31.65,25.6,89.18,3.61,14.49
2010-06-02,30.0,28.6,31.28,26.6,91.93,3.23,18.73
2010-06-03,35.69,28.09,30.2,26.59,92.7,3.13,9.78
2010-06-04,39.46,27.84,29.87,26.3,93.92,3.36,8.65
2010-06-05,44.61,26.98,30.14,24.18,90.32,4.37,8.85
2010-06-06,17.09,27.72,30.78,24.25,92.17,4.1,13.18
2010-06-07,0.9,28.3,30.61,26.74,92.61,3.38,16.43
2010-06-08,0.56,28.72,31.85,26.31,88.77,2.47,17.76
2010-06-09,0.31,28.3,31.15,25.92,90.35,1.93,21.62
2010-06-10,0.78,28.1,30.73,26.22,91.31,1.8,16.86
2010-06-11,3.94,28.0,30.62,25.48,89.73,1.48,20.69
2010-06-12,23.61,27.06,29.19,25.52,92.65,1.97,11.98
2010-06-13,37.51,27.33,30.03,25.18,92.92,2.44,12.88
2010-06-14,22.41,27.92,30.35,26.19,90.12,2.67,10.22
2010-06-15,7.66,28.22,30.13,26.34,91.77,2.98,14.48
2010-06-16,11.01,28.25,31.22,26.61,91.63,3.28,14.51
2010-06-17,33.43,28.28,31.24,26.02,90.07,2.53,15.36
2010-06-18,10.23,26.77,28.57,25.28,92.43,2.57,11.54
2010-06-19,6.83,28.18,31.88,25.29,88.51,2.82,15.01
2010-06-20,17.54,28.32,30.96,26.42,89.73,3.39,13.69
2010-06-21,8.48,28.37,31.55,26.12,89.67,2.84,12.74
2010-06-22,2.72,28.38,31.57,26.17,90.28,2.41,14.28
2010-06-23,0.74,28.21,30.43,26.47,91.58,2.09,19.93
2010-06-24,5.29,28.19,31.93,25.61,88.25,1.8,17.48
2010-06-25,20.49,27.76,30.63,25.67,91.62,3.78,12.17
2010-06-26,40.39,27.89,30.38,26.17,90.64,4.62,5.96
2010-06-27,19.76,28.35,31.34,26.15,90.63,4.2,16.25
2010-06-28,15.61,28.04,30.86,26.4,91.76,3.53,14.39
2010-06-29,48.78,28.57,30.78,26.92,93.32,2.73,5.82
2010-06-30,20.4,27.98,29.86,26.52,94.56,2.02,17.95
2010-07-01,2.12,27.8,30.43,26.13,90.42,2.4,20.85
2010-07-02,4.89,27.61,30.4,25.3,91.2,2.08,18.08
2010-07-03,3.64,28.21,32.17,25.45,89.36,2.09,18.44
2010-07-04,3.25,28.24,32.1,25.49,88.34,1.93,21.66
2010-07-05,6.8,27.24,30.16,25.41,90.6,1.76,15.23
2010-07-06,11.16,27.62,30.97,25.2,89.58,2.88,20.4
2010-07-07,10.32,27.72,30.75,25.6,90.65,2.79,16.61
2010-07-08,3.27,27.67,30.99,24.92,89.52,2.73,20.94
2010-07-09,5.76,28.16,31.42,25.93,90.38,3.01,17.46
2010-07-10,10.22,28.28,31.21,26.2,90.47,2.84,18.32
2010-07-11,15.8,28.14,29.82,26.51,94.26,2.85,16.09
2010-07-12,5.99,27.72,29.79,26.21,92.49,2.4,11.69
2010-07-13,8.81,27.94,31.66,25.43,90.99,2.61,15.82
2010-07-14,1.51,28.07,31.49,25.62,90.08,2.53,22.24
2010-07-15,0.6,28.37,32.04,25.48,87.98,2.04,17.61
2010-07-16,0.12,27.97,31.77,24.81,89.4,1.82,19.36
2010-07-17,2.32,28.76,32.61,25.62,87.5,1.9,19.74
2010-07-18,4.44,28.72,32.27,26.06,88.13,2.04,18.06
2010-07-19,16.6,28.01,30.99,25.83,91.11,2.39,18.35
2010-07-20,9.92,27.74,30.8,25.53,91.85,2.36,11.06
2010-07-21,4.57,27.97,31.48,25.68,91.24,2.59,16.28
2010-07-22,5.81,28.03,31.06,25.88,90.31,2.69,16.63
2010-07-23,11.12,28.29,31.31,25.94,92.46,2.51,20.01
2010-07-24,2.14,28.69,32.44,26.15,88.79,2.45,21.29
2010-07-25,6.49,27.91,30.16,26.31,90.54,3.64,18.83
2010-07-26,4.38,27.6,30.02,25.8,91.17,3.26,19.92
2010-07-27,0.74,28.15,32.21,25.68,88.82,1.77,23.77
2010-07-28,2.86,28.63,32.69,25.52,86.97,1.34,20.89
2010-07-29,9.14,27.08,29.59,25.43,93.59,2.04,16.31
2010-07-30,27.39,27.07,29.06,25.29,94.5,2.98,17.42
2010-07-31,16.82,26.77,28.46,25.47,94.17,1.88,14.57
2010-08-01,3.71,27.26,29.46,25.68,93.24,2.53,19.58
2010-08-02,1.09,27.48,30.3,25.39,90.5,1.6,22.54
2010-08-03,1.58,27.47,30.8,25.43,90.94,1.7,17.24
2010-08-04,10.74,27.81,31.82,25.04,87.84,1.91,16.53
2010-08-05,7.99,27.3,30.11,24.85,90.57,2.53,19.56
2010-08-06,0.63,27.81,31.7,24.58,88.64,2.16,18.65
2010-08-07,0.78,27.84,31.6,25.02,87.36,1.31,20.83
2010-08-08,13.69,28.76,31.97,24.92,82.48,0.78,20.92
2010-08-09,1.4,29.14,32.92,25.51,84.11,1.0,18.4
2010-08-10,14.76,28.7,31.32,25.93,86.99,0.77,19.89
2010-08-11,36.84,28.01,30.45,26.06,89.92,1.1,13.82
2010-08-12,25.17,28.05,30.71,26.13,91.25,1.61,17.4
2010-08-13,20.02,27.46,29.55,26.05,93.59,1.8,14.15
2010-08-14,7.95,27.24,29.78,25.39,91.71,1.69,16.74
2010-08-15,1.52,27.58,31.09,24.93,88.85,2.13,16.93
2010-08-16,5.53,27.6,30.85,25.19,90.17,2.48,16.05
2010-08-17,2.77,27.93,31.53,25.48,89.0,2.61,16.07
2010-08-18,3.41,27.79,31.63,25.12,89.98,2.21,18.89
2010-08-19,15.03,27.51,30.42,25.51,90.2,2.39,14.59
2010-08-20,22.84,27.75,31.2,25.25,90.73,2.43,16.85
2010-08-21,4.97,28.03,31.56,25.2,89.3,2.26,17.89
2010-08-22,3.37,27.69,30.93,25.2,89.31,1.52,16.91
2010-08-23,0.99,28.77,32.49,25.61,84.77,0.84,17.85
2010-08-24,5.07,27.54,29.97,25.71,88.75,1.35,17.45
2010-08-25,20.41,28.27,32.46,24.6,86.94,1.18,18.89
2010-08-26,13.48,27.59,30.47,25.49,91.09,1.99,14.18
2010-08-27,6.51,27.01,29.24,25.14,93.51,2.4,15.17
2010-08-28,13.14,27.34,30.59,25.21,90.43,1.98,17.78
2010-08-29,6.78,27.78,32.08,24.58,87.83,1.68,21.15
2010-08-30,9.22,27.83,31.92,25.11,89.82,2.04,20.39
2010-08-31,1.81,27.6,30.68,25.59,90.75,2.51,19.56
2010-09-01,0.6,28.0,31.79,25.43,89.24,1.91,19.58
2010-09-02,1.58,27.27,30.17,24.96,91.13,1.26,22.4
2010-09-03,4.19,27.54,30.47,24.85,88.83,0.9,11.96
2010-09-04,2.6,27.32,29.54,25.32,92.37,1.8,19.22
2010-09-05,2.6,28.31,32.14,25.76,89.67,2.22,17.09
2010-09-06,4.27,28.1,31.6,25.5,89.25,1.9,19.28
2010-09-07,2.16,28.05,31.07,25.63,90.75,1.92,18.7
2010-09-08,2.47,28.06,31.33,25.93,90.16,2.19,18.8
2010-09-09,3.97,27.94,31.1,25.81,90.76,2.05,18.28
2010-09-10,5.34,27.67,30.16,25.69,92.41,1.72,13.94
2010-09-11,3.76,27.71,30.69,25.55,89.89,1.28,17.66
2010-09-12,1.53,27.63,30.8,25.01,87.88,1.1,15.77
2010-09-13,12.62,26.52,28.75,25.07,93.27,1.52,12.26
2010-09-14,29.94,26.96,30.72,24.57,91.63,2.05,14.34
2010-09-15,8.34,26.59,29.58,24.77,91.96,2.12,16.46
2010-09-16,4.17,26.54,29.85,24.18,88.67,2.0,18.09
2010-09-17,9.41,26.37,29.68,23.61,91.02,2.05,15.3
2010-09-18,7.01,26.64,29.63,24.87,92.66,1.87,18.57
2010-09-19,4.39,26.02,27.52,24.67,95.52,1.4,16.26
2010-09-20,6.41,26.45,28.94,24.47,90.74,0.94,15.73
2010-09-21,8.64,27.1,29.94,24.22,85.59,0.95,7.86
2010-09-22,0.6,27.67,31.71,23.37,84.13,0.66,16.74
2010-09-23,2.54,27.91,30.84,25.24,85.21,0.67,18.2
2010-09-24,8.16,26.77,29.3,25.06,92.77,1.81,17.64
2010-09-25,23.06,26.38,28.94,24.55,93.27,1.94,15.55
2010-09-26,13.3,26.34,29.04,24.34,92.71,2.17,6.16
2010-09-27,19.57,27.25,30.65,24.23,90.11,1.59,14.46
2010-09-28,8.35,28.07,31.18,24.91,83.68,0.61,6.99
2010-09-29,1.72,27.55,30.34,24.95,87.3,1.01,20.49
2010-09-30,0.28,27.49,30.79,24.8,87.59,0.88,18.78
2010-10-01,0.52,27.72,31.18,24.56,86.2,0.97,21.5
2010-10-02,0.02,28.54,32.48,24.25,80.67,0.8,21.95
2010-10-03,0.0,28.42,32.36,24.39,84.53,0.88,22.27
2010-10-04,0.0,28.1,30.95,25.15,83.89,0.57,21.0
2010-10-05,12.07,26.59,29.28,24.57,92.48,1.46,14.8
2010-10-06,30.77,25.57,28.3,23.65,92.98,1.35,7.81
2010-10-07,60.27,24.68,26.05,23.68,95.17,3.27,4.04
2010-10-08,140.64,26.38,28.01,23.59,95.75,4.21,2.11
2010-10-09,17.72,26.86,28.98,24.05,92.27,2.67,9.59
2010-10-10,0.25,26.35,29.96,22.62,82.35,0.92,17.45
2010-10-11,0.0,25.92,30.14,22.41,85.21,1.39,19.7
2010-10-12,0.0,25.68,29.45,22.36,87.05,1.57,14.52
2010-10-13,0.82,26.89,30.79,22.82,86.58,1.13,18.81
2010-10-14,6.96,26.87,29.69,24.8,91.26,0.81,16.92
2010-10-15,3.57,27.75,32.18,24.9,85.84,0.9,19.47
2010-10-16,1.66,27.4,29.82,25.45,86.34,0.94,18.73
2010-10-17,0.2,27.36,30.25,25.12,83.93,0.73,19.45
2010-10-18,0.12,27.01,30.95,23.97,88.47,1.35,18.09
2010-10-19,1.03,28.3,31.86,24.0,84.54,0.85,19.39
2010-10-20,0.54,27.93,30.86,25.39,86.61,0.8,19.62
2010-10-21,3.34,26.92,30.22,24.15,87.17,1.17,18.0
2010-10-22,1.94,26.69,29.62,23.83,87.96,0.9,13.38
2010-10-23,2.73,26.08,29.06,24.28,92.18,1.07,15.45
2010-10-24,4.14,26.41,30.01,23.32,86.97,0.88,15.58
2010-10-25,2.67,26.32,30.03,22.8,86.71,0.96,16.38
2010-10-26,0.15,26.06,30.47,22.81,85.76,1.09,15.9
2010-10-27,0.0,24.96,28.87,22.15,88.48,1.21,10.73
2010-10-28,0.0,23.72,28.49,19.83,85.58,1.33,18.52
2010-10-29,0.0,23.28,28.56,18.61,88.17,1.47,19.69
2010-10-30,0.0,25.05,30.67,19.78,84.76,1.05,19.28
2010-10-31,0.74,26.36,30.42,21.91,82.89,0.7,17.86
2010-11-01,3.23,25.05,28.54,21.87,88.46,1.71,15.34
2010-11-02,1.05,24.01,28.55,20.7,88.23,1.93,12.7
2010-11-03,0.03,24.83,29.3,21.16,85.54,1.25,17.34
2010-11-04,0.0,24.61,29.34,20.4,87.13,1.53,18.54
2010-11-05,0.0,25.57,30.6,20.53,83.67,0.82,18.82
2010-11-06,0.0,25.79,30.38,21.42,84.66,1.01,18.59
2010-11-07,0.0,25.56,30.27,21.53,85.04,1.08,16.24
2010-11-08,0.0,24.54,29.39,20.78,85.57,1.21,19.06
2010-11-09,0.0,23.64,28.64,18.77,83.09,1.25,19.03
2010-11-10,0.0,24.06,28.88,18.38,77.98,0.75,18.31
2010-11-11,0.0,24.04,28.57,18.94,75.72,0.72,16.44
2010-11-12,0.0,23.99,28.03,19.46,78.22,0.69,16.09
2010-11-13,0.0,23.84,28.33,19.19,79.08,0.77,16.6
2010-11-14,0.0,23.75,28.53,18.68,79.63,0.66,17.82
2010-11-15,0.0,23.66,28.57,18.96,82.4,0.99,18.02
2010-11-16,0.0,23.34,27.68,18.45,79.07,0.87,17.59
2010-11-17,0.0,22.87,27.48,17.92,80.48,0.97,16.81
2010-11-18,0.0,22.49,27.3,18.03,85.16,1.32,17.04
2010-11-19,0.01,23.67,28.08,19.58,84.02,0.82,12.68
2010-11-20,7.87,23.67,27.56,19.89,87.25,1.12,11.9
2010-11-21,1.13,22.61,26.77,18.15,86.78,1.33,11.42
2010-11-22,0.0,20.36,26.23,15.5,79.26,1.46,17.31
2010-11-23,0.0,20.33,25.7,16.23,75.8,0.91,17.18
2010-11-24,0.0,21.34,26.53,16.48,77.79,0.96,17.18
2010-11-25,0.0,21.99,26.65,17.06,82.88,1.1,16.93
2010-11-26,0.0,22.42,26.95,18.41,80.91,1.01,14.89
2010-11-27,0.0,22.74,27.06,17.89,80.45,0.86,12.21
2010-11-28,0.0,22.8,27.05,18.35,82.76,0.87,14.01
2010-11-29,0.0,22.36,26.87,18.65,84.92,1.21,14.83
2010-11-30,0.0,20.74,25.72,16.52,82.36,1.4,15.81
2010-12-01,0.0,18.48,24.19,13.43,81.85,1.5,17.02
2010-12-02,0.0,19.16,25.64,12.68,82.09,1.23,16.97
2010-12-03,0.0,20.17,26.12,13.52,81.95,1.24,16.95
2010-12-04,27.95,21.03,27.02,15.36,83.57,0.97,15.86
2010-12-05,0.0,20.9,26.78,15.55,84.18,1.25,12.3
2010-12-06,0.04,20.73,26.04,17.29,90.24,1.32,8.81
2010-12-07,0.11,20.98,26.32,17.23,88.66,1.61,10.15
2010-12-08,0.8,21.14,24.84,19.18,89.84,1.22,10.64
2010-12-09,40.06,21.88,25.13,19.32,92.54,0.87,3.74
2010-12-10,4.1,23.14,27.61,20.14,91.18,1.24,8.63
2010-12-11,0.06,20.85,26.01,16.57,85.07,1.92,15.3
2010-12-12,0.0,18.64,23.81,15.11,80.22,1.43,14.56
2010-12-13,0.0,17.37,22.89,13.0,79.44,1.49,15.11
2010-12-14,0.0,17.22,23.21,13.08,79.2,1.18,14.29
2010-12-15,0.0,15.92,22.35,11.22,80.11,1.33,14.6
2010-12-16,0.0,17.07,23.1,10.99,80.87,1.08,16.22
2010-12-17,0.0,17.68,23.48,12.31,77.34,0.74,16.85
2010-12-18,0.0,17.78,23.35,12.45,74.15,0.88,16.72
2010-12-19,0.0,16.72,23.48,10.77,79.97,1.37,16.69
2010-12-20,0.0,16.11,23.25,10.5,81.32,1.49,17.11
2010-12-21,0.0,15.82,22.58,10.34,79.57,1.2,16.97
2010-12-22,0.0,16.72,22.2,11.97,75.16,0.86,16.53
2010-12-23,0.0,16.67,22.32,11.57,75.82,1.04,16.46
2010-12-24,0.0,16.83,22.79,11.3,76.12,1.07,16.68
2010-12-25,0.0,15.52,22.16,9.86,79.96,1.47,16.55
2010-12-26,0.0,16.07,22.74,9.52,78.4,1.38,16.12
2010-12-27,0.0,16.74,23.17,10.18,73.41,1.06,16.91
2010-12-28,0.0,16.9,22.91,11.13,73.66,1.1,15.66
2010-12-29,0.0,16.54,22.93,10.74,77.0,1.15,16.91
2010-12-30,0.0,17.7,24.08,10.97,75.6,0.86,16.73
2010-12-31,0.0,17.67,23.65,11.01,79.21,0.99,15.75
2011-01-01,0.0,18.03,23.76,11.13,79.3,0.86,15.01
2011-01-02,0.0,16.94,22.44,12.0,82.69,1.5,12.5
2011-01-03,0.0,14.94,21.59,9.36,80.73,1.39,15.0
2011-01-04,0.0,15.53,22.8,9.66,80.24,1.14,13.87
2011-01-05,0.0,16.64,22.78,11.71,78.62,1.05,12.83
2011-01-06,0.0,16.41,23.58,10.45,82.65,1.43,15.35
2011-01-07,0.0,16.92,23.76,11.15,79.54,1.25,16.68
2011-01-08,0.0,16.44,23.14,10.15,81.61,0.96,14.61
2011-01-09,0.0,18.01,23.17,12.42,79.69,0.88,13.27
2011-01-10,0.0,15.84,22.49,10.46,78.4,1.65,15.1
2011-01-11,0.0,13.44,20.95,8.87,71.86,1.23,13.14
2011-01-12,0.0,13.3,20.58,7.57,70.32,1.27,13.01
2011-01-13,0.0,13.1,20.05,8.36,73.09,1.1,13.27
2011-01-14,0.0,14.31,21.68,7.47,70.56,1.35,12.76
2011-01-15,0.0,16.0,23.1,8.74,68.94,1.17,16.25
2011-01-16,0.02,16.08,22.51,9.88,80.83,1.81,9.66
2011-01-17,0.1,16.11,21.81,9.75,77.04,1.37,10.47
2011-01-18,0.0,13.49,19.98,7.9,63.78,1.25,14.95
2011-01-19,0.0,13.98,21.58,7.17,72.09,1.69,15.68
2011-01-20,0.0,15.37,22.92,10.9,71.58,1.57,16.67
2011-01-21,0.0,14.7,21.67,8.8,71.69,1.24,16.5
2011-01-22,0.0,15.26,22.02,9.15,66.43,1.06,17.31
2011-01-23,0.0,15.67,22.31,9.35,70.98,1.19,17.02
2011-01-24,0.0,16.24,23.2,9.58,72.58,1.3,16.88
2011-01-25,0.0,18.02,25.25,11.55,69.81,1.18,17.26
2011-01-26,0.0,18.36,26.07,11.84,72.1,1.37,17.94
2011-01-27,0.0,18.91,26.43,13.26,72.15,1.23,14.38
2011-01-28,0.0,17.81,25.21,12.77,72.0,1.78,16.47
2011-01-29,0.0,16.8,24.78,9.93,64.72,1.45,18.49
2011-01-30,0.0,17.73,25.38,10.47,66.52,1.42,17.03
2011-01-31,0.0,19.16,26.79,12.9,70.63,1.29,15.02
2011-02-01,0.0,19.16,25.95,13.96,68.76,1.5,15.84
2011-02-02,0.0,17.63,25.18,11.07,65.19,1.53,17.65
2011-02-03,0.0,19.11,26.71,12.23,68.46,1.38,18.81
2011-02-04,0.0,20.15,27.47,13.94,64.35,1.03,19.51
2011-02-05,0.0,20.18,27.43,12.93,60.07,0.85,19.85
2011-02-06,0.0,20.27,27.17,13.31,60.73,0.9,19.5
2011-02-07,0.0,20.8,27.46,14.23,61.74,0.91,19.11
2011-02-08,0.0,20.24,27.56,13.51,68.06,1.43,17.36
2011-02-09,0.0,21.14,28.52,13.33,68.45,1.35,17.79
2011-02-10,0.0,20.69,28.74,14.69,55.39,1.33,20.33
2011-02-11,0.0,19.79,27.78,12.38,45.75,1.3,20.55
2011-02-12,0.0,19.88,27.27,12.48,47.84,1.26,20.19
2011-02-13,0.0,19.73,27.51,11.95,53.23,1.26,19.03
2011-02-14,0.0,20.06,28.02,12.64,70.3,1.42,17.76
2011-02-15,0.0,21.57,29.12,15.35,82.55,2.08,16.75
2011-02-16,0.0,22.42,29.34,17.35,82.11,2.23,17.38
2011-02-17,3.05,21.51,27.71,16.91,80.08,2.04,16.62
2011-02-18,0.39,21.76,27.51,17.22,70.8,1.08,15.9
2011-02-19,0.0,21.99,28.98,15.53,61.7,1.22,17.81
2011-02-20,0.0,21.81,29.16,15.21,63.14,1.49,13.68
2011-02-21,0.0,21.44,28.91,15.99,57.43,2.43,7.06
2011-02-22,0.0,21.02,29.2,15.44,52.36,2.01,20.57
2011-02-23,0.0,20.81,30.08,13.65,50.3,1.6,22.31
2011-02-24,0.0,21.02,29.94,14.05,52.2,1.56,22.29
2011-02-25,0.0,21.31,30.23,13.27,51.17,1.29,22.45
2011-02-26,0.0,22.74,31.62,15.99,50.08,1.4,21.55
2011-02-27,0.0,22.71,31.92,15.17,54.13,2.29,21.6
2011-02-28,0.0,21.48,30.55,14.01,46.2,1.78,21.74
2011-03-01,0.0,21.18,31.16,12.65,42.74,1.72,23.3
2011-03-02,0.0,22.55,32.28,13.95,44.48,1.6,23.33
2011-03-03,0.0,23.64,32.78,16.01,44.13,1.52,21.95
2011-03-04,0.0,24.83,33.95,16.97,45.51,1.58,21.75
2011-03-05,0.0,26.23,34.59,18.39,46.55,1.5,21.12
2011-03-06,0.0,25.99,34.83,19.56,50.96,1.7,21.28
2011-03-07,0.0,24.33,33.48,16.46,37.01,1.77,24.09
2011-03-08,0.0,24.64,33.09,15.46,34.17,1.6,23.42
2011-03-09,0.0,25.11,35.43,15.76,51.84,1.73,23.54
2011-03-10,0.03,25.8,35.27,17.63,58.74,1.59,18.43
2011-03-11,0.0,25.92,33.72,18.95,63.7,1.72,12.45
2011-03-12,0.06,26.43,33.83,20.29,54.38,1.22,18.64
2011-03-13,0.0,27.04,33.9,21.82,46.35,1.09,22.34
2011-03-14,0.0,26.35,34.52,18.27,43.49,0.91,20.16
2011-03-15,0.0,26.11,33.53,17.53,42.7,0.89,19.63
2011-03-16,0.31,23.98,29.57,19.69,67.05,1.77,20.94
2011-03-17,0.11,24.98,32.28,19.07,68.31,3.25,21.98
2011-03-18,0.14,25.12,31.25,20.09,65.56,4.25,16.51
2011-03-19,0.12,26.3,32.84,21.26,68.7,5.46,14.2
2011-03-20,0.0,26.93,32.98,23.11,68.64,5.15,16.61
2011-03-21,0.44,27.45,33.78,23.16,68.41,5.09,18.93
2011-03-22,0.05,27.23,34.08,22.85,69.43,3.58,16.61
2011-03-23,0.0,27.63,35.62,20.76,64.11,2.26,21.75
2011-03-24,0.36,27.96,35.92,21.13,64.58,2.54,21.46
2011-03-25,0.03,28.17,35.81,22.65,64.27,2.55,19.76
2011-03-26,5.87,27.43,33.3,22.97,68.56,2.57,16.34
2011-03-27,0.94,25.68,30.16,22.34,71.27,1.36,17.74
2011-03-28,0.74,26.61,33.61,20.33,54.94,1.23,18.35
2011-03-29,2.11,26.14,31.76,20.89,67.04,2.01,16.8
2011-03-30,21.4,25.61,30.14,22.27,77.03,2.97,10.95
2011-03-31,24.12,25.58,30.21,22.58,81.57,3.61,11.95
2011-04-01,3.53,25.98,32.07,21.13,73.4,2.34,21.47
2011-04-02,7.31,25.77,31.36,21.46,76.92,2.24,22.11
2011-04-03,3.78,26.43,33.04,20.68,72.12,1.59,21.69
2011-04-04,0.72,27.42,34.7,21.13,67.14,1.52,19.65
2011-04-05,1.16,27.11,33.83,21.06,66.67,1.36,16.86
2011-04-06,0.0,28.51,35.93,20.94,51.3,1.22,24.36
2011-04-07,0.0,28.54,36.06,21.37,47.3,1.24,25.29
2011-04-08,0.0,28.22,36.68,20.37,57.98,1.91,23.24
2011-04-09,0.0,28.84,36.84,21.9,61.4,1.86,21.9
2011-04-10,0.0,27.57,33.11,23.06,64.7,1.01,15.87
2011-04-11,0.05,29.16,36.78,20.99,48.36,1.02,21.03
2011-04-12,0.0,29.94,37.91,21.04,44.43,0.96,24.49
2011-04-13,0.0,30.08,37.89,23.04,56.65,1.92,23.1
2011-04-14,1.04,29.44,36.14,24.18,60.46,2.34,19.99
2011-04-15,1.02,28.9,35.26,23.49,62.61,1.91,22.97
2011-04-16,0.92,29.35,35.91,23.59,60.5,1.49,24.18
2011-04-17,0.96,30.02,37.37,23.17,59.99,1.51,23.47
2011-04-18,0.05,30.09,36.91,24.13,62.15,2.0,21.92
2011-04-19,8.37,27.75,31.03,25.02,72.67,1.54,21.24
2011-04-20,5.43,28.42,33.85,24.1,71.03,2.2,22.15
2011-04-21,5.04,27.58,31.52,24.29,75.72,2.11,22.55
2011-04-22,1.65,28.32,33.75,23.58,71.4,1.62,19.55
2011-04-23,0.36,27.95,32.05,24.72,63.89,0.94,16.21
2011-04-24,0.58,28.73,35.92,22.58,62.68,2.19,19.65
2011-04-25,7.56,27.16,31.93,23.44,72.81,1.89,17.08
2011-04-26,3.86,27.41,33.54,21.77,69.35,1.16,18.23
2011-04-27,3.62,27.17,31.18,22.89,71.48,1.25,16.38
2011-04-28,7.48,27.31,32.13,22.68,70.17,0.95,14.54
2011-04-29,6.95,27.09,32.18,22.57,74.08,1.4,23.14
2011-04-30,1.81,28.05,33.81,22.85,70.0,1.76,22.66
2011-05-01,8.17,28.04,33.39,23.32,74.12,2.55,22.21
2011-05-02,3.95,28.61,34.57,24.13,73.93,3.44,22.44
2011-05-03,2.17,28.69,34.02,24.47,74.46,3.36,20.24
2011-05-04,16.86,28.08,32.24,24.74,79.35,2.37,14.08
2011-05-05,30.22,26.74,30.44,23.27,83.52,1.73,17.67
2011-05-06,4.67,27.72,33.05,23.13,78.16,2.02,20.46
2011-05-07,5.25,28.17,33.18,23.46,77.69,1.76,22.68
2011-05-08,1.88,28.58,33.42,24.53,75.49,1.43,20.45
2011-05-09,3.23,29.76,35.53,23.98,68.34,1.44,25.28
2011-05-10,10.29,28.9,34.26,24.64,74.72,2.26,25.0
2011-05-11,27.61,28.04,31.92,24.69,85.45,3.0,16.91
2011-05-12,3.33,28.96,34.22,24.62,78.9,2.5,20.81
2011-05-13,21.03,28.91,33.23,25.17,79.98,2.32,20.19
2011-05-14,8.44,28.1,33.04,24.88,82.82,2.15,21.2
2011-05-15,0.92,28.26,33.47,24.48,81.29,2.35,21.75
2011-05-16,0.4,28.61,33.33,24.25,78.36,1.32,20.96
2011-05-17,1.21,28.5,32.34,24.71,80.69,1.32,17.75
2011-05-18,25.1,28.39,31.47,25.79,84.6,1.14,16.39
2011-05-19,25.14,28.11,31.68,25.32,86.36,1.64,13.75
2011-05-20,4.29,27.58,30.18,25.69,89.45,2.2,20.64
2011-05-21,32.38,27.77,30.2,25.75,90.43,3.24,13.44
2011-05-22,16.18,27.71,30.06,25.95,90.95,2.84,13.28
2011-05-23,13.24,28.54,31.82,26.41,88.64,2.88,10.06
2011-05-24,22.46,28.4,31.56,25.82,88.59,2.43,17.58
2011-05-25,10.12,28.37,32.1,25.5,86.47,1.54,15.81
2011-05-26,4.17,27.79,30.46,25.59,89.92,1.85,23.55
2011-05-27,1.33,26.98,29.19,24.6,88.14,1.49,17.0
2011-05-28,1.87,27.75,32.61,23.85,84.07,1.27,22.48
2011-05-29,22.74,26.98,29.15,25.15,91.3,1.87,18.18
2011-05-30,19.79,27.15,29.51,25.41,93.78,3.04,13.8
2011-05-31,23.61,27.6,30.15,25.99,92.32,3.59,14.13
2011-06-01,10.16,26.83,29.64,24.54,89.2,2.9,21.45
2011-06-02,7.03,26.95,30.08,24.04,90.52,2.14,11.99
2011-06-03,5.75,27.91,31.81,24.58,86.58,1.72,22.0
2011-06-04,2.92,27.95,31.54,24.55,87.89,1.77,18.93
2011-06-05,1.68,28.24,31.73,25.31,86.71,1.69,21.32
2011-06-06,1.32,28.49,32.05,25.57,87.27,1.47,23.98
2011-06-07,28.03,27.44,29.75,25.39,92.9,1.67,20.07
2011-06-08,27.64,26.26,28.1,24.83,91.45,1.47,12.57
2011-06-09,7.83,27.87,31.65,24.57,87.27,1.32,8.05
2011-06-10,1.16,28.2,31.23,25.82,88.71,1.54,12.7
2011-06-11,4.66,27.93,30.73,25.94,90.93,2.55,10.27
2011-06-12,4.6,28.19,31.48,25.64,84.24,1.53,21.81
2011-06-13,4.18,28.89,32.79,24.67,81.4,0.73,20.5
2011-06-14,6.84,27.05,28.41,25.78,92.81,1.71,16.15
2011-06-15,15.5,27.94,31.04,25.03,88.8,1.98,21.16
2011-06-16,17.05,27.29,29.86,25.56,91.79,3.39,11.5
2011-06-17,34.27,27.69,29.56,25.75,91.26,5.2,9.63
2011-06-18,7.39,27.62,30.07,25.7,90.91,4.38,12.31
2011-06-19,1.26,28.08,31.65,25.35,89.78,3.51,19.8
2011-06-20,1.05,28.47,32.1,25.82,87.58,2.77,19.92
2011-06-21,0.11,28.35,32.15,25.76,86.95,2.69,19.64
2011-06-22,0.26,28.29,31.94,25.48,86.68,2.48,14.66
2011-06-23,1.09,29.0,32.67,26.08,87.34,2.26,18.0
2011-06-24,3.14,29.18,32.38,26.41,87.83,1.09,9.75
2011-06-25,7.73,28.81,32.53,26.11,86.92,1.88,14.42
2011-06-26,14.09,27.87,31.03,25.98,89.83,2.49,15.04
2011-06-27,16.61,27.41,29.65,25.69,93.33,2.56,13.7
2011-06-28,30.93,27.3,29.25,26.18,94.02,3.19,12.32
2011-06-29,26.26,27.63,29.57,26.28,92.76,2.8,8.87
2011-06-30,51.9,27.52,29.64,25.87,94.18,2.73,8.6
2011-07-01,49.66,27.93,30.82,25.49,92.04,3.13,5.75
2011-07-02,28.01,27.53,30.38,25.38,90.42,2.77,10.75
2011-07-03,6.3,27.14,30.28,25.09,89.87,2.37,11.12
2011-07-04,8.44,26.7,29.99,24.8,90.48,2.63,15.52
2011-07-05,1.14,27.3,31.0,24.2,87.7,2.47,20.55
2011-07-06,3.0,27.24,31.0,24.51,88.29,3.15,20.35
2011-07-07,12.67,27.3,30.21,24.87,89.93,3.32,15.3
2011-07-08,10.75,27.63,31.1,25.1,89.02,2.81,18.93
2011-07-09,3.06,27.98,31.9,25.04,88.78,2.4,18.18
2011-07-10,0.47,28.48,31.92,25.72,87.97,1.92,22.46
2011-07-11,0.82,28.39,31.51,26.23,89.78,2.36,18.91
2011-07-12,2.77,28.11,31.28,25.69,88.35,2.78,15.34
2011-07-13,2.01,28.04,31.74,25.1,88.75,2.56,17.45
2011-07-14,4.23,27.73,30.61,25.69,91.1,2.91,18.69
2011-07-15,9.41,27.38,29.74,25.91,92.4,2.31,16.98
2011-07-16,2.1,27.65,30.65,25.49,89.32,2.59,15.13
2011-07-17,0.53,27.73,31.53,24.96,88.81,3.21,18.79
2011-07-18,10.31,27.85,30.36,26.15,90.12,4.03,11.81
2011-07-19,18.67,28.04,30.38,26.08,92.62,2.23,15.27
2011-07-20,16.84,27.92,30.94,25.9,90.78,2.36,12.69
2011-07-21,34.14,27.47,30.22,25.52,92.97,3.05,11.87
2011-07-22,12.38,27.15,29.65,25.23,91.69,3.67,13.33
2011-07-23,2.45,26.92,29.86,24.62,90.41,2.09,19.03
2011-07-24,0.47,27.68,31.62,24.42,87.72,1.5,18.51
2011-07-25,3.74,27.83,31.68,25.18,87.4,1.46,17.51
2011-07-26,1.74,27.99,31.72,25.0,86.66,1.49,16.11
2011-07-27,0.75,27.97,31.22,25.66,87.75,1.57,20.58
2011-07-28,0.49,28.44,32.58,25.13,85.25,1.46,20.46
2011-07-29,0.56,28.21,32.1,25.24,87.3,1.69,19.84
2011-07-30,3.88,28.48,32.39,25.25,87.33,1.88,21.19
2011-07-31,1.26,29.29,33.23,25.24,84.47,1.14,21.17
2011-08-01,1.75,30.06,33.68,26.23,82.95,1.05,18.16
2011-08-02,6.21,29.93,33.34,27.16,84.08,1.52,11.03
2011-08-03,17.04,28.59,32.64,26.2,89.08,2.74,14.71
2011-08-04,22.42,28.17,31.63,26.04,89.88,2.8,12.87
2011-08-05,38.3,27.5,29.47,25.98,93.25,3.56,10.95
2011-08-06,37.61,28.28,31.67,26.3,90.53,3.23,18.49
2011-08-07,32.34,27.72,29.39,26.36,95.35,2.9,11.51
2011-08-08,26.15,27.36,28.93,26.03,94.2,2.47,8.85
2011-08-09,55.63,27.05,28.98,25.09,95.72,2.55,7.68
2011-08-10,24.99,26.91,28.9,25.26,92.72,1.66,7.8
2011-08-11,2.57,27.28,30.59,24.73,90.07,2.28,16.98
2011-08-12,3.38,26.59,29.41,24.46,92.82,2.98,21.28
2011-08-13,9.3,26.82,29.93,24.35,91.56,2.78,11.87
2011-08-14,7.39,27.0,29.39,25.19,92.08,2.36,19.58
2011-08-15,10.15,27.06,30.03,24.97,90.99,2.17,12.58
2011-08-16,69.53,26.22,27.89,24.56,93.08,2.21,8.4
2011-08-17,30.04,25.41,27.18,23.88,93.75,2.09,8.48
2011-08-18,3.69,26.11,28.89,23.87,91.7,2.38,18.12
2011-08-19,14.33,26.45,29.9,24.08,90.02,1.25,20.82
2011-08-20,16.63,27.4,31.27,24.77,89.32,1.18,18.67
2011-08-21,18.14,26.54,28.71,25.01,94.24,1.79,13.83
2011-08-22,11.24,27.52,31.1,24.79,90.69,1.88,19.3
2011-08-23,11.44,27.28,30.3,25.13,91.97,1.88,17.46
2011-08-24,6.01,26.85,29.6,25.21,92.62,1.92,9.05
2011-08-25,2.45,26.55,28.9,24.75,93.83,1.67,19.77
2011-08-26,2.13,26.68,29.13,24.65,93.1,1.39,19.44
2011-08-27,1.74,27.2,30.47,24.54,90.21,1.3,20.36
2011-08-28,0.84,26.81,28.8,24.92,91.23,1.27,22.89
2011-08-29,0.87,27.72,31.31,24.53,88.31,1.08,22.23
2011-08-30,1.04,27.32,29.72,25.46,91.45,1.21,23.13
2011-08-31,1.43,26.84,29.29,24.87,93.08,1.56,21.45
2011-09-01,1.15,27.15,30.7,25.14,89.85,2.11,19.04
2011-09-02,5.14,26.39,29.48,24.06,91.46,1.58,17.75
2011-09-03,1.01,27.22,31.6,22.8,86.38,1.64,18.84
2011-09-04,0.98,27.19,29.98,24.96,91.47,1.95,21.22
2011-09-05,3.08,27.88,31.48,25.15,89.35,1.83,20.23
2011-09-06,11.77,27.03,29.64,25.43,93.88,2.19,16.69
2011-09-07,26.1,26.54,28.09,25.43,94.52,2.75,8.66
2011-09-08,11.1,26.91,29.97,24.43,92.31,3.36,14.86
2011-09-09,1.72,27.33,30.91,25.47,91.85,2.88,19.93
2011-09-10,0.77,27.45,31.12,24.99,90.02,1.62,20.08
2011-09-11,3.69,28.17,31.66,24.61,82.68,0.83,20.61
2011-09-12,0.97,28.86,32.17,25.64,85.22,0.97,21.8
2011-09-13,4.06,29.13,33.06,26.57,88.41,1.34,16.66
2011-09-14,14.68,26.91,29.73,25.62,91.84,2.61,14.89
2011-09-15,19.22,26.59,27.86,25.53,95.24,2.85,14.8
2011-09-16,58.47,26.82,28.35,25.82,96.01,3.23,7.33
2011-09-17,24.93,26.74,28.57,25.41,95.67,3.14,4.21
2011-09-18,4.8,26.99,29.55,24.88,93.08,2.56,15.87
2011-09-19,2.93,27.62,31.3,25.09,90.64,1.55,19.23
2011-09-20,7.3,27.43,31.18,24.43,88.99,1.63,15.88
2011-09-21,4.14,26.88,29.94,24.35,91.99,2.31,17.79
2011-09-22,2.53,27.07,30.33,25.15,91.88,2.33,18.56
2011-09-23,4.47,26.8,29.78,24.91,90.97,2.77,14.88
2011-09-24,1.7,27.06,30.59,24.56,90.15,3.02,16.96
2011-09-25,0.9,27.2,30.64,24.82,89.56,2.62,19.82
2011-09-26,1.78,27.07,30.9,24.12,89.36,1.87,16.19
2011-09-27,9.66,26.99,30.66,24.21,90.31,2.09,16.49
2011-09-28,1.46,27.82,31.53,24.72,86.4,1.04,16.8
2011-09-29,2.74,28.04,31.65,24.79,85.84,0.86,17.85
2011-09-30,0.78,28.03,32.09,24.22,86.88,1.41,16.55
2011-10-01,0.15,28.25,32.28,24.82,88.2,1.82,17.17
2011-10-02,3.91,27.74,31.28,25.09,87.54,1.88,17.41
2011-10-03,14.64,27.62,31.32,24.04,85.97,1.14,17.04
2011-10-04,5.31,27.26,31.25,24.75,86.27,1.34,18.61
2011-10-05,5.24,27.64,31.82,23.94,85.83,1.1,20.85
2011-10-06,2.87,28.45,31.64,24.94,80.12,0.49,20.35
2011-10-07,6.01,27.96,31.31,24.56,82.35,0.66,18.84
2011-10-08,4.18,28.27,31.53,25.29,81.29,0.71,19.94
2011-10-09,1.1,28.32,31.34,25.19,79.84,0.59,20.47
2011-10-10,0.53,27.9,31.25,24.36,82.33,0.86,19.83
2011-10-11,0.12,27.92,31.58,24.58,82.99,1.05,19.75
2011-10-12,0.0,26.69,31.26,23.05,85.78,1.49,21.18
2011-10-13,0.0,25.86,30.73,21.04,85.57,1.31,21.79
2011-10-14,0.0,26.28,30.71,21.55,83.64,1.04,21.22
2011-10-15,0.0,27.11,31.16,22.44,80.05,0.53,19.7
2011-10-16,0.0,27.04,30.68,23.24,78.89,0.89,20.35
2011-10-17,0.27,26.27,30.86,22.11,84.88,1.14,19.34
2011-10-18,0.56,25.22,27.7,23.49,91.87,1.6,13.64
2011-10-19,0.4,25.08,28.95,22.03,87.04,1.95,12.93
2011-10-20,0.0,25.44,28.98,22.87,91.22,2.52,18.85
2011-10-21,1.97,25.55,27.77,23.87,91.55,1.89,16.3
2011-10-22,9.82,25.13,28.3,22.42,89.06,1.1,12.36
2011-10-23,1.58,25.6,29.65,21.28,83.69,0.78,18.59
2011-10-24,0.0,25.17,29.57,21.2,84.1,1.39,20.32
2011-10-25,0.0,24.98,29.41,20.22,81.89,1.15,20.23
2011-10-26,0.0,25.14,29.65,20.75,79.48,0.97,15.34
2011-10-27,0.0,25.33,29.55,21.23,79.88,1.06,18.97
2011-10-28,0.0,24.34,29.13,19.58,81.03,1.28,19.64
2011-10-29,0.0,24.42,29.13,18.9,77.18,0.85,19.9
2011-10-30,0.0,24.27,28.28,20.59,81.3,0.81,19.75
2011-10-31,0.0,24.09,27.88,20.76,79.35,0.94,18.79
2011-11-01,0.0,23.69,27.62,19.6,76.32,0.86,18.4
2011-11-02,0.0,23.58,27.68,18.81,71.62,0.92,18.98
2011-11-03,0.0,22.94,27.42,17.77,69.93,0.86,17.6
2011-11-04,0.0,22.51,27.29,17.07,74.08,0.98,18.76
2011-11-05,0.0,23.03,28.22,17.33,75.09,0.88,19.27
2011-11-06,0.0,23.24,27.88,18.55,71.08,0.46,17.69
2011-11-07,0.0,22.09,27.27,17.03,79.04,1.02,17.41
2011-11-08,0.0,22.51,28.18,16.98,79.85,1.29,19.14
2011-11-09,0.0,23.29,28.95,16.93,74.1,0.74,19.17
2011-11-10,0.0,22.68,28.46,16.61,75.34,0.89,19.23
2011-11-11,0.0,22.69,27.8,17.01,73.75,0.74,19.01
2011-11-12,0.0,22.45,27.66,17.13,79.23,0.95,17.83
2011-11-13,0.0,22.51,27.96,17.0,79.24,0.79,17.06
2011-11-14,0.0,23.27,27.89,18.27,74.98,0.65,17.15
2011-11-15,0.0,23.21,27.52,18.19,74.63,0.66,17.0
2011-11-16,0.0,22.98,27.73,18.08,72.48,0.83,15.33
2011-11-17,0.0,21.86,27.06,17.21,77.35,0.99,15.27
2011-11-18,0.0,21.46,26.73,15.87,76.13,1.02,15.83
2011-11-19,0.0,21.51,26.58,15.6,75.02,0.89,16.94
2011-11-20,0.0,22.14,27.96,16.2,78.02,0.76,17.22
2011-11-21,0.0,21.93,27.91,16.45,78.21,0.85,17.37
2011-11-22,0.0,22.6,28.1,15.68,71.76,0.82,18.01
2011-11-23,0.0,22.3,28.05,15.69,73.1,0.91,17.65
2011-11-24,0.0,22.2,28.41,15.88,75.69,0.92,17.46
2011-11-25,0.0,21.78,27.95,16.38,77.41,1.21,17.42
2011-11-26,0.0,21.13,27.11,16.39,77.4,1.16,17.53
2011-11-27,0.0,20.55,25.98,15.89,76.31,0.97,16.17
2011-11-28,0.0,20.29,26.08,16.09,78.23,1.13,15.92
2011-11-29,0.0,20.17,26.17,15.21,79.08,1.19,15.64
2011-11-30,0.0,19.88,26.13,14.84,80.48,1.35,15.54
2011-12-01,0.0,21.79,27.84,15.69,75.08,0.79,16.25
2011-12-02,0.0,21.86,27.88,16.9,79.19,0.92,15.3
2011-12-03,0.0,21.28,26.7,17.94,82.39,1.13,14.18
2011-12-04,0.0,21.24,26.09,16.07,81.57,1.12,12.19
2011-12-05,0.0,21.64,26.97,16.12,77.25,0.82,13.87
2011-12-06,0.0,21.39,27.11,16.33,78.81,1.06,15.36
2011-12-07,0.0,21.68,27.7,15.9,75.02,0.97,16.33
2011-12-08,0.0,21.38,27.69,16.11,75.59,0.81,16.47
2011-12-09,0.0,20.8,26.98,15.34,76.91,0.92,16.43
2011-12-10,0.0,20.62,26.44,16.08,73.67,0.88,14.61
2011-12-11,0.0,19.61,25.93,14.19,73.01,1.0,11.5
2011-12-12,0.0,18.88,25.46,14.26,76.42,1.52,14.71
2011-12-13,0.0,17.26,23.71,12.2,75.04,1.5,13.75
2011-12-14,0.0,16.92,23.57,12.09,77.16,1.32,14.23
2011-12-15,0.0,16.52,23.48,10.97,75.19,1.18,13.96
2011-12-16,0.0,16.36,23.82,10.88,73.24,1.23,11.77
2011-12-17,0.0,16.11,23.05,10.83,72.53,1.18,10.36
2011-12-18,0.04,15.97,23.55,9.8,70.1,1.18,7.6
2011-12-19,0.0,16.16,22.99,10.57,66.56,1.09,10.55
2011-12-20,0.0,15.97,23.46,10.26,66.09,1.31,8.44
2011-12-21,0.0,16.13,24.15,10.44,69.09,1.08,7.61
2011-12-22,0.02,15.89,24.57,9.54,69.61,1.27,7.89
2011-12-23,0.0,15.56,23.44,9.75,69.17,1.22,9.85
2011-12-24,0.0,16.87,23.39,11.63,65.55,1.08,5.86
2011-12-25,0.0,18.35,26.24,11.76,65.55,0.91,11.89
2011-12-26,0.0,18.81,26.16,12.32,64.73,0.96,15.74
2011-12-27,0.0,20.35,27.17,13.41,61.95,0.91,15.48
2011-12-28,0.0,21.32,28.02,14.61,61.3,0.88,12.75
2011-12-29,0.0,21.25,28.29,15.95,68.6,1.19,14.85
2011-12-30,0.0,20.2,28.21,14.73,68.06,1.33,16.33
2011-12-31,0.0,18.96,27.01,12.41,64.17,1.4,16.46
2012-01-01,0.01,20.09,27.61,13.51,62.05,1.14,15.56
2012-01-02,1.47,20.86,27.43,16.0,67.0,1.27,4.17
2012-01-03,0.44,19.74,25.1,16.12,76.88,1.27,11.13
2012-01-04,0.0,18.93,25.12,13.19,72.07,1.36,11.96
2012-01-05,0.06,18.95,25.52,13.39,67.04,1.13,13.45
2012-01-06,0.25,19.11,25.1,12.64,65.13,0.93,8.85
2012-01-07,0.08,19.04,25.86,13.01,68.95,1.23,8.91
2012-01-08,1.52,19.71,26.13,13.64,70.17,1.08,8.24
2012-01-09,3.99,20.11,26.46,14.29,72.15,1.07,3.8
2012-01-10,0.39,20.13,25.6,15.68,73.58,0.9,7.96
2012-01-11,0.01,19.76,26.22,15.2,70.86,1.47,13.43
2012-01-12,0.0,16.96,24.29,11.44,69.64,1.85,11.28
2012-01-13,0.0,14.13,21.52,8.17,63.62,1.68,14.21
2012-01-14,0.0,14.28,22.08,8.53,65.83,1.66,15.08
2012-01-15,0.0,14.66,23.34,8.0,58.06,1.32,17.0
2012-01-16,0.0,16.09,23.94,9.7,53.9,1.14,16.97
2012-01-17,0.0,17.97,25.3,11.52,53.71,1.08,15.78
2012-01-18,0.0,18.59,26.26,11.66,69.8,1.32,11.9
2012-01-19,0.12,20.48,27.02,14.7,59.3,0.89,14.34
2012-01-20,0.01,19.03,26.21,12.27,64.78,1.28,13.87
2012-01-21,0.0,19.41,25.99,14.12,66.31,1.17,11.28
2012-01-22,0.0,16.13,23.52,10.66,62.76,1.51,16.39
2012-01-23,0.0,15.37,23.88,8.87,58.4,1.37,17.53
2012-01-24,0.0,15.47,24.07,9.26,58.67,1.34,16.82
2012-01-25,0.0,15.62,24.54,9.13,53.94,1.31,16.96
2012-01-26,0.0,16.75,25.26,8.98,52.44,1.41,17.81
2012-01-27,0.0,17.54,26.18,11.05,55.19,1.38,16.49
2012-01-28,0.0,17.34,26.09,10.83,54.03,1.82,17.86
2012-01-29,0.0,16.9,25.53,10.01,53.75,1.94,18.07
2012-01-30,0.0,17.99,28.0,10.47,53.42,1.91,17.01
2012-01-31,0.0,17.22,27.15,9.76,50.74,1.81,18.49
2012-02-01,0.0,17.25,26.97,9.69,51.05,1.88,18.43
2012-02-02,0.0,16.41,25.67,9.57,45.16,1.81,18.75
2012-02-03,0.0,16.85,26.68,9.49,45.35,1.28,19.48
2012-02-04,0.0,18.45,27.83,11.55,48.11,1.37,19.06
2012-02-05,0.0,19.82,29.31,13.36,46.65,1.33,19.05
2012-02-06,0.0,20.91,29.37,13.23,44.43,1.24,18.41
2012-02-07,0.0,21.58,29.4,14.82,45.2,1.28,18.5
2012-02-08,0.0,22.02,30.12,13.71,46.3,0.96,15.9
2012-02-09,0.0,22.14,28.91,16.69,61.87,1.66,16.96
2012-02-10,0.0,19.66,28.0,13.37,51.44,1.75,17.87
2012-02-11,0.0,17.73,27.35,9.97,40.61,1.63,18.85
2012-02-12,0.0,17.31,26.42,10.59,40.16,1.55,20.64
2012-02-13,0.0,19.0,29.1,10.53,40.25,1.41,20.55
2012-02-14,0.0,20.48,29.97,12.75,40.85,1.42,19.97
2012-02-15,0.0,22.34,31.03,14.74,46.88,1.41,16.51
2012-02-16,0.04,23.49,32.17,16.23,53.24,1.41,12.0
2012-02-17,0.0,23.26,31.11,16.36,53.5,1.85,15.24
2012-02-18,0.0,22.73,31.6,16.16,49.83,1.48,19.0
2012-02-19,0.0,21.38,30.89,14.23,39.33,1.54,21.09
2012-02-20,0.0,21.15,30.16,13.74,35.38,1.48,20.88
2012-02-21,0.0,22.24,30.64,13.79,37.56,1.41,20.17
2012-02-22,0.0,23.4,32.08,15.53,45.24,1.45,20.57
2012-02-23,0.0,24.5,33.09,15.61,56.53,1.36,20.09
2012-02-24,0.0,25.02,33.87,15.93,49.22,1.71,21.45
2012-02-25,0.0,26.12,34.76,17.87,32.05,1.22,22.39
2012-02-26,0.0,25.69,34.56,17.99,31.82,1.33,21.86
2012-02-27,0.0,23.77,32.85,16.88,31.34,1.49,22.66
2012-02-28,0.0,22.65,32.05,13.44,34.33,1.87,21.42
2012-02-29,12.35,22.89,29.64,17.17,79.22,2.17,15.19
2012-03-01,0.03,25.11,32.63,19.34,65.52,2.04,17.82
2012-03-02,1.85,24.69,32.1,18.79,67.18,2.36,14.56
2012-03-03,0.51,25.01,32.84,18.46,58.91,1.28,17.98
2012-03-04,0.01,25.29,33.16,17.58,52.93,1.71,19.94
2012-03-05,0.0,25.51,33.98,18.07,57.49,2.21,19.48
2012-03-06,0.0,26.22,35.14,18.69,65.07,2.89,17.92
2012-03-07,0.07,26.83,34.84,20.43,69.86,3.06,17.2
2012-03-08,0.11,26.43,32.77,21.63,71.17,2.63,17.39
2012-03-09,0.0,26.56,34.17,20.42,65.38,1.85,19.23
2012-03-10,0.03,26.79,34.49,20.25,58.81,1.11,18.51
2012-03-11,0.0,26.14,35.5,18.98,41.72,2.02,22.64
2012-03-12,0.0,25.18,35.41,15.61,31.41,1.9,24.17
2012-03-13,0.0,26.26,36.12,17.59,31.07,1.71,19.46
2012-03-14,0.04,25.82,34.52,17.44,45.59,1.68,20.28
2012-03-15,0.0,25.31,33.12,19.66,42.25,1.69,20.76
2012-03-16,0.0,24.87,33.65,17.6,36.58,1.69,22.91
2012-03-17,0.03,25.14,34.43,16.54,37.7,1.56,21.73
2012-03-18,3.71,26.09,31.48,20.67,63.92,1.32,19.12
2012-03-19,0.28,27.1,34.85,19.75,55.22,1.5,18.74
2012-03-20,0.09,28.14,36.03,21.04,63.63,1.81,17.21
2012-03-21,0.0,29.0,36.51,22.55,64.51,2.58,17.77
2012-03-22,0.03,29.4,37.75,22.45,62.71,3.15,21.06
2012-03-23,0.0,28.58,36.69,21.72,47.68,1.44,20.75
2012-03-24,0.0,27.36,36.65,18.4,42.37,1.48,23.39
2012-03-25,0.0,27.56,37.0,19.26,55.78,2.19,22.55
2012-03-26,0.0,28.67,37.39,21.0,58.82,2.55,21.84
2012-03-27,0.0,28.99,37.31,21.33,56.35,2.79,21.58
2012-03-28,0.0,29.59,38.3,22.03,54.78,3.12,22.67
2012-03-29,0.0,30.07,39.23,22.33,55.83,3.01,22.59
2012-03-30,0.0,29.6,37.46,23.22,59.13,2.13,21.95
2012-03-31,0.0,29.63,36.12,23.05,52.23,1.02,20.94
2012-04-01,0.0,30.56,39.16,22.14,33.48,1.4,21.25
2012-04-02,0.0,30.39,37.28,24.14,47.03,1.51,22.25
2012-04-03,0.0,30.54,37.94,23.27,55.59,1.68,22.13
2012-04-04,0.25,30.5,38.12,23.96,53.49,2.73,18.56
2012-04-05,4.69,28.55,35.13,23.59,61.4,2.48,19.08
2012-04-06,20.43,25.17,28.14,22.23,82.49,2.04,4.33
2012-04-07,6.07,25.57,31.23,20.57,74.62,1.71,11.36
2012-04-08,47.17,25.49,31.16,20.13,82.64,2.8,13.29
2012-04-09,30.62,25.97,29.94,23.61,84.95,3.84,7.62
2012-04-10,14.8,25.54,29.45,22.78,86.16,2.1,14.05
2012-04-11,11.0,25.19,28.83,23.1,87.25,2.32,23.53
2012-04-12,23.15,25.85,30.46,22.36,85.78,2.75,10.58
2012-04-13,5.59,25.22,28.55,22.5,90.78,2.47,12.73
2012-04-14,0.0,26.25,31.93,21.46,80.31,1.45,26.18
2012-04-15,4.79,26.79,32.5,21.36,77.96,1.63,25.0
2012-04-16,1.74,27.48,33.01,22.59,76.3,2.16,20.48
2012-04-17,0.58,28.27,34.17,23.08,71.64,2.15,24.48
2012-04-18,2.48,28.62,34.85,23.58,75.9,2.95,21.47
2012-04-19,3.89,28.48,33.73,24.4,78.54,3.13,20.39
2012-04-20,11.83,28.4,33.09,25.11,80.3,2.29,20.71
2012-04-21,15.79,27.58,31.98,23.94,81.34,1.79,23.4
2012-04-22,3.27,28.45,34.57,24.16,78.49,2.89,22.65
2012-04-23,0.08,29.29,35.36,24.52,74.92,3.43,19.44
2012-04-24,0.05,29.18,34.28,24.95,77.39,3.32,20.52
2012-04-25,11.76,28.69,33.55,24.8,79.1,3.0,23.5
2012-04-26,8.03,27.91,32.58,24.25,79.46,2.48,23.11
2012-04-27,2.46,28.78,34.26,24.85,76.99,3.58,19.49
2012-04-28,6.8,29.24,34.44,25.07,78.9,4.13,14.37
2012-04-29,8.57,29.42,34.42,26.21,77.73,4.13,20.36
2012-04-30,13.15,28.63,33.3,25.16,81.04,3.79,16.83
2012-05-01,25.05,27.75,31.08,25.52,85.86,3.69,14.32
2012-05-02,16.19,28.14,31.93,25.18,84.31,2.46,18.41
2012-05-03,16.3,27.75,31.54,24.59,84.38,1.55,23.68
2012-05-04,2.31,27.09,30.51,23.55,78.47,0.83,10.28
2012-05-05,0.01,27.42,31.15,22.73,71.5,0.76,26.67
2012-05-06,0.0,29.61,34.38,24.09,62.27,0.78,26.33
2012-05-07,0.0,29.92,36.06,22.63,59.36,0.89,26.56
2012-05-08,0.0,29.15,35.0,22.86,68.17,1.2,25.19
2012-05-09,0.2,29.04,33.8,24.46,74.12,1.41,23.9
2012-05-10,0.02,29.18,33.88,24.86,76.48,1.38,22.98
2012-05-11,0.85,28.95,33.24,25.5,77.25,1.83,24.09
2012-05-12,3.14,28.68,33.0,25.13,78.77,2.21,20.52
2012-05-13,3.67,28.34,31.55,25.38,84.87,2.76,17.3
2012-05-14,1.68,29.38,33.41,26.33,83.81,3.28,19.41
2012-05-15,5.82,29.19,32.6,26.51,83.74,3.18,15.55
2012-05-16,3.83,28.35,32.72,25.27,83.0,2.88,16.36
2012-05-17,3.34,29.24,34.23,25.71,80.15,2.71,19.83
2012-05-18,5.02,28.69,33.22,25.0,81.89,1.6,22.75
2012-05-19,11.36,28.57,32.52,25.42,83.24,2.22,11.35
2012-05-20,7.11,28.83,32.75,25.53,82.72,1.73,13.33
2012-05-21,3.23,28.08,30.91,25.41,87.91,1.74,23.26
2012-05-22,0.04,29.53,34.06,25.47,80.85,2.39,22.21
2012-05-23,1.1,29.73,34.29,26.43,82.03,3.08,20.43
2012-05-24,3.25,29.12,32.81,26.58,83.76,3.22,21.12
2012-05-25,2.78,29.58,34.17,26.4,81.63,2.33,21.41
2012-05-26,3.71,29.31,33.02,26.16,81.22,1.64,21.17
2012-05-27,9.41,28.91,31.99,26.21,86.93,1.89,20.53
2012-05-28,7.14,29.03,32.52,26.75,84.72,2.13,21.12
2012-05-29,5.71,29.69,33.37,25.89,81.11,1.2,21.35
2012-05-30,10.61,29.27,32.4,26.7,84.71,1.08,19.92
2012-05-31,18.24,27.98,29.4,26.7,89.33,1.65,14.62
2012-06-01,12.63,28.28,31.12,26.28,89.13,2.6,3.95
2012-06-02,11.67,28.27,31.76,25.63,88.63,3.08,15.23
2012-06-03,7.67,29.07,32.53,26.68,88.08,4.71,17.3
2012-06-04,24.21,29.24,31.71,27.69,89.24,4.82,16.83
2012-06-05,15.15,28.35,30.72,26.63,90.12,3.19,16.32
2012-06-06,3.43,28.01,31.08,25.41,89.93,2.56,16.17
2012-06-07,9.76,28.78,32.36,25.63,88.62,2.15,15.26
2012-06-08,3.2,29.33,32.92,26.4,84.06,1.17,21.85
2012-06-09,0.14,29.04,31.58,27.11,88.62,2.07,18.27
2012-06-10,1.09,28.57,31.71,26.31,87.39,2.8,17.71
2012-06-11,1.24,28.72,32.77,25.66,85.71,2.76,22.03
2012-06-12,0.34,29.41,33.69,25.65,84.14,2.09,21.63
2012-06-13,0.75,29.13,32.63,27.07,86.33,2.63,21.41
2012-06-14,5.17,28.66,31.15,26.95,89.51,3.43,18.48
2012-06-15,40.99,28.21,30.53,26.76,90.47,3.94,4.52
2012-06-16,42.64,27.53,29.1,26.3,92.72,3.56,3.05
2012-06-17,5.58,28.08,31.69,25.52,88.32,2.16,20.07
2012-06-18,6.22,28.72,32.68,24.98,85.62,1.56,20.16
2012-06-19,13.29,28.34,31.78,25.84,87.77,1.99,18.46
2012-06-20,7.19,28.26,31.43,26.17,90.09,3.96,20.7
2012-06-21,15.93,28.55,31.75,26.37,88.32,4.0,16.56
2012-06-22,19.21,27.65,30.28,26.1,91.56,3.7,12.91
2012-06-23,30.53,27.63,29.77,26.44,90.54,5.05,8.84
2012-06-24,41.34,27.86,30.37,26.23,92.63,4.42,7.76
2012-06-25,21.1,27.42,29.95,25.96,91.51,4.57,5.56
2012-06-26,4.18,27.75,30.44,26.26,91.81,4.14,9.14
2012-06-27,2.87,27.81,29.82,26.46,92.39,3.81,8.42
2012-06-28,1.43,28.27,31.77,26.1,88.38,2.81,17.76
2012-06-29,0.0,28.75,33.04,25.45,85.89,2.08,20.19
2012-06-30,0.14,28.77,32.46,25.74,86.53,2.16,20.06
2012-07-01,13.42,28.33,32.48,25.84,86.75,2.23,23.18
2012-07-02,5.75,28.04,32.55,25.18,86.29,2.47,20.14
2012-07-03,3.23,27.93,31.45,25.54,87.13,3.82,18.41
2012-07-04,7.44,27.54,30.46,25.72,90.41,3.21,17.57
2012-07-05,7.95,28.2,31.89,25.77,88.22,3.27,18.37
2012-07-06,2.72,28.27,32.03,25.43,87.85,2.97,20.44
2012-07-07,7.39,27.95,30.7,25.83,90.27,2.47,19.73
2012-07-08,4.82,27.99,31.34,25.85,87.39,3.54,19.04
2012-07-09,14.52,27.98,31.48,25.34,87.86,3.62,18.57
2012-07-10,11.14,27.83,30.93,25.59,89.4,3.4,15.48
2012-07-11,7.42,28.14,31.93,25.21,88.28,2.92,16.51
2012-07-12,12.72,28.56,32.12,25.95,88.52,2.95,14.92
2012-07-13,31.06,28.58,31.68,26.56,90.32,2.73,18.18
2012-07-14,30.88,27.69,29.53,26.51,94.93,3.17,11.55
2012-07-15,16.56,27.74,30.41,26.09,90.0,4.17,12.01
2012-07-16,8.61,27.85,31.15,26.02,89.3,3.64,18.92
2012-07-17,15.25,28.02,30.94,25.75,92.4,3.73,16.15
2012-07-18,35.82,27.57,29.6,26.45,93.94,3.23,13.82
2012-07-19,20.74,27.89,30.95,25.6,89.64,2.93,18.28
2012-07-20,5.52,28.07,31.86,25.61,89.34,2.88,20.83
2012-07-21,3.73,28.21,31.66,25.86,88.43,4.16,19.97
2012-07-22,6.29,28.09,31.18,26.07,89.26,4.07,17.02
2012-07-23,21.57,27.92,31.03,26.09,91.64,3.65,17.15
2012-07-24,11.36,27.78,30.12,26.11,91.31,3.22,18.18
2012-07-25,0.92,28.04,32.26,25.52,88.96,2.87,19.54
2012-07-26,4.07,27.72,31.13,25.78,90.13,3.05,18.82
2012-07-27,8.88,27.76,30.81,25.46,89.8,3.85,14.14
2012-07-28,10.87,27.11,29.19,25.88,92.38,4.18,14.89
2012-07-29,9.75,27.54,30.03,26.02,92.4,2.65,15.2
2012-07-30,2.73,27.56,30.66,25.37,88.96,3.52,18.33
2012-07-31,4.29,27.35,30.51,25.14,90.71,3.41,16.75
2012-08-01,2.45,27.79,31.32,25.35,88.98,3.26,14.0
2012-08-02,2.88,27.21,29.39,25.6,92.34,2.64,12.85
2012-08-03,9.42,27.51,30.68,25.37,91.26,2.14,20.84
2012-08-04,13.14,27.67,30.96,25.53,90.56,3.2,19.23
2012-08-05,14.13,27.69,31.12,25.51,89.94,3.36,18.52
2012-08-06,7.4,27.67,30.78,25.56,90.48,3.3,18.48
2012-08-07,5.49,27.27,29.31,25.81,93.19,2.36,18.34
2012-08-08,11.54,27.95,31.0,26.01,90.51,1.94,17.41
2012-08-09,5.54,27.97,31.48,25.62,89.5,1.88,19.74
2012-08-10,4.02,27.63,31.47,25.17,87.82,2.67,17.45
2012-08-11,10.99,27.3,30.9,24.93,89.52,3.16,19.23
2012-08-12,42.89,26.9,29.26,25.37,92.74,2.26,11.46
2012-08-13,21.6,27.39,30.29,25.25,91.21,2.32,14.55
2012-08-14,4.3,27.28,29.56,25.49,92.21,2.45,19.83
2012-08-15,7.28,28.03,31.36,25.62,89.85,1.97,19.73
2012-08-16,18.24,28.1,31.86,25.48,88.9,1.97,19.3
2012-08-17,5.81,28.0,31.76,25.64,89.04,2.56,21.89
2012-08-18,0.42,27.69,31.86,24.74,88.4,2.27,21.07
2012-08-19,14.79,27.67,30.81,25.62,90.75,3.15,17.92
2012-08-20,15.71,26.71,29.07,24.99,91.69,3.59,8.15
2012-08-21,28.18,27.11,30.31,24.85,91.76,3.7,15.83
2012-08-22,16.13,27.54,29.93,25.62,92.25,2.62,20.5
2012-08-23,4.28,27.6,30.15,25.73,92.3,1.73,17.81
2012-08-24,8.62,28.21,30.86,25.8,90.08,0.74,21.45
2012-08-25,6.97,28.05,31.33,25.93,89.54,0.95,19.0
2012-08-26,1.69,26.91,28.71,25.49,93.41,1.8,14.45
2012-08-27,3.66,27.57,30.89,25.16,91.13,1.98,18.79
2012-08-28,3.53,27.8,30.35,25.38,90.41,1.58,18.04
2012-08-29,21.41,28.21,31.31,25.73,89.69,1.52,17.26
2012-08-30,10.6,27.63,31.11,25.81,91.33,2.13,17.71
2012-08-31,2.04,28.1,32.02,25.49,89.61,2.44,18.07
2012-09-01,1.84,28.13,31.44,25.54,89.8,2.01,20.21
2012-09-02,2.14,27.54,29.91,26.13,92.0,1.79,18.76
2012-09-03,3.02,27.14,29.11,25.75,93.33,1.84,15.12
2012-09-04,4.57,26.25,28.12,25.06,94.78,2.38,13.15
2012-09-05,9.33,26.15,27.71,24.95,94.66,1.78,13.73
2012-09-06,3.5,26.77,29.94,24.57,91.83,1.47,17.0
2012-09-07,0.08,28.11,31.79,24.91,87.61,1.07,22.32
2012-09-08,3.37,29.18,34.5,26.2,84.0,1.33,19.54
2012-09-09,7.94,27.44,31.18,25.55,89.97,2.65,9.95
2012-09-10,3.36,27.03,30.23,24.64,92.02,2.69,18.95
2012-09-11,12.27,26.93,28.59,26.0,94.26,2.8,14.94
2012-09-12,33.86,27.17,30.2,25.43,92.55,2.98,10.22
2012-09-13,8.91,27.03,29.43,25.29,92.84,2.68,12.62
2012-09-14,8.98,26.83,29.02,25.43,94.13,2.21,16.02
2012-09-15,15.37,26.54,28.41,25.42,95.26,2.28,19.24
2012-09-16,14.4,26.52,28.41,25.2,94.51,2.46,14.78
2012-09-17,3.51,27.11,29.85,24.85,93.09,2.06,14.56
2012-09-18,1.2,27.36,30.47,25.46,91.69,2.59,18.45
2012-09-19,1.59,27.33,30.55,25.25,90.86,2.86,17.95
2012-09-20,2.78,27.56,30.99,25.53,90.73,3.01,17.43
2012-09-21,1.3,27.37,30.72,25.23,90.07,3.1,14.77
2012-09-22,4.27,27.45,30.47,25.42,90.41,2.54,18.84
2012-09-23,3.7,27.36,30.08,25.1,91.83,2.18,15.98
2012-09-24,12.41,27.15,29.58,25.41,92.25,1.26,15.94
2012-09-25,9.78,27.19,30.25,24.91,89.26,1.04,19.52
2012-09-26,8.99,27.89,31.62,24.63,87.56,1.01,21.03
2012-09-27,0.9,28.85,32.73,25.49,84.14,0.6,20.21
2012-09-28,0.0,29.04,33.17,25.89,80.21,0.74,19.66
2012-09-29,0.0,26.7,28.08,25.48,93.09,1.48,14.87
2012-09-30,0.02,26.89,28.81,25.27,94.43,1.08,15.39
2012-10-01,2.27,27.2,29.51,25.73,90.03,1.43,16.49
2012-10-02,1.71,27.07,29.3,25.53,93.18,1.93,15.69
2012-10-03,12.14,26.96,28.73,25.32,95.33,2.33,13.04
2012-10-04,14.72,26.65,27.93,25.5,95.11,2.72,8.51
2012-10-05,11.5,26.92,28.84,25.44,96.08,2.23,5.45
2012-10-06,4.3,26.95,29.19,24.89,87.97,0.72,15.81
2012-10-07,0.0,27.14,29.79,25.28,86.46,0.61,20.1
2012-10-08,0.28,26.77,30.35,24.57,89.73,1.07,15.43
2012-10-09,3.08,27.8,31.36,24.66,85.35,0.83,18.02
2012-10-10,4.0,26.48,29.09,24.4,92.62,1.21,11.58
2012-10-11,10.42,25.34,27.34,23.81,94.86,2.29,5.85
2012-10-12,1.56,26.58,30.44,23.13,87.53,1.27,11.03
2012-10-13,0.68,26.77,30.3,23.64,84.41,1.06,9.98
2012-10-14,0.38,25.66,29.8,22.56,85.27,1.16,14.92
2012-10-15,0.1,26.12,31.09,22.26,83.58,1.03,17.74
2012-10-16,0.0,25.59,30.75,21.06,84.9,1.3,19.95
2012-10-17,0.0,26.25,30.95,22.22,84.63,0.89,18.94
2012-10-18,0.0,26.62,31.44,22.53,83.78,1.06,18.99
2012-10-19,0.0,25.75,30.47,22.06,85.77,1.33,19.23
2012-10-20,0.0,24.85,29.86,20.73,84.79,1.32,19.28
2012-10-21,0.0,24.5,30.04,19.66,85.6,1.28,19.9
2012-10-22,0.0,24.25,29.89,19.28,85.88,1.39,21.25
2012-10-23,0.0,24.25,29.33,20.05,85.58,1.03,20.59
2012-10-24,0.0,23.06,28.55,19.07,84.11,1.27,20.28
2012-10-25,0.0,22.77,28.25,17.74,81.13,1.0,20.64
2012-10-26,0.0,21.96,28.26,17.48,83.58,1.59,20.31
2012-10-27,0.0,21.15,28.21,15.08,85.01,1.4,20.26
2012-10-28,0.0,22.56,28.9,17.27,83.75,1.16,19.39
2012-10-29,0.0,23.92,30.27,18.54,84.75,1.15,20.02
2012-10-30,0.0,24.39,30.52,19.23,85.56,1.15,19.69
2012-10-31,0.0,25.18,30.88,20.02,84.22,1.03,19.39
2012-11-01,0.0,24.69,30.2,19.8,82.04,1.04,17.53
2012-11-02,0.52,23.41,28.79,18.68,79.86,1.0,15.54
2012-11-03,5.6,20.7,23.4,18.75,82.45,0.93,7.57
2012-11-04,8.71,22.6,26.99,18.01,78.89,0.84,6.87
2012-11-05,9.48,24.0,28.09,19.89,84.92,0.91,11.01
2012-11-06,17.4,24.81,28.72,21.69,90.59,1.79,10.16
2012-11-07,9.72,23.95,27.57,20.84,89.44,1.48,10.97
2012-11-08,0.0,22.98,27.25,19.55,85.47,0.93,13.5
2012-11-09,0.0,21.98,26.62,18.32,78.3,1.19,15.67
2012-11-10,0.0,20.49,26.14,15.71,79.93,1.23,17.25
2012-11-11,0.0,20.81,27.08,15.44,81.87,1.01,18.14
2012-11-12,0.0,21.09,26.65,16.98,82.0,0.85,17.92
2012-11-13,0.0,21.26,27.03,16.72,84.13,1.12,17.14
2012-11-14,0.0,21.96,27.04,17.18,78.58,0.65,16.6
2012-11-15,0.0,21.89,27.5,16.4,75.21,0.69,18.1
2012-11-16,0.0,22.43,28.62,15.13,79.73,0.97,17.83
2012-11-17,0.0,24.08,29.44,18.58,82.04,0.89,16.17
2012-11-18,0.0,24.54,30.2,19.85,81.26,0.87,14.39
2012-11-19,0.31,23.93,29.57,19.3,82.67,1.16,16.23
2012-11-20,0.02,23.38,28.63,19.06,82.41,1.29,13.72
2012-11-21,0.0,22.77,28.63,18.65,81.17,1.46,16.21
2012-11-22,0.0,19.86,26.11,15.15,80.27,1.62,16.48
2012-11-23,0.0,18.04,25.19,12.98,77.06,1.38,16.44
2012-11-24,0.0,17.58,24.98,12.6,76.36,1.2,17.29
2012-11-25,0.0,17.64,24.32,13.13,74.94,1.06,16.59
2012-11-26,0.0,17.34,24.96,12.75,77.67,1.34,16.42
2012-11-27,0.0,17.13,24.28,12.16,78.47,1.11,16.28
2012-11-28,0.0,16.79,24.01,11.87,80.28,1.38,16.53
2012-11-29,0.0,17.13,24.13,12.03,79.62,1.18,16.98
2012-11-30,0.0,18.01,25.23,13.31,77.18,0.92,17.05
2012-12-01,0.0,18.06,25.66,12.92,76.94,1.15,15.98
2012-12-02,0.0,17.77,24.88,13.36,75.95,1.31,16.98
2012-12-03,0.0,16.86,24.53,10.83,81.66,1.36,16.91
2012-12-04,0.0,17.51,25.06,12.84,75.93,1.09,16.82
2012-12-05,0.0,17.19,25.11,12.12,77.59,1.07,16.64
2012-12-06,0.0,17.41,24.68,12.32,74.36,0.92,15.78
2012-12-07,0.0,17.07,24.03,10.95,77.96,1.04,13.41
2012-12-08,0.0,16.77,23.51,10.77,78.93,1.08,13.66
2012-12-09,0.0,16.94,23.81,10.7,81.54,1.3,13.34
2012-12-10,0.0,18.0,24.56,10.94,74.97,1.08,12.32
2012-12-11,0.0,19.39,26.18,12.17,69.49,1.01,12.88
2012-12-12,1.41,19.36,24.13,16.23,86.67,1.12,8.59
2012-12-13,0.0,20.49,25.95,16.22,81.71,0.92,14.55
2012-12-14,0.0,19.04,25.81,14.15,76.91,1.25,14.54
2012-12-15,0.0,18.52,25.71,13.73,77.67,1.23,15.95
2012-12-16,0.0,16.98,25.01,11.07,75.61,1.42,16.3
2012-12-17,0.0,16.87,24.09,11.02,78.67,1.29,15.0
2012-12-18,0.0,17.43,23.75,13.42,77.37,1.14,12.17
2012-12-19,0.0,16.87,23.12,11.47,78.02,1.02,8.33
2012-12-20,0.0,16.61,22.67,12.25,71.7,0.97,10.24
2012-12-21,0.0,15.26,22.98,10.1,71.59,1.26,14.06
2012-12-22,0.0,13.41,21.65,7.58,75.5,1.46,10.99
2012-12-23,0.0,14.6,23.88,7.01,78.28,1.28,15.24
2012-12-24,0.0,15.75,23.48,10.02,80.63,1.25,13.23
2012-12-25,0.0,15.09,22.56,10.74,72.87,1.15,7.8
2012-12-26,0.0,13.67,21.93,8.39,71.58,1.19,14.35
2012-12-27,0.0,12.8,21.0,5.97,74.26,1.14,9.75
2012-12-28,0.0,14.23,21.2,7.91,70.02,0.99,9.36
2012-12-29,0.05,15.25,21.89,10.03,65.95,0.92,12.64
2012-12-30,0.01,14.88,22.71,10.09,70.3,1.07,14.05
2012-12-31,0.15,14.72,22.24,9.41,65.04,1.08,15.34
2013-01-01,0.0,16.16,23.66,10.76,67.04,1.16,16.74
2013-01-02,0.0,16.86,24.55,10.93,72.67,1.1,16.66
2013-01-03,0.03,16.94,21.06,11.21,81.05,1.13,9.91
2013-01-04,0.0,18.26,25.29,13.39,79.72,1.11,15.11
2013-01-05,0.0,15.55,23.55,10.42,69.33,1.36,14.89
2013-01-06,0.0,14.41,23.24,8.53,62.62,1.4,15.16
2013-01-07,0.0,14.95,23.23,8.54,67.48,1.51,10.3
2013-01-08,0.0,12.7,20.12,7.35,57.78,1.85,12.6
2013-01-09,0.0,10.38,19.05,3.28,62.45,1.55,12.18
2013-01-10,0.0,12.12,19.48,7.09,59.21,1.24,12.85
2013-01-11,0.0,13.33,19.92,7.41,62.41,1.05,13.19
2013-01-12,0.0,13.72,21.29,8.5,69.28,1.15,15.45
2013-01-13,0.0,15.39,23.01,8.49,66.99,0.99,16.46
2013-01-14,0.0,16.88,24.56,9.57,64.84,1.1,16.66
2013-01-15,0.0,17.31,24.93,11.47,64.31,1.22,17.28
2013-01-16,0.0,17.79,25.26,11.35,61.16,1.04,17.07
2013-01-17,0.0,19.06,27.15,13.02,62.79,1.1,16.56
2013-01-18,0.0,19.76,27.68,14.69,65.78,0.99,16.77
2013-01-19,0.0,19.87,27.4,13.26,66.41,1.15,17.21
2013-01-20,0.0,20.06,26.79,15.78,68.41,1.08,16.22
2013-01-21,0.0,17.76,25.79,12.51,64.12,1.97,15.24
2013-01-22,0.0,15.72,25.8,8.26,58.46,1.87,17.55
2013-01-23,0.0,15.25,26.15,7.27,56.61,1.67,18.49
2013-01-24,0.0,14.46,25.29,6.26,54.67,1.82,18.74
2013-01-25,0.0,13.49,23.94,5.73,53.37,1.83,18.38
2013-01-26,0.0,13.18,23.97,4.55,57.14,1.78,18.8
2013-01-27,0.0,14.12,23.78,6.5,59.23,1.6,17.9
2013-01-28,0.0,16.15,25.45,9.56,61.25,1.57,14.35
2013-01-29,0.0,16.97,26.21,10.09,57.89,1.3,18.36
2013-01-30,0.0,16.51,25.39,9.65,53.62,1.23,17.93
2013-01-31,0.0,17.79,26.51,11.21,55.2,1.16,17.53
2013-02-01,0.0,17.71,25.4,13.21,59.6,1.02,12.96
2013-02-02,0.0,18.24,27.27,11.25,60.68,1.04,18.33
2013-02-03,0.0,18.76,27.55,13.29,57.09,1.23,17.18
2013-02-04,0.0,20.34,28.77,14.44,48.66,1.04,18.48
2013-02-05,0.0,21.84,30.69,14.67,52.63,1.21,19.28
2013-02-06,0.0,22.89,32.0,16.09,53.73,1.25,19.77
2013-02-07,0.0,23.12,31.63,17.65,54.93,1.39,17.75
2013-02-08,0.0,21.86,29.68,15.86,62.95,1.91,15.9
2013-02-09,0.0,19.85,29.12,13.81,46.86,1.83,18.42
2013-02-10,0.0,18.75,29.74,10.46,45.23,2.06,19.91
2013-02-11,0.0,19.33,29.88,11.1,44.43,1.51,21.07
2013-02-12,0.0,19.58,30.33,12.42,43.26,1.49,18.06
2013-02-13,0.0,20.47,30.27,13.63,44.52,1.45,12.7
2013-02-14,0.0,21.44,31.01,14.34,43.8,1.46,20.07
2013-02-15,0.0,21.86,31.44,14.91,41.77,1.63,21.06
2013-02-16,0.0,22.27,32.77,13.18,43.85,1.68,16.79
2013-02-17,0.85,22.2,30.61,17.42,57.61,2.06,7.26
2013-02-18,4.77,20.28,27.04,15.43,67.33,1.77,16.83
2013-02-19,0.0,19.4,28.24,11.7,52.01,1.91,21.23
2013-02-20,0.0,20.03,29.39,12.07,53.0,2.11,21.33
2013-02-21,0.0,20.89,30.6,12.63,51.21,2.15,22.16
2013-02-22,0.0,22.33,32.92,13.61,48.48,2.3,22.25
2013-02-23,0.0,23.43,34.02,14.44,50.42,1.71,21.92
2013-02-24,0.0,24.25,34.33,16.79,46.02,1.67,21.96
2013-02-25,0.0,24.31,34.05,15.84,47.93,1.94,21.47
2013-02-26,0.0,24.19,33.34,17.06,45.42,2.57,22.18
2013-02-27,0.0,23.44,33.19,15.26,46.79,1.83,22.42
2013-02-28,0.0,23.77,33.94,14.89,45.03,1.58,22.52
2013-03-01,0.0,22.88,33.35,14.43,42.57,1.84,23.23
2013-03-02,0.0,22.64,33.04,14.82,37.93,1.48,22.05
2013-03-03,0.0,23.77,33.91,16.44,40.14,1.28,22.77
2013-03-04,0.0,24.78,33.87,17.0,39.46,1.2,22.81
2013-03-05,0.0,24.84,34.51,16.12,40.02,1.26,22.52
2013-03-06,0.0,24.71,33.8,17.01,42.62,1.34,22.42
2013-03-07,0.0,24.94,34.69,16.3,52.87,1.37,22.36
2013-03-08,0.0,25.71,34.86,19.66,39.56,1.25,20.3
2013-03-09,0.0,25.14,34.12,18.33,40.54,1.31,21.32
2013-03-10,0.0,25.18,34.99,17.13,55.8,1.7,22.06
2013-03-11,0.0,25.87,34.36,18.83,66.76,2.35,21.87
2013-03-12,0.17,26.63,34.47,19.66,68.12,2.76,19.6
2013-03-13,1.06,27.18,34.28,21.85,68.24,2.52,19.77
2013-03-14,0.45,27.42,34.1,21.76,67.37,1.82,21.04
2013-03-15,0.0,27.57,33.31,21.87,63.49,1.66,19.15
2013-03-16,0.0,29.12,37.0,22.01,57.81,1.66,19.15
2013-03-17,6.68,27.58,34.88,21.45,61.79,1.29,19.51
2013-03-18,0.24,26.27,33.87,20.43,48.29,1.57,23.2
2013-03-19,0.0,26.62,35.03,18.91,55.78,2.65,22.17
2013-03-20,0.0,27.61,35.73,20.22,59.54,2.16,22.53
2013-03-21,0.02,28.26,36.71,21.42,61.04,2.67,21.39
2013-03-22,4.53,27.93,35.8,21.39,63.26,2.61,15.81
2013-03-23,8.57,27.43,33.63,22.16,71.38,1.84,21.29
2013-03-24,0.61,28.8,36.15,22.87,62.54,1.62,19.46
2013-03-25,0.0,29.49,37.26,23.34,57.28,2.66,19.76
2013-03-26,0.0,29.6,37.82,22.8,61.49,2.72,22.52
2013-03-27,0.0,29.64,37.59,23.4,60.71,2.2,20.09
2013-03-28,0.0,29.36,37.3,22.37,55.71,1.64,22.84
2013-03-29,0.0,29.65,37.69,22.43,52.44,1.89,17.52
2013-03-30,0.0,29.9,38.37,22.11,54.72,2.66,17.75
2013-03-31,2.0,29.67,36.96,24.08,57.23,2.35,18.22
2013-04-01,6.07,28.98,35.03,23.73,66.85,2.17,19.74
2013-04-02,2.83,29.6,36.44,23.92,63.22,2.18,21.92
2013-04-03,0.23,30.64,38.77,24.05,56.89,2.49,20.35
2013-04-04,0.13,31.56,39.66,24.27,52.31,3.26,20.14
2013-04-05,0.0,30.92,39.26,24.81,48.27,2.98,25.58
2013-04-06,0.0,29.55,38.42,21.83,56.56,3.0,25.19
2013-04-07,0.0,29.55,37.88,21.7,56.84,3.06,23.94
2013-04-08,0.0,30.37,38.59,23.14,58.67,3.41,24.31
2013-04-09,0.0,30.74,38.68,24.17,59.93,3.53,23.92
2013-04-10,0.0,30.62,38.94,24.4,60.75,3.7,23.17
2013-04-11,0.0,30.61,38.74,24.58,61.02,4.01,22.78
2013-04-12,0.0,30.95,38.78,24.84,60.05,3.54,21.49
2013-04-13,0.0,31.47,39.63,25.17,56.33,3.52,20.81
2013-04-14,0.05,31.36,39.14,25.08,52.27,2.91,13.98
2013-04-15,6.14,29.05,36.35,24.4,63.02,2.17,19.24
2013-04-16,12.26,27.86,33.11,23.27,69.8,1.86,15.19
2013-04-17,5.93,27.64,33.09,23.36,72.93,3.36,16.6
2013-04-18,0.32,28.71,35.41,23.88,65.79,2.66,14.62
2013-04-19,1.8,27.53,32.16,22.67,69.56,1.87,22.79
2013-04-20,0.98,28.17,33.03,24.54,66.05,1.47,22.52
2013-04-21,0.21,28.02,32.33,24.42,60.98,1.14,20.6
2013-04-22,0.14,28.63,33.35,24.0,54.61,0.94,7.93
2013-04-23,0.09,29.58,36.28,23.61,49.08,1.35,26.05
2013-04-24,0.08,30.05,36.97,24.08,50.63,1.4,25.96
2013-04-25,0.0,31.1,37.2,25.18,48.08,1.49,23.68
2013-04-26,1.7,31.53,37.87,25.5,53.98,2.02,20.85
2013-04-27,11.33,29.51,35.2,25.61,67.71,2.98,16.64
2013-04-28,4.85,29.84,36.53,24.81,70.18,3.5,17.2
2013-04-29,7.31,30.56,36.58,26.5,67.4,3.93,18.04
2013-04-30,3.47,31.12,38.51,25.61,67.3,3.76,20.44
2013-05-01,0.85,31.21,38.64,26.53,64.56,4.69,19.13
2013-05-02,0.38,30.98,37.55,27.14,66.4,5.43,16.72
2013-05-03,4.88,30.91,36.68,27.3,67.07,5.55,20.04
2013-05-04,39.37,28.42,33.13,25.16,78.69,4.48,10.15
2013-05-05,31.1,26.63,29.6,24.66,85.4,3.57,12.23
2013-05-06,51.32,27.09,29.95,24.61,87.14,3.41,7.47
2013-05-07,31.76,27.02,30.59,24.01,87.19,3.6,11.15
2013-05-08,29.93,28.02,31.75,25.74,87.64,4.1,10.05
2013-05-09,25.0,28.51,32.25,26.32,88.52,4.05,11.74
2013-05-10,21.89,27.94,30.33,26.52,90.23,3.87,18.31
2013-05-11,10.11,28.27,32.08,26.31,89.04,3.5,20.16
2013-05-12,6.41,28.36,31.97,25.73,86.98,3.05,18.68
2013-05-13,5.41,27.07,30.54,24.47,88.4,2.3,18.95
2013-05-14,1.49,27.27,31.78,23.68,83.89,2.0,16.87
2013-05-15,40.7,26.7,29.77,24.04,88.64,1.81,13.25
2013-05-16,52.2,25.47,26.99,23.75,93.57,2.74,5.1
2013-05-17,1.61,27.31,31.65,23.22,87.15,2.94,20.08
2013-05-18,7.18,27.82,31.54,25.24,87.62,3.31,16.74
2013-05-19,3.69,28.11,31.61,25.72,87.9,3.09,21.03
2013-05-20,21.95,27.72,30.61,25.78,89.87,3.07,13.01
2013-05-21,30.04,26.71,27.87,25.66,93.31,3.21,6.52
2013-05-22,17.04,27.09,29.91,25.37,91.48,3.24,8.13
2013-05-23,19.0,27.22,29.11,25.88,93.43,3.42,5.09
2013-05-24,15.62,27.14,30.03,25.45,92.02,4.15,8.0
2013-05-25,2.64,27.66,30.25,25.99,91.02,3.83,14.01
2013-05-26,0.33,27.77,30.85,26.05,87.72,3.49,21.14
2013-05-27,5.81,27.67,30.96,25.57,87.7,1.92,17.45
2013-05-28,6.98,27.34,30.17,24.94,89.78,2.14,17.79
2013-05-29,12.77,27.51,30.75,24.94,88.51,3.62,17.31
2013-05-30,15.35,26.89,30.29,24.28,87.12,4.95,15.28
2013-05-31,14.88,26.87,30.24,24.25,88.52,4.49,13.64
2013-06-01,2.49,27.98,31.5,24.87,87.95,2.42,20.15
2013-06-02,0.35,28.22,31.47,25.22,87.28,1.56,23.96
2013-06-03,0.07,28.82,32.51,25.37,86.62,1.43,22.29
2013-06-04,1.66,28.17,30.38,25.79,91.01,1.42,22.01
2013-06-05,2.33,28.15,30.68,25.96,90.88,2.11,15.46
2013-06-06,7.35,27.78,30.12,26.08,91.4,2.33,20.43
2013-06-07,19.01,27.31,29.87,25.65,91.61,2.26,13.32
2013-06-08,13.55,27.44,29.15,26.06,94.27,2.59,15.63
2013-06-09,2.94,27.79,29.68,26.59,92.49,2.55,17.79
2013-06-10,0.19,28.17,30.87,26.04,90.24,2.03,19.56
2013-06-11,1.24,27.79,30.21,26.02,91.91,1.96,22.58
2013-06-12,5.46,28.18,32.28,25.47,86.85,2.54,23.39
2013-06-13,4.91,28.19,31.94,25.43,86.57,2.52,18.17
2013-06-14,5.83,27.74,31.63,25.43,89.57,2.98,21.28
2013-06-15,0.92,28.46,32.14,25.35,87.38,1.97,25.04
2013-06-16,0.09,29.1,32.93,25.41,84.75,1.52,24.07
2013-06-17,0.01,28.38,31.33,25.78,87.74,1.78,22.28
2013-06-18,0.03,28.87,32.81,25.45,86.62,2.0,23.84
2013-06-19,8.74,28.74,31.52,26.89,89.21,1.8,21.7
2013-06-20,7.22,28.62,31.62,26.36,89.2,1.65,16.14
2013-06-21,28.4,28.09,30.42,26.3,92.38,1.83,20.82
2013-06-22,14.33,28.99,32.92,25.58,86.98,2.49,21.03
2013-06-23,32.63,28.75,32.63,26.28,87.84,2.5,22.92
2013-06-24,22.93,28.24,32.12,25.24,88.14,3.06,22.12
2013-06-25,25.22,28.08,30.81,26.44,91.01,3.94,11.28
2013-06-26,26.61,28.29,31.72,26.37,90.18,3.92,14.12
2013-06-27,37.76,28.06,30.2,26.5,92.44,4.2,8.77
2013-06-28,36.84,28.01,29.9,26.78,94.01,3.43,13.3
2013-06-29,30.4,27.83,30.05,25.94,92.98,4.27,10.51
2013-06-30,4.94,28.39,31.23,25.92,90.56,3.25,13.07
2013-07-01,0.48,28.37,31.8,25.92,88.7,3.28,18.6
2013-07-02,3.73,27.58,29.74,25.91,92.52,2.51,19.26
2013-07-03,9.41,28.01,31.3,25.91,90.31,3.08,17.86
2013-07-04,2.91,27.55,31.02,25.22,88.95,2.9,17.28
2013-07-05,3.24,27.91,31.5,25.64,89.63,3.0,19.35
2013-07-06,4.01,27.4,30.64,25.5,90.53,2.81,13.69
2013-07-07,4.22,27.99,31.61,24.89,88.48,2.47,15.95
2013-07-08,2.32,28.08,31.5,25.54,88.16,2.77,20.26
2013-07-09,3.18,27.66,30.06,25.71,91.83,2.85,15.07
2013-07-10,2.38,28.04,31.16,26.03,89.25,2.87,22.11
2013-07-11,2.75,27.46,30.52,25.44,90.74,3.15,19.83
2013-07-12,5.12,27.13,29.87,24.91,91.13,3.72,18.16
2013-07-13,4.11,27.23,29.68,25.73,91.72,3.19,16.68
2013-07-14,1.1,28.03,31.8,25.28,88.22,3.01,18.77
2013-07-15,3.33,27.94,30.77,25.54,90.17,2.35,21.94
2013-07-16,10.31,28.55,32.33,25.83,88.99,2.5,20.46
2013-07-17,6.55,27.95,31.12,25.77,88.74,3.74,19.56
2013-07-18,3.51,27.58,30.9,25.47,89.29,3.55,18.59
2013-07-19,8.06,27.97,31.46,25.47,89.55,3.45,18.32
2013-07-20,4.14,28.04,31.32,25.98,90.02,2.97,20.96
2013-07-21,2.46,28.44,32.16,25.85,89.04,2.62,23.3
2013-07-22,0.92,28.76,32.95,26.05,88.13,2.18,22.81
2013-07-23,2.13,28.32,31.61,26.25,90.16,2.77,19.72
2013-07-24,0.6,28.11,30.99,26.15,89.85,2.55,20.05
2013-07-25,2.55,28.33,31.64,26.05,89.12,3.02,18.8
2013-07-26,32.05,27.81,30.24,26.17,92.04,4.62,13.95
2013-07-27,61.57,27.09,28.64,26.18,94.63,3.45,7.28
2013-07-28,41.54,27.2,29.26,25.71,91.64,2.86,10.74
2013-07-29,2.6,27.8,30.85,25.61,89.37,2.55,19.16
2013-07-30,1.7,27.47,31.21,24.7,89.7,3.04,18.79
2013-07-31,10.22,27.36,30.72,25.45,90.13,3.32,17.9
2013-08-01,5.62,27.51,31.33,25.38,89.37,3.01,19.3
2013-08-02,1.61,27.32,30.37,25.31,90.93,2.13,20.98
2013-08-03,11.98,28.49,32.28,25.15,87.21,1.51,21.88
2013-08-04,4.91,27.85,30.76,26.16,91.31,1.93,14.32
2013-08-05,0.76,27.3,29.94,25.77,91.76,2.46,14.97
2013-08-06,17.59,26.97,30.29,24.19,92.11,3.63,18.04
2013-08-07,29.39,27.54,30.15,25.62,91.29,3.32,12.79
2013-08-08,6.77,27.54,30.58,25.45,89.5,2.94,18.45
2013-08-09,2.84,27.54,30.46,25.54,90.69,1.89,21.16
2013-08-10,14.53,27.53,31.06,25.33,89.78,2.67,17.77
2013-08-11,13.08,26.59,27.98,24.91,92.59,2.3,15.69
2013-08-12,4.45,27.4,31.08,24.17,89.56,1.64,16.05
2013-08-13,1.34,27.66,30.99,24.94,88.78,1.42,19.96
2013-08-14,6.78,27.44,30.52,24.8,89.47,1.34,17.1
2013-08-15,17.59,27.45,30.05,25.69,91.47,1.67,11.68
2013-08-16,14.29,26.97,29.54,25.34,91.33,1.31,12.99
2013-08-17,5.45,27.32,30.17,25.44,90.93,1.36,17.89
2013-08-18,5.69,26.95,28.69,25.69,94.19,2.99,17.02
2013-08-19,9.63,27.15,29.85,24.97,90.6,2.27,17.65
2013-08-20,9.0,26.92,29.16,25.46,92.31,3.85,11.4
2013-08-21,8.49,27.11,29.42,25.56,92.72,3.17,17.92
2013-08-22,0.82,27.42,31.29,24.88,89.4,2.67,18.23
2013-08-23,5.84,27.88,32.24,24.95,89.16,2.22,21.66
2013-08-24,2.26,28.17,32.14,25.18,88.1,1.76,18.94
2013-08-25,0.13,28.5,32.23,26.04,88.09,2.3,18.11
2013-08-26,2.95,27.59,29.68,26.38,92.88,2.51,14.12
2013-08-27,18.94,27.34,30.59,25.15,91.03,3.22,14.6
2013-08-28,19.68,26.84,29.54,24.97,92.56,3.67,12.28
2013-08-29,7.16,27.6,30.83,25.72,91.05,3.21,11.31
2013-08-30,13.43,27.59,30.66,25.35,90.31,2.75,14.2
2013-08-31,18.96,27.86,31.3,25.45,90.36,2.7,16.88
2013-09-01,8.67,28.04,31.4,25.71,91.16,3.12,16.08
2013-09-02,18.63,27.26,30.16,25.41,91.24,3.82,15.73
2013-09-03,9.07,27.28,30.37,25.3,90.04,3.96,12.78
2013-09-04,12.38,27.76,30.44,25.85,91.75,3.22,10.01
2013-09-05,9.76,27.51,29.34,26.23,93.98,2.43,7.11
2013-09-06,1.42,27.77,31.35,25.43,89.45,2.62,18.26
2013-09-07,10.8,26.65,29.31,24.89,93.02,2.49,18.36
2013-09-08,13.26,26.64,30.16,24.11,91.64,1.69,11.02
2013-09-09,11.14,26.12,27.48,25.11,96.12,2.29,13.57
2013-09-10,3.02,26.97,30.26,24.38,88.59,1.29,13.54
2013-09-11,2.31,26.79,29.06,24.91,90.49,0.97,19.11
2013-09-12,0.38,28.51,31.92,24.66,82.05,0.68,21.89
2013-09-13,10.62,28.62,31.33,25.52,84.35,0.71,22.15
2013-09-14,8.01,27.28,30.04,25.41,91.76,1.16,13.34
2013-09-15,10.85,27.53,31.4,24.26,87.55,1.28,20.39
2013-09-16,9.94,27.24,30.45,25.29,91.07,1.68,17.65
2013-09-17,8.15,28.02,31.19,24.76,87.94,0.9,17.98
2013-09-18,8.86,26.83,29.45,25.21,94.2,2.07,20.03
2013-09-19,0.84,27.38,30.81,25.41,90.95,2.55,20.3
2013-09-20,1.68,27.85,31.8,24.89,88.2,1.95,19.36
2013-09-21,6.41,28.14,31.8,24.92,84.67,0.82,20.06
2013-09-22,2.5,28.14,31.65,25.11,88.38,1.31,18.7
2013-09-23,1.72,28.48,31.79,25.2,87.52,1.07,19.13
2013-09-24,6.39,28.76,31.96,25.87,87.73,0.93,20.99
2013-09-25,6.82,27.39,29.16,25.9,90.93,1.15,17.79
2013-09-26,6.53,27.48,30.29,25.27,87.36,0.66,11.83
2013-09-27,6.25,27.91,30.96,25.04,87.66,1.1,15.27
2013-09-28,7.78,26.46,27.74,25.5,93.88,1.62,11.78
2013-09-29,23.83,26.06,28.21,24.47,92.94,1.35,12.0
2013-09-30,12.3,27.05,30.01,24.27,85.51,1.37,15.25
2013-10-01,1.65,27.93,31.28,24.7,83.27,0.84,17.95
2013-10-02,9.92,28.29,31.16,25.75,85.68,0.71,19.41
2013-10-03,17.59,25.79,27.32,24.22,93.93,2.45,19.81
2013-10-04,10.65,25.3,27.53,23.74,94.5,2.14,8.07
2013-10-05,13.12,25.9,27.93,24.33,94.44,2.08,10.38
2013-10-06,15.88,26.31,28.41,24.71,91.36,1.2,8.4
2013-10-07,7.37,26.4,28.73,24.09,88.41,0.7,14.3
2013-10-08,6.82,24.83,27.05,22.4,93.25,1.9,10.8
2013-10-09,0.75,24.54,27.22,21.35,87.63,1.04,13.16
2013-10-10,0.0,27.08,30.6,23.53,82.89,0.74,21.12
2013-10-11,0.0,27.48,31.59,23.84,86.09,1.0,21.12
2013-10-12,7.5,26.3,28.94,24.15,91.66,1.05,18.33
2013-10-13,4.98,26.47,30.17,23.92,90.44,1.77,17.18
2013-10-14,0.09,27.03,31.19,23.95,89.21,1.95,18.13
2013-10-15,0.71,26.9,30.75,23.66,88.68,1.28,17.08
2013-10-16,0.99,27.1,31.09,23.72,84.1,0.85,19.1
2013-10-17,0.18,27.32,31.33,23.74,86.1,0.91,19.71
2013-10-18,0.0,27.85,31.97,24.24,84.96,0.85,19.06
2013-10-19,0.95,27.66,30.91,24.43,83.45,0.67,18.65
2013-10-20,4.76,26.97,30.66,24.41,86.03,1.39,15.55
2013-10-21,17.91,25.99,29.01,24.3,91.62,1.68,9.27
2013-10-22,8.52,24.91,27.25,22.78,91.05,1.48,8.67
2013-10-23,0.59,25.08,28.64,21.22,85.5,0.88,10.18
2013-10-24,2.11,26.17,29.9,22.85,86.6,0.91,18.07
2013-10-25,12.63,24.63,26.3,22.91,94.44,1.75,6.86
2013-10-26,7.75,23.3,25.95,21.77,93.73,2.29,4.8
2013-10-27,8.67,24.08,27.92,21.31,90.91,1.58,13.82
2013-10-28,0.02,24.82,28.45,21.83,87.28,1.29,17.34
2013-10-29,0.74,24.99,28.8,21.95,86.26,1.19,18.18
2013-10-30,0.35,25.39,29.16,21.39,77.01,0.74,18.15
2013-10-31,0.0,24.59,28.87,20.05,76.24,0.66,17.85
2013-11-01,0.0,24.09,28.57,19.33,79.3,0.86,18.32
2013-11-02,0.0,23.88,28.34,18.68,77.41,0.66,17.58
2013-11-03,0.0,23.93,28.53,19.45,81.89,0.98,15.88
2013-11-04,0.0,23.13,28.14,18.66,84.83,1.19,17.66
2013-11-05,0.0,22.91,27.92,18.53,83.76,1.11,18.41
2013-11-06,0.0,23.17,28.22,18.36,79.67,0.69,19.32
2013-11-07,0.0,23.5,28.79,17.93,78.74,0.79,19.34
2013-11-08,0.0,23.58,29.01,19.08,80.99,0.97,19.17
2013-11-09,0.0,23.59,29.25,18.04,83.46,1.03,19.07
2013-11-10,0.0,23.53,29.06,18.64,86.67,1.35,19.25
2013-11-11,0.0,22.91,29.12,17.97,85.95,1.33,19.37
2013-11-12,0.0,21.89,28.88,16.71,86.39,1.45,19.27
2013-11-13,0.0,20.68,27.08,15.24,85.82,1.46,18.86
2013-11-14,0.0,21.33,27.81,15.89,86.41,1.27,18.86
2013-11-15,0.0,22.75,29.02,17.01,85.26,1.16,17.31
2013-11-16,0.0,23.29,29.09,19.14,83.79,1.49,18.33
2013-11-17,0.0,21.59,27.79,16.7,83.06,1.23,14.65
2013-11-18,0.0,21.98,28.2,16.88,83.79,0.99,17.83
2013-11-19,0.0,20.77,26.69,15.53,81.35,1.11,18.28
2013-11-20,0.0,20.26,26.39,14.59,81.55,1.12,18.06
2013-11-21,0.0,20.93,26.6,14.5,80.55,1.14,17.53
2013-11-22,0.0,21.07,26.79,15.01,82.39,1.15,18.04
2013-11-23,0.0,20.91,26.85,15.92,83.5,1.16,17.76
2013-11-24,0.0,19.75,25.55,14.27,81.18,1.28,17.19
2013-11-25,0.0,21.09,26.73,15.06,78.55,0.89,17.39
2013-11-26,0.0,21.62,27.0,16.04,78.34,0.75,17.58
2013-11-27,0.0,22.41,27.72,16.17,77.2,0.64,15.29
2013-11-28,0.0,22.12,27.4,16.39,81.85,1.09,15.29
2013-11-29,0.0,22.18,27.17,18.14,81.97,1.05,15.4
2013-11-30,0.0,21.83,27.05,17.11,85.77,1.28,15.61
2013-12-01,0.0,21.59,27.75,17.07,85.13,1.56,16.07
2013-12-02,0.0,20.87,27.2,15.26,84.17,1.21,16.35
2013-12-03,0.01,21.86,27.72,16.64,82.14,0.89,16.59
2013-12-04,0.0,22.01,28.14,16.71,81.86,0.99,15.9
2013-12-05,0.0,21.61,27.05,17.12,80.35,1.01,16.37
2013-12-06,0.0,21.41,26.84,15.98,77.14,0.78,15.66
2013-12-07,0.0,21.33,26.8,16.17,76.43,0.74,14.88
2013-12-08,0.0,20.84,26.49,15.72,80.6,0.88,13.96
2013-12-09,0.0,21.0,26.26,16.14,81.32,0.87,13.88
2013-12-10,0.0,20.91,26.6,16.93,83.27,0.97,15.51
2013-12-11,0.0,19.93,25.86,14.99,81.6,1.17,16.82
2013-12-12,0.0,18.28,24.26,13.03,77.24,1.23,16.02
2013-12-13,0.0,18.06,24.05,13.38,69.03,0.94,14.57
2013-12-14,0.0,18.64,23.83,13.53,69.37,0.94,13.2
2013-12-15,0.0,18.46,24.07,14.38,69.1,1.09,15.3
2013-12-16,0.0,18.19,24.55,11.43,67.75,1.01,17.28
2013-12-17,0.0,16.97,24.16,9.38,67.82,0.98,16.44
2013-12-18,0.0,17.09,23.48,10.97,75.1,1.17,15.45
2013-12-19,0.0,16.97,22.88,11.65,85.25,1.17,12.35
2013-12-20,1.58,17.51,23.3,12.86,88.72,1.47,10.05
2013-12-21,0.15,18.82,24.32,13.89,83.7,1.02,9.05
2013-12-22,0.0,19.29,24.41,13.48,77.98,0.91,13.8
2013-12-23,0.02,19.47,24.53,13.76,72.5,0.82,9.0
2013-12-24,0.0,19.31,24.55,14.57,77.84,1.01,12.36
2013-12-25,0.0,16.7,22.99,12.16,82.47,1.18,13.71
2013-12-26,0.0,15.31,22.04,10.25,79.88,1.06,10.77
2013-12-27,0.0,15.6,21.97,10.97,79.83,1.04,11.63
2013-12-28,0.0,16.53,22.54,10.75,72.15,0.93,10.71
2013-12-29,0.0,16.88,23.15,11.87,73.75,1.02,13.34
2013-12-30,0.0,15.85,23.19,10.55,78.47,1.52,12.64
2013-12-31,0.0,16.01,23.61,9.83,78.16,1.17,15.65
2014-01-01,0.0,16.74,24.16,10.66,78.03,1.15,16.57
2014-01-02,0.0,17.53,24.92,11.29,78.67,1.55,15.81
2014-01-03,0.0,16.05,22.36,11.31,78.77,1.41,15.48
2014-01-04,0.0,14.99,22.35,8.99,78.14,1.34,16.15
2014-01-05,0.0,15.62,22.68,10.41,79.74,0.92,14.87
2014-01-06,0.0,16.81,23.8,10.85,79.25,1.21,9.45
2014-01-07,0.04,16.32,22.83,11.89,80.78,1.21,13.35
2014-01-08,0.0,14.95,22.48,9.6,73.46,1.47,15.38
2014-01-09,0.0,14.34,21.98,8.82,70.67,1.23,13.88
2014-01-10,0.0,15.77,23.73,9.42,72.18,1.05,15.5
2014-01-11,0.0,17.69,24.85,10.71,69.85,1.22,16.49
2014-01-12,0.0,17.06,22.78,12.74,83.0,1.17,11.35
2014-01-13,0.0,18.09,25.85,12.38,76.26,1.72,16.1
2014-01-14,0.0,17.47,25.07,11.75,78.82,1.2,15.02
2014-01-15,0.0,17.5,24.46,12.98,79.45,0.97,11.26
2014-01-16,0.0,16.92,23.65,11.65,77.8,1.0,13.75
2014-01-17,0.0,17.97,25.79,11.42,75.25,1.2,14.43
2014-01-18,0.0,19.5,27.65,13.13,77.23,1.49,16.44
2014-01-19,0.0,19.77,26.84,12.53,74.19,1.45,15.22
2014-01-20,0.0,19.18,26.61,13.4,69.73,1.6,16.37
2014-01-21,0.0,17.76,26.31,11.97,66.72,0.96,15.51
2014-01-22,0.0,19.25,27.24,11.92,62.5,1.1,16.83
2014-01-23,0.0,20.13,28.02,13.58,63.07,1.2,17.71
2014-01-24,0.0,19.21,26.56,13.93,66.61,1.03,17.4
2014-01-25,0.0,19.6,27.77,13.36,68.49,1.52,17.18
2014-01-26,0.0,18.14,26.43,12.22,64.57,1.79,18.2
2014-01-27,0.0,16.99,25.69,10.19,67.35,1.61,17.96
2014-01-28,0.0,16.12,24.86,9.54,67.35,1.33,13.11
2014-01-29,0.0,18.01,27.5,10.45,62.66,1.41,16.9
2014-01-30,0.0,18.69,27.48,12.42,60.11,1.1,17.45
2014-01-31,0.0,18.8,28.02,12.09,62.99,1.15,19.19
2014-02-01,0.0,18.71,28.39,11.87,64.71,1.35,18.33
2014-02-02,0.0,18.17,28.09,10.96,55.61,1.93,19.22
2014-02-03,0.0,17.63,27.75,9.78,57.8,1.66,19.41
2014-02-04,0.0,18.43,26.45,12.71,53.77,1.04,18.65
2014-02-05,0.0,19.17,26.15,12.29,51.69,1.18,15.97
2014-02-06,0.0,20.66,27.91,13.02,54.01,1.16,15.96
2014-02-07,0.0,20.93,28.19,14.51,52.71,1.08,18.93
2014-02-08,0.0,21.56,30.39,14.16,68.98,2.1,17.29
2014-02-09,0.01,22.7,29.59,17.83,75.71,1.45,14.31
2014-02-10,0.12,22.63,29.24,17.43,68.71,1.01,15.83
2014-02-11,0.0,22.23,29.43,16.26,58.1,1.02,16.75
2014-02-12,0.0,21.45,28.96,15.42,51.34,1.31,16.81
2014-02-13,0.0,20.44,28.82,13.23,48.97,1.39,20.59
2014-02-14,0.0,20.83,29.09,12.23,44.19,1.11,19.35
2014-02-15,0.37,21.14,28.53,14.82,56.57,1.34,13.76
2014-02-16,3.47,19.06,24.62,14.38,79.86,1.35,5.8
2014-02-17,6.47,18.05,23.62,13.74,77.44,1.98,5.3
2014-02-18,0.0,17.53,26.13,10.66,55.83,1.57,20.66
2014-02-19,0.0,19.19,28.74,11.34,54.36,1.4,21.59
2014-02-20,0.0,20.64,29.2,13.74,49.74,1.16,22.15
2014-02-21,0.0,20.77,29.31,13.41,47.64,1.11,21.49
2014-02-22,0.0,21.39,29.91,12.65,54.69,1.17,21.05
2014-02-23,0.0,22.58,30.6,15.89,49.73,1.25,18.32
2014-02-24,0.0,23.05,30.52,16.32,61.9,1.54,19.43
2014-02-25,0.0,22.86,30.94,16.59,55.55,1.66,20.57
2014-02-26,0.0,22.58,30.81,15.94,42.16,1.45,21.63
2014-02-27,0.0,23.66,32.04,16.43,48.57,1.2,19.24
2014-02-28,0.03,24.04,31.35,17.91,56.79,1.56,18.08
2014-03-01,0.0,23.92,32.06,16.72,60.65,1.6,18.98
2014-03-02,0.0,24.49,32.74,16.84,56.24,1.96,20.14
2014-03-03,0.0,24.16,31.78,17.59,58.25,1.58,21.16
2014-03-04,0.0,22.57,28.07,17.91,47.06,1.63,15.02
2014-03-05,0.0,23.32,31.81,14.96,43.86,1.7,21.5
2014-03-06,0.0,23.48,31.75,16.67,40.05,1.41,22.6
2014-03-07,0.0,23.14,31.35,17.08,40.94,1.39,21.61
2014-03-08,0.0,23.26,31.96,15.95,40.39,1.48,23.37
2014-03-09,0.0,23.74,32.4,15.43,36.54,1.52,23.77
2014-03-10,0.0,23.69,33.38,16.14,36.31,1.47,21.21
2014-03-11,0.0,24.74,33.87,17.36,42.0,1.51,22.12
2014-03-12,0.0,25.41,33.28,18.62,47.38,1.23,22.13
2014-03-13,0.0,26.19,33.86,19.3,54.23,1.13,17.46
2014-03-14,0.0,27.04,35.04,20.55,50.64,1.27,20.6
2014-03-15,0.0,26.21,35.48,18.89,40.65,1.59,22.64
2014-03-16,0.0,26.2,35.36,18.22,33.82,1.39,23.02
2014-03-17,0.0,26.33,35.35,17.98,34.14,1.33,23.8
2014-03-18,0.0,26.33,35.54,17.3,53.75,1.56,22.05
2014-03-19,2.79,27.54,35.89,20.79,64.83,2.44,18.83
2014-03-20,1.37,27.19,34.83,21.18,64.49,2.39,20.69
2014-03-21,2.02,26.56,33.85,20.14,63.63,1.58,21.14
2014-03-22,6.55,26.27,33.76,20.06,65.89,1.87,21.58
2014-03-23,7.15,25.05,31.5,20.31,69.22,1.84,22.97
2014-03-24,3.66,26.22,32.59,20.05,64.81,1.61,20.84
2014-03-25,2.1,27.18,34.38,21.0,63.55,1.67,21.28
2014-03-26,0.04,28.17,35.8,20.82,61.76,1.81,22.1
2014-03-27,0.01,29.52,37.1,23.29,59.08,2.56,21.53
2014-03-28,0.0,30.23,38.67,23.75,60.03,2.76,21.54
2014-03-29,0.0,30.03,38.86,22.93,58.01,3.22,24.49
2014-03-30,0.0,30.8,40.84,22.92,58.01,3.07,25.04
2014-03-31,0.0,30.77,39.71,23.67,59.86,3.08,23.83
2014-04-01,0.0,29.98,37.77,23.49,62.33,2.91,20.67
2014-04-02,0.0,30.46,38.68,23.31,57.21,2.45,21.82
2014-04-03,11.15,28.67,36.12,23.1,66.59,2.32,20.82
2014-04-04,3.87,28.33,35.76,21.85,61.3,1.67,17.25
2014-04-05,0.16,28.75,36.29,21.78,54.27,1.49,21.91
2014-04-06,0.45,28.44,35.58,22.36,63.8,2.14,15.21
2014-04-07,4.97,28.71,35.57,22.87,66.86,3.24,17.84
2014-04-08,3.54,29.52,36.82,24.72,69.44,4.04,19.44
2014-04-09,3.01,29.72,35.24,25.77,67.98,3.23,18.12
2014-04-10,1.4,29.22,35.95,24.43,65.24,1.68,21.48
2014-04-11,0.0,29.79,38.5,22.14,55.62,1.8,24.84
2014-04-12,0.0,30.14,38.1,23.45,54.44,1.84,24.72
2014-04-13,0.0,30.43,38.76,23.14,49.95,1.08,24.32
2014-04-14,0.0,31.18,39.42,24.11,46.36,1.23,24.7
2014-04-15,0.0,31.4,39.36,23.17,49.47,1.47,22.49
2014-04-16,0.0,31.86,40.36,24.03,50.96,2.09,23.15
2014-04-17,0.0,32.09,40.78,25.2,49.43,2.84,20.72
2014-04-18,0.01,32.18,40.65,25.26,53.36,2.32,23.72
2014-04-19,4.79,31.96,38.89,24.99,56.32,1.33,22.76
2014-04-20,0.89,33.35,39.89,26.03,45.4,1.27,25.07
2014-04-21,0.0,32.99,40.47,26.26,42.47,1.4,25.43
2014-04-22,0.0,32.8,41.28,24.28,34.6,1.41,26.52
2014-04-23,0.0,32.78,40.98,24.41,44.85,1.93,24.89
2014-04-24,0.0,33.37,42.04,24.72,47.43,2.3,24.36
2014-04-25,2.16,33.48,41.43,26.44,49.46,2.86,22.64
2014-04-26,1.1,32.75,40.77,25.67,54.95,2.71,23.62
2014-04-27,2.33,32.67,40.36,26.0,54.45,2.75,23.92
2014-04-28,2.45,31.56,38.95,26.04,58.62,2.99,15.47
2014-04-29,5.99,30.89,37.67,25.73,63.56,2.91,22.2
2014-04-30,3.28,30.91,38.12,25.4,65.55,2.67,25.24
2014-05-01,3.78,29.96,36.16,25.84,68.53,2.71,21.95
2014-05-02,2.67,28.84,33.95,25.15,73.01,2.47,19.0
2014-05-03,1.76,29.1,33.94,25.19,68.91,2.77,18.07
2014-05-04,1.54,29.64,36.11,24.65,64.82,2.53,24.24
2014-05-05,0.21,29.32,33.51,26.27,67.74,2.25,15.39
2014-05-06,0.11,31.14,37.29,25.5,59.68,1.87,22.22
2014-05-07,27.23,30.16,35.89,25.66,66.77,2.94,16.67
2014-05-08,27.03,28.57,32.47,25.07,78.74,4.38,14.55
2014-05-09,12.38,30.05,34.77,26.28,78.83,4.98,20.9
2014-05-10,10.06,30.15,35.24,26.86,76.99,4.42,16.74
2014-05-11,3.85,29.5,34.88,26.3,75.99,4.02,7.64
2014-05-12,2.21,29.69,34.17,26.43,76.58,3.47,21.85
2014-05-13,5.87,30.52,36.71,25.98,73.4,2.99,22.76
2014-05-14,2.79,30.04,34.29,26.86,74.29,3.2,20.69
2014-05-15,5.97,30.46,36.43,26.51,72.32,3.26,20.02
2014-05-16,1.75,31.21,38.45,25.76,66.11,2.82,23.05
2014-05-17,0.89,31.37,38.07,25.83,64.99,2.6,23.27
2014-05-18,0.28,32.2,39.75,25.74,61.74,2.09,22.34
2014-05-19,0.0,32.79,40.34,26.42,60.98,2.34,22.65
2014-05-20,0.0,32.61,39.69,27.44,60.98,2.76,24.05
2014-05-21,0.0,32.23,39.53,26.86,62.48,3.18,24.21
2014-05-22,0.01,32.69,39.89,26.79,59.48,2.65,23.01
2014-05-23,0.18,31.9,36.46,27.53,60.29,1.65,21.8
2014-05-24,12.39,29.73,33.2,26.53,69.46,1.32,15.61
2014-05-25,31.23,28.17,31.26,26.12,86.41,0.94,19.57
2014-05-26,8.8,28.64,32.09,25.38,83.61,1.34,23.66
2014-05-27,7.61,28.86,32.35,26.12,82.43,2.15,19.2
2014-05-28,17.92,29.33,33.31,26.29,81.35,3.34,17.04
2014-05-29,9.02,29.22,32.6,26.89,82.1,2.65,20.1
2014-05-30,42.44,28.6,31.01,26.26,87.75,1.74,12.55
2014-05-31,43.54,27.87,30.24,26.22,91.36,1.82,14.19
2014-06-01,6.45,28.29,32.02,25.82,86.01,2.43,11.51
2014-06-02,8.87,28.31,32.27,25.67,86.63,2.37,20.0
2014-06-03,5.26,28.69,32.54,25.74,85.75,2.45,20.05
2014-06-04,1.71,29.52,33.68,26.07,83.97,2.49,18.59
2014-06-05,0.2,29.41,32.17,27.16,85.3,2.11,16.11
2014-06-06,0.0,29.83,33.83,26.71,83.68,2.47,22.24
2014-06-07,0.0,29.68,33.61,27.06,81.84,2.56,20.19
2014-06-08,0.24,29.54,32.82,26.88,84.27,3.17,20.17
2014-06-09,0.27,29.54,32.81,27.64,85.26,3.52,18.25
2014-06-10,57.48,29.3,32.35,27.17,88.46,2.99,19.31
2014-06-11,66.8,29.04,32.39,26.57,89.04,3.14,15.41
2014-06-12,14.17,29.3,33.46,26.02,87.45,2.47,21.45
2014-06-13,9.89,29.0,31.62,27.02,91.75,2.16,12.49
2014-06-14,2.16,29.29,32.68,27.06,86.66,1.74,22.95
2014-06-15,8.05,28.87,31.6,26.36,88.19,1.72,18.48
2014-06-16,8.07,28.89,31.22,27.19,89.52,2.04,14.8
2014-06-17,15.6,29.08,32.05,26.43,89.4,1.41,19.92
2014-06-18,20.72,28.02,29.64,26.6,92.28,2.23,14.68
2014-06-19,13.5,28.55,32.01,26.34,89.84,3.0,12.66
2014-06-20,36.21,27.96,29.63,26.56,94.15,4.06,8.63
2014-06-21,73.71,27.86,29.3,26.9,93.88,4.3,3.56
2014-06-22,54.13,28.09,29.75,26.86,93.61,4.15,4.35
2014-06-23,43.65,28.25,31.1,26.51,91.4,3.64,6.34
2014-06-24,6.58,27.34,28.88,26.19,92.01,3.24,14.8
2014-06-25,6.4,28.51,32.26,26.09,88.4,2.31,21.98
2014-06-26,16.54,27.77,30.62,26.03,91.18,2.88,14.85
2014-06-27,3.64,28.17,31.56,25.75,89.21,3.2,15.11
2014-06-28,12.14,28.16,31.86,25.57,89.86,2.86,16.92
2014-06-29,23.4,28.29,30.57,26.48,93.12,3.26,10.5
2014-06-30,11.27,28.58,31.16,26.9,92.44,2.54,21.05
2014-07-01,4.13,28.33,31.53,26.07,89.31,3.28,21.07
2014-07-02,8.88,27.75,30.64,25.6,91.64,3.79,19.1
2014-07-03,17.84,26.95,28.7,25.73,93.36,4.06,10.35
2014-07-04,22.17,27.66,30.15,25.62,92.02,4.81,12.0
2014-07-05,27.81,28.33,31.42,26.15,90.68,3.39,10.39
2014-07-06,9.99,28.47,31.92,25.76,89.46,2.51,19.4
2014-07-07,1.35,28.17,30.75,26.12,90.17,3.1,20.51
2014-07-08,1.75,28.38,31.3,26.56,89.71,3.45,18.41
2014-07-09,3.68,28.58,31.94,26.12,88.94,2.68,21.84
2014-07-10,3.14,28.55,31.79,26.04,88.23,2.37,20.38
2014-07-11,7.88,29.15,33.42,26.09,85.77,1.39,21.56
2014-07-12,1.43,29.63,33.65,26.94,87.57,1.54,21.88
2014-07-13,2.91,28.9,31.24,27.04,90.03,1.17,21.26
2014-07-14,2.98,28.46,32.01,26.41,91.13,2.68,20.84
2014-07-15,2.79,28.39,31.07,26.61,90.7,3.43,19.81
2014-07-16,6.15,27.99,31.37,25.89,90.08,4.18,16.5
2014-07-17,5.84,28.02,30.31,26.36,91.38,3.54,18.49
2014-07-18,2.73,28.37,31.6,26.46,90.58,2.76,19.38
2014-07-19,1.19,28.68,32.85,25.77,89.79,2.79,19.34
2014-07-20,9.58,28.81,32.48,26.72,88.76,3.39,18.34
2014-07-21,18.85,27.8,30.37,26.22,91.23,4.73,10.74
2014-07-22,3.29,27.42,30.56,25.11,90.54,3.42,17.96
2014-07-23,3.78,26.89,29.67,25.2,91.41,2.55,19.83
2014-07-24,4.59,27.5,31.36,24.86,90.0,1.99,21.47
2014-07-25,3.93,28.11,32.17,25.54,87.84,1.8,21.0
2014-07-26,16.51,28.67,32.65,25.8,87.1,1.5,20.65
2014-07-27,21.11,27.9,30.04,26.13,91.07,1.14,18.02
2014-07-28,10.67,28.61,32.31,25.68,87.62,1.27,18.91
2014-07-29,1.54,27.68,30.05,25.69,90.42,1.96,19.22
2014-07-30,0.89,28.51,32.2,25.62,88.55,1.86,20.39
2014-07-31,5.53,28.55,32.54,25.93,89.1,2.32,19.11
2014-08-01,2.46,28.32,31.89,25.97,90.19,2.11,20.07
2014-08-02,1.09,28.38,31.51,26.44,90.07,2.26,21.11
2014-08-03,1.21,27.28,29.91,25.18,90.99,3.09,20.39
2014-08-04,10.92,27.41,30.02,25.22,91.53,3.69,14.54
2014-08-05,18.32,27.99,31.6,25.42,90.48,3.23,14.76
2014-08-06,7.3,27.52,30.15,25.79,90.99,1.96,19.27
2014-08-07,4.99,27.89,31.36,25.29,90.18,2.15,18.67
2014-08-08,5.55,28.64,32.63,25.67,87.83,2.2,20.52
2014-08-09,2.38,28.14,31.57,25.86,88.95,2.9,21.51
2014-08-10,3.87,27.77,31.28,25.64,88.35,3.64,16.79
2014-08-11,11.28,27.62,31.09,25.32,89.01,3.4,17.44
2014-08-12,22.82,28.1,31.39,25.91,89.97,3.53,15.66
2014-08-13,58.06,28.31,31.04,26.27,91.6,3.68,7.22
2014-08-14,61.95,27.61,29.16,26.57,94.3,3.19,2.88
2014-08-15,25.62,27.72,30.21,26.38,92.99,3.81,5.67
2014-08-16,22.23,27.13,29.11,25.96,95.03,3.32,10.47
2014-08-17,8.59,27.19,30.29,25.12,92.08,1.9,13.49
2014-08-18,9.55,27.73,31.6,25.03,90.11,2.73,19.82
2014-08-19,10.75,27.83,31.13,25.36,90.3,2.73,13.36
2014-08-20,17.27,27.29,30.49,25.13,90.86,2.4,14.57
2014-08-21,7.63,27.74,31.28,25.12,91.29,2.97,13.68
2014-08-22,8.63,27.17,29.95,25.54,92.0,3.56,11.02
2014-08-23,6.78,27.38,30.66,25.48,90.96,3.41,15.61
2014-08-24,8.94,27.66,31.13,25.34,89.95,3.11,17.6
2014-08-25,6.21,27.52,30.89,25.3,90.14,2.42,15.2
2014-08-26,3.77,27.54,30.73,24.76,89.74,1.54,17.98
2014-08-27,17.12,27.39,30.35,25.03,90.44,1.3,19.0
2014-08-28,23.34,27.54,30.83,24.98,85.36,1.05,18.82
2014-08-29,4.62,27.99,31.43,25.78,87.7,1.05,22.94
2014-08-30,6.1,27.06,29.07,25.45,92.99,1.81,14.44
2014-08-31,12.36,26.4,29.13,24.84,92.2,2.7,19.95
2014-09-01,2.48,26.88,30.63,23.83,88.91,2.22,20.11
2014-09-02,0.91,27.15,30.48,24.52,90.18,2.1,21.99
2014-09-03,3.39,27.54,31.29,24.29,89.11,1.58,19.68
2014-09-04,3.79,27.32,30.48,25.26,90.83,1.59,17.59
2014-09-05,2.7,27.74,31.38,25.24,89.14,2.15,19.83
2014-09-06,0.62,27.68,31.96,24.03,88.29,1.98,22.57
2014-09-07,7.95,27.26,30.57,25.45,91.86,1.67,19.95
2014-09-08,4.16,27.19,30.82,24.92,89.76,2.28,19.22
2014-09-09,3.16,27.38,31.07,24.83,88.82,2.17,15.59
2014-09-10,1.07,27.35,30.84,24.47,88.43,1.86,21.9
2014-09-11,0.95,27.5,31.34,24.54,88.53,1.71,16.15
2014-09-12,6.97,27.23,30.44,24.62,89.87,1.67,18.51
2014-09-13,4.77,27.42,30.84,24.7,89.46,1.67,18.98
2014-09-14,5.15,27.72,31.62,24.38,88.37,1.37,18.92
2014-09-15,5.7,27.58,31.22,24.46,87.64,1.23,15.49
2014-09-16,1.01,28.08,32.24,24.12,85.35,0.96,22.32
2014-09-17,0.01,28.28,31.38,25.63,87.29,1.01,20.75
2014-09-18,19.16,27.82,29.8,26.07,92.53,1.42,14.98
2014-09-19,35.25,26.89,28.13,25.68,94.94,2.02,14.89
2014-09-20,39.36,26.67,29.66,24.24,92.84,3.0,7.22
2014-09-21,28.9,26.94,28.91,25.72,94.27,3.33,10.22
2014-09-22,56.15,27.23,29.88,25.24,92.87,3.44,7.19
2014-09-23,32.01,26.85,29.22,24.91,94.22,2.37,3.62
2014-09-24,3.88,26.99,30.79,24.08,89.49,1.93,16.37
2014-09-25,10.12,26.33,28.45,24.94,92.76,2.26,15.98
2014-09-26,13.8,26.42,28.64,24.62,93.99,2.57,11.28
2014-09-27,4.34,27.22,30.8,24.69,88.1,1.77,17.39
2014-09-28,0.11,27.58,31.98,23.26,81.21,0.91,22.13
2014-09-29,0.05,27.53,31.63,23.08,80.39,0.78,20.3
2014-09-30,0.03,28.25,31.82,24.47,80.39,0.67,21.16
2014-10-01,0.01,28.16,31.52,24.28,80.16,0.74,19.93
2014-10-02,2.67,28.71,32.39,25.23,79.31,0.58,19.35
2014-10-03,0.73,28.23,31.5,24.61,81.28,0.85,19.48
2014-10-04,0.01,28.23,31.64,24.7,78.83,0.68,20.83
2014-10-05,0.0,28.27,32.22,24.47,81.49,0.7,21.88
2014-10-06,4.95,28.55,32.43,25.22,81.34,0.58,21.41
2014-10-07,2.17,27.4,30.87,24.95,87.24,0.94,20.67
2014-10-08,0.21,27.84,31.49,24.11,80.3,0.47,21.16
2014-10-09,0.1,28.22,32.27,24.57,80.3,0.6,20.53
2014-10-10,7.03,27.4,31.46,24.07,86.64,1.1,18.92
2014-10-11,20.59,26.83,30.84,23.18,85.97,0.92,12.62
2014-10-12,11.37,25.98,28.62,23.95,90.47,0.76,16.62
2014-10-13,8.41,26.65,30.49,23.19,89.45,1.04,15.93
2014-10-14,3.04,26.25,29.23,23.97,92.07,1.27,17.92
2014-10-15,16.09,27.04,30.73,23.94,89.3,1.2,16.48
2014-10-16,1.24,26.6,28.98,24.11,88.58,0.67,15.86
2014-10-17,0.03,25.83,29.66,22.71,86.66,1.41,19.56
2014-10-18,0.0,24.66,28.76,21.31,83.95,1.15,15.28
2014-10-19,0.0,24.87,29.52,20.48,79.71,0.96,19.19
2014-10-20,0.0,24.67,29.26,19.81,78.1,1.23,20.8
2014-10-21,0.0,25.09,30.33,19.66,80.92,1.0,21.11
2014-10-22,0.0,25.31,30.38,21.12,80.93,0.91,20.57
2014-10-23,0.0,24.79,29.66,20.18,77.74,0.91,19.69
2014-10-24,0.0,24.79,29.28,20.38,74.5,0.77,19.73
2014-10-25,0.76,25.39,29.95,21.27,76.81,0.67,20.66
2014-10-26,0.11,23.91,27.21,21.58,83.02,0.8,15.19
2014-10-27,0.48,22.71,26.06,20.39,83.7,0.76,8.91
2014-10-28,2.11,22.43,25.6,20.13,83.74,0.73,5.85
2014-10-29,0.03,22.75,27.66,18.09,83.49,1.09,18.97
2014-10-30,0.0,23.31,28.38,18.41,80.77,1.16,18.81
2014-10-31,0.0,23.93,28.47,18.86,75.11,0.64,18.98
2014-11-01,0.0,24.19,28.23,20.08,73.0,0.67,19.03
2014-11-02,0.0,24.56,29.01,20.14,76.67,0.71,18.95
2014-11-03,0.0,24.06,28.76,19.63,82.79,0.73,19.02
2014-11-04,0.0,25.18,29.65,20.62,82.45,0.55,19.25
2014-11-05,0.0,25.35,29.31,22.38,80.03,0.91,16.95
2014-11-06,0.0,24.37,29.47,19.75,80.51,0.95,18.47
2014-11-07,0.0,25.45,30.27,19.87,78.08,0.78,18.35
2014-11-08,0.05,26.03,30.72,20.53,76.34,0.84,14.66
2014-11-09,0.08,26.42,29.85,23.46,84.35,0.68,15.54
2014-11-10,0.0,24.84,28.98,20.78,82.94,1.11,16.06
2014-11-11,0.0,23.39,27.82,18.71,78.49,0.88,18.08
2014-11-12,0.0,24.34,28.33,19.17,74.32,0.73,17.17
2014-11-13,0.0,24.29,28.87,20.08,78.05,0.93,16.9
2014-11-14,0.0,22.51,27.46,18.59,75.82,1.15,17.18
2014-11-15,0.0,21.82,26.61,16.98,68.28,0.78,17.31
2014-11-16,0.0,21.87,26.93,16.15,66.65,0.73,16.79
2014-11-17,0.0,22.0,26.91,16.89,72.78,0.59,16.9
2014-11-18,0.0,22.74,27.33,17.52,76.57,0.67,17.8
2014-11-19,0.0,22.3,27.26,17.96,78.17,0.74,18.06
2014-11-20,0.0,21.79,26.6,17.28,80.46,0.95,17.24
2014-11-21,0.0,21.54,26.24,17.3,76.73,0.96,16.38
2014-11-22,0.0,20.96,26.25,16.37,71.86,0.84,16.01
2014-11-23,0.0,20.97,26.21,16.35,62.25,0.62,15.67
2014-11-24,0.0,20.04,25.65,15.36,69.89,0.98,16.26
2014-11-25,0.0,19.63,25.92,14.49,71.52,0.9,17.23
2014-11-26,0.0,19.35,24.85,14.98,76.18,0.77,17.04
2014-11-27,0.0,19.86,24.57,14.99,71.46,0.59,15.79
2014-11-28,0.0,19.72,25.2,14.54,76.42,0.86,15.77
2014-11-29,0.0,20.56,25.47,14.7,70.0,0.67,15.92
2014-11-30,0.0,20.17,25.97,13.71,74.72,0.96,16.53
2014-12-01,0.0,20.53,26.26,14.57,76.24,0.78,16.51
2014-12-02,0.0,20.56,26.06,15.0,75.94,0.81,15.94
2014-12-03,0.0,20.61,25.62,15.13,76.12,0.66,15.52
2014-12-04,0.0,21.11,26.43,16.11,77.53,0.64,15.72
2014-12-05,0.0,21.17,26.73,15.67,79.73,0.76,16.7
2014-12-06,0.0,21.21,26.24,16.01,79.98,0.75,16.11
2014-12-07,0.0,19.53,25.61,15.2,83.78,1.16,15.83
2014-12-08,0.0,18.4,24.46,13.38,73.94,1.01,10.51
2014-12-09,0.0,18.97,24.7,13.39,70.67,0.69,10.8
2014-12-10,0.0,18.48,23.89,12.9,70.43,0.75,12.1
2014-12-11,1.39,17.2,23.91,12.46,72.49,1.06,11.61
2014-12-12,6.34,15.94,22.29,10.78,81.6,1.23,8.96
2014-12-13,0.0,17.31,23.22,11.33,80.7,0.98,9.39
2014-12-14,0.0,19.08,23.63,14.99,79.5,0.76,14.1
2014-12-15,0.0,20.57,26.48,16.92,73.12,0.66,9.79
2014-12-16,0.0,19.8,25.77,15.93,73.8,0.99,16.38
2014-12-17,0.0,18.06,24.46,13.16,80.89,1.97,15.52
2014-12-18,0.0,15.38,22.59,9.52,73.01,1.32,12.1
2014-12-19,0.0,16.79,24.09,10.13,76.26,1.32,14.25
2014-12-20,0.0,18.15,24.37,13.36,74.62,0.88,16.39
2014-12-21,0.0,18.57,24.32,14.18,71.37,0.69,15.62
2014-12-22,0.0,18.13,24.19,12.54,74.01,0.88,16.21
2014-12-23,0.0,18.34,24.58,13.3,72.65,0.92,16.5
2014-12-24,0.0,18.54,25.15,13.76,72.37,0.79,16.71
2014-12-25,0.0,17.67,24.64,12.41,78.93,1.03,16.54
2014-12-26,0.0,15.81,23.29,10.4,76.34,1.16,14.96
2014-12-27,0.0,14.97,22.86,9.28,75.68,1.12,11.16
2014-12-28,0.0,16.04,24.44,9.64,73.61,1.13,12.58
2014-12-29,0.0,16.58,22.98,10.63,75.13,0.88,14.3
2014-12-30,0.0,17.5,22.94,12.37,73.11,0.8,11.24
2014-12-31,0.27,18.7,23.1,14.59,68.73,0.67,6.55
2015-01-01,0.34,19.79,24.03,16.81,78.9,0.99,6.15
2015-01-02,0.03,22.61,28.81,17.45,78.84,0.88,12.16
2015-01-03,0.01,23.34,28.2,18.79,77.63,0.87,14.1
2015-01-04,0.22,22.53,27.73,17.6,80.74,1.2,11.92
2015-01-05,0.0,19.59,25.21,15.03,78.83,1.26,14.02
2015-01-06,0.0,17.3,23.58,12.58,70.26,1.15,16.29
2015-01-07,0.0,16.52,22.53,11.58,69.33,1.02,15.08
2015-01-08,0.0,17.08,23.0,12.65,63.94,1.01,14.97
2015-01-09,0.0,17.54,23.34,11.68,64.15,0.88,11.44
2015-01-10,0.0,16.66,23.72,10.74,71.74,1.13,14.78
2015-01-11,0.0,15.98,23.99,11.01,66.08,1.24,12.67
2015-01-12,0.0,16.66,24.75,10.34,64.87,1.02,12.96
2015-01-13,0.0,18.1,26.28,11.91,65.91,0.89,15.62
2015-01-14,0.0,19.11,26.49,13.77,67.38,0.85,15.63
2015-01-15,0.0,19.26,26.85,14.86,61.18,0.94,16.81
2015-01-16,0.01,19.57,27.03,12.83,53.58,0.84,14.91
2015-01-17,1.37,19.83,26.85,14.74,62.17,1.0,15.7
2015-01-18,0.01,17.37,24.31,11.69,70.2,1.37,11.5
2015-01-19,0.0,16.5,23.88,11.5,66.93,0.96,7.06
2015-01-20,0.0,16.66,25.07,10.31,68.89,1.27,11.56
2015-01-21,0.0,17.52,25.9,10.94,64.69,1.11,13.37
2015-01-22,0.0,18.69,26.47,12.32,62.76,0.95,17.44
2015-01-23,0.0,18.81,25.83,11.41,62.88,1.11,17.03
2015-01-24,0.0,19.06,26.95,12.08,63.16,1.21,17.39
2015-01-25,0.0,19.11,26.42,12.98,61.16,1.37,17.92
2015-01-26,0.0,18.31,26.44,11.07,53.06,1.39,18.39
2015-01-27,0.0,19.36,27.32,12.38,54.11,1.1,17.4
2015-01-28,0.0,21.13,28.87,14.68,64.05,1.19,17.16
2015-01-29,0.0,20.85,28.83,14.84,63.76,1.3,17.11
2015-01-30,0.0,19.29,26.41,13.84,71.26,1.43,12.68
2015-01-31,0.0,16.74,24.2,11.0,56.64,1.44,18.35
2015-02-01,0.0,16.26,24.67,9.63,52.97,1.52,19.0
2015-02-02,0.0,17.39,26.47,10.25,54.1,1.19,19.3
2015-02-03,0.0,20.09,28.4,12.42,51.45,0.96,19.72
2015-02-04,0.0,21.17,28.53,13.1,49.72,1.07,19.43
2015-02-05,0.0,22.35,28.85,17.09,44.9,0.85,17.1
2015-02-06,0.0,20.15,27.76,14.34,50.64,1.43,16.55
2015-02-07,0.0,18.71,25.21,12.99,45.11,1.24,16.73
2015-02-08,0.0,18.51,25.21,12.69,48.58,0.99,18.61
2015-02-09,0.0,19.71,27.32,13.86,53.07,0.97,18.51
2015-02-10,0.0,21.44,28.64,16.5,54.48,1.38,15.7
2015-02-11,0.0,19.99,26.8,15.1,51.5,1.36,15.61
2015-02-12,0.0,20.27,28.02,14.59,40.94,1.07,19.41
2015-02-13,0.0,20.67,28.41,13.86,51.26,1.31,18.02
2015-02-14,0.0,20.39,28.11,13.76,64.06,1.18,17.48
2015-02-15,0.63,20.59,28.07,14.08,66.09,1.11,12.04
2015-02-16,0.0,22.18,29.35,14.91,57.68,0.92,17.56
2015-02-17,0.0,22.5,30.11,14.2,51.27,1.06,19.68
2015-02-18,0.37,22.24,30.27,14.6,60.44,1.34,17.69
2015-02-19,13.66,21.97,27.84,17.31,75.35,1.29,9.33
2015-02-20,0.23,23.17,30.1,15.73,64.87,1.09,18.39
2015-02-21,0.21,23.59,30.45,16.69,58.89,1.35,18.58
2015-02-22,8.2,23.22,29.92,17.37,70.36,1.38,17.59
2015-02-23,0.0,23.77,31.87,16.67,66.21,1.3,20.16
2015-02-24,0.0,24.6,32.15,18.18,67.18,1.54,18.94
2015-02-25,0.0,24.48,31.91,18.38,69.17,1.85,18.74
2015-02-26,0.0,24.52,31.63,18.93,72.25,2.23,17.59
2015-02-27,0.0,25.05,32.43,18.76,71.35,2.61,19.5
2015-02-28,0.0,25.51,32.84,19.19,67.02,1.62,18.31
2015-03-01,0.0,27.03,34.74,19.44,61.37,1.05,18.39
2015-03-02,0.0,26.98,35.17,20.23,53.88,1.68,20.66
2015-03-03,0.05,25.38,32.64,19.42,51.28,1.79,18.31
2015-03-04,12.73,21.37,27.23,17.94,71.19,1.42,7.95
2015-03-05,0.98,23.33,31.25,17.59,57.94,1.52,18.47
2015-03-06,0.0,22.0,30.95,14.08,45.05,1.76,23.53
2015-03-07,0.0,22.27,31.29,14.21,42.32,1.7,22.67
2015-03-08,0.0,23.56,32.69,15.43,41.69,1.75,23.31
2015-03-09,0.0,24.97,34.42,16.41,40.33,1.66,23.66
2015-03-10,0.0,26.03,34.89,18.75,36.37,1.5,22.77
2015-03-11,0.0,24.3,34.6,16.29,37.95,2.05,23.52
2015-03-12,0.0,23.68,34.75,13.49,32.12,1.85,24.39
2015-03-13,0.0,24.75,34.6,15.23,32.1,1.6,23.88
2015-03-14,0.0,26.47,35.88,17.76,45.29,1.53,22.1
2015-03-15,0.0,27.82,36.29,20.27,47.14,1.42,22.34
2015-03-16,0.0,27.98,36.38,20.38,43.71,2.19,22.37
2015-03-17,0.0,27.88,35.37,20.76,45.5,1.74,22.22
2015-03-18,0.0,28.3,35.39,21.16,45.68,1.22,18.81
2015-03-19,0.0,27.97,35.59,21.99,42.17,1.56,23.29
2015-03-20,0.0,26.33,34.99,19.84,33.67,1.69,25.15
2015-03-21,0.0,26.45,36.33,17.77,33.45,1.8,24.67
2015-03-22,0.0,27.5,36.44,20.41,31.95,1.21,24.72
2015-03-23,0.0,27.79,37.27,18.16,38.82,1.46,23.51
2015-03-24,0.0,28.11,37.14,19.87,57.96,1.59,21.3
2015-03-25,0.61,28.33,36.69,21.16,61.69,1.91,18.7
2015-03-26,1.46,27.71,34.91,21.66,62.27,1.66,19.99
2015-03-27,0.0,28.35,36.08,21.3,58.53,1.79,19.94
2015-03-28,1.78,27.63,33.9,22.36,63.4,1.84,14.58
2015-03-29,0.12,28.53,35.38,22.93,58.58,1.72,19.71
2015-03-30,0.45,28.61,35.62,22.53,61.63,2.11,20.57
2015-03-31,3.75,26.33,30.24,23.36,75.71,1.99,13.44
2015-04-01,5.18,27.44,34.09,21.97,69.02,2.9,14.93
2015-04-02,28.54,26.68,32.48,22.6,78.69,3.56,17.43
2015-04-03,18.98,27.55,33.0,23.65,79.33,2.95,17.66
2015-04-04,9.8,27.76,33.28,24.37,77.02,3.94,17.63
2015-04-05,33.62,26.43,30.91,23.63,84.56,2.8,14.64
2015-04-06,22.9,26.15,30.75,22.61,83.81,1.43,14.31
2015-04-07,9.56,26.57,31.5,21.82,81.31,1.31,18.52
2015-04-08,4.69,27.17,32.73,22.75,76.47,1.14,21.15
2015-04-09,0.11,27.33,33.41,21.86,74.27,1.95,22.38
2015-04-10,0.63,28.05,34.5,22.74,72.54,2.35,22.47
2015-04-11,4.77,27.83,33.92,22.22,74.04,1.76,21.54
2015-04-12,1.8,28.14,32.91,23.51,72.12,0.79,20.2
2015-04-13,0.35,28.12,32.86,24.97,68.17,1.23,21.89
2015-04-14,0.09,27.46,31.79,23.17,69.38,0.92,21.45
2015-04-15,0.0,27.56,32.63,23.53,69.62,1.05,20.87
2015-04-16,0.0,28.4,34.36,24.1,62.18,1.1,16.48
2015-04-17,0.17,27.74,33.32,23.31,61.91,1.54,13.26
2015-04-18,17.5,26.78,31.85,22.47,77.03,2.49,18.99
2015-04-19,11.66,27.58,33.11,23.45,78.67,2.57,17.51
2015-04-20,6.97,28.16,33.67,23.28,76.3,2.09,20.52
2015-04-21,8.58,28.41,33.98,23.89,79.35,3.57,17.67
2015-04-22,18.29,27.69,31.54,25.2,83.49,3.9,17.77
2015-04-23,26.54,26.96,30.42,24.65,86.94,3.66,21.67
2015-04-24,10.24,25.77,29.83,22.67,87.21,2.69,19.46
2015-04-25,5.04,25.24,29.43,21.95,82.64,1.8,8.42
2015-04-26,1.84,25.44,29.26,21.64,77.99,1.08,13.58
2015-04-27,2.25,26.21,30.62,21.83,78.23,1.17,19.43
2015-04-28,1.21,26.35,31.35,21.67,77.51,1.36,22.3
2015-04-29,1.97,26.31,31.01,22.41,82.06,2.31,19.81
2015-04-30,5.54,27.0,31.93,23.01,82.27,2.45,18.12
2015-05-01,10.99,27.7,32.19,24.28,82.41,2.25,18.12
2015-05-02,3.0,27.06,30.78,24.27,84.92,2.63,14.36
2015-05-03,1.18,27.74,32.19,23.95,81.01,1.83,21.99
2015-05-04,0.05,28.75,33.5,24.4,77.47,1.46,23.07
2015-05-05,0.13,28.35,33.22,24.3,78.12,1.67,25.25
2015-05-06,1.58,28.1,32.62,24.72,79.05,1.77,24.15
2015-05-07,9.25,27.68,32.58,24.19,81.91,1.95,17.41
2015-05-08,5.46,27.16,31.71,23.27,78.96,1.28,18.51
2015-05-09,0.39,27.86,33.29,22.7,78.12,1.89,20.44
2015-05-10,20.51,27.73,31.4,24.93,87.42,2.04,11.12
2015-05-11,25.01,26.99,29.04,25.19,91.13,1.53,10.62
2015-05-12,5.81,27.46,31.78,24.55,88.44,1.8,12.48
2015-05-13,0.28,28.31,33.14,24.31,80.7,1.73,23.18
2015-05-14,0.09,28.99,33.84,24.95,82.77,2.18,22.23
2015-05-15,11.67,28.65,32.71,25.98,85.02,2.32,17.61
2015-05-16,7.12,27.7,30.38,25.58,87.24,1.31,19.72
2015-05-17,10.83,27.71,31.18,25.26,86.74,1.45,14.43
2015-05-18,5.83,27.88,32.41,24.19,82.31,1.95,16.65
2015-05-19,0.01,28.54,33.78,24.08,79.95,1.94,24.52
2015-05-20,0.0,29.28,34.14,24.32,76.45,1.05,23.56
2015-05-21,0.92,28.93,32.55,26.26,81.51,1.92,20.53
2015-05-22,2.14,29.72,34.9,25.63,80.96,2.69,20.42
2015-05-23,12.48,29.7,34.63,26.49,83.87,3.63,21.07
2015-05-24,29.34,27.84,30.83,25.67,91.53,3.7,14.76
2015-05-25,2.55,28.16,31.24,25.92,86.97,3.44,23.72
2015-05-26,5.06,27.99,31.78,25.4,87.03,2.69,16.86
2015-05-27,12.0,27.64,31.05,25.16,89.76,2.65,17.54
2015-05-28,5.25,27.98,31.56,25.82,88.89,3.08,19.46
2015-05-29,4.8,28.81,32.5,25.95,86.3,2.89,19.1
2015-05-30,18.01,28.48,30.96,26.67,90.35,2.09,12.8
2015-05-31,4.71,28.4,31.2,26.29,88.36,2.57,19.4
2015-06-01,0.62,28.43,30.95,26.68,87.93,2.75,21.2
2015-06-02,2.79,28.91,32.64,26.25,85.35,2.56,20.91
2015-06-03,4.55,29.03,32.68,26.24,86.37,1.89,22.58
2015-06-04,0.12,29.04,32.88,26.06,84.34,1.35,21.88
2015-06-05,2.54,29.35,33.23,25.84,83.29,1.99,20.19
2015-06-06,0.64,28.87,32.26,26.48,85.41,2.95,14.93
2015-06-07,0.28,28.47,31.15,26.56,87.27,2.8,21.99
2015-06-08,0.13,29.18,32.83,26.47,84.92,3.08,19.21
2015-06-09,1.76,29.22,32.83,26.85,84.6,3.84,19.33
2015-06-10,26.14,28.37,30.66,26.58,90.8,3.62,7.5
2015-06-11,23.85,27.83,29.74,26.58,93.59,3.14,2.15
2015-06-12,27.08,27.52,29.65,25.53,93.65,2.88,14.72
2015-06-13,17.1,27.3,30.29,25.42,89.29,3.13,8.66
2015-06-14,9.2,27.61,31.19,25.11,88.35,2.44,18.49
2015-06-15,12.03,27.01,29.15,25.38,91.66,2.26,12.75
2015-06-16,9.11,26.98,29.04,25.48,93.46,2.5,13.82
2015-06-17,1.87,27.53,30.42,25.18,89.78,1.52,17.45
2015-06-18,0.85,27.76,30.58,25.32,87.37,1.03,21.37
2015-06-19,5.38,28.71,32.58,25.64,86.15,1.6,22.05
2015-06-20,9.22,27.92,30.42,25.85,90.25,2.15,23.51
2015-06-21,8.82,28.08,32.42,25.24,88.24,3.07,21.59
2015-06-22,34.1,28.18,31.51,25.77,89.32,3.83,12.54
2015-06-23,28.09,28.1,30.93,26.22,90.84,4.35,5.68
2015-06-24,33.03,28.9,32.28,26.33,89.79,3.04,7.35
2015-06-25,47.57,28.9,31.92,26.99,89.97,1.72,10.35
2015-06-26,44.92,27.72,29.87,26.26,93.15,3.11,7.85
2015-06-27,23.78,27.23,29.03,25.8,91.73,3.88,11.22
2015-06-28,4.96,27.71,30.92,25.62,88.76,2.99,16.66
2015-06-29,1.89,27.22,30.86,24.64,87.68,2.96,16.95
2015-06-30,0.57,27.77,32.44,24.12,87.89,2.98,18.83
2015-07-01,4.39,27.78,31.56,24.81,87.96,2.85,20.58
2015-07-02,18.3,28.29,32.08,25.7,89.03,3.29,15.93
2015-07-03,8.73,28.66,32.19,26.1,88.99,3.03,15.82
2015-07-04,1.73,28.84,32.39,25.99,88.68,2.82,16.37
2015-07-05,7.7,28.81,32.23,26.65,89.01,1.54,16.43
2015-07-06,9.45,28.26,30.84,26.51,91.05,1.42,18.98
2015-07-07,20.9,28.5,31.21,26.11,89.83,1.34,16.66
2015-07-08,68.17,28.04,30.46,26.24,94.02,2.14,15.76
2015-07-09,65.44,27.33,29.54,25.61,92.88,3.45,6.98
2015-07-10,20.39,27.79,32.63,24.71,86.57,2.72,10.99
2015-07-11,15.39,27.34,30.43,24.09,90.81,2.08,20.72
2015-07-12,2.16,28.29,31.97,25.39,88.47,2.12,19.36
2015-07-13,3.66,28.72,32.56,25.3,87.95,2.03,17.87
2015-07-14,14.2,28.79,32.3,26.25,90.72,2.43,19.28
2015-07-15,35.37,28.35,30.75,26.86,93.01,3.01,5.01
2015-07-16,62.19,27.78,29.27,26.18,93.88,2.18,13.26
2015-07-17,28.6,26.8,28.28,25.69,94.91,2.64,11.25
2015-07-18,64.34,26.75,28.11,25.6,95.81,2.92,8.52
2015-07-19,51.47,26.77,28.91,25.29,93.53,2.54,5.42
2015-07-20,16.13,27.49,30.77,25.2,91.05,2.29,10.34
2015-07-21,11.99,27.22,29.48,25.28,92.8,2.29,19.43
2015-07-22,10.14,27.01,29.8,25.15,92.49,2.76,14.73
2015-07-23,20.5,27.27,29.79,25.55,93.04,3.37,14.14
2015-07-24,43.78,26.66,28.32,25.33,95.52,2.87,4.97
2015-07-25,59.78,26.56,28.14,25.17,94.62,4.14,12.18
2015-07-26,26.04,26.73,28.65,24.96,94.19,2.63,7.83
2015-07-27,38.1,26.1,27.81,24.62,94.7,4.39,6.42
2015-07-28,23.32,27.12,29.37,25.61,91.61,2.74,17.65
2015-07-29,3.38,28.41,32.26,24.98,88.31,2.47,17.52
2015-07-30,25.72,26.88,28.55,25.64,92.36,4.7,11.11
2015-07-31,40.13,26.54,28.13,25.06,95.67,4.0,9.1
2015-08-01,20.85,26.58,28.69,25.03,93.22,4.2,12.54
2015-08-02,1.13,26.29,29.2,24.19,90.71,2.96,18.22
2015-08-03,4.61,26.56,30.24,23.85,90.08,2.38,19.15
2015-08-04,5.31,27.18,31.17,24.24,90.44,2.21,19.61
2015-08-05,2.85,27.63,31.0,24.95,90.12,2.21,19.3
2015-08-06,1.8,28.14,31.4,25.47,89.48,1.78,20.73
2015-08-07,11.51,27.69,29.74,26.05,91.8,1.47,15.01
2015-08-08,0.62,28.14,31.07,25.7,89.2,1.14,10.65
2015-08-09,6.55,27.81,31.08,25.11,89.32,1.63,17.14
2015-08-10,7.27,28.0,31.09,24.76,87.24,1.25,16.55
2015-08-11,8.6,27.87,29.88,26.19,91.69,1.08,18.96
2015-08-12,2.25,28.06,31.41,25.43,90.64,1.72,17.27
2015-08-13,4.83,27.67,30.14,25.9,92.51,2.27,18.84
2015-08-14,11.57,28.27,31.73,25.62,90.9,2.36,15.0
2015-08-15,6.97,28.02,30.89,26.35,91.69,2.71,17.37
2015-08-16,13.74,27.65,30.22,25.99,92.19,3.35,14.15
2015-08-17,33.12,27.43,30.02,25.68,92.75,3.7,13.59
2015-08-18,23.15,27.78,30.74,25.94,92.19,3.35,10.17
2015-08-19,30.4,28.22,31.56,25.78,91.46,3.31,9.26
2015-08-20,25.05,28.21,30.56,26.73,92.95,2.18,4.65
2015-08-21,20.37,27.17,28.83,25.39,93.87,1.56,12.63
2015-08-22,2.93,27.72,31.26,24.87,89.45,1.88,16.49
2015-08-23,4.03,27.55,30.58,25.53,91.07,2.04,18.85
2015-08-24,0.2,27.96,31.2,25.32,89.74,2.12,18.25
2015-08-25,0.16,27.61,30.34,25.76,91.6,1.83,15.7
2015-08-26,1.44,27.44,30.13,25.01,91.24,1.62,17.14
2015-08-27,3.56,27.22,29.32,25.46,93.12,2.1,16.83
2015-08-28,6.47,26.99,29.89,24.66,92.03,2.86,17.43
2015-08-29,8.14,27.55,31.02,25.41,91.33,3.35,13.57
2015-08-30,20.21,27.62,30.93,25.17,92.6,3.38,14.02
2015-08-31,51.55,27.48,28.93,26.42,95.09,3.26,5.9
2015-09-01,17.48,27.31,28.98,26.18,95.05,1.84,6.02
2015-09-02,10.91,27.01,29.15,25.1,92.93,1.49,11.51
2015-09-03,18.5,27.03,29.51,25.8,92.23,2.4,10.08
2015-09-04,3.86,27.36,30.82,24.92,90.19,1.79,10.25
2015-09-05,2.36,27.2,30.73,24.76,90.8,1.54,11.63
2015-09-06,1.76,27.78,31.44,24.98,89.46,1.58,17.5
2015-09-07,8.84,27.32,30.56,25.56,92.27,2.0,14.17
2015-09-08,1.25,27.55,31.13,24.59,89.21,1.52,18.75
2015-09-09,0.39,28.8,32.34,25.34,85.91,1.13,19.27
2015-09-10,8.55,27.62,29.46,26.18,93.13,0.83,18.1
2015-09-11,12.67,28.01,31.13,25.24,86.56,0.94,19.75
2015-09-12,3.78,29.06,33.39,24.84,82.15,0.72,22.85
2015-09-13,16.02,28.44,31.81,25.68,86.71,0.96,15.64
2015-09-14,7.02,27.47,29.78,25.67,91.58,1.34,18.12
2015-09-15,3.3,28.1,31.74,25.91,89.93,1.47,20.52
2015-09-16,0.83,28.21,32.02,25.46,89.17,1.57,21.7
2015-09-17,0.01,29.34,33.02,25.76,83.13,0.63,20.2
2015-09-18,3.03,30.28,34.33,26.12,80.43,0.61,20.98
2015-09-19,15.5,27.05,28.16,25.64,94.88,2.48,11.27
2015-09-20,24.64,26.54,28.25,25.09,94.8,3.3,14.6
2015-09-21,41.08,27.3,30.01,25.28,92.75,3.46,8.56
2015-09-22,26.47,27.85,30.95,25.72,92.02,2.77,3.94
2015-09-23,32.78,27.44,29.67,26.14,93.05,2.83,5.27
2015-09-24,6.63,27.18,29.67,25.45,92.03,1.88,8.13
2015-09-25,0.3,27.73,31.03,25.07,87.76,1.49,18.64
2015-09-26,0.0,28.28,31.74,24.15,77.66,0.84,20.74
2015-09-27,0.0,27.81,31.47,23.65,73.56,0.73,21.63
2015-09-28,0.0,27.68,31.57,24.25,77.38,0.86,22.05
2015-09-29,0.0,28.19,32.21,24.46,83.34,0.99,22.16
2015-09-30,0.56,28.77,31.37,25.8,81.15,0.86,21.77
2015-10-01,0.27,28.63,31.84,25.29,83.97,0.83,16.9
2015-10-02,2.53,28.11,31.28,25.81,90.31,1.11,18.26
2015-10-03,5.08,27.26,30.0,25.41,90.99,1.15,17.17
2015-10-04,2.13,27.9,31.07,25.04,85.09,0.63,19.47
2015-10-05,7.06,27.66,30.98,25.43,85.59,0.57,18.37
2015-10-06,15.87,28.13,30.88,25.34,83.84,0.64,19.4
2015-10-07,24.15,26.67,28.89,24.92,91.92,1.21,16.45
2015-10-08,32.95,25.62,27.74,24.12,95.36,1.87,3.01
2015-10-09,13.13,26.83,30.34,24.24,90.95,2.62,16.5
2015-10-10,2.94,27.56,31.33,24.96,88.13,1.41,11.26
2015-10-11,1.77,27.27,30.88,23.77,84.25,1.13,12.66
2015-10-12,8.68,25.38,28.93,22.69,88.13,1.47,17.05
2015-10-13,4.93,25.27,29.37,22.31,88.11,0.97,13.21
2015-10-14,1.95,25.09,28.51,22.32,89.12,1.44,15.47
2015-10-15,1.02,25.84,29.28,22.66,85.46,1.0,18.59
2015-10-16,0.15,26.25,30.07,22.79,82.36,0.85,18.73
2015-10-17,0.0,26.57,30.37,22.87,80.22,0.72,18.69
2015-10-18,0.0,26.52,30.33,23.1,79.53,0.86,19.94
2015-10-19,0.0,26.69,30.53,22.77,80.35,0.67,20.24
2015-10-20,0.0,26.76,30.64,22.94,77.92,0.74,20.53
2015-10-21,0.0,26.36,30.1,21.95,74.72,0.55,20.39
2015-10-22,0.0,26.0,30.17,21.4,75.33,0.59,20.33
2015-10-23,0.86,25.78,29.84,21.05,79.44,0.67,16.64
2015-10-24,0.03,25.03,29.53,20.61,82.48,0.93,19.35
2015-10-25,0.0,24.83,29.11,20.95,81.37,0.93,19.79
2015-10-26,0.0,24.41,29.42,20.29,79.12,0.95,20.81
2015-10-27,0.0,24.26,28.85,19.62,76.14,0.81,20.45
2015-10-28,0.0,24.03,28.0,20.19,72.9,0.69,19.7
2015-10-29,0.0,24.4,28.71,20.74,76.54,0.73,15.91
2015-10-30,0.05,24.24,28.28,19.69,84.76,0.97,11.33
2015-10-31,0.59,23.5,26.01,21.28,91.12,1.42,7.24
2015-11-01,1.73,22.91,27.07,19.5,89.49,1.38,9.31
2015-11-02,1.87,23.78,28.5,20.56,89.51,1.22,17.0
2015-11-03,0.0,24.33,28.63,20.27,84.79,0.83,17.84
2015-11-04,0.0,24.81,28.94,20.17,79.39,0.74,18.15
2015-11-05,0.0,25.08,29.03,20.85,74.72,0.63,17.36
2015-11-06,0.0,25.03,29.33,19.98,73.37,0.74,18.04
2015-11-07,0.0,23.61,28.58,19.6,80.47,1.13,18.49
2015-11-08,0.0,22.4,28.09,17.31,78.78,1.41,19.19
2015-11-09,0.0,22.47,27.69,18.23,77.52,0.92,16.49
2015-11-10,0.0,22.99,28.03,18.44,78.21,0.78,18.15
2015-11-11,0.0,23.1,27.63,17.85,77.99,0.81,17.71
2015-11-12,0.0,23.31,27.64,18.09,75.49,0.81,18.73
2015-11-13,0.0,22.82,27.43,17.36,78.38,0.88,18.68
2015-11-14,0.0,22.93,27.29,18.51,77.86,0.7,17.61
2015-11-15,0.21,22.78,27.63,17.42,79.75,0.71,16.74
2015-11-16,0.02,22.89,27.41,17.52,78.74,0.92,16.82
2015-11-17,0.12,22.58,26.41,19.04,79.28,0.8,7.98
2015-11-18,0.09,22.73,26.44,19.41,82.21,0.74,8.24
2015-11-19,0.0,22.05,27.24,16.84,81.58,1.18,17.16
2015-11-20,0.0,22.91,28.32,16.77,79.63,0.94,18.33
2015-11-21,0.0,23.58,28.5,18.14,80.49,0.85,18.39
2015-11-22,0.0,23.58,28.13,19.19,79.26,0.53,18.36
2015-11-23,0.0,22.8,27.61,18.53,77.2,0.82,18.33
2015-11-24,0.0,22.08,26.67,17.76,67.66,0.66,18.18
2015-11-25,0.0,20.81,26.52,14.66,75.38,0.82,17.32
2015-11-26,0.0,20.79,26.23,14.68,75.7,0.77,16.72
2015-11-27,0.0,20.3,25.73,14.42,75.43,1.01,15.72
2015-11-28,0.0,20.45,26.27,14.27,77.74,0.99,15.75
2015-11-29,0.0,21.75,27.2,15.74,78.12,0.84,16.63
2015-11-30,0.0,22.05,26.79,16.94,82.43,0.84,16.31
2015-12-01,0.0,22.4,27.06,18.03,83.44,0.79,13.44
2015-12-02,0.0,22.14,25.7,19.2,82.25,0.66,7.41
2015-12-03,0.0,21.55,25.98,18.1,87.83,1.26,9.67
2015-12-04,0.0,22.31,26.25,18.9,82.56,0.86,10.88
2015-12-05,0.0,21.35,26.25,16.67,77.92,0.99,14.5
2015-12-06,0.0,21.04,26.2,15.79,73.84,0.86,14.85
2015-12-07,0.0,20.77,25.27,15.81,78.65,0.74,11.93
2015-12-08,0.0,20.99,25.45,15.9,79.49,0.74,11.0
2015-12-09,0.0,20.99,25.41,15.85,78.51,0.82,12.05
2015-12-10,0.0,20.59,25.45,16.76,76.89,0.92,14.41
2015-12-11,0.0,20.04,25.4,15.19,78.99,1.09,11.75
2015-12-12,0.02,19.79,25.7,14.77,87.49,1.46,10.73
2015-12-13,0.88,21.64,26.51,17.21,87.07,1.15,7.91
2015-12-14,0.01,21.48,25.47,17.37,74.89,0.8,8.67
2015-12-15,0.02,19.04,24.39,14.31,76.63,0.93,9.19
2015-12-16,0.0,16.96,23.16,11.73,68.59,1.26,12.71
2015-12-17,0.0,16.58,22.48,11.23,62.43,1.01,15.58
2015-12-18,0.29,14.17,19.13,10.47,86.5,1.15,7.18
2015-12-19,0.0,15.82,21.64,11.05,79.18,1.16,13.71
2015-12-20,0.0,16.5,22.38,10.15,65.69,0.93,15.69
2015-12-21,0.0,16.51,22.07,9.81,61.06,0.93,16.09
2015-12-22,0.0,16.58,22.36,9.46,66.9,0.88,15.57
2015-12-23,0.0,16.89,23.36,10.89,67.87,1.0,15.82
2015-12-24,0.0,16.82,22.85,11.33,65.36,1.08,14.59
2015-12-25,0.0,16.08,23.08,10.46,74.82,1.44,8.05
2015-12-26,0.0,15.4,22.9,9.33,73.0,1.28,15.71
2015-12-27,0.0,16.27,22.86,11.09,65.61,0.93,15.88
2015-12-28,0.0,17.53,23.59,11.47,68.86,0.8,15.28
2015-12-29,0.0,17.6,24.02,10.68,71.23,0.88,13.76
2015-12-30,0.0,18.27,24.48,11.62,70.22,0.79,14.26
2015-12-31,0.0,18.8,24.9,14.29,72.88,0.74,12.12
2016-01-01,0.0,18.84,25.38,12.05,74.75,0.84,16.53
2016-01-02,0.0,18.88,25.7,12.74,70.51,1.02,16.68
2016-01-03,0.0,18.63,24.22,14.2,67.77,0.89,15.34
2016-01-04,0.0,18.42,24.73,13.6,70.39,0.7,15.74
2016-01-05,0.0,18.29,24.21,13.26,68.18,0.81,16.11
2016-01-06,0.0,18.57,24.18,14.0,63.92,0.75,15.83
2016-01-07,0.0,19.18,25.73,14.15,65.83,0.85,14.83
2016-01-08,0.0,18.79,24.98,14.4,65.26,0.93,15.47
2016-01-09,0.06,18.36,25.23,12.93,81.87,1.6,13.1
2016-01-10,0.0,19.21,25.29,13.24,76.14,0.77,10.38
2016-01-11,0.0,18.13,24.44,13.59,69.09,1.07,13.25
2016-01-12,0.0,17.4,23.35,12.03,57.96,1.03,15.14
2016-01-13,0.0,17.69,23.29,12.0,59.18,0.94,13.41
2016-01-14,0.0,18.83,24.39,13.8,59.56,0.85,12.28
2016-01-15,0.0,18.72,24.59,13.18,59.47,1.06,15.22
2016-01-16,0.0,19.21,25.34,12.57,62.37,1.13,14.04
2016-01-17,0.0,18.64,25.22,12.64,62.88,1.0,14.25
2016-01-18,0.0,18.18,24.81,10.66,56.26,0.93,15.62
2016-01-19,0.0,19.66,26.29,12.68,53.15,0.82,15.36
2016-01-20,1.05,19.11,26.0,13.28,68.86,1.09,10.46
2016-01-21,1.07,17.06,21.09,13.98,86.33,1.31,8.23
2016-01-22,0.01,16.0,22.95,9.97,73.78,1.51,13.62
2016-01-23,0.0,15.46,23.28,10.44,66.92,1.34,12.66
2016-01-24,0.0,14.88,22.73,9.18,57.68,1.36,16.25
2016-01-25,0.0,15.41,23.48,9.03,54.08,1.06,17.0
2016-01-26,0.0,15.91,22.55,7.69,50.88,1.04,17.94
2016-01-27,0.0,15.6,23.08,7.82,60.02,1.21,17.6
2016-01-28,0.0,17.0,24.85,9.83,72.74,1.29,13.61
2016-01-29,0.0,19.05,26.55,13.37,71.5,1.29,12.41
2016-01-30,0.0,19.04,25.59,13.89,55.46,1.05,12.18
2016-01-31,0.01,18.97,26.28,12.49,71.87,1.37,9.7
2016-02-01,0.04,19.86,26.83,14.15,79.28,1.29,10.99
2016-02-02,0.0,21.41,28.13,14.16,68.76,1.4,12.48
2016-02-03,0.0,21.54,27.92,16.11,55.84,1.07,12.86
2016-02-04,0.0,19.33,27.18,13.16,59.15,1.37,17.2
2016-02-05,0.0,18.56,26.55,12.96,52.53,1.32,18.24
2016-02-06,0.0,19.46,28.06,12.26,50.28,1.23,18.66
2016-02-07,0.0,20.46,28.62,13.26,47.35,1.08,19.11
2016-02-08,0.0,19.17,28.11,11.98,67.94,1.77,18.85
2016-02-09,0.47,20.27,27.46,14.89,81.1,1.86,11.37
2016-02-10,0.16,21.77,28.15,17.19,73.66,1.55,13.4
2016-02-11,0.07,21.72,29.16,16.11,72.09,1.71,15.36
2016-02-12,12.24,22.47,28.62,18.06,84.29,2.15,8.61
2016-02-13,0.35,23.55,30.05,18.2,68.51,0.99,16.55
2016-02-14,0.0,23.15,30.21,16.08,65.43,1.24,16.41
2016-02-15,0.0,24.38,31.45,17.61,64.05,1.17,17.08
2016-02-16,0.0,25.32,32.6,19.17,49.17,1.07,17.62
2016-02-17,0.0,25.73,32.69,18.62,45.58,1.07,16.79
2016-02-18,0.0,26.13,32.65,20.78,50.98,1.2,17.28
2016-02-19,0.0,25.31,33.31,18.57,68.9,1.89,18.38
2016-02-20,0.0,25.81,32.89,20.15,74.19,2.61,17.86
2016-02-21,0.0,26.3,33.92,20.45,73.92,3.07,17.2
2016-02-22,0.18,26.57,32.73,22.39,76.1,2.24,14.21
2016-02-23,1.29,25.74,31.77,20.95,76.33,2.25,16.43
2016-02-24,14.6,25.1,31.01,21.08,74.27,2.16,8.77
2016-02-25,21.19,24.11,29.06,20.62,77.02,1.56,15.16
2016-02-26,0.0,24.73,31.74,18.31,63.46,1.13,20.02
2016-02-27,0.1,24.5,28.11,20.64,68.07,0.87,17.77
2016-02-28,0.0,26.24,32.21,19.47,53.35,0.82,19.97
2016-02-29,0.0,26.07,32.52,19.55,48.14,0.85,20.75
2016-03-01,0.0,25.29,32.72,18.81,54.73,1.11,18.05
2016-03-02,0.0,25.82,33.31,18.88,57.41,1.18,18.15
2016-03-03,0.07,26.35,33.57,21.54,54.43,0.98,18.5
2016-03-04,0.05,25.43,33.99,17.85,59.77,1.51,19.36
2016-03-05,0.39,26.19,34.45,19.41,63.7,1.24,18.31
2016-03-06,0.0,27.01,35.65,20.01,62.52,1.42,20.11
2016-03-07,2.84,26.69,34.07,19.94,58.82,1.29,20.98
2016-03-08,0.0,26.95,34.68,19.39,52.18,1.61,18.03
2016-03-09,0.0,27.71,35.75,20.28,61.91,1.9,18.68
2016-03-10,0.04,28.34,35.28,22.75,63.29,1.76,15.05
2016-03-11,0.0,28.53,35.88,22.9,60.26,1.47,15.88
2016-03-12,0.0,26.99,32.84,22.21,64.01,1.74,17.25
2016-03-13,0.0,28.06,37.16,20.48,56.9,1.7,19.44
2016-03-14,0.0,27.82,35.54,20.83,46.93,1.27,17.74
2016-03-15,0.0,27.71,34.78,21.53,44.15,1.21,21.63
2016-03-16,1.34,27.13,34.54,20.4,54.98,1.47,16.18
2016-03-17,0.02,27.51,35.23,20.88,50.49,1.4,23.44
2016-03-18,0.07,27.21,35.39,19.88,39.1,1.2,23.63
2016-03-19,5.37,26.94,33.72,21.3,71.18,1.96,14.22
2016-03-20,1.71,27.75,34.73,22.1,70.57,2.0,13.09
2016-03-21,6.21,28.28,35.24,22.7,70.18,2.54,16.46
2016-03-22,11.43,27.74,34.11,23.0,72.57,2.46,21.25
2016-03-23,0.33,28.17,35.31,22.44,70.04,2.27,19.4
2016-03-24,0.02,28.7,35.61,21.65,60.37,1.28,22.84
2016-03-25,0.0,28.85,37.09,20.92,41.89,1.37,23.66
2016-03-26,0.0,28.02,36.11,19.67,54.52,1.59,20.59
2016-03-27,0.0,28.45,35.9,22.83,68.06,3.09,18.66
2016-03-28,24.14,26.35,31.98,23.07,80.71,3.29,10.09
2016-03-29,22.05,26.38,31.56,22.5,81.28,2.44,15.51
2016-03-30,2.14,27.07,32.05,23.39,76.27,2.18,19.83
2016-03-31,15.9,24.67,28.17,22.28,89.52,2.05,12.43
2016-04-01,21.95,23.33,25.81,21.61,91.91,1.71,10.32
2016-04-02,2.37,25.45,31.15,20.18,82.44,1.41,15.27
2016-04-03,25.65,26.54,31.47,22.63,86.17,2.35,13.99
2016-04-04,27.3,26.58,30.79,23.77,86.67,3.14,8.74
2016-04-05,2.27,26.82,31.49,23.76,85.37,4.01,14.71
2016-04-06,2.93,27.61,33.08,24.15,83.85,4.01,18.26
2016-04-07,0.42,27.98,33.67,24.4,81.24,3.77,20.51
2016-04-08,0.05,28.28,34.87,24.03,78.33,2.92,19.58
2016-04-09,0.03,28.83,35.34,23.85,76.98,3.12,21.41
2016-04-10,0.0,29.77,36.7,24.97,75.69,3.05,22.59
2016-04-11,0.0,29.51,36.23,25.18,75.47,3.64,22.09
2016-04-12,0.02,29.9,36.17,25.4,75.23,4.03,18.3
2016-04-13,1.17,29.76,36.13,25.48,75.68,3.64,20.24
2016-04-14,11.3,29.11,34.83,25.25,78.54,3.93,21.38
2016-04-15,13.42,28.75,34.11,25.56,81.16,3.72,20.22
2016-04-16,6.49,28.96,34.1,25.63,80.71,4.76,18.55
2016-04-17,1.44,28.47,33.71,25.59,80.74,3.38,15.84
2016-04-18,1.05,28.41,33.2,25.25,78.8,3.48,16.01
2016-04-19,0.09,29.55,35.68,25.58,74.13,4.38,19.54
2016-04-20,0.17,28.83,34.81,24.87,74.41,4.15,20.3
2016-04-21,0.24,29.33,34.69,25.53,72.88,5.08,18.67
2016-04-22,0.97,29.56,34.8,26.1,74.85,5.12,19.11
2016-04-23,0.57,29.98,35.33,26.27,72.88,5.36,19.13
2016-04-24,0.21,30.56,36.53,26.26,72.05,4.5,21.47
2016-04-25,1.96,30.08,35.39,26.07,73.29,4.03,20.09
2016-04-26,0.63,30.02,36.44,25.55,73.24,3.39,22.0
2016-04-27,0.15,29.69,35.51,25.29,72.24,3.07,20.46
2016-04-28,0.26,29.57,35.54,25.49,73.02,3.15,20.32
2016-04-29,0.08,29.45,35.34,25.39,76.43,3.16,20.35
2016-04-30,0.36,29.96,36.29,25.24,73.34,3.17,21.19
2016-05-01,5.7,29.87,36.41,25.62,72.23,3.53,18.45
2016-05-02,19.29,27.93,33.22,24.64,82.74,2.17,13.15
2016-05-03,17.0,27.34,31.84,23.68,83.3,1.53,19.45
2016-05-04,10.89,27.25,31.12,24.45,85.53,1.6,17.94
2016-05-05,3.14,28.37,33.41,24.0,75.39,1.25,18.66
2016-05-06,11.67,28.0,33.14,23.52,77.66,1.67,21.03
2016-05-07,4.35,27.8,32.85,23.59,77.92,1.12,18.43
2016-05-08,3.04,28.61,33.68,23.97,73.24,1.04,22.68
2016-05-09,0.75,28.69,33.15,24.73,75.58,1.2,23.68
2016-05-10,0.01,28.77,32.71,25.06,75.41,0.72,23.25
2016-05-11,0.02,30.44,35.84,25.07,66.84,0.88,22.92
2016-05-12,5.93,30.25,35.87,25.33,71.4,1.79,17.62
2016-05-13,26.78,27.46,30.6,25.14,87.3,2.44,13.63
2016-05-14,35.34,28.42,32.93,25.48,85.75,2.49,22.1
2016-05-15,18.58,28.39,32.57,25.19,86.19,2.77,19.92
2016-05-16,1.54,29.1,33.31,26.15,82.45,3.46,21.42
2016-05-17,3.68,29.16,33.57,26.44,83.34,3.55,18.42
2016-05-18,17.85,28.95,33.06,26.61,85.78,3.16,13.84
2016-05-19,46.21,26.88,28.87,25.0,91.43,2.38,10.58
2016-05-20,49.97,26.08,28.02,24.65,93.13,2.82,8.48
2016-05-21,133.32,25.96,28.32,24.28,94.76,3.64,3.43
2016-05-22,1.22,28.24,32.78,24.34,82.72,2.15,20.05
2016-05-23,1.07,28.85,32.44,26.03,87.9,1.87,23.84
2016-05-24,0.34,28.79,31.89,26.42,87.89,1.53,23.12
2016-05-25,3.01,29.38,33.74,26.05,84.42,2.25,21.3
2016-05-26,18.85,28.64,33.08,25.08,86.19,2.36,23.61
2016-05-27,14.69,28.56,32.79,25.23,84.04,1.95,16.58
2016-05-28,61.73,27.91,31.86,24.95,88.16,2.14,10.77
2016-05-29,12.65,28.47,32.47,25.02,87.39,1.78,15.87
2016-05-30,4.38,28.74,32.16,25.84,86.77,2.03,20.31
2016-05-31,6.32,28.13,30.79,26.01,89.51,2.33,15.18
2016-06-01,3.83,28.15,31.88,25.26,86.87,1.93,21.6
2016-06-02,0.35,28.66,33.07,24.56,84.7,1.68,23.35
2016-06-03,0.95,28.83,33.18,24.83,84.2,1.56,23.7
2016-06-04,6.46,28.15,32.01,25.51,84.99,1.77,24.29
2016-06-05,2.92,28.04,31.06,25.44,90.0,2.07,23.16
2016-06-06,21.95,27.79,30.8,25.86,88.7,2.88,20.39
2016-06-07,21.15,27.07,29.31,25.7,93.63,3.23,15.63
2016-06-08,18.94,27.52,29.72,26.04,92.67,3.08,18.42
2016-06-09,2.64,26.93,29.01,24.33,92.47,3.31,13.21
2016-06-10,9.42,27.58,30.71,24.08,89.88,1.9,17.06
2016-06-11,17.5,28.74,31.78,26.58,92.59,1.97,11.72
2016-06-12,23.23,28.01,29.82,26.5,93.93,3.2,8.42
2016-06-13,2.69,27.19,29.51,24.7,94.19,3.11,10.32
2016-06-14,3.99,28.24,31.17,26.08,90.52,2.39,17.22
2016-06-15,3.07,28.02,30.67,26.24,91.32,2.74,16.04
2016-06-16,12.58,28.26,31.48,25.82,88.62,2.6,18.29
2016-06-17,10.95,27.9,31.25,25.64,89.13,2.81,18.8
2016-06-18,1.3,27.92,30.81,25.81,89.8,3.02,19.84
2016-06-19,4.33,27.71,29.78,25.77,90.57,2.64,20.43
2016-06-20,5.99,28.21,32.15,25.12,88.4,2.24,18.57
2016-06-21,3.69,28.36,31.36,25.8,88.96,2.31,21.24
2016-06-22,14.58,27.89,30.58,26.07,90.7,1.9,16.23
2016-06-23,5.67,28.39,31.57,26.23,88.7,1.63,10.5
2016-06-24,4.59,28.43,31.66,26.04,88.64,1.82,18.81
2016-06-25,2.29,28.86,32.69,25.81,85.7,1.43,20.67
2016-06-26,5.75,28.98,33.47,25.96,87.06,1.39,22.59
2016-06-27,5.07,28.93,33.08,26.33,87.91,2.02,22.83
2016-06-28,4.27,29.27,33.17,26.44,87.57,1.96,23.04
2016-06-29,13.19,29.36,33.53,26.31,86.81,1.59,22.88
2016-06-30,2.76,28.54,31.73,26.52,89.95,1.88,19.24
2016-07-01,14.32,28.47,31.06,26.19,90.07,2.99,19.54
2016-07-02,24.35,27.96,29.79,26.76,93.98,3.46,12.86
2016-07-03,66.08,28.12,30.58,26.58,91.87,4.32,11.97
2016-07-04,31.63,27.89,30.38,26.43,92.64,4.0,5.26
2016-07-05,28.89,27.67,29.5,26.28,93.83,3.17,12.62
2016-07-06,24.99,28.41,31.35,26.22,90.54,3.01,11.91
2016-07-07,9.49,28.57,32.15,25.89,90.01,2.49,21.99
2016-07-08,4.29,28.53,32.5,25.92,89.47,2.29,22.58
2016-07-09,10.0,28.04,31.38,25.83,90.64,3.15,18.78
2016-07-10,11.09,27.66,31.12,25.43,90.12,2.73,17.29
2016-07-11,4.87,28.07,31.5,25.66,89.64,2.97,20.08
2016-07-12,12.44,28.08,31.68,25.69,90.18,3.2,17.49
2016-07-13,29.73,28.39,31.64,25.76,90.5,2.71,18.09
2016-07-14,6.85,28.32,31.4,26.26,89.65,2.51,17.98
2016-07-15,32.44,27.7,30.44,26.07,92.09,3.45,18.19
2016-07-16,34.98,26.97,28.69,25.36,93.41,3.87,10.78
2016-07-17,34.41,27.63,30.43,25.66,91.49,3.59,15.68
2016-07-18,36.61,27.43,30.25,25.69,91.25,3.43,10.86
2016-07-19,38.16,27.65,30.33,25.5,91.45,3.22,9.32
2016-07-20,19.32,28.21,31.53,26.11,91.1,2.63,13.48
2016-07-21,5.82,28.11,31.37,25.72,90.41,2.74,15.27
2016-07-22,11.81,26.98,29.63,25.38,92.58,2.7,15.95
2016-07-23,29.81,27.29,30.32,25.28,91.77,2.73,15.12
2016-07-24,18.81,26.91,29.22,25.11,93.21,2.46,17.4
2016-07-25,25.82,26.47,28.71,24.88,93.85,2.91,9.33
2016-07-26,5.99,27.06,31.01,24.47,89.96,2.19,18.82
2016-07-27,0.8,27.88,31.71,23.71,85.44,1.11,18.72
2016-07-28,5.25,27.59,29.79,25.77,90.08,1.35,16.73
2016-07-29,18.96,28.16,30.96,25.67,88.23,1.14,15.19
2016-07-30,25.31,27.86,31.13,25.4,89.81,1.34,20.22
2016-07-31,26.4,27.13,29.21,25.48,90.63,1.05,19.1
2016-08-01,26.45,27.61,31.41,25.22,89.17,1.59,22.24
2016-08-02,10.88,27.46,30.48,25.34,90.88,2.2,21.18
2016-08-03,3.1,28.24,32.22,25.29,90.24,2.18,23.44
2016-08-04,3.04,28.21,31.61,25.81,90.51,2.37,24.57
2016-08-05,6.72,27.81,30.48,26.06,91.65,2.79,18.65
2016-08-06,19.87,27.19,30.23,25.25,93.39,3.22,19.66
2016-08-07,3.29,27.46,30.81,25.27,90.92,2.94,17.61
2016-08-08,4.93,27.62,31.12,25.19,90.41,2.61,20.25
2016-08-09,14.35,27.12,29.41,25.61,93.07,3.36,14.62
2016-08-10,19.41,26.57,28.19,25.27,94.85,4.81,4.8
2016-08-11,9.75,28.02,30.78,26.11,92.22,2.88,15.97
2016-08-12,4.43,28.14,31.78,25.48,89.88,2.59,17.33
2016-08-13,19.7,28.26,31.55,25.79,90.5,2.31,18.88
2016-08-14,24.85,28.19,31.25,26.16,89.68,1.82,17.94
2016-08-15,12.78,28.53,31.77,25.62,89.42,1.65,19.92
2016-08-16,15.09,28.57,32.01,25.67,88.34,1.77,21.36
2016-08-17,18.26,27.5,30.08,25.41,92.46,4.08,14.02
2016-08-18,1.57,28.05,31.42,25.84,90.16,2.78,19.24
2016-08-19,0.39,28.25,31.76,25.46,88.51,1.85,18.8
2016-08-20,3.83,28.94,32.51,25.69,87.57,1.41,10.43
2016-08-21,62.9,27.46,29.83,24.54,95.21,4.17,6.82
2016-08-22,2.87,27.36,31.29,24.33,88.25,2.87,22.89
2016-08-23,0.04,27.93,31.78,24.21,85.34,1.07,20.12
2016-08-24,0.4,28.27,31.74,25.52,89.01,1.39,20.07
2016-08-25,15.48,28.92,32.23,25.65,86.64,0.9,20.85
2016-08-26,24.87,28.37,30.59,26.14,88.69,0.81,17.64
2016-08-27,23.9,29.3,32.8,25.84,85.03,0.7,22.33
2016-08-28,93.82,27.31,28.55,26.11,94.85,1.41,16.04
2016-08-29,13.05,28.31,31.65,25.44,87.21,1.28,20.87
2016-08-30,3.65,27.89,30.49,26.01,91.78,1.91,18.99
2016-08-31,23.74,27.47,29.59,25.85,93.16,2.32,16.21
2016-09-01,40.57,27.5,29.78,25.9,94.45,2.26,14.5
2016-09-02,20.83,27.86,30.15,25.93,93.12,2.36,11.99
2016-09-03,17.66,28.22,31.26,25.98,92.52,2.28,17.5
2016-09-04,18.77,27.62,29.91,26.14,93.82,2.15,18.13
2016-09-05,4.24,27.58,31.55,25.51,91.86,3.15,15.52
2016-09-06,15.28,27.05,30.3,25.15,92.4,3.5,16.31
2016-09-07,2.51,27.74,31.69,25.04,90.33,2.4,17.55
2016-09-08,3.42,27.57,30.92,25.65,91.21,2.2,17.6
2016-09-09,9.01,27.81,31.34,25.41,89.69,1.93,15.87
2016-09-10,3.19,27.93,31.56,25.16,88.13,1.4,15.33
2016-09-11,11.47,26.99,29.35,25.14,92.12,1.3,12.08
2016-09-12,17.57,27.2,30.02,24.76,90.77,1.12,11.29
2016-09-13,11.14,25.67,26.68,24.63,92.92,1.64,14.56
2016-09-14,23.25,27.15,30.24,24.48,89.98,1.07,14.05
2016-09-15,2.63,27.92,31.49,24.32,86.19,0.91,22.05
2016-09-16,2.02,28.24,31.82,25.13,87.61,1.14,13.35
2016-09-17,3.5,27.96,31.11,25.53,88.61,1.19,15.04
2016-09-18,7.81,27.91,31.0,25.69,89.9,1.02,19.18
2016-09-19,3.25,27.76,30.53,25.51,89.93,0.87,15.19
2016-09-20,10.51,28.1,30.72,25.55,85.96,0.76,11.98
2016-09-21,6.31,28.05,30.9,25.71,85.64,0.72,17.86
2016-09-22,2.5,27.62,31.61,24.31,85.88,0.78,17.52
2016-09-23,4.09,27.71,31.53,24.45,86.79,1.18,19.3
2016-09-24,5.49,27.39,29.73,25.68,91.6,1.5,17.61
2016-09-25,7.22,27.5,30.37,25.11,90.96,1.06,18.84
2016-09-26,10.15,27.5,30.09,25.51,89.17,0.99,18.3
2016-09-27,25.46,28.16,31.45,25.15,85.29,0.58,18.88
2016-09-28,33.67,27.86,31.22,25.49,89.67,1.15,12.92
2016-09-29,11.54,27.99,31.72,25.26,90.02,1.38,19.38
2016-09-30,1.47,28.02,31.54,25.05,88.35,0.85,19.24
2016-10-01,14.54,28.53,31.68,25.54,84.44,0.71,20.29
2016-10-02,7.1,27.97,30.17,26.3,89.56,0.78,15.81
2016-10-03,7.74,28.65,31.6,26.2,84.23,0.77,17.22
2016-10-04,12.48,29.16,33.17,25.48,80.34,0.52,18.44
2016-10-05,27.57,27.89,31.16,25.62,86.87,0.83,16.88
2016-10-06,27.74,27.71,31.11,25.2,88.75,1.02,17.23
2016-10-07,8.79,27.64,30.55,25.59,88.74,0.9,12.81
2016-10-08,17.2,26.88,29.6,25.08,92.87,1.31,16.11
2016-10-09,9.35,26.77,29.0,25.21,93.79,1.3,13.85
2016-10-10,9.47,26.78,29.92,25.19,93.4,2.34,10.37
2016-10-11,31.15,26.18,28.16,24.75,95.52,3.02,10.03
2016-10-12,26.7,25.97,28.65,23.84,94.67,3.19,7.85
2016-10-13,12.5,27.54,30.15,25.18,82.19,1.57,14.63
2016-10-14,3.44,27.32,30.48,24.31,80.05,0.64,12.11
2016-10-15,0.28,26.35,30.63,22.99,85.61,1.34,19.54
2016-10-16,0.0,26.83,31.81,22.26,85.55,1.21,20.37
2016-10-17,0.0,27.17,31.86,22.91,87.19,1.43,20.42
2016-10-18,0.0,27.15,31.72,23.19,86.37,1.45,20.3
2016-10-19,0.0,26.68,31.42,22.53,86.28,1.18,20.35
2016-10-20,0.0,26.4,31.09,22.29,85.13,1.12,20.98
2016-10-21,0.0,25.83,30.46,21.42,82.17,1.22,21.37
2016-10-22,0.0,25.28,30.01,20.87,81.6,1.2,21.32
2016-10-23,0.0,24.12,29.14,19.35,84.16,1.3,21.48
2016-10-24,0.0,24.61,29.44,19.76,85.45,1.07,20.27
2016-10-25,0.01,26.06,30.51,21.61,83.12,0.76,19.1
2016-10-26,0.42,26.38,30.22,23.53,84.16,0.62,13.98
2016-10-27,5.96,26.53,29.72,24.34,87.07,0.71,8.19
2016-10-28,7.1,26.18,29.46,23.61,87.49,0.81,11.81
2016-10-29,18.27,26.03,29.62,23.41,88.51,0.99,13.89
2016-10-30,10.03,25.95,29.67,23.28,87.27,0.8,17.66
2016-10-31,2.37,26.65,30.87,22.6,81.99,0.63,17.82
2016-11-01,0.09,27.09,30.72,23.18,81.24,0.7,18.45
2016-11-02,0.04,27.65,31.15,24.11,79.53,0.56,18.67
2016-11-03,1.27,27.11,30.42,24.67,81.62,0.55,16.08
2016-11-04,14.14,24.81,28.24,21.49,88.77,0.97,6.02
2016-11-05,85.4,22.91,25.9,20.9,92.34,1.89,3.86
2016-11-06,127.57,24.25,28.37,21.81,91.83,2.03,6.33
2016-11-07,22.98,23.88,27.32,21.68,91.28,1.58,7.81
2016-11-08,0.41,23.44,27.66,19.85,85.03,1.02,15.56
2016-11-09,0.0,23.31,27.79,18.64,81.28,0.91,18.29
2016-11-10,0.0,22.86,28.0,18.44,83.76,0.87,17.34
2016-11-11,0.0,22.25,27.1,17.84,81.04,0.97,17.53
2016-11-12,0.0,23.3,27.6,18.67,75.73,0.48,17.07
2016-11-13,0.0,23.41,27.45,18.76,77.76,0.82,18.31
2016-11-14,0.0,22.72,27.65,19.06,84.77,1.3,18.01
2016-11-15,0.0,21.23,27.01,16.33,82.25,1.21,18.1
2016-11-16,0.0,21.27,27.6,15.98,84.17,1.17,17.99
2016-11-17,0.0,20.96,27.43,15.48,85.91,1.33,18.3
2016-11-18,0.0,20.85,27.42,15.23,85.03,1.18,18.72
2016-11-19,0.0,21.0,27.22,15.47,83.83,1.02,18.74
2016-11-20,0.0,21.22,26.93,16.21,79.13,0.86,18.57
2016-11-21,0.0,21.55,26.2,17.0,75.61,0.71,17.73
2016-11-22,0.0,21.67,26.09,17.0,76.72,0.76,17.53
2016-11-23,0.0,21.55,26.03,16.31,77.04,0.64,17.44
2016-11-24,0.0,21.19,26.08,15.41,76.71,0.73,17.1
2016-11-25,0.0,21.85,25.82,16.78,73.09,0.54,17.07
2016-11-26,0.0,22.01,26.46,16.07,75.38,0.53,16.99
2016-11-27,0.03,21.79,26.49,16.06,76.12,0.5,16.15
2016-11-28,0.03,21.73,26.58,17.17,78.21,0.72,14.98
2016-11-29,0.06,21.88,26.5,17.69,83.79,0.88,15.86
2016-11-30,0.0,22.45,26.85,17.59,81.13,0.81,16.23
2016-12-01,0.0,22.23,27.07,16.91,79.54,0.69,16.57
2016-12-02,0.0,22.42,27.2,16.79,76.66,0.68,16.61
2016-12-03,0.0,21.11,26.14,16.52,85.02,1.1,16.73
2016-12-04,0.0,21.23,27.16,16.07,83.23,1.01,17.04
2016-12-05,0.0,20.71,26.77,15.03,85.74,1.12,16.19
2016-12-06,0.0,21.84,27.25,16.48,81.8,0.86,17.19
2016-12-07,0.0,21.53,27.25,15.57,76.5,0.65,17.22
2016-12-08,0.0,20.84,26.84,15.64,80.21,0.93,17.26
2016-12-09,0.0,20.34,26.48,15.05,84.23,1.1,16.94
2016-12-10,0.0,19.52,25.96,14.41,85.0,1.18,16.29
2016-12-11,0.0,19.22,25.33,14.05,83.67,1.05,16.23
2016-12-12,0.0,19.06,25.13,15.04,84.75,1.03,16.6
2016-12-13,0.0,17.55,24.09,12.66,83.19,1.22,16.5
2016-12-14,0.0,17.11,23.9,11.72,83.92,1.11,15.23
2016-12-15,0.0,17.68,24.02,12.11,86.21,1.24,14.87
2016-12-16,0.0,18.28,24.47,12.64,87.12,1.04,16.24
2016-12-17,0.0,19.49,24.72,15.69,85.44,0.9,14.71
2016-12-18,0.0,19.54,24.64,14.52,82.98,0.99,14.45
2016-12-19,0.0,19.38,23.99,15.67,85.4,0.94,13.37
2016-12-20,0.0,19.28,23.92,15.52,83.69,1.06,11.46
2016-12-21,0.0,17.85,23.2,13.96,79.06,0.95,11.94
2016-12-22,0.0,18.68,24.99,13.51,79.03,0.87,13.7
2016-12-23,0.0,19.84,24.91,15.85,79.75,0.76,14.34
2016-12-24,0.0,20.97,25.72,15.74,78.74,0.57,14.78
2016-12-25,0.0,21.83,26.21,17.29,76.42,0.6,15.2
2016-12-26,0.56,21.32,26.14,17.24,78.12,0.75,14.51
2016-12-27,0.1,20.33,25.02,16.43,82.77,0.9,11.65
2016-12-28,0.0,18.87,24.45,14.09,83.73,1.04,15.59
2016-12-29,0.0,19.48,25.38,13.84,79.85,0.74,15.95
2016-12-30,0.0,19.23,24.52,14.5,83.62,1.05,14.77
2016-12-31,0.0,19.26,24.37,15.29,80.62,0.76,15.43
2017-01-01,0.0,19.58,24.92,14.27,75.37,0.75,16.24
2017-01-02,0.0,19.67,25.47,14.9,71.79,0.74,16.46
2017-01-03,0.0,19.1,25.4,14.28,75.9,1.01,16.07
2017-01-04,0.0,18.54,24.74,14.13,84.26,1.27,16.13
2017-01-05,0.0,17.88,24.55,12.74,81.62,1.29,16.32
2017-01-06,0.0,17.19,23.99,12.08,76.26,1.22,14.37
2017-01-07,0.0,17.0,24.08,11.7,75.7,1.05,14.44
2017-01-08,0.0,17.45,24.34,10.99,74.1,1.26,17.16
2017-01-09,0.0,18.52,24.81,12.36,70.01,1.09,16.58
2017-01-10,0.0,18.29,25.42,12.64,74.48,1.17,15.67
2017-01-11,0.0,17.13,23.47,11.78,82.03,1.37,15.63
2017-01-12,0.0,15.94,22.48,10.84,78.54,1.6,16.14
2017-01-13,0.0,14.19,21.71,8.47,73.28,1.74,16.28
2017-01-14,10.79,12.82,20.33,7.14,68.71,1.43,17.31
2017-01-15,0.0,13.89,22.05,7.67,72.39,1.28,17.73
2017-01-16,0.0,14.86,22.96,8.79,74.54,1.27,17.62
2017-01-17,0.0,15.76,23.05,9.31,66.74,1.25,17.67
2017-01-18,0.0,16.89,23.58,11.04,65.22,1.33,17.34
2017-01-19,0.0,17.23,25.12,11.09,72.01,1.39,17.97
2017-01-20,0.0,16.85,24.53,10.94,72.16,1.34,17.01
2017-01-21,0.0,16.93,24.1,11.05,68.55,1.32,18.28
2017-01-22,0.0,16.85,25.13,10.66,73.74,1.21,18.4
2017-01-23,0.0,17.35,24.31,11.26,70.99,1.2,18.33
2017-01-24,0.0,18.67,25.14,13.61,66.07,1.16,18.41
2017-01-25,0.0,19.71,25.95,13.58,67.97,0.86,18.68
2017-01-26,0.0,19.63,26.25,13.92,74.14,0.74,19.17
2017-01-27,0.0,20.22,26.6,13.22,74.36,1.06,14.86
2017-01-28,0.0,20.22,26.25,13.98,75.8,1.02,16.69
2017-01-29,0.0,18.31,24.55,13.31,77.82,1.39,16.13
2017-01-30,0.0,18.19,24.63,12.38,71.56,1.15,16.7
2017-01-31,0.0,18.96,24.55,12.42,65.71,0.9,16.08
2017-02-01,0.0,18.78,25.48,11.71,66.52,1.03,17.01
2017-02-02,0.0,17.42,24.99,11.66,71.01,1.55,18.26
2017-02-03,0.0,17.91,24.17,13.37,65.88,1.24,18.44
2017-02-04,0.0,18.69,26.53,11.7,71.14,1.03,19.21
2017-02-05,0.0,20.16,28.07,13.97,70.71,0.99,19.44
2017-02-06,0.0,19.86,27.78,12.45,74.56,1.16,19.78
2017-02-07,0.0,20.74,27.43,14.45,72.93,1.32,18.13
2017-02-08,0.0,20.81,26.8,16.29,59.07,1.09,17.87
2017-02-09,0.0,19.51,27.01,13.4,57.22,1.22,18.95
2017-02-10,0.0,19.72,27.09,11.32,59.63,1.2,19.24
2017-02-11,0.0,21.06,27.82,13.77,59.11,1.03,17.75
2017-02-12,0.0,21.61,28.27,15.48,60.44,1.14,18.18
2017-02-13,0.0,21.49,28.0,14.97,58.11,1.01,16.38
2017-02-14,0.0,22.32,29.11,16.36,61.37,1.26,19.1
2017-02-15,0.0,21.36,28.68,15.91,64.89,1.37,19.58
2017-02-16,0.0,21.84,28.74,15.97,58.89,0.96,20.0
2017-02-17,0.0,21.76,28.87,15.4,57.9,0.88,20.15
2017-02-18,0.0,22.02,29.31,15.09,60.23,1.06,20.18
2017-02-19,0.0,21.67,28.83,15.27,72.13,1.25,17.17
2017-02-20,0.05,22.43,28.37,16.94,81.15,2.39,11.28
2017-02-21,0.36,23.86,29.32,20.45,84.69,3.79,15.25
2017-02-22,0.83,24.14,29.76,20.36,81.78,3.48,15.62
2017-02-23,10.66,23.95,28.98,20.11,85.67,2.02,11.8
2017-02-24,0.23,23.62,29.53,18.36,57.67,1.08,21.1
2017-02-25,1.78,21.13,28.24,13.25,46.72,1.31,22.46
2017-02-26,0.0,21.37,28.66,13.6,41.87,1.2,22.34
2017-02-27,0.0,21.86,29.35,12.88,55.9,1.12,22.22
2017-02-28,0.0,23.2,30.23,15.65,43.43,0.98,21.64
2017-03-01,0.0,23.08,30.84,15.08,45.56,1.05,21.59
2017-03-02,0.0,22.31,31.78,14.21,64.72,1.77,21.97
2017-03-03,0.0,23.84,31.9,17.47,75.62,2.31,18.96
2017-03-04,0.01,23.63,31.03,18.01,75.16,1.9,13.45
2017-03-05,10.66,23.59,30.37,18.06,79.54,2.67,14.06
2017-03-06,80.69,23.43,27.73,20.2,88.54,1.77,15.55
2017-03-07,24.83,23.94,28.98,18.12,73.15,0.85,18.36
2017-03-08,27.4,23.85,28.92,19.85,70.98,1.12,14.28
2017-03-09,1.29,23.14,28.14,18.88,82.63,1.35,19.28
2017-03-10,17.39,23.82,28.85,19.09,86.81,1.96,15.14
2017-03-11,53.18,24.38,27.79,22.08,92.91,3.05,6.84
2017-03-12,10.67,22.99,26.56,20.66,79.5,1.4,12.32
2017-03-13,0.45,22.06,27.05,17.0,61.81,1.23,22.73
2017-03-14,0.0,21.6,27.71,14.94,47.44,1.14,23.97
2017-03-15,0.0,21.79,27.11,15.25,49.5,0.98,24.81
2017-03-16,0.0,21.41,27.71,14.31,52.64,1.2,24.75
2017-03-17,0.0,20.93,28.15,13.62,61.43,1.39,24.71
2017-03-18,6.32,21.81,28.36,15.28,84.55,1.96,11.57
2017-03-19,6.35,23.95,29.21,18.48,77.49,1.51,21.4
2017-03-20,5.21,22.15,25.56,18.57,80.91,0.95,5.84
2017-03-21,0.21,22.57,27.46,17.68,71.55,0.89,21.74
2017-03-22,0.0,23.36,28.76,17.14,69.54,1.05,22.77
2017-03-23,0.0,24.69,29.83,18.87,72.14,1.0,22.5
2017-03-24,0.07,24.92,30.83,19.55,82.42,1.86,20.75
2017-03-25,13.5,24.82,29.66,21.36,88.86,1.97,12.28
2017-03-26,0.08,25.17,30.37,21.11,83.8,1.07,21.06
2017-03-27,0.15,25.71,30.95,21.15,85.73,1.83,16.82
2017-03-28,0.75,25.6,30.29,21.88,87.42,2.44,13.64
2017-03-29,11.37,25.83,29.87,22.78,87.59,3.82,8.07
2017-03-30,9.84,26.55,30.94,23.72,85.84,4.44,15.71
2017-03-31,4.9,26.42,30.98,23.55,86.64,3.55,18.19
2017-04-01,1.08,26.26,30.98,22.88,86.49,3.57,20.12
2017-04-02,0.48,26.47,31.0,23.31,84.51,4.81,16.33
2017-04-03,9.59,25.79,28.33,24.3,89.62,4.53,14.0
2017-04-04,30.45,25.88,29.8,23.14,88.45,4.14,11.32
2017-04-05,46.21,25.57,29.02,23.15,89.88,2.97,11.54
2017-04-06,28.53,26.09,30.49,22.03,87.73,1.47,16.79
2017-04-07,4.38,26.95,31.36,23.01,88.42,2.09,18.38
2017-04-08,0.1,27.3,31.09,24.39,88.65,2.09,18.7
2017-04-09,0.2,27.46,32.19,23.6,85.83,1.99,17.03
2017-04-10,0.02,26.97,31.89,23.31,84.1,1.83,20.73
2017-04-11,0.0,27.25,32.34,22.78,78.87,1.35,21.67
2017-04-12,0.0,27.27,32.24,22.11,76.17,1.07,23.67
2017-04-13,0.0,27.31,33.3,21.6,72.54,0.95,25.37
2017-04-14,0.0,26.44,32.29,20.91,79.48,1.35,24.69
2017-04-15,0.7,26.1,31.53,21.53,85.3,2.42,20.83
2017-04-16,9.72,25.99,30.5,22.66,84.48,1.32,16.76
2017-04-17,0.22,26.47,31.69,20.18,75.84,1.29,25.52
2017-04-18,1.02,26.56,31.21,22.62,84.9,1.99,22.2
2017-04-19,74.65,26.62,29.99,23.28,89.83,3.44,15.3
2017-04-20,80.22,26.62,29.94,24.62,90.55,3.2,14.02
2017-04-21,75.15,25.77,27.63,24.19,94.59,3.05,11.79
2017-04-22,75.4,25.88,28.52,24.48,92.81,3.5,3.06
2017-04-23,45.26,26.57,29.78,24.49,90.91,3.34,7.4
2017-04-24,38.46,26.84,29.87,24.69,91.11,4.0,6.49
2017-04-25,17.17,27.59,30.82,25.58,90.97,4.4,17.85
2017-04-26,11.22,27.38,29.89,25.45,91.36,4.14,19.37
2017-04-27,7.97,26.82,29.71,24.58,91.34,2.89,20.76
2017-04-28,0.92,26.22,29.14,23.87,91.72,2.13,21.5
2017-04-29,3.04,26.7,30.92,23.1,90.78,2.27,24.17
2017-04-30,2.23,26.53,28.92,24.02,93.14,2.31,23.23
2017-05-01,10.11,26.51,28.95,24.58,92.41,1.68,22.27
2017-05-02,33.27,26.75,30.01,23.82,85.24,1.04,25.35
2017-05-03,1.42,27.56,31.81,23.0,84.03,1.28,24.72
2017-05-04,0.91,27.58,32.1,23.64,85.75,1.41,24.38
2017-05-05,0.2,27.22,31.65,23.47,88.57,2.55,20.44
2017-05-06,2.74,27.18,30.78,24.62,88.84,2.73,21.6
2017-05-07,2.78,26.71,30.17,23.74,89.56,2.29,21.81
2017-05-08,0.13,26.95,29.88,24.15,89.83,1.61,21.74
2017-05-09,6.45,26.31,28.96,24.02,90.34,1.28,14.96
2017-05-10,6.1,27.0,30.22,23.26,81.38,0.75,22.71
2017-05-11,2.31,28.01,32.18,23.8,83.83,1.37,22.27
2017-05-12,0.87,28.82,33.18,24.58,81.74,0.99,19.61
2017-05-13,3.54,28.42,32.49,24.41,84.49,1.42,16.97
2017-05-14,25.23,28.23,32.2,24.87,87.99,1.81,16.9
2017-05-15,33.51,28.04,31.53,25.35,90.95,2.5,16.12
2017-05-16,34.12,27.71,30.25,25.68,90.48,2.18,13.04
2017-05-17,20.15,28.23,31.78,25.07,87.96,1.48,16.78
2017-05-18,8.83,28.39,31.62,25.49,88.71,1.4,21.22
2017-05-19,28.71,28.42,31.02,26.46,92.83,2.0,17.0
2017-05-20,13.48,28.65,31.91,26.49,89.74,2.24,21.66
2017-05-21,5.38,28.52,31.38,26.02,91.56,1.98,22.11
2017-05-22,0.39,28.53,31.5,26.1,89.61,2.08,21.89
2017-05-23,0.21,29.11,32.38,26.15,88.48,1.83,22.58
2017-05-24,0.15,29.21,32.39,26.72,88.41,1.81,19.27
2017-05-25,0.12,28.91,31.61,26.42,89.74,1.58,22.44
2017-05-26,0.58,29.56,32.85,26.24,82.94,1.12,23.41
2017-05-27,8.33,29.26,32.74,26.12,83.74,0.98,22.33
2017-05-28,1.85,29.38,33.09,25.63,80.37,0.92,25.59
2017-05-29,12.52,28.09,31.7,25.61,84.35,1.16,15.36
2017-05-30,62.72,27.21,29.37,25.71,94.66,4.12,4.89
2017-05-31,50.5,28.1,29.81,26.67,94.24,2.96,16.74
2017-06-01,104.72,28.36,30.09,27.06,95.0,3.24,4.12
2017-06-02,57.14,28.07,29.75,26.6,94.07,3.57,11.79
2017-06-03,49.83,28.33,30.95,26.22,93.25,3.73,17.43
2017-06-04,69.05,28.23,30.18,26.98,94.69,3.18,10.15
2017-06-05,13.75,27.72,29.62,26.25,94.4,2.62,18.54
2017-06-06,7.48,28.2,31.51,25.58,92.03,1.46,21.99
2017-06-07,2.4,28.8,31.47,26.49,89.1,1.07,23.62
2017-06-08,20.32,29.1,32.57,26.53,86.56,1.24,23.3
2017-06-09,9.0,28.06,30.82,26.17,91.28,1.58,24.05
2017-06-10,6.53,28.26,30.96,25.62,89.12,1.35,22.59
2017-06-11,68.06,27.64,29.6,26.11,94.05,3.79,15.56
2017-06-12,87.49,27.05,28.11,25.99,94.73,5.04,4.33
2017-06-13,23.18,28.09,29.48,26.62,95.39,3.68,6.84
2017-06-14,24.36,28.35,30.95,26.69,91.3,1.9,18.8
2017-06-15,27.11,27.19,29.47,25.42,92.03,3.89,19.58
2017-06-16,42.42,27.05,30.2,24.65,93.09,3.4,10.05
2017-06-17,54.94,28.12,30.56,26.31,92.32,2.72,13.94
2017-06-18,42.01,27.95,29.9,26.34,94.65,3.28,13.77
2017-06-19,84.86,27.27,28.47,26.4,95.4,4.06,3.24
2017-06-20,29.58,27.12,28.45,25.89,94.74,2.74,11.52
2017-06-21,15.39,27.09,29.39,25.25,92.37,2.13,15.54
2017-06-22,22.48,27.73,30.07,25.67,92.89,2.2,14.41
2017-06-23,25.17,27.73,30.8,25.64,91.09,1.28,20.8
2017-06-24,2.19,28.23,31.88,25.66,90.18,2.26,22.75
2017-06-25,4.8,28.09,31.35,25.61,90.5,2.49,23.15
2017-06-26,4.42,28.14,31.6,25.79,90.7,2.48,21.28
2017-06-27,1.65,27.17,28.92,25.68,93.21,2.19,21.0
2017-06-28,5.57,27.61,29.71,25.73,93.12,2.32,18.59
2017-06-29,6.46,27.93,30.65,25.98,92.66,2.46,20.82
2017-06-30,14.03,27.67,29.46,26.04,94.22,3.1,13.31
2017-07-01,34.83,27.88,29.21,26.69,94.5,3.53,16.01
2017-07-02,35.7,28.5,31.42,26.36,91.15,3.72,14.89
2017-07-03,59.51,27.91,29.9,26.42,93.95,3.3,9.89
2017-07-04,28.58,27.65,29.0,26.56,95.6,3.18,9.52
2017-07-05,10.78,28.18,31.0,26.33,91.8,3.37,11.92
2017-07-06,3.31,28.12,31.39,25.85,89.87,2.98,19.4
2017-07-07,2.57,28.38,31.88,26.12,89.71,2.58,19.87
2017-07-08,0.94,27.55,30.14,25.78,92.71,2.93,16.0
2017-07-09,7.23,27.94,30.9,25.87,91.51,3.24,13.84
2017-07-10,21.8,27.45,29.89,25.89,93.04,3.06,7.13
2017-07-11,30.58,27.23,29.17,25.81,95.1,2.71,11.13
2017-07-12,11.92,27.46,30.43,25.3,90.54,2.53,17.49
2017-07-13,24.57,27.07,29.44,25.21,93.12,1.98,17.88
2017-07-14,20.02,27.58,30.66,25.4,91.16,2.14,19.3
2017-07-15,4.89,27.97,31.22,25.04,88.81,1.38,19.53
2017-07-16,6.58,27.88,31.05,25.8,90.71,1.24,22.19
2017-07-17,6.4,28.8,31.31,25.7,86.26,0.88,21.0
2017-07-18,11.35,28.5,31.25,26.43,90.72,1.59,17.87
2017-07-19,67.77,27.25,29.24,26.07,94.4,3.6,9.21
2017-07-20,185.77,27.16,28.94,25.97,94.88,2.99,3.31
2017-07-21,71.87,27.89,30.99,25.66,91.97,3.34,13.82
2017-07-22,4.49,28.23,30.78,26.44,90.64,2.69,20.9
2017-07-23,38.44,27.21,29.15,25.36,93.23,3.68,11.3
2017-07-24,77.62,26.78,28.3,25.55,94.44,4.65,5.81
2017-07-25,59.61,26.85,29.07,25.65,92.83,3.94,10.99
2017-07-26,62.53,27.19,29.87,25.19,91.42,2.23,11.34
2017-07-27,3.4,27.44,30.13,24.73,90.59,1.46,18.73
2017-07-28,10.28,28.41,31.64,25.43,89.25,1.33,20.09
2017-07-29,4.48,27.92,30.21,26.32,92.44,1.31,14.58
2017-07-30,21.01,27.77,30.96,25.48,90.11,1.89,17.7
2017-07-31,8.21,28.24,31.95,24.84,89.26,1.84,21.07
2017-08-01,2.26,28.12,30.02,26.47,91.53,2.0,18.65
2017-08-02,21.86,28.24,31.08,26.3,91.84,1.82,16.04
2017-08-03,14.3,28.78,31.97,26.24,89.95,1.76,20.78
2017-08-04,9.49,29.23,32.28,27.12,90.49,1.11,21.18
2017-08-05,9.79,28.45,31.39,26.57,91.37,2.13,19.61
2017-08-06,29.99,28.17,30.97,26.28,90.05,2.3,15.6
2017-08-07,27.91,27.81,31.15,25.54,90.53,2.71,14.99
2017-08-08,21.01,27.96,31.19,25.6,90.99,2.89,18.43
2017-08-09,34.58,27.87,30.52,25.91,92.57,2.96,14.96
2017-08-10,50.81,27.7,29.85,25.99,92.96,3.95,12.22
2017-08-11,152.86,27.72,29.3,26.3,95.11,3.55,2.38
2017-08-12,127.88,27.69,28.89,26.65,95.9,3.18,4.24
2017-08-13,32.1,27.32,29.59,25.58,92.94,2.32,13.76
2017-08-14,23.83,27.82,30.85,25.74,91.71,2.19,14.79
2017-08-15,96.16,28.11,30.99,26.0,91.79,2.21,11.1
2017-08-16,65.25,27.43,29.46,25.79,92.65,2.33,12.69
2017-08-17,22.25,27.78,31.51,25.25,90.51,2.35,18.72
2017-08-18,14.72,27.87,31.17,25.48,90.37,2.17,18.28
2017-08-19,7.61,27.92,31.68,25.29,89.42,1.78,18.58
2017-08-20,5.84,27.7,31.14,25.33,89.42,1.32,19.63
2017-08-21,7.74,28.7,32.3,25.34,84.47,1.0,21.17
2017-08-22,22.21,28.61,32.26,25.57,84.88,0.88,16.98
2017-08-23,23.48,28.82,32.51,25.72,86.88,1.17,20.12
2017-08-24,25.4,27.88,31.25,26.3,90.22,1.7,19.71
2017-08-25,20.17,28.04,31.51,25.71,90.59,1.69,20.18
2017-08-26,15.18,27.35,29.58,25.92,93.75,1.99,11.88
2017-08-27,6.75,27.74,31.34,25.0,89.79,2.14,21.05
2017-08-28,12.23,27.47,30.54,25.7,91.51,2.09,20.58
2017-08-29,5.44,27.71,31.39,25.61,91.41,2.02,18.67
2017-08-30,15.11,27.97,30.99,25.54,89.66,1.01,13.75
2017-08-31,28.59,27.7,30.21,25.77,91.74,1.55,10.61
2017-09-01,51.8,27.0,28.6,25.59,95.83,2.17,14.0
2017-09-02,24.93,27.39,30.01,25.69,92.33,2.42,14.74
2017-09-03,16.28,27.66,30.51,25.82,92.07,2.25,14.03
2017-09-04,9.89,27.52,29.9,25.79,91.91,1.43,15.2
2017-09-05,10.7,28.06,31.2,25.58,89.63,1.24,15.81
2017-09-06,10.59,28.1,31.04,25.49,89.81,0.9,15.22
2017-09-07,22.5,27.28,29.23,25.28,91.54,1.61,13.82
2017-09-08,6.8,27.35,30.35,24.8,90.56,1.94,14.21
2017-09-09,25.0,27.33,29.79,25.56,91.89,2.2,15.26
2017-09-10,64.14,26.37,27.48,25.1,95.08,2.37,9.43
2017-09-11,55.68,27.19,30.44,24.63,91.37,1.79,4.08
2017-09-12,34.47,27.24,30.77,24.54,90.67,1.47,12.97
2017-09-13,15.63,27.16,30.01,25.11,92.24,1.65,16.0
2017-09-14,10.88,27.82,31.46,24.73,88.64,1.24,17.32
2017-09-15,1.88,28.88,32.79,25.12,83.82,0.64,19.92
2017-09-16,18.35,28.99,31.58,26.57,83.89,0.83,21.4
2017-09-17,20.68,28.74,31.63,26.85,91.34,1.04,9.94
2017-09-18,31.45,27.49,29.52,25.32,90.8,1.67,20.13
2017-09-19,30.07,27.39,29.97,25.47,93.59,2.33,14.08
2017-09-20,17.38,28.0,30.35,26.57,95.0,2.49,14.17
2017-09-21,3.33,28.03,30.83,25.89,92.12,1.66,17.13
2017-09-22,3.81,28.04,30.89,26.03,90.28,1.2,19.1
2017-09-23,4.19,28.78,32.48,25.89,87.56,1.0,18.27
2017-09-24,4.16,29.26,32.65,26.32,84.31,0.79,18.59
2017-09-25,3.19,29.14,32.55,25.43,84.71,0.71,14.39
2017-09-26,12.44,29.12,32.24,26.23,87.51,0.89,11.03
2017-09-27,27.34,27.32,29.12,25.37,91.19,0.84,16.45
2017-09-28,26.23,27.13,30.11,24.51,91.55,1.4,17.06
2017-09-29,51.18,26.83,29.12,25.45,93.7,1.99,11.92
2017-09-30,36.12,27.2,29.65,25.51,93.41,1.83,9.24
2017-10-01,9.61,27.37,30.18,25.15,90.02,0.96,17.95
2017-10-02,5.3,27.4,30.95,24.74,89.3,0.97,21.36
2017-10-03,5.48,27.81,31.18,24.89,85.78,0.6,17.52
2017-10-04,0.8,28.57,31.99,25.53,82.99,0.54,20.91
2017-10-05,0.78,28.01,31.09,25.59,88.92,0.92,18.43
2017-10-06,5.7,27.78,30.94,25.51,89.13,0.95,19.46
2017-10-07,13.88,26.26,27.9,24.86,95.09,1.53,17.24
2017-10-08,12.17,26.04,28.9,24.37,92.7,1.95,16.21
2017-10-09,6.05,26.59,29.47,24.0,90.68,1.61,13.09
2017-10-10,0.31,27.71,31.76,24.0,84.5,0.86,20.41
2017-10-11,0.14,27.96,31.65,24.89,85.92,1.04,20.36
2017-10-12,0.47,27.67,31.03,24.54,89.24,1.36,14.48
2017-10-13,0.87,27.52,30.71,25.24,89.91,1.65,17.79
2017-10-14,0.14,27.47,31.0,24.67,88.72,1.37,18.41
2017-10-15,4.02,27.82,31.34,24.85,86.56,0.92,16.88
2017-10-16,0.11,27.29,31.14,24.08,83.16,1.26,19.37
2017-10-17,1.49,27.31,32.65,22.77,85.51,1.18,19.7
2017-10-18,18.93,26.66,29.38,24.86,91.3,1.31,14.12
2017-10-19,21.25,26.11,28.3,24.64,91.81,1.31,11.09
2017-10-20,124.44,25.6,27.13,24.46,95.74,2.94,3.54
2017-10-21,118.12,25.9,27.56,24.44,95.07,5.95,1.89
2017-10-22,8.63,24.95,28.13,22.46,89.42,2.36,8.66
2017-10-23,0.64,25.44,29.8,21.85,85.3,1.0,18.01
2017-10-24,0.01,25.36,29.78,20.78,83.77,1.0,16.73
2017-10-25,0.05,25.11,29.53,21.41,82.61,0.86,16.38
2017-10-26,0.03,24.17,29.27,19.86,82.63,1.29,19.16
2017-10-27,0.0,22.84,28.01,16.95,74.97,1.16,19.76
2017-10-28,0.06,22.97,28.12,17.75,77.08,1.2,19.74
2017-10-29,11.0,23.47,28.25,19.06,77.7,0.76,9.87
2017-10-30,17.37,22.64,25.09,20.68,89.39,0.62,3.8
2017-10-31,0.44,23.14,26.92,19.2,80.9,0.56,17.44
2017-11-01,0.23,22.85,27.27,18.62,83.15,1.0,16.84
2017-11-02,0.0,23.42,28.62,18.24,83.1,1.11,19.48
2017-11-03,0.0,23.49,28.78,18.64,85.53,1.3,19.56
2017-11-04,0.0,25.38,30.8,19.74,79.92,0.85,19.15
2017-11-05,0.0,25.47,30.43,21.24,81.31,0.83,19.14
2017-11-06,0.0,24.45,29.67,19.71,81.84,1.01,18.96
2017-11-07,0.0,23.8,28.8,18.88,82.87,1.19,19.37
2017-11-08,1.61,24.22,28.96,18.85,76.02,0.76,19.47
2017-11-09,0.0,24.02,28.86,17.65,67.26,0.43,19.01
2017-11-10,0.0,22.78,28.1,17.54,77.64,1.06,19.01
2017-11-11,0.0,23.14,29.0,17.69,80.8,1.04,18.28
2017-11-12,0.0,23.08,28.73,18.13,84.57,1.29,18.86
2017-11-13,0.0,22.7,28.22,18.17,83.82,1.07,18.45
2017-11-14,0.0,23.21,27.97,18.21,86.96,1.05,16.42
2017-11-15,3.18,23.4,26.7,21.26,92.68,1.25,7.34
2017-11-16,1.78,23.04,26.56,20.41,92.77,1.96,6.77
2017-11-17,1.6,24.32,28.44,21.48,88.71,1.22,9.78
2017-11-18,1.0,24.8,28.56,21.79,88.01,0.84,12.42
2017-11-19,0.01,24.7,28.92,21.28,87.59,1.13,14.79
2017-11-20,0.0,23.3,27.95,19.0,85.08,1.47,17.33
2017-11-21,0.0,22.02,27.33,18.47,87.4,1.31,16.3
2017-11-22,0.0,20.07,26.14,15.47,81.28,1.29,16.02
2017-11-23,0.0,19.0,25.41,13.72,79.64,1.25,15.94
2017-11-24,0.0,18.69,24.77,13.5,85.81,1.28,15.91
2017-11-25,0.0,19.3,25.79,13.47,78.02,1.17,16.39
2017-11-26,0.0,19.19,25.4,13.76,80.87,1.03,16.9
2017-11-27,0.0,19.87,25.16,15.54,83.73,0.93,16.47
2017-11-28,0.0,20.57,25.6,16.03,77.1,0.69,15.79
2017-11-29,0.0,19.62,24.9,14.37,79.65,1.16,16.49
2017-11-30,0.0,19.41,24.93,14.27,79.71,1.11,16.85
2017-12-01,0.0,19.78,25.52,14.05,77.1,0.88,17.58
2017-12-02,0.0,20.12,25.66,13.89,77.7,0.93,17.6
2017-12-03,0.0,19.25,24.35,14.07,76.59,1.07,17.69
2017-12-04,0.0,19.25,24.56,13.55,73.38,1.03,17.63
2017-12-05,0.0,20.01,25.54,13.51,72.29,0.66,17.28
2017-12-06,0.0,19.67,24.63,12.73,73.77,0.69,15.26
2017-12-07,0.0,20.19,25.41,13.52,73.14,0.68,16.08
2017-12-08,4.65,18.2,19.63,16.62,88.9,1.02,7.0
2017-12-09,41.36,20.7,24.68,17.73,94.46,0.98,4.51
2017-12-10,39.1,22.81,26.85,19.48,93.61,1.36,4.58
2017-12-11,90.41,23.25,27.03,19.66,94.72,2.18,4.14
2017-12-12,1.99,22.35,26.17,18.87,85.61,1.0,12.04
2017-12-13,0.0,22.09,26.18,18.35,82.06,0.77,15.09
2017-12-14,0.0,20.67,25.94,16.07,84.09,0.99,12.82
2017-12-15,0.0,19.39,24.71,15.49,80.48,1.02,14.62
2017-12-16,0.0,18.6,24.66,13.24,78.55,1.0,14.02
2017-12-17,0.0,18.58,24.45,13.27,82.92,0.97,15.05
2017-12-18,0.0,18.8,24.32,13.92,85.84,0.93,13.44
2017-12-19,0.0,18.97,24.7,13.39,85.47,0.92,11.33
2017-12-20,0.0,20.49,25.52,15.78,84.61,0.64,12.37
2017-12-21,0.0,20.36,25.47,17.26,87.75,0.85,14.57
2017-12-22,0.0,20.04,24.52,16.44,82.77,0.77,14.2
2017-12-23,0.0,19.48,24.52,15.09,83.8,1.13,15.42
2017-12-24,0.0,18.98,25.0,14.0,86.17,1.1,15.95
2017-12-25,0.0,19.32,24.37,14.56,83.87,0.86,16.1
2017-12-26,0.0,19.7,25.04,15.85,87.21,1.12,15.99
2017-12-27,0.0,18.78,24.92,13.61,87.95,1.37,16.1
2017-12-28,0.0,19.46,26.82,13.59,83.84,0.9,15.92
2017-12-29,0.0,19.71,25.77,14.27,82.0,0.87,16.14
2017-12-30,0.0,19.61,25.96,13.85,80.18,1.0,16.99
2017-12-31,0.0,19.64,26.12,14.96,79.71,0.91,16.06
2018-01-01,0.01,19.48,24.49,15.17,77.62,0.69,10.7
2018-01-02,2.01,18.26,22.31,15.32,87.23,1.13,9.9
2018-01-03,2.41,16.78,22.56,12.38,86.83,1.42,11.76
2018-01-04,2.84,14.44,21.02,9.5,82.83,1.28,15.68
2018-01-05,0.0,14.65,22.1,9.1,84.98,1.16,15.93
2018-01-06,0.0,14.26,21.43,9.67,83.11,1.25,15.46
2018-01-07,0.0,12.73,19.56,8.35,75.47,1.25,16.63
2018-01-08,0.0,11.77,18.86,6.02,75.86,1.28,15.11
2018-01-09,0.0,12.52,19.56,6.55,75.84,1.19,16.52
2018-01-10,0.0,13.11,19.56,7.26,76.7,1.12,16.45
2018-01-11,0.0,12.94,19.73,7.76,80.49,1.03,14.65
2018-01-12,0.0,14.02,20.74,8.3,83.65,1.02,13.11
2018-01-13,0.0,15.31,21.57,9.67,81.8,0.75,12.38
2018-01-14,0.0,14.98,21.18,10.12,88.2,1.1,11.3
2018-01-15,0.0,15.28,21.31,11.16,85.79,1.12,11.45
2018-01-16,0.0,15.78,22.01,10.97,84.81,1.31,12.89
2018-01-17,0.0,16.51,23.16,12.28,80.31,1.01,15.18
2018-01-18,0.0,16.85,23.81,11.73,83.18,1.07,15.29
2018-01-19,0.0,16.48,23.57,11.48,83.39,1.14,16.62
2018-01-20,0.0,15.65,22.37,10.24,73.55,1.1,16.57
2018-01-21,0.0,15.75,22.89,10.03,76.1,1.22,16.61
2018-01-22,0.0,16.17,23.39,10.38,78.77,1.01,17.11
2018-01-23,0.0,17.09,23.32,11.45,74.79,1.03,17.33
2018-01-24,0.0,17.32,23.52,11.76,74.78,0.92,16.74
2018-01-25,0.0,17.46,23.78,11.21,77.95,1.02,14.02
2018-01-26,0.0,16.61,23.15,10.56,73.87,1.31,16.2
2018-01-27,0.0,15.58,21.82,11.26,73.39,1.12,17.2
2018-01-28,0.0,14.31,20.45,8.76,72.81,1.48,17.76
2018-01-29,0.0,15.1,21.04,9.8,64.81,1.11,18.1
2018-01-30,0.0,15.88,21.87,8.56,65.49,1.02,16.17
2018-01-31,0.0,15.84,22.95,8.85,73.77,1.12,14.36
2018-02-01,0.0,17.28,23.45,10.63,82.81,1.22,12.78
2018-02-02,0.0,18.32,23.86,12.34,81.72,1.21,13.31
2018-02-03,0.0,18.54,24.41,12.73,82.51,1.27,15.07
2018-02-04,0.0,18.79,25.19,13.47,87.26,1.82,14.87
2018-02-05,0.0,19.55,25.33,14.29,85.98,1.23,14.32
2018-02-06,0.0,19.89,25.49,14.48,83.93,1.25,13.44
2018-02-07,0.0,19.57,25.59,14.32,82.75,1.48,14.21
2018-02-08,0.0,20.17,25.95,15.92,83.52,1.59,12.19
2018-02-09,0.0,20.52,26.02,15.0,77.32,1.34,14.55
2018-02-10,0.45,21.23,25.32,15.91,78.9,0.83,10.18
2018-02-11,0.0,20.24,25.86,15.83,68.5,1.13,14.68
2018-02-12,0.0,19.35,26.08,13.53,68.28,1.25,19.08
2018-02-13,0.0,20.12,27.03,13.87,70.19,1.13,17.65
2018-02-14,0.0,20.59,26.04,16.36,71.47,1.17,17.49
2018-02-15,0.0,19.96,26.08,15.56,73.69,1.22,20.0
2018-02-16,0.0,18.84,25.8,13.1,70.37,1.43,21.16
2018-02-17,0.0,19.33,25.73,12.75,62.99,1.05,20.53
2018-02-18,0.0,20.28,26.3,12.86,65.64,1.02,19.43
2018-02-19,0.0,21.37,27.21,14.05,64.32,0.93,20.28
2018-02-20,0.0,21.57,27.64,14.69,68.37,0.98,18.1
2018-02-21,0.0,22.42,27.98,15.98,67.2,0.81,19.76
2018-02-22,0.01,22.23,28.2,16.12,69.78,0.9,17.61
2018-02-23,0.01,22.56,29.03,17.0,78.9,1.36,17.71
2018-02-24,0.14,23.19,29.14,18.59,79.6,1.33,19.3
2018-02-25,0.01,22.74,29.42,16.84,79.06,1.53,20.14
2018-02-26,11.31,22.75,28.22,18.68,78.67,1.32,14.43
2018-02-27,0.04,23.38,28.63,17.72,71.31,0.79,19.16
2018-02-28,0.28,23.86,28.79,18.23,70.84,0.89,18.78
2018-03-01,0.0,24.49,29.14,19.58,66.42,0.92,18.46
2018-03-02,0.0,23.62,29.43,17.6,72.03,1.22,18.19
2018-03-03,0.01,23.68,30.16,18.08,81.57,2.44,19.95
2018-03-04,0.0,24.56,30.9,19.75,84.15,2.4,21.2
2018-03-05,0.0,24.87,30.65,19.41,80.14,1.51,18.73
2018-03-06,0.0,25.67,31.76,19.36,65.01,1.18,20.15
2018-03-07,0.0,24.56,31.05,19.87,55.04,1.28,21.04
2018-03-08,0.0,23.44,30.55,15.91,51.7,1.4,23.23
2018-03-09,0.0,23.75,31.02,17.28,54.48,1.21,22.17
2018-03-10,0.0,24.43,31.08,16.88,51.38,1.02,22.76
2018-03-11,0.0,23.68,30.86,16.68,57.75,1.15,22.53
2018-03-12,0.0,23.92,32.0,16.65,71.07,1.82,22.26
2018-03-13,0.15,24.38,30.71,18.97,77.81,1.56,16.9
2018-03-14,0.04,24.44,31.23,18.38,78.89,1.61,19.09
2018-03-15,0.04,24.96,31.82,19.32,79.06,2.2,20.76
2018-03-16,0.14,25.28,30.67,20.87,80.58,2.4,9.46
2018-03-17,0.05,25.53,31.48,21.02,75.7,2.18,15.01
2018-03-18,0.05,25.57,31.86,19.92,71.78,1.41,19.86
2018-03-19,0.0,26.86,33.1,20.14,66.84,1.0,21.87
2018-03-20,0.0,26.66,33.19,19.71,59.03,1.06,23.35
2018-03-21,0.0,25.71,33.48,17.89,58.64,1.25,22.59
2018-03-22,0.0,25.92,33.72,18.88,67.2,1.22,22.16
2018-03-23,0.0,25.98,32.88,19.92,71.47,1.92,19.32
2018-03-24,0.0,26.64,33.08,20.74,74.35,1.43,19.44
2018-03-25,0.68,27.48,33.48,21.6,68.52,1.18,20.79
2018-03-26,2.33,27.57,33.42,23.06,69.78,1.48,18.07
2018-03-27,6.78,26.65,32.19,22.2,76.9,1.26,17.36
2018-03-28,2.25,26.86,32.74,21.99,77.93,1.7,18.48
2018-03-29,1.1,26.76,32.4,21.97,74.87,2.1,19.12
2018-03-30,1.25,26.51,33.25,20.71,75.09,2.13,19.99
2018-03-31,21.83,24.66,28.33,21.19,80.35,1.25,17.35
2018-04-01,0.41,24.8,30.52,19.14,68.12,0.94,22.12
2018-04-02,0.0,24.77,30.77,19.67,71.15,1.24,15.95
2018-04-03,0.38,26.4,31.82,21.04,65.96,0.66,19.25
2018-04-04,1.76,26.56,33.08,20.45,67.28,0.95,21.98
2018-04-05,0.78,26.16,31.37,21.27,73.82,1.64,20.19
2018-04-06,9.81,25.7,30.68,20.81,79.43,1.17,15.08
2018-04-07,6.76,26.16,30.75,21.46,78.11,1.02,13.44
2018-04-08,4.27,25.42,28.32,22.95,84.43,1.32,13.94
2018-04-09,2.79,25.86,30.31,21.76,80.46,1.36,21.28
2018-04-10,3.52,26.66,31.76,22.43,77.02,1.46,18.75
2018-04-11,3.43,26.72,31.84,22.05,77.29,1.89,19.68
2018-04-12,3.05,27.45,33.36,22.08,73.24,1.55,22.66
2018-04-13,4.59,27.25,33.03,22.79,74.03,1.53,22.99
2018-04-14,5.87,27.75,33.46,22.71,76.72,1.84,20.17
2018-04-15,2.73,28.1,34.57,22.55,73.04,1.56,23.09
2018-04-16,0.65,29.37,35.64,23.03,68.11,1.13,23.92
2018-04-17,13.71,27.76,33.02,22.99,74.77,1.27,12.53
2018-04-18,9.15,26.97,32.61,22.42,77.26,2.0,23.09
2018-04-19,44.11,26.42,30.63,23.26,87.67,2.66,20.31
2018-04-20,23.84,26.92,31.44,23.41,86.65,3.12,17.67
2018-04-21,39.42,27.35,31.26,24.64,88.37,3.69,13.31
2018-04-22,30.88,27.37,31.21,24.78,88.98,2.36,16.61
2018-04-23,19.51,27.45,31.37,23.54,84.93,1.31,20.01
2018-04-24,9.15,28.18,32.64,23.51,78.99,0.94,21.84
2018-04-25,0.74,27.11,32.4,22.35,83.51,1.57,26.21
2018-04-26,17.81,26.58,30.9,22.12,81.95,0.94,20.93
2018-04-27,18.14,25.74,28.66,22.91,81.58,0.92,17.28
2018-04-28,4.44,26.33,30.98,21.3,80.94,1.45,22.53
2018-04-29,42.37,25.92,29.48,22.94,87.82,2.57,7.14
2018-04-30,27.13,25.53,29.64,21.97,90.03,2.35,9.37
2018-05-01,12.62,26.48,30.47,22.88,86.5,1.45,17.28
2018-05-02,3.77,26.52,30.4,22.95,86.77,1.46,21.76
2018-05-03,13.6,26.11,29.88,22.99,88.0,1.51,21.24
2018-05-04,20.47,26.49,30.29,23.11,87.75,2.18,14.44
2018-05-05,32.45,26.79,30.8,23.67,88.94,2.71,17.93
2018-05-06,29.44,27.48,31.18,24.61,88.27,3.43,16.78
2018-05-07,25.06,27.48,31.14,25.44,89.82,3.97,11.28
2018-05-08,11.15,28.18,31.91,25.66,88.93,3.61,10.83
2018-05-09,14.42,27.47,30.74,25.18,91.06,3.49,14.36
2018-05-10,30.82,27.23,31.2,24.38,90.69,2.09,12.3
2018-05-11,15.35,26.95,30.45,23.77,89.43,1.81,13.98
2018-05-12,8.23,26.82,30.4,23.58,86.12,1.34,24.84
2018-05-13,4.47,26.94,30.6,23.7,86.52,1.86,14.87
2018-05-14,9.14,26.36,29.51,24.13,89.88,1.97,18.61
2018-05-15,33.77,26.56,30.03,23.73,88.28,2.32,21.22
2018-05-16,34.09,25.74,29.12,22.83,89.9,1.54,11.43
2018-05-17,44.38,26.41,30.13,23.28,89.19,2.14,16.37
2018-05-18,48.5,27.06,30.76,24.35,88.6,2.24,9.04
2018-05-19,28.62,27.06,30.52,24.26,89.06,2.28,10.9
2018-05-20,28.01,27.45,31.21,24.13,88.56,2.22,11.85
2018-05-21,22.7,27.41,30.82,24.65,89.9,2.38,8.46
2018-05-22,4.76,27.52,30.78,24.89,88.39,2.22,19.28
2018-05-23,41.63,27.21,29.73,24.89,91.39,2.05,13.35
2018-05-24,8.99,26.89,28.99,25.02,93.22,2.18,13.44
2018-05-25,11.8,27.65,30.78,25.26,91.62,2.95,19.78
2018-05-26,10.15,27.85,29.95,26.38,93.26,2.21,18.68
2018-05-27,1.17,27.89,30.33,25.8,91.5,1.55,23.33
2018-05-28,2.18,28.26,31.47,25.1,89.51,1.54,24.08
2018-05-29,15.36,29.22,33.4,25.11,81.33,1.01,20.64
2018-05-30,13.0,28.81,32.82,24.56,83.53,1.52,21.95
2018-05-31,39.61,27.86,30.19,25.9,92.5,2.65,5.81
2018-06-01,11.74,27.35,29.61,25.17,90.22,1.81,16.94
2018-06-02,19.34,27.25,30.08,24.68,91.64,1.65,17.14
2018-06-03,8.24,27.9,31.39,24.8,89.29,1.81,22.26
2018-06-04,24.76,27.9,30.72,25.65,92.61,1.59,20.23
2018-06-05,18.28,26.84,28.31,25.43,90.28,1.13,20.02
2018-06-06,12.61,28.19,31.17,25.51,88.03,0.98,21.47
2018-06-07,1.95,28.21,30.67,25.84,87.96,1.05,22.71
2018-06-08,10.9,28.43,30.98,26.06,90.49,1.18,19.51
2018-06-09,7.5,27.69,29.23,26.29,94.33,2.07,20.81
2018-06-10,52.58,27.81,30.18,25.75,90.69,2.5,10.91
2018-06-11,57.64,27.79,28.77,26.84,96.13,3.71,10.53
2018-06-12,96.23,27.67,29.11,26.44,95.34,3.48,4.98
2018-06-13,36.41,27.61,29.16,26.44,94.66,3.02,9.22
2018-06-14,16.41,28.54,30.93,26.53,94.16,3.15,10.16
2018-06-15,41.35,27.96,29.67,26.27,94.42,3.79,7.89
2018-06-16,26.66,27.39,29.72,25.32,94.08,3.31,11.66
2018-06-17,20.06,28.52,32.26,25.68,90.92,2.95,13.57
2018-06-18,22.54,28.5,31.9,25.85,90.28,2.43,18.47
2018-06-19,24.09,28.57,31.9,26.32,90.62,2.41,10.98
2018-06-20,2.09,28.19,30.71,26.01,92.58,2.1,17.62
2018-06-21,4.5,28.15,30.65,26.53,91.77,1.83,18.91
2018-06-22,17.03,28.22,30.81,26.25,91.65,2.3,20.17
2018-06-23,25.32,27.64,29.71,26.19,93.31,2.42,9.14
2018-06-24,36.39,27.41,29.3,25.64,94.7,2.61,15.2
2018-06-25,23.24,28.4,31.59,26.33,91.11,2.7,8.97
2018-06-26,8.91,27.76,30.36,25.48,91.57,3.04,18.82
2018-06-27,8.22,27.71,31.3,25.04,91.07,3.89,19.41
2018-06-28,3.71,27.41,30.97,25.42,91.42,2.88,20.26
2018-06-29,2.78,27.23,29.84,25.0,91.08,2.79,19.18
2018-06-30,3.55,27.76,30.74,25.72,90.93,2.96,16.99
2018-07-01,10.99,27.6,30.05,25.75,92.93,2.7,18.25
2018-07-02,18.63,28.06,30.88,26.21,91.66,3.51,11.9
2018-07-03,58.86,27.49,29.12,26.24,94.09,3.36,5.95
2018-07-04,46.93,27.51,29.94,25.79,93.49,3.18,9.15
2018-07-05,9.54,28.31,31.62,25.58,89.1,1.97,13.47
2018-07-06,7.37,28.5,31.83,25.95,89.36,1.91,19.45
2018-07-07,0.87,28.65,32.26,25.78,89.41,1.8,19.45
2018-07-08,3.77,28.22,31.14,26.19,90.61,3.19,17.51
2018-07-09,1.84,28.21,31.66,25.9,90.31,2.98,19.85
2018-07-10,4.95,28.03,31.19,25.93,91.75,2.7,16.19
2018-07-11,2.0,28.48,32.17,26.12,90.45,2.17,19.69
2018-07-12,6.49,28.1,30.7,26.15,92.24,2.05,21.57
2018-07-13,9.0,28.57,32.04,25.98,89.99,1.64,21.45
2018-07-14,5.93,28.85,32.87,26.35,88.95,1.55,22.6
2018-07-15,2.78,28.73,31.55,25.84,89.51,2.55,21.34
2018-07-16,8.71,28.48,31.87,26.51,89.96,3.61,21.19
2018-07-17,10.5,28.47,31.88,26.3,89.78,3.2,18.54
2018-07-18,8.81,29.26,33.22,26.31,87.68,1.84,22.27
2018-07-19,0.02,30.39,34.36,26.33,83.61,0.94,22.7
2018-07-20,8.59,29.44,32.82,26.63,89.67,2.12,16.74
2018-07-21,35.54,27.92,30.73,25.73,91.63,3.87,13.09
2018-07-22,26.61,27.58,30.02,25.9,92.01,3.74,15.84
2018-07-23,58.52,27.68,30.01,25.63,93.48,2.93,8.47
2018-07-24,40.22,27.73,29.63,25.95,94.34,2.09,8.86
2018-07-25,22.23,27.86,30.69,25.95,91.44,2.25,15.48
2018-07-26,32.33,27.4,30.01,25.54,92.2,2.93,14.73
2018-07-27,36.01,27.74,31.16,25.59,91.98,2.81,12.23
2018-07-28,26.14,27.48,29.71,25.64,92.9,2.48,12.38
2018-07-29,6.85,27.74,31.04,25.79,91.42,2.92,18.63
2018-07-30,4.17,27.55,30.01,25.84,92.03,2.42,17.5
2018-07-31,9.09,27.18,29.63,25.31,92.8,2.06,18.11
2018-08-01,21.72,27.31,30.73,25.1,92.28,3.51,9.82
2018-08-02,16.04,27.23,30.26,25.02,92.25,3.46,10.69
2018-08-03,18.63,27.53,30.77,25.43,90.48,3.06,12.21
2018-08-04,10.83,27.99,31.18,25.53,90.82,2.41,16.93
2018-08-05,7.94,28.42,31.7,26.15,89.4,1.76,16.56
2018-08-06,4.79,28.0,30.89,25.56,88.83,1.28,18.66
2018-08-07,1.07,27.88,31.16,25.84,89.88,1.76,19.89
2018-08-08,1.83,27.77,31.27,25.56,90.7,1.74,20.96
2018-08-09,0.76,27.97,31.48,25.4,89.35,1.85,19.13
2018-08-10,6.37,28.57,32.33,25.51,88.5,1.53,19.62
2018-08-11,5.76,27.85,30.11,25.98,92.41,2.04,18.73
2018-08-12,7.98,28.49,32.39,25.8,88.15,1.54,17.45
2018-08-13,3.28,28.34,31.19,25.73,89.43,1.5,18.88
2018-08-14,9.52,28.56,31.39,26.2,90.18,1.52,19.98
2018-08-15,9.6,28.36,31.41,26.02,91.0,2.13,18.78
2018-08-16,4.87,28.64,31.87,26.12,89.08,1.92,22.18
2018-08-17,27.56,28.32,31.55,26.29,89.3,1.08,19.62
2018-08-18,20.03,28.56,31.73,26.15,89.49,0.91,20.39
2018-08-19,40.72,28.31,31.1,26.59,91.02,1.81,16.61
2018-08-20,12.93,28.67,32.51,26.31,90.04,2.26,14.42
2018-08-21,11.49,27.85,30.69,26.04,93.23,2.92,9.18
2018-08-22,7.67,28.25,31.34,26.12,91.31,2.84,15.13
2018-08-23,8.32,28.29,31.45,26.17,92.05,2.38,14.41
2018-08-24,9.56,27.9,30.44,26.39,93.23,2.1,14.01
2018-08-25,13.85,28.27,32.03,25.73,90.9,2.16,19.93
2018-08-26,5.06,28.82,32.7,25.0,84.75,1.65,20.33
2018-08-27,1.19,28.03,30.5,26.12,90.86,2.51,16.42
2018-08-28,7.28,27.52,30.0,25.45,93.13,2.51,17.52
2018-08-29,7.78,27.83,31.32,25.68,90.78,2.7,15.98
2018-08-30,4.85,27.68,31.14,25.58,91.5,2.43,16.47
2018-08-31,2.94,28.17,31.73,25.42,89.96,2.11,20.29
2018-09-01,12.21,27.72,30.83,25.92,92.13,2.46,15.36
2018-09-02,4.51,27.39,30.23,25.11,90.81,2.87,13.75
2018-09-03,7.17,28.0,31.58,25.74,90.8,2.27,19.19
2018-09-04,14.7,28.19,31.88,25.4,87.82,1.22,16.75
2018-09-05,27.69,28.05,32.05,25.53,89.23,2.07,22.69
2018-09-06,4.52,26.89,30.63,24.1,89.92,3.16,20.65
2018-09-07,1.19,27.17,30.85,24.52,89.5,2.79,18.1
2018-09-08,1.55,27.59,31.6,24.27,88.31,1.86,17.29
2018-09-09,1.0,27.09,29.59,25.23,91.19,1.42,17.25
2018-09-10,2.0,27.62,30.96,25.17,88.85,2.1,12.93
2018-09-11,13.44,27.53,30.89,24.97,90.38,2.36,14.55
2018-09-12,28.62,27.3,29.66,25.64,92.58,2.09,6.96
2018-09-13,7.08,27.51,30.46,25.68,91.61,1.86,14.48
2018-09-14,8.58,27.5,30.15,25.57,89.66,1.46,16.41
2018-09-15,2.37,28.18,31.34,24.57,86.12,0.84,19.68
2018-09-16,1.82,28.16,30.73,25.47,84.64,0.84,21.67
2018-09-17,0.28,28.84,32.63,25.24,85.02,0.85,22.8
2018-09-18,0.21,28.65,31.86,25.66,86.64,1.08,22.25
2018-09-19,1.08,28.3,30.94,26.25,87.89,0.74,20.91
2018-09-20,17.04,28.28,31.66,26.04,86.95,1.16,17.98
2018-09-21,5.26,27.29,31.03,24.78,90.75,1.81,20.98
2018-09-22,0.35,28.12,31.81,25.28,84.87,0.68,21.53
2018-09-23,2.56,28.41,31.68,25.7,82.73,0.87,16.55
2018-09-24,6.63,27.82,30.74,25.49,88.22,1.09,17.22
2018-09-25,16.43,27.53,30.37,25.09,90.5,1.55,14.68
2018-09-26,9.94,27.92,31.29,25.69,88.33,1.16,16.17
2018-09-27,9.83,27.6,30.49,25.15,89.26,0.84,16.86
2018-09-28,14.65,29.3,33.08,25.71,77.2,0.38,18.07
2018-09-29,0.99,29.31,33.18,26.05,76.56,0.43,17.22
2018-09-30,0.13,28.87,32.54,25.8,80.81,0.72,18.27
2018-10-01,0.18,28.72,32.32,25.63,79.7,0.81,18.24
2018-10-02,0.0,27.97,31.98,24.77,75.15,0.88,20.42
2018-10-03,0.01,27.68,31.45,22.91,79.18,0.89,19.03
2018-10-04,0.31,28.21,32.02,23.55,76.41,0.65,19.19
2018-10-05,0.43,27.56,31.81,23.01,80.32,0.81,19.81
2018-10-06,1.36,28.08,31.32,24.6,75.76,0.65,17.85
2018-10-07,0.24,27.18,31.39,23.46,78.71,0.64,18.01
2018-10-08,0.0,26.36,31.18,21.43,78.34,0.76,18.56
2018-10-09,2.23,26.41,30.14,23.18,83.69,0.85,14.71
2018-10-10,11.84,25.17,28.1,22.9,90.48,1.43,10.06
2018-10-11,23.98,23.44,25.03,22.28,94.67,2.14,5.07
2018-10-12,4.67,24.58,27.61,22.45,92.13,2.16,7.08
2018-10-13,9.02,24.61,26.4,22.84,94.95,1.85,7.8
2018-10-14,5.41,25.92,29.6,23.04,90.17,1.41,12.39
2018-10-15,0.14,25.7,29.82,21.91,78.68,0.9,19.94
2018-10-16,0.31,24.76,29.05,20.05,78.66,1.06,20.71
2018-10-17,0.0,24.91,28.97,19.73,72.19,0.85,20.21
2018-10-18,1.77,24.68,29.63,18.91,75.18,0.72,19.34
2018-10-19,0.83,24.94,29.95,19.51,77.92,0.8,19.65
2018-10-20,0.0,25.16,30.0,20.3,78.98,1.0,19.55
2018-10-21,0.0,24.88,29.94,19.95,80.72,1.18,20.53
2018-10-22,0.0,25.24,30.14,21.26,75.08,0.87,20.14
2018-10-23,0.0,25.29,29.65,21.16,77.25,0.98,19.86
2018-10-24,0.0,24.54,29.31,20.21,79.07,1.25,20.24
2018-10-25,0.0,23.81,29.06,19.27,76.08,1.16,19.61
2018-10-26,0.0,23.5,29.23,18.21,75.34,0.94,19.49
2018-10-27,1.8,24.45,29.15,19.34,73.36,0.81,17.52
2018-10-28,10.2,23.68,27.48,20.49,86.57,1.37,6.12
2018-10-29,3.06,22.85,25.76,20.73,90.04,0.99,7.74
2018-10-30,0.27,22.04,24.5,20.14,94.32,1.09,7.4
2018-10-31,0.18,23.2,26.99,19.84,89.35,0.94,13.59
2018-11-01,0.0,25.55,30.23,21.29,79.1,0.93,19.17
2018-11-02,0.2,25.35,29.37,21.84,79.39,0.79,18.47
2018-11-03,3.11,24.78,28.74,21.01,83.98,1.01,15.29
2018-11-04,1.37,24.48,28.81,20.32,83.69,1.03,14.66
2018-11-05,2.75,24.11,28.87,19.65,87.48,1.38,13.76
2018-11-06,16.73,24.58,28.38,21.32,88.11,1.25,7.78
2018-11-07,1.37,23.43,27.9,19.62,84.66,1.4,16.73
2018-11-08,0.01,22.04,27.86,17.09,80.32,1.19,18.09
2018-11-09,0.0,22.26,26.83,17.38,68.44,0.85,18.43
2018-11-10,0.0,22.43,27.28,16.56,65.12,0.58,18.7
2018-11-11,0.0,22.09,27.2,17.18,71.98,0.87,18.39
2018-11-12,0.0,21.98,26.8,15.99,76.03,0.85,17.55
2018-11-13,0.0,22.17,27.06,16.14,74.63,0.93,18.08
2018-11-14,0.0,22.72,27.47,16.42,72.02,0.8,17.25
2018-11-15,0.0,22.7,28.44,16.64,75.68,0.78,17.06
2018-11-16,0.0,23.19,28.03,17.56,76.44,1.0,15.2
2018-11-17,0.0,22.31,27.53,17.68,81.27,1.29,12.77
2018-11-18,0.0,21.61,26.77,17.51,82.5,0.98,14.96
2018-11-19,0.0,20.39,25.84,15.24,77.32,1.19,16.41
2018-11-20,0.0,20.35,25.25,14.42,71.78,0.95,16.12
2018-11-21,0.0,20.11,25.73,15.01,76.91,1.25,16.27
2018-11-22,0.0,20.98,26.23,14.66,73.86,0.86,17.15
2018-11-23,0.0,21.36,26.06,15.22,72.94,0.67,16.75
2018-11-24,0.0,21.23,26.11,15.5,73.91,0.79,16.79
2018-11-25,0.0,21.04,26.36,15.11,74.62,0.82,17.73
2018-11-26,0.0,20.75,26.14,14.41,78.58,0.93,17.58
2018-11-27,0.0,20.83,26.77,15.16,82.23,0.96,17.55
2018-11-28,0.0,21.12,26.78,15.17,79.19,0.89,17.28
2018-11-29,0.0,21.01,26.57,15.27,73.1,0.78,17.45
2018-11-30,0.0,20.5,25.57,14.88,69.63,0.84,17.26
2018-12-01,0.0,20.48,25.31,14.8,65.42,0.71,15.26
2018-12-02,0.0,20.66,25.25,15.08,65.58,0.85,15.98
2018-12-03,0.0,20.39,24.98,16.7,67.4,0.85,16.21
2018-12-04,0.0,20.01,25.27,14.59,69.75,0.92,16.61
2018-12-05,0.0,20.44,25.36,16.08,71.91,0.79,16.49
2018-12-06,0.0,20.18,24.22,16.48,76.34,0.84,10.44
2018-12-07,0.0,19.11,24.95,13.89,78.29,1.07,16.28
2018-12-08,0.0,18.19,24.47,12.78,77.46,1.25,16.43
2018-12-09,0.0,19.44,24.68,14.16,71.98,0.62,16.94
2018-12-10,0.0,19.88,25.36,13.89,68.46,0.62,17.04
2018-12-11,0.0,18.8,25.63,11.81,76.1,0.9,16.21
2018-12-12,0.0,20.0,25.69,12.71,70.63,0.71,15.84
2018-12-13,0.0,19.93,26.18,13.28,70.82,0.98,15.43
2018-12-14,0.0,19.52,25.42,14.53,73.65,1.12,13.99
2018-12-15,0.0,19.5,24.94,14.71,70.17,1.23,9.68
2018-12-16,0.0,19.25,23.66,15.31,73.54,0.93,5.79
2018-12-17,14.65,19.32,22.5,16.36,84.17,1.13,4.44
2018-12-18,18.48,20.69,25.23,17.93,92.14,1.98,4.9
2018-12-19,1.18,18.34,23.59,13.91,86.48,1.9,5.17
2018-12-20,0.0,16.57,23.03,11.18,83.39,1.02,12.46
2018-12-21,0.0,17.32,22.6,12.15,81.6,0.72,14.14
2018-12-22,0.0,17.47,23.16,11.21,77.88,1.25,16.29
2018-12-23,0.0,17.49,23.46,11.28,73.7,0.96,16.8
2018-12-24,0.0,17.94,23.16,11.74,67.44,0.84,16.68
2018-12-25,0.0,17.63,23.0,12.12,72.51,0.8,15.62
2018-12-26,0.0,15.87,22.25,10.49,76.68,1.23,16.08
2018-12-27,0.0,15.55,22.0,10.17,72.12,1.13,15.48
2018-12-28,0.0,14.46,21.87,9.78,65.43,1.25,15.24
2018-12-29,0.0,13.37,21.2,7.68,62.94,1.28,15.21
2018-12-30,0.0,15.45,24.15,8.52,74.05,1.51,17.04
2018-12-31,0.0,17.2,24.81,9.71,72.97,1.11,17.06
2019-01-01,0.0,17.91,25.46,11.46,69.81,1.13,16.05
2019-01-02,0.0,17.87,24.4,12.04,69.28,1.02,16.45
2019-01-03,0.0,17.78,24.49,12.17,65.22,1.12,16.54
2019-01-04,0.0,16.15,23.24,10.73,67.24,1.21,16.37
2019-01-05,0.0,16.48,23.96,9.56,71.56,1.31,16.87
2019-01-06,0.0,17.56,24.94,10.56,64.9,0.98,17.28
2019-01-07,0.0,18.78,25.68,12.02,58.51,0.82,17.38
2019-01-08,0.0,18.9,25.53,12.79,60.83,1.08,16.92
2019-01-09,0.0,18.12,25.01,13.42,64.47,1.07,16.09
2019-01-10,0.0,16.83,23.87,12.06,68.89,1.18,15.48
2019-01-11,0.0,16.83,23.85,10.55,64.46,1.21,17.12
2019-01-12,0.0,17.66,24.43,10.68,56.93,0.89,17.44
2019-01-13,0.0,18.17,25.13,11.63,57.3,0.96,17.49
2019-01-14,0.0,18.15,25.27,11.62,62.61,0.99,15.37
2019-01-15,0.0,16.62,24.59,10.9,67.41,1.6,15.73
2019-01-16,0.0,16.89,24.46,9.39,62.98,1.08,17.38
2019-01-17,0.0,17.38,25.06,10.98,64.65,1.26,17.66
2019-01-18,0.0,17.22,24.63,10.11,66.8,0.99,17.45
2019-01-19,0.0,17.32,24.63,12.12,63.81,1.13,17.46
2019-01-20,0.0,17.24,24.89,11.52,67.8,1.14,17.05
2019-01-21,0.0,18.79,26.15,11.99,64.58,1.16,17.56
2019-01-22,0.0,19.98,27.02,12.64,57.45,1.03,18.1
2019-01-23,0.0,19.78,27.21,11.88,58.76,0.98,18.3
2019-01-24,0.0,19.96,28.13,12.01,61.36,1.35,17.62
2019-01-25,0.0,20.38,28.5,13.06,60.71,1.16,17.27
2019-01-26,0.0,21.16,29.36,13.01,58.04,1.01,17.62
2019-01-27,0.0,21.54,28.43,13.83,53.99,0.78,16.51
2019-01-28,0.0,21.2,26.85,16.33,61.32,1.12,11.08
2019-01-29,0.0,19.07,26.2,13.92,62.95,2.14,13.31
2019-01-30,0.0,15.84,24.28,8.97,55.64,1.44,18.65
2019-01-31,0.0,17.9,27.28,9.13,55.7,1.12,19.36
2019-02-01,0.0,19.42,27.8,10.9,51.46,1.32,19.71
2019-02-02,0.0,18.79,27.22,10.7,59.57,1.24,19.62
2019-02-03,0.0,19.53,27.58,13.09,53.33,1.16,19.37
2019-02-04,0.0,19.1,27.85,12.25,52.16,1.62,19.14
2019-02-05,0.0,19.31,27.92,11.12,46.09,1.44,18.83
2019-02-06,0.0,19.83,27.06,13.25,40.62,1.01,19.08
2019-02-07,0.0,19.92,28.79,11.4,49.47,1.19,18.53
2019-02-08,0.0,21.87,29.93,14.27,52.7,1.19,17.41
2019-02-09,0.01,22.28,30.2,16.17,62.84,2.12,15.58
2019-02-10,0.0,19.57,27.29,12.81,60.59,1.97,17.6
2019-02-11,0.0,18.12,26.98,10.23,46.39,1.46,20.35
2019-02-12,0.0,19.48,28.24,11.52,49.09,1.26,20.74
2019-02-13,0.0,21.42,29.35,15.04,46.45,1.2,20.25
2019-02-14,0.0,23.08,30.55,16.6,44.18,1.06,20.54
2019-02-15,0.0,23.16,31.69,16.01,46.23,1.19,19.86
2019-02-16,0.0,22.83,30.78,17.02,53.31,1.23,10.44
2019-02-17,12.67,19.82,25.24,15.29,76.87,1.51,11.36
2019-02-18,0.08,20.08,26.6,13.76,65.41,1.16,18.15
2019-02-19,0.0,21.16,29.27,14.96,70.79,1.51,18.19
2019-02-20,0.0,22.29,30.14,15.58,70.43,1.62,16.47
2019-02-21,0.0,23.36,30.96,16.49,57.24,1.31,18.87
2019-02-22,0.0,23.47,30.8,16.53,54.07,1.28,18.14
2019-02-23,0.0,23.89,30.87,18.07,73.26,2.3,17.12
2019-02-24,0.98,24.58,31.1,18.46,65.64,1.15,18.61
2019-02-25,22.37,21.88,25.92,18.78,84.64,1.19,7.28
2019-02-26,11.71,21.76,26.39,18.3,82.92,1.33,7.43
2019-02-27,14.06,21.16,26.24,17.67,82.93,1.56,9.6
2019-02-28,32.57,21.58,26.26,18.19,86.6,1.84,11.46
2019-03-01,1.61,19.17,25.93,13.93,69.52,1.62,21.93
2019-03-02,0.0,18.29,26.65,9.94,53.78,1.7,23.67
2019-03-03,0.0,20.52,27.87,13.72,47.56,1.37,19.69
2019-03-04,0.05,20.76,25.07,15.93,60.9,1.02,9.46
2019-03-05,10.37,22.05,27.17,18.09,87.46,3.04,9.17
2019-03-06,0.27,24.39,29.58,19.76,72.4,0.96,14.98
2019-03-07,0.03,24.47,29.72,17.92,60.45,0.87,15.87
2019-03-08,0.0,23.17,29.21,18.01,52.68,1.32,18.74
2019-03-09,0.0,21.52,29.13,14.35,56.82,1.47,22.1
2019-03-10,0.0,22.18,29.88,14.93,75.18,2.04,20.75
2019-03-11,0.0,23.77,29.65,17.94,75.26,1.4,17.49
2019-03-12,0.0,24.93,32.84,18.48,67.11,1.78,18.06
2019-03-13,0.0,25.96,33.55,18.85,67.47,1.37,20.6
2019-03-14,0.0,26.37,33.83,18.98,64.05,1.2,18.34
2019-03-15,0.0,26.96,35.06,19.89,59.65,1.26,20.07
2019-03-16,0.03,27.21,34.91,20.81,58.82,1.43,20.88
2019-03-17,5.86,27.95,34.5,20.31,55.9,0.94,20.43
2019-03-18,11.74,25.63,31.61,20.95,56.85,1.15,13.7
2019-03-19,1.23,24.38,31.16,17.45,66.74,1.9,16.19
2019-03-20,3.58,25.01,30.55,19.55,75.61,2.04,19.41
2019-03-21,0.66,26.16,33.12,20.05,73.39,2.47,20.35
2019-03-22,3.6,26.33,32.95,21.01,76.92,2.57,20.74
2019-03-23,4.83,26.38,32.53,21.77,76.2,2.1,21.83
2019-03-24,0.0,26.79,33.9,20.15,59.51,1.5,24.19
2019-03-25,0.0,26.32,34.9,17.19,43.86,1.22,25.23
2019-03-26,0.0,27.39,35.11,17.86,55.31,1.29,23.22
2019-03-27,2.2,27.22,33.59,21.35,49.44,1.41,17.23
2019-03-28,0.0,27.68,33.57,21.6,49.28,1.08,23.48
2019-03-29,0.0,27.03,34.31,19.77,62.02,1.41,22.89
2019-03-30,0.0,27.37,34.18,21.51,68.96,2.07,21.35
2019-03-31,18.95,27.09,33.06,22.93,76.28,3.28,17.29
2019-04-01,44.79,25.53,29.42,22.67,86.4,3.06,22.35
2019-04-02,10.67,25.73,31.1,21.64,83.88,2.87,16.58
2019-04-03,4.91,25.97,30.6,22.52,84.24,2.38,21.11
2019-04-04,0.83,26.1,31.4,22.03,82.96,2.49,18.83
2019-04-05,0.49,26.49,31.91,22.59,79.76,2.05,14.99
2019-04-06,4.03,24.92,29.22,21.78,83.27,1.18,16.75
2019-04-07,5.33,25.94,31.65,21.61,75.25,1.39,18.29
2019-04-08,7.71,25.64,31.25,21.32,78.42,2.4,9.97
2019-04-09,23.0,25.17,30.47,21.05,83.45,2.81,14.51
2019-04-10,16.2,25.43,29.85,21.45,84.24,1.7,15.67
2019-04-11,0.01,26.92,31.45,21.73,78.43,0.96,21.22
2019-04-12,0.02,27.4,31.48,22.88,78.38,1.05,18.74
2019-04-13,0.0,28.17,33.83,22.65,73.93,1.03,20.91
2019-04-14,0.01,28.32,34.5,22.81,75.74,1.58,23.56
2019-04-15,0.18,28.4,34.34,23.45,76.75,2.0,20.99
2019-04-16,1.65,28.47,34.68,22.99,77.56,1.85,20.68
2019-04-17,2.81,29.49,35.04,23.64,70.92,1.37,22.02
2019-04-18,0.0,30.04,35.27,24.09,54.87,1.39,23.65
2019-04-19,0.0,29.99,36.11,23.69,51.36,1.07,22.49
2019-04-20,2.08,28.92,34.88,22.93,57.24,1.11,22.9
2019-04-21,0.25,29.05,35.92,22.13,59.57,0.89,24.4
2019-04-22,0.18,28.74,34.99,23.25,62.24,1.28,21.5
2019-04-23,0.0,28.86,35.98,21.4,57.77,1.26,25.79
2019-04-24,0.0,30.42,37.09,22.41,52.87,1.05,25.02
2019-04-25,0.0,30.95,37.71,23.91,58.27,1.3,24.37
2019-04-26,0.0,30.85,38.28,24.29,59.53,1.82,23.96
2019-04-27,1.02,30.45,37.04,25.15,67.97,2.47,19.17
2019-04-28,2.46,30.45,36.72,26.15,71.75,3.86,18.67
2019-04-29,1.85,30.61,37.15,26.08,71.76,4.38,22.31
2019-04-30,0.47,30.54,36.84,26.34,70.3,4.09,21.95
2019-05-01,0.15,30.52,35.9,26.55,68.46,4.21,22.82
2019-05-02,1.23,30.16,35.61,26.39,70.56,2.61,20.79
2019-05-03,29.72,28.99,33.48,26.33,81.02,3.05,16.63
2019-05-04,39.54,27.42,30.52,24.5,86.72,6.76,5.47
2019-05-05,0.13,28.23,34.08,22.64,76.4,2.48,23.79
2019-05-06,0.33,29.46,35.42,25.04,75.26,2.69,21.98
2019-05-07,0.0,29.84,36.52,24.59,72.93,3.2,23.31
2019-05-08,0.0,30.22,37.03,25.15,74.63,3.45,21.77
2019-05-09,0.14,30.06,35.47,26.15,76.72,4.22,21.09
2019-05-10,0.39,30.6,36.69,26.51,75.93,3.97,21.01
2019-05-11,1.11,30.03,34.7,26.66,78.8,3.68,20.54
2019-05-12,2.22,29.41,33.37,26.62,79.91,2.96,21.41
2019-05-13,3.63,29.39,34.72,26.21,78.74,2.89,20.02
2019-05-14,24.8,28.6,32.64,25.54,83.16,1.6,23.18
2019-05-15,5.53,29.77,34.18,25.42,73.64,1.63,19.84
2019-05-16,7.1,29.72,34.69,25.88,75.98,1.93,17.56
2019-05-17,21.59,28.61,33.02,25.4,82.82,3.2,20.81
2019-05-18,14.49,28.71,32.7,26.11,86.63,3.4,19.13
2019-05-19,7.47,28.51,32.02,26.42,87.88,2.42,19.09
2019-05-20,0.03,29.25,33.38,25.25,81.41,1.37,22.2
2019-05-21,0.15,29.05,33.15,25.49,82.75,1.73,21.87
2019-05-22,7.33,28.85,33.06,25.82,83.42,2.31,20.37
2019-05-23,35.57,28.08,31.85,25.28,88.14,2.15,19.36
2019-05-24,60.69,28.1,30.84,26.06,90.63,2.71,9.35
2019-05-25,51.85,27.81,31.11,25.74,89.22,3.14,10.82
2019-05-26,16.69,28.16,31.64,25.53,88.28,2.24,20.42
2019-05-27,11.91,28.34,31.86,25.38,90.34,2.09,20.28
2019-05-28,6.67,28.68,32.58,25.08,87.74,1.71,26.11
2019-05-29,2.04,28.82,32.38,25.7,87.84,1.64,24.12
2019-05-30,0.28,28.79,33.2,25.3,85.54,2.5,23.57
2019-05-31,47.22,28.85,32.72,25.41,87.67,1.98,18.45
2019-06-01,38.18,28.45,31.91,25.63,87.23,1.8,16.15
2019-06-02,28.43,28.47,32.58,25.23,85.67,1.47,12.9
2019-06-03,29.29,27.73,31.32,24.67,88.01,2.14,12.54
2019-06-04,31.21,27.86,31.31,25.18,88.6,2.53,9.02
2019-06-05,7.6,26.44,28.75,24.59,92.61,2.92,16.24
2019-06-06,4.15,26.51,29.62,24.02,91.5,2.39,19.66
2019-06-07,2.21,26.91,29.54,24.78,91.37,2.4,18.33
2019-06-08,8.15,27.39,30.36,25.04,91.93,1.77,17.92
2019-06-09,4.33,28.0,30.52,25.9,92.37,2.42,11.42
2019-06-10,2.05,28.67,32.36,25.87,88.95,2.09,21.69
2019-06-11,0.03,28.81,32.67,25.36,87.5,1.8,22.49
2019-06-12,0.03,29.92,34.59,25.49,83.2,1.06,23.31
2019-06-13,1.88,28.74,30.61,27.1,92.92,1.91,20.95
2019-06-14,22.98,29.06,31.54,27.22,90.79,2.62,7.67
2019-06-15,27.92,28.76,31.09,27.42,93.16,2.98,5.93
2019-06-16,3.02,28.5,30.93,26.97,91.42,3.31,18.66
2019-06-17,6.8,28.52,30.67,26.9,93.44,2.88,18.22
2019-06-18,5.19,28.92,31.82,26.8,88.33,1.39,18.66
2019-06-19,1.11,29.43,32.83,26.33,87.07,1.35,19.61
2019-06-20,4.71,27.51,29.96,23.29,81.05,1.56,19.98
2019-06-21,10.77,28.61,32.58,25.65,87.74,2.34,20.42
2019-06-22,7.79,28.64,32.22,26.16,88.97,2.83,20.55
2019-06-23,0.68,29.23,32.94,25.69,86.06,1.48,21.18
2019-06-24,0.63,29.43,33.05,26.81,86.79,1.57,22.51
2019-06-25,0.35,29.25,32.31,26.93,87.55,2.35,19.53
2019-06-26,5.37,29.09,32.13,26.71,88.93,3.23,19.19
2019-06-27,5.34,28.98,32.29,26.78,87.85,3.5,14.18
2019-06-28,14.02,28.71,31.59,26.39,90.53,2.65,16.78
2019-06-29,30.69,28.76,32.03,26.89,90.93,2.1,19.49
2019-06-30,5.87,29.16,32.78,26.45,84.58,1.39,19.36
2019-07-01,6.02,28.76,31.93,26.81,88.39,1.94,20.98
2019-07-02,6.28,29.15,32.84,26.64,86.9,3.8,19.52
2019-07-03,5.2,28.96,32.59,26.7,87.89,2.57,19.92
2019-07-04,3.25,29.23,33.46,26.14,87.49,2.0,17.97
2019-07-05,7.34,28.49,32.09,26.45,90.15,2.92,20.5
2019-07-06,14.91,28.42,31.66,26.55,89.67,4.34,9.25
2019-07-07,49.53,28.17,30.97,25.93,91.96,3.91,9.52
2019-07-08,91.3,28.05,30.51,26.3,92.85,3.5,5.66
2019-07-09,111.68,28.01,30.01,26.48,93.06,4.37,3.69
2019-07-10,69.32,27.99,29.77,26.84,93.82,4.06,7.0
2019-07-11,67.01,27.53,28.94,26.59,95.13,3.83,5.37
2019-07-12,41.14,27.59,29.02,26.59,94.69,3.67,7.44
2019-07-13,95.59,27.84,30.17,26.13,93.59,3.26,11.63
2019-07-14,99.14,27.48,29.1,25.96,94.89,3.55,5.01
2019-07-15,59.32,28.23,31.07,26.43,93.07,3.18,5.86
2019-07-16,5.89,28.39,31.0,26.31,91.49,2.11,20.22
2019-07-17,2.0,29.51,33.12,25.79,85.89,1.17,22.05
2019-07-18,29.3,28.93,31.98,26.81,86.28,0.84,18.79
2019-07-19,30.14,28.42,31.96,26.19,90.03,1.62,18.34
2019-07-20,15.31,28.68,32.17,26.1,88.73,1.59,20.85
2019-07-21,3.23,28.5,31.46,26.16,90.51,2.03,20.86
2019-07-22,8.52,27.81,30.51,25.61,90.63,2.2,18.14
2019-07-23,17.58,26.85,28.1,25.25,93.19,2.12,20.87
2019-07-24,26.83,27.86,30.7,26.09,92.48,2.74,19.04
2019-07-25,27.12,28.7,32.16,25.81,87.77,1.65,19.81
2019-07-26,48.36,27.16,29.2,25.99,92.67,3.32,16.78
2019-07-27,7.77,27.65,30.5,25.56,92.99,3.27,17.49
2019-07-28,6.19,27.88,31.14,25.44,90.6,2.61,22.23
2019-07-29,11.89,27.38,30.73,25.17,92.02,3.31,21.81
2019-07-30,27.58,27.1,29.4,25.24,93.54,2.68,12.52
2019-07-31,19.97,27.71,30.62,25.5,91.48,2.7,16.07
2019-08-01,4.67,27.88,31.67,25.3,90.25,2.43,22.35
2019-08-02,1.86,27.57,31.08,25.37,91.66,2.15,23.04
2019-08-03,8.97,27.56,31.01,25.44,91.92,1.86,17.81
2019-08-04,2.07,28.99,33.09,25.69,88.52,1.56,21.3
2019-08-05,2.4,30.32,34.26,26.35,80.33,0.91,24.58
2019-08-06,24.62,28.84,32.08,27.03,91.4,2.22,19.84
2019-08-07,26.86,27.52,30.74,25.61,92.04,4.33,16.93
2019-08-08,53.62,27.39,30.4,24.91,91.96,3.78,9.01
2019-08-09,33.79,28.25,31.6,25.61,90.57,2.37,17.18
2019-08-10,2.76,29.08,32.94,25.55,86.57,1.15,19.6
2019-08-11,6.24,29.12,31.18,26.36,88.11,0.93,21.52
2019-08-12,56.59,27.94,29.57,26.64,93.54,2.37,19.77
2019-08-13,56.61,27.13,29.1,25.68,93.36,3.84,14.91
2019-08-14,85.53,27.17,29.01,25.93,94.8,3.13,5.86
2019-08-15,47.8,27.89,30.18,25.97,93.66,2.54,10.33
2019-08-16,20.92,27.98,30.12,26.32,93.05,2.21,12.78
2019-08-17,22.65,28.12,31.72,25.84,91.12,2.2,16.63
2019-08-18,5.79,27.14,30.36,24.8,90.96,2.86,20.26
2019-08-19,1.99,28.08,31.78,24.91,89.5,1.94,19.26
2019-08-20,1.76,28.23,31.83,25.17,88.6,1.46,18.95
2019-08-21,1.07,29.06,33.04,25.83,86.59,1.04,17.6
2019-08-22,7.96,28.91,32.73,26.27,85.73,0.77,20.28
2019-08-23,3.35,27.9,30.85,25.71,89.98,2.14,18.38
2019-08-24,28.97,27.11,29.52,25.35,93.81,2.38,12.52
2019-08-25,4.92,28.1,32.34,24.5,87.85,1.62,22.75
2019-08-26,4.07,28.43,31.96,25.74,88.12,1.85,23.61
2019-08-27,6.82,28.36,32.18,25.72,89.16,1.86,22.91
2019-08-28,0.51,27.78,30.36,25.76,91.45,1.55,15.52
2019-08-29,1.33,28.57,32.53,25.57,87.58,1.18,22.18
2019-08-30,1.05,29.15,32.56,25.79,84.24,0.62,18.07
2019-08-31,24.59,28.55,30.54,26.19,88.5,0.91,19.56
2019-09-01,18.83,29.81,33.73,26.5,86.11,0.8,20.61
2019-09-02,9.07,28.46,32.74,25.68,88.03,1.76,19.78
2019-09-03,19.52,28.34,31.55,25.82,90.03,2.15,19.78
2019-09-04,4.47,28.09,31.36,26.03,91.29,1.88,19.35
2019-09-05,6.54,27.85,30.73,25.92,91.57,2.0,18.42
2019-09-06,2.38,28.23,31.39,26.01,89.93,2.31,20.16
2019-09-07,8.91,27.54,30.77,25.51,92.35,2.94,16.66
2019-09-08,33.68,27.89,31.1,25.83,91.48,3.01,14.48
2019-09-09,23.44,28.26,32.03,25.75,91.55,3.04,10.77
2019-09-10,32.06,28.03,29.94,26.64,94.4,2.27,15.17
2019-09-11,8.54,28.02,30.82,26.31,92.53,2.61,16.43
2019-09-12,62.89,27.5,29.76,26.2,93.53,3.78,11.72
2019-09-13,23.75,27.04,29.25,25.78,94.18,2.75,12.75
2019-09-14,3.92,27.47,30.06,25.31,90.94,1.8,17.62
2019-09-15,0.57,28.05,31.84,24.78,89.35,1.54,19.19
2019-09-16,0.82,27.8,30.8,25.33,90.2,1.39,16.31
2019-09-17,3.49,28.72,32.26,25.23,83.36,0.81,19.79
2019-09-18,0.84,29.44,32.95,25.37,79.09,0.57,21.05
2019-09-19,0.8,29.46,32.48,26.3,78.57,0.75,21.84
2019-09-20,0.82,29.0,31.79,25.93,80.05,0.73,20.61
2019-09-21,2.63,28.95,32.1,26.03,82.85,0.53,12.79
2019-09-22,17.95,28.32,31.37,25.69,85.28,0.77,17.71
2019-09-23,5.96,27.15,30.25,24.37,86.65,0.85,18.59
2019-09-24,30.2,26.48,29.38,24.12,89.57,1.03,14.72
2019-09-25,15.42,25.99,28.59,24.24,91.89,1.27,12.84
2019-09-26,5.96,26.32,28.96,23.25,86.76,0.92,16.05
2019-09-27,1.06,26.02,29.22,22.83,87.55,1.1,19.18
2019-09-28,1.11,26.02,29.64,23.03,87.33,0.8,14.21
2019-09-29,10.05,25.59,28.07,23.36,91.83,0.73,10.12
2019-09-30,34.36,25.92,29.24,23.46,91.03,1.44,15.51
2019-10-01,36.53,25.76,28.64,24.0,92.67,2.02,8.89
2019-10-02,17.34,26.55,30.59,23.2,90.16,1.62,14.54
2019-10-03,5.33,27.07,31.17,23.74,90.08,1.41,15.1
2019-10-04,3.73,27.05,30.17,24.25,88.55,1.07,16.88
2019-10-05,2.5,27.07,30.44,23.54,88.13,1.04,16.11
2019-10-06,8.2,27.06,29.83,24.9,87.76,0.87,14.96
2019-10-07,7.84,26.85,30.27,24.06,87.79,0.88,15.24
2019-10-08,8.34,26.34,29.11,24.31,87.27,0.67,15.97
2019-10-09,8.85,25.56,28.96,22.98,89.52,0.84,15.77
2019-10-10,55.94,25.07,27.38,23.09,93.41,1.59,5.79
2019-10-11,23.77,25.99,29.77,23.11,90.08,1.34,15.46
2019-10-12,5.36,26.27,30.24,22.97,85.41,0.96,20.26
2019-10-13,0.0,25.35,29.71,21.34,83.99,1.27,21.19
2019-10-14,0.0,25.55,30.47,20.73,82.83,0.98,20.67
2019-10-15,1.3,26.1,30.82,21.7,84.77,0.9,19.02
2019-10-16,12.25,27.17,30.71,23.16,81.25,0.79,15.16
2019-10-17,7.62,27.02,31.17,23.12,84.28,0.93,19.76
2019-10-18,0.74,27.28,30.89,23.58,83.56,1.09,19.62
2019-10-19,0.0,27.1,30.93,23.46,83.12,0.99,19.79
2019-10-20,0.0,26.29,30.67,22.73,86.0,1.09,19.09
2019-10-21,3.62,26.07,30.07,22.06,86.65,1.1,18.05
2019-10-22,2.88,26.22,29.71,23.26,87.46,0.88,14.09
2019-10-23,2.37,25.6,29.17,22.6,88.27,1.19,15.47
2019-10-24,4.3,22.67,24.79,21.02,91.89,2.12,9.14
2019-10-25,5.42,24.66,29.47,20.89,90.12,1.55,8.7
2019-10-26,26.86,25.76,28.04,23.93,94.68,1.57,10.61
2019-10-27,4.85,25.74,29.02,23.62,90.77,1.01,13.18
2019-10-28,0.46,24.25,28.37,21.53,89.25,1.57,14.78
2019-10-29,0.0,24.17,28.46,20.77,87.55,1.13,17.45
2019-10-30,0.0,24.79,28.85,21.14,83.33,0.92,18.41
2019-10-31,0.0,25.01,28.72,21.7,80.71,0.83,17.56
2019-11-01,0.0,24.97,28.96,21.37,84.47,0.91,18.2
2019-11-02,0.0,25.13,29.79,20.75,79.75,0.76,19.15
2019-11-03,0.0,25.12,29.22,20.62,77.33,0.66,17.49
2019-11-04,0.0,24.99,29.21,21.14,82.3,0.91,18.07
2019-11-05,0.0,25.33,29.07,22.1,80.69,0.78,17.68
2019-11-06,0.0,24.48,29.11,20.41,81.1,0.98,16.46
2019-11-07,0.0,24.8,30.3,19.59,77.31,0.9,16.88
2019-11-08,4.38,23.83,26.75,21.25,91.98,0.9,7.62
2019-11-09,36.51,23.39,25.07,22.19,95.4,2.6,7.1
2019-11-10,19.97,23.73,25.47,22.54,95.0,2.96,2.61
2019-11-11,51.83,24.12,27.08,21.58,92.44,1.47,8.57
2019-11-12,1.59,23.2,27.91,19.49,86.99,1.14,15.5
2019-11-13,0.0,23.12,28.1,18.25,84.53,1.05,17.3
2019-11-14,0.0,23.95,29.22,18.78,83.76,0.87,18.5
2019-11-15,0.05,23.98,28.34,20.15,81.44,0.81,18.49
2019-11-16,0.03,23.79,27.89,19.72,79.75,0.62,18.25
2019-11-17,0.0,23.48,27.43,18.68,77.31,0.55,17.04
2019-11-18,0.0,23.23,27.1,18.88,78.13,0.77,17.35
2019-11-19,0.0,23.11,26.98,18.22,75.29,0.6,16.77
2019-11-20,0.0,22.0,25.95,18.98,78.49,0.78,16.58
2019-11-21,0.0,21.49,26.2,15.88,77.81,0.8,17.31
2019-11-22,0.0,21.22,25.67,15.13,75.25,0.74,17.83
2019-11-23,0.0,21.44,26.1,15.46,77.89,0.87,17.1
2019-11-24,0.0,21.25,25.85,15.92,81.35,0.86,16.63
2019-11-25,0.0,21.22,25.85,15.89,80.63,0.82,16.92
2019-11-26,0.0,21.84,27.31,16.32,79.5,0.71,17.19
2019-11-27,0.0,21.92,27.44,16.29,80.23,0.71,17.22
2019-11-28,0.0,22.57,28.41,17.07,82.41,0.78,17.32
2019-11-29,0.0,22.6,27.42,17.43,83.19,0.77,17.3
2019-11-30,0.0,22.3,26.92,17.19,82.14,0.8,16.85
2019-12-01,0.0,20.9,25.81,17.0,85.42,1.06,14.15
2019-12-02,0.0,19.49,24.58,15.35,84.12,1.26,14.9
2019-12-03,0.0,19.22,24.03,15.24,75.47,0.88,16.59
2019-12-04,0.0,18.99,24.76,15.02,80.03,1.08,16.91
2019-12-05,0.0,20.48,27.45,13.56,77.91,0.96,16.79
2019-12-06,0.0,20.73,27.25,15.63,81.37,0.94,16.46
2019-12-07,0.0,20.77,26.31,14.95,80.0,1.01,16.32
2019-12-08,0.0,21.5,25.91,17.06,72.13,0.72,14.18
2019-12-09,0.0,20.87,25.51,15.19,76.35,0.65,14.27
2019-12-10,0.0,20.39,24.16,15.64,77.47,0.8,13.21
2019-12-11,0.0,20.15,24.21,15.96,74.99,0.76,13.78
2019-12-12,0.0,19.29,24.11,15.18,76.2,0.95,15.39
2019-12-13,0.0,18.74,24.47,12.88,76.66,0.81,15.93
2019-12-14,0.0,19.47,25.17,12.86,74.61,0.84,15.69
2019-12-15,0.0,19.57,24.61,13.99,78.55,0.98,15.13
2019-12-16,0.0,19.2,24.91,15.06,86.14,0.98,13.46
2019-12-17,0.0,18.52,24.07,15.09,86.44,1.0,14.1
2019-12-18,0.0,16.56,22.07,12.83,89.21,1.58,14.79
2019-12-19,0.0,14.86,21.08,10.09,89.26,1.21,5.51
2019-12-20,0.0,14.81,20.59,9.65,85.22,0.99,11.36
2019-12-21,0.0,14.78,20.36,10.91,88.92,0.92,7.06
2019-12-22,0.0,14.65,20.75,9.63,87.5,1.15,13.4
2019-12-23,0.0,15.64,21.5,11.2,87.87,1.35,10.44
2019-12-24,0.0,15.39,21.83,10.38,85.17,1.29,12.27
2019-12-25,0.0,15.02,21.47,9.63,84.85,1.11,12.83
2019-12-26,0.62,16.66,23.34,10.82,81.97,1.04,12.12
2019-12-27,12.4,14.89,20.61,11.56,89.21,1.22,4.13
2019-12-28,0.09,14.24,20.66,8.51,86.45,1.31,6.62
2019-12-29,0.0,15.78,22.98,9.26,85.3,1.24,14.16
2019-12-30,0.0,17.92,23.73,11.38,78.64,0.7,14.63
2019-12-31,0.0,19.18,24.72,13.98,79.2,0.69,15.49
2020-01-01,0.09,20.54,26.12,15.43,78.0,0.78,12.74
2020-01-02,0.09,20.25,25.55,14.44,83.85,0.96,7.88
2020-01-03,63.02,17.81,20.49,15.13,93.02,1.17,5.16
2020-01-04,9.95,17.63,22.39,13.69,86.94,1.06,9.9
2020-01-05,15.31,17.72,22.52,13.95,88.17,1.06,10.61
2020-01-06,0.07,14.96,20.24,10.75,85.03,1.57,15.01
2020-01-07,0.02,14.45,21.56,8.62,82.63,1.01,11.1
2020-01-08,0.0,15.63,21.71,10.61,83.72,1.25,10.36
2020-01-09,0.18,16.86,22.25,12.16,83.12,0.75,8.93
2020-01-10,1.2,16.75,22.01,13.0,86.98,1.35,15.01
2020-01-11,1.11,14.81,20.8,9.99,89.3,1.47,5.57
2020-01-12,0.0,15.15,21.91,9.73,87.92,1.41,11.58
2020-01-13,0.0,15.3,21.65,9.92,85.57,1.05,10.68
2020-01-14,0.0,15.97,21.9,10.47,83.17,0.85,12.39
2020-01-15,0.0,17.0,23.1,11.6,84.37,1.07,16.34
2020-01-16,0.0,18.36,25.15,11.76,81.42,1.11,16.32
2020-01-17,0.0,19.26,26.12,12.82,81.34,1.1,16.78
2020-01-18,0.0,20.29,26.45,13.54,72.39,0.91,16.7
2020-01-19,0.0,19.21,25.77,13.57,81.58,1.17,15.9
2020-01-20,0.0,16.74,22.08,12.85,86.46,1.41,12.35
2020-01-21,0.0,14.97,20.59,9.6,78.05,1.36,15.89
2020-01-22,0.0,14.59,21.52,9.05,77.96,1.29,17.2
2020-01-23,0.0,15.99,22.3,9.95,77.47,1.12,13.49
2020-01-24,0.0,15.84,21.42,11.22,75.44,1.21,15.3
2020-01-25,0.0,15.0,21.72,9.7,71.67,1.12,17.3
2020-01-26,0.0,14.86,20.72,10.24,74.24,1.17,15.75
2020-01-27,0.0,15.37,20.57,10.62,72.96,1.06,13.67
2020-01-28,0.0,16.54,22.41,9.28,72.3,1.0,13.77
2020-01-29,0.02,16.44,21.54,11.63,75.9,0.9,7.66
2020-01-30,0.16,18.1,23.95,12.0,79.06,0.93,10.87
2020-01-31,1.74,17.87,22.92,14.04,84.73,1.04,11.43
2020-02-01,0.01,16.68,22.78,11.29,79.54,1.29,15.56
2020-02-02,0.0,16.16,22.07,10.71,71.46,1.37,15.9
2020-02-03,0.0,14.2,20.97,9.05,74.48,1.52,18.48
2020-02-04,0.0,14.56,22.15,8.14,74.81,1.49,18.91
2020-02-05,0.0,16.0,22.53,10.26,73.63,1.28,17.37
2020-02-06,0.0,16.72,23.75,10.83,71.73,1.43,17.83
2020-02-07,0.0,16.71,23.61,10.23,70.44,1.27,14.84
2020-02-08,0.0,17.51,23.74,11.65,70.37,1.29,9.09
2020-02-09,0.0,18.06,23.29,14.06,73.02,1.11,12.67
2020-02-10,0.0,15.89,23.14,9.62,71.37,1.54,19.2
2020-02-11,0.0,16.03,23.56,10.69,72.8,1.45,19.92
2020-02-12,0.0,15.98,23.68,9.81,71.16,1.63,18.49
2020-02-13,0.0,17.24,23.91,12.1,63.45,1.1,17.39
2020-02-14,0.0,17.3,24.09,10.81,71.93,1.45,17.18
2020-02-15,0.0,18.57,25.27,12.86,86.18,1.77,13.94
2020-02-16,0.0,19.81,25.78,13.39,76.76,0.96,15.7
2020-02-17,0.0,20.39,26.03,15.36,69.3,0.85,17.32
2020-02-18,0.0,20.35,26.33,14.02,66.59,1.15,17.44
2020-02-19,0.0,20.49,26.48,15.08,65.8,0.95,16.93
2020-02-20,0.0,20.49,26.88,14.01,63.72,1.01,17.39
2020-02-21,0.0,20.97,27.31,13.4,62.53,1.03,20.22
2020-02-22,0.0,21.8,28.37,15.1,60.67,0.94,19.74
2020-02-23,0.0,22.0,28.54,16.11,66.88,1.22,18.75
2020-02-24,0.0,21.53,27.42,15.74,76.56,1.42,15.63
2020-02-25,1.17,20.95,27.13,16.65,79.56,1.53,9.14
2020-02-26,2.11,20.18,26.68,16.01,80.84,1.27,6.34
2020-02-27,0.22,19.86,26.07,14.53,74.96,1.07,19.36
2020-02-28,0.06,20.48,27.37,14.65,67.3,1.03,22.25
2020-02-29,0.0,21.15,28.24,14.76,65.66,0.99,22.58
2020-03-01,0.0,21.9,28.78,15.26,64.84,1.06,21.66
2020-03-02,0.56,22.76,28.7,16.48,61.8,1.05,20.35
2020-03-03,23.15,22.7,28.23,16.62,70.69,0.95,14.31
2020-03-04,3.53,22.54,27.98,16.46,73.54,1.09,15.01
2020-03-05,0.6,23.17,28.2,17.4,73.36,1.19,16.84
2020-03-06,0.94,23.23,28.56,18.14,73.68,1.13,10.55
2020-03-07,0.91,22.6,27.98,17.15,77.28,1.09,7.02
2020-03-08,0.3,23.49,28.41,19.65,77.8,1.42,16.32
2020-03-09,0.0,22.85,28.36,17.57,66.61,1.14,22.33
2020-03-10,0.01,21.59,28.91,15.74,61.18,1.45,21.08
2020-03-11,0.0,22.83,29.19,15.39,61.6,1.26,22.45
2020-03-12,0.0,24.97,31.45,18.15,64.48,1.15,20.61
2020-03-13,0.0,25.52,33.05,19.27,63.21,1.26,22.8
2020-03-14,0.0,25.25,33.31,18.88,65.74,1.55,22.27
2020-03-15,0.0,24.02,32.67,18.09,66.26,1.89,21.72
2020-03-16,0.0,24.46,32.3,17.74,63.67,1.68,21.19
2020-03-17,0.0,24.18,31.28,17.86,62.39,1.52,20.73
2020-03-18,0.0,24.53,31.36,18.08,59.24,1.31,22.04
2020-03-19,0.0,24.68,32.21,17.26,54.75,1.24,22.05
2020-03-20,0.03,24.58,31.24,17.78,54.72,1.26,17.73
2020-03-21,0.04,25.3,32.28,18.93,54.52,1.08,18.27
2020-03-22,1.13,24.59,30.24,20.51,67.13,0.86,17.03
2020-03-23,0.03,24.43,30.67,17.64,59.17,1.2,19.97
2020-03-24,0.07,24.62,30.86,18.13,60.49,1.01,19.97
2020-03-25,0.15,25.39,32.67,18.5,63.98,1.2,22.8
2020-03-26,0.01,26.97,33.56,19.42,55.86,1.19,20.57
2020-03-27,0.0,27.63,34.71,19.48,55.66,1.5,22.85
2020-03-28,0.0,28.15,36.01,20.37,62.92,1.76,23.68
2020-03-29,0.0,28.86,36.47,22.23,58.0,1.53,25.46
2020-03-30,0.0,28.72,36.02,21.12,39.5,1.34,26.06
2020-03-31,0.0,28.03,35.75,20.59,38.16,1.26,25.69
2020-04-01,0.0,27.83,36.01,20.76,41.3,1.47,25.34
2020-04-02,0.9,28.16,35.69,21.24,69.11,2.44,22.34
2020-04-03,9.88,27.79,33.87,23.19,74.15,2.23,19.88
2020-04-04,9.27,27.05,33.21,22.02,74.05,1.41,21.52
2020-04-05,7.2,26.83,32.92,21.68,72.33,1.51,19.58
2020-04-06,10.8,26.53,32.78,21.3,74.87,1.85,21.96
2020-04-07,9.94,27.24,34.09,21.76,71.88,2.59,24.06
2020-04-08,0.02,27.67,34.34,22.91,72.41,2.62,11.04
2020-04-09,0.05,26.84,32.43,21.93,73.31,2.02,19.71
2020-04-10,0.03,28.26,35.39,21.92,65.46,1.49,23.56
2020-04-11,2.44,28.41,35.42,22.26,66.23,1.46,24.6
2020-04-12,2.92,28.18,34.25,22.23,61.31,1.07,20.6
2020-04-13,0.3,28.34,35.44,21.31,58.98,1.37,24.83
2020-04-14,0.01,28.97,36.76,22.23,61.91,1.37,23.46
2020-04-15,3.07,28.35,33.72,23.03,72.15,1.42,17.12
2020-04-16,11.54,27.34,31.98,23.05,74.72,1.44,21.95
2020-04-17,7.05,27.42,33.19,23.1,77.86,2.98,14.42
2020-04-18,13.68,26.99,30.86,23.29,82.43,2.93,16.14
2020-04-19,13.96,27.64,33.1,23.8,80.44,2.25,25.04
2020-04-20,20.12,26.3,30.5,23.31,86.36,2.08,15.63
2020-04-21,8.4,26.85,31.51,24.0,78.44,1.11,11.77
2020-04-22,4.51,25.72,30.35,22.47,77.7,1.02,16.31
2020-04-23,11.44,26.27,30.61,22.09,76.87,1.19,17.08
2020-04-24,18.52,25.03,29.63,20.99,83.37,1.5,13.37
2020-04-25,30.44,25.86,29.99,22.78,86.83,1.43,16.93
2020-04-26,27.13,25.87,29.98,23.1,88.72,1.26,13.24
2020-04-27,6.38,25.75,30.05,21.71,83.28,1.0,22.18
2020-04-28,15.19,25.49,29.06,22.7,84.8,0.92,12.71
2020-04-29,12.7,25.3,29.54,21.78,86.12,1.41,20.27
2020-04-30,12.61,26.35,31.02,22.38,84.58,1.25,15.9
2020-05-01,7.16,26.11,30.3,21.83,84.64,1.29,15.37
2020-05-02,11.18,26.29,30.56,23.05,85.45,1.44,17.4
2020-05-03,29.88,25.78,29.96,22.68,89.06,1.78,16.29
2020-05-04,4.28,26.87,31.15,22.5,84.34,1.33,20.66
2020-05-05,12.18,27.93,32.05,23.82,85.58,1.58,20.38
2020-05-06,22.23,27.19,30.93,24.63,87.27,1.43,12.52
2020-05-07,7.16,27.75,31.81,22.89,76.59,0.88,26.31
2020-05-08,1.15,27.58,32.44,22.43,76.03,1.01,27.13
2020-05-09,23.25,28.19,32.59,22.75,77.93,0.94,26.63
2020-05-10,13.19,29.39,33.41,24.5,72.85,0.61,23.5
2020-05-11,0.18,28.79,32.09,25.37,77.67,0.71,21.53
2020-05-12,0.1,28.5,32.27,25.52,80.97,1.23,24.75
2020-05-13,2.36,27.92,32.14,24.26,84.77,1.71,16.78
2020-05-14,13.2,28.0,32.39,24.08,84.81,1.68,23.58
2020-05-15,18.41,28.27,32.1,24.96,84.91,1.61,18.12
2020-05-16,13.16,28.6,32.98,24.93,85.05,1.92,21.94
2020-05-17,8.32,28.99,33.43,24.75,83.97,1.47,22.85
2020-05-18,0.01,29.01,33.31,25.29,83.33,1.36,23.14
2020-05-19,1.95,28.49,32.23,25.52,79.93,1.04,15.26
2020-05-20,36.87,27.97,32.89,24.62,84.73,4.41,10.7
2020-05-21,32.4,27.72,30.51,25.71,88.03,6.21,11.84
2020-05-22,15.6,28.34,31.53,25.83,86.95,2.74,14.54
2020-05-23,1.26,28.75,33.17,25.31,86.05,2.51,20.22
2020-05-24,1.11,28.59,32.54,25.71,87.14,3.55,18.9
2020-05-25,0.21,28.47,31.97,26.03,85.21,4.71,15.15
2020-05-26,8.0,28.04,31.38,26.03,85.66,4.67,17.01
2020-05-27,77.57,27.73,30.85,25.59,89.98,3.85,5.12
2020-05-28,24.95,27.68,31.02,25.35,87.1,1.91,18.96
2020-05-29,20.26,27.57,31.22,24.31,86.55,1.47,15.69
2020-05-30,23.86,27.47,31.12,24.15,88.49,2.12,14.14
2020-05-31,14.59,27.75,30.96,24.97,87.93,1.5,16.65
2020-06-01,13.16,27.43,30.05,25.27,90.07,2.26,19.02
2020-06-02,10.36,27.33,29.87,25.21,92.05,2.31,18.64
2020-06-03,20.29,27.16,30.35,25.12,87.36,2.65,16.71
2020-06-04,39.94,27.43,30.55,24.63,90.73,2.25,7.52
2020-06-05,23.93,27.45,29.79,25.33,91.63,1.92,22.0
2020-06-06,21.82,27.82,29.74,26.09,93.74,2.2,10.51
2020-06-07,33.38,27.97,30.39,26.15,92.18,1.79,15.67
2020-06-08,27.42,28.45,32.01,25.37,86.92,1.55,12.56
2020-06-09,8.37,29.43,33.57,25.83,83.79,0.82,23.73
2020-06-10,26.35,28.26,30.66,26.27,90.12,1.36,15.03
2020-06-11,14.83,28.03,30.95,26.09,92.1,2.45,18.94
2020-06-12,15.52,27.74,30.12,25.79,93.14,2.77,12.84
2020-06-13,38.61,28.12,30.18,26.58,94.36,2.56,6.54
2020-06-14,9.72,28.45,31.62,26.38,92.3,2.05,21.63
2020-06-15,7.31,28.42,31.05,26.3,93.16,1.95,20.35
2020-06-16,17.45,27.88,29.91,26.18,92.31,2.36,18.96
2020-06-17,52.88,27.56,28.74,26.32,95.09,3.49,9.0
2020-06-18,23.2,27.46,29.13,25.98,93.97,4.09,8.26
2020-06-19,9.93,28.28,31.49,26.02,90.85,2.75,16.81
2020-06-20,15.53,27.88,30.8,25.81,92.03,2.53,20.88
2020-06-21,14.35,27.69,30.68,25.45,91.87,3.34,20.99
2020-06-22,7.38,27.98,30.84,25.49,90.99,2.82,19.99
2020-06-23,8.49,28.44,31.54,26.18,90.2,2.77,18.72
2020-06-24,4.66,28.63,31.8,25.97,90.09,2.31,21.04
2020-06-25,3.87,28.43,31.09,26.13,91.11,2.7,20.65
2020-06-26,11.46,28.01,29.83,26.59,93.89,2.77,13.89
2020-06-27,43.62,27.95,30.05,26.55,91.97,2.87,10.09
2020-06-28,8.82,27.01,28.72,25.81,93.26,2.36,9.53
2020-06-29,9.08,27.97,31.66,25.22,88.78,1.98,17.11
2020-06-30,1.4,28.15,31.52,25.33,88.87,2.38,19.83
2020-07-01,9.03,28.05,30.74,26.14,90.6,2.18,19.72
2020-07-02,3.1,28.25,30.5,26.34,92.21,1.96,18.29
2020-07-03,0.94,29.05,32.84,26.19,88.92,1.87,22.99
2020-07-04,6.33,28.32,32.1,26.05,90.35,2.59,16.7
2020-07-05,8.51,28.11,30.45,26.73,92.67,3.0,16.67
2020-07-06,6.33,28.54,30.63,26.92,91.41,2.65,17.05
2020-07-07,9.37,28.18,31.08,25.92,92.07,3.18,18.75
2020-07-08,9.41,28.43,31.64,26.5,90.66,2.83,14.33
2020-07-09,15.75,28.35,31.14,26.57,92.29,3.53,14.57
2020-07-10,22.52,28.53,30.85,26.95,92.23,3.76,8.96
2020-07-11,50.21,28.04,29.73,26.99,94.64,3.54,6.7
2020-07-12,26.71,28.27,30.39,26.63,92.44,2.51,12.05
2020-07-13,7.71,28.25,31.15,26.39,90.71,2.41,14.87
2020-07-14,8.97,27.66,30.63,25.37,91.41,2.89,17.18
2020-07-15,6.43,28.4,31.76,25.77,90.28,2.6,18.81
2020-07-16,6.53,28.14,30.92,25.68,89.69,2.06,20.85
2020-07-17,1.48,28.42,31.61,25.96,89.42,2.22,20.15
2020-07-18,22.16,27.76,29.89,26.21,93.44,2.33,17.17
2020-07-19,25.09,27.97,30.74,25.75,91.38,3.15,13.8
2020-07-20,34.47,27.53,29.36,26.06,94.26,3.07,6.79
2020-07-21,25.32,27.86,29.69,26.4,93.91,2.96,8.24
2020-07-22,46.09,27.36,29.97,25.5,92.37,2.31,11.07
2020-07-23,8.58,27.27,29.65,25.17,91.88,2.35,14.1
2020-07-24,8.69,27.74,30.85,25.78,92.72,2.49,17.6
2020-07-25,2.19,28.1,31.74,24.99,88.99,1.62,20.42
2020-07-26,2.79,28.76,31.93,25.96,88.49,1.37,18.88
2020-07-27,14.5,28.43,30.79,26.2,92.55,1.66,18.06
2020-07-28,22.26,28.27,31.4,26.24,90.67,2.16,14.59
2020-07-29,11.24,27.64,30.36,25.81,92.14,2.23,13.53
2020-07-30,3.57,28.18,31.33,25.49,89.74,1.52,18.03
2020-07-31,2.95,28.57,31.81,25.99,88.1,1.36,19.74
2020-08-01,3.36,29.37,33.35,25.8,84.99,0.86,19.94
2020-08-02,12.63,29.4,32.39,26.72,88.7,1.46,14.43
2020-08-03,2.16,29.99,33.22,27.07,85.46,0.84,20.01
2020-08-04,9.19,28.08,30.68,26.47,92.6,2.04,16.57
2020-08-05,5.9,28.52,32.03,26.29,89.32,3.35,17.71
2020-08-06,2.92,27.69,30.34,25.62,92.12,3.13,18.22
2020-08-07,9.1,28.42,31.63,26.53,90.95,2.6,19.81
2020-08-08,11.74,28.2,30.98,26.13,91.17,2.3,17.74
2020-08-09,1.41,28.02,31.09,26.02,91.52,2.27,19.29
2020-08-10,2.43,28.37,31.84,25.79,91.06,2.11,19.8
2020-08-11,10.43,28.67,31.76,26.4,90.76,2.79,15.96
2020-08-12,4.23,28.85,32.75,26.39,90.02,2.52,17.84
2020-08-13,1.66,28.88,32.54,26.1,87.86,1.89,22.25
2020-08-14,8.68,28.43,32.51,26.01,89.12,1.87,19.27
2020-08-15,24.44,27.64,30.71,25.21,91.23,4.32,16.41
2020-08-16,13.66,27.73,30.28,26.01,91.08,4.57,14.97
2020-08-17,21.27,27.52,30.54,25.85,92.11,3.92,10.11
2020-08-18,6.83,27.45,29.43,26.09,93.64,2.99,13.05
2020-08-19,1.9,26.95,28.54,25.51,93.86,2.85,18.6
2020-08-20,12.42,26.26,27.96,24.65,94.47,3.33,12.82
2020-08-21,6.36,26.35,28.42,24.73,94.24,2.8,16.6
2020-08-22,20.79,27.03,29.85,25.43,92.26,1.81,12.84
2020-08-23,19.79,27.1,29.63,25.07,91.56,1.7,17.88
2020-08-24,33.34,28.25,32.44,24.77,87.53,1.55,19.98
2020-08-25,12.68,27.34,29.81,25.45,93.2,2.16,16.35
2020-08-26,1.88,27.28,30.23,24.47,90.4,3.42,19.5
2020-08-27,4.95,27.02,29.41,25.29,93.27,2.22,18.41
2020-08-28,19.44,27.64,30.94,25.13,90.22,2.43,14.97
2020-08-29,10.05,27.98,31.31,25.61,90.15,2.23,17.4
2020-08-30,6.36,28.38,31.59,25.63,88.89,1.83,18.54
2020-08-31,12.23,28.42,31.2,26.07,91.86,1.4,8.07
2020-09-01,11.75,27.84,30.63,25.14,90.36,1.5,14.08
2020-09-02,20.96,27.49,31.45,24.46,89.58,1.59,21.6
2020-09-03,0.9,28.63,33.12,24.44,84.4,0.94,22.54
2020-09-04,0.14,28.99,32.84,25.34,85.25,0.92,21.02
2020-09-05,1.03,28.72,32.47,25.38,86.79,1.47,18.21
2020-09-06,2.14,28.0,31.11,25.89,90.15,1.99,20.78
2020-09-07,4.68,27.22,29.71,25.22,90.65,1.74,17.1
2020-09-08,0.91,27.93,31.24,24.75,88.62,1.41,19.03
2020-09-09,2.37,28.69,32.39,25.76,86.59,1.24,17.48
2020-09-10,17.81,28.03,31.05,26.14,89.76,1.74,15.09
2020-09-11,19.82,27.68,30.12,25.73,92.09,1.7,16.76
2020-09-12,13.79,28.17,31.69,25.56,90.24,1.71,16.4
2020-09-13,7.46,27.69,31.29,25.5,91.46,1.81,13.85
2020-09-14,8.13,27.62,30.75,25.43,92.09,1.71,16.07
2020-09-15,9.04,27.96,31.15,25.71,91.15,1.81,11.67
2020-09-16,4.36,27.42,29.7,25.81,93.13,1.87,17.68
2020-09-17,11.53,28.18,31.62,25.77,89.79,1.48,18.03
2020-09-18,0.46,29.33,32.93,25.5,83.68,0.78,20.34
2020-09-19,0.3,29.77,33.31,26.38,85.98,1.24,22.57
2020-09-20,3.25,30.49,34.48,27.21,82.59,1.27,16.08
2020-09-21,28.27,27.85,30.48,25.42,91.56,3.6,15.37
2020-09-22,27.6,27.64,29.19,26.44,95.08,3.15,6.99
2020-09-23,34.96,27.57,29.2,26.61,95.32,2.63,9.24
2020-09-24,18.32,27.49,29.37,26.29,94.59,2.83,5.13
2020-09-25,39.13,27.41,29.33,26.16,95.23,2.9,11.82
2020-09-26,35.77,27.45,29.55,26.33,94.74,3.04,10.31
2020-09-27,28.43,27.27,29.83,25.82,92.94,2.21,13.33
2020-09-28,5.4,27.95,31.44,25.17,89.87,1.04,16.89
2020-09-29,2.05,27.82,30.59,25.39,89.21,0.79,15.32
2020-09-30,10.73,28.24,31.75,25.23,85.84,0.57,12.71
2020-10-01,7.41,27.99,31.25,25.34,89.13,1.22,17.55
2020-10-02,11.5,27.85,31.16,25.4,90.69,1.36,18.61
2020-10-03,19.35,27.83,30.95,25.07,90.93,1.18,18.5
2020-10-04,7.02,27.77,30.82,25.58,89.99,1.12,17.08
2020-10-05,9.12,27.22,29.87,25.34,91.02,1.14,14.98
2020-10-06,20.63,26.57,28.84,24.74,91.97,1.12,14.7
2020-10-07,5.72,26.79,30.02,24.75,89.22,1.12,17.23
2020-10-08,1.63,28.12,32.06,23.35,80.36,0.81,18.57
2020-10-09,0.22,28.96,32.63,25.55,84.57,0.86,19.46
2020-10-10,0.05,29.07,32.79,25.97,84.72,0.62,16.31
2020-10-11,3.2,29.23,32.77,26.14,83.93,0.66,18.86
2020-10-12,6.86,29.42,32.78,25.9,81.25,0.61,16.65
2020-10-13,6.03,29.05,32.6,25.5,83.14,0.59,19.07
2020-10-14,12.44,28.44,31.85,26.01,85.49,0.6,19.09
2020-10-15,0.72,28.39,32.42,24.64,84.24,0.75,19.64
2020-10-16,0.11,28.9,32.42,25.31,82.21,0.73,20.22
2020-10-17,4.72,29.02,32.85,25.95,82.03,0.63,18.33
2020-10-18,20.36,27.08,28.98,25.12,92.46,1.31,11.66
2020-10-19,2.39,27.48,31.0,24.05,83.54,0.66,16.17
2020-10-20,5.7,26.94,30.93,24.03,87.6,1.33,14.98
2020-10-21,10.09,25.51,28.07,23.37,92.87,1.32,12.69
2020-10-22,41.58,25.01,26.63,23.77,95.43,2.34,4.1
2020-10-23,90.23,26.01,28.05,24.07,95.14,4.68,1.93
2020-10-24,15.59,26.73,29.16,24.41,92.62,2.75,9.3
2020-10-25,10.04,26.62,30.05,23.9,87.04,0.8,14.45
2020-10-26,0.4,26.6,30.25,23.31,86.29,0.86,17.56
2020-10-27,0.0,26.16,30.0,22.91,87.14,1.21,18.21
2020-10-28,0.0,25.98,30.38,21.8,86.12,1.06,19.22
2020-10-29,1.38,27.05,31.46,23.11,85.91,0.92,18.89
2020-10-30,8.75,27.94,31.02,23.85,86.02,0.99,18.51
2020-10-31,46.56,25.78,26.99,23.77,95.15,1.53,9.74
2020-11-01,16.22,25.45,28.36,23.48,91.31,1.08,12.73
2020-11-02,5.68,25.7,29.13,23.24,92.52,1.43,12.9
2020-11-03,6.04,25.96,28.94,23.38,92.58,1.27,13.86
2020-11-04,9.25,25.96,29.21,22.15,85.79,0.87,13.29
2020-11-05,0.02,23.18,28.99,19.19,75.61,1.05,16.73
2020-11-06,0.01,20.87,26.38,16.35,76.81,1.29,18.65
2020-11-07,0.0,21.85,28.02,15.12,74.3,0.94,19.3
2020-11-08,0.0,23.93,29.6,18.04,79.6,0.9,19.05
2020-11-09,0.0,24.61,29.4,19.96,83.08,0.95,19.17
2020-11-10,0.0,24.14,29.36,19.37,86.15,1.17,18.79
2020-11-11,0.0,24.18,29.5,19.6,85.93,1.17,18.59
2020-11-12,0.0,25.52,30.74,20.47,79.13,0.62,17.92
2020-11-13,0.0,25.23,30.22,20.48,83.73,0.97,18.02
2020-11-14,0.0,24.8,29.45,20.62,83.35,1.0,18.44
2020-11-15,0.0,23.69,28.81,19.18,85.19,0.88,18.45
2020-11-16,0.0,23.37,28.41,19.73,84.23,0.75,17.91
2020-11-17,0.0,23.27,27.24,20.18,81.46,0.93,16.6
2020-11-18,0.0,23.16,26.8,19.0,75.4,0.73,17.03
2020-11-19,0.0,21.64,26.2,16.63,81.16,1.02,16.16
2020-11-20,0.0,22.47,27.53,17.13,79.91,0.87,15.72
2020-11-21,4.04,22.66,27.56,18.19,85.0,0.86,3.87
2020-11-22,3.7,20.9,25.28,15.5,84.5,1.43,12.62
2020-11-23,0.01,17.97,23.79,12.42,78.72,1.38,16.52
2020-11-24,0.0,19.01,24.91,13.5,77.94,0.78,15.51
2020-11-25,0.0,20.68,26.48,14.92,83.67,0.84,16.26
2020-11-26,0.0,21.14,26.1,16.64,86.73,0.85,15.09
2020-11-27,0.0,21.18,26.73,16.21,83.28,0.99,16.39
2020-11-28,0.0,21.16,26.56,15.98,86.81,1.01,15.52
2020-11-29,0.0,21.29,27.53,16.25,87.74,1.14,17.36
2020-11-30,0.0,20.94,27.39,15.2,85.21,0.89,17.42
2020-12-01,0.0,21.65,27.33,16.27,81.25,0.84,17.1
2020-12-02,0.0,21.31,26.3,17.11,80.11,0.72,16.51
2020-12-03,0.0,21.29,25.74,16.17,77.88,0.67,16.09
2020-12-04,0.0,20.73,25.58,16.17,77.81,0.71,15.5
2020-12-05,0.0,20.29,24.82,14.75,78.3,0.76,15.17
2020-12-06,0.0,20.16,25.08,14.42,79.52,0.75,15.29
2020-12-07,0.0,19.25,24.74,14.28,85.94,0.82,13.81
2020-12-08,0.0,19.02,24.25,14.28,87.07,0.89,12.68
2020-12-09,0.0,18.98,23.67,14.45,83.84,0.67,9.93
2020-12-10,0.0,18.54,23.47,14.04,85.16,0.84,10.1
2020-12-11,0.0,18.31,23.4,13.97,87.43,0.95,10.74
2020-12-12,0.0,18.2,23.02,14.25,87.2,0.86,10.83
2020-12-13,0.0,18.65,23.67,14.26,86.39,0.98,13.52
2020-12-14,0.0,18.46,23.95,14.02,86.96,1.28,15.26
2020-12-15,0.0,17.86,23.86,13.36,88.23,1.22,14.26
2020-12-16,0.0,18.29,24.11,13.69,87.18,1.23,13.52
2020-12-17,0.0,17.99,23.5,13.19,86.71,1.21,12.53
2020-12-18,0.0,16.66,22.32,12.55,85.68,1.29,14.05
2020-12-19,0.0,14.35,20.64,9.38,84.17,1.58,16.1
2020-12-20,0.0,14.12,21.18,7.75,81.14,1.04,16.69
2020-12-21,0.0,15.85,22.06,10.16,81.36,0.72,16.38
2020-12-22,0.0,17.14,22.46,10.8,76.62,0.72,16.21
2020-12-23,0.08,17.02,22.88,10.77,79.46,0.81,16.07
2020-12-24,0.0,17.69,23.16,10.94,77.35,0.67,14.82
2020-12-25,0.0,17.54,23.4,12.15,84.6,0.88,16.37
2020-12-26,0.0,16.82,22.88,11.93,85.99,1.34,16.76
2020-12-27,0.0,16.07,22.32,10.91,79.94,1.06,16.8
2020-12-28,0.0,16.47,22.42,11.28,79.18,0.94,16.54
2020-12-29,0.0,16.18,22.15,11.07,83.21,1.27,16.45
2020-12-30,0.0,16.46,23.12,10.76,81.11,1.17,16.44
2020-12-31,0.0,16.97,23.35,11.23,81.43,0.92,16.49
2021-01-01,0.0,17.46,23.55,12.12,82.41,0.89,16.04
2021-01-02,0.0,17.48,23.34,12.14,83.15,0.9,16.89
2021-01-03,0.0,18.07,23.55,13.09,80.29,0.69,16.66
2021-01-04,0.0,18.32,24.47,12.74,80.6,0.88,16.5
2021-01-05,0.0,18.75,24.69,12.82,81.13,0.99,16.41
2021-01-06,0.0,19.49,25.79,13.54,81.57,0.98,15.85
2021-01-07,0.0,20.74,26.87,14.73,77.72,0.96,15.96
2021-01-08,0.0,20.06,25.88,14.38,78.22,1.24,15.15
2021-01-09,0.0,19.18,24.5,14.28,78.55,0.98,14.62
2021-01-10,0.0,19.48,24.26,13.81,82.12,0.86,11.61
2021-01-11,0.0,20.37,25.45,15.51,83.79,0.83,9.52
2021-01-12,0.0,18.75,24.02,14.67,86.12,1.23,12.18
2021-01-13,0.0,16.67,22.63,12.33,81.99,1.27,13.54
2021-01-14,0.0,15.29,21.64,9.56,77.08,1.27,12.31
2021-01-15,0.19,15.38,20.93,11.24,74.98,1.09,12.58
2021-01-16,0.0,15.48,21.54,9.87,77.06,1.12,13.39
2021-01-17,0.0,15.87,21.62,11.51,81.22,1.23,14.65
2021-01-18,0.0,16.29,23.3,11.02,83.81,1.03,14.87
2021-01-19,0.0,16.48,21.71,10.83,82.79,1.14,11.89
2021-01-20,1.65,17.1,22.04,12.85,91.29,1.46,5.53
2021-01-21,0.32,18.49,23.58,13.46,76.76,1.19,10.5
2021-01-22,0.33,15.77,22.6,10.18,75.81,1.24,14.1
2021-01-23,0.0,15.84,21.54,10.99,73.6,0.95,13.45
2021-01-24,0.0,16.61,22.67,9.76,74.38,0.9,15.48
2021-01-25,0.0,16.06,22.74,10.11,79.77,1.32,16.57
2021-01-26,0.0,15.72,22.91,9.98,79.14,1.53,17.27
2021-01-27,0.0,14.89,22.36,8.82,78.08,1.62,15.56
2021-01-28,0.0,15.06,22.65,8.01,73.68,1.11,15.19
2021-01-29,0.0,16.16,23.45,9.64,72.73,1.16,15.13
2021-01-30,0.0,15.68,22.91,10.12,74.29,1.12,12.82
2021-01-31,0.0,13.85,20.99,8.01,67.27,1.35,16.32
2021-02-01,0.0,13.7,21.52,8.24,68.52,1.26,17.3
2021-02-02,0.0,14.18,22.68,7.93,70.52,1.69,18.45
2021-02-03,0.0,15.79,24.54,9.18,71.67,1.34,19.09
2021-02-04,0.0,18.01,25.71,10.85,68.89,1.11,18.52
2021-02-05,0.0,18.69,25.52,10.52,65.57,0.88,19.18
2021-02-06,0.0,18.48,25.85,11.09,69.36,1.19,19.71
2021-02-07,0.0,17.42,24.2,12.49,75.17,1.93,10.46
2021-02-08,0.0,17.49,25.51,12.51,70.2,1.76,18.79
2021-02-09,0.0,17.55,26.52,10.79,69.33,1.66,19.56
2021-02-10,0.0,18.59,26.48,12.14,60.28,1.25,20.15
2021-02-11,0.0,19.59,25.91,12.68,56.46,0.86,17.5
2021-02-12,0.0,19.79,26.17,13.56,55.31,0.91,16.41
2021-02-13,0.0,19.38,26.65,13.72,60.39,1.24,18.71
2021-02-14,0.0,19.79,26.66,13.39,61.13,1.2,19.08
2021-02-15,0.0,21.38,26.77,15.64,51.75,0.67,16.78
2021-02-16,0.0,20.83,27.53,14.42,54.09,1.11,18.02
2021-02-17,0.0,20.39,28.57,13.29,60.16,1.46,16.65
2021-02-18,0.0,22.91,30.08,15.11,57.47,1.0,18.9
2021-02-19,0.0,22.74,27.53,16.41,59.52,0.79,16.36
2021-02-20,0.0,21.95,26.61,18.2,62.73,0.89,9.92
2021-02-21,0.0,21.45,29.35,14.77,58.27,1.47,21.08
2021-02-22,0.0,20.76,29.1,13.07,56.13,1.57,21.61
2021-02-23,0.0,21.49,29.88,15.06,54.84,1.39,21.44
2021-02-24,0.0,21.85,29.13,15.72,58.57,1.2,18.56
2021-02-25,0.0,22.29,29.75,16.73,74.9,1.37,16.19
2021-02-26,0.0,22.76,30.8,16.45,74.59,1.6,17.42
2021-02-27,0.0,22.91,30.52,17.12,78.82,1.83,19.14
2021-02-28,0.0,24.0,31.89,17.83,75.8,1.83,18.16
2021-03-01,0.0,24.59,32.16,18.3,76.52,1.99,19.06
2021-03-02,0.0,24.81,31.85,18.74,69.22,1.24,20.88
2021-03-03,0.0,24.67,31.49,18.05,64.76,1.13,20.61
2021-03-04,0.0,23.89,30.88,16.95,66.79,1.57,20.07
2021-03-05,0.0,24.07,30.86,17.95,77.82,2.54,17.98
2021-03-06,2.41,24.82,30.51,20.71,81.56,3.17,17.01
2021-03-07,2.58,24.89,31.18,20.63,77.8,1.97,18.12
2021-03-08,3.16,24.72,31.06,19.54,76.87,1.28,15.58
2021-03-09,1.96,25.21,32.11,19.69,76.37,2.17,15.53
2021-03-10,5.17,25.53,31.79,21.05,77.71,1.87,12.97
2021-03-11,0.19,26.25,32.33,20.02,70.38,1.36,18.44
2021-03-12,0.82,27.07,34.48,20.29,63.26,1.08,19.48
2021-03-13,1.11,26.81,34.21,20.73,60.97,1.42,20.1
2021-03-14,0.11,25.82,33.15,20.09,60.04,1.57,20.74
2021-03-15,0.22,25.66,32.66,18.62,56.47,1.38,21.92
2021-03-16,0.0,26.57,33.99,19.33,48.94,1.39,22.87
2021-03-17,0.0,27.1,34.24,19.77,38.88,1.42,23.05
2021-03-18,0.0,27.99,34.97,20.03,33.16,1.04,21.93
2021-03-19,0.0,28.11,34.79,20.85,39.28,0.87,18.83
2021-03-20,0.0,26.95,32.45,21.84,48.34,0.92,18.22
2021-03-21,0.0,28.86,36.15,21.08,46.9,1.04,17.79
2021-03-22,0.0,30.06,37.47,24.13,42.72,1.08,20.87
2021-03-23,0.0,29.41,37.73,21.63,42.96,1.35,22.44
2021-03-24,0.0,29.88,37.33,21.98,44.31,1.67,19.85
2021-03-25,0.0,29.98,37.46,23.02,47.37,1.32,22.35
2021-03-26,0.0,29.21,36.58,22.2,35.62,1.33,21.56
2021-03-27,0.0,29.4,36.92,21.91,34.72,1.22,22.15
2021-03-28,0.0,28.09,35.61,21.34,37.51,1.07,16.88
2021-03-29,0.22,28.7,36.69,21.66,60.57,2.2,19.81
2021-03-30,3.73,28.91,36.05,23.88,69.86,3.63,15.71
2021-03-31,3.33,29.07,35.31,25.11,74.87,5.39,16.74
2021-04-01,5.64,28.68,35.22,24.78,73.6,3.83,22.08
2021-04-02,0.43,28.43,35.44,23.81,66.69,2.72,19.89
2021-04-03,0.01,29.15,37.0,21.11,55.98,1.11,22.13
2021-04-04,0.13,28.51,35.05,21.23,47.13,0.72,20.9
2021-04-05,0.21,28.93,36.9,22.26,47.73,1.26,22.78
2021-04-06,0.34,28.66,37.08,19.83,48.01,1.65,22.85
2021-04-07,0.0,28.83,36.63,22.06,61.53,2.55,21.13
2021-04-08,0.16,29.3,36.47,23.37,65.16,2.59,17.33
2021-04-09,1.22,29.67,37.0,23.5,61.51,1.75,22.05
2021-04-10,1.26,29.74,36.6,23.19,58.72,1.55,16.8
2021-04-11,0.04,30.89,38.36,24.03,57.38,1.8,20.66
2021-04-12,0.01,31.64,39.37,25.57,54.79,2.03,21.79
2021-04-13,0.0,31.8,39.72,25.76,48.21,1.92,20.99
2021-04-14,0.0,30.78,38.94,23.81,55.6,2.03,23.62
2021-04-15,0.02,28.49,34.07,24.24,65.69,2.48,22.8
2021-04-16,1.31,28.55,35.17,24.59,59.75,2.11,21.06
2021-04-17,14.14,27.88,34.68,22.61,66.76,1.25,19.17
2021-04-18,11.41,28.19,34.67,22.98,65.82,2.07,23.82
2021-04-19,0.87,29.8,37.1,23.89,59.7,2.99,21.72
2021-04-20,1.13,29.95,38.05,23.47,60.88,2.71,22.87
2021-04-21,0.03,30.3,36.9,23.84,62.61,1.89,24.12
2021-04-22,0.45,31.07,38.23,25.03,58.86,1.38,18.78
2021-04-23,0.0,30.77,37.96,25.28,50.16,1.57,22.48
2021-04-24,0.0,30.71,39.3,23.06,40.22,1.54,27.2
2021-04-25,0.0,30.82,39.55,22.6,43.66,1.15,25.59
2021-04-26,0.0,31.99,40.14,24.59,49.35,1.68,24.05
2021-04-27,0.0,31.91,39.15,26.19,57.31,2.5,23.35
2021-04-28,0.0,30.93,37.45,26.25,59.92,2.14,21.45
2021-04-29,0.1,30.63,35.38,25.96,54.68,0.91,21.16
2021-04-30,0.33,31.48,37.84,25.59,51.54,1.18,20.43
2021-05-01,2.79,30.89,37.33,25.31,59.78,1.47,20.42
2021-05-02,1.33,31.0,37.72,25.2,56.96,2.15,21.36
2021-05-03,12.07,26.78,28.78,24.6,80.0,1.6,16.84
2021-05-04,19.57,26.06,29.11,23.17,78.55,0.85,12.49
2021-05-05,3.34,26.4,30.1,23.18,72.04,1.12,21.82
2021-05-06,0.69,28.46,34.05,22.32,60.77,1.11,12.34
2021-05-07,6.39,29.0,34.21,24.07,64.23,1.23,20.72
2021-05-08,5.49,29.2,33.76,24.0,65.15,0.86,20.84
2021-05-09,4.51,29.69,35.1,23.58,60.94,1.05,20.64
2021-05-10,14.69,29.04,34.13,24.84,71.0,1.76,22.64
2021-05-11,13.8,28.43,32.64,24.36,73.97,0.93,16.6
2021-05-12,7.09,28.33,32.11,24.79,73.9,0.88,22.7
2021-05-13,18.99,27.62,32.05,23.85,79.17,1.76,15.22
2021-05-14,14.27,28.11,33.3,23.65,77.99,2.28,21.29
2021-05-15,8.08,29.77,35.71,24.65,74.36,2.69,21.78
2021-05-16,21.6,30.0,34.56,25.51,74.77,1.55,17.92
2021-05-17,2.28,31.08,36.54,25.65,71.65,1.67,20.83
2021-05-18,2.36,30.81,35.93,26.73,75.96,2.24,19.01
2021-05-19,0.91,30.08,33.59,26.9,77.74,2.04,19.84
2021-05-20,0.7,30.41,33.87,27.37,77.7,1.97,20.34
2021-05-21,2.44,30.76,35.87,27.37,73.93,2.47,23.51
2021-05-22,0.09,31.62,37.15,26.71,69.13,1.81,25.05
2021-05-23,0.08,32.08,37.03,27.76,67.76,1.11,19.58
2021-05-24,11.82,29.39,32.99,27.07,80.42,1.46,22.85
2021-05-25,29.37,29.27,33.86,25.87,81.49,2.41,19.8
2021-05-26,7.21,27.97,31.84,24.88,79.69,4.47,14.78
2021-05-27,0.58,28.76,33.22,24.58,75.8,4.51,16.17
2021-05-28,1.08,30.21,35.55,25.81,75.77,2.5,22.48
2021-05-29,0.14,30.59,35.8,25.61,73.18,1.98,21.23
2021-05-30,0.67,30.34,34.69,26.68,74.56,2.28,21.91
2021-05-31,44.28,28.51,31.27,26.86,86.51,3.26,13.66
2021-06-01,31.77,28.33,30.65,26.8,90.64,2.64,4.24
2021-06-02,19.45,27.66,29.57,26.18,91.0,1.62,14.58
2021-06-03,4.1,28.76,32.12,26.06,87.23,2.34,16.22
2021-06-04,4.5,28.85,31.89,26.57,87.28,2.09,18.29
2021-06-05,57.23,28.84,31.16,27.2,91.43,1.96,5.77
2021-06-06,26.65,28.8,31.43,26.87,90.9,2.39,3.47
2021-06-07,33.24,28.4,31.31,26.59,90.72,2.77,15.3
2021-06-08,19.05,27.51,29.45,26.1,94.14,2.3,8.1
2021-06-09,4.24,27.49,29.99,25.75,89.07,2.01,19.25
2021-06-10,6.61,27.74,30.65,25.62,86.32,0.96,17.25
2021-06-11,15.12,26.94,28.99,24.85,92.51,2.45,18.26
2021-06-12,9.08,27.71,30.87,25.68,90.4,2.95,19.61
2021-06-13,10.3,28.67,32.37,25.79,86.97,2.88,17.29
2021-06-14,5.37,28.6,31.97,26.64,87.89,4.1,19.34
2021-06-15,9.27,28.11,32.39,25.81,89.5,3.48,18.88
2021-06-16,8.99,27.77,30.51,25.42,87.64,3.86,13.81
2021-06-17,11.33,27.18,30.27,24.06,88.27,3.57,17.69
2021-06-18,39.99,26.86,30.71,23.72,89.15,3.25,13.02
2021-06-19,22.07,26.84,29.78,24.91,88.88,2.64,9.35
2021-06-20,17.02,26.69,28.81,24.87,90.56,3.48,12.55
2021-06-21,13.92,27.13,30.13,24.65,90.35,2.84,12.88
2021-06-22,3.33,27.12,30.16,24.54,87.76,2.79,13.36
2021-06-23,3.24,27.8,32.2,24.37,87.5,2.8,19.33
2021-06-24,2.87,27.91,31.83,24.86,88.06,3.1,20.1
2021-06-25,2.75,27.63,31.01,24.99,87.12,2.83,19.18
2021-06-26,9.52,27.9,31.72,25.2,88.33,3.04,16.13
2021-06-27,3.5,28.23,31.75,25.74,87.68,2.93,20.23
2021-06-28,8.63,27.92,30.86,25.72,90.13,2.78,10.86
2021-06-29,13.87,28.15,30.95,26.25,91.53,3.04,13.3
2021-06-30,73.03,28.62,31.21,26.67,91.36,3.0,9.6
2021-07-01,55.13,27.5,30.67,24.24,92.01,3.64,10.61
2021-07-02,23.98,27.43,29.72,25.58,89.79,3.7,7.91
2021-07-03,20.63,27.73,30.45,26.08,90.76,4.04,12.16
2021-07-04,17.23,27.96,32.04,25.53,90.84,2.82,10.63
2021-07-05,2.03,28.26,31.89,25.51,89.4,3.34,16.9
2021-07-06,31.37,28.65,31.68,26.46,89.72,2.6,16.48
2021-07-07,20.43,28.34,31.44,26.42,91.37,2.86,9.08
2021-07-08,6.86,28.23,31.58,25.95,89.89,2.91,20.58
2021-07-09,1.55,28.29,31.88,25.39,88.17,2.24,20.74
2021-07-10,4.5,28.66,32.1,25.66,86.76,1.32,16.81
2021-07-11,22.77,29.61,33.12,26.22,82.2,0.78,21.85
2021-07-12,8.89,28.98,33.02,26.09,84.86,1.27,21.28
2021-07-13,12.38,27.84,31.17,26.07,90.32,2.64,20.46
2021-07-14,5.91,27.89,31.15,25.41,88.02,2.16,21.38
2021-07-15,1.84,28.41,31.37,25.13,87.23,1.28,21.2
2021-07-16,19.72,28.04,30.84,25.83,86.58,1.15,16.33
2021-07-17,7.6,28.2,31.22,26.06,90.11,1.85,16.19
2021-07-18,13.07,27.87,30.38,25.7,90.8,1.36,17.18
2021-07-19,27.46,27.42,29.61,26.07,91.96,1.76,14.9
2021-07-20,10.7,28.6,32.28,25.57,86.83,1.39,16.73
2021-07-21,9.18,28.51,31.86,25.49,86.2,1.27,17.82
2021-07-22,13.31,28.69,33.04,25.73,86.89,2.31,22.15
2021-07-23,15.49,27.68,30.21,26.01,92.48,3.58,13.11
2021-07-24,32.21,28.26,31.15,26.41,91.2,3.8,14.93
2021-07-25,9.46,28.08,31.01,25.99,91.18,2.69,17.93
2021-07-26,1.96,29.01,32.53,26.38,89.37,2.09,20.83
2021-07-27,9.0,29.53,32.97,27.23,89.94,2.07,17.56
2021-07-28,27.74,28.76,31.69,26.94,92.42,3.36,16.68
2021-07-29,43.25,27.43,29.31,25.94,93.33,5.07,8.09
2021-07-30,25.73,27.98,30.84,26.02,90.85,4.34,11.39
2021-07-31,11.82,27.72,30.71,25.97,91.54,3.35,11.47
2021-08-01,15.53,27.94,30.61,25.87,92.22,2.27,16.1
2021-08-02,5.85,27.42,29.75,25.73,91.66,2.3,16.6
2021-08-03,15.18,28.07,31.98,25.11,88.34,2.13,18.1
2021-08-04,4.17,28.44,32.08,25.77,88.48,2.03,21.01
2021-08-05,6.44,29.51,33.26,25.45,85.31,1.31,20.3
2021-08-06,28.92,27.7,29.13,26.59,94.87,3.43,18.52
2021-08-07,29.68,28.19,30.61,26.2,91.11,3.23,11.66
2021-08-08,13.28,28.41,31.3,26.33,91.35,2.54,11.78
2021-08-09,10.71,28.65,31.65,25.77,89.77,2.24,12.43
2021-08-10,12.18,28.63,31.32,26.61,91.29,2.56,16.23
2021-08-11,7.77,28.38,31.02,26.77,91.27,2.79,16.26
2021-08-12,17.44,27.64,29.18,26.73,91.72,3.35,17.22
2021-08-13,26.29,27.97,30.3,26.53,88.37,2.27,8.82
2021-08-14,8.63,28.6,31.72,26.25,89.52,2.44,13.5
2021-08-15,20.65,27.95,30.69,26.22,92.42,1.76,17.72
2021-08-16,9.63,27.88,31.63,25.34,91.12,1.92,12.48
2021-08-17,15.74,27.44,30.6,25.38,92.76,3.12,12.07
2021-08-18,20.82,27.18,29.42,25.7,94.8,3.07,15.31
2021-08-19,9.37,26.92,28.84,25.37,93.69,2.88,15.6
2021-08-20,4.27,27.37,31.06,24.79,90.99,2.5,15.14
2021-08-21,0.68,27.59,31.54,24.73,88.97,1.67,17.14
2021-08-22,3.74,28.08,31.43,25.25,87.85,1.93,19.31
2021-08-23,5.98,28.56,31.74,25.65,89.77,2.36,16.35
2021-08-24,15.17,28.06,30.6,26.73,92.05,2.02,16.57
2021-08-25,21.05,27.12,28.85,25.85,92.17,2.09,9.82
2021-08-26,5.06,27.7,30.99,25.67,91.3,2.53,15.56
2021-08-27,19.43,27.21,30.59,25.45,92.01,1.93,17.61
2021-08-28,7.05,27.13,29.58,25.34,92.21,1.51,19.03
2021-08-29,2.18,26.87,29.93,24.97,92.77,1.76,15.94
2021-08-30,18.62,26.62,28.6,24.96,92.98,1.37,16.02
2021-08-31,4.28,27.68,31.61,24.58,88.84,1.59,20.76
2021-09-01,11.8,27.24,30.01,24.72,90.88,1.17,13.49
2021-09-02,20.91,27.04,29.28,24.96,93.3,1.43,17.95
2021-09-03,4.05,27.77,31.81,23.59,86.74,1.05,19.45
2021-09-04,2.66,28.67,32.69,24.92,84.09,0.86,19.66
2021-09-05,46.47,28.64,32.01,25.78,87.48,1.0,19.62
2021-09-06,21.45,27.82,30.48,25.82,90.64,2.02,18.12
2021-09-07,10.23,27.38,31.12,24.84,91.06,2.37,19.59
2021-09-08,5.76,27.35,30.74,24.51,88.89,1.47,20.17
2021-09-09,4.4,27.69,30.76,25.07,88.44,0.9,18.29
2021-09-10,4.82,27.81,30.59,25.25,91.44,1.46,17.75
2021-09-11,13.17,28.14,31.47,25.39,88.3,1.25,20.94
2021-09-12,1.1,27.87,31.73,25.32,90.21,2.2,21.37
2021-09-13,2.28,27.37,30.44,25.3,92.29,2.9,19.69
2021-09-14,5.2,27.81,31.67,25.28,88.97,2.2,17.61
2021-09-15,25.49,28.41,31.94,25.34,87.65,1.0,18.5
2021-09-16,8.58,26.78,28.24,25.19,95.74,1.99,18.9
2021-09-17,7.84,27.26,31.16,24.69,90.9,1.52,16.24
2021-09-18,24.72,26.77,28.9,25.19,94.61,1.51,12.72
2021-09-19,29.37,26.85,29.09,25.01,92.35,1.05,12.97
2021-09-20,6.8,26.1,28.23,24.73,94.04,1.87,13.11
2021-09-21,2.41,25.98,28.6,24.26,91.91,1.55,14.67
2021-09-22,0.7,25.98,28.89,23.74,92.48,1.4,20.09
2021-09-23,0.15,27.83,32.36,23.54,84.24,0.86,21.33
2021-09-24,0.71,28.37,32.14,24.9,85.79,1.03,20.67
2021-09-25,16.87,28.05,30.9,25.78,87.59,0.94,15.35
2021-09-26,11.77,28.61,31.42,25.39,83.89,0.76,19.82
2021-09-27,27.22,28.25,31.73,25.34,86.99,1.37,19.6
2021-09-28,13.64,26.44,29.08,24.62,92.87,1.51,14.72
2021-09-29,10.02,26.63,29.81,24.04,90.87,1.34,15.91
2021-09-30,16.01,28.6,33.45,25.21,82.09,0.61,17.82
2021-10-01,1.32,26.82,29.48,23.56,78.4,0.58,18.58
2021-10-02,6.34,27.24,31.11,23.35,86.95,1.12,12.15
2021-10-03,2.98,27.26,30.32,24.86,90.83,1.95,17.54
2021-10-04,8.71,26.88,29.06,25.23,93.23,1.91,16.4
2021-10-05,13.06,27.7,30.7,24.56,85.49,0.73,11.4
2021-10-06,5.05,27.41,30.75,24.16,85.43,0.93,19.12
2021-10-07,5.3,27.94,31.58,24.15,81.35,0.74,17.61
2021-10-08,2.75,28.21,31.6,25.26,82.82,0.54,16.09
2021-10-09,4.75,28.55,31.8,25.57,82.26,0.55,14.81
2021-10-10,2.06,28.42,31.64,25.9,84.17,0.88,17.01
2021-10-11,0.37,28.22,32.09,24.86,88.43,1.39,19.75
2021-10-12,9.02,27.41,29.68,25.78,93.6,1.45,16.24
2021-10-13,18.92,27.89,30.2,25.77,90.19,0.8,16.92
2021-10-14,5.72,28.38,31.67,25.4,86.21,0.92,18.52
2021-10-15,2.45,29.06,32.77,25.67,85.89,0.75,19.93
2021-10-16,4.12,28.78,31.72,26.07,84.05,0.89,19.07
2021-10-17,11.15,27.86,30.86,25.49,88.02,1.15,15.46
2021-10-18,34.04,25.63,27.26,24.21,94.17,2.51,15.31
2021-10-19,28.15,26.14,28.41,24.71,94.88,2.29,12.59
2021-10-20,23.51,26.52,29.15,24.57,91.69,2.24,13.97
2021-10-21,9.85,26.11,29.17,22.5,89.27,2.1,14.6
2021-10-22,0.27,23.95,28.07,20.32,81.17,0.92,12.56
2021-10-23,0.02,23.95,28.13,19.3,80.12,1.04,16.14
2021-10-24,0.03,25.18,29.09,21.07,76.91,0.54,18.15
2021-10-25,0.17,24.56,28.53,20.49,80.48,0.71,17.81
2021-10-26,0.02,24.55,28.56,19.84,77.46,0.66,16.52
2021-10-27,0.32,23.98,26.48,21.02,88.65,0.85,11.77
2021-10-28,0.04,25.31,28.86,21.98,86.27,1.05,14.36
2021-10-29,0.01,25.6,29.85,22.21,86.23,1.39,19.42
2021-10-30,0.0,24.87,29.0,21.72,87.05,1.6,19.09
2021-10-31,0.0,23.75,28.13,20.08,86.7,1.59,18.72
2021-11-01,0.0,22.12,26.95,17.42,80.71,1.16,18.27
2021-11-02,0.0,21.72,25.83,16.44,77.17,1.09,17.82
2021-11-03,0.0,22.32,26.54,17.35,79.15,1.03,16.67
2021-11-04,0.0,22.65,27.31,17.25,80.42,0.93,17.09
2021-11-05,0.0,21.52,26.51,17.52,84.12,1.38,19.41
2021-11-06,0.0,20.62,26.26,15.14,81.66,1.33,19.52
2021-11-07,0.0,20.16,25.77,15.25,83.86,1.72,19.27
2021-11-08,0.0,20.82,26.85,15.31,86.49,1.2,19.31
2021-11-09,0.0,21.8,28.14,16.48,87.26,0.97,18.57
2021-11-10,0.0,22.06,27.34,17.87,86.62,0.91,18.11
2021-11-11,0.0,22.61,27.31,17.82,82.31,0.93,16.77
2021-11-12,0.01,23.33,27.36,19.73,85.29,1.0,13.68
2021-11-13,2.1,22.83,25.42,20.98,90.28,1.06,5.73
2021-11-14,6.16,23.46,26.97,20.1,88.61,0.96,8.67
2021-11-15,9.84,22.95,25.52,20.93,92.34,0.85,6.81
2021-11-16,6.14,22.73,26.99,19.97,91.01,1.21,10.68
2021-11-17,1.28,21.78,27.77,17.76,86.89,1.58,16.96
2021-11-18,0.0,21.25,26.84,15.33,75.07,0.94,17.66
2021-11-19,0.0,21.15,26.38,15.96,77.75,0.95,17.76
2021-11-20,0.0,20.92,25.88,15.92,83.02,1.16,16.18
2021-11-21,0.0,22.18,26.71,17.14,83.59,0.91,14.36
2021-11-22,0.0,22.75,27.87,17.79,82.99,0.79,15.94
2021-11-23,0.0,22.14,27.09,18.11,87.06,1.13,15.32
2021-11-24,0.0,21.13,25.93,17.54,87.54,1.53,14.79
2021-11-25,0.0,20.42,26.55,15.24,78.5,1.11,15.5
2021-11-26,0.0,18.52,24.47,13.39,78.3,1.36,15.99
2021-11-27,0.0,18.29,24.94,11.99,78.5,1.3,16.88
2021-11-28,0.0,18.82,25.31,12.85,81.63,1.3,17.26
2021-11-29,0.0,18.27,24.83,12.88,85.22,1.3,17.26
2021-11-30,0.0,19.43,25.72,13.38,83.3,1.18,17.12
2021-12-01,0.0,20.76,27.11,15.2,84.62,1.18,16.68
2021-12-02,0.0,21.67,27.87,15.71,81.35,0.93,16.71
2021-12-03,0.13,22.24,27.58,16.26,82.18,0.88,16.23
2021-12-04,2.22,22.29,26.09,18.07,88.27,0.83,8.72
2021-12-05,25.18,21.82,23.81,20.57,95.06,1.11,5.43
2021-12-06,53.23,22.02,23.93,20.29,95.58,2.4,2.56
2021-12-07,34.75,23.23,27.06,20.97,92.0,1.61,4.63
2021-12-08,4.55,21.98,25.89,18.61,90.82,1.23,10.42
2021-12-09,2.0,22.31,26.66,19.0,88.61,1.23,12.58
2021-12-10,1.45,19.89,23.39,16.96,85.39,1.39,10.35
2021-12-11,0.14,19.16,24.81,15.07,84.6,1.22,14.84
2021-12-12,0.0,17.11,22.95,12.63,79.17,1.73,16.18
2021-12-13,0.0,16.66,23.1,10.98,79.42,1.11,16.46
2021-12-14,0.0,17.46,23.85,12.35,86.35,1.17,16.36
2021-12-15,0.0,17.04,22.98,12.18,85.29,1.21,16.33
2021-12-16,0.0,16.66,23.03,11.18,85.68,1.35,15.97
2021-12-17,0.0,16.78,23.42,10.69,83.2,1.3,15.96
2021-12-18,0.0,17.0,24.23,11.32,81.41,1.16,16.56
2021-12-19,0.0,16.03,22.26,10.94,84.3,1.45,15.57
2021-12-20,0.0,14.73,21.6,8.94,84.87,1.28,16.5
2021-12-21,0.0,16.51,22.11,11.89,84.94,0.79,14.42
2021-12-22,0.11,16.62,21.11,13.12,85.98,1.18,12.74
2021-12-23,0.02,17.18,23.15,11.6,78.3,0.97,14.15
2021-12-24,0.03,17.91,23.4,13.03,79.65,0.9,15.33
2021-12-25,0.0,18.09,24.04,12.52,76.83,0.65,14.56
2021-12-26,0.0,17.3,23.69,11.77,81.09,1.07,15.67
2021-12-27,0.0,17.09,22.74,12.02,80.48,1.11,15.06
2021-12-28,0.0,17.19,22.92,12.0,82.32,1.2,14.96
2021-12-29,0.0,17.19,23.53,11.81,82.02,1.07,13.23
2021-12-30,0.0,17.99,25.4,12.64,79.02,1.0,14.98
2021-12-31,0.0,17.18,23.68,12.01,83.9,1.32,16.17
2022-01-01,0.0,16.52,22.38,11.52,82.61,1.1,16.24
2022-01-02,0.0,16.66,22.87,11.01,82.0,1.14,14.82
2022-01-03,0.0,16.6,22.75,11.17,83.01,1.04,14.43
2022-01-04,0.0,16.6,23.02,11.26,82.52,1.24,14.88
2022-01-05,0.0,16.53,22.7,10.94,80.32,1.13,14.01
2022-01-06,0.0,17.08,23.48,10.87,77.37,0.92,15.28
2022-01-07,0.0,17.78,23.71,12.48,76.7,1.14,16.21
2022-01-08,0.0,17.95,24.38,12.22,82.19,1.17,16.53
2022-01-09,0.0,18.59,24.26,12.99,82.88,0.93,16.74
2022-01-10,0.0,19.34,24.65,13.6,81.79,0.92,15.37
2022-01-11,0.0,19.34,24.94,13.76,83.41,1.05,15.28
2022-01-12,2.02,18.89,23.67,15.18,88.8,0.89,6.05
2022-01-13,2.39,18.28,22.79,14.56,87.89,1.03,11.48
2022-01-14,1.42,17.4,21.79,13.58,81.6,1.53,4.89
2022-01-15,0.27,17.31,23.17,13.12,77.74,1.18,6.5
2022-01-16,0.17,16.56,22.65,12.03,83.42,1.86,16.5
2022-01-17,0.0,16.34,23.94,9.8,82.71,1.28,17.49
2022-01-18,0.0,16.88,23.11,11.59,83.78,0.96,15.29
2022-01-19,0.0,17.61,22.82,14.31,77.53,0.96,15.5
2022-01-20,0.01,16.82,21.9,12.18,82.76,1.03,12.5
2022-01-21,0.0,17.74,22.23,12.96,67.57,0.72,14.41
2022-01-22,0.0,17.84,23.37,11.89,70.2,0.81,11.35
2022-01-23,0.14,18.29,24.33,12.19,73.21,0.93,12.5
2022-01-24,3.4,16.82,20.44,13.11,87.37,0.9,8.33
2022-01-25,1.53,18.14,22.59,15.56,83.74,1.72,14.27
2022-01-26,1.4,18.39,23.75,12.54,78.34,0.86,10.15
2022-01-27,6.92,17.07,21.14,12.82,85.37,1.05,9.07
2022-01-28,0.02,14.32,20.43,9.53,76.77,1.35,15.81
2022-01-29,0.0,13.43,19.74,8.79,76.8,1.16,17.14
2022-01-30,0.0,14.63,20.92,10.16,77.39,1.05,14.45
2022-01-31,0.0,15.48,21.58,8.83,69.87,0.97,14.55
2022-02-01,0.07,15.57,22.19,9.81,84.66,1.82,12.86
2022-02-02,0.18,17.48,23.29,11.74,74.01,1.25,14.26
2022-02-03,0.14,17.76,24.14,11.06,73.94,1.28,14.05
2022-02-04,0.87,18.12,24.83,12.06,78.54,1.71,12.53
2022-02-05,34.75,17.11,22.19,11.42,81.48,1.77,10.77
2022-02-06,2.34,14.99,21.56,10.48,75.25,1.17,18.73
2022-02-07,0.0,14.29,21.09,8.36,76.79,1.43,18.03
2022-02-08,0.0,15.57,22.0,8.95,71.08,1.4,18.47
2022-02-09,0.0,17.18,23.04,10.43,66.26,1.14,18.72
2022-02-10,0.0,17.69,23.96,10.86,75.8,1.17,6.72
2022-02-11,0.0,17.83,23.61,12.77,79.3,1.41,15.48
2022-02-12,0.0,16.32,22.43,12.17,67.99,1.37,18.34
2022-02-13,0.0,16.14,23.91,9.51,71.0,1.79,20.64
2022-02-14,0.0,16.9,24.86,10.36,69.12,1.22,21.34
2022-02-15,0.0,16.96,24.51,10.57,67.69,1.04,21.69
2022-02-16,0.0,17.35,24.07,11.18,65.53,1.08,21.14
2022-02-17,0.0,17.65,24.53,10.32,63.09,1.36,20.54
2022-02-18,0.0,17.69,24.59,10.92,61.92,1.58,20.67
2022-02-19,0.0,18.3,24.94,13.15,58.43,1.4,20.59
2022-02-20,1.93,18.05,25.2,10.68,73.39,1.57,17.29
2022-02-21,1.36,18.84,25.5,12.73,72.95,1.48,18.66
2022-02-22,1.72,19.97,26.43,13.13,66.56,0.97,18.2
2022-02-23,0.01,20.76,27.3,14.41,68.12,1.17,18.32
2022-02-24,0.0,21.38,28.0,14.16,72.89,1.07,17.46
2022-02-25,0.31,21.96,27.82,16.55,74.84,0.99,16.82
2022-02-26,0.05,22.53,29.2,17.34,73.38,1.21,19.89
2022-02-27,0.0,22.36,28.28,15.55,66.03,1.08,20.7
2022-02-28,0.03,23.29,29.02,17.01,64.79,1.02,17.37
2022-03-01,0.01,22.62,28.9,17.22,62.23,1.52,20.95
2022-03-02,0.0,21.31,29.0,14.52,61.59,1.82,21.5
2022-03-03,0.0,21.61,29.7,14.34,61.01,1.63,21.62
2022-03-04,0.0,22.57,29.33,15.69,55.46,1.36,22.35
2022-03-05,0.0,23.86,30.4,18.41,49.45,1.09,21.81
2022-03-06,0.0,22.83,30.9,16.56,57.67,1.81,22.34
2022-03-07,0.0,23.51,32.84,15.78,60.34,1.21,23.41
2022-03-08,0.0,24.17,31.63,17.46,55.36,1.04,22.76
2022-03-09,0.0,24.42,31.9,17.8,56.13,0.95,22.81
2022-03-10,0.0,23.69,32.46,16.24,56.1,1.34,21.58
2022-03-11,0.0,23.65,31.84,15.79,54.94,1.32,21.94
2022-03-12,0.0,23.43,31.38,16.58,54.55,1.58,21.35
2022-03-13,0.0,24.03,32.64,16.46,56.27,1.73,23.1
2022-03-14,0.0,24.91,33.71,17.51,55.79,1.46,22.32
2022-03-15,0.0,25.94,33.88,19.48,49.99,1.19,21.15
2022-03-16,0.0,25.7,34.04,19.0,52.75,1.02,22.53
2022-03-17,0.0,26.36,34.55,17.99,56.06,1.12,21.86
2022-03-18,0.0,27.52,35.1,21.29,44.65,1.15,22.25
2022-03-19,0.0,26.9,35.12,19.59,51.07,1.12,21.72
2022-03-20,0.0,25.54,33.95,19.15,67.01,1.71,23.77
2022-03-21,0.0,24.98,34.23,16.91,63.45,1.44,24.21
2022-03-22,0.0,26.75,35.27,18.76,63.75,1.15,21.62
2022-03-23,0.0,28.76,36.92,21.33,50.56,1.21,20.96
2022-03-24,0.02,27.64,34.5,22.92,69.56,3.82,18.39
2022-03-25,0.2,27.16,33.23,22.94,76.31,4.2,17.11
2022-03-26,0.57,27.47,32.92,24.17,77.4,4.01,12.16
2022-03-27,1.86,27.46,33.49,23.59,76.04,2.29,17.74
2022-03-28,1.21,27.03,33.32,21.62,74.25,1.84,14.85
2022-03-29,4.27,26.8,32.82,22.63,77.17,2.75,14.06
2022-03-30,5.98,26.95,32.71,22.8,78.3,2.39,13.01
2022-03-31,1.35,27.86,34.24,23.53,75.48,3.19,18.01
2022-04-01,0.22,28.26,34.21,23.83,73.37,3.74,18.38
2022-04-02,0.1,28.32,34.4,24.1,72.24,2.61,16.53
2022-04-03,0.06,27.67,34.1,22.51,73.56,3.38,16.74
2022-04-04,0.13,28.32,34.38,24.29,68.86,4.63,21.52
2022-04-05,0.45,28.53,35.35,23.29,70.54,3.43,20.18
2022-04-06,2.94,28.49,35.27,23.37,72.5,2.48,20.41
2022-04-07,0.0,29.53,37.39,22.96,63.1,1.45,21.24
2022-04-08,0.0,29.16,36.92,22.2,60.49,2.16,23.16
2022-04-09,0.14,28.96,35.98,23.05,66.41,2.96,21.24
2022-04-10,2.06,29.12,36.72,23.11,67.93,2.54,19.99
2022-04-11,2.9,29.3,35.58,24.28,71.47,3.74,16.58
2022-04-12,0.51,29.65,36.04,24.94,70.39,2.86,18.11
2022-04-13,0.04,30.05,37.25,24.87,66.92,3.62,19.63
2022-04-14,0.13,29.28,35.5,25.16,71.34,4.29,16.53
2022-04-15,0.09,29.96,36.67,25.71,70.25,5.15,19.67
2022-04-16,0.05,29.53,35.21,25.98,70.82,4.51,17.35
2022-04-17,1.04,29.32,35.55,25.24,70.7,3.89,19.25
2022-04-18,0.76,29.65,36.52,24.45,70.49,3.01,21.23
2022-04-19,4.11,29.57,35.97,24.25,68.96,2.9,22.1
2022-04-20,20.4,27.67,32.56,24.32,77.78,1.87,6.58
2022-04-21,4.32,27.74,34.28,21.86,70.53,1.24,23.03
2022-04-22,10.07,28.15,34.09,24.07,75.15,2.51,17.84
2022-04-23,9.48,28.57,34.88,23.93,77.76,2.63,22.23
2022-04-24,3.55,29.44,36.27,24.85,74.51,3.44,24.11
2022-04-25,0.07,29.99,36.66,24.7,72.85,3.18,22.19
2022-04-26,0.42,29.73,36.13,25.1,73.77,3.28,22.94
2022-04-27,1.06,29.81,35.99,25.25,72.29,3.32,21.69
2022-04-28,0.07,30.98,38.63,24.66,66.54,2.15,22.2
2022-04-29,0.04,31.26,38.59,24.86,65.21,2.38,22.1
2022-04-30,3.84,30.4,37.52,25.33,65.84,2.49,20.33
2022-05-01,0.24,30.82,38.22,24.35,57.87,1.86,22.9
2022-05-02,4.9,29.93,36.76,25.06,64.37,2.03,17.65
2022-05-03,8.08,28.69,34.69,24.68,70.48,2.45,8.86
2022-05-04,15.97,27.84,32.91,24.27,76.19,1.42,11.56
2022-05-05,4.8,28.17,32.75,24.6,72.19,1.52,20.29
2022-05-06,4.57,28.93,35.29,23.22,68.47,1.36,23.0
2022-05-07,1.04,30.17,36.97,24.38,62.97,1.02,23.39
2022-05-08,3.71,29.95,37.07,23.85,64.02,1.63,22.99
2022-05-09,8.48,28.68,33.49,25.39,74.58,2.14,8.61
2022-05-10,19.31,26.69,30.17,24.4,86.6,2.43,13.62
2022-05-11,34.46,27.8,32.1,24.79,85.82,3.19,13.39
2022-05-12,14.43,28.67,32.38,26.04,84.61,3.22,18.98
2022-05-13,42.96,28.42,31.73,26.01,87.06,3.81,11.58
2022-05-14,14.8,28.95,33.06,26.18,85.2,4.24,17.01
2022-05-15,0.76,29.23,32.88,26.97,84.72,3.62,18.61
2022-05-16,2.58,28.63,31.57,26.81,87.3,3.06,19.3
2022-05-17,9.36,27.98,30.35,26.6,90.77,3.2,13.51
2022-05-18,7.15,27.33,30.3,25.46,85.66,2.89,19.3
2022-05-19,28.13,28.36,31.51,25.78,89.28,2.85,18.28
2022-05-20,36.82,27.87,31.0,25.75,88.87,2.56,19.39
2022-05-21,45.83,27.4,30.1,25.63,92.24,2.57,10.97
2022-05-22,19.47,28.45,32.55,25.42,83.13,1.21,21.76
2022-05-23,25.56,28.01,32.1,25.05,85.16,1.71,20.75
2022-05-24,6.01,28.26,32.49,24.12,83.42,1.1,19.94
2022-05-25,15.33,28.25,31.6,25.39,85.11,1.39,15.67
2022-05-26,12.72,27.84,31.41,24.58,84.97,1.67,18.75
2022-05-27,19.22,28.01,32.25,24.92,85.33,2.32,18.28
2022-05-28,13.03,28.14,32.37,24.44,84.87,1.72,17.92
2022-05-29,27.51,27.43,30.46,25.01,88.63,1.83,13.22
2022-05-30,14.65,27.04,29.92,25.01,89.71,1.71,14.54
2022-05-31,5.59,27.52,31.44,24.02,85.38,1.65,18.06
2022-06-01,7.36,27.65,31.36,25.0,87.35,2.75,17.34
2022-06-02,4.56,27.99,31.53,25.3,86.24,2.58,14.38
2022-06-03,18.35,27.92,30.71,25.72,89.71,2.68,9.92
2022-06-04,22.08,27.7,30.51,25.88,89.07,2.37,10.0
2022-06-05,9.41,27.97,31.65,25.47,87.78,2.25,16.82
2022-06-06,5.26,28.03,31.2,25.55,89.09,2.28,20.04
2022-06-07,9.75,28.55,32.05,25.77,87.53,2.38,17.37
2022-06-08,24.1,28.32,31.13,26.52,89.6,2.47,14.64
2022-06-09,13.48,28.05,30.04,26.39,91.73,2.91,13.6
2022-06-10,34.98,27.59,30.41,25.61,83.96,1.15,16.72
2022-06-11,2.42,27.83,31.4,25.33,88.23,2.77,19.73
2022-06-12,0.41,28.32,31.56,25.89,88.91,3.22,16.14
2022-06-13,10.49,28.73,31.91,26.36,89.04,3.3,13.18
2022-06-14,11.0,28.23,31.18,26.54,91.4,3.3,13.1
2022-06-15,19.94,27.5,29.19,26.43,92.53,3.25,10.18
2022-06-16,23.47,26.76,28.22,25.14,93.48,3.14,13.62
2022-06-17,62.02,26.86,28.66,25.21,93.73,3.44,2.78
2022-06-18,44.86,26.91,28.37,25.63,93.18,3.48,5.03
2022-06-19,47.41,26.52,27.97,25.62,94.15,3.53,4.04
2022-06-20,32.98,26.65,28.49,25.29,93.17,3.14,9.56
2022-06-21,20.53,26.62,28.65,24.79,93.16,2.0,13.06
2022-06-22,1.34,27.33,31.13,24.81,86.74,2.12,19.23
2022-06-23,4.94,27.4,30.91,24.69,89.57,3.0,14.82
2022-06-24,4.05,27.12,29.72,25.35,91.7,2.91,19.88
2022-06-25,3.41,27.61,31.11,25.1,89.61,3.0,20.23
2022-06-26,2.26,27.31,29.83,25.34,91.22,2.6,22.14
2022-06-27,1.99,28.07,31.43,25.29,88.83,1.86,21.52
2022-06-28,10.31,27.73,30.34,25.73,90.58,2.43,19.0
2022-06-29,10.71,27.7,30.64,25.56,90.59,2.37,9.79
2022-06-30,11.12,27.24,29.26,25.68,93.27,2.14,8.25
2022-07-01,3.07,27.87,30.95,25.73,91.02,2.32,18.27
2022-07-02,6.25,27.77,30.97,25.31,90.93,1.91,22.58
2022-07-03,5.34,27.72,31.47,25.51,90.56,2.24,19.81
2022-07-04,8.27,27.25,30.17,25.0,91.23,2.14,22.84
2022-07-05,1.42,28.19,32.25,24.59,88.0,1.83,18.22
2022-07-06,19.12,27.46,29.87,26.0,90.93,1.82,15.21
2022-07-07,4.86,27.8,31.08,25.31,89.35,1.92,21.43
2022-07-08,3.74,27.72,30.85,25.41,89.88,1.88,16.84
2022-07-09,1.92,27.8,31.36,24.86,87.34,1.76,23.64
2022-07-10,0.94,27.96,32.0,24.93,88.64,2.75,23.27
2022-07-11,3.19,27.33,30.39,25.2,89.74,2.44,18.49
2022-07-12,2.91,28.34,32.38,25.0,86.75,2.23,23.3
2022-07-13,2.16,28.74,32.22,25.9,87.48,2.25,23.68
2022-07-14,10.7,28.57,31.81,25.93,88.82,2.42,24.48
2022-07-15,8.19,28.52,32.29,25.98,88.08,2.18,21.36
2022-07-16,3.88,28.72,32.71,25.86,87.54,2.39,21.43
2022-07-17,1.55,28.49,32.13,25.82,88.28,2.89,21.99
2022-07-18,6.88,28.35,31.98,25.78,88.3,2.37,18.44
2022-07-19,6.3,27.97,31.21,25.84,90.33,2.22,18.06
2022-07-20,21.79,28.05,30.84,25.9,90.67,2.48,15.02
2022-07-21,2.89,28.22,31.17,25.86,88.17,2.35,20.67
2022-07-22,2.2,28.53,32.41,25.85,88.19,2.27,21.69
2022-07-23,17.42,27.39,29.79,25.73,92.17,1.86,18.97
2022-07-24,1.64,27.62,30.56,25.03,88.95,2.24,10.86
2022-07-25,33.02,27.03,29.32,25.05,85.99,0.92,14.92
2022-07-26,4.05,27.54,31.18,24.07,83.37,0.72,8.87
2022-07-27,2.99,28.58,32.03,25.07,83.67,0.93,20.89
2022-07-28,3.31,28.28,31.57,26.14,87.82,1.22,15.36
2022-07-29,6.82,28.17,31.19,25.76,79.68,0.72,19.73
2022-07-30,5.8,28.67,32.25,25.8,87.65,1.71,18.97
2022-07-31,7.01,27.87,30.31,26.12,89.32,2.12,15.46
2022-08-01,14.26,28.47,31.53,25.94,89.34,1.75,14.57
2022-08-02,22.91,28.98,32.58,25.84,87.42,1.3,16.45
2022-08-03,25.28,28.31,31.76,25.97,86.23,0.97,18.83
2022-08-04,13.93,28.87,32.6,25.71,85.76,1.15,18.98
2022-08-05,10.95,28.43,31.48,25.8,88.59,1.45,20.84
2022-08-06,23.15,28.34,31.95,25.46,88.99,1.52,19.97
2022-08-07,3.2,29.43,33.75,25.69,84.78,1.11,22.31
2022-08-08,8.1,27.63,30.29,25.71,91.63,2.25,19.41
2022-08-09,7.64,27.61,31.51,24.8,90.38,2.72,20.53
2022-08-10,1.31,27.06,29.76,24.91,91.74,3.14,14.59
2022-08-11,2.27,27.5,30.71,24.84,90.08,3.3,20.54
2022-08-12,1.37,28.2,31.92,25.34,87.57,1.65,20.44
2022-08-13,13.72,27.12,29.15,25.16,93.64,2.53,14.73
2022-08-14,7.78,26.89,29.72,24.78,91.35,3.81,18.64
2022-08-15,8.75,27.7,31.52,24.69,90.09,2.5,18.21
2022-08-16,3.28,28.47,32.17,25.17,86.72,1.22,17.4
2022-08-17,5.93,29.31,32.67,25.88,85.56,1.04,19.38
2022-08-18,13.86,29.64,32.91,26.45,85.57,1.53,20.56
2022-08-19,32.62,28.04,31.88,24.89,87.63,2.84,17.83
2022-08-20,3.0,27.62,31.44,24.87,88.31,2.95,19.14
2022-08-21,1.37,27.86,31.7,24.92,88.56,1.82,20.98
2022-08-22,3.15,28.55,32.57,25.3,86.64,1.09,18.73
2022-08-23,29.41,27.78,30.83,25.39,89.45,2.16,18.4
2022-08-24,3.0,27.28,30.9,24.66,88.56,2.31,19.23
2022-08-25,1.99,28.08,32.18,24.45,84.83,0.99,20.49
2022-08-26,1.19,28.17,32.1,25.2,88.53,1.66,17.36
2022-08-27,2.21,27.17,30.21,25.25,90.83,2.13,11.89
2022-08-28,3.94,27.11,30.74,24.75,89.21,2.35,19.06
2022-08-29,0.93,28.02,32.14,24.27,86.01,1.38,20.44
2022-08-30,0.55,28.63,31.74,25.29,84.43,0.9,20.23
2022-08-31,1.18,28.45,32.08,25.6,87.59,1.13,19.98
2022-09-01,4.86,28.38,30.74,26.15,82.86,0.69,16.86
2022-09-02,22.91,27.7,30.53,25.47,88.76,1.18,14.13
2022-09-03,19.49,28.16,31.66,25.13,89.04,2.23,16.06
2022-09-04,27.32,28.54,31.79,26.24,89.95,2.16,9.41
2022-09-05,15.76,28.23,31.09,26.4,91.06,1.84,15.5
2022-09-06,11.98,28.18,30.61,26.04,88.55,0.8,15.95
2022-09-07,7.15,28.11,30.89,25.44,87.92,0.79,19.22
2022-09-08,16.3,29.41,32.59,25.5,84.83,1.09,21.21
2022-09-09,14.6,27.65,29.54,26.07,92.84,1.19,21.33
2022-09-10,16.52,26.88,29.16,25.48,92.34,2.08,17.85
2022-09-11,17.03,26.75,29.03,25.42,91.29,2.59,18.91
2022-09-12,20.97,26.58,28.39,25.43,94.57,2.99,15.18
2022-09-13,30.91,26.77,28.67,25.19,95.01,2.33,9.85
2022-09-14,31.89,27.14,30.11,24.53,89.46,1.91,5.48
2022-09-15,13.27,27.42,30.65,24.66,90.0,2.03,15.8
2022-09-16,5.23,27.74,30.73,25.71,90.37,1.37,14.05
2022-09-17,2.35,28.15,32.07,24.89,86.91,1.35,19.52
2022-09-18,2.94,28.02,31.67,25.23,89.35,1.49,16.57
2022-09-19,15.54,27.41,30.05,25.26,91.68,1.76,19.83
2022-09-20,0.52,27.33,30.84,24.7,89.91,2.84,19.27
2022-09-21,3.11,27.37,30.84,25.03,90.18,2.44,18.58
2022-09-22,3.48,27.0,29.94,25.22,92.46,1.62,18.94
2022-09-23,3.55,27.37,30.7,24.73,89.02,1.21,12.73
2022-09-24,10.31,26.91,29.87,24.64,89.28,1.13,10.34
2022-09-25,4.32,27.61,31.02,24.09,83.84,0.63,15.03
2022-09-26,9.54,26.83,29.43,24.53,90.38,1.15,17.7
2022-09-27,15.56,27.39,31.01,23.68,88.55,1.14,16.97
2022-09-28,5.03,27.07,29.85,25.11,89.33,1.2,19.45
2022-09-29,0.33,27.88,32.05,23.73,81.46,0.98,19.55
2022-09-30,2.88,28.74,32.91,24.2,81.2,1.0,18.11
2022-10-01,19.61,28.38,31.26,25.7,85.9,0.81,13.57
2022-10-02,42.14,27.2,29.06,25.64,93.15,1.18,12.24
2022-10-03,22.73,26.64,28.98,25.4,94.92,1.64,15.59
2022-10-04,5.39,27.66,31.22,24.92,87.26,1.44,19.6
2022-10-05,16.31,27.47,31.6,24.21,88.27,1.24,18.86
2022-10-06,6.11,27.33,30.92,24.38,88.9,1.14,20.01
2022-10-07,1.59,27.48,31.23,23.84,79.7,0.66,21.35
2022-10-08,1.36,28.0,31.39,24.73,81.94,0.61,18.84
2022-10-09,6.76,27.26,30.47,24.92,88.99,0.9,17.42
2022-10-10,12.47,26.99,30.11,24.84,89.12,1.11,15.6
2022-10-11,12.57,26.58,29.92,24.3,92.48,1.6,17.48
2022-10-12,10.19,26.44,29.09,24.5,91.45,1.39,17.54
2022-10-13,9.57,26.75,30.17,23.68,86.71,0.95,17.75
2022-10-14,10.79,27.23,30.24,24.32,82.28,0.35,18.25
2022-10-15,0.77,26.62,30.64,23.66,87.0,1.32,20.27
2022-10-16,1.35,26.53,31.54,21.72,86.92,1.29,19.75
2022-10-17,0.07,27.23,31.7,22.84,84.2,0.9,18.42
2022-10-18,3.4,27.31,30.73,23.71,81.71,0.69,18.05
2022-10-19,2.08,26.39,30.02,22.92,84.32,1.11,16.92
2022-10-20,0.22,26.06,30.75,22.35,85.73,1.5,20.1
2022-10-21,0.0,26.13,30.75,22.06,86.2,1.46,20.45
2022-10-22,0.01,26.38,31.55,22.12,84.78,1.37,20.36
2022-10-23,24.72,24.92,27.65,23.22,92.02,1.12,8.11
2022-10-24,61.49,23.49,24.99,22.1,95.23,3.5,2.64
2022-10-25,20.17,23.93,27.28,21.0,87.99,2.5,10.95
2022-10-26,0.26,23.78,28.17,19.52,83.91,1.08,18.48
2022-10-27,0.0,23.32,28.35,19.38,82.65,1.42,19.74
2022-10-28,0.0,23.37,28.59,17.91,77.32,1.0,19.93
2022-10-29,0.0,24.16,29.4,18.21,80.89,0.98,19.7
2022-10-30,2.63,25.65,30.59,21.63,85.25,0.8,18.76
2022-10-31,0.11,26.02,30.69,22.31,86.61,1.01,18.69
2022-11-01,0.0,25.25,29.81,21.32,86.62,1.37,19.39
2022-11-02,0.0,25.56,30.23,21.28,85.35,0.88,18.69
2022-11-03,0.0,24.94,28.67,22.2,85.45,1.04,13.59
2022-11-04,0.0,24.08,28.84,19.7,83.03,0.95,18.05
2022-11-05,0.44,25.54,30.34,21.51,75.81,0.63,18.03
2022-11-06,2.05,25.2,29.39,21.29,74.69,0.64,18.23
2022-11-07,0.04,24.25,28.69,20.54,73.58,0.71,18.12
2022-11-08,0.0,23.83,28.65,18.31,70.82,0.64,17.13
2022-11-09,0.0,23.65,28.4,18.56,76.19,0.71,18.7
2022-11-10,0.0,23.19,27.89,17.96,76.23,0.81,18.8
2022-11-11,0.0,22.4,27.84,17.06,79.55,0.99,17.6
2022-11-12,0.0,22.51,27.55,17.74,77.99,1.12,18.03
2022-11-13,0.01,21.0,26.22,16.52,83.99,1.48,18.43
2022-11-14,0.14,21.27,26.84,16.01,81.1,1.07,18.3
2022-11-15,0.0,21.72,26.7,16.97,78.4,0.8,18.16
2022-11-16,0.0,21.36,26.47,15.84,78.88,1.0,18.12
2022-11-17,0.0,21.37,27.04,16.02,81.31,1.2,18.36
2022-11-18,0.0,20.3,25.87,15.1,82.48,1.38,18.33
2022-11-19,0.0,20.08,26.33,13.53,83.27,1.35,17.11
2022-11-20,0.13,22.41,28.0,16.43,81.18,1.11,15.23
2022-11-21,0.0,21.7,27.29,17.22,84.46,1.22,17.1
2022-11-22,0.0,20.02,26.31,14.59,83.22,1.24,17.51
2022-11-23,0.0,19.8,25.82,15.06,85.74,1.17,17.4
2022-11-24,0.0,20.14,26.47,14.49,84.01,1.14,17.43
2022-11-25,0.08,21.35,27.47,14.84,81.06,0.92,17.57
2022-11-26,0.0,22.03,27.77,17.2,82.27,0.96,17.34
2022-11-27,0.0,21.69,26.88,16.83,81.79,0.83,16.73
2022-11-28,0.01,22.2,28.09,16.27,85.28,0.94,14.49
2022-11-29,0.05,23.79,28.61,19.98,83.41,0.84,10.48
2022-11-30,0.04,23.24,28.25,19.8,82.97,1.01,13.19
2022-12-01,0.01,21.26,27.04,17.29,81.95,1.11,15.27
2022-12-02,0.0,20.0,26.1,14.95,85.2,1.16,15.7
2022-12-03,0.0,19.91,25.3,14.31,80.85,0.98,16.61
2022-12-04,0.0,20.36,26.11,16.0,76.95,0.72,16.89
2022-12-05,0.0,19.6,25.81,13.68,82.38,1.17,16.76
2022-12-06,0.0,20.15,25.78,14.94,79.93,0.85,16.83
2022-12-07,0.0,19.65,25.54,14.68,81.99,0.86,16.41
2022-12-08,0.0,19.74,25.53,14.42,78.48,0.9,14.17
2022-12-09,0.0,19.39,24.58,13.57,75.1,0.68,16.51
2022-12-10,0.0,20.18,25.28,14.78,72.99,0.8,16.22
2022-12-11,0.0,19.62,25.2,14.09,76.7,1.0,16.37
2022-12-12,0.0,19.07,24.72,13.87,79.69,1.1,15.62
2022-12-13,0.0,18.69,24.18,13.03,79.87,1.02,14.88
2022-12-14,0.0,18.78,24.26,13.15,80.59,0.97,14.73
2022-12-15,0.0,18.19,23.91,13.21,79.59,1.03,14.48
2022-12-16,0.0,17.17,23.92,11.79,84.42,1.27,13.3
2022-12-17,0.0,18.14,24.53,12.24,81.94,0.92,13.34
2022-12-18,0.0,18.72,24.69,13.11,77.21,0.79,14.72
2022-12-19,0.0,19.07,24.65,14.6,74.94,0.91,14.5
2022-12-20,0.0,19.61,24.47,14.89,74.58,0.59,14.89
2022-12-21,0.0,18.63,24.24,13.51,79.62,0.86,15.7
2022-12-22,0.0,18.86,24.3,13.43,78.21,0.85,15.28
2022-12-23,0.0,18.11,24.09,12.92,75.22,1.28,14.81
2022-12-24,0.0,17.59,23.95,12.02,70.82,1.01,15.15
2022-12-25,0.01,18.71,23.96,11.55,71.33,0.85,13.03
2022-12-26,0.03,19.65,25.38,15.01,75.95,0.81,11.98
2022-12-27,4.53,19.5,24.05,15.01,87.65,1.26,6.31
2022-12-28,2.65,19.28,24.09,15.34,88.29,1.08,7.87
2022-12-29,0.01,16.16,22.45,11.14,78.28,1.3,11.85
2022-12-30,0.0,15.75,21.74,10.71,73.08,0.97,12.22
2022-12-31,0.0,16.2,22.0,10.01,73.7,0.96,14.4
2023-01-01,0.0,15.92,22.33,10.68,78.6,1.24,15.15
2023-01-02,0.0,16.24,22.65,9.91,76.57,1.15,15.44
2023-01-03,0.0,16.09,22.86,10.46,74.64,1.28,16.0
2023-01-04,0.0,14.94,22.14,10.02,81.14,1.25,12.03
2023-01-05,0.0,14.93,22.82,8.73,82.67,1.4,7.92
2023-01-06,0.0,15.5,23.25,8.85,83.02,1.35,6.09
2023-01-07,0.0,16.49,23.84,10.28,84.59,1.08,8.88
2023-01-08,0.0,17.86,24.96,11.84,81.54,1.02,11.95
2023-01-09,0.0,18.54,25.77,12.09,76.71,1.21,15.67
2023-01-10,0.0,18.58,26.0,13.37,73.75,1.11,16.77
2023-01-11,0.0,16.84,24.11,11.05,73.49,1.19,16.48
2023-01-12,0.0,15.78,22.36,11.24,72.49,0.89,16.32
2023-01-13,0.0,16.86,23.71,8.87,68.48,0.96,16.0
2023-01-14,0.0,17.51,24.05,10.84,75.14,1.11,11.38
2023-01-15,0.0,17.66,23.92,13.7,77.58,1.18,11.75
2023-01-16,0.0,17.11,23.61,11.69,73.71,1.27,13.66
2023-01-17,0.0,16.09,23.15,10.64,75.96,1.36,14.26
2023-01-18,0.0,15.04,22.08,9.49,73.94,1.29,15.46
2023-01-19,0.0,14.41,21.96,8.66,70.49,1.48,17.29
2023-01-20,0.0,15.02,22.56,8.92,66.42,1.25,17.73
2023-01-21,1.01,16.44,23.89,9.65,64.54,1.12,17.62
2023-01-22,0.0,17.32,24.55,10.52,63.58,1.32,16.98
2023-01-23,0.0,18.15,25.06,10.91,69.8,1.14,16.05
2023-01-24,0.0,18.96,26.7,12.25,69.21,1.25,16.9
2023-01-25,0.0,19.77,26.78,13.05,66.43,1.2,16.61
2023-01-26,0.0,20.23,27.09,13.62,69.5,1.14,15.11
2023-01-27,0.0,20.37,27.07,15.19,74.45,1.3,15.55
2023-01-28,0.0,19.99,27.02,14.47,78.26,1.42,16.39
2023-01-29,0.0,19.46,26.95,13.26,72.55,1.41,15.93
2023-01-30,0.0,20.12,28.23,12.91,68.98,1.35,18.92
2023-01-31,0.01,20.41,27.73,13.62,71.58,0.98,18.28
2023-02-01,0.0,20.5,27.3,16.31,70.93,1.45,11.39
2023-02-02,0.0,18.2,26.48,11.77,63.08,1.92,18.39
2023-02-03,0.0,17.94,26.73,10.94,64.79,1.41,19.41
2023-02-04,0.0,18.45,25.95,12.04,65.91,1.27,17.48
2023-02-05,0.0,19.35,26.68,14.14,56.63,1.11,17.66
2023-02-06,0.0,20.25,26.88,14.04,50.73,1.16,16.79
2023-02-07,0.0,19.39,26.7,11.96,66.52,1.61,17.11
2023-02-08,0.0,20.34,28.07,14.03,78.39,1.87,16.83
2023-02-09,0.0,21.23,28.3,15.05,72.58,1.13,15.34
2023-02-10,0.0,20.79,27.74,14.3,61.33,1.26,17.11
2023-02-11,0.0,20.62,28.33,12.8,57.1,1.22,18.56
2023-02-12,0.0,20.98,28.42,14.39,74.36,1.7,15.7
2023-02-13,0.0,19.37,27.52,12.38,56.06,1.63,21.1
2023-02-14,0.0,19.0,28.03,11.59,45.29,1.57,20.93
2023-02-15,0.0,19.72,27.4,13.78,44.91,1.28,20.14
2023-02-16,0.0,20.05,28.65,12.0,48.7,1.0,20.02
2023-02-17,0.0,20.71,28.44,13.53,60.4,1.17,20.24
2023-02-18,0.0,22.24,28.95,15.16,58.28,0.89,18.61
2023-02-19,0.0,23.09,29.6,16.91,55.13,0.97,15.98
2023-02-20,0.0,23.66,29.64,17.37,59.1,0.89,14.25
2023-02-21,0.0,23.2,30.13,17.32,73.7,1.94,13.76
2023-02-22,0.0,24.05,31.21,18.95,78.33,2.8,15.3
2023-02-23,0.03,24.19,30.81,19.66,76.95,2.72,17.09
2023-02-24,0.14,24.56,31.56,18.47,71.7,1.38,18.89
2023-02-25,0.17,24.4,32.47,18.21,55.44,1.45,19.21
2023-02-26,0.09,24.91,33.01,16.45,43.01,1.2,20.96
2023-02-27,0.0,25.1,32.67,17.09,40.4,1.18,20.34
2023-02-28,0.0,24.24,32.38,16.77,45.75,1.42,20.28
2023-03-01,0.0,23.49,32.78,15.28,47.41,1.52,19.37
2023-03-02,0.0,24.84,33.14,17.3,46.67,1.41,20.88
2023-03-03,0.0,25.06,33.91,17.46,46.32,1.59,20.55
2023-03-04,0.0,27.02,34.83,18.98,39.78,1.3,21.09
2023-03-05,0.0,26.97,34.68,18.69,41.69,1.15,20.65
2023-03-06,0.0,27.68,35.08,20.22,40.14,1.21,21.16
2023-03-07,0.0,26.67,34.93,18.93,45.01,1.34,22.12
2023-03-08,0.0,26.04,34.15,18.69,40.8,1.72,18.96
2023-03-09,0.0,26.61,34.09,20.29,44.05,1.92,16.57
2023-03-10,0.0,24.92,29.97,19.32,46.25,1.43,14.49
2023-03-11,0.0,26.96,34.73,20.15,43.12,1.52,18.27
2023-03-12,0.0,26.85,36.44,18.91,44.45,1.87,20.0
2023-03-13,0.0,27.52,35.9,19.25,41.54,1.64,22.0
2023-03-14,0.01,27.07,34.64,20.24,49.73,1.68,18.79
2023-03-15,0.34,26.86,34.81,21.18,63.2,2.43,10.95
2023-03-16,1.67,25.35,33.02,20.18,69.4,1.97,14.28
2023-03-17,0.34,25.53,32.68,20.51,64.26,1.48,10.19
2023-03-18,3.88,25.29,32.46,20.01,63.71,1.31,13.4
2023-03-19,10.48,23.31,27.86,20.41,79.11,1.74,7.85
2023-03-20,18.55,22.38,26.45,19.47,84.13,2.6,12.6
2023-03-21,28.34,23.48,28.51,19.11,81.76,1.89,16.04
2023-03-22,16.64,23.47,28.3,19.74,80.61,1.71,18.21
2023-03-23,5.33,23.38,28.79,19.11,79.58,1.98,21.26
2023-03-24,3.7,24.28,30.86,18.07,73.54,1.15,21.72
2023-03-25,3.88,25.06,31.4,19.25,70.62,1.27,18.26
2023-03-26,1.2,26.15,32.73,20.45,72.91,1.8,19.72
2023-03-27,1.44,26.49,32.97,21.18,72.57,1.66,17.14
2023-03-28,2.67,26.64,32.62,21.91,72.56,1.54,17.83
2023-03-29,18.09,26.01,30.86,21.11,77.07,1.65,11.55
2023-03-30,6.43,25.43,30.6,20.06,75.5,1.44,17.21
2023-03-31,31.31,25.28,29.71,21.4,84.45,1.28,18.9
2023-04-01,43.93,24.26,27.26,20.79,88.69,1.23,10.43
2023-04-02,4.76,24.25,29.09,20.36,81.76,1.54,23.4
2023-04-03,7.61,24.83,30.08,20.13,81.79,2.05,21.28
2023-04-04,1.29,26.0,31.53,20.73,80.18,2.35,20.48
2023-04-05,2.94,26.55,31.88,22.36,83.87,2.49,16.56
2023-04-06,4.79,27.09,32.33,21.73,75.11,1.26,22.8
2023-04-07,2.01,27.59,33.23,21.67,63.0,1.09,25.13
2023-04-08,0.0,27.54,33.96,21.73,61.44,0.93,25.82
2023-04-09,0.68,27.87,34.34,21.33,61.86,1.29,25.18
2023-04-10,2.71,27.5,34.46,20.47,66.47,1.39,24.45
2023-04-11,0.0,28.12,35.58,21.26,66.62,1.39,23.9
2023-04-12,0.0,28.35,35.85,21.71,65.83,1.37,25.47
2023-04-13,0.0,28.07,35.95,20.1,66.01,1.72,25.53
2023-04-14,0.0,29.12,36.88,21.72,66.66,1.47,25.5
2023-04-15,0.0,30.15,37.71,23.06,58.73,1.21,22.77
2023-04-16,0.0,29.33,35.96,23.33,66.46,1.52,23.15
2023-04-17,0.0,29.08,35.71,23.92,77.24,2.3,22.38
2023-04-18,0.01,29.43,36.13,23.95,76.24,2.07,22.2
2023-04-19,0.0,29.2,35.51,24.59,76.56,2.55,21.53
2023-04-20,0.08,29.49,36.12,24.79,74.8,3.18,21.96
2023-04-21,5.66,29.23,35.62,24.79,75.6,2.96,14.63
2023-04-22,3.15,28.71,35.57,23.1,71.39,2.09,21.86
2023-04-23,5.82,27.56,33.34,23.3,73.89,1.28,13.88
2023-04-24,0.25,27.95,33.59,21.75,65.63,1.17,23.91
2023-04-25,0.0,29.15,35.39,23.41,56.65,1.15,25.65
2023-04-26,0.0,29.66,36.03,23.12,52.34,1.03,25.01
2023-04-27,0.55,30.26,36.62,24.22,51.74,0.9,24.76
2023-04-28,3.97,28.82,35.1,22.75,63.69,1.22,22.69
2023-04-29,3.87,29.72,36.37,23.68,61.06,1.03,24.48
2023-04-30,2.23,28.97,34.37,23.46,67.0,0.87,22.78
2023-05-01,0.05,29.22,34.45,24.34,61.5,1.4,20.53
2023-05-02,0.01,29.59,35.7,24.32,57.69,1.14,22.89
2023-05-03,4.03,29.05,34.04,24.13,62.8,1.44,15.31
2023-05-04,8.33,28.54,33.66,24.55,71.08,1.3,13.1
2023-05-05,1.38,28.85,33.91,24.17,68.27,1.57,19.87
2023-05-06,1.8,29.78,35.2,24.86,67.48,1.24,19.97
2023-05-07,0.61,30.92,37.13,24.66,59.24,1.18,23.75
2023-05-08,0.0,31.78,39.38,24.27,48.73,1.69,26.16
2023-05-09,0.0,32.06,39.86,24.28,50.45,2.07,22.36
2023-05-10,0.0,32.45,40.13,25.85,60.43,2.39,23.57
2023-05-11,0.08,31.93,39.06,26.16,60.32,1.74,24.17
2023-05-12,0.1,30.83,36.41,25.27,63.02,1.08,19.12
2023-05-13,1.63,31.1,37.6,27.31,60.7,1.45,8.63
2023-05-14,1.64,28.79,35.51,24.01,61.85,4.13,7.63
2023-05-15,1.23,28.93,36.01,22.41,61.17,2.56,24.52
2023-05-16,10.69,29.29,34.91,25.04,73.74,2.9,21.79
2023-05-17,23.22,27.71,31.59,24.91,85.58,2.52,10.91
2023-05-18,18.52,27.25,31.42,24.65,86.88,2.35,11.34
2023-05-19,2.12,27.43,31.73,23.83,83.67,2.12,17.89
2023-05-20,2.96,28.06,32.36,25.24,82.31,2.66,22.71
2023-05-21,5.63,28.07,32.85,24.22,79.9,2.46,23.4
2023-05-22,19.25,27.73,31.47,24.87,85.46,2.11,21.87
2023-05-23,19.15,27.35,30.8,24.92,88.75,1.67,13.96
2023-05-24,27.99,26.41,30.14,23.34,87.36,1.82,11.36
2023-05-25,3.04,26.9,31.15,22.53,84.94,1.71,22.19
2023-05-26,8.32,27.82,31.49,25.07,84.59,1.66,22.41
2023-05-27,15.45,27.47,31.27,24.29,84.84,1.66,18.25
2023-05-28,5.63,28.43,32.94,23.55,77.02,0.88,24.82
2023-05-29,0.62,29.86,34.54,25.71,69.77,0.97,26.52
2023-05-30,0.0,30.55,35.69,25.55,69.05,1.14,25.53
2023-05-31,0.01,31.21,36.06,26.35,70.17,1.22,25.06
2023-06-01,0.4,29.33,32.39,27.05,82.11,2.08,21.68
2023-06-02,0.27,29.24,32.45,26.37,82.77,2.22,22.72
2023-06-03,2.16,29.37,33.55,25.99,82.66,1.91,21.93
2023-06-04,2.43,29.53,33.66,25.93,80.96,1.46,22.05
2023-06-05,0.87,30.53,35.47,25.65,73.76,1.18,24.74
2023-06-06,0.26,30.73,36.08,26.79,69.94,1.36,22.2
2023-06-07,5.7,30.39,35.53,25.75,73.17,1.44,15.35
2023-06-08,33.67,29.63,33.93,26.34,79.76,1.03,6.18
2023-06-09,40.18,27.68,29.56,25.86,90.73,1.54,13.09
2023-06-10,15.81,28.34,32.37,24.96,85.65,1.69,6.94
2023-06-11,31.84,28.39,32.24,25.6,88.05,2.61,10.37
2023-06-12,18.71,28.11,30.8,25.94,91.39,2.34,11.17
2023-06-13,13.4,28.66,31.87,26.28,89.86,2.71,17.86
2023-06-14,21.03,28.33,30.69,26.87,91.32,3.95,12.58
2023-06-15,17.65,28.17,30.15,26.9,92.05,4.64,12.03
2023-06-16,30.61,28.29,30.83,26.71,91.8,4.12,12.94
2023-06-17,22.9,28.36,31.31,26.59,91.61,3.75,9.63
2023-06-18,57.47,28.1,30.79,26.11,92.28,2.92,9.08
2023-06-19,16.97,27.69,29.85,25.99,93.72,2.58,9.67
2023-06-20,11.12,28.21,31.6,25.44,89.24,2.47,16.1
2023-06-21,10.03,28.09,31.38,26.12,91.89,2.72,18.74
2023-06-22,5.08,27.74,31.05,25.45,90.27,2.55,17.31
2023-06-23,6.89,27.89,31.23,24.87,88.73,2.83,20.46
2023-06-24,10.77,28.01,33.08,25.15,88.39,3.06,20.13
2023-06-25,3.98,27.64,31.8,24.07,87.5,2.86,22.96
2023-06-26,10.9,27.29,31.0,24.7,89.55,3.26,19.33
2023-06-27,34.39,27.68,30.9,25.55,90.25,3.81,10.54
2023-06-28,40.52,27.71,30.54,25.26,91.77,3.1,12.71
2023-06-29,28.7,28.15,30.86,25.91,91.64,2.56,14.56
2023-06-30,36.58,28.0,30.54,25.82,91.63,2.13,13.32
2023-07-01,29.12,28.8,32.4,25.94,88.85,2.08,14.73
2023-07-02,9.81,28.25,30.76,26.11,91.61,2.14,17.69
2023-07-03,3.62,28.88,32.34,26.33,89.98,2.18,18.5
2023-07-04,3.56,29.13,32.81,26.02,86.5,1.63,21.96
2023-07-05,30.34,28.9,32.8,25.98,87.99,2.12,20.44
2023-07-06,12.49,28.4,31.44,26.36,89.88,3.8,18.33
2023-07-07,5.18,27.85,30.13,26.37,92.84,2.97,19.14
2023-07-08,5.18,27.95,30.5,26.05,90.23,2.44,20.22
2023-07-09,7.72,28.57,32.23,25.79,88.83,1.92,13.23
2023-07-10,5.71,28.62,31.9,26.32,89.55,2.65,16.93
2023-07-11,3.22,28.27,31.8,25.58,89.03,3.19,16.03
2023-07-12,4.19,27.51,30.21,25.28,91.48,2.68,19.42
2023-07-13,5.97,27.79,30.26,25.85,92.32,2.5,18.16
2023-07-14,10.88,27.63,30.03,25.92,94.11,2.66,18.4
2023-07-15,1.7,28.38,31.98,25.41,87.03,3.5,20.42
2023-07-16,7.78,27.5,30.92,24.28,90.93,3.16,17.67
2023-07-17,3.86,27.7,30.22,25.72,90.7,1.83,14.12
2023-07-18,4.94,28.51,32.14,25.91,88.17,1.94,23.61
2023-07-19,10.21,28.8,32.73,26.06,88.77,2.19,24.53
2023-07-20,3.04,28.77,32.03,26.21,89.21,1.9,21.96
2023-07-21,1.91,29.22,33.31,26.04,84.46,1.24,21.62
2023-07-22,3.86,29.16,32.71,26.18,86.69,1.64,22.86
2023-07-23,1.77,28.39,30.72,26.23,89.93,1.51,21.29
2023-07-24,0.91,29.43,33.88,25.88,84.82,1.19,22.86
2023-07-25,3.87,29.44,33.69,26.15,84.69,1.45,23.14
2023-07-26,10.03,28.3,31.46,26.13,90.57,2.23,21.12
2023-07-27,9.06,28.71,32.39,25.88,88.99,2.63,18.2
2023-07-28,12.03,28.63,32.37,26.14,88.72,2.73,18.54
2023-07-29,6.32,28.78,32.81,25.91,88.58,2.28,19.66
2023-07-30,0.29,29.9,33.79,25.94,83.51,1.05,23.57
2023-07-31,21.65,30.61,34.4,26.98,82.43,0.96,23.58
2023-08-01,22.83,29.58,34.31,26.6,85.74,3.03,18.66
2023-08-02,11.81,28.2,31.91,25.68,89.95,3.82,12.02
2023-08-03,32.76,27.95,31.07,25.63,92.06,3.06,5.8
2023-08-04,31.25,27.9,30.83,26.01,93.0,2.97,9.54
2023-08-05,4.84,27.98,31.05,25.54,91.39,2.98,12.66
2023-08-06,67.5,27.6,29.97,26.02,91.94,3.2,4.16
2023-08-07,78.28,27.89,29.93,26.45,93.89,3.68,5.34
2023-08-08,46.65,27.62,29.8,25.96,93.15,2.44,5.37
2023-08-09,6.8,28.11,31.31,25.17,90.13,1.86,16.63
2023-08-10,6.5,27.41,29.65,25.6,93.18,2.11,11.94
2023-08-11,7.04,27.6,31.01,25.2,90.96,2.22,13.29
2023-08-12,13.92,26.67,27.86,25.38,93.43,2.93,12.95
2023-08-13,12.73,27.69,31.24,24.92,90.35,1.92,9.17
2023-08-14,11.68,27.65,32.03,24.29,83.86,0.99,14.12
2023-08-15,20.84,28.58,32.47,25.7,89.11,1.29,10.96
2023-08-16,12.27,28.78,32.32,26.17,89.34,1.54,15.5
2023-08-17,6.99,28.5,32.38,26.07,89.7,1.27,19.55
2023-08-18,4.41,28.35,32.19,25.88,89.56,2.08,21.04
2023-08-19,3.75,27.62,31.46,25.2,91.7,2.29,19.03
2023-08-20,1.44,28.44,32.04,25.41,88.55,1.55,18.57
2023-08-21,2.35,27.75,30.53,25.75,90.37,1.79,19.51
2023-08-22,2.92,27.24,29.44,25.45,93.31,2.34,12.46
2023-08-23,2.61,27.62,30.0,25.84,91.01,2.5,15.93
2023-08-24,12.88,28.33,31.06,26.36,91.54,2.55,15.56
2023-08-25,4.87,27.99,30.93,25.5,91.86,2.42,15.26
2023-08-26,48.76,28.2,31.24,25.98,90.71,2.55,9.8
2023-08-27,19.08,28.17,31.07,26.15,91.79,2.24,8.55
2023-08-28,9.24,28.65,32.15,26.26,89.19,1.95,13.89
2023-08-29,3.05,29.09,32.87,25.43,84.47,0.96,20.11
2023-08-30,0.3,29.39,32.98,25.54,82.94,1.04,19.01
2023-08-31,13.67,28.34,30.66,26.7,90.83,1.25,17.09
2023-09-01,11.74,28.66,31.62,26.21,88.79,1.11,15.42
2023-09-02,5.36,29.5,32.66,26.16,85.4,0.77,16.77
2023-09-03,28.16,27.49,29.09,25.61,94.14,1.47,17.45
2023-09-04,16.34,27.86,30.81,25.11,85.9,0.86,18.58
2023-09-05,7.06,28.84,32.45,25.23,86.41,1.05,18.73
2023-09-06,2.07,28.67,32.21,26.22,88.62,1.4,18.63
2023-09-07,19.02,27.73,31.58,25.06,90.71,2.17,18.32
2023-09-08,18.47,27.29,29.48,25.99,94.87,2.5,12.55
2023-09-09,0.3,28.56,32.03,25.51,87.01,1.23,20.39
2023-09-10,4.94,28.71,32.09,25.56,86.89,0.98,14.59
2023-09-11,10.45,28.63,32.39,25.79,84.23,0.99,17.26
2023-09-12,18.42,28.41,31.95,25.36,88.72,1.23,18.44
2023-09-13,2.66,28.35,32.35,25.5,87.54,1.64,18.69
2023-09-14,4.22,27.59,30.56,25.55,91.6,2.49,17.97
2023-09-15,1.97,27.84,31.47,25.35,89.67,1.82,20.74
2023-09-16,0.83,28.16,31.57,24.76,86.34,0.91,20.98
2023-09-17,1.12,29.48,33.49,25.78,85.1,0.91,20.93
2023-09-18,32.49,27.72,29.57,26.28,90.79,1.12,13.86
2023-09-19,18.87,27.75,31.19,25.1,90.41,1.7,16.17
2023-09-20,15.31,27.18,29.02,25.85,94.17,2.75,14.2
2023-09-21,18.59,27.2,29.49,25.76,93.94,2.46,15.31
2023-09-22,11.09,27.53,30.69,25.52,91.94,2.21,13.11
2023-09-23,25.95,27.61,31.08,25.35,91.22,1.78,15.92
2023-09-24,4.58,27.54,31.23,24.74,89.5,1.79,18.35
2023-09-25,7.74,28.07,31.82,24.96,89.3,1.49,19.92
2023-09-26,16.94,29.42,33.69,26.04,79.75,0.47,19.99
2023-09-27,8.69,28.47,31.82,25.41,85.07,0.94,15.59
2023-09-28,1.79,28.88,32.44,24.9,86.41,1.04,19.92
2023-09-29,6.63,28.36,30.19,26.7,91.15,1.05,18.28
2023-09-30,5.09,27.83,31.32,25.7,90.86,1.74,18.11
2023-10-01,3.03,27.64,30.72,25.62,90.83,1.53,19.27
2023-10-02,5.11,27.22,31.07,24.91,92.53,1.95,17.17
2023-10-03,12.26,27.14,30.5,24.97,91.69,2.61,13.63
2023-10-04,29.03,26.54,28.81,24.79,93.59,2.49,11.56
2023-10-05,30.64,26.79,28.61,25.15,95.21,2.55,7.96
2023-10-06,28.83,27.46,30.19,25.55,92.67,2.93,3.33
2023-10-07,9.57,27.3,30.76,24.96,91.5,2.38,11.28
2023-10-08,8.71,27.64,31.1,25.37,90.86,2.33,11.72
2023-10-09,13.37,27.87,31.36,25.48,90.84,1.75,15.45
2023-10-10,0.53,28.58,31.99,25.33,82.04,0.72,17.59
2023-10-11,0.35,27.89,31.68,24.56,80.22,0.69,16.57
2023-10-12,18.11,27.83,31.61,24.71,82.09,0.56,13.06
2023-10-13,3.83,27.56,31.0,24.05,79.01,0.81,17.04
2023-10-14,0.02,26.73,30.52,22.68,75.71,0.85,17.92
2023-10-15,0.02,26.3,30.95,21.94,80.54,0.77,19.01
2023-10-16,0.0,26.15,30.72,21.7,81.19,1.0,20.27
2023-10-17,0.0,26.32,30.66,21.89,74.96,0.76,20.66
2023-10-18,0.22,26.19,30.14,21.87,74.93,0.72,19.85
2023-10-19,0.02,25.23,29.31,21.2,82.57,1.08,19.42
2023-10-20,0.0,25.03,29.63,20.84,85.39,1.18,20.37
2023-10-21,0.0,25.14,30.01,19.91,80.45,1.07,20.16
2023-10-22,3.63,26.21,30.78,21.78,76.45,0.7,15.86
2023-10-23,3.44,25.63,29.78,22.67,83.51,0.79,9.05
2023-10-24,6.21,24.44,27.7,22.41,90.96,1.59,6.06
2023-10-25,6.36,25.69,29.75,21.75,86.05,1.23,13.95
2023-10-26,6.49,26.25,29.66,22.73,80.26,0.66,17.16
2023-10-27,0.61,24.86,29.3,20.62,80.74,0.76,18.06
2023-10-28,0.0,24.0,28.9,20.19,81.73,1.27,19.27
2023-10-29,0.0,23.76,28.74,19.29,77.33,0.98,18.37
2023-10-30,0.0,24.77,29.43,20.53,79.31,0.96,19.72
2023-10-31,0.0,25.16,29.93,19.8,82.16,1.09,18.96
2023-11-01,0.0,25.25,30.25,21.24,82.23,1.13,19.41
2023-11-02,0.0,25.05,29.61,21.08,81.29,1.04,19.47
2023-11-03,0.0,24.81,28.73,20.72,81.65,1.1,17.89
2023-11-04,0.0,25.04,29.22,20.87,77.23,0.88,15.6
2023-11-05,0.77,23.97,28.45,20.47,83.18,1.35,15.75
2023-11-06,0.01,23.05,28.21,18.78,82.22,1.2,18.08
2023-11-07,0.0,22.45,27.08,18.23,80.62,1.03,16.41
2023-11-08,0.0,22.44,26.98,18.11,79.44,0.92,16.52
2023-11-09,0.0,22.33,27.23,18.2,82.38,1.24,17.64
2023-11-10,0.0,22.78,27.89,18.25,80.53,1.17,18.19
2023-11-11,0.0,22.99,28.14,18.58,77.82,0.91,18.17
2023-11-12,0.0,22.78,27.93,18.19,80.13,1.04,17.9
2023-11-13,0.0,23.14,28.0,17.76,78.71,0.9,18.35
2023-11-14,0.0,23.62,28.36,17.9,77.75,0.74,17.78
2023-11-15,0.0,23.59,28.83,18.2,79.46,0.82,15.98
2023-11-16,30.8,23.48,27.34,20.83,90.15,1.17,5.06
2023-11-17,94.9,22.81,24.67,21.54,95.46,2.01,1.69
2023-11-18,18.85,22.89,26.84,19.25,89.08,1.26,9.19
2023-11-19,0.92,23.81,28.57,19.8,85.33,0.76,16.12
2023-11-20,0.03,24.02,28.44,19.84,84.78,0.86,15.77
2023-11-21,0.1,23.5,27.4,20.26,80.95,0.87,9.29
2023-11-22,0.09,22.02,26.84,18.42,82.47,1.16,15.47
2023-11-23,0.0,21.21,26.48,15.91,80.57,1.07,16.13
2023-11-24,0.0,22.25,26.89,16.86,74.01,0.45,16.37
2023-11-25,0.0,21.57,26.82,16.29,74.53,0.82,17.02
2023-11-26,0.0,21.87,27.29,15.91,79.3,0.91,17.49
2023-11-27,0.0,22.72,28.55,17.29,81.51,0.94,16.73
2023-11-28,0.0,23.85,28.57,19.53,76.66,0.62,15.55
2023-11-29,0.0,21.92,26.4,16.51,78.76,0.76,10.44
2023-11-30,0.0,21.73,27.21,16.65,83.33,1.14,16.57
2023-12-01,0.0,21.48,27.06,15.77,81.58,1.1,16.44
2023-12-02,0.0,22.38,27.49,17.14,76.51,0.77,15.54
2023-12-03,0.0,22.28,27.56,17.59,85.4,1.06,14.04
2023-12-04,0.0,22.5,27.6,17.79,87.07,1.07,10.58
2023-12-05,0.0,22.04,25.04,19.47,84.63,0.79,5.64
2023-12-06,2.28,21.61,24.88,18.81,87.89,1.14,5.48
2023-12-07,20.91,20.97,23.2,19.59,94.35,1.77,4.15
2023-12-08,22.85,21.33,24.73,18.86,92.19,1.2,5.73
2023-12-09,1.61,20.25,24.92,16.76,90.05,1.45,13.92
2023-12-10,0.0,18.31,23.55,14.22,83.95,1.24,10.03
2023-12-11,0.0,18.01,23.48,13.13,84.19,1.23,12.59
2023-12-12,0.06,18.43,24.25,13.6,81.44,0.68,10.77
2023-12-13,0.0,18.19,23.67,13.77,81.0,1.01,12.22
2023-12-14,0.0,16.96,21.97,13.08,73.78,1.0,15.0
2023-12-15,0.0,16.51,22.75,11.53,79.09,1.07,15.15
2023-12-16,0.0,17.36,23.05,12.32,80.1,0.87,15.71
2023-12-17,0.0,17.66,23.61,12.2,77.7,0.91,16.41
2023-12-18,0.0,17.93,23.39,13.03,79.06,0.78,16.06
2023-12-19,0.0,18.0,23.55,12.89,81.92,0.99,15.97
2023-12-20,0.0,17.96,23.68,12.59,78.27,0.84,15.82
2023-12-21,0.0,18.87,24.8,12.88,79.12,0.73,14.08
2023-12-22,0.0,19.42,24.73,14.64,82.79,0.86,12.94
2023-12-23,0.0,20.0,24.8,15.21,82.9,0.91,11.97
2023-12-24,0.01,20.89,25.23,17.31,76.55,0.73,12.74
2023-12-25,0.0,20.76,24.99,17.05,77.37,0.68,13.99
2023-12-26,0.0,20.49,25.38,15.63,77.86,0.71,13.79
2023-12-27,0.0,20.01,25.5,14.7,79.25,0.76,14.17
2023-12-28,0.0,20.23,25.08,14.75,76.89,0.74,14.67
2023-12-29,0.0,20.07,25.08,14.77,74.81,0.7,15.95
2023-12-30,0.0,19.86,25.27,14.75,75.39,0.71,15.62
2023-12-31,0.0,18.85,24.79,14.91,80.37,0.97,15.2
2024-01-01,0.0,17.72,23.92,12.6,84.91,1.1,13.14
2024-01-02,0.97,16.79,23.13,11.85,86.98,1.19,12.36
2024-01-03,0.0,16.97,23.58,11.81,82.25,0.95,10.34
2024-01-04,0.0,16.7,22.98,11.0,84.19,1.19,8.33
2024-01-05,0.0,16.65,23.03,11.25,83.91,1.38,13.82
2024-01-06,0.0,17.82,24.12,11.92,77.37,1.05,15.51
2024-01-07,0.0,17.77,24.0,13.5,78.45,1.19,15.23
2024-01-08,0.0,16.95,23.85,11.81,85.05,1.39,15.93
2024-01-09,0.0,16.24,23.28,10.83,84.63,1.42,11.43
2024-01-10,0.0,16.17,22.89,10.74,79.85,0.98,11.12
2024-01-11,0.0,15.86,22.42,11.32,82.92,1.35,14.57
2024-01-12,0.0,14.78,21.5,9.16,84.5,1.37,8.11
2024-01-13,0.0,14.77,21.44,9.09,85.22,1.28,8.47
2024-01-14,0.0,15.4,22.1,9.85,82.4,0.83,7.02
2024-01-15,0.0,15.84,22.13,11.45,84.1,0.96,10.78
2024-01-16,0.0,15.14,20.53,10.87,82.25,0.85,10.79
2024-01-17,0.0,15.2,20.27,9.81,79.42,0.77,11.0
2024-01-18,0.03,15.59,21.64,8.82,79.61,1.11,10.58
2024-01-19,0.66,16.98,23.29,11.79,81.44,1.14,13.21
2024-01-20,1.33,15.5,22.49,10.11,83.59,1.34,15.04
2024-01-21,0.0,14.94,21.29,9.99,81.41,1.19,12.96
2024-01-22,0.0,13.66,20.77,8.06,76.36,1.26,9.63
2024-01-23,0.0,14.15,20.92,8.19,77.36,1.04,13.41
2024-01-24,0.96,15.44,22.03,8.68,79.98,1.13,13.31
2024-01-25,0.11,16.31,22.75,11.43,78.14,0.95,14.1
2024-01-26,1.06,14.97,22.06,9.55,79.12,1.52,14.74
2024-01-27,0.01,14.53,21.34,9.63,76.72,1.1,13.23
2024-01-28,0.0,14.61,22.4,9.03,74.37,1.17,16.51
2024-01-29,0.0,15.72,22.92,9.92,69.82,0.98,16.14
2024-01-30,0.0,17.2,23.44,10.28,62.74,0.86,17.05
2024-01-31,0.02,18.8,25.02,12.48,69.35,1.13,9.35
2024-02-01,0.51,19.42,24.21,15.48,79.0,1.04,10.46
2024-02-02,1.82,18.97,24.61,14.61,87.58,1.63,6.72
2024-02-03,0.41,19.24,25.12,14.87,77.31,1.43,15.89
2024-02-04,0.0,18.56,23.91,12.66,62.44,1.19,17.7
2024-02-05,0.0,19.12,25.54,11.82,68.56,1.23,16.72
2024-02-06,0.0,20.12,26.06,14.21,77.93,1.37,9.91
2024-02-07,0.0,19.89,25.3,15.62,81.25,1.21,10.83
2024-02-08,0.0,17.02,23.19,11.84,66.21,1.31,18.81
2024-02-09,0.0,15.77,23.3,9.46,66.63,1.51,19.02
2024-02-10,0.0,16.99,25.25,10.75,70.25,1.23,20.03
2024-02-11,0.0,18.13,26.17,11.42,71.87,1.15,19.9
2024-02-12,0.0,19.5,26.58,13.59,65.3,1.1,16.32
2024-02-13,0.0,20.01,27.69,12.88,61.58,1.31,18.47
2024-02-14,0.0,21.31,27.83,15.41,61.52,1.09,14.63
2024-02-15,0.16,21.53,27.97,16.31,72.31,1.26,16.03
2024-02-16,0.12,21.1,28.21,15.84,76.39,1.52,18.09
2024-02-17,0.04,20.05,27.37,14.28,67.3,1.21,18.78
2024-02-18,0.0,20.34,26.8,14.81,54.94,1.04,18.51
2024-02-19,0.0,20.18,27.21,12.55,54.46,1.19,19.84
2024-02-20,0.05,20.97,28.23,13.66,73.46,1.98,13.61
2024-02-21,0.57,23.18,30.07,17.98,83.46,2.41,14.74
2024-02-22,6.93,23.46,30.04,18.99,84.45,2.74,11.69
2024-02-23,23.07,21.98,25.5,17.62,82.45,1.09,9.44
2024-02-24,2.61,21.27,28.33,15.0,73.91,1.38,18.43
2024-02-25,0.0,20.37,27.11,15.34,69.59,1.75,16.21
2024-02-26,0.02,20.05,28.24,13.57,65.83,1.67,20.71
2024-02-27,0.0,20.93,28.87,15.82,59.68,1.41,17.88
2024-02-28,0.0,22.1,28.16,15.8,56.0,1.17,19.57
2024-02-29,0.0,22.28,28.86,17.17,60.0,1.29,19.66
2024-03-01,0.0,21.3,29.17,14.98,59.7,1.43,21.45
2024-03-02,0.0,21.75,29.31,14.94,54.74,1.35,20.46
2024-03-03,0.0,22.8,30.01,16.11,55.72,1.31,20.51
2024-03-04,0.02,23.78,29.51,18.41,56.29,1.28,9.19
2024-03-05,0.05,23.84,30.68,17.26,64.51,1.43,21.54
2024-03-06,0.0,23.19,30.4,17.07,50.4,1.41,23.46
2024-03-07,0.0,22.85,30.39,15.13,43.26,1.34,21.59
2024-03-08,0.0,22.92,30.8,17.03,46.78,1.46,22.45
2024-03-09,0.0,22.44,30.51,16.85,44.3,1.48,22.92
2024-03-10,0.0,21.99,30.27,16.14,43.94,1.45,23.63
2024-03-11,0.0,22.2,30.75,13.66,51.26,1.55,23.25
2024-03-12,0.0,24.16,32.12,16.89,52.04,1.66,21.72
2024-03-13,0.01,25.15,32.57,18.95,72.97,1.73,20.57
2024-03-14,7.07,25.47,32.48,19.67,76.66,1.72,14.65
2024-03-15,8.64,26.17,32.28,20.69,72.62,1.26,20.09
2024-03-16,15.9,26.31,32.91,19.33,65.75,0.79,20.99
2024-03-17,0.09,27.11,33.73,20.67,57.66,1.13,20.33
2024-03-18,0.06,27.17,33.79,20.9,56.83,1.11,17.01
2024-03-19,1.14,27.31,34.77,21.11,58.99,1.18,12.76
2024-03-20,0.23,24.94,30.49,21.07,65.48,1.53,18.41
2024-03-21,2.24,23.64,29.91,18.83,69.17,1.69,8.07
2024-03-22,6.5,22.62,28.08,18.18,76.36,1.5,17.39
2024-03-23,7.06,23.48,29.56,17.77,78.0,1.98,21.46
2024-03-24,15.38,25.07,30.94,20.37,82.37,2.25,18.88
2024-03-25,10.06,25.42,31.13,20.84,80.94,1.36,19.18
2024-03-26,16.82,26.39,31.97,20.85,72.42,1.19,21.34
2024-03-27,0.07,26.62,32.24,21.19,68.66,0.99,20.92
2024-03-28,12.43,26.2,31.02,21.6,74.4,1.27,14.15
2024-03-29,6.1,25.48,31.09,20.38,76.55,1.24,14.39
2024-03-30,12.06,26.48,31.63,22.05,84.73,2.35,14.71
2024-03-31,18.46,26.99,32.3,23.76,85.09,2.86,13.77
2024-04-01,10.95,27.3,32.54,23.77,85.3,3.44,19.69
2024-04-02,0.16,27.84,33.05,23.86,82.84,2.81,20.09
2024-04-03,0.47,28.15,33.58,24.12,80.05,2.52,22.28
2024-04-04,0.34,28.22,33.73,24.1,81.51,2.71,22.04
2024-04-05,0.09,28.13,33.46,24.24,80.85,2.42,14.98
2024-04-06,0.08,29.14,35.37,24.67,77.81,2.47,21.8
2024-04-07,0.6,28.49,34.44,23.74,76.93,1.68,7.25
2024-04-08,0.18,28.72,35.37,23.06,62.27,1.48,16.23
2024-04-09,0.0,28.63,35.45,22.29,53.81,0.82,20.13
2024-04-10,0.0,28.69,35.36,22.72,55.47,1.02,14.55
2024-04-11,0.0,27.53,35.76,20.62,54.94,1.27,16.34
2024-04-12,0.0,29.29,36.63,22.52,51.56,1.48,20.26
2024-04-13,0.0,28.85,36.57,21.98,54.04,1.28,23.33
2024-04-14,0.0,29.6,36.9,22.85,52.07,1.15,20.87
2024-04-15,0.0,31.08,37.7,24.0,49.03,0.96,20.19
2024-04-16,1.19,30.59,37.87,24.26,55.92,1.79,19.42
2024-04-17,10.95,29.51,36.01,24.9,76.32,3.03,18.24
2024-04-18,18.21,28.91,33.93,25.37,82.34,2.76,22.27
2024-04-19,7.54,29.2,35.11,25.25,79.22,3.69,23.76
2024-04-20,2.17,30.06,37.3,25.91,76.7,4.33,24.64
2024-04-21,0.48,29.9,36.02,25.93,77.57,4.06,23.14
2024-04-22,0.92,30.12,36.66,26.26,74.7,3.41,18.86
2024-04-23,0.09,30.06,37.7,25.03,66.93,2.54,20.44
2024-04-24,0.06,30.5,38.28,23.98,64.77,2.27,22.23
2024-04-25,0.03,31.57,38.94,25.57,64.45,2.62,23.2
2024-04-26,0.93,30.99,38.37,25.13,65.96,2.94,23.69
2024-04-27,1.13,30.98,38.66,24.92,68.29,2.89,23.75
2024-04-28,0.95,31.42,38.96,26.13,68.5,3.15,23.56
2024-04-29,1.36,31.78,39.38,26.54,67.31,3.12,23.53
2024-04-30,0.34,31.55,39.3,26.35,69.91,4.24,22.13
2024-05-01,1.06,31.38,38.91,26.48,70.2,3.82,21.84
2024-05-02,17.14,29.96,36.72,26.67,78.7,3.46,15.56
2024-05-03,5.44,30.37,36.3,25.76,74.18,2.46,23.62
2024-05-04,11.11,29.56,34.38,25.7,73.12,1.79,21.89
2024-05-05,27.39,28.03,31.96,24.98,85.7,3.35,21.23
2024-05-06,43.29,27.52,31.22,25.34,89.97,3.1,11.28
2024-05-07,18.76,26.62,30.4,23.95,84.95,1.41,21.79
2024-05-08,14.26,25.56,28.43,22.14,79.23,0.87,13.12
2024-05-09,0.06,26.94,31.45,21.13,74.96,1.12,23.48
2024-05-10,7.76,27.61,31.03,24.11,75.84,0.93,20.11
2024-05-11,30.11,26.86,30.46,23.8,84.53,1.24,12.98
2024-05-12,1.31,27.43,32.37,22.59,78.94,1.04,21.58
2024-05-13,0.52,28.14,32.59,23.66,78.06,0.82,24.11
2024-05-14,0.18,28.69,33.7,24.52,78.83,0.99,25.5
2024-05-15,0.01,28.72,33.09,25.34,81.62,1.01,24.78
2024-05-16,0.0,29.19,33.92,24.68,75.77,1.07,23.54
2024-05-17,0.19,29.43,34.2,24.41,79.59,1.53,20.56
2024-05-18,13.9,28.54,32.51,25.98,87.05,1.59,9.69
2024-05-19,13.26,28.41,32.29,25.45,86.64,1.39,11.42
2024-05-20,13.19,28.89,32.81,24.57,79.07,0.69,17.79
2024-05-21,6.02,29.58,33.35,25.45,77.57,0.75,22.42
2024-05-22,7.33,29.96,33.97,25.73,77.67,0.78,22.23
2024-05-23,1.73,30.6,34.39,26.67,76.32,0.82,25.68
2024-05-24,3.46,31.28,36.08,26.64,75.27,0.97,26.02
2024-05-25,6.84,30.53,35.19,26.93,81.43,1.36,25.61
2024-05-26,43.65,29.14,32.46,27.05,89.17,3.0,15.12
2024-05-27,66.3,28.35,30.14,26.6,90.85,8.34,3.54
2024-05-28,110.68,28.43,30.97,25.91,91.83,5.16,8.92
2024-05-29,8.35,29.6,32.56,28.0,90.01,4.54,17.05
2024-05-30,9.0,29.21,32.03,27.45,90.42,3.49,16.64
2024-05-31,4.2,29.29,32.73,27.3,88.57,2.76,17.64
2024-06-01,0.87,29.48,33.31,26.52,85.25,2.02,21.9
2024-06-02,5.99,29.08,32.65,26.72,87.91,2.8,20.56
2024-06-03,37.18,28.34,31.35,26.18,89.7,2.6,13.91
2024-06-04,20.21,28.23,31.69,26.14,89.71,2.68,17.74
2024-06-05,18.85,29.14,32.96,25.92,87.05,1.37,20.87
2024-06-06,21.61,28.58,31.11,26.22,90.72,1.6,13.83
2024-06-07,21.11,28.88,31.57,26.88,91.15,2.05,12.06
2024-06-08,33.65,28.71,31.38,26.86,91.53,2.84,14.39
2024-06-09,30.26,28.97,31.96,27.08,91.2,2.81,9.0
2024-06-10,8.51,28.88,31.57,26.94,92.09,2.33,8.79
2024-06-11,5.38,29.15,32.8,26.53,88.33,2.18,20.87
2024-06-12,5.66,28.6,32.27,25.13,87.95,2.33,12.86
2024-06-13,37.13,28.28,30.94,26.6,91.69,2.71,11.68
2024-06-14,28.17,28.59,31.04,26.69,92.75,3.33,9.03
2024-06-15,17.55,29.01,31.8,27.24,90.71,3.97,8.23
2024-06-16,9.88,29.21,32.53,27.15,90.27,3.5,13.53
2024-06-17,8.55,28.94,31.32,27.33,91.87,3.35,11.76
2024-06-18,17.86,28.8,31.05,27.54,91.1,4.1,5.16
2024-06-19,45.05,28.46,31.3,26.27,92.62,3.8,5.91
2024-06-20,10.19,28.11,31.4,26.09,90.83,2.45,12.82
2024-06-21,7.65,29.08,32.74,25.73,85.07,0.84,18.34
2024-06-22,10.96,28.35,30.66,26.23,88.11,1.03,19.49
2024-06-23,7.88,28.86,32.64,25.5,87.39,1.61,20.77
2024-06-24,3.31,28.35,31.18,26.39,90.25,1.83,17.72
2024-06-25,1.12,29.19,32.37,26.31,86.74,1.33,19.12
2024-06-26,7.83,29.69,33.11,26.51,85.51,0.98,7.66
2024-06-27,20.94,28.06,31.35,26.21,90.96,2.33,19.87
2024-06-28,19.35,28.33,31.29,26.07,91.46,3.65,14.11
2024-06-29,36.78,28.59,31.3,26.69,91.06,4.41,8.17
2024-06-30,30.27,28.14,29.54,27.31,95.22,4.09,11.53
2024-07-01,71.42,27.86,29.41,26.41,95.17,3.63,3.95
2024-07-02,45.07,27.93,30.59,26.12,92.68,2.45,13.46
2024-07-03,15.28,27.66,29.97,25.92,92.33,3.06,14.62
2024-07-04,15.19,27.52,30.01,25.57,92.12,3.64,13.61
2024-07-05,12.47,27.58,29.59,25.88,93.17,3.16,11.73
2024-07-06,4.64,27.67,30.44,25.4,92.07,2.03,19.95
2024-07-07,4.52,28.45,32.41,25.87,90.22,2.16,20.97
2024-07-08,2.3,28.06,31.49,25.47,90.17,1.9,16.57
2024-07-09,6.36,28.46,31.74,26.06,90.65,2.59,15.59
2024-07-10,15.55,28.66,32.35,26.39,90.79,3.13,14.04
2024-07-11,23.37,28.36,31.44,26.2,91.03,3.07,16.87
2024-07-12,24.27,28.15,31.73,26.05,89.75,3.04,16.05
2024-07-13,14.12,28.14,32.02,25.44,91.6,2.62,15.94
2024-07-14,2.28,28.91,32.57,25.83,88.41,1.75,20.9
2024-07-15,1.97,29.17,33.53,26.4,88.77,1.63,21.12
2024-07-16,5.84,29.0,33.13,26.13,89.07,2.16,20.14
2024-07-17,0.85,29.02,32.54,26.5,86.51,1.07,19.87
2024-07-18,3.91,29.58,32.55,26.92,86.34,1.21,22.41
2024-07-19,7.81,29.24,33.05,26.85,88.93,2.45,20.19
2024-07-20,5.05,28.62,32.09,26.16,89.48,3.01,20.83
2024-07-21,5.21,28.07,31.4,26.03,90.99,3.32,18.38
2024-07-22,3.58,28.03,30.59,26.36,91.63,3.79,14.5
2024-07-23,3.77,28.19,31.37,25.99,90.31,3.62,15.62
2024-07-24,6.74,28.46,31.61,25.74,91.34,3.07,18.03
2024-07-25,5.63,29.52,32.56,26.55,87.73,2.1,19.95
2024-07-26,1.92,29.4,32.91,26.66,88.43,3.1,20.19
2024-07-27,1.31,28.93,32.51,26.31,88.55,3.02,21.09
2024-07-28,1.05,28.98,33.07,26.11,88.21,2.59,19.63
2024-07-29,11.5,28.64,32.48,26.38,88.7,3.08,18.91
2024-07-30,9.97,28.58,31.96,26.28,90.38,2.72,15.39
2024-07-31,5.83,28.34,31.0,26.46,91.59,2.19,15.51
2024-08-01,98.35,27.56,30.16,26.03,93.35,4.62,5.62
2024-08-02,92.46,27.1,28.48,25.72,94.26,3.77,2.52
2024-08-03,28.35,27.81,29.71,26.1,93.54,3.27,11.92
2024-08-04,26.77,28.25,31.85,25.53,89.35,2.27,18.61
2024-08-05,9.64,27.51,30.29,25.45,91.6,2.34,18.27
2024-08-06,5.08,27.66,30.55,25.58,90.67,2.57,17.43
2024-08-07,12.25,27.12,29.55,25.57,93.17,2.68,16.37
2024-08-08,19.25,27.12,29.77,25.24,93.81,2.64,12.64
2024-08-09,10.85,27.48,30.05,25.39,92.54,3.11,12.12
2024-08-10,19.73,27.91,31.0,25.33,91.01,3.29,11.49
2024-08-11,27.04,28.16,30.9,26.28,91.64,2.54,9.95
2024-08-12,37.55,28.15,31.12,26.05,91.76,1.98,12.79
2024-08-13,7.88,28.51,32.12,25.77,89.36,1.52,18.66
2024-08-14,10.29,28.78,32.65,26.38,89.19,1.61,19.99
2024-08-15,2.18,28.2,31.55,25.97,90.24,1.96,20.71
2024-08-16,23.24,27.5,30.33,25.75,92.22,1.57,12.07
2024-08-17,37.26,27.27,29.41,25.37,90.9,1.5,5.97
2024-08-18,42.45,26.82,28.35,25.4,95.3,3.02,11.39
2024-08-19,122.76,26.9,28.13,26.19,95.63,3.54,2.72
2024-08-20,67.57,27.68,30.33,26.1,92.91,3.75,4.25
2024-08-21,74.17,27.47,29.19,26.34,94.19,3.34,1.52
2024-08-22,135.46,27.14,28.79,25.95,95.96,3.77,4.03
2024-08-23,4.52,26.8,28.77,25.45,94.32,2.51,16.73
2024-08-24,6.17,26.8,28.72,25.19,93.04,1.6,18.95
2024-08-25,27.34,26.46,28.61,24.74,93.45,2.3,14.81
2024-08-26,15.45,26.32,28.71,24.38,93.46,2.71,16.51
2024-08-27,2.02,27.53,31.29,24.94,90.77,2.26,18.21
2024-08-28,10.32,28.11,31.93,25.07,87.02,0.79,10.5
2024-08-29,6.9,28.82,32.57,25.55,86.74,0.97,19.93
2024-08-30,4.89,28.48,32.71,25.81,87.83,1.57,21.38
2024-08-31,17.51,27.74,30.31,26.28,92.62,1.54,19.83
2024-09-01,15.3,28.32,31.41,25.8,87.79,1.21,18.45
2024-09-02,18.25,28.73,32.54,26.05,86.62,0.68,16.38
2024-09-03,30.52,27.21,28.82,26.06,93.35,1.27,18.29
2024-09-04,2.63,27.99,31.4,24.8,88.24,1.34,20.07
2024-09-05,17.35,27.5,30.16,25.4,91.17,1.28,18.76
2024-09-06,38.61,28.32,31.16,25.45,86.29,0.94,19.72
2024-09-07,15.54,28.63,32.52,25.75,85.64,0.73,21.0
2024-09-08,7.23,28.8,32.24,26.17,88.34,1.19,20.89
2024-09-09,3.14,28.33,31.15,25.82,91.0,1.75,19.38
2024-09-10,3.36,28.28,31.32,26.26,92.55,2.05,18.22
2024-09-11,14.2,28.83,31.55,26.24,89.19,1.11,19.85
2024-09-12,9.33,29.51,33.28,26.45,87.54,1.42,18.65
2024-09-13,34.62,28.28,30.81,26.54,92.98,2.42,14.01
2024-09-14,17.32,26.69,28.29,24.08,95.14,4.12,5.77
2024-09-15,19.03,25.25,27.65,23.0,94.94,4.09,5.99
2024-09-16,1.55,27.45,31.54,23.96,89.58,2.3,19.34
2024-09-17,2.11,28.77,32.73,25.24,86.42,0.78,17.69
2024-09-18,2.19,29.02,32.45,25.87,87.73,1.11,18.85
2024-09-19,8.88,29.21,32.3,26.37,90.54,1.28,19.02
2024-09-20,12.09,30.41,34.34,26.88,86.19,1.02,21.54
2024-09-21,24.96,28.66,31.06,26.62,91.71,1.26,6.76
2024-09-22,0.92,30.09,34.07,25.1,82.77,1.05,21.0
2024-09-23,2.19,30.05,34.46,27.35,85.39,1.08,16.39
2024-09-24,10.1,28.23,31.05,26.54,90.04,1.72,18.14
2024-09-25,41.52,26.1,28.22,24.71,95.04,2.87,8.74
2024-09-26,15.9,26.41,28.79,24.33,91.91,1.73,11.09
2024-09-27,3.34,27.1,31.23,23.92,88.67,1.29,19.45
2024-09-28,1.33,27.69,31.51,24.4,88.94,1.44,17.65
2024-09-29,9.99,28.22,31.54,25.34,90.24,1.69,15.27
2024-09-30,10.03,28.57,31.45,26.45,91.3,1.58,5.45
2024-10-01,6.79,29.04,32.08,26.09,88.94,0.9,11.26
2024-10-02,12.23,28.45,31.07,26.68,88.74,1.07,12.22
2024-10-03,50.05,26.95,28.33,25.96,94.14,2.02,7.25
2024-10-04,36.8,27.16,29.94,25.08,91.95,3.29,13.24
2024-10-05,43.96,26.9,28.89,25.61,94.6,2.26,4.23
2024-10-06,9.62,27.69,31.06,25.03,86.04,1.08,17.6
2024-10-07,5.2,27.76,30.9,25.42,86.12,0.57,14.44
2024-10-08,1.78,27.69,30.82,24.73,85.3,0.76,15.06
2024-10-09,13.3,27.47,30.47,24.77,85.8,0.66,15.2
2024-10-10,5.27,27.28,30.27,25.14,86.96,0.85,12.26
2024-10-11,12.83,27.11,30.42,24.59,89.7,1.43,14.36
2024-10-12,10.86,27.31,30.83,24.04,87.59,0.98,11.77
2024-10-13,0.31,26.86,31.04,23.68,87.62,0.96,16.95
2024-10-14,0.0,26.25,30.09,22.17,84.56,1.09,15.15
2024-10-15,0.0,26.8,30.39,23.27,81.23,0.79,14.88
2024-10-16,0.01,27.1,30.93,23.53,82.46,0.7,16.1
2024-10-17,0.65,26.77,30.51,24.05,85.76,0.84,12.23
2024-10-18,1.81,26.85,30.67,22.92,84.27,0.73,11.29
2024-10-19,5.7,27.36,30.62,24.21,81.45,0.52,10.01
2024-10-20,0.51,26.35,29.86,23.41,87.21,1.04,15.97
2024-10-21,0.03,26.48,30.64,22.4,83.63,0.9,17.16
2024-10-22,62.65,27.59,31.12,23.05,83.13,0.97,18.69
2024-10-23,140.1,26.01,28.88,23.75,92.54,1.64,8.32
2024-10-24,16.77,25.83,29.83,23.32,90.97,1.93,10.32
2024-10-25,5.69,26.18,29.78,23.15,90.43,1.99,15.82
2024-10-26,1.5,27.02,30.9,23.66,85.94,1.04,15.78
2024-10-27,0.09,27.22,30.92,23.46,80.61,0.59,17.47
2024-10-28,0.0,26.35,30.34,22.63,86.23,1.03,18.7
2024-10-29,0.0,26.85,30.86,22.35,81.0,0.64,18.44
2024-10-30,1.0,26.85,30.8,22.09,80.87,0.59,16.21
2024-10-31,3.71,27.2,30.44,23.74,84.64,0.82,13.42
2024-11-01,5.54,27.17,30.29,23.96,84.14,0.78,13.7
2024-11-02,0.13,25.6,29.43,22.61,87.18,1.23,16.93
2024-11-03,0.02,24.95,29.61,20.13,84.11,1.1,18.26
2024-11-04,0.45,25.4,29.82,21.33,86.86,1.02,17.08
2024-11-05,4.77,25.78,29.43,21.89,84.79,0.99,14.24
2024-11-06,5.42,24.77,28.36,22.37,87.85,1.09,11.82
2024-11-07,5.0,23.88,27.74,20.92,87.66,0.99,17.33
2024-11-08,0.0,23.53,28.47,18.9,83.56,1.02,18.68
2024-11-09,0.0,24.44,29.1,19.2,79.98,0.95,18.63
2024-11-10,0.0,24.19,29.31,19.46,82.05,0.85,18.24
2024-11-11,0.0,24.29,29.04,19.88,85.64,1.16,17.41
2024-11-12,0.0,24.38,28.96,20.31,85.08,1.21,16.73
2024-11-13,0.0,22.72,27.94,18.67,82.61,1.23,17.78
2024-11-14,0.0,21.96,27.26,16.95,82.97,1.33,18.04
2024-11-15,0.0,22.16,27.37,17.5,83.21,1.13,17.57
2024-11-16,0.0,21.89,27.22,16.82,82.24,1.16,17.37
2024-11-17,0.0,21.44,26.78,16.78,80.3,0.9,16.61
2024-11-18,0.0,21.17,26.88,15.24,78.95,0.89,17.76
2024-11-19,0.0,21.7,27.48,15.61,78.31,0.93,17.86
2024-11-20,0.0,21.54,27.13,17.0,79.88,0.99,15.92
2024-11-21,0.0,21.24,26.74,16.89,76.38,1.0,16.63
2024-11-22,0.0,21.0,25.74,16.69,70.79,0.89,16.33
2024-11-23,0.0,21.53,26.47,16.27,70.75,0.74,15.39
2024-11-24,0.0,20.05,24.82,14.73,80.8,1.04,14.58
2024-11-25,0.0,19.95,25.36,14.83,81.08,1.14,14.62
2024-11-26,0.0,19.95,25.16,14.41,78.11,0.89,15.38
2024-11-27,0.0,20.26,25.47,14.3,76.84,0.83,16.04
2024-11-28,0.0,20.77,25.91,14.49,82.77,0.9,13.86
2024-11-29,0.0,22.53,27.21,18.45,85.52,1.09,14.31
2024-11-30,0.24,22.59,28.24,17.95,84.81,1.1,14.15
2024-12-01,3.75,20.87,24.69,18.29,85.57,1.06,15.52
2024-12-02,0.01,20.26,24.52,16.73,83.64,1.01,12.68
2024-12-03,0.0,20.43,25.74,16.35,83.41,1.19,15.73
2024-12-04,0.0,18.6,24.34,13.44,85.18,1.36,16.09
2024-12-05,0.0,19.03,24.2,13.62,78.43,1.03,14.28
2024-12-06,0.0,18.39,23.81,14.16,75.31,1.06,13.71
2024-12-07,0.0,17.25,23.68,11.55,74.91,1.21,14.96
2024-12-08,0.0,17.55,23.16,11.32,74.3,0.87,15.74
2024-12-09,0.0,16.99,21.77,10.65,82.64,0.85,14.68
2024-12-10,0.0,17.42,22.29,13.75,86.96,1.34,12.23
2024-12-11,0.0,16.01,22.2,11.07,85.76,1.61,14.23
2024-12-12,0.0,15.59,22.33,10.37,87.3,1.28,7.74
2024-12-13,0.0,16.12,22.72,10.87,86.38,1.17,8.47
2024-12-14,0.0,16.06,23.07,10.21,84.83,1.35,12.85
2024-12-15,0.0,15.6,22.76,9.49,81.78,1.27,16.16
2024-12-16,0.0,17.38,25.03,9.86,76.88,0.99,17.01
2024-12-17,0.0,19.23,26.19,12.7,80.53,0.86,12.73
2024-12-18,0.03,19.22,24.9,15.36,77.68,0.9,13.59
2024-12-19,0.0,18.57,24.73,13.52,76.84,0.99,14.15
2024-12-20,0.0,17.57,23.74,11.9,78.99,1.07,13.0
2024-12-21,0.16,17.5,23.74,12.46,81.34,1.17,3.88
2024-12-22,0.07,16.66,23.63,11.56,86.69,1.46,15.45
2024-12-23,0.01,16.87,23.8,10.57,78.7,1.18,16.2
2024-12-24,0.0,17.33,24.17,10.59,78.99,1.08,15.63
2024-12-25,0.0,17.54,23.27,12.77,76.13,1.07,9.92
2024-12-26,0.0,17.77,24.42,12.34,84.53,1.45,14.11
2024-12-27,0.0,18.64,24.38,12.43,74.15,1.04,15.83
2024-12-28,0.0,18.8,24.79,11.98,74.05,0.9,16.51
2024-12-29,0.0,19.38,24.86,14.39,70.52,0.83,15.06
2024-12-30,0.0,18.52,24.11,13.52,78.01,1.26,15.63
2024-12-31,0.0,16.85,22.93,11.99,83.86,1.36,14.41
2025-01-01,0.0,16.03,22.79,10.57,85.9,1.26,8.43
2025-01-02,0.0,16.3,22.91,10.75,85.14,1.17,8.49
2025-01-03,0.0,16.57,23.4,10.69,84.4,1.01,7.8
2025-01-04,0.0,18.06,24.33,12.69,85.95,0.96,12.72
2025-01-05,0.0,19.67,25.27,14.22,81.43,0.63,14.63
2025-01-06,0.0,19.95,25.75,14.71,80.7,0.88,15.48
2025-01-07,0.0,19.27,24.21,15.08,86.04,1.29,13.64
2025-01-08,0.0,17.75,23.07,12.91,84.07,1.31,6.71
2025-01-09,0.0,15.39,22.0,9.85,81.2,1.24,13.2
2025-01-10,0.0,15.56,22.34,9.93,77.67,1.03,16.64
2025-01-11,0.0,17.21,24.12,11.21,71.92,1.05,17.2
2025-01-12,0.0,18.62,25.41,11.69,67.38,1.05,17.05
2025-01-13,0.0,18.63,24.33,12.72,69.61,1.04,16.35
2025-01-14,0.0,17.43,23.94,12.69,76.46,1.49,15.69
2025-01-15,0.0,17.3,23.9,11.86,76.71,1.04,15.9
2025-01-16,0.0,18.95,25.63,13.18,72.48,0.8,16.62
2025-01-17,0.0,18.7,25.32,13.65,74.18,1.16,17.29
2025-01-18,0.0,17.58,24.57,12.33,79.68,1.27,16.84
2025-01-19,0.0,16.41,23.45,10.63,78.72,1.48,17.1
2025-01-20,0.0,16.72,23.18,11.08,76.46,0.92,16.37
2025-01-21,0.0,17.3,23.12,10.97,74.57,0.91,15.34
2025-01-22,0.0,17.49,22.63,11.99,78.35,0.94,13.76
2025-01-23,0.0,17.81,23.55,12.85,76.5,0.92,10.65
2025-01-24,0.0,17.67,23.59,11.88,71.48,0.95,14.42
2025-01-25,0.0,17.65,23.53,13.14,72.71,1.16,11.98
2025-01-26,0.0,16.29,23.03,11.33,74.99,1.36,15.91
2025-01-27,0.0,17.16,23.67,11.93,75.01,0.94,15.43
2025-01-28,0.0,18.49,23.89,13.45,69.55,0.79,13.4
2025-01-29,0.0,18.57,24.24,13.21,59.91,0.85,12.48
2025-01-30,0.09,18.2,24.35,10.99,72.88,1.51,11.63
2025-01-31,1.16,20.8,26.43,17.09,88.89,2.09,7.28
2025-02-01,0.48,21.57,26.4,17.41,79.08,1.11,14.58
2025-02-02,0.0,20.08,26.0,14.61,76.95,1.21,11.67
2025-02-03,0.0,19.87,26.5,14.05,69.35,1.24,14.84
2025-02-04,0.0,19.35,25.73,13.22,65.17,1.19,15.87
2025-02-05,0.0,19.38,25.64,13.83,68.12,1.1,15.07
2025-02-06,0.0,20.76,27.54,14.16,72.76,1.21,15.56
2025-02-07,0.0,19.83,26.62,14.81,60.72,1.11,18.56
2025-02-08,0.0,17.45,25.39,10.47,54.91,1.43,19.82
2025-02-09,0.0,18.11,25.26,11.32,52.41,1.03,19.45
2025-02-10,0.06,18.82,25.64,12.56,55.36,1.0,17.88
2025-02-11,0.0,18.97,26.77,11.71,80.2,1.77,14.01
2025-02-12,0.02,21.53,28.5,16.04,81.06,1.78,14.67
2025-02-13,0.04,22.06,28.44,16.78,84.33,1.94,14.58
2025-02-14,0.09,21.55,27.63,15.97,57.85,1.2,18.37
2025-02-15,0.0,20.66,27.3,12.76,44.08,1.02,19.9
2025-02-16,0.0,20.95,27.83,13.0,52.93,1.17,19.17
2025-02-17,0.0,21.83,29.13,15.83,64.71,1.29,18.42
2025-02-18,0.0,23.08,30.58,16.59,72.0,1.41,17.45
2025-02-19,0.04,23.07,29.2,17.94,74.4,1.07,14.95
2025-02-20,0.02,23.82,30.66,17.66,64.38,0.9,17.98
2025-02-21,0.0,23.73,30.38,17.45,58.75,1.0,17.48
2025-02-22,0.0,24.42,31.23,17.21,58.93,0.99,17.85
2025-02-23,0.38,23.74,29.72,18.86,62.15,1.05,9.3
2025-02-24,0.0,23.0,30.64,16.42,62.63,1.43,18.99
2025-02-25,0.0,22.47,30.77,15.94,54.95,1.45,20.7
2025-02-26,0.0,22.07,30.62,15.25,53.2,1.51,21.81
2025-02-27,0.0,22.87,30.74,17.43,53.28,1.31,21.03
2025-02-28,0.0,24.05,30.67,17.29,50.82,0.99,16.88
2025-03-01,0.06,24.11,31.57,16.64,57.68,1.5,17.33
2025-03-02,0.0,25.74,34.1,19.46,72.26,2.11,17.26
2025-03-03,0.0,26.23,33.13,19.76,63.97,1.22,15.91
2025-03-04,0.0,25.58,32.2,19.22,45.83,1.24,21.79
2025-03-05,0.0,24.5,32.34,16.14,49.14,1.57,21.92
2025-03-06,0.0,23.93,32.09,17.78,41.73,1.17,22.15
2025-03-07,0.0,22.95,30.95,15.02,37.87,1.48,22.86
2025-03-08,0.01,23.35,31.78,15.57,43.56,1.61,21.87
2025-03-09,0.24,24.52,31.96,18.07,58.89,1.1,21.04
2025-03-10,0.39,24.82,33.31,17.02,47.11,1.61,21.68
2025-03-11,0.0,25.78,33.87,18.37,49.29,1.35,17.32
2025-03-12,0.0,26.21,34.28,18.77,60.65,1.94,18.74
2025-03-13,0.03,27.57,35.51,20.9,71.27,3.02,19.56
2025-03-14,0.18,28.21,35.73,22.99,71.68,3.04,17.72
2025-03-15,0.11,28.25,35.41,22.37,70.87,2.37,19.31
2025-03-16,0.06,28.77,37.24,22.69,67.3,2.53,21.12
2025-03-17,0.18,28.67,36.69,22.83,65.97,2.79,14.25
2025-03-18,2.01,28.07,34.98,23.2,70.05,2.06,16.85
2025-03-19,0.7,28.2,35.43,22.55,66.86,1.66,21.56
2025-03-20,0.67,28.29,35.62,22.13,65.75,1.74,15.63
2025-03-21,0.12,26.13,32.77,21.49,64.35,2.28,10.41
2025-03-22,0.01,24.58,30.84,19.98,59.29,1.8,11.54
2025-03-23,0.17,26.18,34.18,18.78,51.48,1.67,19.57
2025-03-24,0.45,25.9,34.38,18.79,49.82,1.65,22.81
2025-03-25,0.0,26.18,34.94,18.56,45.51,1.35,24.12
2025-03-26,0.0,27.77,35.66,19.04,40.17,1.27,23.66
2025-03-27,0.0,27.83,34.89,20.88,59.87,1.68,19.26
2025-03-28,0.0,29.13,37.91,22.19,63.37,2.67,21.51
2025-03-29,0.0,29.39,38.23,22.7,65.63,2.71,23.07
2025-03-30,0.0,29.2,37.55,22.43,64.49,2.04,22.91
2025-03-31,0.06,29.08,36.44,22.43,64.9,2.1,21.6
2025-04-01,0.16,28.89,35.66,23.56,66.39,2.4,20.02
2025-04-02,0.12,29.18,37.12,22.7,59.69,1.36,20.46
2025-04-03,0.01,29.57,37.22,22.55,58.39,1.4,18.92
2025-04-04,0.0,30.42,38.55,23.65,52.4,1.53,15.27
2025-04-05,0.0,30.0,38.22,22.81,55.99,1.99,21.26
2025-04-06,0.22,30.09,38.28,23.62,57.91,2.24,20.53
2025-04-07,1.42,29.36,36.97,24.16,63.12,1.76,22.3
2025-04-08,0.63,27.99,32.59,23.94,69.88,0.98,18.24
2025-04-09,0.24,29.86,37.24,23.37,56.25,1.36,23.72
2025-04-10,0.08,30.26,37.0,23.75,48.96,1.0,21.06
2025-04-11,3.18,28.69,34.3,24.12,58.14,1.88,20.42
2025-04-12,2.48,29.35,34.46,24.4,62.08,1.02,21.95
2025-04-13,0.54,28.24,32.12,25.28,63.9,0.88,22.1
2025-04-14,1.06,27.8,31.54,24.42,64.56,1.1,20.85
2025-04-15,1.74,28.48,33.26,23.68,60.1,0.98,21.57
2025-04-16,8.71,28.43,34.42,23.69,67.42,1.34,18.33
2025-04-17,22.01,26.59,31.3,22.79,78.93,1.42,13.31
2025-04-18,13.44,26.93,32.44,22.43,77.31,1.65,15.76
2025-04-19,18.54,26.76,31.77,23.4,81.63,1.7,16.45
2025-04-20,25.6,27.61,32.63,23.32,82.85,2.25,18.89
2025-04-21,35.83,28.17,32.3,25.09,87.25,2.12,11.08
2025-04-22,18.38,28.1,32.05,25.12,86.5,3.11,16.7
2025-04-23,0.72,28.92,33.57,25.91,83.04,4.34,16.99
2025-04-24,1.6,29.2,34.16,25.88,81.91,4.37,19.18
2025-04-25,1.02,28.71,33.91,25.12,81.48,3.7,20.19
2025-04-26,0.63,28.94,34.36,25.37,79.05,3.51,22.95
2025-04-27,3.07,28.33,33.54,24.75,77.78,1.91,14.17
2025-04-28,7.63,27.04,31.75,23.86,81.93,1.15,12.39
2025-04-29,19.81,26.13,30.2,22.55,82.38,1.31,21.98
2025-04-30,6.06,27.07,30.47,23.23,77.47,0.79,17.17
2025-05-01,3.18,28.47,32.25,24.4,67.41,0.71,20.7
2025-05-02,15.61,27.44,31.63,22.63,73.24,1.19,24.41
2025-05-03,7.6,27.48,32.13,23.04,72.26,1.25,20.9
2025-05-04,3.3,27.07,31.32,23.39,80.81,1.64,20.18
2025-05-05,0.63,27.58,31.87,23.45,79.34,1.38,22.56
2025-05-06,1.78,28.09,32.19,24.34,77.86,1.13,20.22
2025-05-07,0.62,28.29,32.81,24.04,75.88,1.14,23.08
2025-05-08,0.49,30.24,35.75,24.63,71.73,1.61,21.94
2025-05-09,0.08,30.87,36.47,25.84,69.13,1.42,21.56
2025-05-10,0.15,31.05,37.21,25.48,69.51,1.94,21.08
2025-05-11,4.83,31.0,37.09,25.62,71.21,1.7,19.97
2025-05-12,21.72,28.83,32.36,25.61,82.31,1.44,10.49
2025-05-13,14.07,28.55,32.6,24.67,82.18,2.14,16.76
2025-05-14,12.68,29.01,33.54,25.64,83.37,2.29,18.66
2025-05-15,10.96,28.94,33.5,25.42,84.67,1.64,17.34
2025-05-16,20.37,29.02,33.48,25.38,85.57,1.96,18.57
2025-05-17,14.23,28.11,31.43,25.35,88.25,1.69,18.24
2025-05-18,35.66,28.0,31.85,25.06,84.28,2.09,17.18
2025-05-19,9.91,28.17,32.5,24.24,85.27,1.7,16.98
2025-05-20,35.77,28.1,32.33,24.54,89.16,2.6,13.02
2025-05-21,34.08,27.91,31.08,26.07,90.64,2.49,16.29
2025-05-22,17.28,28.4,31.73,25.47,84.58,1.07,15.2
2025-05-23,6.53,27.42,29.82,25.4,88.83,1.49,17.55
2025-05-24,9.28,28.2,32.38,25.34,86.42,1.74,17.96
2025-05-25,4.57,28.25,31.65,24.96,86.76,0.89,20.95
2025-05-26,17.37,29.21,33.15,25.84,82.87,0.84,19.41
2025-05-27,9.82,29.64,33.31,25.65,80.98,1.17,23.3
2025-05-28,14.41,27.72,30.23,25.96,91.13,2.33,17.01
2025-05-29,110.09,27.63,29.33,25.8,93.1,4.7,4.01
2025-05-30,69.79,28.2,29.73,27.14,93.6,6.62,5.84
2025-05-31,40.47,28.28,30.37,26.46,94.05,3.6,12.82
2025-06-01,43.21,28.48,31.03,26.59,90.85,2.59,3.34
2025-06-02,38.31,28.44,31.87,26.52,92.16,2.98,7.23
2025-06-03,22.03,27.93,31.4,25.77,90.62,2.92,12.43
2025-06-04,32.18,27.25,29.32,25.67,93.69,2.44,7.37
2025-06-05,19.48,27.82,31.35,24.79,88.17,1.77,18.52
2025-06-06,24.72,28.19,32.01,24.82,87.85,1.44,17.57
2025-06-07,4.59,28.47,32.05,25.6,87.91,1.37,19.97
2025-06-08,0.17,29.46,33.26,25.68,83.3,0.86,23.25
2025-06-09,0.7,29.38,32.99,25.69,83.89,1.22,21.96
2025-06-10,20.98,28.3,31.41,26.09,90.06,1.65,22.17
2025-06-11,7.31,28.87,32.9,25.3,83.84,1.44,24.89
2025-06-12,13.93,27.95,30.87,25.85,90.21,1.64,24.07
2025-06-13,1.7,29.28,32.86,26.33,86.7,1.52,23.53
2025-06-14,4.3,28.01,30.97,26.49,90.72,2.37,19.1
2025-06-15,7.14,28.02,31.02,26.15,91.35,2.02,16.03
2025-06-16,21.08,27.75,30.64,25.58,92.09,2.43,20.45
2025-06-17,38.34,27.89,30.01,26.4,92.94,3.35,8.09
2025-06-18,30.29,27.67,29.48,26.51,94.37,4.33,7.86
2025-06-19,16.9,27.82,30.2,26.43,90.91,4.98,9.5
2025-06-20,10.8,28.52,31.87,26.4,90.04,3.33,16.0
2025-06-21,21.14,27.92,30.31,26.03,92.0,2.77,15.7
2025-06-22,4.88,27.74,31.05,25.79,90.76,2.33,20.22
2025-06-23,10.35,27.78,30.72,25.31,90.51,2.33,16.17
2025-06-24,2.62,28.28,31.51,25.47,90.13,2.26,20.93
2025-06-25,8.45,27.69,29.59,26.16,93.44,2.4,18.63
2025-06-26,10.79,27.69,31.09,25.28,91.53,2.96,19.03
2025-06-27,14.14,28.01,31.81,25.56,89.74,2.94,16.74
2025-06-28,2.88,27.04,30.34,24.93,91.96,3.03,20.42
2025-06-29,2.51,27.4,29.91,25.29,91.32,3.31,18.78
2025-06-30,6.73,27.69,30.62,25.3,91.62,3.71,19.51
2025-07-01,3.04,27.88,31.45,25.23,90.53,2.53,19.31
2025-07-02,4.69,28.23,32.25,25.61,90.22,3.11,18.57
2025-07-03,3.65,28.27,31.88,25.87,89.93,3.55,18.18
2025-07-04,12.8,27.68,29.86,26.19,92.53,3.22,17.64
2025-07-05,6.41,27.72,30.47,25.91,91.76,2.92,18.14
2025-07-06,7.28,27.0,29.36,25.4,92.25,2.88,16.55
2025-07-07,64.0,27.22,30.48,25.01,91.05,3.76,10.22
2025-07-08,92.59,26.96,28.7,25.57,94.04,3.79,2.54
2025-07-09,76.99,26.83,28.62,25.53,94.51,3.69,3.25
2025-07-10,43.4,26.79,29.33,25.12,92.48,3.28,8.67
2025-07-11,20.25,27.79,31.72,24.75,90.64,2.24,21.88
2025-07-12,10.77,28.13,31.37,25.37,88.61,0.9,21.45
2025-07-13,15.92,28.68,31.74,26.44,88.28,1.02,18.09
2025-07-14,16.88,27.03,29.31,25.61,93.96,3.8,10.44
2025-07-15,6.09,27.53,29.62,25.95,93.64,2.77,18.32
2025-07-16,18.35,27.83,30.99,25.58,91.68,1.99,18.3
2025-07-17,15.48,28.06,31.28,25.49,89.22,1.35,10.83
2025-07-18,14.72,28.31,32.01,25.37,89.13,1.7,17.88
2025-07-19,3.49,28.11,31.29,25.94,89.19,2.14,17.81
2025-07-20,17.68,28.72,31.58,25.84,87.08,1.11,15.6
2025-07-21,22.65,29.06,32.6,26.17,86.59,1.07,20.88
2025-07-22,5.18,28.88,32.48,25.91,87.31,1.21,19.74
2025-07-23,32.12,29.91,33.42,26.18,85.96,0.8,21.37
2025-07-24,48.5,28.69,31.13,26.8,92.12,1.61,17.88
2025-07-25,20.04,28.17,31.49,26.04,92.24,3.69,18.76
2025-07-26,21.41,28.33,30.64,26.26,92.62,3.48,15.87
2025-07-27,27.49,28.19,30.36,26.7,92.81,2.69,11.93
2025-07-28,13.6,27.95,30.84,26.19,92.81,2.41,12.98
2025-07-29,15.8,27.45,30.47,25.43,91.59,3.17,15.66
2025-07-30,11.03,27.53,30.77,25.23,91.2,3.16,19.39
2025-07-31,27.86,27.32,29.65,25.34,93.48,3.42,14.62
2025-08-01,21.25,28.23,31.57,25.71,91.37,2.83,13.66
2025-08-02,6.34,27.66,29.48,26.13,94.07,2.59,15.75
2025-08-03,23.6,27.95,30.52,25.9,92.22,2.92,11.44
2025-08-04,30.87,27.69,29.41,26.23,94.84,2.05,10.38
2025-08-05,28.18,28.01,30.7,25.7,90.43,1.61,14.39
2025-08-06,26.51,27.56,30.23,25.46,89.58,1.82,12.31
2025-08-07,22.78,27.32,30.32,25.51,92.57,2.48,8.78
2025-08-08,24.19,26.16,27.51,24.59,93.8,2.55,9.53
2025-08-09,4.8,27.23,30.49,24.41,90.45,2.51,16.88
2025-08-10,1.71,27.87,31.59,24.68,89.42,2.2,19.15
2025-08-11,0.09,28.47,32.19,25.43,88.35,1.82,21.05
2025-08-12,0.23,28.67,32.27,26.15,88.21,1.53,14.51
2025-08-13,47.6,27.53,29.95,25.69,89.7,1.18,9.75
2025-08-14,8.71,27.47,30.21,25.15,91.07,1.48,15.51
2025-08-15,9.16,27.69,31.33,24.83,89.36,1.35,20.77
2025-08-16,14.3,28.34,31.71,25.23,85.54,0.78,20.08
2025-08-17,9.72,27.76,30.39,25.86,90.92,0.91,18.06
2025-08-18,12.44,28.23,31.77,25.55,90.05,1.96,20.48
2025-08-19,8.44,27.58,31.18,25.0,90.69,3.06,20.46
2025-08-20,12.26,27.45,30.4,25.51,92.56,2.86,17.19
2025-08-21,14.14,27.38,29.77,25.8,93.79,3.14,14.63
2025-08-22,17.13,27.04,28.8,25.21,93.63,4.16,14.53
2025-08-23,18.21,27.16,30.51,25.23,91.86,4.23,15.47
2025-08-24,9.22,27.28,30.52,25.15,90.92,2.82,16.61
2025-08-25,10.49,27.63,31.5,24.75,89.6,1.56,20.46
2025-08-26,8.99,28.42,32.7,25.51,85.96,0.91,20.6
2025-08-27,3.09,27.42,31.62,24.21,90.0,2.35,21.61
2025-08-28,4.51,27.41,30.7,25.39,90.55,2.49,15.49
2025-08-29,7.18,27.41,30.63,25.52,91.55,1.76,17.3
2025-08-30,2.27,27.89,31.33,25.3,88.92,1.06,17.97
2025-08-31,6.47,27.15,28.93,25.69,93.57,1.16,18.99
2025-09-01,7.92,28.49,31.87,25.5,89.0,1.06,21.48
2025-09-02,11.02,28.52,31.79,25.71,87.83,2.26,19.86
2025-09-03,1.64,28.03,31.45,25.41,88.98,1.9,20.85
2025-09-04,4.55,27.52,31.12,25.23,90.56,1.92,20.36
2025-09-05,1.86,27.65,31.36,24.88,88.63,1.43,21.09
2025-09-06,11.53,28.11,31.52,24.88,87.33,0.78,18.37
2025-09-07,31.67,27.94,30.31,25.65,88.86,1.1,17.81
2025-09-08,6.66,28.4,31.76,25.36,85.43,0.69,18.07
2025-09-09,14.66,28.55,31.62,25.71,88.13,0.94,15.69
2025-09-10,4.92,27.54,29.64,25.86,93.03,1.29,16.1
2025-09-11,10.38,27.89,31.02,25.45,90.66,1.47,13.8
2025-09-12,17.49,27.72,31.04,25.59,90.99,1.52,13.1
2025-09-13,12.64,27.49,30.51,25.22,91.18,1.41,13.3
2025-09-14,20.66,26.76,28.64,25.22,94.01,1.53,6.86
2025-09-15,17.68,26.38,29.08,24.62,92.31,1.88,13.7
2025-09-16,12.77,26.27,28.89,24.45,92.3,2.29,12.27
2025-09-17,1.41,27.05,31.11,23.52,88.87,1.52,17.81
2025-09-18,2.48,27.12,29.96,24.67,90.18,1.1,17.94
2025-09-19,7.62,28.55,32.38,24.88,87.98,0.98,17.82
2025-09-20,5.59,28.06,30.8,26.11,92.43,1.25,17.54
2025-09-21,7.32,27.75,30.11,25.88,91.97,0.78,15.37
2025-09-22,61.49,26.68,27.81,25.32,94.95,1.81,13.85
2025-09-23,3.34,27.55,31.18,24.94,90.85,1.56,19.89
2025-09-24,3.37,28.19,31.74,25.32,87.17,0.69,19.07
2025-09-25,20.22,28.13,31.21,26.07,87.05,0.91,19.17
2025-09-26,7.78,27.93,31.43,25.25,90.38,1.67,17.75
2025-09-27,3.53,27.92,31.57,25.64,90.2,1.27,18.02
2025-09-28,18.12,26.95,28.89,25.67,93.24,1.03,15.47
2025-09-29,4.31,27.86,31.33,24.74,88.8,1.02,16.96
2025-09-30,14.48,28.6,32.18,25.2,87.68,0.89,20.05
2025-10-01,29.38,27.41,28.76,26.31,94.92,1.78,9.15
2025-10-02,23.96,26.99,28.83,25.7,95.32,2.18,6.67
2025-10-03,7.31,27.04,30.06,24.93,93.09,1.95,18.11
2025-10-04,9.14,27.27,30.67,24.54,91.47,1.7,17.68
2025-10-05,3.54,27.26,30.01,24.94,91.86,2.02,15.67
2025-10-06,9.64,26.52,28.54,24.79,92.99,1.27,12.29
2025-10-07,6.28,26.82,30.38,24.22,88.37,0.79,18.16
2025-10-08,13.73,26.93,30.64,24.02,89.36,1.07,15.39
2025-10-09,38.59,27.15,29.57,24.71,86.98,0.77,15.87
2025-10-10,20.78,27.51,30.9,24.91,85.4,0.46,17.19
2025-10-11,11.05,26.77,29.85,24.31,89.52,0.95,10.33
2025-10-12,3.81,26.56,30.29,23.85,86.99,0.93,18.96
2025-10-13,0.23,25.78,29.76,22.4,85.22,1.05,19.11
2025-10-14,0.0,25.95,30.87,21.65,86.49,1.22,19.48
2025-10-15,0.2,25.81,30.87,21.12,85.49,1.1,19.7
2025-10-16,2.48,26.31,30.93,22.05,86.91,1.1,17.81
2025-10-17,2.64,26.55,30.74,22.4,87.87,1.21,19.95
2025-10-18,0.18,27.09,31.49,23.15,85.93,1.09,19.54
2025-10-19,0.5,26.92,31.27,22.51,83.62,1.15,18.8
2025-10-20,0.32,26.72,31.51,22.24,82.5,1.12,19.56
2025-10-21,0.09,26.95,31.62,22.55,82.79,1.08,19.52
2025-10-22,0.09,27.44,31.88,22.93,80.04,0.87,19.98
2025-10-23,0.58,27.29,32.01,23.01,83.73,0.81,19.49
2025-10-24,0.46,26.82,31.01,23.03,82.32,0.86,18.51
2025-10-25,0.04,26.53,30.75,22.92,82.32,0.94,19.04
2025-10-26,0.0,26.56,30.75,22.34,80.56,0.82,18.13
2025-10-27,0.04,26.85,31.46,22.35,81.33,1.0,18.56
2025-10-28,0.25,27.8,31.99,23.24,75.43,0.81,18.39
2025-10-29,5.02,27.84,31.74,23.99,78.46,0.46,16.9
2025-10-30,9.28,27.64,31.67,23.82,81.5,0.63,15.59
2025-10-31,0.27,27.95,31.31,24.44,83.23,0.94,15.53
2025-11-01,1.84,26.8,29.92,24.66,89.27,1.13,11.02
2025-11-02,11.32,26.47,30.07,24.05,91.02,1.38,12.32
2025-11-03,0.72,25.07,29.08,22.41,89.66,1.77,13.57
2025-11-04,6.14,25.15,30.15,20.36,87.29,1.47,13.98
2025-11-05,8.04,25.05,28.38,22.7,90.98,1.49,8.0
2025-11-06,3.38,25.74,29.35,22.85,88.2,0.83,12.39
2025-11-07,0.16,24.82,28.85,21.78,87.69,1.65,17.08
2025-11-08,0.0,23.44,29.21,19.49,87.83,1.91,18.08
2025-11-09,0.0,21.87,27.48,17.17,87.17,1.46,17.76
2025-11-10,0.0,22.03,27.51,17.82,85.99,1.23,17.48
2025-11-11,0.0,21.25,26.58,17.03,86.56,1.43,17.82
2025-11-12,0.0,20.35,26.31,15.29,83.26,1.35,18.28
2025-11-13,0.0,20.17,26.75,14.46,83.44,1.12,18.52
2025-11-14,0.0,20.34,26.14,14.78,78.49,1.03,18.12
2025-11-15,0.0,20.07,26.5,14.28,79.21,1.28,18.41
2025-11-16,0.0,20.66,27.0,14.81,77.97,1.07,18.37
2025-11-17,0.0,21.52,27.5,15.17,81.74,1.07,18.09
2025-11-18,0.0,22.18,27.77,17.26,86.88,1.39,18.13
2025-11-19,0.0,21.69,27.18,17.37,81.72,1.34,17.69
2025-11-20,0.0,20.84,26.77,15.91,80.37,1.28,17.69
2025-11-21,0.0,20.62,26.0,16.74,75.93,1.03,16.82
2025-11-22,0.0,20.2,25.25,15.05,77.14,1.01,16.03
2025-11-23,0.0,19.56,24.97,15.37,79.9,1.24,16.32
2025-11-24,0.0,18.54,24.84,13.22,86.24,1.57,17.28
2025-11-25,0.0,19.16,25.73,13.26,82.36,1.11,17.25
2025-11-26,0.0,19.39,25.61,13.8,80.25,1.12,17.47
2025-11-27,0.0,19.92,26.21,13.51,82.35,1.31,17.38
2025-11-28,0.0,20.13,26.05,15.33,82.77,1.06,17.32
2025-11-29,0.0,20.13,25.68,14.34,71.66,0.7,17.13
2025-11-30,0.0,19.88,25.47,14.15,70.41,0.79,15.96
2025-12-01,0.0,19.39,25.15,14.39,85.11,0.94,15.53
2025-12-02,0.0,19.56,24.11,15.99,84.29,1.1,12.39
2025-12-03,0.0,18.06,24.05,13.85,83.93,1.26,13.95
2025-12-04,0.0,18.01,24.65,12.01,83.65,1.19,16.95
2025-12-05,0.0,18.33,25.07,12.69,83.21,1.16,17.22
2025-12-06,0.0,17.71,24.65,11.5,77.89,1.21,17.19
2025-12-07,0.0,17.36,23.41,11.18,78.2,0.98,16.98
2025-12-08,0.0,17.97,23.33,12.74,73.66,0.77,16.04
2025-12-09,0.0,18.8,24.1,13.49,69.64,0.9,14.43
2025-12-10,0.0,18.69,25.01,13.32,75.08,1.11,16.64
2025-12-11,0.0,18.05,24.5,12.21,78.65,0.93,17.12
2025-12-12,0.0,19.18,25.31,13.11,73.47,0.67,16.83
2025-12-13,0.0,19.26,26.03,12.52,77.67,1.08,16.81
2025-12-14,0.0,19.61,26.03,13.35,76.67,0.98,16.73
2025-12-15,0.11,19.2,25.5,14.31,78.36,0.92,16.39
2025-12-16,0.64,19.26,24.72,14.74,74.31,0.77,15.14
2025-12-17,0.0,18.47,24.36,13.24,77.47,1.03,15.36
2025-12-18,0.0,19.9,26.09,13.66,77.88,0.77,16.53
2025-12-19,0.0,19.55,24.53,14.38,80.2,0.86,15.84
2025-12-20,0.0,19.27,24.35,14.4,78.71,0.78,14.09
2025-12-21,0.0,18.36,24.19,13.38,81.69,0.93,15.08
2025-12-22,0.0,18.21,24.46,13.58,82.26,0.87,14.36
2025-12-23,0.0,17.79,23.26,14.47,82.16,0.99,14.9
2025-12-24,0.0,16.85,23.14,12.69,85.52,1.12,14.82
2025-12-25,0.0,15.59,22.1,10.58,82.83,1.02,9.7
2025-12-26,0.0,15.35,22.37,9.24,82.06,1.05,12.13
2025-12-27,0.0,15.83,21.92,10.8,81.9,0.81,11.31
2025-12-28,0.0,15.72,22.09,11.23,84.08,1.02,9.4
2025-12-29,0.0,14.5,20.99,9.34,86.57,1.21,4.71
2025-12-30,0.14,13.73,20.06,9.62,88.87,1.23,10.41
2025-12-31,0.01,13.66,19.89,8.85,85.93,1.24,9.46
2026-01-01,0.0,15.37,22.06,8.98,82.83,1.01,9.75
2026-01-02,0.0,15.33,21.68,10.26,85.61,1.17,5.8
2026-01-03,0.0,15.48,21.13,10.14,82.02,1.03,12.37
2026-01-04,0.0,14.87,21.2,9.97,82.81,1.3,14.96
2026-01-05,0.0,13.66,20.99,8.33,84.25,1.36,6.07
2026-01-06,0.0,13.26,20.93,7.53,84.26,1.44,14.73
2026-01-07,0.0,14.16,22.12,8.22,81.0,1.32,15.18
2026-01-08,0.0,14.66,22.44,8.38,76.69,1.21,15.59
2026-01-09,0.0,15.98,23.74,10.13,74.61,1.03,15.3
2026-01-10,0.0,16.17,22.79,10.89,79.98,0.94,15.32
2026-01-11,0.0,16.84,24.07,12.03,82.47,1.01,12.53
2026-01-12,0.0,16.79,24.37,10.48,82.79,1.23,16.2
2026-01-13,0.0,17.21,25.02,11.28,81.87,1.18,16.63
2026-01-14,0.0,17.17,24.96,11.28,80.3,1.11,16.2
2026-01-15,0.0,17.37,24.97,11.75,79.3,1.15,15.3
2026-01-16,0.0,17.0,24.83,10.71,79.76,1.23,15.69
2026-01-17,0.0,17.41,25.06,11.2,80.16,1.11,16.66
2026-01-18,0.0,18.37,25.62,12.16,73.96,1.01,17.1
2026-01-19,0.0,18.57,25.8,13.42,72.11,0.94,17.61
2026-01-20,0.0,18.64,25.85,13.01,71.83,1.2,16.77
2026-01-21,0.0,18.23,25.63,12.26,68.5,1.3,16.54
2026-01-22,0.0,17.34,25.01,11.38,69.36,1.28,16.88
2026-01-23,0.0,17.83,25.63,11.6,66.91,1.11,18.28
2026-01-24,0.0,18.04,25.71,11.69,65.66,1.1,18.34
2026-01-25,0.0,17.43,25.0,11.49,71.65,1.07,17.54
2026-01-26,0.0,18.09,25.98,12.72,70.66,1.41,17.21
2026-01-27,0.0,18.45,25.91,12.67,66.76,1.06,17.98
2026-01-28,0.0,18.98,26.84,13.0,62.25,1.06,18.77
2026-01-29,0.0,19.68,26.83,13.24,65.96,0.98,17.69
2026-01-30,0.0,19.01,26.65,13.56,73.19,1.3,16.43
2026-01-31,0.0,18.41,26.74,11.65,68.28,1.27,17.76
2026-02-01,0.0,18.39,26.2,12.33,71.74,1.1,16.89
2026-02-02,0.0,19.58,27.33,13.78,66.17,1.16,16.38
2026-02-03,0.0,20.41,28.98,13.83,58.28,1.05,18.54
2026-02-04,0.0,19.95,27.27,14.71,61.81,1.06,14.33
2026-02-05,0.0,19.52,27.39,13.46,58.71,1.42,18.09
2026-02-06,0.0,17.67,25.88,11.53,56.04,1.49,19.8
2026-02-07,0.0,16.94,25.3,10.13,61.52,1.38,19.55
2026-02-08,0.0,17.77,26.64,10.98,62.93,1.33,19.43
2026-02-09,0.0,18.19,26.77,11.6,57.1,1.31,18.6
2026-02-10,0.0,18.84,27.11,11.85,57.15,1.14,20.01
2026-02-11,0.0,20.15,28.62,15.0,58.81,1.21,19.79
2026-02-12,0.0,19.56,28.62,13.94,57.91,1.47,19.55
2026-02-13,0.0,19.52,28.94,12.23,55.03,1.47,20.06
2026-02-14,0.0,20.35,29.06,14.5,53.91,1.24,19.91
2026-02-15,0.0,20.09,28.77,13.15,52.54,1.37,19.99
2026-02-16,0.0,20.37,29.53,14.29,50.85,1.37,20.35
2026-02-17,0.0,21.94,31.02,14.92,50.25,1.03,21.24
2026-02-18,0.05,23.03,32.26,15.76,44.96,1.0,21.71
2026-02-19,0.0,23.2,31.34,17.58,40.75,0.9,19.67
2026-02-20,0.0,23.68,32.14,17.0,43.09,1.06,19.7
2026-02-21,0.0,23.4,31.82,17.59,48.37,1.09,19.04
2026-02-22,0.0,24.16,31.19,18.19,48.74,1.16,17.02
2026-02-23,0.0,25.38,32.0,18.54,47.5,0.75,16.82
2026-02-24,0.0,24.91,32.38,19.16,49.79,1.18,13.77
2026-02-25,0.16,24.21,31.4,19.46,52.41,1.19,16.94
2026-02-26,0.02,23.22,30.99,17.06,48.23,1.44,16.65
2026-02-27,0.0,23.41,30.86,16.76,41.93,1.11,17.27
2026-02-28,0.0,23.12,31.04,15.68,49.23,1.62,20.07
2026-03-01,0.0,23.73,32.08,16.94,69.28,2.12,22.88
2026-03-02,0.08,24.82,31.76,19.93,69.69,1.6,15.34
2026-03-03,0.43,25.06,32.41,19.3,61.45,1.07,18.66
2026-03-04,0.07,24.62,32.71,17.95,43.07,1.09,18.14
2026-03-05,0.0,25.0,33.39,16.62,43.88,1.14,19.09
2026-03-06,0.0,25.43,34.4,17.5,52.79,1.46,17.86
2026-03-07,0.0,24.9,32.75,17.97,68.43,1.67,17.62
2026-03-08,0.01,24.87,32.51,18.87,68.64,1.57,14.53
2026-03-09,0.15,25.06,32.24,18.59,68.51,1.1,14.72
2026-03-10,0.09,26.77,33.26,20.49,62.83,0.95,16.36
2026-03-11,0.07,26.87,33.46,20.88,64.14,1.3,14.95
2026-03-12,0.73,26.28,33.19,20.8,68.47,1.89,14.44
2026-03-13,12.15,25.32,30.94,21.2,78.86,3.54,10.13
2026-03-14,4.96,25.92,30.97,22.76,77.28,4.07,16.38
2026-03-15,1.38,26.11,32.19,22.02,73.82,3.89,15.57
2026-03-16,4.78,25.33,31.66,21.26,75.91,3.33,14.86
2026-03-17,9.19,24.53,29.16,21.13,80.7,2.69,19.81
2026-03-18,10.25,24.59,30.07,20.46,81.44,1.92,17.39
2026-03-19,6.92,23.94,27.79,21.03,81.55,1.02,20.74
2026-03-20,12.03,23.71,29.32,20.53,80.18,1.54,9.13
2026-03-21,2.53,22.68,27.19,19.06,74.64,0.85,9.09
2026-03-22,7.97,22.32,27.34,17.79,75.42,1.26,19.86
2026-03-23,0.0,23.82,29.39,17.07,61.83,1.13,20.39
2026-03-24,1.44,24.74,30.71,19.15,60.25,1.11,20.5
2026-03-25,2.71,25.76,32.85,19.17,69.55,1.66,19.56
2026-03-26,2.5,26.82,33.13,20.5,63.4,1.06,21.31
2026-03-27,0.77,26.91,34.34,19.59,61.02,1.59,21.66
2026-03-28,3.25,26.03,31.6,21.5,73.78,1.68,12.87
2026-03-29,0.44,26.26,33.21,19.49,68.86,2.24,17.64
2026-03-30,2.14,27.31,33.16,22.07,73.07,2.23,16.56
2026-03-31,19.56,26.0,30.31,22.49,78.24,1.89,12.15
2026-04-01,1.88,26.88,34.29,20.76,71.65,2.07,22.93
2026-04-02,5.64,28.19,35.12,23.09,72.91,2.74,22.47
2026-04-03,1.46,28.89,36.08,23.0,70.96,2.32,19.45
2026-04-04,4.26,28.85,35.28,23.67,71.31,2.15,12.86
2026-04-05,3.0,26.92,32.8,23.67,74.59,2.05,13.5
2026-04-06,0.43,28.08,35.09,20.37,58.6,1.32,22.41
2026-04-07,12.4,25.63,29.48,22.29,75.63,1.18,21.67
2026-04-08,5.55,25.97,32.23,20.75,68.7,1.15,17.64
2026-04-09,17.14,24.84,29.51,20.69,78.83,1.74,5.69
2026-04-10,2.59,25.23,30.56,20.33,71.12,1.63,21.7
2026-04-11,1.21,26.24,32.59,19.18,70.64,1.89,22.13
2026-04-12,0.01,27.62,34.45,21.52,69.31,2.73,22.7
2026-04-13,0.6,28.29,35.57,22.6,71.75,3.15,22.33
2026-04-14,4.56,28.02,34.31,22.97,75.2,2.53,19.18
2026-04-15,3.72,28.49,35.06,23.82,74.39,2.86,21.33
2026-04-16,2.81,28.47,34.96,23.4,73.17,1.97,17.14
2026-04-17,0.88,29.07,35.47,23.53,69.65,1.15,17.64
2026-04-18,1.9,28.9,35.0,23.47,71.73,1.5,19.76
2026-04-19,5.97,28.68,34.71,24.06,76.67,2.62,18.22
2026-04-20,0.8,28.93,34.56,24.99,75.26,3.71,18.17
2026-04-21,0.18,29.12,35.16,25.6,74.87,4.21,17.02
2026-04-22,0.53,29.06,34.85,25.47,75.41,3.48,20.68
2026-04-23,0.78,29.38,36.35,23.72,71.58,2.05,18.99
2026-04-24,0.64,29.99,36.47,24.45,69.49,1.4,19.46
2026-04-25,0.29,28.73,33.7,25.0,74.74,1.69,18.17
2026-04-26,4.49,28.43,34.9,24.01,73.53,2.66,16.84
2026-04-27,56.71,26.83,31.09,24.09,84.16,3.09,9.99
2026-04-28,73.56,26.71,29.42,25.15,90.82,4.46,2.58
2026-04-29,45.51,25.57,27.78,23.25,93.02,2.38,1.82
2026-04-30,9.81,24.71,28.05,22.55,90.25,2.14,14.82
2026-05-01,11.81,24.09,27.03,21.98,91.48,2.52,7.07
2026-05-02,14.48,25.71,29.88,21.5,87.4,2.38,12.65
2026-05-03,37.25,26.12,29.42,23.55,89.81,2.55,10.99
2026-05-04,12.71,26.4,30.24,23.42,86.55,1.74,18.04
2026-05-05,5.64,26.28,31.31,22.26,83.4,0.93,16.8
2026-05-06,11.63,26.55,30.98,22.31,84.92,1.14,21.41
2026-05-07,12.96,27.25,30.98,22.84,78.06,0.83,19.67
2026-05-08,0.09,26.99,31.81,22.21,77.5,1.05,25.0
2026-05-09,0.1,26.87,31.11,21.64,77.23,1.27,22.61
2026-05-10,4.7,26.75,30.67,23.43,78.7,1.14,13.49
2026-05-11,23.26,25.48,29.57,21.74,84.96,1.2,18.24
2026-05-12,0.7,26.26,31.11,21.51,83.01,1.17,22.57
2026-05-13,2.22,26.66,31.1,22.76,85.75,2.22,18.76
2026-05-14,21.62,27.44,31.73,24.03,87.73,2.5,16.81
2026-05-15,7.91,28.04,32.28,24.82,87.85,2.61,21.39
2026-05-16,19.38,27.76,31.24,25.01,88.99,2.63,19.16
2026-05-17,11.56,28.24,32.52,24.46,86.75,2.23,18.79
2026-05-18,18.33,28.34,32.69,25.45,86.69,2.58,14.77
2026-05-19,9.43,28.18,32.19,24.93,87.71,1.87,16.38
2026-05-20,0.84,28.19,32.51,24.58,84.31,1.8,19.25
2026-05-21,4.65,29.0,33.23,25.59,86.99,2.11,15.18
2026-05-22,7.42,28.8,32.54,25.83,89.18,2.13,16.23
2026-05-23,12.2,28.69,32.02,26.62,90.57,3.18,15.05
2026-05-24,24.64,28.52,31.03,26.82,91.97,3.01,12.1
2026-05-25,51.84,28.01,31.05,26.37,92.51,3.18,12.38
2026-05-26,55.16,27.99,31.12,25.22,90.09,2.59,5.94
2026-05-27,12.53,27.8,31.47,24.62,87.12,1.32,9.47
2026-05-28,40.28,27.0,30.11,24.46,88.16,1.31,20.54
2026-05-29,5.81,27.93,31.82,23.8,83.58,0.76,23.1
2026-05-30,6.33,29.01,32.82,25.02,78.84,0.81,23.48
2026-05-31,1.5,29.2,33.03,25.29,80.55,0.97,22.23
2026-06-01,1.23,28.89,32.52,25.86,85.61,1.52,18.36
2026-06-02,13.53,28.77,32.5,25.62,86.42,1.61,22.45
2026-06-03,0.83,28.69,31.66,26.26,87.66,1.84,21.56
2026-06-04,2.21,28.49,31.4,25.89,88.62,1.85,19.86
2026-06-05,4.31,28.21,30.55,25.87,92.38,1.66,8.96
2026-06-06,8.4,28.27,31.24,26.13,90.34,1.45,21.33
2026-06-07,11.99,28.1,30.87,26.18,90.5,1.9,15.55
2026-06-08,8.85,27.56,29.82,26.11,91.91,2.39,15.54
2026-06-09,12.84,27.86,31.07,25.78,91.02,3.15,10.29
2026-06-10,29.54,27.52,30.57,25.52,92.37,2.95,14.58
2026-06-11,3.12,27.79,31.2,25.35,90.78,1.9,18.2
2026-06-12,39.67,27.89,31.41,25.28,87.75,1.59,15.28
2026-06-13,20.22,27.39,30.02,25.4,90.35,2.14,15.19
2026-06-14,21.49,27.95,31.07,25.32,90.02,2.69,11.96
2026-06-15,16.58,27.77,31.19,25.07,89.06,2.4,16.77
2026-06-16,18.05,27.97,31.56,24.87,88.59,2.16,14.48
2026-06-17,15.1,28.02,31.52,25.64,88.68,2.65,13.52
2026-06-18,13.93,28.15,31.29,25.64,90.08,2.46,15.18
2026-06-19,18.7,27.55,29.86,25.52,91.14,1.88,12.12
2026-06-20,5.49,27.72,30.37,25.53,90.62,2.23,16.31
2026-06-21,40.9,27.4,29.26,25.98,93.31,3.31,16.14
2026-06-22,23.14,27.36,29.86,25.43,92.11,2.29,12.97
2026-06-23,2.44,27.7,31.21,25.02,89.21,2.27,17.67
2026-06-24,6.59,27.6,31.14,25.5,89.71,1.97,11.28
2026-06-25,10.96,27.69,31.57,24.77,88.6,2.03,9.16
2026-06-26,8.58,28.0,31.79,24.76,88.42,2.04,14.71
2026-06-27,5.46,28.34,32.31,25.0,88.64,2.36,20.15
2026-06-28,7.71,28.56,31.56,26.21,89.33,2.77,18.53
2026-06-29,5.63,28.43,30.92,26.37,91.29,2.58,11.76
2026-06-30,10.32,28.79,32.33,26.1,87.54,1.39,17.64
2026-07-01,7.56,28.02,31.48,25.55,89.19,2.12,20.8
2026-07-02,10.85,28.51,32.01,25.71,89.25,2.2,20.59
2026-07-03,3.33,28.02,30.36,26.26,92.68,1.85,19.96
2026-07-04,29.8,27.76,29.9,26.18,93.61,1.79,23.08
2026-07-05,19.67,27.46,28.99,26.26,94.04,3.79,8.59
2026-07-06,22.45,27.53,29.6,26.14,94.2,3.96,10.86
2026-07-07,58.62,27.9,30.63,26.37,93.37,3.69,7.41
2026-07-08,49.68,28.11,30.67,26.04,92.59,3.34,4.2
2026-07-09,33.83,28.27,31.15,26.32,91.23,3.23,7.13
2026-07-10,51.4,27.92,30.04,25.93,93.21,3.8,8.58
2026-07-11,29.95,28.15,30.89,25.98,92.31,3.56,4.8
2026-07-12,33.43,27.97,29.85,26.77,94.25,2.65,7.2
2026-07-13,44.6,27.13,28.62,25.74,93.5,2.46,11.88
2026-07-14,5.44,28.78,33.11,25.27,86.65,1.27,22.11
2026-07-15,12.78,27.96,31.42,25.56,90.54,2.48,15.88
2026-07-16,28.49,27.29,30.7,25.41,92.51,3.31,16.5
2026-07-17,23.5,27.06,28.82,25.42,93.9,3.99,8.97
2026-07-18,14.82,27.85,30.91,25.78,91.34,3.96,15.88
2026-07-19,17.84,27.6,30.01,26.09,92.87,3.38,6.43
2026-07-20,19.67,27.23,29.71,25.47,92.44,2.53,12.06
2026-07-21,18.02,26.6,29.76,24.12,93.35,2.44,18.36
2026-07-22,24.65,27.03,28.77,25.53,94.64,2.93,20.19
2026-07-23,15.24,27.05,29.84,25.04,91.51,2.8,14.84
2026-07-24,6.65,27.34,31.13,24.7,90.4,2.46,16.33
2026-07-25,3.89,27.54,31.13,24.95,90.12,2.14,22.92
2026-07-26,5.39,27.77,31.92,24.65,89.28,2.4,22.53
2026-07-27,5.94,27.56,31.1,24.46,90.66,3.05,18.0
2026-07-28,4.4,27.51,30.98,25.29,90.29,3.21,17.96
2026-07-29,22.6,26.97,30.3,24.36,92.33,3.15,19.63
2026-07-30,19.6,27.59,30.66,25.59,91.42,2.78,17.17
2026-07-31,13.48,27.44,30.32,25.24,91.93,2.19,19.77
2026-08-01,7.18,27.52,30.46,25.53,92.23,2.38,18.15
2026-08-02,20.02,28.05,31.21,25.56,91.18,2.38,11.4
2026-08-03,16.89,28.48,32.34,25.64,90.09,2.26,19.46
2026-08-04,16.66,28.07,30.97,26.33,91.43,2.37,8.76
2026-08-05,19.03,27.49,30.41,25.68,92.29,1.86,9.47
2026-08-06,31.31,26.89,29.76,25.05,91.98,2.37,5.68
2026-08-07,12.48,26.75,29.93,24.53,91.59,2.45,18.06
2026-08-08,11.66,27.36,30.25,25.49,91.26,2.27,19.65
2026-08-09,7.63,27.95,31.89,25.04,88.12,1.66,15.05
2026-08-10,15.51,28.17,32.19,24.74,87.68,1.42,22.06
2026-08-11,18.1,28.39,32.25,24.99,85.17,1.26,22.55
2026-08-12,9.9,28.35,32.32,25.85,90.21,2.5,21.54
2026-08-13,10.17,27.74,31.1,25.77,91.88,3.46,13.75
2026-08-14,2.49,27.69,31.82,24.96,90.08,2.84,20.79
2026-08-15,1.54,27.94,31.91,25.51,89.95,3.06,22.36
2026-08-16,7.87,27.44,30.49,25.07,92.09,3.61,12.3
2026-08-17,33.51,27.51,29.71,25.54,92.66,4.66,7.86
2026-08-18,18.58,27.7,30.65,25.71,91.96,3.44,13.17
2026-08-19,6.85,27.98,31.32,25.46,90.6,2.4,17.81
2026-08-20,6.51,27.87,31.13,25.75,91.0,1.62,19.69
2026-08-21,6.94,28.86,32.16,25.63,85.73,0.81,19.69
2026-08-22,18.28,28.67,32.51,26.58,90.97,1.91,21.94
2026-08-23,28.61,28.05,31.68,25.6,90.3,3.05,19.75
2026-08-24,17.29,27.72,31.09,25.15,90.83,3.51,14.21
2026-08-25,8.45,27.83,30.83,25.83,92.63,2.8,14.05
2026-08-26,2.09,28.32,31.88,26.0,90.0,2.2,20.54
2026-08-27,5.77,28.66,32.41,25.5,89.04,1.76,19.38
2026-08-28,21.36,27.96,30.39,26.47,93.6,1.49,18.0
2026-08-29,4.34,28.45,32.12,25.88,88.55,1.59,20.93
2026-08-30,9.23,28.35,31.8,25.87,90.71,2.86,15.33
2026-08-31,4.53,27.82,30.85,25.58,90.66,2.56,17.16
