date,rainfall_mm,temp_mean_c,temp_max_c,temp_min_c,rh_pct,wind_speed_ms,solar_rad_mj_m2
2001-01-01,0.0,17.57,23.54,11.22,71.86,1.13,13.8
2001-01-02,0.02,17.99,23.8,14.02,77.26,1.28,15.06
2001-01-03,0.0,17.81,23.49,13.89,79.55,1.32,15.04
2001-01-04,0.01,16.84,22.05,12.97,69.03,1.26,13.35
2001-01-05,0.03,15.17,20.59,10.64,66.43,1.19,13.19
2001-01-06,0.0,14.39,21.05,9.58,70.82,1.38,14.81
2001-01-07,0.0,14.21,20.06,8.61,70.39,1.22,14.33
2001-01-08,0.0,14.89,20.75,9.26,65.71,1.34,15.96
2001-01-09,0.0,15.24,20.91,10.31,62.86,1.25,14.49
2001-01-10,0.0,14.81,20.93,10.62,63.75,1.35,13.95
2001-01-11,0.0,13.98,19.19,8.75,59.52,1.16,15.08
2001-01-12,0.0,13.93,20.65,7.61,65.02,1.29,15.3
2001-01-13,0.0,14.56,21.09,8.99,67.61,1.38,15.52
2001-01-14,0.0,14.79,21.69,9.58,67.05,1.29,15.93
2001-01-15,0.0,16.22,23.76,10.44,66.18,1.29,16.59
2001-01-16,0.0,15.89,23.02,10.59,69.06,1.3,16.73
2001-01-17,0.0,16.97,24.2,10.83,66.47,1.36,17.43
2001-01-18,0.0,16.3,22.98,11.04,69.01,1.42,17.61
2001-01-19,0.0,17.05,24.29,11.03,66.4,1.3,17.6
2001-01-20,0.0,17.14,24.19,11.75,68.59,1.34,17.64
2001-01-21,0.0,16.92,23.58,10.95,64.54,1.4,17.68
2001-01-22,0.0,16.29,22.15,10.25,61.18,1.22,17.14
2001-01-23,0.54,17.2,23.13,10.49,60.32,1.1,8.16
2001-01-24,0.0,15.78,22.11,10.22,63.94,1.54,13.87
2001-01-25,0.0,15.55,20.4,11.98,45.45,1.22,16.03
2001-01-26,0.0,13.34,19.86,7.52,58.32,1.35,16.38
2001-01-27,0.0,13.48,19.41,8.19,63.28,1.32,16.12
2001-01-28,0.0,14.93,21.83,9.37,63.5,1.32,16.42
2001-01-29,0.0,15.99,22.93,10.94,67.58,1.35,16.95
2001-01-30,0.0,16.93,23.09,11.81,65.23,1.27,16.46
2001-01-31,0.0,16.41,22.46,12.27,67.67,1.09,15.27
2001-02-01,0.0,17.22,23.34,11.73,65.32,1.25,14.13
2001-02-02,0.0,17.56,24.2,12.04,67.78,1.26,13.89
2001-02-03,0.0,17.12,24.08,10.95,59.47,1.34,15.21
2001-02-04,0.0,17.53,25.29,9.9,47.12,1.52,17.61
2001-02-05,0.0,18.37,25.1,10.39,42.21,1.3,14.05
2001-02-06,0.0,18.99,26.37,11.93,50.74,1.38,13.87
2001-02-07,0.0,17.88,24.54,11.9,56.0,1.4,18.17
2001-02-08,0.0,16.96,22.99,11.46,54.47,1.34,18.06
2001-02-09,0.0,17.66,24.54,13.24,52.36,1.26,17.3
2001-02-10,0.0,17.13,23.51,11.53,59.49,1.27,16.73
2001-02-11,0.0,16.95,23.53,10.45,61.86,1.3,18.31
2001-02-12,0.0,17.85,24.31,12.22,63.21,1.4,18.83
2001-02-13,0.0,18.64,25.99,12.15,61.14,1.42,19.3
2001-02-14,0.0,19.52,27.97,12.79,59.36,1.36,19.1
2001-02-15,0.0,20.56,28.67,13.65,56.53,1.41,17.43
2001-02-16,0.0,21.11,28.36,14.18,55.22,1.33,18.48
2001-02-17,0.0,22.12,29.3,15.74,54.32,1.38,18.39
2001-02-18,0.0,21.76,28.89,14.96,56.14,1.54,18.71
2001-02-19,0.69,21.78,28.35,16.36,62.44,1.38,15.8
2001-02-20,0.0,20.8,27.36,14.72,58.56,1.41,18.88
2001-02-21,0.08,20.12,27.36,14.11,58.52,1.42,15.58
2001-02-22,0.37,19.95,27.06,13.26,53.04,1.27,16.61
2001-02-23,0.0,20.06,27.04,13.93,55.39,1.51,17.82
2001-02-24,3.72,20.09,26.93,14.5,61.11,1.6,15.46
2001-02-25,15.01,21.36,26.58,14.77,68.09,1.27,14.4
2001-02-26,71.49,21.96,25.77,19.02,88.92,1.77,9.34
2001-02-27,2.0,22.55,27.25,18.41,80.64,1.11,14.61
2001-02-28,0.0,21.91,28.34,15.97,67.46,1.29,18.45
2001-03-01,0.02,22.46,28.94,15.91,62.27,1.53,15.11
2001-03-02,0.0,22.58,28.4,16.8,62.74,1.49,19.52
2001-03-03,0.0,22.0,29.3,14.97,48.48,1.36,20.89
2001-03-04,0.0,21.79,28.49,13.37,40.94,1.44,22.17
2001-03-05,0.08,19.97,26.82,12.87,55.41,1.66,14.73
2001-03-06,0.0,20.13,25.84,14.42,61.13,1.38,21.72
2001-03-07,0.0,20.77,27.75,14.62,59.58,1.76,21.75
2001-03-08,0.0,21.24,28.27,15.03,58.65,1.56,20.43
2001-03-09,0.0,22.29,29.98,14.91,50.77,1.56,19.46
2001-03-10,0.0,22.27,29.48,15.05,45.71,1.48,21.68
2001-03-11,0.0,21.62,30.68,13.92,48.73,1.53,21.96
2001-03-12,0.0,22.67,30.73,15.21,48.01,1.31,22.79
2001-03-13,0.0,22.75,30.17,15.33,47.94,1.25,22.92
2001-03-14,0.0,22.96,30.69,15.76,50.81,1.61,21.53
2001-03-15,0.05,24.54,31.06,16.94,48.16,1.43,21.08
2001-03-16,0.0,23.28,30.93,16.82,54.25,1.73,20.77
2001-03-17,0.0,24.25,31.7,16.43,43.49,1.52,22.64
2001-03-18,0.58,23.65,31.49,16.79,50.37,1.53,22.04
2001-03-19,0.04,24.05,31.88,15.52,39.17,1.37,23.3
2001-03-20,0.0,25.33,32.95,17.03,40.91,1.44,22.75
2001-03-21,0.0,25.68,33.02,17.9,43.09,1.54,22.56
2001-03-22,0.0,25.87,33.26,18.48,48.8,1.45,21.47
2001-03-23,1.18,24.13,29.71,20.11,65.87,1.61,17.22
2001-03-24,11.02,25.55,31.25,19.86,60.67,1.86,19.2
2001-03-25,0.13,24.61,32.16,17.67,39.65,1.32,21.47
2001-03-26,0.08,24.43,32.25,16.8,46.74,1.46,20.41
2001-03-27,0.18,25.86,32.52,17.24,43.21,1.3,20.85
2001-03-28,4.22,25.41,31.47,18.51,57.8,1.33,18.18
2001-03-29,5.14,26.49,31.58,20.76,64.42,1.51,19.67
2001-03-30,8.29,25.41,28.16,21.73,75.09,1.19,15.05
2001-03-31,2.17,23.99,28.25,21.69,82.84,1.07,19.75
2001-04-01,11.12,25.04,29.24,21.53,74.62,1.07,21.5
2001-04-02,1.26,25.14,31.05,19.67,72.39,1.6,22.68
2001-04-03,0.01,26.56,32.64,19.31,61.47,1.36,23.23
2001-04-04,0.0,28.16,33.81,19.89,43.48,1.28,23.0
2001-04-05,0.1,27.65,34.06,21.08,43.5,1.31,23.71
2001-04-06,0.0,28.47,36.16,20.05,38.93,1.48,23.91
2001-04-07,0.0,30.06,37.2,21.88,34.69,1.74,24.33
2001-04-08,1.33,29.99,35.84,25.3,48.27,1.51,21.15
2001-04-09,0.32,28.08,33.21,24.54,65.92,1.31,15.21
2001-04-10,3.4,28.71,35.33,22.59,63.69,1.48,20.38
2001-04-11,4.53,28.53,33.98,22.88,63.21,1.16,20.78
2001-04-12,5.92,28.94,33.61,24.05,60.17,0.8,20.34
2001-04-13,15.52,26.47,30.12,23.05,74.33,1.05,14.04
2001-04-14,0.94,26.21,31.3,21.84,70.61,1.23,12.82
2001-04-15,5.41,27.23,32.47,22.05,64.0,1.43,23.43
2001-04-16,2.7,27.0,31.88,21.86,66.78,1.42,23.32
2001-04-17,3.76,27.84,33.03,21.6,62.98,1.2,20.84
2001-04-18,1.19,27.84,33.42,22.99,58.4,1.31,19.64
2001-04-19,4.53,27.96,33.22,21.71,53.61,1.74,22.96
2001-04-20,2.49,28.65,33.94,24.01,54.79,1.34,21.89
2001-04-21,0.0,27.94,34.89,20.89,47.91,1.64,24.84
2001-04-22,0.18,29.13,35.41,23.02,36.88,1.53,25.83
2001-04-23,0.0,28.99,36.3,20.85,38.59,1.37,26.59
2001-04-24,0.0,30.0,37.59,21.79,37.62,1.44,25.76
2001-04-25,0.01,30.44,37.4,22.59,41.8,1.5,25.2
2001-04-26,2.33,30.49,38.02,24.83,52.95,1.83,23.21
2001-04-27,15.83,29.21,34.42,24.32,64.86,1.56,17.99
2001-04-28,47.26,27.69,32.23,24.4,80.26,1.88,18.16
2001-04-29,43.42,27.47,30.83,23.52,80.01,1.09,13.4
2001-04-30,23.47,27.14,30.42,24.35,83.82,0.98,15.91
2001-05-01,0.01,27.7,31.75,23.39,73.11,0.89,23.9
2001-05-02,2.05,27.94,32.58,22.53,70.88,1.22,13.24
2001-05-03,10.31,27.98,32.0,23.21,73.96,0.99,17.99
2001-05-04,20.75,26.67,29.75,23.92,81.87,1.11,13.11
2001-05-05,18.02,25.65,27.9,23.11,87.51,0.76,9.29
2001-05-06,3.47,25.09,27.33,23.11,82.75,1.28,9.47
2001-05-07,38.0,26.27,30.67,21.83,81.15,1.64,11.98
2001-05-08,44.18,26.79,30.98,22.92,85.63,1.44,8.75
2001-05-09,47.89,26.42,30.37,23.91,90.31,2.93,9.4
2001-05-10,29.12,27.19,31.02,24.36,91.84,2.82,2.62
2001-05-11,3.36,26.24,28.58,23.78,89.13,1.29,13.78
2001-05-12,0.69,26.43,31.41,22.62,80.24,2.37,24.52
2001-05-13,0.01,27.97,33.73,22.07,72.93,1.04,27.55
2001-05-14,0.99,28.95,33.69,24.5,73.83,1.14,25.12
2001-05-15,0.1,29.38,34.25,24.6,75.26,1.23,26.01
2001-05-16,3.81,29.7,33.04,26.39,73.38,1.18,19.66
2001-05-17,7.71,28.66,32.37,25.02,77.39,1.3,22.72
2001-05-18,54.85,27.87,31.21,24.84,82.58,1.12,25.02
2001-05-19,15.77,28.03,31.41,24.64,80.41,1.02,20.23
2001-05-20,35.92,28.22,31.42,24.16,80.5,1.21,21.17
2001-05-21,18.84,28.12,31.12,25.34,82.63,0.91,19.67
2001-05-22,17.28,27.49,30.53,24.11,86.8,1.19,12.9
2001-05-23,14.24,28.19,32.36,24.88,85.36,1.58,9.74
2001-05-24,5.11,27.94,31.85,24.44,86.61,1.35,14.39
2001-05-25,2.68,28.67,32.56,24.87,82.18,0.92,21.51
2001-05-26,2.97,28.45,31.72,25.27,81.33,0.93,17.8
2001-05-27,0.0,29.02,33.21,25.59,74.17,1.0,24.59
2001-05-28,6.74,28.1,30.72,25.13,80.13,1.06,24.06
2001-05-29,5.97,28.12,31.51,25.01,84.34,1.73,10.41
2001-05-30,13.73,27.7,31.31,24.58,86.69,1.35,17.69
2001-05-31,68.54,27.67,30.9,24.8,86.51,1.73,14.4
2001-06-01,13.68,27.95,31.68,24.31,86.13,1.97,12.25
2001-06-02,9.44,27.85,31.35,24.84,88.01,2.53,17.18
2001-06-03,34.02,27.36,30.97,24.15,89.64,2.28,13.91
2001-06-04,64.29,25.97,28.88,23.77,92.35,2.57,6.06
2001-06-05,116.12,26.01,27.44,24.75,94.12,3.73,2.11
2001-06-06,51.17,26.68,29.06,24.44,92.02,2.44,3.11
2001-06-07,7.47,26.74,29.61,24.13,90.4,2.06,14.99
2001-06-08,6.87,26.91,29.87,24.21,92.04,1.94,20.23
2001-06-09,19.81,26.97,29.32,24.73,90.12,1.8,20.56
2001-06-10,4.93,27.86,30.87,25.29,85.63,0.82,24.02
2001-06-11,5.02,28.13,31.25,26.08,85.47,1.02,13.77
2001-06-12,0.37,28.17,30.85,25.82,87.16,1.3,26.76
2001-06-13,9.73,27.68,30.12,25.84,88.36,1.16,22.27
2001-06-14,9.03,26.6,28.71,24.81,91.05,1.51,8.15
2001-06-15,22.97,26.15,28.99,24.4,92.31,2.12,12.93
2001-06-16,8.89,27.99,31.94,24.4,83.65,2.23,18.3
2001-06-17,26.96,27.19,30.93,24.69,91.13,2.88,16.44
2001-06-18,28.49,26.8,30.33,24.26,91.26,2.52,13.53
2001-06-19,19.18,27.3,30.64,24.84,89.72,3.95,13.72
2001-06-20,27.88,27.78,31.69,24.34,89.74,3.06,17.26
2001-06-21,10.84,27.39,31.28,24.86,90.75,2.12,22.14
2001-06-22,11.77,28.75,32.11,25.47,85.41,1.31,24.35
2001-06-23,22.31,28.67,31.72,25.6,84.48,1.09,20.78
2001-06-24,26.95,28.74,32.2,26.03,88.12,1.24,20.02
2001-06-25,2.94,27.82,30.33,25.78,89.82,1.1,17.05
2001-06-26,2.99,27.49,29.99,25.55,90.94,1.03,18.46
2001-06-27,3.35,27.4,30.56,25.31,90.46,1.82,16.85
2001-06-28,1.08,28.64,32.38,25.07,81.17,0.89,23.93
2001-06-29,8.84,27.56,29.04,26.1,90.47,1.14,21.51
2001-06-30,49.56,27.12,29.45,24.99,91.93,1.74,14.33
2001-07-01,45.83,27.14,30.33,24.85,91.65,2.08,9.38
2001-07-02,2.77,27.27,30.94,24.05,89.08,1.97,17.72
2001-07-03,3.33,28.38,32.44,24.39,86.02,1.22,25.61
2001-07-04,0.81,29.56,32.85,26.96,82.62,0.79,24.48
2001-07-05,4.22,29.65,33.87,26.83,82.38,1.04,22.33
2001-07-06,7.99,28.59,31.25,26.56,85.62,0.81,19.36
2001-07-07,10.1,29.61,32.82,26.14,82.96,1.26,24.81
2001-07-08,2.71,29.87,33.42,26.55,84.47,1.17,26.07
2001-07-09,5.54,29.6,32.66,27.27,84.87,1.35,18.58
2001-07-10,10.57,28.21,30.96,26.22,86.02,1.16,17.29
2001-07-11,13.48,27.7,31.14,24.7,89.07,1.74,18.4
2001-07-12,15.4,28.25,31.79,25.4,88.43,2.02,16.63
2001-07-13,20.54,27.39,30.77,24.55,89.87,2.45,17.48
2001-07-14,5.2,27.51,31.1,24.3,90.53,2.06,15.99
2001-07-15,8.91,27.95,31.3,24.73,87.15,1.27,19.49
2001-07-16,21.43,27.5,28.61,26.07,91.22,1.27,21.73
2001-07-17,17.4,28.72,32.42,25.24,85.84,1.28,23.38
2001-07-18,18.25,28.65,32.46,25.71,87.52,1.81,21.19
2001-07-19,4.92,27.54,30.43,25.32,89.96,1.73,15.37
2001-07-20,11.22,27.51,30.48,25.11,90.35,2.1,18.06
2001-07-21,6.27,27.77,31.22,24.54,88.28,1.61,15.61
2001-07-22,1.11,27.87,30.08,25.65,88.43,0.94,21.45
2001-07-23,16.98,28.41,32.4,25.69,86.7,1.07,20.71
2001-07-24,11.78,27.82,30.8,25.61,90.7,1.84,19.95
2001-07-25,5.62,27.42,30.36,24.84,90.62,2.06,17.94
2001-07-26,16.8,27.75,31.63,24.6,88.95,1.82,18.56
2001-07-27,10.29,27.97,31.44,25.18,89.96,3.3,16.81
2001-07-28,21.36,27.72,30.88,25.2,90.51,3.47,14.24
2001-07-29,66.0,27.44,30.71,25.32,91.18,3.4,3.3
2001-07-30,61.88,27.38,30.7,24.53,91.72,3.24,5.43
2001-07-31,67.92,27.74,30.84,24.8,91.87,3.47,5.07
2001-08-01,25.05,27.05,28.58,25.97,94.89,3.02,11.21
2001-08-02,4.32,28.36,31.52,25.15,86.89,1.43,17.28
2001-08-03,0.42,30.85,35.71,26.46,79.31,1.28,23.6
2001-08-04,5.75,28.94,32.65,26.17,86.05,1.06,23.17
2001-08-05,27.05,28.36,30.93,25.72,85.84,0.83,14.15
2001-08-06,10.0,28.17,31.36,25.74,84.7,0.88,9.93
2001-08-07,0.71,29.18,32.82,26.24,80.05,1.19,23.93
2001-08-08,7.13,29.22,33.68,26.08,84.02,1.1,21.03
2001-08-09,16.53,28.99,32.53,25.37,85.33,1.12,22.07
2001-08-10,24.7,28.48,31.89,25.88,88.08,1.55,22.7
2001-08-11,16.02,28.11,31.33,25.3,89.13,1.53,20.12
2001-08-12,4.49,28.0,31.13,25.69,89.39,1.6,17.89
2001-08-13,6.54,29.8,33.58,25.68,84.24,1.08,22.02
2001-08-14,17.11,27.97,31.19,25.3,87.02,1.53,13.67
2001-08-15,5.21,28.28,31.76,25.16,88.21,1.47,15.79
2001-08-16,6.15,28.55,32.06,25.23,86.18,1.04,19.91
2001-08-17,6.62,29.22,32.72,26.24,85.65,1.26,15.83
2001-08-18,16.97,28.49,30.54,26.69,87.41,1.07,21.2
2001-08-19,11.72,29.18,32.3,27.49,83.34,0.97,20.16
2001-08-20,40.87,29.34,32.59,26.72,87.04,1.03,23.46
2001-08-21,15.53,27.37,28.59,26.05,94.73,1.89,12.91
2001-08-22,2.95,27.73,30.74,24.94,88.6,1.47,19.63
2001-08-23,2.31,28.03,31.86,24.48,88.04,1.45,20.89
2001-08-24,6.12,28.06,31.91,24.87,88.57,1.77,13.37
2001-08-25,7.6,28.02,31.59,24.61,90.14,1.99,18.88
2001-08-26,6.9,28.25,31.3,25.11,89.21,1.56,12.99
2001-08-27,6.73,27.88,29.68,26.36,91.04,1.72,6.35
2001-08-28,3.91,27.57,29.64,25.59,87.53,1.72,20.81
2001-08-29,6.92,28.93,31.77,25.81,81.74,0.99,19.78
2001-08-30,13.29,28.54,31.07,25.61,85.75,0.84,15.92
2001-08-31,10.82,28.36,30.4,26.36,85.56,1.04,15.64
2001-09-01,8.52,26.52,27.68,25.26,94.44,1.55,15.21
2001-09-02,5.58,27.24,30.61,24.21,89.98,2.0,19.85
2001-09-03,3.53,27.27,30.7,24.73,89.19,1.77,13.17
2001-09-04,11.03,27.89,31.6,24.41,84.54,0.98,20.88
2001-09-05,10.48,28.38,31.9,25.25,84.77,0.95,21.29
2001-09-06,6.51,27.85,31.43,24.94,87.78,1.25,19.65
2001-09-07,11.49,27.71,30.69,24.68,87.15,1.4,17.84
2001-09-08,5.22,27.47,30.61,25.3,90.23,2.29,19.17
2001-09-09,6.19,27.84,31.69,24.64,89.58,1.78,17.97
2001-09-10,3.46,27.56,30.73,25.1,89.01,0.92,16.19
2001-09-11,12.94,26.76,28.38,24.82,88.1,0.98,20.47
2001-09-12,6.31,26.44,28.69,24.23,88.11,1.11,15.52
2001-09-13,27.83,26.96,30.09,24.7,88.7,1.08,18.52
2001-09-14,9.15,26.53,29.16,24.1,89.91,1.23,16.35
2001-09-15,0.0,27.98,31.95,24.15,85.0,1.05,19.9
2001-09-16,14.94,28.17,31.21,25.88,84.78,1.06,20.63
2001-09-17,26.13,28.8,34.07,24.81,75.72,0.59,17.28
2001-09-18,32.99,26.87,30.07,23.91,87.36,1.23,10.25
2001-09-19,25.79,25.77,27.69,24.55,94.56,1.77,4.8
2001-09-20,4.99,26.53,29.96,23.6,90.38,1.63,11.61
2001-09-21,0.37,27.03,31.19,23.53,83.37,1.16,21.75
2001-09-22,0.94,28.15,32.59,24.15,78.65,0.97,20.14
2001-09-23,2.64,28.0,31.1,25.06,82.87,1.21,12.85
2001-09-24,1.86,27.89,31.13,25.69,80.85,0.63,18.03
2001-09-25,19.75,27.92,31.68,24.95,82.71,1.12,19.24
2001-09-26,2.69,27.81,30.76,24.89,84.79,1.01,20.33
2001-09-27,0.36,28.25,31.47,25.51,83.63,1.13,15.86
2001-09-28,0.02,27.7,30.04,25.11,83.96,0.97,20.86
2001-09-29,5.1,27.77,31.19,24.57,82.36,1.01,21.6
2001-09-30,11.69,27.41,30.35,25.17,86.83,0.96,15.87
2001-10-01,3.22,26.84,29.36,24.85,85.96,0.81,17.03
2001-10-02,29.24,26.02,28.32,23.24,85.43,0.67,12.82
2001-10-03,18.79,25.41,27.53,23.38,90.22,1.01,8.12
2001-10-04,37.0,25.76,29.06,23.24,89.07,1.2,14.8
2001-10-05,29.95,25.16,27.13,23.24,94.45,1.45,15.43
2001-10-06,15.67,26.05,29.24,23.93,92.81,1.38,12.38
2001-10-07,10.17,26.44,29.02,24.34,90.36,1.01,15.39
2001-10-08,3.96,27.09,29.95,25.29,88.82,0.96,11.43
2001-10-09,10.61,27.64,31.25,25.14,84.5,0.98,16.12
2001-10-10,16.53,26.51,28.66,24.34,86.56,0.8,8.31
2001-10-11,0.44,26.21,28.95,23.64,85.84,0.82,16.77
2001-10-12,0.35,25.53,28.06,23.25,89.87,1.03,18.27
2001-10-13,1.34,27.22,30.42,24.79,78.34,0.88,14.74
2001-10-14,14.79,26.27,29.07,23.96,82.79,1.05,9.38
2001-10-15,1.7,27.1,30.91,24.26,81.06,1.14,19.53
2001-10-16,7.19,26.86,31.01,23.21,82.36,1.11,17.2
2001-10-17,6.33,26.14,30.01,23.29,85.2,1.21,16.42
2001-10-18,29.08,24.32,26.7,22.32,90.56,1.37,7.04
2001-10-19,0.17,24.3,28.25,21.98,86.22,2.19,17.98
2001-10-20,0.0,25.38,30.31,21.0,80.18,1.18,19.4
2001-10-21,0.0,26.11,31.43,21.4,76.03,1.39,19.35
2001-10-22,0.0,26.52,34.17,20.93,71.77,1.92,19.99
2001-10-23,0.0,26.49,33.95,20.93,69.7,1.96,20.22
2001-10-24,0.0,27.13,33.61,21.71,68.99,1.32,19.77
2001-10-25,0.0,26.58,33.08,21.16,69.27,1.25,19.68
2001-10-26,0.13,25.75,31.57,20.56,73.98,1.84,19.54
2001-10-27,0.06,26.45,31.4,21.87,75.5,1.75,12.24
2001-10-28,0.29,26.21,30.34,22.33,75.88,1.07,15.86
2001-10-29,3.87,25.72,29.36,22.02,80.8,1.15,17.1
2001-10-30,7.23,24.93,27.5,22.48,83.79,1.1,9.36
2001-10-31,10.66,24.14,27.59,21.62,87.56,1.47,6.03
2001-11-01,0.81,25.04,29.33,22.15,85.65,1.52,14.18
2001-11-02,0.01,24.13,28.64,20.05,78.17,0.97,18.36
2001-11-03,0.06,23.1,28.34,18.81,78.16,1.14,18.1
2001-11-04,1.04,23.23,27.64,19.12,77.87,0.98,17.12
2001-11-05,0.18,23.43,28.46,18.9,78.58,1.2,18.14
2001-11-06,0.27,24.16,30.66,18.64,75.71,1.94,18.09
2001-11-07,3.71,24.37,28.68,20.55,79.12,0.95,6.2
2001-11-08,0.15,23.34,26.71,20.35,83.69,1.18,10.49
2001-11-09,0.0,22.74,27.68,18.54,79.59,1.06,15.6
2001-11-10,5.52,23.52,29.77,18.59,76.46,1.36,13.12
2001-11-11,5.66,22.94,28.08,19.93,79.66,1.54,5.51
2001-11-12,5.14,21.15,24.19,18.97,87.72,2.22,4.88
2001-11-13,0.0,23.36,28.75,19.03,81.96,1.37,16.89
2001-11-14,0.0,24.03,29.36,19.59,80.01,1.06,17.61
2001-11-15,0.0,23.8,28.94,19.45,79.56,1.32,16.5
2001-11-16,0.0,23.25,27.79,19.9,79.52,1.09,16.94
2001-11-17,0.44,22.39,27.01,18.96,79.87,1.21,17.13
2001-11-18,0.01,22.4,27.99,18.04,74.26,1.1,16.79
2001-11-19,0.39,22.9,29.17,17.59,71.96,1.25,14.48
2001-11-20,0.0,22.43,27.85,18.3,71.53,1.95,16.85
2001-11-21,3.22,20.97,25.71,16.76,76.63,1.61,16.23
2001-11-22,0.9,20.82,26.29,16.04,78.52,1.23,15.11
2001-11-23,0.01,20.51,25.55,16.65,77.29,1.11,12.8
2001-11-24,0.0,20.88,26.36,16.31,77.95,1.23,14.46
2001-11-25,0.0,21.33,27.3,16.67,75.58,1.35,16.38
2001-11-26,0.0,21.26,27.85,16.13,71.6,1.36,16.77
2001-11-27,0.0,20.46,26.81,16.2,71.06,1.23,16.57
2001-11-28,0.0,19.07,25.02,13.73,70.34,1.23,15.88
2001-11-29,0.0,18.94,25.86,13.78,70.29,1.29,15.87
2001-11-30,0.0,18.42,24.74,13.12,70.59,1.15,15.71
2001-12-01,0.0,17.21,23.82,12.81,75.67,1.19,15.22
2001-12-02,0.0,16.76,22.18,12.06,73.32,1.1,14.88
2001-12-03,0.0,17.15,23.8,12.14,75.64,1.24,14.96
2001-12-04,0.0,17.41,23.11,12.61,77.21,1.18,15.57
2001-12-05,0.0,17.4,23.12,12.68,77.83,1.14,15.49
2001-12-06,0.0,18.16,24.95,13.33,75.42,1.34,15.3
2001-12-07,0.0,17.47,23.46,12.85,74.28,1.27,14.76
2001-12-08,0.31,16.96,22.12,12.48,74.58,1.09,13.13
2001-12-09,0.0,16.76,22.31,12.27,78.6,1.27,12.9
2001-12-10,0.0,17.77,25.14,12.7,71.87,1.46,14.75
2001-12-11,0.0,17.27,23.95,12.52,74.29,1.43,15.32
2001-12-12,0.0,17.19,23.62,12.12,73.67,1.28,15.58
2001-12-13,0.0,18.15,25.87,12.0,62.12,1.53,15.68
2001-12-14,0.0,18.27,25.86,11.91,62.48,1.5,14.99
2001-12-15,0.0,18.03,25.44,12.32,62.49,1.32,15.78
2001-12-16,0.0,16.49,22.36,10.68,69.14,1.2,14.46
2001-12-17,0.0,16.66,24.12,11.22,68.11,1.41,16.07
2001-12-18,0.0,18.01,25.72,11.49,61.33,1.33,15.43
2001-12-19,0.0,18.05,25.4,11.85,60.93,1.23,14.22
2001-12-20,0.0,18.18,25.33,11.44,61.71,1.21,14.74
2001-12-21,0.0,19.32,28.08,12.73,60.52,1.32,10.01
2001-12-22,0.91,19.66,28.9,13.09,63.83,1.56,14.45
2001-12-23,0.0,19.49,26.71,13.63,66.16,1.71,15.21
2001-12-24,0.0,18.93,25.5,14.2,65.67,1.3,14.49
2001-12-25,0.0,18.6,24.65,13.32,73.12,1.23,15.63
2001-12-26,0.0,18.18,24.48,12.98,70.13,1.28,15.51
2001-12-27,0.0,18.64,25.02,12.92,68.19,1.29,15.08
2001-12-28,0.0,18.29,24.74,12.97,69.39,1.13,16.0
2001-12-29,0.0,17.25,24.11,12.32,70.52,1.31,15.93
2001-12-30,0.0,17.27,23.54,11.73,69.46,1.23,15.19
2001-12-31,0.0,16.91,22.98,12.13,72.02,1.19,15.37
2002-01-01,0.0,17.64,25.0,11.56,62.79,1.25,14.57
2002-01-02,0.0,18.35,25.76,12.11,59.38,1.23,16.43
2002-01-03,0.0,18.97,26.93,12.03,57.78,1.28,16.51
2002-01-04,0.0,18.6,26.04,12.39,60.26,1.41,14.48
2002-01-05,0.0,18.77,25.84,12.73,59.91,1.24,16.28
2002-01-06,0.0,18.78,25.57,12.89,61.36,1.28,16.43
2002-01-07,0.03,18.54,25.16,14.29,61.94,1.17,8.79
2002-01-08,0.0,18.32,23.62,14.46,65.08,1.05,11.94
2002-01-09,0.0,18.18,23.97,12.97,68.71,1.18,14.72
2002-01-10,0.0,18.04,24.05,12.42,69.57,1.14,14.93
2002-01-11,0.0,16.95,23.2,11.94,74.37,1.26,15.01
2002-01-12,0.0,17.02,23.48,12.06,71.98,1.29,15.63
2002-01-13,0.0,16.96,24.06,11.42,68.66,1.4,16.78
2002-01-14,0.0,17.12,22.92,11.89,66.9,1.23,16.19
2002-01-15,0.0,16.78,22.95,11.59,69.96,1.18,14.05
2002-01-16,0.06,17.92,23.55,12.46,70.04,1.23,14.44
2002-01-17,3.15,19.1,24.49,13.93,70.84,1.23,11.13
2002-01-18,0.16,19.14,24.6,14.49,77.99,1.17,12.92
2002-01-19,0.0,19.32,24.33,13.84,78.24,1.21,14.84
2002-01-20,0.05,19.43,24.88,14.27,76.04,1.2,16.25
2002-01-21,0.15,19.78,25.45,14.68,75.56,1.41,15.76
2002-01-22,0.22,19.82,25.27,15.98,72.15,1.33,10.27
2002-01-23,1.99,18.76,24.17,14.34,80.07,1.51,5.17
2002-01-24,0.03,17.31,22.7,12.14,80.27,1.61,12.02
2002-01-25,0.0,15.05,20.79,9.24,56.22,1.31,16.17
2002-01-26,0.0,14.64,20.62,8.78,60.67,1.45,15.86
2002-01-27,0.0,14.72,21.77,8.77,64.91,1.32,16.47
2002-01-28,2.12,17.24,23.72,10.65,62.01,1.49,3.31
2002-01-29,0.1,17.46,23.66,13.11,74.34,1.29,16.53
2002-01-30,0.62,17.06,23.07,11.99,73.23,1.32,13.01
2002-01-31,0.0,16.03,22.31,10.96,65.4,1.36,17.09
2002-02-01,0.0,16.07,23.25,10.08,67.54,1.44,17.99
2002-02-02,0.0,16.04,22.35,10.95,71.52,1.41,18.51
2002-02-03,0.0,16.2,21.21,12.03,60.81,1.09,17.42
2002-02-04,0.0,15.22,22.05,9.36,61.3,1.27,17.8
2002-02-05,0.0,15.97,22.74,10.06,62.11,1.4,17.85
2002-02-06,0.0,16.64,22.76,10.63,61.6,1.29,18.35
2002-02-07,0.0,19.15,26.02,12.93,63.43,1.43,17.76
2002-02-08,0.0,20.32,26.8,14.28,67.5,1.49,15.82
2002-02-09,0.0,20.87,27.56,15.07,71.17,1.62,18.15
2002-02-10,0.0,20.9,27.38,15.37,69.6,1.39,18.12
2002-02-11,0.0,21.16,28.27,15.13,63.6,1.27,18.51
2002-02-12,0.0,21.1,26.95,16.56,60.22,1.24,11.83
2002-02-13,0.0,20.69,26.99,16.21,64.24,1.4,15.9
2002-02-14,0.0,19.48,26.37,13.33,60.96,1.35,20.02
2002-02-15,0.0,19.47,27.44,12.31,60.01,1.27,20.56
2002-02-16,0.0,20.58,28.49,13.19,56.9,1.4,20.64
2002-02-17,0.0,20.96,29.12,14.19,55.89,1.41,20.4
2002-02-18,0.0,21.44,28.41,14.31,56.2,1.36,20.49
2002-02-19,0.0,20.95,27.62,14.57,58.0,1.46,19.17
2002-02-20,0.12,20.33,27.13,13.49,56.15,1.33,19.66
2002-02-21,0.0,20.13,26.5,13.28,53.98,1.57,19.79
2002-02-22,0.03,20.83,26.91,14.61,50.79,1.29,18.94
2002-02-23,0.0,21.4,28.1,15.1,55.02,1.55,19.76
2002-02-24,0.0,21.27,27.91,14.61,59.11,1.41,20.28
2002-02-25,2.72,21.87,28.93,15.36,56.33,1.39,19.68
2002-02-26,0.11,21.34,27.97,16.1,61.27,1.77,18.65
2002-02-27,0.0,20.75,27.66,15.4,51.03,1.66,19.4
2002-02-28,0.01,20.34,27.44,13.38,49.59,1.45,21.65
2002-03-01,0.0,20.98,27.83,14.01,52.58,1.4,21.26
2002-03-02,0.0,21.65,28.59,15.22,55.31,1.38,20.72
2002-03-03,5.29,22.19,28.81,15.67,56.94,1.46,8.76
2002-03-04,0.29,23.04,29.08,18.4,62.69,1.4,18.28
2002-03-05,0.0,21.81,28.76,16.12,55.27,1.59,20.07
2002-03-06,0.0,21.96,29.23,14.79,48.76,1.58,21.57
2002-03-07,0.0,22.18,29.93,15.08,46.43,1.44,22.38
2002-03-08,0.0,22.4,30.03,15.08,47.17,1.42,21.65
2002-03-09,0.0,22.52,29.97,15.27,48.49,1.53,21.29
2002-03-10,1.47,24.03,30.71,17.35,55.6,1.37,19.76
2002-03-11,10.88,25.4,30.52,19.08,62.13,1.46,20.21
2002-03-12,0.72,25.69,31.82,18.8,51.43,1.34,20.26
2002-03-13,0.0,24.16,31.3,17.35,43.72,1.57,21.15
2002-03-14,0.0,23.95,29.83,18.88,43.21,1.56,20.13
2002-03-15,0.0,23.77,31.03,16.64,48.62,1.52,21.58
2002-03-16,0.0,24.2,31.54,18.17,44.84,1.87,18.91
2002-03-17,0.0,24.06,32.32,16.12,41.46,1.55,22.97
2002-03-18,0.0,25.26,33.76,18.35,41.36,1.97,23.43
2002-03-19,0.0,26.27,34.32,18.33,40.28,1.4,22.8
2002-03-20,0.0,26.26,33.12,18.8,42.81,1.3,23.17
2002-03-21,0.0,26.89,34.13,19.22,40.76,1.54,23.08
2002-03-22,0.37,26.41,33.32,19.51,45.86,1.2,22.68
2002-03-23,3.64,26.17,31.83,19.09,58.38,1.09,19.37
2002-03-24,15.62,26.13,30.61,21.98,69.7,1.3,16.58
2002-03-25,16.99,25.06,30.63,20.83,81.12,1.47,16.85
2002-03-26,24.43,25.0,28.49,20.79,82.44,0.97,13.58
2002-03-27,13.07,25.54,29.43,21.34,78.62,0.9,13.73
2002-03-28,1.31,25.23,29.79,21.25,77.92,1.01,18.69
2002-03-29,5.32,25.93,31.41,20.57,67.23,1.06,16.51
2002-03-30,0.58,26.16,32.34,20.6,56.22,1.09,21.31
2002-03-31,0.08,25.95,31.85,19.79,56.71,1.25,21.76
2002-04-01,16.48,26.35,30.7,21.25,61.58,1.18,15.86
2002-04-02,35.23,24.84,27.99,21.71,73.53,0.77,11.39
2002-04-03,11.34,22.97,25.69,19.88,72.02,1.16,17.04
2002-04-04,0.53,23.41,28.22,18.79,74.2,1.2,22.75
2002-04-05,0.0,25.11,30.71,19.41,66.72,1.23,25.18
2002-04-06,6.03,25.13,30.35,19.72,71.08,1.22,18.11
2002-04-07,0.33,26.52,32.0,20.79,70.74,1.21,21.56
2002-04-08,0.53,27.75,33.35,21.68,67.09,1.31,21.49
2002-04-09,2.14,26.8,32.47,21.64,69.11,1.51,20.05
2002-04-10,9.87,27.31,32.9,22.08,67.07,1.47,17.81
2002-04-11,14.14,26.46,30.35,21.54,69.68,0.61,15.22
2002-04-12,0.01,25.55,32.31,20.02,59.83,1.62,21.6
2002-04-13,0.27,26.27,32.88,19.15,52.7,1.41,23.88
2002-04-14,0.04,26.43,31.92,19.15,55.56,1.39,25.38
2002-04-15,15.07,26.69,31.24,20.76,66.13,1.17,10.28
2002-04-16,16.77,26.78,31.1,22.15,77.88,1.17,11.98
2002-04-17,19.94,27.32,31.19,22.77,79.56,1.03,5.69
2002-04-18,4.76,27.53,32.92,23.31,80.36,1.79,18.95
2002-04-19,4.28,27.86,32.74,23.42,78.9,1.33,20.34
2002-04-20,1.12,27.74,32.54,24.01,76.16,0.9,21.22
2002-04-21,26.6,27.6,31.91,23.56,67.81,0.97,19.43
2002-04-22,1.32,26.79,31.3,22.4,73.74,1.3,14.7
2002-04-23,1.1,26.23,30.53,22.09,70.84,1.23,21.32
2002-04-24,14.87,26.73,32.28,21.8,67.35,1.6,21.21
2002-04-25,26.95,26.74,31.09,22.08,75.87,1.31,21.27
2002-04-26,58.88,26.75,30.38,22.62,79.5,1.28,16.88
2002-04-27,19.65,26.13,29.6,22.42,74.06,1.08,22.29
2002-04-28,1.06,26.17,31.15,20.66,75.75,1.2,21.93
2002-04-29,37.57,26.37,30.9,21.92,77.45,1.1,21.01
2002-04-30,21.53,26.02,30.3,21.56,79.35,1.23,22.13
2002-05-01,11.53,26.54,30.28,23.37,74.62,1.1,12.15
2002-05-02,9.46,26.71,30.72,22.94,76.78,1.23,13.4
2002-05-03,12.46,26.72,30.94,22.61,74.19,1.7,21.31
2002-05-04,7.48,25.79,29.87,21.93,75.0,1.67,21.85
2002-05-05,7.67,26.79,31.08,22.44,75.99,1.5,7.45
2002-05-06,5.8,25.35,29.35,21.97,81.19,1.92,6.86
2002-05-07,1.93,26.8,32.19,21.27,74.31,1.6,25.91
2002-05-08,0.45,28.38,32.34,24.49,72.02,1.14,25.13
2002-05-09,12.93,28.53,32.63,24.93,76.86,1.13,24.98
2002-05-10,32.65,28.32,31.97,24.63,80.99,1.08,16.06
2002-05-11,17.95,27.69,31.76,24.74,87.41,1.64,7.97
2002-05-12,4.17,28.9,32.84,25.25,81.79,1.26,10.62
2002-05-13,0.0,30.11,34.29,25.25,72.82,1.12,22.34
2002-05-14,16.43,29.32,33.64,25.52,81.13,1.07,23.14
2002-05-15,6.42,27.68,30.04,25.31,85.63,0.96,22.92
2002-05-16,0.02,29.04,33.79,23.88,75.97,1.14,27.08
2002-05-17,3.03,30.19,33.94,26.33,73.64,1.04,25.94
2002-05-18,18.02,30.31,34.99,25.24,73.63,1.33,26.54
2002-05-19,7.94,29.21,32.82,25.34,81.71,1.31,13.87
2002-05-20,7.58,29.02,32.97,25.77,87.07,1.63,15.94
2002-05-21,26.68,28.71,32.21,25.71,87.07,1.06,8.99
2002-05-22,63.38,28.68,32.58,24.9,86.23,1.13,13.53
2002-05-23,11.78,28.3,31.67,24.99,80.93,1.04,15.28
2002-05-24,0.01,28.01,30.55,25.34,75.63,0.81,20.85
2002-05-25,37.85,26.92,29.5,23.8,77.94,0.83,18.86
2002-05-26,22.04,26.25,29.63,23.66,88.7,1.82,4.38
2002-05-27,9.71,25.97,29.28,23.29,86.87,1.02,9.66
2002-05-28,2.18,24.82,27.43,22.86,84.54,1.46,17.63
2002-05-29,0.08,26.56,30.56,22.08,78.76,1.22,23.77
2002-05-30,4.0,27.64,31.19,24.23,78.41,1.15,23.05
2002-05-31,11.28,27.67,30.77,24.27,81.7,1.25,10.48
2002-06-01,4.68,27.57,30.75,24.14,83.31,0.93,11.82
2002-06-02,1.35,28.08,31.88,24.08,79.76,1.19,15.74
2002-06-03,4.16,28.65,32.11,24.56,78.12,1.13,18.41
2002-06-04,13.21,28.6,31.62,24.8,78.74,1.02,17.06
2002-06-05,45.08,27.95,30.37,25.93,85.71,0.9,21.72
2002-06-06,61.2,27.08,29.82,24.26,88.44,0.84,12.47
2002-06-07,52.52,28.1,31.7,24.84,85.19,1.11,6.23
2002-06-08,14.91,27.38,30.75,24.88,86.1,1.28,6.42
2002-06-09,2.0,28.14,31.6,24.58,85.0,1.15,16.71
2002-06-10,9.83,27.49,30.29,24.77,84.97,1.03,15.43
2002-06-11,23.82,26.94,30.24,24.39,88.09,1.72,14.3
2002-06-12,10.31,26.65,28.82,24.08,89.41,1.6,11.38
2002-06-13,37.6,26.75,29.68,24.64,90.73,1.94,2.62
2002-06-14,56.15,27.39,30.4,24.96,90.92,2.63,10.44
2002-06-15,28.03,27.83,31.57,24.54,88.69,1.24,5.91
2002-06-16,10.7,28.29,31.92,24.69,86.25,1.4,8.66
2002-06-17,10.64,27.69,30.5,25.33,91.02,2.36,17.13
2002-06-18,7.8,27.86,30.71,24.94,89.52,1.89,19.03
2002-06-19,15.36,28.0,31.11,25.36,88.87,1.46,12.18
2002-06-20,5.3,27.76,30.74,25.5,88.92,1.2,22.34
2002-06-21,4.25,28.03,30.66,25.94,86.21,1.53,16.82
2002-06-22,33.75,28.4,32.39,25.41,87.42,2.91,17.13
2002-06-23,6.17,28.83,32.38,25.58,84.73,1.23,21.26
2002-06-24,25.09,28.93,32.92,25.36,85.26,1.09,21.94
2002-06-25,2.82,28.81,33.08,25.39,83.88,1.25,18.12
2002-06-26,13.3,28.07,31.31,25.54,87.77,1.91,21.11
2002-06-27,6.02,27.77,31.18,24.8,88.68,2.33,15.64
2002-06-28,11.78,28.25,31.99,24.5,88.88,2.42,14.26
2002-06-29,39.44,27.44,29.56,25.69,94.34,2.59,14.31
2002-06-30,21.01,27.98,30.47,26.25,92.39,1.53,11.92
2002-07-01,17.41,28.99,32.62,25.43,86.56,1.76,12.76
2002-07-02,21.61,28.3,31.13,26.34,90.08,1.99,14.57
2002-07-03,11.19,27.98,31.95,25.5,90.41,2.77,12.42
2002-07-04,24.72,28.0,31.05,25.61,91.67,2.57,10.92
2002-07-05,15.76,28.17,31.48,25.16,89.98,1.97,16.11
2002-07-06,42.77,28.56,31.68,25.73,89.86,1.97,10.94
2002-07-07,35.31,28.63,31.52,26.06,89.58,1.65,10.46
2002-07-08,16.39,28.0,30.53,26.52,91.82,1.96,10.14
2002-07-09,6.37,28.38,31.4,26.27,90.35,1.81,8.21
2002-07-10,4.66,28.39,31.26,25.7,90.44,2.15,6.32
2002-07-11,17.39,27.79,30.06,25.95,93.71,2.48,8.36
2002-07-12,9.28,27.84,30.3,25.47,90.27,1.28,11.03
2002-07-13,34.5,28.9,32.21,26.31,89.87,1.94,13.23
2002-07-14,23.34,28.19,31.07,26.01,91.13,2.47,13.47
2002-07-15,4.22,28.75,31.78,25.85,85.85,1.42,18.59
2002-07-16,8.11,28.71,31.91,26.61,83.93,0.78,19.4
2002-07-17,11.4,27.4,29.4,26.04,91.13,1.33,18.39
2002-07-18,11.7,27.75,30.61,25.21,88.66,1.47,18.91
2002-07-19,23.84,27.94,31.11,24.87,90.34,2.11,17.27
2002-07-20,16.08,27.16,28.88,25.19,94.13,2.85,16.24
2002-07-21,30.68,27.14,29.06,25.19,95.25,4.07,6.27
2002-07-22,52.7,27.05,29.76,25.5,93.65,3.97,3.67
2002-07-23,52.03,27.33,30.06,25.24,92.44,3.34,5.03
2002-07-24,22.48,27.14,28.92,24.94,90.77,1.74,11.13
2002-07-25,14.99,27.66,30.35,25.17,89.94,1.46,7.49
2002-07-26,6.37,27.35,29.36,25.58,88.37,0.69,17.54
2002-07-27,0.3,27.15,29.44,24.62,85.2,0.91,13.88
2002-07-28,14.08,27.76,29.95,25.8,86.6,1.28,12.75
2002-07-29,33.61,26.62,28.38,25.2,93.74,1.37,17.72
2002-07-30,15.34,27.82,31.1,24.2,86.78,1.17,10.4
2002-07-31,9.93,27.28,30.03,25.26,90.48,1.77,17.0
2002-08-01,12.65,27.49,30.49,24.33,89.42,1.62,17.39
2002-08-02,21.73,27.16,29.7,25.31,90.51,1.08,7.19
2002-08-03,17.74,27.57,30.53,24.79,89.61,1.66,16.98
2002-08-04,22.67,27.15,31.11,25.06,91.45,1.39,14.34
2002-08-05,3.06,27.74,31.26,24.68,89.21,1.54,23.35
2002-08-06,11.85,27.46,30.06,25.37,91.59,1.16,18.11
2002-08-07,19.46,27.67,30.8,25.31,90.01,0.87,21.15
2002-08-08,10.54,29.35,33.53,25.51,84.95,1.08,23.46
2002-08-09,11.68,28.83,32.27,26.41,90.33,1.69,16.85
2002-08-10,21.27,27.43,29.04,25.67,94.04,1.45,18.19
2002-08-11,14.74,27.83,30.5,25.37,91.23,1.86,8.66
2002-08-12,29.36,27.62,30.04,25.79,90.91,1.74,16.18
2002-08-13,10.4,28.06,31.23,25.29,87.74,1.8,16.7
2002-08-14,14.55,28.05,30.7,25.63,85.29,1.4,15.86
2002-08-15,7.32,28.66,33.06,25.59,85.93,1.7,19.1
2002-08-16,5.81,27.64,30.4,25.72,88.8,1.35,18.56
2002-08-17,20.64,26.93,30.18,24.41,91.41,2.04,13.48
2002-08-18,1.72,27.89,30.74,24.26,86.12,1.11,15.8
2002-08-19,25.4,27.53,30.12,25.18,84.14,1.03,11.83
2002-08-20,31.11,27.86,31.08,24.67,83.88,1.11,7.58
2002-08-21,1.56,27.71,30.91,24.6,84.55,1.91,16.75
2002-08-22,3.74,28.4,32.51,25.19,81.21,1.48,22.53
2002-08-23,11.53,26.87,28.91,25.11,86.3,0.64,16.43
2002-08-24,13.32,25.73,27.44,24.2,93.37,1.36,12.35
2002-08-25,8.3,25.84,28.47,23.82,94.03,1.76,10.19
2002-08-26,6.03,27.5,31.3,23.77,87.59,1.38,14.2
2002-08-27,3.68,28.64,31.53,26.19,83.51,1.27,21.57
2002-08-28,4.6,29.19,33.2,25.71,82.72,0.96,22.19
2002-08-29,8.31,28.59,31.67,25.96,86.55,1.41,23.43
2002-08-30,22.89,27.02,29.34,24.96,89.89,0.93,21.84
2002-08-31,1.57,27.48,30.13,25.52,84.42,0.88,23.09
2002-09-01,7.25,28.43,32.49,24.83,81.55,0.97,22.58
2002-09-02,3.43,28.02,31.77,24.62,85.68,1.23,23.21
2002-09-03,6.07,28.42,32.46,25.01,83.0,1.19,21.18
2002-09-04,3.77,26.85,29.77,24.61,89.69,0.92,23.11
2002-09-05,6.12,29.12,33.44,24.83,78.83,1.11,23.95
2002-09-06,6.38,28.45,32.14,25.16,80.24,1.12,18.56
2002-09-07,0.06,29.02,32.92,24.82,77.9,1.15,23.61
2002-09-08,0.5,29.71,34.64,25.35,77.29,1.64,23.21
2002-09-09,0.33,28.06,32.12,25.2,79.73,2.68,20.15
2002-09-10,3.77,27.8,32.22,24.41,82.03,2.37,16.36
2002-09-11,4.26,26.71,29.92,24.43,85.96,1.13,11.58
2002-09-12,0.0,27.5,31.04,24.18,82.8,1.06,17.54
2002-09-13,0.96,27.66,31.51,24.37,81.94,1.4,21.34
2002-09-14,2.72,27.1,30.84,23.57,87.39,1.67,20.04
2002-09-15,27.36,26.59,30.0,23.47,89.79,1.97,17.33
2002-09-16,13.72,26.41,29.65,23.85,90.67,1.46,8.4
2002-09-17,0.54,26.98,30.54,23.63,78.72,0.79,21.13
2002-09-18,0.0,27.37,32.9,21.9,75.14,1.75,22.96
2002-09-19,0.15,27.32,32.45,22.89,79.85,2.39,21.78
2002-09-20,2.19,27.23,31.53,24.4,83.55,1.83,22.04
2002-09-21,9.06,28.65,32.04,24.48,79.55,1.02,21.09
2002-09-22,5.38,26.81,28.61,25.42,87.29,0.86,20.34
2002-09-23,13.42,25.94,27.37,24.35,85.44,0.62,15.06
2002-09-24,19.17,26.04,28.87,23.32,87.95,0.99,14.1
2002-09-25,12.36,25.71,28.7,23.45,88.38,1.4,16.2
2002-09-26,16.45,26.58,29.79,23.96,85.61,0.99,18.03
2002-09-27,30.68,25.94,28.56,24.11,91.47,1.19,3.22
2002-09-28,27.91,26.08,28.54,24.24,93.49,2.12,11.86
2002-09-29,35.33,25.91,28.56,24.1,92.32,2.07,8.15
2002-09-30,38.44,26.28,29.46,23.91,91.36,2.18,9.22
2002-10-01,8.2,26.5,29.67,23.87,91.28,1.45,5.72
2002-10-02,5.09,27.07,30.71,24.27,89.02,1.12,11.94
2002-10-03,0.95,27.68,31.04,24.83,84.01,1.0,9.54
2002-10-04,0.81,27.54,31.55,24.07,83.51,1.07,16.77
2002-10-05,0.06,27.94,31.45,25.13,80.93,0.93,18.07
2002-10-06,0.0,29.02,33.5,24.08,76.01,1.01,21.02
2002-10-07,0.93,27.9,32.94,23.93,73.79,1.79,20.35
2002-10-08,0.93,27.12,32.05,22.36,72.03,1.42,20.55
2002-10-09,1.13,25.98,31.15,21.49,76.48,1.32,15.58
2002-10-10,0.08,26.09,31.0,21.72,78.29,1.13,20.09
2002-10-11,1.21,26.36,31.04,21.69,77.7,1.04,19.37
2002-10-12,0.2,26.08,30.25,22.18,76.71,0.97,19.92
2002-10-13,5.67,25.96,31.74,21.54,76.53,1.3,17.54
2002-10-14,1.02,25.02,29.1,22.17,79.86,1.33,9.79
2002-10-15,7.6,23.38,25.64,21.67,87.02,2.86,14.46
2002-10-16,0.82,25.64,30.47,21.33,80.15,1.53,12.12
2002-10-17,6.31,25.37,28.88,21.89,80.56,0.91,17.89
2002-10-18,5.17,24.58,27.43,21.54,83.12,1.04,7.79
2002-10-19,7.08,24.11,27.7,21.0,85.43,0.89,8.08
2002-10-20,1.26,25.16,28.86,22.45,85.85,1.59,15.53
2002-10-21,0.1,24.56,28.54,20.78,81.23,1.28,17.44
2002-10-22,0.01,24.14,28.34,20.26,83.16,1.12,18.46
2002-10-23,0.0,24.62,29.48,19.54,73.21,1.08,19.67
2002-10-24,0.0,24.16,29.48,18.79,72.67,0.99,19.54
2002-10-25,0.0,24.48,30.42,19.16,72.79,1.18,18.28
2002-10-26,0.0,24.44,30.92,18.68,75.35,1.32,18.8
2002-10-27,0.0,24.15,29.78,19.4,76.92,1.1,18.98
2002-10-28,0.0,23.66,28.25,19.45,75.52,1.1,18.94
2002-10-29,0.0,22.64,28.18,18.09,78.36,1.09,18.14
2002-10-30,0.0,22.14,27.32,17.6,77.15,1.17,18.25
2002-10-31,0.0,22.67,27.53,18.62,74.73,1.06,18.54
2002-11-01,0.0,23.46,29.07,18.18,70.76,1.02,18.57
2002-11-02,0.0,23.54,28.63,19.27,77.1,1.28,9.82
2002-11-03,0.0,24.15,29.07,19.54,78.16,1.31,13.28
2002-11-04,0.09,24.0,28.22,20.29,79.16,1.46,17.86
2002-11-05,0.0,23.27,27.69,19.31,79.99,1.16,14.48
2002-11-06,0.0,23.38,28.62,19.26,74.32,1.48,18.0
2002-11-07,0.0,23.81,30.63,18.13,70.17,1.4,15.94
2002-11-08,0.0,24.43,30.59,18.76,68.38,1.42,12.81
2002-11-09,0.0,23.7,29.62,18.47,72.74,1.16,16.94
2002-11-10,0.0,23.76,29.11,18.93,74.97,1.16,12.19
2002-11-11,12.3,23.59,29.47,19.61,73.83,0.88,9.18
2002-11-12,60.06,20.78,22.66,19.88,89.1,3.46,2.69
2002-11-13,38.05,22.61,27.39,19.83,91.72,2.68,5.42
2002-11-14,0.2,21.46,26.04,17.69,84.27,1.37,14.39
2002-11-15,0.0,20.26,25.8,14.99,75.68,1.15,16.67
2002-11-16,0.0,21.17,27.55,15.62,72.95,1.51,17.86
2002-11-17,0.0,21.27,27.35,15.87,72.56,1.12,17.62
2002-11-18,0.0,20.57,26.41,15.58,74.49,1.13,15.94
2002-11-19,0.16,20.62,25.22,16.18,78.22,1.17,16.86
2002-11-20,0.14,20.56,25.25,15.81,73.9,1.03,16.51
2002-11-21,0.0,20.54,27.9,16.17,75.51,2.56,17.35
2002-11-22,0.0,20.83,26.54,16.14,74.61,1.66,16.39
2002-11-23,0.0,20.51,25.67,16.31,78.18,1.17,16.48
2002-11-24,0.0,21.2,26.47,15.99,76.18,1.08,15.34
2002-11-25,0.0,21.56,26.7,17.34,77.45,1.04,15.37
2002-11-26,0.0,21.26,25.94,16.66,81.14,1.07,14.15
2002-11-27,0.0,21.74,27.0,17.06,77.66,1.12,15.57
2002-11-28,0.0,21.98,27.88,17.05,72.82,1.71,16.39
2002-11-29,0.0,20.87,25.17,16.85,78.55,1.29,15.19
2002-11-30,0.0,22.61,26.86,19.59,78.26,1.08,14.04
2002-12-01,0.0,21.71,25.85,18.71,79.26,1.0,14.1
2002-12-02,0.0,21.29,26.81,16.27,76.95,1.04,14.89
2002-12-03,0.0,20.42,26.44,15.32,73.41,1.31,15.85
2002-12-04,0.0,19.49,25.09,15.18,78.41,1.05,15.93
2002-12-05,0.0,19.42,25.32,14.36,77.75,1.15,15.51
2002-12-06,0.0,19.72,24.96,14.66,75.61,1.14,15.41
2002-12-07,0.0,18.63,24.56,13.72,78.17,1.25,15.56
2002-12-08,0.0,18.54,25.57,13.92,74.87,1.43,15.07
2002-12-09,0.0,19.02,25.56,13.37,71.06,1.15,15.93
2002-12-10,0.0,18.74,24.63,13.09,76.26,1.1,15.45
2002-12-11,0.0,19.23,26.15,13.57,68.55,1.38,15.93
2002-12-12,0.0,19.03,25.33,13.14,61.37,1.3,15.43
2002-12-13,0.0,18.67,25.14,13.0,64.92,1.25,14.99
2002-12-14,0.0,18.82,24.6,13.69,68.88,1.17,15.12
2002-12-15,0.04,18.82,24.84,13.73,72.61,1.28,14.75
2002-12-16,0.0,18.85,23.79,14.39,78.42,1.15,13.16
2002-12-17,0.0,19.2,23.57,14.89,79.01,1.04,13.47
2002-12-18,0.0,19.28,23.72,14.74,79.33,1.01,12.65
2002-12-19,51.85,18.66,22.82,14.16,81.99,1.06,10.32
2002-12-20,1.15,18.45,23.04,13.82,82.43,1.11,10.34
2002-12-21,0.1,18.22,23.11,13.84,84.08,1.12,11.47
2002-12-22,0.0,17.89,23.33,14.08,78.44,1.37,12.65
2002-12-23,0.0,17.27,23.09,13.07,75.61,1.3,14.51
2002-12-24,0.0,17.12,23.55,11.9,71.61,1.12,14.16
2002-12-25,0.0,15.8,20.36,11.57,82.11,1.11,13.16
2002-12-26,0.0,16.46,22.14,11.88,78.68,1.28,14.86
2002-12-27,0.0,16.13,21.34,11.42,79.15,1.21,15.31
2002-12-28,0.0,15.78,20.86,11.62,77.8,1.2,12.98
2002-12-29,0.0,14.59,20.38,10.23,77.53,1.21,13.94
2002-12-30,0.0,14.2,19.84,9.59,77.74,1.15,14.53
2002-12-31,29.35,14.57,20.88,9.59,76.01,1.41,15.53
2003-01-01,0.38,16.62,22.02,10.63,68.28,1.3,10.82
2003-01-02,0.0,17.59,25.63,11.29,69.15,1.63,15.21
2003-01-03,0.0,18.54,25.67,13.11,65.09,1.88,16.52
2003-01-04,0.0,17.54,23.09,11.91,72.89,1.15,13.48
2003-01-05,0.09,17.41,21.42,14.52,75.28,0.98,13.62
2003-01-06,0.0,16.24,22.33,11.02,77.19,1.23,14.36
2003-01-07,0.0,16.46,22.51,11.45,72.07,1.25,11.88
2003-01-08,0.06,15.15,21.13,10.18,79.44,1.23,7.76
2003-01-09,0.0,15.9,23.39,9.52,68.18,1.27,12.24
2003-01-10,0.0,15.03,21.98,10.05,72.54,1.25,7.14
2003-01-11,0.11,15.42,21.87,10.03,73.58,1.18,9.25
2003-01-12,0.0,15.5,21.9,10.85,73.77,1.19,8.07
2003-01-13,0.0,15.76,22.23,10.98,72.46,1.33,8.7
2003-01-14,0.0,15.84,21.69,11.79,67.92,1.32,9.97
2003-01-15,0.0,17.49,25.97,10.67,60.02,1.65,14.55
2003-01-16,0.0,17.36,24.88,11.22,58.93,1.45,13.46
2003-01-17,0.0,17.24,24.32,10.79,61.13,1.2,17.02
2003-01-18,0.0,17.83,25.69,11.22,60.68,1.22,17.61
2003-01-19,0.0,17.79,24.61,11.94,63.63,1.4,17.58
2003-01-20,0.0,16.81,22.73,11.59,67.79,1.25,17.06
2003-01-21,0.0,15.62,22.04,10.36,68.02,1.28,17.4
2003-01-22,0.0,14.57,20.56,8.37,63.1,1.41,16.6
2003-01-23,0.0,14.0,19.84,9.7,65.05,1.22,15.99
2003-01-24,0.0,13.61,19.71,8.12,65.93,1.36,15.39
2003-01-25,0.0,14.69,21.4,9.77,66.01,1.34,15.83
2003-01-26,0.0,15.11,20.65,9.71,65.7,1.35,15.81
2003-01-27,0.0,15.64,21.71,11.19,69.59,1.23,14.8
2003-01-28,0.0,16.88,23.99,11.23,69.41,1.41,16.44
2003-01-29,0.3,17.28,23.33,13.31,71.54,1.46,13.3
2003-01-30,17.26,17.18,22.37,12.77,79.42,1.25,11.02
2003-01-31,0.0,17.46,23.81,11.67,75.31,1.36,14.66
2003-02-01,0.62,18.42,25.27,13.18,72.8,1.83,13.3
2003-02-02,0.03,20.32,26.15,14.61,69.59,1.58,17.05
2003-02-03,0.0,20.07,26.6,14.71,73.96,1.32,18.08
2003-02-04,0.0,20.43,26.77,14.35,70.65,1.39,18.09
2003-02-05,0.38,19.25,23.92,15.0,74.07,1.32,12.67
2003-02-06,0.13,19.23,24.65,14.9,72.6,1.35,17.33
2003-02-07,0.0,18.24,23.94,13.26,71.36,1.34,17.03
2003-02-08,0.01,17.71,23.22,12.63,71.27,1.31,14.79
2003-02-09,1.54,18.28,24.68,13.1,73.57,1.47,14.24
2003-02-10,1.67,19.54,26.03,14.34,73.03,1.63,13.71
2003-02-11,0.0,19.15,25.6,14.23,73.15,1.73,16.07
2003-02-12,5.13,18.49,24.94,14.35,73.3,1.79,11.73
2003-02-13,0.93,19.46,24.64,13.91,65.89,1.29,14.26
2003-02-14,0.11,18.26,24.16,13.73,74.68,1.45,14.26
2003-02-15,0.02,17.02,23.14,11.48,62.32,1.32,17.1
2003-02-16,0.0,17.74,25.14,11.99,67.21,1.5,19.6
2003-02-17,0.0,18.5,24.95,12.9,67.34,1.42,19.44
2003-02-18,0.0,19.79,26.52,14.18,67.69,1.43,19.31
2003-02-19,2.73,20.99,27.5,15.18,68.61,1.38,18.96
2003-02-20,1.27,20.81,27.23,16.4,72.79,1.57,19.32
2003-02-21,0.0,18.9,24.86,14.72,71.72,1.87,17.97
2003-02-22,0.0,18.58,25.07,12.45,58.87,1.36,20.62
2003-02-23,0.0,19.38,26.0,13.74,63.9,1.25,21.15
2003-02-24,0.0,19.56,25.79,13.79,66.79,1.34,21.15
2003-02-25,0.0,20.43,25.78,14.92,62.16,1.29,20.5
2003-02-26,1.92,20.35,26.56,14.27,67.99,1.38,18.13
2003-02-27,1.99,21.43,27.75,15.61,66.07,1.36,17.29
2003-02-28,1.17,21.62,27.68,16.31,67.57,1.71,19.92
2003-03-01,0.0,22.38,27.97,16.42,66.77,1.42,20.0
2003-03-02,1.89,23.57,28.95,18.68,65.38,1.48,19.95
2003-03-03,0.0,22.9,29.47,17.31,68.36,1.48,17.12
2003-03-04,0.14,22.75,30.45,17.03,66.35,2.28,19.18
2003-03-05,0.0,18.0,24.32,12.07,47.14,1.92,21.06
2003-03-06,0.0,18.17,25.64,10.26,47.15,1.63,22.64
2003-03-07,0.0,18.33,25.65,10.37,48.56,1.55,22.4
2003-03-08,0.0,18.59,25.61,11.33,51.03,1.53,22.86
2003-03-09,0.0,19.55,27.28,12.19,54.26,1.66,22.75
2003-03-10,0.0,20.34,26.69,13.23,55.72,1.43,22.41
2003-03-11,4.4,21.53,26.91,16.65,53.38,1.32,6.95
2003-03-12,16.57,21.12,26.63,16.39,72.34,1.21,8.29
2003-03-13,0.11,20.03,23.03,16.91,79.35,1.05,19.31
2003-03-14,17.24,20.55,25.19,15.03,78.45,1.07,18.7
2003-03-15,0.3,22.24,27.32,16.46,75.95,1.15,17.9
2003-03-16,2.98,23.31,27.43,17.77,74.0,1.11,16.79
2003-03-17,5.34,22.41,26.94,18.32,81.12,1.1,11.39
2003-03-18,5.68,21.58,26.1,17.78,76.06,1.07,17.03
2003-03-19,1.37,22.59,28.25,16.41,69.03,1.25,20.44
2003-03-20,10.01,22.94,28.23,17.35,64.48,1.2,22.47
2003-03-21,0.01,22.4,28.66,16.98,62.47,1.34,19.56
2003-03-22,3.53,23.37,30.36,16.83,59.37,1.8,23.23
2003-03-23,0.0,23.5,29.46,17.12,64.04,1.2,22.73
2003-03-24,0.0,24.07,31.05,17.94,63.8,1.44,21.9
2003-03-25,0.02,25.06,30.32,19.22,58.39,1.25,20.65
2003-03-26,28.36,24.23,30.27,18.34,68.57,1.22,17.97
2003-03-27,4.93,24.67,29.82,19.81,71.56,1.28,21.12
2003-03-28,0.5,24.8,30.52,19.33,71.15,1.22,19.66
2003-03-29,0.02,25.14,30.15,20.46,68.66,1.24,21.87
2003-03-30,21.76,24.33,28.52,19.47,75.75,1.27,8.72
2003-03-31,48.06,24.19,28.4,20.63,87.34,2.29,9.97
2003-04-01,33.35,24.63,28.36,20.98,82.04,1.48,14.63
2003-04-02,25.49,24.6,28.85,21.35,81.83,1.65,20.58
2003-04-03,0.77,25.29,29.64,20.7,80.26,1.41,19.61
2003-04-04,0.69,25.45,29.45,20.74,80.05,0.96,18.18
2003-04-05,0.0,25.83,30.92,21.16,74.22,1.28,21.95
2003-04-06,0.0,26.17,31.73,20.17,70.4,1.4,23.69
2003-04-07,0.0,26.61,31.88,20.85,70.26,1.42,23.98
2003-04-08,0.0,25.96,32.04,20.38,66.19,1.4,22.63
2003-04-09,0.02,26.52,33.03,18.94,50.98,1.46,21.66
2003-04-10,2.52,26.36,32.81,18.62,57.55,1.39,23.25
2003-04-11,2.94,27.62,31.87,22.48,65.65,1.36,22.61
2003-04-12,19.11,26.62,30.49,23.27,77.04,1.45,19.56
2003-04-13,22.03,26.96,31.34,22.62,82.02,1.44,18.62
2003-04-14,2.4,27.08,31.36,23.2,77.27,1.03,21.71
2003-04-15,1.53,26.66,31.12,22.3,77.56,1.1,20.0
2003-04-16,1.8,27.13,31.58,22.44,74.4,0.96,19.23
2003-04-17,7.59,27.24,30.99,23.83,77.48,1.55,16.78
2003-04-18,15.36,28.08,32.14,23.99,78.96,1.25,18.91
2003-04-19,9.43,27.57,31.37,22.97,79.4,0.96,20.68
2003-04-20,14.43,27.86,31.97,23.92,79.32,1.3,9.75
2003-04-21,5.76,26.67,31.05,23.29,83.83,1.27,17.67
2003-04-22,8.52,27.43,31.64,22.29,79.83,1.39,24.19
2003-04-23,1.33,27.05,30.79,23.54,77.18,0.99,23.42
2003-04-24,0.0,27.16,32.2,21.82,72.39,1.3,21.28
2003-04-25,0.0,27.41,32.38,22.55,73.74,1.39,20.32
2003-04-26,4.06,28.35,32.86,23.41,71.41,1.18,19.92
2003-04-27,24.68,28.24,33.07,23.7,77.29,1.12,22.43
2003-04-28,20.72,27.8,31.27,23.72,71.69,0.88,17.3
2003-04-29,12.56,27.43,31.79,22.21,70.04,1.15,23.87
2003-04-30,0.25,27.22,31.45,22.97,72.57,1.22,23.32
2003-05-01,3.08,26.74,30.67,22.67,73.17,0.98,15.29
2003-05-02,13.78,25.87,29.2,22.45,77.82,1.2,7.46
2003-05-03,26.65,26.5,30.61,22.22,82.59,1.93,8.98
2003-05-04,37.57,27.31,31.67,23.98,87.89,2.55,10.42
2003-05-05,8.92,26.86,31.68,23.36,84.01,2.59,18.55
2003-05-06,4.4,27.31,32.0,23.1,84.15,1.6,20.15
2003-05-07,12.37,27.38,31.31,24.3,83.13,1.03,19.46
2003-05-08,15.78,27.76,31.66,23.45,75.15,0.85,20.67
2003-05-09,0.21,27.93,32.56,22.85,67.1,1.25,20.91
2003-05-10,0.64,27.91,34.23,22.45,61.42,1.72,21.14
2003-05-11,0.13,27.45,32.99,21.75,64.11,1.17,25.46
2003-05-12,8.58,27.64,33.74,21.65,64.27,1.46,22.69
2003-05-13,0.0,28.22,33.32,22.57,62.9,1.56,24.54
2003-05-14,0.0,28.6,32.93,24.32,70.29,1.19,21.18
2003-05-15,5.12,27.03,30.37,24.26,81.42,1.27,17.08
2003-05-16,1.96,28.33,32.77,23.29,72.55,1.3,23.25
2003-05-17,2.73,28.2,31.83,24.63,75.94,1.0,22.25
2003-05-18,1.59,28.47,33.28,23.92,75.96,0.94,23.75
2003-05-19,0.01,29.71,35.25,23.89,64.98,1.08,24.28
2003-05-20,7.28,29.48,33.84,24.56,70.22,1.36,24.05
2003-05-21,20.71,28.0,31.27,25.56,83.36,1.67,14.13
2003-05-22,3.94,28.49,32.76,23.91,74.48,0.97,14.39
2003-05-23,17.63,28.3,31.2,24.8,76.04,1.04,19.99
2003-05-24,1.81,28.68,31.97,25.13,77.13,1.26,15.86
2003-05-25,13.99,27.95,32.24,24.06,82.94,1.75,20.66
2003-05-26,24.48,27.89,31.61,24.08,83.15,1.27,16.89
2003-05-27,24.26,28.44,33.35,24.07,84.25,1.76,18.42
2003-05-28,8.67,29.8,33.87,24.72,73.38,1.02,18.91
2003-05-29,1.4,30.07,33.51,25.84,70.94,1.03,21.59
2003-05-30,0.44,30.22,34.52,24.98,71.75,0.87,22.06
2003-05-31,0.21,31.03,35.94,25.85,65.26,1.07,24.33
2003-06-01,0.02,30.81,34.75,26.62,62.8,1.04,24.22
2003-06-02,0.17,30.55,34.75,25.21,62.66,1.13,23.4
2003-06-03,5.65,29.12,32.16,25.18,74.23,1.19,20.43
2003-06-04,10.53,29.0,31.04,26.7,79.88,0.71,14.14
2003-06-05,14.13,27.62,30.16,25.17,86.06,1.89,9.75
2003-06-06,6.54,27.17,29.73,25.01,87.82,2.46,14.19
2003-06-07,65.86,27.38,31.22,24.44,88.48,2.83,2.68
2003-06-08,22.38,26.95,29.35,25.0,91.78,3.03,14.67
2003-06-09,32.3,27.19,30.84,24.43,90.38,2.6,4.9
2003-06-10,76.37,27.56,30.42,24.96,91.69,1.89,7.05
2003-06-11,23.56,27.5,30.06,25.49,91.61,1.58,8.69
2003-06-12,13.57,27.05,30.64,24.36,90.11,1.65,10.88
2003-06-13,20.99,27.16,31.16,23.03,88.65,1.97,16.29
2003-06-14,13.62,27.2,30.47,23.89,89.01,2.02,13.22
2003-06-15,3.36,27.66,30.5,24.45,86.32,1.25,21.42
2003-06-16,0.74,29.17,32.97,25.43,78.27,0.89,17.93
2003-06-17,23.25,28.58,33.24,24.8,83.7,1.65,24.11
2003-06-18,71.73,27.95,32.65,24.3,85.14,1.39,19.88
2003-06-19,42.13,27.31,30.73,24.51,87.42,1.51,22.93
2003-06-20,9.33,27.37,31.78,24.5,88.0,2.11,14.0
2003-06-21,30.71,27.53,30.61,25.11,87.98,3.38,7.7
2003-06-22,55.92,28.02,31.8,25.9,88.82,3.06,3.83
2003-06-23,22.01,27.77,31.21,25.28,91.33,2.33,14.7
2003-06-24,0.57,27.99,31.67,25.43,89.75,2.41,23.19
2003-06-25,7.07,28.02,31.55,25.42,90.31,3.8,19.95
2003-06-26,8.5,26.99,30.08,24.84,93.04,3.43,6.93
2003-06-27,31.37,27.23,30.3,24.82,91.41,3.78,6.77
2003-06-28,69.19,27.63,30.27,25.64,93.0,3.66,2.16
2003-06-29,61.19,27.6,29.95,25.57,92.86,3.83,4.23
2003-06-30,38.98,27.31,29.47,25.31,92.6,2.86,10.19
2003-07-01,11.89,27.52,31.09,24.63,90.33,2.27,12.53
2003-07-02,6.15,27.59,30.68,24.86,89.38,1.85,18.77
2003-07-03,2.95,27.72,30.57,25.21,89.32,2.01,21.13
2003-07-04,3.68,27.99,31.22,25.43,88.56,1.23,20.35
2003-07-05,7.88,28.78,32.51,25.36,84.82,1.04,22.42
2003-07-06,10.74,28.11,31.07,25.49,89.62,1.89,13.66
2003-07-07,8.53,27.79,30.48,25.72,90.32,2.52,17.48
2003-07-08,12.32,27.6,29.83,25.37,88.39,1.8,14.0
2003-07-09,13.15,27.95,31.47,24.6,88.37,1.61,17.91
2003-07-10,14.66,27.67,31.35,24.64,90.31,2.16,16.12
2003-07-11,17.35,26.97,29.42,25.07,93.1,2.1,12.59
2003-07-12,26.51,26.95,29.2,25.01,94.49,2.76,10.4
2003-07-13,12.12,27.95,31.2,25.25,90.32,2.17,11.84
2003-07-14,13.3,28.38,31.16,25.26,85.96,1.26,19.9
2003-07-15,12.51,28.4,31.15,25.32,84.32,1.27,20.82
2003-07-16,9.45,27.99,31.16,25.45,87.39,1.26,16.81
2003-07-17,3.82,28.91,32.67,25.44,85.76,1.23,25.98
2003-07-18,9.73,27.49,29.64,25.9,91.39,2.2,17.47
2003-07-19,6.71,27.95,31.21,25.27,89.08,2.23,18.93
2003-07-20,17.28,28.17,31.55,24.71,89.51,1.89,18.36
2003-07-21,9.01,27.82,30.17,25.59,89.36,1.01,15.6
2003-07-22,0.82,28.77,31.94,25.39,83.42,1.13,21.95
2003-07-23,0.81,30.56,34.06,26.49,77.21,1.08,24.98
2003-07-24,6.03,30.21,34.5,26.21,79.25,1.94,21.99
2003-07-25,8.29,27.86,30.55,26.16,88.48,2.58,23.77
2003-07-26,30.95,28.63,31.23,25.32,85.85,1.69,23.45
2003-07-27,29.95,28.57,32.24,25.84,89.6,1.92,25.08
2003-07-28,12.51,28.21,31.8,25.5,88.73,1.35,16.63
2003-07-29,18.39,27.54,30.83,25.16,91.13,3.08,8.2
2003-07-30,43.62,26.76,29.79,24.87,92.49,3.02,8.62
2003-07-31,12.05,27.89,31.96,24.84,87.84,2.78,19.61
2003-08-01,17.03,27.82,30.76,25.26,89.95,1.89,16.68
2003-08-02,3.13,28.31,31.74,25.24,86.56,1.25,17.99
2003-08-03,0.97,28.76,32.54,25.37,86.05,1.25,24.89
2003-08-04,4.49,30.08,33.83,26.86,80.92,0.75,23.99
2003-08-05,8.95,29.69,33.03,26.91,84.12,1.27,24.81
2003-08-06,15.46,29.68,33.65,27.04,85.25,1.42,23.67
2003-08-07,25.58,29.63,33.02,26.9,86.5,1.37,21.35
2003-08-08,58.95,28.18,30.99,26.64,91.14,1.97,12.39
2003-08-09,3.55,27.85,30.31,25.39,91.91,1.88,20.42
2003-08-10,4.47,27.98,31.45,25.38,91.04,2.43,14.39
2003-08-11,12.13,28.3,32.23,25.25,89.08,1.81,15.78
2003-08-12,5.39,28.34,31.65,25.02,87.92,1.47,20.12
2003-08-13,1.58,28.56,31.83,25.52,87.08,1.36,21.37
2003-08-14,1.94,28.4,31.79,25.48,87.85,1.48,19.3
2003-08-15,7.85,28.34,31.75,25.67,89.49,1.89,15.69
2003-08-16,7.19,27.78,31.15,25.19,89.76,1.57,18.84
2003-08-17,29.47,28.11,30.92,25.65,89.63,1.34,14.14
2003-08-18,2.13,28.45,31.7,25.98,85.15,1.26,14.58
2003-08-19,5.91,27.77,30.6,25.17,87.97,1.23,9.54
2003-08-20,4.08,28.19,30.68,25.82,86.89,0.87,14.92
2003-08-21,2.61,30.3,34.03,26.18,78.98,1.05,22.12
2003-08-22,18.08,29.55,33.29,26.96,85.57,1.34,16.1
2003-08-23,7.74,27.87,31.09,25.12,88.54,1.45,14.4
2003-08-24,11.93,27.83,31.32,25.31,88.69,1.33,19.9
2003-08-25,8.83,29.02,32.72,24.86,81.73,0.89,21.68
2003-08-26,0.16,29.84,33.32,27.0,82.29,1.24,22.07
2003-08-27,2.95,29.19,32.81,26.3,85.95,1.15,20.63
2003-08-28,43.67,28.03,31.56,25.21,88.95,1.69,18.78
2003-08-29,17.07,27.48,31.15,24.2,87.9,1.53,18.09
2003-08-30,12.98,27.68,31.18,24.69,89.13,1.81,17.54
2003-08-31,6.1,28.14,31.91,25.25,89.66,2.03,20.55
2003-09-01,9.58,27.89,31.52,24.77,89.57,1.97,17.83
2003-09-02,42.49,27.52,30.76,24.75,89.92,1.59,14.33
2003-09-03,8.94,28.02,31.74,24.56,86.77,1.17,18.23
2003-09-04,19.21,28.02,31.29,25.32,86.0,0.74,21.58
2003-09-05,7.71,28.05,31.25,25.65,86.38,1.13,18.42
2003-09-06,6.35,28.0,31.85,25.3,87.65,1.29,20.57
2003-09-07,8.62,26.72,28.8,25.32,93.03,1.29,15.96
2003-09-08,10.51,27.58,30.47,24.3,86.0,1.52,16.72
2003-09-09,5.83,28.26,32.09,24.73,82.84,1.14,21.03
2003-09-10,1.24,29.58,32.97,25.81,82.8,1.27,20.38
2003-09-11,6.25,28.86,31.2,26.87,85.9,1.15,20.07
2003-09-12,18.88,28.58,30.92,26.56,87.12,1.36,15.88
2003-09-13,9.84,28.68,31.69,25.98,84.2,1.32,16.5
2003-09-14,24.07,28.74,31.59,26.29,84.94,1.09,15.93
2003-09-15,5.0,27.4,29.88,25.01,88.46,0.96,17.58
2003-09-16,16.99,27.48,30.17,24.88,87.99,1.18,16.23
2003-09-17,15.35,27.05,30.13,24.96,90.51,1.32,13.84
2003-09-18,0.95,27.61,31.5,24.21,86.89,1.05,16.98
2003-09-19,14.88,26.79,28.8,25.02,87.36,0.72,15.91
2003-09-20,13.27,26.68,29.96,23.58,88.18,1.08,11.93
2003-09-21,3.92,27.8,30.98,24.96,85.69,1.23,17.89
2003-09-22,9.84,27.45,30.11,25.26,87.64,0.77,17.8
2003-09-23,3.76,27.95,31.64,25.29,85.24,1.09,18.21
2003-09-24,4.48,27.45,29.5,25.29,84.55,1.01,6.28
2003-09-25,14.96,27.66,31.64,24.12,83.09,1.22,15.42
2003-09-26,10.43,26.15,27.94,24.6,91.38,1.06,15.61
2003-09-27,5.63,25.94,28.5,23.99,91.8,1.36,13.32
2003-09-28,5.6,26.01,28.49,24.37,91.68,1.04,12.39
2003-09-29,2.56,27.03,30.24,23.96,84.39,0.81,14.23
2003-09-30,2.72,27.72,31.22,24.55,82.54,1.05,18.73
2003-10-01,30.66,27.66,31.23,24.12,84.72,1.16,16.76
2003-10-02,17.8,27.9,30.76,25.33,77.2,0.78,11.39
2003-10-03,12.49,27.37,30.57,24.18,83.77,1.19,19.31
2003-10-04,6.02,27.13,29.93,24.74,83.95,0.85,16.73
2003-10-05,0.32,27.02,30.65,23.5,81.84,1.0,17.07
2003-10-06,0.13,27.14,30.83,23.78,77.98,1.39,11.51
2003-10-07,10.99,25.05,27.75,23.36,88.09,1.55,6.07
2003-10-08,15.53,24.23,25.57,23.0,91.35,2.19,5.54
2003-10-09,40.79,24.66,27.42,23.01,94.46,1.92,8.68
2003-10-10,91.6,25.32,26.95,23.8,96.87,3.24,5.38
2003-10-11,0.5,25.98,29.21,23.02,89.43,2.59,13.4
2003-10-12,0.0,25.4,29.74,21.09,75.54,1.09,18.34
2003-10-13,0.0,26.45,31.62,20.95,74.74,0.91,20.12
2003-10-14,0.02,26.78,31.43,21.9,79.73,1.15,19.61
2003-10-15,5.06,26.86,29.51,24.66,84.58,0.93,18.68
2003-10-16,0.08,27.05,29.94,24.25,82.65,0.9,18.88
2003-10-17,0.0,26.73,30.72,23.55,82.17,1.16,18.49
2003-10-18,2.63,25.9,29.06,23.26,82.36,1.09,10.04
2003-10-19,0.39,25.93,30.42,22.12,81.89,1.07,15.87
2003-10-20,0.73,26.72,32.1,22.86,79.34,1.18,13.71
2003-10-21,3.69,26.17,30.7,22.09,79.58,1.11,15.42
2003-10-22,0.39,25.43,29.98,21.33,79.31,1.09,14.76
2003-10-23,0.03,25.83,30.29,22.15,81.24,1.21,13.07
2003-10-24,0.34,25.31,28.4,22.46,80.51,0.97,15.14
2003-10-25,3.52,25.15,29.38,22.19,81.33,1.2,11.99
2003-10-26,7.31,24.88,29.7,21.05,82.15,1.28,12.94
2003-10-27,4.02,25.62,29.13,22.35,82.58,0.97,13.95
2003-10-28,0.17,25.87,29.38,23.14,81.07,0.84,13.54
2003-10-29,0.0,25.99,30.0,22.0,80.96,1.06,17.31
2003-10-30,0.4,25.4,29.63,21.29,80.54,1.17,17.81
2003-10-31,1.95,24.62,29.23,20.56,81.45,1.25,16.97
2003-11-01,0.1,23.93,28.85,19.66,81.04,1.17,17.96
2003-11-02,0.0,23.9,28.42,19.84,79.01,1.07,18.07
2003-11-03,0.0,23.79,28.57,19.0,77.94,1.05,17.99
2003-11-04,0.0,23.3,28.28,18.96,79.06,1.17,18.13
2003-11-05,0.05,22.76,27.38,18.39,79.35,1.12,18.25
2003-11-06,3.91,22.71,26.79,19.11,77.03,0.92,15.2
2003-11-07,0.0,21.63,26.31,17.67,80.45,1.14,16.86
2003-11-08,0.1,21.36,26.52,16.84,76.44,1.19,16.47
2003-11-09,0.0,20.59,26.5,15.68,74.7,1.21,17.14
2003-11-10,0.0,20.61,26.44,15.85,78.77,1.21,17.36
2003-11-11,0.0,22.04,28.52,16.55,73.92,1.28,17.81
2003-11-12,0.0,22.27,28.41,17.3,75.13,1.38,17.58
2003-11-13,0.0,22.07,27.82,16.84,71.94,1.16,18.28
2003-11-14,0.0,22.73,31.31,15.58,64.14,1.45,18.16
2003-11-15,0.0,21.24,27.82,15.74,69.1,1.25,18.26
2003-11-16,0.01,20.51,25.69,15.35,73.25,1.28,17.76
2003-11-17,37.31,20.51,25.98,15.73,77.86,1.35,16.75
2003-11-18,0.0,20.62,25.89,16.1,79.67,1.27,17.57
2003-11-19,0.0,20.45,25.08,16.15,81.33,1.29,16.97
2003-11-20,0.0,19.92,25.43,15.14,81.42,1.15,15.88
2003-11-21,0.0,19.46,24.89,14.79,79.02,1.23,16.85
2003-11-22,0.0,19.7,25.34,15.35,79.3,1.31,16.98
2003-11-23,0.0,19.77,24.98,15.01,80.84,1.17,16.8
2003-11-24,0.0,20.13,25.49,15.75,81.47,1.18,16.59
2003-11-25,0.0,20.57,25.52,16.46,81.2,1.07,16.54
2003-11-26,0.0,20.45,26.24,15.92,80.43,1.09,16.24
2003-11-27,0.07,19.42,24.75,15.57,82.49,1.12,16.41
2003-11-28,0.0,18.83,24.5,13.96,78.33,1.16,16.25
2003-11-29,0.0,19.21,25.35,14.54,77.24,1.4,15.94
2003-11-30,0.0,18.76,24.16,14.35,77.66,1.05,16.33
2003-12-01,0.0,18.04,23.89,13.61,79.75,1.18,16.48
2003-12-02,0.0,17.93,24.17,12.74,75.13,1.28,15.82
2003-12-03,0.0,17.27,22.66,12.61,76.88,1.16,16.02
2003-12-04,0.0,17.18,22.66,12.46,78.87,1.27,15.31
2003-12-05,0.0,17.5,23.94,13.16,79.83,1.38,15.77
2003-12-06,0.0,17.4,23.35,12.69,76.11,1.28,15.28
2003-12-07,0.0,18.04,24.29,12.95,75.23,1.31,15.5
2003-12-08,0.0,19.68,25.71,14.62,74.41,1.43,15.18
2003-12-09,0.02,19.74,25.71,15.13,73.61,1.44,13.86
2003-12-10,0.0,19.7,25.54,15.06,76.42,1.3,15.09
2003-12-11,0.0,20.06,26.56,14.99,71.0,1.69,15.43
2003-12-12,0.0,19.61,26.67,14.68,70.81,2.26,15.71
2003-12-13,0.0,20.23,27.22,15.02,66.34,1.77,15.78
2003-12-14,0.0,19.99,26.39,13.82,61.01,1.31,16.1
2003-12-15,0.0,18.91,24.39,13.91,69.0,1.15,15.03
2003-12-16,0.16,19.11,23.62,14.91,74.5,0.99,9.42
2003-12-17,0.46,19.04,22.48,16.42,79.03,0.85,5.72
2003-12-18,0.69,19.01,24.43,14.79,81.77,1.34,7.87
2003-12-19,12.81,17.95,20.65,15.87,86.78,2.48,5.88
2003-12-20,7.91,19.24,22.75,15.99,84.73,1.17,10.24
2003-12-21,0.0,19.6,24.22,16.09,79.97,1.13,12.95
2003-12-22,0.0,19.66,25.53,14.54,78.22,1.17,13.76
2003-12-23,0.0,19.17,23.18,15.67,77.25,0.98,15.09
2003-12-24,0.47,18.45,22.74,13.95,76.75,1.03,15.23
2003-12-25,0.0,17.59,23.64,12.41,77.48,1.06,15.33
2003-12-26,0.0,17.2,23.76,12.47,73.96,1.6,15.92
2003-12-27,0.0,17.69,24.37,11.88,69.14,1.63,14.2
2003-12-28,5.6,15.39,18.57,11.89,80.86,1.3,3.12
2003-12-29,0.03,15.22,20.47,11.1,79.83,1.01,11.22
2003-12-30,0.0,16.34,23.3,11.14,71.51,2.09,15.51
2003-12-31,0.0,16.16,22.31,10.6,73.07,1.09,14.01
2004-01-01,0.0,15.83,21.69,10.66,78.26,1.14,9.46
2004-01-02,0.0,15.58,21.98,10.87,78.41,1.34,7.21
2004-01-03,0.11,14.79,21.39,9.82,78.66,1.21,12.46
2004-01-04,0.0,14.64,22.3,9.12,70.7,1.46,8.46
2004-01-05,0.0,15.48,23.06,9.41,65.93,1.9,14.67
2004-01-06,0.0,17.36,24.01,12.11,68.11,1.6,15.38
2004-01-07,0.0,17.51,23.74,12.08,69.18,1.14,15.82
2004-01-08,0.0,17.32,23.17,12.13,71.05,1.24,14.47
2004-01-09,0.0,16.61,21.84,11.02,74.51,1.3,10.14
2004-01-10,0.0,17.65,24.82,12.23,68.25,1.76,12.83
2004-01-11,0.0,18.06,24.86,12.34,66.1,1.56,15.66
2004-01-12,0.0,17.32,22.7,13.33,70.12,1.21,14.96
2004-01-13,0.0,16.95,22.3,11.46,71.78,1.19,14.71
2004-01-14,0.11,16.68,21.66,11.35,75.76,1.27,11.34
2004-01-15,0.0,16.94,22.93,11.9,75.12,1.31,12.97
2004-01-16,0.26,16.86,22.38,12.69,75.52,1.7,13.46
2004-01-17,0.0,17.58,22.98,12.74,74.89,1.29,12.54
2004-01-18,0.0,17.78,22.6,13.34,75.71,1.14,13.66
2004-01-19,1.1,17.7,22.42,12.19,80.43,1.05,8.07
2004-01-20,0.27,18.32,23.5,14.5,80.39,1.32,12.3
2004-01-21,0.0,17.65,23.21,13.41,77.91,1.4,15.32
2004-01-22,0.0,17.62,22.96,12.54,77.4,1.43,14.59
2004-01-23,0.0,18.7,24.34,13.55,75.19,1.16,12.48
2004-01-24,3.94,18.77,24.63,14.91,78.19,1.56,8.45
2004-01-25,0.0,17.38,22.48,12.68,76.74,1.54,14.03
2004-01-26,0.0,14.66,19.95,10.2,72.22,1.37,15.4
2004-01-27,0.0,14.96,21.76,9.94,68.6,1.51,18.03
2004-01-28,0.0,14.43,21.13,8.6,60.81,1.35,18.3
2004-01-29,0.0,15.51,23.18,9.29,65.24,1.38,18.7
2004-01-30,0.0,15.62,22.03,11.11,69.73,1.38,18.52
2004-01-31,0.0,17.11,24.03,11.23,67.73,1.38,17.87
2004-02-01,0.0,17.31,22.11,13.33,73.74,1.46,12.62
2004-02-02,0.0,17.9,24.31,13.28,77.34,1.63,16.09
2004-02-03,0.0,15.22,21.05,10.84,63.01,1.83,16.34
2004-02-04,0.0,14.04,20.55,7.44,64.12,1.49,18.29
2004-02-05,0.0,14.41,20.23,8.83,70.92,1.38,18.36
2004-02-06,0.0,15.35,21.18,10.85,66.03,1.32,17.67
2004-02-07,0.0,15.63,22.79,10.06,65.29,1.35,17.28
2004-02-08,0.0,16.98,24.88,10.68,62.41,1.44,19.02
2004-02-09,0.0,18.46,25.56,12.14,58.75,1.98,19.02
2004-02-10,0.0,18.3,24.72,12.75,67.47,1.38,19.14
2004-02-11,0.0,19.19,25.85,13.66,66.1,1.36,19.82
2004-02-12,0.0,19.43,27.01,12.77,64.47,1.3,20.25
2004-02-13,0.0,20.5,28.79,14.11,59.14,1.61,19.99
2004-02-14,0.0,19.7,26.09,15.13,57.84,1.42,19.61
2004-02-15,0.0,19.47,25.71,12.7,57.54,1.37,18.76
2004-02-16,0.0,19.66,26.67,14.24,64.12,1.37,17.47
2004-02-17,0.0,20.95,28.26,14.17,59.64,1.4,19.49
2004-02-18,0.0,20.19,26.4,14.95,63.79,1.44,19.52
2004-02-19,0.03,20.56,26.63,13.74,56.75,1.35,19.38
2004-02-20,4.66,20.02,25.71,14.15,68.59,1.39,10.96
2004-02-21,2.07,20.04,26.02,15.3,74.14,1.51,15.44
2004-02-22,0.0,19.92,25.45,15.17,71.55,1.32,16.93
2004-02-23,0.08,20.05,26.54,13.96,63.68,1.29,18.59
2004-02-24,0.0,20.47,26.31,14.97,63.98,1.34,20.02
2004-02-25,0.0,21.15,27.74,15.83,68.54,1.32,20.16
2004-02-26,0.0,20.92,26.96,15.32,70.26,1.28,19.61
2004-02-27,0.0,22.09,27.42,16.72,65.96,1.29,19.32
2004-02-28,1.07,22.13,27.85,17.99,64.26,1.53,19.41
2004-02-29,0.21,21.45,28.7,16.01,65.88,1.47,17.89
2004-03-01,0.0,21.72,28.28,16.12,59.55,1.65,20.45
2004-03-02,0.0,20.72,27.68,14.25,46.89,1.58,22.22
2004-03-03,0.0,19.93,26.99,12.23,49.02,1.42,22.65
2004-03-04,0.0,20.5,27.31,12.83,49.75,1.52,22.48
2004-03-05,0.0,19.94,26.05,12.45,53.31,1.43,22.12
2004-03-06,0.0,20.57,28.12,13.38,55.61,1.56,21.6
2004-03-07,0.97,19.81,26.42,15.7,60.64,1.41,5.0
2004-03-08,0.0,21.54,29.48,15.53,55.7,2.76,16.69
2004-03-09,0.0,24.59,32.81,17.73,52.19,1.86,16.55
2004-03-10,0.96,23.14,26.76,18.83,59.58,1.49,4.84
2004-03-11,0.0,21.68,28.54,15.22,62.17,1.42,19.98
2004-03-12,0.0,23.06,30.35,15.8,60.11,1.48,22.59
2004-03-13,0.02,23.38,30.51,17.0,61.18,1.39,21.55
2004-03-14,0.0,24.27,31.41,17.89,59.44,1.47,22.23
2004-03-15,0.0,25.45,32.92,18.72,58.71,1.41,22.04
2004-03-16,0.02,26.57,32.2,22.02,56.15,1.28,20.23
2004-03-17,1.61,26.27,32.96,19.91,59.63,1.32,20.82
2004-03-18,0.0,26.86,33.02,20.52,58.22,1.16,20.81
2004-03-19,12.39,25.74,30.2,21.46,65.89,1.13,18.94
2004-03-20,6.38,26.31,30.73,21.71,73.25,1.62,15.66
2004-03-21,0.05,26.08,31.66,21.68,73.2,1.26,18.07
2004-03-22,0.68,26.2,32.84,21.51,72.79,2.01,18.25
2004-03-23,0.73,26.74,33.55,22.02,71.8,1.42,15.84
2004-03-24,0.12,27.05,33.71,22.31,71.49,1.65,17.83
2004-03-25,0.0,27.04,33.95,22.3,68.96,1.58,19.13
2004-03-26,0.0,27.32,34.28,22.36,65.48,1.83,20.45
2004-03-27,0.06,27.61,35.2,20.95,64.08,1.71,19.33
2004-03-28,0.03,28.39,35.99,22.4,58.45,1.82,19.71
2004-03-29,0.42,27.54,35.03,22.16,58.45,1.67,19.5
2004-03-30,0.42,27.13,32.77,22.05,65.41,1.14,15.37
2004-03-31,19.0,27.77,33.07,23.18,64.57,1.04,17.71
2004-04-01,8.6,25.78,30.98,21.04,68.62,1.31,19.87
2004-04-02,0.98,25.34,31.42,19.5,56.67,1.43,22.76
2004-04-03,36.27,25.43,29.91,20.78,70.19,1.14,19.81
2004-04-04,0.32,26.0,30.76,21.28,71.19,1.2,15.34
2004-04-05,14.69,26.5,30.15,22.59,73.02,1.15,18.22
2004-04-06,21.58,25.16,28.15,22.69,82.69,1.0,15.15
2004-04-07,5.78,24.75,27.03,22.76,79.47,0.68,8.99
2004-04-08,4.33,24.6,28.07,21.01,76.44,0.87,19.43
2004-04-09,28.89,24.12,26.69,21.46,82.76,1.03,13.1
2004-04-10,48.73,24.71,28.89,20.71,88.63,1.95,12.3
2004-04-11,29.98,26.45,30.64,21.96,84.22,1.4,10.46
2004-04-12,17.87,26.56,30.84,22.6,83.82,1.4,11.47
2004-04-13,17.94,26.71,31.35,22.95,84.85,1.66,14.35
2004-04-14,57.79,26.73,31.77,22.75,86.69,2.13,15.74
2004-04-15,48.6,26.98,31.97,23.15,87.17,3.17,18.97
2004-04-16,26.77,27.09,31.79,23.98,87.23,2.64,16.33
2004-04-17,13.75,26.95,30.55,23.51,87.03,1.57,15.2
2004-04-18,33.77,26.92,31.09,23.6,87.37,1.65,11.35
2004-04-19,36.66,25.03,27.59,22.45,87.36,1.27,9.54
2004-04-20,0.17,25.63,30.33,20.71,74.93,1.29,18.0
2004-04-21,6.93,26.36,29.99,22.34,77.76,1.03,18.13
2004-04-22,25.98,26.56,30.07,22.9,82.25,1.44,21.2
2004-04-23,32.9,26.3,29.24,22.55,78.88,1.17,10.19
2004-04-24,1.11,25.36,29.13,21.68,81.07,1.0,22.63
2004-04-25,0.0,25.36,29.32,21.01,75.62,1.04,22.51
2004-04-26,0.04,25.81,30.89,20.76,73.05,1.28,25.4
2004-04-27,4.57,26.67,31.41,21.54,71.89,1.4,20.02
2004-04-28,10.51,26.87,31.18,22.13,70.77,1.2,25.92
2004-04-29,0.07,26.39,30.72,21.49,73.71,1.22,18.56
2004-04-30,1.29,26.9,31.01,22.01,74.92,1.17,21.44
2004-05-01,11.93,26.82,31.48,21.74,77.28,1.39,25.34
2004-05-02,19.02,27.48,31.36,22.88,79.93,1.42,22.41
2004-05-03,0.02,26.83,31.97,21.13,74.71,1.52,26.26
2004-05-04,0.0,25.93,33.04,18.7,57.92,1.47,26.33
2004-05-05,0.0,26.96,33.06,20.08,58.3,1.31,22.32
2004-05-06,0.0,27.56,33.13,20.99,65.86,1.48,24.42
2004-05-07,0.0,27.8,32.55,23.21,71.55,1.27,25.39
2004-05-08,0.69,28.25,33.09,22.9,71.55,1.15,25.7
2004-05-09,0.94,27.96,31.18,23.98,75.23,1.07,22.97
2004-05-10,1.35,28.61,32.66,24.61,80.66,1.48,22.68
2004-05-11,15.86,28.82,33.47,24.83,82.44,1.85,16.27
2004-05-12,11.3,28.68,32.69,25.16,84.14,1.43,17.5
2004-05-13,27.88,28.58,32.74,24.93,86.0,2.05,16.68
2004-05-14,19.36,28.69,32.16,25.42,88.15,1.51,14.1
2004-05-15,2.9,28.85,31.39,25.92,86.71,1.43,17.37
2004-05-16,0.62,29.73,32.75,26.44,78.82,0.69,19.81
2004-05-17,4.89,30.46,35.27,26.08,76.91,1.52,20.17
2004-05-18,3.72,29.76,33.32,26.59,80.86,1.27,19.67
2004-05-19,2.4,29.28,34.95,24.58,76.11,1.62,19.31
2004-05-20,38.61,26.44,29.95,23.94,80.97,2.27,12.87
2004-05-21,11.53,28.62,31.93,24.34,76.32,1.26,9.95
2004-05-22,32.84,28.05,30.22,24.91,78.58,1.06,14.65
2004-05-23,5.95,26.01,28.12,24.31,90.11,1.01,8.63
2004-05-24,2.49,26.98,30.6,23.24,82.38,1.23,17.84
2004-05-25,0.68,26.19,28.67,23.94,84.8,1.3,20.43
2004-05-26,4.19,26.56,28.87,23.35,84.08,0.86,19.22
2004-05-27,1.19,28.46,32.0,24.89,76.27,0.93,18.41
2004-05-28,8.75,28.46,31.43,24.81,76.41,1.12,19.73
2004-05-29,8.02,27.89,31.52,24.65,81.27,1.46,15.93
2004-05-30,19.59,27.83,31.28,23.93,80.4,1.4,22.12
2004-05-31,4.25,27.87,31.07,23.45,77.37,1.06,24.69
2004-06-01,1.48,29.17,32.69,24.34,72.56,1.02,17.01
2004-06-02,24.14,27.6,29.32,25.45,82.66,0.97,16.03
2004-06-03,50.76,26.84,29.99,24.48,89.57,2.43,11.41
2004-06-04,8.19,26.21,28.84,23.97,89.51,1.09,14.2
2004-06-05,5.9,27.98,31.32,23.64,71.24,1.05,18.76
2004-06-06,12.35,27.91,31.21,24.46,79.5,0.92,12.64
2004-06-07,1.57,28.63,31.86,25.0,77.43,1.16,23.38
2004-06-08,2.68,28.11,30.42,25.67,80.49,0.84,18.93
2004-06-09,2.64,29.15,32.59,25.45,74.08,1.09,22.52
2004-06-10,5.42,29.77,33.21,25.7,74.45,1.03,24.46
2004-06-11,0.86,28.82,32.16,25.94,81.03,1.93,18.45
2004-06-12,0.91,29.28,33.14,26.07,79.67,1.5,20.53
2004-06-13,9.14,28.06,30.62,26.52,84.44,1.47,13.51
2004-06-14,17.8,27.86,29.71,25.78,84.96,1.05,15.19
2004-06-15,0.85,27.95,31.17,25.5,85.63,1.37,18.82
2004-06-16,7.69,28.15,31.51,25.57,85.43,1.34,20.73
2004-06-17,22.96,28.6,32.0,24.62,84.46,1.27,20.1
2004-06-18,13.12,28.2,31.48,25.61,85.91,1.28,12.0
2004-06-19,17.02,28.01,30.71,25.51,85.67,1.82,17.91
2004-06-20,31.99,28.69,32.76,25.68,85.74,1.54,7.74
2004-06-21,42.82,27.3,30.31,24.86,90.09,3.44,6.65
2004-06-22,25.04,27.93,31.31,25.7,90.37,3.97,6.61
2004-06-23,51.23,28.35,31.87,25.39,90.43,3.23,7.23
2004-06-24,77.57,27.52,30.36,26.13,93.01,2.07,11.82
2004-06-25,12.49,28.14,31.42,25.12,85.45,1.27,17.74
2004-06-26,0.5,25.38,26.5,23.64,88.19,0.91,15.55
2004-06-27,0.37,28.04,31.97,23.37,80.03,1.05,22.35
2004-06-28,0.91,28.66,32.0,25.46,89.62,2.5,19.4
2004-06-29,1.8,27.94,31.5,25.41,90.61,2.79,18.15
2004-06-30,0.86,27.74,31.19,24.2,86.43,1.83,17.14
2004-07-01,7.69,28.39,31.64,25.42,86.37,1.07,23.68
2004-07-02,14.92,29.57,33.74,26.13,80.06,0.84,21.43
2004-07-03,7.87,29.43,32.57,26.53,83.69,1.51,21.04
2004-07-04,9.74,27.27,28.61,26.07,92.13,1.36,16.86
2004-07-05,24.62,27.09,28.98,25.37,94.61,2.29,7.03
2004-07-06,67.28,27.23,29.42,25.17,92.95,3.69,6.29
2004-07-07,57.39,27.23,29.66,25.6,91.54,3.97,2.45
2004-07-08,47.14,26.69,29.51,24.67,91.75,4.46,13.11
2004-07-09,63.29,26.67,28.35,24.62,94.66,4.07,4.49
2004-07-10,57.41,26.35,28.35,25.12,94.33,2.58,4.97
2004-07-11,36.73,26.89,29.52,24.39,88.26,1.62,8.71
2004-07-12,3.96,27.28,30.1,24.5,87.35,1.43,11.4
2004-07-13,2.4,28.62,31.34,25.79,81.61,0.98,20.03
2004-07-14,29.38,26.19,28.22,24.76,92.85,1.67,22.28
2004-07-15,36.56,27.09,30.02,24.31,90.91,1.48,15.85
2004-07-16,44.71,26.95,29.53,25.05,93.76,2.57,9.29
2004-07-17,52.94,27.0,29.18,24.98,94.18,3.44,5.3
2004-07-18,82.51,26.75,28.01,25.53,95.76,4.27,3.29
2004-07-19,131.83,26.77,28.04,25.64,94.43,3.36,2.9
2004-07-20,30.86,26.54,28.53,25.04,95.04,4.24,5.39
2004-07-21,0.61,27.1,30.4,24.4,91.1,1.69,16.94
2004-07-22,6.35,28.79,32.8,24.67,81.95,0.93,22.6
2004-07-23,24.79,28.73,31.25,25.51,83.28,1.26,21.09
2004-07-24,68.46,27.51,29.74,25.79,91.04,1.96,19.65
2004-07-25,25.13,27.34,30.08,24.79,89.34,1.02,19.81
2004-07-26,10.86,27.42,29.76,25.1,90.5,1.8,20.38
2004-07-27,4.51,27.72,30.99,24.95,88.3,1.34,23.09
2004-07-28,7.41,26.67,28.8,24.22,86.06,1.0,18.94
2004-07-29,10.86,27.35,30.9,24.71,88.39,1.34,19.18
2004-07-30,28.67,27.42,30.65,24.71,89.38,1.43,20.73
2004-07-31,11.09,27.75,30.92,24.48,87.94,1.39,21.19
2004-08-01,27.29,28.65,31.93,25.15,84.62,0.91,22.64
2004-08-02,16.34,29.86,33.89,26.07,82.5,1.59,21.31
2004-08-03,4.5,29.08,32.34,26.94,84.45,0.98,24.1
2004-08-04,9.75,27.34,29.3,25.19,90.48,1.73,18.47
2004-08-05,5.42,27.19,30.5,24.4,88.82,1.45,18.85
2004-08-06,3.28,28.09,31.6,25.17,86.46,1.23,22.28
2004-08-07,4.14,28.05,31.14,25.46,87.19,1.16,18.73
2004-08-08,8.02,27.54,30.07,25.58,89.85,1.39,19.89
2004-08-09,24.31,27.98,30.69,24.64,85.81,1.32,20.74
2004-08-10,15.23,28.03,30.57,25.33,87.92,1.29,21.95
2004-08-11,0.95,28.99,32.68,24.95,83.16,1.53,22.79
2004-08-12,16.97,28.96,32.87,26.0,86.29,1.47,22.13
2004-08-13,9.92,28.47,32.2,25.24,85.24,1.83,14.32
2004-08-14,2.62,28.19,32.03,25.23,88.22,1.46,21.44
2004-08-15,5.36,28.28,31.21,24.99,84.72,1.18,20.27
2004-08-16,5.56,29.84,33.76,26.05,80.4,1.09,23.55
2004-08-17,9.34,29.62,32.86,26.4,83.22,1.08,22.04
2004-08-18,44.84,28.2,30.29,25.99,84.26,0.9,20.25
2004-08-19,20.59,28.11,31.53,25.88,84.55,1.28,21.29
2004-08-20,30.76,27.82,29.88,25.85,86.37,1.32,21.1
2004-08-21,6.22,28.67,32.53,25.02,84.63,1.16,23.26
2004-08-22,3.34,28.52,32.26,25.77,87.13,1.16,20.28
2004-08-23,1.43,28.03,31.12,25.53,90.02,1.65,17.85
2004-08-24,3.29,28.1,31.41,24.97,88.59,1.39,20.38
2004-08-25,16.34,27.56,30.39,25.37,91.41,1.56,16.09
2004-08-26,15.58,27.18,28.63,25.84,94.43,2.06,12.41
2004-08-27,28.21,27.33,29.61,25.77,91.35,1.7,12.89
2004-08-28,20.52,28.32,31.82,24.88,86.05,1.16,19.14
2004-08-29,11.93,28.01,31.23,25.51,90.17,1.79,15.1
2004-08-30,9.56,27.96,31.03,25.19,88.93,1.37,13.99
2004-08-31,7.8,27.75,31.0,24.64,90.68,2.07,12.9
2004-09-01,11.56,27.74,30.22,25.75,91.68,2.03,13.92
2004-09-02,2.38,27.46,30.34,25.75,91.29,1.66,12.22
2004-09-03,3.62,26.99,29.04,25.02,90.5,1.01,16.32
2004-09-04,8.97,28.03,31.62,24.87,89.6,1.58,13.87
2004-09-05,6.86,27.37,29.24,25.9,93.02,1.26,10.29
2004-09-06,4.56,27.53,29.98,25.51,92.82,2.17,14.45
2004-09-07,12.04,27.5,30.6,25.58,92.14,3.08,17.25
2004-09-08,35.16,26.85,28.88,25.19,93.07,2.08,10.69
2004-09-09,21.57,27.34,29.95,25.44,87.56,1.51,5.14
2004-09-10,3.69,25.58,27.34,24.28,87.22,2.9,17.1
2004-09-11,15.02,25.87,28.9,23.47,85.35,2.45,12.94
2004-09-12,78.64,25.06,26.57,23.56,91.53,3.43,4.64
2004-09-13,47.91,24.72,27.06,22.53,89.6,2.93,4.71
2004-09-14,6.32,25.06,29.2,22.12,87.08,2.53,6.76
2004-09-15,4.32,25.16,28.82,22.44,86.27,1.98,16.11
2004-09-16,9.83,24.82,27.09,22.68,88.59,1.93,10.91
2004-09-17,13.18,25.54,28.1,23.2,88.17,1.37,15.73
2004-09-18,19.45,26.9,30.57,23.7,83.76,0.94,18.34
2004-09-19,4.22,26.84,29.81,24.23,85.13,1.12,20.59
2004-09-20,1.78,27.69,30.86,25.17,82.7,1.1,17.39
2004-09-21,16.37,27.53,30.56,25.54,84.87,0.74,19.49
2004-09-22,17.96,26.63,28.99,24.49,90.69,1.59,10.24
2004-09-23,16.41,25.88,28.47,24.14,93.21,1.24,10.79
2004-09-24,8.68,26.16,28.82,23.94,90.24,1.26,13.3
2004-09-25,4.87,25.65,28.21,24.01,91.91,1.12,7.99
2004-09-26,1.01,26.98,30.37,23.36,84.95,1.1,20.35
2004-09-27,5.47,27.37,30.85,24.35,85.14,1.04,20.48
2004-09-28,5.39,26.62,29.36,24.26,88.32,1.51,7.91
2004-09-29,3.25,26.66,29.61,23.87,86.43,0.96,12.72
2004-09-30,0.02,27.5,30.79,24.69,81.88,1.13,20.35
2004-10-01,0.07,27.64,31.57,24.55,81.16,0.93,21.48
2004-10-02,3.4,26.97,29.34,24.6,82.36,0.83,20.72
2004-10-03,8.87,26.12,28.8,23.96,89.84,1.46,20.98
2004-10-04,14.4,25.75,29.17,23.27,85.21,0.94,17.16
2004-10-05,33.62,23.48,26.0,22.04,94.94,2.23,3.85
2004-10-06,62.43,24.18,26.2,22.43,95.62,1.72,6.62
2004-10-07,90.79,23.97,26.12,22.6,93.02,2.53,3.34
2004-10-08,55.54,24.23,27.2,22.35,94.35,4.08,10.22
2004-10-09,7.49,24.6,28.26,21.36,88.98,1.65,15.54
2004-10-10,0.01,25.58,30.36,21.22,76.76,1.01,19.07
2004-10-11,0.0,26.03,30.91,21.74,79.77,1.19,19.57
2004-10-12,0.0,26.15,30.54,22.41,83.09,1.13,20.38
2004-10-13,1.81,25.65,29.44,22.16,81.73,0.95,18.3
2004-10-14,12.17,24.98,27.45,22.74,85.72,0.94,9.97
2004-10-15,16.05,24.6,27.6,22.15,88.55,1.16,9.96
2004-10-16,0.85,24.52,29.32,21.78,83.22,1.53,13.87
2004-10-17,0.0,24.68,29.76,19.87,80.47,1.08,19.6
2004-10-18,0.0,24.53,29.87,19.41,79.22,1.38,20.53
2004-10-19,0.0,25.25,30.46,20.76,79.44,1.06,20.4
2004-10-20,0.0,24.71,30.26,19.93,80.29,1.17,20.64
2004-10-21,0.0,24.02,29.58,19.08,78.48,1.41,20.46
2004-10-22,0.0,23.87,29.74,19.07,78.83,1.41,19.73
2004-10-23,0.27,23.94,28.75,19.18,77.08,1.02,19.24
2004-10-24,5.61,23.97,29.77,18.32,75.91,1.51,18.89
2004-10-25,0.3,24.03,29.66,19.23,77.45,1.52,19.38
2004-10-26,0.02,22.27,25.63,19.61,82.72,1.49,19.38
2004-10-27,0.13,23.99,28.78,19.67,76.64,1.11,19.33
2004-10-28,0.0,23.64,28.25,19.14,77.68,1.04,18.94
2004-10-29,0.0,23.18,28.66,18.86,78.17,1.53,18.85
2004-10-30,0.0,22.83,28.02,18.75,78.19,1.28,16.26
2004-10-31,0.0,22.98,29.16,17.74,74.64,1.29,18.51
2004-11-01,0.0,22.77,28.91,17.73,73.6,1.28,18.72
2004-11-02,0.0,22.28,28.71,16.53,73.11,1.11,18.53
2004-11-03,0.0,22.49,28.61,17.34,74.0,1.09,18.46
2004-11-04,0.0,22.36,27.85,17.19,76.3,1.31,17.94
2004-11-05,0.0,23.55,29.22,18.16,75.74,1.27,16.48
2004-11-06,0.0,23.93,29.03,19.3,73.56,1.02,17.1
2004-11-07,0.0,22.71,26.82,18.48,78.89,1.07,17.45
2004-11-08,0.0,22.11,27.51,17.58,78.92,1.13,17.23
2004-11-09,0.0,22.07,27.52,17.33,75.61,1.0,17.6
2004-11-10,0.01,21.16,26.33,17.43,77.44,1.17,17.22
2004-11-11,0.0,20.33,26.19,15.62,75.29,1.11,17.62
2004-11-12,0.0,19.72,25.76,14.85,76.99,1.3,17.84
2004-11-13,0.0,20.17,26.55,15.25,76.63,1.51,18.02
2004-11-14,0.01,20.1,26.18,15.1,77.17,1.21,17.63
2004-11-15,0.0,20.23,25.47,15.73,79.07,1.21,16.11
2004-11-16,0.0,21.06,26.84,16.43,75.9,1.2,16.54
2004-11-17,0.0,20.59,26.37,15.62,76.98,1.11,17.02
2004-11-18,0.0,21.04,26.74,16.13,77.16,1.09,16.8
2004-11-19,0.0,21.03,25.28,16.98,83.35,1.1,15.42
2004-11-20,0.0,21.91,27.35,17.7,79.45,1.13,16.44
2004-11-21,0.0,21.86,27.52,16.69,74.89,1.36,16.25
2004-11-22,0.0,21.68,26.76,17.47,72.49,1.17,15.88
2004-11-23,3.2,20.51,25.31,16.28,74.54,1.12,15.92
2004-11-24,0.13,20.13,24.49,16.65,76.99,1.02,14.12
2004-11-25,0.0,20.29,26.29,15.81,77.47,1.71,15.6
2004-11-26,0.0,21.0,28.15,16.51,71.58,2.57,16.69
2004-11-27,0.0,20.99,27.07,15.5,70.92,1.25,16.64
2004-11-28,1.59,21.77,27.1,16.94,72.25,1.17,16.12
2004-11-29,0.36,21.19,26.22,16.32,73.69,1.1,16.36
2004-11-30,0.0,20.41,26.03,15.51,74.02,1.13,16.4
2004-12-01,0.0,20.02,25.98,15.34,74.57,1.43,15.78
2004-12-02,0.03,20.0,26.14,15.06,72.02,1.5,15.77
2004-12-03,0.0,19.38,25.98,14.26,72.31,1.73,16.53
2004-12-04,0.0,19.28,25.21,14.06,66.87,1.95,16.51
2004-12-05,0.0,18.95,24.86,13.52,69.68,1.16,15.6
2004-12-06,0.0,19.16,24.61,14.23,76.79,1.2,15.23
2004-12-07,0.0,20.43,26.53,15.74,73.32,1.88,14.52
2004-12-08,0.0,19.98,25.14,15.73,75.49,1.34,13.5
2004-12-09,0.0,19.33,23.85,15.34,81.27,1.17,13.12
2004-12-10,0.0,20.19,25.57,15.45,79.51,1.19,14.01
2004-12-11,0.0,20.54,25.92,16.1,77.83,1.25,14.97
2004-12-12,0.0,21.16,26.77,16.55,73.34,1.66,15.14
2004-12-13,0.0,20.56,25.87,16.21,73.82,1.25,14.86
2004-12-14,0.0,19.81,24.83,15.41,79.21,1.24,14.07
2004-12-15,0.0,19.88,24.71,16.23,81.2,1.07,14.28
2004-12-16,0.07,20.17,25.35,15.71,79.44,1.18,12.6
2004-12-17,0.0,19.93,25.16,15.69,77.36,1.13,15.23
2004-12-18,0.0,18.76,24.13,14.17,76.88,1.21,15.84
2004-12-19,0.0,17.97,22.94,13.36,78.09,1.11,15.38
2004-12-20,0.0,17.22,22.0,12.98,79.51,1.02,13.51
2004-12-21,5.48,17.32,21.36,13.6,81.03,1.0,8.63
2004-12-22,0.94,17.66,22.58,13.21,80.21,1.06,10.73
2004-12-23,0.0,17.59,22.77,13.6,80.16,1.5,10.68
2004-12-24,0.0,17.88,23.63,13.58,79.3,1.35,10.87
2004-12-25,0.0,17.66,23.62,13.43,78.43,1.4,5.79
2004-12-26,0.0,16.1,21.91,12.11,69.53,1.41,13.68
2004-12-27,0.0,14.53,21.01,7.96,60.97,1.35,15.9
2004-12-28,0.0,15.04,22.33,9.14,64.87,1.59,16.18
2004-12-29,0.0,15.11,21.02,9.55,67.6,1.28,15.74
2004-12-30,0.0,15.31,20.87,10.79,72.7,1.06,15.17
2004-12-31,0.0,16.39,22.69,11.31,68.92,1.25,15.47
2005-01-01,0.0,16.6,21.72,12.43,71.64,1.09,15.67
2005-01-02,0.0,17.39,22.08,12.83,76.42,0.95,13.9
2005-01-03,0.0,19.07,24.24,14.92,75.2,1.2,14.48
2005-01-04,0.0,18.32,23.09,14.95,77.86,0.92,9.6
2005-01-05,0.0,18.33,25.31,13.66,72.89,1.46,14.78
2005-01-06,0.0,17.92,23.77,12.86,74.75,1.19,16.03
2005-01-07,0.0,17.15,23.17,12.37,77.45,1.35,16.11
2005-01-08,0.0,17.43,23.53,12.8,72.89,1.31,15.06
2005-01-09,0.0,16.43,22.42,12.03,74.33,1.21,14.07
2005-01-10,0.74,16.12,20.84,12.39,73.89,1.01,14.19
2005-01-11,0.58,15.68,21.56,11.12,75.38,1.39,5.86
2005-01-12,0.0,15.87,22.58,11.34,74.56,1.64,15.53
2005-01-13,0.0,15.51,20.88,10.98,74.67,1.41,14.36
2005-01-14,0.0,15.39,20.93,10.55,78.07,1.28,14.9
2005-01-15,0.0,16.02,22.02,11.24,78.62,1.22,14.94
2005-01-16,0.0,16.83,22.88,12.24,76.69,1.31,16.03
2005-01-17,0.0,16.67,22.3,11.79,74.47,1.29,16.31
2005-01-18,0.31,17.93,23.7,12.88,72.56,1.17,8.47
2005-01-19,1.42,17.45,21.27,14.64,79.47,1.15,11.16
2005-01-20,0.0,16.18,21.59,11.32,71.05,1.32,13.99
2005-01-21,0.01,15.39,22.1,9.6,69.84,1.6,14.68
2005-01-22,0.0,16.39,22.56,11.21,63.68,1.51,9.97
2005-01-23,2.54,16.76,22.46,11.95,65.53,1.39,7.88
2005-01-24,0.03,16.7,21.85,12.15,77.01,1.16,11.81
2005-01-25,0.0,16.75,21.6,11.91,73.31,1.25,14.37
2005-01-26,0.0,16.6,22.01,11.42,72.48,1.41,15.77
2005-01-27,0.0,16.63,23.05,11.02,70.18,1.34,15.45
2005-01-28,0.0,16.73,21.81,11.81,70.87,1.22,13.85
2005-01-29,0.03,17.71,22.38,13.98,66.28,1.19,10.89
2005-01-30,0.0,18.84,25.56,12.95,67.4,1.25,14.91
2005-01-31,0.0,20.17,27.56,14.29,64.39,1.25,17.76
2005-02-01,0.29,20.01,25.14,15.05,72.31,1.33,5.67
2005-02-02,0.0,17.62,23.93,12.51,73.78,1.54,16.83
2005-02-03,0.0,15.29,22.14,10.03,71.25,1.41,18.6
2005-02-04,0.0,15.47,21.98,10.39,70.06,1.53,19.16
2005-02-05,0.0,16.32,22.85,10.31,64.25,1.41,19.21
2005-02-06,0.0,18.01,24.89,11.11,60.61,1.4,16.73
2005-02-07,0.0,19.52,25.68,14.12,65.22,1.42,16.57
2005-02-08,0.0,19.64,26.07,14.54,65.54,1.53,16.83
2005-02-09,0.0,20.14,26.19,14.16,67.94,1.35,18.57
2005-02-10,0.0,20.89,26.91,15.88,69.62,1.43,18.87
2005-02-11,0.0,20.22,25.98,14.82,68.25,1.45,18.56
2005-02-12,0.0,21.15,26.54,14.96,62.5,1.37,18.47
2005-02-13,0.56,20.06,27.31,14.36,71.94,2.01,16.13
2005-02-14,0.02,19.38,27.07,13.65,67.46,2.38,20.27
2005-02-15,0.0,19.13,26.05,13.03,68.83,1.74,19.83
2005-02-16,4.16,21.04,27.46,15.28,78.31,1.77,12.95
2005-02-17,9.94,23.07,28.07,19.15,78.72,1.32,15.49
2005-02-18,9.82,22.22,26.92,17.61,84.79,1.3,14.42
2005-02-19,0.14,22.87,28.25,18.24,80.18,1.45,12.48
2005-02-20,0.0,23.2,28.51,17.94,74.29,1.31,15.23
2005-02-21,0.0,23.19,29.9,17.99,72.16,1.7,16.76
2005-02-22,0.1,22.82,29.36,16.91,60.2,1.53,13.69
2005-02-23,0.2,20.96,27.12,15.84,70.04,1.94,19.7
2005-02-24,0.0,21.23,26.55,16.21,66.17,1.28,20.08
2005-02-25,0.0,20.34,26.25,13.53,57.02,1.44,20.64
2005-02-26,0.0,21.65,27.75,15.8,52.6,1.64,21.17
2005-02-27,0.0,21.44,27.94,14.91,51.88,1.28,21.68
2005-02-28,0.0,20.6,27.14,14.45,57.95,1.33,21.7
2005-03-01,0.0,21.0,27.51,14.93,64.04,1.46,20.68
2005-03-02,0.0,22.56,29.41,16.28,63.11,1.77,20.86
2005-03-03,0.0,23.11,30.31,17.2,65.22,1.69,17.68
2005-03-04,0.16,23.96,30.68,16.65,60.89,1.32,20.2
2005-03-05,0.42,24.93,30.63,18.39,70.03,1.48,17.14
2005-03-06,0.03,25.37,32.04,21.29,70.37,1.83,17.69
2005-03-07,2.13,24.96,30.32,20.04,72.77,1.45,16.38
2005-03-08,11.71,24.1,28.71,19.23,76.69,1.11,13.99
2005-03-09,0.0,24.09,29.77,18.46,69.23,1.5,17.91
2005-03-10,0.04,25.2,30.93,19.88,64.2,1.78,21.0
2005-03-11,0.18,24.79,29.36,20.91,64.53,1.29,11.73
2005-03-12,1.04,24.58,29.36,19.39,64.73,1.09,8.57
2005-03-13,0.0,24.93,31.81,18.47,57.83,1.59,21.03
2005-03-14,0.04,25.15,31.15,18.89,55.93,1.43,20.26
2005-03-15,0.23,25.0,30.79,18.54,56.05,1.27,20.15
2005-03-16,0.0,24.52,30.52,18.5,59.48,1.07,21.75
2005-03-17,1.18,25.12,31.13,19.26,60.33,1.28,19.5
2005-03-18,6.12,25.54,31.18,20.6,64.9,1.38,14.5
2005-03-19,10.97,25.48,30.88,21.28,68.19,1.4,18.52
2005-03-20,35.07,25.48,30.19,20.06,72.02,1.51,17.42
2005-03-21,31.65,25.42,30.53,21.8,78.72,1.65,17.27
2005-03-22,25.7,26.04,30.43,21.69,80.13,1.35,16.49
2005-03-23,10.9,25.29,29.76,21.4,83.53,1.48,9.52
2005-03-24,32.03,21.41,24.37,19.29,90.47,2.62,4.13
2005-03-25,12.82,21.59,26.72,17.97,79.86,1.84,16.72
2005-03-26,2.2,23.21,28.23,16.39,64.39,1.05,17.91
2005-03-27,7.7,23.66,27.83,19.46,72.7,1.21,17.1
2005-03-28,16.84,24.35,28.57,18.63,76.84,1.18,17.14
2005-03-29,15.78,24.58,29.04,19.79,78.75,1.22,15.26
2005-03-30,29.72,25.2,29.58,21.33,80.59,0.89,17.68
2005-03-31,9.59,24.64,28.34,21.25,85.05,1.37,13.51
2005-04-01,0.01,25.25,30.2,20.78,75.64,1.11,22.13
2005-04-02,0.0,25.54,32.25,18.64,60.4,1.57,24.2
2005-04-03,0.15,26.02,32.69,19.48,58.41,1.36,24.41
2005-04-04,4.2,24.9,30.53,19.64,65.69,1.36,23.73
2005-04-05,0.0,24.94,30.75,18.33,64.15,1.33,22.95
2005-04-06,13.98,24.98,29.44,19.83,73.28,1.14,18.49
2005-04-07,2.33,25.91,30.72,20.6,74.19,1.51,20.58
2005-04-08,3.84,25.91,30.66,21.51,79.28,1.95,20.97
2005-04-09,17.61,26.01,30.59,21.14,80.69,1.25,17.22
2005-04-10,32.11,26.35,30.06,23.28,86.22,1.13,17.42
2005-04-11,27.62,25.79,29.69,22.71,88.42,1.56,17.69
2005-04-12,11.11,25.29,30.69,19.73,77.5,1.51,22.01
2005-04-13,0.0,24.39,30.99,16.37,50.33,1.35,24.68
2005-04-14,0.0,24.86,31.06,17.56,54.77,1.41,24.07
2005-04-15,0.0,25.2,31.06,18.38,62.16,1.31,21.94
2005-04-16,0.41,25.86,31.28,19.62,72.28,1.35,21.33
2005-04-17,2.96,26.1,29.39,22.32,80.51,0.92,20.64
2005-04-18,1.0,26.67,30.16,22.39,79.9,0.82,22.49
2005-04-19,0.49,26.13,29.46,23.24,81.81,0.98,20.89
2005-04-20,0.08,27.23,33.24,22.65,68.33,1.32,13.63
2005-04-21,0.09,26.98,32.4,21.49,66.97,1.44,24.58
2005-04-22,0.94,27.15,31.95,22.06,69.87,1.15,23.01
2005-04-23,16.29,27.16,30.99,22.51,73.82,0.99,21.84
2005-04-24,10.55,26.95,30.69,23.18,78.57,1.08,24.36
2005-04-25,4.75,26.93,30.24,23.57,80.92,1.06,23.01
2005-04-26,29.32,27.54,31.32,23.62,79.23,1.32,17.62
2005-04-27,18.58,27.66,30.47,23.76,77.65,0.92,17.73
2005-04-28,9.93,27.55,31.22,23.32,77.98,1.13,11.83
2005-04-29,3.47,26.17,29.4,23.16,81.26,1.12,15.63
2005-04-30,4.07,24.79,28.12,21.72,81.96,0.69,21.96
2005-05-01,0.54,24.81,29.19,20.46,75.24,1.32,25.84
2005-05-02,4.28,25.4,30.64,20.6,72.87,1.45,23.84
2005-05-03,32.04,26.0,29.89,21.83,73.65,1.25,20.84
2005-05-04,5.26,26.34,30.41,22.08,70.94,1.11,17.72
2005-05-05,8.06,25.39,28.64,21.24,81.94,1.3,11.04
2005-05-06,5.56,24.92,28.13,21.38,76.87,1.02,23.27
2005-05-07,28.9,25.29,28.63,21.91,78.57,1.19,20.32
2005-05-08,5.04,26.37,30.1,21.42,76.12,1.08,11.91
2005-05-09,1.89,27.21,31.54,23.17,76.87,1.19,20.49
2005-05-10,4.71,28.73,32.77,23.86,70.79,1.42,19.02
2005-05-11,18.75,28.49,32.29,23.78,74.71,1.23,19.96
2005-05-12,3.8,27.72,32.12,23.03,75.24,1.04,25.61
2005-05-13,29.53,26.54,30.07,22.59,80.04,1.14,21.3
2005-05-14,3.9,27.32,31.48,23.02,79.14,0.94,21.93
2005-05-15,36.83,27.44,30.74,23.95,79.1,0.96,20.33
2005-05-16,10.11,28.01,31.84,23.96,81.67,1.27,17.91
2005-05-17,10.31,28.31,31.95,24.82,78.18,1.14,18.18
2005-05-18,9.23,27.59,31.36,24.29,81.59,1.13,18.5
2005-05-19,58.86,26.91,29.64,23.78,84.35,1.04,11.2
2005-05-20,33.69,26.24,29.69,22.48,85.45,1.06,18.94
2005-05-21,42.43,26.66,30.14,23.53,83.84,1.05,21.27
2005-05-22,44.21,25.55,28.48,22.53,88.41,2.24,14.67
2005-05-23,5.51,26.64,29.81,24.12,88.02,1.53,11.55
2005-05-24,63.51,27.13,29.95,23.86,87.85,1.26,13.12
2005-05-25,29.06,27.01,29.59,24.49,90.43,1.15,16.3
2005-05-26,7.13,27.76,30.13,25.0,88.54,0.79,21.03
2005-05-27,7.06,28.06,30.6,25.6,87.35,1.05,21.66
2005-05-28,4.23,28.02,30.67,25.33,87.31,1.14,21.8
2005-05-29,9.24,28.16,30.64,25.69,85.92,0.88,20.54
2005-05-30,1.87,29.27,33.38,25.01,80.31,1.12,22.36
2005-05-31,0.58,29.21,31.64,25.9,82.42,1.15,23.0
2005-06-01,3.75,28.56,31.18,25.97,85.44,1.2,18.66
2005-06-02,5.33,28.75,32.08,25.99,86.36,1.37,20.36
2005-06-03,7.46,28.91,32.36,25.67,83.02,0.85,22.73
2005-06-04,6.05,28.17,31.95,24.26,80.16,1.14,19.14
2005-06-05,0.31,27.98,31.05,24.57,77.18,1.19,23.63
2005-06-06,0.01,26.8,30.11,23.09,75.48,1.15,23.34
2005-06-07,0.13,28.12,32.42,22.81,71.98,1.12,19.54
2005-06-08,4.13,29.04,32.95,24.86,76.91,1.16,21.42
2005-06-09,7.53,29.05,32.3,25.38,79.14,1.05,13.71
2005-06-10,5.41,29.73,33.32,26.03,74.12,1.01,22.32
2005-06-11,0.63,28.27,30.75,25.6,86.27,1.49,18.98
2005-06-12,0.24,29.27,32.73,25.7,82.58,1.04,19.91
2005-06-13,2.4,29.13,31.88,26.24,82.19,0.94,17.76
2005-06-14,11.08,29.09,31.67,26.84,85.39,1.42,10.25
2005-06-15,6.7,28.78,32.15,25.83,86.73,1.71,18.05
2005-06-16,12.81,28.85,31.88,26.41,87.89,1.23,9.78
2005-06-17,6.11,29.24,31.97,26.15,84.51,1.47,5.87
2005-06-18,15.06,28.97,31.8,26.33,90.03,1.6,18.41
2005-06-19,10.28,28.67,31.65,26.1,87.49,1.16,18.08
2005-06-20,1.32,28.87,32.87,25.48,85.09,1.76,18.74
2005-06-21,20.45,28.21,31.1,25.37,88.97,1.37,18.22
2005-06-22,4.38,27.89,30.41,25.79,89.71,1.93,9.26
2005-06-23,11.69,27.85,30.44,25.54,89.56,1.58,13.44
2005-06-24,5.87,28.61,31.73,25.74,87.08,1.08,14.72
2005-06-25,3.92,27.14,29.24,25.02,92.56,2.54,12.3
2005-06-26,4.72,28.03,31.56,24.61,86.73,1.56,18.09
2005-06-27,4.46,29.26,33.24,24.96,81.27,2.09,17.85
2005-06-28,5.35,28.1,31.27,25.59,87.76,1.85,13.09
2005-06-29,12.76,28.31,31.81,25.51,85.32,1.92,14.55
2005-06-30,13.44,28.02,31.53,25.22,88.23,2.33,12.47
2005-07-01,21.73,28.08,31.66,25.13,87.47,1.38,16.38
2005-07-02,26.57,27.73,30.02,25.51,87.84,1.37,15.67
2005-07-03,29.02,28.93,32.45,25.38,85.09,1.65,19.12
2005-07-04,24.07,28.6,31.21,26.2,86.13,1.13,14.87
2005-07-05,12.48,28.17,31.34,25.48,82.71,1.77,15.42
2005-07-06,0.08,28.33,32.45,25.43,81.64,1.13,18.89
2005-07-07,4.88,28.7,32.48,25.24,83.64,1.26,23.56
2005-07-08,1.03,28.67,32.43,25.19,86.35,1.94,16.89
2005-07-09,10.47,27.89,31.14,25.13,88.01,1.81,16.81
2005-07-10,24.8,27.85,31.57,24.64,88.59,2.47,11.27
2005-07-11,31.77,27.63,31.05,24.95,89.98,2.25,11.52
2005-07-12,16.39,26.72,28.7,24.75,92.41,1.72,6.18
2005-07-13,30.71,27.56,30.64,24.49,87.75,1.11,5.7
2005-07-14,39.67,26.17,27.63,24.83,93.77,1.76,8.92
2005-07-15,14.22,25.8,27.99,23.97,92.69,2.2,3.63
2005-07-16,12.01,26.47,29.61,23.45,89.37,2.07,15.34
2005-07-17,42.53,27.31,30.52,24.43,90.36,2.66,17.95
2005-07-18,45.8,26.7,28.95,24.95,92.56,2.34,8.2
2005-07-19,6.55,27.61,30.72,24.56,89.93,2.71,11.97
2005-07-20,19.04,28.27,31.53,25.3,88.98,2.13,8.94
2005-07-21,39.23,27.53,30.53,24.99,90.2,1.69,13.17
2005-07-22,14.6,29.35,33.25,24.95,81.57,0.97,19.13
2005-07-23,9.34,30.19,34.03,26.77,82.27,1.38,18.2
2005-07-24,20.94,29.4,32.6,26.82,85.49,1.38,19.98
2005-07-25,5.2,30.18,33.92,26.4,82.12,0.96,20.1
2005-07-26,15.51,29.11,31.92,26.83,86.83,1.08,19.44
2005-07-27,36.07,28.88,32.02,25.96,88.09,1.84,18.32
2005-07-28,5.51,29.62,34.04,26.1,83.18,1.1,22.35
2005-07-29,5.51,30.55,34.75,27.43,80.65,1.45,21.4
2005-07-30,15.35,29.82,33.88,26.29,83.79,1.19,19.85
2005-07-31,8.11,28.33,31.61,26.26,88.68,1.44,21.33
2005-08-01,0.44,29.27,32.98,25.69,85.59,1.14,20.77
2005-08-02,18.23,30.36,33.65,27.74,83.7,1.49,18.14
2005-08-03,19.55,29.86,34.22,26.34,84.26,1.78,19.48
2005-08-04,50.15,28.75,32.03,25.76,88.82,1.88,19.13
2005-08-05,43.9,27.65,29.53,25.83,91.4,1.59,11.26
2005-08-06,32.26,27.88,31.17,25.22,90.82,2.65,9.23
2005-08-07,16.18,28.51,31.61,25.32,88.87,1.72,11.43
2005-08-08,19.54,28.74,31.42,26.07,89.44,1.77,12.76
2005-08-09,9.84,27.77,30.89,26.11,91.19,1.38,15.02
2005-08-10,13.6,27.78,30.79,25.7,92.09,1.48,9.02
2005-08-11,32.72,28.03,30.84,26.05,91.26,1.41,12.59
2005-08-12,37.37,27.65,30.0,25.93,91.74,1.79,10.25
2005-08-13,6.2,30.28,34.37,26.22,81.34,1.37,18.63
2005-08-14,21.83,28.53,31.61,26.09,88.76,2.1,15.56
2005-08-15,15.97,28.42,31.92,25.07,85.85,1.36,18.18
2005-08-16,6.69,27.78,30.98,25.64,88.71,1.05,17.01
2005-08-17,3.35,27.89,30.61,25.61,89.61,1.3,15.26
2005-08-18,72.36,28.1,30.57,26.07,89.17,1.45,18.23
2005-08-19,41.43,27.38,28.88,25.82,92.27,1.47,16.97
2005-08-20,27.2,27.63,31.5,25.11,91.08,2.74,13.82
2005-08-21,31.38,27.61,30.73,24.94,90.86,2.88,13.66
2005-08-22,22.05,27.46,29.75,24.91,93.51,2.97,12.95
2005-08-23,30.3,27.86,30.98,25.42,92.73,2.86,9.2
2005-08-24,42.3,27.51,29.88,25.69,92.89,2.14,12.97
2005-08-25,15.47,27.3,29.68,25.27,92.59,2.04,10.13
2005-08-26,68.82,26.62,28.14,25.03,94.71,1.65,18.8
2005-08-27,22.54,27.1,29.71,24.74,93.07,1.9,12.52
2005-08-28,11.5,26.76,30.18,24.38,91.83,1.77,17.51
2005-08-29,3.36,27.1,30.81,23.69,88.33,1.32,16.96
2005-08-30,2.21,27.39,31.03,24.44,89.93,1.68,12.86
2005-08-31,3.32,28.49,32.82,23.98,81.63,1.07,16.63
2005-09-01,14.83,29.92,34.13,26.22,80.37,0.91,15.7
2005-09-02,1.01,30.31,34.58,26.1,80.08,1.07,20.01
2005-09-03,2.22,29.73,33.58,26.94,83.79,1.16,14.9
2005-09-04,3.92,28.62,32.45,25.77,86.12,1.08,12.78
2005-09-05,9.88,28.33,30.52,25.46,81.35,0.65,15.86
2005-09-06,3.37,28.76,32.1,25.49,79.84,0.86,20.52
2005-09-07,3.92,28.21,31.59,25.99,84.02,0.83,8.77
2005-09-08,2.96,28.29,32.21,25.57,83.89,1.45,19.62
2005-09-09,8.09,28.21,31.52,25.33,83.05,1.67,20.23
2005-09-10,7.29,28.63,32.87,24.63,80.68,1.77,20.5
2005-09-11,6.25,28.36,32.33,25.15,83.01,1.36,21.57
2005-09-12,2.74,28.74,32.47,24.9,82.68,0.98,19.74
2005-09-13,1.44,28.64,32.7,25.02,81.31,1.15,19.42
2005-09-14,0.17,29.44,34.91,24.65,71.52,1.39,20.05
2005-09-15,2.4,29.45,36.0,23.74,71.91,1.6,22.63
2005-09-16,0.94,27.05,29.83,24.32,82.5,2.89,20.08
2005-09-17,0.74,27.37,30.23,24.84,83.19,3.59,19.69
2005-09-18,0.04,29.27,33.35,25.07,78.96,1.87,20.13
2005-09-19,3.69,29.6,33.51,27.01,80.33,1.24,18.85
2005-09-20,39.1,26.86,28.85,25.05,90.72,2.38,3.03
2005-09-21,35.81,25.86,27.86,24.79,92.87,2.38,15.88
2005-09-22,4.31,26.87,29.63,24.16,86.04,1.26,16.62
2005-09-23,20.26,26.77,29.73,24.71,90.48,2.16,11.48
2005-09-24,63.04,26.64,29.59,24.43,93.86,1.98,9.05
2005-09-25,11.82,26.57,28.6,24.89,90.7,0.98,7.47
2005-09-26,1.15,27.93,31.56,24.37,80.11,0.95,18.39
2005-09-27,4.51,28.93,33.55,24.61,80.24,0.98,18.55
2005-09-28,0.99,29.09,33.63,25.71,80.95,1.21,14.86
2005-09-29,16.65,26.99,29.59,25.04,88.93,1.1,13.83
2005-09-30,27.24,26.49,29.47,24.24,90.2,1.28,11.17
2005-10-01,32.61,25.41,27.92,23.44,92.15,1.9,9.5
2005-10-02,27.54,25.61,29.23,22.89,85.95,1.19,8.53
2005-10-03,7.83,26.47,30.55,22.75,79.88,1.04,18.02
2005-10-04,16.77,26.4,29.72,22.55,82.1,1.03,13.13
2005-10-05,1.23,26.82,30.43,23.73,83.12,1.0,19.28
2005-10-06,0.01,27.05,30.89,23.43,79.98,0.95,18.5
2005-10-07,0.15,27.14,31.57,23.11,80.75,1.07,19.31
2005-10-08,0.32,27.95,32.39,23.56,77.34,0.97,20.4
2005-10-09,0.0,27.37,31.58,23.53,80.05,1.69,18.18
2005-10-10,0.0,27.83,32.08,23.56,78.67,1.25,20.66
2005-10-11,0.19,26.8,30.58,23.52,83.45,1.21,18.91
2005-10-12,0.12,27.32,31.72,23.68,80.36,1.0,15.79
2005-10-13,0.35,27.69,32.25,23.66,74.84,0.84,18.95
2005-10-14,0.0,26.8,31.95,22.42,76.98,1.28,20.2
2005-10-15,0.0,26.61,30.44,22.92,81.56,1.04,19.32
2005-10-16,2.36,26.79,30.81,23.29,82.32,0.95,17.27
2005-10-17,2.39,26.33,29.57,23.78,82.64,1.04,11.45
2005-10-18,11.07,25.32,28.23,23.47,83.99,0.79,13.16
2005-10-19,18.94,25.27,28.71,22.13,79.38,1.12,16.43
2005-10-20,4.26,24.42,26.46,22.16,85.99,1.34,7.26
2005-10-21,16.99,24.27,28.27,21.97,86.44,1.41,8.35
2005-10-22,75.19,23.57,26.53,21.25,84.58,1.78,8.0
2005-10-23,46.76,22.28,24.93,20.36,90.24,1.25,4.56
2005-10-24,4.4,23.02,27.82,18.9,85.55,1.29,12.06
2005-10-25,0.0,24.76,29.54,20.03,76.41,1.16,16.91
2005-10-26,0.04,24.89,29.59,20.71,79.55,0.98,16.52
2005-10-27,0.0,24.71,29.18,20.83,77.46,0.92,14.2
2005-10-28,0.03,25.1,30.12,20.35,78.39,1.69,8.4
2005-10-29,0.0,25.42,30.75,21.6,79.97,1.24,16.31
2005-10-30,0.0,24.98,29.55,21.14,80.08,1.06,15.89
2005-10-31,0.52,24.69,28.99,20.77,76.55,1.22,16.94
2005-11-01,0.03,23.58,27.99,19.99,76.92,1.01,16.77
2005-11-02,0.0,23.09,28.34,19.26,78.55,1.51,18.16
2005-11-03,0.0,23.79,29.29,18.25,74.01,1.16,18.06
2005-11-04,0.0,23.36,29.06,18.37,76.63,1.31,18.29
2005-11-05,0.0,23.86,29.11,18.91,74.32,0.97,18.45
2005-11-06,0.0,22.54,28.66,17.84,73.87,1.51,19.0
2005-11-07,0.0,23.63,30.67,16.89,71.1,1.58,18.36
2005-11-08,0.15,24.24,29.8,19.93,76.72,1.35,8.75
2005-11-09,0.0,24.03,27.95,20.94,79.93,1.08,16.59
2005-11-10,0.11,23.58,28.61,19.36,79.19,1.14,17.17
2005-11-11,0.0,22.64,28.45,18.06,75.41,1.29,16.9
2005-11-12,0.0,21.5,26.62,16.88,76.01,1.07,17.32
2005-11-13,0.0,20.78,25.67,15.91,75.51,0.99,17.25
2005-11-14,0.0,20.97,26.74,16.18,77.3,1.11,17.25
2005-11-15,0.0,20.42,25.94,15.74,80.96,1.24,17.14
2005-11-16,0.01,20.73,26.22,16.16,82.07,1.15,17.19
2005-11-17,0.04,20.95,25.78,17.26,81.22,1.04,16.69
2005-11-18,0.07,20.56,24.87,16.9,80.15,0.97,16.17
2005-11-19,0.0,20.34,26.42,15.36,77.89,1.36,16.4
2005-11-20,0.0,20.23,25.9,15.16,78.5,1.25,16.48
2005-11-21,0.0,19.72,24.9,15.6,81.56,1.13,15.01
2005-11-22,0.02,19.66,24.71,14.37,78.62,1.05,14.64
2005-11-23,0.39,19.89,24.55,16.35,80.3,0.94,14.66
2005-11-24,0.28,19.66,25.28,15.06,78.49,1.19,16.05
2005-11-25,0.0,20.44,26.89,15.05,70.43,1.22,16.45
2005-11-26,0.0,19.64,26.22,14.44,71.3,1.46,16.03
2005-11-27,0.0,18.94,25.44,14.08,72.72,1.23,16.64
2005-11-28,0.0,19.58,26.01,13.58,68.07,1.22,16.54
2005-11-29,0.0,18.61,24.54,13.96,72.2,1.14,16.68
2005-11-30,0.0,18.03,24.01,12.99,75.27,1.18,16.72
2005-12-01,0.0,18.46,24.33,12.98,73.68,1.03,16.53
2005-12-02,0.0,18.89,24.77,13.85,73.27,1.14,16.03
2005-12-03,0.0,19.5,25.82,14.07,74.05,1.23,16.05
2005-12-04,0.0,18.93,24.8,14.31,76.24,1.16,13.94
2005-12-05,0.0,18.38,24.12,13.95,77.12,1.23,15.78
2005-12-06,0.0,19.06,26.17,13.0,64.79,1.36,16.37
2005-12-07,0.0,19.41,27.08,13.31,57.18,1.21,15.47
2005-12-08,0.0,18.78,25.45,12.81,66.27,1.3,16.26
2005-12-09,0.0,18.41,24.26,13.77,70.95,1.05,16.05
2005-12-10,0.0,17.99,24.35,12.68,70.59,1.18,16.11
2005-12-11,0.0,17.82,24.53,12.64,68.86,1.21,16.12
2005-12-12,0.0,18.32,25.69,12.21,69.43,1.34,16.39
2005-12-13,0.0,18.24,24.64,12.86,68.64,1.07,15.77
2005-12-14,0.0,18.63,25.44,12.25,65.92,1.33,16.17
2005-12-15,0.0,19.29,26.3,12.99,68.33,1.61,15.65
2005-12-16,0.0,20.05,26.26,15.06,73.12,1.24,15.32
2005-12-17,0.0,20.6,26.34,15.43,77.79,1.11,13.37
2005-12-18,0.0,20.29,25.76,16.32,77.85,1.06,13.79
2005-12-19,0.0,19.57,25.32,14.73,76.98,1.11,15.4
2005-12-20,0.0,20.04,25.89,14.41,68.72,1.14,15.69
2005-12-21,0.0,20.44,27.25,14.36,68.47,1.2,13.95
2005-12-22,0.46,18.74,21.4,16.53,82.93,2.57,4.94
2005-12-23,0.84,17.78,21.38,15.11,84.19,2.2,7.57
2005-12-24,0.01,18.6,23.84,14.32,77.25,1.84,15.47
2005-12-25,0.02,19.04,24.89,14.74,76.24,1.41,15.4
2005-12-26,0.03,18.55,23.9,14.57,77.19,1.26,13.87
2005-12-27,0.0,17.92,23.88,12.96,77.58,1.03,14.07
2005-12-28,0.0,17.73,24.64,13.0,73.42,1.51,15.2
2005-12-29,0.0,17.19,22.9,11.71,70.69,1.08,15.58
2005-12-30,0.0,17.29,24.25,12.3,68.92,1.29,16.25
2005-12-31,0.0,17.26,23.93,11.7,67.51,1.32,16.62
2006-01-01,0.0,17.82,24.86,12.06,64.71,1.41,16.63
2006-01-02,0.0,17.79,24.23,12.17,65.53,1.13,16.04
2006-01-03,0.0,17.85,23.49,13.19,70.28,1.02,14.11
2006-01-04,0.0,17.74,23.75,12.74,68.86,1.26,14.64
2006-01-05,0.0,16.85,23.07,11.66,72.18,1.21,15.62
2006-01-06,0.0,17.32,23.44,12.49,70.19,1.09,15.3
2006-01-07,0.0,17.9,23.61,13.63,70.23,1.17,13.05
2006-01-08,0.0,18.19,24.02,14.98,65.98,1.03,10.92
2006-01-09,0.0,17.19,24.01,11.77,68.47,1.32,8.93
2006-01-10,0.0,16.28,22.2,12.08,68.37,1.21,15.33
2006-01-11,0.0,16.38,22.27,11.39,67.79,1.33,11.38
2006-01-12,0.01,16.06,22.65,11.29,71.25,1.25,13.33
2006-01-13,0.0,15.76,21.45,11.95,68.74,1.19,13.85
2006-01-14,0.0,15.75,20.84,11.99,68.03,1.1,13.89
2006-01-15,0.0,15.71,21.24,12.08,71.55,1.2,15.08
2006-01-16,0.0,15.47,20.18,11.54,71.61,1.22,13.25
2006-01-17,0.0,15.48,21.19,10.91,75.56,1.34,14.25
2006-01-18,0.0,16.9,22.6,11.44,76.89,1.41,13.11
2006-01-19,0.0,17.57,23.33,12.49,81.59,1.28,14.63
2006-01-20,0.0,17.11,22.74,12.3,76.04,1.38,15.53
2006-01-21,0.0,16.36,22.32,10.77,68.91,1.36,16.11
2006-01-22,0.0,15.73,22.11,10.0,66.27,1.29,17.8
2006-01-23,0.0,15.46,22.18,10.08,64.25,1.29,17.96
2006-01-24,0.0,16.38,22.8,10.64,65.56,1.4,16.67
2006-01-25,0.0,17.53,23.3,13.31,70.39,1.22,15.82
2006-01-26,0.0,18.07,25.31,13.17,69.85,1.52,17.22
2006-01-27,0.0,18.01,25.3,11.85,65.95,1.46,17.91
2006-01-28,0.0,17.99,25.03,11.79,63.88,1.31,18.45
2006-01-29,0.0,17.45,23.64,11.74,69.32,1.3,18.33
2006-01-30,0.0,18.73,25.46,13.02,69.45,1.29,17.7
2006-01-31,0.0,19.43,26.08,13.77,68.41,1.36,17.95
2006-02-01,0.0,19.73,26.28,14.13,66.51,1.3,18.23
2006-02-02,0.0,19.97,26.04,14.26,68.7,1.31,18.42
2006-02-03,0.0,20.73,27.29,15.3,69.74,1.27,17.98
2006-02-04,0.0,20.17,26.07,15.36,72.37,1.28,17.55
2006-02-05,0.37,20.23,26.64,14.78,65.62,1.24,16.29
2006-02-06,0.0,19.55,26.04,14.85,68.98,1.46,17.6
2006-02-07,0.0,19.78,26.9,14.5,64.48,1.24,18.5
2006-02-08,0.0,19.57,26.58,13.24,59.75,1.39,18.84
2006-02-09,0.0,19.91,27.1,13.74,60.83,1.3,18.66
2006-02-10,0.0,19.79,27.35,14.04,62.61,1.5,19.34
2006-02-11,0.0,19.76,26.66,13.99,63.69,1.41,18.75
2006-02-12,0.0,20.57,27.17,15.07,64.13,1.28,19.91
2006-02-13,0.0,20.32,26.6,15.01,67.76,1.25,15.91
2006-02-14,0.35,20.67,26.22,14.92,68.51,1.29,17.37
2006-02-15,1.5,21.41,26.88,15.75,70.58,1.3,15.92
2006-02-16,1.04,21.67,27.54,16.7,79.65,1.52,11.77
2006-02-17,13.64,22.05,27.08,18.19,81.28,1.19,16.0
2006-02-18,4.12,21.75,27.47,16.4,72.87,1.08,16.09
2006-02-19,2.43,22.92,28.21,18.64,71.14,1.18,13.98
2006-02-20,0.01,22.78,28.3,18.04,74.53,1.31,15.72
2006-02-21,18.69,22.8,26.93,18.7,78.69,1.27,14.06
2006-02-22,3.01,22.59,27.85,17.87,81.46,1.28,13.44
2006-02-23,1.79,23.24,28.65,18.28,73.78,1.12,18.99
2006-02-24,0.0,22.92,28.94,17.82,72.73,1.19,18.07
2006-02-25,0.0,22.79,28.41,17.89,70.76,1.29,19.48
2006-02-26,0.01,23.4,29.36,17.04,62.63,1.37,20.15
2006-02-27,0.01,22.47,29.43,17.18,66.26,1.55,20.21
2006-02-28,0.01,22.71,29.89,16.68,69.33,1.7,19.74
2006-03-01,0.0,22.99,29.36,18.38,61.05,1.37,18.51
2006-03-02,0.0,23.19,30.37,15.97,50.75,1.5,18.54
2006-03-03,0.21,22.48,28.6,16.67,55.85,1.61,17.15
2006-03-04,0.0,21.64,28.96,14.14,48.56,1.62,21.28
2006-03-05,0.0,22.44,28.98,16.06,57.88,1.38,16.29
2006-03-06,0.0,22.76,29.38,16.35,61.09,1.31,19.47
2006-03-07,0.0,23.79,30.14,17.7,54.39,1.43,20.12
2006-03-08,0.0,23.69,31.47,16.58,52.54,1.41,20.95
2006-03-09,0.0,25.0,32.05,17.57,53.91,1.52,19.35
2006-03-10,0.0,25.56,31.36,19.99,58.27,1.23,19.93
2006-03-11,0.83,23.7,28.7,19.39,65.43,1.23,13.37
2006-03-12,3.17,22.09,28.4,17.41,66.0,1.83,21.94
2006-03-13,0.0,22.71,28.55,16.58,66.17,1.39,17.52
2006-03-14,0.0,23.76,30.61,17.03,57.54,1.66,21.08
2006-03-15,0.12,24.32,30.94,17.69,60.44,1.57,20.54
2006-03-16,2.9,24.16,29.53,19.2,64.17,1.44,16.7
2006-03-17,0.0,24.38,30.27,18.91,58.09,1.46,21.71
2006-03-18,0.01,23.33,30.37,15.37,44.62,1.54,24.22
2006-03-19,0.0,22.67,29.76,15.24,46.01,1.35,24.51
2006-03-20,0.0,23.61,31.17,16.74,45.05,1.35,24.67
2006-03-21,0.0,23.53,30.78,15.55,47.21,1.5,24.07
2006-03-22,0.21,24.72,31.76,17.1,48.9,1.49,19.01
2006-03-23,6.37,25.27,31.96,19.65,50.65,1.32,20.4
2006-03-24,0.0,25.34,32.3,19.23,42.74,1.35,22.79
2006-03-25,0.0,25.38,32.55,17.33,47.27,1.54,23.4
2006-03-26,0.0,26.15,34.14,18.7,51.58,1.63,23.88
2006-03-27,0.01,27.58,35.06,19.58,49.35,1.42,17.71
2006-03-28,0.0,27.25,35.6,21.16,37.52,1.94,21.51
2006-03-29,0.0,26.36,34.93,19.99,35.07,1.98,23.04
2006-03-30,0.0,26.78,34.99,18.23,32.33,1.64,23.11
2006-03-31,0.0,26.53,34.19,18.96,38.58,1.57,21.87
2006-04-01,0.1,27.16,34.2,19.03,48.32,1.48,19.54
2006-04-02,15.82,28.35,32.2,23.26,61.81,1.09,21.33
2006-04-03,33.23,26.6,29.94,23.31,73.79,1.1,12.17
2006-04-04,54.75,24.8,28.62,21.67,86.39,1.87,13.6
2006-04-05,22.4,25.98,29.52,22.41,82.83,1.58,15.62
2006-04-06,9.3,26.12,30.09,22.63,78.92,0.8,18.67
2006-04-07,6.21,26.08,30.16,22.44,78.07,1.3,20.3
2006-04-08,3.13,26.11,29.83,22.47,76.08,1.33,17.93
2006-04-09,6.35,25.66,29.92,22.22,78.28,1.17,16.29
2006-04-10,12.5,25.97,29.62,23.32,80.31,1.44,15.84
2006-04-11,7.82,26.63,31.79,22.71,83.31,2.17,14.17
2006-04-12,0.64,27.64,32.82,23.38,79.28,1.82,14.69
2006-04-13,2.17,27.59,31.74,22.62,78.94,1.14,18.98
2006-04-14,0.25,28.07,32.91,23.74,75.11,1.5,22.94
2006-04-15,0.09,28.76,34.17,23.3,65.6,1.2,18.79
2006-04-16,29.72,27.09,30.89,23.32,73.78,1.14,15.78
2006-04-17,52.59,26.48,30.23,23.3,81.58,1.12,16.96
2006-04-18,3.28,24.37,27.35,21.4,81.01,1.57,10.9
2006-04-19,12.43,24.54,28.95,20.26,77.28,1.87,18.49
2006-04-20,0.02,24.91,29.93,19.93,72.26,1.35,25.74
2006-04-21,0.05,25.74,30.99,19.13,62.01,1.31,26.09
2006-04-22,4.68,25.85,31.34,20.8,68.22,1.53,23.23
2006-04-23,2.62,26.49,31.73,21.2,68.4,1.37,24.12
2006-04-24,1.48,27.06,33.21,20.93,62.64,1.48,21.11
2006-04-25,1.08,27.23,32.94,21.51,64.73,1.49,24.29
2006-04-26,1.74,28.2,33.02,22.17,64.1,1.37,22.75
2006-04-27,17.56,27.29,30.73,23.48,73.11,1.12,19.68
2006-04-28,0.0,28.16,34.65,21.64,61.89,1.35,24.05
2006-04-29,0.02,28.53,34.95,22.07,60.41,2.28,25.43
2006-04-30,0.0,27.33,33.28,21.6,63.57,1.57,25.66
2006-05-01,34.09,28.73,32.34,24.13,68.49,0.98,17.09
2006-05-02,6.67,28.8,33.21,24.39,72.36,1.24,21.96
2006-05-03,1.49,28.39,33.2,23.77,69.43,1.18,22.75
2006-05-04,12.88,28.27,32.02,24.76,73.14,1.3,21.92
2006-05-05,16.18,28.03,31.3,24.75,76.75,1.07,22.83
2006-05-06,9.27,28.17,31.08,24.86,75.59,1.39,16.6
2006-05-07,3.4,24.46,25.84,22.99,85.16,1.95,12.75
2006-05-08,0.0,27.57,32.39,22.5,72.44,1.33,21.29
2006-05-09,0.89,27.99,32.16,23.29,71.57,1.14,21.48
2006-05-10,12.19,27.29,30.69,23.99,82.1,1.39,19.84
2006-05-11,17.35,26.82,30.21,23.18,85.68,1.59,12.35
2006-05-12,14.88,26.74,29.79,24.01,88.22,1.27,5.11
2006-05-13,28.16,27.2,29.93,23.86,83.28,1.03,18.58
2006-05-14,13.13,26.72,30.24,23.63,80.18,1.68,12.71
2006-05-15,0.05,27.28,32.08,22.71,67.7,2.86,24.74
2006-05-16,0.0,27.71,33.3,21.81,66.06,1.5,27.64
2006-05-17,0.0,28.23,34.3,21.95,63.42,1.54,28.18
2006-05-18,0.0,29.34,35.23,23.51,62.25,1.3,26.82
2006-05-19,3.94,28.85,33.51,23.7,69.57,1.33,26.75
2006-05-20,0.09,29.33,33.68,24.51,68.83,1.19,23.01
2006-05-21,0.54,29.57,35.03,24.3,67.51,1.05,25.58
2006-05-22,4.32,29.54,34.48,24.55,67.33,1.38,26.14
2006-05-23,2.48,29.69,34.1,24.95,66.9,1.21,24.39
2006-05-24,1.46,29.72,34.95,24.79,69.31,1.35,25.36
2006-05-25,19.15,29.98,35.46,25.35,73.15,1.47,25.54
2006-05-26,57.93,28.21,31.06,25.19,83.66,2.08,15.35
2006-05-27,82.74,26.1,28.62,24.52,93.29,1.99,4.4
2006-05-28,46.13,25.89,28.13,23.9,93.49,2.75,4.39
2006-05-29,34.59,27.52,30.45,25.0,90.28,3.01,8.25
2006-05-30,29.72,27.13,29.32,25.21,93.93,2.9,5.69
2006-05-31,44.64,26.56,28.85,24.78,90.59,1.39,9.43
2006-06-01,28.46,26.96,28.99,25.17,91.0,1.27,5.42
2006-06-02,18.54,27.46,30.07,24.47,82.44,0.99,9.77
2006-06-03,3.48,27.7,31.43,25.11,79.08,1.12,20.84
2006-06-04,9.11,27.81,30.95,25.21,86.34,1.6,15.79
2006-06-05,16.08,27.99,31.19,25.09,85.21,2.12,17.68
2006-06-06,13.4,28.41,32.47,24.96,84.96,1.97,15.04
2006-06-07,8.81,28.67,32.24,25.34,84.78,1.63,19.08
2006-06-08,3.33,27.59,30.88,25.05,88.96,1.74,15.88
2006-06-09,12.48,27.7,31.77,24.38,88.32,2.64,11.19
2006-06-10,59.89,26.58,28.56,24.37,94.32,2.77,5.44
2006-06-11,88.96,28.25,31.78,25.8,91.18,3.62,11.31
2006-06-12,120.5,27.6,31.06,25.37,93.59,2.64,2.57
2006-06-13,44.7,27.73,30.71,24.93,90.3,1.51,3.48
2006-06-14,11.61,27.27,29.3,24.76,90.57,1.22,7.95
2006-06-15,10.58,27.57,30.55,25.05,86.58,1.03,19.64
2006-06-16,29.49,27.61,29.87,24.95,90.48,1.36,17.16
2006-06-17,1.8,28.14,31.42,24.74,86.42,1.2,16.39
2006-06-18,0.02,29.49,33.35,25.78,80.63,1.08,18.54
2006-06-19,1.56,29.76,33.2,25.84,76.25,1.06,21.7
2006-06-20,7.17,28.45,32.43,25.76,83.34,0.98,22.94
2006-06-21,7.42,26.9,29.25,25.12,89.65,1.62,22.67
2006-06-22,7.31,28.57,32.85,24.38,82.43,1.45,20.62
2006-06-23,22.34,27.45,29.54,25.33,90.58,1.58,15.29
2006-06-24,7.4,27.58,29.71,25.85,89.82,1.28,10.09
2006-06-25,10.99,27.43,29.58,25.71,88.95,1.22,16.55
2006-06-26,54.3,27.56,30.87,25.17,89.57,1.35,12.02
2006-06-27,75.63,26.86,28.45,25.39,91.19,1.09,10.3
2006-06-28,18.67,28.17,30.67,25.47,85.99,1.47,12.97
2006-06-29,6.38,29.19,32.78,25.19,82.95,1.26,18.17
2006-06-30,1.67,29.28,31.65,26.21,82.85,0.97,26.42
2006-07-01,9.69,30.38,34.97,27.04,82.02,1.82,26.73
2006-07-02,0.18,29.76,34.54,27.01,85.12,1.66,25.07
2006-07-03,4.18,29.58,33.77,25.93,83.9,1.36,20.28
2006-07-04,2.51,28.28,31.19,25.71,89.54,1.74,17.66
2006-07-05,11.96,28.02,30.71,25.92,90.49,2.17,17.78
2006-07-06,48.97,28.26,30.72,26.23,92.16,3.44,6.73
2006-07-07,51.22,28.37,30.92,26.33,92.82,2.42,5.36
2006-07-08,52.48,27.94,29.73,26.14,93.4,1.63,6.82
2006-07-09,13.37,28.43,31.81,25.31,89.83,2.03,19.09
2006-07-10,5.21,28.42,32.26,25.02,88.62,1.89,13.11
2006-07-11,13.37,27.73,30.14,25.66,91.58,2.87,13.44
2006-07-12,13.43,27.97,31.45,24.71,89.35,1.95,17.16
2006-07-13,9.89,27.99,30.85,25.53,89.81,2.2,17.84
2006-07-14,13.67,28.18,30.62,25.35,88.8,1.16,19.39
2006-07-15,4.78,28.03,29.98,25.95,86.65,1.11,19.25
2006-07-16,5.02,29.57,33.21,26.47,83.45,1.33,24.26
2006-07-17,1.17,28.31,31.22,26.18,88.34,1.66,17.54
2006-07-18,19.16,28.01,31.47,25.08,88.49,1.87,14.9
2006-07-19,16.17,27.69,31.26,25.0,88.64,1.75,16.13
2006-07-20,5.49,28.02,31.64,24.47,87.17,1.66,17.66
2006-07-21,7.04,28.21,31.77,25.3,83.53,1.2,21.13
2006-07-22,5.66,27.57,30.42,25.08,88.81,1.82,18.66
2006-07-23,3.92,27.45,30.64,24.82,88.04,1.85,19.69
2006-07-24,8.88,28.13,31.28,25.04,87.74,1.42,20.41
2006-07-25,9.55,28.31,31.55,25.25,88.4,1.73,18.02
2006-07-26,26.93,26.9,28.43,25.45,93.33,2.34,9.7
2006-07-27,4.05,28.61,31.97,24.44,83.0,1.17,19.48
2006-07-28,0.92,27.71,31.22,25.45,89.5,1.79,23.39
2006-07-29,2.95,27.97,31.02,24.9,86.11,2.21,16.44
2006-07-30,5.67,27.41,29.57,25.06,87.82,1.16,20.08
2006-07-31,2.58,28.97,32.02,25.73,82.04,1.17,24.98
2006-08-01,2.53,30.65,34.96,26.44,78.31,1.11,19.65
2006-08-02,29.39,29.26,32.98,26.01,80.95,1.5,23.19
2006-08-03,14.9,28.68,32.57,25.59,83.39,1.25,11.46
2006-08-04,13.45,26.55,30.3,24.28,88.5,1.54,19.97
2006-08-05,9.45,25.95,28.74,23.42,90.12,2.04,10.56
2006-08-06,4.57,26.71,30.21,23.32,88.27,1.6,19.31
2006-08-07,4.63,27.2,30.54,24.03,89.13,1.86,15.93
2006-08-08,2.54,28.19,31.89,24.8,86.25,1.24,20.24
2006-08-09,16.47,29.16,32.31,26.17,83.61,0.75,21.55
2006-08-10,9.72,30.3,35.29,26.04,77.84,2.47,24.36
2006-08-11,6.98,30.84,34.92,26.12,77.31,1.52,23.96
2006-08-12,46.68,29.67,33.32,26.47,84.98,0.92,24.96
2006-08-13,15.49,28.11,30.97,26.28,87.52,1.08,18.94
2006-08-14,12.43,28.6,30.49,26.41,83.84,0.89,20.67
2006-08-15,3.15,30.32,34.53,26.61,79.66,1.46,24.08
2006-08-16,0.17,30.03,35.36,26.24,80.33,1.47,25.7
2006-08-17,1.58,28.37,31.91,25.57,86.13,1.12,19.15
2006-08-18,2.96,27.79,30.78,25.3,88.95,1.41,16.02
2006-08-19,2.98,28.47,32.19,25.37,87.38,1.4,20.1
2006-08-20,14.9,28.76,32.37,25.68,86.71,0.99,21.01
2006-08-21,23.0,28.61,32.0,24.59,87.38,2.02,18.63
2006-08-22,8.68,27.75,32.21,23.53,85.83,1.82,17.72
2006-08-23,13.58,27.37,31.3,24.21,88.95,1.69,15.18
2006-08-24,32.63,27.52,31.06,24.05,89.66,1.81,12.91
2006-08-25,26.89,27.46,29.95,24.94,89.9,1.18,14.53
2006-08-26,4.36,27.73,30.79,25.05,88.84,1.37,19.91
2006-08-27,0.64,28.11,31.78,24.76,84.24,0.88,21.75
2006-08-28,3.0,28.95,31.52,26.79,83.19,1.4,20.78
2006-08-29,11.64,28.38,31.51,25.82,84.76,1.55,16.84
2006-08-30,0.61,27.09,30.62,24.78,88.71,1.48,19.13
2006-08-31,0.6,26.96,30.49,23.72,87.36,1.3,20.73
2006-09-01,0.09,27.98,31.13,24.98,83.46,0.96,19.65
2006-09-02,4.77,29.37,34.77,26.08,78.97,1.73,16.98
2006-09-03,2.32,28.19,32.32,25.1,83.23,2.53,23.16
2006-09-04,1.99,27.25,31.12,24.28,85.18,1.5,17.24
2006-09-05,1.65,26.73,30.32,23.41,87.65,1.72,18.85
2006-09-06,1.15,27.48,31.11,24.9,86.62,1.59,18.94
2006-09-07,15.3,27.4,31.25,23.62,88.47,1.46,13.11
2006-09-08,10.87,28.03,31.11,25.39,88.79,1.56,10.89
2006-09-09,1.92,28.56,32.01,25.67,82.48,0.99,13.53
2006-09-10,36.89,27.76,30.46,25.77,87.65,2.11,6.6
2006-09-11,58.55,26.3,28.34,24.88,93.78,1.81,6.21
2006-09-12,12.89,25.89,28.2,23.98,92.85,2.21,2.79
2006-09-13,1.71,26.8,29.62,24.24,88.25,1.2,17.6
2006-09-14,0.17,27.74,31.24,24.43,83.58,0.91,20.04
2006-09-15,0.13,28.03,31.21,25.58,80.74,1.0,18.57
2006-09-16,13.41,27.8,31.1,25.05,82.92,1.24,19.48
2006-09-17,1.45,28.3,31.11,25.56,79.44,1.02,15.48
2006-09-18,0.96,29.17,34.09,24.16,75.63,1.43,22.58
2006-09-19,1.64,29.26,33.89,24.68,79.83,1.23,21.76
2006-09-20,6.51,26.29,27.8,23.86,89.62,1.49,7.14
2006-09-21,18.94,25.74,29.32,23.09,85.96,2.26,6.54
2006-09-22,18.71,25.97,29.25,23.24,86.32,2.07,6.92
2006-09-23,28.85,26.07,28.42,23.65,85.98,1.64,11.0
2006-09-24,4.42,27.19,30.83,23.71,82.21,0.92,16.25
2006-09-25,6.92,27.37,31.04,23.89,84.43,1.06,17.43
2006-09-26,0.18,27.41,30.74,25.0,84.26,1.01,19.1
2006-09-27,0.1,29.11,33.48,24.62,78.01,1.11,20.33
2006-09-28,0.59,29.09,33.94,25.18,78.86,1.7,21.15
2006-09-29,3.52,28.83,33.07,25.93,79.25,0.88,20.35
2006-09-30,28.86,27.27,30.46,24.81,84.01,1.01,16.03
2006-10-01,43.68,26.34,29.46,24.39,89.99,1.02,5.83
2006-10-02,1.85,27.53,31.25,24.3,84.69,1.15,20.99
2006-10-03,4.97,28.27,32.19,25.32,81.35,1.07,18.01
2006-10-04,8.92,28.07,31.82,25.34,83.92,1.21,11.32
2006-10-05,7.4,27.1,30.3,24.5,87.76,0.98,11.65
2006-10-06,4.55,26.75,30.57,23.82,83.97,1.07,19.83
2006-10-07,0.65,27.18,31.99,22.81,80.03,1.15,18.42
2006-10-08,0.0,28.24,33.79,23.04,73.97,1.13,20.73
2006-10-09,0.05,27.55,33.24,22.25,75.57,1.35,19.92
2006-10-10,0.11,27.88,32.83,23.68,76.67,0.83,19.81
2006-10-11,2.65,27.57,31.6,23.99,78.65,1.0,19.95
2006-10-12,1.09,28.14,33.12,23.74,75.57,1.03,14.34
2006-10-13,4.52,27.13,32.19,22.86,78.71,1.21,17.41
2006-10-14,3.85,26.52,29.97,23.97,82.38,1.05,18.8
2006-10-15,1.58,25.91,29.72,22.6,82.29,1.02,16.9
2006-10-16,0.09,26.19,31.01,22.03,78.48,1.11,19.01
2006-10-17,0.97,25.55,30.04,21.72,79.89,1.19,17.14
2006-10-18,0.02,25.97,30.65,22.57,75.92,1.09,14.69
2006-10-19,0.25,24.72,29.3,21.55,78.33,1.42,9.57
2006-10-20,4.38,25.54,30.59,21.95,76.03,1.29,10.7
2006-10-21,0.05,25.16,29.61,21.16,76.87,1.21,17.59
2006-10-22,0.01,25.36,30.12,21.13,76.93,1.23,19.43
2006-10-23,0.0,25.11,30.85,20.51,76.25,1.26,19.67
2006-10-24,0.0,25.03,30.19,20.52,75.47,1.22,19.69
2006-10-25,0.0,24.91,31.21,19.95,73.45,1.83,16.76
2006-10-26,0.0,24.63,30.87,19.42,70.23,2.07,19.22
2006-10-27,0.0,24.44,30.92,19.14,71.79,1.4,18.76
2006-10-28,0.0,24.67,30.03,19.7,68.72,0.96,9.73
2006-10-29,0.0,25.48,31.05,20.64,66.8,0.96,16.79
2006-10-30,0.0,24.14,30.51,18.64,70.94,1.67,15.15
2006-10-31,0.0,25.05,32.05,19.22,67.04,1.65,10.99
2006-11-01,0.08,25.85,32.54,20.37,68.64,1.29,11.04
2006-11-02,0.18,26.06,31.16,20.61,70.11,1.09,13.52
2006-11-03,0.0,25.57,31.3,21.05,72.42,1.19,18.23
2006-11-04,0.0,24.69,29.52,20.2,77.37,1.26,17.99
2006-11-05,0.0,23.85,28.09,20.68,81.63,1.07,10.19
2006-11-06,0.04,24.34,29.91,19.5,72.88,1.1,14.99
2006-11-07,0.34,22.75,27.5,19.55,81.2,1.93,10.88
2006-11-08,0.33,23.28,27.1,20.27,80.36,1.55,13.19
2006-11-09,0.43,22.86,25.76,20.36,83.96,1.27,9.07
2006-11-10,0.2,23.97,29.45,20.18,75.48,1.21,7.14
2006-11-11,4.31,21.18,24.75,18.91,84.69,2.67,6.17
2006-11-12,0.42,22.66,28.38,18.51,80.39,1.38,17.25
2006-11-13,0.22,23.19,28.5,18.96,81.17,1.33,16.17
2006-11-14,0.0,23.41,28.52,19.84,77.49,1.28,16.22
2006-11-15,0.0,23.18,29.28,18.06,68.12,1.23,16.72
2006-11-16,0.0,21.7,27.81,16.71,70.44,1.28,16.12
2006-11-17,0.0,21.8,27.27,16.61,68.75,1.08,16.73
2006-11-18,0.0,21.29,27.19,16.45,72.62,1.2,17.19
2006-11-19,0.0,20.83,26.08,16.74,71.64,1.08,16.61
2006-11-20,2.22,20.71,25.36,16.05,75.78,1.14,14.93
2006-11-21,0.17,20.42,24.97,16.67,80.56,1.25,13.82
2006-11-22,0.07,19.88,24.53,15.73,77.25,1.26,15.0
2006-11-23,0.01,19.76,24.48,14.79,75.15,1.14,14.7
2006-11-24,0.03,19.99,25.32,14.54,74.5,1.25,14.97
2006-11-25,0.21,20.94,26.26,17.48,71.37,1.32,12.57
2006-11-26,0.0,21.1,25.25,17.38,64.18,1.2,12.44
2006-11-27,0.0,19.39,24.21,14.54,67.74,1.01,15.06
2006-11-28,0.0,17.72,22.6,13.25,62.88,1.14,16.47
2006-11-29,0.0,16.65,22.72,12.05,71.13,1.14,16.41
2006-11-30,0.0,16.89,22.84,12.16,75.18,1.25,15.86
2006-12-01,0.0,16.86,22.68,12.19,75.37,1.25,15.58
2006-12-02,0.0,16.87,23.22,11.54,73.7,1.15,15.77
2006-12-03,0.0,17.62,24.27,12.2,70.42,1.23,15.59
2006-12-04,0.0,18.3,25.0,12.76,68.3,1.42,15.91
2006-12-05,0.0,18.75,25.25,13.09,67.98,1.13,16.11
2006-12-06,0.0,19.08,25.07,14.02,72.24,1.12,16.04
2006-12-07,0.0,19.24,25.4,14.41,73.47,1.27,16.02
2006-12-08,0.0,18.94,25.0,14.23,75.5,1.28,15.46
2006-12-09,0.0,19.56,25.99,14.47,72.79,1.1,14.6
2006-12-10,0.0,19.04,24.15,14.41,77.06,1.12,14.55
2006-12-11,0.02,18.87,24.47,15.36,74.07,1.15,14.84
2006-12-12,4.3,18.1,22.48,13.32,77.52,1.18,9.92
2006-12-13,0.0,18.95,24.34,14.88,78.24,0.99,12.59
2006-12-14,0.0,17.71,24.01,13.0,76.66,1.33,14.68
2006-12-15,0.0,18.49,25.07,12.85,75.48,1.3,15.32
2006-12-16,0.0,19.42,26.22,14.18,67.15,2.07,15.22
2006-12-17,0.0,19.95,26.16,14.87,67.29,1.54,14.72
2006-12-18,0.73,19.37,23.88,14.05,75.44,1.12,12.46
2006-12-19,0.02,19.96,25.7,15.21,76.83,1.23,13.35
2006-12-20,0.0,20.73,26.25,17.11,75.46,1.93,14.19
2006-12-21,0.0,20.41,25.67,16.49,68.97,2.07,14.7
2006-12-22,0.0,19.1,24.91,14.85,73.06,1.61,14.98
2006-12-23,0.0,19.72,25.49,14.89,73.2,1.23,14.91
2006-12-24,0.0,18.81,24.8,14.52,77.72,1.33,15.03
2006-12-25,0.0,17.56,23.22,13.22,78.6,1.35,15.32
2006-12-26,0.0,17.16,22.77,12.51,76.88,1.2,14.88
2006-12-27,0.0,17.15,23.41,12.71,75.39,1.26,13.68
2006-12-28,0.06,16.89,23.15,11.84,70.74,1.3,12.17
2006-12-29,0.0,17.4,24.09,13.07,74.02,1.48,13.9
2006-12-30,0.0,16.83,22.63,12.46,75.76,1.34,12.21
2006-12-31,0.0,16.6,22.53,12.14,79.33,1.28,12.59
2007-01-01,0.01,16.29,21.51,11.66,79.88,1.11,14.25
2007-01-02,0.03,16.08,21.46,12.09,69.59,1.14,14.04
2007-01-03,0.0,14.45,19.93,9.77,71.71,1.14,12.84
2007-01-04,0.0,14.96,20.98,9.54,72.75,1.13,12.35
2007-01-05,0.0,16.63,23.8,10.27,69.04,1.18,11.77
2007-01-06,0.0,17.71,25.28,11.85,67.76,1.3,9.71
2007-01-07,0.0,16.83,23.66,11.66,71.26,1.21,8.86
2007-01-08,0.0,17.02,23.91,11.37,65.73,1.28,7.45
2007-01-09,0.0,16.64,24.06,11.06,65.94,1.21,13.85
2007-01-10,0.0,16.5,23.3,10.75,70.49,1.27,14.21
2007-01-11,0.0,16.1,22.58,10.82,68.11,1.32,15.93
2007-01-12,0.0,16.15,23.14,11.41,68.09,1.39,15.91
2007-01-13,0.0,15.13,22.44,9.89,67.9,1.5,13.08
2007-01-14,0.0,14.37,21.49,9.57,62.46,1.49,11.87
2007-01-15,0.0,13.74,20.2,7.8,56.69,1.47,13.84
2007-01-16,0.0,15.58,21.89,9.2,53.21,1.38,14.03
2007-01-17,0.0,16.6,22.68,11.74,56.75,1.24,16.23
2007-01-18,0.0,15.61,23.14,10.35,64.54,1.39,16.82
2007-01-19,0.0,14.78,21.46,9.24,66.56,1.36,15.59
2007-01-20,0.0,13.95,19.87,8.34,64.79,1.33,13.61
2007-01-21,0.0,14.89,21.21,9.59,65.43,1.38,13.99
2007-01-22,0.0,16.14,22.67,10.05,60.85,1.25,15.49
2007-01-23,0.0,16.43,23.54,11.0,64.4,1.35,16.48
2007-01-24,0.0,17.29,25.19,11.51,61.68,1.52,17.45
2007-01-25,0.0,17.1,24.52,11.04,65.78,1.41,17.39
2007-01-26,0.0,18.0,25.39,11.82,65.92,1.35,17.4
2007-01-27,0.0,18.82,25.99,13.04,67.16,1.36,17.34
2007-01-28,0.0,20.12,27.7,14.04,62.52,1.38,16.36
2007-01-29,0.0,19.47,25.19,13.85,65.47,1.3,14.97
2007-01-30,0.0,19.9,26.35,14.74,67.59,1.26,13.73
2007-01-31,2.18,19.93,25.03,14.58,69.99,1.11,11.28
2007-02-01,0.56,19.92,25.48,15.66,72.45,1.23,11.76
2007-02-02,0.01,19.56,25.13,15.93,68.23,2.22,12.73
2007-02-03,4.77,19.22,24.91,15.14,70.2,1.57,14.31
2007-02-04,2.43,19.58,24.24,15.89,73.37,1.13,9.34
2007-02-05,8.93,18.64,22.71,14.78,87.7,1.4,7.23
2007-02-06,0.49,18.8,23.08,14.98,82.86,1.05,12.56
2007-02-07,15.46,18.43,22.94,14.31,77.25,1.11,13.85
2007-02-08,1.82,18.77,24.8,13.78,72.53,1.34,15.17
2007-02-09,0.11,19.54,26.1,14.05,71.12,1.28,17.77
2007-02-10,0.0,19.95,26.85,14.75,65.69,2.2,18.95
2007-02-11,0.01,19.92,26.8,15.08,62.87,1.49,17.13
2007-02-12,0.32,19.35,25.42,13.31,67.3,1.43,8.56
2007-02-13,3.7,18.82,23.42,14.21,77.47,1.21,11.88
2007-02-14,14.41,17.33,19.58,15.7,84.54,3.28,5.86
2007-02-15,0.02,16.96,23.0,12.48,72.21,1.99,15.97
2007-02-16,1.25,16.79,22.42,12.58,60.25,1.38,19.69
2007-02-17,0.05,17.47,23.5,12.19,68.22,1.48,18.99
2007-02-18,0.0,17.7,24.11,11.93,63.09,1.41,19.72
2007-02-19,0.0,17.53,24.27,11.9,64.01,1.4,20.58
2007-02-20,0.0,17.88,24.2,12.27,59.49,1.42,20.58
2007-02-21,0.0,18.58,25.93,12.51,61.76,1.39,21.27
2007-02-22,0.0,19.49,27.11,13.57,62.76,1.51,21.31
2007-02-23,0.0,19.95,26.95,13.37,63.7,1.38,21.14
2007-02-24,0.0,20.76,27.91,14.57,62.84,1.42,21.3
2007-02-25,0.0,21.07,27.71,15.28,61.01,1.34,19.68
2007-02-26,1.66,20.79,27.35,15.36,63.04,1.72,18.67
2007-02-27,0.0,20.62,27.22,14.24,60.6,1.5,20.24
2007-02-28,0.0,21.49,28.16,14.76,57.93,1.5,21.84
2007-03-01,3.86,21.06,27.54,15.14,63.89,1.34,7.35
2007-03-02,5.83,19.78,23.94,15.41,73.92,1.56,8.13
2007-03-03,0.24,20.73,26.7,14.8,68.27,1.31,20.94
2007-03-04,0.0,20.26,26.8,14.39,63.17,1.56,22.34
2007-03-05,0.0,20.22,27.89,13.71,53.63,1.49,22.9
2007-03-06,0.0,20.4,27.67,13.83,49.42,1.49,22.01
2007-03-07,0.0,20.4,27.75,14.85,42.7,1.77,23.88
2007-03-08,0.0,20.44,27.8,14.16,41.97,1.35,22.82
2007-03-09,0.0,20.47,28.65,13.37,47.26,1.32,23.43
2007-03-10,0.0,21.68,28.98,14.51,48.58,1.55,22.36
2007-03-11,0.0,22.87,30.37,15.97,49.96,1.47,21.65
2007-03-12,0.0,24.91,32.49,17.88,51.38,1.41,20.65
2007-03-13,0.18,24.99,31.89,18.39,54.67,1.57,19.63
2007-03-14,0.0,24.61,32.36,18.17,54.01,1.74,13.68
2007-03-15,0.38,23.78,30.38,18.75,61.33,2.21,21.14
2007-03-16,0.0,21.82,28.91,15.78,43.35,2.13,24.94
2007-03-17,0.0,22.03,30.36,14.02,40.5,1.31,24.43
2007-03-18,0.0,22.23,30.33,14.97,44.42,1.42,23.68
2007-03-19,0.0,23.56,31.48,15.99,41.25,1.33,21.81
2007-03-20,0.0,24.39,32.54,16.47,41.55,1.52,21.33
2007-03-21,0.0,24.96,32.04,17.45,46.84,1.32,16.82
2007-03-22,5.99,25.88,30.34,20.27,59.93,1.09,9.21
2007-03-23,3.44,26.21,30.86,20.51,66.83,1.38,12.61
2007-03-24,6.38,26.31,30.83,21.63,63.6,1.35,17.09
2007-03-25,0.0,25.33,33.01,18.91,46.45,1.7,22.47
2007-03-26,0.0,25.68,33.59,19.02,37.39,1.64,24.24
2007-03-27,0.0,25.36,33.75,17.49,39.34,1.4,24.8
2007-03-28,0.0,26.48,34.81,18.96,40.91,1.5,24.59
2007-03-29,0.0,27.07,35.13,19.14,39.92,1.28,23.17
2007-03-30,0.0,28.28,35.53,22.17,34.01,1.29,22.62
2007-03-31,0.0,28.12,35.54,21.14,37.83,1.47,23.35
2007-04-01,0.0,27.7,35.32,20.56,50.74,1.55,23.36
2007-04-02,0.11,28.42,36.55,22.03,55.77,1.57,17.73
2007-04-03,14.82,27.96,35.06,22.92,66.18,1.4,19.46
2007-04-04,33.05,27.29,32.44,22.11,72.55,0.97,18.59
2007-04-05,34.89,25.97,30.45,21.69,76.67,1.03,19.77
2007-04-06,5.82,26.27,30.89,22.43,74.71,0.85,20.39
2007-04-07,16.74,26.81,30.68,22.74,74.55,0.97,20.29
2007-04-08,21.03,25.9,29.85,22.16,80.57,1.58,18.16
2007-04-09,20.4,26.69,31.48,22.51,79.81,1.37,17.36
2007-04-10,66.07,25.78,29.03,22.58,84.14,1.22,19.25
2007-04-11,7.36,24.97,28.4,21.84,84.43,1.96,12.96
2007-04-12,4.17,22.66,25.82,20.08,82.55,1.69,2.58
2007-04-13,0.03,23.76,28.11,19.64,73.64,1.3,22.39
2007-04-14,0.0,25.1,29.42,20.49,74.66,1.05,21.96
2007-04-15,0.0,25.99,30.01,21.48,74.27,1.16,25.27
2007-04-16,4.85,26.86,31.16,21.94,73.5,1.27,23.15
2007-04-17,0.23,26.24,30.65,21.37,76.12,1.11,19.39
2007-04-18,0.02,27.37,32.09,21.97,72.03,1.09,24.6
2007-04-19,2.01,27.64,32.2,22.57,69.86,1.23,22.88
2007-04-20,20.76,26.72,30.15,22.74,76.54,1.41,20.37
2007-04-21,16.47,26.42,30.2,22.54,80.71,1.7,12.93
2007-04-22,64.22,25.82,29.23,22.37,90.63,2.41,12.59
2007-04-23,30.03,26.38,30.09,22.95,88.03,2.2,11.38
2007-04-24,25.38,26.68,30.09,23.18,87.03,1.48,14.96
2007-04-25,9.45,26.45,30.03,22.74,81.72,1.16,13.49
2007-04-26,15.26,26.98,29.67,24.2,80.81,0.8,15.32
2007-04-27,2.01,26.02,29.49,22.63,83.23,1.1,14.67
2007-04-28,0.0,25.93,29.49,22.21,76.28,0.98,24.15
2007-04-29,0.0,26.8,31.95,21.83,72.92,1.15,24.64
2007-04-30,0.0,27.74,33.99,21.6,68.89,1.32,27.17
2007-05-01,0.0,28.79,35.47,22.43,62.79,1.42,27.57
2007-05-02,0.0,29.13,35.8,22.49,59.65,1.5,26.15
2007-05-03,0.0,28.78,33.5,23.08,64.74,1.1,24.18
2007-05-04,0.0,29.45,34.52,23.52,63.54,1.14,24.91
2007-05-05,0.0,29.8,36.14,24.0,65.11,1.43,25.09
2007-05-06,4.77,29.99,35.31,24.99,66.67,1.19,22.85
2007-05-07,1.96,29.41,33.79,25.42,68.61,1.25,22.49
2007-05-08,2.63,28.38,32.64,24.67,72.21,1.02,24.17
2007-05-09,18.51,28.46,32.14,24.17,72.39,0.71,17.07
2007-05-10,40.1,27.87,30.53,24.71,77.74,1.33,24.26
2007-05-11,25.43,28.48,31.81,24.65,78.2,1.15,18.86
2007-05-12,2.65,27.5,30.3,24.68,81.98,1.77,18.6
2007-05-13,1.29,27.42,32.28,23.76,75.49,2.69,22.93
2007-05-14,9.52,25.75,29.03,22.82,78.4,3.53,7.45
2007-05-15,17.49,24.74,27.04,22.75,80.99,4.48,11.03
2007-05-16,5.12,26.81,31.47,21.94,81.66,1.6,20.46
2007-05-17,5.7,25.93,28.59,23.11,82.73,1.27,21.45
2007-05-18,2.89,27.67,32.28,23.0,79.32,1.42,22.71
2007-05-19,41.22,27.94,30.47,25.75,82.09,1.0,18.51
2007-05-20,93.96,27.55,30.67,25.06,84.66,1.93,17.74
2007-05-21,7.23,27.05,29.97,24.62,88.25,2.15,12.83
2007-05-22,24.7,27.07,30.1,24.19,89.51,1.78,15.32
2007-05-23,32.68,27.61,31.49,24.58,89.25,1.7,14.81
2007-05-24,7.8,27.04,29.66,24.41,91.59,1.08,14.81
2007-05-25,15.44,26.9,29.49,24.16,88.17,1.27,14.34
2007-05-26,7.35,27.35,30.61,23.74,82.1,1.02,21.46
2007-05-27,3.5,27.68,31.58,22.87,82.88,1.08,12.65
2007-05-28,33.9,27.78,31.0,24.96,87.88,0.99,21.66
2007-05-29,8.86,28.54,31.73,25.47,82.12,1.02,20.85
2007-05-30,1.59,28.6,32.25,24.08,79.99,1.21,21.58
2007-05-31,6.6,28.78,31.69,25.03,83.81,1.06,21.84
2007-06-01,11.45,28.91,31.87,26.14,82.74,1.0,15.46
2007-06-02,3.0,28.41,31.04,25.25,84.12,0.87,19.85
2007-06-03,8.4,27.87,29.98,25.65,88.07,0.88,11.5
2007-06-04,2.47,28.44,32.06,25.14,79.48,1.08,12.6
2007-06-05,7.27,28.0,31.11,24.77,83.39,1.11,7.66
2007-06-06,16.69,27.24,30.23,24.55,87.3,1.38,15.62
2007-06-07,50.65,27.69,30.9,24.51,88.08,1.47,12.14
2007-06-08,68.62,27.62,30.75,24.82,91.04,2.73,3.9
2007-06-09,74.31,26.64,28.56,24.99,92.95,1.74,8.18
2007-06-10,39.31,25.89,28.29,24.45,91.55,2.29,3.24
2007-06-11,34.85,26.6,28.62,24.88,93.53,1.61,1.88
2007-06-12,4.74,27.98,31.93,24.05,85.13,1.37,16.93
2007-06-13,1.35,27.9,31.83,24.68,89.43,2.08,10.13
2007-06-14,9.66,27.6,31.19,23.79,88.19,1.68,18.03
2007-06-15,26.71,27.03,28.84,24.88,94.66,2.52,11.25
2007-06-16,114.31,26.54,28.21,24.94,94.9,3.69,7.32
2007-06-17,79.88,26.79,29.01,25.27,93.65,3.39,3.88
2007-06-18,36.3,27.32,30.7,24.68,92.0,1.94,13.64
2007-06-19,3.74,28.13,31.05,25.42,85.0,0.83,17.37
2007-06-20,1.81,29.75,33.85,24.75,71.57,0.94,24.3
2007-06-21,19.78,27.14,28.77,25.45,89.47,0.98,22.99
2007-06-22,19.63,28.9,31.53,25.85,83.7,1.02,20.12
2007-06-23,14.71,28.47,31.12,26.3,85.82,1.11,20.6
2007-06-24,9.54,27.76,30.66,25.86,88.36,1.17,14.13
2007-06-25,6.12,27.95,30.19,25.9,84.57,1.06,21.89
2007-06-26,0.23,28.75,32.13,24.95,84.95,1.22,25.56
2007-06-27,1.31,30.19,33.77,26.47,79.7,1.14,23.81
2007-06-28,14.19,28.33,31.66,25.8,85.82,1.24,14.66
2007-06-29,10.5,27.84,30.7,24.95,85.88,1.49,13.76
2007-06-30,15.39,28.1,31.39,25.27,88.43,1.95,20.04
2007-07-01,7.85,28.44,32.05,24.71,88.78,2.03,17.42
2007-07-02,5.11,29.34,32.48,25.94,84.07,2.01,20.12
2007-07-03,7.14,28.94,33.06,26.09,87.23,2.25,22.86
2007-07-04,17.84,28.65,32.88,24.98,84.88,2.7,17.15
2007-07-05,11.24,29.43,33.38,26.03,85.54,2.55,18.03
2007-07-06,5.76,28.52,32.23,25.01,87.21,2.29,19.17
2007-07-07,11.84,28.5,32.25,25.55,87.55,1.89,19.89
2007-07-08,1.25,27.66,31.44,24.91,88.5,1.9,16.76
2007-07-09,14.96,28.17,31.51,24.49,86.62,1.32,18.81
2007-07-10,7.73,27.73,30.45,25.93,92.43,2.27,17.62
2007-07-11,2.95,28.47,31.82,25.29,88.6,2.14,19.97
2007-07-12,2.55,28.83,32.0,25.34,85.15,1.17,21.53
2007-07-13,10.12,29.7,33.27,26.35,82.35,1.7,18.74
2007-07-14,7.55,29.53,32.42,26.71,84.01,1.19,12.79
2007-07-15,19.39,28.7,31.64,26.66,87.47,1.11,18.12
2007-07-16,18.29,28.01,30.96,26.13,92.2,2.0,12.48
2007-07-17,14.74,28.1,31.37,25.41,91.5,1.94,16.38
2007-07-18,57.34,28.03,30.86,26.03,91.12,2.93,11.71
2007-07-19,50.54,28.14,30.64,26.18,92.82,3.86,7.75
2007-07-20,30.28,27.49,30.12,25.44,90.54,2.78,10.6
2007-07-21,26.97,26.39,29.2,24.62,91.16,2.77,7.44
2007-07-22,31.52,26.38,29.64,23.91,90.92,2.75,6.72
2007-07-23,17.91,26.12,28.57,23.39,91.98,1.2,13.2
2007-07-24,50.62,26.41,28.45,24.71,92.93,3.34,9.48
2007-07-25,74.48,25.96,27.49,24.41,95.1,3.45,5.64
2007-07-26,58.31,26.04,28.07,24.06,93.94,2.92,5.19
2007-07-27,32.94,25.79,28.31,24.11,93.29,3.11,7.18
2007-07-28,59.0,25.68,27.99,23.79,93.16,2.26,17.24
2007-07-29,32.37,26.41,29.23,23.72,91.48,1.73,8.72
2007-07-30,17.31,27.04,30.13,24.41,91.08,2.19,15.26
2007-07-31,37.34,26.61,28.31,25.06,93.98,1.95,6.03
2007-08-01,73.48,26.64,29.14,24.87,93.62,2.34,8.39
2007-08-02,4.6,27.12,29.77,24.87,90.52,1.53,11.72
2007-08-03,0.89,28.46,32.22,24.32,85.24,1.33,24.86
2007-08-04,0.12,29.01,32.6,25.46,86.2,1.06,24.18
2007-08-05,0.71,31.03,34.94,26.52,77.15,1.61,26.09
2007-08-06,2.27,30.4,33.73,27.14,81.38,1.23,23.49
2007-08-07,13.15,28.43,31.82,25.82,88.65,1.73,21.4
2007-08-08,2.77,28.44,31.65,25.4,88.27,1.53,21.71
2007-08-09,0.0,29.5,33.36,26.09,87.03,1.25,23.49
2007-08-10,0.01,31.79,36.39,27.52,78.45,1.19,20.69
2007-08-11,7.92,31.07,35.07,27.75,81.63,1.43,14.13
2007-08-12,4.82,28.46,31.56,26.03,88.53,1.85,14.96
2007-08-13,17.99,27.63,30.01,25.88,91.48,1.92,12.72
2007-08-14,25.94,27.18,30.55,25.35,92.9,2.83,14.02
2007-08-15,30.01,27.31,29.49,25.17,91.37,1.66,7.7
2007-08-16,17.58,27.76,30.56,25.4,89.37,1.25,11.78
2007-08-17,15.25,27.87,30.61,25.29,88.67,1.23,16.35
2007-08-18,3.54,29.02,32.52,25.6,84.34,1.55,18.85
2007-08-19,2.61,28.41,31.53,26.08,85.67,1.14,20.34
2007-08-20,1.67,28.04,31.86,24.68,84.9,1.3,23.74
2007-08-21,4.1,28.59,32.54,25.02,83.41,1.36,20.19
2007-08-22,7.14,27.09,29.25,25.16,89.37,1.07,12.2
2007-08-23,6.68,28.34,32.33,24.7,84.06,1.12,15.91
2007-08-24,12.64,27.13,29.33,25.32,91.57,1.43,16.13
2007-08-25,11.88,27.27,30.07,24.87,90.6,1.91,8.17
2007-08-26,44.3,26.37,28.32,24.81,92.7,1.68,12.01
2007-08-27,11.26,27.34,30.48,24.89,89.68,1.54,12.63
2007-08-28,10.79,27.31,29.95,24.75,89.12,1.43,19.2
2007-08-29,16.57,27.05,29.92,25.02,91.2,1.53,13.17
2007-08-30,2.57,27.89,31.73,24.22,87.82,1.17,13.87
2007-08-31,17.32,28.45,31.49,25.69,88.04,1.57,15.66
2007-09-01,3.69,27.91,31.58,25.48,86.23,1.17,15.54
2007-09-02,5.98,27.48,30.37,25.21,89.2,1.39,13.76
2007-09-03,6.3,27.6,30.81,24.99,91.69,1.98,10.17
2007-09-04,15.48,27.1,29.35,25.22,91.41,1.37,10.24
2007-09-05,25.23,26.76,29.3,24.62,92.14,1.48,13.47
2007-09-06,59.26,25.6,27.47,23.7,94.26,3.69,5.71
2007-09-07,56.49,25.79,27.57,23.95,95.88,3.22,8.51
2007-09-08,113.32,26.05,27.28,24.92,95.97,2.77,3.9
2007-09-09,43.0,26.85,29.39,24.85,92.8,2.37,4.03
2007-09-10,3.26,27.09,29.17,25.03,88.87,1.0,12.62
2007-09-11,14.18,27.35,30.11,25.75,89.95,1.17,16.56
2007-09-12,5.94,28.06,30.8,25.69,82.7,0.95,17.62
2007-09-13,1.13,28.27,30.7,25.67,80.7,0.73,10.51
2007-09-14,25.21,27.66,30.64,25.51,88.07,0.76,15.86
2007-09-15,10.75,27.45,29.2,26.14,86.95,0.73,12.09
2007-09-16,2.41,27.68,31.26,24.47,87.53,1.15,17.16
2007-09-17,2.58,28.06,30.28,25.83,86.39,0.92,18.52
2007-09-18,0.23,28.34,32.83,25.49,83.67,1.2,16.24
2007-09-19,0.0,28.4,33.06,24.06,78.47,2.15,22.73
2007-09-20,0.01,27.56,33.77,23.52,76.53,2.72,22.37
2007-09-21,0.0,26.47,32.65,22.19,75.28,2.69,20.99
2007-09-22,0.0,26.27,31.71,21.6,71.11,2.7,18.41
2007-09-23,0.12,25.33,29.12,22.29,82.26,2.02,12.52
2007-09-24,0.65,26.26,30.72,22.57,80.79,1.7,13.45
2007-09-25,0.03,27.12,30.91,23.59,80.1,1.04,12.76
2007-09-26,1.46,27.32,30.25,25.1,81.93,0.94,19.3
2007-09-27,2.21,27.53,31.35,24.01,82.29,1.17,18.06
2007-09-28,0.93,27.8,30.36,25.65,79.72,0.78,17.31
2007-09-29,2.05,28.06,31.84,24.38,81.11,1.06,16.08
2007-09-30,5.97,27.6,31.96,25.57,84.85,0.99,14.41
2007-10-01,2.74,26.02,27.43,24.93,93.3,1.17,13.39
2007-10-02,2.19,28.13,31.65,24.78,82.74,0.99,19.46
2007-10-03,0.37,28.54,31.99,25.71,82.19,1.05,18.25
2007-10-04,0.0,29.24,33.98,25.2,79.26,1.04,18.21
2007-10-05,0.0,30.22,35.63,25.8,75.47,1.13,20.87
2007-10-06,0.18,29.64,34.81,25.39,76.66,1.25,19.62
2007-10-07,7.87,28.2,32.39,25.64,82.73,2.45,17.11
2007-10-08,60.28,26.39,29.5,24.71,88.94,4.26,11.79
2007-10-09,25.78,25.33,28.09,23.21,92.16,2.49,6.88
2007-10-10,19.99,25.67,29.19,23.13,88.05,1.04,10.1
2007-10-11,0.13,25.94,29.96,21.93,83.16,1.08,15.9
2007-10-12,0.0,26.58,30.65,22.95,82.25,1.12,17.8
2007-10-13,1.06,26.7,31.17,23.32,84.86,1.57,16.19
2007-10-14,0.46,25.61,28.35,23.89,88.63,1.64,10.28
2007-10-15,17.75,25.71,29.48,23.15,86.89,1.25,9.5
2007-10-16,32.94,23.81,26.04,22.37,91.96,1.88,7.44
2007-10-17,6.45,23.86,26.79,21.41,92.98,2.6,12.54
2007-10-18,4.42,24.38,27.09,22.15,90.39,1.21,5.91
2007-10-19,2.06,24.7,28.05,21.68,84.82,0.97,15.04
2007-10-20,0.75,24.85,28.85,21.43,83.7,1.16,16.05
2007-10-21,0.04,23.51,28.08,20.02,78.04,1.22,18.81
2007-10-22,0.0,23.23,28.87,18.38,77.55,1.19,19.9
2007-10-23,0.0,23.9,29.52,18.94,73.83,1.37,20.19
2007-10-24,0.0,23.12,29.58,17.77,75.63,1.84,20.03
2007-10-25,0.0,23.9,30.29,17.86,67.75,1.34,20.42
2007-10-26,0.0,23.66,29.93,17.72,65.54,1.18,20.33
2007-10-27,0.0,22.17,27.04,17.05,76.48,1.21,20.06
2007-10-28,0.0,22.94,28.39,18.01,77.71,1.13,19.15
2007-10-29,0.0,23.87,29.32,18.45,75.5,1.17,19.65
2007-10-30,0.0,24.53,30.46,18.96,75.89,1.26,19.26
2007-10-31,0.0,24.19,29.36,19.54,79.02,1.16,11.05
2007-11-01,0.09,24.54,30.25,19.62,79.64,1.26,15.14
2007-11-02,0.78,24.44,29.04,21.09,81.48,1.18,14.92
2007-11-03,0.01,24.33,29.34,20.22,77.24,1.15,16.33
2007-11-04,0.0,24.32,29.73,19.25,71.08,1.29,17.43
2007-11-05,0.0,23.74,28.63,19.3,78.12,1.44,17.2
2007-11-06,0.0,23.55,28.3,19.25,78.3,1.27,16.74
2007-11-07,0.0,23.95,28.84,19.75,78.87,1.4,16.61
2007-11-08,0.0,23.99,28.98,19.63,76.34,1.39,17.04
2007-11-09,0.54,23.96,29.03,19.47,77.75,1.21,16.98
2007-11-10,0.12,23.09,27.3,19.88,81.8,1.6,15.55
2007-11-11,0.0,23.36,28.76,19.15,78.47,1.34,17.16
2007-11-12,0.0,23.27,28.51,18.87,72.31,1.51,17.85
2007-11-13,0.0,22.64,28.61,17.15,77.07,1.56,17.82
2007-11-14,4.08,21.52,25.25,19.06,84.89,2.33,11.47
2007-11-15,46.7,20.39,22.73,18.32,86.25,4.27,3.88
2007-11-16,17.9,20.96,23.47,19.26,87.74,4.5,3.96
2007-11-17,0.03,22.4,27.42,18.61,82.69,1.24,10.86
2007-11-18,0.0,22.55,28.06,17.76,76.85,1.22,17.08
2007-11-19,0.0,22.72,28.99,17.45,76.02,1.35,17.42
2007-11-20,0.0,22.28,27.37,17.47,80.46,1.05,17.17
2007-11-21,0.0,22.33,26.62,18.35,79.79,1.07,16.15
2007-11-22,0.0,22.59,27.85,17.61,76.67,1.17,16.0
2007-11-23,0.0,23.2,29.11,18.05,72.39,1.35,16.9
2007-11-24,0.0,22.63,27.92,17.75,68.37,1.04,17.31
2007-11-25,0.0,21.31,27.26,16.26,73.93,1.18,16.32
2007-11-26,0.0,21.76,27.54,16.26,70.28,1.06,16.41
2007-11-27,0.0,20.59,26.36,16.03,75.28,1.37,15.93
2007-11-28,0.0,19.97,25.03,15.53,81.34,1.25,15.26
2007-11-29,0.0,20.75,26.14,16.3,78.15,1.25,14.94
2007-11-30,0.0,20.59,25.61,16.33,78.98,1.32,14.7
2007-12-01,0.0,20.14,24.62,16.22,79.42,1.15,13.5
2007-12-02,0.0,19.97,25.15,16.05,79.31,1.13,13.89
2007-12-03,0.92,18.94,23.43,15.07,81.95,1.18,12.76
2007-12-04,0.02,18.96,23.98,14.61,80.26,1.17,13.58
2007-12-05,0.0,19.0,25.38,14.58,74.27,1.78,14.98
2007-12-06,0.0,19.21,25.23,14.49,73.09,1.9,15.68
2007-12-07,0.0,19.28,25.59,14.16,68.41,1.5,14.28
2007-12-08,0.0,18.57,24.0,13.73,72.83,1.15,15.54
2007-12-09,0.0,18.01,24.09,13.38,76.32,1.23,15.32
2007-12-10,0.0,17.74,24.13,13.0,72.12,1.5,16.11
2007-12-11,0.0,16.76,23.04,11.45,75.03,1.21,15.9
2007-12-12,0.0,17.6,24.29,12.51,74.1,1.29,15.7
2007-12-13,0.0,19.13,25.43,13.58,71.59,1.09,15.39
2007-12-14,0.0,19.09,24.96,13.78,73.0,1.09,14.15
2007-12-15,0.0,18.91,24.97,13.8,71.76,1.23,10.98
2007-12-16,0.0,18.12,25.01,13.08,67.59,1.43,13.49
2007-12-17,0.0,16.3,22.52,11.0,72.86,1.35,11.95
2007-12-18,0.0,17.21,24.57,10.93,69.76,1.27,15.02
2007-12-19,0.0,17.53,24.71,11.84,68.97,1.36,15.86
2007-12-20,0.0,16.23,22.11,10.99,72.78,1.32,15.39
2007-12-21,0.0,15.59,20.58,11.41,72.72,1.24,14.4
2007-12-22,0.0,14.94,19.81,10.19,76.36,1.11,12.84
2007-12-23,0.0,16.78,23.7,11.77,75.19,1.5,14.17
2007-12-24,0.0,16.65,23.08,11.64,76.48,1.19,14.18
2007-12-25,0.0,17.0,23.06,12.42,78.23,1.21,14.74
2007-12-26,0.0,17.71,23.93,12.6,76.2,1.03,14.29
2007-12-27,0.0,17.27,23.02,12.77,77.49,1.25,14.9
2007-12-28,0.0,17.01,22.38,11.8,80.21,1.09,14.82
2007-12-29,0.0,17.04,22.7,12.3,80.07,1.09,13.38
2007-12-30,0.0,17.07,23.05,11.7,76.74,1.25,13.79
2007-12-31,0.0,16.4,22.45,11.36,75.47,1.19,14.65
2008-01-01,0.0,17.71,25.26,11.96,70.65,1.59,15.69
2008-01-02,0.0,18.13,24.29,12.75,72.91,1.08,14.05
2008-01-03,0.0,18.67,24.7,13.76,73.18,1.16,15.59
2008-01-04,0.0,18.42,25.15,12.89,73.49,1.17,15.96
2008-01-05,0.0,17.22,23.5,12.38,73.03,1.33,16.23
2008-01-06,0.0,17.5,24.55,11.96,67.18,1.28,16.34
2008-01-07,0.0,17.81,23.77,12.82,69.19,1.23,16.2
2008-01-08,0.0,18.35,25.08,13.1,70.59,1.26,16.19
2008-01-09,0.0,18.36,23.85,12.72,70.97,1.27,16.39
2008-01-10,0.0,17.53,23.1,12.6,72.63,1.26,16.07
2008-01-11,0.0,17.7,23.59,12.46,72.26,1.24,14.61
2008-01-12,0.01,17.35,22.75,12.27,77.33,1.27,13.98
2008-01-13,0.0,16.73,22.0,12.51,77.14,1.1,15.03
2008-01-14,0.05,16.19,21.76,11.21,72.2,1.27,15.94
2008-01-15,0.0,15.77,21.36,11.2,73.86,1.2,14.4
2008-01-16,0.0,16.35,22.62,11.44,75.03,1.17,15.45
2008-01-17,0.0,17.42,23.85,12.49,73.64,1.34,14.06
2008-01-18,0.0,17.31,22.63,11.92,76.54,1.19,15.24
2008-01-19,0.0,17.53,22.78,12.9,76.49,1.09,14.74
2008-01-20,0.0,18.28,23.42,12.72,82.07,1.26,10.76
2008-01-21,4.13,18.22,22.41,14.29,89.79,1.17,8.15
2008-01-22,0.0,16.84,22.43,10.98,63.16,1.11,14.31
2008-01-23,2.81,17.4,24.28,10.57,61.47,1.85,10.13
2008-01-24,7.22,18.31,24.35,14.28,72.24,1.63,2.8
2008-01-25,4.79,15.56,18.67,13.8,88.12,1.08,7.29
2008-01-26,6.25,16.61,21.05,12.76,84.1,1.49,5.38
2008-01-27,4.18,15.34,19.17,12.07,84.63,1.4,7.84
2008-01-28,0.37,15.19,19.91,10.92,69.63,1.35,16.07
2008-01-29,0.05,14.12,19.05,10.0,64.77,1.29,16.18
2008-01-30,1.02,14.41,20.22,9.93,64.93,1.23,7.08
2008-01-31,2.85,14.92,20.16,10.55,77.82,1.21,12.87
2008-02-01,0.0,15.27,20.99,10.15,65.04,1.29,13.59
2008-02-02,0.0,13.52,20.17,8.5,69.22,1.39,17.26
2008-02-03,0.0,14.22,22.1,8.76,70.29,1.64,17.78
2008-02-04,0.0,15.12,21.85,9.06,68.96,1.36,17.97
2008-02-05,0.0,17.29,23.36,11.65,63.06,1.18,17.85
2008-02-06,0.0,18.53,24.66,13.01,69.33,1.31,16.63
2008-02-07,0.04,18.5,22.47,15.13,73.94,1.03,14.09
2008-02-08,1.27,19.2,24.25,15.48,77.58,1.11,13.33
2008-02-09,1.43,18.79,21.99,16.3,87.34,1.35,4.36
2008-02-10,1.01,17.58,22.79,12.43,79.81,1.79,11.96
2008-02-11,0.0,16.11,22.04,11.71,62.01,1.46,18.48
2008-02-12,0.0,14.87,21.24,9.2,66.33,1.49,18.98
2008-02-13,0.0,15.0,22.57,8.8,61.72,1.5,19.13
2008-02-14,0.0,14.76,22.39,8.31,63.22,1.6,20.12
2008-02-15,0.0,15.11,21.61,9.06,63.19,1.44,19.8
2008-02-16,0.0,15.68,22.13,9.57,63.17,1.35,17.57
2008-02-17,0.0,16.69,24.0,10.78,68.0,1.46,17.57
2008-02-18,0.0,17.89,24.4,12.38,67.87,1.28,16.95
2008-02-19,4.14,18.48,24.36,13.22,72.3,1.44,10.88
2008-02-20,0.04,18.61,24.33,14.32,70.76,1.22,16.28
2008-02-21,0.0,18.23,25.4,12.08,64.83,1.65,20.09
2008-02-22,0.0,19.16,26.4,12.88,63.88,1.61,21.08
2008-02-23,0.0,19.74,26.1,13.45,60.54,1.4,21.59
2008-02-24,0.0,20.38,27.27,13.42,60.13,1.37,20.94
2008-02-25,1.16,20.55,26.0,15.7,66.25,1.08,12.47
2008-02-26,0.01,20.59,26.39,15.52,68.32,1.37,16.38
2008-02-27,0.0,20.08,27.57,14.55,57.92,1.45,19.74
2008-02-28,0.0,20.33,27.72,13.04,56.37,1.39,20.44
2008-02-29,0.0,20.34,28.1,13.43,57.13,1.53,21.44
2008-03-01,0.0,20.21,26.66,13.26,62.96,1.35,20.85
2008-03-02,0.0,20.74,27.06,15.04,65.24,1.35,18.86
2008-03-03,0.11,21.27,27.91,15.5,67.52,1.33,19.57
2008-03-04,10.56,21.83,27.63,16.41,68.96,1.35,19.8
2008-03-05,9.61,20.91,25.86,16.37,76.99,1.05,14.99
2008-03-06,0.03,21.05,27.46,15.65,69.68,1.72,17.62
2008-03-07,0.01,22.06,28.69,16.4,64.49,1.68,18.81
2008-03-08,0.25,22.47,28.23,16.9,66.75,1.18,18.98
2008-03-09,0.05,22.9,29.11,17.27,67.17,1.18,17.56
2008-03-10,0.0,23.09,28.71,17.9,69.14,1.32,17.33
2008-03-11,0.0,22.7,28.82,18.67,73.52,1.28,13.18
2008-03-12,0.0,23.76,29.05,18.52,64.6,1.21,18.05
2008-03-13,0.0,24.17,29.71,17.49,63.83,1.05,18.72
2008-03-14,0.14,23.84,27.71,19.88,69.65,0.99,12.6
2008-03-15,0.0,23.71,31.0,17.19,66.52,1.63,19.07
2008-03-16,0.0,24.89,31.81,19.48,54.39,1.39,16.43
2008-03-17,0.0,24.94,31.44,18.34,46.91,1.37,21.98
2008-03-18,6.97,23.52,30.09,16.73,57.92,1.32,20.15
2008-03-19,6.5,24.6,30.91,18.13,62.21,1.73,20.65
2008-03-20,6.24,24.9,29.35,20.04,68.94,1.1,17.0
2008-03-21,21.98,25.57,29.7,21.36,76.14,1.81,19.49
2008-03-22,8.97,25.48,30.39,20.89,71.28,0.99,17.66
2008-03-23,8.95,24.58,29.85,19.29,71.17,1.42,11.59
2008-03-24,3.42,24.2,28.23,21.19,76.42,1.4,8.99
2008-03-25,6.62,24.47,29.65,19.14,73.09,1.23,22.43
2008-03-26,4.09,25.39,30.15,19.75,68.07,1.37,20.48
2008-03-27,3.02,26.12,30.72,21.54,66.47,1.22,17.26
2008-03-28,12.07,25.72,31.54,21.03,69.91,1.6,20.17
2008-03-29,5.25,25.38,30.54,19.27,76.79,1.49,19.66
2008-03-30,20.01,25.51,29.25,21.68,75.4,1.14,19.81
2008-03-31,14.64,25.21,29.64,20.49,74.84,0.97,19.8
2008-04-01,9.41,24.29,28.37,20.6,74.17,1.15,18.3
2008-04-02,5.1,23.65,28.94,19.9,73.58,1.51,21.74
2008-04-03,1.77,24.49,29.46,19.19,73.57,1.16,18.16
2008-04-04,8.04,24.17,28.19,19.84,78.04,1.15,17.2
2008-04-05,0.0,24.7,29.43,21.08,74.2,1.19,20.13
2008-04-06,0.0,25.44,32.04,20.82,68.24,1.74,23.96
2008-04-07,0.0,25.27,30.98,19.96,63.87,1.55,26.16
2008-04-08,0.0,24.64,30.75,18.25,55.84,1.37,26.55
2008-04-09,0.0,24.98,30.78,18.38,55.01,1.05,22.44
2008-04-10,0.0,26.35,32.75,19.61,58.31,1.33,22.1
2008-04-11,0.0,28.09,33.51,22.42,54.15,1.09,21.62
2008-04-12,0.0,29.23,34.75,22.76,51.79,1.07,24.12
2008-04-13,13.55,28.0,32.59,22.08,63.43,1.4,22.32
2008-04-14,24.55,26.31,30.2,21.54,76.87,1.15,23.22
2008-04-15,7.93,26.75,30.53,23.44,75.9,0.98,19.02
2008-04-16,16.97,26.99,30.86,23.32,74.1,1.05,21.51
2008-04-17,4.95,27.55,31.83,23.05,74.92,1.15,20.32
2008-04-18,14.56,28.27,31.82,24.57,75.83,1.59,18.92
2008-04-19,2.33,28.12,32.32,23.29,76.13,1.2,21.09
2008-04-20,0.0,28.07,33.07,22.85,66.12,1.19,22.38
2008-04-21,0.0,27.77,34.64,20.35,49.7,1.21,23.98
2008-04-22,0.0,27.9,35.46,20.65,49.08,1.62,24.82
2008-04-23,0.0,28.72,35.63,21.8,50.32,1.6,24.63
2008-04-24,1.98,29.07,35.04,22.6,59.07,1.59,24.22
2008-04-25,0.22,28.89,34.78,23.81,62.26,1.24,24.39
2008-04-26,0.21,28.62,34.42,22.44,58.21,1.2,24.24
2008-04-27,2.56,29.27,34.09,24.9,62.89,1.21,20.29
2008-04-28,7.74,28.69,33.61,24.79,69.38,0.92,20.17
2008-04-29,2.2,28.56,33.17,24.46,67.83,0.96,20.22
2008-04-30,6.76,28.91,34.4,23.32,64.46,1.76,23.41
2008-05-01,3.07,28.61,33.25,23.48,66.64,1.48,22.54
2008-05-02,5.44,28.71,33.05,23.66,69.02,1.29,23.24
2008-05-03,0.05,29.53,35.19,24.5,63.34,1.26,24.52
2008-05-04,0.03,29.51,36.01,22.67,53.24,1.86,15.39
2008-05-05,24.29,29.07,34.14,23.95,60.51,1.46,19.16
2008-05-06,3.78,28.46,31.98,25.01,70.67,1.33,22.02
2008-05-07,4.12,27.61,30.53,24.7,75.99,0.93,17.51
2008-05-08,14.38,27.87,30.76,24.32,76.77,0.98,22.45
2008-05-09,0.27,27.98,31.09,24.41,76.35,0.93,25.16
2008-05-10,6.83,28.82,33.64,23.43,69.42,1.25,17.03
2008-05-11,4.85,29.65,35.41,24.09,61.99,1.42,25.76
2008-05-12,0.33,29.1,33.29,23.72,61.49,1.15,23.94
2008-05-13,0.35,29.19,33.04,25.24,65.41,0.99,24.75
2008-05-14,0.01,29.31,35.04,23.97,59.55,1.09,22.96
2008-05-15,1.64,30.38,35.93,24.07,55.35,1.3,22.05
2008-05-16,1.07,30.64,35.38,25.01,59.59,1.46,23.39
2008-05-17,1.65,30.52,35.82,25.21,64.62,1.4,15.92
2008-05-18,14.0,29.17,33.1,25.85,77.68,1.68,14.07
2008-05-19,13.53,28.65,30.96,25.52,76.81,0.76,22.48
2008-05-20,7.52,27.92,31.06,24.74,74.85,1.34,19.41
2008-05-21,16.18,26.39,30.01,22.82,80.18,1.21,18.82
2008-05-22,30.61,28.11,30.84,25.14,78.65,1.15,17.49
2008-05-23,0.24,27.49,30.38,24.68,80.83,1.21,13.57
2008-05-24,6.32,28.28,31.85,25.33,76.17,1.4,21.6
2008-05-25,2.48,27.82,31.53,24.65,73.89,1.38,19.94
2008-05-26,22.5,26.98,29.56,24.28,83.52,1.35,18.58
2008-05-27,10.06,27.11,30.62,24.41,83.18,1.67,9.65
2008-05-28,6.69,27.36,31.1,23.9,83.72,1.47,14.28
2008-05-29,10.64,28.23,31.94,24.46,83.16,1.47,18.93
2008-05-30,15.33,28.25,31.72,24.95,82.58,1.0,20.86
2008-05-31,29.24,28.11,31.12,24.84,83.66,1.13,19.58
2008-06-01,52.97,27.67,30.64,24.7,79.79,0.98,20.13
2008-06-02,17.75,28.15,31.29,25.41,78.64,0.97,7.25
2008-06-03,4.06,27.53,30.73,24.79,79.33,1.24,16.14
2008-06-04,43.65,27.97,31.28,24.48,81.86,1.84,16.79
2008-06-05,26.4,27.65,31.04,24.46,86.92,1.68,17.39
2008-06-06,5.92,27.36,30.72,24.28,83.4,1.5,11.11
2008-06-07,6.56,27.37,30.07,24.53,80.62,1.26,17.16
2008-06-08,15.42,27.33,30.93,23.83,82.35,1.36,15.77
2008-06-09,18.68,27.26,31.06,24.33,86.18,1.43,13.6
2008-06-10,10.75,28.14,32.46,24.47,83.41,1.47,18.84
2008-06-11,2.88,28.07,30.67,24.57,83.28,1.36,18.81
2008-06-12,5.71,28.88,32.63,25.38,84.49,2.33,17.32
2008-06-13,4.98,28.47,31.76,25.25,86.12,1.54,9.17
2008-06-14,11.77,28.63,31.33,25.52,85.0,1.45,14.86
2008-06-15,3.91,30.06,34.82,25.84,75.92,2.51,24.65
2008-06-16,26.17,28.01,30.81,25.73,89.3,1.58,19.86
2008-06-17,19.07,27.86,30.98,25.32,87.42,3.04,8.07
2008-06-18,6.89,26.73,29.42,24.79,90.87,2.82,12.33
2008-06-19,25.39,26.36,29.64,24.35,91.22,2.98,8.58
2008-06-20,21.33,26.57,29.38,23.87,91.16,3.27,10.37
2008-06-21,10.78,27.66,31.33,24.42,86.99,2.78,12.37
2008-06-22,10.36,28.05,31.91,24.56,86.23,2.07,17.95
2008-06-23,16.82,28.03,31.64,24.43,84.8,1.4,17.53
2008-06-24,4.36,29.01,33.13,25.46,80.4,1.07,21.57
2008-06-25,4.16,28.46,31.98,25.61,85.58,1.44,24.34
2008-06-26,7.69,27.95,30.35,25.38,86.24,1.46,15.62
2008-06-27,3.94,29.14,33.15,25.99,83.9,1.52,15.78
2008-06-28,21.03,28.44,31.93,25.83,87.29,2.04,19.18
2008-06-29,20.31,27.41,30.88,25.01,89.57,1.69,12.19
2008-06-30,18.02,27.26,30.54,24.99,89.35,2.11,14.54
2008-07-01,14.5,27.57,31.41,24.49,88.06,2.5,7.34
2008-07-02,14.03,27.78,31.77,24.39,88.26,2.52,15.05
2008-07-03,12.15,28.01,31.82,25.69,89.62,3.15,8.84
2008-07-04,65.74,26.87,28.75,25.13,94.2,2.98,16.34
2008-07-05,39.77,26.45,28.6,24.68,93.16,2.58,4.69
2008-07-06,6.71,27.79,32.47,23.83,85.3,2.08,16.93
2008-07-07,3.37,27.99,31.54,24.78,84.41,2.32,22.3
2008-07-08,7.01,27.74,30.5,25.09,83.52,1.59,18.91
2008-07-09,13.19,28.22,31.19,25.15,83.78,1.49,21.03
2008-07-10,10.49,27.17,29.21,25.18,91.51,1.84,13.41
2008-07-11,14.06,27.07,30.5,24.71,91.83,2.48,15.26
2008-07-12,10.45,27.63,31.67,23.86,87.87,1.88,19.42
2008-07-13,12.06,27.3,30.14,25.45,92.46,2.03,14.69
2008-07-14,38.33,27.24,29.15,24.98,93.93,3.16,8.74
2008-07-15,23.71,27.64,30.88,25.16,90.37,3.03,10.37
2008-07-16,8.11,27.56,30.87,24.85,89.79,2.5,9.39
2008-07-17,2.0,28.57,31.91,24.99,86.17,1.55,19.54
2008-07-18,12.73,28.96,31.32,26.86,86.55,1.07,14.67
2008-07-19,26.0,27.51,30.56,24.87,90.79,2.59,15.22
2008-07-20,12.22,27.08,30.9,23.76,90.07,2.34,10.72
2008-07-21,6.23,27.33,30.48,24.27,89.36,3.15,14.12
2008-07-22,9.59,27.34,29.98,25.23,90.51,2.97,15.9
2008-07-23,4.06,27.16,29.76,25.38,91.0,2.52,15.49
2008-07-24,1.44,28.38,31.3,24.85,86.21,1.14,16.47
2008-07-25,3.99,28.22,29.76,26.61,86.75,1.33,18.71
2008-07-26,8.59,29.39,33.08,25.5,82.41,1.02,21.61
2008-07-27,9.29,29.92,34.15,25.92,80.57,1.83,20.24
2008-07-28,2.33,28.18,32.12,25.43,87.86,2.07,21.81
2008-07-29,3.04,28.31,31.33,25.64,85.2,1.28,17.95
2008-07-30,1.25,28.38,32.01,25.45,86.14,1.64,19.16
2008-07-31,7.94,27.59,29.98,24.97,86.88,1.01,23.02
2008-08-01,1.7,27.86,31.02,25.37,87.25,1.04,21.2
2008-08-02,16.0,26.76,28.77,25.02,93.08,1.39,14.38
2008-08-03,36.25,26.38,27.88,25.17,94.85,1.78,8.7
2008-08-04,17.26,26.84,28.69,24.75,89.2,1.02,13.43
2008-08-05,33.39,26.99,29.72,24.8,91.47,1.94,6.53
2008-08-06,12.68,27.24,29.96,24.53,89.33,1.27,15.32
2008-08-07,7.14,28.53,31.4,26.02,83.76,0.95,22.22
2008-08-08,2.57,30.78,34.75,26.22,75.86,1.27,23.08
2008-08-09,12.88,30.06,33.81,26.49,80.52,2.37,19.62
2008-08-10,54.45,28.87,31.82,26.21,84.91,1.54,15.5
2008-08-11,32.88,27.55,30.15,25.45,90.78,2.25,9.25
2008-08-12,21.81,26.75,29.08,24.97,92.88,1.8,10.3
2008-08-13,26.37,27.54,30.84,24.54,90.41,1.61,19.97
2008-08-14,11.52,27.35,30.36,24.97,91.25,1.65,17.12
2008-08-15,18.25,26.88,28.64,25.31,93.64,2.22,15.1
2008-08-16,32.67,27.26,30.37,24.45,89.04,1.71,18.55
2008-08-17,13.27,26.61,28.61,24.82,92.7,2.29,14.54
2008-08-18,11.1,27.21,30.62,24.74,92.59,2.84,13.44
2008-08-19,28.43,27.71,30.71,25.3,90.32,2.07,14.46
2008-08-20,7.85,27.94,31.17,25.17,85.6,1.35,20.63
2008-08-21,21.24,28.2,31.61,25.12,86.15,1.56,19.43
2008-08-22,3.4,27.56,30.9,24.9,85.84,1.51,18.76
2008-08-23,5.42,28.24,32.13,24.74,85.02,1.34,16.63
2008-08-24,4.7,27.15,29.42,25.13,90.49,2.19,16.72
2008-08-25,6.5,27.44,30.56,24.65,90.97,2.47,13.44
2008-08-26,6.3,26.33,28.43,24.94,92.5,2.02,13.42
2008-08-27,47.4,27.26,31.01,24.42,91.89,3.01,11.47
2008-08-28,51.81,26.93,29.14,25.16,94.02,2.57,3.96
2008-08-29,22.17,27.08,29.5,25.15,93.36,2.63,6.74
2008-08-30,16.42,26.65,29.63,24.52,90.97,2.47,10.77
2008-08-31,3.16,27.19,29.86,23.93,86.32,1.13,17.65
2008-09-01,13.32,27.36,30.2,24.79,89.26,1.45,13.55
2008-09-02,9.55,26.79,29.22,25.23,93.43,2.06,9.26
2008-09-03,17.52,27.22,30.69,24.51,90.87,2.11,13.06
2008-09-04,16.24,25.78,27.33,24.28,94.59,1.33,13.25
2008-09-05,9.61,26.18,28.32,24.24,93.71,1.69,11.86
2008-09-06,0.38,26.85,29.35,24.71,87.8,0.83,21.2
2008-09-07,1.73,27.98,32.18,23.61,81.21,1.29,21.82
2008-09-08,3.44,27.94,31.3,25.77,85.77,1.38,18.42
2008-09-09,0.58,26.46,28.84,25.19,93.06,2.04,16.67
2008-09-10,3.89,28.24,32.12,24.98,85.4,1.16,22.98
2008-09-11,1.56,26.54,28.34,25.09,92.91,1.03,17.72
2008-09-12,0.7,28.53,32.39,24.41,81.98,0.98,23.19
2008-09-13,3.05,27.61,29.48,25.54,86.6,0.71,17.41
2008-09-14,1.04,27.96,31.81,24.68,84.36,2.17,20.22
2008-09-15,2.97,28.51,31.9,25.31,83.9,1.57,22.58
2008-09-16,1.76,27.74,30.63,25.22,85.47,1.23,12.71
2008-09-17,1.57,27.36,29.98,24.92,85.68,1.36,15.11
2008-09-18,6.56,26.27,28.7,24.28,88.63,1.22,17.7
2008-09-19,4.12,26.87,30.81,23.56,87.26,1.38,20.47
2008-09-20,21.42,27.48,30.7,24.66,89.75,1.43,17.63
2008-09-21,13.65,27.51,30.86,24.84,86.66,0.97,19.3
2008-09-22,3.64,26.76,29.78,25.0,88.07,0.73,17.97
2008-09-23,4.83,26.79,29.85,24.52,87.77,1.15,19.84
2008-09-24,1.29,27.45,30.53,24.73,84.96,1.05,20.07
2008-09-25,4.45,28.3,31.24,25.41,82.5,1.2,18.66
2008-09-26,11.68,27.69,30.96,25.05,86.07,0.96,18.67
2008-09-27,1.83,27.3,31.91,24.97,87.63,2.66,18.75
2008-09-28,7.95,26.7,29.54,24.28,91.83,3.18,10.84
2008-09-29,2.04,26.99,30.21,24.04,86.53,1.4,14.73
2008-09-30,0.01,27.69,30.93,24.33,81.54,1.04,16.99
2008-10-01,0.61,29.18,33.29,24.79,79.26,0.94,20.15
2008-10-02,2.49,26.8,28.63,24.9,85.91,1.28,14.36
2008-10-03,2.82,26.22,28.78,24.31,87.59,1.48,10.73
2008-10-04,27.8,26.48,29.49,24.39,85.28,1.21,12.55
2008-10-05,17.14,26.05,29.01,24.31,89.43,1.15,5.85
2008-10-06,2.93,25.49,28.87,22.8,89.82,1.21,13.78
2008-10-07,2.77,25.33,28.46,23.13,86.96,0.94,14.04
2008-10-08,17.71,25.0,27.63,22.6,88.29,1.16,15.58
2008-10-09,17.65,25.52,29.02,21.93,85.87,1.0,11.37
2008-10-10,0.38,26.41,30.28,22.44,81.05,1.05,19.06
2008-10-11,0.0,26.61,31.28,22.24,78.8,1.23,19.9
2008-10-12,0.0,26.62,31.43,22.41,80.31,1.2,19.85
2008-10-13,0.5,26.99,31.92,22.58,81.08,1.18,19.62
2008-10-14,0.02,27.37,31.69,23.33,76.88,1.23,20.53
2008-10-15,0.0,26.67,32.2,21.84,77.73,1.37,20.82
2008-10-16,0.0,26.98,32.25,22.17,73.69,1.32,20.88
2008-10-17,0.0,26.48,31.79,21.3,75.01,1.34,20.73
2008-10-18,0.0,26.26,32.06,21.43,70.88,1.72,20.52
2008-10-19,0.0,26.35,31.31,21.82,74.61,1.16,18.15
2008-10-20,0.0,26.09,30.76,21.71,79.68,1.21,20.04
2008-10-21,0.0,26.5,30.96,23.08,80.02,1.13,20.06
2008-10-22,0.0,26.64,32.05,21.88,77.75,1.17,17.18
2008-10-23,0.02,26.18,31.06,21.85,76.12,1.59,17.7
2008-10-24,2.52,24.44,28.22,21.59,85.2,2.05,6.56
2008-10-25,9.53,23.48,27.01,20.95,85.14,2.58,3.86
2008-10-26,61.11,20.89,22.3,19.24,87.48,4.28,3.3
2008-10-27,19.9,22.15,27.06,18.7,88.52,4.08,5.21
2008-10-28,0.37,23.7,28.13,18.74,81.25,1.17,15.0
2008-10-29,0.0,24.15,28.72,19.64,80.48,1.2,16.9
2008-10-30,0.0,24.64,30.05,20.32,79.95,1.27,18.02
2008-10-31,0.0,24.63,29.87,20.3,78.59,1.17,18.36
2008-11-01,0.0,24.55,30.03,20.06,77.43,1.4,18.8
2008-11-02,0.0,23.84,28.37,19.47,77.95,1.33,18.56
2008-11-03,1.55,24.26,29.35,19.98,78.85,1.05,18.8
2008-11-04,0.02,23.76,28.47,19.68,73.51,1.12,15.96
2008-11-05,0.01,23.34,27.35,19.67,76.64,1.05,16.16
2008-11-06,0.0,23.0,29.1,17.94,77.04,1.86,17.18
2008-11-07,0.0,21.97,29.58,17.1,68.52,2.35,18.65
2008-11-08,0.0,23.54,30.93,16.96,62.04,1.38,18.73
2008-11-09,0.0,22.75,28.21,18.21,71.37,1.6,18.56
2008-11-10,0.0,22.58,28.2,17.86,72.25,1.75,18.32
2008-11-11,0.0,22.19,27.81,17.42,74.01,1.41,18.14
2008-11-12,0.0,21.72,27.19,17.37,73.23,1.24,17.93
2008-11-13,0.0,21.4,27.2,15.95,72.98,1.2,16.96
2008-11-14,0.0,21.18,27.18,16.28,74.72,1.8,15.79
2008-11-15,0.0,21.18,25.89,16.43,75.85,1.29,15.51
2008-11-16,0.0,21.32,26.36,17.17,76.49,1.08,17.08
2008-11-17,0.0,21.01,26.62,16.12,75.86,1.19,16.56
2008-11-18,0.0,21.39,27.42,16.34,72.3,1.33,17.43
2008-11-19,0.0,21.07,27.52,16.03,72.69,1.33,17.29
2008-11-20,0.0,20.85,26.32,16.01,73.58,1.18,16.71
2008-11-21,0.03,20.75,26.15,15.95,77.78,1.26,15.92
2008-11-22,0.08,21.86,26.79,17.93,78.04,1.23,15.88
2008-11-23,0.0,21.58,27.44,17.03,75.02,1.28,16.02
2008-11-24,0.0,20.53,26.32,15.92,74.51,1.38,16.38
2008-11-25,0.0,20.77,26.97,15.15,73.32,1.33,16.81
2008-11-26,0.09,21.4,27.87,15.83,71.49,1.52,16.34
2008-11-27,0.0,21.2,26.76,16.51,73.08,1.81,16.72
2008-11-28,0.0,21.61,27.57,16.56,74.34,1.29,15.84
2008-11-29,0.0,21.34,26.69,16.82,77.04,1.21,16.17
2008-11-30,0.0,21.75,26.84,17.53,75.76,1.58,15.97
2008-12-01,0.0,21.63,26.61,17.53,75.4,1.11,14.32
2008-12-02,0.37,20.86,24.83,16.76,80.2,1.1,14.2
2008-12-03,0.32,20.16,24.61,15.67,82.71,0.94,14.99
2008-12-04,0.0,20.93,26.08,16.43,80.65,1.14,15.17
2008-12-05,0.0,21.3,26.31,17.18,77.9,1.75,15.27
2008-12-06,0.0,20.9,25.58,16.82,80.24,1.31,14.83
2008-12-07,0.0,21.29,25.66,17.21,80.42,1.05,14.54
2008-12-08,0.0,21.14,26.56,17.29,76.93,2.06,15.11
2008-12-09,0.0,20.99,25.78,16.36,75.63,1.04,11.59
2008-12-10,0.0,20.57,24.95,16.8,81.86,1.04,14.14
2008-12-11,0.0,20.82,25.49,16.67,82.34,1.22,14.42
2008-12-12,0.0,21.01,24.76,17.78,79.51,1.0,12.64
2008-12-13,0.0,20.2,25.64,15.83,74.33,0.99,13.2
2008-12-14,0.0,19.32,24.97,15.46,76.79,1.36,13.11
2008-12-15,0.0,18.67,24.19,14.23,77.12,1.22,11.78
2008-12-16,0.0,18.53,24.38,13.9,75.58,1.38,10.98
2008-12-17,0.0,19.08,25.0,14.08,72.57,1.5,12.75
2008-12-18,0.0,18.59,24.09,13.99,72.91,1.18,14.76
2008-12-19,0.0,18.9,24.27,14.45,72.96,1.12,13.93
2008-12-20,0.0,19.31,24.08,15.03,76.38,1.11,12.42
2008-12-21,0.0,18.58,22.34,15.19,81.2,0.99,9.66
2008-12-22,0.04,18.86,23.49,15.68,81.31,1.08,8.01
2008-12-23,0.0,19.06,23.74,15.27,79.78,1.13,10.83
2008-12-24,0.0,18.71,23.04,14.57,78.35,1.02,11.57
2008-12-25,0.0,18.91,25.03,14.42,78.08,1.41,12.83
2008-12-26,0.7,18.5,23.79,14.2,78.8,1.4,13.82
2008-12-27,0.04,17.52,22.27,13.05,78.58,1.09,12.41
2008-12-28,0.0,17.79,23.58,13.0,74.29,1.2,12.57
2008-12-29,0.0,17.53,23.67,13.38,77.61,1.48,13.42
2008-12-30,0.0,17.76,24.21,13.05,76.16,1.35,14.92
2008-12-31,0.0,17.61,23.8,13.18,75.18,1.23,15.3
2009-01-01,0.0,17.15,23.45,11.94,72.68,1.22,15.84
2009-01-02,0.0,17.33,22.94,12.62,68.96,1.28,15.98
2009-01-03,0.0,16.85,24.16,11.84,71.96,1.39,15.6
2009-01-04,0.0,16.5,23.28,11.72,72.29,1.4,14.27
2009-01-05,0.0,16.41,22.36,11.19,72.14,1.21,14.7
2009-01-06,0.0,17.9,24.04,13.36,68.8,1.19,14.86
2009-01-07,0.0,18.03,24.53,12.66,69.76,1.21,15.01
2009-01-08,0.0,18.97,24.53,14.06,70.01,1.21,12.45
2009-01-09,0.0,19.42,25.05,14.9,72.78,1.14,14.07
2009-01-10,0.0,18.38,24.38,14.06,74.99,1.34,15.25
2009-01-11,0.0,17.84,23.68,13.29,73.47,1.48,15.21
2009-01-12,0.0,17.59,23.48,13.0,74.39,1.47,15.42
2009-01-13,0.0,17.82,24.51,13.21,71.76,1.79,15.23
2009-01-14,0.0,17.48,24.19,12.26,70.49,1.46,13.71
2009-01-15,0.0,17.94,24.7,12.78,69.93,1.42,14.58
2009-01-16,0.0,17.88,24.13,12.83,69.22,1.15,16.3
2009-01-17,0.0,18.03,24.21,12.9,72.59,1.33,15.81
2009-01-18,0.0,18.54,24.13,13.11,73.81,1.29,16.44
2009-01-19,0.0,18.7,23.74,13.94,75.75,1.27,16.39
2009-01-20,0.0,18.01,22.6,14.24,72.42,1.12,13.83
2009-01-21,0.0,18.23,23.84,13.45,74.26,1.25,13.92
2009-01-22,0.0,17.88,22.59,13.62,79.05,1.23,13.13
2009-01-23,0.0,18.18,23.98,13.35,79.5,1.22,11.74
2009-01-24,0.0,19.2,24.87,14.67,75.74,1.27,11.72
2009-01-25,0.0,19.22,23.82,15.42,77.55,1.16,10.55
2009-01-26,0.0,19.44,23.96,14.76,79.29,1.29,6.3
2009-01-27,0.0,19.73,24.91,15.26,81.36,1.26,12.19
2009-01-28,0.0,18.97,24.52,14.2,77.55,1.35,14.39
2009-01-29,0.0,18.66,25.28,13.17,64.29,1.26,16.26
2009-01-30,0.0,18.57,25.04,13.29,71.57,1.54,17.76
2009-01-31,0.0,18.52,24.46,13.43,70.65,1.35,17.91
2009-02-01,0.0,18.18,24.6,12.75,68.87,1.31,17.42
2009-02-02,0.0,17.3,23.56,12.92,72.67,1.39,18.1
2009-02-03,0.0,18.1,25.0,12.61,70.05,1.35,18.66
2009-02-04,0.0,18.51,25.24,12.9,68.68,1.26,18.59
2009-02-05,0.0,19.27,25.92,13.93,68.81,1.4,18.68
2009-02-06,0.0,20.12,27.62,14.23,65.06,1.29,18.9
2009-02-07,0.68,19.92,26.35,14.15,65.39,1.39,19.06
2009-02-08,0.0,20.49,26.65,15.34,62.16,1.3,19.13
2009-02-09,0.0,19.78,26.57,14.09,69.21,1.33,18.95
2009-02-10,0.0,20.51,27.34,15.36,68.14,1.52,19.07
2009-02-11,0.0,20.93,27.13,15.29,65.23,1.25,18.63
2009-02-12,0.21,20.64,26.41,15.78,67.41,1.64,13.85
2009-02-13,0.0,19.52,26.04,13.96,66.81,1.48,17.68
2009-02-14,0.0,19.92,26.76,13.7,63.77,1.43,19.08
2009-02-15,0.0,20.11,27.17,14.28,64.42,1.45,20.19
2009-02-16,0.0,20.07,27.13,13.6,58.6,1.43,19.93
2009-02-17,0.0,20.9,28.03,15.46,57.56,1.33,20.07
2009-02-18,0.0,20.84,28.1,14.2,59.6,1.53,20.72
2009-02-19,0.0,20.7,28.06,14.13,56.34,1.41,20.61
2009-02-20,0.0,21.78,28.87,15.47,50.32,1.38,20.81
2009-02-21,0.0,20.06,27.31,13.08,52.17,1.71,20.88
2009-02-22,0.0,20.39,27.16,12.55,49.1,1.56,20.34
2009-02-23,0.0,19.83,27.61,12.61,51.71,1.33,19.5
2009-02-24,0.0,20.81,28.82,13.77,55.1,1.74,17.33
2009-02-25,8.32,22.06,29.43,16.27,69.01,1.91,16.14
2009-02-26,3.26,22.7,29.08,18.46,72.61,1.8,18.04
2009-02-27,0.0,22.24,30.24,16.45,58.7,1.69,18.71
2009-02-28,0.47,21.79,29.44,16.25,54.01,1.74,18.62
2009-03-01,0.0,22.64,29.93,15.77,38.22,1.58,20.33
2009-03-02,0.0,20.99,28.61,13.61,41.42,1.38,19.88
2009-03-03,0.0,21.53,29.13,15.56,48.25,2.04,20.7
2009-03-04,0.39,22.69,29.68,16.55,56.49,1.5,18.68
2009-03-05,12.56,22.94,28.52,17.13,61.78,1.52,18.41
2009-03-06,11.82,23.73,30.01,19.03,68.85,1.47,19.06
2009-03-07,0.0,23.5,30.12,18.65,56.2,1.49,20.58
2009-03-08,0.0,22.91,30.39,14.97,53.94,1.37,20.76
2009-03-09,0.0,24.97,32.35,18.11,46.19,1.26,21.34
2009-03-10,0.0,25.29,32.19,18.76,47.88,1.42,15.86
2009-03-11,0.0,25.47,32.42,20.64,48.1,1.93,16.85
2009-03-12,0.0,24.45,31.98,17.8,36.67,2.04,20.85
2009-03-13,0.0,24.13,33.23,17.18,34.71,2.4,19.89
2009-03-14,0.0,24.39,32.29,18.4,39.57,2.28,18.26
2009-03-15,0.0,24.38,32.51,18.8,43.57,1.26,14.83
2009-03-16,0.0,23.71,30.35,18.12,42.38,1.1,12.07
2009-03-17,0.0,26.33,33.26,21.41,37.28,1.47,17.74
2009-03-18,0.0,26.61,33.99,20.59,37.45,1.42,17.9
2009-03-19,0.0,26.8,34.48,20.36,42.24,1.56,15.15
2009-03-20,0.0,26.39,33.97,19.76,45.97,1.6,19.44
2009-03-21,0.72,26.2,33.49,19.49,49.59,1.35,19.46
2009-03-22,0.55,26.8,33.01,20.85,50.0,1.43,17.24
2009-03-23,0.0,27.49,34.61,21.4,45.99,1.47,20.54
2009-03-24,0.0,27.29,35.06,20.45,41.52,1.38,22.74
2009-03-25,0.0,27.44,34.65,20.33,41.13,1.56,21.66
2009-03-26,0.31,27.34,33.75,21.68,42.75,1.36,19.52
2009-03-27,4.66,25.48,31.46,19.7,46.8,1.12,18.19
2009-03-28,2.88,25.13,31.6,18.86,51.85,1.09,20.47
2009-03-29,11.03,26.31,31.68,19.68,57.14,1.33,19.41
2009-03-30,9.15,25.71,30.04,22.3,71.24,1.05,21.66
2009-03-31,18.11,25.09,29.74,21.75,80.2,1.53,12.89
2009-04-01,8.54,25.45,29.9,21.15,76.25,1.46,21.01
2009-04-02,7.43,26.17,31.59,20.57,67.99,1.25,18.91
2009-04-03,12.19,25.52,30.23,20.81,69.4,1.34,18.98
2009-04-04,19.04,25.31,30.2,20.7,76.34,1.05,20.41
2009-04-05,0.43,27.25,32.73,21.28,69.25,1.32,18.99
2009-04-06,0.67,27.25,32.23,22.32,65.62,0.99,15.03
2009-04-07,4.13,27.54,32.79,21.74,60.18,1.39,20.53
2009-04-08,9.93,27.58,33.09,21.6,66.27,1.36,21.45
2009-04-09,0.71,27.9,33.48,22.67,61.55,1.22,19.67
2009-04-10,0.61,28.06,34.05,22.0,52.61,1.64,24.53
2009-04-11,10.96,28.75,33.85,24.12,51.24,1.5,23.69
2009-04-12,0.0,28.68,34.51,22.59,42.24,1.15,22.55
2009-04-13,0.0,28.35,34.87,21.7,47.94,1.26,24.43
2009-04-14,1.12,29.74,36.41,22.37,47.34,1.09,23.97
2009-04-15,0.52,29.65,34.94,22.96,48.72,1.35,23.67
2009-04-16,0.0,29.09,35.42,23.41,57.53,1.51,21.1
2009-04-17,3.35,26.52,29.34,24.26,76.47,1.14,11.3
2009-04-18,1.85,28.67,35.53,22.09,67.07,2.43,18.53
2009-04-19,20.65,28.75,33.62,23.67,73.46,1.2,20.9
2009-04-20,52.97,27.72,31.69,23.47,77.84,0.89,18.52
2009-04-21,62.61,27.29,30.61,23.39,80.19,1.31,12.45
2009-04-22,19.74,27.73,32.75,23.99,83.76,2.06,17.12
2009-04-23,13.58,27.92,32.64,24.4,81.82,1.79,18.94
2009-04-24,1.15,27.38,32.69,22.99,75.09,1.29,23.64
2009-04-25,0.0,27.28,33.31,20.48,56.52,1.16,24.33
2009-04-26,0.0,28.38,34.4,22.11,54.31,1.08,25.57
2009-04-27,0.0,29.26,34.65,23.65,52.3,1.08,24.0
2009-04-28,0.0,28.23,33.28,23.29,61.08,0.89,23.22
2009-04-29,0.0,28.84,32.98,25.05,61.18,0.81,21.25
2009-04-30,13.86,28.4,31.87,24.29,69.77,0.96,18.33
2009-05-01,36.97,27.13,30.32,23.82,79.65,0.82,17.75
2009-05-02,12.45,26.99,30.44,23.63,76.28,1.06,6.96
2009-05-03,3.96,27.62,31.71,23.22,73.03,1.07,21.85
2009-05-04,1.36,26.54,29.2,24.23,82.98,0.86,25.06
2009-05-05,7.38,27.87,30.94,23.77,75.66,0.8,23.44
2009-05-06,16.2,27.56,31.19,23.31,78.91,1.26,21.8
2009-05-07,0.24,28.18,32.1,23.7,78.53,1.5,21.55
2009-05-08,1.84,28.75,32.25,24.28,72.67,0.91,23.11
2009-05-09,16.2,28.4,32.48,23.19,74.63,1.04,22.35
2009-05-10,38.82,27.38,31.17,23.34,77.0,1.03,22.82
2009-05-11,2.47,27.97,31.84,24.09,72.61,0.86,22.1
2009-05-12,1.36,27.62,30.75,23.84,73.13,1.02,20.3
2009-05-13,7.43,26.36,29.06,23.46,78.12,0.75,16.84
2009-05-14,20.36,26.23,29.15,23.43,78.61,1.04,17.87
2009-05-15,4.65,27.42,31.66,22.56,72.74,1.33,24.54
2009-05-16,15.17,27.9,31.36,23.55,74.51,1.19,20.91
2009-05-17,2.94,28.33,31.71,24.0,72.93,1.03,14.22
2009-05-18,32.29,27.7,31.17,24.33,85.11,2.07,6.94
2009-05-19,19.75,27.58,31.28,24.32,85.35,1.49,18.36
2009-05-20,4.48,28.53,32.27,24.64,80.03,1.22,23.9
2009-05-21,1.06,29.54,33.5,25.9,72.48,1.15,18.95
2009-05-22,0.0,29.74,34.37,25.06,69.08,1.15,26.39
2009-05-23,5.2,30.1,34.47,24.45,67.74,1.11,25.26
2009-05-24,15.45,29.66,33.26,26.37,73.45,1.18,19.03
2009-05-25,29.88,27.06,28.98,25.54,82.82,4.47,8.27
2009-05-26,54.62,27.41,30.75,24.35,88.97,3.59,3.97
2009-05-27,5.34,28.15,31.96,25.19,83.95,2.08,18.89
2009-05-28,0.01,28.43,31.59,24.82,79.62,0.99,18.4
2009-05-29,10.74,28.84,31.88,26.08,79.4,1.01,20.62
2009-05-30,26.39,28.41,31.48,25.83,79.98,1.26,24.25
2009-05-31,34.34,26.74,28.69,25.12,87.91,1.11,13.33
2009-06-01,15.28,26.69,29.98,24.19,86.02,1.69,17.83
2009-06-02,20.61,27.44,31.46,23.55,85.14,1.94,15.86
2009-06-03,1.08,28.54,32.43,24.24,79.67,0.99,23.67
2009-06-04,1.35,29.14,33.1,24.89,76.96,1.29,24.43
2009-06-05,16.75,29.01,31.96,26.06,78.37,0.87,24.91
2009-06-06,10.02,29.04,32.85,25.61,79.38,1.41,23.83
2009-06-07,17.86,28.08,30.45,26.38,81.39,1.11,19.84
2009-06-08,7.37,28.19,31.76,24.81,82.34,1.35,16.46
2009-06-09,12.9,28.29,32.79,24.56,86.69,1.48,14.22
2009-06-10,10.94,28.25,31.65,24.92,84.77,1.34,22.33
2009-06-11,24.82,28.35,31.77,24.83,81.62,0.95,20.33
2009-06-12,12.93,28.61,32.22,25.37,80.72,1.21,14.16
2009-06-13,29.27,28.07,31.44,24.89,83.66,1.05,19.8
2009-06-14,25.28,28.11,30.68,25.45,82.63,0.97,13.39
2009-06-15,7.69,27.81,31.21,24.46,89.15,1.47,11.07
2009-06-16,1.22,28.72,32.81,25.03,82.4,1.22,18.29
2009-06-17,0.05,29.43,33.47,25.5,78.84,1.31,20.0
2009-06-18,7.1,28.6,31.56,25.99,83.58,1.24,19.08
2009-06-19,4.24,29.17,32.87,25.84,84.06,1.38,17.3
2009-06-20,19.81,28.41,31.98,25.49,85.32,1.69,8.77
2009-06-21,11.25,28.63,32.11,25.54,86.85,1.8,20.36
2009-06-22,1.67,28.74,31.85,25.6,85.83,1.23,22.07
2009-06-23,12.26,29.26,32.52,26.49,82.95,0.99,20.53
2009-06-24,4.83,28.66,31.4,25.94,86.65,1.52,12.68
2009-06-25,6.8,28.35,31.05,26.11,88.26,1.91,16.33
2009-06-26,0.25,27.81,30.78,25.23,88.21,1.88,19.27
2009-06-27,8.97,28.83,32.49,25.63,86.8,1.83,20.51
2009-06-28,12.6,28.4,31.59,26.15,89.01,3.27,12.38
2009-06-29,31.99,27.95,30.71,25.87,91.8,4.36,11.53
2009-06-30,55.0,27.6,29.34,26.12,94.54,3.88,9.66
2009-07-01,27.57,27.33,29.4,26.07,90.66,1.99,12.37
2009-07-02,32.88,27.36,29.51,25.75,92.23,2.96,9.31
2009-07-03,47.16,27.1,29.16,24.85,90.94,1.93,10.2
2009-07-04,22.51,27.23,30.3,24.52,88.92,2.07,16.89
2009-07-05,6.76,27.41,30.73,24.3,85.53,1.62,19.47
2009-07-06,13.15,28.33,32.0,24.92,87.3,1.87,21.57
2009-07-07,9.74,28.35,32.56,25.38,87.06,2.18,16.75
2009-07-08,1.26,28.62,32.8,25.01,85.45,1.57,19.62
2009-07-09,7.9,27.69,30.5,25.23,91.13,1.84,15.65
2009-07-10,5.3,27.99,31.44,25.14,86.92,1.3,15.89
2009-07-11,2.25,28.58,32.25,24.8,85.55,1.32,17.01
2009-07-12,0.9,29.24,32.84,25.5,84.29,1.14,23.19
2009-07-13,13.93,30.95,34.65,27.29,79.34,1.03,20.33
2009-07-14,5.77,29.66,31.95,27.69,82.6,0.75,14.87
2009-07-15,11.91,28.92,32.82,26.39,85.82,1.6,19.31
2009-07-16,2.4,28.59,32.31,25.58,87.16,1.89,19.58
2009-07-17,2.48,28.79,32.41,25.26,85.36,1.59,22.93
2009-07-18,21.51,29.15,32.68,26.85,87.06,1.06,20.9
2009-07-19,10.15,30.32,33.97,26.98,82.82,1.23,25.82
2009-07-20,0.01,30.23,34.24,26.31,81.66,1.06,25.41
2009-07-21,7.12,29.22,33.33,25.45,84.53,1.58,20.48
2009-07-22,10.08,29.01,32.47,25.7,84.98,1.8,19.13
2009-07-23,1.24,28.66,32.32,25.63,86.2,1.51,19.93
2009-07-24,3.3,28.56,32.24,25.24,87.65,1.6,19.63
2009-07-25,26.51,29.09,32.39,26.17,87.9,1.54,21.46
2009-07-26,31.43,28.05,29.92,26.15,87.49,1.32,17.23
2009-07-27,52.42,28.54,31.89,25.68,83.06,1.51,18.71
2009-07-28,96.85,27.96,31.29,25.48,90.54,2.98,9.01
2009-07-29,23.89,28.01,31.57,25.0,89.69,3.09,9.1
2009-07-30,23.21,27.51,30.35,25.46,89.08,2.57,12.65
2009-07-31,22.66,27.88,31.0,24.86,91.83,2.19,7.81
2009-08-01,6.47,28.63,31.78,25.77,88.55,1.74,20.06
2009-08-02,12.15,28.59,32.46,26.38,84.28,1.24,19.4
2009-08-03,11.22,29.42,32.84,26.15,80.97,1.31,14.95
2009-08-04,25.33,28.44,30.71,26.84,92.66,2.31,15.04
2009-08-05,23.84,28.61,31.46,26.25,91.39,1.42,6.67
2009-08-06,26.78,29.31,32.01,26.98,84.73,1.33,16.66
2009-08-07,13.56,28.76,31.76,26.5,89.41,2.12,19.0
2009-08-08,45.22,29.64,33.01,26.16,85.73,1.29,18.21
2009-08-09,5.91,29.34,32.36,26.7,86.04,1.59,19.68
2009-08-10,14.95,29.88,33.32,27.07,85.18,1.35,21.28
2009-08-11,10.74,28.15,31.13,26.09,90.25,1.71,16.26
2009-08-12,4.72,27.69,30.33,25.31,91.16,1.86,11.94
2009-08-13,13.4,27.89,30.75,25.49,90.43,2.24,13.81
2009-08-14,11.43,26.74,28.26,25.26,91.43,1.39,14.19
2009-08-15,13.17,27.05,29.88,25.11,91.73,2.11,6.96
2009-08-16,24.6,27.04,29.75,24.71,90.63,2.44,12.29
2009-08-17,13.56,27.22,30.43,24.66,90.36,2.31,11.48
2009-08-18,50.22,27.33,30.71,24.26,91.11,2.84,13.53
2009-08-19,51.42,26.6,28.19,24.94,94.65,2.85,14.61
2009-08-20,53.91,26.35,28.68,24.53,94.06,2.49,8.36
2009-08-21,10.48,26.53,29.23,24.29,92.21,2.52,8.74
2009-08-22,11.53,26.96,30.4,23.92,89.46,1.63,14.61
2009-08-23,6.63,27.52,30.78,24.1,87.09,1.41,15.29
2009-08-24,2.58,28.53,32.27,24.45,82.33,2.01,19.27
2009-08-25,10.55,28.39,31.69,25.41,82.25,1.75,21.46
2009-08-26,36.94,27.31,30.19,24.85,86.3,1.76,17.88
2009-08-27,12.72,27.29,30.6,23.97,84.23,1.59,12.66
2009-08-28,2.54,27.88,30.15,25.28,82.31,1.04,19.84
2009-08-29,5.01,28.27,31.76,24.91,84.77,1.22,21.26
2009-08-30,8.07,29.62,34.23,25.97,76.68,0.84,19.25
2009-08-31,37.49,29.3,32.65,26.2,81.67,1.26,21.87
2009-09-01,2.37,29.72,33.15,26.25,80.02,1.21,20.04
2009-09-02,2.75,28.44,31.41,26.37,87.45,1.2,21.15
2009-09-03,9.89,29.64,33.65,25.99,83.98,1.64,23.41
2009-09-04,8.98,28.3,30.63,26.08,86.24,1.02,20.03
2009-09-05,12.81,27.14,29.46,24.55,88.39,1.34,14.16
2009-09-06,8.07,27.67,30.72,24.73,84.34,1.53,20.93
2009-09-07,4.08,28.89,32.84,25.3,84.02,2.03,21.96
2009-09-08,2.01,27.97,31.83,25.65,84.34,2.98,14.56
2009-09-09,32.57,26.88,29.56,24.69,88.48,1.24,13.8
2009-09-10,8.47,26.72,30.04,23.91,87.05,1.34,13.39
2009-09-11,0.34,27.28,31.16,23.66,83.04,1.05,21.72
2009-09-12,0.0,28.06,31.85,24.47,82.82,1.4,21.61
2009-09-13,0.0,28.88,32.53,25.55,77.95,1.17,20.11
2009-09-14,0.82,27.82,30.63,25.67,87.25,1.6,13.52
2009-09-15,3.2,27.0,30.2,24.69,91.1,1.61,8.77
2009-09-16,7.13,27.13,29.73,24.65,87.14,1.09,14.33
2009-09-17,10.86,26.1,28.93,24.29,90.0,0.9,14.37
2009-09-18,4.56,25.88,28.36,23.43,90.68,1.17,6.63
2009-09-19,8.33,26.43,29.27,24.5,91.37,1.9,16.6
2009-09-20,5.14,26.03,28.89,24.0,92.59,1.76,13.96
2009-09-21,39.41,26.56,29.65,24.04,90.17,1.48,9.69
2009-09-22,12.18,26.18,28.95,23.65,90.26,1.32,14.8
2009-09-23,23.47,25.79,27.66,23.72,87.06,1.08,14.56
2009-09-24,10.88,26.71,29.92,23.73,85.31,0.93,11.1
2009-09-25,0.77,27.17,30.99,23.88,84.13,1.26,19.76
2009-09-26,0.0,28.32,32.03,24.77,82.83,1.51,21.29
2009-09-27,0.0,29.16,33.77,25.53,78.18,2.22,18.3
2009-09-28,0.52,29.2,33.64,25.26,78.61,1.85,18.95
2009-09-29,1.41,29.11,32.86,25.22,79.0,1.01,20.35
2009-09-30,0.22,29.12,33.11,25.53,78.81,1.12,20.41
2009-10-01,0.0,29.15,34.01,24.74,72.53,1.42,19.48
2009-10-02,2.41,28.75,34.83,24.39,75.01,1.95,18.77
2009-10-03,7.79,27.95,32.47,25.29,82.36,2.14,8.15
2009-10-04,7.65,27.49,31.15,24.66,83.58,2.77,17.85
2009-10-05,18.02,26.8,29.8,24.8,90.29,1.27,13.75
2009-10-06,17.8,26.89,29.84,24.26,88.66,1.35,13.03
2009-10-07,39.39,26.08,27.62,24.49,92.36,1.02,12.55
2009-10-08,52.2,26.1,28.26,24.05,94.88,1.57,7.67
2009-10-09,26.3,25.75,27.93,23.75,94.58,2.08,11.74
2009-10-10,2.18,26.19,30.07,22.94,82.64,1.35,16.07
2009-10-11,0.03,26.31,30.05,23.44,82.27,1.22,19.16
2009-10-12,0.0,26.21,30.33,22.4,80.96,1.18,19.26
2009-10-13,0.0,26.0,30.52,21.97,82.15,1.23,20.16
2009-10-14,0.0,26.42,31.83,21.97,79.98,1.38,19.66
2009-10-15,1.2,26.39,30.17,23.44,82.0,1.07,14.53
2009-10-16,2.26,26.17,29.02,24.58,86.55,1.22,12.41
2009-10-17,10.06,26.13,29.09,23.88,86.39,1.21,15.08
2009-10-18,0.67,26.29,30.22,23.34,81.33,1.17,9.67
2009-10-19,0.28,25.34,29.61,21.59,82.84,1.15,17.64
2009-10-20,0.0,23.45,29.09,18.81,76.93,1.22,19.77
2009-10-21,0.0,24.61,30.84,18.58,72.24,1.18,20.19
2009-10-22,0.0,24.54,30.8,19.86,76.25,1.59,19.94
2009-10-23,0.0,23.93,29.01,19.8,79.14,1.29,19.01
2009-10-24,0.01,23.76,28.26,19.52,71.63,1.02,19.21
2009-10-25,0.04,23.46,29.26,18.13,73.38,1.07,19.56
2009-10-26,0.0,23.48,29.7,18.8,76.1,1.6,19.42
2009-10-27,0.0,23.42,29.47,18.28,76.53,1.3,19.42
2009-10-28,0.0,23.88,29.77,18.43,73.36,1.15,19.44
2009-10-29,0.0,23.66,29.86,18.36,75.7,1.43,19.28
2009-10-30,0.0,23.97,29.1,18.97,75.29,1.1,18.77
2009-10-31,0.0,23.93,29.29,19.2,72.3,1.23,18.92
2009-11-01,0.0,23.55,29.44,18.38,76.17,1.75,19.09
2009-11-02,0.0,23.44,28.62,20.24,78.55,2.53,16.93
2009-11-03,0.0,23.21,27.59,20.64,78.7,2.71,14.53
2009-11-04,0.0,22.91,27.45,19.51,76.37,2.04,15.16
2009-11-05,0.0,24.82,30.79,20.45,74.28,1.72,9.67
2009-11-06,0.0,24.76,30.15,20.3,75.89,1.15,17.41
2009-11-07,0.0,24.03,29.14,19.51,78.13,1.19,16.97
2009-11-08,0.0,23.61,29.33,19.0,75.55,1.23,17.96
2009-11-09,0.0,23.46,29.66,17.76,65.48,1.13,18.08
2009-11-10,0.0,21.93,26.85,17.23,74.1,1.1,14.27
2009-11-11,0.0,21.87,26.64,17.75,77.88,1.16,15.6
2009-11-12,0.0,22.54,28.26,17.82,75.67,1.22,16.51
2009-11-13,0.0,23.12,28.35,18.8,74.12,1.18,16.01
2009-11-14,0.33,23.38,27.96,19.11,81.11,1.2,14.21
2009-11-15,1.02,23.56,27.45,21.13,88.6,1.34,10.95
2009-11-16,8.9,23.27,27.63,20.19,86.56,1.47,12.2
2009-11-17,0.96,22.67,26.89,19.82,82.02,1.17,5.17
2009-11-18,0.02,22.03,25.44,19.78,79.57,1.0,7.12
2009-11-19,0.0,21.75,26.64,17.98,79.66,1.2,14.06
2009-11-20,0.0,20.17,25.52,15.54,75.26,1.3,15.92
2009-11-21,0.0,20.02,25.86,15.59,76.15,1.2,16.66
2009-11-22,0.0,19.56,25.01,14.81,78.21,1.33,16.44
2009-11-23,0.0,19.69,24.94,15.01,79.01,1.31,16.13
2009-11-24,0.0,19.94,24.77,15.99,78.21,1.09,14.98
2009-11-25,0.0,19.64,24.43,15.13,79.76,1.29,16.22
2009-11-26,0.0,20.0,25.08,15.57,80.53,1.16,16.04
2009-11-27,0.0,19.93,25.23,15.49,78.84,1.13,15.52
2009-11-28,0.0,20.06,25.61,15.65,77.13,1.63,16.34
2009-11-29,0.0,19.85,24.62,15.57,78.98,1.32,16.17
2009-11-30,0.0,20.02,25.52,15.31,78.49,1.25,16.01
2009-12-01,0.0,20.22,25.51,15.31,76.41,1.21,15.69
2009-12-02,0.0,19.59,24.83,15.25,79.53,1.22,15.4
2009-12-03,0.0,20.02,25.7,14.9,77.34,1.28,15.76
2009-12-04,0.0,19.78,24.07,15.55,80.92,1.05,14.61
2009-12-05,0.0,19.73,24.18,16.02,82.03,1.08,15.13
2009-12-06,0.05,19.18,23.42,14.34,78.52,0.9,14.59
2009-12-07,0.0,18.15,23.27,14.11,80.87,1.07,13.34
2009-12-08,0.0,17.99,24.26,13.67,76.56,1.32,13.16
2009-12-09,0.0,17.56,23.56,13.12,77.41,1.4,13.36
2009-12-10,0.0,17.4,23.34,12.9,76.76,1.33,12.9
2009-12-11,0.0,16.77,22.1,12.45,78.1,1.23,12.87
2009-12-12,0.0,17.05,22.79,12.33,78.33,1.37,14.11
2009-12-13,0.0,18.19,23.97,13.39,74.59,1.34,13.51
2009-12-14,0.0,17.94,23.71,12.51,79.15,1.17,14.22
2009-12-15,0.0,18.46,24.38,14.31,81.57,1.35,14.37
2009-12-16,0.0,18.89,23.92,13.95,79.07,1.08,14.76
2009-12-17,0.0,19.01,24.23,14.82,79.06,1.22,13.09
2009-12-18,0.0,19.51,25.36,14.72,75.9,1.11,14.51
2009-12-19,43.94,19.78,24.29,15.71,79.33,1.12,11.41
2009-12-20,0.27,19.1,25.35,14.12,72.64,1.1,13.79
2009-12-21,0.0,17.96,24.0,13.46,77.15,1.39,15.53
2009-12-22,0.0,16.99,22.6,12.39,78.11,1.15,15.87
2009-12-23,0.0,16.56,22.96,12.0,77.48,1.31,15.4
2009-12-24,0.0,16.0,21.61,11.31,77.8,1.29,14.62
2009-12-25,1.43,15.6,21.16,10.7,77.94,1.27,13.81
2009-12-26,0.01,15.24,20.62,11.12,79.04,1.15,13.35
2009-12-27,0.0,15.44,21.4,10.61,78.5,1.36,14.71
2009-12-28,0.0,16.23,21.62,11.97,73.16,1.1,15.09
2009-12-29,0.0,15.54,21.82,10.78,77.96,1.21,15.73
2009-12-30,0.0,16.12,21.9,11.47,78.1,1.11,15.2
2009-12-31,0.04,16.03,20.91,11.52,77.93,1.2,9.61
2010-01-01,0.04,16.6,23.2,11.0,74.76,1.1,14.59
2010-01-02,0.0,16.76,23.63,11.38,70.12,1.58,14.91
2010-01-03,0.0,17.57,24.7,12.09,67.76,1.37,15.0
2010-01-04,0.0,16.4,22.0,10.68,75.63,1.33,10.21
2010-01-05,0.0,16.41,22.51,11.34,76.42,1.24,10.21
2010-01-06,0.0,16.91,23.79,11.47,72.53,1.39,9.99
2010-01-07,0.0,18.15,24.93,12.36,67.1,1.64,13.58
2010-01-08,0.0,17.7,23.78,12.55,69.33,1.23,15.3
2010-01-09,0.0,17.63,22.77,12.16,69.91,1.28,16.71
2010-01-10,0.0,17.36,23.12,13.06,70.78,1.14,16.43
2010-01-11,0.0,16.38,21.79,12.15,70.86,1.16,13.17
2010-01-12,0.0,15.25,21.34,10.47,75.07,1.36,9.66
2010-01-13,0.0,16.55,22.77,10.87,70.7,1.39,10.17
2010-01-14,0.0,17.88,23.18,13.28,67.0,1.42,11.81
2010-01-15,0.0,18.52,25.48,12.59,69.4,1.25,16.2
2010-01-16,0.0,18.36,25.04,13.01,70.58,1.77,12.35
2010-01-17,0.0,19.28,26.25,13.6,66.5,1.52,10.71
2010-01-18,0.0,18.68,25.26,13.29,68.63,1.29,10.77
2010-01-19,0.0,18.12,23.23,13.6,73.54,1.17,6.7
2010-01-20,0.0,18.75,26.13,12.62,68.01,1.32,14.29
2010-01-21,0.0,18.5,25.76,13.14,68.12,1.66,15.36
2010-01-22,0.0,18.2,25.17,12.96,69.41,1.51,16.96
2010-01-23,0.0,18.38,25.27,12.72,65.11,1.37,17.36
2010-01-24,0.0,18.25,25.3,12.28,64.95,1.32,17.99
2010-01-25,0.0,18.88,26.61,13.44,61.53,1.73,17.19
2010-01-26,0.25,18.13,24.75,12.47,64.75,1.36,17.87
2010-01-27,0.0,18.01,24.8,13.16,66.17,1.32,17.88
2010-01-28,0.0,17.5,24.72,11.87,66.01,1.35,17.52
2010-01-29,0.0,17.4,24.27,11.76,66.12,1.4,18.49
2010-01-30,0.0,17.58,23.5,12.35,66.51,1.33,18.33
2010-01-31,0.0,17.86,24.49,12.62,64.08,1.27,18.22
2010-02-01,0.0,16.8,23.37,11.13,66.03,1.35,17.83
2010-02-02,0.0,17.47,24.08,12.8,63.34,1.34,18.72
2010-02-03,0.0,17.58,24.05,10.78,53.07,1.39,18.38
2010-02-04,0.0,16.31,23.58,10.23,61.79,1.63,18.93
2010-02-05,0.0,16.76,24.12,9.93,52.41,1.5,19.25
2010-02-06,0.0,16.69,24.36,9.83,56.84,1.37,18.88
2010-02-07,0.0,17.42,25.45,11.54,62.2,2.02,19.54
2010-02-08,0.0,18.62,25.47,12.59,62.17,1.28,19.02
2010-02-09,0.0,18.79,25.15,13.46,66.13,1.34,15.67
2010-02-10,0.0,20.24,26.9,14.97,66.65,1.37,14.67
2010-02-11,0.0,20.63,27.37,15.18,67.31,1.44,16.67
2010-02-12,0.0,19.83,27.08,13.82,57.48,1.56,19.28
2010-02-13,0.0,19.67,26.38,12.87,60.13,1.73,16.92
2010-02-14,0.0,20.7,26.25,16.08,67.31,1.56,18.52
2010-02-15,0.0,21.19,26.57,16.09,55.96,1.34,17.18
2010-02-16,0.0,20.2,26.61,14.21,62.08,1.5,14.92
2010-02-17,0.02,21.71,27.06,17.58,71.86,1.6,12.4
2010-02-18,0.0,20.31,26.54,15.71,64.4,2.05,17.79
2010-02-19,0.0,19.16,26.29,12.65,50.69,1.46,18.73
2010-02-20,0.0,19.04,26.22,12.03,48.68,1.55,20.09
2010-02-21,0.0,18.87,25.39,12.6,56.62,1.33,19.56
2010-02-22,0.0,19.7,26.25,13.74,64.02,1.39,18.68
2010-02-23,0.0,20.75,26.37,15.26,64.16,1.36,16.79
2010-02-24,0.05,22.19,27.8,17.65,56.86,1.56,14.47
2010-02-25,2.67,22.59,27.52,17.1,65.22,1.22,14.09
2010-02-26,0.0,22.17,28.58,16.75,63.1,1.3,18.17
2010-02-27,0.0,21.35,27.31,15.48,57.84,1.39,20.73
2010-02-28,0.02,21.9,27.93,15.53,59.96,1.29,17.13
2010-03-01,0.04,22.86,28.76,17.36,64.7,1.42,18.35
2010-03-02,0.24,22.84,30.34,17.44,63.99,1.83,19.01
2010-03-03,0.0,23.33,31.06,17.77,56.9,1.75,20.44
2010-03-04,0.0,23.18,30.65,17.27,63.1,1.84,18.92
2010-03-05,0.19,24.2,31.44,19.21,68.7,2.34,18.26
2010-03-06,0.12,24.24,31.01,19.43,73.45,2.12,17.53
2010-03-07,0.1,24.05,31.89,18.57,65.33,2.2,18.93
2010-03-08,0.02,24.64,32.18,17.96,48.72,1.67,19.75
2010-03-09,0.0,24.91,31.99,19.07,40.98,1.5,22.08
2010-03-10,0.0,23.58,31.75,15.85,40.18,1.5,22.51
2010-03-11,0.0,23.62,30.89,15.79,41.17,1.58,23.01
2010-03-12,0.0,23.94,31.34,16.9,40.04,1.56,22.82
2010-03-13,0.0,24.29,31.16,18.77,35.13,1.6,18.77
2010-03-14,0.0,24.93,32.33,17.75,33.93,1.44,21.17
2010-03-15,9.71,24.25,31.39,16.71,49.86,1.42,17.62
2010-03-16,0.0,25.63,33.09,20.03,46.73,2.52,21.46
2010-03-17,0.0,26.97,35.1,20.83,44.55,2.35,21.46
2010-03-18,0.0,27.95,36.36,21.49,42.03,1.91,15.85
2010-03-19,0.0,27.72,34.61,21.47,45.76,1.38,20.9
2010-03-20,0.0,28.13,36.41,20.84,43.55,1.57,21.5
2010-03-21,0.0,27.75,35.46,20.24,41.8,1.65,22.41
2010-03-22,0.0,28.23,35.46,23.27,42.88,1.77,21.28
2010-03-23,1.55,27.5,35.14,21.18,63.68,2.1,19.39
2010-03-24,2.79,27.51,34.98,21.89,68.97,1.9,17.93
2010-03-25,0.26,28.37,35.16,22.84,64.63,1.49,17.65
2010-03-26,0.12,28.37,34.32,22.61,60.75,1.36,18.54
2010-03-27,3.91,27.2,31.78,23.3,70.19,1.33,16.88
2010-03-28,20.73,26.52,31.36,22.95,77.73,2.04,15.32
2010-03-29,16.77,26.19,30.89,22.98,82.03,2.27,15.95
2010-03-30,28.84,25.92,31.0,21.23,82.31,1.98,13.99
2010-03-31,42.8,26.09,30.76,22.22,87.37,2.35,12.57
2010-04-01,13.65,26.99,32.62,22.37,81.45,2.02,17.22
2010-04-02,9.17,26.62,32.04,21.89,81.42,1.73,16.04
2010-04-03,6.13,26.84,31.68,22.39,81.94,1.82,17.16
2010-04-04,4.57,27.49,31.06,22.91,77.06,1.1,18.82
2010-04-05,6.21,27.38,32.33,23.06,79.98,1.61,19.23
2010-04-06,6.4,27.44,33.13,21.78,75.09,1.37,20.46
2010-04-07,1.07,27.61,33.92,22.13,70.66,1.04,21.66
2010-04-08,0.0,28.33,34.87,22.48,52.78,1.63,24.22
2010-04-09,0.05,28.22,33.46,21.61,59.9,1.46,19.23
2010-04-10,13.04,28.03,34.13,23.25,71.86,1.39,20.06
2010-04-11,7.39,27.4,31.88,23.43,80.61,1.04,19.65
2010-04-12,2.3,27.87,32.03,22.62,75.65,0.88,19.72
2010-04-13,13.95,27.06,30.38,23.86,82.17,1.16,18.18
2010-04-14,7.55,26.99,30.31,23.18,83.82,1.33,19.98
2010-04-15,5.95,27.27,30.94,24.04,79.99,0.86,22.49
2010-04-16,0.0,27.78,33.48,22.59,70.47,1.28,22.75
2010-04-17,98.25,26.9,30.18,23.43,79.14,1.65,16.22
2010-04-18,40.49,24.97,27.96,22.44,90.01,1.58,13.61
2010-04-19,32.52,26.81,31.07,23.6,86.25,3.1,11.02
2010-04-20,28.49,27.63,33.15,23.93,85.55,3.1,17.95
2010-04-21,26.69,27.98,32.56,24.77,86.05,2.41,17.05
2010-04-22,11.92,27.88,32.91,24.47,84.57,2.21,20.26
2010-04-23,13.24,27.6,32.03,23.93,83.56,1.88,20.41
2010-04-24,31.07,27.06,31.33,23.13,84.56,1.55,18.7
2010-04-25,37.13,26.68,30.25,23.84,87.46,2.18,18.05
2010-04-26,41.49,26.44,30.5,22.81,87.36,1.35,19.19
2010-04-27,1.78,25.18,29.79,21.04,76.98,1.23,20.02
2010-04-28,11.73,25.92,30.68,20.03,73.9,1.41,20.29
2010-04-29,21.31,26.22,29.02,23.28,82.93,1.17,13.27
2010-04-30,3.04,26.23,29.29,23.31,83.38,1.04,14.19
2010-05-01,8.28,26.7,30.47,22.45,80.22,1.23,20.52
2010-05-02,40.04,27.17,29.82,24.59,83.98,1.0,10.13
2010-05-03,2.25,25.85,28.3,23.33,87.55,1.13,23.16
2010-05-04,0.29,26.94,30.58,22.83,75.02,0.96,22.3
2010-05-05,10.0,27.0,29.75,23.8,81.38,0.92,21.52
2010-05-06,27.31,26.02,27.73,23.86,87.1,0.98,21.8
2010-05-07,6.36,26.65,29.36,24.08,83.6,1.43,20.37
2010-05-08,4.4,26.37,29.41,23.48,84.34,1.7,19.67
2010-05-09,13.46,27.68,31.56,23.59,84.3,2.03,17.26
2010-05-10,13.6,28.37,32.51,24.24,86.59,1.78,14.19
2010-05-11,16.4,28.72,32.8,25.34,84.74,2.2,18.25
2010-05-12,17.92,27.97,32.08,24.22,87.65,1.82,17.6
2010-05-13,31.99,27.99,31.22,25.14,88.8,1.74,18.91
2010-05-14,14.06,27.97,31.16,24.39,86.97,1.26,18.34
2010-05-15,3.22,28.12,31.45,24.23,83.63,1.06,24.76
2010-05-16,5.11,28.56,31.55,24.84,81.43,0.8,19.49
2010-05-17,7.34,28.66,31.93,25.1,82.01,0.98,24.98
2010-05-18,32.66,28.07,31.46,24.66,81.25,1.48,16.46
2010-05-19,64.45,28.24,31.71,24.69,85.52,2.09,17.94
2010-05-20,99.29,26.93,29.46,24.85,93.8,3.75,10.78
2010-05-21,22.95,26.3,28.37,23.68,92.81,2.08,8.02
2010-05-22,3.49,26.57,29.86,23.91,89.21,2.04,18.18
2010-05-23,2.39,26.8,30.06,23.38,88.57,1.74,20.84
2010-05-24,16.67,25.76,28.36,23.44,90.61,1.38,15.42
2010-05-25,51.31,27.86,31.79,22.91,77.68,1.26,19.95
2010-05-26,19.72,27.68,30.23,24.84,85.85,1.28,12.29
2010-05-27,20.83,27.46,30.83,25.01,87.1,2.75,20.82
2010-05-28,12.92,26.09,28.66,24.05,88.54,1.66,12.84
2010-05-29,0.46,27.57,31.54,23.12,75.2,1.3,17.96
2010-05-30,14.52,27.21,30.06,24.99,91.1,2.75,15.57
2010-05-31,18.79,27.36,30.69,25.1,91.12,2.0,9.47
2010-06-01,69.86,27.56,31.01,24.38,90.68,2.6,12.07
2010-06-02,31.46,28.28,31.69,24.72,89.67,1.4,13.94
2010-06-03,89.6,27.92,30.37,24.98,86.89,1.13,5.3
2010-06-04,32.33,27.36,29.55,25.08,89.13,1.42,3.26
2010-06-05,17.06,26.48,29.89,23.08,91.04,2.36,8.4
2010-06-06,8.48,27.03,31.25,22.55,92.18,2.32,14.63
2010-06-07,33.42,27.7,30.85,24.97,92.6,2.2,16.21
2010-06-08,17.8,28.43,31.68,25.12,85.48,1.43,16.44
2010-06-09,21.98,27.82,30.74,24.28,87.93,1.37,21.51
2010-06-10,14.91,27.52,29.26,25.77,90.11,1.43,16.95
2010-06-11,21.05,27.89,30.3,25.46,87.61,1.24,21.81
2010-06-12,18.08,28.04,32.62,25.44,83.97,1.23,12.95
2010-06-13,17.42,26.56,28.52,24.28,91.74,1.74,17.16
2010-06-14,10.18,26.33,28.7,24.44,93.21,1.53,15.8
2010-06-15,40.11,27.53,30.69,25.21,91.69,2.19,19.17
2010-06-16,24.12,28.57,33.16,25.56,85.36,1.62,7.08
2010-06-17,10.63,28.05,31.64,25.39,89.1,1.75,10.53
2010-06-18,7.87,28.12,31.9,25.54,88.41,1.96,16.86
2010-06-19,11.26,27.95,31.37,24.88,88.81,2.63,17.42
2010-06-20,11.47,27.64,30.81,25.19,92.11,2.82,12.19
2010-06-21,6.39,27.93,30.64,25.61,89.73,1.84,15.65
2010-06-22,16.0,28.24,30.87,25.45,88.92,1.52,13.55
2010-06-23,1.29,28.18,31.0,25.85,88.75,1.48,20.17
2010-06-24,3.66,28.62,31.73,25.36,82.53,0.58,20.9
2010-06-25,11.87,28.09,31.29,25.66,89.24,1.47,16.78
2010-06-26,24.71,27.61,31.12,24.97,90.6,2.1,5.4
2010-06-27,47.65,27.73,30.59,25.52,92.39,2.91,15.91
2010-06-28,66.02,26.95,29.28,25.46,93.88,2.94,10.48
2010-06-29,53.18,27.72,30.12,25.43,93.97,2.55,5.92
2010-06-30,5.35,28.14,30.8,25.69,89.81,1.15,16.28
2010-07-01,9.04,27.51,29.22,25.99,88.2,1.03,17.32
2010-07-02,8.83,27.38,29.5,25.25,87.65,0.85,14.61
2010-07-03,24.67,28.62,31.89,25.23,84.94,1.35,21.73
2010-07-04,9.73,27.89,30.22,25.56,88.29,1.81,18.89
2010-07-05,4.84,27.27,29.6,25.75,92.52,1.74,17.88
2010-07-06,3.64,27.6,30.69,24.7,89.74,2.14,19.15
2010-07-07,17.05,27.7,30.54,24.97,90.98,2.66,19.67
2010-07-08,3.77,27.21,29.54,24.72,90.77,2.7,19.49
2010-07-09,4.86,27.81,30.8,24.81,90.82,2.69,19.8
2010-07-10,4.85,28.23,31.42,25.47,89.77,2.63,19.45
2010-07-11,7.87,28.41,31.21,25.68,91.26,2.38,15.93
2010-07-12,11.63,27.41,29.62,25.26,93.11,2.24,13.34
2010-07-13,15.7,27.9,31.16,24.32,88.03,1.91,18.11
2010-07-14,3.74,28.29,31.48,25.05,88.87,1.86,21.7
2010-07-15,6.16,28.06,30.76,25.91,88.87,1.31,16.68
2010-07-16,3.73,28.03,31.09,25.48,88.75,1.85,18.81
2010-07-17,5.1,27.88,30.38,26.04,91.62,2.04,15.57
2010-07-18,18.68,28.15,30.7,26.0,86.76,2.03,13.84
2010-07-19,30.98,27.2,28.31,26.06,93.48,2.35,7.88
2010-07-20,11.06,27.34,29.86,25.37,91.32,2.16,9.31
2010-07-21,29.38,27.91,30.76,25.12,90.45,2.12,14.62
2010-07-22,10.13,27.93,30.77,25.24,90.18,2.3,15.44
2010-07-23,9.63,28.25,31.39,25.09,91.18,2.53,20.11
2010-07-24,4.86,29.2,32.62,26.08,85.48,1.4,21.16
2010-07-25,7.43,28.79,32.14,25.73,85.77,1.88,18.53
2010-07-26,32.81,28.57,31.7,24.87,83.49,1.75,19.11
2010-07-27,16.38,28.68,32.42,25.92,85.2,1.37,25.63
2010-07-28,28.0,29.12,32.58,25.82,84.13,1.43,23.29
2010-07-29,33.65,27.39,30.12,25.96,91.43,1.68,11.89
2010-07-30,22.38,27.15,29.6,24.51,90.63,1.65,16.42
2010-07-31,19.55,27.38,30.32,24.99,87.41,1.33,14.56
2010-08-01,19.66,27.38,30.14,24.47,90.74,1.85,18.72
2010-08-02,24.74,27.95,30.96,25.39,87.27,1.28,22.6
2010-08-03,4.75,27.07,29.04,25.33,89.74,1.13,19.09
2010-08-04,7.17,27.46,30.35,25.14,88.88,1.22,14.45
2010-08-05,6.1,28.77,33.49,24.66,84.01,2.3,22.29
2010-08-06,10.72,27.71,30.54,24.92,88.69,1.26,17.19
2010-08-07,2.18,27.7,30.76,25.63,89.8,1.69,22.41
2010-08-08,1.89,27.96,30.47,25.2,87.26,1.01,20.74
2010-08-09,10.51,29.32,32.47,26.35,81.68,1.33,20.16
2010-08-10,11.37,29.68,33.27,26.43,80.88,1.32,22.22
2010-08-11,25.65,29.01,31.32,26.82,86.4,1.28,12.88
2010-08-12,18.91,27.58,30.03,26.22,92.48,2.0,14.76
2010-08-13,9.95,26.81,28.52,25.31,93.28,1.78,13.98
2010-08-14,24.11,27.58,30.68,25.0,89.08,2.02,17.17
2010-08-15,12.64,27.59,30.81,24.92,90.4,2.03,14.11
2010-08-16,15.0,27.76,30.91,24.96,90.71,2.81,13.24
2010-08-17,18.59,27.41,30.02,25.24,91.03,2.89,16.12
2010-08-18,19.23,27.36,29.95,25.23,91.63,2.28,16.66
2010-08-19,28.65,27.55,30.52,25.45,90.27,2.02,13.57
2010-08-20,19.01,27.19,29.63,25.35,92.3,2.31,12.76
2010-08-21,8.32,27.69,30.59,25.5,91.18,3.13,16.79
2010-08-22,24.96,27.03,29.43,25.36,89.57,2.07,11.29
2010-08-23,1.02,28.24,31.65,24.77,85.59,1.19,12.78
2010-08-24,12.73,28.85,32.21,26.59,85.31,1.25,20.06
2010-08-25,4.47,27.69,30.54,25.69,89.4,1.19,15.88
2010-08-26,10.28,27.94,31.57,25.43,89.3,1.91,8.86
2010-08-27,15.91,26.83,29.45,25.07,92.11,2.05,17.53
2010-08-28,29.28,27.17,29.67,25.06,91.64,2.29,18.11
2010-08-29,16.04,28.04,31.66,24.95,88.38,1.0,21.99
2010-08-30,11.92,28.07,31.99,25.41,88.31,1.08,20.18
2010-08-31,0.63,27.3,30.06,25.07,90.15,1.61,17.72
2010-09-01,23.06,27.96,30.47,25.49,86.61,0.98,18.49
2010-09-02,14.62,28.19,31.55,25.87,88.44,1.3,20.79
2010-09-03,49.11,26.93,29.55,25.12,90.97,1.7,14.31
2010-09-04,29.68,27.03,29.96,24.14,89.53,1.43,13.96
2010-09-05,2.66,27.94,31.2,24.87,88.3,1.35,17.1
2010-09-06,24.22,28.09,31.25,25.41,88.01,1.37,19.77
2010-09-07,30.9,27.47,30.51,25.19,88.92,1.34,14.42
2010-09-08,2.47,27.84,30.7,25.28,85.76,1.33,17.11
2010-09-09,20.28,27.13,29.38,25.03,91.74,1.46,13.01
2010-09-10,14.96,26.93,28.8,25.05,93.62,1.47,8.65
2010-09-11,8.5,27.29,29.89,25.16,87.25,0.95,14.64
2010-09-12,8.35,27.91,31.57,24.78,82.73,1.29,18.54
2010-09-13,26.76,26.18,27.61,24.78,95.38,1.81,5.84
2010-09-14,16.88,26.17,28.37,24.4,92.06,1.42,14.72
2010-09-15,9.16,26.1,28.05,24.49,91.44,1.37,14.43
2010-09-16,7.82,25.82,27.77,24.32,91.36,1.13,12.85
2010-09-17,16.51,27.32,30.61,23.77,84.86,1.36,17.99
2010-09-18,22.12,25.9,28.16,24.32,91.7,0.98,16.15
2010-09-19,17.17,26.38,30.15,23.41,90.0,0.97,16.76
2010-09-20,10.89,26.06,28.35,24.43,90.66,1.08,13.52
2010-09-21,11.18,25.93,28.1,24.13,90.29,1.07,5.82
2010-09-22,0.04,27.45,31.11,24.19,85.82,1.1,18.54
2010-09-23,6.3,28.27,31.6,24.77,83.39,1.0,20.67
2010-09-24,53.12,26.69,28.62,24.94,90.67,1.29,18.06
2010-09-25,28.94,25.93,28.44,24.08,93.54,1.62,8.29
2010-09-26,5.14,25.6,27.91,23.67,93.9,1.66,6.68
2010-09-27,25.93,26.52,29.57,23.81,92.5,2.06,14.51
2010-09-28,9.59,27.28,30.57,23.98,85.62,1.01,13.39
2010-09-29,0.01,28.3,32.59,24.18,80.43,1.29,20.34
2010-09-30,0.28,27.74,31.98,23.94,82.53,1.3,19.34
2010-10-01,0.26,27.55,31.06,24.28,87.61,1.27,17.87
2010-10-02,0.01,28.58,32.23,25.75,82.33,0.91,20.92
2010-10-03,0.0,28.43,32.77,24.7,81.97,1.19,21.72
2010-10-04,0.0,26.79,30.71,24.67,86.72,1.59,20.62
2010-10-05,6.14,26.25,28.85,24.07,91.41,1.38,16.42
2010-10-06,5.88,26.05,29.67,23.46,85.19,1.28,10.68
2010-10-07,25.9,24.34,27.08,22.79,88.9,2.87,6.09
2010-10-08,130.73,23.43,24.56,22.07,92.58,4.15,2.08
2010-10-09,30.1,26.15,29.43,23.08,88.87,2.96,9.45
2010-10-10,0.01,25.31,29.78,21.63,79.92,1.07,18.18
2010-10-11,0.02,26.05,30.67,21.1,77.0,1.18,19.66
2010-10-12,0.0,25.79,30.66,21.42,80.53,1.96,15.35
2010-10-13,0.0,26.45,31.19,22.24,82.26,2.25,18.49
2010-10-14,2.1,26.6,30.67,23.29,84.16,2.25,17.82
2010-10-15,1.97,26.6,30.36,24.39,86.81,2.18,17.7
2010-10-16,5.57,25.31,26.77,24.3,91.02,1.54,16.61
2010-10-17,13.93,26.95,30.35,23.85,83.46,0.96,16.86
2010-10-18,1.97,27.5,31.69,23.79,82.26,1.42,18.1
2010-10-19,0.01,28.18,32.76,23.86,81.32,1.56,19.5
2010-10-20,0.0,27.1,30.94,24.21,83.86,2.11,19.38
2010-10-21,7.47,26.27,29.81,22.87,83.3,1.97,19.49
2010-10-22,2.08,24.98,26.79,23.13,89.33,1.77,11.44
2010-10-23,0.25,25.94,29.37,23.44,87.26,1.38,15.92
2010-10-24,5.84,25.65,29.29,23.1,85.71,1.27,15.35
2010-10-25,0.49,25.97,29.97,22.54,81.04,0.96,16.65
2010-10-26,0.0,25.9,30.34,22.59,82.52,1.19,11.48
2010-10-27,0.0,25.21,29.08,22.1,83.92,1.33,12.8
2010-10-28,0.0,24.42,28.87,20.73,82.97,1.23,17.85
2010-10-29,0.0,23.7,29.4,19.36,79.38,1.71,18.99
2010-10-30,0.0,23.67,29.28,19.39,79.78,2.89,18.71
2010-10-31,0.0,24.53,29.26,20.1,77.26,2.14,17.67
2010-11-01,0.33,24.25,28.44,20.94,82.49,0.91,11.3
2010-11-02,0.36,23.76,26.87,20.59,81.81,1.19,9.68
2010-11-03,0.01,24.48,29.33,20.73,81.31,1.18,16.88
2010-11-04,0.0,24.64,29.57,20.22,80.11,1.53,18.0
2010-11-05,0.0,24.41,29.18,20.88,79.89,2.4,18.32
2010-11-06,0.0,24.78,30.15,19.95,76.49,1.63,18.37
2010-11-07,0.0,25.03,29.73,20.67,77.0,1.23,17.7
2010-11-08,0.0,24.65,29.5,20.49,76.17,1.44,18.06
2010-11-09,0.0,23.65,28.51,19.96,79.43,2.19,18.12
2010-11-10,0.0,23.45,27.96,19.46,78.87,1.63,17.43
2010-11-11,0.0,23.23,28.05,19.12,79.81,1.26,15.81
2010-11-12,0.0,22.83,27.47,19.04,80.51,1.32,15.3
2010-11-13,0.0,22.39,27.04,18.94,81.55,1.54,15.83
2010-11-14,0.0,22.78,27.65,18.55,80.85,1.45,16.72
2010-11-15,0.0,22.87,27.87,18.95,81.84,1.4,17.06
2010-11-16,0.0,22.67,27.44,19.06,81.9,1.13,16.27
2010-11-17,0.0,22.43,27.31,18.48,80.24,1.0,15.79
2010-11-18,0.0,22.71,27.84,18.46,79.78,1.04,16.12
2010-11-19,1.51,22.33,26.84,18.65,84.72,1.09,6.8
2010-11-20,8.58,22.13,26.29,18.83,88.85,1.37,12.43
2010-11-21,0.87,21.67,26.04,18.03,82.65,1.08,13.22
2010-11-22,0.0,20.98,26.64,16.73,79.5,1.26,16.5
2010-11-23,0.0,20.52,25.19,16.16,81.23,1.36,16.06
2010-11-24,0.0,21.13,26.18,16.75,82.24,1.19,16.31
2010-11-25,0.0,21.78,26.89,17.83,82.02,1.35,16.11
2010-11-26,0.0,21.51,25.29,17.82,85.21,1.01,14.63
2010-11-27,0.0,21.6,25.87,17.66,85.41,1.14,12.22
2010-11-28,0.0,21.78,26.2,17.79,84.59,0.98,13.5
2010-11-29,0.0,21.32,25.77,17.61,84.39,1.14,13.55
2010-11-30,0.0,19.86,25.39,15.88,78.31,1.24,14.61
2010-12-01,0.0,19.66,26.14,14.1,74.03,1.43,16.2
2010-12-02,0.0,19.77,26.2,14.34,74.71,1.62,16.1
2010-12-03,0.0,20.39,27.06,14.62,72.57,1.73,16.08
2010-12-04,0.33,21.01,26.82,15.76,72.23,1.63,15.91
2010-12-05,0.0,20.78,27.35,16.1,73.49,1.99,14.32
2010-12-06,0.07,21.59,27.73,17.41,75.41,1.78,6.6
2010-12-07,0.05,23.98,30.93,19.09,67.6,1.08,10.07
2010-12-08,2.16,22.74,27.41,20.37,77.27,0.73,8.51
2010-12-09,36.91,20.73,22.38,19.47,93.2,0.71,3.53
2010-12-10,1.58,22.66,27.59,19.16,83.52,1.03,12.39
2010-12-11,0.04,21.54,26.28,17.06,80.61,1.35,14.82
2010-12-12,0.01,17.87,22.45,13.91,76.54,1.7,13.91
2010-12-13,0.0,17.04,22.93,12.31,75.0,1.51,14.34
2010-12-14,0.0,17.1,22.56,12.73,78.14,1.23,13.52
2010-12-15,0.0,17.05,22.37,12.18,77.56,1.28,13.58
2010-12-16,0.0,17.73,24.39,12.39,74.9,1.61,15.32
2010-12-17,0.0,17.45,23.1,12.61,75.42,1.32,15.99
2010-12-18,0.0,17.27,23.37,11.88,76.44,1.23,15.86
2010-12-19,0.0,17.31,23.57,12.34,75.68,1.29,15.89
2010-12-20,0.0,17.57,24.39,12.02,68.93,1.18,16.17
2010-12-21,0.0,16.73,23.17,11.71,72.82,1.48,15.98
2010-12-22,0.0,16.35,22.21,11.32,76.49,1.19,15.22
2010-12-23,0.0,16.38,22.4,11.59,77.22,1.08,15.34
2010-12-24,0.0,16.29,22.31,11.39,75.96,1.15,15.69
2010-12-25,0.0,15.94,22.65,11.63,77.83,1.67,15.54
2010-12-26,0.0,16.84,23.43,11.89,74.57,1.59,15.64
2010-12-27,0.0,16.43,22.11,11.62,77.19,1.26,15.88
2010-12-28,0.0,16.5,22.55,11.46,76.18,1.23,15.63
2010-12-29,0.0,16.62,22.83,11.63,76.68,1.22,15.93
2010-12-30,0.0,17.71,23.41,12.55,72.67,1.14,15.66
2010-12-31,0.0,17.23,22.76,12.38,77.13,1.13,15.14
2011-01-01,0.06,16.75,21.3,12.19,83.05,1.21,13.92
2011-01-02,0.03,16.88,22.78,11.89,80.14,1.06,12.38
2011-01-03,0.0,16.26,22.46,11.8,75.81,1.44,12.21
2011-01-04,0.0,16.32,22.41,10.67,73.17,1.35,12.83
2011-01-05,0.0,16.49,22.56,11.2,73.39,1.32,10.88
2011-01-06,0.0,17.24,23.87,11.87,74.13,1.27,13.07
2011-01-07,0.0,17.66,24.83,11.95,71.89,1.2,15.85
2011-01-08,0.0,17.39,23.95,11.78,70.39,1.25,14.66
2011-01-09,0.24,17.57,23.65,11.38,72.84,1.11,14.11
2011-01-10,0.0,16.49,22.79,11.94,75.41,1.35,12.86
2011-01-11,0.0,15.35,21.7,9.37,71.69,1.28,8.66
2011-01-12,0.0,14.41,20.59,8.88,76.29,1.27,10.37
2011-01-13,0.0,13.96,20.33,8.89,76.67,1.3,8.22
2011-01-14,0.0,14.39,20.5,8.15,73.74,1.34,12.59
2011-01-15,0.0,14.93,21.68,9.47,71.78,1.3,14.83
2011-01-16,0.85,16.01,21.34,10.28,74.11,1.15,7.2
2011-01-17,0.23,15.25,20.85,10.98,79.24,1.44,11.42
2011-01-18,0.0,13.73,19.22,9.14,75.93,1.44,14.29
2011-01-19,0.28,13.42,19.6,7.81,70.8,1.31,14.99
2011-01-20,0.04,14.91,21.25,10.19,68.77,1.61,15.98
2011-01-21,0.0,14.42,20.47,9.46,71.81,1.75,15.68
2011-01-22,0.0,14.67,20.87,9.25,72.57,1.25,15.9
2011-01-23,0.0,15.23,20.77,10.81,73.83,1.35,15.71
2011-01-24,0.0,16.15,22.54,10.95,71.42,1.26,15.75
2011-01-25,0.0,16.9,22.68,11.65,72.52,1.23,16.59
2011-01-26,0.0,17.87,24.24,12.84,70.71,1.35,16.78
2011-01-27,0.0,18.68,24.58,14.11,70.58,1.42,14.03
2011-01-28,0.0,17.52,24.23,11.94,62.88,1.31,16.0
2011-01-29,0.0,16.24,23.29,11.09,71.41,1.8,17.88
2011-01-30,0.0,17.26,24.57,12.07,70.74,1.62,16.14
2011-01-31,0.0,18.65,24.28,13.49,69.78,1.35,13.95
2011-02-01,0.0,18.73,24.67,13.24,68.04,1.26,15.37
2011-02-02,0.0,18.26,24.82,12.69,72.85,1.31,17.01
2011-02-03,0.0,19.49,26.79,13.63,68.62,1.62,18.08
2011-02-04,0.0,19.39,25.96,14.18,67.66,1.41,18.74
2011-02-05,0.0,18.89,25.3,13.09,66.77,1.27,18.86
2011-02-06,0.0,19.13,24.86,13.54,69.53,1.28,18.52
2011-02-07,0.0,19.8,25.33,14.5,70.93,1.27,18.18
2011-02-08,0.0,19.5,24.9,13.89,69.94,1.31,16.47
2011-02-09,0.0,19.35,25.61,13.8,69.07,1.25,16.74
2011-02-10,0.0,20.24,26.31,14.32,51.16,1.33,19.69
2011-02-11,0.0,18.19,24.49,12.08,56.54,1.4,20.2
2011-02-12,0.0,18.36,24.48,12.4,59.22,1.4,19.51
2011-02-13,0.0,18.32,24.69,12.48,63.9,1.44,17.91
2011-02-14,0.0,19.13,25.38,13.73,66.53,1.4,17.46
2011-02-15,0.0,20.29,26.44,14.68,72.98,1.29,15.48
2011-02-16,3.13,21.39,26.54,16.29,77.47,1.24,15.63
2011-02-17,2.59,20.37,25.46,16.51,81.36,1.33,16.54
2011-02-18,0.0,19.11,24.21,14.56,71.43,1.61,16.39
2011-02-19,0.0,19.84,25.31,13.69,65.01,1.24,18.41
2011-02-20,0.0,20.15,26.22,14.27,65.6,1.26,16.36
2011-02-21,0.0,19.47,25.71,14.68,65.77,1.59,6.11
2011-02-22,0.0,19.75,26.75,13.93,65.61,1.45,19.82
2011-02-23,0.0,19.4,27.19,13.07,61.83,1.47,21.11
2011-02-24,0.0,19.92,26.97,13.48,63.48,1.48,21.38
2011-02-25,0.0,20.34,27.78,13.82,63.53,1.52,19.77
2011-02-26,0.0,20.92,27.31,14.77,64.13,1.47,20.8
2011-02-27,0.0,21.37,28.93,15.53,60.23,1.52,20.59
2011-02-28,0.0,20.56,26.96,15.14,51.78,1.3,21.71
2011-03-01,0.0,20.73,28.57,13.66,56.56,1.49,22.06
2011-03-02,0.0,21.26,28.49,14.43,57.59,1.45,22.48
2011-03-03,0.0,21.82,28.41,15.15,57.79,1.52,19.8
2011-03-04,0.0,22.76,29.7,15.82,57.32,1.64,21.18
2011-03-05,0.0,22.92,30.18,16.61,63.23,2.09,20.3
2011-03-06,0.0,23.17,29.97,17.33,54.14,1.99,20.38
2011-03-07,0.0,22.15,28.98,15.14,43.91,1.54,22.92
2011-03-08,0.0,21.35,28.37,13.74,50.7,1.62,22.23
2011-03-09,0.0,22.34,30.19,14.8,54.43,1.68,22.65
2011-03-10,0.07,23.68,31.19,17.94,56.63,1.21,14.66
2011-03-11,0.0,25.07,31.58,18.26,57.4,1.32,14.11
2011-03-12,0.2,22.05,26.07,19.75,76.36,1.29,18.05
2011-03-13,0.0,24.55,29.76,19.92,55.45,1.13,21.9
2011-03-14,0.1,23.41,30.8,15.65,46.76,1.65,20.53
2011-03-15,0.0,24.83,32.59,18.85,51.36,2.34,19.84
2011-03-16,0.0,24.12,31.3,17.88,52.11,1.85,21.62
2011-03-17,3.12,23.35,29.06,17.96,66.21,1.74,21.33
2011-03-18,7.66,22.46,27.54,18.14,77.83,2.39,14.04
2011-03-19,8.59,23.63,29.84,18.95,80.42,2.94,16.3
2011-03-20,0.97,25.19,32.07,20.59,76.92,3.24,14.91
2011-03-21,11.98,24.85,31.35,20.55,78.77,2.64,17.85
2011-03-22,1.57,25.44,30.54,20.74,77.17,1.75,16.89
2011-03-23,0.84,25.84,31.1,20.96,69.9,1.09,20.45
2011-03-24,8.89,25.89,31.4,20.02,63.89,1.33,18.85
2011-03-25,0.66,25.65,31.3,21.0,63.06,0.95,18.44
2011-03-26,2.53,26.34,31.23,21.15,66.81,1.51,13.28
2011-03-27,0.07,25.23,29.07,20.83,66.03,1.02,16.77
2011-03-28,7.51,24.85,30.01,20.41,64.11,1.99,18.63
2011-03-29,0.35,23.92,28.76,19.48,68.3,1.92,14.64
2011-03-30,14.95,23.46,27.95,19.08,77.8,2.19,11.46
2011-03-31,10.52,23.43,28.13,20.78,87.8,2.23,9.39
2011-04-01,23.11,24.07,28.39,19.94,76.89,1.35,18.68
2011-04-02,5.95,24.32,28.8,20.04,76.79,1.16,20.22
2011-04-03,1.87,25.12,30.28,20.1,74.87,1.07,21.55
2011-04-04,3.81,25.35,30.53,20.21,72.36,1.29,19.49
2011-04-05,0.05,25.16,30.01,20.71,70.14,1.38,14.82
2011-04-06,0.0,26.52,32.46,19.27,58.17,1.47,22.84
2011-04-07,0.0,26.85,32.54,21.17,48.72,1.21,25.35
2011-04-08,0.26,26.74,33.47,18.93,50.54,1.44,23.64
2011-04-09,0.0,26.94,33.78,20.46,56.06,1.5,21.75
2011-04-10,0.0,25.77,29.31,21.73,60.62,1.02,14.25
2011-04-11,0.0,27.04,33.74,20.53,55.96,1.46,21.87
2011-04-12,0.0,28.02,35.03,21.96,53.32,1.59,23.82
2011-04-13,1.26,28.43,34.2,22.9,55.66,1.85,22.98
2011-04-14,4.54,28.7,33.59,23.34,58.59,1.07,16.48
2011-04-15,0.27,27.47,33.02,22.45,62.69,1.31,23.1
2011-04-16,0.0,28.19,34.22,22.44,56.19,1.19,23.55
2011-04-17,6.22,28.08,33.35,22.53,62.27,1.16,23.46
2011-04-18,1.97,28.39,33.13,23.71,64.28,1.3,21.26
2011-04-19,7.53,27.36,29.77,24.85,71.01,1.23,21.2
2011-04-20,5.63,26.85,30.79,23.14,76.27,1.78,22.5
2011-04-21,3.15,26.89,31.69,22.6,75.96,1.95,20.5
2011-04-22,2.47,28.07,33.0,22.92,67.52,0.72,20.27
2011-04-23,0.17,27.4,31.85,23.81,61.69,1.18,18.49
2011-04-24,4.74,27.37,32.42,21.41,59.84,0.99,23.06
2011-04-25,2.66,25.89,29.07,22.4,68.26,0.66,21.94
2011-04-26,1.43,26.21,31.05,21.48,61.92,1.33,20.44
2011-04-27,1.17,26.11,30.85,22.12,63.4,1.69,16.22
2011-04-28,2.98,27.79,33.31,22.09,58.09,1.13,12.86
2011-04-29,0.41,27.71,33.03,21.82,60.96,1.39,24.42
2011-04-30,3.08,28.43,32.86,23.8,61.31,1.04,22.57
2011-05-01,17.49,27.55,31.66,23.53,72.62,1.63,20.87
2011-05-02,14.01,26.98,31.64,22.47,79.56,1.94,21.25
2011-05-03,21.13,27.15,31.28,23.41,81.0,1.42,19.08
2011-05-04,5.72,25.45,27.91,22.77,87.05,2.55,14.77
2011-05-05,0.88,27.26,32.09,23.05,75.89,1.34,24.46
2011-05-06,31.84,27.89,32.21,23.18,72.5,1.12,24.08
2011-05-07,11.85,27.8,31.63,24.08,73.34,1.07,23.05
2011-05-08,2.88,27.94,31.69,24.57,74.57,1.01,18.98
2011-05-09,10.5,28.3,32.71,23.23,68.56,1.12,21.81
2011-05-10,7.2,28.34,32.8,23.13,68.92,1.46,25.47
2011-05-11,13.07,27.85,31.81,23.6,78.88,1.33,14.22
2011-05-12,0.12,28.45,32.48,23.63,75.4,1.14,22.59
2011-05-13,6.54,28.68,32.59,24.49,75.84,1.34,12.92
2011-05-14,7.45,28.53,32.54,25.07,78.66,1.48,21.96
2011-05-15,32.01,28.45,32.09,24.92,78.55,0.98,21.42
2011-05-16,11.46,29.05,33.15,24.07,73.35,1.04,17.39
2011-05-17,0.46,29.27,33.36,24.84,73.15,1.21,13.41
2011-05-18,12.14,28.71,32.28,25.71,79.51,1.45,6.98
2011-05-19,8.69,27.83,31.08,24.79,83.44,1.37,13.54
2011-05-20,9.9,26.94,29.76,24.45,85.87,1.41,17.15
2011-05-21,32.4,26.83,30.26,23.48,89.79,3.13,9.4
2011-05-22,10.27,27.45,30.77,25.26,87.47,2.73,13.39
2011-05-23,13.26,27.46,30.69,24.6,89.39,2.23,8.25
2011-05-24,17.17,27.66,31.03,24.48,85.93,1.7,15.3
2011-05-25,3.18,28.84,32.28,25.0,74.71,0.9,17.0
2011-05-26,0.23,28.41,32.21,24.74,79.81,1.39,24.3
2011-05-27,22.12,26.92,28.82,24.95,88.28,1.17,17.1
2011-05-28,3.78,29.02,33.37,23.87,74.03,1.07,21.99
2011-05-29,14.97,27.32,29.39,25.41,86.69,1.21,20.39
2011-05-30,10.4,26.81,28.88,25.19,89.69,1.43,14.56
2011-05-31,14.15,26.43,28.6,24.76,94.76,2.35,8.99
2011-06-01,15.09,26.6,29.06,24.06,86.48,1.28,22.2
2011-06-02,7.83,27.36,31.09,22.87,81.43,1.05,9.09
2011-06-03,3.28,27.41,30.75,24.81,82.91,1.04,19.66
2011-06-04,8.67,27.7,30.59,24.74,84.25,1.47,23.12
2011-06-05,8.86,28.09,31.18,25.4,84.62,1.17,19.41
2011-06-06,1.14,28.5,32.17,24.35,82.2,1.17,23.85
2011-06-07,26.09,28.21,31.39,25.5,83.66,1.22,21.99
2011-06-08,14.9,27.44,30.14,24.9,86.33,1.12,12.86
2011-06-09,3.14,29.24,33.82,26.04,78.36,1.54,12.49
2011-06-10,0.17,28.59,32.76,25.23,82.25,1.88,16.12
2011-06-11,7.0,27.6,30.13,25.2,89.2,1.31,10.97
2011-06-12,2.76,27.68,30.63,24.74,78.75,0.64,22.09
2011-06-13,5.37,29.06,33.41,24.36,70.99,1.29,20.75
2011-06-14,5.23,28.54,31.74,25.97,82.53,1.91,22.19
2011-06-15,9.09,27.99,30.86,25.68,85.71,1.76,17.44
2011-06-16,5.21,28.19,32.23,26.06,84.52,4.09,14.98
2011-06-17,11.12,28.59,33.32,25.85,82.66,4.12,13.92
2011-06-18,4.25,28.81,33.53,25.65,80.26,2.21,12.63
2011-06-19,3.41,28.76,33.08,25.43,81.76,2.19,19.19
2011-06-20,34.02,28.81,32.2,25.63,83.55,1.31,20.51
2011-06-21,0.27,27.81,31.01,25.5,86.63,1.45,19.39
2011-06-22,11.71,28.38,32.26,24.76,85.35,1.77,16.34
2011-06-23,50.9,28.02,30.79,25.21,90.26,2.15,14.3
2011-06-24,34.76,27.88,30.14,25.8,91.08,1.37,6.89
2011-06-25,4.94,28.51,31.69,26.1,86.82,1.37,16.67
2011-06-26,42.59,28.49,32.62,25.22,87.82,1.98,16.36
2011-06-27,50.6,26.9,29.07,25.37,90.72,2.02,11.92
2011-06-28,23.65,27.38,30.48,24.31,89.79,1.99,10.94
2011-06-29,49.37,27.19,29.99,25.05,91.6,1.94,7.72
2011-06-30,51.91,27.41,30.12,24.75,92.12,2.86,5.5
2011-07-01,23.64,27.89,31.4,24.71,89.83,3.41,6.36
2011-07-02,34.46,26.89,28.43,25.59,93.14,3.48,9.85
2011-07-03,10.74,26.82,29.46,24.68,89.47,2.06,10.58
2011-07-04,8.58,27.04,30.47,24.22,88.31,1.7,13.12
2011-07-05,8.07,27.4,31.07,24.45,85.07,1.46,19.6
2011-07-06,6.55,27.34,30.93,24.31,86.96,2.08,21.59
2011-07-07,35.62,27.22,31.18,24.2,89.4,2.96,19.01
2011-07-08,23.77,27.3,30.52,24.0,89.08,2.48,16.83
2011-07-09,29.14,27.62,30.69,24.34,88.31,2.19,19.17
2011-07-10,17.21,28.39,31.89,25.12,88.32,1.95,22.13
2011-07-11,0.27,29.12,32.83,25.55,84.53,1.41,21.77
2011-07-12,3.01,28.35,30.74,26.58,88.63,1.25,11.19
2011-07-13,5.19,28.56,32.0,25.39,84.85,1.31,17.18
2011-07-14,9.95,28.16,31.28,25.26,87.61,1.69,14.07
2011-07-15,13.33,27.32,29.5,25.3,89.23,1.75,16.75
2011-07-16,8.7,27.54,30.59,25.05,88.56,1.89,13.67
2011-07-17,11.96,28.38,32.71,24.82,84.83,1.57,18.43
2011-07-18,26.63,27.22,29.95,25.37,91.56,3.33,15.31
2011-07-19,32.16,27.4,30.33,25.23,92.49,2.34,12.07
2011-07-20,9.93,27.81,31.28,25.62,89.32,1.65,17.66
2011-07-21,10.84,28.14,31.89,25.07,86.7,2.44,16.46
2011-07-22,17.31,27.87,31.28,24.9,88.07,1.75,11.75
2011-07-23,7.17,26.42,29.79,24.45,89.85,1.27,19.85
2011-07-24,4.4,28.1,31.94,23.94,82.09,1.27,19.16
2011-07-25,15.19,28.43,31.34,26.26,86.78,1.59,19.75
2011-07-26,16.42,27.57,30.46,25.22,89.41,1.73,11.08
2011-07-27,8.56,27.53,30.39,24.78,89.65,2.08,17.79
2011-07-28,7.31,27.81,31.11,24.81,88.73,1.55,19.53
2011-07-29,4.27,28.04,30.85,25.31,85.4,1.0,17.72
2011-07-30,18.03,28.48,31.71,25.54,86.99,1.94,17.25
2011-07-31,4.12,29.04,32.62,25.52,85.31,1.44,20.84
2011-08-01,0.0,30.39,33.78,27.2,80.46,1.09,18.14
2011-08-02,13.47,31.31,35.1,27.63,78.99,1.46,20.2
2011-08-03,20.28,29.38,32.04,27.06,84.08,1.13,19.91
2011-08-04,59.72,28.06,31.29,26.1,89.34,1.39,12.66
2011-08-05,49.71,27.27,29.98,25.26,92.35,1.79,8.61
2011-08-06,17.53,27.43,29.35,25.1,90.26,1.6,16.42
2011-08-07,11.19,27.37,29.71,25.67,92.24,1.65,16.89
2011-08-08,72.0,27.19,29.42,25.34,89.65,1.84,9.41
2011-08-09,56.77,26.24,28.06,24.6,93.66,2.17,7.28
2011-08-10,65.39,26.38,28.6,24.28,87.01,1.14,7.45
2011-08-11,5.85,27.67,31.28,23.36,83.31,1.41,22.61
2011-08-12,11.11,27.74,31.46,24.38,85.08,1.1,21.49
2011-08-13,25.28,26.95,30.16,24.53,88.15,1.69,15.38
2011-08-14,21.5,26.67,29.36,24.21,91.17,2.05,11.1
2011-08-15,18.07,26.32,28.38,24.04,91.67,1.75,8.13
2011-08-16,90.45,25.08,27.21,23.29,93.32,1.72,5.93
2011-08-17,29.75,24.89,27.49,22.73,92.19,1.36,8.06
2011-08-18,8.19,25.97,28.92,23.26,89.62,1.31,16.81
2011-08-19,6.85,26.85,29.92,24.39,88.17,1.2,21.57
2011-08-20,7.3,28.51,31.78,25.42,83.49,1.37,18.92
2011-08-21,25.52,27.83,31.45,25.69,90.56,1.73,15.23
2011-08-22,10.37,27.66,30.71,25.35,90.99,2.04,12.1
2011-08-23,25.84,27.31,29.85,25.0,90.87,1.52,15.21
2011-08-24,16.06,26.78,29.78,25.21,92.58,1.08,7.29
2011-08-25,5.92,26.61,29.24,24.27,90.16,1.19,16.35
2011-08-26,5.67,27.92,31.76,24.76,82.17,1.33,19.25
2011-08-27,0.12,27.74,30.89,25.05,85.11,1.38,21.76
2011-08-28,1.9,28.03,31.81,24.2,81.67,2.0,22.65
2011-08-29,0.08,29.5,33.59,24.76,78.72,1.65,24.54
2011-08-30,6.81,29.36,32.85,26.0,82.52,1.44,23.01
2011-08-31,5.02,28.41,33.27,25.22,87.91,1.46,22.01
2011-09-01,19.42,27.67,31.26,25.04,89.28,1.74,20.97
2011-09-02,1.41,27.31,31.32,23.96,86.07,1.27,20.26
2011-09-03,0.11,27.71,31.51,24.02,84.08,1.1,21.83
2011-09-04,4.63,28.94,33.12,24.9,82.49,1.4,23.08
2011-09-05,30.4,28.06,30.03,25.98,88.12,0.84,17.75
2011-09-06,15.76,27.0,28.83,25.31,92.33,1.45,16.75
2011-09-07,10.84,26.08,27.72,24.56,94.96,2.03,13.58
2011-09-08,5.69,26.39,29.72,24.01,90.22,2.25,15.72
2011-09-09,8.14,27.32,30.74,24.04,86.99,1.4,21.18
2011-09-10,9.9,28.04,30.79,24.83,83.68,0.78,20.15
2011-09-11,2.37,28.77,31.88,25.5,82.66,0.88,20.68
2011-09-12,0.0,29.9,33.9,25.62,78.79,1.38,23.48
2011-09-13,24.68,29.81,33.66,26.11,79.65,2.07,21.74
2011-09-14,50.75,26.51,28.23,24.71,88.91,1.22,11.16
2011-09-15,8.53,25.88,28.36,24.13,91.91,1.62,15.18
2011-09-16,33.19,25.77,28.02,24.4,96.03,2.34,11.44
2011-09-17,33.17,26.37,29.1,24.25,92.82,2.57,5.99
2011-09-18,16.96,26.39,29.32,24.01,89.73,1.57,15.56
2011-09-19,3.69,28.23,32.13,24.72,85.12,1.21,20.17
2011-09-20,1.39,26.8,28.92,25.4,90.37,0.89,16.7
2011-09-21,3.94,27.47,31.18,24.2,86.2,0.94,17.47
2011-09-22,11.02,26.94,28.9,25.56,90.2,0.95,18.51
2011-09-23,10.52,26.41,27.76,25.12,85.37,0.78,15.3
2011-09-24,8.68,26.54,30.31,23.09,88.72,1.69,14.75
2011-09-25,8.2,26.76,30.26,23.6,86.71,1.35,20.28
2011-09-26,9.83,26.92,30.34,23.4,87.19,1.05,18.81
2011-09-27,5.26,26.75,30.08,23.7,89.13,1.43,15.04
2011-09-28,1.43,27.12,30.76,23.96,88.14,1.34,17.52
2011-09-29,0.0,28.3,31.68,25.65,80.47,1.07,19.17
2011-09-30,0.0,28.78,33.14,24.56,82.14,1.2,18.91
2011-10-01,0.14,29.12,33.69,25.4,81.14,1.19,17.72
2011-10-02,0.98,28.47,31.89,25.02,80.13,1.45,17.37
2011-10-03,5.35,28.06,31.6,24.2,81.9,1.2,19.17
2011-10-04,0.11,27.53,30.94,24.33,83.94,1.5,17.77
2011-10-05,0.0,27.95,32.19,23.75,77.79,1.44,21.59
2011-10-06,0.0,27.41,32.11,23.0,79.64,1.36,19.82
2011-10-07,2.04,28.14,32.51,24.06,78.22,0.98,20.08
2011-10-08,0.4,27.9,32.62,23.63,78.36,1.17,19.57
2011-10-09,0.11,27.51,32.22,23.33,79.06,1.34,19.8
2011-10-10,0.0,27.41,31.66,23.89,81.25,1.14,19.35
2011-10-11,0.0,27.57,32.34,23.6,80.0,1.17,19.41
2011-10-12,0.0,27.33,32.02,22.93,79.04,1.13,20.44
2011-10-13,0.12,26.54,30.89,22.47,81.14,1.09,20.15
2011-10-14,0.0,26.11,30.58,22.19,82.98,1.05,17.67
2011-10-15,0.0,26.02,30.48,21.58,82.86,0.89,18.39
2011-10-16,0.0,26.29,30.38,22.59,79.8,1.01,19.59
2011-10-17,0.24,26.83,31.31,22.69,80.99,1.16,19.22
2011-10-18,2.9,25.55,27.83,23.37,87.78,0.81,14.51
2011-10-19,0.74,24.18,26.35,22.59,91.54,1.19,16.15
2011-10-20,0.24,25.32,29.59,22.15,83.58,2.06,19.72
2011-10-21,7.34,24.95,28.58,23.56,89.95,1.58,15.43
2011-10-22,2.37,24.3,27.28,22.24,89.92,1.25,11.87
2011-10-23,0.1,24.69,29.02,20.42,80.87,0.98,18.89
2011-10-24,0.0,25.28,30.39,20.82,76.94,1.27,19.58
2011-10-25,0.0,24.76,30.15,20.15,77.18,1.57,19.53
2011-10-26,0.0,24.79,29.13,20.7,75.95,1.11,16.24
2011-10-27,0.0,24.58,29.58,19.55,75.71,1.01,18.49
2011-10-28,0.0,24.37,29.25,20.02,75.52,1.35,18.65
2011-10-29,0.0,23.71,29.15,18.98,74.57,1.58,19.08
2011-10-30,0.0,23.13,27.52,18.67,77.59,1.07,18.31
2011-10-31,0.05,22.73,27.9,18.4,76.58,1.12,18.39
2011-11-01,0.02,22.41,26.88,18.6,77.43,1.08,17.43
2011-11-02,0.0,22.38,27.07,18.15,72.99,0.97,17.84
2011-11-03,0.0,21.94,27.22,17.24,75.04,1.29,17.26
2011-11-04,0.0,21.97,27.62,17.37,76.58,1.6,17.95
2011-11-05,0.0,22.3,28.19,17.84,77.05,1.62,18.26
2011-11-06,0.0,21.9,26.7,17.54,76.99,1.11,17.01
2011-11-07,0.0,21.8,27.16,17.18,75.11,1.61,16.18
2011-11-08,0.0,22.76,30.51,16.96,69.0,1.84,18.38
2011-11-09,0.0,22.46,28.82,16.09,66.96,1.65,18.28
2011-11-10,0.0,22.09,27.29,17.36,73.43,1.3,18.5
2011-11-11,0.0,21.54,26.73,16.59,75.74,1.12,18.2
2011-11-12,0.0,21.13,25.93,16.64,80.66,1.26,15.95
2011-11-13,0.0,21.77,26.56,17.15,77.74,1.05,11.59
2011-11-14,0.0,22.04,26.86,17.85,76.93,1.03,16.33
2011-11-15,0.55,21.37,25.91,17.22,77.63,1.11,16.17
2011-11-16,0.83,21.55,26.47,17.15,74.26,0.89,12.14
2011-11-17,0.0,21.15,26.05,16.98,74.33,1.02,14.3
2011-11-18,0.0,20.57,25.93,16.04,74.93,1.29,15.39
2011-11-19,0.0,21.0,26.55,16.5,75.18,1.46,15.99
2011-11-20,0.0,21.27,27.44,16.86,75.72,2.2,16.61
2011-11-21,0.0,21.85,27.75,17.49,74.12,1.98,16.77
2011-11-22,0.0,22.14,28.61,17.16,73.01,1.72,17.16
2011-11-23,0.0,21.42,27.74,17.35,73.41,3.04,16.95
2011-11-24,0.0,22.39,28.13,17.16,69.55,1.74,16.97
2011-11-25,0.0,21.84,27.34,16.99,71.49,1.09,16.84
2011-11-26,0.0,21.38,26.65,16.22,71.78,1.2,16.7
2011-11-27,0.0,20.43,24.99,16.33,76.81,1.07,15.43
2011-11-28,0.0,20.01,25.24,15.15,75.81,1.15,15.47
2011-11-29,0.0,20.13,24.55,15.62,78.95,0.96,15.18
2011-11-30,0.0,20.74,25.63,16.18,79.1,1.09,14.27
2011-12-01,0.0,21.8,27.08,17.32,78.58,1.34,15.39
2011-12-02,0.0,21.91,27.24,17.6,78.55,1.34,15.34
2011-12-03,0.15,21.19,25.45,17.17,79.02,1.19,9.51
2011-12-04,0.1,20.43,24.59,16.44,81.34,1.15,11.28
2011-12-05,0.0,20.6,25.49,16.88,81.52,1.14,13.0
2011-12-06,0.0,21.0,26.48,16.55,78.07,1.25,14.69
2011-12-07,0.0,21.4,26.94,16.92,76.18,1.47,15.5
2011-12-08,0.0,20.67,25.78,16.59,78.35,1.13,15.6
2011-12-09,0.0,20.31,25.25,16.24,79.28,1.24,15.5
2011-12-10,0.0,19.53,24.65,15.44,79.59,1.13,10.8
2011-12-11,0.0,18.74,24.65,14.24,78.57,1.23,9.97
2011-12-12,0.0,18.42,24.65,14.32,75.59,1.41,13.28
2011-12-13,0.0,16.72,22.32,12.76,77.96,1.51,13.2
2011-12-14,0.0,16.36,21.98,11.85,78.18,1.12,13.3
2011-12-15,0.0,16.26,22.29,11.61,76.11,1.27,11.7
2011-12-16,0.0,16.51,22.42,11.37,71.52,1.21,8.86
2011-12-17,0.0,16.32,22.58,10.71,67.93,1.28,12.81
2011-12-18,0.0,16.17,23.11,10.8,69.39,1.31,10.27
2011-12-19,0.0,15.8,22.43,10.23,71.17,1.25,9.84
2011-12-20,0.0,16.64,23.11,11.15,66.66,1.22,12.05
2011-12-21,0.0,16.14,22.73,10.85,71.92,1.31,9.41
2011-12-22,0.0,16.37,23.08,11.53,70.11,1.35,7.65
2011-12-23,0.0,16.06,22.91,10.32,67.85,1.23,11.67
2011-12-24,0.0,17.47,23.66,11.63,66.65,1.15,7.95
2011-12-25,0.0,18.06,25.13,12.5,70.88,1.53,12.63
2011-12-26,0.0,18.15,24.62,13.27,74.18,1.49,14.41
2011-12-27,0.0,18.6,25.33,13.02,71.09,1.28,14.81
2011-12-28,0.0,19.79,26.08,14.77,69.54,1.15,14.8
2011-12-29,0.0,19.33,26.05,14.32,71.82,1.24,15.35
2011-12-30,0.0,18.88,25.29,13.63,67.8,1.16,15.96
2011-12-31,0.0,18.94,25.48,13.31,65.7,1.21,15.92
2012-01-01,0.0,19.72,25.4,14.69,67.68,1.21,14.47
2012-01-02,2.03,19.69,24.69,15.95,73.14,1.06,3.97
2012-01-03,1.61,17.55,22.08,13.41,81.26,1.05,9.77
2012-01-04,0.0,17.29,22.6,13.51,71.12,1.26,9.26
2012-01-05,0.0,16.72,23.22,11.55,69.42,1.11,13.19
2012-01-06,0.0,16.44,22.26,11.55,74.8,1.18,10.95
2012-01-07,0.0,17.47,23.67,12.75,75.73,1.2,11.26
2012-01-08,0.44,17.96,23.6,13.35,74.26,1.39,9.7
2012-01-09,1.43,19.09,25.18,14.37,73.6,1.89,3.19
2012-01-10,0.04,18.55,23.46,14.17,75.76,1.19,10.83
2012-01-11,0.01,19.01,23.38,15.74,72.71,1.11,13.67
2012-01-12,0.0,16.63,22.22,12.37,75.02,1.24,9.09
2012-01-13,0.0,14.6,19.95,10.55,71.48,1.47,11.35
2012-01-14,0.0,14.09,20.71,8.99,71.9,1.65,14.16
2012-01-15,0.0,14.56,20.98,8.51,71.28,1.24,16.2
2012-01-16,0.0,15.03,21.15,9.54,68.63,1.28,15.97
2012-01-17,0.0,16.31,21.84,10.79,64.08,1.29,13.95
2012-01-18,0.01,17.71,23.29,13.67,66.24,1.41,8.86
2012-01-19,2.87,17.19,23.45,12.81,71.04,1.18,12.19
2012-01-20,3.2,16.7,22.12,12.34,73.43,1.32,10.45
2012-01-21,0.06,17.36,22.42,13.16,72.17,1.42,10.11
2012-01-22,0.0,15.17,20.69,10.11,70.36,1.29,14.14
2012-01-23,0.0,15.08,20.91,10.1,70.92,1.46,16.83
2012-01-24,0.0,14.69,20.74,8.83,65.46,1.43,15.51
2012-01-25,0.0,14.67,20.99,8.67,60.64,1.31,15.64
2012-01-26,0.0,15.32,22.11,8.9,59.9,1.34,16.18
2012-01-27,0.0,15.74,22.11,10.24,66.83,1.34,15.91
2012-01-28,0.0,15.79,22.79,10.2,64.08,1.33,17.23
2012-01-29,0.0,15.79,22.74,10.13,66.36,1.5,17.3
2012-01-30,0.0,17.61,25.54,11.55,61.38,1.58,17.84
2012-01-31,0.0,16.86,24.08,11.17,60.38,1.49,18.34
2012-02-01,0.0,16.38,24.46,10.42,58.67,1.54,18.03
2012-02-02,0.0,15.64,23.14,9.0,56.48,1.51,17.96
2012-02-03,0.0,16.03,23.43,9.64,60.26,1.46,18.79
2012-02-04,0.0,17.6,24.59,11.38,59.71,1.45,18.39
2012-02-05,0.0,18.38,25.82,12.67,60.29,1.43,17.65
2012-02-06,0.0,18.97,25.3,12.97,54.94,1.53,17.43
2012-02-07,0.0,18.7,25.44,12.94,62.55,1.42,17.94
2012-02-08,0.0,18.17,24.54,12.97,64.24,1.27,15.9
2012-02-09,0.29,20.19,26.33,14.92,67.82,1.33,15.54
2012-02-10,0.0,18.21,25.21,12.41,58.96,1.75,17.79
2012-02-11,0.0,16.66,24.39,11.38,45.07,1.57,18.45
2012-02-12,0.0,15.76,22.78,8.83,48.05,1.45,19.98
2012-02-13,0.0,17.54,25.36,10.24,51.48,1.42,19.9
2012-02-14,0.0,19.57,26.77,12.86,49.11,1.42,18.76
2012-02-15,0.0,20.8,27.3,14.36,55.64,1.33,15.44
2012-02-16,0.0,21.95,28.13,16.05,57.6,1.29,10.86
2012-02-17,0.0,21.45,27.93,15.72,58.46,1.58,12.78
2012-02-18,0.0,22.03,28.55,16.46,53.68,1.41,18.52
2012-02-19,0.0,20.49,27.75,14.02,43.78,1.45,20.51
2012-02-20,0.0,19.44,26.8,11.47,41.93,1.6,20.39
2012-02-21,0.0,19.35,26.53,12.29,49.35,1.56,19.19
2012-02-22,0.0,20.93,28.05,14.44,55.32,1.45,19.58
2012-02-23,0.0,21.92,28.97,15.31,57.61,1.43,19.36
2012-02-24,0.0,22.11,29.76,15.45,53.7,1.63,20.89
2012-02-25,0.0,22.42,30.92,14.82,47.03,1.7,21.53
2012-02-26,0.0,22.24,31.23,15.13,43.34,1.96,21.24
2012-02-27,0.0,21.58,29.73,15.27,36.67,1.48,21.82
2012-02-28,0.0,20.5,28.75,12.41,37.9,1.74,20.66
2012-02-29,18.95,21.12,27.33,14.85,55.3,1.33,13.19
2012-03-01,0.57,21.78,28.56,16.72,68.04,1.5,18.83
2012-03-02,0.25,21.5,28.18,17.26,49.33,1.63,16.99
2012-03-03,5.35,21.31,28.19,14.13,48.56,1.32,19.3
2012-03-04,1.93,22.29,28.1,16.62,42.84,1.37,19.03
2012-03-05,0.0,22.69,29.25,16.45,49.16,1.35,18.6
2012-03-06,1.9,23.3,30.6,17.57,57.92,1.55,18.25
2012-03-07,9.46,23.2,29.62,17.46,66.28,1.57,16.01
2012-03-08,17.31,23.43,28.27,19.26,73.48,1.3,15.07
2012-03-09,0.0,23.35,29.68,16.89,55.88,1.02,18.51
2012-03-10,0.0,23.88,30.69,17.78,55.3,1.37,18.9
2012-03-11,0.0,23.99,31.88,17.28,43.33,1.47,22.25
2012-03-12,0.0,22.97,32.2,14.0,34.78,1.69,23.5
2012-03-13,0.0,23.58,32.39,16.2,40.68,2.0,20.44
2012-03-14,0.34,23.12,30.45,17.28,56.18,1.82,19.72
2012-03-15,0.0,22.52,29.65,16.69,53.09,1.76,20.57
2012-03-16,0.0,22.76,30.02,16.24,41.08,1.61,22.09
2012-03-17,0.0,23.25,30.37,16.06,41.79,1.33,22.13
2012-03-18,2.84,23.66,30.51,17.78,49.63,1.94,18.94
2012-03-19,0.05,25.69,32.49,19.36,51.57,1.38,18.74
2012-03-20,0.01,26.38,32.85,20.16,55.6,1.31,17.5
2012-03-21,1.14,27.13,32.18,23.09,55.61,1.42,17.88
2012-03-22,0.88,26.13,34.16,19.9,58.25,1.93,20.71
2012-03-23,0.0,25.53,33.0,18.95,38.81,1.07,22.38
2012-03-24,0.0,24.91,33.32,17.11,35.16,1.69,23.28
2012-03-25,0.0,25.5,33.58,17.73,40.28,1.56,22.61
2012-03-26,0.1,26.67,34.13,19.41,47.58,1.6,20.89
2012-03-27,0.18,27.3,34.62,20.61,45.52,1.65,21.26
2012-03-28,0.0,27.06,35.08,19.7,48.44,1.75,21.41
2012-03-29,0.09,27.77,36.1,21.36,44.52,1.77,22.02
2012-03-30,0.0,28.31,35.57,21.5,40.38,1.14,20.85
2012-03-31,0.0,28.48,35.73,21.95,35.76,1.36,21.09
2012-04-01,0.0,29.42,37.31,22.41,38.17,1.7,21.99
2012-04-02,0.0,30.16,35.84,22.55,40.38,1.29,21.86
2012-04-03,0.56,30.52,36.78,24.07,43.92,1.3,21.88
2012-04-04,5.78,29.63,33.54,25.06,53.26,1.48,16.98
2012-04-05,11.54,27.78,31.57,22.73,59.3,1.09,20.06
2012-04-06,34.52,24.67,27.43,21.59,77.04,1.02,5.98
2012-04-07,13.1,23.06,26.81,19.68,83.11,0.93,12.13
2012-04-08,42.88,23.98,28.25,18.81,78.29,1.46,10.17
2012-04-09,17.26,24.44,27.99,20.93,86.75,2.27,6.48
2012-04-10,23.27,23.4,26.36,20.12,80.72,1.6,10.42
2012-04-11,16.06,23.43,26.09,21.54,86.73,1.34,22.57
2012-04-12,22.35,24.6,28.46,20.63,86.4,1.57,10.27
2012-04-13,7.66,24.07,27.24,20.6,89.32,1.25,17.63
2012-04-14,1.9,25.8,30.23,20.19,79.54,1.05,25.68
2012-04-15,15.41,25.97,30.16,20.85,78.81,1.34,25.07
2012-04-16,10.28,26.08,30.63,21.36,77.76,1.63,20.9
2012-04-17,12.04,26.81,31.02,21.85,74.29,1.43,23.37
2012-04-18,20.67,26.6,30.85,22.22,80.33,1.48,21.03
2012-04-19,24.42,26.47,30.12,22.23,82.77,1.44,20.22
2012-04-20,12.98,27.21,30.89,23.39,81.08,1.13,22.69
2012-04-21,13.66,26.69,29.58,23.13,79.61,1.3,23.63
2012-04-22,4.55,26.17,31.82,22.02,81.75,2.23,22.63
2012-04-23,20.81,26.58,32.9,21.35,81.9,2.11,19.69
2012-04-24,24.07,26.95,31.03,22.83,84.61,1.5,20.6
2012-04-25,10.08,27.25,31.5,23.53,84.0,1.67,24.7
2012-04-26,18.01,26.85,30.32,23.68,82.71,1.5,19.95
2012-04-27,13.09,27.26,31.47,23.7,82.42,2.12,21.1
2012-04-28,6.79,26.81,31.28,22.38,85.61,1.87,16.19
2012-04-29,45.79,27.51,32.06,23.91,83.49,2.16,19.53
2012-04-30,39.01,26.86,30.89,23.14,86.09,1.59,15.8
2012-05-01,15.32,26.37,30.17,22.97,88.29,1.64,13.84
2012-05-02,6.22,26.65,30.03,24.01,81.61,1.56,15.41
2012-05-03,8.22,26.28,30.16,23.11,79.67,0.86,23.51
2012-05-04,0.0,25.96,29.84,22.17,72.66,1.14,15.81
2012-05-05,0.0,26.91,32.81,21.04,65.94,1.55,25.7
2012-05-06,0.0,27.17,31.91,22.32,69.99,1.32,26.73
2012-05-07,0.0,28.11,33.76,21.63,60.38,1.39,26.25
2012-05-08,0.0,28.76,33.73,21.6,58.18,1.37,25.81
2012-05-09,0.0,28.56,33.26,23.65,68.74,1.14,23.9
2012-05-10,0.88,28.72,32.34,24.72,73.41,1.07,22.59
2012-05-11,14.35,28.0,30.91,24.3,78.04,1.15,22.67
2012-05-12,11.54,27.61,31.17,23.83,81.29,1.41,19.38
2012-05-13,30.34,27.11,30.81,23.8,87.8,2.1,16.64
2012-05-14,21.49,27.82,32.08,24.31,88.09,1.97,15.67
2012-05-15,12.52,28.16,31.85,24.98,88.18,1.52,18.04
2012-05-16,13.13,27.88,31.37,24.19,83.03,1.07,16.47
2012-05-17,2.56,28.31,32.11,24.11,78.97,0.93,17.66
2012-05-18,0.4,29.5,34.25,24.0,71.84,1.07,23.57
2012-05-19,26.17,28.77,31.61,25.72,79.34,1.14,16.92
2012-05-20,22.68,28.62,32.24,24.64,79.17,1.25,13.96
2012-05-21,2.32,28.21,30.94,24.96,81.0,1.06,20.73
2012-05-22,27.91,28.6,32.52,23.89,83.47,1.29,21.25
2012-05-23,12.0,28.51,31.71,24.74,85.44,1.19,20.29
2012-05-24,6.38,28.57,32.61,25.01,84.01,1.27,20.49
2012-05-25,1.79,29.02,32.83,24.7,77.86,0.92,21.34
2012-05-26,4.69,29.8,33.11,26.53,74.14,1.1,21.19
2012-05-27,3.93,29.13,31.55,26.12,80.44,1.22,18.75
2012-05-28,2.29,28.44,31.89,25.94,85.41,1.8,16.73
2012-05-29,15.71,29.41,33.03,25.69,79.77,1.1,22.15
2012-05-30,22.39,28.67,30.61,26.43,86.41,1.11,22.53
2012-05-31,22.29,28.36,30.82,26.51,86.41,1.38,16.87
2012-06-01,38.68,27.89,31.18,25.91,89.15,1.74,7.02
2012-06-02,24.34,27.45,30.68,24.88,89.0,2.48,9.13
2012-06-03,64.9,28.19,31.41,25.67,90.06,2.46,13.64
2012-06-04,42.28,27.91,31.6,24.93,90.35,1.5,10.8
2012-06-05,12.77,28.04,31.76,25.17,89.03,1.49,17.55
2012-06-06,5.32,28.13,31.76,24.6,84.2,1.1,17.42
2012-06-07,10.08,29.52,32.86,25.18,79.65,0.98,12.37
2012-06-08,3.38,29.6,31.89,26.96,81.14,1.13,16.57
2012-06-09,12.69,29.11,31.43,27.09,86.11,1.09,11.65
2012-06-10,23.23,27.89,30.38,26.12,90.19,1.63,17.1
2012-06-11,52.06,28.23,31.43,24.69,85.56,1.26,19.22
2012-06-12,22.83,28.82,31.9,25.16,84.51,1.24,18.08
2012-06-13,33.44,28.41,31.16,25.85,88.79,1.6,22.05
2012-06-14,73.83,28.09,31.22,25.42,91.07,2.74,14.87
2012-06-15,71.55,27.6,30.71,25.42,92.0,2.75,1.53
2012-06-16,19.87,26.28,28.62,24.74,90.98,2.09,3.36
2012-06-17,5.94,27.83,31.08,24.43,86.75,1.11,15.09
2012-06-18,9.42,28.95,32.34,25.33,84.27,1.03,21.37
2012-06-19,8.92,28.18,30.54,25.62,86.4,1.01,19.36
2012-06-20,11.68,28.59,32.2,25.64,88.88,1.78,20.72
2012-06-21,13.15,28.46,31.31,25.85,89.23,2.11,15.65
2012-06-22,19.76,27.01,28.32,25.76,93.67,1.66,14.83
2012-06-23,35.97,26.96,29.55,24.7,91.32,2.86,14.34
2012-06-24,31.15,27.38,29.96,24.47,93.6,3.97,8.33
2012-06-25,67.09,27.0,29.21,25.53,93.57,4.35,6.6
2012-06-26,45.72,26.99,29.34,25.33,94.17,3.48,9.1
2012-06-27,10.88,27.16,29.71,24.97,93.93,2.06,8.2
2012-06-28,1.02,28.23,31.52,24.8,86.01,1.26,12.19
2012-06-29,0.0,28.98,32.58,25.13,82.38,1.08,22.3
2012-06-30,0.05,29.4,31.66,26.32,81.71,1.19,21.67
2012-07-01,15.8,29.03,32.1,26.17,86.4,1.01,23.53
2012-07-02,31.29,28.6,32.04,25.43,86.46,1.47,23.05
2012-07-03,6.3,27.5,30.22,25.47,90.77,1.76,19.17
2012-07-04,3.96,26.98,29.25,24.83,91.26,1.64,18.16
2012-07-05,13.35,28.04,31.26,24.86,89.24,1.85,17.72
2012-07-06,6.24,28.11,31.41,24.85,87.79,1.67,20.31
2012-07-07,6.58,28.1,30.92,25.2,88.92,1.7,18.06
2012-07-08,1.35,28.08,31.35,25.51,88.67,2.15,20.5
2012-07-09,21.4,27.97,31.76,24.48,87.49,1.95,17.17
2012-07-10,14.94,28.2,31.77,25.23,88.84,1.99,15.62
2012-07-11,16.9,27.75,30.99,24.86,90.72,2.89,19.97
2012-07-12,12.07,28.09,31.1,25.7,91.48,3.0,17.06
2012-07-13,44.82,27.83,29.73,26.27,93.86,2.8,15.44
2012-07-14,50.69,27.51,29.45,26.43,95.24,2.59,8.41
2012-07-15,16.19,27.18,29.35,25.45,93.9,3.29,7.62
2012-07-16,8.26,27.1,29.31,24.53,92.65,2.75,19.79
2012-07-17,58.67,27.69,30.67,25.17,92.87,2.96,19.23
2012-07-18,29.61,27.64,28.87,26.2,95.79,2.2,13.14
2012-07-19,14.5,28.52,32.23,25.28,88.92,1.78,20.01
2012-07-20,40.61,29.04,32.6,25.43,86.06,1.33,23.33
2012-07-21,20.64,28.3,32.01,25.87,90.13,2.09,17.58
2012-07-22,17.58,27.62,30.51,24.97,91.64,2.79,17.44
2012-07-23,16.93,27.78,30.46,25.31,91.5,2.99,18.89
2012-07-24,11.02,27.59,30.34,25.61,92.27,2.69,18.04
2012-07-25,12.24,28.4,31.54,24.97,87.17,1.62,20.16
2012-07-26,9.01,28.24,31.57,25.67,90.95,2.06,19.56
2012-07-27,22.05,27.99,31.43,24.95,90.15,2.03,13.26
2012-07-28,15.94,26.99,29.08,25.18,93.25,1.96,17.68
2012-07-29,10.67,27.61,30.4,24.84,89.11,1.25,15.38
2012-07-30,2.96,28.4,32.34,25.1,85.89,1.95,21.35
2012-07-31,0.51,28.32,31.91,24.88,87.94,1.48,19.33
2012-08-01,12.48,27.61,30.54,25.09,90.86,1.87,14.57
2012-08-02,10.61,26.98,28.73,25.36,92.9,1.84,15.71
2012-08-03,11.23,28.63,31.18,25.34,84.51,0.98,22.69
2012-08-04,19.38,28.57,32.17,25.73,87.76,1.28,24.0
2012-08-05,36.33,28.57,32.36,25.41,87.62,1.67,17.8
2012-08-06,17.48,27.85,31.2,25.27,90.86,1.83,18.91
2012-08-07,11.82,27.06,28.81,25.34,93.3,1.58,20.37
2012-08-08,9.76,26.68,27.72,25.59,95.24,1.41,17.78
2012-08-09,27.6,28.67,32.03,25.86,86.83,1.06,23.25
2012-08-10,36.6,28.13,31.22,25.25,87.52,1.39,16.54
2012-08-11,8.96,27.44,30.38,24.62,88.55,1.36,20.59
2012-08-12,12.05,26.84,29.29,24.92,92.47,1.52,15.3
2012-08-13,6.85,27.29,30.54,24.8,90.53,1.83,14.79
2012-08-14,23.63,28.09,31.48,24.96,89.67,1.35,18.84
2012-08-15,12.82,27.97,30.67,25.62,91.16,1.44,21.59
2012-08-16,19.57,29.31,32.19,26.48,84.53,1.0,18.79
2012-08-17,8.57,28.9,32.6,25.77,87.91,1.3,20.87
2012-08-18,1.96,28.47,32.41,24.88,87.16,1.76,19.37
2012-08-19,13.49,27.78,30.77,25.31,91.42,2.74,15.56
2012-08-20,22.57,26.08,27.79,24.57,94.37,2.84,10.1
2012-08-21,50.7,26.82,30.26,24.12,93.16,2.74,11.76
2012-08-22,69.2,27.52,30.38,25.01,91.59,2.54,16.05
2012-08-23,21.95,27.07,28.92,25.61,94.51,1.96,10.53
2012-08-24,0.96,28.18,31.53,24.85,87.01,0.93,20.37
2012-08-25,3.48,27.41,29.22,25.97,94.63,1.42,21.29
2012-08-26,13.11,26.87,28.61,25.56,94.83,1.59,10.83
2012-08-27,6.01,27.04,29.08,24.97,91.36,1.4,19.03
2012-08-28,15.89,27.71,29.74,25.4,91.36,1.54,20.3
2012-08-29,15.54,27.78,30.36,25.65,93.59,1.5,17.16
2012-08-30,16.55,27.25,29.09,26.02,94.4,2.33,15.96
2012-08-31,1.87,27.77,30.6,25.18,91.1,2.4,17.97
2012-09-01,2.22,27.67,29.46,25.9,91.38,1.57,20.15
2012-09-02,27.4,27.24,28.4,25.99,93.26,1.38,15.18
2012-09-03,10.56,27.23,29.17,25.94,90.17,1.2,7.11
2012-09-04,13.09,26.2,27.56,25.06,92.36,1.38,14.34
2012-09-05,7.37,26.63,29.02,24.89,89.01,1.64,14.84
2012-09-06,6.86,28.13,32.56,24.1,85.12,1.32,18.46
2012-09-07,0.22,29.89,33.96,26.12,83.04,1.19,23.4
2012-09-08,2.91,30.16,33.95,27.07,83.92,0.94,21.71
2012-09-09,6.5,28.32,31.88,25.77,88.11,1.4,13.63
2012-09-10,6.16,27.58,31.15,24.9,88.07,1.19,17.73
2012-09-11,16.28,26.74,28.55,25.4,95.21,1.73,12.52
2012-09-12,13.27,26.77,28.86,24.98,94.23,1.96,11.31
2012-09-13,5.28,26.49,28.66,24.67,93.53,1.75,11.32
2012-09-14,19.66,26.32,28.16,25.08,93.71,1.51,14.18
2012-09-15,20.44,27.07,30.09,24.32,90.33,1.41,18.6
2012-09-16,15.03,26.79,29.31,24.39,90.35,1.59,7.25
2012-09-17,8.03,27.29,30.13,24.95,89.61,1.26,17.42
2012-09-18,3.4,27.03,29.32,24.98,93.06,1.98,16.62
2012-09-19,3.27,27.04,29.67,24.71,93.35,2.79,17.9
2012-09-20,3.5,26.99,29.56,24.68,93.39,2.85,15.57
2012-09-21,1.85,26.79,29.06,25.09,93.19,3.4,16.04
2012-09-22,2.94,26.4,28.48,24.23,95.4,2.29,17.16
2012-09-23,26.19,26.57,28.28,25.11,95.42,2.25,17.49
2012-09-24,12.72,26.64,28.58,25.22,93.07,1.33,13.61
2012-09-25,1.51,27.36,30.05,24.72,86.19,0.89,19.6
2012-09-26,0.77,27.67,30.62,25.14,85.67,0.81,19.24
2012-09-27,0.29,28.56,31.18,26.32,82.85,0.81,17.45
2012-09-28,0.08,29.64,32.21,27.22,78.22,0.8,19.03
2012-09-29,0.66,27.6,29.27,25.86,90.04,0.9,12.29
2012-09-30,3.94,26.34,27.66,25.07,94.76,0.96,12.68
2012-10-01,20.06,26.08,27.45,25.0,95.92,1.24,12.72
2012-10-02,13.4,26.2,28.41,24.35,96.18,1.71,11.73
2012-10-03,15.24,26.25,27.54,24.74,96.37,2.27,14.47
2012-10-04,13.88,26.01,27.66,24.51,95.48,2.57,6.1
2012-10-05,8.35,26.55,29.44,24.4,92.19,1.51,11.47
2012-10-06,2.8,26.55,29.57,23.36,84.31,1.06,14.26
2012-10-07,0.0,27.46,30.94,24.41,84.43,1.0,20.24
2012-10-08,1.46,27.84,31.34,25.23,86.74,1.22,17.99
2012-10-09,59.46,27.6,31.37,25.3,84.7,0.69,14.67
2012-10-10,8.03,27.05,31.25,24.35,85.96,1.17,13.55
2012-10-11,15.84,25.14,28.6,23.18,91.42,1.29,8.2
2012-10-12,2.41,25.54,29.42,22.19,89.49,1.95,10.06
2012-10-13,0.06,25.59,29.66,22.48,80.06,1.45,15.65
2012-10-14,0.06,25.37,29.53,21.27,79.74,1.27,14.59
2012-10-15,0.0,26.13,30.17,23.2,81.27,1.2,16.24
2012-10-16,0.01,26.67,31.28,22.66,74.49,1.11,19.55
2012-10-17,0.03,26.55,30.99,22.3,78.32,1.06,19.1
2012-10-18,0.0,26.69,30.96,23.41,78.76,1.23,17.65
2012-10-19,0.49,26.11,29.98,22.94,77.75,1.22,16.79
2012-10-20,0.0,25.66,30.14,21.81,77.72,1.1,18.83
2012-10-21,0.0,25.7,30.4,20.88,76.45,0.93,19.15
2012-10-22,0.0,25.27,30.48,20.65,78.26,1.08,20.13
2012-10-23,0.0,24.72,29.35,20.63,81.71,1.21,19.42
2012-10-24,0.0,24.15,28.7,19.92,83.75,1.4,18.65
2012-10-25,0.0,22.96,27.73,18.44,77.61,1.13,19.07
2012-10-26,0.0,23.9,29.34,19.02,76.01,1.13,19.24
2012-10-27,0.0,24.34,30.03,19.36,79.47,1.31,18.85
2012-10-28,0.0,25.15,29.99,20.88,82.66,1.15,18.68
2012-10-29,0.0,25.84,30.64,21.98,80.28,1.11,19.24
2012-10-30,0.0,26.0,31.25,21.23,80.16,1.15,18.99
2012-10-31,0.0,25.82,31.03,21.3,78.79,1.19,18.79
2012-11-01,0.0,25.32,29.88,21.97,77.31,1.21,17.05
2012-11-02,0.09,24.38,28.42,21.48,74.09,1.1,15.65
2012-11-03,1.49,22.46,26.08,18.69,76.53,1.09,6.52
2012-11-04,5.08,23.21,27.04,19.71,78.33,1.11,7.74
2012-11-05,8.93,23.42,28.01,18.86,84.03,1.08,6.01
2012-11-06,14.69,23.52,26.23,21.62,94.17,1.89,5.71
2012-11-07,3.34,22.95,26.98,18.79,88.56,1.8,12.18
2012-11-08,0.01,21.54,26.49,17.79,76.34,1.03,11.92
2012-11-09,0.02,20.99,26.49,16.11,69.88,1.25,13.91
2012-11-10,0.0,21.27,27.1,16.5,73.51,1.34,16.63
2012-11-11,0.0,21.53,26.56,16.47,77.83,1.29,17.35
2012-11-12,0.0,21.69,26.72,17.44,82.32,1.26,16.89
2012-11-13,0.0,22.29,27.01,18.09,79.73,1.17,16.5
2012-11-14,0.0,21.59,26.14,17.1,78.45,1.2,16.17
2012-11-15,0.0,21.68,27.33,16.61,79.26,1.27,17.26
2012-11-16,0.0,22.79,28.83,17.61,76.41,1.68,17.7
2012-11-17,0.0,23.64,28.92,18.71,75.23,1.52,16.63
2012-11-18,0.0,23.56,28.97,19.21,81.07,1.26,12.55
2012-11-19,0.02,23.83,28.76,19.04,77.45,1.24,16.14
2012-11-20,0.0,23.6,28.66,19.17,78.55,1.3,11.37
2012-11-21,0.0,23.6,28.54,19.23,69.76,1.27,15.81
2012-11-22,0.0,20.36,25.49,16.82,70.8,1.47,16.65
2012-11-23,0.0,19.52,25.16,13.75,73.34,1.35,16.59
2012-11-24,0.0,18.18,24.79,12.38,76.55,1.32,16.45
2012-11-25,0.0,17.34,22.66,13.29,73.26,1.15,15.81
2012-11-26,0.0,17.92,24.42,12.44,72.25,1.23,15.31
2012-11-27,0.0,17.6,24.0,12.27,78.13,1.3,15.48
2012-11-28,0.0,18.03,24.18,12.8,75.6,1.32,15.28
2012-11-29,0.0,18.38,24.92,12.18,79.25,1.36,15.62
2012-11-30,0.0,18.54,24.65,13.52,82.46,1.32,15.77
2012-12-01,0.0,18.96,25.2,13.34,75.43,1.28,15.84
2012-12-02,0.0,19.54,26.01,14.29,76.71,1.33,15.79
2012-12-03,0.0,19.34,25.72,14.67,81.84,1.41,15.82
2012-12-04,0.0,18.84,25.25,12.7,77.43,1.17,15.97
2012-12-05,0.0,19.09,25.98,13.1,77.32,1.3,14.0
2012-12-06,0.0,19.56,25.65,14.65,78.17,1.1,14.83
2012-12-07,0.0,18.4,23.07,13.03,80.99,1.12,12.42
2012-12-08,0.0,17.92,22.69,12.56,79.93,1.01,11.96
2012-12-09,0.0,17.59,23.07,12.15,81.44,1.2,10.62
2012-12-10,0.0,17.21,22.91,11.83,80.82,1.17,10.63
2012-12-11,0.0,18.65,25.42,12.68,65.39,1.19,10.37
2012-12-12,0.16,18.7,23.61,15.76,80.43,1.05,10.46
2012-12-13,0.01,18.29,23.8,13.73,83.09,1.16,13.33
2012-12-14,0.0,18.31,24.31,13.35,73.85,1.22,13.92
2012-12-15,0.0,18.37,24.45,13.61,76.04,1.33,15.2
2012-12-16,0.0,18.52,24.63,13.74,75.97,1.36,14.99
2012-12-17,0.0,17.67,23.18,11.43,76.15,1.19,12.87
2012-12-18,0.0,17.55,23.5,11.88,78.83,1.21,9.32
2012-12-19,0.0,16.13,21.23,11.47,85.73,1.24,9.84
2012-12-20,0.0,15.38,20.77,11.67,75.99,1.26,8.48
2012-12-21,0.0,15.79,21.28,12.52,66.87,1.29,10.03
2012-12-22,0.0,15.72,23.06,10.3,74.68,1.28,9.15
2012-12-23,0.0,18.47,26.52,11.97,69.39,1.62,14.9
2012-12-24,0.0,18.15,24.06,13.92,73.97,1.54,12.38
2012-12-25,0.0,16.48,22.56,11.36,80.34,1.39,7.31
2012-12-26,0.0,15.12,21.68,8.99,74.61,1.3,13.01
2012-12-27,0.0,15.83,22.62,10.07,78.0,1.45,9.16
2012-12-28,0.0,15.74,21.41,9.97,72.86,1.21,6.78
2012-12-29,0.0,15.61,21.14,10.05,78.05,1.36,10.58
2012-12-30,0.64,15.67,21.45,10.15,81.57,1.31,10.13
2012-12-31,42.8,15.03,21.07,9.92,80.93,1.35,11.73
2013-01-01,0.0,16.09,22.18,10.28,74.59,1.36,15.27
2013-01-02,0.0,17.2,22.84,11.05,71.43,1.41,15.91
2013-01-03,0.0,16.03,21.06,11.53,80.69,1.32,11.41
2013-01-04,0.0,17.82,22.97,14.88,75.97,1.14,14.45
2013-01-05,0.0,16.07,21.85,11.04,74.48,1.22,14.4
2013-01-06,0.0,15.57,22.01,9.97,64.84,1.29,14.64
2013-01-07,0.0,14.48,20.7,9.93,75.24,1.5,9.76
2013-01-08,0.0,12.18,17.89,7.5,54.65,1.46,12.84
2013-01-09,0.0,10.73,17.87,5.13,66.0,1.53,9.35
2013-01-10,0.0,10.81,17.13,4.22,69.49,1.43,9.43
2013-01-11,0.0,11.75,18.29,5.45,74.91,1.37,10.59
2013-01-12,0.0,14.75,21.79,9.0,73.21,1.47,14.91
2013-01-13,0.0,15.16,21.42,8.82,76.61,1.32,15.65
2013-01-14,0.0,15.95,22.43,10.04,76.57,1.37,15.95
2013-01-15,0.0,16.79,23.14,11.69,72.01,1.31,16.38
2013-01-16,0.0,17.33,23.48,11.13,70.32,1.28,16.12
2013-01-17,0.0,18.42,24.57,13.11,71.05,1.29,15.09
2013-01-18,0.0,19.35,25.38,14.86,73.95,1.27,15.93
2013-01-19,0.0,19.51,25.24,14.13,74.59,1.33,16.45
2013-01-20,0.0,19.72,25.94,15.58,72.22,1.45,15.39
2013-01-21,0.0,17.6,24.79,12.77,66.8,1.34,15.14
2013-01-22,0.0,16.74,25.17,10.1,65.02,1.59,16.9
2013-01-23,0.0,17.11,24.41,11.15,68.71,1.59,17.54
2013-01-24,0.0,16.11,23.73,10.52,66.26,1.51,17.99
2013-01-25,0.0,14.37,21.76,7.65,60.94,1.54,16.12
2013-01-26,0.0,14.65,21.43,6.71,56.35,1.49,17.31
2013-01-27,0.0,15.07,22.16,7.64,63.32,1.45,15.9
2013-01-28,0.0,18.12,26.03,10.75,64.5,1.27,15.18
2013-01-29,0.0,17.49,24.08,12.5,72.44,1.34,17.6
2013-01-30,0.0,16.81,23.34,10.76,69.11,1.39,17.23
2013-01-31,0.0,18.13,24.36,11.45,64.58,1.25,16.47
2013-02-01,0.0,18.27,24.78,12.81,70.31,1.21,13.75
2013-02-02,0.0,18.96,24.49,14.02,68.7,1.15,17.68
2013-02-03,0.0,18.86,24.91,14.57,69.97,1.25,16.15
2013-02-04,0.0,19.42,26.13,13.46,65.98,1.21,17.87
2013-02-05,0.0,21.15,27.3,15.26,68.85,1.38,18.55
2013-02-06,0.0,21.51,27.71,16.51,71.14,1.46,19.07
2013-02-07,0.0,21.86,28.31,17.45,66.24,1.35,16.76
2013-02-08,0.0,20.82,27.48,16.43,71.38,1.37,13.65
2013-02-09,0.0,19.61,25.97,15.17,56.06,1.43,18.17
2013-02-10,0.0,18.88,26.47,12.22,60.26,1.6,19.52
2013-02-11,0.0,18.75,26.04,11.86,58.35,1.62,20.32
2013-02-12,0.0,19.24,27.04,13.37,57.45,1.48,18.1
2013-02-13,0.0,19.4,26.85,13.45,58.43,1.46,16.85
2013-02-14,0.0,19.8,27.04,14.42,54.05,1.61,19.73
2013-02-15,0.0,21.05,27.88,14.53,46.97,1.47,20.39
2013-02-16,0.0,22.11,30.57,13.75,58.14,1.71,14.69
2013-02-17,2.3,21.68,27.27,18.0,70.01,2.21,7.98
2013-02-18,7.23,18.44,23.51,14.06,75.64,1.89,14.99
2013-02-19,0.0,19.05,24.79,13.93,57.35,1.44,17.63
2013-02-20,0.0,18.94,26.18,12.79,66.41,1.67,20.89
2013-02-21,0.0,20.69,27.42,14.92,59.69,1.47,21.43
2013-02-22,0.0,22.18,30.13,15.03,62.53,1.65,21.33
2013-02-23,0.0,23.3,30.61,16.28,65.41,1.57,20.82
2013-02-24,0.0,22.96,30.19,17.25,65.36,1.74,21.13
2013-02-25,0.0,23.1,31.1,16.71,56.48,2.05,20.37
2013-02-26,0.0,22.84,29.92,16.76,55.96,1.57,21.6
2013-02-27,0.0,22.21,29.1,16.1,60.53,1.53,21.64
2013-02-28,0.0,22.32,29.23,17.46,54.77,1.54,22.04
2013-03-01,0.0,21.18,28.72,15.3,54.78,1.67,22.12
2013-03-02,0.0,20.75,28.6,13.26,54.46,1.36,21.59
2013-03-03,0.0,21.68,29.14,14.11,55.23,1.46,21.9
2013-03-04,0.0,22.09,29.71,15.56,57.87,1.55,22.27
2013-03-05,0.0,23.02,30.43,16.5,53.58,1.43,21.71
2013-03-06,0.0,23.22,29.79,16.76,51.8,1.38,21.52
2013-03-07,0.0,23.12,30.43,16.72,57.51,1.39,21.88
2013-03-08,0.0,24.12,31.21,18.26,50.89,1.55,19.8
2013-03-09,0.0,23.47,30.62,17.66,50.82,1.74,20.89
2013-03-10,0.0,24.57,31.09,18.87,45.6,1.31,21.5
2013-03-11,0.51,24.47,30.41,18.6,53.57,1.29,21.41
2013-03-12,0.17,24.78,30.55,17.93,60.44,1.11,17.9
2013-03-13,4.65,24.62,29.64,19.84,73.49,1.17,17.89
2013-03-14,0.02,25.72,30.8,21.15,68.58,1.25,18.64
2013-03-15,0.0,26.84,31.87,21.97,64.65,1.32,18.27
2013-03-16,0.0,26.75,33.75,20.83,53.8,1.82,19.78
2013-03-17,0.96,25.39,33.44,19.0,49.08,2.2,19.69
2013-03-18,0.43,23.64,30.37,17.71,51.66,2.13,22.83
2013-03-19,0.0,23.97,31.19,16.35,49.68,1.69,22.67
2013-03-20,0.0,24.89,31.57,17.49,51.32,1.32,22.09
2013-03-21,4.3,25.82,32.05,20.46,58.47,1.58,19.48
2013-03-22,6.61,25.82,30.94,19.5,57.92,1.17,18.05
2013-03-23,4.58,26.39,31.24,20.47,62.14,0.96,20.45
2013-03-24,2.37,26.54,31.83,21.34,63.91,1.27,18.13
2013-03-25,0.22,26.27,33.42,19.48,54.63,1.8,19.95
2013-03-26,0.16,26.2,33.63,20.28,55.46,1.77,22.39
2013-03-27,0.0,26.85,33.87,20.53,38.73,1.46,21.46
2013-03-28,0.0,26.02,32.96,18.87,44.62,1.47,19.82
2013-03-29,0.0,26.6,33.93,19.85,47.87,1.67,18.16
2013-03-30,1.02,27.33,34.48,20.38,54.73,1.88,21.35
2013-03-31,5.47,27.49,34.04,21.74,58.45,1.36,19.83
2013-04-01,3.08,27.67,33.88,21.65,60.28,1.35,19.35
2013-04-02,1.49,28.44,34.01,23.89,60.8,1.36,21.03
2013-04-03,0.98,28.32,35.33,23.23,56.36,1.69,20.15
2013-04-04,0.55,28.53,36.78,22.82,49.87,2.67,22.82
2013-04-05,0.06,27.46,35.96,20.74,42.81,1.97,25.51
2013-04-06,0.0,26.05,35.36,19.33,41.82,1.9,25.81
2013-04-07,0.0,27.39,34.98,20.82,49.01,1.53,23.29
2013-04-08,0.0,28.38,35.75,21.29,55.3,1.42,22.4
2013-04-09,0.0,29.34,36.62,22.98,56.84,1.48,22.39
2013-04-10,4.59,29.3,36.08,23.73,59.53,1.55,21.7
2013-04-11,2.62,28.85,35.23,23.48,62.75,1.69,21.36
2013-04-12,0.03,29.7,36.41,24.09,61.5,1.73,20.42
2013-04-13,0.1,30.22,37.22,24.41,58.49,1.54,18.75
2013-04-14,5.91,29.27,33.91,24.19,60.84,1.16,15.66
2013-04-15,36.08,27.02,31.41,22.17,67.28,1.03,17.37
2013-04-16,9.44,24.63,29.15,20.35,70.41,1.03,15.81
2013-04-17,9.57,25.39,29.53,21.0,70.16,1.22,15.88
2013-04-18,9.9,26.32,30.37,23.17,76.62,1.18,17.3
2013-04-19,12.02,25.39,28.18,21.95,75.82,0.75,23.3
2013-04-20,1.14,24.53,28.58,22.43,78.25,1.47,22.21
2013-04-21,0.92,25.28,29.52,21.76,69.91,1.01,19.1
2013-04-22,3.09,24.79,28.85,21.57,73.48,1.11,8.18
2013-04-23,0.08,26.17,31.83,20.77,65.18,1.6,25.21
2013-04-24,0.0,27.58,33.72,21.8,60.87,1.61,26.12
2013-04-25,0.0,29.17,34.42,23.13,53.54,1.34,24.29
2013-04-26,8.57,30.22,35.13,26.25,53.89,1.42,21.09
2013-04-27,28.8,27.85,31.26,24.65,75.39,1.54,16.11
2013-04-28,16.47,27.09,31.38,23.23,81.52,1.32,14.1
2013-04-29,9.78,27.94,32.8,23.97,81.34,1.87,15.76
2013-04-30,7.53,28.33,33.23,24.19,81.39,1.81,17.54
2013-05-01,43.83,28.2,33.27,24.31,79.95,1.82,15.54
2013-05-02,25.49,27.94,32.69,24.53,83.93,2.23,19.11
2013-05-03,35.04,27.82,32.21,24.34,84.56,2.35,19.18
2013-05-04,40.14,26.8,30.35,24.3,86.77,2.08,17.97
2013-05-05,65.21,25.26,28.11,23.39,89.47,1.81,18.19
2013-05-06,23.18,24.07,26.86,20.45,84.38,2.94,8.3
2013-05-07,40.08,25.54,29.29,20.65,81.93,1.0,9.82
2013-05-08,47.27,27.22,30.95,23.8,87.07,1.87,11.18
2013-05-09,33.25,27.71,31.91,24.03,89.4,1.86,10.13
2013-05-10,75.29,27.77,30.61,25.63,89.87,2.5,15.05
2013-05-11,58.59,27.87,31.04,25.35,90.48,2.59,14.64
2013-05-12,24.98,27.59,30.66,24.85,89.29,2.26,16.68
2013-05-13,17.25,26.47,28.96,24.0,89.76,1.76,18.21
2013-05-14,8.85,26.72,30.19,24.03,86.43,1.87,18.46
2013-05-15,3.51,27.04,29.89,23.65,84.64,1.42,17.09
2013-05-16,38.53,26.38,29.37,24.0,87.8,2.17,4.69
2013-05-17,16.0,26.58,30.07,22.72,87.87,1.78,17.5
2013-05-18,48.67,27.74,31.31,24.66,86.14,1.73,15.96
2013-05-19,10.43,27.85,31.6,24.54,87.33,1.65,20.1
2013-05-20,6.93,27.18,30.04,24.55,90.16,1.28,11.89
2013-05-21,1.5,27.11,30.83,24.57,89.97,1.69,19.23
2013-05-22,17.91,26.12,28.16,23.97,92.07,1.56,19.88
2013-05-23,30.22,25.85,27.78,24.5,94.74,2.13,5.43
2013-05-24,5.57,26.7,30.13,24.56,92.07,2.86,11.57
2013-05-25,0.66,27.17,30.47,24.8,91.4,2.4,18.93
2013-05-26,2.05,26.89,29.61,24.41,90.68,1.34,23.0
2013-05-27,15.48,27.57,31.48,25.08,89.75,1.55,21.26
2013-05-28,12.4,27.54,30.67,24.73,87.39,1.21,17.05
2013-05-29,30.96,29.0,33.1,25.23,83.33,1.4,18.07
2013-05-30,13.79,27.83,31.91,25.0,84.83,1.59,17.32
2013-05-31,2.7,27.08,31.36,23.38,83.91,1.56,13.25
2013-06-01,4.43,27.43,30.58,23.93,88.08,1.45,21.2
2013-06-02,2.29,27.6,29.96,25.14,89.57,1.27,23.57
2013-06-03,0.0,28.81,32.2,26.0,84.22,1.27,23.91
2013-06-04,22.21,29.02,32.21,25.59,85.3,1.12,19.86
2013-06-05,19.39,28.28,30.15,26.68,90.49,1.68,8.14
2013-06-06,6.27,27.62,29.94,25.6,92.33,1.5,17.14
2013-06-07,8.77,27.09,29.32,25.52,92.02,1.83,12.03
2013-06-08,8.55,27.27,29.19,25.25,93.72,2.32,11.17
2013-06-09,14.97,27.71,30.25,25.91,92.07,1.92,13.66
2013-06-10,3.76,28.35,30.58,25.77,89.35,1.79,18.04
2013-06-11,0.04,28.56,32.03,25.87,78.0,2.58,26.23
2013-06-12,2.68,30.2,34.4,25.79,79.1,1.22,23.13
2013-06-13,29.39,29.18,32.85,25.6,84.28,1.41,21.61
2013-06-14,17.13,27.86,30.56,25.22,87.96,1.21,21.76
2013-06-15,7.34,28.39,31.42,25.37,88.64,1.82,23.73
2013-06-16,2.96,28.73,32.04,25.83,87.76,1.65,22.83
2013-06-17,0.4,28.51,31.22,26.25,89.91,1.82,19.75
2013-06-18,4.02,28.54,32.07,25.7,89.33,1.73,22.05
2013-06-19,19.27,27.62,29.78,26.23,92.45,1.79,18.15
2013-06-20,7.53,28.37,30.65,26.17,89.78,1.43,24.19
2013-06-21,10.49,28.12,30.82,26.05,93.0,1.47,20.1
2013-06-22,30.7,29.43,33.47,25.97,86.54,1.44,23.81
2013-06-23,39.91,29.0,32.32,26.45,86.3,1.47,21.98
2013-06-24,17.53,29.02,32.8,25.16,85.7,1.86,19.6
2013-06-25,24.26,28.09,31.32,25.9,91.34,1.97,11.45
2013-06-26,25.1,27.91,30.69,25.23,91.49,2.67,13.2
2013-06-27,21.43,27.75,30.22,25.46,92.75,3.77,11.38
2013-06-28,22.75,27.6,29.68,26.0,94.62,2.76,13.56
2013-06-29,14.22,27.98,31.15,25.69,91.08,2.78,14.63
2013-06-30,4.93,28.47,32.4,24.94,90.61,2.38,14.66
2013-07-01,3.01,28.61,32.19,25.34,88.97,2.28,19.92
2013-07-02,22.92,27.55,29.85,25.65,90.93,1.7,13.96
2013-07-03,17.94,28.13,31.42,25.37,90.99,2.08,18.29
2013-07-04,31.54,27.69,30.5,25.35,90.45,2.95,18.46
2013-07-05,18.02,27.72,30.92,24.78,90.81,2.63,15.75
2013-07-06,21.31,27.44,29.89,25.08,92.58,2.58,11.42
2013-07-07,14.4,27.99,31.29,24.9,89.67,2.73,16.29
2013-07-08,5.86,27.73,30.39,25.43,90.55,3.22,20.97
2013-07-09,10.43,27.86,30.73,25.44,91.61,2.97,16.98
2013-07-10,14.66,27.9,31.11,25.5,90.2,2.14,21.57
2013-07-11,26.58,28.23,31.86,25.34,87.52,2.02,18.76
2013-07-12,5.4,27.25,29.67,24.97,91.15,1.5,14.93
2013-07-13,22.65,27.36,30.56,24.68,91.09,1.89,15.84
2013-07-14,14.92,27.95,31.54,24.73,89.35,1.47,20.25
2013-07-15,24.55,28.58,32.43,25.43,87.48,1.19,21.7
2013-07-16,18.11,29.0,32.52,26.01,86.83,1.68,20.16
2013-07-17,13.19,28.37,31.53,25.71,89.91,2.65,19.15
2013-07-18,3.98,27.46,30.26,24.82,90.17,1.94,17.5
2013-07-19,9.56,28.46,32.48,24.55,87.29,1.5,17.57
2013-07-20,20.2,28.22,31.47,25.71,90.21,1.8,19.55
2013-07-21,9.09,28.56,31.69,25.3,87.52,1.46,21.54
2013-07-22,7.23,29.6,33.23,26.4,83.79,1.34,23.24
2013-07-23,9.6,28.29,30.77,26.0,89.46,1.49,22.05
2013-07-24,28.67,28.98,32.49,25.7,86.55,1.33,20.41
2013-07-25,18.63,29.39,33.17,25.56,84.72,1.65,21.79
2013-07-26,10.89,28.41,32.21,25.46,89.62,2.12,16.45
2013-07-27,26.41,27.41,29.64,25.41,91.07,2.01,12.52
2013-07-28,16.25,27.63,31.2,25.1,90.02,2.68,14.85
2013-07-29,0.63,28.28,32.36,24.6,88.21,1.62,22.5
2013-07-30,9.21,28.44,32.06,25.78,87.97,1.34,19.71
2013-07-31,11.13,28.04,30.89,25.79,88.34,1.21,15.05
2013-08-01,2.98,27.41,29.78,25.17,90.23,1.43,19.16
2013-08-02,25.26,27.05,29.1,24.82,90.89,1.42,20.3
2013-08-03,13.94,27.59,30.24,25.96,88.71,1.3,19.03
2013-08-04,4.9,28.7,33.02,25.94,87.73,1.82,17.34
2013-08-05,6.41,26.86,28.8,25.44,92.57,1.77,11.35
2013-08-06,24.05,27.18,30.05,24.55,91.22,2.35,15.63
2013-08-07,55.05,27.1,29.87,24.62,91.94,2.62,9.45
2013-08-08,13.61,27.4,30.29,25.0,90.63,2.48,15.81
2013-08-09,4.19,26.63,28.15,24.91,91.27,1.32,20.87
2013-08-10,19.74,27.44,30.31,24.7,90.04,1.75,16.22
2013-08-11,17.54,26.37,28.34,24.96,92.84,1.57,12.5
2013-08-12,27.93,27.4,30.25,24.36,89.12,1.51,12.45
2013-08-13,10.83,26.81,29.21,25.3,93.12,1.55,16.34
2013-08-14,18.82,26.67,28.36,24.89,95.32,2.14,15.97
2013-08-15,19.32,26.2,27.41,25.27,95.0,1.51,10.13
2013-08-16,4.45,26.58,28.74,25.11,92.44,1.74,9.32
2013-08-17,9.67,27.79,31.09,24.5,87.54,1.12,19.81
2013-08-18,10.4,27.68,29.84,24.98,85.81,2.05,20.51
2013-08-19,9.14,27.97,31.05,25.59,85.37,1.37,16.64
2013-08-20,13.27,27.63,30.83,24.84,88.42,1.9,15.7
2013-08-21,3.4,27.72,31.16,24.95,88.02,1.64,14.1
2013-08-22,4.1,27.62,30.72,24.46,87.4,1.63,21.38
2013-08-23,24.75,27.87,31.3,24.74,88.42,1.38,22.99
2013-08-24,6.88,27.91,31.06,25.32,89.71,1.94,17.71
2013-08-25,2.38,28.2,30.92,25.95,92.91,1.82,16.64
2013-08-26,34.44,27.34,29.92,25.71,94.7,1.52,13.64
2013-08-27,14.92,27.72,31.45,25.53,90.25,2.01,13.97
2013-08-28,9.78,26.84,30.29,24.19,91.46,2.14,13.72
2013-08-29,4.71,27.04,29.64,24.59,92.88,1.91,14.41
2013-08-30,10.23,27.57,30.79,24.6,90.6,2.18,14.32
2013-08-31,12.85,27.61,30.65,24.87,90.58,2.12,17.75
2013-09-01,5.25,28.15,31.39,25.25,90.2,2.59,16.7
2013-09-02,11.02,27.23,29.87,24.97,92.18,2.98,15.61
2013-09-03,8.1,26.44,28.93,24.31,93.47,2.74,12.46
2013-09-04,24.48,26.6,28.84,24.7,94.89,3.14,14.77
2013-09-05,22.71,27.25,29.67,25.61,93.47,2.49,11.1
2013-09-06,16.23,26.91,29.3,24.69,91.98,1.58,13.74
2013-09-07,3.46,26.79,29.49,24.5,92.59,2.05,17.02
2013-09-08,8.63,27.03,29.88,24.07,88.13,1.24,11.57
2013-09-09,16.97,26.18,28.51,24.58,93.64,1.67,12.22
2013-09-10,17.36,25.68,27.19,24.62,95.5,2.39,16.17
2013-09-11,9.32,27.2,31.09,24.41,87.32,0.82,15.47
2013-09-12,0.21,28.56,32.29,24.96,82.08,1.06,23.22
2013-09-13,3.23,29.94,33.91,26.0,76.81,0.79,23.72
2013-09-14,2.6,28.82,31.48,26.44,84.34,0.85,14.23
2013-09-15,11.14,27.42,29.26,25.19,91.23,0.99,20.71
2013-09-16,9.14,27.61,31.26,25.75,90.63,1.2,18.96
2013-09-17,5.57,28.68,33.01,24.92,83.58,1.07,19.12
2013-09-18,13.24,28.09,30.27,25.94,86.34,1.35,19.89
2013-09-19,2.57,28.09,31.82,25.47,88.96,0.88,20.97
2013-09-20,3.26,28.1,31.47,25.25,86.46,0.94,17.93
2013-09-21,0.99,27.77,30.6,25.5,87.59,1.09,20.77
2013-09-22,5.67,28.51,32.09,25.9,85.46,1.46,18.89
2013-09-23,2.11,29.21,33.17,25.67,82.72,1.14,19.6
2013-09-24,4.73,29.75,34.16,27.24,80.4,0.8,17.47
2013-09-25,7.34,28.99,31.83,26.59,83.1,0.66,11.44
2013-09-26,14.01,28.68,32.44,25.54,80.97,0.86,17.38
2013-09-27,7.09,29.01,32.65,25.32,80.44,1.05,14.95
2013-09-28,12.95,27.03,28.87,25.51,87.76,1.8,12.24
2013-09-29,17.95,25.93,27.98,24.22,88.71,2.87,9.68
2013-09-30,7.8,25.09,28.52,23.44,85.81,3.47,10.04
2013-10-01,2.4,27.02,33.31,22.8,78.27,2.42,14.43
2013-10-02,1.4,28.36,32.53,24.05,77.97,1.94,19.3
2013-10-03,20.14,27.16,30.78,24.41,82.38,1.45,19.14
2013-10-04,31.37,25.33,26.93,23.71,92.46,1.37,7.86
2013-10-05,82.28,25.25,27.65,23.56,94.98,2.81,8.35
2013-10-06,62.33,25.0,26.85,23.62,94.86,1.59,4.35
2013-10-07,21.02,26.0,30.02,22.66,83.82,1.49,16.45
2013-10-08,0.55,24.22,26.64,22.12,87.57,2.53,15.05
2013-10-09,0.0,24.3,27.69,20.74,80.68,2.05,15.22
2013-10-10,0.0,26.92,31.71,21.73,73.07,1.31,20.41
2013-10-11,0.0,27.01,32.22,22.28,76.25,2.17,20.32
2013-10-12,5.51,26.96,30.67,23.52,85.33,1.12,18.82
2013-10-13,1.24,27.76,30.98,25.26,82.12,0.89,14.63
2013-10-14,0.82,27.57,30.81,24.91,83.78,1.12,16.22
2013-10-15,5.79,27.12,30.14,24.34,82.73,0.91,16.31
2013-10-16,4.78,26.61,29.71,24.21,80.68,0.91,17.27
2013-10-17,0.6,26.98,31.75,22.6,81.39,1.1,18.96
2013-10-18,2.23,27.54,31.43,24.72,82.88,1.1,18.07
2013-10-19,2.64,27.15,31.1,23.7,80.31,1.08,18.76
2013-10-20,18.77,26.42,30.07,22.86,80.69,1.17,13.12
2013-10-21,27.15,24.79,27.2,23.08,87.75,1.15,12.13
2013-10-22,7.01,23.9,26.15,22.3,88.82,1.29,8.26
2013-10-23,0.01,25.59,30.15,21.78,79.25,1.07,13.8
2013-10-24,0.0,25.73,30.12,21.41,80.84,1.12,17.21
2013-10-25,23.88,23.34,25.58,21.32,91.05,2.46,8.83
2013-10-26,1.06,22.67,25.36,20.92,92.64,2.07,6.11
2013-10-27,0.75,23.04,25.5,21.14,89.47,1.85,14.76
2013-10-28,0.52,23.58,27.19,20.39,84.77,1.48,15.88
2013-10-29,0.61,23.13,27.18,18.94,84.18,1.43,15.1
2013-10-30,0.12,23.06,28.09,18.52,77.9,1.18,17.81
2013-10-31,0.0,22.47,27.36,18.06,78.79,1.1,17.05
2013-11-01,0.0,22.37,27.31,17.76,79.03,1.14,17.22
2013-11-02,0.0,22.25,26.49,17.39,79.14,0.95,15.96
2013-11-03,0.0,22.86,27.87,18.28,81.2,0.98,15.41
2013-11-04,0.0,22.48,27.56,18.33,81.58,1.33,16.83
2013-11-05,0.0,22.64,27.91,18.17,79.19,1.41,17.51
2013-11-06,0.0,23.18,28.47,18.13,78.63,1.37,18.28
2013-11-07,0.0,23.16,28.32,18.78,81.69,1.42,18.48
2013-11-08,0.0,23.48,28.91,19.01,81.54,1.27,18.3
2013-11-09,0.0,24.32,29.71,19.41,77.32,1.26,18.17
2013-11-10,0.0,24.57,30.28,19.66,74.84,1.63,18.31
2013-11-11,0.0,23.99,29.38,19.41,77.92,1.33,18.13
2013-11-12,0.0,23.56,29.29,19.32,77.5,1.5,18.17
2013-11-13,0.0,22.43,27.81,17.24,75.98,1.05,17.55
2013-11-14,0.0,22.9,29.47,17.1,68.75,1.08,18.03
2013-11-15,0.0,23.34,31.22,16.95,66.67,1.58,17.6
2013-11-16,0.0,23.92,30.09,18.42,69.35,1.33,17.66
2013-11-17,0.0,24.02,29.28,19.19,69.19,1.0,13.67
2013-11-18,0.0,23.17,28.64,19.09,75.2,1.18,16.8
2013-11-19,0.0,21.88,26.83,17.4,80.41,1.28,17.34
2013-11-20,0.0,21.85,26.32,17.87,78.75,1.19,17.26
2013-11-21,0.0,21.84,27.11,16.75,80.93,1.09,17.35
2013-11-22,0.0,21.59,27.24,16.73,79.02,1.23,17.26
2013-11-23,0.0,21.33,26.24,16.15,79.82,1.21,17.09
2013-11-24,0.0,21.87,26.76,17.67,80.67,1.03,15.91
2013-11-25,0.0,21.65,27.08,16.87,81.17,1.01,16.63
2013-11-26,0.0,21.89,27.08,16.85,76.11,1.22,16.6
2013-11-27,0.0,21.72,26.78,16.88,78.97,1.12,15.2
2013-11-28,0.0,21.95,27.17,17.48,79.8,1.23,15.32
2013-11-29,0.0,21.86,26.62,17.2,83.8,1.16,15.3
2013-11-30,0.0,22.31,27.03,18.13,81.3,1.12,14.92
2013-12-01,0.0,22.77,28.21,18.21,79.78,1.26,15.29
2013-12-02,0.0,22.36,28.15,17.77,79.19,1.24,15.51
2013-12-03,0.0,22.2,27.58,17.81,78.92,1.29,15.72
2013-12-04,0.0,22.03,27.43,17.6,81.42,1.26,15.76
2013-12-05,0.0,22.11,26.72,17.61,77.37,1.08,15.83
2013-12-06,0.0,21.47,26.59,16.32,74.74,1.12,14.97
2013-12-07,0.0,21.85,26.13,18.67,74.74,1.04,13.94
2013-12-08,0.0,21.24,26.4,16.5,73.55,1.06,14.28
2013-12-09,0.0,20.5,25.28,16.31,76.1,1.07,12.53
2013-12-10,0.0,19.93,25.24,14.94,80.24,1.32,15.67
2013-12-11,0.0,19.48,24.73,14.98,80.21,1.18,15.8
2013-12-12,0.0,18.38,23.1,14.02,71.58,1.25,14.92
2013-12-13,0.0,17.04,22.54,12.0,74.24,1.19,13.35
2013-12-14,0.0,17.6,22.95,13.09,73.6,1.17,12.19
2013-12-15,0.03,18.93,24.98,14.05,67.76,1.2,14.15
2013-12-16,0.0,17.37,24.49,11.53,62.26,1.52,16.16
2013-12-17,0.0,16.94,22.86,12.42,68.09,1.5,15.63
2013-12-18,0.0,16.23,21.81,11.29,74.14,1.39,14.67
2013-12-19,0.0,16.7,21.02,12.21,80.02,1.13,11.17
2013-12-20,1.25,17.5,21.5,12.55,83.1,0.98,10.44
2013-12-21,0.0,17.79,22.42,12.95,82.61,1.14,10.07
2013-12-22,0.03,17.24,23.03,12.83,82.24,1.2,12.94
2013-12-23,0.0,17.84,22.25,13.74,78.68,1.1,7.72
2013-12-24,0.0,17.74,22.26,13.58,82.35,1.22,12.0
2013-12-25,0.0,17.51,21.56,14.37,81.32,1.21,10.18
2013-12-26,0.0,15.66,21.01,11.4,84.43,1.25,8.93
2013-12-27,0.0,16.32,22.0,11.76,83.98,1.22,8.66
2013-12-28,0.0,16.02,21.24,11.36,84.46,1.21,11.77
2013-12-29,0.0,15.7,20.96,10.61,81.88,1.18,12.32
2013-12-30,0.0,17.33,22.85,13.05,76.82,1.07,11.51
2013-12-31,0.0,17.21,23.85,12.36,75.87,1.4,14.43
2014-01-01,0.0,17.55,23.13,11.4,75.54,1.21,15.35
2014-01-02,0.0,17.38,23.38,12.06,80.25,1.4,14.95
2014-01-03,0.0,16.12,21.22,11.35,77.5,1.42,14.54
2014-01-04,0.0,16.71,22.63,11.77,81.89,1.22,14.51
2014-01-05,0.0,16.24,21.9,10.98,85.84,1.31,12.25
2014-01-06,0.0,15.81,21.37,11.4,84.63,1.45,9.09
2014-01-07,0.0,15.74,20.76,11.77,79.43,1.31,11.19
2014-01-08,0.0,15.39,20.7,10.69,77.14,1.29,13.69
2014-01-09,0.0,15.89,21.54,10.88,78.6,1.34,11.76
2014-01-10,0.0,16.55,22.1,11.94,78.45,1.15,12.92
2014-01-11,0.0,17.88,23.32,13.42,77.74,1.12,15.1
2014-01-12,0.0,17.89,22.33,13.87,78.63,1.31,13.49
2014-01-13,0.0,18.55,24.92,13.55,73.89,1.39,15.17
2014-01-14,0.0,18.43,24.01,13.66,76.52,1.42,14.71
2014-01-15,0.0,18.02,23.84,12.89,81.76,1.16,12.56
2014-01-16,0.0,17.46,22.56,12.14,82.01,1.16,11.22
2014-01-17,0.0,19.28,25.8,13.44,74.11,1.29,13.65
2014-01-18,0.0,20.42,26.48,15.47,73.0,2.17,15.25
2014-01-19,0.45,19.37,23.76,15.64,77.23,1.17,14.47
2014-01-20,0.0,18.62,24.95,12.63,67.84,1.29,15.62
2014-01-21,0.0,19.23,25.24,14.25,72.01,1.92,15.28
2014-01-22,0.0,19.25,25.12,13.83,72.12,1.28,16.11
2014-01-23,0.0,19.72,25.6,14.38,67.76,1.28,16.95
2014-01-24,0.0,18.94,24.43,13.64,71.09,1.23,16.72
2014-01-25,0.0,18.89,24.91,13.83,73.88,1.38,15.99
2014-01-26,0.0,18.3,24.03,13.01,69.89,1.47,16.6
2014-01-27,0.0,17.75,24.29,12.38,74.97,1.44,15.31
2014-01-28,0.0,17.12,23.85,11.15,74.62,1.32,11.6
2014-01-29,0.0,19.58,27.17,13.34,66.39,1.69,15.91
2014-01-30,0.0,19.02,25.86,13.82,69.32,1.36,16.38
2014-01-31,0.0,18.94,26.35,12.89,67.16,1.38,18.36
2014-02-01,0.0,19.08,26.05,13.83,72.72,1.66,17.75
2014-02-02,0.0,19.34,25.69,13.42,68.53,1.44,17.21
2014-02-03,0.0,18.42,25.16,12.57,69.06,1.62,14.83
2014-02-04,0.0,17.1,23.33,10.86,66.66,1.37,13.76
2014-02-05,0.0,17.45,23.68,11.33,62.87,1.44,14.42
2014-02-06,0.0,18.04,24.06,12.28,67.91,1.36,15.55
2014-02-07,0.0,19.07,24.91,13.64,65.52,1.35,18.02
2014-02-08,0.0,19.46,25.99,14.86,70.14,1.55,16.39
2014-02-09,0.03,20.07,26.62,15.7,71.42,1.61,13.42
2014-02-10,0.47,19.58,25.42,14.4,64.48,1.46,13.73
2014-02-11,0.0,19.42,25.7,15.12,67.02,1.48,15.78
2014-02-12,0.07,18.82,25.06,14.14,59.43,1.73,17.12
2014-02-13,0.0,18.8,24.52,14.08,49.72,1.37,19.79
2014-02-14,0.0,18.02,24.43,10.99,54.44,1.36,17.62
2014-02-15,13.23,18.65,23.82,15.04,66.28,1.26,4.62
2014-02-16,5.49,17.37,20.69,14.53,81.44,1.22,7.09
2014-02-17,10.91,16.52,21.11,12.67,85.39,1.42,5.34
2014-02-18,0.01,16.55,23.88,10.38,64.46,1.27,18.17
2014-02-19,0.0,18.28,26.34,11.36,61.37,1.67,20.76
2014-02-20,0.0,18.83,25.57,11.99,63.42,1.35,21.2
2014-02-21,0.0,19.11,25.51,12.68,62.03,1.35,20.55
2014-02-22,0.0,19.54,26.23,12.83,59.5,1.4,20.45
2014-02-23,0.0,20.7,26.47,15.94,61.19,1.35,15.31
2014-02-24,0.0,20.49,26.27,15.56,75.1,1.53,18.45
2014-02-25,0.0,20.59,27.11,14.94,65.59,1.36,19.92
2014-02-26,0.0,20.67,26.92,15.53,61.56,1.47,20.98
2014-02-27,0.0,20.66,27.21,14.05,67.31,1.5,19.36
2014-02-28,0.35,21.4,27.47,16.55,73.21,1.51,12.87
2014-03-01,0.0,21.97,27.63,16.23,68.33,1.32,18.16
2014-03-02,0.0,21.55,28.33,15.59,69.91,1.66,16.09
2014-03-03,0.0,21.34,27.82,15.53,70.54,1.49,19.62
2014-03-04,0.0,21.31,26.92,16.75,62.13,1.18,16.96
2014-03-05,0.0,20.69,27.36,15.88,58.1,1.74,20.96
2014-03-06,0.0,20.43,27.37,14.06,51.38,1.76,21.94
2014-03-07,0.0,20.64,27.06,15.09,54.69,1.62,20.84
2014-03-08,0.0,21.07,27.78,14.94,51.28,1.54,22.91
2014-03-09,0.0,20.49,28.24,12.62,51.52,1.47,23.32
2014-03-10,0.0,21.75,29.44,14.05,49.91,1.51,21.7
2014-03-11,0.0,22.53,29.98,16.95,50.87,1.76,21.37
2014-03-12,0.0,23.2,29.94,16.01,49.32,1.42,22.12
2014-03-13,0.0,24.08,30.04,17.43,57.09,1.27,17.68
2014-03-14,0.0,24.69,30.79,18.36,55.92,1.35,20.46
2014-03-15,0.0,24.14,31.51,17.85,51.43,1.42,22.37
2014-03-16,0.0,24.58,31.51,18.16,46.11,1.37,21.78
2014-03-17,0.0,24.46,31.74,17.94,52.08,1.45,22.89
2014-03-18,0.0,25.92,32.11,19.79,45.23,1.41,22.23
2014-03-19,8.57,26.2,32.66,20.34,60.04,1.52,19.91
2014-03-20,4.81,25.88,30.33,20.32,66.99,1.14,19.91
2014-03-21,0.04,25.46,31.03,19.75,60.54,1.16,21.28
2014-03-22,6.44,25.74,31.37,18.94,53.09,1.24,22.19
2014-03-23,1.32,24.21,29.59,19.22,62.43,1.07,22.56
2014-03-24,7.85,24.52,29.53,20.01,63.06,1.26,19.49
2014-03-25,13.36,24.84,28.57,21.6,67.11,1.17,20.6
2014-03-26,3.05,25.59,30.24,19.93,62.88,1.13,22.08
2014-03-27,0.61,27.25,32.47,23.18,60.14,1.47,18.66
2014-03-28,0.05,26.68,33.39,20.37,62.6,1.45,21.55
2014-03-29,0.0,26.26,34.64,20.71,54.22,2.06,24.28
2014-03-30,0.0,26.63,35.67,20.36,54.82,1.97,24.26
2014-03-31,0.0,26.4,34.6,19.81,56.59,2.18,23.32
2014-04-01,0.21,26.8,34.64,19.97,50.37,1.65,21.88
2014-04-02,0.02,27.95,34.96,21.14,51.98,1.6,20.97
2014-04-03,13.85,28.16,33.55,22.89,54.16,1.17,21.63
2014-04-04,1.17,26.41,31.42,22.26,64.84,1.26,16.74
2014-04-05,1.72,26.53,32.2,21.37,59.15,1.19,21.72
2014-04-06,0.47,27.1,32.66,21.92,60.5,1.32,12.0
2014-04-07,10.95,27.12,32.32,22.7,66.47,1.55,16.27
2014-04-08,22.74,26.98,31.59,23.26,78.09,1.88,17.81
2014-04-09,9.93,27.4,31.8,23.44,79.84,1.41,16.26
2014-04-10,2.31,27.65,32.29,23.05,69.18,1.4,21.79
2014-04-11,0.0,27.91,33.74,22.08,51.03,1.19,25.53
2014-04-12,0.0,28.04,34.61,20.12,47.52,1.21,24.33
2014-04-13,0.0,27.81,34.51,21.93,54.57,1.17,24.04
2014-04-14,0.0,29.41,35.45,22.68,50.69,1.27,24.16
2014-04-15,0.0,30.09,35.9,24.46,48.43,1.39,21.7
2014-04-16,0.13,29.7,36.47,22.63,50.7,1.39,22.85
2014-04-17,0.44,29.66,36.53,24.52,54.73,1.4,18.62
2014-04-18,0.63,30.27,37.35,23.84,52.08,1.46,23.96
2014-04-19,1.88,31.38,36.97,24.15,46.17,1.31,20.74
2014-04-20,0.31,31.18,36.81,25.63,48.33,1.66,24.95
2014-04-21,0.0,31.38,37.28,25.02,40.23,1.72,24.86
2014-04-22,0.0,30.79,38.1,22.75,36.98,1.88,26.55
2014-04-23,0.0,30.86,38.43,23.56,40.34,1.86,25.32
2014-04-24,0.0,30.36,38.68,22.01,40.43,1.9,25.02
2014-04-25,0.12,31.55,39.63,24.57,45.12,1.79,20.85
2014-04-26,2.23,31.83,38.24,24.98,51.39,1.18,23.37
2014-04-27,12.91,31.42,36.08,25.7,54.31,0.98,24.09
2014-04-28,15.08,28.94,33.31,25.4,66.3,1.46,20.56
2014-04-29,5.69,29.84,34.58,24.46,61.85,1.07,22.88
2014-04-30,2.31,30.41,35.33,25.96,62.03,1.03,25.56
2014-05-01,7.85,29.19,32.45,26.14,69.13,1.0,16.35
2014-05-02,15.19,29.04,33.2,24.79,68.04,1.17,22.59
2014-05-03,13.51,27.95,31.72,24.86,73.68,1.32,19.49
2014-05-04,22.4,26.92,30.45,23.37,74.18,0.97,22.94
2014-05-05,8.32,25.48,27.83,23.08,85.03,1.49,19.68
2014-05-06,10.71,27.08,30.27,23.46,79.14,0.97,23.11
2014-05-07,28.56,27.58,31.99,23.63,77.4,1.78,15.76
2014-05-08,57.45,26.62,30.24,23.6,87.21,2.95,11.71
2014-05-09,38.27,28.29,33.5,24.03,87.24,3.23,19.15
2014-05-10,13.62,28.2,32.46,25.24,86.49,2.26,16.47
2014-05-11,12.43,27.58,31.81,24.09,83.2,2.25,12.24
2014-05-12,8.97,27.78,31.84,23.78,85.05,1.53,19.37
2014-05-13,13.3,28.49,32.5,25.33,82.85,1.27,20.36
2014-05-14,8.93,28.4,33.06,25.02,82.86,1.88,20.21
2014-05-15,14.28,28.54,33.37,24.85,81.82,1.72,18.89
2014-05-16,2.42,29.08,33.8,25.3,74.14,1.14,21.07
2014-05-17,19.04,28.47,32.48,24.25,77.54,1.04,22.58
2014-05-18,5.04,28.99,33.08,24.9,75.35,1.22,22.4
2014-05-19,0.09,29.78,34.24,25.01,71.83,1.08,21.79
2014-05-20,0.1,30.43,34.1,26.35,71.28,1.03,23.24
2014-05-21,1.48,30.34,34.24,26.51,72.38,1.04,23.62
2014-05-22,8.4,29.28,32.69,25.94,77.32,1.03,22.59
2014-05-23,0.28,29.95,33.45,25.82,72.43,0.92,24.69
2014-05-24,2.82,29.93,33.88,25.21,70.42,0.99,12.5
2014-05-25,12.55,28.17,31.13,25.47,79.49,0.83,24.03
2014-05-26,5.38,28.75,32.88,25.23,77.13,1.2,24.62
2014-05-27,6.12,28.2,31.35,25.13,80.89,1.03,18.55
2014-05-28,25.23,28.61,32.51,25.28,82.77,1.21,11.96
2014-05-29,12.3,27.88,31.39,25.42,86.66,2.11,20.56
2014-05-30,31.38,28.29,31.43,24.76,82.87,1.12,8.68
2014-05-31,24.67,26.95,29.22,25.26,88.58,1.57,12.51
2014-06-01,11.9,28.46,31.74,25.17,80.93,1.07,14.92
2014-06-02,14.67,28.22,32.03,24.7,86.22,1.67,15.29
2014-06-03,19.07,28.22,31.6,25.03,87.12,1.97,14.74
2014-06-04,4.18,28.88,32.67,25.06,85.37,1.85,19.3
2014-06-05,0.13,29.01,31.39,26.34,86.65,1.06,18.92
2014-06-06,0.07,29.52,32.61,25.96,84.08,1.53,21.73
2014-06-07,0.0,29.16,32.47,26.54,84.49,1.94,21.54
2014-06-08,5.48,29.0,32.12,25.95,85.49,2.26,19.41
2014-06-09,6.98,28.7,31.27,26.61,88.42,2.68,17.04
2014-06-10,52.25,28.54,31.38,26.11,90.29,2.41,14.14
2014-06-11,37.93,28.72,32.21,26.04,89.11,2.44,15.24
2014-06-12,23.43,29.1,32.68,25.81,86.62,2.01,14.83
2014-06-13,39.86,29.9,32.31,27.47,84.01,0.73,12.28
2014-06-14,0.99,29.04,31.36,26.65,81.11,0.86,23.33
2014-06-15,6.37,29.08,32.06,26.82,81.1,1.28,20.4
2014-06-16,31.44,28.64,31.67,26.2,89.28,1.17,15.88
2014-06-17,21.32,28.31,30.69,26.23,91.44,1.49,17.22
2014-06-18,27.5,27.4,28.74,25.87,93.06,2.0,16.52
2014-06-19,40.49,28.01,31.26,25.31,90.65,2.06,15.63
2014-06-20,40.72,27.62,30.05,25.45,92.79,2.5,8.3
2014-06-21,54.35,27.57,30.42,26.23,92.46,3.92,6.11
2014-06-22,77.21,27.95,29.98,26.31,93.58,3.85,5.34
2014-06-23,34.1,28.02,31.02,25.69,92.21,2.63,4.6
2014-06-24,2.01,27.71,31.16,24.75,89.51,1.73,15.32
2014-06-25,2.8,29.01,32.58,25.18,84.91,1.2,22.48
2014-06-26,13.22,28.19,30.64,26.53,89.94,1.71,11.58
2014-06-27,8.95,28.02,30.73,25.14,89.89,1.92,13.33
2014-06-28,11.1,28.54,32.03,25.74,88.28,2.27,19.4
2014-06-29,14.54,28.41,31.15,25.26,90.96,2.46,16.86
2014-06-30,16.46,28.72,31.67,26.28,91.43,2.06,18.0
2014-07-01,11.17,29.08,32.86,25.8,85.71,1.67,21.68
2014-07-02,6.69,29.43,32.82,26.48,84.07,1.36,21.01
2014-07-03,9.47,27.59,30.55,25.35,89.21,1.76,12.98
2014-07-04,6.31,27.24,31.12,24.84,90.48,2.87,13.35
2014-07-05,7.47,28.2,32.09,24.91,88.97,2.38,11.53
2014-07-06,27.07,28.28,31.4,25.21,89.1,2.68,16.1
2014-07-07,15.06,27.89,30.81,25.59,90.6,3.19,17.37
2014-07-08,18.53,27.78,30.33,25.71,91.3,3.97,13.95
2014-07-09,20.46,28.6,31.8,25.51,89.3,2.25,19.73
2014-07-10,6.76,28.36,31.0,25.85,88.68,1.15,18.14
2014-07-11,3.68,28.66,32.18,25.55,85.59,1.35,21.8
2014-07-12,8.78,29.21,32.02,27.02,86.69,1.21,23.53
2014-07-13,13.48,28.7,30.91,27.07,91.26,1.35,22.43
2014-07-14,21.15,29.48,32.19,26.63,85.58,1.3,17.83
2014-07-15,6.92,28.61,30.6,26.34,87.28,1.18,19.2
2014-07-16,4.93,27.15,28.52,25.8,92.03,2.04,13.9
2014-07-17,5.36,27.91,31.52,24.97,90.14,2.41,17.8
2014-07-18,4.9,28.57,31.73,25.42,88.49,1.37,19.61
2014-07-19,5.14,29.75,33.93,25.74,79.68,1.12,17.5
2014-07-20,10.54,29.82,33.21,26.71,83.69,1.68,21.38
2014-07-21,7.13,28.95,32.15,25.9,85.21,1.86,14.8
2014-07-22,0.78,27.85,30.13,25.26,84.42,1.34,18.79
2014-07-23,5.44,26.75,29.46,25.24,89.11,1.55,16.94
2014-07-24,7.43,27.28,29.87,24.39,86.06,1.02,21.04
2014-07-25,2.11,28.42,30.49,25.98,84.5,1.1,22.42
2014-07-26,12.89,29.14,31.98,27.01,85.75,1.1,23.65
2014-07-27,21.59,28.78,31.61,26.55,86.49,0.93,19.33
2014-07-28,12.98,28.85,31.9,26.6,85.51,1.06,19.63
2014-07-29,13.82,27.54,29.27,25.91,88.68,1.24,18.5
2014-07-30,4.41,29.46,33.17,25.96,79.35,1.02,23.25
2014-07-31,9.96,28.07,30.1,26.27,89.95,1.37,21.39
2014-08-01,4.86,28.25,31.13,25.98,89.26,1.8,20.44
2014-08-02,5.21,28.72,31.64,26.3,89.9,1.55,21.06
2014-08-03,18.23,28.59,31.9,25.62,86.23,1.47,18.33
2014-08-04,3.7,28.39,30.82,25.62,86.64,1.57,16.83
2014-08-05,11.83,28.8,32.13,25.24,86.2,1.37,18.01
2014-08-06,7.47,27.87,31.03,25.55,89.36,1.57,20.34
2014-08-07,22.64,28.66,31.97,25.45,87.02,1.57,19.11
2014-08-08,29.59,29.1,33.14,25.28,85.02,1.69,21.75
2014-08-09,3.57,28.08,30.68,26.14,89.78,1.86,21.13
2014-08-10,4.93,27.84,31.45,24.8,89.24,2.04,16.28
2014-08-11,7.88,27.54,31.08,24.98,89.83,2.85,18.21
2014-08-12,5.67,27.6,30.99,24.38,89.69,2.84,17.72
2014-08-13,46.09,27.88,30.88,25.5,92.08,3.69,9.75
2014-08-14,37.39,27.12,29.02,25.67,94.16,2.14,4.02
2014-08-15,35.12,27.36,29.78,25.45,93.28,3.0,5.78
2014-08-16,29.41,27.09,30.15,25.35,92.42,2.72,10.67
2014-08-17,22.25,27.58,30.82,25.11,90.46,2.41,13.53
2014-08-18,38.31,27.79,30.92,24.93,90.66,2.79,18.0
2014-08-19,53.03,27.52,30.32,25.19,91.68,2.99,8.97
2014-08-20,28.99,27.43,30.04,25.62,92.44,2.34,14.5
2014-08-21,14.68,27.16,29.92,24.53,93.01,2.34,14.15
2014-08-22,18.54,26.78,28.37,25.46,95.24,2.52,12.58
2014-08-23,42.8,26.83,29.33,24.7,93.61,2.71,14.32
2014-08-24,51.71,27.07,29.86,24.78,92.35,2.44,8.76
2014-08-25,35.72,26.68,28.53,25.19,91.57,2.06,6.6
2014-08-26,4.12,27.13,29.28,25.18,87.58,0.74,17.89
2014-08-27,9.23,26.34,27.83,25.07,92.6,1.01,17.04
2014-08-28,4.99,27.75,30.54,24.81,85.65,0.78,16.6
2014-08-29,0.46,28.93,32.95,25.67,84.46,1.43,23.57
2014-08-30,5.39,29.06,32.99,26.86,86.64,1.04,16.96
2014-08-31,12.95,27.74,31.99,24.42,86.48,1.86,19.56
2014-09-01,6.83,27.36,31.23,23.41,83.81,1.02,19.01
2014-09-02,2.24,28.15,31.67,25.85,83.76,0.87,21.35
2014-09-03,4.67,27.36,30.17,25.44,88.52,0.74,21.03
2014-09-04,13.12,26.47,28.12,25.2,91.47,0.85,15.71
2014-09-05,11.18,27.43,29.89,24.63,86.35,1.11,18.68
2014-09-06,51.69,28.43,32.19,24.96,84.71,1.11,20.95
2014-09-07,21.67,27.64,29.25,26.54,87.79,1.0,18.3
2014-09-08,1.83,26.87,29.36,24.51,89.56,1.38,15.8
2014-09-09,0.6,27.5,30.59,24.53,88.22,1.23,16.82
2014-09-10,3.56,27.41,30.39,25.0,87.61,1.08,20.51
2014-09-11,1.51,27.2,29.84,24.73,87.32,1.09,17.1
2014-09-12,1.91,27.76,31.08,24.66,86.19,1.18,19.2
2014-09-13,11.81,27.42,30.44,24.77,88.53,1.19,17.6
2014-09-14,9.73,27.72,30.78,25.46,86.74,1.13,18.87
2014-09-15,27.6,27.84,30.94,24.79,86.32,1.07,11.8
2014-09-16,4.62,27.79,30.5,25.19,87.2,1.32,21.01
2014-09-17,0.0,29.64,33.99,26.31,80.55,1.03,20.87
2014-09-18,42.24,29.35,33.72,26.49,85.75,0.89,12.89
2014-09-19,65.88,26.79,28.46,25.15,94.04,2.02,8.88
2014-09-20,24.86,26.3,29.15,24.57,91.46,1.4,9.65
2014-09-21,50.51,26.01,27.8,24.44,95.32,1.65,10.0
2014-09-22,90.88,26.34,28.38,24.35,94.74,2.28,3.78
2014-09-23,59.39,26.13,28.28,24.06,96.42,2.49,7.18
2014-09-24,22.19,26.4,30.06,22.93,89.82,1.46,17.31
2014-09-25,25.28,25.93,28.29,24.0,92.24,1.43,12.8
2014-09-26,27.86,25.65,27.94,23.88,95.2,2.8,5.86
2014-09-27,16.99,26.5,29.81,24.21,89.99,2.09,15.35
2014-09-28,1.44,27.05,30.77,23.59,81.29,0.78,20.1
2014-09-29,0.44,26.87,30.22,22.58,79.97,0.98,20.23
2014-09-30,0.01,27.06,31.19,23.11,80.63,1.01,20.84
2014-10-01,0.0,27.73,31.7,24.15,76.6,1.12,20.81
2014-10-02,0.0,27.58,31.55,23.79,81.9,1.13,20.41
2014-10-03,0.0,27.65,31.49,24.2,80.56,1.04,19.36
2014-10-04,0.0,28.04,31.53,23.59,78.58,0.87,20.73
2014-10-05,0.0,28.67,32.95,24.09,78.13,1.17,21.3
2014-10-06,0.02,28.41,32.42,24.35,79.86,1.34,21.55
2014-10-07,4.46,27.73,30.01,24.99,83.44,0.75,19.99
2014-10-08,11.66,27.62,30.85,24.03,80.66,1.04,21.01
2014-10-09,0.06,27.66,31.93,23.6,79.09,1.08,19.92
2014-10-10,5.47,27.35,30.9,23.73,82.35,1.1,18.53
2014-10-11,3.58,26.99,30.61,24.39,84.98,1.16,8.05
2014-10-12,2.93,26.25,29.34,23.71,86.12,0.88,13.84
2014-10-13,4.49,26.47,29.88,23.22,85.91,1.06,16.0
2014-10-14,2.79,26.33,29.48,23.7,89.67,1.24,15.21
2014-10-15,23.99,26.62,29.9,24.34,90.04,1.23,14.26
2014-10-16,0.43,25.78,27.97,23.43,91.14,1.03,14.06
2014-10-17,0.0,25.54,29.67,22.48,85.17,1.18,18.37
2014-10-18,0.04,24.86,28.71,21.78,81.47,1.22,15.78
2014-10-19,0.05,24.5,28.82,20.48,81.79,1.11,17.88
2014-10-20,0.0,25.46,30.26,20.5,76.42,1.0,19.81
2014-10-21,0.0,25.48,30.48,20.88,78.99,1.14,20.11
2014-10-22,0.0,25.88,30.63,22.14,77.68,1.15,19.82
2014-10-23,0.0,25.46,29.85,22.03,78.53,1.12,19.34
2014-10-24,0.19,25.18,29.56,21.05,77.84,1.06,19.07
2014-10-25,0.01,25.53,29.79,21.46,77.66,0.98,19.79
2014-10-26,0.71,23.42,25.6,21.18,88.07,1.2,9.36
2014-10-27,0.11,22.55,27.31,19.11,78.14,0.9,8.7
2014-10-28,0.03,22.26,26.51,18.92,79.48,1.19,10.19
2014-10-29,0.0,23.19,28.41,18.02,77.9,1.13,18.55
2014-10-30,0.06,23.36,28.56,18.9,78.79,1.33,19.13
2014-10-31,0.0,23.63,28.56,19.26,76.19,1.05,18.08
2014-11-01,0.0,23.76,28.03,19.89,77.66,1.05,18.31
2014-11-02,0.0,24.37,29.02,20.32,79.91,1.1,17.88
2014-11-03,0.0,24.16,28.61,20.33,81.41,1.09,17.94
2014-11-04,0.0,24.14,28.52,20.65,81.76,0.97,18.18
2014-11-05,0.0,24.05,28.83,19.89,80.07,1.07,16.99
2014-11-06,0.0,24.65,29.26,20.35,80.01,1.17,17.31
2014-11-07,0.0,25.26,29.49,20.63,76.86,1.08,18.33
2014-11-08,0.0,25.14,29.61,20.88,76.99,1.28,15.8
2014-11-09,0.0,24.9,29.62,20.87,80.19,1.01,13.6
2014-11-10,0.0,24.14,28.55,20.6,81.54,1.2,15.32
2014-11-11,0.0,22.92,27.66,18.99,83.29,1.11,17.02
2014-11-12,0.0,22.6,27.5,18.41,82.81,1.19,16.58
2014-11-13,0.0,22.93,28.07,18.45,81.41,1.24,16.0
2014-11-14,0.0,22.75,27.38,18.15,75.49,1.1,16.3
2014-11-15,0.0,21.33,26.24,17.5,78.93,1.15,16.36
2014-11-16,0.0,21.21,26.11,16.98,77.99,1.17,15.93
2014-11-17,0.0,21.33,26.68,16.81,80.62,1.14,16.19
2014-11-18,0.0,21.93,27.04,17.09,79.66,1.06,16.72
2014-11-19,0.0,22.41,27.09,18.37,80.44,1.13,17.16
2014-11-20,0.0,21.98,26.03,17.78,81.67,1.15,16.4
2014-11-21,0.01,21.29,25.65,17.94,84.5,1.16,15.97
2014-11-22,0.0,20.47,25.34,15.68,77.35,1.08,15.42
2014-11-23,0.0,19.66,24.92,14.6,73.17,1.1,14.58
2014-11-24,0.0,19.89,25.9,14.3,69.96,1.15,15.06
2014-11-25,0.0,19.99,25.87,15.21,76.18,1.22,16.35
2014-11-26,0.0,19.69,24.16,14.84,74.54,1.01,16.05
2014-11-27,0.0,18.93,23.95,14.28,78.29,1.1,14.99
2014-11-28,0.0,19.14,24.01,13.94,78.17,1.11,15.2
2014-11-29,0.0,19.1,24.12,14.22,81.91,1.17,14.42
2014-11-30,0.0,19.96,26.02,15.39,81.46,1.2,15.69
2014-12-01,0.0,20.6,26.07,15.47,83.29,1.19,16.05
2014-12-02,0.0,21.39,26.05,17.52,83.41,1.08,15.21
2014-12-03,0.0,21.16,24.79,17.51,83.4,0.97,15.01
2014-12-04,0.0,21.56,26.3,17.3,84.88,1.14,15.32
2014-12-05,0.0,21.41,26.32,16.46,84.88,1.08,15.88
2014-12-06,0.0,20.98,25.32,17.56,82.77,1.1,15.59
2014-12-07,0.0,20.12,25.01,16.04,82.88,1.19,14.46
2014-12-08,0.0,19.36,24.35,14.09,81.93,1.08,8.87
2014-12-09,0.0,18.7,24.0,13.7,82.17,1.11,9.61
2014-12-10,0.0,17.27,22.95,12.41,81.82,1.17,10.68
2014-12-11,0.01,16.96,22.85,11.68,75.05,1.19,11.03
2014-12-12,2.25,18.33,25.26,12.59,70.59,1.03,9.37
2014-12-13,0.0,18.75,25.11,13.17,72.41,0.9,9.5
2014-12-14,0.0,20.08,24.35,15.52,71.84,0.95,8.31
2014-12-15,0.0,20.38,25.34,17.12,67.09,1.01,9.37
2014-12-16,0.0,20.27,25.1,16.3,64.14,1.16,15.37
2014-12-17,0.0,18.61,24.14,14.47,78.01,1.47,12.36
2014-12-18,0.0,16.87,22.61,11.3,72.98,1.37,7.8
2014-12-19,0.0,18.15,24.52,12.64,72.92,1.79,15.15
2014-12-20,0.0,17.89,22.99,13.83,78.28,1.09,14.75
2014-12-21,0.0,18.24,23.58,13.49,78.0,1.01,14.83
2014-12-22,0.0,18.01,23.47,13.09,74.46,1.2,15.34
2014-12-23,0.0,17.99,24.23,12.42,74.81,1.19,15.65
2014-12-24,0.0,18.07,23.81,12.31,77.19,1.23,15.85
2014-12-25,0.0,18.2,23.48,13.16,80.28,1.15,15.72
2014-12-26,0.0,16.91,22.9,12.2,83.8,1.15,12.99
2014-12-27,0.0,16.47,22.89,10.43,79.66,1.23,12.92
2014-12-28,0.0,18.31,25.31,11.98,69.22,1.21,12.16
2014-12-29,0.0,17.55,23.01,11.83,74.33,1.2,12.64
2014-12-30,0.0,18.18,24.24,12.62,65.04,1.15,11.0
2014-12-31,0.0,18.15,22.95,13.37,67.4,1.11,9.72
2015-01-01,0.0,19.79,22.78,17.3,69.17,0.99,8.94
2015-01-02,0.0,21.69,26.67,17.53,75.09,1.06,12.21
2015-01-03,0.59,22.21,26.54,17.86,80.27,1.09,12.82
2015-01-04,7.1,20.94,25.74,16.96,88.92,1.35,9.01
2015-01-05,0.56,18.16,22.92,14.7,83.61,1.52,12.34
2015-01-06,0.0,17.0,22.31,12.91,77.01,1.13,15.43
2015-01-07,0.0,16.62,21.93,11.02,77.98,1.1,13.57
2015-01-08,0.02,16.61,22.29,11.47,76.92,1.32,14.31
2015-01-09,0.03,17.51,22.7,13.55,70.95,1.3,11.12
2015-01-10,0.0,16.54,22.2,10.83,75.82,1.11,12.76
2015-01-11,0.0,17.26,23.78,12.12,76.63,1.27,10.08
2015-01-12,0.0,17.31,23.55,12.2,76.57,1.5,14.08
2015-01-13,0.0,17.8,23.81,12.54,76.08,1.51,14.66
2015-01-14,0.0,19.15,24.8,14.05,74.23,1.19,16.11
2015-01-15,0.0,19.37,25.47,14.11,76.2,1.2,16.42
2015-01-16,0.09,18.84,24.79,13.2,72.3,1.16,16.54
2015-01-17,0.77,19.76,25.44,15.45,66.14,1.2,11.48
2015-01-18,3.06,17.66,22.65,14.32,75.01,1.36,9.42
2015-01-19,0.0,16.93,22.57,11.83,74.75,1.24,8.59
2015-01-20,0.0,17.52,24.37,11.5,76.81,1.38,13.01
2015-01-21,0.0,17.91,24.59,12.74,78.35,1.34,13.44
2015-01-22,0.0,18.51,24.59,12.54,75.59,1.26,16.48
2015-01-23,0.0,18.25,23.88,12.91,74.67,1.36,16.52
2015-01-24,0.0,18.27,23.88,12.96,68.41,1.26,16.78
2015-01-25,0.0,18.06,24.15,12.55,70.27,1.35,17.17
2015-01-26,0.0,18.01,24.31,12.3,64.29,1.34,17.31
2015-01-27,0.0,18.23,25.16,11.77,67.28,1.34,16.68
2015-01-28,0.0,19.19,25.15,13.0,74.85,1.3,16.09
2015-01-29,0.0,19.04,25.67,13.98,75.53,1.31,15.46
2015-01-30,0.21,17.87,23.61,13.96,76.73,1.44,14.27
2015-01-31,0.0,15.87,21.49,12.2,63.08,1.23,17.58
2015-02-01,0.0,16.19,22.44,9.69,61.55,1.34,18.22
2015-02-02,0.0,17.36,24.75,10.3,64.67,1.32,18.5
2015-02-03,0.0,18.83,25.37,11.64,64.71,1.16,18.9
2015-02-04,0.0,19.47,25.05,13.63,63.74,1.22,18.03
2015-02-05,0.0,20.19,26.14,15.55,60.58,1.27,16.17
2015-02-06,0.0,18.42,24.92,13.7,59.77,1.36,15.44
2015-02-07,0.0,17.73,23.59,11.7,56.12,1.32,17.6
2015-02-08,0.0,18.09,24.78,11.97,62.72,1.4,17.28
2015-02-09,0.0,18.64,24.96,12.76,68.18,1.22,17.57
2015-02-10,0.0,19.91,25.56,15.24,69.59,1.38,14.42
2015-02-11,0.0,19.12,25.55,14.44,62.17,1.32,14.19
2015-02-12,0.0,18.89,25.46,14.01,56.19,1.36,18.69
2015-02-13,0.0,19.0,24.75,13.24,59.54,1.13,17.3
2015-02-14,0.03,18.87,24.47,12.89,62.9,1.23,16.89
2015-02-15,0.48,19.19,25.34,13.59,64.27,1.25,10.28
2015-02-16,0.0,20.23,27.32,14.24,64.22,1.38,17.25
2015-02-17,0.03,20.86,27.0,15.12,64.82,1.49,18.85
2015-02-18,2.26,21.33,27.21,15.75,63.64,1.24,13.81
2015-02-19,14.56,20.88,24.89,17.09,71.56,1.14,12.69
2015-02-20,0.0,20.7,26.39,15.33,75.72,1.31,17.82
2015-02-21,4.49,21.52,26.8,16.8,72.35,1.35,18.23
2015-02-22,6.48,22.05,26.91,17.46,70.63,1.24,14.81
2015-02-23,0.0,22.91,28.34,17.09,68.46,1.18,19.86
2015-02-24,0.0,24.39,29.0,19.48,61.24,1.1,15.34
2015-02-25,0.0,23.69,28.27,18.9,67.64,1.1,17.31
2015-02-26,0.58,23.6,28.24,18.94,72.19,1.22,14.19
2015-02-27,1.74,22.86,28.38,17.78,77.12,1.52,14.77
2015-02-28,0.0,22.95,28.67,17.43,78.06,1.1,16.97
2015-03-01,0.0,24.82,29.86,20.16,71.37,1.03,16.32
2015-03-02,0.0,24.89,30.23,20.53,72.59,1.46,17.24
2015-03-03,0.01,23.01,28.87,19.13,67.21,2.13,18.19
2015-03-04,7.78,19.93,25.08,16.94,76.4,2.1,6.89
2015-03-05,0.02,20.35,27.33,15.55,71.59,1.63,17.69
2015-03-06,0.0,20.52,27.2,15.01,49.85,1.58,23.06
2015-03-07,0.0,21.1,28.15,14.98,52.21,1.44,23.23
2015-03-08,0.0,21.81,30.06,14.62,54.38,1.45,22.99
2015-03-09,0.0,23.49,31.45,15.56,51.2,1.53,22.93
2015-03-10,0.0,23.57,31.07,16.32,46.87,1.59,22.93
2015-03-11,0.0,23.44,31.39,16.67,40.82,1.55,22.86
2015-03-12,0.0,23.92,32.03,17.72,40.13,1.55,24.66
2015-03-13,0.0,23.77,31.46,16.34,42.49,1.65,23.22
2015-03-14,0.0,24.46,31.76,16.54,51.41,1.74,21.66
2015-03-15,0.0,25.38,32.75,19.32,53.95,1.83,22.29
2015-03-16,0.0,25.82,33.65,18.76,50.16,2.36,20.57
2015-03-17,0.0,25.23,32.73,18.52,55.79,2.08,22.03
2015-03-18,0.0,25.7,32.71,19.79,55.34,1.65,19.49
2015-03-19,0.0,25.34,32.51,20.25,48.33,1.91,22.94
2015-03-20,0.0,24.68,32.97,16.76,39.89,1.22,23.66
2015-03-21,0.0,25.37,34.16,17.82,44.63,1.61,24.14
2015-03-22,0.0,26.71,34.32,21.01,39.77,1.41,24.21
2015-03-23,0.0,27.52,34.8,19.61,42.87,1.49,22.91
2015-03-24,0.0,28.26,35.41,21.31,46.53,1.21,21.56
2015-03-25,0.06,28.05,34.01,22.86,50.93,1.22,18.93
2015-03-26,0.09,27.57,32.71,22.02,57.28,1.15,19.62
2015-03-27,7.89,26.33,30.24,22.88,63.13,1.14,16.1
2015-03-28,6.23,26.05,30.17,21.72,67.68,1.07,14.27
2015-03-29,0.58,27.08,32.67,21.37,64.54,1.11,16.89
2015-03-30,6.13,27.09,32.52,22.99,65.42,1.25,18.65
2015-03-31,5.66,25.25,29.25,22.64,73.73,1.58,15.93
2015-04-01,8.35,25.72,31.15,21.23,72.81,1.69,15.57
2015-04-02,39.85,24.69,28.86,21.33,83.95,1.78,11.53
2015-04-03,23.55,25.72,29.89,22.16,83.07,1.35,14.81
2015-04-04,34.97,25.91,30.62,22.16,82.79,2.15,15.58
2015-04-05,53.83,24.69,28.43,20.89,86.9,1.12,13.15
2015-04-06,14.45,25.48,29.14,22.56,77.72,0.9,15.35
2015-04-07,0.26,25.97,30.6,20.82,74.78,1.19,20.48
2015-04-08,8.73,25.5,29.57,21.39,79.8,1.33,23.19
2015-04-09,2.7,25.67,30.35,20.77,77.9,1.47,19.73
2015-04-10,0.83,26.31,30.94,21.52,75.32,1.21,21.55
2015-04-11,19.17,26.29,30.4,21.64,74.71,1.04,19.98
2015-04-12,0.82,26.07,30.81,22.2,73.33,1.32,21.16
2015-04-13,0.03,26.63,30.46,22.67,71.15,0.97,18.22
2015-04-14,0.0,26.81,31.05,21.88,69.82,1.13,20.37
2015-04-15,0.0,27.24,32.52,22.28,67.51,0.96,20.06
2015-04-16,0.0,27.15,32.37,23.68,68.24,1.15,16.9
2015-04-17,0.05,26.19,30.2,22.47,72.93,1.38,15.69
2015-04-18,37.22,24.68,28.49,21.25,82.34,1.3,17.32
2015-04-19,45.15,25.61,29.77,21.76,82.71,1.04,15.89
2015-04-20,23.58,26.91,30.22,22.47,77.87,1.18,18.83
2015-04-21,37.87,26.77,30.09,23.88,85.69,2.01,12.57
2015-04-22,33.41,26.64,30.28,23.97,88.67,1.48,18.11
2015-04-23,26.16,26.55,29.74,23.3,87.62,1.29,20.75
2015-04-24,9.32,25.31,28.39,22.44,84.64,1.07,23.0
2015-04-25,7.4,25.34,28.62,22.08,80.18,1.07,7.97
2015-04-26,0.55,24.66,27.8,21.75,80.73,1.24,14.88
2015-04-27,0.21,25.09,28.31,21.26,80.09,1.31,21.03
2015-04-28,6.53,25.71,29.42,21.47,77.11,1.24,23.42
2015-04-29,8.67,25.85,28.99,22.38,79.77,0.95,15.35
2015-04-30,15.23,26.66,29.54,23.08,80.23,1.02,19.17
2015-05-01,18.42,26.93,30.26,23.28,80.53,1.31,15.74
2015-05-02,18.83,26.46,29.82,23.4,86.46,1.36,17.27
2015-05-03,7.56,26.64,29.54,23.41,82.98,1.06,21.09
2015-05-04,3.87,26.91,30.78,22.89,84.11,1.05,24.26
2015-05-05,9.66,27.39,29.85,23.5,82.0,0.8,24.29
2015-05-06,3.93,27.61,31.12,23.56,81.8,0.97,24.16
2015-05-07,19.56,27.78,31.6,24.24,81.35,1.07,11.79
2015-05-08,4.22,25.94,28.86,23.36,81.52,0.92,9.26
2015-05-09,0.09,27.09,31.11,22.39,78.27,1.28,21.97
2015-05-10,49.77,27.95,30.45,25.22,81.26,1.0,13.51
2015-05-11,12.37,27.12,29.28,25.3,86.22,0.72,10.7
2015-05-12,3.28,27.26,30.85,24.42,85.99,1.12,13.85
2015-05-13,6.22,27.93,30.92,24.42,82.61,1.05,19.69
2015-05-14,28.1,28.46,31.76,25.19,83.67,1.39,20.65
2015-05-15,36.85,28.1,31.15,25.15,87.83,1.49,9.16
2015-05-16,22.61,26.21,27.8,24.78,91.74,1.34,17.18
2015-05-17,19.17,26.82,29.24,24.4,86.09,0.95,18.21
2015-05-18,3.63,27.52,30.92,23.91,80.65,1.54,20.24
2015-05-19,0.01,28.1,32.34,23.88,78.68,1.19,23.89
2015-05-20,0.0,28.57,32.0,25.35,80.27,1.36,24.15
2015-05-21,10.78,28.89,32.08,26.49,82.24,1.49,18.91
2015-05-22,10.31,28.79,32.59,25.18,84.78,1.2,16.26
2015-05-23,16.09,28.49,32.7,24.62,86.42,1.23,19.21
2015-05-24,29.08,27.48,30.95,25.21,90.11,1.5,16.04
2015-05-25,17.66,27.9,31.19,24.98,84.57,1.27,22.17
2015-05-26,32.63,28.17,31.68,24.84,80.7,0.71,12.95
2015-05-27,43.3,27.49,30.08,24.96,87.59,1.2,8.48
2015-05-28,21.14,27.73,31.82,24.82,89.26,1.77,19.02
2015-05-29,9.21,28.13,31.55,24.6,87.85,1.25,12.27
2015-05-30,60.43,28.23,31.01,25.88,89.48,1.26,6.18
2015-05-31,27.42,28.19,31.09,25.85,89.21,2.16,18.85
2015-06-01,23.9,27.63,30.27,25.42,91.76,1.7,17.48
2015-06-02,8.68,28.08,31.66,25.13,89.22,1.47,19.07
2015-06-03,15.16,28.17,30.65,25.66,89.01,1.23,22.41
2015-06-04,0.73,28.64,31.07,26.56,86.6,1.18,22.29
2015-06-05,0.11,28.5,30.87,26.25,86.17,1.31,21.68
2015-06-06,1.29,28.18,31.29,25.34,88.96,2.32,18.27
2015-06-07,15.46,27.68,30.47,25.08,92.22,2.07,21.8
2015-06-08,7.39,28.33,31.66,25.05,89.93,2.02,20.28
2015-06-09,35.08,28.12,31.18,25.66,90.73,2.65,16.14
2015-06-10,134.74,27.62,30.25,25.06,92.69,1.83,3.24
2015-06-11,81.64,27.35,29.54,25.44,93.3,1.67,3.44
2015-06-12,57.1,26.73,28.79,24.95,94.86,2.2,5.73
2015-06-13,50.2,26.74,29.71,24.25,92.07,2.31,7.65
2015-06-14,14.2,27.12,29.96,24.12,90.86,1.53,11.47
2015-06-15,14.6,26.93,29.13,24.94,91.57,1.3,12.95
2015-06-16,17.7,26.67,28.62,24.59,92.79,1.9,12.9
2015-06-17,8.13,27.17,29.36,24.55,90.73,1.45,17.61
2015-06-18,14.61,27.08,29.73,24.89,87.97,1.23,21.26
2015-06-19,8.96,28.77,32.11,24.77,84.02,1.24,21.92
2015-06-20,5.0,28.53,31.6,25.52,88.2,1.42,22.94
2015-06-21,13.57,28.39,31.69,25.78,86.73,0.96,22.87
2015-06-22,17.95,28.28,31.93,25.32,89.79,2.16,15.56
2015-06-23,22.37,28.07,31.58,25.3,91.56,2.52,8.22
2015-06-24,7.91,28.63,32.09,25.62,90.49,2.26,8.61
2015-06-25,14.57,28.96,32.37,26.61,89.09,1.7,13.54
2015-06-26,32.96,27.57,29.51,25.96,94.0,2.11,13.04
2015-06-27,10.64,27.31,30.91,24.47,91.88,2.5,15.35
2015-06-28,8.57,27.08,30.4,23.87,90.41,2.14,12.7
2015-06-29,6.85,27.25,30.49,24.76,89.61,2.67,16.66
2015-06-30,5.36,27.94,31.65,24.09,88.22,2.05,18.77
2015-07-01,1.43,27.98,31.49,24.73,87.84,1.98,19.13
2015-07-02,3.33,28.24,31.96,24.82,88.38,1.82,20.59
2015-07-03,10.21,27.8,30.68,25.62,91.67,2.72,16.76
2015-07-04,5.86,28.59,31.97,25.12,89.32,2.39,14.0
2015-07-05,13.68,27.5,29.43,26.07,91.53,1.75,12.33
2015-07-06,10.28,28.05,29.75,26.32,91.83,1.45,15.87
2015-07-07,19.82,27.79,29.43,25.86,89.5,1.17,19.32
2015-07-08,30.53,27.68,29.94,25.59,90.09,1.73,18.33
2015-07-09,17.95,27.23,29.05,25.41,91.34,1.5,9.57
2015-07-10,13.75,28.27,32.51,24.48,84.4,1.31,9.51
2015-07-11,19.15,27.83,31.28,25.21,87.03,1.4,21.72
2015-07-12,12.65,28.1,31.72,24.7,88.78,1.68,20.99
2015-07-13,36.17,28.67,32.03,25.53,89.87,2.05,18.37
2015-07-14,65.91,28.97,32.13,25.88,91.05,1.82,12.76
2015-07-15,47.92,27.8,29.33,26.24,94.58,1.89,3.27
2015-07-16,43.43,27.11,28.23,26.06,95.65,1.69,5.79
2015-07-17,15.35,27.69,30.27,25.68,87.95,1.18,12.3
2015-07-18,26.67,26.73,28.79,24.81,92.72,1.92,10.81
2015-07-19,39.2,26.13,27.92,24.51,94.19,2.12,5.77
2015-07-20,34.21,27.91,30.97,24.4,85.42,1.01,10.96
2015-07-21,20.16,28.41,31.82,25.31,85.92,1.25,14.51
2015-07-22,25.34,27.05,29.29,25.51,92.89,2.3,15.09
2015-07-23,24.53,27.19,30.29,24.64,92.38,2.31,14.57
2015-07-24,38.69,26.79,29.16,24.79,93.83,2.25,10.29
2015-07-25,3.62,26.67,29.91,24.13,90.91,1.93,17.77
2015-07-26,1.52,27.21,30.52,24.04,87.08,1.52,20.08
2015-07-27,2.35,27.36,31.12,24.02,86.61,2.41,13.16
2015-07-28,0.31,28.05,31.79,25.73,86.47,1.66,22.06
2015-07-29,0.07,27.77,30.26,25.44,86.97,2.03,21.34
2015-07-30,6.91,27.22,30.92,25.22,85.86,4.53,16.47
2015-07-31,39.2,27.08,29.39,25.22,86.7,5.96,8.02
2015-08-01,35.55,26.96,28.83,25.26,88.88,2.05,11.05
2015-08-02,2.75,26.52,29.84,23.98,88.86,1.37,18.25
2015-08-03,5.7,26.74,29.94,23.74,88.88,1.49,15.72
2015-08-04,41.44,27.02,30.47,24.15,91.06,1.78,14.08
2015-08-05,6.2,27.45,29.83,24.63,89.24,1.54,15.1
2015-08-06,9.69,28.35,31.26,25.77,86.56,1.13,21.3
2015-08-07,8.93,27.75,29.93,26.05,90.61,1.47,13.55
2015-08-08,9.63,28.0,30.98,25.62,89.17,1.31,14.43
2015-08-09,19.03,28.54,31.52,25.73,87.69,1.93,18.52
2015-08-10,23.52,27.55,29.81,25.21,87.53,1.55,10.86
2015-08-11,12.36,29.22,32.85,26.16,83.69,1.29,22.18
2015-08-12,9.16,28.86,32.13,26.05,87.8,1.3,14.99
2015-08-13,9.04,28.76,32.17,25.95,86.76,1.5,19.74
2015-08-14,18.72,28.39,31.21,25.89,89.95,1.63,15.68
2015-08-15,12.42,27.72,29.87,26.03,93.0,2.38,18.37
2015-08-16,6.11,27.62,30.56,25.27,91.83,3.15,14.47
2015-08-17,17.87,27.43,31.42,24.62,91.32,3.44,14.87
2015-08-18,50.52,27.17,29.8,24.95,93.71,2.72,9.96
2015-08-19,45.15,27.81,30.78,25.13,92.49,3.83,3.83
2015-08-20,39.87,27.8,30.52,25.73,93.05,2.08,5.47
2015-08-21,13.01,27.16,28.66,25.96,92.64,1.24,12.48
2015-08-22,6.52,27.89,31.21,24.98,88.56,1.38,16.24
2015-08-23,7.88,27.06,28.83,25.34,91.8,1.53,13.03
2015-08-24,5.23,27.83,30.68,25.0,89.73,1.71,13.46
2015-08-25,1.19,27.73,29.85,25.95,91.21,1.17,13.85
2015-08-26,3.23,27.54,29.64,25.55,91.81,0.96,12.67
2015-08-27,22.95,26.9,28.54,25.57,93.52,1.29,17.51
2015-08-28,9.31,26.89,29.5,24.8,90.66,1.16,16.43
2015-08-29,21.68,27.24,30.44,24.81,92.69,2.58,12.27
2015-08-30,64.95,27.38,30.3,25.01,93.27,2.14,9.9
2015-08-31,89.5,27.04,29.17,25.48,95.23,2.82,2.41
2015-09-01,43.66,26.81,29.13,25.15,94.32,1.5,6.22
2015-09-02,15.33,27.21,30.34,24.85,90.62,1.53,11.4
2015-09-03,34.8,26.12,28.22,24.76,94.43,2.22,7.58
2015-09-04,21.29,26.22,27.77,24.88,92.32,1.77,8.93
2015-09-05,11.92,26.85,29.7,24.32,92.23,1.7,12.67
2015-09-06,1.99,27.65,31.05,24.84,89.19,1.28,17.48
2015-09-07,4.4,27.08,29.82,24.77,93.08,1.48,15.41
2015-09-08,29.28,27.28,30.34,24.59,90.63,1.35,19.44
2015-09-09,3.77,28.35,31.25,25.65,84.83,0.89,18.46
2015-09-10,12.16,29.15,32.99,25.87,82.77,1.18,19.02
2015-09-11,21.22,28.11,31.16,26.0,88.27,1.11,20.36
2015-09-12,4.5,28.16,31.27,24.97,87.61,1.33,20.81
2015-09-13,9.59,28.8,32.8,26.19,85.46,1.03,18.87
2015-09-14,40.76,27.29,30.1,25.25,91.08,0.99,14.53
2015-09-15,21.04,27.89,30.56,25.47,85.15,0.85,19.56
2015-09-16,2.71,28.09,30.38,25.14,85.73,0.97,20.31
2015-09-17,0.0,29.18,32.26,25.41,83.27,0.87,21.58
2015-09-18,1.63,30.19,33.7,26.84,80.31,0.71,20.94
2015-09-19,5.97,27.89,30.61,25.31,90.77,1.29,13.84
2015-09-20,16.17,25.87,27.64,23.99,92.92,1.47,11.22
2015-09-21,34.73,26.94,29.95,24.23,93.12,1.9,9.12
2015-09-22,38.26,27.16,29.93,25.0,93.44,1.84,7.14
2015-09-23,35.86,27.07,29.86,25.05,94.05,2.5,6.08
2015-09-24,13.31,26.3,28.13,25.17,94.26,2.47,8.63
2015-09-25,1.63,27.06,30.33,24.29,89.85,2.02,16.77
2015-09-26,0.0,27.04,31.23,23.43,81.41,1.22,20.59
2015-09-27,0.0,27.25,31.5,23.12,75.96,0.99,20.51
2015-09-28,0.0,27.36,31.57,22.94,80.3,1.1,21.59
2015-09-29,0.0,28.35,32.26,24.29,82.7,1.21,21.56
2015-09-30,0.0,28.73,31.37,26.29,84.67,0.95,21.34
2015-10-01,1.86,28.89,32.73,26.17,84.97,0.77,19.8
2015-10-02,6.27,28.73,32.74,26.26,84.83,1.05,19.01
2015-10-03,9.38,28.06,31.48,25.23,85.71,1.14,16.02
2015-10-04,0.02,29.11,33.68,24.23,74.79,1.0,18.13
2015-10-05,11.49,28.11,31.24,25.14,81.95,1.01,17.42
2015-10-06,8.26,26.65,28.49,25.04,92.68,1.19,15.96
2015-10-07,8.82,27.39,30.33,25.13,87.22,0.97,16.57
2015-10-08,9.27,26.06,28.66,24.19,92.08,1.39,10.86
2015-10-09,4.64,27.17,30.98,24.11,86.49,1.39,16.27
2015-10-10,6.28,26.84,30.55,23.01,86.97,1.15,11.66
2015-10-11,6.89,25.58,28.89,21.9,84.71,1.91,15.21
2015-10-12,1.37,24.16,28.45,20.09,83.23,2.74,19.88
2015-10-13,2.97,24.08,27.73,21.05,84.18,2.48,16.7
2015-10-14,5.38,24.21,27.65,21.39,86.05,1.97,12.75
2015-10-15,1.24,25.27,28.56,22.71,82.98,1.14,18.46
2015-10-16,0.89,25.37,29.13,21.8,83.73,1.08,18.43
2015-10-17,0.06,25.94,29.81,21.93,80.73,1.08,17.62
2015-10-18,0.0,25.99,29.91,22.11,82.12,1.12,18.53
2015-10-19,0.0,26.28,29.91,22.6,82.85,1.02,18.82
2015-10-20,0.0,26.14,29.67,23.03,83.73,1.23,18.95
2015-10-21,0.0,25.84,29.37,22.32,82.35,1.1,18.53
2015-10-22,0.64,25.58,29.37,22.46,82.35,1.11,18.6
2015-10-23,1.89,25.02,28.81,21.32,83.31,1.02,12.17
2015-10-24,0.05,24.99,28.92,20.89,81.77,1.04,17.42
2015-10-25,0.0,24.84,29.38,20.74,79.87,1.17,19.12
2015-10-26,0.0,24.83,29.64,21.01,76.8,1.17,19.9
2015-10-27,0.0,24.84,29.34,20.54,74.36,1.03,19.51
2015-10-28,0.0,24.44,29.05,20.2,78.8,1.05,19.64
2015-10-29,0.0,24.56,28.63,21.4,79.29,1.1,15.98
2015-10-30,0.0,23.76,28.11,19.67,83.73,1.33,14.41
2015-10-31,0.78,23.59,27.19,20.62,87.31,1.3,10.35
2015-11-01,2.49,24.22,28.39,21.05,83.25,1.22,12.84
2015-11-02,2.71,23.6,27.71,19.32,85.21,1.15,17.68
2015-11-03,0.72,23.95,27.69,21.24,84.46,1.06,17.97
2015-11-04,0.19,23.62,27.68,19.62,84.17,1.1,17.66
2015-11-05,0.82,23.6,28.17,19.03,80.71,1.0,14.45
2015-11-06,0.01,23.72,28.83,19.27,77.67,1.1,16.87
2015-11-07,0.0,23.49,28.75,18.58,70.08,1.04,17.62
2015-11-08,0.0,23.81,29.55,19.04,73.84,1.47,18.28
2015-11-09,0.0,23.2,27.76,18.94,79.06,1.32,15.7
2015-11-10,0.0,22.76,27.56,18.57,79.71,1.08,15.64
2015-11-11,0.0,22.21,27.43,17.78,81.52,1.16,16.6
2015-11-12,0.0,23.13,28.48,18.42,79.54,1.2,17.46
2015-11-13,0.0,23.04,27.94,18.67,80.2,1.07,17.54
2015-11-14,0.0,22.21,26.57,18.46,80.91,1.11,16.56
2015-11-15,0.0,21.98,26.54,17.05,81.81,1.13,16.65
2015-11-16,0.0,21.99,26.39,17.23,79.14,1.06,16.26
2015-11-17,0.0,22.12,26.66,17.91,80.35,1.1,12.65
2015-11-18,0.0,22.1,26.49,18.94,80.65,1.0,8.92
2015-11-19,0.0,22.39,27.99,17.91,75.01,1.52,16.33
2015-11-20,0.0,22.95,28.57,17.74,74.16,1.46,17.48
2015-11-21,0.0,23.19,28.45,18.51,75.82,1.36,17.53
2015-11-22,0.0,22.15,27.38,18.19,79.01,1.3,17.34
2015-11-23,0.0,22.5,27.48,17.67,69.83,1.15,17.44
2015-11-24,0.0,21.48,26.68,16.37,68.81,1.19,17.22
2015-11-25,0.0,21.27,26.17,16.04,75.56,1.18,16.44
2015-11-26,0.0,21.82,26.36,17.39,79.51,1.13,16.13
2015-11-27,0.0,21.0,25.39,16.87,81.31,1.17,14.99
2015-11-28,0.0,20.97,26.39,15.66,80.87,1.11,15.27
2015-11-29,0.0,22.13,27.34,17.36,78.38,1.33,15.49
2015-11-30,0.0,21.92,26.35,18.02,81.69,1.03,15.32
2015-12-01,0.0,22.17,26.91,18.0,81.39,1.09,13.32
2015-12-02,0.0,21.18,25.9,17.01,83.71,1.13,10.62
2015-12-03,4.57,20.95,25.16,17.31,86.41,1.14,12.13
2015-12-04,1.8,20.86,24.67,17.82,85.21,0.87,11.36
2015-12-05,0.0,20.61,25.32,16.59,78.77,1.01,13.87
2015-12-06,0.0,20.96,26.28,16.79,77.76,1.44,14.1
2015-12-07,0.13,20.0,24.5,16.12,81.26,1.23,12.54
2015-12-08,1.0,20.33,25.24,15.66,79.62,1.1,12.44
2015-12-09,0.07,21.17,25.79,17.45,77.34,1.01,12.14
2015-12-10,0.0,20.31,24.25,17.66,77.57,1.2,13.55
2015-12-11,0.0,19.92,24.05,15.95,74.58,0.96,11.3
2015-12-12,0.83,19.28,24.04,14.16,81.96,1.09,8.75
2015-12-13,1.52,20.74,24.84,16.43,84.71,0.84,7.99
2015-12-14,0.01,18.95,23.59,14.59,79.07,1.38,8.3
2015-12-15,0.0,18.06,23.32,13.95,67.57,1.28,9.95
2015-12-16,0.0,16.65,22.16,12.09,73.66,1.25,12.34
2015-12-17,0.0,16.47,21.93,11.68,74.01,1.13,14.71
2015-12-18,0.01,14.53,19.16,11.97,82.67,1.23,10.44
2015-12-19,0.0,15.74,22.35,10.2,77.19,1.05,12.92
2015-12-20,0.0,16.24,21.68,11.58,76.56,1.22,14.66
2015-12-21,0.0,15.42,21.86,10.01,74.13,1.25,15.22
2015-12-22,0.0,15.57,21.45,10.25,70.48,1.3,14.98
2015-12-23,0.0,16.38,22.58,10.52,65.84,1.23,15.22
2015-12-24,0.0,16.32,22.75,10.64,69.22,1.19,14.15
2015-12-25,0.0,16.92,22.75,11.55,66.18,1.22,8.59
2015-12-26,0.0,16.7,22.75,11.77,72.57,1.46,14.67
2015-12-27,0.0,17.29,22.55,11.24,69.82,1.24,15.04
2015-12-28,0.0,17.58,22.67,12.02,72.63,1.18,14.47
2015-12-29,0.0,17.85,23.66,12.41,78.23,1.21,13.5
2015-12-30,0.0,18.47,23.87,13.53,78.69,1.17,14.09
2015-12-31,0.0,18.95,24.26,14.57,77.4,1.08,13.8
2016-01-01,0.0,18.38,24.63,13.2,79.17,1.28,15.58
2016-01-02,0.0,19.08,24.79,13.94,75.6,1.2,15.72
2016-01-03,0.0,18.48,23.67,13.0,76.95,1.17,14.73
2016-01-04,0.0,18.35,24.58,13.04,74.75,1.24,15.15
2016-01-05,0.0,18.23,23.46,12.16,72.68,1.1,15.65
2016-01-06,0.07,17.83,23.48,12.65,74.16,1.21,15.2
2016-01-07,0.0,18.71,24.73,13.47,71.41,1.18,14.37
2016-01-08,0.0,18.66,23.69,13.56,66.01,1.12,15.01
2016-01-09,0.17,18.17,22.93,14.48,72.66,1.14,10.78
2016-01-10,0.0,18.42,23.48,13.78,72.64,1.04,10.14
2016-01-11,0.0,17.46,22.73,12.49,71.7,1.22,13.17
2016-01-12,0.0,17.57,22.2,12.26,69.32,1.18,13.95
2016-01-13,0.0,16.88,21.69,11.42,71.83,1.15,13.06
2016-01-14,0.0,17.31,22.41,11.6,71.86,1.07,12.39
2016-01-15,0.0,17.34,23.6,12.68,71.16,1.28,14.57
2016-01-16,0.0,18.19,23.17,14.1,64.09,1.09,13.33
2016-01-17,0.0,17.23,22.8,12.49,70.7,1.27,13.87
2016-01-18,0.0,17.26,22.55,12.16,70.67,1.14,14.63
2016-01-19,0.76,18.38,24.01,13.91,67.47,1.17,14.65
2016-01-20,64.25,18.8,24.06,13.77,73.68,1.17,5.33
2016-01-21,2.59,17.14,21.16,14.22,84.82,1.02,9.65
2016-01-22,0.02,16.78,21.57,13.09,77.57,1.35,11.56
2016-01-23,0.0,15.17,21.16,10.36,74.26,1.46,12.55
2016-01-24,0.0,15.56,21.65,9.67,67.32,1.18,12.51
2016-01-25,0.0,15.06,20.91,9.75,69.59,1.23,12.56
2016-01-26,0.0,14.31,20.39,8.51,66.53,1.35,14.46
2016-01-27,0.34,14.7,20.43,9.5,68.52,1.38,16.22
2016-01-28,0.18,15.64,22.03,9.5,69.42,1.29,14.52
2016-01-29,0.01,17.51,23.07,12.26,69.35,1.22,12.14
2016-01-30,0.05,18.05,23.22,13.41,66.91,1.28,11.97
2016-01-31,0.0,17.4,23.0,12.56,72.7,1.27,9.38
2016-02-01,0.01,17.81,23.44,12.72,79.52,1.21,9.78
2016-02-02,0.0,18.93,24.21,13.97,75.48,1.27,11.54
2016-02-03,0.0,19.77,24.57,15.34,63.48,1.16,11.27
2016-02-04,0.0,18.72,25.05,13.41,62.69,1.3,16.71
2016-02-05,0.0,17.87,23.97,12.32,61.83,1.32,17.56
2016-02-06,0.0,19.13,25.6,12.45,65.7,1.3,17.65
2016-02-07,0.0,19.82,25.09,14.59,71.42,1.15,15.38
2016-02-08,0.0,19.28,25.77,13.59,68.29,1.34,17.96
2016-02-09,0.13,19.28,23.43,15.28,73.38,1.22,11.85
2016-02-10,0.86,19.79,24.34,15.92,80.41,1.38,13.46
2016-02-11,0.72,19.84,25.76,15.35,66.28,1.53,14.1
2016-02-12,9.73,19.98,25.23,14.43,75.49,1.3,8.63
2016-02-13,0.0,20.5,26.12,15.29,75.8,1.16,16.22
2016-02-14,0.0,20.3,26.36,14.66,68.92,1.27,17.12
2016-02-15,0.0,21.62,27.55,16.11,68.94,1.33,16.89
2016-02-16,0.0,23.24,28.33,18.87,59.12,1.12,17.4
2016-02-17,0.0,22.46,28.38,16.46,59.76,1.25,16.65
2016-02-18,0.0,23.47,28.31,17.88,63.04,1.3,17.01
2016-02-19,0.0,23.52,28.7,17.4,65.88,1.26,17.83
2016-02-20,0.0,23.64,29.01,19.13,71.87,1.38,16.13
2016-02-21,0.06,23.05,29.58,17.47,74.25,2.01,13.84
2016-02-22,0.94,22.78,28.99,19.05,71.84,1.8,16.0
2016-02-23,0.0,23.18,28.69,18.98,59.33,1.47,16.33
2016-02-24,11.22,23.07,27.87,17.08,51.94,0.98,12.4
2016-02-25,13.26,22.56,26.79,18.68,72.89,0.95,15.64
2016-02-26,0.01,22.86,28.73,17.59,70.11,1.44,18.85
2016-02-27,0.28,23.52,29.27,18.28,69.59,1.24,18.76
2016-02-28,0.14,24.35,29.44,19.95,63.08,1.03,20.08
2016-02-29,0.72,23.86,29.64,17.94,61.31,1.25,20.22
2016-03-01,0.01,23.77,29.27,18.22,63.13,1.25,20.21
2016-03-02,0.0,24.23,29.6,18.34,60.11,1.19,18.46
2016-03-03,0.11,25.01,30.13,18.67,58.36,1.11,18.58
2016-03-04,0.61,25.09,29.9,20.4,56.31,0.98,18.44
2016-03-05,0.41,24.83,30.85,18.06,58.13,1.19,18.11
2016-03-06,0.04,26.18,31.89,20.71,57.12,1.25,18.39
2016-03-07,0.71,24.85,30.26,19.76,59.49,1.43,20.08
2016-03-08,0.01,25.5,30.85,21.53,57.6,1.59,17.79
2016-03-09,0.19,25.07,31.5,19.4,67.09,1.82,18.62
2016-03-10,0.04,26.01,31.41,21.23,63.03,1.62,16.15
2016-03-11,0.05,26.4,32.11,20.42,59.24,1.58,16.9
2016-03-12,0.0,26.12,31.55,20.76,60.0,1.34,18.25
2016-03-13,0.0,25.83,32.72,19.84,57.73,1.43,17.52
2016-03-14,0.01,25.56,32.87,19.67,58.95,1.82,16.09
2016-03-15,0.02,24.71,31.0,19.0,60.59,1.79,21.57
2016-03-16,2.03,24.88,31.79,19.88,59.98,1.86,18.27
2016-03-17,0.0,24.87,31.57,18.94,47.43,1.41,22.96
2016-03-18,0.0,24.67,31.42,17.9,45.68,1.49,22.83
2016-03-19,2.68,25.34,31.92,18.35,57.38,1.49,17.32
2016-03-20,12.49,26.43,30.96,21.1,67.1,1.0,16.17
2016-03-21,13.48,26.16,30.7,22.3,71.13,1.43,16.04
2016-03-22,3.25,26.03,31.13,22.32,70.03,1.44,20.61
2016-03-23,0.36,25.53,30.99,20.82,70.19,1.07,20.55
2016-03-24,0.0,25.97,32.28,19.67,59.4,1.36,22.49
2016-03-25,0.0,27.15,33.56,20.2,52.07,1.36,23.51
2016-03-26,0.0,28.06,33.78,20.74,47.16,1.24,20.72
2016-03-27,2.11,27.55,33.56,23.37,62.11,1.5,19.44
2016-03-28,51.62,24.72,27.87,22.77,87.32,1.36,3.95
2016-03-29,5.94,25.31,29.01,21.46,80.08,1.19,15.99
2016-03-30,6.59,25.83,29.5,20.95,79.4,1.0,16.61
2016-03-31,31.59,24.31,26.84,21.07,83.09,0.69,12.75
2016-04-01,6.39,23.12,27.12,19.99,82.55,1.28,12.5
2016-04-02,1.01,25.19,29.84,19.89,72.12,1.19,19.0
2016-04-03,15.8,26.5,30.59,22.99,76.91,1.26,6.49
2016-04-04,54.97,26.02,29.49,22.58,87.77,1.9,12.38
2016-04-05,54.79,25.79,30.13,23.04,90.51,2.94,14.05
2016-04-06,23.07,26.42,31.41,22.45,87.97,1.56,16.59
2016-04-07,9.42,26.85,31.56,22.8,86.34,1.49,19.19
2016-04-08,55.91,26.68,31.59,22.83,85.92,1.47,19.64
2016-04-09,13.47,26.78,31.34,21.91,84.24,1.14,19.96
2016-04-10,0.05,27.44,31.92,23.42,82.6,1.28,20.76
2016-04-11,0.35,27.47,32.2,23.18,82.93,1.56,20.21
2016-04-12,19.39,27.34,32.81,23.24,84.84,1.75,19.99
2016-04-13,16.52,27.38,33.07,23.09,81.7,1.76,21.04
2016-04-14,89.14,27.22,31.76,23.4,86.05,1.57,21.31
2016-04-15,37.75,27.29,31.39,23.23,85.54,1.1,18.83
2016-04-16,71.83,27.26,31.18,23.81,89.31,1.97,16.55
2016-04-17,44.99,27.45,31.15,23.81,83.72,1.03,12.92
2016-04-18,53.29,26.15,29.16,24.35,90.78,1.54,12.55
2016-04-19,26.91,27.29,31.93,23.06,87.29,1.65,18.0
2016-04-20,21.3,26.91,31.14,23.46,86.21,1.5,15.52
2016-04-21,29.03,26.66,31.3,23.51,87.41,2.55,19.52
2016-04-22,45.37,26.92,31.42,23.43,89.6,2.37,19.6
2016-04-23,21.85,27.49,32.2,24.0,88.21,2.2,20.32
2016-04-24,10.86,27.59,32.36,23.61,87.45,2.01,20.89
2016-04-25,38.86,27.56,31.81,23.82,87.44,2.01,21.01
2016-04-26,20.94,27.66,31.48,23.78,85.4,1.25,21.17
2016-04-27,7.19,28.18,31.34,24.24,81.45,1.16,19.98
2016-04-28,8.55,28.13,31.32,24.16,82.47,1.04,18.98
2016-04-29,8.0,28.11,31.58,24.46,80.72,0.92,20.22
2016-04-30,7.15,28.29,31.9,24.07,80.83,0.71,20.85
2016-05-01,24.58,27.96,31.19,24.2,81.96,1.1,18.73
2016-05-02,15.86,26.81,29.7,23.44,79.16,1.03,11.66
2016-05-03,5.48,27.04,30.97,22.24,71.93,1.18,21.21
2016-05-04,24.02,25.61,27.87,23.08,86.28,1.04,19.13
2016-05-05,16.79,26.53,29.53,23.24,82.99,1.33,17.58
2016-05-06,28.29,26.66,30.07,22.91,82.63,1.23,18.89
2016-05-07,11.38,26.77,30.42,22.98,82.75,0.89,16.96
2016-05-08,4.33,27.23,30.36,24.28,81.01,1.16,24.22
2016-05-09,9.31,28.0,31.83,23.52,76.41,1.3,23.95
2016-05-10,0.19,28.63,33.43,24.45,75.68,1.17,21.91
2016-05-11,1.29,28.93,32.77,24.84,77.37,1.16,21.39
2016-05-12,10.01,28.61,32.28,24.72,79.79,1.18,16.66
2016-05-13,38.0,26.72,28.8,24.51,87.41,1.14,10.48
2016-05-14,33.6,27.2,30.93,23.84,88.31,1.38,21.18
2016-05-15,46.03,27.89,31.13,24.63,86.93,0.95,16.08
2016-05-16,66.83,27.79,31.09,25.19,89.41,2.01,18.07
2016-05-17,130.35,27.66,31.14,24.83,90.87,2.65,18.07
2016-05-18,65.68,27.32,30.47,24.25,90.22,1.85,15.75
2016-05-19,79.37,26.57,29.05,24.56,91.6,1.54,12.88
2016-05-20,3.74,26.19,28.86,23.96,90.21,1.41,12.41
2016-05-21,87.19,25.35,27.68,23.52,91.48,3.43,4.52
2016-05-22,9.5,26.87,29.76,23.81,87.71,1.69,18.18
2016-05-23,2.47,28.44,31.89,24.93,86.44,1.14,24.33
2016-05-24,5.21,29.17,32.68,26.3,83.08,1.03,19.08
2016-05-25,6.22,28.73,32.03,26.25,85.6,1.83,21.22
2016-05-26,17.49,28.86,31.9,25.34,83.22,1.08,24.05
2016-05-27,32.44,28.92,31.71,25.77,80.52,0.72,16.11
2016-05-28,49.89,28.42,31.34,26.07,84.59,1.23,8.23
2016-05-29,14.55,27.98,31.19,25.08,88.68,1.48,17.0
2016-05-30,6.41,28.33,31.44,25.47,87.83,1.33,15.16
2016-05-31,11.12,28.28,31.23,25.13,89.23,1.29,18.91
2016-06-01,6.44,28.49,31.99,25.15,83.97,1.19,20.75
2016-06-02,2.86,28.58,31.83,24.7,83.84,1.26,22.81
2016-06-03,11.6,28.85,32.17,25.33,83.6,1.41,23.44
2016-06-04,4.51,28.69,32.0,25.53,86.82,1.65,24.09
2016-06-05,1.3,28.67,32.12,25.36,87.02,1.29,24.3
2016-06-06,22.94,27.66,29.92,25.82,91.51,1.61,21.38
2016-06-07,25.32,26.6,28.32,25.16,94.47,1.42,6.25
2016-06-08,38.46,27.25,29.47,25.35,93.15,2.77,19.66
2016-06-09,17.54,26.83,29.26,24.93,92.01,2.24,18.06
2016-06-10,17.19,28.46,32.22,24.85,82.5,1.15,21.77
2016-06-11,3.77,29.87,33.95,26.47,83.72,1.43,13.42
2016-06-12,19.39,27.61,29.47,25.51,92.74,1.01,9.3
2016-06-13,23.84,27.26,30.38,24.65,92.38,2.26,12.94
2016-06-14,13.02,27.64,29.77,24.97,90.51,1.53,16.73
2016-06-15,36.81,27.42,28.92,25.71,93.63,1.96,12.96
2016-06-16,20.54,28.56,31.85,25.57,87.89,1.3,15.19
2016-06-17,11.69,27.51,29.61,25.5,89.89,1.52,16.16
2016-06-18,25.5,27.59,30.01,25.32,92.23,1.42,19.78
2016-06-19,29.66,27.24,29.14,25.27,93.18,2.14,21.13
2016-06-20,48.54,27.71,30.43,25.51,90.93,2.32,19.61
2016-06-21,29.35,27.77,30.13,25.3,90.99,1.61,15.46
2016-06-22,74.26,27.55,30.05,25.9,92.13,2.59,9.61
2016-06-23,42.98,27.3,28.88,25.58,92.24,1.71,6.52
2016-06-24,26.54,28.4,31.02,25.68,88.17,1.37,16.76
2016-06-25,2.03,28.54,31.1,26.4,88.04,1.49,19.34
2016-06-26,22.27,28.62,31.5,25.9,89.19,1.26,23.0
2016-06-27,46.12,28.46,31.6,26.08,86.78,1.18,22.75
2016-06-28,4.83,29.27,33.16,25.8,84.44,1.07,22.95
2016-06-29,8.03,28.12,30.68,26.39,89.05,1.37,19.54
2016-06-30,4.11,28.46,31.24,26.07,88.06,1.47,18.18
2016-07-01,18.07,28.92,32.28,25.83,87.47,1.61,19.57
2016-07-02,55.9,27.76,30.1,26.06,92.24,1.5,10.03
2016-07-03,57.2,27.47,30.14,25.65,94.17,2.44,13.36
2016-07-04,63.88,27.04,29.25,25.24,95.16,2.44,12.43
2016-07-05,65.4,27.61,30.82,25.07,92.17,2.4,11.35
2016-07-06,21.63,28.16,31.86,25.48,91.37,2.27,13.3
2016-07-07,12.38,28.32,30.03,25.48,86.78,1.23,22.39
2016-07-08,7.95,29.06,32.29,25.95,82.55,0.79,22.04
2016-07-09,35.99,28.98,33.23,26.06,86.01,1.06,20.86
2016-07-10,22.04,28.02,31.02,25.74,89.52,1.26,19.44
2016-07-11,14.92,28.5,31.89,25.27,88.14,1.46,21.42
2016-07-12,15.96,28.12,31.52,25.83,90.22,1.24,17.19
2016-07-13,25.53,28.59,31.89,25.32,89.8,2.0,17.58
2016-07-14,32.53,28.1,30.47,26.14,91.11,2.0,20.74
2016-07-15,25.86,27.32,29.34,25.37,92.19,1.51,19.72
2016-07-16,75.03,26.88,29.3,25.18,92.79,2.46,9.36
2016-07-17,106.32,27.2,30.32,24.35,92.27,3.26,16.49
2016-07-18,144.96,26.42,28.34,24.81,94.9,3.85,9.63
2016-07-19,75.39,27.3,29.65,24.7,92.84,3.54,7.38
2016-07-20,74.95,27.58,30.51,25.5,93.08,2.33,10.61
2016-07-21,18.87,27.75,30.28,25.55,92.15,2.17,11.29
2016-07-22,18.21,27.0,29.49,24.73,92.61,2.05,14.48
2016-07-23,68.26,27.02,30.04,24.96,92.48,2.15,17.02
2016-07-24,76.74,26.81,29.07,24.92,92.99,2.4,13.88
2016-07-25,100.53,26.59,28.99,24.74,92.95,2.19,10.86
2016-07-26,11.74,26.5,29.11,23.87,90.36,1.23,17.73
2016-07-27,4.75,27.26,30.16,24.13,89.8,1.7,21.18
2016-07-28,7.42,27.62,30.67,25.07,89.75,1.44,17.96
2016-07-29,15.62,27.98,30.47,25.63,88.42,1.33,13.37
2016-07-30,11.72,27.6,29.78,25.18,89.3,1.23,19.94
2016-07-31,15.84,28.47,31.49,25.15,86.05,1.01,24.58
2016-08-01,7.61,28.55,31.62,25.65,85.21,1.19,22.16
2016-08-02,8.44,28.69,32.82,25.78,86.4,1.21,22.32
2016-08-03,12.7,29.79,33.74,26.19,82.55,1.31,24.83
2016-08-04,15.2,29.35,33.47,25.97,86.32,1.3,23.58
2016-08-05,28.03,28.53,32.51,25.03,87.08,1.55,17.13
2016-08-06,18.51,27.8,31.28,24.95,89.22,1.59,17.45
2016-08-07,5.74,26.86,28.37,25.33,89.25,1.54,18.42
2016-08-08,11.75,27.46,29.55,24.93,87.71,1.16,20.68
2016-08-09,13.73,27.65,30.43,24.97,87.81,1.31,18.53
2016-08-10,4.34,27.47,30.95,24.96,88.58,1.91,7.36
2016-08-11,5.33,28.47,32.03,24.84,87.67,1.53,18.76
2016-08-12,13.99,28.4,31.3,25.76,87.19,1.46,20.27
2016-08-13,48.96,28.37,31.63,25.46,89.73,1.88,17.49
2016-08-14,37.8,27.84,30.37,26.05,92.52,1.49,17.18
2016-08-15,23.4,27.91,30.18,25.82,91.54,1.08,19.56
2016-08-16,16.18,28.32,31.59,25.67,88.77,1.85,21.39
2016-08-17,16.61,29.29,33.33,26.06,84.3,1.62,13.66
2016-08-18,1.8,28.85,31.5,26.23,86.34,1.21,17.55
2016-08-19,4.66,28.52,31.68,25.97,87.73,1.78,17.26
2016-08-20,6.69,28.34,31.87,25.44,89.93,1.64,12.09
2016-08-21,11.57,29.25,34.74,24.25,84.65,3.76,14.54
2016-08-22,0.57,27.4,31.46,23.08,84.08,1.78,23.18
2016-08-23,0.29,27.88,31.0,25.33,88.19,1.39,18.99
2016-08-24,0.47,28.96,31.25,26.3,82.7,0.73,23.26
2016-08-25,9.12,30.66,34.92,27.09,78.28,0.74,22.08
2016-08-26,15.27,29.95,34.29,27.05,81.26,0.73,18.04
2016-08-27,3.76,29.6,32.31,27.35,83.03,1.24,18.54
2016-08-28,3.16,28.52,30.53,26.76,88.47,1.06,11.9
2016-08-29,4.25,28.48,31.74,26.46,88.93,1.42,19.7
2016-08-30,31.72,27.58,29.69,25.4,92.88,1.58,15.38
2016-08-31,39.72,27.2,29.36,25.95,93.63,2.29,8.41
2016-09-01,53.1,26.84,28.74,25.25,94.57,2.25,12.59
2016-09-02,64.42,27.58,30.41,25.16,91.98,1.72,13.55
2016-09-03,69.28,28.16,31.03,25.35,91.4,2.15,17.57
2016-09-04,17.86,28.58,32.18,25.9,90.12,1.52,16.19
2016-09-05,8.74,28.34,32.18,25.4,87.4,1.03,16.8
2016-09-06,14.27,28.15,30.22,25.57,85.67,1.24,15.43
2016-09-07,2.27,28.49,31.58,25.75,86.24,1.21,18.76
2016-09-08,6.94,27.91,30.71,25.66,91.04,1.84,16.7
2016-09-09,1.95,27.53,29.61,25.53,89.8,1.09,16.74
2016-09-10,9.84,27.49,30.12,25.16,87.3,1.34,17.5
2016-09-11,26.56,27.19,29.28,25.36,89.64,1.45,10.2
2016-09-12,7.61,26.17,27.71,24.86,94.05,0.95,16.23
2016-09-13,28.85,26.5,29.42,24.67,90.06,0.95,10.55
2016-09-14,20.75,26.77,29.01,25.05,90.61,1.24,10.47
2016-09-15,22.09,26.56,29.08,24.59,91.43,0.89,20.86
2016-09-16,5.84,27.64,30.88,24.16,87.65,1.18,16.52
2016-09-17,16.02,27.34,30.37,25.23,90.5,1.15,16.62
2016-09-18,48.27,27.71,30.6,25.22,87.01,1.12,10.76
2016-09-19,32.23,27.33,29.06,25.51,90.22,0.78,13.87
2016-09-20,14.99,26.59,28.14,25.27,93.98,1.25,6.68
2016-09-21,14.69,28.53,31.75,25.22,81.81,0.79,19.14
2016-09-22,10.99,27.64,30.56,25.67,85.85,0.8,20.26
2016-09-23,20.19,26.83,28.88,24.95,88.01,0.9,15.98
2016-09-24,5.2,27.52,30.51,25.41,84.36,0.84,18.55
2016-09-25,14.94,27.01,29.65,24.7,87.81,0.8,17.35
2016-09-26,9.35,27.28,29.88,25.17,89.43,0.95,16.29
2016-09-27,1.6,27.97,30.68,25.49,85.85,0.9,19.1
2016-09-28,5.01,28.36,31.64,25.82,85.32,0.92,13.62
2016-09-29,5.34,26.96,28.85,24.83,91.8,1.03,17.26
2016-09-30,1.17,27.15,28.83,25.38,91.17,0.89,19.3
2016-10-01,2.1,28.08,31.91,24.34,86.18,1.1,19.04
2016-10-02,3.19,28.94,33.42,26.41,82.84,0.96,16.15
2016-10-03,2.73,29.43,33.53,26.55,81.7,0.81,19.93
2016-10-04,1.62,28.21,30.6,26.14,87.21,0.72,18.48
2016-10-05,7.02,28.24,31.62,25.38,84.2,0.87,16.34
2016-10-06,11.11,27.05,28.79,25.41,89.76,0.84,13.7
2016-10-07,30.79,27.67,30.77,25.62,85.94,0.87,7.68
2016-10-08,12.93,27.16,29.88,25.39,87.1,1.1,16.96
2016-10-09,13.2,26.28,28.57,24.91,92.05,0.97,14.26
2016-10-10,50.85,26.22,28.97,23.94,92.4,1.3,13.14
2016-10-11,19.48,25.66,28.26,23.63,92.69,1.93,10.24
2016-10-12,33.61,25.57,28.4,23.34,91.75,2.13,5.09
2016-10-13,31.9,26.23,29.23,23.49,87.02,1.03,15.77
2016-10-14,2.35,26.73,30.31,23.22,84.05,1.16,16.7
2016-10-15,1.38,27.18,31.17,23.45,83.22,0.97,19.37
2016-10-16,0.0,27.67,32.13,23.53,81.16,1.06,20.07
2016-10-17,0.0,28.22,32.69,23.85,79.37,1.09,20.11
2016-10-18,0.0,28.19,32.63,24.44,75.45,1.01,19.7
2016-10-19,0.0,27.44,31.43,23.68,74.88,1.1,19.4
2016-10-20,0.0,26.95,30.72,22.9,76.03,1.09,19.99
2016-10-21,0.0,26.08,30.26,21.71,78.46,1.18,20.38
2016-10-22,0.0,25.66,29.58,22.1,78.67,1.25,20.54
2016-10-23,0.0,25.24,29.75,20.42,75.54,1.13,20.38
2016-10-24,0.14,25.3,29.83,20.69,80.56,1.26,19.54
2016-10-25,0.12,26.25,30.06,23.02,81.06,1.09,18.48
2016-10-26,0.0,26.04,30.08,22.19,80.6,0.91,12.86
2016-10-27,12.9,25.9,29.15,23.34,84.34,0.85,4.85
2016-10-28,19.01,25.75,28.67,23.32,85.24,1.23,11.21
2016-10-29,0.96,25.79,29.73,22.1,82.65,1.12,14.27
2016-10-30,0.09,25.72,29.41,22.46,81.69,0.9,16.06
2016-10-31,0.02,26.79,31.27,22.95,78.23,0.95,17.63
2016-11-01,0.11,26.6,30.56,22.61,79.74,1.25,17.96
2016-11-02,0.01,26.38,30.42,22.43,80.68,1.62,18.08
2016-11-03,4.2,26.56,31.11,23.05,81.47,1.15,17.69
2016-11-04,3.88,24.81,27.29,22.35,88.63,0.82,4.04
2016-11-05,11.14,22.5,24.71,20.89,87.65,1.33,5.44
2016-11-06,49.02,23.23,27.71,20.54,87.01,2.19,6.86
2016-11-07,2.94,24.19,27.98,21.48,84.28,1.06,7.99
2016-11-08,0.06,23.37,27.09,21.2,84.83,1.08,15.23
2016-11-09,0.0,23.5,28.03,19.39,81.19,1.05,17.5
2016-11-10,0.0,23.33,27.54,19.3,82.63,1.23,15.97
2016-11-11,0.0,22.85,26.87,19.7,80.65,1.1,16.45
2016-11-12,0.0,22.09,26.8,17.43,79.31,1.16,16.96
2016-11-13,0.0,22.71,27.62,18.1,80.85,1.13,17.44
2016-11-14,0.0,23.38,27.88,19.55,78.87,1.05,17.16
2016-11-15,0.0,22.72,27.82,17.93,78.55,1.19,16.92
2016-11-16,0.0,23.18,28.4,18.34,77.04,1.11,16.49
2016-11-17,0.0,23.3,29.06,18.33,77.56,1.28,17.47
2016-11-18,0.0,23.19,28.46,18.37,75.59,1.14,17.79
2016-11-19,0.0,22.85,27.32,17.6,71.76,1.07,17.67
2016-11-20,0.0,21.29,26.32,17.44,75.17,1.29,17.63
2016-11-21,0.0,20.89,25.95,15.99,73.67,1.2,16.55
2016-11-22,0.0,21.21,26.48,17.14,76.25,1.06,16.62
2016-11-23,0.0,21.26,26.15,17.29,77.73,1.12,16.72
2016-11-24,0.0,21.24,26.45,16.54,80.2,1.17,16.67
2016-11-25,0.01,21.41,25.55,17.87,81.33,0.94,16.56
2016-11-26,0.0,21.62,26.55,17.39,81.33,1.23,16.45
2016-11-27,0.07,21.72,26.14,17.91,81.05,1.11,15.78
2016-11-28,0.13,21.06,25.53,17.83,84.5,1.22,13.32
2016-11-29,0.01,21.81,26.57,17.47,80.03,1.18,15.2
2016-11-30,0.0,22.11,26.82,18.03,79.31,1.1,15.43
2016-12-01,0.0,21.56,26.23,17.27,80.87,1.14,15.81
2016-12-02,0.0,20.74,26.11,16.39,82.2,1.18,15.84
2016-12-03,0.0,21.23,27.16,16.22,73.61,1.11,15.96
2016-12-04,0.0,22.13,27.71,17.11,75.13,1.32,16.23
2016-12-05,0.0,21.53,27.25,16.78,76.2,1.49,16.23
2016-12-06,0.0,21.47,27.53,16.51,71.06,1.65,16.5
2016-12-07,0.0,20.86,27.0,15.94,72.31,1.57,16.3
2016-12-08,0.0,21.35,27.4,16.12,72.55,1.49,16.33
2016-12-09,0.0,21.63,27.28,16.34,70.91,1.29,16.26
2016-12-10,0.0,20.44,26.72,15.53,73.53,1.41,15.91
2016-12-11,0.0,19.83,24.99,14.79,74.88,1.06,15.5
2016-12-12,0.0,19.06,24.49,13.97,83.85,1.27,15.31
2016-12-13,0.0,19.55,24.72,15.22,81.59,1.06,15.0
2016-12-14,0.0,19.08,24.68,14.19,79.23,1.19,13.93
2016-12-15,0.0,18.99,24.9,13.69,78.02,1.13,13.59
2016-12-16,0.0,20.06,25.92,14.79,76.78,1.43,15.55
2016-12-17,0.0,19.95,25.23,15.06,84.88,1.2,14.53
2016-12-18,0.0,19.23,23.91,14.55,85.12,1.09,12.99
2016-12-19,0.0,18.41,23.17,14.06,85.13,1.36,13.12
2016-12-20,0.18,19.19,23.12,16.36,84.87,0.97,10.92
2016-12-21,0.0,19.17,23.69,14.73,83.03,1.13,10.97
2016-12-22,0.0,20.52,25.97,16.24,81.06,1.42,12.78
2016-12-23,0.01,20.63,24.48,17.45,80.87,1.06,13.72
2016-12-24,0.0,20.64,24.83,16.84,81.22,1.05,14.51
2016-12-25,0.0,20.17,24.95,16.0,83.04,1.01,14.75
2016-12-26,4.17,20.06,24.91,16.17,82.51,1.04,14.06
2016-12-27,0.33,19.55,25.02,15.08,77.59,1.3,11.91
2016-12-28,0.0,19.45,25.46,14.49,70.25,1.26,15.03
2016-12-29,0.0,19.54,25.84,14.28,73.99,1.45,15.72
2016-12-30,0.0,19.6,24.88,14.88,80.06,1.21,14.47
2016-12-31,0.0,20.23,24.43,16.91,79.32,0.9,14.39
2017-01-01,0.0,19.54,24.79,15.28,80.15,1.14,14.93
2017-01-02,0.0,20.08,25.63,15.5,77.58,1.1,15.58
2017-01-03,0.0,19.99,25.28,15.68,76.86,1.25,13.84
2017-01-04,0.0,19.3,24.4,14.57,75.27,1.28,14.9
2017-01-05,0.0,18.72,24.8,13.95,76.54,1.38,15.13
2017-01-06,0.0,18.19,23.82,13.45,76.6,1.33,13.13
2017-01-07,0.0,18.09,24.13,12.92,75.07,1.17,13.89
2017-01-08,0.0,18.58,24.48,12.8,71.98,1.17,15.63
2017-01-09,0.0,18.37,24.27,13.68,73.58,1.38,15.8
2017-01-10,0.09,18.19,23.96,13.06,72.81,1.31,13.19
2017-01-11,0.0,17.71,22.78,13.88,74.19,1.18,14.98
2017-01-12,0.0,16.83,22.41,11.62,67.85,1.34,15.24
2017-01-13,0.0,15.55,21.6,11.0,72.31,1.39,15.56
2017-01-14,0.0,14.96,21.21,8.71,69.9,1.17,16.53
2017-01-15,0.0,15.91,23.1,9.79,71.39,1.31,16.77
2017-01-16,0.0,16.33,22.43,10.39,69.07,1.34,16.81
2017-01-17,0.0,16.59,23.04,10.37,65.92,1.36,16.61
2017-01-18,0.0,17.61,24.2,11.04,62.66,1.26,16.55
2017-01-19,0.0,18.71,25.74,12.41,65.09,1.35,17.03
2017-01-20,0.0,18.35,24.33,12.29,65.32,1.39,15.89
2017-01-21,0.0,18.65,24.96,12.55,64.2,1.21,17.13
2017-01-22,0.0,19.19,25.71,12.66,68.19,1.23,17.25
2017-01-23,0.0,18.49,24.12,12.94,74.15,1.27,17.44
2017-01-24,0.0,19.64,26.33,13.16,69.64,1.13,17.48
2017-01-25,0.0,19.97,26.65,13.86,67.45,1.51,17.51
2017-01-26,0.0,20.38,26.37,14.6,66.42,1.24,18.26
2017-01-27,0.0,20.6,26.19,14.89,69.96,1.32,11.6
2017-01-28,0.01,19.67,25.28,15.3,72.52,1.51,12.71
2017-01-29,0.0,18.7,24.24,13.52,72.74,1.34,15.37
2017-01-30,0.0,18.61,24.32,13.35,74.92,1.35,15.59
2017-01-31,0.0,18.18,23.65,13.14,73.94,1.33,15.58
2017-02-01,0.0,17.79,24.25,12.17,71.15,1.38,16.05
2017-02-02,0.1,18.78,24.36,13.66,63.21,1.35,17.37
2017-02-03,0.43,18.36,24.28,12.39,69.06,1.32,16.88
2017-02-04,0.0,19.93,26.61,13.8,70.1,1.56,18.83
2017-02-05,0.0,20.76,27.07,14.86,64.74,1.37,18.17
2017-02-06,0.0,20.34,26.22,14.9,62.66,1.24,19.04
2017-02-07,0.0,20.66,25.42,16.44,65.04,1.13,17.53
2017-02-08,0.0,19.74,25.61,14.07,68.08,1.29,16.82
2017-02-09,0.0,19.43,25.29,13.82,61.28,1.32,18.18
2017-02-10,0.0,18.55,25.21,12.25,62.12,1.35,18.45
2017-02-11,0.0,20.33,27.13,14.05,62.04,1.22,16.26
2017-02-12,0.0,20.74,26.99,15.49,67.33,1.59,17.81
2017-02-13,0.0,20.61,25.94,13.97,62.24,1.29,16.87
2017-02-14,0.0,21.29,27.5,15.25,65.92,1.37,18.56
2017-02-15,0.0,21.61,28.23,15.66,64.28,1.4,18.74
2017-02-16,0.0,21.12,27.52,15.33,68.43,1.3,19.26
2017-02-17,0.0,21.13,27.42,15.75,70.72,1.4,19.55
2017-02-18,0.0,21.69,27.91,15.89,68.68,1.42,19.52
2017-02-19,0.0,21.52,27.06,16.12,68.36,1.31,16.63
2017-02-20,8.23,21.28,26.4,16.55,75.38,1.79,9.94
2017-02-21,37.37,22.44,27.31,18.61,88.92,2.14,14.03
2017-02-22,67.24,22.54,27.62,18.71,87.79,1.87,15.21
2017-02-23,23.86,22.19,27.05,17.87,83.29,1.81,14.67
2017-02-24,0.0,20.31,25.89,14.54,49.91,1.6,21.0
2017-02-25,0.0,18.99,26.05,11.64,51.56,1.49,21.63
2017-02-26,0.0,19.79,25.62,13.52,49.25,1.28,21.54
2017-02-27,0.0,19.73,26.32,12.82,57.67,1.44,21.43
2017-02-28,0.0,20.97,27.33,14.41,59.67,1.39,20.87
2017-03-01,0.0,21.42,27.87,15.12,57.51,1.34,19.95
2017-03-02,0.0,22.19,28.27,15.22,57.06,1.4,20.86
2017-03-03,0.0,22.47,28.12,16.98,68.96,1.43,14.05
2017-03-04,0.01,22.01,27.48,17.06,75.39,1.62,8.33
2017-03-05,5.63,22.11,27.37,17.31,78.34,1.64,8.73
2017-03-06,8.39,22.73,27.7,19.3,80.45,1.42,17.37
2017-03-07,7.72,22.12,27.26,17.35,77.18,1.09,19.51
2017-03-08,14.6,22.64,27.98,16.59,65.74,1.45,15.7
2017-03-09,0.25,22.92,27.19,18.97,72.68,1.21,15.31
2017-03-10,4.85,23.97,28.06,18.87,71.12,1.02,15.64
2017-03-11,40.88,23.27,26.78,19.67,89.42,2.09,6.04
2017-03-12,1.26,21.97,26.5,18.89,73.9,1.9,14.45
2017-03-13,0.04,20.42,25.67,15.14,58.4,1.59,22.64
2017-03-14,0.0,20.13,26.83,12.73,51.73,1.44,22.51
2017-03-15,0.0,19.99,26.75,13.0,56.17,1.31,24.46
2017-03-16,0.0,20.99,28.41,14.04,53.46,1.51,24.22
2017-03-17,0.05,21.37,27.62,13.66,55.61,1.36,21.42
2017-03-18,19.59,21.89,27.58,15.94,69.1,1.19,15.28
2017-03-19,1.56,22.56,27.32,16.96,70.19,1.28,21.47
2017-03-20,4.72,19.54,22.19,16.83,78.95,2.45,5.72
2017-03-21,0.66,21.43,26.62,15.85,69.82,1.22,20.99
2017-03-22,0.0,22.49,27.68,16.33,69.15,1.35,22.14
2017-03-23,0.06,24.13,28.75,18.61,66.91,1.29,16.87
2017-03-24,5.22,25.78,29.78,21.08,67.51,1.23,17.13
2017-03-25,65.18,24.38,28.35,20.32,84.46,0.9,10.31
2017-03-26,0.01,24.93,29.9,19.42,72.24,1.22,19.52
2017-03-27,13.63,25.05,28.61,20.37,78.4,1.08,17.72
2017-03-28,21.19,25.39,29.2,21.11,80.85,1.12,12.39
2017-03-29,75.99,25.28,29.11,21.36,85.78,2.25,7.81
2017-03-30,51.2,25.84,29.85,22.81,90.0,3.04,12.37
2017-03-31,78.46,25.85,29.81,22.4,88.39,1.57,11.38
2017-04-01,87.65,25.44,29.29,21.86,89.91,2.11,16.4
2017-04-02,72.75,25.26,29.73,21.83,90.66,2.27,17.09
2017-04-03,92.94,24.81,28.05,22.53,91.87,2.54,8.52
2017-04-04,25.43,24.36,27.72,21.33,90.05,1.61,6.97
2017-04-05,38.48,25.21,28.43,22.59,88.22,1.27,5.17
2017-04-06,8.2,25.55,29.2,21.43,83.44,0.98,15.23
2017-04-07,10.28,25.92,29.79,21.64,87.59,1.77,17.69
2017-04-08,22.06,26.84,30.59,23.84,89.99,1.33,18.6
2017-04-09,16.87,26.85,30.95,23.51,89.38,1.79,15.86
2017-04-10,1.25,26.48,30.09,23.67,83.13,1.51,21.58
2017-04-11,10.31,25.86,30.03,22.08,77.38,1.3,22.01
2017-04-12,0.0,26.22,31.24,20.17,67.42,1.21,24.15
2017-04-13,0.0,26.76,31.75,21.26,69.75,1.32,24.28
2017-04-14,0.0,26.95,31.95,21.33,72.99,1.22,24.28
2017-04-15,0.36,26.6,30.21,22.84,77.94,1.14,21.14
2017-04-16,56.69,25.68,29.17,21.89,76.4,1.17,15.4
2017-04-17,0.17,26.2,32.93,20.15,74.48,2.09,23.15
2017-04-18,0.43,26.78,30.15,23.67,78.95,1.55,20.93
2017-04-19,65.21,25.54,28.02,23.08,91.9,2.01,12.49
2017-04-20,66.77,25.32,27.38,23.73,92.67,1.67,13.33
2017-04-21,94.86,24.81,26.66,22.87,94.75,1.53,9.52
2017-04-22,81.4,24.82,27.05,23.54,94.17,1.78,3.85
2017-04-23,44.4,25.08,27.75,22.78,93.27,2.23,5.78
2017-04-24,23.93,25.78,28.76,23.57,92.37,2.52,7.35
2017-04-25,36.02,26.5,30.32,23.18,92.0,2.5,13.96
2017-04-26,46.29,26.7,30.16,23.86,92.13,2.11,18.99
2017-04-27,71.55,26.27,29.47,23.37,91.66,1.52,19.79
2017-04-28,20.42,26.49,28.8,23.28,83.69,0.82,20.76
2017-04-29,35.68,26.93,29.87,22.64,82.82,0.78,24.61
2017-04-30,34.51,26.7,29.92,23.3,87.67,1.24,23.11
2017-05-01,36.61,25.91,28.0,23.37,88.42,1.03,23.79
2017-05-02,14.53,26.29,29.63,23.0,85.06,1.13,24.67
2017-05-03,0.45,27.45,30.55,22.53,76.94,0.9,25.14
2017-05-04,12.73,28.04,31.68,23.58,78.17,1.09,24.64
2017-05-05,5.89,27.17,30.6,24.01,87.69,1.46,20.41
2017-05-06,15.93,27.18,30.52,22.98,83.64,0.79,20.88
2017-05-07,14.87,26.85,29.91,23.4,85.78,1.14,21.61
2017-05-08,7.98,27.83,30.74,24.69,82.5,0.95,20.02
2017-05-09,9.34,27.07,29.91,24.35,85.43,0.86,11.5
2017-05-10,2.07,27.72,31.24,23.86,74.87,0.86,19.69
2017-05-11,7.6,28.11,31.41,23.74,78.8,1.07,19.11
2017-05-12,1.29,28.52,31.72,25.11,78.74,0.97,15.31
2017-05-13,9.63,28.6,31.66,24.87,81.89,1.14,17.92
2017-05-14,28.93,28.63,31.59,25.47,83.09,0.87,12.41
2017-05-15,36.99,28.14,30.52,25.86,86.54,2.21,15.96
2017-05-16,36.38,26.71,28.99,25.19,91.44,2.07,18.51
2017-05-17,0.89,27.45,30.06,25.1,88.58,1.74,22.5
2017-05-18,19.59,28.43,31.79,24.99,86.13,1.34,21.37
2017-05-19,44.49,28.39,31.07,25.59,87.09,1.01,17.25
2017-05-20,44.74,28.59,31.79,25.48,87.63,1.19,19.84
2017-05-21,30.17,28.86,31.73,25.72,84.1,0.8,22.63
2017-05-22,18.23,28.69,31.5,25.63,85.97,1.14,17.41
2017-05-23,20.49,29.0,32.04,25.68,85.93,0.85,22.17
2017-05-24,39.05,28.76,31.29,26.47,90.06,1.22,17.86
2017-05-25,39.22,29.68,32.22,26.75,82.59,0.81,21.73
2017-05-26,11.7,29.37,32.32,26.65,81.84,1.11,20.99
2017-05-27,3.92,29.7,33.38,25.61,77.73,1.11,18.74
2017-05-28,1.17,29.49,32.18,26.01,78.53,1.15,25.24
2017-05-29,1.52,28.28,30.95,25.33,85.87,1.91,18.61
2017-05-30,53.36,27.65,30.9,25.61,87.26,6.42,7.26
2017-05-31,49.28,27.09,30.39,24.69,92.72,3.43,13.61
2017-06-01,60.85,27.58,30.03,25.57,93.58,2.65,3.28
2017-06-02,108.34,27.59,30.09,25.82,93.04,2.78,10.71
2017-06-03,95.76,27.71,30.76,24.77,93.26,2.84,13.68
2017-06-04,38.66,28.18,31.34,25.56,91.55,1.77,10.28
2017-06-05,13.26,28.53,31.26,25.73,86.44,1.09,14.41
2017-06-06,12.47,29.75,33.12,25.91,82.58,1.08,23.37
2017-06-07,4.83,29.27,32.57,26.07,86.04,1.43,24.68
2017-06-08,8.5,28.89,31.12,27.23,87.16,0.74,20.48
2017-06-09,3.47,28.27,31.27,25.96,89.59,1.08,23.03
2017-06-10,19.17,28.5,31.11,26.16,87.77,1.19,22.89
2017-06-11,43.17,27.64,29.46,25.92,90.23,1.63,14.78
2017-06-12,93.37,27.39,30.72,24.81,90.36,4.71,3.39
2017-06-13,113.76,26.7,29.0,24.57,95.12,2.44,8.9
2017-06-14,34.99,27.48,29.37,25.1,86.94,0.96,9.08
2017-06-15,15.18,27.58,30.19,25.32,90.34,1.75,22.56
2017-06-16,279.92,26.25,28.59,24.28,92.79,2.0,9.25
2017-06-17,83.16,27.03,29.2,25.31,93.95,2.48,6.26
2017-06-18,43.87,27.58,30.02,25.36,94.39,2.65,11.92
2017-06-19,51.11,26.15,27.74,24.91,95.5,2.29,4.03
2017-06-20,13.41,26.67,28.67,25.14,94.56,1.93,10.24
2017-06-21,50.73,27.19,29.81,24.82,92.63,1.77,17.28
2017-06-22,65.08,27.66,30.62,25.08,92.58,2.09,8.16
2017-06-23,14.97,28.61,31.56,25.47,86.73,1.23,21.75
2017-06-24,26.22,28.86,32.33,26.17,87.12,1.25,19.9
2017-06-25,17.96,28.07,31.28,26.33,88.49,1.34,21.99
2017-06-26,24.77,28.55,31.39,25.99,87.3,1.25,21.52
2017-06-27,17.69,27.7,29.41,25.82,87.61,1.23,18.58
2017-06-28,26.82,27.87,30.18,25.74,86.16,1.12,14.34
2017-06-29,15.61,28.09,30.6,25.58,88.99,1.44,19.02
2017-06-30,57.26,27.62,29.62,25.79,93.36,1.76,13.81
2017-07-01,47.82,27.58,29.68,25.64,92.27,2.09,12.5
2017-07-02,59.68,27.88,30.82,25.6,91.54,2.57,16.75
2017-07-03,24.77,27.71,30.4,25.61,94.22,2.81,10.3
2017-07-04,60.58,27.9,30.34,26.02,93.78,2.88,12.25
2017-07-05,27.99,28.14,31.16,25.47,92.39,2.28,13.71
2017-07-06,29.94,27.98,30.62,25.2,88.59,1.45,19.6
2017-07-07,33.79,28.15,30.99,25.43,88.73,1.32,16.39
2017-07-08,37.42,27.47,29.5,25.92,93.56,2.05,16.9
2017-07-09,39.31,27.6,29.78,25.1,92.41,1.72,11.16
2017-07-10,44.29,27.58,30.55,25.3,92.63,1.98,8.44
2017-07-11,51.69,26.73,29.31,25.2,90.74,2.08,14.79
2017-07-12,32.05,27.11,29.37,24.48,85.64,1.09,17.57
2017-07-13,32.24,27.94,30.6,25.63,86.47,1.51,11.66
2017-07-14,10.04,27.84,31.28,25.22,89.91,1.67,16.56
2017-07-15,1.39,28.98,32.62,24.88,84.45,1.16,22.66
2017-07-16,18.41,29.81,32.84,27.24,84.28,1.4,24.94
2017-07-17,6.24,29.67,31.86,27.02,86.99,1.09,24.82
2017-07-18,14.77,30.18,33.45,26.87,84.23,1.2,20.43
2017-07-19,34.76,27.45,29.28,26.0,92.66,1.68,13.14
2017-07-20,36.9,26.95,28.65,25.42,92.38,1.5,9.69
2017-07-21,29.08,28.04,30.9,24.93,89.05,1.73,15.48
2017-07-22,12.15,28.98,31.9,25.52,85.2,1.54,22.76
2017-07-23,25.43,28.03,32.92,25.52,88.96,3.16,11.43
2017-07-24,28.21,26.67,29.39,24.86,92.68,2.71,9.75
2017-07-25,70.28,27.04,29.58,24.1,88.89,2.57,11.8
2017-07-26,57.5,26.85,29.0,24.83,89.9,1.18,13.01
2017-07-27,6.77,26.85,28.88,24.84,91.23,1.37,19.32
2017-07-28,9.36,28.06,30.31,25.06,88.69,1.07,20.2
2017-07-29,9.24,27.72,29.42,25.96,90.73,1.45,13.45
2017-07-30,10.22,28.58,31.54,25.71,88.24,2.15,18.81
2017-07-31,10.63,28.29,31.5,25.26,89.81,2.09,18.17
2017-08-01,12.84,27.47,29.15,25.9,94.54,1.89,9.87
2017-08-02,23.3,28.16,31.43,25.28,91.4,2.02,12.43
2017-08-03,22.76,28.2,31.06,25.8,91.4,1.95,17.46
2017-08-04,16.59,29.68,33.47,26.28,84.43,0.69,18.47
2017-08-05,36.14,28.93,31.58,27.1,89.74,1.51,16.23
2017-08-06,24.46,28.11,30.93,26.21,91.02,1.65,15.22
2017-08-07,38.0,28.04,31.03,25.71,90.34,2.36,12.03
2017-08-08,51.32,28.01,31.26,25.09,91.21,2.12,17.81
2017-08-09,68.46,27.63,30.53,25.51,93.58,2.87,15.73
2017-08-10,78.09,27.43,30.07,25.3,93.15,3.91,13.24
2017-08-11,197.11,27.2,28.61,25.69,95.11,3.98,2.74
2017-08-12,170.11,26.93,27.84,25.95,96.43,3.61,4.73
2017-08-13,91.29,26.88,28.84,25.2,92.35,2.17,9.54
2017-08-14,51.58,27.49,30.05,25.27,92.19,2.09,14.54
2017-08-15,35.37,27.55,30.07,25.06,93.37,2.22,8.79
2017-08-16,14.94,27.2,29.16,25.57,93.61,2.35,14.43
2017-08-17,17.45,28.06,31.5,24.5,88.58,1.38,21.14
2017-08-18,34.39,27.43,29.92,25.52,87.69,1.07,12.79
2017-08-19,8.67,28.11,31.58,25.54,87.61,1.24,21.6
2017-08-20,11.88,27.75,30.54,25.07,87.89,1.37,20.18
2017-08-21,16.55,28.5,31.72,25.78,85.37,1.19,20.24
2017-08-22,35.89,28.82,32.28,26.0,85.35,1.09,21.78
2017-08-23,42.64,28.29,31.17,26.06,88.64,1.2,21.09
2017-08-24,32.31,27.97,29.72,26.26,87.58,1.25,18.99
2017-08-25,9.25,28.23,31.12,25.68,87.59,1.27,19.82
2017-08-26,48.55,27.75,30.53,25.63,91.03,1.69,12.19
2017-08-27,20.87,28.64,32.68,24.53,84.22,1.24,21.36
2017-08-28,19.54,27.76,30.26,25.98,90.13,1.13,21.13
2017-08-29,13.57,27.73,30.89,24.98,90.05,1.55,17.24
2017-08-30,31.7,27.74,30.36,25.62,90.68,1.17,8.03
2017-08-31,28.17,28.26,31.24,25.78,88.08,1.36,11.97
2017-09-01,35.74,27.72,30.32,25.32,92.68,2.58,13.6
2017-09-02,26.65,27.45,30.13,25.79,92.5,2.35,16.16
2017-09-03,68.59,26.73,28.76,24.89,94.43,2.05,13.23
2017-09-04,26.04,26.75,28.61,25.27,95.36,1.88,13.55
2017-09-05,17.97,27.53,30.47,24.66,92.23,1.89,15.33
2017-09-06,13.29,27.77,30.59,25.36,89.82,1.26,8.91
2017-09-07,22.55,27.49,30.64,24.98,91.02,1.49,10.46
2017-09-08,92.38,27.32,30.53,24.38,90.94,1.75,11.07
2017-09-09,50.92,26.99,29.88,24.64,92.23,2.11,6.17
2017-09-10,26.13,26.25,28.48,24.63,95.66,1.99,4.73
2017-09-11,14.69,26.69,29.89,23.93,92.13,1.81,12.59
2017-09-12,8.64,27.07,29.76,25.31,88.45,1.09,16.19
2017-09-13,7.05,27.11,30.03,24.67,91.31,1.63,16.29
2017-09-14,27.11,27.35,30.24,24.54,87.99,1.11,12.47
2017-09-15,7.06,28.74,32.3,25.45,82.84,1.14,21.41
2017-09-16,3.65,29.79,33.16,26.32,82.55,1.08,23.06
2017-09-17,6.21,29.02,31.7,26.31,86.68,2.07,12.58
2017-09-18,18.03,28.27,32.1,24.89,82.98,2.3,19.81
2017-09-19,33.34,27.6,30.41,25.86,90.06,1.3,14.59
2017-09-20,51.75,27.51,29.93,25.52,91.36,1.64,9.02
2017-09-21,8.1,27.88,30.41,25.96,89.04,1.16,17.25
2017-09-22,24.21,27.25,29.42,25.7,91.29,1.27,17.62
2017-09-23,1.14,28.21,31.37,25.12,86.39,1.15,17.32
2017-09-24,2.2,28.92,32.82,25.49,82.32,1.28,19.13
2017-09-25,12.24,28.75,32.03,25.95,84.63,1.23,15.6
2017-09-26,1.93,29.31,32.49,26.26,81.67,1.14,10.83
2017-09-27,14.72,28.19,30.8,26.47,88.48,1.01,12.66
2017-09-28,29.64,28.13,31.45,26.06,89.03,0.88,17.32
2017-09-29,67.28,26.73,29.47,24.87,92.84,1.72,7.81
2017-09-30,69.97,26.76,29.52,24.73,93.37,1.51,11.57
2017-10-01,21.74,26.73,29.52,24.78,89.57,1.06,7.01
2017-10-02,5.45,27.6,31.02,24.88,84.27,1.03,19.63
2017-10-03,0.42,28.17,31.4,25.33,80.48,0.91,19.79
2017-10-04,2.36,28.38,31.44,24.67,82.06,1.01,20.57
2017-10-05,1.28,28.59,32.2,25.09,83.31,1.26,19.65
2017-10-06,8.26,28.17,31.08,25.34,85.27,0.86,19.54
2017-10-07,16.57,27.12,29.33,25.53,91.27,0.89,12.35
2017-10-08,31.03,26.59,29.0,24.81,88.71,0.79,17.23
2017-10-09,1.02,27.62,30.92,24.64,84.27,1.03,16.31
2017-10-10,2.86,28.08,31.46,24.97,83.49,1.09,19.45
2017-10-11,2.97,28.19,31.61,24.95,86.36,1.1,19.31
2017-10-12,10.52,28.38,31.75,25.69,86.8,1.36,16.99
2017-10-13,25.09,26.59,29.09,24.26,92.77,1.61,13.34
2017-10-14,18.08,26.8,29.61,24.43,91.34,1.54,14.55
2017-10-15,16.27,27.4,30.81,24.98,86.02,0.9,15.79
2017-10-16,0.05,27.94,31.49,24.12,78.57,1.02,18.61
2017-10-17,5.07,28.72,33.12,24.2,80.47,1.57,19.25
2017-10-18,10.85,26.88,29.24,24.96,87.84,1.58,16.28
2017-10-19,4.1,26.78,28.87,24.67,86.16,0.98,10.23
2017-10-20,90.93,25.39,27.82,23.18,89.56,1.42,5.05
2017-10-21,153.88,23.96,26.53,22.94,93.78,3.47,1.99
2017-10-22,23.91,24.23,27.35,21.75,93.14,2.7,8.4
2017-10-23,3.22,24.54,28.38,21.23,89.08,1.27,16.58
2017-10-24,0.0,25.08,28.8,21.71,81.37,0.96,15.85
2017-10-25,0.0,24.73,29.62,20.2,75.26,0.93,16.35
2017-10-26,0.0,24.84,30.77,19.46,66.35,1.21,18.65
2017-10-27,0.0,23.25,28.37,18.37,72.08,1.28,18.81
2017-10-28,0.0,24.13,29.43,18.68,70.46,1.14,18.84
2017-10-29,2.96,23.32,27.72,20.55,86.13,2.05,13.7
2017-10-30,6.2,21.56,24.86,19.47,89.88,1.8,3.15
2017-10-31,0.06,22.57,27.01,18.73,78.99,1.34,17.17
2017-11-01,0.0,22.94,27.93,18.37,79.81,1.19,17.98
2017-11-02,0.0,23.61,28.88,18.5,77.47,1.27,18.75
2017-11-03,0.0,24.17,29.51,19.62,77.82,1.72,18.88
2017-11-04,0.0,24.44,29.99,20.61,79.28,2.18,18.47
2017-11-05,0.0,24.8,29.42,21.24,75.97,1.59,18.44
2017-11-06,0.0,24.6,29.54,19.91,73.92,1.46,18.22
2017-11-07,0.0,24.08,29.91,19.49,75.01,1.52,18.58
2017-11-08,0.0,23.96,29.79,19.03,71.18,1.49,18.58
2017-11-09,0.0,23.38,28.81,17.87,71.01,1.13,18.34
2017-11-10,0.0,23.53,28.76,18.46,75.33,1.12,18.19
2017-11-11,0.0,24.23,29.63,19.33,78.42,1.34,17.11
2017-11-12,0.0,24.11,29.53,19.5,79.96,1.15,17.79
2017-11-13,0.0,23.78,28.64,19.35,79.13,1.18,16.73
2017-11-14,0.0,24.03,28.79,19.63,79.8,1.45,14.24
2017-11-15,0.79,23.2,27.83,20.77,82.48,1.38,7.23
2017-11-16,9.09,23.12,27.52,19.54,83.76,1.11,5.01
2017-11-17,6.85,23.98,27.9,21.54,87.22,1.2,12.57
2017-11-18,1.06,24.61,28.41,21.53,84.78,1.21,11.69
2017-11-19,0.0,24.0,28.46,20.43,85.48,1.18,13.63
2017-11-20,0.0,23.58,28.92,19.19,76.97,1.2,16.28
2017-11-21,0.0,22.92,27.11,19.23,75.96,1.11,14.13
2017-11-22,0.0,21.86,26.67,17.72,76.37,1.11,14.78
2017-11-23,0.0,20.89,25.7,15.97,75.65,1.09,14.0
2017-11-24,0.0,20.59,24.76,15.88,78.04,1.29,14.98
2017-11-25,0.0,20.75,26.19,16.02,80.35,1.14,15.73
2017-11-26,0.0,20.44,25.2,15.84,77.22,1.15,15.79
2017-11-27,0.28,19.64,24.86,14.9,84.51,1.19,15.87
2017-11-28,0.0,19.37,24.39,14.7,83.3,1.14,14.07
2017-11-29,0.0,19.75,25.54,15.12,76.44,1.24,15.77
2017-11-30,0.0,19.78,25.55,14.97,74.49,1.13,15.89
2017-12-01,0.0,19.89,25.92,14.6,75.4,1.31,16.47
2017-12-02,0.0,19.76,25.6,14.75,76.78,1.29,16.7
2017-12-03,0.0,19.45,24.55,14.7,74.09,1.15,16.74
2017-12-04,0.0,19.34,24.83,14.46,74.01,1.18,15.65
2017-12-05,0.0,19.74,25.18,14.68,76.1,1.16,16.44
2017-12-06,0.0,19.45,24.26,14.53,79.82,1.14,15.41
2017-12-07,0.0,20.35,25.73,15.02,74.48,1.2,15.71
2017-12-08,0.47,19.53,23.64,17.25,79.85,1.24,8.01
2017-12-09,18.49,20.49,23.09,17.53,90.02,1.06,4.9
2017-12-10,68.31,22.19,25.39,19.55,89.83,0.8,3.78
2017-12-11,23.94,22.05,24.59,20.08,94.48,1.38,5.43
2017-12-12,0.85,21.81,25.67,18.77,86.98,1.19,12.27
2017-12-13,0.0,20.46,24.84,16.55,83.68,1.1,12.74
2017-12-14,0.0,19.77,24.6,15.56,83.51,1.17,9.29
2017-12-15,0.0,18.61,23.51,14.16,82.72,1.29,12.43
2017-12-16,0.0,19.0,24.16,14.65,81.22,1.26,12.17
2017-12-17,0.0,19.06,24.52,14.71,82.17,1.27,11.5
2017-12-18,0.0,18.81,23.86,14.44,81.92,1.31,14.82
2017-12-19,0.0,19.01,24.29,14.19,82.66,1.28,11.42
2017-12-20,0.0,19.85,24.67,16.47,83.96,1.64,14.58
2017-12-21,0.0,19.41,24.27,15.06,77.86,1.34,14.23
2017-12-22,0.0,19.35,23.4,15.75,84.0,1.08,14.03
2017-12-23,0.0,19.41,24.13,15.25,83.61,1.06,14.75
2017-12-24,0.0,19.8,25.15,15.43,80.93,1.2,14.31
2017-12-25,0.0,19.16,24.49,14.78,83.07,1.22,15.13
2017-12-26,0.0,19.54,24.75,15.0,81.5,1.22,14.9
2017-12-27,0.0,20.18,26.3,15.46,77.44,1.33,14.55
2017-12-28,0.0,20.04,26.09,15.89,76.94,2.06,15.84
2017-12-29,0.0,19.27,25.04,14.22,77.36,1.27,15.68
2017-12-30,0.0,20.3,26.11,15.28,74.72,1.51,16.06
2017-12-31,0.0,20.45,25.95,15.88,79.33,1.22,15.92
2018-01-01,0.0,19.65,24.44,15.3,82.6,1.17,13.13
2018-01-02,3.68,18.73,22.76,16.27,83.36,0.82,9.63
2018-01-03,8.19,17.4,22.13,14.0,85.2,1.33,9.3
2018-01-04,0.6,16.48,22.63,11.26,82.73,1.07,14.8
2018-01-05,0.0,16.53,22.58,12.1,82.18,1.5,12.94
2018-01-06,0.0,15.17,21.04,10.47,82.38,1.29,12.78
2018-01-07,0.0,13.45,19.34,7.61,72.98,1.3,14.72
2018-01-08,0.0,13.17,20.5,7.61,73.83,1.42,12.8
2018-01-09,0.0,14.14,19.97,8.0,74.2,1.3,13.7
2018-01-10,0.0,14.45,19.49,8.47,79.02,1.29,15.31
2018-01-11,0.0,14.81,20.36,9.6,82.29,1.23,12.36
2018-01-12,0.0,15.73,21.93,10.61,82.17,1.32,10.53
2018-01-13,0.0,15.33,20.86,10.66,84.27,1.31,10.38
2018-01-14,0.0,16.42,23.07,10.84,81.21,1.25,11.72
2018-01-15,0.01,16.13,21.32,11.55,85.85,1.17,9.87
2018-01-16,0.0,17.16,22.85,12.3,83.5,1.29,9.61
2018-01-17,0.0,17.43,23.32,12.32,84.81,1.3,12.88
2018-01-18,0.0,18.42,23.53,13.35,80.09,1.28,13.08
2018-01-19,0.0,18.15,23.49,13.27,82.99,1.29,13.91
2018-01-20,0.0,17.36,22.09,12.75,82.06,1.19,15.18
2018-01-21,0.0,17.84,23.33,12.2,81.03,1.19,15.7
2018-01-22,0.0,18.22,23.74,13.21,82.03,1.31,16.35
2018-01-23,0.0,17.9,23.03,12.97,82.58,1.37,16.18
2018-01-24,0.0,17.24,23.09,12.62,85.74,1.3,16.32
2018-01-25,0.0,17.65,22.77,14.02,75.2,1.16,13.49
2018-01-26,0.0,16.27,22.4,11.51,72.1,1.42,15.48
2018-01-27,0.0,14.93,20.1,11.18,69.71,1.4,16.46
2018-01-28,0.0,13.75,19.82,8.3,70.17,1.46,16.87
2018-01-29,0.0,14.14,19.9,8.41,68.19,1.41,17.27
2018-01-30,0.0,14.41,19.83,8.82,69.55,1.28,15.7
2018-01-31,0.0,15.22,20.78,10.3,74.25,1.31,13.26
2018-02-01,0.0,16.71,21.59,11.61,75.51,1.28,12.67
2018-02-02,0.0,18.25,22.7,12.63,80.17,1.07,13.52
2018-02-03,0.0,17.97,23.04,13.16,83.69,1.21,14.39
2018-02-04,0.0,18.29,23.05,14.29,85.24,1.35,13.98
2018-02-05,0.0,19.03,24.35,13.98,83.12,1.21,11.79
2018-02-06,0.0,19.18,23.81,14.91,83.74,1.33,12.58
2018-02-07,0.0,18.94,23.88,14.96,76.03,1.26,14.03
2018-02-08,0.0,18.56,23.09,15.39,77.11,1.39,12.53
2018-02-09,0.0,18.51,23.95,13.21,72.74,1.44,15.86
2018-02-10,0.0,19.36,24.17,14.64,71.78,1.23,13.62
2018-02-11,0.0,18.54,23.94,13.62,64.47,1.26,14.77
2018-02-12,0.0,19.82,27.1,13.41,66.99,1.39,18.88
2018-02-13,0.0,20.59,26.43,14.11,68.43,1.34,17.71
2018-02-14,0.01,19.7,25.04,14.52,75.4,1.46,15.28
2018-02-15,0.01,19.41,24.91,13.73,73.7,1.39,19.19
2018-02-16,0.0,19.85,26.06,14.83,74.32,1.52,20.27
2018-02-17,0.0,18.94,24.58,13.52,70.65,1.38,19.63
2018-02-18,0.0,19.46,24.51,13.28,66.97,1.29,17.86
2018-02-19,0.0,20.53,26.08,14.28,64.12,1.31,19.4
2018-02-20,0.0,20.37,26.34,15.32,71.31,1.35,17.78
2018-02-21,0.0,20.79,26.42,15.76,69.31,1.31,19.29
2018-02-22,0.0,20.93,26.47,14.69,64.71,1.26,16.67
2018-02-23,1.15,21.36,26.69,16.24,69.46,1.23,17.81
2018-02-24,12.9,22.63,27.47,18.18,74.36,1.14,18.73
2018-02-25,0.31,23.38,28.04,18.03,71.53,1.03,19.0
2018-02-26,38.23,21.79,25.78,18.18,78.96,1.17,16.27
2018-02-27,0.03,21.86,26.97,16.88,70.2,1.2,18.81
2018-02-28,0.0,22.18,26.93,17.5,73.13,1.27,18.72
2018-03-01,0.0,22.35,27.01,17.04,73.24,1.38,18.4
2018-03-02,0.22,22.92,27.23,18.47,70.67,1.18,18.27
2018-03-03,0.47,22.81,27.96,17.77,75.49,1.64,19.15
2018-03-04,0.03,23.54,28.79,17.51,77.49,1.34,19.73
2018-03-05,0.27,24.07,28.48,19.06,73.43,1.02,17.42
2018-03-06,0.0,22.61,28.66,18.08,72.72,1.48,18.39
2018-03-07,0.0,23.16,29.09,17.13,52.04,1.2,21.02
2018-03-08,0.0,22.0,29.18,15.53,62.99,1.62,21.23
2018-03-09,0.0,23.16,28.54,16.56,61.56,1.3,21.5
2018-03-10,0.0,23.02,28.84,17.09,56.6,1.45,22.41
2018-03-11,0.11,22.86,28.93,16.01,55.38,1.31,21.9
2018-03-12,0.79,22.93,28.91,16.92,63.78,1.29,21.45
2018-03-13,1.35,23.15,27.88,18.81,70.9,1.08,14.04
2018-03-14,0.0,23.06,28.0,17.43,72.19,1.33,18.24
2018-03-15,0.45,24.24,28.82,19.48,73.36,1.22,18.51
2018-03-16,6.82,23.54,28.54,19.36,82.01,1.73,13.44
2018-03-17,4.48,23.97,28.45,18.73,77.99,1.09,17.83
2018-03-18,0.68,24.38,28.9,19.38,69.75,1.19,19.64
2018-03-19,0.0,24.41,30.32,17.42,57.08,1.24,22.23
2018-03-20,0.0,24.06,29.79,17.91,60.47,1.32,22.93
2018-03-21,0.0,24.88,30.52,18.71,59.58,1.36,22.05
2018-03-22,0.0,25.08,30.72,19.84,63.2,1.34,21.59
2018-03-23,0.87,25.08,29.93,19.22,67.74,1.15,17.85
2018-03-24,0.0,25.45,29.95,21.51,70.55,1.03,18.15
2018-03-25,6.98,25.83,30.77,20.64,67.6,1.23,20.96
2018-03-26,3.31,25.94,30.97,21.36,68.97,1.21,16.57
2018-03-27,18.5,24.99,29.03,20.52,73.47,0.99,18.13
2018-03-28,0.81,24.9,29.4,19.91,74.12,1.07,17.71
2018-03-29,9.2,25.41,29.46,21.32,73.67,1.11,18.78
2018-03-30,21.24,24.93,29.85,20.68,78.13,1.04,19.48
2018-03-31,16.62,24.55,28.72,20.11,69.31,1.48,12.6
2018-04-01,0.3,24.91,31.25,19.34,67.57,1.67,21.62
2018-04-02,0.0,25.62,31.95,19.99,68.37,1.35,17.13
2018-04-03,0.22,25.57,30.23,21.11,71.63,1.43,20.69
2018-04-04,0.72,26.24,31.55,20.34,68.15,1.22,22.45
2018-04-05,3.83,25.26,29.29,20.66,74.01,1.21,20.02
2018-04-06,29.84,25.02,29.14,20.35,75.32,1.13,11.91
2018-04-07,2.22,25.76,30.16,21.06,74.7,1.41,19.09
2018-04-08,8.84,23.33,25.29,21.62,90.52,0.92,9.06
2018-04-09,15.2,24.98,28.72,20.93,82.7,1.17,21.75
2018-04-10,12.77,25.69,29.23,21.53,79.3,1.07,17.77
2018-04-11,17.85,25.03,28.92,20.69,81.04,1.3,16.29
2018-04-12,9.98,25.37,29.47,20.98,79.77,1.41,22.43
2018-04-13,4.74,25.42,29.89,20.6,76.92,1.41,23.49
2018-04-14,37.28,25.96,29.88,21.71,79.83,1.16,15.89
2018-04-15,2.42,26.26,30.8,21.86,77.88,1.18,23.01
2018-04-16,8.96,27.55,31.9,21.7,66.43,1.02,23.14
2018-04-17,8.87,27.49,31.46,22.58,69.27,1.09,9.67
2018-04-18,8.01,26.35,29.83,23.32,77.25,1.2,21.74
2018-04-19,20.17,25.76,29.26,21.51,83.29,1.32,18.14
2018-04-20,26.7,26.32,30.3,22.4,86.06,1.44,15.96
2018-04-21,60.67,26.39,30.07,23.09,89.3,1.91,9.97
2018-04-22,18.12,26.86,30.89,23.29,87.35,1.74,14.53
2018-04-23,2.55,26.87,30.64,22.73,82.9,1.12,20.91
2018-04-24,16.82,26.75,31.81,20.79,69.62,1.13,22.38
2018-04-25,4.03,26.4,31.48,21.27,73.94,1.35,25.44
2018-04-26,10.78,27.14,31.87,21.01,61.13,0.89,18.53
2018-04-27,8.81,26.41,29.68,23.28,68.96,0.92,15.67
2018-04-28,4.06,26.91,31.02,21.72,73.28,1.26,23.15
2018-04-29,100.35,24.98,26.75,23.16,87.84,1.44,4.23
2018-04-30,60.52,24.93,28.46,21.06,85.34,1.1,4.32
2018-05-01,45.04,25.22,28.62,21.41,82.72,1.02,16.65
2018-05-02,9.48,25.26,28.6,21.53,80.5,1.33,16.35
2018-05-03,7.46,25.95,29.12,22.12,80.33,1.16,22.96
2018-05-04,33.73,25.81,28.47,23.3,85.3,0.94,9.49
2018-05-05,43.38,25.97,29.26,23.01,90.37,1.95,13.17
2018-05-06,24.05,26.76,30.34,23.36,90.23,2.35,17.08
2018-05-07,34.8,26.88,30.79,24.15,90.41,2.05,10.05
2018-05-08,34.09,27.08,30.86,23.44,90.09,1.89,9.0
2018-05-09,37.74,26.91,30.69,23.82,90.89,1.66,7.6
2018-05-10,44.73,26.42,29.61,22.56,89.64,1.32,8.56
2018-05-11,23.73,26.48,29.62,23.09,84.6,0.89,16.16
2018-05-12,2.76,26.35,29.02,23.89,81.13,1.03,23.88
2018-05-13,3.41,27.01,30.52,22.61,79.32,1.1,22.93
2018-05-14,2.5,26.26,28.39,24.53,88.34,1.48,21.46
2018-05-15,11.46,26.02,29.09,23.65,90.18,1.4,19.45
2018-05-16,35.68,25.52,28.52,23.23,88.82,1.24,16.4
2018-05-17,13.64,26.28,29.39,22.43,84.24,1.1,15.11
2018-05-18,17.31,26.34,29.74,23.41,88.4,1.77,11.97
2018-05-19,18.33,26.42,29.84,22.9,88.91,1.96,18.82
2018-05-20,31.18,26.8,30.03,23.77,90.14,2.52,18.97
2018-05-21,17.78,26.91,29.97,24.23,90.47,1.85,11.23
2018-05-22,12.52,26.85,29.56,24.64,91.36,1.77,12.5
2018-05-23,4.15,27.22,30.27,24.74,90.02,1.45,15.12
2018-05-24,46.73,26.94,29.67,24.61,90.64,1.67,6.16
2018-05-25,70.24,26.96,29.5,24.44,92.51,1.89,15.07
2018-05-26,54.6,27.55,30.07,25.05,92.01,1.44,14.51
2018-05-27,31.85,28.35,30.57,25.57,87.08,1.15,21.73
2018-05-28,21.3,28.42,31.19,26.04,84.73,0.72,21.94
2018-05-29,16.48,29.0,33.07,24.39,73.99,1.07,21.39
2018-05-30,3.64,28.68,33.72,23.6,77.71,1.72,22.98
2018-05-31,52.01,27.68,30.48,25.97,88.78,1.61,6.75
2018-06-01,8.85,27.16,29.36,25.57,89.43,0.98,14.49
2018-06-02,29.82,27.45,29.65,24.22,84.75,0.9,20.28
2018-06-03,5.34,28.3,31.09,25.89,86.01,1.27,20.88
2018-06-04,9.75,28.16,29.96,25.96,85.99,0.8,20.56
2018-06-05,7.67,29.95,34.89,26.95,77.93,0.95,23.77
2018-06-06,23.98,28.97,33.35,26.24,86.4,1.29,19.73
2018-06-07,17.01,28.17,30.66,25.73,87.74,1.63,18.42
2018-06-08,5.21,29.0,31.65,25.93,82.69,1.19,20.07
2018-06-09,9.8,29.35,31.93,27.06,83.97,1.44,19.99
2018-06-10,20.55,28.78,33.13,25.67,87.56,2.91,20.35
2018-06-11,48.38,28.56,32.94,24.91,86.18,3.06,11.69
2018-06-12,71.68,27.78,29.88,25.54,93.28,3.07,9.42
2018-06-13,95.01,27.19,29.66,25.22,94.22,2.05,8.58
2018-06-14,80.83,27.9,30.65,25.32,94.0,2.31,5.65
2018-06-15,94.73,27.39,29.37,25.78,94.31,1.78,5.69
2018-06-16,30.16,27.28,30.16,24.52,91.67,1.74,10.76
2018-06-17,32.24,28.34,31.65,25.29,87.68,1.04,12.27
2018-06-18,27.0,28.78,31.9,25.33,87.67,1.19,16.25
2018-06-19,35.81,29.1,32.38,26.21,86.19,1.1,14.06
2018-06-20,2.59,28.84,31.34,26.31,87.95,1.19,18.95
2018-06-21,14.22,28.03,29.9,26.52,91.89,1.59,18.06
2018-06-22,25.53,28.2,30.56,26.16,90.25,1.54,21.01
2018-06-23,81.55,28.07,30.89,25.74,91.22,2.02,15.24
2018-06-24,49.32,27.62,30.37,25.18,91.63,2.5,17.15
2018-06-25,44.47,28.08,30.99,25.61,91.31,2.17,10.24
2018-06-26,19.05,27.99,30.96,25.77,87.69,1.62,15.99
2018-06-27,18.56,28.96,32.4,25.57,86.03,1.48,20.02
2018-06-28,7.89,27.75,30.15,25.61,90.74,1.64,20.69
2018-06-29,15.71,27.55,30.37,24.86,90.14,2.08,20.95
2018-06-30,40.53,26.97,29.16,24.89,93.63,2.05,17.54
2018-07-01,46.11,27.33,29.31,25.36,93.23,2.51,20.71
2018-07-02,47.32,27.85,31.11,25.34,91.95,3.53,11.24
2018-07-03,87.18,27.16,29.06,25.55,94.57,3.7,7.87
2018-07-04,85.2,27.42,29.96,25.27,93.69,3.93,8.84
2018-07-05,23.43,27.68,30.77,24.94,90.35,2.09,12.35
2018-07-06,4.8,28.7,31.92,25.68,88.64,1.48,19.19
2018-07-07,2.65,28.5,30.94,26.08,83.82,1.21,18.16
2018-07-08,14.88,28.55,31.62,25.93,88.24,1.85,16.24
2018-07-09,6.0,28.48,32.12,25.36,88.94,1.59,19.37
2018-07-10,12.46,28.19,30.72,25.52,89.18,1.27,16.37
2018-07-11,3.15,28.74,31.62,25.97,88.5,1.28,20.76
2018-07-12,11.89,27.77,29.85,26.43,86.96,1.01,19.2
2018-07-13,10.15,29.01,31.18,26.72,83.82,0.98,15.71
2018-07-14,38.56,29.08,31.86,27.01,85.32,0.9,21.77
2018-07-15,3.16,30.54,34.13,26.41,78.47,0.95,23.09
2018-07-16,24.67,29.67,33.38,27.13,86.69,1.54,20.98
2018-07-17,8.76,28.88,31.43,25.89,85.59,1.48,19.61
2018-07-18,13.1,29.87,32.85,26.81,82.98,0.93,23.02
2018-07-19,0.61,31.42,34.76,27.99,79.54,1.15,24.39
2018-07-20,13.09,31.14,33.76,27.71,84.39,1.03,20.6
2018-07-21,10.12,29.13,31.73,25.92,84.4,1.33,12.44
2018-07-22,49.16,28.18,29.86,26.29,88.1,1.41,13.14
2018-07-23,43.6,27.71,30.43,25.33,91.1,1.74,7.78
2018-07-24,34.79,27.08,28.85,25.66,93.86,1.67,11.75
2018-07-25,25.84,27.64,29.84,25.61,91.35,1.86,16.92
2018-07-26,47.82,27.75,31.01,24.8,90.81,2.09,16.1
2018-07-27,44.54,28.21,31.43,24.69,88.75,1.76,16.05
2018-07-28,37.42,27.98,31.09,25.46,90.64,2.35,13.8
2018-07-29,45.58,28.0,30.87,25.57,90.67,1.41,18.01
2018-07-30,13.14,27.2,28.89,25.47,92.48,1.72,14.51
2018-07-31,22.99,27.25,29.49,25.29,90.18,1.52,15.38
2018-08-01,31.37,27.42,30.82,24.98,90.99,2.23,14.84
2018-08-02,26.94,26.72,30.12,24.28,93.01,2.87,11.06
2018-08-03,13.0,27.17,30.17,24.72,89.9,1.96,10.86
2018-08-04,25.95,27.95,31.43,25.05,89.64,1.56,20.15
2018-08-05,7.57,28.66,31.59,25.65,88.57,1.1,10.27
2018-08-06,4.18,28.34,30.37,25.67,86.9,1.29,20.52
2018-08-07,11.57,28.89,32.44,26.21,86.01,1.29,20.64
2018-08-08,12.66,27.96,30.83,26.49,87.3,1.19,19.42
2018-08-09,5.68,27.35,29.0,25.71,89.47,1.13,15.63
2018-08-10,2.27,28.34,31.65,25.62,86.8,1.1,20.27
2018-08-11,35.13,27.82,30.08,25.91,92.33,1.83,11.37
2018-08-12,16.09,27.52,29.31,25.64,88.67,1.1,13.45
2018-08-13,18.04,28.73,31.61,25.75,83.52,0.9,17.5
2018-08-14,1.69,29.02,30.89,26.71,83.84,0.9,18.52
2018-08-15,65.1,29.95,33.66,26.32,83.77,1.26,21.32
2018-08-16,25.64,28.57,31.16,26.58,87.14,1.26,22.02
2018-08-17,26.43,29.06,31.5,26.76,85.5,0.89,20.22
2018-08-18,14.07,30.58,33.82,27.52,80.67,0.88,19.73
2018-08-19,5.56,30.78,34.23,27.36,84.56,1.46,21.39
2018-08-20,8.49,30.19,33.79,27.28,85.22,0.77,14.35
2018-08-21,11.62,28.08,30.54,26.21,90.93,1.72,11.58
2018-08-22,6.75,28.56,31.45,25.66,88.11,1.39,16.4
2018-08-23,17.82,28.85,32.16,25.87,88.7,1.44,15.82
2018-08-24,72.97,27.41,28.8,26.37,93.06,2.06,11.72
2018-08-25,43.99,27.87,30.19,25.49,87.34,0.84,17.17
2018-08-26,29.11,27.76,30.61,24.96,87.22,1.19,17.33
2018-08-27,9.12,28.21,30.33,26.21,83.17,1.04,14.67
2018-08-28,36.11,27.98,29.9,26.23,85.23,1.11,18.15
2018-08-29,12.27,27.78,30.58,25.15,90.97,1.98,15.7
2018-08-30,11.1,28.18,31.46,25.27,88.87,1.23,17.29
2018-08-31,17.34,28.71,31.46,26.21,86.65,1.18,20.92
2018-09-01,51.11,27.2,29.25,25.23,93.73,1.41,13.12
2018-09-02,30.33,27.16,30.42,24.14,90.47,1.99,15.31
2018-09-03,31.17,27.67,30.64,24.54,90.35,1.73,17.93
2018-09-04,12.34,28.71,32.24,25.35,87.47,1.23,16.52
2018-09-05,46.16,28.76,31.62,26.75,87.53,1.42,19.6
2018-09-06,11.45,28.59,32.05,25.34,84.58,1.3,19.81
2018-09-07,5.24,27.56,30.67,24.77,87.9,1.29,18.36
2018-09-08,5.18,27.41,30.64,24.25,89.18,1.46,18.58
2018-09-09,19.74,27.43,30.2,25.29,90.29,1.6,18.42
2018-09-10,75.3,27.27,29.89,25.03,90.82,1.76,11.03
2018-09-11,22.24,27.11,29.79,25.02,91.81,2.28,8.53
2018-09-12,60.59,26.52,28.15,25.2,94.66,2.47,9.57
2018-09-13,25.46,26.91,29.38,24.72,91.71,1.53,10.46
2018-09-14,15.14,26.77,28.6,24.87,92.7,1.36,7.17
2018-09-15,3.03,28.04,31.24,24.8,85.78,0.82,20.82
2018-09-16,1.11,28.59,31.99,25.49,83.16,1.03,18.27
2018-09-17,4.72,29.12,32.31,25.43,83.34,1.2,21.25
2018-09-18,1.07,29.62,31.98,26.84,81.28,1.0,21.22
2018-09-19,1.5,28.58,30.92,26.57,86.47,1.44,18.25
2018-09-20,3.54,27.87,30.63,26.09,87.12,1.23,14.48
2018-09-21,6.7,27.42,30.64,25.31,86.45,0.89,20.02
2018-09-22,1.71,27.43,30.81,24.68,85.84,1.07,18.62
2018-09-23,0.34,27.9,31.13,25.55,83.58,1.32,16.15
2018-09-24,5.12,27.46,30.32,25.59,86.2,1.35,10.64
2018-09-25,22.57,26.79,29.58,24.22,92.68,1.98,9.1
2018-09-26,2.71,27.01,30.06,24.51,89.79,1.56,11.52
2018-09-27,36.4,27.34,30.97,23.92,84.96,1.16,9.65
2018-09-28,0.77,27.5,31.43,23.96,82.62,1.05,17.68
2018-09-29,1.86,28.08,32.39,25.02,82.97,0.93,14.33
2018-09-30,4.86,27.97,31.13,24.83,83.08,1.16,16.93
2018-10-01,5.44,27.78,31.53,24.15,79.7,1.15,18.76
2018-10-02,0.19,27.27,31.03,23.48,77.84,1.29,20.06
2018-10-03,0.8,26.53,30.66,22.54,80.33,1.21,18.72
2018-10-04,3.26,26.78,31.08,22.52,79.22,1.12,17.47
2018-10-05,0.56,26.86,31.1,22.92,79.79,1.15,19.52
2018-10-06,4.9,26.67,30.24,22.92,79.41,1.05,17.97
2018-10-07,0.35,26.38,30.08,22.6,80.19,1.06,17.46
2018-10-08,0.37,26.3,30.0,22.26,76.75,1.03,18.27
2018-10-09,0.29,25.46,29.31,21.05,78.19,1.2,17.78
2018-10-10,16.15,25.32,29.12,21.92,79.34,1.12,10.17
2018-10-11,6.63,24.32,27.27,21.86,87.33,1.13,8.46
2018-10-12,8.27,24.19,27.23,21.27,85.61,1.2,5.52
2018-10-13,19.92,24.03,26.83,22.33,89.18,0.72,5.37
2018-10-14,30.1,25.16,29.26,21.77,87.96,1.31,15.57
2018-10-15,0.4,24.23,28.98,19.57,79.62,1.43,13.22
2018-10-16,0.07,23.83,28.63,19.7,76.08,1.08,19.26
2018-10-17,0.01,23.8,27.85,20.5,73.84,1.2,19.67
2018-10-18,0.01,24.02,28.32,19.03,77.31,1.09,18.56
2018-10-19,0.0,23.94,28.37,19.25,80.28,1.22,18.98
2018-10-20,0.0,24.58,29.13,20.05,77.8,1.12,19.01
2018-10-21,0.0,24.88,30.23,20.2,75.6,1.21,19.61
2018-10-22,0.0,24.83,29.78,19.76,76.19,1.2,19.41
2018-10-23,0.0,24.6,29.07,19.72,77.42,1.08,18.63
2018-10-24,0.01,24.68,28.87,20.19,77.16,1.11,18.76
2018-10-25,0.0,23.98,28.72,19.56,79.2,1.32,18.48
2018-10-26,0.0,24.19,29.17,19.63,81.64,1.4,18.68
2018-10-27,9.73,24.97,28.74,21.49,80.78,1.24,17.95
2018-10-28,8.03,24.1,27.91,20.42,82.22,1.29,4.98
2018-10-29,0.09,22.82,27.34,19.69,79.45,1.39,9.36
2018-10-30,0.01,23.6,28.64,20.75,82.97,1.41,10.91
2018-10-31,0.41,24.1,28.21,20.56,83.0,1.66,15.65
2018-11-01,0.01,24.67,28.74,21.32,81.77,1.17,18.52
2018-11-02,0.14,24.24,28.59,20.2,81.75,1.21,17.95
2018-11-03,2.05,23.84,27.55,20.42,83.39,1.14,15.61
2018-11-04,2.72,22.98,26.91,19.11,89.23,1.3,12.74
2018-11-05,2.1,23.13,27.07,19.38,89.51,1.27,11.23
2018-11-06,6.35,23.58,27.03,20.68,88.9,1.24,10.57
2018-11-07,0.0,23.06,29.91,17.36,68.61,1.18,16.32
2018-11-08,0.0,22.53,28.21,17.98,74.05,1.49,17.25
2018-11-09,0.0,21.56,26.49,17.25,77.59,1.23,17.42
2018-11-10,0.0,21.78,26.98,16.93,76.47,1.14,17.19
2018-11-11,0.0,21.75,26.62,17.35,74.94,1.07,17.34
2018-11-12,0.0,20.95,25.83,16.0,78.75,1.12,16.88
2018-11-13,0.0,21.02,26.19,16.52,79.76,1.27,17.25
2018-11-14,0.0,21.16,26.28,16.49,78.1,1.17,16.76
2018-11-15,0.0,21.56,25.73,16.86,77.74,0.98,16.13
2018-11-16,0.0,21.7,25.61,18.02,81.7,0.85,14.64
2018-11-17,0.08,20.86,25.12,17.15,87.05,1.27,11.9
2018-11-18,0.01,20.51,25.91,16.26,75.42,1.15,14.11
2018-11-19,0.0,19.53,25.08,14.84,75.39,1.25,15.56
2018-11-20,0.0,19.34,24.65,15.07,75.26,1.17,15.76
2018-11-21,0.0,20.35,26.3,15.1,75.15,1.17,15.93
2018-11-22,0.0,21.12,26.67,16.49,75.82,1.32,16.3
2018-11-23,0.0,20.28,25.0,16.4,79.36,1.12,16.03
2018-11-24,0.0,20.21,25.32,15.41,79.27,1.2,16.27
2018-11-25,0.0,20.58,26.11,15.84,78.89,1.17,16.86
2018-11-26,0.0,20.3,25.28,15.95,77.89,1.23,16.66
2018-11-27,0.0,21.05,26.81,16.33,76.02,1.33,16.8
2018-11-28,0.0,20.44,26.1,15.59,74.26,1.28,16.89
2018-11-29,0.0,19.95,25.34,15.05,73.44,1.14,16.65
2018-11-30,0.0,19.66,25.31,14.61,72.67,1.08,16.41
2018-12-01,0.0,19.64,24.45,14.96,71.55,1.13,14.69
2018-12-02,0.0,19.32,24.53,14.45,75.06,1.08,14.76
2018-12-03,0.0,19.05,24.5,13.92,76.19,1.1,14.49
2018-12-04,0.0,19.23,24.9,14.35,76.05,1.24,15.32
2018-12-05,0.0,19.71,24.29,15.51,72.88,0.84,14.9
2018-12-06,0.0,19.42,23.79,15.77,76.28,0.83,12.69
2018-12-07,0.0,18.62,24.56,14.65,80.24,1.05,15.19
2018-12-08,0.0,18.69,24.64,13.56,77.26,1.21,15.63
2018-12-09,0.0,18.45,24.18,13.4,74.89,1.2,16.05
2018-12-10,0.0,18.83,24.94,13.5,72.43,1.17,16.15
2018-12-11,0.0,19.24,25.84,13.42,75.35,1.28,15.39
2018-12-12,0.0,19.21,24.72,13.91,78.59,1.07,14.95
2018-12-13,0.0,19.53,25.5,14.42,75.18,1.25,14.73
2018-12-14,0.0,19.04,24.22,15.09,78.49,1.11,13.5
2018-12-15,0.0,19.25,24.56,14.87,74.0,1.06,11.47
2018-12-16,0.0,19.85,25.17,14.94,73.15,1.19,10.09
2018-12-17,2.14,19.98,24.16,16.99,78.76,1.46,5.1
2018-12-18,26.14,18.99,21.37,17.1,89.53,2.34,3.26
2018-12-19,0.3,19.02,23.14,15.72,84.8,1.11,5.33
2018-12-20,0.0,18.24,22.95,15.13,81.82,1.15,13.34
2018-12-21,0.0,17.45,21.74,13.95,83.98,1.04,13.35
2018-12-22,0.0,18.41,24.59,12.75,76.99,1.03,15.25
2018-12-23,0.0,18.86,24.22,13.73,66.85,1.12,15.93
2018-12-24,0.0,17.48,23.34,11.38,72.54,1.16,15.84
2018-12-25,0.0,16.5,20.98,11.64,80.57,1.22,14.82
2018-12-26,0.0,16.34,22.31,11.28,78.62,1.27,14.98
2018-12-27,0.0,16.1,21.27,10.68,74.36,1.14,14.26
2018-12-28,0.0,15.0,20.55,10.5,76.21,1.3,14.09
2018-12-29,0.03,15.53,22.88,8.84,65.49,1.27,14.47
2018-12-30,0.0,16.74,25.22,11.18,67.66,2.3,16.2
2018-12-31,0.0,18.02,24.3,12.35,60.58,1.48,16.36
2019-01-01,0.0,17.6,24.17,11.82,65.24,1.35,15.95
2019-01-02,0.0,16.92,23.48,11.55,69.81,1.35,15.84
2019-01-03,0.0,16.96,22.16,12.4,70.62,1.07,15.83
2019-01-04,0.0,16.0,21.88,11.08,72.8,1.13,15.43
2019-01-05,0.0,17.45,24.19,11.6,65.64,1.65,16.05
2019-01-06,0.0,17.97,24.52,12.39,66.58,1.46,16.35
2019-01-07,0.0,17.95,24.54,12.46,69.61,1.26,16.42
2019-01-08,0.0,17.75,23.54,11.47,70.39,1.3,16.06
2019-01-09,0.0,17.21,23.79,12.43,71.32,1.28,15.27
2019-01-10,0.01,16.34,21.97,11.17,72.85,1.23,14.58
2019-01-11,0.0,17.13,23.85,12.16,70.99,1.47,16.07
2019-01-12,0.0,16.88,23.35,10.49,63.65,1.16,16.55
2019-01-13,0.0,17.66,23.44,12.35,62.67,1.17,16.75
2019-01-14,0.0,17.03,23.07,11.43,71.81,1.29,15.26
2019-01-15,0.0,17.44,24.23,12.16,64.98,1.21,14.96
2019-01-16,0.0,17.41,23.75,12.01,68.99,1.67,16.56
2019-01-17,0.0,18.05,24.1,12.52,67.74,1.43,16.77
2019-01-18,0.0,17.1,22.56,11.96,68.91,1.14,16.57
2019-01-19,0.0,17.38,23.32,12.27,68.92,1.27,16.62
2019-01-20,0.0,17.26,23.44,12.02,73.5,1.28,16.18
2019-01-21,0.0,18.53,25.44,12.91,68.37,1.28,16.72
2019-01-22,0.0,18.77,25.18,13.87,71.66,1.24,17.24
2019-01-23,0.0,18.82,25.4,13.73,72.64,1.3,17.4
2019-01-24,0.0,19.99,25.89,15.18,64.03,1.17,16.85
2019-01-25,0.0,20.05,26.67,14.81,67.0,1.49,16.49
2019-01-26,0.0,19.89,26.11,14.63,69.6,1.31,16.61
2019-01-27,0.0,20.17,25.41,15.21,65.52,1.23,14.73
2019-01-28,0.0,20.09,25.44,15.31,67.86,1.23,10.84
2019-01-29,0.05,18.15,23.84,13.06,72.16,1.52,12.42
2019-01-30,0.0,16.05,22.47,10.54,59.41,1.38,17.76
2019-01-31,0.0,17.88,25.07,12.06,62.84,2.2,18.49
2019-02-01,0.0,18.23,25.36,12.59,64.37,1.48,17.98
2019-02-02,0.0,17.87,24.1,11.9,66.87,1.28,18.74
2019-02-03,0.0,18.13,25.02,12.54,64.88,1.28,18.39
2019-02-04,0.0,18.15,25.18,11.8,57.81,1.45,18.87
2019-02-05,0.0,18.67,24.84,13.73,59.66,1.29,17.77
2019-02-06,0.0,18.31,24.21,13.58,59.68,1.26,17.81
2019-02-07,0.0,18.82,25.6,13.17,62.86,1.3,17.64
2019-02-08,0.0,20.89,28.01,14.38,65.17,1.21,15.3
2019-02-09,1.9,21.39,26.38,17.5,71.19,1.36,12.68
2019-02-10,0.01,19.19,24.71,12.92,61.14,1.51,17.5
2019-02-11,0.0,18.55,25.61,12.31,61.28,1.5,19.74
2019-02-12,0.0,19.4,25.79,13.62,61.66,1.3,19.6
2019-02-13,0.0,20.25,26.87,14.51,65.02,1.4,20.06
2019-02-14,0.0,21.63,27.13,16.08,61.25,1.24,19.3
2019-02-15,0.0,21.44,27.35,16.41,65.66,1.28,18.47
2019-02-16,3.42,20.65,26.86,16.09,68.7,1.44,9.35
2019-02-17,9.56,18.55,22.81,14.94,78.71,1.66,10.6
2019-02-18,0.25,17.25,22.65,11.92,69.78,1.39,17.97
2019-02-19,0.0,17.96,24.29,12.61,63.78,1.44,17.53
2019-02-20,0.0,19.11,25.21,13.3,71.42,1.47,12.96
2019-02-21,0.0,20.26,25.95,15.52,68.46,1.79,16.8
2019-02-22,0.0,20.24,25.56,14.94,68.05,1.37,17.66
2019-02-23,0.03,20.55,26.09,15.23,74.64,1.41,13.19
2019-02-24,0.01,21.3,26.98,16.47,64.14,1.45,18.45
2019-02-25,9.08,20.44,25.93,15.39,60.25,1.13,11.52
2019-02-26,0.58,20.35,25.04,15.47,73.91,1.08,13.92
2019-02-27,9.97,19.41,23.43,15.17,80.92,1.4,9.78
2019-02-28,27.06,19.27,23.91,16.33,86.76,2.12,10.05
2019-03-01,0.03,17.67,23.17,12.24,60.95,1.76,21.62
2019-03-02,0.0,18.28,26.77,10.85,59.91,1.76,23.28
2019-03-03,0.0,19.16,25.46,13.0,64.06,1.44,19.43
2019-03-04,0.09,19.19,25.09,13.27,68.37,1.68,11.99
2019-03-05,6.14,18.52,20.84,15.87,83.18,1.16,10.39
2019-03-06,0.21,20.63,26.45,14.71,72.49,1.25,15.34
2019-03-07,0.53,22.04,26.54,17.74,61.49,1.43,15.5
2019-03-08,0.0,20.77,26.45,16.78,53.64,1.78,19.88
2019-03-09,0.0,19.82,25.96,13.27,52.4,1.42,22.32
2019-03-10,0.0,20.16,26.19,13.26,64.09,1.42,20.75
2019-03-11,0.01,21.83,26.43,16.84,71.25,1.17,18.93
2019-03-12,0.0,23.67,29.13,18.43,59.46,1.41,15.53
2019-03-13,0.0,23.18,29.66,15.75,57.77,1.32,19.05
2019-03-14,0.0,24.05,30.55,16.94,60.5,1.31,19.89
2019-03-15,0.0,24.88,31.67,18.74,62.31,1.42,16.92
2019-03-16,0.0,24.94,31.86,18.95,62.91,1.8,21.43
2019-03-17,2.89,25.89,32.09,18.48,54.6,1.31,20.27
2019-03-18,0.44,24.45,30.11,19.01,56.75,1.25,13.9
2019-03-19,0.9,23.28,29.21,16.89,62.26,1.42,18.27
2019-03-20,0.49,23.66,29.5,19.44,66.63,1.3,20.47
2019-03-21,0.97,24.73,30.63,18.97,62.19,1.19,18.66
2019-03-22,5.07,24.58,29.78,19.26,69.94,1.42,17.33
2019-03-23,2.76,25.02,30.64,20.38,72.62,1.66,20.72
2019-03-24,0.0,24.35,30.96,18.06,60.36,1.34,24.31
2019-03-25,0.0,25.21,32.43,17.92,46.11,1.42,23.84
2019-03-26,0.31,25.99,32.32,18.72,48.69,1.28,22.44
2019-03-27,5.28,25.2,31.24,19.22,54.69,1.74,13.84
2019-03-28,0.0,25.58,31.8,18.39,53.56,1.32,23.26
2019-03-29,0.0,25.97,32.03,19.28,57.3,1.38,22.22
2019-03-30,0.34,26.73,31.61,22.02,60.02,1.22,18.84
2019-03-31,20.82,25.78,29.8,21.69,75.57,1.51,12.6
2019-04-01,56.03,24.6,27.96,21.9,84.49,1.17,22.32
2019-04-02,20.09,24.95,29.23,19.87,79.48,1.04,14.66
2019-04-03,7.13,24.47,28.87,20.16,77.86,1.3,22.12
2019-04-04,1.73,24.91,29.51,19.66,75.49,1.13,18.21
2019-04-05,2.13,25.54,29.46,21.87,76.09,0.99,16.27
2019-04-06,14.13,25.42,29.62,20.88,72.61,1.25,11.42
2019-04-07,10.78,24.62,27.9,21.28,78.43,0.94,17.11
2019-04-08,1.58,24.68,28.4,21.61,78.57,1.23,11.17
2019-04-09,37.94,23.56,27.03,20.64,86.27,1.85,8.8
2019-04-10,0.36,24.37,28.15,20.01,80.0,1.1,18.7
2019-04-11,2.86,25.51,29.84,19.95,73.78,1.06,21.61
2019-04-12,2.05,26.38,30.82,21.27,73.06,1.27,17.29
2019-04-13,3.38,27.31,31.81,22.1,70.89,1.17,21.15
2019-04-14,3.48,26.82,31.44,22.03,74.62,1.24,23.19
2019-04-15,8.48,26.72,31.39,22.1,77.4,1.12,20.31
2019-04-16,12.37,26.93,31.46,22.26,77.65,0.94,20.2
2019-04-17,2.51,28.17,32.76,23.55,73.0,1.31,21.94
2019-04-18,0.0,27.2,31.89,22.17,69.03,1.47,23.18
2019-04-19,0.0,27.51,32.41,21.01,63.44,1.4,22.74
2019-04-20,1.23,27.68,32.7,21.67,58.7,1.22,19.82
2019-04-21,13.84,26.27,31.6,21.09,66.55,1.1,24.31
2019-04-22,6.5,26.83,33.05,21.06,66.36,1.44,18.04
2019-04-23,0.06,27.15,33.51,21.23,63.84,1.5,25.58
2019-04-24,3.51,27.98,34.29,21.87,65.16,1.63,24.83
2019-04-25,0.2,29.7,34.77,23.43,62.28,1.3,24.43
2019-04-26,0.2,30.01,34.57,24.5,64.18,1.1,22.0
2019-04-27,8.94,28.56,32.61,24.57,71.97,1.23,16.87
2019-04-28,17.09,28.78,33.65,24.62,80.19,1.72,14.41
2019-04-29,33.12,28.22,32.66,24.15,81.24,1.47,20.9
2019-04-30,37.83,28.13,31.75,24.37,82.54,1.53,18.3
2019-05-01,34.48,27.72,31.73,24.62,85.12,2.35,21.36
2019-05-02,22.17,28.18,31.79,23.81,79.8,1.5,19.56
2019-05-03,45.93,26.92,30.2,24.46,83.47,1.14,12.46
2019-05-04,160.21,26.43,29.71,24.17,85.43,4.51,3.53
2019-05-05,3.81,26.54,30.21,22.15,81.32,2.38,21.98
2019-05-06,11.3,27.41,32.29,23.37,83.9,1.78,20.96
2019-05-07,0.1,27.83,32.25,23.16,79.35,0.99,21.46
2019-05-08,1.25,28.69,32.71,23.81,77.14,1.21,20.14
2019-05-09,17.21,28.01,31.8,24.6,87.33,1.7,19.62
2019-05-10,32.07,28.32,32.24,24.51,85.36,1.39,19.93
2019-05-11,40.08,28.11,31.51,25.22,88.19,1.41,20.32
2019-05-12,10.73,27.93,30.65,25.58,86.43,1.37,19.99
2019-05-13,5.59,28.3,31.67,25.21,83.01,0.94,20.79
2019-05-14,27.56,28.17,31.05,24.94,78.4,0.98,22.65
2019-05-15,15.87,28.02,31.04,25.11,79.95,1.25,20.35
2019-05-16,5.26,27.96,31.56,23.91,78.01,1.17,19.52
2019-05-17,23.2,27.71,31.0,24.86,85.0,1.73,17.15
2019-05-18,29.13,27.75,31.36,24.61,87.82,1.67,15.49
2019-05-19,14.65,27.54,30.3,24.97,88.23,1.29,19.7
2019-05-20,2.01,27.89,30.66,24.82,82.1,0.63,22.99
2019-05-21,17.59,28.81,32.06,24.43,77.79,0.92,21.11
2019-05-22,50.68,28.56,31.43,24.86,82.6,0.99,20.82
2019-05-23,58.38,27.73,30.63,25.02,84.79,0.72,16.4
2019-05-24,86.52,27.28,29.76,25.05,90.31,2.4,6.97
2019-05-25,43.63,26.65,29.17,25.07,92.75,2.56,11.99
2019-05-26,12.15,27.7,30.96,23.92,85.45,1.12,19.16
2019-05-27,23.71,28.41,31.66,24.51,82.87,0.83,18.04
2019-05-28,14.26,28.66,32.44,24.33,79.52,1.05,25.77
2019-05-29,15.85,28.98,32.12,24.74,78.9,1.02,24.46
2019-05-30,6.52,29.01,32.3,25.53,82.69,1.2,22.05
2019-05-31,26.07,29.21,32.67,25.02,77.75,0.78,14.58
2019-06-01,50.31,27.8,30.11,25.7,85.12,0.8,15.19
2019-06-02,50.77,28.3,30.94,25.15,82.13,0.9,12.08
2019-06-03,74.91,27.63,29.23,25.83,83.15,0.9,9.77
2019-06-04,75.82,27.28,30.07,25.1,91.05,2.37,4.66
2019-06-05,17.34,26.51,29.78,24.35,90.46,2.19,8.49
2019-06-06,16.15,26.73,29.73,23.93,88.82,1.11,22.04
2019-06-07,39.93,27.51,29.83,25.49,88.28,1.16,14.49
2019-06-08,29.26,26.74,28.51,24.43,92.5,1.07,18.91
2019-06-09,11.01,27.77,30.89,24.98,91.12,1.68,14.66
2019-06-10,37.19,28.63,31.8,25.65,89.12,1.45,20.8
2019-06-11,6.27,28.69,31.51,26.26,88.11,1.49,22.08
2019-06-12,1.7,30.09,33.55,26.24,80.57,1.08,23.25
2019-06-13,1.54,30.76,34.32,27.49,80.93,1.21,21.94
2019-06-14,97.72,28.23,29.2,27.45,93.64,1.83,6.12
2019-06-15,28.65,28.54,30.95,26.71,91.9,1.89,8.35
2019-06-16,35.35,28.59,31.36,26.02,90.66,1.39,15.87
2019-06-17,102.0,28.72,31.2,26.17,89.81,1.06,13.49
2019-06-18,5.37,28.98,31.38,27.1,87.08,0.83,19.8
2019-06-19,0.26,30.69,33.64,27.35,77.48,1.02,23.38
2019-06-20,48.33,27.94,28.89,26.58,89.81,0.92,17.91
2019-06-21,24.16,28.74,32.04,25.93,88.76,1.27,16.86
2019-06-22,4.28,28.76,31.71,26.39,88.89,1.47,18.75
2019-06-23,0.86,28.91,32.12,25.47,87.35,1.39,21.31
2019-06-24,22.35,28.58,30.35,27.1,89.03,1.73,23.44
2019-06-25,66.68,28.91,31.3,26.86,90.04,2.24,13.72
2019-06-26,69.87,28.15,29.82,26.0,93.8,2.63,9.0
2019-06-27,134.84,27.65,28.99,26.42,94.3,3.06,8.59
2019-06-28,79.37,28.18,30.83,25.59,93.22,2.21,3.45
2019-06-29,29.48,28.45,30.77,26.35,88.89,1.29,20.91
2019-06-30,8.04,29.81,32.3,27.14,83.94,1.1,19.22
2019-07-01,17.62,30.21,33.34,27.18,85.29,1.47,20.89
2019-07-02,5.81,28.98,32.65,25.01,85.48,1.37,22.19
2019-07-03,5.48,28.95,31.95,26.39,87.25,1.0,22.06
2019-07-04,5.95,29.48,33.04,26.28,86.18,1.0,21.17
2019-07-05,9.0,28.99,31.93,26.68,89.14,1.39,20.53
2019-07-06,62.42,28.77,32.0,25.97,89.57,2.07,12.11
2019-07-07,44.89,28.29,31.95,25.85,92.18,2.91,11.05
2019-07-08,105.2,27.69,29.78,25.57,93.96,2.94,9.0
2019-07-09,167.19,27.75,30.91,25.35,92.75,3.39,5.52
2019-07-10,140.95,27.16,28.79,25.41,95.55,3.23,4.89
2019-07-11,135.45,27.2,28.84,25.75,95.43,3.48,4.75
2019-07-12,67.56,27.12,28.97,25.48,94.76,3.51,7.33
2019-07-13,109.55,27.29,29.39,25.5,94.51,3.07,10.31
2019-07-14,115.02,26.49,28.29,24.49,95.43,3.34,6.44
2019-07-15,107.06,27.12,29.05,25.1,95.08,2.02,4.01
2019-07-16,25.77,28.37,31.15,25.19,86.95,1.05,16.28
2019-07-17,8.7,29.05,32.37,25.65,84.81,1.19,22.12
2019-07-18,1.54,29.68,33.44,26.07,82.87,1.36,21.63
2019-07-19,7.07,28.89,31.88,26.32,86.3,1.44,20.2
2019-07-20,27.11,27.9,29.63,25.69,89.19,1.58,20.3
2019-07-21,39.86,28.37,30.9,25.82,90.38,1.94,16.59
2019-07-22,79.88,27.12,28.5,25.43,92.33,2.23,9.83
2019-07-23,121.89,27.11,29.58,24.32,91.76,1.94,17.54
2019-07-24,16.11,27.51,30.01,25.38,92.23,2.5,12.72
2019-07-25,20.19,28.0,31.12,25.08,88.4,1.43,17.03
2019-07-26,24.95,27.48,29.01,25.71,89.35,1.47,16.17
2019-07-27,31.48,28.2,32.02,24.67,86.21,1.67,15.47
2019-07-28,5.63,28.5,32.37,25.19,86.91,1.81,23.54
2019-07-29,26.37,27.47,30.31,24.51,89.41,1.55,20.15
2019-07-30,38.72,27.27,30.17,24.99,91.19,2.05,15.35
2019-07-31,34.93,27.37,30.17,25.11,91.12,1.32,15.54
2019-08-01,12.86,28.14,31.17,24.94,87.41,1.27,21.2
2019-08-02,32.7,28.16,30.47,25.18,87.85,1.23,22.96
2019-08-03,10.93,28.6,31.28,26.35,87.33,1.33,17.89
2019-08-04,3.18,29.43,32.32,26.25,83.68,1.03,21.61
2019-08-05,7.46,31.01,33.65,28.01,80.26,0.98,23.51
2019-08-06,1.55,30.31,33.24,27.67,84.87,1.47,22.74
2019-08-07,15.95,29.24,33.41,26.33,87.71,1.9,17.34
2019-08-08,15.63,28.34,31.69,25.09,87.63,1.78,14.95
2019-08-09,5.99,28.31,31.31,25.27,89.01,1.59,18.67
2019-08-10,6.99,28.89,32.06,25.76,88.43,1.27,19.25
2019-08-11,3.0,31.01,34.81,27.56,79.08,0.92,23.8
2019-08-12,10.08,29.86,34.06,27.17,86.4,1.64,21.83
2019-08-13,41.59,27.82,30.91,25.55,89.35,1.51,14.51
2019-08-14,62.28,27.21,30.14,24.89,92.06,1.86,11.79
2019-08-15,31.03,27.58,30.61,24.89,91.96,2.48,7.67
2019-08-16,38.12,26.96,28.65,25.91,94.8,2.31,9.42
2019-08-17,20.82,28.26,31.51,25.38,89.05,1.6,15.8
2019-08-18,42.4,27.7,30.62,25.49,90.71,1.79,16.6
2019-08-19,2.74,28.18,31.3,24.91,88.59,1.49,19.95
2019-08-20,5.83,28.13,31.02,25.48,89.61,1.73,16.79
2019-08-21,3.31,29.36,32.74,26.23,82.92,1.04,18.51
2019-08-22,6.91,29.49,32.62,26.93,83.2,1.13,20.93
2019-08-23,32.25,28.07,30.31,26.37,89.84,1.55,13.47
2019-08-24,15.99,27.72,31.05,25.28,89.3,1.57,16.78
2019-08-25,13.46,29.26,33.78,25.16,83.12,1.41,21.39
2019-08-26,3.98,29.08,32.89,26.58,84.41,1.06,22.43
2019-08-27,11.35,29.11,32.68,26.35,86.33,1.1,22.66
2019-08-28,33.63,28.59,30.81,26.6,88.33,0.85,14.48
2019-08-29,6.93,28.67,31.15,27.01,87.47,1.27,20.51
2019-08-30,3.79,29.38,32.36,26.73,83.95,1.25,16.79
2019-08-31,7.61,29.16,31.57,27.32,82.99,0.77,12.91
2019-09-01,7.16,29.87,33.18,26.25,78.74,1.23,21.51
2019-09-02,2.43,29.16,31.69,26.23,85.19,0.84,20.06
2019-09-03,12.69,29.08,31.69,26.62,87.38,0.66,20.77
2019-09-04,33.03,28.2,30.28,25.83,83.99,0.85,15.74
2019-09-05,35.17,28.84,31.84,25.77,82.37,1.05,18.12
2019-09-06,8.64,28.87,31.93,25.49,84.23,1.25,20.95
2019-09-07,21.79,28.95,32.01,26.03,85.81,1.37,18.8
2019-09-08,37.04,27.75,29.86,25.71,90.65,1.39,15.15
2019-09-09,14.62,28.03,31.6,25.13,91.31,2.09,14.29
2019-09-10,42.09,27.64,29.88,25.93,93.28,1.79,17.83
2019-09-11,21.41,28.29,31.45,25.86,91.0,1.73,16.87
2019-09-12,62.96,27.39,29.89,25.88,92.35,2.16,13.46
2019-09-13,82.75,26.97,29.55,25.19,93.55,2.51,13.59
2019-09-14,49.09,27.21,30.11,24.32,90.8,1.52,18.0
2019-09-15,12.69,28.28,31.2,25.44,86.5,1.14,19.21
2019-09-16,22.28,28.34,30.84,26.11,85.89,1.0,12.39
2019-09-17,14.04,28.49,31.89,25.6,83.04,0.95,17.36
2019-09-18,1.75,28.92,33.16,25.01,79.83,1.02,20.78
2019-09-19,3.72,28.9,32.6,25.3,80.0,1.24,21.88
2019-09-20,2.12,28.6,31.77,26.33,81.53,1.11,21.16
2019-09-21,2.9,28.1,31.46,24.73,84.11,1.05,19.24
2019-09-22,27.84,28.22,31.91,25.41,84.38,1.02,18.33
2019-09-23,13.09,26.21,28.25,23.88,88.32,0.89,15.79
2019-09-24,75.9,26.44,29.85,24.35,87.74,0.74,15.35
2019-09-25,7.02,25.7,28.86,23.91,85.93,0.89,8.45
2019-09-26,5.23,26.51,30.35,22.95,84.19,1.37,19.11
2019-09-27,0.8,26.79,30.08,23.85,84.32,1.21,18.82
2019-09-28,1.46,26.65,30.27,23.52,84.82,1.12,11.69
2019-09-29,13.52,25.99,29.49,23.41,83.48,1.07,14.15
2019-09-30,11.74,24.98,26.69,23.24,89.22,0.87,13.33
2019-10-01,104.97,25.07,27.71,22.97,90.02,1.26,8.26
2019-10-02,24.26,26.07,29.27,22.79,88.48,1.37,11.28
2019-10-03,38.35,26.22,29.23,23.8,90.14,1.48,16.37
2019-10-04,8.88,26.52,29.97,23.03,85.08,1.2,16.21
2019-10-05,8.92,27.0,29.89,24.04,84.98,1.18,13.64
2019-10-06,4.31,26.65,29.33,23.91,86.88,0.98,16.92
2019-10-07,8.64,26.76,29.61,24.12,85.27,0.97,17.41
2019-10-08,12.12,26.22,29.14,24.16,87.79,0.84,14.31
2019-10-09,27.0,25.66,28.04,23.6,87.15,0.86,19.13
2019-10-10,29.69,24.52,27.52,22.05,89.35,1.1,9.43
2019-10-11,6.66,25.65,29.18,22.38,86.52,1.01,16.78
2019-10-12,0.14,26.18,30.1,22.47,80.13,1.01,18.53
2019-10-13,0.0,25.56,30.12,21.39,81.72,1.12,20.1
2019-10-14,0.0,26.01,30.87,21.38,80.09,1.16,19.49
2019-10-15,5.3,27.0,31.37,23.01,81.82,1.16,18.69
2019-10-16,15.47,26.55,29.68,24.67,84.53,0.99,15.48
2019-10-17,6.32,27.55,31.59,24.02,79.41,0.91,19.18
2019-10-18,0.03,27.28,31.72,23.24,79.45,0.96,18.7
2019-10-19,0.02,27.06,30.82,23.32,79.07,1.05,18.36
2019-10-20,0.01,26.54,30.25,22.97,79.81,0.95,18.49
2019-10-21,1.78,25.67,29.61,22.36,84.02,1.41,15.85
2019-10-22,1.03,25.01,28.72,22.19,88.33,1.33,14.81
2019-10-23,0.04,24.54,28.8,20.23,79.04,1.06,14.47
2019-10-24,21.84,23.07,25.38,21.4,83.26,0.8,6.11
2019-10-25,93.42,22.72,25.22,21.17,89.93,1.74,6.42
2019-10-26,100.68,24.3,27.2,21.11,94.88,2.5,5.32
2019-10-27,2.19,25.35,28.66,22.92,87.59,1.3,10.7
2019-10-28,0.04,24.94,28.21,21.68,83.14,0.97,15.86
2019-10-29,0.0,25.14,28.91,21.69,86.0,1.13,16.64
2019-10-30,0.0,25.22,28.45,22.38,84.44,1.02,16.66
2019-10-31,0.0,24.15,27.84,20.39,82.4,1.01,15.62
2019-11-01,0.0,24.19,28.7,19.93,81.71,1.18,17.59
2019-11-02,0.0,24.61,29.54,19.9,79.22,1.26,18.32
2019-11-03,0.0,24.56,29.05,20.45,82.58,1.05,16.18
2019-11-04,0.0,24.48,28.19,21.01,80.65,1.0,16.14
2019-11-05,0.43,23.68,27.79,19.61,83.17,1.15,16.84
2019-11-06,0.48,23.72,27.89,19.34,79.8,1.15,16.31
2019-11-07,0.0,24.23,29.23,19.69,78.64,1.51,15.7
2019-11-08,1.84,25.11,31.0,20.98,79.75,1.55,11.52
2019-11-09,9.99,23.14,25.34,21.49,89.91,1.02,5.52
2019-11-10,13.13,22.47,25.45,20.98,88.26,2.57,2.87
2019-11-11,1.08,23.87,27.61,20.4,85.1,1.34,11.62
2019-11-12,0.02,23.97,27.44,20.79,85.24,1.05,15.23
2019-11-13,0.0,24.01,27.95,19.88,82.39,1.07,16.86
2019-11-14,0.0,24.35,29.1,19.8,79.12,1.29,17.52
2019-11-15,0.0,23.5,27.69,19.57,81.96,1.08,16.99
2019-11-16,0.0,22.46,26.79,17.84,84.39,1.03,16.77
2019-11-17,0.0,21.98,26.25,18.11,84.96,1.07,15.81
2019-11-18,0.0,21.86,26.15,17.62,84.18,1.07,16.18
2019-11-19,0.49,21.5,25.56,17.33,81.78,1.01,15.77
2019-11-20,0.05,20.8,25.7,16.89,82.09,1.07,14.22
2019-11-21,0.0,20.84,26.66,15.77,79.21,1.36,16.25
2019-11-22,0.0,20.25,25.18,15.9,80.89,1.2,16.63
2019-11-23,0.0,20.3,24.89,15.51,78.06,1.01,16.02
2019-11-24,0.0,20.66,25.08,16.91,80.5,1.07,16.18
2019-11-25,0.0,21.64,26.12,17.41,78.53,1.01,15.53
2019-11-26,0.0,21.3,25.86,17.0,79.94,1.02,16.19
2019-11-27,0.0,21.88,27.19,17.11,77.13,1.15,16.31
2019-11-28,0.0,22.73,28.34,17.76,74.72,1.2,16.28
2019-11-29,0.0,21.76,27.03,16.91,78.1,1.13,16.31
2019-11-30,0.0,21.0,25.64,16.23,81.19,1.13,15.61
2019-12-01,0.0,20.26,24.92,16.25,81.61,1.04,14.25
2019-12-02,0.0,19.36,24.33,16.21,81.85,1.05,13.97
2019-12-03,0.0,18.69,23.79,14.07,77.14,1.14,15.47
2019-12-04,0.0,19.18,25.37,14.24,75.9,1.39,15.93
2019-12-05,0.0,20.25,27.3,15.7,73.94,2.12,16.08
2019-12-06,0.0,19.3,24.57,15.08,72.46,1.93,15.84
2019-12-07,0.0,20.37,25.1,15.88,75.53,1.6,15.27
2019-12-08,0.0,20.3,25.02,15.96,74.87,1.36,14.71
2019-12-09,0.0,19.45,24.03,15.2,79.57,1.17,13.78
2019-12-10,0.0,18.72,22.59,14.79,81.79,1.11,12.06
2019-12-11,0.0,18.5,22.42,15.09,83.31,1.06,12.27
2019-12-12,0.0,18.04,22.57,13.69,82.27,1.09,14.39
2019-12-13,0.0,18.47,23.61,14.17,79.41,1.39,14.75
2019-12-14,0.0,18.71,24.02,13.74,77.94,1.15,14.87
2019-12-15,0.0,18.65,23.43,14.14,79.28,1.2,14.48
2019-12-16,0.0,18.41,22.94,14.79,84.15,1.15,10.48
2019-12-17,0.0,17.35,22.47,13.56,83.51,1.15,12.92
2019-12-18,0.0,16.87,22.16,12.12,80.41,1.31,13.82
2019-12-19,0.0,16.3,21.95,11.8,84.33,1.31,6.43
2019-12-20,0.0,15.8,20.49,11.51,85.74,1.13,11.25
2019-12-21,0.0,14.93,19.38,11.4,89.6,1.13,5.82
2019-12-22,0.0,15.18,20.36,11.1,89.46,1.08,10.81
2019-12-23,0.0,16.0,21.65,11.34,80.59,1.3,9.01
2019-12-24,0.0,15.65,21.3,11.0,83.26,1.28,10.37
2019-12-25,0.0,14.75,20.81,10.11,81.32,1.33,13.26
2019-12-26,0.09,16.79,21.83,13.37,69.5,0.96,12.48
2019-12-27,3.74,16.36,21.07,13.27,81.04,0.98,5.08
2019-12-28,0.02,16.57,22.58,11.33,76.58,1.27,11.45
2019-12-29,0.08,16.57,23.22,11.04,75.16,1.69,15.35
2019-12-30,0.0,16.99,23.44,12.02,73.63,1.87,14.31
2019-12-31,0.0,18.36,24.19,13.51,74.14,1.73,15.04
2020-01-01,0.05,18.84,24.2,15.96,77.93,1.74,11.51
2020-01-02,2.25,20.34,25.49,16.58,78.14,1.36,11.39
2020-01-03,25.8,18.28,22.01,16.45,86.43,1.5,7.09
2020-01-04,0.96,17.39,21.46,14.84,88.14,1.18,10.88
2020-01-05,2.17,16.32,22.29,12.26,85.91,1.45,6.85
2020-01-06,0.01,14.66,20.88,9.58,76.65,1.4,11.95
2020-01-07,1.83,15.04,21.03,10.09,78.17,1.34,8.61
2020-01-08,0.0,16.45,22.14,11.4,77.76,1.1,9.38
2020-01-09,0.64,16.84,21.86,13.29,80.01,1.19,5.17
2020-01-10,0.36,16.37,21.29,12.62,81.2,1.17,13.91
2020-01-11,0.01,16.3,22.32,11.46,81.98,1.35,8.92
2020-01-12,0.0,16.97,23.58,12.35,79.47,1.61,14.39
2020-01-13,0.0,16.81,22.89,11.38,81.32,1.37,8.47
2020-01-14,0.0,16.33,21.92,11.4,84.23,1.36,11.04
2020-01-15,0.0,17.15,23.06,12.47,83.44,1.53,13.32
2020-01-16,0.0,18.3,24.36,13.15,80.08,1.33,15.41
2020-01-17,0.0,18.96,24.99,14.41,78.74,1.39,15.91
2020-01-18,0.0,18.96,24.54,14.14,78.4,1.24,15.82
2020-01-19,0.75,18.73,24.99,14.27,81.79,1.2,13.61
2020-01-20,0.04,17.08,21.19,12.46,80.68,1.4,11.31
2020-01-21,0.0,14.93,19.48,10.03,73.76,1.28,14.66
2020-01-22,0.0,14.46,20.57,9.76,74.56,1.45,16.47
2020-01-23,0.0,14.34,20.25,8.56,73.5,1.56,14.12
2020-01-24,0.0,13.83,20.0,8.63,71.66,1.5,14.69
2020-01-25,0.0,15.38,22.55,9.88,72.44,1.52,16.54
2020-01-26,0.0,14.93,20.2,9.85,75.13,1.49,15.01
2020-01-27,0.0,14.89,19.69,10.59,77.06,1.39,13.05
2020-01-28,0.0,14.93,20.56,9.84,80.72,1.39,13.11
2020-01-29,0.0,15.89,21.49,11.42,77.85,1.48,10.49
2020-01-30,0.34,16.63,22.24,11.67,79.75,1.23,10.49
2020-01-31,2.43,17.03,21.57,13.79,79.61,1.39,11.56
2020-02-01,0.02,15.65,21.48,10.76,77.88,1.43,14.36
2020-02-02,0.0,15.36,21.04,11.11,70.32,1.64,15.35
2020-02-03,0.0,14.49,20.96,9.27,72.82,1.58,17.79
2020-02-04,0.0,15.85,22.24,10.41,74.43,1.5,18.0
2020-02-05,0.0,15.39,21.33,10.28,75.62,1.63,16.97
2020-02-06,0.0,16.09,23.08,11.39,69.09,1.5,17.25
2020-02-07,0.0,16.24,22.13,10.09,68.41,1.39,14.73
2020-02-08,0.0,17.56,23.88,12.39,72.26,1.33,11.96
2020-02-09,0.14,19.0,24.68,14.61,65.45,1.18,15.32
2020-02-10,0.04,16.93,23.27,11.37,73.26,1.48,18.46
2020-02-11,0.0,16.71,23.42,11.01,71.75,1.59,19.06
2020-02-12,0.0,17.3,23.53,11.75,70.04,1.54,18.41
2020-02-13,0.0,17.31,23.28,12.28,69.9,1.56,16.84
2020-02-14,0.0,18.15,23.23,14.32,64.18,1.38,16.49
2020-02-15,0.0,18.29,22.08,13.37,76.23,1.15,12.69
2020-02-16,0.0,19.83,24.53,15.07,78.36,1.05,15.55
2020-02-17,0.0,19.72,25.0,15.25,78.96,1.29,16.47
2020-02-18,0.04,19.61,24.67,13.19,68.42,1.35,16.15
2020-02-19,0.19,19.75,24.91,14.39,70.35,1.32,16.31
2020-02-20,0.0,19.24,24.24,14.74,72.34,1.22,15.56
2020-02-21,0.0,21.56,28.83,15.29,63.85,1.58,19.41
2020-02-22,0.0,21.77,27.34,16.32,70.83,1.42,18.45
2020-02-23,0.13,22.21,27.46,17.25,69.89,1.24,14.11
2020-02-24,0.62,21.24,26.13,17.31,73.68,1.19,15.59
2020-02-25,2.52,20.69,27.03,15.78,74.3,1.64,7.91
2020-02-26,9.56,20.05,24.52,16.64,76.44,1.32,12.3
2020-02-27,1.47,19.06,24.43,13.77,74.64,1.09,19.14
2020-02-28,0.02,19.84,26.21,14.06,70.91,1.42,21.31
2020-02-29,0.0,21.19,27.58,15.16,69.72,1.51,21.66
2020-03-01,0.0,21.26,27.37,15.18,70.31,1.47,21.01
2020-03-02,0.05,21.6,27.01,15.84,69.96,1.4,19.47
2020-03-03,1.28,21.55,26.93,17.48,70.11,1.23,15.84
2020-03-04,2.15,21.45,27.31,16.17,71.39,1.37,17.42
2020-03-05,5.88,21.76,26.66,17.36,75.48,1.25,17.75
2020-03-06,10.93,21.8,25.98,17.83,76.26,1.12,12.71
2020-03-07,2.22,21.22,25.79,16.75,79.89,1.11,7.6
2020-03-08,3.79,20.85,25.17,16.25,79.48,1.41,16.11
2020-03-09,0.01,21.04,25.94,16.41,66.46,1.52,21.73
2020-03-10,0.35,20.83,26.67,14.68,65.66,1.45,22.92
2020-03-11,0.0,21.2,26.45,15.35,64.39,1.42,22.03
2020-03-12,0.0,22.88,28.56,17.01,68.08,1.39,20.25
2020-03-13,0.0,24.26,29.99,18.8,70.27,1.33,22.18
2020-03-14,0.0,23.94,29.8,19.19,73.09,1.46,19.8
2020-03-15,0.0,23.9,29.52,18.86,71.03,1.45,18.9
2020-03-16,0.0,23.87,29.64,19.35,65.86,1.44,22.26
2020-03-17,0.0,22.92,28.97,18.18,61.88,1.56,21.74
2020-03-18,0.0,22.27,28.29,16.3,65.05,1.72,21.55
2020-03-19,0.0,22.84,29.04,16.26,58.75,1.36,22.38
2020-03-20,0.02,23.1,28.93,16.36,59.88,1.24,17.94
2020-03-21,0.22,23.08,28.6,17.6,61.08,1.35,19.12
2020-03-22,4.46,22.18,27.61,17.32,66.76,1.3,12.08
2020-03-23,0.29,22.25,27.34,17.22,69.94,1.35,20.48
2020-03-24,0.08,23.09,27.66,17.32,67.02,1.07,20.58
2020-03-25,0.0,24.48,30.0,18.21,63.48,1.25,22.83
2020-03-26,0.0,24.97,30.13,18.89,64.69,1.25,21.11
2020-03-27,0.0,25.74,30.9,19.99,64.15,1.35,22.43
2020-03-28,0.0,25.89,32.11,20.08,67.43,1.83,23.17
2020-03-29,0.0,25.63,32.5,21.03,62.63,2.11,23.82
2020-03-30,0.0,25.88,31.52,20.19,45.27,1.74,25.83
2020-03-31,0.0,25.28,31.77,17.4,47.46,1.41,25.66
2020-04-01,0.0,26.31,32.06,20.05,44.85,1.33,25.55
2020-04-02,0.06,27.21,33.05,21.21,58.86,1.54,19.86
2020-04-03,3.24,27.19,31.92,22.46,70.08,1.03,19.65
2020-04-04,2.62,26.37,31.44,21.4,64.87,1.14,23.42
2020-04-05,0.01,26.34,31.84,20.68,61.77,1.24,22.22
2020-04-06,0.0,26.77,31.92,21.28,60.83,1.14,22.49
2020-04-07,0.0,27.06,33.49,21.08,56.51,1.53,23.97
2020-04-08,0.28,28.35,33.76,22.53,60.19,0.93,16.93
2020-04-09,1.48,27.64,32.53,22.58,65.61,1.07,21.55
2020-04-10,0.29,28.2,33.66,23.25,58.33,1.09,23.13
2020-04-11,11.82,27.18,32.75,22.18,61.4,1.28,24.1
2020-04-12,7.12,26.63,31.66,21.77,62.46,1.37,18.36
2020-04-13,0.05,27.54,33.32,21.23,58.34,1.32,24.66
2020-04-14,0.0,29.31,34.62,24.43,56.57,1.02,22.34
2020-04-15,23.52,27.6,31.57,24.07,70.84,1.18,12.28
2020-04-16,20.94,26.17,29.75,22.04,73.12,1.0,21.59
2020-04-17,45.25,25.65,29.65,21.28,80.35,1.17,11.45
2020-04-18,30.18,25.22,27.16,23.03,85.47,0.91,9.62
2020-04-19,18.62,26.76,30.38,23.02,80.24,1.17,24.66
2020-04-20,37.37,26.2,30.06,21.79,80.98,0.97,18.34
2020-04-21,28.63,25.95,29.82,22.83,78.95,0.91,13.9
2020-04-22,10.92,23.51,26.74,20.8,80.08,0.99,14.79
2020-04-23,16.27,24.16,28.1,19.85,79.34,1.09,15.86
2020-04-24,39.69,23.49,26.83,20.58,81.91,1.03,13.45
2020-04-25,3.99,24.53,28.67,20.47,77.34,0.87,18.69
2020-04-26,4.24,25.28,29.59,21.11,76.95,1.32,15.82
2020-04-27,27.19,25.57,29.23,21.87,74.88,0.81,21.97
2020-04-28,13.77,23.7,26.52,21.52,85.27,1.52,14.19
2020-04-29,22.84,24.12,27.74,20.52,81.68,1.09,21.56
2020-04-30,8.41,25.72,29.58,21.4,77.23,1.03,22.23
2020-05-01,5.47,25.82,29.22,22.84,78.0,1.19,17.74
2020-05-02,22.37,25.81,29.19,22.53,78.44,1.06,12.11
2020-05-03,13.52,26.11,29.48,22.23,78.47,0.97,19.55
2020-05-04,26.63,26.95,30.19,23.74,77.1,1.3,21.39
2020-05-05,37.54,27.39,30.89,22.98,79.38,1.22,19.78
2020-05-06,24.78,26.57,30.22,23.29,82.09,0.89,12.47
2020-05-07,8.54,26.26,30.21,22.58,77.65,1.31,24.46
2020-05-08,2.73,26.52,31.03,21.48,72.36,1.35,26.75
2020-05-09,12.39,27.51,32.11,21.99,69.98,1.16,24.4
2020-05-10,1.94,28.24,32.89,23.81,72.23,1.19,25.56
2020-05-11,2.14,28.14,32.73,24.23,76.32,1.16,20.88
2020-05-12,2.38,28.1,31.76,24.88,78.48,1.48,24.48
2020-05-13,28.68,27.48,30.78,23.52,83.47,1.25,15.59
2020-05-14,6.56,27.74,31.43,23.57,80.18,1.05,22.35
2020-05-15,24.58,27.64,31.63,23.91,80.71,1.36,19.1
2020-05-16,29.65,28.35,31.73,24.91,81.64,1.22,17.21
2020-05-17,10.95,28.87,32.31,24.5,75.94,0.95,23.02
2020-05-18,0.36,28.98,32.59,24.95,77.26,1.08,22.83
2020-05-19,1.8,28.1,32.24,24.56,76.45,1.07,10.28
2020-05-20,16.87,27.65,32.33,23.73,77.11,2.95,11.11
2020-05-21,124.48,26.33,28.67,24.44,89.03,3.94,8.37
2020-05-22,103.58,26.6,29.37,23.8,89.66,2.32,8.53
2020-05-23,46.15,28.2,31.83,25.01,87.08,1.98,20.29
2020-05-24,141.83,27.88,31.48,24.86,90.12,2.5,13.83
2020-05-25,81.57,27.53,31.02,24.34,90.91,2.76,10.91
2020-05-26,89.85,27.21,30.52,24.78,90.08,2.62,12.18
2020-05-27,78.2,26.77,30.37,23.87,90.64,2.04,11.36
2020-05-28,27.24,26.55,28.57,24.8,88.13,1.02,20.96
2020-05-29,25.79,27.33,31.52,24.61,80.21,1.06,17.28
2020-05-30,18.29,26.95,29.84,23.51,84.33,1.25,10.61
2020-05-31,61.86,27.06,29.68,24.87,86.11,0.94,16.65
2020-06-01,35.19,26.89,29.55,24.08,89.78,1.95,15.54
2020-06-02,17.1,26.56,28.6,24.64,93.37,1.84,21.26
2020-06-03,32.3,26.37,28.46,24.7,91.55,1.73,16.76
2020-06-04,46.27,26.26,29.42,23.63,93.64,1.87,6.35
2020-06-05,35.18,26.78,29.13,24.06,92.02,1.72,20.99
2020-06-06,51.88,26.85,28.65,25.22,95.04,2.19,7.56
2020-06-07,26.79,27.32,29.94,25.11,91.73,1.53,18.5
2020-06-08,9.17,27.44,29.36,25.77,90.8,0.99,12.41
2020-06-09,1.34,28.39,32.15,24.86,83.3,1.27,23.4
2020-06-10,19.19,28.31,30.42,25.77,86.15,1.33,14.6
2020-06-11,22.05,27.12,29.27,24.86,91.54,1.31,14.66
2020-06-12,17.52,27.7,30.51,25.37,91.29,1.77,12.09
2020-06-13,54.88,27.19,28.92,25.69,94.01,1.2,6.23
2020-06-14,19.07,28.7,31.56,25.31,86.86,1.22,21.7
2020-06-15,5.26,28.45,31.41,26.29,89.87,1.41,21.51
2020-06-16,29.06,27.48,29.99,25.35,88.41,1.69,20.97
2020-06-17,95.08,27.74,30.8,25.36,91.16,2.47,11.86
2020-06-18,32.2,27.34,29.49,25.6,92.91,2.86,9.19
2020-06-19,20.39,27.84,30.98,25.13,89.42,1.8,14.09
2020-06-20,25.23,27.99,30.86,25.41,89.93,1.56,22.04
2020-06-21,24.53,27.87,31.18,25.14,89.93,1.38,20.99
2020-06-22,21.19,28.52,31.61,25.31,88.0,1.42,18.94
2020-06-23,54.21,28.52,31.6,26.26,89.61,1.82,21.2
2020-06-24,48.09,28.06,30.16,25.75,91.32,2.12,13.88
2020-06-25,41.36,27.75,29.93,25.88,93.13,1.75,17.35
2020-06-26,171.28,26.85,27.88,25.94,95.28,2.75,6.18
2020-06-27,175.17,27.17,28.77,25.86,93.87,3.5,4.93
2020-06-28,64.32,26.82,29.29,25.1,92.88,2.32,10.57
2020-06-29,26.1,27.34,30.01,24.84,88.83,1.24,18.65
2020-06-30,2.4,28.0,30.84,25.36,88.93,1.95,19.31
2020-07-01,59.0,27.37,29.64,25.47,93.45,2.43,12.38
2020-07-02,21.82,27.46,29.32,25.71,93.15,1.57,16.82
2020-07-03,32.74,28.27,30.87,25.55,90.11,1.62,20.24
2020-07-04,16.77,27.72,29.56,26.21,91.77,1.47,12.53
2020-07-05,18.76,28.04,30.35,25.1,89.77,1.69,14.61
2020-07-06,32.35,26.72,28.28,25.36,90.96,1.67,18.91
2020-07-07,19.45,27.99,31.11,24.95,91.38,1.91,18.11
2020-07-08,37.82,27.9,30.84,25.66,91.8,1.45,17.74
2020-07-09,45.01,28.05,30.56,26.01,93.26,3.6,13.15
2020-07-10,57.03,27.79,29.61,26.33,94.16,4.09,8.14
2020-07-11,73.71,27.4,29.15,26.09,94.71,3.31,4.31
2020-07-12,65.39,27.56,29.68,25.43,92.69,2.19,10.11
2020-07-13,34.24,28.28,31.3,25.83,91.18,1.98,17.11
2020-07-14,35.95,27.5,29.8,25.14,89.73,1.76,15.66
2020-07-15,25.8,28.04,30.59,25.9,90.72,1.67,18.5
2020-07-16,16.81,27.93,30.92,25.38,90.25,1.84,22.2
2020-07-17,13.84,27.52,29.27,25.99,91.11,1.36,19.83
2020-07-18,55.3,27.72,30.15,25.85,89.94,2.09,16.36
2020-07-19,108.29,27.81,30.42,25.57,92.4,3.29,12.11
2020-07-20,141.71,26.83,28.3,25.35,95.14,3.45,5.84
2020-07-21,94.96,27.32,29.05,25.51,93.69,2.77,4.71
2020-07-22,25.42,27.53,30.64,25.07,91.47,2.2,10.87
2020-07-23,27.79,26.94,28.37,24.98,90.58,1.49,14.6
2020-07-24,17.46,27.85,30.82,25.02,90.23,1.37,15.55
2020-07-25,5.23,28.26,31.38,24.92,88.71,1.49,22.27
2020-07-26,7.86,28.48,31.01,25.99,89.22,1.62,19.04
2020-07-27,20.25,28.37,30.78,26.64,90.24,1.57,8.3
2020-07-28,16.71,28.07,30.75,26.16,89.92,1.66,19.46
2020-07-29,48.87,27.35,29.95,25.51,93.17,2.6,6.19
2020-07-30,9.54,27.37,29.58,25.27,89.22,1.59,13.97
2020-07-31,11.18,27.92,30.56,25.39,87.4,1.5,17.99
2020-08-01,1.67,29.29,32.88,26.02,83.87,1.2,24.73
2020-08-02,6.65,29.26,31.93,27.21,86.93,1.39,18.24
2020-08-03,4.98,30.76,34.2,27.13,82.28,1.15,23.62
2020-08-04,0.57,30.5,33.9,28.01,84.98,1.87,18.55
2020-08-05,2.23,30.1,34.71,26.49,84.35,1.36,20.21
2020-08-06,18.07,28.86,32.65,24.96,85.67,1.63,18.64
2020-08-07,28.19,28.41,31.35,26.24,90.81,1.76,21.64
2020-08-08,11.2,28.06,30.23,25.99,91.57,2.08,18.18
2020-08-09,26.45,27.37,28.83,25.91,92.48,1.29,20.96
2020-08-10,19.55,28.32,31.31,25.42,88.91,1.38,18.68
2020-08-11,35.68,28.22,30.68,26.16,91.83,2.09,14.58
2020-08-12,18.5,28.83,31.83,25.97,89.63,1.94,18.15
2020-08-13,7.25,28.26,30.73,26.12,87.09,1.28,23.46
2020-08-14,32.05,29.87,33.74,26.02,77.88,0.74,18.24
2020-08-15,35.6,27.77,30.81,25.05,89.01,2.0,14.95
2020-08-16,34.87,27.29,30.26,25.2,92.29,2.28,13.65
2020-08-17,35.34,27.1,29.35,25.27,93.46,2.2,12.53
2020-08-18,24.28,27.35,30.27,24.85,92.02,1.98,13.4
2020-08-19,20.81,27.23,30.81,25.09,91.0,1.79,19.16
2020-08-20,5.15,27.13,30.17,25.07,88.07,1.84,13.6
2020-08-21,28.77,26.8,30.26,24.77,88.81,1.2,12.93
2020-08-22,51.43,26.89,29.77,24.23,91.82,1.61,8.42
2020-08-23,4.33,27.35,30.82,24.43,89.48,1.29,19.95
2020-08-24,14.4,28.16,31.44,24.64,86.83,1.13,20.39
2020-08-25,8.11,28.29,31.81,25.97,86.29,1.34,20.73
2020-08-26,5.49,28.52,31.91,25.19,85.39,1.38,19.49
2020-08-27,23.65,27.16,29.0,25.32,89.62,1.26,16.87
2020-08-28,32.74,27.5,30.72,24.24,89.48,1.61,16.14
2020-08-29,35.49,27.48,30.42,25.25,91.01,2.01,15.49
2020-08-30,18.21,27.86,30.82,24.94,90.33,1.93,9.33
2020-08-31,13.9,28.18,30.76,26.07,90.73,1.59,7.67
2020-09-01,58.48,27.64,30.07,25.95,88.45,0.98,11.21
2020-09-02,11.86,27.75,31.18,24.94,87.41,1.3,22.68
2020-09-03,6.46,27.81,31.41,24.65,87.88,1.41,22.34
2020-09-04,1.97,28.54,32.1,24.9,84.72,1.3,19.45
2020-09-05,17.59,28.19,30.84,26.46,88.57,1.4,14.85
2020-09-06,16.9,28.15,30.47,26.07,89.87,1.57,15.55
2020-09-07,61.46,27.06,29.16,25.45,91.01,1.48,9.11
2020-09-08,31.62,27.42,30.32,24.67,91.46,1.85,10.73
2020-09-09,4.42,28.13,31.5,25.53,88.8,1.14,17.57
2020-09-10,16.69,27.36,29.33,25.83,91.41,1.44,12.27
2020-09-11,49.04,27.01,29.13,25.07,93.62,1.5,10.47
2020-09-12,20.55,27.42,29.78,25.35,91.72,1.27,9.48
2020-09-13,20.95,27.45,30.43,25.29,92.53,1.86,13.02
2020-09-14,34.98,26.96,29.27,25.13,92.74,1.46,15.16
2020-09-15,26.94,27.17,29.7,25.19,91.82,1.48,12.46
2020-09-16,101.42,26.69,28.67,25.39,94.66,2.13,9.69
2020-09-17,32.66,27.21,29.5,24.77,91.04,1.45,11.39
2020-09-18,1.99,28.77,32.16,25.2,84.1,1.09,19.94
2020-09-19,0.29,30.27,34.62,26.02,80.9,1.68,22.45
2020-09-20,0.14,30.44,35.04,26.39,80.25,2.3,18.56
2020-09-21,49.57,28.61,31.53,26.64,88.0,1.25,10.79
2020-09-22,89.82,26.94,28.29,25.72,95.49,2.31,5.55
2020-09-23,86.48,26.9,29.12,25.24,95.11,1.56,10.14
2020-09-24,120.36,26.97,29.49,24.99,94.6,2.64,5.75
2020-09-25,113.42,26.96,28.75,25.44,95.18,2.7,11.57
2020-09-26,74.92,26.83,29.05,25.27,95.28,1.99,7.2
2020-09-27,19.36,26.36,28.6,24.82,93.78,1.61,10.81
2020-09-28,2.24,27.36,30.75,23.94,88.59,1.14,17.37
2020-09-29,0.13,28.25,30.81,26.02,84.66,0.98,15.38
2020-09-30,6.28,28.21,30.99,25.96,85.87,0.92,18.13
2020-10-01,9.92,27.88,30.25,25.88,87.32,1.19,18.39
2020-10-02,1.23,27.57,30.39,25.37,89.58,1.27,14.57
2020-10-03,16.68,27.33,29.74,25.29,90.88,1.19,16.82
2020-10-04,21.03,27.31,29.9,24.95,90.59,1.09,14.61
2020-10-05,18.43,27.11,29.79,25.29,89.6,1.11,12.01
2020-10-06,120.8,26.45,28.48,25.08,92.28,1.1,9.79
2020-10-07,49.56,27.04,30.02,24.86,87.99,1.13,11.87
2020-10-08,9.41,27.65,31.1,24.25,88.27,1.04,19.1
2020-10-09,0.6,28.79,32.37,25.33,83.92,0.99,19.16
2020-10-10,0.35,28.64,31.87,25.81,85.02,1.1,17.16
2020-10-11,0.15,28.42,31.57,25.4,86.23,1.03,18.71
2020-10-12,2.06,28.34,31.62,24.8,85.33,1.01,17.22
2020-10-13,3.24,28.55,32.15,24.97,83.85,1.01,19.28
2020-10-14,5.13,28.35,31.83,25.51,85.62,0.95,18.84
2020-10-15,0.18,28.1,31.91,24.79,85.56,1.08,18.91
2020-10-16,0.0,28.04,32.11,23.87,84.36,0.9,19.16
2020-10-17,0.08,28.48,32.64,24.42,79.81,1.14,18.65
2020-10-18,0.47,27.42,30.39,24.99,87.27,1.16,15.45
2020-10-19,1.6,27.48,30.64,25.13,86.37,0.94,14.56
2020-10-20,1.9,27.3,31.03,24.53,86.71,1.18,16.49
2020-10-21,24.28,26.82,29.92,24.75,87.94,1.1,13.69
2020-10-22,7.57,25.94,28.46,23.63,88.56,0.93,7.3
2020-10-23,168.01,24.02,25.57,22.61,93.75,3.67,2.88
2020-10-24,73.22,25.16,28.33,23.04,92.29,2.08,7.99
2020-10-25,9.07,25.43,28.74,22.76,91.38,1.3,13.99
2020-10-26,0.07,25.92,29.84,22.95,84.78,0.98,16.5
2020-10-27,0.0,26.12,30.35,22.31,82.15,1.04,17.42
2020-10-28,0.0,26.75,31.08,22.51,82.64,1.17,18.66
2020-10-29,0.29,27.4,31.88,23.03,80.71,1.33,18.7
2020-10-30,0.81,27.31,32.33,23.15,83.45,2.01,18.15
2020-10-31,7.87,25.66,27.25,24.28,92.83,1.29,7.21
2020-11-01,8.15,25.64,28.91,23.53,86.97,1.1,14.09
2020-11-02,1.11,25.61,28.81,23.24,87.44,1.07,13.6
2020-11-03,0.24,25.91,28.95,23.85,89.32,1.02,14.27
2020-11-04,0.26,24.49,28.6,20.32,82.09,1.14,14.9
2020-11-05,0.01,22.98,28.39,18.75,69.32,1.05,16.57
2020-11-06,0.0,21.78,27.61,15.98,67.21,1.15,17.83
2020-11-07,0.0,23.35,28.98,17.2,77.49,1.3,18.26
2020-11-08,0.0,23.86,29.25,19.66,79.79,1.76,18.35
2020-11-09,0.0,23.74,29.72,18.92,75.31,1.73,18.17
2020-11-10,0.0,23.71,29.86,18.79,75.66,2.0,18.21
2020-11-11,0.0,24.24,29.32,19.7,78.43,1.92,17.87
2020-11-12,0.0,24.75,29.88,20.13,77.96,1.56,17.72
2020-11-13,0.0,24.82,30.12,20.42,79.24,1.52,17.72
2020-11-14,0.0,24.78,29.65,20.66,79.93,1.32,17.57
2020-11-15,0.0,24.3,28.76,19.94,79.24,1.3,17.63
2020-11-16,0.0,23.91,28.47,19.54,82.19,1.2,16.19
2020-11-17,0.21,22.36,26.31,19.41,87.35,1.14,15.12
2020-11-18,0.01,21.53,25.42,18.01,83.4,1.18,16.11
2020-11-19,0.0,20.73,25.38,16.17,81.58,1.14,15.4
2020-11-20,0.0,21.66,26.34,17.43,81.38,0.96,15.0
2020-11-21,0.02,21.81,26.14,17.97,81.57,0.93,10.96
2020-11-22,0.01,20.56,24.8,16.15,78.68,1.37,12.02
2020-11-23,0.0,18.97,25.07,14.25,76.43,1.44,16.01
2020-11-24,0.0,19.81,25.6,14.62,78.95,1.24,15.92
2020-11-25,0.0,21.03,26.9,16.11,79.57,1.37,15.99
2020-11-26,0.0,21.48,27.11,17.02,80.06,1.39,13.83
2020-11-27,0.0,22.0,27.14,18.08,77.85,1.58,12.41
2020-11-28,0.0,22.94,28.69,18.29,75.49,1.16,14.8
2020-11-29,0.0,22.27,27.37,17.88,78.41,1.22,16.45
2020-11-30,0.0,21.68,26.76,17.25,82.19,1.28,16.36
2020-12-01,0.0,21.22,26.45,16.9,80.32,1.27,16.42
2020-12-02,0.0,20.38,24.97,15.89,80.0,1.16,15.51
2020-12-03,0.0,19.85,24.62,15.38,81.88,1.2,15.02
2020-12-04,0.0,19.36,24.02,15.04,82.55,1.17,14.87
2020-12-05,0.01,19.14,23.77,14.81,83.41,1.03,14.34
2020-12-06,0.0,18.97,23.51,15.13,84.92,1.22,13.69
2020-12-07,0.0,18.8,24.07,14.35,83.93,1.02,12.97
2020-12-08,0.0,18.79,23.59,14.62,79.68,1.3,12.74
2020-12-09,0.0,18.42,22.91,14.08,82.09,1.18,10.48
2020-12-10,0.01,18.47,23.1,14.47,85.09,1.12,12.02
2020-12-11,0.0,18.15,22.93,14.18,85.35,1.16,10.08
2020-12-12,0.0,17.83,22.52,13.03,84.79,1.04,8.73
2020-12-13,0.0,17.92,22.71,13.54,86.64,1.13,11.46
2020-12-14,0.0,17.92,23.76,13.49,81.73,1.14,14.46
2020-12-15,0.0,17.57,23.75,12.71,79.62,1.24,10.45
2020-12-16,0.0,18.1,23.77,12.96,80.26,1.24,12.29
2020-12-17,0.0,17.56,22.61,13.48,84.09,1.17,10.75
2020-12-18,0.0,16.36,21.21,12.48,80.61,1.27,13.46
2020-12-19,0.0,14.87,21.09,10.25,78.26,1.21,15.29
2020-12-20,0.0,15.9,22.14,10.11,72.12,1.31,15.56
2020-12-21,0.0,16.76,22.86,11.2,77.27,1.38,15.46
2020-12-22,0.0,16.4,22.0,11.21,81.18,1.21,15.24
2020-12-23,0.0,16.56,22.39,11.43,80.39,1.15,14.9
2020-12-24,0.0,17.14,22.89,11.45,81.64,1.17,13.4
2020-12-25,0.0,17.27,22.64,12.42,83.16,1.18,15.28
2020-12-26,0.0,16.69,22.72,11.88,78.81,1.28,15.84
2020-12-27,0.0,16.64,21.8,10.93,75.51,1.1,15.68
2020-12-28,0.0,16.32,21.62,11.45,79.28,1.08,15.57
2020-12-29,0.0,16.84,23.17,11.48,74.86,1.09,15.54
2020-12-30,0.0,17.4,23.44,11.47,72.32,1.09,15.64
2020-12-31,0.0,17.53,22.95,11.76,77.2,1.16,15.72
2021-01-01,0.0,17.5,23.04,12.19,77.78,1.21,15.97
2021-01-02,0.0,16.85,22.19,11.66,80.9,1.19,16.13
2021-01-03,0.0,17.31,23.02,12.16,75.43,1.13,15.8
2021-01-04,0.0,18.74,24.41,12.96,69.71,0.96,15.38
2021-01-05,0.0,19.02,25.28,13.25,76.79,1.03,15.58
2021-01-06,0.0,20.02,25.51,14.8,75.94,1.13,15.81
2021-01-07,0.0,19.59,25.09,15.6,79.78,1.22,15.18
2021-01-08,0.0,19.47,25.66,15.23,73.8,1.18,14.45
2021-01-09,0.0,18.0,23.2,13.92,81.69,1.19,13.41
2021-01-10,0.0,18.13,22.3,13.69,83.4,1.16,11.02
2021-01-11,0.0,18.86,23.99,14.58,84.78,1.15,9.93
2021-01-12,0.0,17.77,22.46,14.35,81.84,1.26,11.5
2021-01-13,0.0,16.07,21.38,12.26,81.3,1.28,12.84
2021-01-14,0.0,15.62,20.62,10.45,81.16,1.32,12.11
2021-01-15,0.0,15.52,20.74,11.31,81.6,1.28,13.11
2021-01-16,0.0,15.63,20.94,10.48,81.64,1.23,13.09
2021-01-17,0.0,16.87,23.19,11.6,79.36,1.34,13.43
2021-01-18,0.0,17.69,23.3,13.26,81.89,1.48,13.59
2021-01-19,0.0,16.37,20.51,11.82,86.76,1.3,11.42
2021-01-20,3.85,16.13,18.96,11.6,87.46,0.88,6.7
2021-01-21,0.74,16.94,21.97,12.68,81.23,1.1,8.56
2021-01-22,0.04,16.35,22.51,12.04,77.66,1.66,14.09
2021-01-23,0.0,15.98,21.0,11.47,78.29,1.4,12.6
2021-01-24,0.0,16.17,21.51,10.39,78.68,1.15,12.38
2021-01-25,0.0,16.12,22.37,11.2,79.03,1.39,15.01
2021-01-26,0.0,16.56,22.46,11.05,72.89,1.35,16.1
2021-01-27,0.0,16.51,22.69,10.3,68.77,1.28,14.59
2021-01-28,0.0,17.39,24.49,10.4,67.38,1.28,13.46
2021-01-29,0.0,17.14,23.84,10.98,70.7,1.22,12.82
2021-01-30,0.0,16.09,22.38,12.51,69.74,1.34,12.03
2021-01-31,0.0,15.11,20.11,9.94,61.85,1.35,15.38
2021-02-01,0.0,14.48,20.85,9.02,70.76,1.46,16.01
2021-02-02,0.0,16.13,22.98,9.83,68.77,1.48,17.66
2021-02-03,0.0,17.57,24.33,11.64,69.9,1.45,18.35
2021-02-04,0.0,19.58,26.76,12.99,64.42,1.3,18.77
2021-02-05,0.0,18.66,25.57,13.0,70.02,1.39,18.37
2021-02-06,0.0,18.85,25.8,13.11,71.51,1.4,18.83
2021-02-07,1.16,17.83,23.37,14.4,73.91,1.23,9.86
2021-02-08,0.0,18.88,27.27,12.04,67.46,1.28,18.14
2021-02-09,0.0,19.02,25.96,13.16,64.64,1.42,19.01
2021-02-10,0.0,18.68,24.98,11.96,63.75,1.4,19.22
2021-02-11,0.0,18.98,23.83,13.38,58.97,1.14,16.91
2021-02-12,0.0,19.12,25.62,13.51,62.85,1.33,16.47
2021-02-13,0.0,19.37,25.48,13.24,64.95,1.3,17.1
2021-02-14,0.0,19.61,25.55,14.12,66.47,1.31,18.1
2021-02-15,0.0,19.61,24.88,15.07,62.85,1.22,16.29
2021-02-16,0.0,19.84,25.93,14.84,55.62,1.34,17.4
2021-02-17,0.0,20.54,27.34,14.43,63.64,1.42,14.99
2021-02-18,0.0,21.75,27.48,17.35,70.55,1.27,18.17
2021-02-19,0.0,21.35,26.19,17.81,65.12,1.17,16.73
2021-02-20,0.0,21.5,26.93,17.75,65.56,1.16,11.01
2021-02-21,0.0,21.2,27.79,14.52,56.66,1.33,20.39
2021-02-22,0.0,21.26,27.88,14.07,55.13,1.36,20.88
2021-02-23,0.0,20.77,27.87,13.94,59.22,1.46,20.69
2021-02-24,0.0,21.59,27.17,15.6,55.79,1.4,17.67
2021-02-25,0.02,21.51,26.37,16.91,62.72,1.28,15.7
2021-02-26,0.21,21.01,27.43,15.71,68.53,1.34,16.52
2021-02-27,0.0,21.27,27.3,15.68,71.46,1.46,17.07
2021-02-28,0.0,23.26,28.29,17.1,62.64,1.25,16.89
2021-03-01,0.0,23.74,29.16,17.9,64.07,1.44,17.71
2021-03-02,0.0,23.16,28.36,18.39,60.96,1.47,20.73
2021-03-03,0.0,24.08,29.39,19.31,56.23,1.24,19.68
2021-03-04,0.0,22.05,27.51,16.42,52.37,1.56,20.65
2021-03-05,0.64,22.45,27.35,15.34,57.97,1.27,17.63
2021-03-06,22.2,23.12,27.17,19.45,78.45,0.97,16.58
2021-03-07,14.9,22.53,27.65,17.89,74.55,1.19,17.1
2021-03-08,7.18,22.18,27.86,16.9,68.72,1.41,15.01
2021-03-09,14.1,22.95,27.44,18.22,77.47,1.37,14.66
2021-03-10,6.06,23.36,27.92,19.32,79.75,1.19,15.53
2021-03-11,0.04,23.75,28.68,19.41,78.04,1.23,19.28
2021-03-12,0.0,24.46,30.38,18.71,68.54,1.38,18.55
2021-03-13,0.01,24.24,31.37,17.8,64.19,1.71,20.1
2021-03-14,0.2,23.49,29.44,18.4,67.11,1.7,20.5
2021-03-15,0.0,23.51,28.55,17.79,67.06,1.48,21.12
2021-03-16,0.0,24.28,29.87,17.5,57.87,1.41,22.16
2021-03-17,0.0,24.54,30.53,18.47,50.39,1.35,22.47
2021-03-18,0.0,24.78,31.36,17.34,51.91,1.41,21.73
2021-03-19,0.0,24.78,31.51,17.78,59.7,1.37,19.68
2021-03-20,0.0,25.14,30.25,19.53,57.6,1.26,18.53
2021-03-21,0.0,25.75,31.35,19.06,58.17,1.53,20.07
2021-03-22,0.0,26.91,33.62,20.7,50.27,1.42,20.93
2021-03-23,0.0,26.51,33.57,19.29,51.02,1.62,22.41
2021-03-24,0.0,26.84,32.56,21.44,54.96,1.61,19.19
2021-03-25,0.0,25.81,32.21,19.02,54.21,1.87,22.13
2021-03-26,0.0,25.62,33.24,19.6,50.99,1.9,22.2
2021-03-27,0.0,26.75,33.59,20.27,38.6,1.59,22.27
2021-03-28,0.0,26.37,33.85,17.91,41.21,1.49,21.17
2021-03-29,1.0,27.62,32.69,21.13,48.47,1.12,20.03
2021-03-30,27.55,24.91,28.59,22.27,79.69,1.19,13.69
2021-03-31,17.25,26.12,30.89,21.6,80.64,1.38,16.54
2021-04-01,12.2,26.03,30.55,22.11,78.93,1.64,20.34
2021-04-02,17.66,25.74,30.01,21.53,73.78,1.45,20.04
2021-04-03,5.37,25.77,30.66,19.79,70.09,1.1,22.5
2021-04-04,1.28,26.05,32.24,20.01,61.18,1.43,22.58
2021-04-05,0.96,26.34,32.77,20.69,61.16,1.37,22.66
2021-04-06,0.01,27.13,32.52,20.88,50.92,1.17,22.26
2021-04-07,1.21,25.49,30.69,19.95,67.18,1.25,20.07
2021-04-08,2.06,26.02,30.57,22.15,72.07,1.11,17.24
2021-04-09,22.59,25.82,30.08,22.27,78.86,1.19,20.92
2021-04-10,8.26,26.79,30.92,21.97,72.61,1.37,16.33
2021-04-11,1.75,27.2,31.55,21.56,72.61,1.43,19.89
2021-04-12,1.29,28.6,32.87,22.86,63.91,1.29,20.98
2021-04-13,0.29,29.26,33.75,23.67,55.89,1.31,21.17
2021-04-14,2.5,26.67,31.87,22.02,68.12,1.07,23.01
2021-04-15,3.32,26.65,30.64,22.06,65.83,1.06,22.04
2021-04-16,38.75,24.89,28.09,21.76,78.75,0.82,21.56
2021-04-17,2.23,24.75,29.21,21.01,76.44,0.97,20.56
2021-04-18,30.33,24.88,28.71,20.4,76.32,1.35,23.07
2021-04-19,22.52,27.01,30.67,22.12,68.79,1.31,22.11
2021-04-20,10.32,25.94,30.99,20.62,74.16,1.35,22.68
2021-04-21,15.52,26.27,31.17,20.93,72.38,1.02,24.47
2021-04-22,5.92,26.58,30.99,22.4,76.14,1.33,17.64
2021-04-23,0.02,27.38,32.31,21.92,61.35,1.46,20.49
2021-04-24,0.0,26.9,32.41,20.03,60.94,1.29,27.31
2021-04-25,0.0,27.77,33.6,21.07,59.39,1.24,25.74
2021-04-26,0.0,28.27,33.81,22.06,62.93,1.37,23.86
2021-04-27,1.52,28.89,33.35,24.46,65.64,1.18,22.7
2021-04-28,3.77,28.91,32.85,24.49,67.26,1.1,21.26
2021-04-29,0.14,28.89,33.53,23.56,62.57,1.24,22.46
2021-04-30,0.15,28.86,33.72,24.31,65.97,1.21,21.13
2021-05-01,6.32,28.81,32.85,24.11,65.71,1.17,19.67
2021-05-02,7.51,27.94,31.43,24.66,71.5,1.09,19.4
2021-05-03,28.19,25.77,28.14,23.24,81.71,0.76,18.19
2021-05-04,18.1,24.91,28.56,21.48,83.05,1.17,13.98
2021-05-05,24.35,25.37,28.78,22.52,76.47,0.97,19.37
2021-05-06,9.23,25.27,29.24,21.36,76.28,1.36,14.61
2021-05-07,20.61,26.28,30.17,21.94,76.78,1.05,20.97
2021-05-08,24.39,25.72,28.93,22.36,81.32,1.37,20.57
2021-05-09,2.75,26.42,31.2,22.04,79.2,1.42,19.78
2021-05-10,10.31,26.39,29.74,22.62,79.42,1.32,23.82
2021-05-11,20.58,26.43,30.0,22.71,79.48,1.2,19.08
2021-05-12,9.48,25.88,28.31,23.36,80.51,1.03,21.99
2021-05-13,20.94,25.82,29.37,22.26,84.6,1.62,11.08
2021-05-14,32.69,25.36,28.74,23.26,90.04,1.98,16.91
2021-05-15,7.85,27.36,31.35,23.01,81.88,1.7,17.71
2021-05-16,23.22,27.79,31.87,23.37,81.42,1.21,16.52
2021-05-17,24.2,28.42,32.12,24.18,82.28,1.61,18.28
2021-05-18,16.82,28.39,32.18,24.64,85.94,2.25,10.54
2021-05-19,70.02,28.43,31.8,25.58,87.6,2.31,19.11
2021-05-20,43.28,28.43,32.46,25.73,88.97,1.77,17.16
2021-05-21,10.48,27.7,30.02,25.46,89.45,2.1,21.9
2021-05-22,18.15,27.89,31.06,24.8,89.59,2.43,23.23
2021-05-23,0.01,29.97,33.6,26.26,78.19,1.03,23.74
2021-05-24,0.56,29.92,34.45,26.49,78.12,1.33,23.02
2021-05-25,16.89,29.36,33.77,25.86,82.96,1.58,22.32
2021-05-26,21.03,28.68,32.92,25.12,82.61,1.99,19.17
2021-05-27,7.52,28.48,32.05,23.75,71.9,1.31,16.95
2021-05-28,12.16,29.33,32.97,25.21,72.81,1.15,22.03
2021-05-29,6.41,28.58,31.94,25.39,80.6,1.49,21.45
2021-05-30,11.66,28.36,31.59,25.3,86.54,1.78,20.78
2021-05-31,56.91,27.42,29.71,25.72,92.35,2.51,11.72
2021-06-01,31.82,27.51,30.13,25.16,90.18,1.82,4.48
2021-06-02,17.27,26.73,28.78,25.1,92.02,2.26,13.65
2021-06-03,8.54,27.82,30.85,24.61,90.09,1.92,17.16
2021-06-04,27.67,27.8,30.02,25.99,93.0,1.98,17.98
2021-06-05,57.89,27.28,29.26,25.85,94.43,2.51,5.34
2021-06-06,23.76,27.9,31.05,25.93,92.04,2.56,10.16
2021-06-07,8.97,27.87,30.95,25.66,91.41,3.13,12.24
2021-06-08,11.55,27.02,29.63,25.03,93.6,1.88,9.75
2021-06-09,1.57,26.8,28.78,24.81,88.57,1.12,16.09
2021-06-10,13.76,28.01,31.53,25.19,79.67,1.04,17.15
2021-06-11,16.6,27.69,30.97,25.05,86.5,1.19,19.72
2021-06-12,40.07,29.27,33.6,25.75,83.17,1.43,19.4
2021-06-13,5.48,28.94,32.72,25.9,84.98,0.92,21.68
2021-06-14,22.75,27.9,30.82,26.0,89.44,1.7,18.51
2021-06-15,18.15,28.5,33.05,24.98,86.61,1.68,19.26
2021-06-16,18.29,28.13,31.52,25.0,85.48,2.16,17.94
2021-06-17,7.95,27.96,31.86,25.28,87.73,1.87,19.17
2021-06-18,36.87,27.64,31.25,24.21,83.66,1.34,15.19
2021-06-19,42.33,26.43,28.47,24.35,89.82,2.25,10.63
2021-06-20,26.39,26.24,29.75,23.32,91.34,2.31,14.01
2021-06-21,4.79,26.86,30.83,23.17,88.54,2.05,17.85
2021-06-22,13.44,27.0,30.83,23.63,89.16,2.09,14.13
2021-06-23,36.0,27.88,31.64,24.24,87.61,1.86,20.24
2021-06-24,34.93,27.46,30.51,24.54,89.89,2.28,18.52
2021-06-25,26.95,27.44,30.71,24.58,89.26,2.49,21.61
2021-06-26,36.1,27.76,31.6,24.44,89.65,2.26,18.04
2021-06-27,44.38,27.77,30.75,24.88,90.12,2.73,19.86
2021-06-28,91.56,27.05,29.22,25.41,93.41,3.55,9.95
2021-06-29,39.69,27.34,29.11,25.63,93.58,3.89,6.67
2021-06-30,79.87,28.02,30.8,25.58,93.29,3.36,4.36
2021-07-01,21.94,27.63,30.33,24.65,90.88,3.06,7.58
2021-07-02,36.47,26.74,29.31,24.66,91.61,3.46,5.55
2021-07-03,88.19,27.38,30.43,25.2,92.38,3.69,10.97
2021-07-04,11.52,27.83,31.33,24.7,88.65,2.32,12.55
2021-07-05,18.33,27.78,30.76,25.18,90.07,2.69,20.16
2021-07-06,74.2,27.99,30.68,25.57,90.54,2.4,14.73
2021-07-07,30.66,27.6,29.16,26.01,94.07,2.12,7.78
2021-07-08,8.4,28.42,31.84,25.19,88.29,1.37,22.84
2021-07-09,4.88,28.75,31.95,25.69,86.63,1.38,21.72
2021-07-10,28.64,27.74,30.02,25.44,88.04,1.4,14.9
2021-07-11,28.3,27.7,29.21,26.15,89.64,1.33,19.14
2021-07-12,5.21,29.61,32.91,27.11,80.68,1.0,23.68
2021-07-13,43.82,27.77,31.02,25.85,89.73,1.5,16.26
2021-07-14,25.58,27.38,30.74,25.09,90.65,2.2,15.6
2021-07-15,4.1,28.01,31.39,24.57,87.74,1.6,17.99
2021-07-16,21.78,26.68,28.45,25.17,92.42,1.64,11.99
2021-07-17,0.64,27.74,31.11,25.02,90.96,1.92,9.58
2021-07-18,10.92,27.78,30.55,25.23,91.35,1.9,16.98
2021-07-19,17.82,27.92,31.89,25.29,89.26,1.65,12.62
2021-07-20,35.83,28.23,31.3,24.82,86.9,1.26,14.58
2021-07-21,28.84,29.09,32.62,25.55,86.65,1.11,11.6
2021-07-22,4.99,30.02,33.65,26.24,83.18,1.04,22.89
2021-07-23,10.18,28.44,31.35,26.52,89.1,1.41,15.61
2021-07-24,28.56,28.41,31.63,25.67,89.16,1.82,18.04
2021-07-25,6.34,28.31,31.58,25.62,90.36,2.13,19.37
2021-07-26,1.79,29.31,32.59,25.4,84.34,1.23,19.91
2021-07-27,4.0,30.25,34.29,27.12,82.9,1.71,19.88
2021-07-28,8.73,29.15,32.69,26.94,84.53,4.62,18.27
2021-07-29,28.25,27.95,31.07,25.69,88.06,2.52,13.0
2021-07-30,31.38,27.95,31.28,24.8,89.47,2.05,13.47
2021-07-31,27.05,27.36,30.06,25.14,92.24,2.25,11.64
2021-08-01,13.58,28.05,31.34,24.92,89.85,2.0,16.76
2021-08-02,102.8,27.64,30.58,25.82,91.48,2.53,13.33
2021-08-03,24.4,28.36,32.03,24.69,87.52,1.27,17.69
2021-08-04,30.02,29.31,33.78,26.11,84.3,1.18,22.74
2021-08-05,8.83,30.77,34.1,27.02,77.23,0.96,24.14
2021-08-06,19.81,29.01,32.39,26.3,85.38,2.37,21.63
2021-08-07,50.08,27.28,29.78,25.41,91.96,1.73,11.12
2021-08-08,34.83,28.23,30.99,25.75,91.4,2.99,13.49
2021-08-09,75.47,27.93,30.5,25.84,91.16,2.9,15.46
2021-08-10,63.62,27.88,30.02,26.44,93.04,2.54,13.56
2021-08-11,32.01,28.3,31.04,26.29,91.88,2.54,11.21
2021-08-12,61.17,26.64,27.99,25.76,94.69,2.31,16.73
2021-08-13,47.08,27.19,29.84,25.41,92.72,3.15,8.98
2021-08-14,89.22,27.77,30.75,25.33,91.59,2.82,8.73
2021-08-15,21.63,27.8,30.66,25.44,92.79,2.42,11.27
2021-08-16,10.12,27.63,30.86,24.69,89.2,1.85,8.94
2021-08-17,25.39,27.6,30.75,25.14,89.8,2.07,10.93
2021-08-18,28.9,26.97,30.17,24.56,92.88,2.36,16.45
2021-08-19,25.86,26.58,29.08,24.95,93.42,2.28,15.3
2021-08-20,16.38,27.03,29.79,24.09,91.2,1.94,13.05
2021-08-21,5.56,27.03,29.67,24.76,90.57,2.18,17.75
2021-08-22,31.74,26.96,29.48,25.08,92.14,2.67,18.14
2021-08-23,118.1,27.36,30.4,24.43,91.88,2.37,12.79
2021-08-24,23.73,27.45,30.1,25.74,92.31,2.34,12.23
2021-08-25,42.51,27.37,29.43,25.73,93.59,3.26,9.08
2021-08-26,47.65,27.51,30.19,25.37,92.04,1.68,11.97
2021-08-27,43.41,26.62,28.93,24.84,89.16,1.0,14.52
2021-08-28,9.94,27.5,30.49,25.3,87.01,0.8,19.47
2021-08-29,16.6,27.28,29.5,25.4,87.65,0.97,11.18
2021-08-30,25.42,26.71,28.96,25.07,90.5,1.18,11.73
2021-08-31,10.68,27.21,30.5,24.44,89.53,1.18,21.06
2021-09-01,3.23,27.06,28.94,25.48,93.82,1.08,15.34
2021-09-02,7.67,28.16,31.45,25.34,86.83,1.22,18.12
2021-09-03,4.5,28.19,31.28,24.81,84.63,1.58,22.46
2021-09-04,3.83,28.74,31.96,25.39,81.04,1.31,19.92
2021-09-05,0.84,29.59,32.74,25.71,80.3,1.07,18.63
2021-09-06,12.43,29.25,32.49,26.11,85.58,1.19,20.1
2021-09-07,36.9,27.61,30.12,25.14,86.72,0.99,19.81
2021-09-08,13.27,27.37,30.32,24.93,89.03,1.25,20.59
2021-09-09,9.11,28.65,32.4,25.15,83.96,0.97,19.56
2021-09-10,14.17,27.97,30.3,26.03,88.17,2.27,19.72
2021-09-11,75.9,28.11,30.4,26.19,86.93,1.02,19.32
2021-09-12,0.38,29.22,32.64,26.42,82.17,1.29,20.93
2021-09-13,4.76,28.83,31.73,25.75,84.34,1.46,19.55
2021-09-14,18.04,28.42,32.4,25.01,85.04,0.86,18.92
2021-09-15,10.78,29.08,32.22,25.62,85.28,0.94,18.35
2021-09-16,14.09,28.11,30.49,26.37,89.6,1.27,15.51
2021-09-17,8.1,27.67,30.61,25.26,86.57,0.72,17.14
2021-09-18,16.36,26.37,28.23,24.81,93.64,1.49,11.7
2021-09-19,8.84,27.25,31.14,23.9,87.38,1.46,16.62
2021-09-20,8.06,26.67,29.81,24.27,91.5,1.65,19.03
2021-09-21,6.65,26.22,29.35,24.23,91.28,1.53,13.83
2021-09-22,1.97,26.56,30.31,24.19,89.11,1.15,20.76
2021-09-23,1.73,27.6,31.61,23.76,82.11,1.04,19.88
2021-09-24,0.17,28.8,32.71,25.76,80.53,0.98,22.16
2021-09-25,1.37,28.51,31.23,25.62,84.18,1.09,20.55
2021-09-26,3.21,29.34,33.24,26.22,80.63,1.41,21.76
2021-09-27,2.0,29.02,32.67,25.42,78.92,2.14,20.49
2021-09-28,2.99,27.64,30.77,25.12,87.07,1.15,14.17
2021-09-29,10.38,26.95,30.0,24.93,86.8,0.96,16.96
2021-09-30,6.41,27.31,30.15,24.93,87.19,1.21,16.91
2021-10-01,2.37,27.52,31.58,24.8,85.18,1.45,16.24
2021-10-02,5.57,27.3,30.66,24.36,83.75,1.23,16.54
2021-10-03,36.99,26.89,29.91,24.49,91.82,1.88,9.18
2021-10-04,43.6,26.28,28.35,24.78,92.52,1.15,10.92
2021-10-05,38.42,26.82,30.1,24.26,87.4,0.78,8.15
2021-10-06,0.77,27.08,30.32,24.75,81.63,1.07,19.1
2021-10-07,4.07,27.3,31.09,23.6,83.54,1.11,17.85
2021-10-08,3.17,27.24,30.8,24.46,87.88,1.1,16.38
2021-10-09,11.71,27.38,31.06,24.17,85.99,1.07,16.3
2021-10-10,3.62,28.24,31.7,24.76,83.95,0.88,17.78
2021-10-11,0.0,29.16,34.16,24.75,80.81,1.13,20.1
2021-10-12,0.02,29.9,34.92,25.69,79.48,1.15,18.82
2021-10-13,1.48,29.45,33.77,25.99,81.52,1.6,17.36
2021-10-14,0.91,30.44,35.86,26.48,76.48,0.93,18.21
2021-10-15,0.9,30.48,34.76,26.73,74.52,1.41,19.55
2021-10-16,0.07,28.22,32.28,24.54,78.82,2.16,19.18
2021-10-17,0.22,27.31,30.64,24.3,81.48,2.3,13.2
2021-10-18,7.21,26.56,30.24,23.55,81.8,1.7,12.79
2021-10-19,30.65,25.92,28.38,23.61,91.43,1.27,12.37
2021-10-20,44.87,25.82,28.26,23.96,93.22,1.85,14.34
2021-10-21,16.3,25.06,28.26,20.56,92.09,2.46,13.54
2021-10-22,2.41,22.71,27.34,18.95,83.11,1.01,13.55
2021-10-23,0.0,23.74,28.73,18.68,79.21,1.15,16.3
2021-10-24,0.0,24.38,28.48,21.3,82.16,1.16,17.72
2021-10-25,0.0,24.05,27.96,20.98,81.54,1.04,17.42
2021-10-26,0.0,23.5,28.16,19.09,79.46,1.01,17.22
2021-10-27,0.01,24.11,28.92,19.68,78.0,1.13,15.52
2021-10-28,0.0,24.42,28.59,20.08,80.24,1.09,13.44
2021-10-29,0.0,25.61,30.1,22.32,80.99,1.11,18.78
2021-10-30,0.0,25.15,29.13,21.4,78.82,1.18,18.49
2021-10-31,0.0,23.03,28.12,18.84,80.39,1.42,18.08
2021-11-01,0.0,21.3,25.58,17.69,74.19,1.05,17.92
2021-11-02,0.0,20.85,26.11,15.69,71.59,1.11,17.7
2021-11-03,0.0,21.59,27.94,15.9,66.43,1.16,16.94
2021-11-04,0.0,21.85,26.21,17.56,77.98,0.96,15.75
2021-11-05,0.0,21.01,26.24,16.82,78.32,1.14,18.7
2021-11-06,0.0,20.55,26.16,15.54,73.89,1.34,18.52
2021-11-07,0.0,21.0,27.53,15.82,74.97,1.18,18.47
2021-11-08,0.0,21.92,28.18,16.35,73.77,1.19,18.59
2021-11-09,0.0,22.32,27.56,17.28,81.91,1.22,18.09
2021-11-10,0.0,22.59,27.35,19.01,83.16,1.12,16.98
2021-11-11,0.01,22.13,26.32,18.48,82.56,1.14,15.46
2021-11-12,0.0,21.7,26.26,17.59,84.3,1.18,12.8
2021-11-13,0.17,21.21,26.0,17.26,86.26,1.23,10.43
2021-11-14,0.41,20.85,25.21,17.89,83.33,0.93,11.64
2021-11-15,0.69,21.78,26.05,18.94,89.1,0.95,10.65
2021-11-16,0.18,22.81,26.69,20.25,84.65,1.06,14.08
2021-11-17,0.0,21.5,27.02,16.86,76.16,1.25,16.6
2021-11-18,0.0,20.43,26.04,15.45,71.89,1.26,17.39
2021-11-19,0.0,20.63,25.47,15.64,74.96,1.18,17.24
2021-11-20,0.0,20.61,25.2,16.22,82.58,1.19,15.21
2021-11-21,0.0,21.09,25.26,17.15,86.32,1.2,13.92
2021-11-22,0.0,21.05,25.3,16.6,88.96,1.26,15.46
2021-11-23,0.0,21.54,25.26,18.22,85.18,0.89,13.89
2021-11-24,0.0,20.33,25.99,16.29,75.91,1.47,14.49
2021-11-25,0.0,18.92,24.32,14.25,72.41,1.29,15.07
2021-11-26,0.0,18.07,23.95,13.15,72.98,1.29,15.31
2021-11-27,0.0,19.36,27.27,13.18,68.57,1.5,16.13
2021-11-28,0.0,19.97,26.66,14.52,72.19,1.38,16.45
2021-11-29,0.0,19.81,25.79,14.27,72.45,1.21,16.42
2021-11-30,0.0,20.34,26.68,14.78,73.74,1.58,16.32
2021-12-01,0.0,21.23,26.83,16.34,74.36,1.42,16.37
2021-12-02,0.0,21.29,26.52,16.23,76.04,1.3,15.72
2021-12-03,0.02,21.27,25.95,16.92,81.89,1.24,15.21
2021-12-04,0.12,21.42,25.59,17.75,84.32,1.3,8.96
2021-12-05,0.16,21.97,26.88,18.68,84.66,1.21,10.95
2021-12-06,25.1,20.65,23.06,19.45,90.59,1.66,2.79
2021-12-07,6.74,21.63,25.58,19.21,92.1,2.24,3.65
2021-12-08,0.11,22.16,26.15,18.5,82.66,0.94,11.04
2021-12-09,0.0,21.66,26.45,18.25,82.57,1.15,14.53
2021-12-10,0.03,20.22,23.77,17.59,77.73,1.06,11.06
2021-12-11,0.0,19.68,25.21,15.21,71.41,0.94,13.76
2021-12-12,0.0,18.62,24.88,14.62,72.88,1.58,15.34
2021-12-13,0.0,18.21,23.95,13.18,73.37,1.39,14.96
2021-12-14,0.0,18.67,24.02,14.87,78.81,1.14,15.4
2021-12-15,0.0,17.82,22.88,14.35,79.36,1.11,15.51
2021-12-16,0.0,17.91,24.21,13.27,76.05,1.16,15.27
2021-12-17,0.0,17.96,23.95,12.31,69.88,1.16,15.91
2021-12-18,0.0,18.09,24.86,12.42,70.31,1.22,15.51
2021-12-19,0.0,17.35,22.84,11.81,69.91,1.01,14.63
2021-12-20,0.0,17.19,23.71,11.25,74.81,1.23,15.58
2021-12-21,0.0,18.02,24.2,13.28,78.71,1.47,14.81
2021-12-22,2.33,18.41,22.06,15.29,80.68,0.87,10.18
2021-12-23,0.52,18.11,22.98,14.17,77.61,1.11,14.06
2021-12-24,0.0,17.58,23.7,12.64,70.99,1.3,14.86
2021-12-25,0.0,17.36,23.19,12.52,71.88,1.32,12.52
2021-12-26,0.0,17.26,23.17,12.74,73.38,1.31,14.94
2021-12-27,0.0,16.55,22.59,11.78,75.27,1.13,14.4
2021-12-28,0.0,17.04,22.22,12.58,73.64,1.09,14.43
2021-12-29,0.01,17.93,23.33,13.35,73.79,1.81,8.42
2021-12-30,0.07,18.68,24.43,14.32,70.44,1.28,11.7
2021-12-31,0.0,18.18,24.52,12.73,72.81,1.22,14.91
2022-01-01,0.0,17.63,23.22,13.83,76.87,1.34,15.39
2022-01-02,0.0,17.41,23.53,12.68,75.98,1.29,14.94
2022-01-03,0.0,17.37,22.86,13.42,74.86,1.11,14.45
2022-01-04,0.0,16.73,22.86,11.64,77.27,1.15,13.76
2022-01-05,0.0,17.27,23.35,12.08,72.97,1.29,12.93
2022-01-06,0.0,17.41,23.03,12.87,71.89,1.22,14.29
2022-01-07,0.0,18.27,24.27,13.34,73.33,1.23,15.4
2022-01-08,0.0,18.95,25.07,13.46,74.5,1.3,15.81
2022-01-09,0.0,18.27,23.91,13.14,80.6,1.33,15.92
2022-01-10,0.0,19.13,25.08,14.52,80.4,1.35,14.26
2022-01-11,0.08,19.61,25.62,14.37,78.75,1.21,12.19
2022-01-12,8.57,19.4,23.2,16.55,82.58,1.17,9.39
2022-01-13,9.44,16.94,20.98,12.96,88.99,1.33,12.61
2022-01-14,0.09,16.34,21.65,10.44,68.68,1.33,6.21
2022-01-15,0.14,17.47,23.39,13.55,70.83,1.47,8.35
2022-01-16,0.1,17.36,23.16,11.85,71.6,1.34,14.99
2022-01-17,0.0,18.09,25.01,12.45,71.61,1.57,15.55
2022-01-18,0.0,17.93,23.55,13.34,70.94,1.59,14.27
2022-01-19,0.08,17.88,22.71,14.01,74.26,1.16,14.9
2022-01-20,0.17,17.08,20.99,12.85,77.46,1.0,11.47
2022-01-21,0.3,17.43,21.05,13.5,75.3,0.95,12.03
2022-01-22,0.08,16.26,21.98,11.16,74.13,1.19,12.12
2022-01-23,0.28,17.57,23.17,12.52,71.89,1.14,9.02
2022-01-24,0.72,17.3,21.72,14.36,81.47,1.27,11.05
2022-01-25,0.39,16.72,20.82,13.41,80.86,1.3,13.39
2022-01-26,5.1,16.96,21.2,13.81,79.5,1.08,11.8
2022-01-27,5.02,16.29,20.82,12.26,80.68,1.34,10.57
2022-01-28,0.08,13.85,19.05,10.01,68.71,1.59,15.55
2022-01-29,0.0,13.81,19.93,8.63,73.39,1.39,16.59
2022-01-30,0.0,14.49,19.92,9.27,70.83,1.34,14.17
2022-01-31,0.0,15.17,20.91,9.64,70.02,1.42,13.8
2022-02-01,3.68,15.37,19.57,9.24,74.85,1.17,11.07
2022-02-02,0.64,15.65,20.99,10.25,78.86,1.46,13.77
2022-02-03,0.25,16.29,22.19,11.43,77.74,1.58,10.57
2022-02-04,18.54,17.73,22.95,13.71,76.57,1.59,9.38
2022-02-05,11.55,15.53,21.0,10.75,82.98,1.84,10.11
2022-02-06,0.36,14.31,20.98,8.92,73.8,1.43,16.81
2022-02-07,0.0,14.91,20.89,9.56,73.59,1.53,18.02
2022-02-08,0.0,15.12,21.05,8.96,70.36,1.45,17.35
2022-02-09,0.0,15.76,21.86,9.85,70.28,1.35,17.99
2022-02-10,0.1,16.54,22.6,10.9,77.62,1.53,5.4
2022-02-11,0.04,17.09,22.4,12.21,77.12,1.37,15.91
2022-02-12,0.0,15.91,22.26,10.62,67.92,1.4,17.85
2022-02-13,0.0,17.47,25.48,10.44,60.23,1.6,20.22
2022-02-14,0.0,17.5,24.69,10.99,59.68,1.51,20.54
2022-02-15,0.0,18.09,23.95,12.07,54.84,1.32,20.81
2022-02-16,0.0,17.83,23.47,12.28,62.02,1.34,20.28
2022-02-17,0.0,17.57,23.4,11.66,61.8,1.54,19.88
2022-02-18,0.0,17.86,24.78,11.64,61.78,1.47,19.77
2022-02-19,0.0,17.6,23.84,12.67,59.91,1.6,19.99
2022-02-20,2.0,17.11,23.03,11.79,68.35,1.53,15.6
2022-02-21,3.25,16.6,21.71,12.92,78.9,1.37,17.17
2022-02-22,3.26,17.87,24.14,11.99,70.07,1.5,18.29
2022-02-23,0.09,19.5,25.28,13.96,65.08,1.42,17.41
2022-02-24,0.33,19.48,25.55,14.01,73.2,1.4,16.37
2022-02-25,9.61,18.69,23.03,16.63,82.32,1.08,16.07
2022-02-26,0.2,20.63,26.51,15.55,74.9,1.32,19.33
2022-02-27,0.0,20.62,26.17,14.68,67.5,1.41,19.24
2022-02-28,0.0,21.57,26.36,16.72,69.75,1.4,16.17
2022-03-01,0.0,21.12,27.62,15.17,61.07,1.42,20.39
2022-03-02,0.0,21.1,27.17,15.37,58.9,1.41,21.44
2022-03-03,0.0,21.21,27.9,14.05,57.34,1.53,21.13
2022-03-04,0.0,21.42,27.02,14.58,55.7,1.48,21.84
2022-03-05,0.0,21.94,27.43,16.85,55.94,1.36,21.15
2022-03-06,0.0,22.92,31.56,15.37,58.04,1.54,21.16
2022-03-07,0.0,24.02,32.66,16.77,53.1,1.81,22.74
2022-03-08,0.0,24.49,31.39,17.21,52.21,1.35,22.17
2022-03-09,0.0,24.08,31.4,16.46,56.85,1.19,22.03
2022-03-10,0.0,23.43,31.64,16.85,58.22,1.44,21.93
2022-03-11,0.0,23.69,30.11,17.65,51.38,1.37,21.25
2022-03-12,0.0,24.16,30.31,17.87,50.88,1.16,20.98
2022-03-13,0.0,24.71,32.03,17.37,56.81,1.27,22.58
2022-03-14,0.0,25.06,31.66,18.39,58.03,1.3,22.0
2022-03-15,0.0,25.9,32.21,19.26,53.61,1.18,20.84
2022-03-16,0.0,25.39,31.92,19.18,55.44,1.37,22.06
2022-03-17,0.0,25.67,32.94,18.45,56.08,1.3,21.49
2022-03-18,0.0,26.65,33.85,19.83,57.73,1.39,21.59
2022-03-19,0.0,27.33,33.33,20.93,58.03,1.26,21.5
2022-03-20,0.0,25.4,31.51,18.86,60.98,1.38,22.55
2022-03-21,0.0,25.48,31.7,17.64,57.19,1.24,23.28
2022-03-22,0.41,26.61,32.54,21.11,57.59,1.19,20.52
2022-03-23,0.13,27.88,34.75,21.83,57.85,1.56,20.33
2022-03-24,1.69,26.4,32.63,21.97,67.66,2.33,17.08
2022-03-25,19.43,25.08,30.37,21.07,82.77,2.28,15.11
2022-03-26,52.85,25.39,29.88,22.14,86.34,2.11,16.2
2022-03-27,22.47,25.0,29.86,21.33,82.88,1.19,18.8
2022-03-28,1.6,24.74,29.46,19.93,75.1,1.26,12.3
2022-03-29,8.78,24.35,28.8,20.16,80.78,1.2,12.16
2022-03-30,8.43,25.32,29.4,21.66,80.28,1.17,10.39
2022-03-31,19.56,25.73,30.52,21.55,82.75,1.57,15.46
2022-04-01,64.06,26.11,29.99,21.85,84.08,1.82,16.41
2022-04-02,62.63,26.03,29.81,23.17,85.7,1.12,15.59
2022-04-03,21.42,25.91,29.48,22.96,81.73,1.86,13.89
2022-04-04,45.8,25.33,29.94,22.12,86.48,2.75,17.79
2022-04-05,78.62,25.83,29.5,22.05,83.04,1.21,19.18
2022-04-06,7.55,25.75,30.06,22.12,82.96,1.26,18.78
2022-04-07,0.01,26.25,31.5,21.79,75.94,1.79,21.77
2022-04-08,0.35,26.23,31.0,21.78,73.67,1.54,20.87
2022-04-09,16.55,25.99,30.62,21.93,76.28,1.23,18.95
2022-04-10,6.59,25.53,30.18,21.03,76.2,1.24,19.65
2022-04-11,22.02,26.21,29.96,22.1,81.34,1.5,15.61
2022-04-12,10.06,26.42,29.7,23.28,82.7,1.16,16.71
2022-04-13,35.54,26.81,29.7,23.28,81.66,0.95,16.46
2022-04-14,38.11,26.38,30.27,23.24,85.79,1.78,12.86
2022-04-15,22.25,26.68,32.04,22.49,84.15,1.83,19.85
2022-04-16,32.12,26.44,30.13,23.0,87.85,1.73,15.15
2022-04-17,24.22,27.26,30.88,23.48,79.73,1.0,19.14
2022-04-18,27.1,26.27,29.99,22.97,83.39,1.14,20.09
2022-04-19,16.84,26.9,30.13,22.92,81.7,1.24,21.68
2022-04-20,13.92,26.75,30.31,24.16,79.43,0.7,5.55
2022-04-21,3.84,25.39,28.44,21.42,79.42,1.11,24.91
2022-04-22,11.82,26.29,30.07,22.02,81.06,1.27,11.94
2022-04-23,1.95,26.33,29.96,22.14,83.24,1.29,22.72
2022-04-24,8.06,27.87,31.64,23.81,79.29,1.53,21.64
2022-04-25,8.17,27.47,31.41,22.75,81.07,1.37,21.96
2022-04-26,5.9,27.34,31.45,23.69,82.76,1.21,22.56
2022-04-27,9.24,27.75,31.58,23.78,80.36,1.23,21.14
2022-04-28,4.4,28.12,32.6,23.73,75.82,1.09,22.24
2022-04-29,5.07,28.13,32.38,23.58,74.74,1.21,21.56
2022-04-30,31.36,27.92,31.82,24.72,76.35,0.92,19.84
2022-05-01,7.75,27.28,31.02,23.55,77.17,1.23,22.34
2022-05-02,17.04,26.7,31.22,23.43,79.9,1.3,18.29
2022-05-03,2.95,26.92,30.21,22.84,75.83,1.39,5.89
2022-05-04,16.09,26.57,29.42,23.81,78.4,1.0,16.38
2022-05-05,6.3,26.53,30.04,22.68,78.26,1.22,21.74
2022-05-06,2.13,27.64,31.1,25.07,76.07,1.13,21.99
2022-05-07,0.11,28.25,32.34,24.43,75.66,1.18,22.48
2022-05-08,0.03,28.6,33.04,23.93,70.73,1.11,23.57
2022-05-09,11.79,28.31,31.02,25.11,70.02,0.98,11.24
2022-05-10,52.84,26.39,29.06,23.84,86.21,1.55,6.54
2022-05-11,52.48,26.89,29.94,24.27,89.36,3.41,11.9
2022-05-12,75.11,27.49,30.36,25.17,89.27,3.55,16.69
2022-05-13,138.59,27.45,30.53,24.93,91.15,3.27,7.79
2022-05-14,85.06,27.81,31.22,25.42,90.39,3.26,9.93
2022-05-15,47.94,28.16,31.57,25.7,90.06,2.83,15.21
2022-05-16,53.88,27.55,30.24,24.91,90.17,1.25,16.32
2022-05-17,106.93,26.59,28.59,25.25,92.83,1.79,7.62
2022-05-18,69.29,26.36,27.92,24.89,91.91,2.06,19.13
2022-05-19,103.61,26.7,29.95,23.75,91.96,1.89,15.3
2022-05-20,42.63,26.85,29.56,24.04,88.69,1.47,14.17
2022-05-21,23.3,26.78,29.8,24.04,89.55,1.4,11.43
2022-05-22,26.98,27.92,31.33,24.49,84.22,0.87,20.97
2022-05-23,31.08,27.91,30.75,24.46,81.64,0.92,17.66
2022-05-24,0.35,28.65,32.07,25.26,80.47,1.0,23.6
2022-05-25,7.13,27.5,29.55,25.05,87.0,1.27,15.39
2022-05-26,7.6,26.66,29.65,24.05,88.55,1.84,17.07
2022-05-27,4.03,27.08,30.89,22.89,86.39,1.2,19.73
2022-05-28,8.11,27.07,30.04,23.85,83.85,1.37,22.26
2022-05-29,16.43,27.51,31.0,23.68,83.34,1.26,17.01
2022-05-30,1.66,27.27,29.64,24.76,86.42,1.03,19.43
2022-05-31,6.65,27.83,30.58,24.63,82.53,1.08,19.27
2022-06-01,12.84,27.66,30.28,25.42,86.71,1.77,16.03
2022-06-02,44.67,26.56,29.26,24.54,91.18,2.14,13.04
2022-06-03,54.36,27.05,29.7,24.77,91.68,2.42,7.26
2022-06-04,60.33,27.29,30.12,24.91,88.17,1.36,5.55
2022-06-05,49.34,27.42,30.25,24.54,85.6,1.22,12.59
2022-06-06,59.92,27.43,30.65,24.37,89.1,1.49,17.34
2022-06-07,51.49,27.69,30.38,24.8,90.42,1.8,8.11
2022-06-08,54.88,27.49,29.68,25.18,90.63,1.79,13.75
2022-06-09,20.03,27.43,30.29,25.27,91.22,1.9,10.66
2022-06-10,41.88,25.77,26.87,24.36,91.61,1.34,11.65
2022-06-11,4.31,26.96,30.09,23.7,87.74,1.54,17.97
2022-06-12,129.42,27.45,30.68,24.22,91.24,1.99,9.75
2022-06-13,79.24,27.73,30.65,24.91,91.44,2.17,3.48
2022-06-14,60.28,27.7,30.29,25.23,91.76,1.52,8.92
2022-06-15,63.93,26.89,29.02,25.18,92.38,2.03,3.87
2022-06-16,96.75,26.09,28.3,24.25,94.29,2.49,5.47
2022-06-17,105.82,25.43,27.38,23.67,95.61,2.87,1.48
2022-06-18,148.32,25.52,27.2,23.89,95.4,3.85,1.98
2022-06-19,97.57,25.83,28.62,23.82,93.84,3.19,9.74
2022-06-20,65.67,26.41,28.99,24.26,93.88,3.38,10.31
2022-06-21,6.51,26.8,29.91,23.9,91.53,2.02,16.04
2022-06-22,16.3,27.21,29.99,24.66,89.6,1.76,16.61
2022-06-23,23.83,26.7,29.42,24.15,92.03,1.9,14.29
2022-06-24,6.21,26.54,28.61,24.21,92.24,1.91,21.63
2022-06-25,17.52,27.55,30.85,24.2,89.67,1.77,20.29
2022-06-26,15.1,26.8,29.39,24.5,92.14,1.95,21.94
2022-06-27,29.73,27.61,30.32,24.62,90.59,2.37,21.49
2022-06-28,30.36,27.01,29.06,25.53,91.86,2.38,14.76
2022-06-29,63.0,27.1,29.76,24.75,89.82,1.91,9.69
2022-06-30,44.44,27.09,29.46,24.68,90.3,2.03,6.69
2022-07-01,8.12,27.67,31.49,24.28,89.52,1.88,18.03
2022-07-02,16.88,27.53,30.29,24.78,88.29,1.05,24.02
2022-07-03,4.26,28.01,30.76,25.35,89.81,1.78,17.53
2022-07-04,9.12,27.6,30.7,25.22,91.4,2.33,20.33
2022-07-05,5.14,28.03,30.39,25.37,87.5,1.05,19.08
2022-07-06,41.68,27.62,30.62,25.41,90.64,1.38,10.76
2022-07-07,1.66,27.71,30.91,24.7,88.48,1.47,23.7
2022-07-08,5.07,27.69,30.64,24.76,89.35,1.37,14.9
2022-07-09,4.13,28.46,32.16,24.87,86.86,1.39,24.19
2022-07-10,12.69,28.43,32.3,24.82,86.13,1.19,22.95
2022-07-11,17.16,27.79,31.04,25.56,88.31,1.53,22.05
2022-07-12,3.29,28.9,32.75,25.37,83.35,1.03,24.45
2022-07-13,8.54,30.63,34.11,27.15,80.08,1.17,25.56
2022-07-14,4.45,30.67,34.5,27.42,81.02,1.49,26.15
2022-07-15,4.82,30.14,33.89,27.07,82.68,0.93,21.94
2022-07-16,4.67,29.61,33.33,26.45,86.09,1.2,23.42
2022-07-17,71.58,28.6,31.69,26.57,88.73,1.78,21.31
2022-07-18,9.05,28.13,31.11,25.46,89.7,2.02,19.17
2022-07-19,33.53,27.51,30.08,25.34,90.56,2.13,17.52
2022-07-20,32.02,27.77,30.53,25.16,90.52,1.71,17.9
2022-07-21,9.03,28.25,31.08,25.29,84.0,1.42,21.46
2022-07-22,3.47,28.59,30.9,25.96,85.77,0.74,19.96
2022-07-23,43.75,27.55,29.52,26.26,92.13,1.31,22.12
2022-07-24,10.36,26.85,28.99,25.21,92.39,1.66,7.4
2022-07-25,38.21,26.3,28.18,24.8,88.68,1.21,12.44
2022-07-26,36.63,26.98,30.49,23.51,86.85,1.27,11.04
2022-07-27,12.44,27.75,30.64,24.8,86.48,1.5,19.45
2022-07-28,22.91,27.91,31.01,25.25,87.15,1.52,12.54
2022-07-29,8.4,27.62,30.75,25.02,86.76,1.52,20.1
2022-07-30,17.33,27.79,30.91,25.38,88.6,1.84,8.49
2022-07-31,40.33,26.63,27.76,25.84,92.42,1.82,9.86
2022-08-01,19.78,27.97,30.94,25.4,90.56,1.76,11.39
2022-08-02,16.86,28.23,31.34,25.59,88.01,1.43,14.72
2022-08-03,13.17,27.94,30.33,25.75,88.52,1.21,17.36
2022-08-04,16.72,28.12,31.42,25.2,87.61,1.4,14.94
2022-08-05,53.23,28.1,30.44,25.52,88.89,1.1,17.47
2022-08-06,11.99,28.54,31.56,26.44,86.84,1.24,17.82
2022-08-07,25.48,30.18,33.93,25.92,80.64,0.99,22.72
2022-08-08,13.0,29.34,32.59,26.56,85.03,1.73,17.86
2022-08-09,3.76,29.14,32.71,25.97,86.14,2.05,21.04
2022-08-10,4.83,28.65,32.67,25.55,84.36,1.29,16.8
2022-08-11,0.16,28.8,32.78,25.15,83.66,1.48,24.4
2022-08-12,0.37,28.43,30.65,25.24,82.64,0.74,19.88
2022-08-13,13.36,27.84,33.32,25.09,87.07,1.59,11.31
2022-08-14,35.26,28.42,32.21,25.52,83.4,1.82,18.54
2022-08-15,5.5,28.27,31.93,24.72,83.7,1.26,19.78
2022-08-16,12.56,28.02,31.44,25.02,88.82,1.63,17.79
2022-08-17,5.65,28.68,31.88,25.55,88.03,1.4,20.82
2022-08-18,6.32,31.31,35.02,27.11,77.61,1.36,17.5
2022-08-19,9.73,29.9,32.66,26.74,81.78,1.46,22.53
2022-08-20,4.51,29.15,32.77,26.05,84.21,1.3,21.0
2022-08-21,8.05,27.16,29.63,25.04,87.92,1.02,18.56
2022-08-22,9.21,28.54,32.16,24.94,86.18,1.23,19.9
2022-08-23,17.62,28.76,31.77,26.18,88.05,1.2,20.78
2022-08-24,12.24,28.14,31.94,25.26,87.33,1.36,20.83
2022-08-25,0.34,27.75,31.45,24.51,86.64,1.56,21.55
2022-08-26,1.24,28.42,32.22,24.68,84.16,1.61,17.15
2022-08-27,37.69,26.72,28.6,25.16,92.86,1.87,7.86
2022-08-28,20.41,27.17,30.6,23.91,88.97,1.76,16.05
2022-08-29,15.27,27.39,30.34,24.88,88.59,1.45,17.27
2022-08-30,25.94,27.33,30.15,24.84,88.37,1.8,12.72
2022-08-31,2.71,27.87,31.5,24.03,85.93,1.38,16.43
2022-09-01,40.14,26.07,27.82,23.91,90.95,1.57,12.73
2022-09-02,21.95,25.8,28.23,23.5,93.01,1.79,9.32
2022-09-03,85.8,27.5,30.5,24.76,92.27,3.17,8.3
2022-09-04,43.14,28.01,30.7,26.22,92.28,2.58,9.31
2022-09-05,26.41,27.27,29.29,25.94,93.65,1.79,8.35
2022-09-06,12.5,27.11,29.53,25.18,92.04,1.25,11.96
2022-09-07,4.73,27.73,29.98,25.52,86.31,0.86,18.61
2022-09-08,2.43,29.55,32.99,26.3,80.86,1.39,21.37
2022-09-09,4.71,28.54,33.51,25.0,81.48,2.99,22.06
2022-09-10,22.9,27.63,30.86,24.37,86.87,1.67,21.34
2022-09-11,22.29,25.99,27.45,24.27,92.24,1.54,18.11
2022-09-12,17.92,25.85,29.51,23.03,92.06,1.91,15.08
2022-09-13,59.68,26.13,29.25,23.91,94.14,1.55,8.47
2022-09-14,48.48,26.32,29.94,23.17,91.33,1.84,12.67
2022-09-15,36.17,26.87,29.99,24.08,91.58,2.04,13.56
2022-09-16,25.64,27.11,29.75,24.66,91.47,2.01,12.58
2022-09-17,2.1,27.7,31.24,24.5,88.41,1.47,19.02
2022-09-18,1.95,28.58,32.32,24.94,84.59,0.81,17.78
2022-09-19,30.49,28.5,32.3,25.86,84.83,0.97,21.58
2022-09-20,12.5,27.73,31.44,25.24,88.26,1.2,19.06
2022-09-21,15.81,27.06,29.62,24.58,89.49,1.09,14.89
2022-09-22,9.94,27.44,31.0,24.89,89.65,1.2,17.88
2022-09-23,11.02,27.08,29.94,24.92,90.8,1.28,11.32
2022-09-24,26.78,26.92,29.58,24.79,88.04,1.19,8.89
2022-09-25,3.91,27.5,30.67,23.95,81.45,0.81,14.75
2022-09-26,5.43,27.52,31.26,23.49,84.61,1.4,18.25
2022-09-27,0.96,26.9,29.63,25.03,92.47,1.41,17.21
2022-09-28,3.83,27.78,32.82,24.95,78.18,1.04,18.68
2022-09-29,1.1,28.69,31.82,25.18,74.92,0.94,19.09
2022-09-30,0.29,29.57,33.39,25.23,76.37,1.13,17.42
2022-10-01,11.61,29.8,34.01,25.68,76.23,1.08,16.54
2022-10-02,32.71,29.01,33.42,25.75,81.33,1.28,11.02
2022-10-03,27.26,26.7,28.51,25.25,92.16,1.37,13.2
2022-10-04,13.03,26.6,28.41,25.18,87.65,0.81,19.27
2022-10-05,6.59,26.15,29.83,22.82,89.46,1.26,17.19
2022-10-06,0.62,26.77,30.31,23.91,88.95,1.36,18.74
2022-10-07,3.94,26.56,30.21,23.83,87.14,1.05,20.24
2022-10-08,4.59,26.58,30.11,22.77,86.9,1.27,18.31
2022-10-09,14.37,26.42,29.55,23.86,89.86,1.42,10.73
2022-10-10,17.93,26.1,28.79,23.9,91.82,1.27,12.96
2022-10-11,65.28,25.91,28.76,23.47,93.78,1.72,9.4
2022-10-12,23.9,25.42,27.5,23.71,93.41,1.24,10.89
2022-10-13,31.31,25.44,28.37,23.34,92.23,1.46,12.09
2022-10-14,8.2,25.36,28.29,23.22,92.03,1.25,17.15
2022-10-15,0.02,26.42,30.84,22.65,84.97,1.08,19.54
2022-10-16,0.81,27.2,32.81,22.71,78.3,1.35,19.64
2022-10-17,0.31,27.4,31.79,22.91,77.39,1.2,17.69
2022-10-18,0.34,27.24,31.01,24.3,80.65,0.93,18.85
2022-10-19,0.01,26.03,29.67,22.97,81.43,0.97,16.7
2022-10-20,0.0,26.79,32.04,21.71,73.75,1.01,19.38
2022-10-21,0.0,26.1,32.29,21.75,77.6,1.93,19.8
2022-10-22,0.01,25.71,31.96,21.37,76.8,2.48,19.5
2022-10-23,5.61,24.52,27.22,22.54,84.32,2.19,8.49
2022-10-24,97.87,22.19,23.43,20.41,87.8,4.48,2.61
2022-10-25,36.67,22.22,25.13,20.08,91.64,3.65,8.43
2022-10-26,0.95,23.15,27.56,19.43,85.44,1.15,14.49
2022-10-27,0.01,23.95,28.94,18.84,74.09,0.98,18.6
2022-10-28,0.0,23.38,28.85,18.7,75.8,1.26,19.34
2022-10-29,0.0,24.17,29.02,18.48,75.08,1.17,19.39
2022-10-30,0.0,25.07,30.07,20.11,79.16,1.24,18.03
2022-10-31,0.0,25.59,30.44,20.73,76.31,1.01,18.42
2022-11-01,0.0,25.14,30.54,20.39,75.45,1.19,18.84
2022-11-02,0.02,24.38,27.54,21.25,81.0,0.91,17.07
2022-11-03,0.04,24.09,27.99,20.34,84.12,0.93,12.08
2022-11-04,0.14,24.25,28.9,19.67,80.59,1.05,16.6
2022-11-05,0.01,24.77,29.41,20.09,78.42,1.09,17.54
2022-11-06,0.01,24.04,28.27,20.28,80.38,1.12,17.52
2022-11-07,0.0,23.45,28.05,19.59,80.49,1.16,16.8
2022-11-08,0.0,23.16,28.0,19.11,76.49,1.16,17.67
2022-11-09,0.0,22.8,27.06,18.29,73.21,1.11,17.87
2022-11-10,0.0,21.78,26.33,17.37,75.11,1.12,17.96
2022-11-11,0.0,21.64,26.6,16.68,71.33,1.16,17.4
2022-11-12,0.0,21.77,27.18,16.7,76.03,1.17,17.27
2022-11-13,0.0,21.34,26.62,16.92,78.17,1.2,17.63
2022-11-14,0.01,21.65,26.96,16.13,69.87,1.24,17.42
2022-11-15,0.0,20.85,25.64,15.39,74.19,1.21,17.22
2022-11-16,0.0,20.68,25.93,16.14,82.04,1.26,17.2
2022-11-17,0.0,21.11,26.32,17.19,78.18,1.03,17.51
2022-11-18,0.0,20.59,27.33,15.57,69.16,1.42,17.36
2022-11-19,0.0,20.91,28.75,14.23,69.52,1.8,15.65
2022-11-20,0.0,22.45,28.09,16.12,66.25,0.83,15.53
2022-11-21,0.76,22.08,27.51,17.29,73.7,1.18,16.45
2022-11-22,0.0,21.59,26.52,17.11,76.37,1.08,16.73
2022-11-23,0.0,20.87,26.67,16.0,79.51,1.13,16.36
2022-11-24,0.0,21.16,27.27,15.6,74.14,1.24,16.22
2022-11-25,0.0,21.8,28.24,15.52,64.26,1.4,16.96
2022-11-26,0.0,21.23,26.34,15.49,72.56,1.17,16.82
2022-11-27,0.0,20.35,25.62,15.63,78.89,1.25,16.53
2022-11-28,0.0,20.64,26.17,14.95,76.26,1.1,15.27
2022-11-29,0.0,22.58,27.79,17.36,78.58,1.1,9.66
2022-11-30,0.0,22.89,27.42,19.14,84.62,1.06,12.65
2022-12-01,0.0,22.39,27.39,18.04,81.41,1.03,14.2
2022-12-02,0.0,21.3,26.23,16.63,76.17,1.07,14.21
2022-12-03,0.0,20.19,25.02,15.32,72.65,1.05,15.71
2022-12-04,0.0,19.26,24.77,14.29,75.44,1.07,16.11
2022-12-05,0.0,20.01,26.13,14.37,68.86,1.23,15.89
2022-12-06,0.0,19.29,24.59,13.96,75.25,1.22,15.82
2022-12-07,0.0,18.73,24.48,13.94,80.28,1.23,15.51
2022-12-08,0.0,19.28,25.47,13.86,68.16,1.33,15.2
2022-12-09,0.0,18.15,23.77,12.69,68.51,1.26,15.71
2022-12-10,0.0,18.07,23.72,12.86,77.42,1.15,14.75
2022-12-11,0.0,19.02,24.34,14.03,77.13,1.17,15.56
2022-12-12,0.0,18.94,24.4,14.24,82.3,1.08,14.59
2022-12-13,0.0,18.85,23.92,14.42,83.2,1.16,13.94
2022-12-14,0.0,18.63,23.79,14.46,85.38,1.24,13.68
2022-12-15,0.0,18.57,23.29,14.12,85.25,1.15,12.91
2022-12-16,0.0,18.83,24.18,14.38,84.29,1.06,12.38
2022-12-17,0.0,19.17,25.1,14.46,76.36,1.6,13.64
2022-12-18,0.0,18.83,24.7,13.52,76.22,1.3,14.67
2022-12-19,0.0,19.1,23.94,14.97,81.35,1.2,13.68
2022-12-20,0.0,18.21,23.0,14.2,79.33,1.16,14.15
2022-12-21,0.0,18.11,23.5,13.87,82.52,1.26,14.75
2022-12-22,0.0,18.47,23.7,13.31,83.1,1.25,14.48
2022-12-23,0.0,18.16,23.37,13.62,75.48,1.19,13.92
2022-12-24,0.0,17.9,24.3,13.04,74.67,1.24,14.64
2022-12-25,1.16,17.08,21.87,12.68,79.18,1.0,10.82
2022-12-26,2.04,19.27,23.84,15.68,76.58,0.96,8.78
2022-12-27,4.5,17.96,21.58,14.21,87.73,1.25,7.24
2022-12-28,0.09,16.69,21.25,12.57,79.63,1.12,9.09
2022-12-29,0.0,16.19,21.17,11.85,77.28,1.29,9.36
2022-12-30,0.0,15.77,21.26,11.36,78.0,1.34,11.81
2022-12-31,0.0,15.96,22.18,10.77,80.55,1.28,11.31
2023-01-01,0.0,15.97,21.5,11.83,80.58,1.22,14.0
2023-01-02,0.0,16.48,22.63,11.51,72.56,1.3,14.86
2023-01-03,0.0,16.33,22.63,11.14,70.27,1.25,15.06
2023-01-04,0.0,16.33,23.05,11.03,68.43,1.23,12.59
2023-01-05,0.0,17.49,23.86,10.97,63.42,1.17,11.78
2023-01-06,0.0,18.48,25.66,12.13,68.33,1.47,10.58
2023-01-07,0.0,18.89,25.77,12.85,69.26,1.43,11.46
2023-01-08,0.0,18.68,25.4,13.36,69.31,1.24,11.32
2023-01-09,0.0,18.38,25.08,12.75,71.58,1.26,14.53
2023-01-10,0.0,18.74,24.66,13.06,68.73,1.22,16.07
2023-01-11,0.0,17.69,23.15,12.54,73.43,1.17,15.66
2023-01-12,0.0,16.66,21.86,11.89,77.03,1.11,15.31
2023-01-13,0.0,15.6,21.37,9.86,79.16,1.28,15.19
2023-01-14,0.0,16.99,22.12,11.65,74.35,1.18,11.07
2023-01-15,0.0,16.8,21.76,12.9,76.03,1.26,12.41
2023-01-16,0.0,15.78,21.09,10.74,75.86,1.27,12.82
2023-01-17,0.0,14.24,20.1,9.44,73.02,1.3,13.66
2023-01-18,0.0,13.72,20.29,8.69,64.03,1.22,15.21
2023-01-19,0.0,14.17,20.09,9.62,64.04,1.24,16.49
2023-01-20,0.0,14.79,20.86,9.04,64.22,1.27,16.8
2023-01-21,0.0,16.17,21.89,11.17,66.01,1.18,16.84
2023-01-22,0.0,17.05,22.53,12.14,65.01,1.17,16.25
2023-01-23,0.0,16.4,22.03,11.16,71.41,1.18,15.25
2023-01-24,0.0,17.9,24.36,13.0,72.5,1.32,16.07
2023-01-25,0.0,18.78,23.87,13.21,68.67,1.2,15.93
2023-01-26,0.0,19.21,24.83,14.53,75.41,1.25,14.37
2023-01-27,0.0,19.46,24.77,15.95,77.65,1.26,15.17
2023-01-28,0.0,19.2,25.14,14.77,79.86,1.23,15.2
2023-01-29,0.0,20.12,26.49,14.83,73.9,1.25,13.55
2023-01-30,0.0,20.33,27.24,14.22,67.84,1.26,16.87
2023-01-31,0.0,20.15,25.51,14.2,73.12,1.29,16.51
2023-02-01,0.0,19.9,25.15,15.59,74.78,1.19,9.4
2023-02-02,0.0,17.93,24.98,11.47,60.52,1.41,17.11
2023-02-03,0.0,18.75,26.29,12.35,62.52,1.36,18.3
2023-02-04,0.0,18.78,24.19,13.2,66.8,1.39,16.58
2023-02-05,0.0,18.29,23.9,13.94,70.12,1.38,16.59
2023-02-06,0.0,18.14,23.94,12.49,63.75,1.46,14.72
2023-02-07,0.0,19.18,23.96,14.86,58.27,1.39,16.12
2023-02-08,0.0,19.01,24.18,13.81,70.69,1.26,14.82
2023-02-09,0.0,19.55,24.69,15.76,75.94,1.25,16.35
2023-02-10,0.0,18.73,24.34,13.49,71.37,1.34,16.58
2023-02-11,0.0,17.89,23.63,12.83,70.36,1.41,17.94
2023-02-12,0.0,18.39,24.41,13.03,71.26,1.58,13.34
2023-02-13,0.0,17.71,24.16,11.25,55.15,1.58,20.7
2023-02-14,0.0,18.21,26.37,11.81,59.29,1.58,20.17
2023-02-15,0.0,19.01,25.5,13.57,64.47,1.31,19.32
2023-02-16,0.0,19.97,27.19,13.25,64.82,1.39,19.22
2023-02-17,0.0,19.94,25.87,14.4,65.46,1.37,19.38
2023-02-18,0.0,20.51,26.54,14.69,61.73,1.31,17.98
2023-02-19,0.0,21.24,26.75,16.34,61.25,1.35,15.88
2023-02-20,0.0,21.61,27.63,16.04,67.22,1.41,14.66
2023-02-21,0.35,21.55,25.96,17.27,73.55,1.22,13.03
2023-02-22,4.34,22.02,27.54,16.71,82.06,1.54,12.82
2023-02-23,3.28,22.37,27.24,17.77,77.92,1.84,16.19
2023-02-24,3.9,21.69,26.86,16.92,73.81,1.12,16.49
2023-02-25,0.0,21.55,28.7,16.91,63.36,2.09,18.98
2023-02-26,0.28,21.99,28.69,15.7,54.93,1.43,20.55
2023-02-27,0.0,21.96,28.14,16.78,53.11,1.5,19.98
2023-02-28,0.0,20.4,27.04,14.63,61.39,1.51,20.04
2023-03-01,0.0,22.27,29.11,15.88,59.94,1.76,18.46
2023-03-02,0.0,22.84,28.56,16.94,62.58,1.48,19.92
2023-03-03,0.0,23.92,29.34,17.3,53.63,1.28,19.92
2023-03-04,0.0,24.76,30.33,19.5,56.42,1.16,20.32
2023-03-05,0.0,24.58,30.0,19.22,61.19,1.44,19.76
2023-03-06,0.0,24.71,30.39,20.44,56.28,1.64,20.41
2023-03-07,0.0,23.84,30.22,17.58,51.21,1.6,22.13
2023-03-08,0.0,23.38,30.39,16.65,54.1,1.51,19.55
2023-03-09,0.0,23.83,30.53,18.25,61.07,1.72,19.14
2023-03-10,0.0,22.74,29.33,17.4,56.89,1.43,13.88
2023-03-11,0.0,24.28,31.76,16.98,58.25,1.55,15.22
2023-03-12,0.0,25.35,32.88,18.79,57.0,1.54,19.82
2023-03-13,0.0,25.72,32.1,19.07,54.66,1.35,21.25
2023-03-14,0.32,25.41,31.13,18.13,51.6,1.53,18.62
2023-03-15,10.15,23.92,28.48,20.73,69.91,0.98,9.23
2023-03-16,6.2,23.57,28.74,18.3,73.31,1.14,14.6
2023-03-17,18.46,22.28,27.42,18.88,79.41,1.3,8.28
2023-03-18,10.76,23.33,28.57,18.65,72.58,1.16,16.95
2023-03-19,40.91,22.23,25.39,18.69,79.25,1.02,3.68
2023-03-20,33.2,20.9,24.54,17.98,86.44,1.25,13.37
2023-03-21,22.07,21.54,25.13,17.41,82.22,1.45,17.68
2023-03-22,11.07,21.95,26.07,18.51,79.76,1.59,16.39
2023-03-23,0.77,21.65,26.08,17.28,78.41,1.2,18.55
2023-03-24,5.69,22.39,27.48,17.24,74.13,1.18,21.63
2023-03-25,4.9,23.7,28.64,18.44,72.26,1.21,16.5
2023-03-26,1.13,24.37,29.26,18.72,73.95,1.43,18.05
2023-03-27,5.84,24.27,29.06,19.26,77.29,1.26,18.48
2023-03-28,15.72,24.43,29.16,19.41,75.19,1.29,19.93
2023-03-29,13.65,23.97,28.23,19.24,76.59,1.22,13.92
2023-03-30,8.57,24.06,28.27,19.32,73.23,1.21,16.85
2023-03-31,19.51,23.58,27.48,19.3,80.57,1.16,19.43
2023-04-01,29.38,22.3,24.4,19.62,82.09,1.15,12.26
2023-04-02,15.72,22.41,26.62,18.58,82.56,1.4,20.78
2023-04-03,7.65,23.37,27.41,17.63,77.23,1.36,21.2
2023-04-04,8.45,24.81,29.33,19.36,75.94,1.59,19.36
2023-04-05,34.82,25.45,29.6,20.17,81.18,1.44,16.4
2023-04-06,5.57,25.2,29.69,21.28,78.7,1.06,21.58
2023-04-07,0.08,25.59,30.65,20.01,66.72,1.26,25.39
2023-04-08,0.0,26.71,32.22,20.35,59.55,1.2,25.59
2023-04-09,0.0,26.64,31.65,21.14,62.9,1.38,24.96
2023-04-10,0.0,26.09,31.3,19.47,64.77,1.45,24.47
2023-04-11,0.0,27.45,32.71,21.38,58.01,1.29,23.91
2023-04-12,0.0,27.28,33.23,20.32,56.8,1.25,25.19
2023-04-13,0.0,28.0,33.21,22.39,54.1,1.21,25.46
2023-04-14,0.0,29.09,33.89,23.36,54.12,1.21,25.29
2023-04-15,0.0,29.29,35.06,23.28,56.01,1.15,20.44
2023-04-16,0.0,29.59,34.5,22.74,55.46,1.29,23.8
2023-04-17,0.01,29.51,33.9,23.39,64.21,1.2,21.42
2023-04-18,0.14,28.84,33.63,24.18,74.2,1.02,21.11
2023-04-19,2.56,29.29,33.37,24.36,71.88,1.05,20.98
2023-04-20,19.3,29.12,32.82,23.99,70.57,0.91,21.68
2023-04-21,18.16,28.09,32.07,23.54,74.4,1.26,13.63
2023-04-22,13.8,26.93,31.05,22.93,76.19,1.17,22.63
2023-04-23,35.54,25.44,30.01,21.22,75.24,1.41,8.54
2023-04-24,0.08,25.35,29.81,21.05,73.76,1.25,24.31
2023-04-25,1.35,26.27,30.99,20.75,67.01,1.24,25.29
2023-04-26,0.49,26.76,31.85,21.45,67.32,1.23,22.49
2023-04-27,7.54,27.34,32.16,21.47,66.59,1.31,24.56
2023-04-28,4.22,26.3,30.72,21.5,69.29,1.33,22.9
2023-04-29,0.56,27.37,32.37,22.15,66.09,1.14,23.89
2023-04-30,13.66,26.7,31.18,22.33,72.01,1.14,22.62
2023-05-01,10.23,26.19,30.16,22.87,76.38,1.53,19.21
2023-05-02,2.12,26.5,30.67,22.97,72.71,1.3,24.5
2023-05-03,0.49,27.25,31.6,22.66,69.13,1.28,18.7
2023-05-04,23.8,26.56,30.41,22.31,77.76,1.3,14.53
2023-05-05,5.7,26.42,30.04,23.09,79.48,1.73,17.52
2023-05-06,10.27,26.86,31.18,22.72,77.2,1.32,20.9
2023-05-07,6.55,27.26,31.69,22.72,72.6,1.21,22.53
2023-05-08,0.0,27.77,33.46,22.56,70.65,1.48,25.41
2023-05-09,0.0,28.52,34.33,22.28,62.73,1.62,22.76
2023-05-10,1.7,29.06,34.33,22.32,67.26,1.13,23.55
2023-05-11,8.9,28.85,33.5,24.32,69.77,1.15,21.72
2023-05-12,1.15,28.82,33.84,23.56,62.92,1.25,15.94
2023-05-13,0.0,28.39,34.83,22.98,62.88,2.99,13.88
2023-05-14,0.25,27.02,32.38,23.26,67.32,3.47,10.45
2023-05-15,1.01,26.46,31.09,21.2,69.25,1.88,22.87
2023-05-16,30.09,27.74,31.69,23.2,75.47,1.2,21.74
2023-05-17,20.38,26.99,30.83,23.3,81.22,0.91,12.02
2023-05-18,29.75,26.47,30.41,23.1,85.29,1.5,13.98
2023-05-19,12.26,26.77,30.37,23.26,84.7,1.25,11.81
2023-05-20,31.22,27.58,31.04,24.31,83.42,1.29,20.64
2023-05-21,27.7,27.34,30.74,23.19,78.96,0.78,21.65
2023-05-22,10.94,27.0,29.6,24.07,80.6,0.9,19.06
2023-05-23,4.95,27.12,29.63,24.25,82.61,1.02,10.68
2023-05-24,13.25,26.46,29.56,23.57,83.67,1.01,15.39
2023-05-25,0.75,27.14,31.36,22.94,80.93,1.16,23.67
2023-05-26,52.82,26.94,30.08,24.23,85.3,1.39,23.09
2023-05-27,30.98,27.24,30.33,24.12,84.29,1.27,17.83
2023-05-28,5.03,27.89,31.07,24.94,78.42,1.26,24.99
2023-05-29,0.02,28.85,32.67,25.27,73.65,1.31,25.6
2023-05-30,0.0,29.5,33.94,24.54,74.08,1.4,25.13
2023-05-31,0.0,30.01,34.16,25.67,71.61,1.46,25.92
2023-06-01,4.89,28.96,31.74,26.3,81.15,1.49,20.99
2023-06-02,10.77,29.17,32.53,25.99,81.05,1.45,18.72
2023-06-03,6.69,29.7,32.67,26.02,75.16,1.01,20.55
2023-06-04,0.35,29.33,32.68,25.88,77.52,1.03,21.78
2023-06-05,0.04,29.53,33.67,24.65,71.96,1.04,25.88
2023-06-06,0.01,29.76,33.33,25.7,73.26,0.89,24.52
2023-06-07,0.11,30.94,34.55,25.92,69.77,1.14,19.61
2023-06-08,11.25,30.86,34.95,26.84,73.72,1.09,11.11
2023-06-09,30.28,29.56,33.07,26.5,80.98,1.36,15.93
2023-06-10,33.5,28.1,31.62,25.79,88.27,1.58,14.48
2023-06-11,53.61,28.06,31.47,25.7,88.84,2.18,10.34
2023-06-12,17.52,28.41,31.69,25.44,85.84,1.18,8.45
2023-06-13,15.19,28.75,32.48,25.56,86.53,1.48,16.95
2023-06-14,110.57,27.66,29.66,25.66,93.14,2.26,4.98
2023-06-15,150.98,27.72,31.1,25.44,92.64,2.39,10.09
2023-06-16,152.38,28.03,31.71,25.19,91.77,2.33,5.68
2023-06-17,90.49,28.16,31.62,25.21,91.67,1.94,5.23
2023-06-18,134.42,27.96,30.92,25.19,90.75,1.76,3.19
2023-06-19,49.26,27.51,30.09,25.57,92.35,1.67,4.39
2023-06-20,44.75,27.35,30.07,24.98,88.81,1.45,11.13
2023-06-21,68.64,26.97,28.83,24.8,92.38,1.18,13.72
2023-06-22,40.14,26.92,28.71,24.93,91.33,1.63,10.05
2023-06-23,12.78,27.97,31.39,24.84,89.28,1.77,23.0
2023-06-24,4.11,28.37,32.54,24.46,84.69,1.06,20.34
2023-06-25,1.55,28.36,32.26,24.22,83.78,1.3,23.19
2023-06-26,8.95,27.38,30.55,24.9,89.86,1.6,19.57
2023-06-27,40.41,27.82,31.41,24.54,88.88,1.72,14.73
2023-06-28,69.11,27.66,31.23,24.54,90.9,2.26,10.69
2023-06-29,66.03,27.76,30.88,24.83,92.14,2.33,8.2
2023-06-30,68.32,27.6,30.71,25.09,92.32,2.52,11.43
2023-07-01,138.12,28.1,30.58,25.53,91.53,2.3,3.21
2023-07-02,32.14,28.08,30.92,25.38,91.91,2.4,5.09
2023-07-03,105.55,28.26,31.06,25.72,92.12,2.24,8.42
2023-07-04,20.16,28.59,31.49,26.24,89.45,1.44,21.07
2023-07-05,13.12,28.27,31.35,25.4,86.88,1.14,19.67
2023-07-06,86.06,28.24,31.01,25.72,90.15,2.0,17.73
2023-07-07,20.69,27.84,29.8,25.31,90.36,1.67,18.7
2023-07-08,19.99,28.03,30.4,25.45,88.73,1.49,19.85
2023-07-09,5.46,28.48,31.13,25.21,87.14,1.15,16.5
2023-07-10,16.16,28.62,31.72,26.1,90.86,2.36,13.44
2023-07-11,78.51,27.78,30.81,25.7,93.01,3.22,15.63
2023-07-12,47.95,27.17,29.89,24.61,92.03,2.23,20.04
2023-07-13,91.21,27.76,30.57,25.68,91.36,2.3,15.99
2023-07-14,22.03,28.3,31.83,25.13,87.4,1.29,17.24
2023-07-15,14.65,28.47,31.69,25.09,86.61,1.56,22.17
2023-07-16,2.02,28.5,31.23,25.25,85.43,1.46,16.63
2023-07-17,9.36,27.33,29.3,26.02,89.46,1.37,13.63
2023-07-18,3.72,29.85,33.77,25.81,80.39,1.27,25.08
2023-07-19,8.65,30.34,33.97,26.85,81.68,1.17,23.97
2023-07-20,5.51,29.31,32.76,26.29,87.11,1.14,21.94
2023-07-21,23.94,29.7,32.37,27.4,83.8,1.38,19.77
2023-07-22,24.48,28.08,30.45,26.6,88.4,0.95,23.7
2023-07-23,3.32,29.51,32.66,26.83,81.75,1.01,19.03
2023-07-24,1.58,29.31,33.08,26.02,82.26,0.67,21.67
2023-07-25,9.31,29.12,31.9,26.84,83.08,1.01,23.69
2023-07-26,31.84,28.6,31.29,25.68,85.94,1.26,20.52
2023-07-27,39.77,28.72,31.75,25.71,88.7,1.78,16.91
2023-07-28,36.85,28.56,31.79,25.61,89.4,1.68,19.91
2023-07-29,12.09,28.94,31.61,25.35,83.77,0.9,18.91
2023-07-30,6.83,30.35,33.4,27.24,79.99,1.16,23.31
2023-07-31,7.27,31.23,34.33,27.34,77.61,0.85,23.97
2023-08-01,2.83,31.21,35.03,27.57,81.78,1.5,22.29
2023-08-02,13.12,29.86,32.76,26.97,86.87,1.66,15.19
2023-08-03,31.19,28.44,31.66,25.42,89.6,1.86,13.44
2023-08-04,33.34,28.17,31.45,25.45,91.19,2.73,14.56
2023-08-05,18.09,28.01,31.05,24.93,91.31,2.8,15.55
2023-08-06,106.58,27.53,30.78,25.37,92.81,3.03,5.44
2023-08-07,61.27,28.08,31.05,25.5,92.71,2.14,5.44
2023-08-08,61.81,27.86,30.11,26.12,92.95,2.52,5.29
2023-08-09,22.44,28.09,31.3,25.59,90.78,2.31,16.9
2023-08-10,18.42,28.25,31.36,25.89,91.52,2.18,12.25
2023-08-11,20.75,27.81,30.88,25.32,92.06,2.66,10.19
2023-08-12,57.6,26.47,28.19,25.23,95.14,2.55,12.93
2023-08-13,56.6,26.94,30.76,24.27,92.39,2.25,7.68
2023-08-14,11.48,27.41,30.39,24.92,87.37,1.55,14.37
2023-08-15,23.05,27.42,30.3,24.51,91.53,1.57,8.3
2023-08-16,16.59,28.4,31.58,25.71,90.95,1.48,15.5
2023-08-17,6.67,29.7,32.63,26.02,86.59,1.49,22.31
2023-08-18,9.04,29.25,32.8,26.37,87.03,1.25,20.92
2023-08-19,7.01,27.67,29.98,26.28,89.54,1.36,18.57
2023-08-20,2.15,28.35,31.46,25.8,87.74,1.53,18.66
2023-08-21,48.45,27.61,30.0,25.91,92.66,2.13,13.8
2023-08-22,30.5,26.37,27.9,25.11,95.25,1.91,6.44
2023-08-23,27.86,27.21,29.83,24.95,91.48,1.89,14.33
2023-08-24,31.69,27.49,30.55,24.8,92.55,1.74,10.94
2023-08-25,26.73,27.75,30.81,25.59,91.21,2.03,12.46
2023-08-26,66.94,27.54,29.96,25.6,92.36,2.95,8.55
2023-08-27,88.82,27.78,30.43,25.68,92.46,3.16,9.21
2023-08-28,18.58,28.15,31.43,25.65,91.34,2.07,15.16
2023-08-29,0.21,28.73,32.25,25.82,84.12,1.0,20.53
2023-08-30,0.18,29.06,33.76,24.64,80.39,1.28,22.15
2023-08-31,2.76,29.09,33.52,25.33,82.57,1.29,17.19
2023-09-01,12.51,28.4,31.69,26.08,88.96,1.38,14.45
2023-09-02,6.02,29.46,33.22,25.95,83.8,1.08,15.71
2023-09-03,3.91,29.75,33.66,26.55,83.81,1.73,21.23
2023-09-04,11.48,29.93,34.01,26.53,80.84,1.24,20.5
2023-09-05,3.35,31.31,36.59,25.59,74.0,1.39,23.18
2023-09-06,1.42,30.91,34.49,27.22,78.42,1.41,20.58
2023-09-07,17.84,29.2,32.29,25.84,84.73,0.94,15.62
2023-09-08,22.84,27.56,29.95,25.27,91.14,1.48,9.79
2023-09-09,2.39,27.66,30.68,25.23,89.26,1.37,18.95
2023-09-10,9.4,28.9,32.45,26.11,84.13,1.23,16.31
2023-09-11,9.76,28.7,31.72,26.15,87.18,1.38,19.74
2023-09-12,15.81,28.83,32.93,25.63,81.52,0.64,17.76
2023-09-13,15.01,28.65,31.02,25.92,85.58,1.02,17.01
2023-09-14,7.36,28.85,32.75,25.84,84.88,1.51,19.21
2023-09-15,9.58,28.18,31.62,25.68,86.59,1.04,21.19
2023-09-16,0.03,29.35,32.95,26.04,82.46,1.06,22.15
2023-09-17,1.87,30.32,34.76,25.98,78.61,1.15,21.75
2023-09-18,14.92,28.29,31.26,26.26,87.19,1.66,17.57
2023-09-19,36.66,26.79,28.8,25.07,89.1,1.82,16.38
2023-09-20,30.36,26.11,27.92,24.69,91.22,1.66,14.57
2023-09-21,42.9,26.88,29.92,24.23,90.65,1.26,11.33
2023-09-22,29.01,26.92,29.34,24.49,89.74,1.03,11.47
2023-09-23,15.02,27.08,30.02,24.84,88.99,1.05,14.2
2023-09-24,7.09,27.21,30.49,24.2,87.48,1.11,17.83
2023-09-25,10.85,27.73,31.45,24.29,85.22,1.02,18.28
2023-09-26,19.58,27.81,31.12,24.82,85.39,1.08,20.72
2023-09-27,15.23,28.05,30.97,24.91,84.26,0.91,16.77
2023-09-28,0.01,29.93,34.02,25.1,77.39,0.97,20.62
2023-09-29,3.16,28.95,32.64,25.96,84.13,1.7,19.31
2023-09-30,3.33,28.62,31.22,25.9,83.67,1.11,15.42
2023-10-01,10.8,28.3,31.61,25.71,86.88,1.18,17.78
2023-10-02,28.52,28.11,31.24,25.66,87.08,1.03,16.03
2023-10-03,24.17,27.07,29.72,25.26,89.47,1.39,15.54
2023-10-04,14.0,26.78,30.42,24.05,83.98,0.86,10.65
2023-10-05,82.84,25.96,29.18,23.54,84.63,1.26,4.84
2023-10-06,206.5,25.91,27.99,24.13,94.79,2.12,1.66
2023-10-07,36.48,26.57,29.82,24.19,92.06,2.15,9.2
2023-10-08,38.15,27.03,30.52,24.6,92.74,1.96,12.85
2023-10-09,20.32,27.08,30.03,24.6,91.7,1.66,9.97
2023-10-10,1.01,27.7,30.94,24.86,85.42,0.91,17.29
2023-10-11,2.34,26.68,29.98,23.59,85.6,1.09,15.88
2023-10-12,5.17,26.53,29.6,23.4,86.03,1.11,16.34
2023-10-13,3.26,25.96,29.89,22.27,80.03,1.29,16.4
2023-10-14,0.04,25.65,29.38,21.71,78.16,1.17,16.54
2023-10-15,0.01,26.2,29.76,22.44,78.73,0.91,18.72
2023-10-16,0.0,25.79,30.42,21.49,77.53,1.05,19.48
2023-10-17,0.0,25.89,30.3,22.23,77.94,1.14,19.43
2023-10-18,0.0,25.11,29.4,20.73,76.25,1.06,18.62
2023-10-19,0.0,24.54,29.24,20.22,80.98,1.11,18.65
2023-10-20,0.0,24.63,29.58,20.4,77.93,1.08,19.82
2023-10-21,0.0,24.58,30.17,18.98,73.12,1.36,19.55
2023-10-22,0.02,25.54,30.26,19.78,75.49,1.21,15.76
2023-10-23,4.75,25.53,29.17,21.92,82.87,1.27,11.98
2023-10-24,1.57,24.86,28.37,22.42,87.3,1.24,10.01
2023-10-25,4.42,25.44,29.62,22.02,82.88,1.42,15.08
2023-10-26,12.59,25.12,28.38,22.45,86.15,1.09,15.79
2023-10-27,0.79,24.34,28.24,21.11,83.23,1.12,17.13
2023-10-28,0.01,24.2,29.03,19.82,76.07,1.14,18.35
2023-10-29,0.0,23.67,28.91,19.0,75.57,1.33,17.86
2023-10-30,0.0,24.69,29.64,20.28,74.51,1.25,18.79
2023-10-31,0.0,24.9,30.1,19.28,73.56,1.26,18.52
2023-11-01,0.0,25.29,31.53,19.83,70.1,1.19,18.84
2023-11-02,0.0,24.13,29.05,19.33,75.08,1.16,18.73
2023-11-03,0.0,23.54,27.58,19.25,79.04,1.16,17.03
2023-11-04,0.0,23.6,28.14,19.4,79.57,1.15,15.53
2023-11-05,0.07,23.65,28.97,19.21,75.59,1.12,16.25
2023-11-06,0.0,22.63,28.66,18.11,75.21,1.33,17.28
2023-11-07,0.0,22.14,27.68,17.0,69.67,1.23,15.19
2023-11-08,0.07,21.4,25.97,16.81,77.2,1.2,15.86
2023-11-09,0.01,22.22,27.54,17.58,77.89,1.17,16.91
2023-11-10,0.0,22.61,28.47,17.65,75.97,1.25,17.33
2023-11-11,0.0,22.55,27.83,17.28,72.09,1.25,17.35
2023-11-12,0.0,22.4,28.28,17.03,71.75,1.28,17.27
2023-11-13,0.0,23.07,28.62,17.43,69.04,1.24,17.53
2023-11-14,0.0,22.7,28.15,17.55,72.42,1.23,17.15
2023-11-15,0.0,23.35,28.44,17.47,69.5,1.0,15.25
2023-11-16,5.14,23.44,28.06,20.93,81.28,1.2,6.39
2023-11-17,45.51,22.09,24.38,20.6,89.7,3.45,2.34
2023-11-18,11.75,22.66,25.81,20.44,81.98,3.18,14.6
2023-11-19,4.45,23.34,27.81,19.75,84.31,1.37,16.38
2023-11-20,0.0,23.26,27.06,19.62,82.28,1.09,16.25
2023-11-21,0.0,22.72,26.64,19.49,81.84,1.14,11.09
2023-11-22,0.0,21.85,26.33,18.14,82.61,1.12,14.22
2023-11-23,0.0,21.9,27.04,17.46,76.99,1.35,15.39
2023-11-24,0.0,21.72,26.67,17.12,76.36,1.24,15.51
2023-11-25,0.0,21.32,26.71,15.94,71.91,1.31,16.49
2023-11-26,0.0,21.65,27.89,16.13,72.74,1.59,16.77
2023-11-27,0.0,22.05,28.57,16.91,70.8,1.61,15.69
2023-11-28,0.0,22.4,27.73,18.11,70.61,1.28,16.03
2023-11-29,0.0,21.53,26.44,16.86,76.66,1.14,12.2
2023-11-30,0.0,22.07,29.04,16.82,69.75,1.31,15.94
2023-12-01,0.0,21.53,27.66,16.37,72.96,1.34,16.18
2023-12-02,0.0,21.94,26.82,17.44,73.38,0.85,14.34
2023-12-03,0.0,22.29,27.96,17.54,79.06,1.18,13.94
2023-12-04,0.0,21.95,27.58,17.9,78.37,1.28,13.43
2023-12-05,0.0,22.1,25.74,18.76,74.03,1.05,7.75
2023-12-06,0.08,22.52,27.9,18.24,79.27,1.57,8.43
2023-12-07,22.71,20.78,22.63,19.38,90.11,1.13,4.32
2023-12-08,14.26,20.94,24.47,18.94,90.78,1.31,5.51
2023-12-09,0.71,20.51,24.35,17.72,88.38,1.25,12.82
2023-12-10,0.0,19.45,23.21,16.27,82.57,1.13,9.44
2023-12-11,0.01,19.58,25.08,14.46,75.79,1.14,13.01
2023-12-12,0.01,19.45,23.82,16.02,76.39,1.04,10.47
2023-12-13,0.0,17.54,22.51,12.98,82.52,1.15,12.23
2023-12-14,0.0,16.59,21.46,12.71,76.92,1.11,13.5
2023-12-15,0.0,16.87,22.93,12.22,76.23,1.23,14.28
2023-12-16,0.0,16.99,22.42,12.33,76.13,1.19,14.69
2023-12-17,0.0,17.39,23.05,12.4,71.06,1.0,15.52
2023-12-18,0.0,16.74,21.84,11.35,74.67,1.15,15.27
2023-12-19,0.0,17.32,23.65,11.98,70.04,1.26,15.34
2023-12-20,0.0,17.81,24.57,11.13,66.62,1.36,14.99
2023-12-21,0.0,19.25,24.58,14.44,74.17,1.3,14.46
2023-12-22,0.0,19.34,24.38,14.96,75.74,1.25,14.34
2023-12-23,0.0,20.41,26.0,16.42,76.22,1.47,8.61
2023-12-24,1.26,20.07,23.6,16.88,80.91,0.99,12.27
2023-12-25,0.09,19.4,23.69,15.05,83.68,0.99,13.78
2023-12-26,0.0,19.49,24.5,15.28,79.96,1.1,13.58
2023-12-27,0.0,19.4,24.57,15.02,80.63,1.21,13.94
2023-12-28,0.0,19.11,24.32,14.63,77.7,1.13,13.91
2023-12-29,0.0,19.02,24.39,14.12,75.96,1.22,15.14
2023-12-30,0.0,19.68,25.37,14.4,73.78,1.15,15.34
2023-12-31,0.0,19.74,25.02,16.5,75.42,1.1,14.82
2024-01-01,0.08,18.51,23.32,14.22,78.86,1.2,12.49
2024-01-02,0.0,17.75,23.13,13.12,82.16,1.2,9.86
2024-01-03,0.0,17.71,24.13,12.87,75.48,1.25,10.96
2024-01-04,0.0,16.95,23.34,11.88,76.2,1.34,9.84
2024-01-05,0.0,17.67,24.3,12.32,72.43,1.21,12.2
2024-01-06,0.0,17.56,23.31,11.97,71.32,1.12,13.92
2024-01-07,0.0,18.1,24.18,12.74,69.92,1.19,14.46
2024-01-08,0.0,17.66,23.27,12.08,71.18,1.22,15.09
2024-01-09,0.0,17.48,23.9,12.73,76.56,1.37,9.67
2024-01-10,0.0,16.38,22.12,11.85,79.86,1.33,12.54
2024-01-11,0.0,16.35,21.63,12.49,75.81,1.23,7.86
2024-01-12,0.0,16.6,23.88,10.68,74.11,1.2,7.69
2024-01-13,0.0,16.44,23.2,11.1,74.81,1.39,11.39
2024-01-14,0.0,16.87,23.13,11.51,72.63,1.39,11.11
2024-01-15,0.0,17.34,23.19,11.17,69.73,1.1,8.23
2024-01-16,0.0,15.76,20.54,11.58,76.52,0.96,12.14
2024-01-17,0.0,14.01,19.6,9.22,81.13,1.17,7.71
2024-01-18,0.0,14.58,20.15,10.29,77.21,1.24,11.58
2024-01-19,0.0,16.54,22.19,12.31,72.17,1.16,14.83
2024-01-20,0.0,16.09,21.93,11.09,71.1,1.39,14.71
2024-01-21,0.0,15.18,20.21,10.65,75.33,1.28,11.22
2024-01-22,0.0,15.17,21.06,9.46,72.84,1.44,9.64
2024-01-23,0.0,15.41,20.64,9.56,73.26,1.23,10.86
2024-01-24,0.29,15.11,21.88,9.8,77.28,1.3,11.7
2024-01-25,0.08,15.75,21.28,10.88,72.03,1.2,12.77
2024-01-26,0.0,15.36,21.82,10.5,72.24,1.48,14.87
2024-01-27,0.0,15.5,20.6,10.0,71.63,1.34,13.27
2024-01-28,0.0,15.86,21.57,10.46,72.57,1.25,15.56
2024-01-29,0.0,16.4,22.16,11.06,72.11,1.28,16.06
2024-01-30,0.0,16.53,21.83,11.59,69.96,1.28,16.32
2024-01-31,0.0,17.56,23.02,13.17,68.88,1.14,10.64
2024-02-01,0.09,17.65,23.0,13.19,74.63,1.3,12.11
2024-02-02,0.96,18.03,22.6,14.7,80.32,1.54,7.53
2024-02-03,0.08,16.98,22.8,12.43,75.88,1.78,15.44
2024-02-04,0.28,16.69,21.56,10.64,60.03,1.29,17.13
2024-02-05,0.0,17.66,22.49,11.33,63.76,1.19,14.15
2024-02-06,0.02,17.58,20.33,15.53,77.49,0.89,8.63
2024-02-07,0.0,16.92,22.49,12.62,79.95,1.62,14.99
2024-02-08,0.0,15.09,20.49,10.46,62.52,1.41,18.18
2024-02-09,0.0,15.66,22.69,9.51,62.88,1.49,18.42
2024-02-10,0.0,18.26,26.48,11.22,61.09,1.52,19.28
2024-02-11,0.0,18.71,25.79,12.05,63.97,1.31,18.88
2024-02-12,0.0,19.34,25.0,13.73,63.1,1.33,17.33
2024-02-13,0.0,18.97,25.23,13.06,58.35,1.33,18.23
2024-02-14,0.0,20.11,25.6,15.0,62.65,1.28,14.28
2024-02-15,0.2,20.66,25.21,16.89,74.33,1.19,16.22
2024-02-16,0.0,20.5,25.65,15.63,72.9,1.24,17.72
2024-02-17,0.0,19.67,25.45,15.3,72.45,1.41,17.97
2024-02-18,0.0,19.22,24.29,14.7,62.91,1.41,17.58
2024-02-19,0.0,18.82,24.3,13.42,58.85,1.3,19.31
2024-02-20,0.04,19.64,24.88,13.53,64.22,1.44,11.12
2024-02-21,10.25,21.32,26.55,16.47,78.61,1.39,12.91
2024-02-22,34.87,21.89,26.52,17.75,82.69,1.38,7.72
2024-02-23,7.45,20.74,25.87,15.47,73.74,1.47,9.2
2024-02-24,0.01,20.17,26.08,14.15,60.88,1.27,18.42
2024-02-25,1.99,19.71,26.09,14.72,63.13,1.24,9.76
2024-02-26,0.0,19.22,25.63,13.53,65.0,1.63,20.19
2024-02-27,0.0,20.17,25.54,15.11,61.22,1.24,17.61
2024-02-28,0.0,19.83,24.39,13.84,61.58,1.4,19.17
2024-02-29,0.0,20.19,25.65,14.74,66.99,1.44,19.43
2024-03-01,0.0,20.45,27.24,14.31,65.63,1.43,20.86
2024-03-02,0.0,20.64,26.3,14.96,66.69,1.46,21.55
2024-03-03,0.0,21.34,26.66,15.77,64.46,1.49,19.94
2024-03-04,0.47,21.06,26.94,15.4,73.81,1.92,10.42
2024-03-05,0.19,20.72,27.19,16.05,74.33,1.97,21.28
2024-03-06,0.0,20.4,26.51,13.7,50.61,1.53,23.01
2024-03-07,0.0,19.71,26.43,12.75,54.67,1.41,22.6
2024-03-08,0.0,20.67,27.09,14.24,53.05,1.57,21.66
2024-03-09,0.0,20.45,26.95,14.18,50.94,1.45,23.48
2024-03-10,0.0,20.2,27.69,13.0,58.86,1.32,22.74
2024-03-11,0.0,21.71,28.79,15.52,62.02,1.49,22.55
2024-03-12,0.0,23.46,28.38,18.08,52.94,1.4,21.44
2024-03-13,0.08,23.02,28.21,17.44,63.58,1.31,18.91
2024-03-14,0.43,23.56,28.97,17.61,69.95,1.58,17.11
2024-03-15,0.36,24.38,29.65,18.07,71.36,1.1,18.68
2024-03-16,0.71,25.27,30.55,17.83,56.56,1.3,19.54
2024-03-17,5.4,24.95,30.4,19.03,62.94,1.37,20.62
2024-03-18,0.0,25.46,31.47,18.68,57.98,1.25,16.27
2024-03-19,0.01,25.91,32.71,20.13,60.38,1.33,13.9
2024-03-20,15.66,24.24,29.85,19.1,64.74,1.91,12.92
2024-03-21,4.1,22.53,27.91,17.65,70.92,1.99,9.49
2024-03-22,1.66,21.59,25.1,18.45,76.32,1.37,19.85
2024-03-23,5.77,22.64,26.72,16.5,70.43,1.11,20.75
2024-03-24,23.01,23.05,27.56,18.74,78.33,1.03,16.94
2024-03-25,16.4,23.55,27.91,19.06,76.46,1.32,19.38
2024-03-26,27.4,23.96,28.92,19.92,77.27,1.13,19.95
2024-03-27,0.21,23.76,29.11,18.69,71.83,1.25,20.04
2024-03-28,0.44,24.25,29.39,19.49,71.63,1.63,20.09
2024-03-29,1.87,25.16,29.78,20.27,70.49,1.3,15.97
2024-03-30,10.87,24.83,28.52,20.8,81.47,1.29,11.9
2024-03-31,39.38,25.36,30.02,21.89,89.26,2.14,14.0
2024-04-01,56.3,24.97,30.61,21.42,85.12,2.08,18.85
2024-04-02,5.04,26.36,30.91,21.78,73.19,1.63,21.79
2024-04-03,12.61,25.87,30.92,21.09,74.79,1.63,20.81
2024-04-04,5.99,26.43,31.06,21.51,71.97,1.5,20.88
2024-04-05,17.79,26.94,30.9,22.75,81.32,1.2,16.95
2024-04-06,1.35,26.83,31.92,22.82,76.03,1.61,19.98
2024-04-07,40.5,26.39,31.55,21.72,76.53,1.63,11.96
2024-04-08,0.03,25.59,30.31,21.42,76.65,1.21,10.83
2024-04-09,0.0,25.91,31.68,19.79,67.54,1.19,19.97
2024-04-10,0.0,26.74,34.38,20.5,56.08,1.45,13.78
2024-04-11,0.0,26.56,33.23,20.8,57.96,1.67,17.33
2024-04-12,0.01,27.35,32.39,22.21,58.11,1.2,20.51
2024-04-13,0.0,26.93,33.49,20.76,62.69,1.53,23.74
2024-04-14,0.05,27.55,33.38,21.18,60.75,1.58,23.01
2024-04-15,2.53,28.22,33.43,22.71,62.22,1.56,19.27
2024-04-16,2.62,28.39,33.27,23.18,66.45,1.25,18.45
2024-04-17,1.78,27.36,31.83,22.32,77.4,1.49,19.0
2024-04-18,11.4,27.82,32.23,23.76,77.36,1.1,20.32
2024-04-19,13.28,27.53,31.81,22.91,79.21,1.66,21.05
2024-04-20,33.85,27.7,32.66,23.38,77.0,2.03,23.05
2024-04-21,4.65,27.48,33.4,22.65,78.84,1.81,22.81
2024-04-22,21.65,27.96,32.42,24.1,79.13,1.59,19.95
2024-04-23,6.0,27.06,31.52,23.52,75.28,1.53,20.17
2024-04-24,1.13,27.5,33.36,21.23,72.51,1.47,21.98
2024-04-25,3.19,29.4,33.81,24.16,64.6,1.13,22.11
2024-04-26,4.11,29.0,32.96,25.28,66.39,1.18,22.29
2024-04-27,21.23,27.86,32.42,23.81,77.98,1.28,22.79
2024-04-28,16.71,28.51,33.31,23.82,79.05,1.52,20.46
2024-04-29,8.52,28.51,33.76,24.01,76.29,1.58,21.99
2024-04-30,2.66,28.7,34.06,23.45,76.26,1.36,20.79
2024-05-01,16.27,27.49,33.06,23.64,80.45,1.54,21.49
2024-05-02,38.16,27.8,32.02,23.59,82.13,1.28,17.46
2024-05-03,0.72,27.42,32.0,23.5,77.42,1.16,24.93
2024-05-04,2.81,27.34,31.81,21.89,71.24,1.17,20.58
2024-05-05,62.61,26.87,30.31,24.05,85.15,1.98,15.63
2024-05-06,50.42,26.22,29.78,23.55,86.9,1.74,9.61
2024-05-07,15.5,24.52,28.18,21.49,80.07,1.53,22.16
2024-05-08,1.0,25.55,30.01,21.27,76.22,1.55,9.81
2024-05-09,5.84,26.14,29.72,22.24,77.92,1.11,23.05
2024-05-10,26.05,26.1,29.06,22.98,78.16,1.1,19.87
2024-05-11,13.71,26.22,28.95,23.01,82.85,1.13,15.16
2024-05-12,0.48,27.37,31.34,23.23,78.09,1.1,23.94
2024-05-13,0.03,28.02,31.84,23.59,75.39,1.13,24.17
2024-05-14,0.5,28.51,32.0,24.73,77.73,1.13,23.98
2024-05-15,2.68,28.9,31.98,25.28,77.42,1.14,23.24
2024-05-16,8.01,28.77,32.31,25.09,80.84,1.27,23.75
2024-05-17,8.18,29.11,32.49,25.06,77.03,1.41,19.1
2024-05-18,62.93,28.03,30.91,25.29,82.32,0.71,7.98
2024-05-19,9.9,27.4,30.36,24.76,84.24,0.85,11.64
2024-05-20,3.65,28.46,32.82,24.59,79.12,1.1,18.09
2024-05-21,6.94,29.53,33.53,25.2,75.1,1.28,22.01
2024-05-22,8.03,29.85,33.7,26.53,74.54,1.24,20.73
2024-05-23,2.75,30.44,34.84,26.25,70.95,1.14,25.6
2024-05-24,1.38,31.26,35.95,26.22,70.02,1.2,25.09
2024-05-25,0.22,31.11,35.87,26.34,74.05,1.55,26.5
2024-05-26,13.18,30.09,34.91,25.83,79.94,2.4,19.66
2024-05-27,93.2,27.34,29.83,25.58,87.27,5.19,3.49
2024-05-28,275.64,26.23,27.12,24.36,94.7,5.59,4.77
2024-05-29,20.79,28.8,32.31,26.14,90.7,2.5,13.03
2024-05-30,66.26,28.85,32.29,25.96,89.9,2.1,6.77
2024-05-31,23.76,28.69,31.74,25.73,89.12,1.73,17.23
2024-06-01,69.88,28.84,31.97,26.14,88.34,1.59,20.2
2024-06-02,69.1,28.33,30.96,25.71,89.32,2.15,19.54
2024-06-03,71.02,27.3,29.13,25.6,92.88,1.96,8.37
2024-06-04,49.0,28.05,31.54,24.97,89.04,1.3,9.5
2024-06-05,26.92,28.81,32.0,25.41,84.62,0.82,19.35
2024-06-06,35.23,28.69,31.4,25.97,86.34,1.21,12.97
2024-06-07,2.38,28.5,31.46,25.93,89.27,1.43,18.52
2024-06-08,52.47,28.53,31.97,25.66,90.3,1.35,13.38
2024-06-09,65.46,28.73,31.93,25.89,89.7,1.11,4.98
2024-06-10,27.5,29.17,32.52,26.29,88.91,1.16,8.59
2024-06-11,11.26,29.09,31.26,26.77,87.67,1.18,19.79
2024-06-12,82.84,28.63,30.81,26.65,86.62,1.39,17.02
2024-06-13,91.5,27.98,30.64,25.73,92.06,2.36,3.1
2024-06-14,43.65,28.34,31.57,25.71,90.19,1.56,7.65
2024-06-15,42.88,28.33,31.31,25.74,91.58,2.04,3.61
2024-06-16,52.1,28.71,31.74,26.18,91.26,2.2,6.45
2024-06-17,102.57,28.26,30.91,26.41,92.85,2.13,4.82
2024-06-18,113.52,27.54,29.49,26.12,95.11,2.26,1.82
2024-06-19,128.33,27.26,29.5,25.61,94.78,2.06,3.99
2024-06-20,21.69,27.49,30.04,25.22,91.56,1.48,8.45
2024-06-21,3.04,28.77,32.19,25.78,80.09,0.6,19.57
2024-06-22,11.13,29.27,32.55,26.04,82.82,1.07,18.76
2024-06-23,5.84,29.06,31.72,26.76,88.31,1.26,21.02
2024-06-24,22.32,28.62,31.58,25.92,90.2,1.6,17.56
2024-06-25,1.37,29.03,31.79,25.97,87.88,1.28,17.09
2024-06-26,10.52,30.05,32.54,27.56,83.58,1.11,18.36
2024-06-27,39.11,27.57,28.74,26.3,92.69,1.51,15.7
2024-06-28,31.55,28.2,31.18,25.46,90.53,1.93,14.1
2024-06-29,64.57,27.84,30.38,25.47,93.6,2.46,11.73
2024-06-30,205.99,27.72,30.2,25.91,94.42,3.06,10.27
2024-07-01,62.97,27.64,28.94,26.46,95.71,3.06,4.84
2024-07-02,85.5,27.75,30.71,25.14,92.35,2.2,10.91
2024-07-03,21.15,28.3,31.84,25.49,90.49,2.12,13.41
2024-07-04,32.84,27.61,30.96,24.85,91.3,2.33,14.42
2024-07-05,51.7,27.43,30.08,25.19,93.36,2.7,12.23
2024-07-06,13.6,27.84,31.43,24.96,89.88,1.66,17.75
2024-07-07,5.8,28.43,31.69,25.14,86.37,1.06,20.38
2024-07-08,14.99,28.18,30.95,25.93,90.68,2.33,13.14
2024-07-09,17.55,27.84,30.07,25.39,91.78,1.85,18.33
2024-07-10,71.9,28.13,30.45,25.81,92.59,2.85,13.41
2024-07-11,112.44,27.79,30.34,25.89,92.6,3.55,17.14
2024-07-12,51.38,27.94,31.27,25.34,90.82,2.21,13.01
2024-07-13,9.68,28.17,31.68,24.78,88.37,1.59,15.27
2024-07-14,6.48,29.58,32.48,26.24,82.7,0.88,19.16
2024-07-15,9.59,30.36,33.61,27.36,83.97,1.41,21.19
2024-07-16,18.12,28.99,32.18,26.98,84.88,0.89,20.88
2024-07-17,2.78,29.57,32.15,27.28,85.42,1.45,20.43
2024-07-18,1.26,30.71,33.69,27.87,82.8,0.78,22.41
2024-07-19,6.14,30.45,33.04,27.81,85.92,1.44,21.24
2024-07-20,25.29,29.11,32.47,26.5,88.79,1.6,20.53
2024-07-21,12.4,28.81,32.12,26.09,88.57,1.62,19.99
2024-07-22,62.92,28.2,31.07,25.84,90.87,2.09,16.42
2024-07-23,26.95,28.27,30.67,25.63,89.83,1.79,16.29
2024-07-24,3.18,29.06,32.23,25.35,86.53,1.51,20.32
2024-07-25,12.25,30.09,33.32,26.68,85.21,1.16,23.71
2024-07-26,6.77,31.22,35.17,27.35,81.9,1.89,24.19
2024-07-27,3.95,30.39,34.63,26.62,85.03,1.7,22.9
2024-07-28,31.34,30.37,34.23,27.12,83.52,1.04,22.25
2024-07-29,20.85,29.06,32.24,26.68,88.27,1.74,17.89
2024-07-30,15.97,28.4,31.32,25.76,90.32,1.9,16.64
2024-07-31,29.32,28.53,32.23,26.3,90.38,1.32,16.26
2024-08-01,16.24,28.2,31.69,25.45,88.92,2.54,9.75
2024-08-02,100.3,26.58,28.29,25.2,93.41,2.13,4.51
2024-08-03,49.85,27.41,30.07,24.77,91.26,1.62,11.68
2024-08-04,16.96,28.08,30.86,25.34,89.23,1.87,18.91
2024-08-05,41.38,27.71,30.53,25.7,90.09,2.42,14.36
2024-08-06,40.25,27.88,31.19,25.0,89.5,1.61,15.29
2024-08-07,10.7,27.2,29.29,25.17,89.05,1.29,17.51
2024-08-08,23.99,27.22,30.35,24.41,91.43,1.82,13.44
2024-08-09,36.7,27.35,30.65,24.64,91.8,2.31,12.63
2024-08-10,57.79,27.57,30.86,24.73,91.47,2.54,18.1
2024-08-11,34.68,27.61,30.07,25.28,92.7,2.44,13.67
2024-08-12,27.33,27.43,29.78,25.65,93.79,2.2,5.9
2024-08-13,29.2,28.01,31.27,25.7,91.63,1.43,17.72
2024-08-14,6.36,28.06,29.82,26.6,90.87,0.98,20.55
2024-08-15,19.87,28.93,31.5,25.78,86.14,0.86,20.09
2024-08-16,23.78,29.07,31.56,26.46,83.55,1.28,11.51
2024-08-17,9.31,28.22,31.29,26.26,85.2,1.83,11.37
2024-08-18,21.83,27.24,29.53,25.75,89.51,1.66,13.51
2024-08-19,40.96,26.13,27.79,24.98,93.35,2.46,7.02
2024-08-20,255.43,26.46,28.66,24.8,94.58,2.77,8.52
2024-08-21,48.97,26.49,28.54,24.81,93.88,2.13,1.95
2024-08-22,60.71,25.66,27.44,24.47,94.79,2.48,6.52
2024-08-23,4.23,27.41,30.49,24.62,90.65,1.74,18.02
2024-08-24,18.67,26.93,29.26,24.81,92.19,1.13,18.69
2024-08-25,3.36,26.97,30.18,25.16,91.25,1.53,17.78
2024-08-26,4.52,27.1,30.11,25.16,86.12,0.85,16.8
2024-08-27,2.59,27.63,31.32,24.46,87.75,1.27,19.47
2024-08-28,1.58,27.99,31.39,25.21,89.49,1.14,16.56
2024-08-29,1.16,29.16,32.18,26.52,84.54,1.26,20.5
2024-08-30,11.31,29.03,32.76,26.16,86.97,1.35,20.79
2024-08-31,6.79,28.13,30.13,26.06,90.01,1.6,16.22
2024-09-01,9.97,27.31,29.86,25.39,90.73,1.36,11.48
2024-09-02,5.41,29.56,32.25,27.21,81.88,0.97,21.53
2024-09-03,19.17,28.33,30.6,26.4,88.79,1.01,15.21
2024-09-04,3.26,27.81,30.61,25.16,90.06,1.59,16.02
2024-09-05,5.36,27.99,30.77,26.01,89.75,1.2,16.46
2024-09-06,1.0,29.47,32.57,25.48,82.24,0.94,19.86
2024-09-07,2.47,30.23,34.09,26.4,80.3,1.24,21.96
2024-09-08,2.97,30.18,33.65,26.87,81.58,1.22,21.7
2024-09-09,7.58,28.8,32.32,26.63,85.31,0.91,18.98
2024-09-10,4.29,28.63,31.38,25.83,87.77,1.27,18.9
2024-09-11,5.68,29.14,31.63,26.52,85.62,0.79,20.47
2024-09-12,0.9,30.47,35.25,26.23,78.64,2.23,21.78
2024-09-13,0.51,29.16,33.51,26.04,79.99,4.2,19.02
2024-09-14,2.04,27.5,31.18,25.02,86.21,3.33,9.84
2024-09-15,1.84,27.38,29.62,24.78,84.49,1.59,5.93
2024-09-16,0.11,28.55,32.68,23.8,75.75,1.09,17.32
2024-09-17,1.37,29.27,32.88,25.41,81.86,1.15,20.73
2024-09-18,0.33,30.54,34.98,26.46,78.77,1.11,20.5
2024-09-19,0.39,30.69,34.82,26.97,80.97,1.2,21.13
2024-09-20,0.52,31.58,35.86,27.84,77.8,1.13,22.19
2024-09-21,8.14,30.64,37.04,26.95,77.25,1.41,10.07
2024-09-22,1.42,31.47,37.93,26.24,73.43,1.72,20.63
2024-09-23,1.45,31.34,35.93,26.63,74.37,1.85,18.73
2024-09-24,14.39,28.97,30.79,27.16,85.45,0.79,16.26
2024-09-25,151.23,26.33,27.55,24.96,92.9,1.2,8.64
2024-09-26,19.68,25.9,29.29,23.71,90.2,1.21,7.98
2024-09-27,1.64,27.18,29.93,24.56,77.81,1.01,18.53
2024-09-28,14.81,27.25,30.62,24.24,84.16,1.39,15.33
2024-09-29,38.17,27.59,30.85,25.12,92.42,2.45,3.43
2024-09-30,12.92,27.79,31.07,25.14,91.19,1.79,14.06
2024-10-01,27.66,27.5,30.28,25.59,93.0,1.37,10.41
2024-10-02,17.17,27.84,31.19,25.73,89.04,1.25,18.18
2024-10-03,40.14,26.09,27.47,25.1,90.43,2.65,6.11
2024-10-04,72.02,26.72,30.04,24.3,91.1,1.63,10.64
2024-10-05,63.39,25.76,27.75,24.49,94.43,1.59,5.65
2024-10-06,8.41,26.52,29.85,23.93,86.25,0.76,14.91
2024-10-07,5.93,27.22,30.61,24.39,81.03,1.05,15.54
2024-10-08,7.85,26.56,29.85,23.59,89.08,1.17,7.63
2024-10-09,4.49,26.25,28.98,24.24,88.08,0.89,14.6
2024-10-10,4.23,25.66,28.5,23.22,91.38,1.13,12.99
2024-10-11,16.86,26.27,29.86,23.7,92.61,1.59,11.34
2024-10-12,10.68,26.36,29.44,23.85,89.47,1.09,14.76
2024-10-13,0.26,26.63,30.44,23.19,77.86,0.75,14.23
2024-10-14,0.0,25.78,29.83,21.82,80.18,1.13,14.32
2024-10-15,1.19,25.59,29.07,22.04,82.37,1.06,11.24
2024-10-16,2.45,25.94,29.8,22.28,79.89,1.0,17.69
2024-10-17,0.28,26.38,31.99,20.74,74.71,1.09,11.45
2024-10-18,2.69,24.73,27.12,22.22,85.88,1.19,10.02
2024-10-19,10.05,26.19,29.63,22.88,81.32,0.81,11.77
2024-10-20,0.07,25.8,30.34,21.45,78.42,1.13,16.5
2024-10-21,0.0,26.62,30.77,22.2,79.07,1.4,17.19
2024-10-22,3.55,27.1,31.43,23.02,81.91,1.89,18.69
2024-10-23,58.12,25.82,28.78,23.8,87.73,2.16,8.67
2024-10-24,7.85,25.28,28.47,23.01,87.3,2.13,8.92
2024-10-25,1.32,25.94,30.25,22.01,81.83,1.77,14.81
2024-10-26,0.11,26.38,30.46,22.88,78.79,1.2,13.42
2024-10-27,0.0,25.82,30.09,22.07,82.3,1.26,14.4
2024-10-28,0.0,25.98,30.51,22.26,83.5,1.15,17.63
2024-10-29,0.34,26.09,29.96,22.58,81.28,1.01,17.32
2024-10-30,5.27,25.91,29.28,22.31,84.78,0.92,13.23
2024-10-31,6.41,25.87,29.36,22.38,85.6,0.91,12.65
2024-11-01,4.09,25.9,30.17,21.5,75.65,0.84,14.65
2024-11-02,0.13,25.01,29.36,20.9,78.42,1.06,16.64
2024-11-03,0.0,25.71,30.87,21.24,78.72,1.22,17.54
2024-11-04,0.62,25.28,29.77,21.04,78.25,1.01,16.8
2024-11-05,1.92,24.9,29.4,21.09,81.15,1.58,15.65
2024-11-06,2.33,24.02,28.45,21.96,83.59,1.15,10.78
2024-11-07,0.11,24.21,28.35,20.96,76.64,1.29,16.52
2024-11-08,0.0,24.27,29.05,19.96,77.13,1.3,17.88
2024-11-09,0.0,23.73,28.17,19.68,79.45,1.81,17.92
2024-11-10,0.0,23.7,28.53,19.58,79.06,1.46,17.68
2024-11-11,0.0,23.57,28.49,19.36,78.03,1.01,17.47
2024-11-12,0.0,23.68,28.23,19.7,76.37,1.1,16.66
2024-11-13,0.0,23.15,27.44,18.84,76.39,1.15,17.1
2024-11-14,0.0,22.6,27.77,18.2,79.17,1.34,17.03
2024-11-15,0.0,22.37,26.9,18.05,80.54,1.19,17.06
2024-11-16,0.0,22.22,27.11,17.91,80.78,1.1,16.81
2024-11-17,0.0,21.8,26.65,17.78,78.09,1.11,15.62
2024-11-18,0.0,21.65,26.94,16.06,74.47,1.22,16.84
2024-11-19,0.0,21.92,27.21,16.85,73.21,1.21,17.1
2024-11-20,0.0,21.55,26.47,16.89,79.4,1.13,15.21
2024-11-21,0.01,21.98,26.27,18.02,78.02,1.15,15.62
2024-11-22,0.0,20.98,25.08,16.57,77.19,1.14,15.17
2024-11-23,0.0,20.88,25.18,16.82,77.04,0.98,15.17
2024-11-24,0.0,19.56,23.75,15.33,80.74,1.13,14.98
2024-11-25,0.0,19.84,25.52,15.19,78.84,1.24,14.82
2024-11-26,0.0,19.82,24.99,14.97,75.35,1.2,13.75
2024-11-27,0.0,19.8,25.26,14.77,75.78,1.39,15.73
2024-11-28,0.0,20.73,26.5,15.59,79.44,1.68,14.22
2024-11-29,0.0,21.95,27.82,16.77,70.42,1.53,15.19
2024-11-30,0.0,21.97,27.47,15.77,68.13,1.1,14.74
2024-12-01,0.0,21.19,24.94,16.94,77.53,1.1,15.4
2024-12-02,0.0,20.53,25.0,17.13,82.26,1.13,14.57
2024-12-03,0.0,20.4,25.41,15.62,76.32,1.18,15.26
2024-12-04,0.0,19.14,23.8,13.86,79.04,1.29,15.01
2024-12-05,0.0,18.93,23.26,14.32,76.66,1.07,13.3
2024-12-06,0.0,17.92,22.62,13.42,76.77,1.07,12.32
2024-12-07,0.0,17.23,22.89,13.0,81.08,1.32,12.62
2024-12-08,0.0,17.52,23.2,12.87,73.88,1.24,12.17
2024-12-09,0.0,16.63,22.07,11.51,77.15,1.03,12.38
2024-12-10,0.0,18.02,22.13,14.81,76.59,1.15,12.17
2024-12-11,0.0,17.38,22.5,13.33,78.6,1.23,12.31
2024-12-12,0.0,17.08,23.83,11.93,77.84,1.33,10.86
2024-12-13,0.0,17.47,23.21,12.36,76.72,1.05,8.09
2024-12-14,0.0,17.73,23.98,12.52,71.03,1.14,12.34
2024-12-15,0.0,17.1,24.48,11.81,68.09,1.91,15.88
2024-12-16,0.0,17.88,24.6,12.21,67.3,1.39,16.32
2024-12-17,0.0,18.02,23.85,12.76,75.79,1.34,15.17
2024-12-18,0.04,18.86,24.07,14.05,80.16,1.28,13.21
2024-12-19,0.0,19.31,24.23,15.01,85.39,1.21,13.46
2024-12-20,0.0,18.18,22.98,13.83,80.3,1.18,12.67
2024-12-21,0.0,17.7,23.56,13.91,77.08,1.08,5.99
2024-12-22,0.0,17.64,24.02,12.11,68.65,1.23,14.5
2024-12-23,0.0,17.69,23.92,12.89,69.79,1.4,15.61
2024-12-24,0.0,18.05,23.56,12.54,67.55,1.23,15.23
2024-12-25,0.0,17.41,23.13,12.36,76.04,1.28,12.66
2024-12-26,0.0,18.58,25.27,13.3,71.8,1.35,14.23
2024-12-27,0.0,18.72,24.84,14.3,71.36,1.47,14.83
2024-12-28,0.0,19.14,25.28,13.24,68.86,1.39,15.62
2024-12-29,0.0,18.38,23.01,13.08,76.1,1.15,14.33
2024-12-30,0.0,18.29,24.68,13.24,76.76,1.22,14.83
2024-12-31,0.0,18.0,23.24,13.35,77.1,1.3,12.56
2025-01-01,0.0,17.6,23.81,12.75,76.48,1.26,9.12
2025-01-02,0.0,17.68,23.87,12.82,75.42,1.31,11.94
2025-01-03,0.0,17.7,23.79,12.54,77.36,1.47,11.32
2025-01-04,0.0,18.68,24.42,13.55,73.26,1.29,14.43
2025-01-05,0.0,19.36,25.09,14.16,72.0,1.33,13.83
2025-01-06,0.0,19.76,24.03,15.48,72.39,1.17,15.05
2025-01-07,0.09,19.04,23.28,15.36,80.05,1.27,12.07
2025-01-08,0.09,17.37,22.12,12.85,78.18,1.37,6.58
2025-01-09,0.0,15.95,22.05,11.24,79.4,1.33,13.84
2025-01-10,0.0,16.15,22.06,11.23,73.67,1.33,15.19
2025-01-11,0.0,17.62,24.04,11.42,68.14,1.33,15.96
2025-01-12,0.0,18.2,24.24,12.71,67.16,1.28,16.25
2025-01-13,0.0,17.55,23.11,12.4,73.45,1.24,14.63
2025-01-14,0.0,17.67,23.41,12.84,72.61,1.33,15.17
2025-01-15,0.0,18.08,24.35,12.52,70.7,1.56,15.93
2025-01-16,0.0,18.87,24.39,13.73,72.5,1.44,16.28
2025-01-17,0.0,19.01,24.24,13.92,73.03,1.16,16.52
2025-01-18,0.0,18.74,23.88,13.77,74.21,1.16,15.98
2025-01-19,0.0,17.79,23.04,12.7,75.04,1.32,16.12
2025-01-20,0.0,17.2,22.07,12.34,76.44,1.23,15.44
2025-01-21,0.0,16.81,22.31,11.91,78.87,1.51,13.86
2025-01-22,0.0,16.92,21.72,12.6,79.07,1.26,12.69
2025-01-23,0.0,16.81,22.59,12.56,80.34,1.35,7.85
2025-01-24,0.0,15.8,21.48,10.79,79.57,1.26,11.35
2025-01-25,0.0,16.46,22.09,10.9,72.86,1.36,11.95
2025-01-26,0.0,17.28,23.75,11.51,74.52,1.33,15.32
2025-01-27,0.0,17.6,23.38,12.57,74.87,1.22,14.92
2025-01-28,0.0,17.52,22.59,12.99,76.68,1.19,13.3
2025-01-29,0.0,17.99,22.61,13.52,74.75,1.3,11.93
2025-01-30,0.03,17.54,21.75,11.91,72.67,1.19,10.84
2025-01-31,0.02,19.22,24.09,15.07,83.73,1.32,7.74
2025-02-01,0.0,18.6,23.35,14.13,72.79,1.22,13.55
2025-02-02,0.0,17.16,22.73,12.13,73.23,1.34,11.48
2025-02-03,0.0,18.08,24.2,12.59,71.51,1.21,13.87
2025-02-04,0.0,18.66,23.7,13.78,70.97,1.26,15.58
2025-02-05,0.0,18.43,23.35,13.75,75.71,1.3,14.84
2025-02-06,0.0,18.64,24.26,13.71,78.63,1.27,15.57
2025-02-07,0.0,18.12,24.04,13.32,63.88,1.48,18.01
2025-02-08,0.0,16.66,23.66,10.48,57.0,1.51,18.97
2025-02-09,0.0,17.22,23.24,11.64,59.45,1.34,18.49
2025-02-10,0.0,17.39,23.05,12.25,62.6,1.31,17.09
2025-02-11,0.0,17.87,23.91,11.62,70.91,1.34,11.31
2025-02-12,0.27,19.73,25.33,14.52,73.59,1.58,12.76
2025-02-13,1.06,19.7,25.66,13.96,74.92,1.46,13.52
2025-02-14,0.05,18.86,24.67,12.9,59.41,1.39,18.51
2025-02-15,0.0,17.19,23.74,10.71,54.83,1.38,19.71
2025-02-16,0.0,17.47,24.01,11.56,58.08,1.39,18.59
2025-02-17,0.0,19.81,26.17,13.47,61.99,1.35,17.16
2025-02-18,0.01,21.6,26.95,16.8,67.43,1.24,16.78
2025-02-19,0.0,20.67,26.6,15.18,67.44,1.32,16.32
2025-02-20,0.0,20.78,27.44,15.42,63.31,1.51,18.48
2025-02-21,0.03,21.33,26.74,15.57,65.43,1.33,17.95
2025-02-22,0.04,21.36,27.4,15.64,68.5,1.47,17.39
2025-02-23,4.21,21.25,26.81,17.32,70.92,1.15,12.03
2025-02-24,0.0,20.93,26.81,15.44,66.9,1.36,19.29
2025-02-25,0.0,20.63,26.63,15.02,63.57,1.41,20.43
2025-02-26,0.0,20.34,27.3,14.72,66.06,1.62,21.3
2025-02-27,0.0,20.9,27.07,14.92,65.38,1.51,20.59
2025-02-28,0.0,21.89,26.72,16.35,64.33,1.26,16.35
2025-03-01,0.02,21.7,26.83,15.34,64.89,1.51,16.85
2025-03-02,0.05,22.23,29.24,17.29,70.02,1.89,16.29
2025-03-03,0.0,23.06,28.87,18.55,58.68,1.74,16.87
2025-03-04,0.0,21.77,27.68,15.85,50.81,1.67,22.13
2025-03-05,0.0,21.13,27.94,14.33,58.53,1.71,21.23
2025-03-06,0.0,21.71,28.2,15.18,48.41,1.25,21.97
2025-03-07,0.0,20.12,26.51,14.3,56.94,1.67,22.23
2025-03-08,0.0,20.92,27.51,14.98,55.53,1.66,21.21
2025-03-09,0.5,21.6,28.43,15.29,59.3,1.64,21.22
2025-03-10,0.78,22.8,29.46,16.52,59.09,1.36,21.28
2025-03-11,0.0,23.9,30.06,16.75,58.09,1.46,15.26
2025-03-12,0.52,23.84,29.14,18.06,61.99,1.38,17.86
2025-03-13,3.96,23.7,29.62,17.8,68.33,1.7,17.57
2025-03-14,14.24,24.57,29.65,19.85,73.18,1.4,16.98
2025-03-15,7.52,24.81,29.4,20.71,75.21,1.05,17.84
2025-03-16,14.89,24.72,30.23,20.0,76.2,1.56,18.94
2025-03-17,0.45,24.99,31.88,19.35,71.81,1.81,12.94
2025-03-18,0.06,24.28,30.92,19.81,70.38,1.71,17.02
2025-03-19,0.0,24.92,30.64,19.57,58.17,1.42,21.72
2025-03-20,0.01,24.04,30.76,18.13,64.46,1.62,14.45
2025-03-21,1.98,22.38,27.24,18.51,69.62,1.42,5.56
2025-03-22,0.09,23.21,28.84,18.63,67.1,1.19,6.61
2025-03-23,1.74,22.82,27.96,17.83,67.43,1.4,20.82
2025-03-24,0.04,23.5,30.26,17.44,62.72,1.43,22.69
2025-03-25,0.0,24.43,31.29,17.64,57.89,1.37,23.52
2025-03-26,0.0,25.15,31.74,18.16,52.77,1.47,23.42
2025-03-27,0.0,26.47,31.33,20.74,49.76,1.2,18.67
2025-03-28,0.0,27.49,32.93,21.73,54.09,1.25,20.84
2025-03-29,0.0,27.23,34.37,21.15,56.21,1.62,21.88
2025-03-30,0.0,26.56,33.44,19.93,50.93,1.5,21.78
2025-03-31,1.0,26.53,32.99,20.03,58.0,1.66,19.11
2025-04-01,18.0,25.27,29.69,21.67,70.63,1.37,15.83
2025-04-02,20.96,25.02,30.15,21.4,79.75,1.19,18.89
2025-04-03,0.01,26.8,31.49,20.8,63.19,1.22,17.77
2025-04-04,0.0,27.05,32.78,20.68,54.8,1.44,13.37
2025-04-05,0.04,26.62,33.27,19.45,54.8,1.44,20.52
2025-04-06,4.1,26.83,32.88,21.85,62.83,1.19,19.99
2025-04-07,3.8,26.99,32.4,21.54,59.76,1.32,21.66
2025-04-08,0.18,27.34,31.95,21.97,61.01,1.28,20.95
2025-04-09,1.56,27.8,32.91,23.43,61.05,1.14,22.79
2025-04-10,1.19,27.48,33.07,21.51,58.42,1.2,21.62
2025-04-11,37.33,26.15,29.57,22.91,71.45,1.15,18.84
2025-04-12,10.44,25.91,29.42,22.8,76.59,1.09,21.17
2025-04-13,8.99,26.02,29.92,21.93,71.79,1.0,20.6
2025-04-14,1.12,25.97,29.42,22.61,73.25,0.95,21.87
2025-04-15,1.5,27.68,31.89,22.76,63.81,1.04,19.02
2025-04-16,11.55,26.61,31.15,21.74,69.38,1.27,14.78
2025-04-17,16.98,25.98,29.35,22.23,74.76,0.8,11.76
2025-04-18,4.83,25.64,29.34,21.7,78.12,0.99,17.49
2025-04-19,6.91,26.06,29.96,22.24,76.01,0.99,20.25
2025-04-20,12.05,26.84,30.31,23.12,75.12,1.11,16.96
2025-04-21,31.94,27.65,31.64,24.01,82.39,1.48,10.74
2025-04-22,28.59,27.4,31.32,24.44,86.97,1.82,16.25
2025-04-23,39.98,27.56,32.13,24.05,86.69,2.69,15.27
2025-04-24,31.79,27.73,32.5,24.19,85.85,2.26,19.8
2025-04-25,86.55,27.21,31.61,23.62,86.52,1.99,20.43
2025-04-26,4.16,27.42,31.83,23.76,85.36,1.66,20.8
2025-04-27,29.76,27.02,30.62,24.15,82.24,0.91,16.61
2025-04-28,37.06,25.71,29.5,21.82,82.38,1.09,8.88
2025-04-29,9.66,24.75,28.35,20.97,78.57,1.31,21.9
2025-04-30,11.82,25.32,28.67,21.43,78.45,1.35,19.51
2025-05-01,5.14,25.77,29.52,22.76,79.44,1.56,18.5
2025-05-02,3.82,25.61,29.02,22.36,80.21,1.26,22.28
2025-05-03,0.61,25.98,30.37,21.15,74.1,1.29,24.89
2025-05-04,1.91,26.73,30.71,22.85,76.44,1.16,19.64
2025-05-05,4.92,26.95,30.34,23.65,79.26,1.15,23.57
2025-05-06,7.94,27.35,31.43,23.55,75.89,1.17,11.14
2025-05-07,9.29,26.89,29.85,23.47,77.57,1.62,21.92
2025-05-08,37.1,28.2,31.92,23.07,74.35,1.18,21.37
2025-05-09,0.27,29.06,33.32,24.14,70.42,1.18,21.4
2025-05-10,0.93,29.62,33.65,25.35,72.44,1.4,21.79
2025-05-11,31.44,29.17,33.95,24.95,74.06,1.11,18.77
2025-05-12,43.21,28.11,31.32,25.39,80.08,1.27,4.28
2025-05-13,26.03,27.66,31.05,24.29,85.99,1.48,13.38
2025-05-14,50.13,28.83,31.71,25.72,81.47,1.07,11.43
2025-05-15,27.76,28.45,31.74,25.78,83.02,0.83,13.95
2025-05-16,14.45,29.05,32.06,25.24,79.59,1.13,18.63
2025-05-17,43.25,29.01,31.76,25.73,81.23,0.89,17.45
2025-05-18,39.08,27.73,30.73,24.9,86.36,1.59,19.6
2025-05-19,53.88,27.79,30.33,25.13,83.27,1.38,12.32
2025-05-20,101.42,27.47,30.73,25.0,91.14,2.52,7.62
2025-05-21,39.0,27.2,29.55,25.03,91.75,1.97,10.69
2025-05-22,38.07,27.01,29.11,24.95,88.73,1.47,12.96
2025-05-23,6.11,26.98,29.63,24.86,87.42,1.46,21.32
2025-05-24,5.32,28.56,32.01,24.98,84.75,1.2,18.06
2025-05-25,35.74,29.31,33.4,25.63,80.75,0.83,21.21
2025-05-26,60.9,28.29,30.59,25.41,81.1,0.97,20.11
2025-05-27,2.47,29.7,33.61,25.02,79.22,1.35,24.53
2025-05-28,15.12,29.15,33.27,25.62,82.74,2.11,17.43
2025-05-29,118.42,27.55,29.89,25.85,89.67,2.87,6.14
2025-05-30,204.96,26.93,28.42,25.52,93.86,5.68,4.22
2025-05-31,146.96,27.2,29.33,25.15,95.69,2.83,7.75
2025-06-01,77.01,27.7,29.68,25.85,93.73,2.45,4.3
2025-06-02,29.96,28.11,31.52,25.15,90.73,1.54,8.77
2025-06-03,36.54,27.28,30.08,24.5,89.48,1.36,12.25
2025-06-04,37.24,26.79,29.37,24.61,89.69,1.24,8.57
2025-06-05,26.02,27.15,29.88,24.5,89.77,2.17,17.58
2025-06-06,20.04,27.91,31.05,24.92,85.97,1.47,17.57
2025-06-07,7.53,28.49,31.4,25.27,81.89,1.23,21.83
2025-06-08,0.05,29.04,32.93,25.48,79.06,1.15,24.23
2025-06-09,3.21,29.52,32.96,25.5,80.31,1.5,22.75
2025-06-10,3.6,30.56,33.46,27.49,81.23,1.37,23.81
2025-06-11,8.16,28.9,31.94,26.02,87.51,1.02,25.74
2025-06-12,0.3,29.88,33.6,26.99,83.57,1.29,24.77
2025-06-13,7.05,30.48,34.23,27.28,81.88,1.15,24.13
2025-06-14,6.07,28.23,31.38,26.7,89.83,1.38,12.84
2025-06-15,25.72,28.03,30.43,26.3,89.99,1.38,14.81
2025-06-16,8.94,27.33,29.53,25.62,88.22,1.34,18.67
2025-06-17,25.0,28.27,31.13,25.9,88.81,2.24,15.35
2025-06-18,42.11,27.91,30.74,25.13,90.11,2.85,11.18
2025-06-19,37.51,27.44,30.23,25.63,92.11,3.07,13.23
2025-06-20,27.86,28.02,31.44,25.08,90.34,2.12,17.1
2025-06-21,16.37,28.43,31.5,25.68,89.72,2.43,15.42
2025-06-22,24.46,27.6,29.88,25.32,90.72,1.67,17.96
2025-06-23,18.55,28.52,31.67,25.39,88.04,1.56,15.49
2025-06-24,8.18,29.11,31.82,25.79,83.27,0.9,21.29
2025-06-25,51.63,28.83,31.23,26.44,84.03,1.23,16.72
2025-06-26,7.74,28.84,32.06,25.56,85.16,1.35,19.85
2025-06-27,4.6,28.64,31.79,25.85,88.11,1.43,17.71
2025-06-28,3.27,28.11,31.31,25.29,87.14,1.3,22.07
2025-06-29,15.0,28.38,32.36,24.63,88.12,1.48,17.84
2025-06-30,26.77,28.92,32.4,25.57,86.83,1.35,19.59
2025-07-01,19.63,29.54,32.8,26.31,82.76,1.1,17.66
2025-07-02,16.28,29.13,32.18,26.33,86.64,1.39,16.25
2025-07-03,3.45,29.07,32.23,25.81,86.07,1.61,20.49
2025-07-04,25.57,27.83,30.66,25.82,90.84,1.79,16.69
2025-07-05,15.18,27.97,30.26,25.5,88.72,1.62,19.28
2025-07-06,17.71,27.35,29.47,24.81,86.61,1.64,19.92
2025-07-07,22.21,27.57,31.01,24.98,87.45,1.48,14.0
2025-07-08,40.96,26.82,28.79,24.6,92.18,2.05,5.51
2025-07-09,42.15,26.92,30.0,24.67,90.1,2.48,5.46
2025-07-10,22.15,27.37,30.27,24.32,88.68,1.66,11.38
2025-07-11,4.31,28.4,32.4,24.32,84.82,0.94,23.29
2025-07-12,0.79,30.31,32.98,26.68,79.42,0.91,21.85
2025-07-13,1.38,29.7,33.33,27.46,85.14,1.57,20.13
2025-07-14,27.65,28.58,30.96,26.0,86.33,0.97,9.92
2025-07-15,11.96,27.8,30.11,25.14,88.49,1.29,18.66
2025-07-16,51.31,28.13,31.09,25.68,88.16,1.59,16.25
2025-07-17,25.97,27.69,30.38,25.55,90.37,2.42,12.48
2025-07-18,0.89,28.4,32.04,24.69,88.43,1.77,18.61
2025-07-19,12.32,27.68,29.69,26.26,93.39,2.03,15.82
2025-07-20,53.66,27.9,30.45,25.78,91.43,1.44,9.05
2025-07-21,11.39,29.27,32.1,26.35,84.27,1.36,20.41
2025-07-22,7.37,29.09,32.94,26.71,86.14,1.48,17.78
2025-07-23,8.35,30.5,35.29,26.12,78.67,1.13,21.21
2025-07-24,11.85,30.99,35.92,27.72,82.93,1.78,15.66
2025-07-25,17.35,29.66,34.61,25.71,84.98,3.06,19.82
2025-07-26,39.39,28.57,31.82,25.78,89.52,2.18,16.67
2025-07-27,57.79,27.94,30.01,25.83,92.08,2.03,13.43
2025-07-28,27.89,28.24,31.39,25.54,89.31,1.8,12.17
2025-07-29,19.5,28.11,31.68,25.14,87.33,1.52,20.42
2025-07-30,26.03,28.06,31.48,24.91,87.49,1.31,19.5
2025-07-31,47.74,27.8,31.34,24.74,90.2,2.05,14.06
2025-08-01,26.63,28.12,31.49,25.12,91.09,2.16,13.64
2025-08-02,74.93,27.27,29.18,25.76,93.82,2.32,11.4
2025-08-03,64.16,27.61,30.6,25.05,92.64,2.58,10.64
2025-08-04,93.48,27.47,29.66,25.49,93.39,2.75,5.43
2025-08-05,28.31,27.37,30.17,25.09,90.91,2.23,11.73
2025-08-06,53.6,27.27,30.01,24.74,91.27,2.15,6.55
2025-08-07,9.07,27.52,30.57,25.23,91.74,2.14,6.88
2025-08-08,37.33,26.57,29.09,24.68,93.11,2.41,9.72
2025-08-09,38.9,26.95,30.27,23.65,91.34,2.91,13.46
2025-08-10,36.54,27.36,29.78,25.06,91.55,2.6,15.67
2025-08-11,23.6,27.7,30.67,24.99,90.88,1.78,20.55
2025-08-12,25.39,28.12,30.88,25.8,91.09,1.82,10.2
2025-08-13,25.22,27.5,28.79,25.78,87.22,0.82,6.8
2025-08-14,6.27,27.26,29.52,25.06,85.97,0.9,15.02
2025-08-15,13.96,27.68,31.13,24.87,87.93,1.31,22.17
2025-08-16,18.17,28.9,31.97,25.57,86.04,1.21,20.13
2025-08-17,2.5,29.27,32.44,26.38,83.72,1.58,19.9
2025-08-18,22.91,28.49,32.41,24.97,84.83,1.48,22.86
2025-08-19,38.58,28.07,30.84,25.49,87.2,1.28,20.14
2025-08-20,28.9,27.62,30.48,25.0,90.45,1.86,14.92
2025-08-21,40.78,27.1,29.45,25.04,93.39,1.65,13.7
2025-08-22,14.47,27.36,30.96,25.18,91.89,2.15,15.93
2025-08-23,27.53,27.64,31.38,24.6,90.58,1.89,17.28
2025-08-24,12.19,27.51,30.78,25.0,91.32,1.6,14.82
2025-08-25,8.38,27.6,30.78,24.88,89.08,1.06,20.96
2025-08-26,13.48,28.67,31.27,26.58,86.78,1.41,22.28
2025-08-27,13.7,27.87,31.5,25.46,88.54,1.7,21.06
2025-08-28,47.0,26.92,29.46,24.79,91.95,1.77,14.21
2025-08-29,26.3,27.04,29.55,24.82,90.04,1.44,17.46
2025-08-30,7.94,27.33,29.52,25.24,90.14,1.48,13.61
2025-08-31,4.16,27.99,31.26,25.48,86.19,0.76,20.38
2025-09-01,3.52,29.61,34.34,25.63,82.69,2.08,23.92
2025-09-02,12.75,29.73,33.55,25.44,79.26,1.09,20.98
2025-09-03,15.41,29.45,32.45,26.52,81.96,1.33,22.01
2025-09-04,4.99,27.36,30.18,25.28,89.4,1.44,20.49
2025-09-05,11.57,27.47,30.79,24.79,89.2,1.43,18.8
2025-09-06,31.61,27.01,29.17,24.89,90.36,0.99,16.37
2025-09-07,19.6,27.91,30.51,26.04,88.14,1.14,14.11
2025-09-08,5.12,27.68,30.56,25.5,87.05,1.11,18.51
2025-09-09,38.04,28.2,31.2,25.38,86.09,1.33,12.8
2025-09-10,0.99,27.77,30.5,25.49,92.33,1.8,12.22
2025-09-11,14.85,28.0,30.99,25.51,90.69,1.62,15.26
2025-09-12,22.84,26.75,28.77,24.92,93.73,1.27,10.17
2025-09-13,9.57,26.67,29.41,24.2,93.32,1.55,7.96
2025-09-14,60.94,26.12,27.76,24.87,95.58,1.87,4.82
2025-09-15,34.65,26.25,29.04,24.27,91.9,1.74,10.9
2025-09-16,71.91,26.35,29.63,23.72,92.66,1.95,9.1
2025-09-17,6.99,26.53,29.6,23.94,90.48,1.56,13.86
2025-09-18,18.06,27.03,30.27,24.38,91.4,1.58,9.2
2025-09-19,11.5,28.0,31.1,25.35,89.29,1.19,18.81
2025-09-20,2.13,28.66,30.97,26.61,85.09,0.99,17.78
2025-09-21,9.79,28.81,31.77,26.04,83.91,1.16,19.05
2025-09-22,14.08,27.96,30.91,25.76,88.57,1.32,17.09
2025-09-23,9.18,27.7,32.13,25.59,86.63,0.85,19.29
2025-09-24,10.32,28.39,30.95,26.21,85.88,1.18,19.31
2025-09-25,1.45,30.56,35.22,26.49,75.35,1.24,19.13
2025-09-26,1.86,30.54,34.55,26.27,78.33,1.3,20.73
2025-09-27,14.36,28.58,31.65,25.89,88.13,1.04,18.74
2025-09-28,18.28,28.32,30.35,26.35,86.22,0.73,17.22
2025-09-29,4.59,28.93,31.91,26.13,82.35,1.0,14.07
2025-09-30,5.43,29.33,32.71,26.65,83.8,1.18,20.45
2025-10-01,18.87,27.32,28.55,25.47,90.56,1.07,11.81
2025-10-02,42.01,26.18,27.9,24.87,93.11,1.27,8.18
2025-10-03,27.33,26.52,28.85,24.15,90.6,0.85,14.55
2025-10-04,17.5,27.05,29.96,24.56,91.77,1.45,17.26
2025-10-05,12.74,25.84,28.22,23.74,87.61,1.07,16.12
2025-10-06,31.69,25.96,28.32,24.14,92.13,1.15,8.98
2025-10-07,1.1,26.26,29.53,23.88,85.18,1.07,13.86
2025-10-08,37.62,26.82,30.68,23.27,81.77,1.0,14.63
2025-10-09,2.31,26.77,30.22,23.93,84.07,1.15,13.77
2025-10-10,14.33,26.79,30.05,24.32,85.88,1.09,17.35
2025-10-11,14.3,26.47,29.07,24.35,85.41,1.02,6.7
2025-10-12,0.39,25.93,29.66,22.97,84.05,1.21,17.67
2025-10-13,0.09,25.78,29.63,22.21,82.75,1.14,18.75
2025-10-14,0.0,26.63,31.35,22.42,82.73,1.19,19.55
2025-10-15,0.0,27.28,31.73,23.24,81.0,1.12,19.09
2025-10-16,0.0,27.71,32.21,23.93,79.9,1.05,18.98
2025-10-17,0.0,27.34,32.29,22.81,78.25,1.13,19.31
2025-10-18,0.0,27.39,32.41,22.63,75.74,1.04,19.15
2025-10-19,0.0,27.48,31.87,22.92,71.72,0.99,19.0
2025-10-20,0.0,27.13,31.92,22.13,73.1,1.17,19.45
2025-10-21,0.0,27.65,32.31,22.85,73.99,1.07,19.44
2025-10-22,0.0,27.98,32.37,23.62,75.67,1.08,19.52
2025-10-23,0.04,27.32,31.59,23.48,81.0,0.95,18.6
2025-10-24,0.78,26.22,29.99,23.35,82.04,1.06,18.28
2025-10-25,0.04,25.95,30.1,21.89,78.32,0.89,18.54
2025-10-26,0.08,25.86,29.93,22.17,73.6,1.09,17.0
2025-10-27,0.0,25.72,30.79,21.27,75.55,1.26,17.36
2025-10-28,0.0,26.47,31.14,22.79,72.21,1.09,18.15
2025-10-29,0.2,26.14,30.25,21.91,73.61,1.14,15.89
2025-10-30,28.06,26.49,30.26,22.78,80.68,1.13,16.23
2025-10-31,4.42,26.78,30.08,23.54,84.56,1.08,13.57
2025-11-01,12.5,26.64,29.79,24.45,85.17,0.92,5.34
2025-11-02,21.25,25.59,29.17,23.09,92.2,1.57,10.69
2025-11-03,0.89,25.48,28.97,22.18,83.74,1.02,13.82
2025-11-04,0.2,26.99,32.27,21.8,77.86,1.11,14.16
2025-11-05,10.68,25.58,29.2,23.12,86.85,1.43,8.12
2025-11-06,17.41,25.37,29.53,22.39,85.45,1.08,14.48
2025-11-07,0.16,24.79,29.3,20.24,77.3,1.2,16.02
2025-11-08,0.0,24.39,29.92,20.35,78.66,1.28,17.61
2025-11-09,0.0,23.24,28.68,18.75,76.28,1.2,16.62
2025-11-10,0.0,22.7,27.27,17.97,70.55,1.08,16.36
2025-11-11,0.0,22.06,26.5,17.39,78.51,1.35,17.0
2025-11-12,0.0,22.95,27.06,19.42,75.06,1.05,16.86
2025-11-13,0.0,21.79,26.81,16.8,75.66,1.08,17.33
2025-11-14,0.0,21.74,25.98,17.97,66.24,0.88,17.22
2025-11-15,0.0,21.08,26.94,15.74,73.97,1.19,17.18
2025-11-16,0.0,22.35,27.41,16.77,72.68,1.24,17.42
2025-11-17,0.0,22.75,28.29,17.26,75.62,1.37,17.47
2025-11-18,0.0,22.97,28.28,18.26,77.45,1.35,17.45
2025-11-19,0.0,22.65,27.98,18.37,77.28,1.23,17.01
2025-11-20,0.0,21.54,26.33,17.61,78.26,1.22,16.96
2025-11-21,0.0,20.6,25.29,16.79,74.02,1.17,15.96
2025-11-22,0.0,19.74,24.24,16.47,75.82,1.26,15.04
2025-11-23,0.0,19.73,24.4,16.52,77.71,1.2,15.4
2025-11-24,0.0,20.21,26.13,15.51,77.41,1.31,16.22
2025-11-25,0.0,19.99,26.01,15.09,74.59,1.2,16.5
2025-11-26,0.0,20.36,26.14,14.46,68.0,1.37,16.66
2025-11-27,0.0,20.83,26.56,15.77,77.57,1.88,16.54
2025-11-28,0.0,20.58,25.88,16.65,79.32,1.39,16.48
2025-11-29,0.0,19.84,25.03,15.27,80.31,1.27,16.09
2025-11-30,0.0,20.04,24.92,15.66,79.97,1.23,15.67
2025-12-01,0.0,19.51,23.27,16.27,84.34,1.03,14.81
2025-12-02,0.0,19.83,23.95,15.68,81.77,1.08,12.75
2025-12-03,0.0,19.34,24.37,14.61,77.87,1.13,13.5
2025-12-04,0.0,19.03,25.34,13.9,78.14,1.31,15.66
2025-12-05,0.0,19.43,25.83,14.59,72.69,1.35,16.39
2025-12-06,0.0,18.61,24.14,13.14,65.07,1.14,16.31
2025-12-07,0.0,17.57,23.36,11.96,64.21,1.17,16.08
2025-12-08,0.0,18.6,23.97,13.15,59.96,1.08,14.67
2025-12-09,0.0,18.83,24.2,12.89,66.89,1.05,14.58
2025-12-10,0.0,18.96,25.47,12.96,66.82,1.19,15.84
2025-12-11,0.0,18.96,24.9,12.36,65.61,1.29,16.26
2025-12-12,0.0,18.56,24.48,13.01,70.1,1.26,16.12
2025-12-13,0.0,19.38,25.62,14.04,72.07,1.47,16.08
2025-12-14,0.0,19.31,25.23,14.66,72.33,1.66,15.95
2025-12-15,0.0,19.25,24.4,14.3,73.69,1.21,15.39
2025-12-16,0.0,19.08,24.15,14.06,75.17,1.14,14.81
2025-12-17,0.0,19.36,25.34,13.66,72.65,1.42,15.51
2025-12-18,0.0,19.18,25.21,14.72,73.48,1.88,15.79
2025-12-19,0.0,18.25,23.06,13.44,76.08,1.2,15.41
2025-12-20,0.02,17.96,23.09,12.99,77.88,1.26,14.57
2025-12-21,0.06,18.38,24.4,12.9,74.99,1.35,14.17
2025-12-22,0.0,18.28,23.04,13.53,76.18,1.15,14.82
2025-12-23,0.0,17.9,22.48,13.87,80.07,1.33,14.15
2025-12-24,0.0,17.45,22.38,13.05,81.17,1.17,12.65
2025-12-25,0.0,16.89,23.01,11.8,80.46,1.25,8.34
2025-12-26,0.0,17.2,22.91,11.45,74.82,1.14,11.33
2025-12-27,0.0,16.75,22.42,11.21,76.78,1.23,12.7
2025-12-28,0.0,16.31,21.8,11.7,74.86,1.19,12.01
2025-12-29,0.0,15.37,21.1,10.6,80.97,1.21,4.78
2025-12-30,0.02,14.11,19.62,9.26,86.07,1.19,8.46
2025-12-31,0.0,15.04,21.55,9.8,83.65,1.08,6.45
2026-01-01,0.0,16.12,22.36,11.13,82.36,1.34,7.1
2026-01-02,0.0,16.54,22.16,12.03,79.17,1.07,8.76
2026-01-03,0.0,14.96,20.43,9.87,80.95,1.23,12.04
2026-01-04,0.0,15.54,21.85,10.75,78.17,1.17,13.32
2026-01-05,0.0,14.76,21.84,9.44,78.09,1.22,5.39
2026-01-06,0.0,14.78,21.91,9.53,72.18,1.37,13.41
2026-01-07,0.0,15.66,22.45,9.1,65.34,1.17,12.26
2026-01-08,0.0,16.04,23.58,9.36,66.42,1.47,14.38
2026-01-09,0.0,17.05,23.07,10.98,71.06,1.24,15.72
2026-01-10,0.0,17.07,22.74,12.12,75.72,1.26,15.23
2026-01-11,0.0,17.78,23.53,11.94,74.49,1.28,14.02
2026-01-12,0.0,18.74,25.19,12.48,70.98,1.3,15.66
2026-01-13,0.0,18.18,24.04,13.02,72.01,1.35,16.17
2026-01-14,0.0,18.81,24.25,13.5,71.11,1.19,15.8
2026-01-15,0.0,18.58,24.64,13.22,72.96,1.23,14.51
2026-01-16,0.0,18.61,24.43,13.54,73.89,1.24,15.57
2026-01-17,0.0,18.34,24.63,13.1,73.01,1.44,16.01
2026-01-18,0.0,18.72,23.61,13.37,71.33,1.17,16.42
2026-01-19,0.0,18.63,23.85,13.85,73.3,1.24,16.74
2026-01-20,0.0,18.51,23.93,13.61,74.67,1.18,16.03
2026-01-21,0.0,18.36,24.09,13.69,71.67,1.22,15.72
2026-01-22,0.0,17.73,23.55,13.16,73.81,1.23,16.0
2026-01-23,0.0,18.55,25.18,12.98,68.31,1.33,17.4
2026-01-24,0.0,18.12,24.12,12.99,63.35,1.16,17.6
2026-01-25,0.0,17.7,23.38,12.26,67.49,1.2,16.57
2026-01-26,0.0,17.65,23.43,12.57,73.37,1.36,16.36
2026-01-27,0.0,18.36,24.44,13.42,69.98,1.4,17.13
2026-01-28,0.0,18.56,24.72,13.3,68.46,1.41,17.86
2026-01-29,0.0,18.98,24.63,13.14,69.22,1.31,17.0
2026-01-30,0.0,18.87,23.77,14.23,66.34,1.19,16.18
2026-01-31,0.0,18.56,25.16,13.21,71.97,1.23,17.29
2026-02-01,0.0,18.29,24.03,13.26,73.64,1.26,15.35
2026-02-02,0.0,19.14,24.97,14.34,68.81,1.17,15.84
2026-02-03,0.0,19.21,25.88,14.02,64.87,1.39,17.94
2026-02-04,0.0,19.41,25.33,13.66,63.44,1.33,14.96
2026-02-05,0.0,18.44,24.34,12.64,63.83,1.42,17.62
2026-02-06,0.0,17.25,23.42,11.55,61.39,1.3,19.09
2026-02-07,0.0,17.51,22.98,12.15,62.73,1.35,18.77
2026-02-08,0.0,17.74,23.74,12.95,68.36,1.28,18.51
2026-02-09,0.0,18.38,25.1,12.6,63.74,1.36,18.89
2026-02-10,0.0,18.73,24.66,13.04,59.93,1.13,19.08
2026-02-11,0.0,19.55,25.61,13.91,65.72,1.29,19.03
2026-02-12,0.0,19.47,25.34,14.14,63.66,1.29,18.85
2026-02-13,0.0,19.53,25.79,12.89,63.46,1.39,19.05
2026-02-14,0.0,19.24,25.56,13.33,67.51,1.34,18.87
2026-02-15,0.0,19.77,25.54,15.44,58.61,1.29,19.28
2026-02-16,0.0,19.14,26.36,12.68,62.34,1.29,19.6
2026-02-17,0.0,20.81,28.6,14.22,61.79,1.48,20.29
2026-02-18,0.0,21.31,28.81,14.83,58.98,1.49,20.86
2026-02-19,0.0,21.96,28.95,15.18,53.82,1.26,20.34
2026-02-20,0.0,22.03,28.53,15.91,56.67,1.32,18.28
2026-02-21,0.0,22.26,28.79,15.68,58.68,1.44,17.67
2026-02-22,0.0,22.27,28.37,17.43,57.52,1.51,16.88
2026-02-23,0.0,22.5,28.07,17.84,59.15,1.32,16.54
2026-02-24,0.0,21.75,27.71,16.97,65.5,1.19,12.93
2026-02-25,0.29,21.99,27.45,17.05,62.65,1.24,17.9
2026-02-26,1.28,22.13,27.22,18.72,58.31,1.22,16.87
2026-02-27,0.0,21.35,26.69,16.2,56.5,1.23,17.25
2026-02-28,0.0,20.59,26.24,14.75,59.32,1.37,19.49
2026-03-01,0.01,20.99,27.26,14.82,62.66,1.2,21.74
2026-03-02,0.03,22.69,28.78,17.63,66.47,1.2,13.87
2026-03-03,0.0,22.8,28.41,17.76,62.77,1.22,18.89
2026-03-04,0.0,22.77,29.01,16.91,61.74,1.18,18.05
2026-03-05,0.0,23.62,30.05,17.86,62.44,1.37,17.82
2026-03-06,0.0,24.97,31.53,18.95,61.48,1.31,17.93
2026-03-07,0.0,24.82,30.49,19.9,62.64,1.24,17.1
2026-03-08,0.24,24.41,30.15,19.87,67.86,1.38,16.38
2026-03-09,1.58,24.41,29.74,19.66,65.68,1.0,10.31
2026-03-10,0.01,25.22,30.37,20.23,65.33,0.99,16.34
2026-03-11,2.86,25.63,30.63,20.64,64.43,1.28,14.69
2026-03-12,4.13,25.2,29.94,20.8,68.88,1.04,12.64
2026-03-13,26.31,23.75,27.58,20.51,81.55,1.56,5.27
2026-03-14,18.95,23.45,27.34,20.51,89.63,2.22,15.0
2026-03-15,31.48,23.65,28.2,20.49,85.34,1.85,13.77
2026-03-16,43.61,22.51,26.13,19.84,86.96,1.41,15.28
2026-03-17,41.68,22.27,25.94,19.73,87.76,1.4,19.61
2026-03-18,11.5,23.34,27.64,19.32,82.04,1.17,15.81
2026-03-19,3.45,22.69,26.02,19.55,83.96,1.12,19.87
2026-03-20,10.67,22.0,25.38,19.33,86.11,1.15,7.5
2026-03-21,2.96,22.13,26.27,19.14,77.6,1.33,11.42
2026-03-22,5.25,20.6,24.61,17.45,77.51,1.57,17.83
2026-03-23,0.1,20.89,25.43,16.0,75.9,1.4,21.39
2026-03-24,6.78,21.97,26.27,17.37,74.5,1.34,20.68
2026-03-25,17.96,22.68,27.27,17.65,80.86,1.41,18.11
2026-03-26,4.47,24.29,28.97,20.33,70.11,1.36,21.84
2026-03-27,0.02,23.91,29.09,18.01,66.64,1.34,20.79
2026-03-28,41.02,21.97,24.56,18.88,86.03,1.33,9.95
2026-03-29,1.37,22.64,27.54,17.1,78.31,1.22,15.22
2026-03-30,11.17,24.56,28.01,21.2,79.74,1.48,14.17
2026-03-31,26.7,24.89,28.53,22.57,83.67,1.2,11.56
2026-04-01,9.89,24.9,28.8,20.78,83.09,1.34,20.94
2026-04-02,12.75,25.34,29.87,20.2,84.95,1.8,16.98
2026-04-03,13.69,25.59,29.74,20.75,85.05,1.15,15.76
2026-04-04,16.38,26.13,29.61,22.35,82.08,1.26,14.97
2026-04-05,8.46,24.75,30.05,20.56,82.93,1.76,12.89
2026-04-06,0.18,23.76,29.29,18.97,80.73,1.51,19.55
2026-04-07,12.64,23.54,26.66,19.8,76.75,1.02,21.53
2026-04-08,10.21,22.97,27.54,18.81,77.81,1.33,19.93
2026-04-09,6.9,22.78,27.29,18.16,78.86,1.73,9.61
2026-04-10,9.55,22.86,26.34,19.45,76.48,1.61,18.98
2026-04-11,0.0,23.02,27.68,16.34,64.63,1.43,20.9
2026-04-12,1.23,24.19,29.02,18.56,73.07,1.75,20.46
2026-04-13,6.72,25.26,30.08,20.15,79.77,1.7,19.27
2026-04-14,26.83,25.81,29.41,22.39,81.94,1.15,16.25
2026-04-15,28.57,25.69,29.63,22.11,83.81,1.35,18.74
2026-04-16,33.55,25.8,29.5,22.41,80.72,1.12,18.7
2026-04-17,3.92,26.32,30.78,22.26,78.63,1.13,16.43
2026-04-18,29.34,25.98,29.64,21.69,80.82,1.25,14.11
2026-04-19,5.95,26.54,29.77,22.59,83.71,1.28,15.21
2026-04-20,59.91,26.62,30.59,23.34,88.06,2.03,15.84
2026-04-21,52.12,26.38,30.61,22.71,89.26,1.93,17.15
2026-04-22,27.16,26.33,29.97,22.98,86.96,1.18,19.87
2026-04-23,2.85,26.41,30.19,23.2,82.3,1.29,19.79
2026-04-24,2.3,27.01,30.82,23.13,80.9,1.04,19.43
2026-04-25,0.31,27.15,30.71,23.9,83.29,0.99,17.32
2026-04-26,43.3,25.94,29.43,22.91,83.19,1.23,14.33
2026-04-27,59.08,25.08,28.23,21.8,87.37,1.56,4.66
2026-04-28,71.28,25.51,28.28,23.2,93.19,3.64,4.11
2026-04-29,43.61,24.92,27.88,21.62,85.58,1.29,3.59
2026-04-30,4.72,23.6,27.13,20.47,85.64,1.31,17.97
2026-05-01,22.72,23.57,26.38,21.43,90.32,1.49,6.86
2026-05-02,21.2,24.59,27.91,20.69,86.95,1.4,7.15
2026-05-03,43.31,25.6,28.21,23.36,85.02,1.37,13.08
2026-05-04,13.86,25.56,28.62,22.51,85.7,0.99,13.48
2026-05-05,0.61,25.6,29.87,21.1,81.36,1.36,19.74
2026-05-06,10.37,26.1,29.56,21.75,82.68,1.04,18.16
2026-05-07,25.44,25.95,29.38,22.84,80.74,1.2,20.33
2026-05-08,0.89,26.06,30.6,21.56,77.04,1.21,24.29
2026-05-09,0.0,26.39,30.88,21.42,73.8,1.23,21.69
2026-05-10,5.72,25.99,29.87,22.21,79.68,1.28,16.01
2026-05-11,16.04,24.75,27.5,21.38,83.43,1.13,21.57
2026-05-12,9.17,25.41,28.54,21.44,80.62,1.25,21.56
2026-05-13,24.87,26.09,29.3,22.16,83.64,1.35,10.73
2026-05-14,22.74,26.47,30.27,22.44,88.57,1.62,16.03
2026-05-15,17.96,27.13,30.4,23.82,89.05,1.87,17.23
2026-05-16,23.92,27.18,30.25,24.93,90.01,2.02,15.95
2026-05-17,35.37,27.75,30.88,24.78,86.33,1.19,17.5
2026-05-18,15.61,27.79,31.03,24.64,85.87,0.96,11.17
2026-05-19,22.97,28.08,31.47,24.85,85.07,1.04,18.4
2026-05-20,3.68,28.23,31.47,24.87,84.99,1.2,15.9
2026-05-21,19.5,28.92,31.79,26.21,83.93,1.13,12.71
2026-05-22,30.21,28.77,31.61,26.48,86.17,1.45,10.98
2026-05-23,6.43,28.21,31.54,25.44,91.29,2.06,10.36
2026-05-24,43.96,27.99,31.36,25.4,90.55,1.77,10.42
2026-05-25,48.24,27.35,30.13,25.05,92.41,1.8,4.14
2026-05-26,77.55,27.25,30.03,24.87,88.87,1.43,7.52
2026-05-27,12.7,27.14,30.67,23.61,83.51,0.74,6.86
2026-05-28,15.17,26.93,29.88,24.06,80.35,1.05,14.8
2026-05-29,0.3,28.07,31.66,23.63,76.98,1.09,24.66
2026-05-30,0.05,28.6,32.32,24.39,78.75,1.26,21.03
2026-05-31,1.35,29.06,32.84,25.41,77.81,1.28,23.02
2026-06-01,5.04,28.86,32.15,26.21,82.23,1.35,19.63
2026-06-02,19.87,28.19,31.1,25.17,88.79,1.73,20.65
2026-06-03,13.72,27.92,30.62,25.74,89.37,1.8,20.52
2026-06-04,13.89,28.19,31.13,25.56,89.31,1.56,13.27
2026-06-05,20.75,28.64,31.46,25.56,84.86,0.92,13.28
2026-06-06,10.41,28.39,31.52,25.33,85.7,1.12,20.41
2026-06-07,24.21,28.08,31.02,25.55,89.03,1.85,15.16
2026-06-08,46.64,26.86,28.97,25.31,93.32,1.78,10.73
2026-06-09,17.71,27.37,30.94,24.53,90.72,1.87,7.0
2026-06-10,21.92,27.05,30.14,24.37,90.49,1.36,9.36
2026-06-11,9.17,27.65,30.52,23.9,84.81,0.96,16.31
2026-06-12,6.91,28.0,31.14,25.35,87.17,1.11,19.63
2026-06-13,49.05,26.78,28.82,25.09,90.54,1.66,14.62
2026-06-14,35.85,27.36,30.44,24.75,92.37,2.27,10.21
2026-06-15,25.58,27.71,30.94,25.22,90.08,1.77,14.14
2026-06-16,27.27,27.82,31.04,24.97,88.4,1.57,16.69
2026-06-17,38.1,27.44,30.16,25.3,91.56,2.43,7.68
2026-06-18,30.64,27.73,31.1,24.75,91.11,2.21,6.17
2026-06-19,51.61,26.9,29.24,25.06,92.53,1.87,9.21
2026-06-20,48.14,27.47,30.22,24.92,91.24,2.07,14.37
2026-06-21,75.17,27.19,29.88,24.98,93.56,2.58,10.26
2026-06-22,50.62,27.22,30.46,24.75,92.39,2.29,10.95
2026-06-23,23.56,27.32,30.09,25.01,91.68,1.84,16.17
2026-06-24,28.75,27.68,30.64,25.07,89.74,1.59,8.84
2026-06-25,22.4,27.62,30.61,24.98,90.77,1.86,7.02
2026-06-26,8.15,27.78,31.07,24.59,89.93,2.02,16.89
2026-06-27,21.98,28.13,31.31,25.41,90.68,2.4,19.63
2026-06-28,41.19,28.17,31.12,25.58,90.92,2.34,19.05
2026-06-29,49.7,28.07,31.58,25.06,92.03,2.02,14.08
2026-06-30,8.9,28.11,30.68,25.8,90.2,1.24,19.71
2026-07-01,25.38,27.75,29.13,25.97,89.81,1.57,13.5
2026-07-02,15.89,28.64,31.47,25.63,86.21,1.26,20.78
2026-07-03,4.28,28.76,31.62,26.89,85.99,0.95,22.77
2026-07-04,3.45,30.6,33.95,27.26,79.88,1.18,23.7
2026-07-05,26.88,28.59,30.39,25.88,86.75,1.68,16.35
2026-07-06,19.42,28.37,31.67,25.77,89.06,2.15,20.31
2026-07-07,73.76,28.27,31.49,25.43,91.1,2.94,11.0
2026-07-08,138.38,28.1,31.07,25.39,91.74,3.47,1.28
2026-07-09,67.03,27.89,30.44,25.88,91.71,3.15,8.43
2026-07-10,74.47,28.21,31.36,25.81,92.17,2.91,6.99
2026-07-11,48.65,27.82,30.0,25.87,93.08,3.16,6.94
2026-07-12,55.86,28.02,30.67,26.37,93.68,3.03,7.76
2026-07-13,24.4,27.32,29.53,25.62,92.52,2.0,11.76
2026-07-14,22.93,28.96,32.75,24.95,86.09,1.13,22.54
2026-07-15,19.72,28.99,31.84,26.69,87.95,1.63,19.1
2026-07-16,17.88,28.12,30.59,25.73,89.0,1.46,16.35
2026-07-17,100.66,27.37,29.68,25.42,92.24,2.35,10.07
2026-07-18,44.81,27.74,31.35,24.98,91.66,2.75,12.13
2026-07-19,100.99,26.97,29.25,25.09,93.93,1.94,11.37
2026-07-20,37.99,26.5,28.24,24.86,92.04,2.02,6.66
2026-07-21,19.23,28.15,31.63,24.27,83.92,1.22,20.11
2026-07-22,33.59,27.35,29.45,24.97,90.14,1.44,21.22
2026-07-23,29.73,26.88,29.94,24.17,92.34,1.83,17.71
2026-07-24,4.8,27.67,31.28,24.33,89.19,1.49,17.62
2026-07-25,6.16,28.74,32.14,25.76,86.47,1.2,23.16
2026-07-26,4.46,28.82,32.56,25.27,84.98,0.89,23.25
2026-07-27,5.93,28.83,32.63,25.82,84.52,0.82,24.01
2026-07-28,17.87,28.39,31.37,26.05,87.45,1.05,13.59
2026-07-29,12.43,27.01,29.25,23.75,85.49,1.36,17.35
2026-07-30,35.99,27.78,30.95,25.04,89.4,1.74,13.18
2026-07-31,28.53,28.06,31.55,24.81,88.4,1.56,18.43
2026-08-01,27.13,27.82,30.48,25.74,91.7,2.57,13.57
2026-08-02,20.9,28.13,31.25,25.31,90.56,1.98,13.55
2026-08-03,20.25,28.17,30.98,25.28,90.44,1.97,18.73
2026-08-04,85.53,27.86,30.44,26.02,92.53,2.29,6.09
2026-08-05,45.43,26.89,28.84,25.47,93.91,1.75,4.75
2026-08-06,15.91,27.57,31.26,24.8,90.05,1.91,17.62
2026-08-07,18.77,27.35,30.82,24.05,88.79,1.46,21.64
2026-08-08,0.73,28.11,31.25,25.14,86.91,1.26,15.7
2026-08-09,21.45,27.81,30.98,24.98,88.32,1.51,15.46
2026-08-10,17.77,28.52,31.67,24.84,84.93,1.09,22.92
2026-08-11,11.39,29.71,33.71,25.97,81.39,1.01,22.5
2026-08-12,7.3,30.07,33.8,26.49,82.8,1.0,23.16
2026-08-13,16.34,28.98,31.89,26.36,86.56,1.24,19.34
2026-08-14,5.12,28.85,31.87,25.87,83.38,1.12,21.68
2026-08-15,7.84,28.32,31.64,25.58,88.82,1.49,19.62
2026-08-16,20.47,28.38,32.09,25.37,87.09,1.27,18.54
2026-08-17,51.01,28.18,31.62,25.63,89.54,2.09,10.67
2026-08-18,23.86,28.0,31.65,24.75,89.88,1.95,15.81
2026-08-19,4.65,28.31,31.57,25.25,89.07,1.38,17.41
2026-08-20,22.79,28.06,31.06,25.97,90.21,1.5,18.21
2026-08-21,19.1,28.29,30.99,26.13,90.09,1.17,17.79
2026-08-22,19.7,29.67,32.77,26.96,85.13,1.11,20.22
2026-08-23,25.37,28.67,32.54,25.88,88.17,1.54,20.31
2026-08-24,34.84,28.04,31.19,25.48,89.55,1.76,12.9
2026-08-25,24.46,27.55,30.24,25.64,92.22,1.88,15.46
2026-08-26,7.58,28.52,31.87,25.36,87.17,1.26,20.73
2026-08-27,14.84,28.83,32.05,25.8,87.18,1.23,17.65
2026-08-28,21.91,28.57,31.29,26.57,89.08,1.13,13.44
2026-08-29,20.5,29.11,32.97,25.79,87.99,1.21,21.31
2026-08-30,15.58,30.44,34.04,27.43,83.3,1.23,19.6
2026-08-31,8.6,28.19,30.29,26.05,89.3,1.29,18.05
