date,sm_rootzone
2015-03-31,0.11270551250000001
2015-04-01,0.1199189375
2015-04-02,0.1429746125
2015-04-03,0.1399680375
2015-04-04,0.137476425
2015-04-05,0.1422225375
2015-04-06,0.1544966875
2015-04-07,0.1573784375
2015-04-08,0.1532075875
2015-04-09,0.1498988625
2015-04-10,0.14697203749999999
2015-04-11,0.144453625
2015-04-12,0.1429889625
2015-04-13,0.1421646375
2015-04-14,0.141339225
2015-04-15,0.1408372375
2015-04-16,0.141720475
2015-04-17,0.1461045875
2015-04-18,0.1453335625
2015-04-19,0.143023
2015-04-20,0.140845225
2015-04-21,0.1390137125
2015-04-22,0.1390127875
2015-04-23,0.1420282125
2015-04-24,0.155082225
2015-04-25,0.16281535
2015-04-26,0.1653404125
2015-04-27,0.1616193125
2015-04-28,0.160180625
2015-04-29,0.1604912125
2015-04-30,0.1596067125
2015-05-01,0.16410868750000002
2015-05-02,0.1684047375
2015-05-03,0.16630195
2015-05-04,0.1629671
2015-05-05,0.16076115000000002
2015-05-06,0.1590817
2015-05-07,0.1574760875
2015-05-08,0.1556470375
2015-05-09,0.154026425
2015-05-10,0.1567679375
2015-05-11,0.165434
2015-05-12,0.179024225
2015-05-13,0.176273375
2015-05-14,0.1714629375
2015-05-15,0.17212325
2015-05-16,0.176907975
2015-05-17,0.1778233
2015-05-18,0.179836975
2015-05-19,0.1749536625
2015-05-20,0.1708119
2015-05-21,0.1686221125
2015-05-22,0.166492775
2015-05-23,0.16832373750000001
2015-05-24,0.180872475
2015-05-25,0.186990325
2015-05-26,0.1823620625
2015-05-27,0.179900875
2015-05-28,0.1788395875
2015-05-29,0.1767224375
2015-05-30,0.174173825
2015-05-31,0.171754675
2015-06-01,0.1690211875
2015-06-02,0.166591675
2015-06-03,0.1673989875
2015-06-04,0.1668039125
2015-06-05,0.16605396249999999
2015-06-06,0.1747421
2015-06-07,0.17692645
2015-06-08,0.1736377875
2015-06-09,0.17092715
2015-06-10,0.1740885875
2015-06-11,0.217006925
2015-06-12,0.24081765
2015-06-13,0.2408829375
2015-06-14,0.24297065
2015-06-15,0.2446785125
2015-06-16,0.26232697499999996
2015-06-17,0.2719041875
2015-06-18,0.2679530125
2015-06-19,0.2635263875
2015-06-20,0.25844705
2015-06-21,0.2589128625
2015-06-22,0.282317775
2015-06-23,0.29840733750000004
2015-06-24,0.3155819875
2015-06-25,0.33340695
2015-06-26,0.3476260875
2015-06-27,0.3574433625
2015-06-28,0.355583225
2015-06-29,0.349066475
2015-06-30,0.3415599375
2015-07-01,0.336947875
2015-07-02,0.3361554875
2015-07-03,0.3336399125
2015-07-04,0.3286179
2015-07-05,0.325222225
2015-07-06,0.324594525
2015-07-07,0.3341526625
2015-07-08,0.370414175
2015-07-09,0.3912511
2015-07-10,0.39566945
2015-07-11,0.3916208875
2015-07-12,0.3855798625
2015-07-13,0.378087775
2015-07-14,0.3721190875
2015-07-15,0.37258915
2015-07-16,0.38140823749999997
2015-07-17,0.390420775
2015-07-18,0.3966689625
2015-07-19,0.3985575375
2015-07-20,0.401009575
2015-07-21,0.39904295
2015-07-22,0.395778575
2015-07-23,0.395307625
2015-07-24,0.4026322625
2015-07-25,0.4031795375
2015-07-26,0.404734125
2015-07-27,0.405773775
2015-07-28,0.40636466250000003
2015-07-29,0.4045577625
2015-07-30,0.404241175
2015-07-31,0.4038813875
2015-08-01,0.403646775
2015-08-02,0.4010097625
2015-08-03,0.3963037375
2015-08-04,0.39088683750000003
2015-08-05,0.38677493749999997
2015-08-06,0.3820867
2015-08-07,0.37906934999999997
2015-08-08,0.37815496249999997
2015-08-09,0.374625925
2015-08-10,0.377253175
2015-08-11,0.377872275
2015-08-12,0.375692725
2015-08-13,0.3745220875
2015-08-14,0.37267565
2015-08-15,0.3695881125
2015-08-16,0.3673848
2015-08-17,0.3644575
2015-08-18,0.3629316875
2015-08-19,0.37222225
2015-08-20,0.3800281
2015-08-21,0.3871658125
2015-08-22,0.385865175
2015-08-23,0.38248139999999997
2015-08-24,0.37981251250000003
2015-08-25,0.37744545
2015-08-26,0.37441671249999997
2015-08-27,0.3724631875
2015-08-28,0.3693526
2015-08-29,0.3688519125
2015-08-30,0.37323483749999997
2015-08-31,0.3809940625
2015-09-01,0.3892988625
2015-09-02,0.3925488125
2015-09-03,0.393645925
2015-09-04,0.390526475
2015-09-05,0.3867037375
2015-09-06,0.38155846250000003
2015-09-07,0.37975805
2015-09-08,0.3766145875
2015-09-09,0.3769754
2015-09-10,0.378796425
2015-09-11,0.3749144875
2015-09-12,0.3724381
2015-09-13,0.3732330625
2015-09-14,0.3734086625
2015-09-15,0.3670548625
2015-09-16,0.36097216249999997
2015-09-17,0.356297525
2015-09-18,0.353447075
2015-09-19,0.363849575
2015-09-20,0.3732318
2015-09-21,0.3807867
2015-09-22,0.386245425
2015-09-23,0.3880120875
2015-09-24,0.3855346
2015-09-25,0.3810109875
2015-09-26,0.3747295125
2015-09-27,0.367937475
2015-09-28,0.36085065
2015-09-29,0.354003325
2015-09-30,0.3489869875
2015-10-01,0.3461109375
2015-10-02,0.343839375
2015-10-03,0.3416711625
2015-10-04,0.3399648875
2015-10-05,0.3385308375
2015-10-06,0.3398390875
2015-10-07,0.3416613625
2015-10-08,0.3592141
2015-10-09,0.3706534
2015-10-10,0.3670025125
2015-10-11,0.3637258875
2015-10-12,0.3591373125
2015-10-13,0.35831815
2015-10-14,0.35446145
2015-10-15,0.3500166625
2015-10-16,0.3448076375
2015-10-17,0.3396101
2015-10-18,0.3345893875
2015-10-19,0.3297117125
2015-10-20,0.324968425
2015-10-21,0.3205656375
2015-10-22,0.3164399625
2015-10-23,0.3125344625
2015-10-24,0.3086945875
2015-10-25,0.3049852125
2015-10-26,0.30153413749999997
2015-10-27,0.2981347125
2015-10-28,0.2946902625
2015-10-29,0.2922971625
2015-10-30,0.29143355
2015-10-31,0.2929427125
2015-11-01,0.29321075
2015-11-02,0.2908216375
2015-11-03,0.2876402875
2015-11-04,0.28477375
2015-11-05,0.28195835
2015-11-06,0.2792788125
2015-11-07,0.276521425
2015-11-08,0.27348305
2015-11-09,0.270779825
2015-11-10,0.2687693875
2015-11-11,0.26643578749999997
2015-11-12,0.2637853625
2015-11-13,0.26117507500000003
2015-11-14,0.259003375
2015-11-15,0.2570219375
2015-11-16,0.2550653125
2015-11-17,0.2544574
2015-11-18,0.2560009875
2015-11-19,0.2534796125
2015-11-20,0.25064793750000003
2015-11-21,0.2479177
2015-11-22,0.245354575
2015-11-23,0.2428712625
2015-11-24,0.240567325
2015-11-25,0.23859225
2015-11-26,0.23674395
2015-11-27,0.234807925
2015-11-28,0.232831375
2015-11-29,0.2307057875
2015-11-30,0.22888372499999998
2015-12-01,0.227329975
2015-12-02,0.2263431625
2015-12-03,0.225826575
2015-12-04,0.2243619375
2015-12-05,0.2225078875
2015-12-06,0.2207344875
2015-12-07,0.2194221875
2015-12-08,0.2181014875
2015-12-09,0.2165313875
2015-12-10,0.214831
2015-12-11,0.2132895625
2015-12-12,0.21186222500000002
2015-12-13,0.2106057625
2015-12-14,0.2092253875
2015-12-15,0.2080206
2015-12-16,0.20653095
2015-12-17,0.2049237125
2015-12-18,0.2045278625
2015-12-19,0.2034283375
2015-12-20,0.20195925
2015-12-21,0.200707475
2015-12-22,0.19939145
2015-12-23,0.1979738375
2015-12-24,0.19663155
2015-12-25,0.195760475
2015-12-26,0.1945070375
2015-12-27,0.1932591
2015-12-28,0.192132975
2015-12-29,0.191138725
2015-12-30,0.1903209625
2015-12-31,0.189441325
2016-01-01,0.18817462499999998
2016-01-02,0.1868984875
2016-01-03,0.1858071375
2016-01-04,0.1847022
2016-01-05,0.18360495
2016-01-06,0.18254745
2016-01-07,0.1812641875
2016-01-08,0.180263325
2016-01-09,0.1793535875
2016-01-10,0.1783294875
2016-01-11,0.1771185375
2016-01-12,0.1759001125
2016-01-13,0.17499755
2016-01-14,0.1739635125
2016-01-15,0.1729468625
2016-01-16,0.17209560000000002
2016-01-17,0.1711421
2016-01-18,0.1700772625
2016-01-19,0.1690107375
2016-01-20,0.1683800375
2016-01-21,0.1697373875
2016-01-22,0.1685162375
2016-01-23,0.1673176625
2016-01-24,0.1660721375
2016-01-25,0.1648409
2016-01-26,0.16369253749999998
2016-01-27,0.1626778875
2016-01-28,0.1618855375
2016-01-29,0.1610340375
2016-01-30,0.160042225
2016-01-31,0.1592062
2016-02-01,0.15832265
2016-02-02,0.157265725
2016-02-03,0.1561586375
2016-02-04,0.1549605375
2016-02-05,0.1537258375
2016-02-06,0.1526335375
2016-02-07,0.1516383
2016-02-08,0.15073245
2016-02-09,0.1501962625
2016-02-10,0.1492535375
2016-02-11,0.1483338625
2016-02-12,0.1477555125
2016-02-13,0.1468865125
2016-02-14,0.1458129875
2016-02-15,0.1446598875
2016-02-16,0.143504125
2016-02-17,0.142351525
2016-02-18,0.14138115
2016-02-19,0.1403196
2016-02-20,0.1392989125
2016-02-21,0.1383829125
2016-02-22,0.1375283375
2016-02-23,0.1370958375
2016-02-24,0.1399306875
2016-02-25,0.1478410875
2016-02-26,0.1456418625
2016-02-27,0.1451988375
2016-02-28,0.1433811375
2016-02-29,0.141688125
2016-03-01,0.140279425
2016-03-02,0.1389339
2016-03-03,0.1374833375
2016-03-04,0.13608610000000002
2016-03-05,0.1348318125
2016-03-06,0.133721775
2016-03-07,0.1329861125
2016-03-08,0.1318521125
2016-03-09,0.1307991125
2016-03-10,0.1297385375
2016-03-11,0.128718675
2016-03-12,0.127897125
2016-03-13,0.1269315
2016-03-14,0.1260418875
2016-03-15,0.12489499999999999
2016-03-16,0.1238884375
2016-03-17,0.1228985625
2016-03-18,0.122399325
2016-03-19,0.1239622375
2016-03-20,0.123710825
2016-03-21,0.1280249625
2016-03-22,0.12921515
2016-03-23,0.12717685
2016-03-24,0.12552235
2016-03-25,0.1239825375
2016-03-26,0.1227417
2016-03-27,0.1218322875
2016-03-28,0.1215332125
2016-03-29,0.1216720625
2016-03-30,0.12086073750000001
2016-03-31,0.13853385
2016-04-01,0.1770770625
2016-04-02,0.1758766875
2016-04-03,0.174436
2016-04-04,0.17120295
2016-04-05,0.16776415
2016-04-06,0.1645613625
2016-04-07,0.16164230000000002
2016-04-08,0.16099131249999998
2016-04-09,0.15952025
2016-04-10,0.1566355
2016-04-11,0.153954175
2016-04-12,0.151735475
2016-04-13,0.1495256875
2016-04-14,0.1475126
2016-04-15,0.145721225
2016-04-16,0.1440232
2016-04-17,0.1424897125
2016-04-18,0.141449025
2016-04-19,0.1400031
2016-04-20,0.138351
2016-04-21,0.137012625
2016-04-22,0.1357201875
2016-04-23,0.13450245
2016-04-24,0.133211375
2016-04-25,0.1319551125
2016-04-26,0.13075485
2016-04-27,0.129923925
2016-04-28,0.1289332875
2016-04-29,0.12820718749999999
2016-04-30,0.1273596625
2016-05-01,0.12760583749999999
2016-05-02,0.13211119999999998
2016-05-03,0.1339108
2016-05-04,0.13255675
2016-05-05,0.1313989625
2016-05-06,0.1315409
2016-05-07,0.1348360375
2016-05-08,0.14049665
2016-05-09,0.138034825
2016-05-10,0.136332425
2016-05-11,0.1348171625
2016-05-12,0.13331765
2016-05-13,0.1578793125
2016-05-14,0.17581535
2016-05-15,0.167875
2016-05-16,0.164506125
2016-05-17,0.16388655000000002
2016-05-18,0.175537075
2016-05-19,0.1915986375
2016-05-20,0.2512542375
2016-05-21,0.2747662125
2016-05-22,0.266629825
2016-05-23,0.2589902375
2016-05-24,0.260381625
2016-05-25,0.26440471249999997
2016-05-26,0.2626087125
2016-05-27,0.2582985375
2016-05-28,0.2574592625
2016-05-29,0.2580387
2016-05-30,0.25528792499999997
2016-05-31,0.2583443625
2016-06-01,0.2566832
2016-06-02,0.2512682625
2016-06-03,0.2464906
2016-06-04,0.2425348125
2016-06-05,0.24203678750000002
2016-06-06,0.2431002
2016-06-07,0.2478162
2016-06-08,0.2599803
2016-06-09,0.2657606
2016-06-10,0.2672923375
2016-06-11,0.29581525
2016-06-12,0.3331162875
2016-06-13,0.343622325
2016-06-14,0.3486118
2016-06-15,0.34481897499999997
2016-06-16,0.339848725
2016-06-17,0.333387075
2016-06-18,0.3288675
2016-06-19,0.326475825
2016-06-20,0.3222340375
2016-06-21,0.31766242499999997
2016-06-22,0.31641790000000003
2016-06-23,0.3162522
2016-06-24,0.3133258125
2016-06-25,0.3123615625
2016-06-26,0.312545675
2016-06-27,0.3065391375
2016-06-28,0.303247825
2016-06-29,0.307624225
2016-06-30,0.303663975
2016-07-01,0.3039434
2016-07-02,0.31462255
2016-07-03,0.3310717875
2016-07-04,0.3429593625
2016-07-05,0.362663325
2016-07-06,0.3731309375
2016-07-07,0.37396385
2016-07-08,0.369487775
2016-07-09,0.36554175
2016-07-10,0.360961525
2016-07-11,0.35619055
2016-07-12,0.354286575
2016-07-13,0.356706825
2016-07-14,0.35516245
2016-07-15,0.359722225
2016-07-16,0.3729751375
2016-07-17,0.3759667375
2016-07-18,0.3801541125
2016-07-19,0.384200475
2016-07-20,0.380688775
2016-07-21,0.37601745
2016-07-22,0.3724683375
2016-07-23,0.368802125
2016-07-24,0.3666843
2016-07-25,0.3745189875
2016-07-26,0.3731937375
2016-07-27,0.36733543750000003
2016-07-28,0.3615212375
2016-07-29,0.364535575
2016-07-30,0.36083885
2016-07-31,0.37429548749999997
2016-08-01,0.3744244875
2016-08-02,0.3696340375
2016-08-03,0.3631020625
2016-08-04,0.356514325
2016-08-05,0.3527993875
2016-08-06,0.3523068125
2016-08-07,0.3506652625
2016-08-08,0.3483649875
2016-08-09,0.35297645
2016-08-10,0.3662847375
2016-08-11,0.3652558625
2016-08-12,0.36217947500000003
2016-08-13,0.3600109625
2016-08-14,0.36342385
2016-08-15,0.3611031125
2016-08-16,0.35754661249999997
2016-08-17,0.3572095375
2016-08-18,0.3521924
2016-08-19,0.3451388
2016-08-20,0.342826475
2016-08-21,0.3692786
2016-08-22,0.3698785875
2016-08-23,0.3631603625
2016-08-24,0.3609427875
2016-08-25,0.3611947375
2016-08-26,0.3735835875
2016-08-27,0.378155625
2016-08-28,0.3836085625
2016-08-29,0.3796606375
2016-08-30,0.3758641
2016-08-31,0.3751343625
2016-09-01,0.383575725
2016-09-02,0.386289
2016-09-03,0.3864048
2016-09-04,0.3831276625
2016-09-05,0.37766455
2016-09-06,0.37319651249999997
2016-09-07,0.3674558875
2016-09-08,0.3611170375
2016-09-09,0.3560825375
2016-09-10,0.35236475
2016-09-11,0.35094375
2016-09-12,0.3493256
2016-09-13,0.3552955125
2016-09-14,0.36061750000000004
2016-09-15,0.355684475
2016-09-16,0.349855625
2016-09-17,0.348111375
2016-09-18,0.3459827
2016-09-19,0.3421373875
2016-09-20,0.3406260125
2016-09-21,0.340927025
2016-09-22,0.33744035
2016-09-23,0.33399605
2016-09-24,0.3322106125
2016-09-25,0.3304500875
2016-09-26,0.32885932500000004
2016-09-27,0.33384
2016-09-28,0.35189105
2016-09-29,0.351950725
2016-09-30,0.3500626125
2016-10-01,0.34968048749999997
2016-10-02,0.35074890000000003
2016-10-03,0.354087475
2016-10-04,0.3556685875
2016-10-05,0.358500875
2016-10-06,0.3572534
2016-10-07,0.354088625
2016-10-08,0.3555910875
2016-10-09,0.35766023750000003
2016-10-10,0.36212295
2016-10-11,0.375244175
2016-10-12,0.38527595
2016-10-13,0.381684925
2016-10-14,0.3773404375
2016-10-15,0.37159366250000003
2016-10-16,0.36518731249999997
2016-10-17,0.35850685
2016-10-18,0.3523524875
2016-10-19,0.346236375
2016-10-20,0.34024205
2016-10-21,0.3343253375
2016-10-22,0.328763775
2016-10-23,0.3238737125
2016-10-24,0.3190592875
2016-10-25,0.31507430000000003
2016-10-26,0.312027725
2016-10-27,0.310069575
2016-10-28,0.310674825
2016-10-29,0.31049925
2016-10-30,0.30712670000000003
2016-10-31,0.3033334
2016-11-01,0.2996004625
2016-11-02,0.2962210375
2016-11-03,0.2948186375
2016-11-04,0.3035822875
2016-11-05,0.3291723875
2016-11-06,0.3466756875
2016-11-07,0.34381225
2016-11-08,0.33892245
2016-11-09,0.3346739125
2016-11-10,0.330675175
2016-11-11,0.326554275
2016-11-12,0.3230501375
2016-11-13,0.3196087625
2016-11-14,0.3159126625
2016-11-15,0.3127040875
2016-11-16,0.309572975
2016-11-17,0.306352225
2016-11-18,0.3032869375
2016-11-19,0.3002175
2016-11-20,0.2975727875
2016-11-21,0.29519724999999997
2016-11-22,0.2925857625
2016-11-23,0.2900154875
2016-11-24,0.287763525
2016-11-25,0.2855048
2016-11-26,0.2834162
2016-11-27,0.28131805
2016-11-28,0.279272325
2016-11-29,0.2771199625
2016-11-30,0.27515303750000003
2016-12-01,0.273089825
2016-12-02,0.2710672375
2016-12-03,0.26883663750000003
2016-12-04,0.2664841375
2016-12-05,0.2643875875
2016-12-06,0.2623873875
2016-12-07,0.2603102375
2016-12-08,0.258150775
2016-12-09,0.25603465000000003
2016-12-10,0.25407595
2016-12-11,0.2520753
2016-12-12,0.2501242625
2016-12-13,0.2481427125
2016-12-14,0.246380625
2016-12-15,0.2448378125
2016-12-16,0.2432447625
2016-12-17,0.241660825
2016-12-18,0.2401468875
2016-12-19,0.2387955875
2016-12-20,0.2375364
2016-12-21,0.235982975
2016-12-22,0.2345352875
2016-12-23,0.2332610125
2016-12-24,0.231926075
2016-12-25,0.2303586375
2016-12-26,0.228713925
2016-12-27,0.22714608749999998
2016-12-28,0.2254654625
2016-12-29,0.22382174999999999
2016-12-30,0.222186125
2016-12-31,0.2206143625
2017-01-01,0.219166275
2017-01-02,0.2176347625
2017-01-03,0.2159083125
2017-01-04,0.2142758125
2017-01-05,0.2127649375
2017-01-06,0.211141975
2017-01-07,0.2094358875
2017-01-08,0.2077707625
2017-01-09,0.2059802375
2017-01-10,0.2043058875
2017-01-11,0.2028213125
2017-01-12,0.201290725
2017-01-13,0.1995788875
2017-01-14,0.19794528749999998
2017-01-15,0.1966088625
2017-01-16,0.1951235625
2017-01-17,0.1936385875
2017-01-18,0.1921080625
2017-01-19,0.1904556125
2017-01-20,0.1889254
2017-01-21,0.18729731249999998
2017-01-22,0.18584715
2017-01-23,0.1845007125
2017-01-24,0.1832269625
2017-01-25,0.18168694999999999
2017-01-26,0.18020160000000002
2017-01-27,0.178922125
2017-01-28,0.1778753875
2017-01-29,0.176215825
2017-01-30,0.174656425
2017-01-31,0.1734321625
2017-02-01,0.1721586375
2017-02-02,0.1707402875
2017-02-03,0.1692925
2017-02-04,0.1678058875
2017-02-05,0.16619948750000002
2017-02-06,0.1646416125
2017-02-07,0.163571375
2017-02-08,0.162163625
2017-02-09,0.16059505
2017-02-10,0.1592822625
2017-02-11,0.1583151125
2017-02-12,0.15740755
2017-02-13,0.1565491
2017-02-14,0.155341825
2017-02-15,0.153898375
2017-02-16,0.152717375
2017-02-17,0.1516748875
2017-02-18,0.1505402375
2017-02-19,0.1497182375
2017-02-20,0.1489336
2017-02-21,0.1481275
2017-02-22,0.1471318375
2017-02-23,0.1472171375
2017-02-24,0.146230875
2017-02-25,0.1445206375
2017-02-26,0.1429224625
2017-02-27,0.1415705375
2017-02-28,0.140347575
2017-03-01,0.13915235
2017-03-02,0.137934925
2017-03-03,0.136764425
2017-03-04,0.13570415
2017-03-05,0.137073275
2017-03-06,0.1486318375
2017-03-07,0.1511344375
2017-03-08,0.1551913375
2017-03-09,0.16642042499999998
2017-03-10,0.166816875
2017-03-11,0.1776770875
2017-03-12,0.177708675
2017-03-13,0.17276005
2017-03-14,0.168660675
2017-03-15,0.1655041375
2017-03-16,0.1627854875
2017-03-17,0.160435575
2017-03-18,0.16414998749999998
2017-03-19,0.179802825
2017-03-20,0.182067975
2017-03-21,0.1832548625
2017-03-22,0.178436625
2017-03-23,0.174671775
2017-03-24,0.1713709
2017-03-25,0.168695175
2017-03-26,0.1661269875
2017-03-27,0.1636726625
2017-03-28,0.1615393625
2017-03-29,0.16068973749999999
2017-03-30,0.16115883749999999
2017-03-31,0.1583367
2017-04-01,0.1561505
2017-04-02,0.15417075
2017-04-03,0.158231075
2017-04-04,0.170101275
2017-04-05,0.1845221625
2017-04-06,0.1930441125
2017-04-07,0.1863003875
2017-04-08,0.181695525
2017-04-09,0.1778494625
2017-04-10,0.1742444125
2017-04-11,0.1709012375
2017-04-12,0.1677541125
2017-04-13,0.1648454375
2017-04-14,0.1621519625
2017-04-15,0.1596938125
2017-04-16,0.15872672499999999
2017-04-17,0.1561846
2017-04-18,0.1537451
2017-04-19,0.1632502
2017-04-20,0.1935772
2017-04-21,0.2077225
2017-04-22,0.2219871
2017-04-23,0.2553215
2017-04-24,0.25739123750000004
2017-04-25,0.2575696
2017-04-26,0.2493571125
2017-04-27,0.243554775
2017-04-28,0.238722075
2017-04-29,0.234500425
2017-04-30,0.2305057375
2017-05-01,0.22730923749999998
2017-05-02,0.2249326875
2017-05-03,0.2208217
2017-05-04,0.21619735
2017-05-05,0.21169973749999998
2017-05-06,0.2082759375
2017-05-07,0.2051333875
2017-05-08,0.201283475
2017-05-09,0.2021958625
2017-05-10,0.2150740625
2017-05-11,0.2088570375
2017-05-12,0.20328237500000002
2017-05-13,0.198259025
2017-05-14,0.1942112625
2017-05-15,0.1968377375
2017-05-16,0.2023179375
2017-05-17,0.2062377875
2017-05-18,0.2049512
2017-05-19,0.20015141250000001
2017-05-20,0.1969753625
2017-05-21,0.1936320375
2017-05-22,0.1903132625
2017-05-23,0.1870169875
2017-05-24,0.18354155
2017-05-25,0.1800063375
2017-05-26,0.1765406
2017-05-27,0.173681975
2017-05-28,0.177807525
2017-05-29,0.1822842375
2017-05-30,0.2199974875
2017-05-31,0.223515275
2017-06-01,0.242421575
2017-06-02,0.2611293625
2017-06-03,0.2544166625
2017-06-04,0.249279275
2017-06-05,0.255722075
2017-06-06,0.2590504125
2017-06-07,0.25258615
2017-06-08,0.25598299999999996
2017-06-09,0.2575757875
2017-06-10,0.2560581375
2017-06-11,0.2729090125
2017-06-12,0.3032895625
2017-06-13,0.31528748749999996
2017-06-14,0.3116775125
2017-06-15,0.3122757875
2017-06-16,0.31447835
2017-06-17,0.3143119125
2017-06-18,0.31627076249999997
2017-06-19,0.3343641375
2017-06-20,0.353357925
2017-06-21,0.35787375
2017-06-22,0.3604288875
2017-06-23,0.35641285
2017-06-24,0.3502788375
2017-06-25,0.3433313
2017-06-26,0.3368158375
2017-06-27,0.332279625
2017-06-28,0.327298325
2017-06-29,0.32309025
2017-06-30,0.32205025
2017-07-01,0.3281006375
2017-07-02,0.344608625
2017-07-03,0.3551825875
2017-07-04,0.3646114875
2017-07-05,0.3663221125
2017-07-06,0.36416947499999996
2017-07-07,0.3574555875
2017-07-08,0.35059945
2017-07-09,0.34821855
2017-07-10,0.35437785
2017-07-11,0.3587591375
2017-07-12,0.3615536
2017-07-13,0.3674023125
2017-07-14,0.36657636250000003
2017-07-15,0.3623560125
2017-07-16,0.35684855
2017-07-17,0.3591469625
2017-07-18,0.35884645
2017-07-19,0.377997325
2017-07-20,0.392593175
2017-07-21,0.398230825
2017-07-22,0.3978083125
2017-07-23,0.3986332
2017-07-24,0.40153845
2017-07-25,0.4051440625
2017-07-26,0.404905075
2017-07-27,0.4025296375
2017-07-28,0.398540575
2017-07-29,0.395969575
2017-07-30,0.3923725125
2017-07-31,0.3857019
2017-08-01,0.380000025
2017-08-02,0.3772631875
2017-08-03,0.375732475
2017-08-04,0.3729257125
2017-08-05,0.3724526875
2017-08-06,0.3751822
2017-08-07,0.3754181875
2017-08-08,0.3729773125
2017-08-09,0.36815010000000004
2017-08-10,0.3733044375
2017-08-11,0.37908365
2017-08-12,0.3888142125
2017-08-13,0.3951088
2017-08-14,0.393582575
2017-08-15,0.39310965
2017-08-16,0.3963607875
2017-08-17,0.3945694625
2017-08-18,0.3900546375
2017-08-19,0.3853119875
2017-08-20,0.3801155625
2017-08-21,0.3772863625
2017-08-22,0.3804029375
2017-08-23,0.3797203875
2017-08-24,0.37872079999999997
2017-08-25,0.3744532375
2017-08-26,0.37503295
2017-08-27,0.372394175
2017-08-28,0.3663019
2017-08-29,0.3621797125
2017-08-30,0.35814311249999997
2017-08-31,0.36260254999999997
2017-09-01,0.3731306875
2017-09-02,0.37683258750000004
2017-09-03,0.3735838375
2017-09-04,0.37262635
2017-09-05,0.37153785
2017-09-06,0.3684880875
2017-09-07,0.3651642875
2017-09-08,0.3654493
2017-09-09,0.3632623
2017-09-10,0.3647957375
2017-09-11,0.368970175
2017-09-12,0.375539975
2017-09-13,0.3737728625
2017-09-14,0.36927015
2017-09-15,0.363992525
2017-09-16,0.3588168
2017-09-17,0.36647162499999997
2017-09-18,0.37332715
2017-09-19,0.38405551250000003
2017-09-20,0.3870306
2017-09-21,0.3837950875
2017-09-22,0.378975175
2017-09-23,0.375842225
2017-09-24,0.372949075
2017-09-25,0.3745566
2017-09-26,0.3808706125
2017-09-27,0.38733555
2017-09-28,0.38693636249999996
2017-09-29,0.3881062
2017-09-30,0.389766075
2017-10-01,0.3877074875
2017-10-02,0.38212738749999997
2017-10-03,0.378421275
2017-10-04,0.3755726125
2017-10-05,0.37403815
2017-10-06,0.37226435
2017-10-07,0.3718856
2017-10-08,0.3726436375
2017-10-09,0.3726541
2017-10-10,0.3680380125
2017-10-11,0.3613592375
2017-10-12,0.35673385
2017-10-13,0.3509927375
2017-10-14,0.344473825
2017-10-15,0.34004931250000003
2017-10-16,0.3349297375
2017-10-17,0.3299664375
2017-10-18,0.33325705
2017-10-19,0.33921595
2017-10-20,0.358739725
2017-10-21,0.3886152
2017-10-22,0.39115988749999997
2017-10-23,0.3861434875
2017-10-24,0.38121309999999997
2017-10-25,0.3760478
2017-10-26,0.3701328875
2017-10-27,0.364138525
2017-10-28,0.35867024999999997
2017-10-29,0.356959975
2017-10-30,0.36467333749999997
2017-10-31,0.365146175
2017-11-01,0.3604244
2017-11-02,0.355259525
2017-11-03,0.3499577
2017-11-04,0.3450551
2017-11-05,0.3402824625
2017-11-06,0.3355058
2017-11-07,0.33079795
2017-11-08,0.3263734625
2017-11-09,0.3222344375
2017-11-10,0.3182934
2017-11-11,0.31457382500000003
2017-11-12,0.3113060125
2017-11-13,0.30842155
2017-11-14,0.305484425
2017-11-15,0.3053610625
2017-11-16,0.3056374375
2017-11-17,0.305325675
2017-11-18,0.302408675
2017-11-19,0.2993050625
2017-11-20,0.2962468875
2017-11-21,0.2937729625
2017-11-22,0.2909294625
2017-11-23,0.288557825
2017-11-24,0.2863751375
2017-11-25,0.2843332
2017-11-26,0.28233945
2017-11-27,0.280478975
2017-11-28,0.279014375
2017-11-29,0.2774113
2017-11-30,0.2752853625
2017-12-01,0.27314345
2017-12-02,0.2708471
2017-12-03,0.2684677
2017-12-04,0.266240025
2017-12-05,0.2642315375
2017-12-06,0.2622990375
2017-12-07,0.261147425
2017-12-08,0.27042265
2017-12-09,0.284884575
2017-12-10,0.2905041
2017-12-11,0.28884340000000003
2017-12-12,0.286036725
2017-12-13,0.283755775
2017-12-14,0.2818903375
2017-12-15,0.2799446875
2017-12-16,0.2778154375
2017-12-17,0.2760379375
2017-12-18,0.2743337875
2017-12-19,0.272631775
2017-12-20,0.2709249
2017-12-21,0.2691082875
2017-12-22,0.267495125
2017-12-23,0.26597865
2017-12-24,0.26427635
2017-12-25,0.2625782125
2017-12-26,0.26095375
2017-12-27,0.25922270000000003
2017-12-28,0.257326925
2017-12-29,0.255429375
2017-12-30,0.2533921875
2017-12-31,0.2514179125
2018-01-01,0.25084178749999997
2018-01-02,0.2516042625
2018-01-03,0.24982855
2018-01-04,0.2477512625
2018-01-05,0.2461770625
2018-01-06,0.2445333375
2018-01-07,0.2426840875
2018-01-08,0.2407863
2018-01-09,0.2392580375
2018-01-10,0.237953025
2018-01-11,0.23689775
2018-01-12,0.2361952375
2018-01-13,0.2355372125
2018-01-14,0.23490578750000002
2018-01-15,0.23385221250000002
2018-01-16,0.2325386
2018-01-17,0.231083175
2018-01-18,0.22961805
2018-01-19,0.227819075
2018-01-20,0.2260956375
2018-01-21,0.224302825
2018-01-22,0.2227411125
2018-01-23,0.2214562
2018-01-24,0.2200759375
2018-01-25,0.218712775
2018-01-26,0.2166407625
2018-01-27,0.2149885375
2018-01-28,0.2131528
2018-01-29,0.2113995
2018-01-30,0.20981755
2018-01-31,0.208209775
2018-02-01,0.2066988125
2018-02-02,0.2054876875
2018-02-03,0.20425171250000002
2018-02-04,0.202647625
2018-02-05,0.2008528375
2018-02-06,0.1989446125
2018-02-07,0.1970264875
2018-02-08,0.1963035125
2018-02-09,0.19508365
2018-02-10,0.1934416
2018-02-11,0.191626675
2018-02-12,0.188870975
2018-02-13,0.186402975
2018-02-14,0.1840923875
2018-02-15,0.1817848375
2018-02-16,0.17943138749999998
2018-02-17,0.177449675
2018-02-18,0.17575525
2018-02-19,0.1739940625
2018-02-20,0.1723072375
2018-02-21,0.1708340875
2018-02-22,0.1692920625
2018-02-23,0.1676561125
2018-02-24,0.16590892499999998
2018-02-25,0.1640138875
2018-02-26,0.16292766250000001
2018-02-27,0.1612612375
2018-02-28,0.1595247
2018-03-01,0.15787815
2018-03-02,0.1563752
2018-03-03,0.15466570000000002
2018-03-04,0.153024525
2018-03-05,0.1514891375
2018-03-06,0.1499824
2018-03-07,0.1482374625
2018-03-08,0.1460662375
2018-03-09,0.14434605
2018-03-10,0.1428626
2018-03-11,0.141457675
2018-03-12,0.13997779999999999
2018-03-13,0.1386455125
2018-03-14,0.1373537625
2018-03-15,0.13609855
2018-03-16,0.13812435
2018-03-17,0.1397178125
2018-03-18,0.1377940125
2018-03-19,0.136022425
2018-03-20,0.1342858625
2018-03-21,0.132610075
2018-03-22,0.1312310625
2018-03-23,0.1303049125
2018-03-24,0.1293426
2018-03-25,0.12830535
2018-03-26,0.127284725
2018-03-27,0.1263398
2018-03-28,0.12548265
2018-03-29,0.1245251625
2018-03-30,0.1239481125
2018-03-31,0.125081925
2018-04-01,0.1258377375
2018-04-02,0.12500165
2018-04-03,0.124318975
2018-04-04,0.1229396875
2018-04-05,0.12199378749999999
2018-04-06,0.12244268750000001
2018-04-07,0.1256858625
2018-04-08,0.125682225
2018-04-09,0.1256847125
2018-04-10,0.1244650625
2018-04-11,0.1266764125
2018-04-12,0.1363031625
2018-04-13,0.1329988
2018-04-14,0.1337957
2018-04-15,0.1389981125
2018-04-16,0.1355460375
2018-04-17,0.1384417
2018-04-18,0.1526799375
2018-04-19,0.152486925
2018-04-20,0.1496795875
2018-04-21,0.1479762625
2018-04-22,0.1503987625
2018-04-23,0.154035575
2018-04-24,0.150409675
2018-04-25,0.1475316625
2018-04-26,0.146028125
2018-04-27,0.14695325
2018-04-28,0.1445372125
2018-04-29,0.150846825
2018-04-30,0.1794381125
2018-05-01,0.1966394
2018-05-02,0.19022820000000001
2018-05-03,0.1881327625
2018-05-04,0.1883957
2018-05-05,0.1972227875
2018-05-06,0.21211475
2018-05-07,0.2105330375
2018-05-08,0.21385175
2018-05-09,0.2073333125
2018-05-10,0.21184225
2018-05-11,0.2200151
2018-05-12,0.223604625
2018-05-13,0.21845475
2018-05-14,0.2194960375
2018-05-15,0.21809335
2018-05-16,0.2192817625
2018-05-17,0.219760325
2018-05-18,0.2211837875
2018-05-19,0.2350742125
2018-05-20,0.234008525
2018-05-21,0.2344127875
2018-05-22,0.2446015375
2018-05-23,0.241814575
2018-05-24,0.2476833
2018-05-25,0.244733875
2018-05-26,0.23983042499999999
2018-05-27,0.2351003875
2018-05-28,0.23052757499999998
2018-05-29,0.2291621625
2018-05-30,0.2306179375
2018-05-31,0.246429725
2018-06-01,0.25584463749999997
2018-06-02,0.2586832
2018-06-03,0.2560416625
2018-06-04,0.2560363125
2018-06-05,0.2753610125
2018-06-06,0.2702557125
2018-06-07,0.26626079999999996
2018-06-08,0.266796475
2018-06-09,0.2730541625
2018-06-10,0.2904527125
2018-06-11,0.323141325
2018-06-12,0.3475202125
2018-06-13,0.3503632125
2018-06-14,0.3479596875
2018-06-15,0.3497721875
2018-06-16,0.3546795375
2018-06-17,0.351835075
2018-06-18,0.3457527125
2018-06-19,0.3423705
2018-06-20,0.342019475
2018-06-21,0.3398866125
2018-06-22,0.33664805
2018-06-23,0.347261325
2018-06-24,0.35504835
2018-06-25,0.3685812125
2018-06-26,0.36783177499999997
2018-06-27,0.36280375
2018-06-28,0.35623581249999997
2018-06-29,0.350839225
2018-06-30,0.3465559125
2018-07-01,0.3444311625
2018-07-02,0.349943825
2018-07-03,0.3673766375
2018-07-04,0.3837255875
2018-07-05,0.38611371250000004
2018-07-06,0.380498375
2018-07-07,0.37692725
2018-07-08,0.370866575
2018-07-09,0.3659672625
2018-07-10,0.36104565
2018-07-11,0.3601857125
2018-07-12,0.3574310875
2018-07-13,0.3527358125
2018-07-14,0.3515164
2018-07-15,0.347838125
2018-07-16,0.34629468750000003
2018-07-17,0.3440207625
2018-07-18,0.3415809125
2018-07-19,0.3351675375
2018-07-20,0.3311846375
2018-07-21,0.33193670000000003
2018-07-22,0.33482135
2018-07-23,0.342958225
2018-07-24,0.3647026625
2018-07-25,0.3791067625
2018-07-26,0.38552435
2018-07-27,0.38778425
2018-07-28,0.3902872375
2018-07-29,0.388756525
2018-07-30,0.384685575
2018-07-31,0.3807973375
2018-08-01,0.380484275
2018-08-02,0.3796942
2018-08-03,0.37755095
2018-08-04,0.374016725
2018-08-05,0.37177535
2018-08-06,0.372142125
2018-08-07,0.3675081625
2018-08-08,0.359498425
2018-08-09,0.3539657
2018-08-10,0.3486009
2018-08-11,0.342556325
2018-08-12,0.3381055
2018-08-13,0.3325241
2018-08-14,0.331054575
2018-08-15,0.3321683125
2018-08-16,0.3273926625
2018-08-17,0.3263234
2018-08-18,0.32947886249999997
2018-08-19,0.3307611625
2018-08-20,0.331981325
2018-08-21,0.3370073125
2018-08-22,0.3390924875
2018-08-23,0.337819225
2018-08-24,0.3432904
2018-08-25,0.3436654125
2018-08-26,0.3385806125
2018-08-27,0.3351244
2018-08-28,0.3311700375
2018-08-29,0.3266581875
2018-08-30,0.3265163375
2018-08-31,0.3225422
2018-09-01,0.32199315
2018-09-02,0.323358975
2018-09-03,0.32367815
2018-09-04,0.3236887
2018-09-05,0.31966646249999997
2018-09-06,0.31646762500000003
2018-09-07,0.312585325
2018-09-08,0.30796863750000003
2018-09-09,0.30595175
2018-09-10,0.3053071625
2018-09-11,0.30472330000000003
2018-09-12,0.310806075
2018-09-13,0.3141358
2018-09-14,0.3115516875
2018-09-15,0.3106016875
2018-09-16,0.31018225
2018-09-17,0.304966125
2018-09-18,0.3013996625
2018-09-19,0.30162075
2018-09-20,0.3014951
2018-09-21,0.3016007
2018-09-22,0.29710967499999996
2018-09-23,0.2946118125
2018-09-24,0.2949349625
2018-09-25,0.2940202875
2018-09-26,0.2913312
2018-09-27,0.2883635875
2018-09-28,0.28607405
2018-09-29,0.283246225
2018-09-30,0.2794594
2018-10-01,0.275521425
2018-10-02,0.2712221625
2018-10-03,0.267733075
2018-10-04,0.2646202375
2018-10-05,0.26161015
2018-10-06,0.2584271625
2018-10-07,0.2552278
2018-10-08,0.25191475
2018-10-09,0.2540505125
2018-10-10,0.260816325
2018-10-11,0.28334365
2018-10-12,0.286936075
2018-10-13,0.2956938125
2018-10-14,0.29251855
2018-10-15,0.28756755
2018-10-16,0.28334282499999996
2018-10-17,0.279803475
2018-10-18,0.2766667625
2018-10-19,0.273521425
2018-10-20,0.270549225
2018-10-21,0.2673812125
2018-10-22,0.2644240875
2018-10-23,0.261434325
2018-10-24,0.25834881249999997
2018-10-25,0.2552470125
2018-10-26,0.252161625
2018-10-27,0.249277125
2018-10-28,0.2512814
2018-10-29,0.2561208375
2018-10-30,0.2618359875
2018-10-31,0.2631367875
2018-11-01,0.2586118125
2018-11-02,0.2547474875
2018-11-03,0.2516727125
2018-11-04,0.2487245125
2018-11-05,0.246170475
2018-11-06,0.2438534625
2018-11-07,0.241607875
2018-11-08,0.2388566375
2018-11-09,0.23629316250000001
2018-11-10,0.2340027125
2018-11-11,0.2315663125
2018-11-12,0.22935331250000002
2018-11-13,0.2272869625
2018-11-14,0.225210475
2018-11-15,0.22355915
2018-11-16,0.2215351625
2018-11-17,0.2195832625
2018-11-18,0.2178686125
2018-11-19,0.21573745
2018-11-20,0.2141567
2018-11-21,0.2124631375
2018-11-22,0.21063252500000001
2018-11-23,0.2087608
2018-11-24,0.20686615
2018-11-25,0.204809475
2018-11-26,0.2027426
2018-11-27,0.2006619625
2018-11-28,0.198619
2018-11-29,0.196681075
2018-11-30,0.194854975
2018-12-01,0.193386975
2018-12-02,0.191868325
2018-12-03,0.190268025
2018-12-04,0.188566275
2018-12-05,0.18705315
2018-12-06,0.1865434125
2018-12-07,0.185652025
2018-12-08,0.1840837625
2018-12-09,0.1825436875
2018-12-10,0.1809735125
2018-12-11,0.17954752499999999
2018-12-12,0.1783517875
2018-12-13,0.1769445375
2018-12-14,0.1755417875
2018-12-15,0.1744048125
2018-12-16,0.1743502125
2018-12-17,0.1787043875
2018-12-18,0.178363675
2018-12-19,0.1768449375
2018-12-20,0.175069725
2018-12-21,0.17362745000000002
2018-12-22,0.1721832625
2018-12-23,0.170777025
2018-12-24,0.16963467499999998
2018-12-25,0.1687859375
2018-12-26,0.1677652625
2018-12-27,0.1667516125
2018-12-28,0.1656764625
2018-12-29,0.1645589125
2018-12-30,0.16350604999999999
2018-12-31,0.1624658125
2019-01-01,0.16131815
2019-01-02,0.1601211625
2019-01-03,0.15905977500000001
2019-01-04,0.158130825
2019-01-05,0.1571134625
2019-01-06,0.155999075
2019-01-07,0.1549945
2019-01-08,0.15408195
2019-01-09,0.153280825
2019-01-10,0.15248495
2019-01-11,0.1516493125
2019-01-12,0.1507741875
2019-01-13,0.1498222125
2019-01-14,0.148983425
2019-01-15,0.1483176875
2019-01-16,0.14753725
2019-01-17,0.1468078
2019-01-18,0.14615455
2019-01-19,0.1455053625
2019-01-20,0.14492685
2019-01-21,0.1441955875
2019-01-22,0.1433137625
2019-01-23,0.142398375
2019-01-24,0.141437
2019-01-25,0.1405764125
2019-01-26,0.1396356125
2019-01-27,0.1389144625
2019-01-28,0.1383661
2019-01-29,0.13805765
2019-01-30,0.137102325
2019-01-31,0.1362781375
2019-02-01,0.13537375000000001
2019-02-02,0.1343859125
2019-02-03,0.1334961
2019-02-04,0.132507775
2019-02-05,0.1315459
2019-02-06,0.130799825
2019-02-07,0.13018403750000002
2019-02-08,0.1294153625
2019-02-09,0.1285314125
2019-02-10,0.12786965
2019-02-11,0.1269661875
2019-02-12,0.1260859125
2019-02-13,0.125245525
2019-02-14,0.12445126249999999
2019-02-15,0.1236350375
2019-02-16,0.12356535
2019-02-17,0.124437425
2019-02-18,0.1245869
2019-02-19,0.1237638125
2019-02-20,0.1233071375
2019-02-21,0.1225522375
2019-02-22,0.121711525
2019-02-23,0.1209492125
2019-02-24,0.120217425
2019-02-25,0.12712945
2019-02-26,0.1546709875
2019-02-27,0.1623000875
2019-02-28,0.1644802125
2019-03-01,0.16095785
2019-03-02,0.156648125
2019-03-03,0.1541011
2019-03-04,0.1522897875
2019-03-05,0.155877275
2019-03-06,0.15843065
2019-03-07,0.1559425875
2019-03-08,0.1534398375
2019-03-09,0.1512223375
2019-03-10,0.149549425
2019-03-11,0.1479770375
2019-03-12,0.146728575
2019-03-13,0.145412925
2019-03-14,0.1436879875
2019-03-15,0.1419629375
2019-03-16,0.1409646625
2019-03-17,0.14009169999999999
2019-03-18,0.14029250000000001
2019-03-19,0.13877305
2019-03-20,0.137124225
2019-03-21,0.13604583750000002
2019-03-22,0.136016625
2019-03-23,0.1356837125
2019-03-24,0.1337856875
2019-03-25,0.131934275
2019-03-26,0.1304550375
2019-03-27,0.1292010375
2019-03-28,0.12805650000000002
2019-03-29,0.126836
2019-03-30,0.1257088
2019-03-31,0.1309030125
2019-04-01,0.147242175
2019-04-02,0.15193908750000001
2019-04-03,0.1571890375
2019-04-04,0.15875435
2019-04-05,0.1544255
2019-04-06,0.157530375
2019-04-07,0.16162300000000002
2019-04-08,0.16040741249999999
2019-04-09,0.164443275
2019-04-10,0.172375575
2019-04-11,0.1717488375
2019-04-12,0.171552425
2019-04-13,0.169929325
2019-04-14,0.1774499
2019-04-15,0.172025125
2019-04-16,0.1681491375
2019-04-17,0.16484405
2019-04-18,0.1616638375
2019-04-19,0.158864175
2019-04-20,0.156250475
2019-04-21,0.15392796250000002
2019-04-22,0.1524031
2019-04-23,0.150243175
2019-04-24,0.14813765
2019-04-25,0.14612429999999998
2019-04-26,0.144083275
2019-04-27,0.1423007875
2019-04-28,0.14068185
2019-04-29,0.1389977375
2019-04-30,0.13745912500000002
2019-05-01,0.136107975
2019-05-02,0.135041
2019-05-03,0.14519645
2019-05-04,0.181230725
2019-05-05,0.175112075
2019-05-06,0.168536175
2019-05-07,0.1641486125
2019-05-08,0.160703575
2019-05-09,0.1580173
2019-05-10,0.155739025
2019-05-11,0.1536738
2019-05-12,0.1517076375
2019-05-13,0.155955475
2019-05-14,0.17086846249999998
2019-05-15,0.16773825
2019-05-16,0.1657177125
2019-05-17,0.16244
2019-05-18,0.1594388
2019-05-19,0.15697765
2019-05-20,0.1547152875
2019-05-21,0.1522926125
2019-05-22,0.1536439625
2019-05-23,0.1640504625
2019-05-24,0.165132175
2019-05-25,0.1861236125
2019-05-26,0.1804677875
2019-05-27,0.175384875
2019-05-28,0.171243075
2019-05-29,0.1678024375
2019-05-30,0.1648951375
2019-05-31,0.1629464125
2019-06-01,0.16310155
2019-06-02,0.164746
2019-06-03,0.171601625
2019-06-04,0.1801536125
2019-06-05,0.18559696250000002
2019-06-06,0.1844587625
2019-06-07,0.18537075
2019-06-08,0.18776666250000001
2019-06-09,0.1927018875
2019-06-10,0.1933939
2019-06-11,0.1881445
2019-06-12,0.183791125
2019-06-13,0.18683492499999999
2019-06-14,0.202877025
2019-06-15,0.216303925
2019-06-16,0.2327556125
2019-06-17,0.224820775
2019-06-18,0.2250079625
2019-06-19,0.2253649625
2019-06-20,0.2244557375
2019-06-21,0.225043325
2019-06-22,0.2207219
2019-06-23,0.2162974
2019-06-24,0.21188875
2019-06-25,0.2086654125
2019-06-26,0.20733385
2019-06-27,0.207670025
2019-06-28,0.2098105875
2019-06-29,0.2119797375
2019-06-30,0.20921286249999999
2019-07-01,0.208347625
2019-07-02,0.211133075
2019-07-03,0.2141692625
2019-07-04,0.2163596625
2019-07-05,0.215813475
2019-07-06,0.22401817499999999
2019-07-07,0.243827225
2019-07-08,0.2675535625
2019-07-09,0.298640075
2019-07-10,0.3052006875
2019-07-11,0.3202409375
2019-07-12,0.3353995875
2019-07-13,0.3452099375
2019-07-14,0.3588705375
2019-07-15,0.3611388
2019-07-16,0.3554128625
2019-07-17,0.3516564
2019-07-18,0.3632083
2019-07-19,0.3661321875
2019-07-20,0.359670925
2019-07-21,0.3523053
2019-07-22,0.34669815
2019-07-23,0.3467018125
2019-07-24,0.3432879
2019-07-25,0.34940015
2019-07-26,0.36028286249999997
2019-07-27,0.3606643125
2019-07-28,0.3557793375
2019-07-29,0.34992711249999997
2019-07-30,0.3520625875
2019-07-31,0.35519975
2019-08-01,0.3509792125
2019-08-02,0.3452653375
2019-08-03,0.3411115875
2019-08-04,0.3369764125
2019-08-05,0.3423890875
2019-08-06,0.3425864375
2019-08-07,0.3398335625
2019-08-08,0.3402415875
2019-08-09,0.34152845
2019-08-10,0.33887395
2019-08-11,0.336335475
2019-08-12,0.342666625
2019-08-13,0.349619325
2019-08-14,0.3621784625
2019-08-15,0.3646444125
2019-08-16,0.3669247375
2019-08-17,0.36609
2019-08-18,0.3604126875
2019-08-19,0.3540453375
2019-08-20,0.34770275
2019-08-21,0.3412108
2019-08-22,0.3381415
2019-08-23,0.3391776375
2019-08-24,0.3422544375
2019-08-25,0.342294725
2019-08-26,0.3387115125
2019-08-27,0.3329579125
2019-08-28,0.3279925625
2019-08-29,0.3238257375
2019-08-30,0.3195927375
2019-08-31,0.3240436125
2019-09-01,0.332392975
2019-09-02,0.3307493
2019-09-03,0.3280524625
2019-09-04,0.3240089625
2019-09-05,0.3205766375
2019-09-06,0.31638175
2019-09-07,0.315129225
2019-09-08,0.3237853125
2019-09-09,0.328059675
2019-09-10,0.328353625
2019-09-11,0.3274014
2019-09-12,0.3371475625
2019-09-13,0.34131055
2019-09-14,0.33810467499999997
2019-09-15,0.3327624875
2019-09-16,0.32783455
2019-09-17,0.32260195
2019-09-18,0.317012275
2019-09-19,0.3123052125
2019-09-20,0.3089394625
2019-09-21,0.30769718749999997
2019-09-22,0.3060123
2019-09-23,0.304917425
2019-09-24,0.3098889625
2019-09-25,0.3178196
2019-09-26,0.32086939999999997
2019-09-27,0.318243725
2019-09-28,0.3174433
2019-09-29,0.3192834875
2019-09-30,0.325976475
2019-10-01,0.334550025
2019-10-02,0.3357147625
2019-10-03,0.3320709375
2019-10-04,0.3276512625
2019-10-05,0.3234921375
2019-10-06,0.32400235
2019-10-07,0.3234568125
2019-10-08,0.320350325
2019-10-09,0.3178732375
2019-10-10,0.3259161
2019-10-11,0.332064725
2019-10-12,0.327159325
2019-10-13,0.321485225
2019-10-14,0.31653180000000003
2019-10-15,0.3123911375
2019-10-16,0.3102250875
2019-10-17,0.307078525
2019-10-18,0.3026301375
2019-10-19,0.2986234875
2019-10-20,0.2945929375
2019-10-21,0.2912782375
2019-10-22,0.288416475
2019-10-23,0.28619735
2019-10-24,0.28527980000000003
2019-10-25,0.2914270625
2019-10-26,0.30212816249999996
2019-10-27,0.2993715125
2019-10-28,0.2950019125
2019-10-29,0.2913746
2019-10-30,0.2880109875
2019-10-31,0.284852525
2019-11-01,0.2817611875
2019-11-02,0.2787963
2019-11-03,0.275729475
2019-11-04,0.2728425
2019-11-05,0.269880975
2019-11-06,0.2676246625
2019-11-07,0.2659143625
2019-11-08,0.2748047
2019-11-09,0.287141925
2019-11-10,0.308570525
2019-11-11,0.3102390125
2019-11-12,0.30524665
2019-11-13,0.301452725
2019-11-14,0.2978909
2019-11-15,0.29448985
2019-11-16,0.29171423750000003
2019-11-17,0.2891661875
2019-11-18,0.2868908625
2019-11-19,0.2845799625
2019-11-20,0.2823635875
2019-11-21,0.2802048875
2019-11-22,0.2784327
2019-11-23,0.2761263625
2019-11-24,0.2738581375
2019-11-25,0.2714638625
2019-11-26,0.269050175
2019-11-27,0.26674385
2019-11-28,0.2643869875
2019-11-29,0.2621491375
2019-11-30,0.2599824375
2019-12-01,0.2581313375
2019-12-02,0.25633246249999997
2019-12-03,0.2542914375
2019-12-04,0.2523268625
2019-12-05,0.250245725
2019-12-06,0.2479853
2019-12-07,0.2456256625
2019-12-08,0.2435523125
2019-12-09,0.24201085
2019-12-10,0.2405585875
2019-12-11,0.2389051375
2019-12-12,0.2372329125
2019-12-13,0.235658125
2019-12-14,0.234229825
2019-12-15,0.2325683875
2019-12-16,0.230930675
2019-12-17,0.229116625
2019-12-18,0.227550975
2019-12-19,0.2260712875
2019-12-20,0.2247830625
2019-12-21,0.2238812
2019-12-22,0.2238483375
2019-12-23,0.2224730375
2019-12-24,0.220727775
2019-12-25,0.2190303375
2019-12-26,0.21770243749999998
2019-12-27,0.2188264
2019-12-28,0.21789777500000002
2019-12-29,0.2161413875
2019-12-30,0.2148783125
2019-12-31,0.2134050625
2020-01-01,0.21172605
2020-01-02,0.210374375
2020-01-03,0.2279295
2020-01-04,0.2376694875
2020-01-05,0.2338360125
2020-01-06,0.2305545875
2020-01-07,0.228160725
2020-01-08,0.22624005
2020-01-09,0.224824
2020-01-10,0.223897825
2020-01-11,0.2222279125
2020-01-12,0.2206466375
2020-01-13,0.21939229999999998
2020-01-14,0.2181628875
2020-01-15,0.2164665
2020-01-16,0.2146394375
2020-01-17,0.21264745
2020-01-18,0.21065355
2020-01-19,0.2088927625
2020-01-20,0.2075149375
2020-01-21,0.2057249
2020-01-22,0.203769425
2020-01-23,0.2021612125
2020-01-24,0.20054045
2020-01-25,0.1989341875
2020-01-26,0.19759917500000002
2020-01-27,0.1963656375
2020-01-28,0.1952546625
2020-01-29,0.1943463
2020-01-30,0.1944821
2020-01-31,0.1934568375
2020-02-01,0.1918087375
2020-02-02,0.1899131125
2020-02-03,0.18782028750000002
2020-02-04,0.1858789
2020-02-05,0.1841130375
2020-02-06,0.18220078750000002
2020-02-07,0.18034155
2020-02-08,0.17912365
2020-02-09,0.1783613875
2020-02-10,0.1767810625
2020-02-11,0.174909775
2020-02-12,0.1731152
2020-02-13,0.17141243750000001
2020-02-14,0.1700198875
2020-02-15,0.1686373625
2020-02-16,0.1674298
2020-02-17,0.1657774625
2020-02-18,0.164180775
2020-02-19,0.1627652875
2020-02-20,0.1615552625
2020-02-21,0.160091625
2020-02-22,0.1586036375
2020-02-23,0.1569652625
2020-02-24,0.1556229875
2020-02-25,0.15492025
2020-02-26,0.1563894625
2020-02-27,0.1558095125
2020-02-28,0.1540611375
2020-02-29,0.1523877875
2020-03-01,0.15074666250000002
2020-03-02,0.1492942125
2020-03-03,0.14894475000000001
2020-03-04,0.150860875
2020-03-05,0.1490981875
2020-03-06,0.1485280875
2020-03-07,0.148185775
2020-03-08,0.148289075
2020-03-09,0.14622593750000001
2020-03-10,0.144188475
2020-03-11,0.1424875
2020-03-12,0.1410542625
2020-03-13,0.1395374
2020-03-14,0.1378240625
2020-03-15,0.1362702875
2020-03-16,0.1350848875
2020-03-17,0.1342535
2020-03-18,0.1329725375
2020-03-19,0.13175825
2020-03-20,0.13089285
2020-03-21,0.1297219
2020-03-22,0.1289595875
2020-03-23,0.1280195375
2020-03-24,0.1269446125
2020-03-25,0.1258323
2020-03-26,0.1249161875
2020-03-27,0.123939025
2020-03-28,0.122869475
2020-03-29,0.121671375
2020-03-30,0.12050203749999999
2020-03-31,0.1194427625
2020-04-01,0.1182869875
2020-04-02,0.11840235
2020-04-03,0.119014575
2020-04-04,0.1185934125
2020-04-05,0.11784017499999999
2020-04-06,0.11711735
2020-04-07,0.1161259
2020-04-08,0.1163227625
2020-04-09,0.1161682
2020-04-10,0.1151678875
2020-04-11,0.1141583375
2020-04-12,0.1132008625
2020-04-13,0.1123361375
2020-04-14,0.1116530875
2020-04-15,0.11204265
2020-04-16,0.1126212625
2020-04-17,0.11265863749999999
2020-04-18,0.123427375
2020-04-19,0.1334979375
2020-04-20,0.137639375
2020-04-21,0.1458791875
2020-04-22,0.150518825
2020-04-23,0.156610325
2020-04-24,0.1709571125
2020-04-25,0.17972965
2020-04-26,0.184622825
2020-04-27,0.1839231375
2020-04-28,0.18627978750000002
2020-04-29,0.187610225
2020-04-30,0.1897027125
2020-05-01,0.19284489999999999
2020-05-02,0.1946721625
2020-05-03,0.1965390875
2020-05-04,0.193026175
2020-05-05,0.188980175
2020-05-06,0.18765779999999999
2020-05-07,0.1872204125
2020-05-08,0.1846492875
2020-05-09,0.180713125
2020-05-10,0.176938125
2020-05-11,0.1738632
2020-05-12,0.1712402
2020-05-13,0.17183038750000001
2020-05-14,0.17183177500000002
2020-05-15,0.1712498875
2020-05-16,0.17008995
2020-05-17,0.16680205
2020-05-18,0.1640239
2020-05-19,0.1681899625
2020-05-20,0.2043851125
2020-05-21,0.20221955
2020-05-22,0.196410825
2020-05-23,0.1916177875
2020-05-24,0.1874074125
2020-05-25,0.1849831625
2020-05-26,0.1832281375
2020-05-27,0.193934925
2020-05-28,0.2157898375
2020-05-29,0.2209269875
2020-05-30,0.22835339999999998
2020-05-31,0.22499583750000002
2020-06-01,0.2238865375
2020-06-02,0.2257236
2020-06-03,0.2265454375
2020-06-04,0.2315435125
2020-06-05,0.23410595
2020-06-06,0.23738486250000002
2020-06-07,0.238543025
2020-06-08,0.23688638750000002
2020-06-09,0.23705603749999998
2020-06-10,0.2451712375
2020-06-11,0.25491885000000003
2020-06-12,0.2664127625
2020-06-13,0.27539455
2020-06-14,0.2786377375
2020-06-15,0.27488505
2020-06-16,0.28021426250000003
2020-06-17,0.295041625
2020-06-18,0.3093276875
2020-06-19,0.314932375
2020-06-20,0.312329925
2020-06-21,0.312511675
2020-06-22,0.3111038875
2020-06-23,0.31447362500000003
2020-06-24,0.31169945
2020-06-25,0.30885935
2020-06-26,0.3060040625
2020-06-27,0.3174166875
2020-06-28,0.3231299625
2020-06-29,0.3226412875
2020-06-30,0.318356875
2020-07-01,0.31376145
2020-07-02,0.311859825
2020-07-03,0.3093061375
2020-07-04,0.3078612125
2020-07-05,0.3142401
2020-07-06,0.3182106
2020-07-07,0.3161251625
2020-07-08,0.32391963749999997
2020-07-09,0.3274912125
2020-07-10,0.32773135
2020-07-11,0.3397126625
2020-07-12,0.3601305125
2020-07-13,0.373280025
2020-07-14,0.3747574375
2020-07-15,0.3715175
2020-07-16,0.3648642875
2020-07-17,0.358395725
2020-07-18,0.3560294125
2020-07-19,0.359003625
2020-07-20,0.36552626250000003
2020-07-21,0.3722574625
2020-07-22,0.37919651249999997
2020-07-23,0.385397625
2020-07-24,0.38625977499999997
2020-07-25,0.380070475
2020-07-26,0.3738647
2020-07-27,0.370392
2020-07-28,0.3729106625
2020-07-29,0.3722303625
2020-07-30,0.367841675
2020-07-31,0.3644220125
2020-08-01,0.3631144375
2020-08-02,0.3607318125
2020-08-03,0.36100462499999997
2020-08-04,0.3649679125
2020-08-05,0.3637061875
2020-08-06,0.363670475
2020-08-07,0.367989775
2020-08-08,0.3655225625
2020-08-09,0.3602472375
2020-08-10,0.3537735625
2020-08-11,0.353125275
2020-08-12,0.35111215
2020-08-13,0.3453612875
2020-08-14,0.3395691375
2020-08-15,0.3427921
2020-08-16,0.3497052
2020-08-17,0.3606052
2020-08-18,0.3635320875
2020-08-19,0.3709603
2020-08-20,0.38278840000000003
2020-08-21,0.389405275
2020-08-22,0.3978647125
2020-08-23,0.399678075
2020-08-24,0.3977005375
2020-08-25,0.395165425
2020-08-26,0.39208868750000003
2020-08-27,0.3896463875
2020-08-28,0.384436225
2020-08-29,0.3786111875
2020-08-30,0.37283635
2020-08-31,0.37151685
2020-09-01,0.375303975
2020-09-02,0.3726092625
2020-09-03,0.3657867875
2020-09-04,0.35856767500000003
2020-09-05,0.352163925
2020-09-06,0.3460436625
2020-09-07,0.340262325
2020-09-08,0.335019325
2020-09-09,0.33480425
2020-09-10,0.3358935375
2020-09-11,0.33338958750000003
2020-09-12,0.33234851249999997
2020-09-13,0.3302896375
2020-09-14,0.3287760875
2020-09-15,0.337940675
2020-09-16,0.33940025
2020-09-17,0.3364774125
2020-09-18,0.331639175
2020-09-19,0.3287657
2020-09-20,0.3290400875
2020-09-21,0.3350357875
2020-09-22,0.3447746625
2020-09-23,0.3590032625
2020-09-24,0.3728175125
2020-09-25,0.38225565
2020-09-26,0.3850180375
2020-09-27,0.385617175
2020-09-28,0.381611025
2020-09-29,0.379234575
2020-09-30,0.37809495
2020-10-01,0.375158
2020-10-02,0.37034865
2020-10-03,0.365569975
2020-10-04,0.36221145
2020-10-05,0.3606232125
2020-10-06,0.36226675
2020-10-07,0.3595758375
2020-10-08,0.3547359875
2020-10-09,0.3499627375
2020-10-10,0.3455883375
2020-10-11,0.3410126625
2020-10-12,0.3369118375
2020-10-13,0.333166325
2020-10-14,0.3284100625
2020-10-15,0.32372663749999997
2020-10-16,0.319135925
2020-10-17,0.3163717875
2020-10-18,0.3273842
2020-10-19,0.328031075
2020-10-20,0.327068825
2020-10-21,0.3260370875
2020-10-22,0.353475225
2020-10-23,0.38329155
2020-10-24,0.3915228375
2020-10-25,0.388719425
2020-10-26,0.3844885875
2020-10-27,0.3795534125
2020-10-28,0.374283
2020-10-29,0.3690070125
2020-10-30,0.3672357625
2020-10-31,0.384091125
2020-11-01,0.3836132875
2020-11-02,0.38435888749999997
2020-11-03,0.38225835
2020-11-04,0.3798519125
2020-11-05,0.3762826875
2020-11-06,0.371305725
2020-11-07,0.3663304125
2020-11-08,0.36139014999999997
2020-11-09,0.356418975
2020-11-10,0.3512117125
2020-11-11,0.3460542125
2020-11-12,0.34152905
2020-11-13,0.33718231249999997
2020-11-14,0.3327070875
2020-11-15,0.3284980125
2020-11-16,0.32492231250000003
2020-11-17,0.3215447875
2020-11-18,0.318341075
2020-11-19,0.3152441375
2020-11-20,0.312469075
2020-11-21,0.31218555000000003
2020-11-22,0.31142366250000003
2020-11-23,0.3082168625
2020-11-24,0.305547875
2020-11-25,0.303766425
2020-11-26,0.30215227499999997
2020-11-27,0.2996306125
2020-11-28,0.29715
2020-11-29,0.2947385875
2020-11-30,0.2924381125
2020-12-01,0.29025705
2020-12-02,0.28812646249999996
2020-12-03,0.28639047500000003
2020-12-04,0.2849317125
2020-12-05,0.2838898375
2020-12-06,0.2827305125
2020-12-07,0.28136205000000003
2020-12-08,0.280035225
2020-12-09,0.27905633750000003
2020-12-10,0.2777345125
2020-12-11,0.2762221125
2020-12-12,0.274688475
2020-12-13,0.2731911375
2020-12-14,0.2713766375
2020-12-15,0.2693932375
2020-12-16,0.2674854375
2020-12-17,0.2656947125
2020-12-18,0.2638290125
2020-12-19,0.26175468749999997
2020-12-20,0.26010125
2020-12-21,0.2588955625
2020-12-22,0.2576002125
2020-12-23,0.2562286375
2020-12-24,0.254762575
2020-12-25,0.2530214625
2020-12-26,0.251205175
2020-12-27,0.2495814125
2020-12-28,0.24826886250000002
2020-12-29,0.246755
2020-12-30,0.245062825
2020-12-31,0.2433655875
2021-01-01,0.24157984999999998
2021-01-02,0.23981965
2021-01-03,0.2381274
2021-01-04,0.23646055
2021-01-05,0.2347355375
2021-01-06,0.23293695
2021-01-07,0.2311965875
2021-01-08,0.229356625
2021-01-09,0.2277309
2021-01-10,0.2265480125
2021-01-11,0.2253925875
2021-01-12,0.2238305125
2021-01-13,0.22217185
2021-01-14,0.2206717125
2021-01-15,0.2191986625
2021-01-16,0.2178507375
2021-01-17,0.2166099625
2021-01-18,0.2155531625
2021-01-19,0.2145143375
2021-01-20,0.21399095
2021-01-21,0.2128240625
2021-01-22,0.21106125
2021-01-23,0.20960505
2021-01-24,0.2082302125
2021-01-25,0.2065977125
2021-01-26,0.204648
2021-01-27,0.2027042375
2021-01-28,0.2009280125
2021-01-29,0.19932875
2021-01-30,0.19795065
2021-01-31,0.196227125
2021-02-01,0.1946280375
2021-02-02,0.1931435125
2021-02-03,0.1915486625
2021-02-04,0.1897641
2021-02-05,0.1877948375
2021-02-06,0.18609255
2021-02-07,0.1849534125
2021-02-08,0.1835178125
2021-02-09,0.18154286249999999
2021-02-10,0.1795708375
2021-02-11,0.1782547875
2021-02-12,0.1771055875
2021-02-13,0.1757801875
2021-02-14,0.1743663875
2021-02-15,0.1731873875
2021-02-16,0.1717508375
2021-02-17,0.169832525
2021-02-18,0.168041875
2021-02-19,0.1663941125
2021-02-20,0.16504155
2021-02-21,0.1640367375
2021-02-22,0.1622921875
2021-02-23,0.16058240000000001
2021-02-24,0.1592151625
2021-02-25,0.158138825
2021-02-26,0.1569038625
2021-02-27,0.1556741875
2021-02-28,0.15434985
2021-03-01,0.15303755
2021-03-02,0.15150325
2021-03-03,0.15012362499999998
2021-03-04,0.1486898
2021-03-05,0.14771728750000002
2021-03-06,0.1467259
2021-03-07,0.145821875
2021-03-08,0.1448728375
2021-03-09,0.1439231875
2021-03-10,0.142976
2021-03-11,0.1419222125
2021-03-12,0.1407009375
2021-03-13,0.139345325
2021-03-14,0.1378464375
2021-03-15,0.136207725
2021-03-16,0.134765825
2021-03-17,0.133370275
2021-03-18,0.13210665
2021-03-19,0.1309913125
2021-03-20,0.1301209
2021-03-21,0.1291163375
2021-03-22,0.12795215
2021-03-23,0.126503625
2021-03-24,0.1254942
2021-03-25,0.12440148749999999
2021-03-26,0.12319672499999999
2021-03-27,0.1220904125
2021-03-28,0.1214998375
2021-03-29,0.1222927625
2021-03-30,0.12191175
2021-03-31,0.121326525
2021-04-01,0.1205166625
2021-04-02,0.1197193
2021-04-03,0.11906153750000001
2021-04-04,0.1183769625
2021-04-05,0.11743715
2021-04-06,0.1166130625
2021-04-07,0.1158543875
2021-04-08,0.115250075
2021-04-09,0.114721925
2021-04-10,0.1141519
2021-04-11,0.1135073875
2021-04-12,0.11275673750000001
2021-04-13,0.1121094875
2021-04-14,0.1114926125
2021-04-15,0.111301975
2021-04-16,0.112264975
2021-04-17,0.11424745
2021-04-18,0.1146946
2021-04-19,0.1136257375
2021-04-20,0.1127198375
2021-04-21,0.1119047625
2021-04-22,0.1125583875
2021-04-23,0.1130573625
2021-04-24,0.1117777875
2021-04-25,0.110776025
2021-04-26,0.1099274625
2021-04-27,0.10926855
2021-04-28,0.1087725875
2021-04-29,0.1084892
2021-04-30,0.108111975
2021-05-01,0.1076943875
2021-05-02,0.10779795
2021-05-03,0.1083169125
2021-05-04,0.1158573125
2021-05-05,0.12068034999999999
2021-05-06,0.1178773625
2021-05-07,0.1171625875
2021-05-08,0.1159168125
2021-05-09,0.1163375125
2021-05-10,0.1168147125
2021-05-11,0.1218383875
2021-05-12,0.1268180875
2021-05-13,0.1265298875
2021-05-14,0.12557805
2021-05-15,0.1243723125
2021-05-16,0.1231747875
2021-05-17,0.121772625
2021-05-18,0.124151925
2021-05-19,0.12588585
2021-05-20,0.124164725
2021-05-21,0.1227197375
2021-05-22,0.12148045
2021-05-23,0.1223665625
2021-05-24,0.13269976249999998
2021-05-25,0.1425633375
2021-05-26,0.13977438749999999
2021-05-27,0.137897525
2021-05-28,0.13609860000000001
2021-05-29,0.134556575
2021-05-30,0.1330640125
2021-05-31,0.1512989375
2021-06-01,0.1796670625
2021-06-02,0.189540075
2021-06-03,0.183697025
2021-06-04,0.1803335375
2021-06-05,0.182752975
2021-06-06,0.215322775
2021-06-07,0.245826125
2021-06-08,0.24539197499999998
2021-06-09,0.2446859375
2021-06-10,0.242312275
2021-06-11,0.249846225
2021-06-12,0.249041925
2021-06-13,0.2474894875
2021-06-14,0.2497811875
2021-06-15,0.25400525
2021-06-16,0.2627411
2021-06-17,0.272686525
2021-06-18,0.285943975
2021-06-19,0.2976624625
2021-06-20,0.303018075
2021-06-21,0.3152787125
2021-06-22,0.3153062125
2021-06-23,0.3121020875
2021-06-24,0.30915237500000003
2021-06-25,0.308169175
2021-06-26,0.3129038625
2021-06-27,0.3139479375
2021-06-28,0.3142540875
2021-06-29,0.321980475
2021-06-30,0.34567105
2021-07-01,0.3655941625
2021-07-02,0.372863425
2021-07-03,0.37567649999999997
2021-07-04,0.37491162499999997
2021-07-05,0.3735767875
2021-07-06,0.373456625
2021-07-07,0.3764108375
2021-07-08,0.376489
2021-07-09,0.3711832
2021-07-10,0.3678054625
2021-07-11,0.37132678750000003
2021-07-12,0.37734945
2021-07-13,0.3739493875
2021-07-14,0.3682852875
2021-07-15,0.36192015
2021-07-16,0.363208075
2021-07-17,0.3685937
2021-07-18,0.3678833375
2021-07-19,0.372613175
2021-07-20,0.372078375
2021-07-21,0.3675890625
2021-07-22,0.36191629999999997
2021-07-23,0.373234575
2021-07-24,0.38461188749999997
2021-07-25,0.3833542875
2021-07-26,0.38168905
2021-07-27,0.3814295125
2021-07-28,0.3876268625
2021-07-29,0.397810825
2021-07-30,0.4007422875
2021-07-31,0.399697675
2021-08-01,0.3993088375
2021-08-02,0.399919675
2021-08-03,0.397613675
2021-08-04,0.392946325
2021-08-05,0.387801025
2021-08-06,0.3882753125
2021-08-07,0.390493325
2021-08-08,0.3912998
2021-08-09,0.38956065
2021-08-10,0.3877048375
2021-08-11,0.3853010625
2021-08-12,0.3875906
2021-08-13,0.392942725
2021-08-14,0.39295776250000003
2021-08-15,0.3913692125
2021-08-16,0.3945325875
2021-08-17,0.39988135
2021-08-18,0.40239393749999997
2021-08-19,0.4019105125
2021-08-20,0.4006074125
2021-08-21,0.396997975
2021-08-22,0.39129817499999997
2021-08-23,0.38512015
2021-08-24,0.3810043125
2021-08-25,0.3851699125
2021-08-26,0.3894113375
2021-08-27,0.3853637
2021-08-28,0.3804649
2021-08-29,0.3777274875
2021-08-30,0.3776986
2021-08-31,0.3743181625
2021-09-01,0.3711905875
2021-09-02,0.3701422125
2021-09-03,0.36618436249999997
2021-09-04,0.36383765
2021-09-05,0.36683065
2021-09-06,0.36552398750000004
2021-09-07,0.3610013875
2021-09-08,0.35907115
2021-09-09,0.35505335
2021-09-10,0.3513057625
2021-09-11,0.347504575
2021-09-12,0.3425371
2021-09-13,0.3385944375
2021-09-14,0.34018712500000003
2021-09-15,0.3381270125
2021-09-16,0.3377201375
2021-09-17,0.337199025
2021-09-18,0.3462425375
2021-09-19,0.35889075
2021-09-20,0.36728320000000003
2021-09-21,0.3682690375
2021-09-22,0.3675559
2021-09-23,0.3630150875
2021-09-24,0.3584490875
2021-09-25,0.355402425
2021-09-26,0.3530668875
2021-09-27,0.354645
2021-09-28,0.3565636375
2021-09-29,0.36022965
2021-09-30,0.3577422375
2021-10-01,0.3520976375
2021-10-02,0.3467425375
2021-10-03,0.3414683375
2021-10-04,0.3384545125
2021-10-05,0.3347416375
2021-10-06,0.331167
2021-10-07,0.3270261
2021-10-08,0.32309
2021-10-09,0.320224275
2021-10-10,0.317618125
2021-10-11,0.3137637125
2021-10-12,0.3176632875
2021-10-13,0.3340628625
2021-10-14,0.3321918625
2021-10-15,0.33562915
2021-10-16,0.3479930625
2021-10-17,0.347738125
2021-10-18,0.3583385625
2021-10-19,0.3695329625
2021-10-20,0.37508835
2021-10-21,0.37408765
2021-10-22,0.3691292
2021-10-23,0.3634575375
2021-10-24,0.3583415875
2021-10-25,0.3536401125
2021-10-26,0.350200825
2021-10-27,0.3479682125
2021-10-28,0.34501435
2021-10-29,0.3404094375
2021-10-30,0.335045425
2021-10-31,0.3299806625
2021-11-01,0.32514540000000003
2021-11-02,0.321561775
2021-11-03,0.3189230625
2021-11-04,0.31570431250000003
2021-11-05,0.312139125
2021-11-06,0.3087413375
2021-11-07,0.305117425
2021-11-08,0.301553
2021-11-09,0.2985711375
2021-11-10,0.295664675
2021-11-11,0.29281815
2021-11-12,0.2900628875
2021-11-13,0.28921615
2021-11-14,0.290590625
2021-11-15,0.290447
2021-11-16,0.2887593125
2021-11-17,0.285420675
2021-11-18,0.2825079125
2021-11-19,0.2799163125
2021-11-20,0.277548625
2021-11-21,0.27554639999999997
2021-11-22,0.27329635
2021-11-23,0.271006925
2021-11-24,0.2685992
2021-11-25,0.26612091250000003
2021-11-26,0.2638713125
2021-11-27,0.2616483
2021-11-28,0.2594549875
2021-11-29,0.25722883750000003
2021-11-30,0.25495602500000003
2021-12-01,0.252612425
2021-12-02,0.2502409125
2021-12-03,0.2489925
2021-12-04,0.2559118625
2021-12-05,0.2714850625
2021-12-06,0.2869425375
2021-12-07,0.28851775
2021-12-08,0.285314275
2021-12-09,0.2840977375
2021-12-10,0.2832355125
2021-12-11,0.2802430875
2021-12-12,0.2774926
2021-12-13,0.275379025
2021-12-14,0.273381075
2021-12-15,0.27157065
2021-12-16,0.2696403625
2021-12-17,0.2676495875
2021-12-18,0.2657560375
2021-12-19,0.2639030875
2021-12-20,0.2620807625
2021-12-21,0.2607568375
2021-12-22,0.2595101375
2021-12-23,0.2582547
2021-12-24,0.2569048
2021-12-25,0.2553489
2021-12-26,0.2536942625
2021-12-27,0.252075275
2021-12-28,0.25030240000000004
2021-12-29,0.248363675
2021-12-30,0.246395225
2021-12-31,0.2442843125
2022-01-01,0.2423724875
2022-01-02,0.2406246375
2022-01-03,0.23894474999999998
2022-01-04,0.2372412875
2022-01-05,0.2353325625
2022-01-06,0.233598025
2022-01-07,0.231735725
2022-01-08,0.22985487500000001
2022-01-09,0.228096425
2022-01-10,0.2262756875
2022-01-11,0.22439705
2022-01-12,0.2237477
2022-01-13,0.22426945
2022-01-14,0.2234200625
2022-01-15,0.2235900875
2022-01-16,0.2222413125
2022-01-17,0.2200010625
2022-01-18,0.218336375
2022-01-19,0.2169228375
2022-01-20,0.2155411125
2022-01-21,0.214310325
2022-01-22,0.2129746125
2022-01-23,0.211506475
2022-01-24,0.21087129999999998
2022-01-25,0.209465075
2022-01-26,0.2083191375
2022-01-27,0.2072810375
2022-01-28,0.2053894125
2022-01-29,0.2036648625
2022-01-30,0.20223105
2022-01-31,0.2008315125
2022-02-01,0.1993559125
2022-02-02,0.1977148375
2022-02-03,0.1960287
2022-02-04,0.19618568749999998
2022-02-05,0.2037539
2022-02-06,0.20029621250000001
2022-02-07,0.19771215
2022-02-08,0.195226125
2022-02-09,0.1929434375
2022-02-10,0.19093555
2022-02-11,0.189205475
2022-02-12,0.187166875
2022-02-13,0.185099725
2022-02-14,0.182987525
2022-02-15,0.18110057499999999
2022-02-16,0.17927213749999998
2022-02-17,0.1774314875
2022-02-18,0.1755077
2022-02-19,0.1734760625
2022-02-20,0.171936
2022-02-21,0.1711248
2022-02-22,0.16933325
2022-02-23,0.1675787375
2022-02-24,0.16615156250000002
2022-02-25,0.16451878749999999
2022-02-26,0.16257692499999998
2022-02-27,0.1607328875
2022-02-28,0.159843125
2022-03-01,0.15786986249999999
2022-03-02,0.1558395
2022-03-03,0.153873325
2022-03-04,0.1520812
2022-03-05,0.150471125
2022-03-06,0.1486191
2022-03-07,0.1470357875
2022-03-08,0.14560935
2022-03-09,0.144163725
2022-03-10,0.1426305
2022-03-11,0.14084615
2022-03-12,0.1393245375
2022-03-13,0.137869425
2022-03-14,0.1363492625
2022-03-15,0.1350815
2022-03-16,0.1338869
2022-03-17,0.132619125
2022-03-18,0.1313304375
2022-03-19,0.1303719375
2022-03-20,0.12915895
2022-03-21,0.12802202499999998
2022-03-22,0.1269611625
2022-03-23,0.1259383375
2022-03-24,0.125144775
2022-03-25,0.1244854125
2022-03-26,0.1243933375
2022-03-27,0.1242297125
2022-03-28,0.123836475
2022-03-29,0.12364307499999999
2022-03-30,0.122458475
2022-03-31,0.1214246
2022-04-01,0.120663275
2022-04-02,0.120028
2022-04-03,0.1193444125
2022-04-04,0.1188699875
2022-04-05,0.1179877375
2022-04-06,0.117113775
2022-04-07,0.11654785000000001
2022-04-08,0.1159043375
2022-04-09,0.1159666
2022-04-10,0.1153204625
2022-04-11,0.114798225
2022-04-12,0.1145762625
2022-04-13,0.1138776
2022-04-14,0.1132394
2022-04-15,0.112668025
2022-04-16,0.1123867625
2022-04-17,0.1124238
2022-04-18,0.1119475625
2022-04-19,0.1118833125
2022-04-20,0.1201105
2022-04-21,0.125293125
2022-04-22,0.130864725
2022-04-23,0.13020890000000002
2022-04-24,0.1279645375
2022-04-25,0.1269522625
2022-04-26,0.1256466
2022-04-27,0.12461805
2022-04-28,0.1236513875
2022-04-29,0.1228724125
2022-04-30,0.123712075
2022-05-01,0.1224927375
2022-05-02,0.1217746625
2022-05-03,0.1284080625
2022-05-04,0.1416472875
2022-05-05,0.1435179125
2022-05-06,0.1436785875
2022-05-07,0.140832875
2022-05-08,0.1399307125
2022-05-09,0.164692825
2022-05-10,0.18903791250000002
2022-05-11,0.188006325
2022-05-12,0.19085902500000002
2022-05-13,0.201316625
2022-05-14,0.2002006
2022-05-15,0.1945313375
2022-05-16,0.1904219
2022-05-17,0.1869541875
2022-05-18,0.184733125
2022-05-19,0.1867873625
2022-05-20,0.1849926875
2022-05-21,0.1866961375
2022-05-22,0.18969815
2022-05-23,0.18670957500000002
2022-05-24,0.185711775
2022-05-25,0.186908725
2022-05-26,0.1837912
2022-05-27,0.1847147625
2022-05-28,0.1862382625
2022-05-29,0.1983578
2022-05-30,0.20995692500000002
2022-05-31,0.209048725
2022-06-01,0.2072376875
2022-06-02,0.206890525
2022-06-03,0.220413175
2022-06-04,0.2247687
2022-06-05,0.2191235875
2022-06-06,0.216248975
2022-06-07,0.2148370625
2022-06-08,0.21295185
2022-06-09,0.2282164125
2022-06-10,0.23123682499999998
2022-06-11,0.2269018125
2022-06-12,0.2231794875
2022-06-13,0.22249645
2022-06-14,0.230784575
2022-06-15,0.2503221625
2022-06-16,0.2540374
2022-06-17,0.259726125
2022-06-18,0.2716166625
2022-06-19,0.2911487
2022-06-20,0.30674887500000003
2022-06-21,0.30696382499999997
2022-06-22,0.3063095875
2022-06-23,0.30395341249999996
2022-06-24,0.301104475
2022-06-25,0.2990610875
2022-06-26,0.296746075
2022-06-27,0.292953425
2022-06-28,0.29060237499999997
2022-06-29,0.3021588625
2022-06-30,0.314579675
2022-07-01,0.3196453
2022-07-02,0.3162857875
2022-07-03,0.312583875
2022-07-04,0.31390305
2022-07-05,0.316060975
2022-07-06,0.31436769999999997
2022-07-07,0.3104102
2022-07-08,0.306331175
2022-07-09,0.30267466249999997
2022-07-10,0.298426125
2022-07-11,0.294716375
2022-07-12,0.2918988375
2022-07-13,0.2882477375
2022-07-14,0.287803425
2022-07-15,0.2876704625
2022-07-16,0.28398115
2022-07-17,0.2793741875
2022-07-18,0.2761631375
2022-07-19,0.2778038625
2022-07-20,0.2799501875
2022-07-21,0.2796360875
2022-07-22,0.2765994625
2022-07-23,0.28293435
2022-07-24,0.2872884
2022-07-25,0.2954360875
2022-07-26,0.2977645375
2022-07-27,0.2964287
2022-07-28,0.29382825
2022-07-29,0.2910289875
2022-07-30,0.2881709875
2022-07-31,0.28547615
2022-08-01,0.2843934125
2022-08-02,0.2968853375
2022-08-03,0.30495374999999997
2022-08-04,0.3001603625
2022-08-05,0.2983283
2022-08-06,0.3000719125
2022-08-07,0.2976419
2022-08-08,0.2959935
2022-08-09,0.2940030375
2022-08-10,0.2934944625
2022-08-11,0.293532325
2022-08-12,0.2928893375
2022-08-13,0.292756725
2022-08-14,0.2960588375
2022-08-15,0.2995105375
2022-08-16,0.2958484125
2022-08-17,0.29187406250000003
2022-08-18,0.292589075
2022-08-19,0.3015734375
2022-08-20,0.3008507875
2022-08-21,0.298343075
2022-08-22,0.3044230125
2022-08-23,0.316259425
2022-08-24,0.31045588749999997
2022-08-25,0.305502075
2022-08-26,0.305331875
2022-08-27,0.3068943875
2022-08-28,0.3073156875
2022-08-29,0.3025931375
2022-08-30,0.2986260375
2022-08-31,0.2957529375
2022-09-01,0.293689575
2022-09-02,0.2964622375
2022-09-03,0.3010340625
2022-09-04,0.299171075
2022-09-05,0.3005725625
2022-09-06,0.3016376125
2022-09-07,0.2989453625
2022-09-08,0.2986919625
2022-09-09,0.3052368125
2022-09-10,0.31121177499999997
2022-09-11,0.3273965
2022-09-12,0.3450444125
2022-09-13,0.3688539125
2022-09-14,0.37563505
2022-09-15,0.3763137625
2022-09-16,0.3748533
2022-09-17,0.374298975
2022-09-18,0.3791058625
2022-09-19,0.38175145
2022-09-20,0.375026175
2022-09-21,0.3686245125
2022-09-22,0.3632645
2022-09-23,0.3595659625
2022-09-24,0.3569884625
2022-09-25,0.353731075
2022-09-26,0.3526879625
2022-09-27,0.350333925
2022-09-28,0.3480342125
2022-09-29,0.3438690625
2022-09-30,0.34133467500000003
2022-10-01,0.3534482875
2022-10-02,0.370171025
2022-10-03,0.37858841249999997
2022-10-04,0.37832611250000003
2022-10-05,0.3770481375
2022-10-06,0.37214265
2022-10-07,0.367025975
2022-10-08,0.3625079375
2022-10-09,0.358446375
2022-10-10,0.3555479125
2022-10-11,0.3505690875
2022-10-12,0.3449547125
2022-10-13,0.3393055875
2022-10-14,0.3341831625
2022-10-15,0.3289691875
2022-10-16,0.323669425
2022-10-17,0.3187047375
2022-10-18,0.314740675
2022-10-19,0.3104321375
2022-10-20,0.3057492125
2022-10-21,0.3012707
2022-10-22,0.296612625
2022-10-23,0.304455675
2022-10-24,0.3381041
2022-10-25,0.3495591125
2022-10-26,0.346430475
2022-10-27,0.340679525
2022-10-28,0.33547785
2022-10-29,0.330318225
2022-10-30,0.32528415
2022-10-31,0.320458025
2022-11-01,0.31543665
2022-11-02,0.3115265875
2022-11-03,0.308382525
2022-11-04,0.3040343625
2022-11-05,0.30088815
2022-11-06,0.2975817
2022-11-07,0.2945649875
2022-11-08,0.29172525
2022-11-09,0.2885131375
2022-11-10,0.2859840625
2022-11-11,0.283504
2022-11-12,0.27947232499999997
2022-11-13,0.277081425
2022-11-14,0.27419977500000003
2022-11-15,0.2718323375
2022-11-16,0.269484675
2022-11-17,0.267029625
2022-11-18,0.2645399
2022-11-19,0.2622597375
2022-11-20,0.25931985
2022-11-21,0.2567983625
2022-11-22,0.2548829125
2022-11-23,0.252891925
2022-11-24,0.250891075
2022-11-25,0.2494443875
2022-11-26,0.247793625
2022-11-27,0.24614375
2022-11-28,0.24342065
2022-11-29,0.2413593
2022-11-30,0.239688775
2022-12-01,0.237580725
2022-12-02,0.2355483625
2022-12-03,0.23393102500000001
2022-12-04,0.2319061
2022-12-05,0.229854325
2022-12-06,0.228454825
2022-12-07,0.2269170875
2022-12-08,0.226021525
2022-12-09,0.22423665
2022-12-10,0.222618425
2022-12-11,0.2203954875
2022-12-12,0.2194705
2022-12-13,0.2186763
2022-12-14,0.2168624875
2022-12-15,0.2160344125
2022-12-16,0.2152171125
2022-12-17,0.2140309625
2022-12-18,0.2126341625
2022-12-19,0.2113486125
2022-12-20,0.2098876625
2022-12-21,0.208599075
2022-12-22,0.2070934875
2022-12-23,0.2058601125
2022-12-24,0.2045468875
2022-12-25,0.203403275
2022-12-26,0.2023564125
2022-12-27,0.20097766250000001
2022-12-28,0.2004548125
2022-12-29,0.1990718625
2022-12-30,0.1980913125
2022-12-31,0.196950225
2023-01-01,0.1955386
2023-01-02,0.1942221875
2023-01-03,0.1926732625
2023-01-04,0.1909982875
2023-01-05,0.190516825
2023-01-06,0.1900142375
2023-01-07,0.1894748625
2023-01-08,0.18863402499999998
2023-01-09,0.1881964125
2023-01-10,0.18674235
2023-01-11,0.1855549625
2023-01-12,0.1846635
2023-01-13,0.1835985125
2023-01-14,0.1827722875
2023-01-15,0.181899575
2023-01-16,0.1805620625
2023-01-17,0.1803108375
2023-01-18,0.17939525
2023-01-19,0.1782850875
2023-01-20,0.1777243125
2023-01-21,0.1763856875
2023-01-22,0.175139075
2023-01-23,0.1743372125
2023-01-24,0.1733605625
2023-01-25,0.17266956249999998
2023-01-26,0.1717204125
2023-01-27,0.1705694
2023-01-28,0.170228875
2023-01-29,0.169260725
2023-01-30,0.1682208625
2023-01-31,0.1674330125
2023-02-01,0.16631342500000001
2023-02-02,0.165396925
2023-02-03,0.1640631875
2023-02-04,0.1629598375
2023-02-05,0.1626398875
2023-02-06,0.1619378625
2023-02-07,0.16124245
2023-02-08,0.1600378125
2023-02-09,0.15931794999999999
2023-02-10,0.158365525
2023-02-11,0.1571085125
2023-02-12,0.156114475
2023-02-13,0.1549754125
2023-02-14,0.153649025
2023-02-15,0.152691625
2023-02-16,0.1519302625
2023-02-17,0.1510053
2023-02-18,0.1500936125
2023-02-19,0.149166125
2023-02-20,0.14827075
2023-02-21,0.1477682875
2023-02-22,0.1470047
2023-02-23,0.1461543125
2023-02-24,0.1449990875
2023-02-25,0.143743525
2023-02-26,0.1421868125
2023-02-27,0.140761875
2023-02-28,0.13956617500000001
2023-03-01,0.13908985000000001
2023-03-02,0.13805175
2023-03-03,0.1369714125
2023-03-04,0.1359352125
2023-03-05,0.13483495
2023-03-06,0.13404235
2023-03-07,0.13270295000000001
2023-03-08,0.131625425
2023-03-09,0.13122375
2023-03-10,0.13073565
2023-03-11,0.1295889875
2023-03-12,0.1283132625
2023-03-13,0.12711068749999999
2023-03-14,0.1268132125
2023-03-15,0.1262856375
2023-03-16,0.125803225
2023-03-17,0.125382325
2023-03-18,0.1251978375
2023-03-19,0.128699725
2023-03-20,0.129934725
2023-03-21,0.1340006375
2023-03-22,0.1340037875
2023-03-23,0.1330581125
2023-03-24,0.1322720875
2023-03-25,0.1313227125
2023-03-26,0.13040305
2023-03-27,0.1302501
2023-03-28,0.129148725
2023-03-29,0.132301125
2023-03-30,0.1348472875
2023-03-31,0.1345103875
2023-04-01,0.1394042625
2023-04-02,0.136523425
2023-04-03,0.1345470625
2023-04-04,0.1329149625
2023-04-05,0.1326185625
2023-04-06,0.132010025
2023-04-07,0.13110195
2023-04-08,0.1298147875
2023-04-09,0.1286243875
2023-04-10,0.1278284875
2023-04-11,0.1270028625
2023-04-12,0.1258915625
2023-04-13,0.12464395
2023-04-14,0.12383685
2023-04-15,0.123223975
2023-04-16,0.122601575
2023-04-17,0.1220289125
2023-04-18,0.1215203
2023-04-19,0.120711375
2023-04-20,0.119898
2023-04-21,0.1202383625
2023-04-22,0.1199209875
2023-04-23,0.1192556875
2023-04-24,0.11850406250000001
2023-04-25,0.11774115
2023-04-26,0.11740365
2023-04-27,0.1201770125
2023-04-28,0.12587885
2023-04-29,0.1225233375
2023-04-30,0.12072045
2023-05-01,0.1199738875
2023-05-02,0.11879437500000001
2023-05-03,0.121287375
2023-05-04,0.12275825
2023-05-05,0.12241985
2023-05-06,0.121680125
2023-05-07,0.1200297375
2023-05-08,0.1190100125
2023-05-09,0.1180862375
2023-05-10,0.11722845
2023-05-11,0.116521925
2023-05-12,0.1166558125
2023-05-13,0.1208088125
2023-05-14,0.12932161250000002
2023-05-15,0.1173845375
2023-05-16,0.1163062875
2023-05-17,0.1254792375
2023-05-18,0.13425852500000002
2023-05-19,0.13295425
2023-05-20,0.131731425
2023-05-21,0.13300433749999999
2023-05-22,0.1346544625
2023-05-23,0.1424174625
2023-05-24,0.16021155
2023-05-25,0.1644481625
2023-05-26,0.1597968125
2023-05-27,0.15764085
2023-05-28,0.15617995
2023-05-29,0.1533609625
2023-05-30,0.1510279375
2023-05-31,0.1493404625
2023-06-01,0.147741225
2023-06-02,0.1470554375
2023-06-03,0.14536361250000002
2023-06-04,0.1437475375
2023-06-05,0.1422905375
2023-06-06,0.14076745
2023-06-07,0.1432524875
2023-06-08,0.1501519625
2023-06-09,0.1917295
2023-06-10,0.1979493375
2023-06-11,0.2026706875
2023-06-12,0.203062725
2023-06-13,0.2008069
2023-06-14,0.19693825
2023-06-15,0.2030520625
2023-06-16,0.2030294
2023-06-17,0.20152395
2023-06-18,0.2061741375
2023-06-19,0.2206067
2023-06-20,0.2230264375
2023-06-21,0.22014495
2023-06-22,0.221686
2023-06-23,0.2210879625
2023-06-24,0.2186618875
2023-06-25,0.2156325375
2023-06-26,0.2198721625
2023-06-27,0.2506231875
2023-06-28,0.25786488750000003
2023-06-29,0.2576781375
2023-06-30,0.262267875
2023-07-01,0.2619367625
2023-07-02,0.2589038875
2023-07-03,0.2563155875
2023-07-04,0.257736025
2023-07-05,0.2598380625
2023-07-06,0.2601197625
2023-07-07,0.2583434375
2023-07-08,0.256005525
2023-07-09,0.2564218125
2023-07-10,0.2598415
2023-07-11,0.26297875000000004
2023-07-12,0.261890725
2023-07-13,0.2626159
2023-07-14,0.264407775
2023-07-15,0.2626964375
2023-07-16,0.2617954875
2023-07-17,0.2613958875
2023-07-18,0.2635815625
2023-07-19,0.2635968125
2023-07-20,0.2600994625
2023-07-21,0.257624725
2023-07-22,0.2549842375
2023-07-23,0.254980975
2023-07-24,0.257461475
2023-07-25,0.25772537500000003
2023-07-26,0.2530963875
2023-07-27,0.24992915
2023-07-28,0.2460578125
2023-07-29,0.244274025
2023-07-30,0.2434818625
2023-07-31,0.248614625
2023-08-01,0.2550382125
2023-08-02,0.2623766625
2023-08-03,0.2671047875
2023-08-04,0.285711225
2023-08-05,0.29783526250000003
2023-08-06,0.321812275
2023-08-07,0.3497660375
2023-08-08,0.3631613625
2023-08-09,0.36255539999999997
2023-08-10,0.3634446
2023-08-11,0.3678517
2023-08-12,0.3662689125
2023-08-13,0.371467025
2023-08-14,0.3714190625
2023-08-15,0.3685778625
2023-08-16,0.3691809625
2023-08-17,0.36948645
2023-08-18,0.364206125
2023-08-19,0.3578765
2023-08-20,0.3517066875
2023-08-21,0.3497877125
2023-08-22,0.35124795
2023-08-23,0.3508774
2023-08-24,0.3523513125
2023-08-25,0.354124775
2023-08-26,0.361752225
2023-08-27,0.367165425
2023-08-28,0.3684517625
2023-08-29,0.366440775
2023-08-30,0.3646605125
2023-08-31,0.3687542125
2023-09-01,0.3730427125
2023-09-02,0.37500822500000003
2023-09-03,0.3809875
2023-09-04,0.37764318750000003
2023-09-05,0.3719807625
2023-09-06,0.367462375
2023-09-07,0.3679268625
2023-09-08,0.3794053625
2023-09-09,0.37753415
2023-09-10,0.372572325
2023-09-11,0.372089775
2023-09-12,0.37212285
2023-09-13,0.3672989125
2023-09-14,0.3647303625
2023-09-15,0.36051845
2023-09-16,0.3544621625
2023-09-17,0.357426475
2023-09-18,0.37175210000000003
2023-09-19,0.3724188125
2023-09-20,0.3729385125
2023-09-21,0.3732972125
2023-09-22,0.3716201125
2023-09-23,0.36778555
2023-09-24,0.3630036125
2023-09-25,0.3577230625
2023-09-26,0.352474
2023-09-27,0.3491416
2023-09-28,0.3467017
2023-09-29,0.34761949999999997
2023-09-30,0.3438788625
2023-10-01,0.339475
2023-10-02,0.3351176875
2023-10-03,0.3418846125
2023-10-04,0.3580120125
2023-10-05,0.3749352875
2023-10-06,0.37378915
2023-10-07,0.369994325
2023-10-08,0.3672897125
2023-10-09,0.362930875
2023-10-10,0.357760175
2023-10-11,0.352212325
2023-10-12,0.348068625
2023-10-13,0.343054525
2023-10-14,0.3369186625
2023-10-15,0.331542475
2023-10-16,0.3262633625
2023-10-17,0.32103305
2023-10-18,0.3162281
2023-10-19,0.310855225
2023-10-20,0.3066223125
2023-10-21,0.3026651375
2023-10-22,0.299498625
2023-10-23,0.3013735125
2023-10-24,0.320119975
2023-10-25,0.31517645
2023-10-26,0.310065325
2023-10-27,0.306266375
2023-10-28,0.302545425
2023-10-29,0.29888797500000003
2023-10-30,0.2946713625
2023-10-31,0.290986275
2023-11-01,0.28712150000000003
2023-11-02,0.28355718750000003
2023-11-03,0.280349525
2023-11-04,0.2776034125
2023-11-05,0.275471275
2023-11-06,0.2728251125
2023-11-07,0.26930125
2023-11-08,0.2667234375
2023-11-09,0.26378911250000003
2023-11-10,0.261505575
2023-11-11,0.259236075
2023-11-12,0.25696647499999997
2023-11-13,0.254439225
2023-11-14,0.2518837375
2023-11-15,0.2497453375
2023-11-16,0.2644411375
2023-11-17,0.293766075
2023-11-18,0.295521525
2023-11-19,0.29175826250000003
2023-11-20,0.28936435
2023-11-21,0.288519175
2023-11-22,0.286757325
2023-11-23,0.2850336375
2023-11-24,0.2835908375
2023-11-25,0.281630375
2023-11-26,0.279854375
2023-11-27,0.278099475
2023-11-28,0.275211875
2023-11-29,0.274496225
2023-11-30,0.2728849125
2023-12-01,0.2702965125
2023-12-02,0.26839105
2023-12-03,0.2667715625
2023-12-04,0.2665140625
2023-12-05,0.2680050625
2023-12-06,0.26801775
2023-12-07,0.2726117625
2023-12-08,0.2719372875
2023-12-09,0.2690283125
2023-12-10,0.266445875
2023-12-11,0.2642412625
2023-12-12,0.2626580375
2023-12-13,0.2610137125
2023-12-14,0.258885375
2023-12-15,0.2570652625
2023-12-16,0.255542425
2023-12-17,0.2535101125
2023-12-18,0.251717525
2023-12-19,0.249736
2023-12-20,0.247783175
2023-12-21,0.246163825
2023-12-22,0.2435157
2023-12-23,0.2416657625
2023-12-24,0.23992135
2023-12-25,0.23823685
2023-12-26,0.2368728375
2023-12-27,0.2356477625
2023-12-28,0.2337713125
2023-12-29,0.2317085125
2023-12-30,0.22888025
2023-12-31,0.226692425
2024-01-01,0.2246986125
2024-01-02,0.22193255
2024-01-03,0.21961
2024-01-04,0.2178579
2024-01-05,0.215951575
2024-01-06,0.214093025
2024-01-07,0.2114331625
2024-01-08,0.209741175
2024-01-09,0.208134575
2024-01-10,0.2056070875
2024-01-11,0.203692525
2024-01-12,0.2025036
2024-01-13,0.2009608125
2024-01-14,0.19942355
2024-01-15,0.1981087125
2024-01-16,0.1969176625
2024-01-17,0.1955605875
2024-01-18,0.1946612375
2024-01-19,0.19148138750000002
2024-01-20,0.189516575
2024-01-21,0.1879919875
2024-01-22,0.1863321625
2024-01-23,0.1841999125
2024-01-24,0.1837280125
2024-01-25,0.184411525
2024-01-26,0.18250402500000001
2024-01-27,0.1808923
2024-01-28,0.18009263749999999
2024-01-29,0.178032525
2024-01-30,0.17636825
2024-01-31,0.1746922
2024-02-01,0.174406025
2024-02-02,0.1772902
2024-02-03,0.1741974625
2024-02-04,0.17232596249999999
2024-02-05,0.171087025
2024-02-06,0.1694171125
2024-02-07,0.1680626375
2024-02-08,0.1659235875
2024-02-09,0.16448627500000002
2024-02-10,0.16316136250000002
2024-02-11,0.1618115625
2024-02-12,0.160186425
2024-02-13,0.1589189125
2024-02-14,0.1585523125
2024-02-15,0.16106247499999998
2024-02-16,0.156413775
2024-02-17,0.15478925
2024-02-18,0.1533115125
2024-02-19,0.152492775
2024-02-20,0.151652475
2024-02-21,0.1522673125
2024-02-22,0.151490325
2024-02-23,0.1518065125
2024-02-24,0.15031155
2024-02-25,0.1491962375
2024-02-26,0.1477146875
2024-02-27,0.14643905000000002
2024-02-28,0.145074975
2024-02-29,0.1439155
2024-03-01,0.1422270875
2024-03-02,0.1406182
2024-03-03,0.138965
2024-03-04,0.1382089625
2024-03-05,0.13720090000000001
2024-03-06,0.135675025
2024-03-07,0.1341987375
2024-03-08,0.133073125
2024-03-09,0.1318059625
2024-03-10,0.1305433125
2024-03-11,0.129248
2024-03-12,0.1280836375
2024-03-13,0.127193
2024-03-14,0.1279685625
2024-03-15,0.1285276125
2024-03-16,0.127253025
2024-03-17,0.1253667
2024-03-18,0.123734025
2024-03-19,0.12392362500000001
2024-03-20,0.1270859
2024-03-21,0.130808175
2024-03-22,0.129450425
2024-03-23,0.128627775
2024-03-24,0.1312020125
2024-03-25,0.131110775
2024-03-26,0.1285429375
2024-03-27,0.1284210375
2024-03-28,0.13362365
2024-03-29,0.1341752375
2024-03-30,0.1306286625
2024-03-31,0.1342320875
2024-04-01,0.1316447375
2024-04-02,0.1296149375
2024-04-03,0.1277127625
2024-04-04,0.125966325
2024-04-05,0.12538935
2024-04-06,0.12460145
2024-04-07,0.1251616875
2024-04-08,0.1255866
2024-04-09,0.1245343
2024-04-10,0.123015825
2024-04-11,0.1218313875
2024-04-12,0.1210782
2024-04-13,0.12006365
2024-04-14,0.11905157499999999
2024-04-15,0.1177401625
2024-04-16,0.1190130125
2024-04-17,0.11970315000000001
2024-04-18,0.11940200000000001
2024-04-19,0.1173347
2024-04-20,0.11567011249999999
2024-04-21,0.1143900125
2024-04-22,0.1132782875
2024-04-23,0.1123267875
2024-04-24,0.1113661625
2024-04-25,0.1108355625
2024-04-26,0.1103615125
2024-04-27,0.109846075
2024-04-28,0.10891905
2024-04-29,0.108316025
2024-04-30,0.1079027
2024-05-01,0.1075971375
2024-05-02,0.1083007375
2024-05-03,0.10917735
2024-05-04,0.1086388875
2024-05-05,0.1076535
2024-05-06,0.1419080375
2024-05-07,0.166908325
2024-05-08,0.1524574625
2024-05-09,0.1477196875
2024-05-10,0.14417315
2024-05-11,0.1489488
2024-05-12,0.1564462875
2024-05-13,0.1529593875
2024-05-14,0.1494932
2024-05-15,0.1468112375
2024-05-16,0.1445837625
2024-05-17,0.14390485
2024-05-18,0.145280675
2024-05-19,0.1516557375
2024-05-20,0.1643459
2024-05-21,0.1670754625
2024-05-22,0.16273475
2024-05-23,0.1587700625
2024-05-24,0.155380425
2024-05-25,0.15517135
2024-05-26,0.1701510875
2024-05-27,0.2186248375
2024-05-28,0.239435075
2024-05-29,0.22916235
2024-05-30,0.22286695
2024-05-31,0.217859125
2024-06-01,0.2133214375
2024-06-02,0.20859035
2024-06-03,0.208827175
2024-06-04,0.2068032
2024-06-05,0.2028336625
2024-06-06,0.1996540125
2024-06-07,0.19859346249999998
2024-06-08,0.1976396375
2024-06-09,0.19874039999999998
2024-06-10,0.1993422125
2024-06-11,0.19593655
2024-06-12,0.1973836875
2024-06-13,0.214991475
2024-06-14,0.2317700375
2024-06-15,0.2276170375
2024-06-16,0.2241731125
2024-06-17,0.2187476875
2024-06-18,0.22352339999999998
2024-06-19,0.2500878875
2024-06-20,0.2522582
2024-06-21,0.2546429125
2024-06-22,0.2514487375
2024-06-23,0.2468935875
2024-06-24,0.2452838625
2024-06-25,0.2437502125
2024-06-26,0.2442263875
2024-06-27,0.24909235000000002
2024-06-28,0.2486308625
2024-06-29,0.2654765625
2024-06-30,0.2786400625
2024-07-01,0.2985370875
2024-07-02,0.3180447375
2024-07-03,0.32334545
2024-07-04,0.3288642875
2024-07-05,0.33889156249999997
2024-07-06,0.34014890000000003
2024-07-07,0.340558875
2024-07-08,0.3423015125
2024-07-09,0.34315321249999997
2024-07-10,0.3414805875
2024-07-11,0.3440801125
2024-07-12,0.3481676875
2024-07-13,0.344247325
2024-07-14,0.33744965
2024-07-15,0.3331352875
2024-07-16,0.3287596
2024-07-17,0.32297825
2024-07-18,0.31632105
2024-07-19,0.3099891125
2024-07-20,0.3035058
2024-07-21,0.3001923375
2024-07-22,0.30505781249999997
2024-07-23,0.311295025
2024-07-24,0.307026275
2024-07-25,0.3018291375
2024-07-26,0.2988552375
2024-07-27,0.296662325
2024-07-28,0.2913839875
2024-07-29,0.2879155125
2024-07-30,0.2949336125
2024-07-31,0.313833425
2024-08-01,0.34652035
2024-08-02,0.37068958750000003
2024-08-03,0.3844013875
2024-08-04,0.3900772375
2024-08-05,0.390049
2024-08-06,0.388713575
2024-08-07,0.3883797125
2024-08-08,0.3908206375
2024-08-09,0.3906702125
2024-08-10,0.39030205
2024-08-11,0.3919312
2024-08-12,0.3913929875
2024-08-13,0.390152675
2024-08-14,0.3858478125
2024-08-15,0.38027048750000003
2024-08-16,0.3870088875
2024-08-17,0.3964329125
2024-08-18,0.3981691875
2024-08-19,0.40461145
2024-08-20,0.40609055
2024-08-21,0.406559625
2024-08-22,0.4065989375
2024-08-23,0.4062808625
2024-08-24,0.4046999625
2024-08-25,0.40583227499999996
2024-08-26,0.4064480375
2024-08-27,0.405305875
2024-08-28,0.4025420375
2024-08-29,0.3994658125
2024-08-30,0.394502425
2024-08-31,0.3898375125
2024-09-01,0.3861583625
2024-09-02,0.38632971250000003
2024-09-03,0.385007175
2024-09-04,0.3799826
2024-09-05,0.3779514875
2024-09-06,0.3783005125
2024-09-07,0.3789754625
2024-09-08,0.37352135000000003
2024-09-09,0.3665960125
2024-09-10,0.3611780125
2024-09-11,0.3683834
2024-09-12,0.3731053
2024-09-13,0.377806025
2024-09-14,0.3895713
2024-09-15,0.3959602625
2024-09-16,0.39291716250000003
2024-09-17,0.387297075
2024-09-18,0.382362275
2024-09-19,0.378556775
2024-09-20,0.3782097875
2024-09-21,0.386758525
2024-09-22,0.385146
2024-09-23,0.3815655125
2024-09-24,0.379802325
2024-09-25,0.3900986375
2024-09-26,0.3896843875
2024-09-27,0.385305475
2024-09-28,0.379162325
2024-09-29,0.3724776
2024-09-30,0.3678069125
2024-10-01,0.366803775
2024-10-02,0.369981775
2024-10-03,0.3808761125
2024-10-04,0.3822545875
2024-10-05,0.3839690875
2024-10-06,0.381386375
2024-10-07,0.377739
2024-10-08,0.37213445
2024-10-09,0.36863521250000003
2024-10-10,0.36483935
2024-10-11,0.3598329125
2024-10-12,0.35451082500000003
2024-10-13,0.349256625
2024-10-14,0.3442818
2024-10-15,0.33966114999999997
2024-10-16,0.3353810625
2024-10-17,0.332130625
2024-10-18,0.3295623125
2024-10-19,0.329301075
2024-10-20,0.3297959625
2024-10-21,0.3255089
2024-10-22,0.32155065
2024-10-23,0.322308975
2024-10-24,0.3278410875
2024-10-25,0.3278761875
2024-10-26,0.32364695
2024-10-27,0.319262525
2024-10-28,0.314942875
2024-10-29,0.3108456
2024-10-30,0.3072462375
2024-10-31,0.3038495625
2024-11-01,0.29965481250000003
2024-11-02,0.2951275
2024-11-03,0.29213305
2024-11-04,0.28982605
2024-11-05,0.2891585625
2024-11-06,0.2903846
2024-11-07,0.28675588750000003
2024-11-08,0.2833978875
2024-11-09,0.2789250625
2024-11-10,0.275855825
2024-11-11,0.27331880000000003
2024-11-12,0.269552675
2024-11-13,0.26592125
2024-11-14,0.2640539625
2024-11-15,0.261290825
2024-11-16,0.2588547875
2024-11-17,0.25413725
2024-11-18,0.25155515
2024-11-19,0.2498646
2024-11-20,0.247555575
2024-11-21,0.2453736
2024-11-22,0.2433629625
2024-11-23,0.2404856
2024-11-24,0.23792215
2024-11-25,0.2341931125
2024-11-26,0.2323708125
2024-11-27,0.232332675
2024-11-28,0.2305296625
2024-11-29,0.2287376375
2024-11-30,0.2287872375
2024-12-01,0.2276356
2024-12-02,0.2255168625
2024-12-03,0.22189965
2024-12-04,0.219912325
2024-12-05,0.219793025
2024-12-06,0.217988025
2024-12-07,0.215922475
2024-12-08,0.213917375
2024-12-09,0.2121959625
2024-12-10,0.2106518375
2024-12-11,0.2079191125
2024-12-12,0.20568915
2024-12-13,0.204907925
2024-12-14,0.2036109
2024-12-15,0.201994025
2024-12-16,0.1993226375
2024-12-17,0.19840505
2024-12-18,0.1971759375
2024-12-19,0.19479836250000002
2024-12-20,0.19513325
2024-12-21,0.2072346125
2024-12-22,0.20512231250000001
2024-12-23,0.20129045
2024-12-24,0.19823912500000002
2024-12-25,0.1971513125
2024-12-26,0.1954226
2024-12-27,0.1909771625
2024-12-28,0.18947672499999998
2024-12-29,0.1885550875
2024-12-30,0.1875464125
2024-12-31,0.1867702125
2025-01-01,0.1854370125
2025-01-02,0.1841424625
2025-01-03,0.18303321250000001
2025-01-04,0.1811408375
2025-01-05,0.1804205125
2025-01-06,0.181100675
2025-01-07,0.179886525
2025-01-08,0.1789588875
2025-01-09,0.1782784
2025-01-10,0.1771394625
2025-01-11,0.17583915
2025-01-12,0.1732668125
2025-01-13,0.1719302375
2025-01-14,0.17086575
2025-01-15,0.17010762499999998
2025-01-16,0.16917745
2025-01-17,0.16861803749999998
2025-01-18,0.1677853375
2025-01-19,0.16674725
2025-01-20,0.164250675
2025-01-21,0.1635151125
2025-01-22,0.1638700125
2025-01-23,0.1629356875
2025-01-24,0.161989775
2025-01-25,0.162120775
2025-01-26,0.1616540375
2025-01-27,0.1612452375
2025-01-28,0.1598118125
2025-01-29,0.15845395
2025-01-30,0.1583248875
2025-01-31,0.1574313375
2025-02-01,0.156729575
2025-02-02,0.1556298875
2025-02-03,0.15488605
2025-02-04,0.1539942875
2025-02-05,0.1526654125
2025-02-06,0.1513148875
2025-02-07,0.150115025
2025-02-08,0.1494373875
2025-02-09,0.1487187
2025-02-10,0.1478532625
2025-02-11,0.1475249625
2025-02-12,0.147143475
2025-02-13,0.145825075
2025-02-14,0.1446291375
2025-02-15,0.1432957625
2025-02-16,0.1421544
2025-02-17,0.14107896250000002
2025-02-18,0.1397566875
2025-02-19,0.14002866249999998
2025-02-20,0.1416037375
2025-02-21,0.137558325
2025-02-22,0.1364449125
2025-02-23,0.136695625
2025-02-24,0.1352354875
2025-02-25,0.1336394
2025-02-26,0.13273495
2025-02-27,0.131938525
2025-02-28,0.1312485125
2025-03-01,0.129998525
2025-03-02,0.1292464375
2025-03-03,0.1290453
2025-03-04,0.1274682375
2025-03-05,0.1260182875
2025-03-06,0.1255390125
2025-03-07,0.1242959
2025-03-08,0.1232575375
2025-03-09,0.1213026625
2025-03-10,0.12056069999999999
2025-03-11,0.12037565
2025-03-12,0.11914090000000001
2025-03-13,0.11814405
2025-03-14,0.11707615
2025-03-15,0.1168543125
2025-03-16,0.116428675
2025-03-17,0.1157564625
2025-03-18,0.1153133375
2025-03-19,0.1147798125
2025-03-20,0.11387405
2025-03-21,0.11454154999999999
2025-03-22,0.1125565125
2025-03-23,0.111858
2025-03-24,0.111148675
2025-03-25,0.1098214
2025-03-26,0.1093348
2025-03-27,0.1088857875
2025-03-28,0.108464875
2025-03-29,0.1080415
2025-03-30,0.1079978
2025-03-31,0.1071537125
2025-04-01,0.106352675
2025-04-02,0.1056168375
2025-04-03,0.10493075
2025-04-04,0.1043757625
2025-04-05,0.1041148125
2025-04-06,0.1038745875
2025-04-07,0.1030093625
2025-04-08,0.102297225
2025-04-09,0.1017442625
2025-04-10,0.1008040125
2025-04-11,0.1005060375
2025-04-12,0.10021665
2025-04-13,0.0995607
2025-04-14,0.0989559625
2025-04-15,0.0987758875
2025-04-16,0.0997111
2025-04-17,0.1042422125
2025-04-18,0.1025004375
2025-04-19,0.1049445125
2025-04-20,0.1091948375
2025-04-21,0.111783525
2025-04-22,0.1097206125
2025-04-23,0.1098176125
2025-04-24,0.1087275375
2025-04-25,0.107783
2025-04-26,0.108895725
2025-04-27,0.11480695
2025-04-28,0.116418175
2025-04-29,0.12748365
2025-04-30,0.1224119375
2025-05-01,0.1270610875
2025-05-02,0.1319402
2025-05-03,0.126689725
2025-05-04,0.12488735
2025-05-05,0.12339145
2025-05-06,0.123245175
2025-05-07,0.1222167625
2025-05-08,0.121409625
2025-05-09,0.1211385
2025-05-10,0.1206634875
2025-05-11,0.11962927500000001
2025-05-12,0.1189183
2025-05-13,0.1187626375
2025-05-14,0.122568225
2025-05-15,0.1240476875
2025-05-16,0.1213367125
2025-05-17,0.12284725
2025-05-18,0.12942395
2025-05-19,0.127670375
2025-05-20,0.131738925
2025-05-21,0.137940625
2025-05-22,0.1410307
2025-05-23,0.140267025
2025-05-24,0.1411468625
2025-05-25,0.1412165625
2025-05-26,0.1447954375
2025-05-27,0.1512752875
2025-05-28,0.1563841875
2025-05-29,0.203451775
2025-05-30,0.231749375
2025-05-31,0.2248879375
2025-06-01,0.230472275
2025-06-02,0.2335593625
2025-06-03,0.233157925
2025-06-04,0.2340608375
2025-06-05,0.2305469
2025-06-06,0.2292651
2025-06-07,0.22834205
2025-06-08,0.22450305
2025-06-09,0.221012425
2025-06-10,0.2215728875
2025-06-11,0.2241118875
2025-06-12,0.22102615
2025-06-13,0.2176008375
2025-06-14,0.2180213875
2025-06-15,0.2371360375
2025-06-16,0.23728811249999998
2025-06-17,0.250494475
2025-06-18,0.2651734
2025-06-19,0.2726888875
2025-06-20,0.2766930875
2025-06-21,0.2821199125
2025-06-22,0.278368375
2025-06-23,0.2767442
2025-06-24,0.273685625
2025-06-25,0.2725222875
2025-06-26,0.2745881125
2025-06-27,0.27726755000000003
2025-06-28,0.2736889875
2025-06-29,0.2730836375
2025-06-30,0.270735675
2025-07-01,0.268944625
2025-07-02,0.2660873875
2025-07-03,0.26488408750000003
2025-07-04,0.26738425
2025-07-05,0.2698831
2025-07-06,0.2721810875
2025-07-07,0.2823233125
2025-07-08,0.3220773875
2025-07-09,0.34355956249999997
2025-07-10,0.3494212125
2025-07-11,0.354067975
2025-07-12,0.3528084375
2025-07-13,0.356002425
2025-07-14,0.366360925
2025-07-15,0.366046975
2025-07-16,0.3626525125
2025-07-17,0.3623723625
2025-07-18,0.35969
2025-07-19,0.3557963375
2025-07-20,0.353600325
2025-07-21,0.3530419125
2025-07-22,0.3491547375
2025-07-23,0.3488879375
2025-07-24,0.36133105
2025-07-25,0.3635904875
2025-07-26,0.36293712499999997
2025-07-27,0.3646281625
2025-07-28,0.367688575
2025-07-29,0.3742784375
2025-07-30,0.3765704625
2025-07-31,0.3780887375
2025-08-01,0.37744703749999997
2025-08-02,0.37468575
2025-08-03,0.37548545
2025-08-04,0.3744195875
2025-08-05,0.37368985
2025-08-06,0.37583195
2025-08-07,0.3775698
2025-08-08,0.3809802
2025-08-09,0.3783760125
2025-08-10,0.37175566250000003
2025-08-11,0.364694825
2025-08-12,0.3597255
2025-08-13,0.3622835625
2025-08-14,0.3601792125
2025-08-15,0.358499525
2025-08-16,0.359468375
2025-08-17,0.3643347375
2025-08-18,0.362035825
2025-08-19,0.35876085
2025-08-20,0.35983175
2025-08-21,0.3638627625
2025-08-22,0.3660562
2025-08-23,0.371138475
2025-08-24,0.371989825
2025-08-25,0.366921325
2025-08-26,0.3608503125
2025-08-27,0.3563282
2025-08-28,0.35140906250000004
2025-08-29,0.3478994125
2025-08-30,0.3465857375
2025-08-31,0.3437119625
2025-09-01,0.3385973375
2025-09-02,0.334668075
2025-09-03,0.330432975
2025-09-04,0.329192925
2025-09-05,0.32608041249999997
2025-09-06,0.32376025
2025-09-07,0.3257568125
2025-09-08,0.3258288
2025-09-09,0.3272543
2025-09-10,0.3262403875
2025-09-11,0.324359825
2025-09-12,0.3289414125
2025-09-13,0.3335588
2025-09-14,0.339367625
2025-09-15,0.3453375
2025-09-16,0.3457994625
2025-09-17,0.3417953125
2025-09-18,0.3361471875
2025-09-19,0.3344627125
2025-09-20,0.3369689875
2025-09-21,0.33704507499999997
2025-09-22,0.3559143875
2025-09-23,0.355006825
2025-09-24,0.35136236249999997
2025-09-25,0.3474032625
2025-09-26,0.34197468750000004
2025-09-27,0.336971175
2025-09-28,0.3346177125
2025-09-29,0.33175587500000003
2025-09-30,0.33384936249999997
2025-10-01,0.3503808625
2025-10-02,0.3584075625
2025-10-03,0.3591636625
2025-10-04,0.35445448749999997
2025-10-05,0.3509049
2025-10-06,0.34872512499999997
2025-10-07,0.345585725
2025-10-08,0.3429430125
2025-10-09,0.34069187500000003
2025-10-10,0.3372765375
2025-10-11,0.33283135
2025-10-12,0.3290430375
2025-10-13,0.3231055125
2025-10-14,0.31768305
2025-10-15,0.31264225
2025-10-16,0.3070898875
2025-10-17,0.30384465
2025-10-18,0.300391525
2025-10-19,0.294732375
2025-10-20,0.2902264
2025-10-21,0.2858620875
2025-10-22,0.281551075
2025-10-23,0.277665375
2025-10-24,0.2740611125
2025-10-25,0.27102953750000003
2025-10-26,0.26804645
2025-10-27,0.2637559625
2025-10-28,0.2593624125
2025-10-29,0.2569326375
2025-10-30,0.2550245125
2025-10-31,0.2523290375
2025-11-01,0.2476739
2025-11-02,0.2465648875
2025-11-03,0.2443979375
2025-11-04,0.24249084999999998
2025-11-05,0.2436797875
2025-11-06,0.24059624999999998
2025-11-07,0.2373859625
2025-11-08,0.2340713
2025-11-09,0.23107145
2025-11-10,0.229395725
2025-11-11,0.2276625125
2025-11-12,0.22434310000000002
2025-11-13,0.2213544375
2025-11-14,0.2196717375
2025-11-15,0.2177782
2025-11-16,0.21577364999999998
2025-11-17,0.2136498125
2025-11-18,0.2113589125
2025-11-19,0.2089163
2025-11-20,0.2062418375
2025-11-21,0.2037721875
2025-11-22,0.2023218625
2025-11-23,0.200594
2025-11-24,0.198704625
2025-11-25,0.197486125
2025-11-26,0.1958661875
2025-11-27,0.1941187125
2025-11-28,0.19110032500000002
2025-11-29,0.188865425
2025-11-30,0.18836239999999999
2025-12-01,0.186125675
2025-12-02,0.18445635
2025-12-03,0.1837306875
2025-12-04,0.1827446375
2025-12-05,0.1815120875
2025-12-06,0.17939445
2025-12-07,0.1780627125
2025-12-08,0.1780404125
2025-12-09,0.1772354375
2025-12-10,0.17622218750000002
2025-12-11,0.17473435
2025-12-12,0.17398045
2025-12-13,0.1735072875
2025-12-14,0.1710941625
2025-12-15,0.1696962125
2025-12-16,0.1692484875
2025-12-17,0.1685815375
2025-12-18,0.167642275
2025-12-19,0.166454175
2025-12-20,0.1655111875
2025-12-21,0.1645431125
2025-12-22,0.1635659
2025-12-23,0.162724925
2025-12-24,0.1631877
2025-12-25,0.1621775125
2025-12-26,0.16114935
2025-12-27,0.1604581
2025-12-28,0.159638575
2025-12-29,0.15889275
2025-12-30,0.158355575
2025-12-31,0.1576792
2026-01-01,0.1577026625
2026-01-02,0.1570587375
2026-01-03,0.1564793875
2026-01-04,0.1549688125
2026-01-05,0.1550779125
2026-01-06,0.1550274375
2026-01-07,0.153895175
2026-01-08,0.1529938875
2026-01-09,0.15265365
2026-01-10,0.1521216125
2026-01-11,0.1516498625
2026-01-12,0.15076772500000002
2026-01-13,0.1500835625
2026-01-14,0.1494028375
2026-01-15,0.1483791125
2026-01-16,0.14756202499999999
2026-01-17,0.1474036875
2026-01-18,0.1461807625
2026-01-19,0.1450064375
2026-01-20,0.145025375
2026-01-21,0.1444976
2026-01-22,0.1439500375
2026-01-23,0.142974775
2026-01-24,0.142121625
2026-01-25,0.14201205
2026-01-26,0.14092545
2026-01-27,0.139904925
2026-01-28,0.13991955
2026-01-29,0.1392103125
2026-01-30,0.1384908625
2026-01-31,0.137633825
2026-02-01,0.136836675
2026-02-02,0.1374716375
2026-02-03,0.13678235
2026-02-04,0.136201275
2026-02-05,0.13579955
2026-02-06,0.1353280625
2026-02-07,0.134935175
2026-02-08,0.13427585
2026-02-09,0.133587
2026-02-10,0.1342516375
2026-02-11,0.1334462125
2026-02-12,0.132531775
2026-02-13,0.1323331625
2026-02-14,0.13126545
2026-02-15,0.130184275
2026-02-16,0.12996
2026-02-17,0.129121175
2026-02-18,0.1297015375
2026-02-19,0.128842325
2026-02-20,0.128158125
2026-02-21,0.1278726375
2026-02-22,0.1269306
2026-02-23,0.1261133
2026-02-24,0.1250211
2026-02-25,0.1245369375
2026-02-26,0.124309775
2026-02-27,0.1236333125
2026-02-28,0.122865875
2026-03-01,0.1223775375
2026-03-02,0.1215308125
2026-03-03,0.1206154
2026-03-04,0.119875325
2026-03-05,0.11910985
2026-03-06,0.11917507499999999
2026-03-07,0.1182099625
2026-03-08,0.11744761249999999
2026-03-09,0.1167413875
2026-03-10,0.1160688875
2026-03-11,0.11538082499999999
2026-03-12,0.1146954625
2026-03-13,0.11521855
2026-03-14,0.115527325
2026-03-15,0.1148209875
2026-03-16,0.1156466625
2026-03-17,0.11388788749999999
2026-03-18,0.119269825
2026-03-19,0.1282520375
2026-03-20,0.1172218375
2026-03-21,0.120957475
2026-03-22,0.1159019
2026-03-23,0.114296925
2026-03-24,0.1128038125
2026-03-25,0.111902775
2026-03-26,0.1111950375
2026-03-27,0.1103554625
2026-03-28,0.1113514875
2026-03-29,0.1110729125
2026-03-30,0.10974935
2026-03-31,0.11095395
2026-04-01,0.1121031875
2026-04-02,0.108450625
2026-04-03,0.107967325
2026-04-04,0.1077132125
2026-04-05,0.1071738625
2026-04-06,0.1089800375
2026-04-07,0.1184698
2026-04-08,0.116651525
2026-04-09,0.12117855
2026-04-10,0.11949155
2026-04-11,0.11691455
2026-04-12,0.1150457875
2026-04-13,0.1134243625
2026-04-14,0.1127418625
2026-04-15,0.1128829875
2026-04-16,0.11360495
2026-04-17,0.1137165125
2026-04-18,0.112575675
2026-04-19,0.1117595375
2026-04-20,0.1108901625
2026-04-21,0.110018025
2026-04-22,0.10892621250000001
2026-04-23,0.108265075
2026-04-24,0.10806025
2026-04-25,0.10768726249999999
2026-04-26,0.10738805
2026-04-27,0.1096685375
2026-04-28,0.125250675
2026-04-29,0.147252725
2026-04-30,0.1498965
2026-05-01,0.1431800125
2026-05-02,0.1471707875
2026-05-03,0.156574775
2026-05-04,0.160365625
2026-05-05,0.16139245
2026-05-06,0.15869901250000001
2026-05-07,0.15824826250000001
2026-05-08,0.1558506375
2026-05-09,0.153179475
2026-05-10,0.1515785375
2026-05-11,0.1542369
2026-05-12,0.1547177875
2026-05-13,0.1519608
2026-05-14,0.1517102375
2026-05-15,0.1497586625
2026-05-16,0.1474783875
2026-05-17,0.1466221875
2026-05-18,0.1461553875
2026-05-19,0.1464211125
2026-05-20,0.1449086375
2026-05-21,0.142887275
2026-05-22,0.14188771249999999
2026-05-23,0.144072575
2026-05-24,0.157003175
2026-05-25,0.189762975
2026-05-26,0.19737475
2026-05-27,0.1953909875
2026-05-28,0.1941186375
2026-05-29,0.192050375
2026-05-30,0.18932695
2026-05-31,0.1849257
2026-06-01,0.1812755625
2026-06-02,0.178941775
2026-06-03,0.1757873875
2026-06-04,0.1748831625
2026-06-05,0.1811938875
2026-06-06,0.18927815
2026-06-07,0.1878966375
2026-06-08,0.1842899875
2026-06-09,0.186333475
2026-06-10,0.19113145
2026-06-11,0.189137375
2026-06-12,0.193762775
2026-06-13,0.19438516249999999
2026-06-14,0.1939815125
2026-06-15,0.195573275
2026-06-16,0.1928133125
2026-06-17,0.1912724125
2026-06-18,0.18958755
2026-06-19,0.1887742
2026-06-20,0.1895131375
2026-06-21,0.1888439375
2026-06-22,0.1893655875
2026-06-23,0.19202687499999999
2026-06-24,0.1944077125
2026-06-25,0.1930926625
2026-06-26,0.1910694125
2026-06-27,0.1885142
2026-06-28,0.19124415
2026-06-29,0.195062025
2026-06-30,0.196170325
2026-07-01,0.2033064
2026-07-02,0.20290345
2026-07-03,0.20249695
2026-07-04,0.202834075
2026-07-05,0.22131945
2026-07-06,0.23730394999999999
2026-07-07,0.24732027499999998
2026-07-08,0.2591431875
2026-07-09,0.2662854875
2026-07-10,0.2697544875
2026-07-11,0.27137345
2026-07-12,0.27678945
2026-07-13,0.2813411
2026-07-14,0.277987675
2026-07-15,0.2758250625
2026-07-16,0.2784823375
2026-07-17,0.285067
2026-07-18,0.28230265
2026-07-19,0.284300525
2026-07-20,0.2871394875
2026-07-21,0.28657140000000003
2026-07-22,0.289043425
2026-07-23,0.29097165
2026-07-24,0.2908595125
2026-07-25,0.2887197875
2026-07-26,0.2838367125
2026-07-27,0.2860247625
2026-07-28,0.2867039625
2026-07-29,0.29031005
2026-07-30,0.2997783875
2026-07-31,0.29767555
2026-08-01,0.295459625
2026-08-02,0.29697655
2026-08-03,0.3003534125
2026-08-04,0.3055722
2026-08-05,0.314695575
2026-08-06,0.3211004875
2026-08-07,0.3241157125
2026-08-08,0.3251613875
2026-08-09,0.322163875
2026-08-10,0.3188032125
2026-08-11,0.31431925
2026-08-12,0.31213205
2026-08-13,0.31364955
2026-08-14,0.31273273749999997
2026-08-15,0.3087991625
2026-08-16,0.309386025
2026-08-17,0.3181867625
2026-08-18,0.322342425
2026-08-19,0.3197245375
2026-08-20,0.3174109875
2026-08-21,0.315866625
2026-08-22,0.3171857375
2026-08-23,0.318940675
2026-08-24,0.3200572375
2026-08-25,0.3209723875
2026-08-26,0.3197677375
2026-08-27,0.3183461125
2026-08-28,0.31849832499999997
2026-08-29,0.315153075
2026-08-30,0.31402025
2026-08-31,0.3137760375
2026-09-01,0.3137266125
2026-09-02,0.314243075
2026-09-03,0.320430725
2026-09-04,0.320198575
2026-09-05,0.3183993375
2026-09-06,0.3175197875
2026-09-07,0.314861625
2026-09-08,0.312128875
2026-09-09,0.3114618125
2026-09-10,0.3101291875
2026-09-11,0.30655367499999997
2026-09-12,0.301371675
2026-09-13,0.2974177625
2026-09-14,0.29434865
2026-09-15,0.28956645000000003
2026-09-16,0.2856108875
2026-09-17,0.281900825
2026-09-18,0.27927342499999996
2026-09-19,0.278251725
2026-09-20,0.29254742499999997
