date,sm_rootzone
2015-03-31,0.1900523125
2015-04-01,0.18891534999999998
2015-04-02,0.1996534
2015-04-03,0.207862025
2015-04-04,0.230059125
2015-04-05,0.2482177375
2015-04-06,0.2535262375
2015-04-07,0.240897425
2015-04-08,0.2337816125
2015-04-09,0.232807475
2015-04-10,0.2346108875
2015-04-11,0.233534425
2015-04-12,0.23634222500000002
2015-04-13,0.2357620625
2015-04-14,0.2310608875
2015-04-15,0.2269655125
2015-04-16,0.22487325
2015-04-17,0.22318435
2015-04-18,0.2397091875
2015-04-19,0.2447380625
2015-04-20,0.2606953875
2015-04-21,0.2863296875
2015-04-22,0.3025412
2015-04-23,0.3031228875
2015-04-24,0.2972941375
2015-04-25,0.2893335625
2015-04-26,0.28451155
2015-04-27,0.281927225
2015-04-28,0.27852014999999997
2015-04-29,0.28588795
2015-04-30,0.28595709999999996
2015-05-01,0.287468375
2015-05-02,0.299065725
2015-05-03,0.3169062
2015-05-04,0.3138383875
2015-05-05,0.30724555
2015-05-06,0.3026516625
2015-05-07,0.3059669875
2015-05-08,0.3196485
2015-05-09,0.3112224625
2015-05-10,0.3291006875
2015-05-11,0.33975038750000003
2015-05-12,0.3258061375
2015-05-13,0.326122325
2015-05-14,0.3368529375
2015-05-15,0.341091475
2015-05-16,0.3404516625
2015-05-17,0.3335468375
2015-05-18,0.328137125
2015-05-19,0.3229104875
2015-05-20,0.3180210625
2015-05-21,0.3194399875
2015-05-22,0.3215373375
2015-05-23,0.332988975
2015-05-24,0.3326440125
2015-05-25,0.3275466625
2015-05-26,0.3261761375
2015-05-27,0.3360211625
2015-05-28,0.33822525
2015-05-29,0.3408536125
2015-05-30,0.3542656875
2015-05-31,0.358674825
2015-06-01,0.3579631375
2015-06-02,0.3603706875
2015-06-03,0.3557763375
2015-06-04,0.348932825
2015-06-05,0.3480073875
2015-06-06,0.3579849125
2015-06-07,0.3602074125
2015-06-08,0.36450235
2015-06-09,0.3774930125
2015-06-10,0.39687455
2015-06-11,0.4104731125
2015-06-12,0.41806375
2015-06-13,0.41883855000000003
2015-06-14,0.418301775
2015-06-15,0.41531755
2015-06-16,0.41384675
2015-06-17,0.40969105
2015-06-18,0.4058466875
2015-06-19,0.40029092499999996
2015-06-20,0.40006385
2015-06-21,0.399721
2015-06-22,0.3999935375
2015-06-23,0.3988712125
2015-06-24,0.3966519
2015-06-25,0.391893875
2015-06-26,0.3855747
2015-06-27,0.38036205
2015-06-28,0.3732376375
2015-06-29,0.3653018375
2015-06-30,0.356818725
2015-07-01,0.3479341875
2015-07-02,0.3405805125
2015-07-03,0.33492165
2015-07-04,0.3375595625
2015-07-05,0.3478815375
2015-07-06,0.3459263125
2015-07-07,0.3444981125
2015-07-08,0.343070425
2015-07-09,0.3478398625
2015-07-10,0.3469634125
2015-07-11,0.34837745000000003
2015-07-12,0.3479821875
2015-07-13,0.3469751
2015-07-14,0.35242
2015-07-15,0.3610687625
2015-07-16,0.36634781250000004
2015-07-17,0.371652475
2015-07-18,0.37568813749999996
2015-07-19,0.3786600875
2015-07-20,0.3809900625
2015-07-21,0.380045775
2015-07-22,0.37884131249999997
2015-07-23,0.3774396
2015-07-24,0.37931682499999997
2015-07-25,0.3761104375
2015-07-26,0.3711495375
2015-07-27,0.365322725
2015-07-28,0.3587572375
2015-07-29,0.3506332
2015-07-30,0.3420616125
2015-07-31,0.3493159375
2015-08-01,0.349127125
2015-08-02,0.35132715
2015-08-03,0.344133925
2015-08-04,0.3447290375
2015-08-05,0.3481854625
2015-08-06,0.351462325
2015-08-07,0.3601484375
2015-08-08,0.367840025
2015-08-09,0.3694379375
2015-08-10,0.3754984375
2015-08-11,0.38014585
2015-08-12,0.3839172
2015-08-13,0.3846081375
2015-08-14,0.382960075
2015-08-15,0.3808185625
2015-08-16,0.376753675
2015-08-17,0.370576275
2015-08-18,0.3723921625
2015-08-19,0.390258175
2015-08-20,0.407204
2015-08-21,0.40907745
2015-08-22,0.4051828125
2015-08-23,0.4042556625
2015-08-24,0.4070646875
2015-08-25,0.406208275
2015-08-26,0.4068111125
2015-08-27,0.40858075
2015-08-28,0.4040205625
2015-08-29,0.400285025
2015-08-30,0.4014635875
2015-08-31,0.406735625
2015-09-01,0.4180006625
2015-09-02,0.41413998750000003
2015-09-03,0.412841475
2015-09-04,0.417504025
2015-09-05,0.413193
2015-09-06,0.4068270375
2015-09-07,0.4043552375
2015-09-08,0.400204675
2015-09-09,0.39591155
2015-09-10,0.3976257625
2015-09-11,0.40199885
2015-09-12,0.395295775
2015-09-13,0.395602425
2015-09-14,0.4022783125
2015-09-15,0.4047898625
2015-09-16,0.40233875
2015-09-17,0.3946886375
2015-09-18,0.38954935
2015-09-19,0.3902472875
2015-09-20,0.391755975
2015-09-21,0.39032345
2015-09-22,0.3875119
2015-09-23,0.38789
2015-09-24,0.39206535
2015-09-25,0.3879537375
2015-09-26,0.381458625
2015-09-27,0.3756279
2015-09-28,0.37021955
2015-09-29,0.365661025
2015-09-30,0.359622375
2015-10-01,0.35509837499999997
2015-10-02,0.351011
2015-10-03,0.348827525
2015-10-04,0.3443136375
2015-10-05,0.3435052125
2015-10-06,0.34037315
2015-10-07,0.33914365
2015-10-08,0.34014062500000003
2015-10-09,0.3362905875
2015-10-10,0.3347759625
2015-10-11,0.33185025
2015-10-12,0.3287265625
2015-10-13,0.3265951375
2015-10-14,0.32650735
2015-10-15,0.3244581875
2015-10-16,0.32188893749999997
2015-10-17,0.3200025375
2015-10-18,0.317896275
2015-10-19,0.3164213
2015-10-20,0.3147602875
2015-10-21,0.3139128125
2015-10-22,0.3123200875
2015-10-23,0.31128325
2015-10-24,0.310571425
2015-10-25,0.3094102625
2015-10-26,0.3080190875
2015-10-27,0.306466025
2015-10-28,0.304944175
2015-10-29,0.3043515875
2015-10-30,0.3043119875
2015-10-31,0.3089033875
2015-11-01,0.3070962125
2015-11-02,0.3057447375
2015-11-03,0.3036009875
2015-11-04,0.302550225
2015-11-05,0.3011234125
2015-11-06,0.29925255
2015-11-07,0.29837199999999997
2015-11-08,0.2977140125
2015-11-09,0.2974216625
2015-11-10,0.2969371125
2015-11-11,0.29564111249999997
2015-11-12,0.2951269125
2015-11-13,0.293828875
2015-11-14,0.293091525
2015-11-15,0.2926054125
2015-11-16,0.2915796
2015-11-17,0.2915057625
2015-11-18,0.29271366249999997
2015-11-19,0.2895513875
2015-11-20,0.2880625
2015-11-21,0.2856221875
2015-11-22,0.2845010125
2015-11-23,0.2835664375
2015-11-24,0.28327665
2015-11-25,0.2816602
2015-11-26,0.2802849125
2015-11-27,0.278974475
2015-11-28,0.2784627875
2015-11-29,0.276825475
2015-11-30,0.2766665875
2015-12-01,0.27587582499999996
2015-12-02,0.2753391375
2015-12-03,0.275234525
2015-12-04,0.27622655
2015-12-05,0.2761043875
2015-12-06,0.274758225
2015-12-07,0.2734917
2015-12-08,0.273872375
2015-12-09,0.273080475
2015-12-10,0.2721353875
2015-12-11,0.2710669875
2015-12-12,0.2702805125
2015-12-13,0.2698632875
2015-12-14,0.2690779875
2015-12-15,0.26825466249999996
2015-12-16,0.2673296125
2015-12-17,0.2665386875
2015-12-18,0.267096525
2015-12-19,0.2665310375
2015-12-20,0.26591645
2015-12-21,0.2650919375
2015-12-22,0.26430235
2015-12-23,0.263571375
2015-12-24,0.262366425
2015-12-25,0.261670825
2015-12-26,0.261554175
2015-12-27,0.260763975
2015-12-28,0.260095625
2015-12-29,0.2599482375
2015-12-30,0.2588863375
2015-12-31,0.2577778125
2016-01-01,0.25675525
2016-01-02,0.2555859
2016-01-03,0.2557000125
2016-01-04,0.2552741125
2016-01-05,0.2547109
2016-01-06,0.25429425
2016-01-07,0.2533161875
2016-01-08,0.25245265
2016-01-09,0.2520082875
2016-01-10,0.2515182625
2016-01-11,0.2511847125
2016-01-12,0.2504851
2016-01-13,0.2498877125
2016-01-14,0.2497157625
2016-01-15,0.24885935
2016-01-16,0.2482140875
2016-01-17,0.2472834875
2016-01-18,0.2460279125
2016-01-19,0.245518325
2016-01-20,0.248687025
2016-01-21,0.2509217375
2016-01-22,0.249845575
2016-01-23,0.2488911375
2016-01-24,0.248172075
2016-01-25,0.2468874125
2016-01-26,0.2463722875
2016-01-27,0.246250275
2016-01-28,0.245915675
2016-01-29,0.2455906375
2016-01-30,0.24500315
2016-01-31,0.2440145625
2016-02-01,0.2431004625
2016-02-02,0.2433176625
2016-02-03,0.2424013125
2016-02-04,0.2413481625
2016-02-05,0.2405101875
2016-02-06,0.23963913750000002
2016-02-07,0.23938394999999998
2016-02-08,0.23844761250000002
2016-02-09,0.2393838875
2016-02-10,0.2398297
2016-02-11,0.2388871375
2016-02-12,0.2395829125
2016-02-13,0.2382484875
2016-02-14,0.236526475
2016-02-15,0.235388625
2016-02-16,0.2338819125
2016-02-17,0.2320732
2016-02-18,0.2311867625
2016-02-19,0.2299115875
2016-02-20,0.22937155
2016-02-21,0.22879885
2016-02-22,0.2297143
2016-02-23,0.22893085
2016-02-24,0.2331619
2016-02-25,0.232000925
2016-02-26,0.2319989875
2016-02-27,0.229801175
2016-02-28,0.2271061125
2016-02-29,0.22431445
2016-03-01,0.2220589125
2016-03-02,0.22026325
2016-03-03,0.21833205
2016-03-04,0.216667775
2016-03-05,0.2159246625
2016-03-06,0.21415845
2016-03-07,0.21297270000000001
2016-03-08,0.2107858125
2016-03-09,0.208924125
2016-03-10,0.2088324625
2016-03-11,0.2071984375
2016-03-12,0.2059038625
2016-03-13,0.204633075
2016-03-14,0.2026867875
2016-03-15,0.2012270875
2016-03-16,0.1994041875
2016-03-17,0.197247025
2016-03-18,0.195618625
2016-03-19,0.1949881
2016-03-20,0.1986390875
2016-03-21,0.200755975
2016-03-22,0.2002906125
2016-03-23,0.1993051625
2016-03-24,0.197025025
2016-03-25,0.19463455
2016-03-26,0.19298935
2016-03-27,0.1923317125
2016-03-28,0.2226226875
2016-03-29,0.2409271375
2016-03-30,0.2373654
2016-03-31,0.2382652875
2016-04-01,0.2335650875
2016-04-02,0.226665575
2016-04-03,0.2272543125
2016-04-04,0.2407143375
2016-04-05,0.274651975
2016-04-06,0.3223143625
2016-04-07,0.329679725
2016-04-08,0.322902325
2016-04-09,0.3135424625
2016-04-10,0.304744925
2016-04-11,0.3028952125
2016-04-12,0.2994558
2016-04-13,0.2999773625
2016-04-14,0.31098000000000003
2016-04-15,0.3146283875
2016-04-16,0.32972267499999997
2016-04-17,0.3523438375
2016-04-18,0.349006725
2016-04-19,0.3419913375
2016-04-20,0.334731625
2016-04-21,0.3525659
2016-04-22,0.3639535375
2016-04-23,0.360950525
2016-04-24,0.3541433875
2016-04-25,0.3489732375
2016-04-26,0.350641625
2016-04-27,0.35446465
2016-04-28,0.355762825
2016-04-29,0.3473844375
2016-04-30,0.3519232625
2016-05-01,0.3518985875
2016-05-02,0.3495489375
2016-05-03,0.3464276125
2016-05-04,0.35852415
2016-05-05,0.3597009625
2016-05-06,0.3583017625
2016-05-07,0.3567904
2016-05-08,0.3530973375
2016-05-09,0.3463249
2016-05-10,0.3408001875
2016-05-11,0.3360577
2016-05-12,0.3357712625
2016-05-13,0.3456310875
2016-05-14,0.356868475
2016-05-15,0.358106325
2016-05-16,0.363503625
2016-05-17,0.372993
2016-05-18,0.3824920375
2016-05-19,0.3897416625
2016-05-20,0.3875076
2016-05-21,0.3942883125
2016-05-22,0.3992592125
2016-05-23,0.3919400625
2016-05-24,0.388265525
2016-05-25,0.3851017375
2016-05-26,0.3808185375
2016-05-27,0.37717975
2016-05-28,0.375928525
2016-05-29,0.3702823625
2016-05-30,0.36531905
2016-05-31,0.3628518
2016-06-01,0.35885605
2016-06-02,0.351663475
2016-06-03,0.3457947875
2016-06-04,0.3423044
2016-06-05,0.3396548875
2016-06-06,0.3404512625
2016-06-07,0.35548985
2016-06-08,0.3530588875
2016-06-09,0.35075205
2016-06-10,0.34589035
2016-06-11,0.344719675
2016-06-12,0.343324425
2016-06-13,0.3401280625
2016-06-14,0.3434390875
2016-06-15,0.3438729125
2016-06-16,0.341176225
2016-06-17,0.3422371625
2016-06-18,0.3401590125
2016-06-19,0.3401324625
2016-06-20,0.346327675
2016-06-21,0.353963075
2016-06-22,0.3569147375
2016-06-23,0.374876475
2016-06-24,0.373918475
2016-06-25,0.36892590000000003
2016-06-26,0.3627318375
2016-06-27,0.369802075
2016-06-28,0.36380996250000003
2016-06-29,0.3577646125
2016-06-30,0.35642885
2016-07-01,0.35417535
2016-07-02,0.3556229125
2016-07-03,0.3609180125
2016-07-04,0.364504775
2016-07-05,0.3637772
2016-07-06,0.363731525
2016-07-07,0.3615889625
2016-07-08,0.3750572125
2016-07-09,0.37829809999999997
2016-07-10,0.3783718125
2016-07-11,0.3745468625
2016-07-12,0.3699878875
2016-07-13,0.36540435
2016-07-14,0.365874125
2016-07-15,0.3638573625
2016-07-16,0.3680618
2016-07-17,0.366445275
2016-07-18,0.367489325
2016-07-19,0.37573185
2016-07-20,0.3807040375
2016-07-21,0.381663225
2016-07-22,0.383424125
2016-07-23,0.3933077625
2016-07-24,0.397354475
2016-07-25,0.40274775
2016-07-26,0.403162
2016-07-27,0.40052329999999997
2016-07-28,0.3975777625
2016-07-29,0.3963501375
2016-07-30,0.39456077500000003
2016-07-31,0.39117168750000003
2016-08-01,0.38570075
2016-08-02,0.3791402625
2016-08-03,0.36944971249999997
2016-08-04,0.368370425
2016-08-05,0.3719186375
2016-08-06,0.3689999375
2016-08-07,0.36493225
2016-08-08,0.3596870125
2016-08-09,0.3585459
2016-08-10,0.3571142
2016-08-11,0.3545441875
2016-08-12,0.349499425
2016-08-13,0.3479870375
2016-08-14,0.345326925
2016-08-15,0.350544025
2016-08-16,0.348467625
2016-08-17,0.345307675
2016-08-18,0.3432507625
2016-08-19,0.337600925
2016-08-20,0.3335033375
2016-08-21,0.3316504125
2016-08-22,0.3281000375
2016-08-23,0.3250591875
2016-08-24,0.322154975
2016-08-25,0.32019437500000003
2016-08-26,0.3217800125
2016-08-27,0.3200501625
2016-08-28,0.32063555
2016-08-29,0.3194952125
2016-08-30,0.3286228875
2016-08-31,0.3393525125
2016-09-01,0.3467867875
2016-09-02,0.345410725
2016-09-03,0.3410556875
2016-09-04,0.338892425
2016-09-05,0.33750342499999997
2016-09-06,0.3381165875
2016-09-07,0.33606855
2016-09-08,0.33713021249999997
2016-09-09,0.333926775
2016-09-10,0.3317196
2016-09-11,0.3326942125
2016-09-12,0.3387665125
2016-09-13,0.354959825
2016-09-14,0.353415375
2016-09-15,0.3506643625
2016-09-16,0.346727575
2016-09-17,0.346249825
2016-09-18,0.3470508
2016-09-19,0.3543444125
2016-09-20,0.3591501875
2016-09-21,0.3612822625
2016-09-22,0.3696211375
2016-09-23,0.3674280875
2016-09-24,0.3673516
2016-09-25,0.37026025
2016-09-26,0.37457467499999997
2016-09-27,0.3698049625
2016-09-28,0.366676825
2016-09-29,0.3645087
2016-09-30,0.36141515
2016-10-01,0.3553414875
2016-10-02,0.35177125
2016-10-03,0.3476635375
2016-10-04,0.3431105875
2016-10-05,0.3416551625
2016-10-06,0.3376763625
2016-10-07,0.33686145
2016-10-08,0.339309925
2016-10-09,0.342340425
2016-10-10,0.342225475
2016-10-11,0.3441772625
2016-10-12,0.3441382625
2016-10-13,0.3420426125
2016-10-14,0.33743870000000004
2016-10-15,0.3323023
2016-10-16,0.32833735
2016-10-17,0.32481545
2016-10-18,0.3213924125
2016-10-19,0.31889262500000004
2016-10-20,0.3158432375
2016-10-21,0.3141532125
2016-10-22,0.31220797499999997
2016-10-23,0.310690125
2016-10-24,0.310285475
2016-10-25,0.30923022499999997
2016-10-26,0.308365625
2016-10-27,0.3209338125
2016-10-28,0.3158628125
2016-10-29,0.31213195
2016-10-30,0.3097664625
2016-10-31,0.30705655
2016-11-01,0.3052309875
2016-11-02,0.3041403625
2016-11-03,0.3036077
2016-11-04,0.3158351
2016-11-05,0.322641625
2016-11-06,0.333492075
2016-11-07,0.3232281375
2016-11-08,0.3179568875
2016-11-09,0.315264775
2016-11-10,0.314333
2016-11-11,0.3126535625
2016-11-12,0.31145345
2016-11-13,0.3107586875
2016-11-14,0.309122475
2016-11-15,0.3080501625
2016-11-16,0.307390975
2016-11-17,0.3065658375
2016-11-18,0.30652182499999997
2016-11-19,0.30586325
2016-11-20,0.30506485
2016-11-21,0.30448985
2016-11-22,0.3035720875
2016-11-23,0.30280236250000003
2016-11-24,0.3021525625
2016-11-25,0.301602825
2016-11-26,0.301421575
2016-11-27,0.3010934625
2016-11-28,0.3006956625
2016-11-29,0.2990315875
2016-11-30,0.2985600375
2016-12-01,0.2984652125
2016-12-02,0.2985178
2016-12-03,0.297523175
2016-12-04,0.2969101625
2016-12-05,0.2955155125
2016-12-06,0.29421722499999997
2016-12-07,0.2930555875
2016-12-08,0.2909419125
2016-12-09,0.287925525
2016-12-10,0.28936955
2016-12-11,0.2892228125
2016-12-12,0.288576425
2016-12-13,0.287785025
2016-12-14,0.28690031250000003
2016-12-15,0.28583815
2016-12-16,0.284496875
2016-12-17,0.2829434875
2016-12-18,0.2827570625
2016-12-19,0.2827790875
2016-12-20,0.283274625
2016-12-21,0.2826138375
2016-12-22,0.2813187375
2016-12-23,0.2804412
2016-12-24,0.279701325
2016-12-25,0.2780118375
2016-12-26,0.27746575
2016-12-27,0.2773704
2016-12-28,0.277291925
2016-12-29,0.27599155000000003
2016-12-30,0.2748594875
2016-12-31,0.274455
2017-01-01,0.2736401625
2017-01-02,0.271833975
2017-01-03,0.2723429625
2017-01-04,0.272068475
2017-01-05,0.27137395
2017-01-06,0.270536825
2017-01-07,0.2696699375
2017-01-08,0.2684778375
2017-01-09,0.267488425
2017-01-10,0.2661268875
2017-01-11,0.2668700875
2017-01-12,0.266483925
2017-01-13,0.265657075
2017-01-14,0.2646262125
2017-01-15,0.263511025
2017-01-16,0.262140175
2017-01-17,0.261509675
2017-01-18,0.25995626250000003
2017-01-19,0.26011962499999997
2017-01-20,0.2602984
2017-01-21,0.2593493
2017-01-22,0.25828825
2017-01-23,0.2572851375
2017-01-24,0.25620975
2017-01-25,0.2548681
2017-01-26,0.2534514125
2017-01-27,0.2542089875
2017-01-28,0.2538565125
2017-01-29,0.25276155
2017-01-30,0.2517972375
2017-01-31,0.25103075
2017-02-01,0.24986402500000002
2017-02-02,0.2491170875
2017-02-03,0.24758534999999998
2017-02-04,0.2465336125
2017-02-05,0.245499425
2017-02-06,0.245299575
2017-02-07,0.24456505
2017-02-08,0.24375235
2017-02-09,0.2420998875
2017-02-10,0.240733675
2017-02-11,0.2390341125
2017-02-12,0.2393549
2017-02-13,0.238694775
2017-02-14,0.2375103875
2017-02-15,0.236089825
2017-02-16,0.2346570875
2017-02-17,0.2327829625
2017-02-18,0.2316635875
2017-02-19,0.2302922625
2017-02-20,0.2354661875
2017-02-21,0.2639112
2017-02-22,0.25855915
2017-02-23,0.2545398375
2017-02-24,0.2502500375
2017-02-25,0.247448775
2017-02-26,0.24559885
2017-02-27,0.24421642500000001
2017-02-28,0.2439624125
2017-03-01,0.242355175
2017-03-02,0.2406342
2017-03-03,0.2393035125
2017-03-04,0.2400666375
2017-03-05,0.2391087875
2017-03-06,0.2379872875
2017-03-07,0.23514169999999998
2017-03-08,0.2355898875
2017-03-09,0.240028825
2017-03-10,0.2378389
2017-03-11,0.252742725
2017-03-12,0.24863152500000002
2017-03-13,0.243949925
2017-03-14,0.2404227625
2017-03-15,0.2371365375
2017-03-16,0.23594375
2017-03-17,0.2345475
2017-03-18,0.2387349125
2017-03-19,0.2393121125
2017-03-20,0.248962525
2017-03-21,0.2424742375
2017-03-22,0.2387546125
2017-03-23,0.23495161250000002
2017-03-24,0.2349619125
2017-03-25,0.24286049999999998
2017-03-26,0.2496917375
2017-03-27,0.245650525
2017-03-28,0.2474921375
2017-03-29,0.254935625
2017-03-30,0.2854493
2017-03-31,0.31792835
2017-04-01,0.3329999
2017-04-02,0.3448903625
2017-04-03,0.365559875
2017-04-04,0.3583108125
2017-04-05,0.3473105375
2017-04-06,0.339696325
2017-04-07,0.337217475
2017-04-08,0.3309035875
2017-04-09,0.331261325
2017-04-10,0.3284878875
2017-04-11,0.325610075
2017-04-12,0.3228292
2017-04-13,0.3202180875
2017-04-14,0.31949295
2017-04-15,0.31862935
2017-04-16,0.321766875
2017-04-17,0.3166002625
2017-04-18,0.31449642499999997
2017-04-19,0.32542825
2017-04-20,0.3371547625
2017-04-21,0.3492249
2017-04-22,0.3513282375
2017-04-23,0.350978875
2017-04-24,0.348226825
2017-04-25,0.3513348375
2017-04-26,0.3525523125
2017-04-27,0.3456818625
2017-04-28,0.3400938125
2017-04-29,0.3398928625
2017-04-30,0.33759955
2017-05-01,0.33975125
2017-05-02,0.3379240125
2017-05-03,0.3338588125
2017-05-04,0.330508575
2017-05-05,0.333388575
2017-05-06,0.3377772875
2017-05-07,0.3355426375
2017-05-08,0.33104422499999997
2017-05-09,0.3323991375
2017-05-10,0.3283095375
2017-05-11,0.32541895
2017-05-12,0.323559775
2017-05-13,0.3211075375
2017-05-14,0.3249333
2017-05-15,0.3357003625
2017-05-16,0.33191845
2017-05-17,0.3260116375
2017-05-18,0.3289593875
2017-05-19,0.333124125
2017-05-20,0.3386990125
2017-05-21,0.3389872625
2017-05-22,0.3371638625
2017-05-23,0.3355994375
2017-05-24,0.3366635
2017-05-25,0.3336318
2017-05-26,0.3344995875
2017-05-27,0.328970675
2017-05-28,0.3233229625
2017-05-29,0.3212841625
2017-05-30,0.329563225
2017-05-31,0.331867925
2017-06-01,0.3368353375
2017-06-02,0.3468379875
2017-06-03,0.3463966625
2017-06-04,0.35362648750000003
2017-06-05,0.3514480875
2017-06-06,0.3447437625
2017-06-07,0.339217925
2017-06-08,0.3353287125
2017-06-09,0.333885
2017-06-10,0.3307117625
2017-06-11,0.34175666250000003
2017-06-12,0.353292625
2017-06-13,0.3599652
2017-06-14,0.36728055
2017-06-15,0.3678483
2017-06-16,0.3707833
2017-06-17,0.385051675
2017-06-18,0.401811525
2017-06-19,0.4083997875
2017-06-20,0.4092051
2017-06-21,0.408349825
2017-06-22,0.40666305
2017-06-23,0.40279957499999997
2017-06-24,0.4054698625
2017-06-25,0.4044885625
2017-06-26,0.4006738875
2017-06-27,0.39769404999999997
2017-06-28,0.39608495
2017-06-29,0.3958288875
2017-06-30,0.394773625
2017-07-01,0.394842575
2017-07-02,0.394642175
2017-07-03,0.3933143
2017-07-04,0.393740525
2017-07-05,0.3914380875
2017-07-06,0.3900484
2017-07-07,0.3862184
2017-07-08,0.38392465
2017-07-09,0.38483965
2017-07-10,0.3866349375
2017-07-11,0.38837645
2017-07-12,0.38853115
2017-07-13,0.3909924
2017-07-14,0.388716875
2017-07-15,0.3844202375
2017-07-16,0.3820865875
2017-07-17,0.374359975
2017-07-18,0.367879625
2017-07-19,0.3678655
2017-07-20,0.3695524125
2017-07-21,0.376181875
2017-07-22,0.37296701250000003
2017-07-23,0.3785678875
2017-07-24,0.381671525
2017-07-25,0.3813250875
2017-07-26,0.38451932499999997
2017-07-27,0.37993135
2017-07-28,0.375774475
2017-07-29,0.3734018
2017-07-30,0.3712695875
2017-07-31,0.3712213125
2017-08-01,0.3758801625
2017-08-02,0.386418475
2017-08-03,0.3854828375
2017-08-04,0.38539215
2017-08-05,0.3903512625
2017-08-06,0.394805
2017-08-07,0.3919282
2017-08-08,0.3868475375
2017-08-09,0.3812116125
2017-08-10,0.3831006
2017-08-11,0.394403475
2017-08-12,0.4100239375
2017-08-13,0.41726455
2017-08-14,0.412701825
2017-08-15,0.4113896875
2017-08-16,0.409376525
2017-08-17,0.405983025
2017-08-18,0.404230075
2017-08-19,0.404827975
2017-08-20,0.3975411125
2017-08-21,0.3936590625
2017-08-22,0.3952345125
2017-08-23,0.3999230375
2017-08-24,0.39944222500000004
2017-08-25,0.3943506625
2017-08-26,0.39590695
2017-08-27,0.3901248875
2017-08-28,0.3855584875
2017-08-29,0.38261125
2017-08-30,0.387501
2017-08-31,0.38964115
2017-09-01,0.3900984875
2017-09-02,0.3879409625
2017-09-03,0.3943205625
2017-09-04,0.39627745
2017-09-05,0.3921677125
2017-09-06,0.38785145
2017-09-07,0.3867096875
2017-09-08,0.3916944375
2017-09-09,0.4038811875
2017-09-10,0.4176064125
2017-09-11,0.4186680625
2017-09-12,0.4155637875
2017-09-13,0.41265225
2017-09-14,0.41323075
2017-09-15,0.407968375
2017-09-16,0.4011294375
2017-09-17,0.395692225
2017-09-18,0.3933924375
2017-09-19,0.3915475875
2017-09-20,0.389533025
2017-09-21,0.384817425
2017-09-22,0.37998224999999997
2017-09-23,0.37390435
2017-09-24,0.3708738875
2017-09-25,0.3654929125
2017-09-26,0.3626668875
2017-09-27,0.36278414999999997
2017-09-28,0.364322825
2017-09-29,0.3686970125
2017-09-30,0.37670455
2017-10-01,0.381710775
2017-10-02,0.384019475
2017-10-03,0.37929101249999997
2017-10-04,0.3749622375
2017-10-05,0.3698572125
2017-10-06,0.3667254
2017-10-07,0.3696730625
2017-10-08,0.3664333125
2017-10-09,0.3621865875
2017-10-10,0.3574636625
2017-10-11,0.35168513749999997
2017-10-12,0.3491196875
2017-10-13,0.35636382499999997
2017-10-14,0.3589544125
2017-10-15,0.360999625
2017-10-16,0.3569329125
2017-10-17,0.35151183750000004
2017-10-18,0.3493550625
2017-10-19,0.355054575
2017-10-20,0.3664301625
2017-10-21,0.38106212500000003
2017-10-22,0.3947609375
2017-10-23,0.3914077875
2017-10-24,0.3860196375
2017-10-25,0.3805491375
2017-10-26,0.3758701875
2017-10-27,0.3704251375
2017-10-28,0.3649416
2017-10-29,0.359477675
2017-10-30,0.358875
2017-10-31,0.360538025
2017-11-01,0.355846775
2017-11-02,0.3507734375
2017-11-03,0.3471806
2017-11-04,0.3419728375
2017-11-05,0.337245975
2017-11-06,0.3329118
2017-11-07,0.3295925
2017-11-08,0.32704485
2017-11-09,0.324492725
2017-11-10,0.3220165375
2017-11-11,0.3209977875
2017-11-12,0.3200493125
2017-11-13,0.3188738
2017-11-14,0.3173099875
2017-11-15,0.31733921249999997
2017-11-16,0.3171883375
2017-11-17,0.317120725
2017-11-18,0.3145089125
2017-11-19,0.314930075
2017-11-20,0.31443537499999996
2017-11-21,0.3137924875
2017-11-22,0.3126274625
2017-11-23,0.31165963750000003
2017-11-24,0.3107739375
2017-11-25,0.309617025
2017-11-26,0.3089507625
2017-11-27,0.30950120000000003
2017-11-28,0.308738475
2017-11-29,0.3082798375
2017-11-30,0.3077255625
2017-12-01,0.3071858125
2017-12-02,0.3060186125
2017-12-03,0.3051498125
2017-12-04,0.30470745
2017-12-05,0.304133275
2017-12-06,0.30365037500000003
2017-12-07,0.30368893750000003
2017-12-08,0.3042056125
2017-12-09,0.3224212125
2017-12-10,0.3292156375
2017-12-11,0.3240148875
2017-12-12,0.3187057875
2017-12-13,0.316806325
2017-12-14,0.315383375
2017-12-15,0.3145211125
2017-12-16,0.314070325
2017-12-17,0.313422
2017-12-18,0.312434975
2017-12-19,0.3122588625
2017-12-20,0.31256615
2017-12-21,0.3119091625
2017-12-22,0.310814825
2017-12-23,0.31120570000000003
2017-12-24,0.31034265
2017-12-25,0.3094684625
2017-12-26,0.3090342125
2017-12-27,0.308066075
2017-12-28,0.3073147375
2017-12-29,0.3064853
2017-12-30,0.3058824375
2017-12-31,0.3063190625
2018-01-01,0.305651375
2018-01-02,0.3063680375
2018-01-03,0.3055155125
2018-01-04,0.30427743749999997
2018-01-05,0.303367025
2018-01-06,0.3032873
2018-01-07,0.30283424999999997
2018-01-08,0.3026759375
2018-01-09,0.30261255
2018-01-10,0.3024290375
2018-01-11,0.3021519625
2018-01-12,0.301510475
2018-01-13,0.3009897875
2018-01-14,0.300556725
2018-01-15,0.299716775
2018-01-16,0.2999137625
2018-01-17,0.29879405000000003
2018-01-18,0.2978248375
2018-01-19,0.2959724625
2018-01-20,0.2958817
2018-01-21,0.2957139625
2018-01-22,0.2957772875
2018-01-23,0.2953468875
2018-01-24,0.2946304
2018-01-25,0.29433535
2018-01-26,0.2937892
2018-01-27,0.2930219875
2018-01-28,0.2921552
2018-01-29,0.29148525000000003
2018-01-30,0.291673325
2018-01-31,0.291164175
2018-02-01,0.2906755625
2018-02-02,0.290280775
2018-02-03,0.2896856625
2018-02-04,0.28848592500000003
2018-02-05,0.28764485
2018-02-06,0.2852788375
2018-02-07,0.2851917625
2018-02-08,0.285071525
2018-02-09,0.2839737125
2018-02-10,0.28236982499999996
2018-02-11,0.28083715
2018-02-12,0.2794700375
2018-02-13,0.2784516375
2018-02-14,0.2776821875
2018-02-15,0.27704544999999997
2018-02-16,0.2760118875
2018-02-17,0.27406835
2018-02-18,0.27270957500000004
2018-02-19,0.270994175
2018-02-20,0.269620175
2018-02-21,0.2680402
2018-02-22,0.2656665875
2018-02-23,0.2660066375
2018-02-24,0.2671662375
2018-02-25,0.26717855
2018-02-26,0.271188775
2018-02-27,0.266951225
2018-02-28,0.263505725
2018-03-01,0.261500575
2018-03-02,0.25931865
2018-03-03,0.2580363625
2018-03-04,0.2569216125
2018-03-05,0.255386225
2018-03-06,0.2533759625
2018-03-07,0.2507155
2018-03-08,0.2482924875
2018-03-09,0.246503625
2018-03-10,0.2435782625
2018-03-11,0.2419062875
2018-03-12,0.2398465625
2018-03-13,0.2385600625
2018-03-14,0.2387865625
2018-03-15,0.2378136375
2018-03-16,0.2416094375
2018-03-17,0.2394111125
2018-03-18,0.236739625
2018-03-19,0.2350061875
2018-03-20,0.232346475
2018-03-21,0.2299534875
2018-03-22,0.2273385375
2018-03-23,0.225260375
2018-03-24,0.2236724375
2018-03-25,0.221605225
2018-03-26,0.220153525
2018-03-27,0.2214669125
2018-03-28,0.2208805875
2018-03-29,0.2265072625
2018-03-30,0.2409334125
2018-03-31,0.24230374999999998
2018-04-01,0.2327866
2018-04-02,0.2277238
2018-04-03,0.22278395
2018-04-04,0.219356175
2018-04-05,0.2181814
2018-04-06,0.2180161125
2018-04-07,0.216349775
2018-04-08,0.2151139875
2018-04-09,0.2163677125
2018-04-10,0.2218848125
2018-04-11,0.230043275
2018-04-12,0.2431223125
2018-04-13,0.23575912499999999
2018-04-14,0.2344503
2018-04-15,0.2312146125
2018-04-16,0.2257407375
2018-04-17,0.2228380625
2018-04-18,0.22032215
2018-04-19,0.21974005
2018-04-20,0.2230514625
2018-04-21,0.2289088875
2018-04-22,0.2314000375
2018-04-23,0.2283382375
2018-04-24,0.2241554
2018-04-25,0.223978175
2018-04-26,0.2207275375
2018-04-27,0.21995895
2018-04-28,0.2246534875
2018-04-29,0.243185375
2018-04-30,0.241693975
2018-05-01,0.2572244
2018-05-02,0.2555510625
2018-05-03,0.2534403875
2018-05-04,0.2517959375
2018-05-05,0.256938075
2018-05-06,0.2879432875
2018-05-07,0.311691175
2018-05-08,0.3143308875
2018-05-09,0.31392359999999997
2018-05-10,0.3200270625
2018-05-11,0.326292575
2018-05-12,0.3210243625
2018-05-13,0.3109688
2018-05-14,0.306654225
2018-05-15,0.3114619
2018-05-16,0.3138099875
2018-05-17,0.308299425
2018-05-18,0.3058166875
2018-05-19,0.3041125875
2018-05-20,0.3019406625
2018-05-21,0.30089533749999997
2018-05-22,0.3022873875
2018-05-23,0.3021173125
2018-05-24,0.3087795
2018-05-25,0.3299084375
2018-05-26,0.335915025
2018-05-27,0.33145199999999997
2018-05-28,0.3259102625
2018-05-29,0.322713775
2018-05-30,0.317860075
2018-05-31,0.3245394875
2018-06-01,0.3225713375
2018-06-02,0.3175974125
2018-06-03,0.3181449375
2018-06-04,0.31896355
2018-06-05,0.31729217499999995
2018-06-06,0.31638305
2018-06-07,0.3140818375
2018-06-08,0.311123275
2018-06-09,0.31022458750000004
2018-06-10,0.309556725
2018-06-11,0.3155119375
2018-06-12,0.33404670000000003
2018-06-13,0.3507446625
2018-06-14,0.3547651375
2018-06-15,0.36690778749999997
2018-06-16,0.36285825
2018-06-17,0.3615854125
2018-06-18,0.3668251
2018-06-19,0.3650298
2018-06-20,0.3579649375
2018-06-21,0.35902115
2018-06-22,0.3612147125
2018-06-23,0.36360349999999997
2018-06-24,0.367774175
2018-06-25,0.369481475
2018-06-26,0.3697391375
2018-06-27,0.365611375
2018-06-28,0.363529475
2018-06-29,0.362863175
2018-06-30,0.359846325
2018-07-01,0.36850953750000004
2018-07-02,0.374159525
2018-07-03,0.37955315
2018-07-04,0.379147925
2018-07-05,0.374761175
2018-07-06,0.3688254125
2018-07-07,0.36482702499999997
2018-07-08,0.3671129125
2018-07-09,0.36314437499999996
2018-07-10,0.3609846125
2018-07-11,0.358781925
2018-07-12,0.3569886
2018-07-13,0.35990745
2018-07-14,0.364211725
2018-07-15,0.3610980125
2018-07-16,0.3586848125
2018-07-17,0.35317605
2018-07-18,0.351682225
2018-07-19,0.344765325
2018-07-20,0.3394091375
2018-07-21,0.34180913749999997
2018-07-22,0.3427253875
2018-07-23,0.34535385
2018-07-24,0.34831473749999997
2018-07-25,0.3598806875
2018-07-26,0.3607593625
2018-07-27,0.3591434875
2018-07-28,0.36010535
2018-07-29,0.35950543749999997
2018-07-30,0.3628197125
2018-07-31,0.36445515
2018-08-01,0.3650271375
2018-08-02,0.3623297125
2018-08-03,0.3573025375
2018-08-04,0.3521814
2018-08-05,0.3498332125
2018-08-06,0.35232095
2018-08-07,0.347366575
2018-08-08,0.3497633375
2018-08-09,0.354667625
2018-08-10,0.354979075
2018-08-11,0.3578761375
2018-08-12,0.3608563625
2018-08-13,0.368138125
2018-08-14,0.3632353875
2018-08-15,0.36407445
2018-08-16,0.3642884375
2018-08-17,0.36176956250000003
2018-08-18,0.354152325
2018-08-19,0.3458978875
2018-08-20,0.34000745
2018-08-21,0.3387773375
2018-08-22,0.3360560125
2018-08-23,0.3350879125
2018-08-24,0.34335145
2018-08-25,0.3430397875
2018-08-26,0.3460268875
2018-08-27,0.3515733875
2018-08-28,0.3526696625
2018-08-29,0.35052289999999997
2018-08-30,0.346657925
2018-08-31,0.3503131875
2018-09-01,0.3582480375
2018-09-02,0.3606667375
2018-09-03,0.36400715
2018-09-04,0.36288855
2018-09-05,0.364237375
2018-09-06,0.3579867875
2018-09-07,0.3509154
2018-09-08,0.344925425
2018-09-09,0.3407265125
2018-09-10,0.3403566125
2018-09-11,0.34390785
2018-09-12,0.356307775
2018-09-13,0.36429143750000004
2018-09-14,0.3718239
2018-09-15,0.3672575625
2018-09-16,0.360887225
2018-09-17,0.3534738125
2018-09-18,0.3481678625
2018-09-19,0.3487246125
2018-09-20,0.348492175
2018-09-21,0.3437912375
2018-09-22,0.338720375
2018-09-23,0.33402525
2018-09-24,0.33340237500000003
2018-09-25,0.338560675
2018-09-26,0.3385113875
2018-09-27,0.3370696375
2018-09-28,0.33349835
2018-09-29,0.32958718750000005
2018-09-30,0.3284401375
2018-10-01,0.3311092
2018-10-02,0.3258333875
2018-10-03,0.3220238375
2018-10-04,0.31622545
2018-10-05,0.3150464375
2018-10-06,0.3138928625
2018-10-07,0.3119141875
2018-10-08,0.3107450125
2018-10-09,0.30954675
2018-10-10,0.3091714625
2018-10-11,0.3112061875
2018-10-12,0.317652025
2018-10-13,0.3230070125
2018-10-14,0.321052475
2018-10-15,0.3165745
2018-10-16,0.3137688625
2018-10-17,0.311907975
2018-10-18,0.3100224875
2018-10-19,0.308937075
2018-10-20,0.3063921375
2018-10-21,0.30656578749999996
2018-10-22,0.305851675
2018-10-23,0.3046929875
2018-10-24,0.3036368625
2018-10-25,0.3025950375
2018-10-26,0.301096575
2018-10-27,0.3007907875
2018-10-28,0.3065639875
2018-10-29,0.3068105375
2018-10-30,0.3066510375
2018-10-31,0.3051289875
2018-11-01,0.3025418625
2018-11-02,0.300035575
2018-11-03,0.298723175
2018-11-04,0.2985368
2018-11-05,0.29752392499999997
2018-11-06,0.3009823875
2018-11-07,0.3003313375
2018-11-08,0.2993958875
2018-11-09,0.2971299625
2018-11-10,0.29532013749999997
2018-11-11,0.2936467
2018-11-12,0.2930893
2018-11-13,0.2921139375
2018-11-14,0.29366902500000003
2018-11-15,0.2936274875
2018-11-16,0.2937550125
2018-11-17,0.2928712125
2018-11-18,0.2917287875
2018-11-19,0.2905284125
2018-11-20,0.28939015
2018-11-21,0.2874371875
2018-11-22,0.2873689875
2018-11-23,0.2871299375
2018-11-24,0.2867306625
2018-11-25,0.2859633375
2018-11-26,0.2850256375
2018-11-27,0.28418092500000003
2018-11-28,0.28210748750000003
2018-11-29,0.2805128625
2018-11-30,0.282020775
2018-12-01,0.28148361250000004
2018-12-02,0.2807355125
2018-12-03,0.27966165
2018-12-04,0.2783566125
2018-12-05,0.2779039875
2018-12-06,0.27747815
2018-12-07,0.275198225
2018-12-08,0.2749422375
2018-12-09,0.27434817499999997
2018-12-10,0.273426525
2018-12-11,0.2726566625
2018-12-12,0.27204075
2018-12-13,0.2714651
2018-12-14,0.2701920625
2018-12-15,0.2692916125
2018-12-16,0.26988548749999997
2018-12-17,0.271256575
2018-12-18,0.2816504125
2018-12-19,0.28096326250000003
2018-12-20,0.27798265
2018-12-21,0.27783735
2018-12-22,0.2766296375
2018-12-23,0.2744223625
2018-12-24,0.2747753625
2018-12-25,0.274010525
2018-12-26,0.274119
2018-12-27,0.2731435125
2018-12-28,0.2723125125
2018-12-29,0.2725682875
2018-12-30,0.271179675
2018-12-31,0.2685372875
2019-01-01,0.26875526250000004
2019-01-02,0.268435675
2019-01-03,0.2683584875
2019-01-04,0.267605
2019-01-05,0.2666792125
2019-01-06,0.26604545
2019-01-07,0.2653079125
2019-01-08,0.264891275
2019-01-09,0.265249825
2019-01-10,0.26465995
2019-01-11,0.263748
2019-01-12,0.262956825
2019-01-13,0.2619209125
2019-01-14,0.260662475
2019-01-15,0.2606529
2019-01-16,0.2604141375
2019-01-17,0.2601805625
2019-01-18,0.2597409625
2019-01-19,0.2588781625
2019-01-20,0.2580631375
2019-01-21,0.2568588625
2019-01-22,0.256144875
2019-01-23,0.25522185000000003
2019-01-24,0.25444357500000003
2019-01-25,0.25425437500000003
2019-01-26,0.2536340375
2019-01-27,0.2536147875
2019-01-28,0.25273075
2019-01-29,0.2521629125
2019-01-30,0.250719275
2019-01-31,0.2497653875
2019-02-01,0.2485253
2019-02-02,0.2476061125
2019-02-03,0.24689178750000002
2019-02-04,0.2467656125
2019-02-05,0.2458571125
2019-02-06,0.24492795
2019-02-07,0.2435339625
2019-02-08,0.2431772875
2019-02-09,0.24355215
2019-02-10,0.2424860375
2019-02-11,0.24060985000000001
2019-02-12,0.2395121125
2019-02-13,0.2381948875
2019-02-14,0.2369009125
2019-02-15,0.235668875
2019-02-16,0.2347256375
2019-02-17,0.2375889625
2019-02-18,0.237547725
2019-02-19,0.2360647
2019-02-20,0.2349862
2019-02-21,0.23338443749999999
2019-02-22,0.2319600875
2019-02-23,0.231041375
2019-02-24,0.2286654375
2019-02-25,0.230660325
2019-02-26,0.2283556875
2019-02-27,0.22933195
2019-02-28,0.2322368625
2019-03-01,0.23316245
2019-03-02,0.2310041875
2019-03-03,0.2284419625
2019-03-04,0.22659245
2019-03-05,0.2279063875
2019-03-06,0.225798225
2019-03-07,0.2237908
2019-03-08,0.2213109125
2019-03-09,0.2195588
2019-03-10,0.2182139875
2019-03-11,0.2172367
2019-03-12,0.214973525
2019-03-13,0.2125973625
2019-03-14,0.2104757
2019-03-15,0.2085981
2019-03-16,0.20724884999999998
2019-03-17,0.2053001375
2019-03-18,0.2035707125
2019-03-19,0.201578225
2019-03-20,0.2000591
2019-03-21,0.1988510125
2019-03-22,0.2024305
2019-03-23,0.206591325
2019-03-24,0.2017636
2019-03-25,0.1989661625
2019-03-26,0.196754475
2019-03-27,0.1959353625
2019-03-28,0.1948060875
2019-03-29,0.19193
2019-03-30,0.1907646375
2019-03-31,0.202638375
2019-04-01,0.218424425
2019-04-02,0.21921508750000002
2019-04-03,0.2125021375
2019-04-04,0.211671825
2019-04-05,0.228735825
2019-04-06,0.22477585
2019-04-07,0.2312946375
2019-04-08,0.2269662625
2019-04-09,0.234252225
2019-04-10,0.2330063875
2019-04-11,0.2269093625
2019-04-12,0.22330258749999998
2019-04-13,0.2191313
2019-04-14,0.21538325
2019-04-15,0.2157949625
2019-04-16,0.2185794625
2019-04-17,0.227611075
2019-04-18,0.2225006
2019-04-19,0.2178470375
2019-04-20,0.21666005
2019-04-21,0.2142383
2019-04-22,0.215467675
2019-04-23,0.2093099625
2019-04-24,0.20622785
2019-04-25,0.2040390125
2019-04-26,0.2011358875
2019-04-27,0.204137025
2019-04-28,0.2123066125
2019-04-29,0.230230025
2019-04-30,0.2366412625
2019-05-01,0.24468951249999998
2019-05-02,0.24713205
2019-05-03,0.2609724875
2019-05-04,0.2682210875
2019-05-05,0.265657725
2019-05-06,0.2667417125
2019-05-07,0.26252205
2019-05-08,0.2647150875
2019-05-09,0.2743503125
2019-05-10,0.2793352
2019-05-11,0.2814814
2019-05-12,0.281117425
2019-05-13,0.279658475
2019-05-14,0.2844015
2019-05-15,0.28959495
2019-05-16,0.2829509625
2019-05-17,0.2935893125
2019-05-18,0.3136288625
2019-05-19,0.3112745125
2019-05-20,0.3012912125
2019-05-21,0.30047833749999997
2019-05-22,0.3121446375
2019-05-23,0.32834185
2019-05-24,0.3315750375
2019-05-25,0.32571866250000003
2019-05-26,0.3218404875
2019-05-27,0.31716955
2019-05-28,0.3118909625
2019-05-29,0.308313
2019-05-30,0.31176098750000003
2019-05-31,0.3119027125
2019-06-01,0.31356846250000003
2019-06-02,0.3129012125
2019-06-03,0.31691871250000003
2019-06-04,0.3343360375
2019-06-05,0.3398175625
2019-06-06,0.32625105
2019-06-07,0.3226998375
2019-06-08,0.31990015
2019-06-09,0.318388525
2019-06-10,0.31848545
2019-06-11,0.31585295
2019-06-12,0.312308275
2019-06-13,0.312147725
2019-06-14,0.325893375
2019-06-15,0.3300658375
2019-06-16,0.3251399625
2019-06-17,0.321637775
2019-06-18,0.3188495
2019-06-19,0.3172534
2019-06-20,0.3255070625
2019-06-21,0.3295202625
2019-06-22,0.3253590375
2019-06-23,0.3198359125
2019-06-24,0.3177008
2019-06-25,0.33306271249999997
2019-06-26,0.358243275
2019-06-27,0.3643243625
2019-06-28,0.38206707500000003
2019-06-29,0.379322875
2019-06-30,0.3761669125
2019-07-01,0.3707850625
2019-07-02,0.369526925
2019-07-03,0.366123925
2019-07-04,0.3599067375
2019-07-05,0.3560570125
2019-07-06,0.3590356
2019-07-07,0.3603204625
2019-07-08,0.3624785125
2019-07-09,0.3669536875
2019-07-10,0.3753453375
2019-07-11,0.39128585
2019-07-12,0.4063377
2019-07-13,0.4136914125
2019-07-14,0.415282275
2019-07-15,0.416299325
2019-07-16,0.41266385
2019-07-17,0.4052910375
2019-07-18,0.3966860875
2019-07-19,0.39021055
2019-07-20,0.3863585375
2019-07-21,0.3958081125
2019-07-22,0.4007143
2019-07-23,0.4059364625
2019-07-24,0.4065966125
2019-07-25,0.4082532875
2019-07-26,0.4055099
2019-07-27,0.4046859
2019-07-28,0.3968254625
2019-07-29,0.3891269375
2019-07-30,0.3868373375
2019-07-31,0.3915004125
2019-08-01,0.3864711625
2019-08-02,0.3798570125
2019-08-03,0.3844770625
2019-08-04,0.3808606875
2019-08-05,0.374188425
2019-08-06,0.3652151875
2019-08-07,0.36391195
2019-08-08,0.362168475
2019-08-09,0.3577943375
2019-08-10,0.3527594625
2019-08-11,0.3464825625
2019-08-12,0.34014893749999997
2019-08-13,0.342493475
2019-08-14,0.34655345
2019-08-15,0.3490346625
2019-08-16,0.3609433
2019-08-17,0.3655864625
2019-08-18,0.3608857
2019-08-19,0.3548387625
2019-08-20,0.349045525
2019-08-21,0.348031475
2019-08-22,0.3486547875
2019-08-23,0.3533378
2019-08-24,0.3601072125
2019-08-25,0.354532275
2019-08-26,0.3492858875
2019-08-27,0.34469195
2019-08-28,0.344273675
2019-08-29,0.3397559125
2019-08-30,0.3357518
2019-08-31,0.335152025
2019-09-01,0.3310501875
2019-09-02,0.32707195
2019-09-03,0.32931896250000003
2019-09-04,0.3390541375
2019-09-05,0.3422899
2019-09-06,0.3389189625
2019-09-07,0.3418321125
2019-09-08,0.341653375
2019-09-09,0.33980895
2019-09-10,0.33926365
2019-09-11,0.3376095375
2019-09-12,0.3380783625
2019-09-13,0.34511
2019-09-14,0.34230082500000003
2019-09-15,0.3394610625
2019-09-16,0.338714075
2019-09-17,0.33604495
2019-09-18,0.3319506375
2019-09-19,0.3273504
2019-09-20,0.3235421375
2019-09-21,0.32274235
2019-09-22,0.331570775
2019-09-23,0.34216413749999997
2019-09-24,0.34419072500000003
2019-09-25,0.3522587
2019-09-26,0.3492355125
2019-09-27,0.34264255
2019-09-28,0.3394312125
2019-09-29,0.3407525875
2019-09-30,0.3455077375
2019-10-01,0.35199081249999997
2019-10-02,0.37090151250000003
2019-10-03,0.367471325
2019-10-04,0.361739425
2019-10-05,0.3549862625
2019-10-06,0.35043057499999997
2019-10-07,0.35089210000000004
2019-10-08,0.34752622499999997
2019-10-09,0.34462187499999997
2019-10-10,0.344302975
2019-10-11,0.33951102499999997
2019-10-12,0.334453
2019-10-13,0.3305184125
2019-10-14,0.325717575
2019-10-15,0.3225382375
2019-10-16,0.32054003750000004
2019-10-17,0.317851225
2019-10-18,0.3146693
2019-10-19,0.3131651
2019-10-20,0.3119727
2019-10-21,0.3097108375
2019-10-22,0.3090768625
2019-10-23,0.30926865000000003
2019-10-24,0.32531885
2019-10-25,0.326079775
2019-10-26,0.33826097499999996
2019-10-27,0.33010269999999997
2019-10-28,0.3241919625
2019-10-29,0.3214344
2019-10-30,0.3188337375
2019-10-31,0.31732325
2019-11-01,0.315406825
2019-11-02,0.3139067625
2019-11-03,0.3134034375
2019-11-04,0.312439025
2019-11-05,0.311537475
2019-11-06,0.309861
2019-11-07,0.3094782375
2019-11-08,0.3107086
2019-11-09,0.3152181125
2019-11-10,0.313743275
2019-11-11,0.314053725
2019-11-12,0.3111518
2019-11-13,0.309173675
2019-11-14,0.3073208375
2019-11-15,0.306132325
2019-11-16,0.3052487625
2019-11-17,0.3040282625
2019-11-18,0.3031872375
2019-11-19,0.3027684375
2019-11-20,0.3023983625
2019-11-21,0.3019181625
2019-11-22,0.3008478375
2019-11-23,0.300204725
2019-11-24,0.299813325
2019-11-25,0.298105725
2019-11-26,0.297721425
2019-11-27,0.297627625
2019-11-28,0.2969187375
2019-11-29,0.2961457125
2019-11-30,0.294223175
2019-12-01,0.2932875625
2019-12-02,0.2927704625
2019-12-03,0.29109565
2019-12-04,0.29072560000000003
2019-12-05,0.2896286375
2019-12-06,0.2886881
2019-12-07,0.2877093875
2019-12-08,0.28524696250000003
2019-12-09,0.2840716875
2019-12-10,0.2829398875
2019-12-11,0.2831022125
2019-12-12,0.2825820625
2019-12-13,0.2814955125
2019-12-14,0.2807538625
2019-12-15,0.2799240375
2019-12-16,0.2786296625
2019-12-17,0.2780591875
2019-12-18,0.2779507625
2019-12-19,0.277241625
2019-12-20,0.2771054375
2019-12-21,0.2765087625
2019-12-22,0.2756596
2019-12-23,0.2750014
2019-12-24,0.2731722625
2019-12-25,0.2721233
2019-12-26,0.2711158375
2019-12-27,0.2714234125
2019-12-28,0.270990725
2019-12-29,0.2698751875
2019-12-30,0.2691690625
2019-12-31,0.2681764875
2020-01-01,0.2676037375
2020-01-02,0.2683654
2020-01-03,0.2775511
2020-01-04,0.27648785
2020-01-05,0.2740810375
2020-01-06,0.2723255375
2020-01-07,0.2709158625
2020-01-08,0.269758125
2020-01-09,0.271630325
2020-01-10,0.270521075
2020-01-11,0.2677754125
2020-01-12,0.2674758875
2020-01-13,0.2665038
2020-01-14,0.2662738625
2020-01-15,0.26532515
2020-01-16,0.2644746375
2020-01-17,0.26445105
2020-01-18,0.2631666625
2020-01-19,0.261947575
2020-01-20,0.26169128750000004
2020-01-21,0.2612058625
2020-01-22,0.2608373
2020-01-23,0.25987755
2020-01-24,0.259088425
2020-01-25,0.2585884125
2020-01-26,0.2573755
2020-01-27,0.25627927500000003
2020-01-28,0.25642716249999997
2020-01-29,0.2564038
2020-01-30,0.256371725
2020-01-31,0.2555601
2020-02-01,0.2546291625
2020-02-02,0.2536414375
2020-02-03,0.2526853875
2020-02-04,0.251629
2020-02-05,0.2518163
2020-02-06,0.2509416375
2020-02-07,0.250554875
2020-02-08,0.24984048749999999
2020-02-09,0.249787775
2020-02-10,0.24797095
2020-02-11,0.2470533375
2020-02-12,0.2455868125
2020-02-13,0.2454175625
2020-02-14,0.2448642625
2020-02-15,0.2443667125
2020-02-16,0.243418575
2020-02-17,0.24264360000000001
2020-02-18,0.241161375
2020-02-19,0.2398908375
2020-02-20,0.2380323
2020-02-21,0.2374613125
2020-02-22,0.23650737500000002
2020-02-23,0.2348919125
2020-02-24,0.233633575
2020-02-25,0.23417445
2020-02-26,0.2316686875
2020-02-27,0.2305394375
2020-02-28,0.226769275
2020-02-29,0.2267286125
2020-03-01,0.225507075
2020-03-02,0.2241080875
2020-03-03,0.2231329375
2020-03-04,0.2222186125
2020-03-05,0.22242428749999998
2020-03-06,0.222273825
2020-03-07,0.222229075
2020-03-08,0.222233125
2020-03-09,0.22100165
2020-03-10,0.219513475
2020-03-11,0.2173471125
2020-03-12,0.2151967
2020-03-13,0.21308475
2020-03-14,0.2106847875
2020-03-15,0.20800185
2020-03-16,0.2065494375
2020-03-17,0.20497798750000001
2020-03-18,0.203834375
2020-03-19,0.201841875
2020-03-20,0.200221175
2020-03-21,0.1997292375
2020-03-22,0.202774
2020-03-23,0.2005254875
2020-03-24,0.198145925
2020-03-25,0.19633935
2020-03-26,0.1945420125
2020-03-27,0.1927905
2020-03-28,0.1911487375
2020-03-29,0.1885621
2020-03-30,0.1864581625
2020-03-31,0.184010325
2020-04-01,0.1824273
2020-04-02,0.1816843875
2020-04-03,0.1811827
2020-04-04,0.1801359125
2020-04-05,0.17882956249999998
2020-04-06,0.177813
2020-04-07,0.1766422625
2020-04-08,0.1757175875
2020-04-09,0.17484587499999998
2020-04-10,0.173799775
2020-04-11,0.1763760375
2020-04-12,0.1768605625
2020-04-13,0.1720666625
2020-04-14,0.1692855375
2020-04-15,0.1738712375
2020-04-16,0.2027358625
2020-04-17,0.2074729125
2020-04-18,0.247603375
2020-04-19,0.2497012375
2020-04-20,0.2386373
2020-04-21,0.234281
2020-04-22,0.22720186250000002
2020-04-23,0.2221163
2020-04-24,0.2214026625
2020-04-25,0.2215616375
2020-04-26,0.2185965375
2020-04-27,0.2175535
2020-04-28,0.21906330000000002
2020-04-29,0.217807375
2020-04-30,0.213346225
2020-05-01,0.21151405
2020-05-02,0.2227177875
2020-05-03,0.222517175
2020-05-04,0.221056575
2020-05-05,0.22746283750000001
2020-05-06,0.24453495
2020-05-07,0.2415798375
2020-05-08,0.2332027625
2020-05-09,0.2275041875
2020-05-10,0.2232485625
2020-05-11,0.220364375
2020-05-12,0.2206863125
2020-05-13,0.2385570625
2020-05-14,0.2471034
2020-05-15,0.24601030000000002
2020-05-16,0.2666094125
2020-05-17,0.2803350625
2020-05-18,0.267081775
2020-05-19,0.2648391375
2020-05-20,0.2724774625
2020-05-21,0.275713525
2020-05-22,0.2764508
2020-05-23,0.2755335125
2020-05-24,0.282523075
2020-05-25,0.2914818625
2020-05-26,0.3108908
2020-05-27,0.3319125
2020-05-28,0.3260574625
2020-05-29,0.3206965875
2020-05-30,0.315503975
2020-05-31,0.3128712
2020-06-01,0.31450848750000004
2020-06-02,0.3221438875
2020-06-03,0.3286648875
2020-06-04,0.3369207
2020-06-05,0.35130107499999996
2020-06-06,0.35969935000000003
2020-06-07,0.359873275
2020-06-08,0.3584226625
2020-06-09,0.3558380625
2020-06-10,0.3538443375
2020-06-11,0.35727478749999997
2020-06-12,0.3619632875
2020-06-13,0.3616219625
2020-06-14,0.3587463875
2020-06-15,0.357908125
2020-06-16,0.3556384625
2020-06-17,0.3593574125
2020-06-18,0.3627944875
2020-06-19,0.361090175
2020-06-20,0.35716023750000003
2020-06-21,0.3529779625
2020-06-22,0.348838875
2020-06-23,0.35170505
2020-06-24,0.3704
2020-06-25,0.38901376249999997
2020-06-26,0.4089703625
2020-06-27,0.419055475
2020-06-28,0.42014535
2020-06-29,0.4187106125
2020-06-30,0.415112875
2020-07-01,0.4181468125
2020-07-02,0.422623375
2020-07-03,0.41811655000000003
2020-07-04,0.4153136125
2020-07-05,0.4109350625
2020-07-06,0.404941575
2020-07-07,0.40070465
2020-07-08,0.397955275
2020-07-09,0.40186256249999996
2020-07-10,0.4121582375
2020-07-11,0.4216066
2020-07-12,0.42380545
2020-07-13,0.423634025
2020-07-14,0.421220475
2020-07-15,0.4194758875
2020-07-16,0.41445533749999997
2020-07-17,0.4078342
2020-07-18,0.403835175
2020-07-19,0.4047189625
2020-07-20,0.40892226249999997
2020-07-21,0.414448025
2020-07-22,0.4167484
2020-07-23,0.413748475
2020-07-24,0.4103991625
2020-07-25,0.4034011625
2020-07-26,0.3989501625
2020-07-27,0.402969525
2020-07-28,0.405060925
2020-07-29,0.413978425
2020-07-30,0.4140147875
2020-07-31,0.4104577875
2020-08-01,0.4060526625
2020-08-02,0.3994586125
2020-08-03,0.39205625
2020-08-04,0.3851095
2020-08-05,0.377744275
2020-08-06,0.374809375
2020-08-07,0.37152979999999997
2020-08-08,0.37273995
2020-08-09,0.3710352
2020-08-10,0.3681473375
2020-08-11,0.3655001625
2020-08-12,0.3625409875
2020-08-13,0.357858225
2020-08-14,0.357879675
2020-08-15,0.3643833125
2020-08-16,0.365070825
2020-08-17,0.36402317500000003
2020-08-18,0.3606481625
2020-08-19,0.357624125
2020-08-20,0.3613803375
2020-08-21,0.3699655625
2020-08-22,0.3748544375
2020-08-23,0.3741806375
2020-08-24,0.3720047125
2020-08-25,0.36963745
2020-08-26,0.36703375
2020-08-27,0.36459145
2020-08-28,0.3658815125
2020-08-29,0.3750558875
2020-08-30,0.3846771875
2020-08-31,0.386546775
2020-09-01,0.3979175125
2020-09-02,0.394414075
2020-09-03,0.387820475
2020-09-04,0.381837325
2020-09-05,0.37822595
2020-09-06,0.3800097375
2020-09-07,0.3867711125
2020-09-08,0.387295925
2020-09-09,0.3906819375
2020-09-10,0.392869875
2020-09-11,0.39616425
2020-09-12,0.40061635
2020-09-13,0.39990025
2020-09-14,0.4017741125
2020-09-15,0.403721325
2020-09-16,0.414092025
2020-09-17,0.4179288375
2020-09-18,0.4126633375
2020-09-19,0.4046934375
2020-09-20,0.395537875
2020-09-21,0.3944077375
2020-09-22,0.40432972500000003
2020-09-23,0.407816125
2020-09-24,0.4103693875
2020-09-25,0.4125138125
2020-09-26,0.4163443375
2020-09-27,0.416348375
2020-09-28,0.411472475
2020-09-29,0.40637995
2020-09-30,0.40171555000000003
2020-10-01,0.399846725
2020-10-02,0.3999659625
2020-10-03,0.39839165
2020-10-04,0.396757325
2020-10-05,0.4017303875
2020-10-06,0.4076769
2020-10-07,0.4129205625
2020-10-08,0.4078365625
2020-10-09,0.399859
2020-10-10,0.3928448
2020-10-11,0.386163425
2020-10-12,0.379941625
2020-10-13,0.3729002125
2020-10-14,0.3661145625
2020-10-15,0.3588065875
2020-10-16,0.352064375
2020-10-17,0.343730825
2020-10-18,0.3384010375
2020-10-19,0.3347449625
2020-10-20,0.330349475
2020-10-21,0.33012645
2020-10-22,0.3333336125
2020-10-23,0.34448845
2020-10-24,0.3529181375
2020-10-25,0.3499163375
2020-10-26,0.3481116375
2020-10-27,0.344458175
2020-10-28,0.3404542625
2020-10-29,0.336185375
2020-10-30,0.332049
2020-10-31,0.3346984125
2020-11-01,0.335670175
2020-11-02,0.3328146875
2020-11-03,0.3308514875
2020-11-04,0.3290249
2020-11-05,0.32719515
2020-11-06,0.325147875
2020-11-07,0.3232853625
2020-11-08,0.3219462
2020-11-09,0.3199962625
2020-11-10,0.3183442875
2020-11-11,0.31787125
2020-11-12,0.3166419625
2020-11-13,0.3153775
2020-11-14,0.3143049875
2020-11-15,0.3133765625
2020-11-16,0.3117387
2020-11-17,0.3108941625
2020-11-18,0.3103301875
2020-11-19,0.309796775
2020-11-20,0.3090969
2020-11-21,0.30896592500000003
2020-11-22,0.3084177
2020-11-23,0.30765227500000003
2020-11-24,0.306860125
2020-11-25,0.3063298875
2020-11-26,0.3060737875
2020-11-27,0.3066039
2020-11-28,0.3060001
2020-11-29,0.3053434625
2020-11-30,0.3042179
2020-12-01,0.30331855
2020-12-02,0.3026070625
2020-12-03,0.3018781375
2020-12-04,0.3013654375
2020-12-05,0.2997284625
2020-12-06,0.2992252625
2020-12-07,0.2992300875
2020-12-08,0.2990324125
2020-12-09,0.298785975
2020-12-10,0.297570925
2020-12-11,0.297706475
2020-12-12,0.2973325125
2020-12-13,0.2951943125
2020-12-14,0.2938986
2020-12-15,0.2934563375
2020-12-16,0.292708225
2020-12-17,0.2918940625
2020-12-18,0.2902114875
2020-12-19,0.289647775
2020-12-20,0.28906245
2020-12-21,0.2866360375
2020-12-22,0.2857831875
2020-12-23,0.2855102625
2020-12-24,0.28471558750000003
2020-12-25,0.2839510125
2020-12-26,0.283324925
2020-12-27,0.2821055375
2020-12-28,0.2809913
2020-12-29,0.280362475
2020-12-30,0.279807075
2020-12-31,0.2799104
2021-01-01,0.278918125
2021-01-02,0.278004775
2021-01-03,0.276587175
2021-01-04,0.275812975
2021-01-05,0.2742787
2021-01-06,0.274639225
2021-01-07,0.274188225
2021-01-08,0.273363
2021-01-09,0.2726070125
2021-01-10,0.2720878875
2021-01-11,0.2714817375
2021-01-12,0.27053005
2021-01-13,0.2689476875
2021-01-14,0.2697592375
2021-01-15,0.2692246125
2021-01-16,0.268204725
2021-01-17,0.2680397375
2021-01-18,0.267631425
2021-01-19,0.26580675
2021-01-20,0.265878475
2021-01-21,0.2646886625
2021-01-22,0.2649705625
2021-01-23,0.264933425
2021-01-24,0.2635051625
2021-01-25,0.262391475
2021-01-26,0.2612352125
2021-01-27,0.25997044999999996
2021-01-28,0.258682525
2021-01-29,0.255870175
2021-01-30,0.2572997125
2021-01-31,0.25718596250000003
2021-02-01,0.256571075
2021-02-02,0.255880025
2021-02-03,0.2549641625
2021-02-04,0.25345426249999997
2021-02-05,0.252278475
2021-02-06,0.251156025
2021-02-07,0.2515275
2021-02-08,0.2507938
2021-02-09,0.2492232125
2021-02-10,0.2479530875
2021-02-11,0.246965125
2021-02-12,0.246433875
2021-02-13,0.2448948625
2021-02-14,0.2437404375
2021-02-15,0.2425919875
2021-02-16,0.2415522
2021-02-17,0.24129705
2021-02-18,0.2400328625
2021-02-19,0.239254825
2021-02-20,0.2382532
2021-02-21,0.2366456875
2021-02-22,0.23483247499999998
2021-02-23,0.23280990000000001
2021-02-24,0.2313434625
2021-02-25,0.2310148
2021-02-26,0.2296730375
2021-02-27,0.22829075
2021-02-28,0.226256875
2021-03-01,0.22448683749999998
2021-03-02,0.2225252875
2021-03-03,0.2211609125
2021-03-04,0.21953638749999999
2021-03-05,0.2189605875
2021-03-06,0.2193195625
2021-03-07,0.21885805
2021-03-08,0.21867195
2021-03-09,0.2203926
2021-03-10,0.218613825
2021-03-11,0.2159960125
2021-03-12,0.213058125
2021-03-13,0.2113362875
2021-03-14,0.209715325
2021-03-15,0.2080842375
2021-03-16,0.2057039375
2021-03-17,0.2039879375
2021-03-18,0.202113975
2021-03-19,0.1993812125
2021-03-20,0.198030125
2021-03-21,0.19602615
2021-03-22,0.1940761
2021-03-23,0.1923376875
2021-03-24,0.190855225
2021-03-25,0.1897319875
2021-03-26,0.188580625
2021-03-27,0.1866084
2021-03-28,0.1854188875
2021-03-29,0.190568225
2021-03-30,0.2189271375
2021-03-31,0.22591026250000001
2021-04-01,0.2182759125
2021-04-02,0.21496085
2021-04-03,0.2100458625
2021-04-04,0.206225625
2021-04-05,0.202482
2021-04-06,0.1996552
2021-04-07,0.1975919
2021-04-08,0.2014698625
2021-04-09,0.1986872125
2021-04-10,0.19657987500000002
2021-04-11,0.19460785
2021-04-12,0.1922588375
2021-04-13,0.1905701875
2021-04-14,0.1896366875
2021-04-15,0.1905523
2021-04-16,0.1986259
2021-04-17,0.205536975
2021-04-18,0.2036686
2021-04-19,0.20379372499999998
2021-04-20,0.20637445
2021-04-21,0.20505964999999998
2021-04-22,0.20421791250000002
2021-04-23,0.2000706
2021-04-24,0.196471725
2021-04-25,0.193196375
2021-04-26,0.190470975
2021-04-27,0.1891483125
2021-04-28,0.1907389875
2021-04-29,0.1889335125
2021-04-30,0.1869884625
2021-05-01,0.186254275
2021-05-02,0.192583425
2021-05-03,0.204626575
2021-05-04,0.195763775
2021-05-05,0.187883875
2021-05-06,0.1777109
2021-05-07,0.1792277
2021-05-08,0.1815028875
2021-05-09,0.180222225
2021-05-10,0.1814891
2021-05-11,0.1802299625
2021-05-12,0.18483963750000001
2021-05-13,0.184185225
2021-05-14,0.18548785
2021-05-15,0.1938227
2021-05-16,0.19825185
2021-05-17,0.2020452875
2021-05-18,0.2163913
2021-05-19,0.2391175125
2021-05-20,0.24221815
2021-05-21,0.2452020375
2021-05-22,0.246728375
2021-05-23,0.23837915
2021-05-24,0.2373407
2021-05-25,0.23912095
2021-05-26,0.2319985125
2021-05-27,0.2272911375
2021-05-28,0.22331020000000001
2021-05-29,0.21986085
2021-05-30,0.224593875
2021-05-31,0.24838295
2021-06-01,0.2571741
2021-06-02,0.256701625
2021-06-03,0.2591517375
2021-06-04,0.275556025
2021-06-05,0.3116897375
2021-06-06,0.3107665
2021-06-07,0.3067926125
2021-06-08,0.3043672125
2021-06-09,0.2979467375
2021-06-10,0.3019512875
2021-06-11,0.3160312125
2021-06-12,0.3202241875
2021-06-13,0.31324725
2021-06-14,0.3058801375
2021-06-15,0.3032148375
2021-06-16,0.3039398125
2021-06-17,0.30189185
2021-06-18,0.30269815
2021-06-19,0.306268425
2021-06-20,0.305062725
2021-06-21,0.303849875
2021-06-22,0.2995133875
2021-06-23,0.2978809
2021-06-24,0.3019044375
2021-06-25,0.3016537
2021-06-26,0.30208535
2021-06-27,0.31579425
2021-06-28,0.3421624125
2021-06-29,0.34932423749999997
2021-06-30,0.345823625
2021-07-01,0.3497097875
2021-07-02,0.3431088
2021-07-03,0.3416341375
2021-07-04,0.33853465
2021-07-05,0.3364674375
2021-07-06,0.340192475
2021-07-07,0.3549722375
2021-07-08,0.3514646
2021-07-09,0.3481576875
2021-07-10,0.350440975
2021-07-11,0.352375375
2021-07-12,0.3529964375
2021-07-13,0.3679526875
2021-07-14,0.3719474
2021-07-15,0.3684661625
2021-07-16,0.3662140875
2021-07-17,0.3734002125
2021-07-18,0.3715149375
2021-07-19,0.380227325
2021-07-20,0.380211325
2021-07-21,0.37796501250000003
2021-07-22,0.372963675
2021-07-23,0.368458575
2021-07-24,0.3620136375
2021-07-25,0.3557969125
2021-07-26,0.34967611249999997
2021-07-27,0.34712775
2021-07-28,0.342643925
2021-07-29,0.3404377875
2021-07-30,0.3405921375
2021-07-31,0.340325725
2021-08-01,0.34532325
2021-08-02,0.365617925
2021-08-03,0.3702394
2021-08-04,0.369463025
2021-08-05,0.3671559
2021-08-06,0.3644258
2021-08-07,0.3700618
2021-08-08,0.3674045375
2021-08-09,0.36590955000000003
2021-08-10,0.368387225
2021-08-11,0.386765925
2021-08-12,0.3965627625
2021-08-13,0.40078575
2021-08-14,0.4070568875
2021-08-15,0.4129451125
2021-08-16,0.4137433875
2021-08-17,0.4139347
2021-08-18,0.41293775
2021-08-19,0.4105164625
2021-08-20,0.40866405
2021-08-21,0.404017
2021-08-22,0.400163525
2021-08-23,0.40278983749999997
2021-08-24,0.4068984875
2021-08-25,0.40874475
2021-08-26,0.4124673375
2021-08-27,0.4118071875
2021-08-28,0.41035686250000003
2021-08-29,0.4100303625
2021-08-30,0.4135567625
2021-08-31,0.40857415
2021-09-01,0.4031272375
2021-09-02,0.3982489
2021-09-03,0.3923073875
2021-09-04,0.3866190375
2021-09-05,0.38274552500000003
2021-09-06,0.38146942500000003
2021-09-07,0.3860868375
2021-09-08,0.3824628875
2021-09-09,0.377148075
2021-09-10,0.3699062375
2021-09-11,0.363038025
2021-09-12,0.35651415
2021-09-13,0.3523426125
2021-09-14,0.3483200625
2021-09-15,0.34693134999999997
2021-09-16,0.35275005
2021-09-17,0.351939025
2021-09-18,0.354131325
2021-09-19,0.3501322
2021-09-20,0.3455394125
2021-09-21,0.3469525375
2021-09-22,0.3424552
2021-09-23,0.33666315
2021-09-24,0.3300677375
2021-09-25,0.3260139875
2021-09-26,0.323388525
2021-09-27,0.3176577
2021-09-28,0.3173485375
2021-09-29,0.3184205875
2021-09-30,0.3154143625
2021-10-01,0.315308725
2021-10-02,0.321077275
2021-10-03,0.3297038125
2021-10-04,0.3425743875
2021-10-05,0.3448429875
2021-10-06,0.3392083875
2021-10-07,0.333694175
2021-10-08,0.329864925
2021-10-09,0.3272128
2021-10-10,0.324301475
2021-10-11,0.320889575
2021-10-12,0.3184414875
2021-10-13,0.3131736
2021-10-14,0.311562
2021-10-15,0.309521375
2021-10-16,0.308488075
2021-10-17,0.30756174999999997
2021-10-18,0.30716058749999997
2021-10-19,0.3104967125
2021-10-20,0.3158079625
2021-10-21,0.3217652625
2021-10-22,0.3158760375
2021-10-23,0.3123711
2021-10-24,0.310398475
2021-10-25,0.3090234125
2021-10-26,0.3072168375
2021-10-27,0.3064032875
2021-10-28,0.305692475
2021-10-29,0.30397146249999996
2021-10-30,0.303093525
2021-10-31,0.302484325
2021-11-01,0.30184523750000003
2021-11-02,0.301023425
2021-11-03,0.29966645000000003
2021-11-04,0.298843375
2021-11-05,0.2978263875
2021-11-06,0.29706835
2021-11-07,0.2964656875
2021-11-08,0.29486965
2021-11-09,0.293551
2021-11-10,0.292323025
2021-11-11,0.29162794999999997
2021-11-12,0.290917375
2021-11-13,0.29029950000000004
2021-11-14,0.2894309625
2021-11-15,0.2888601
2021-11-16,0.28734025
2021-11-17,0.28572585
2021-11-18,0.2842169
2021-11-19,0.282479775
2021-11-20,0.2813785875
2021-11-21,0.28047500000000003
2021-11-22,0.2793540875
2021-11-23,0.2786668625
2021-11-24,0.2779986
2021-11-25,0.2767868125
2021-11-26,0.2757273625
2021-11-27,0.2746487875
2021-11-28,0.27346254999999997
2021-11-29,0.2723502875
2021-11-30,0.27161863750000004
2021-12-01,0.2706559375
2021-12-02,0.270146025
2021-12-03,0.26908835
2021-12-04,0.2691946375
2021-12-05,0.2725074
2021-12-06,0.2859507
2021-12-07,0.2892348875
2021-12-08,0.283422175
2021-12-09,0.280298275
2021-12-10,0.279695475
2021-12-11,0.2782747125
2021-12-12,0.276607575
2021-12-13,0.275501075
2021-12-14,0.2748917
2021-12-15,0.2743325
2021-12-16,0.273271975
2021-12-17,0.27181523750000003
2021-12-18,0.2708982125
2021-12-19,0.2701744375
2021-12-20,0.2695118125
2021-12-21,0.268752475
2021-12-22,0.2678414375
2021-12-23,0.2669217125
2021-12-24,0.2666246625
2021-12-25,0.26577066250000003
2021-12-26,0.2655274625
2021-12-27,0.264465425
2021-12-28,0.2635241125
2021-12-29,0.263752175
2021-12-30,0.26326381249999997
2021-12-31,0.2624422375
2022-01-01,0.2606982875
2022-01-02,0.2599804125
2022-01-03,0.260291825
2022-01-04,0.2596106625
2022-01-05,0.25876245
2022-01-06,0.2582486
2022-01-07,0.2575535875
2022-01-08,0.2569544875
2022-01-09,0.25552410000000003
2022-01-10,0.2541840375
2022-01-11,0.2553800375
2022-01-12,0.2566151125
2022-01-13,0.2573734
2022-01-14,0.2558449875
2022-01-15,0.2558090125
2022-01-16,0.25518505
2022-01-17,0.253623825
2022-01-18,0.252394
2022-01-19,0.253826225
2022-01-20,0.253291375
2022-01-21,0.2527014375
2022-01-22,0.2521668125
2022-01-23,0.251835475
2022-01-24,0.252237875
2022-01-25,0.2509613375
2022-01-26,0.25000615
2022-01-27,0.2510051125
2022-01-28,0.2501357875
2022-01-29,0.2490139875
2022-01-30,0.2474962375
2022-01-31,0.2469359625
2022-02-01,0.2465132125
2022-02-02,0.24594787499999998
2022-02-03,0.24530695
2022-02-04,0.251613225
2022-02-05,0.26391165
2022-02-06,0.25842458749999997
2022-02-07,0.2558176125
2022-02-08,0.2535909875
2022-02-09,0.25214755
2022-02-10,0.2524818875
2022-02-11,0.25162155
2022-02-12,0.2503611375
2022-02-13,0.2487593875
2022-02-14,0.247097325
2022-02-15,0.2452256125
2022-02-16,0.2442288
2022-02-17,0.2434867625
2022-02-18,0.2418376875
2022-02-19,0.241080125
2022-02-20,0.240798925
2022-02-21,0.24063618750000002
2022-02-22,0.239332925
2022-02-23,0.2393637
2022-02-24,0.2386613375
2022-02-25,0.2413009875
2022-02-26,0.2377112125
2022-02-27,0.235790875
2022-02-28,0.2349468875
2022-03-01,0.232897325
2022-03-02,0.2308593125
2022-03-03,0.2288321375
2022-03-04,0.22735283750000002
2022-03-05,0.2259182125
2022-03-06,0.2240051625
2022-03-07,0.2221548125
2022-03-08,0.2207817625
2022-03-09,0.218954675
2022-03-10,0.21724598750000002
2022-03-11,0.21464525
2022-03-12,0.2127879625
2022-03-13,0.211088725
2022-03-14,0.20892005
2022-03-15,0.20709535
2022-03-16,0.2058702625
2022-03-17,0.2037327125
2022-03-18,0.2019481375
2022-03-19,0.2008141375
2022-03-20,0.1990976125
2022-03-21,0.1973846625
2022-03-22,0.19521375
2022-03-23,0.19386282500000002
2022-03-24,0.1971815125
2022-03-25,0.200004975
2022-03-26,0.2077559
2022-03-27,0.2018855
2022-03-28,0.200286825
2022-03-29,0.19807925
2022-03-30,0.19993497500000001
2022-03-31,0.2039136
2022-04-01,0.209541925
2022-04-02,0.20804448749999999
2022-04-03,0.207586
2022-04-04,0.216346975
2022-04-05,0.21586525
2022-04-06,0.2118556
2022-04-07,0.20828750000000001
2022-04-08,0.2047715125
2022-04-09,0.2038763125
2022-04-10,0.2109930625
2022-04-11,0.2361780625
2022-04-12,0.2128008875
2022-04-13,0.2172788
2022-04-14,0.21167385
2022-04-15,0.2143221
2022-04-16,0.2155285625
2022-04-17,0.225663075
2022-04-18,0.2380500125
2022-04-19,0.2541486125
2022-04-20,0.264023775
2022-04-21,0.2504838625
2022-04-22,0.2464347875
2022-04-23,0.2419108625
2022-04-24,0.24230245
2022-04-25,0.24187762499999999
2022-04-26,0.2432727875
2022-04-27,0.24684095
2022-04-28,0.2425631375
2022-04-29,0.250287125
2022-04-30,0.2697692
2022-05-01,0.2592687125
2022-05-02,0.2701969
2022-05-03,0.27233277499999997
2022-05-04,0.270538275
2022-05-05,0.26141496249999996
2022-05-06,0.2567538625
2022-05-07,0.2531146875
2022-05-08,0.2489166125
2022-05-09,0.251667925
2022-05-10,0.27547130000000003
2022-05-11,0.2939328375
2022-05-12,0.3117773
2022-05-13,0.331397775
2022-05-14,0.3320136625
2022-05-15,0.3337906875
2022-05-16,0.35074601250000004
2022-05-17,0.357753425
2022-05-18,0.366556875
2022-05-19,0.3728759125
2022-05-20,0.3691586125
2022-05-21,0.3716173875
2022-05-22,0.3668069
2022-05-23,0.3655273125
2022-05-24,0.358975325
2022-05-25,0.35922625
2022-05-26,0.3555212625
2022-05-27,0.3519358125
2022-05-28,0.3478212
2022-05-29,0.3473217125
2022-05-30,0.3507879125
2022-05-31,0.350718925
2022-06-01,0.361526925
2022-06-02,0.3751873375
2022-06-03,0.382949775
2022-06-04,0.3996801875
2022-06-05,0.407874775
2022-06-06,0.4125304125
2022-06-07,0.4138269375
2022-06-08,0.4164964625
2022-06-09,0.41538835
2022-06-10,0.4158147625
2022-06-11,0.4141958
2022-06-12,0.41222061249999997
2022-06-13,0.4141163375
2022-06-14,0.4209701125
2022-06-15,0.42511160000000003
2022-06-16,0.4267668875
2022-06-17,0.4278322125
2022-06-18,0.427744575
2022-06-19,0.4267688125
2022-06-20,0.425889475
2022-06-21,0.4231900125
2022-06-22,0.4174546
2022-06-23,0.4136488375
2022-06-24,0.4090756625
2022-06-25,0.40408735
2022-06-26,0.4007805125
2022-06-27,0.39875787500000004
2022-06-28,0.4074541625
2022-06-29,0.41394475000000003
2022-06-30,0.4198348
2022-07-01,0.4158825
2022-07-02,0.40925758749999996
2022-07-03,0.404609625
2022-07-04,0.4002220375
2022-07-05,0.3977718
2022-07-06,0.4002136375
2022-07-07,0.3962409125
2022-07-08,0.39187194999999997
2022-07-09,0.385697725
2022-07-10,0.3804116
2022-07-11,0.3830037375
2022-07-12,0.378568775
2022-07-13,0.372399975
2022-07-14,0.36466193750000003
2022-07-15,0.3579219
2022-07-16,0.35549908750000003
2022-07-17,0.3606425
2022-07-18,0.3580113125
2022-07-19,0.355364275
2022-07-20,0.353695925
2022-07-21,0.3504979
2022-07-22,0.3522677875
2022-07-23,0.35304847500000003
2022-07-24,0.363414525
2022-07-25,0.371195975
2022-07-26,0.370472675
2022-07-27,0.3665123375
2022-07-28,0.367039925
2022-07-29,0.3630504875
2022-07-30,0.3665859
2022-07-31,0.37826485
2022-08-01,0.3807526875
2022-08-02,0.3783520125
2022-08-03,0.3776161
2022-08-04,0.3790635625
2022-08-05,0.378879475
2022-08-06,0.3766252625
2022-08-07,0.372257375
2022-08-08,0.36865585
2022-08-09,0.3619199
2022-08-10,0.3573219875
2022-08-11,0.3515004875
2022-08-12,0.3474394875
2022-08-13,0.3457505
2022-08-14,0.3465349125
2022-08-15,0.3426166125
2022-08-16,0.338512
2022-08-17,0.335163275
2022-08-18,0.3309038875
2022-08-19,0.32820001249999997
2022-08-20,0.32640925
2022-08-21,0.323886275
2022-08-22,0.3282114625
2022-08-23,0.33368498750000003
2022-08-24,0.3311773375
2022-08-25,0.32657445
2022-08-26,0.3291661
2022-08-27,0.3421269375
2022-08-28,0.3419073625
2022-08-29,0.3375968125
2022-08-30,0.3377038125
2022-08-31,0.3446115875
2022-09-01,0.345249025
2022-09-02,0.3503563
2022-09-03,0.3558894125
2022-09-04,0.36420399999999997
2022-09-05,0.37132755
2022-09-06,0.3821887625
2022-09-07,0.38070195
2022-09-08,0.3787548375
2022-09-09,0.3714294125
2022-09-10,0.3684780125
2022-09-11,0.3727761375
2022-09-12,0.369443225
2022-09-13,0.3730043
2022-09-14,0.3735446
2022-09-15,0.3766799625
2022-09-16,0.3807889875
2022-09-17,0.3777322
2022-09-18,0.3720410625
2022-09-19,0.3715127875
2022-09-20,0.37221855
2022-09-21,0.3689602125
2022-09-22,0.3667893
2022-09-23,0.3682024625
2022-09-24,0.374063075
2022-09-25,0.37347596250000004
2022-09-26,0.369930375
2022-09-27,0.3664166875
2022-09-28,0.3606684875
2022-09-29,0.35422977499999997
2022-09-30,0.3482621875
2022-10-01,0.3465360625
2022-10-02,0.3598866
2022-10-03,0.367846225
2022-10-04,0.3662564125
2022-10-05,0.368091225
2022-10-06,0.3635366625
2022-10-07,0.3604189375
2022-10-08,0.3609973125
2022-10-09,0.3621085
2022-10-10,0.3620328875
2022-10-11,0.36622462499999997
2022-10-12,0.372176375
2022-10-13,0.372325625
2022-10-14,0.3689426625
2022-10-15,0.36366767499999997
2022-10-16,0.35778805
2022-10-17,0.35206045
2022-10-18,0.3466620625
2022-10-19,0.341437975
2022-10-20,0.336419375
2022-10-21,0.3313763
2022-10-22,0.3272522875
2022-10-23,0.32786265000000003
2022-10-24,0.340240325
2022-10-25,0.3504288625
2022-10-26,0.3467356625
2022-10-27,0.3435024125
2022-10-28,0.3391399625
2022-10-29,0.33468223750000003
2022-10-30,0.3303653375
2022-10-31,0.326973525
2022-11-01,0.323981575
2022-11-02,0.32168895
2022-11-03,0.31891108749999997
2022-11-04,0.3187590875
2022-11-05,0.3181305875
2022-11-06,0.31677727499999997
2022-11-07,0.315805225
2022-11-08,0.314781275
2022-11-09,0.313949525
2022-11-10,0.3124428
2022-11-11,0.3098101625
2022-11-12,0.31005095
2022-11-13,0.30993360000000003
2022-11-14,0.3092797375
2022-11-15,0.3082093125
2022-11-16,0.3072959375
2022-11-17,0.3067177375
2022-11-18,0.3060743375
2022-11-19,0.304160375
2022-11-20,0.3044553625
2022-11-21,0.30442105
2022-11-22,0.303573725
2022-11-23,0.3031696375
2022-11-24,0.30270993749999997
2022-11-25,0.30173628750000003
2022-11-26,0.3009018375
2022-11-27,0.2990230875
2022-11-28,0.2992983375
2022-11-29,0.299617375
2022-11-30,0.299076
2022-12-01,0.29786055
2022-12-02,0.2967437375
2022-12-03,0.2961639875
2022-12-04,0.2944900125
2022-12-05,0.29301048749999997
2022-12-06,0.292267075
2022-12-07,0.29145414999999997
2022-12-08,0.2905509625
2022-12-09,0.289391675
2022-12-10,0.2881549375
2022-12-11,0.2872442375
2022-12-12,0.2861056375
2022-12-13,0.285143575
2022-12-14,0.2839859125
2022-12-15,0.2831807125
2022-12-16,0.2827449
2022-12-17,0.281581625
2022-12-18,0.280329775
2022-12-19,0.279471475
2022-12-20,0.2790328625
2022-12-21,0.27820205
2022-12-22,0.2774975375
2022-12-23,0.27662275000000003
2022-12-24,0.2756070625
2022-12-25,0.2751577125
2022-12-26,0.275049275
2022-12-27,0.2789577
2022-12-28,0.2782059375
2022-12-29,0.276395775
2022-12-30,0.2745607375
2022-12-31,0.2738087375
2023-01-01,0.2730913875
2023-01-02,0.2719657
2023-01-03,0.270760125
2023-01-04,0.269825175
2023-01-05,0.2696718125
2023-01-06,0.2694515
2023-01-07,0.26927070000000003
2023-01-08,0.2685214125
2023-01-09,0.267206425
2023-01-10,0.26632456250000003
2023-01-11,0.2656635875
2023-01-12,0.2649628625
2023-01-13,0.26427935
2023-01-14,0.2628199
2023-01-15,0.263137375
2023-01-16,0.26311975
2023-01-17,0.2628227125
2023-01-18,0.2617393
2023-01-19,0.2606749125
2023-01-20,0.2596258375
2023-01-21,0.2589509875
2023-01-22,0.2575670625
2023-01-23,0.257825675
2023-01-24,0.25722287499999996
2023-01-25,0.2566615625
2023-01-26,0.25600996249999997
2023-01-27,0.255408275
2023-01-28,0.2543200625
2023-01-29,0.2535121
2023-01-30,0.2507938125
2023-01-31,0.2507841375
2023-02-01,0.250778475
2023-02-02,0.2502053
2023-02-03,0.2491157
2023-02-04,0.24819545
2023-02-05,0.2477610625
2023-02-06,0.2469674875
2023-02-07,0.2463865
2023-02-08,0.2457082875
2023-02-09,0.245049475
2023-02-10,0.243822375
2023-02-11,0.2427561
2023-02-12,0.2417849625
2023-02-13,0.2398371875
2023-02-14,0.2387854375
2023-02-15,0.23622585
2023-02-16,0.2362046
2023-02-17,0.2352261875
2023-02-18,0.23440605
2023-02-19,0.2330284625
2023-02-20,0.23204149999999998
2023-02-21,0.2315619375
2023-02-22,0.231744375
2023-02-23,0.2301158125
2023-02-24,0.2296548625
2023-02-25,0.22870445
2023-02-26,0.2271629875
2023-02-27,0.2253566
2023-02-28,0.2237641875
2023-03-01,0.2223112625
2023-03-02,0.2206704625
2023-03-03,0.2192086625
2023-03-04,0.217729975
2023-03-05,0.2161414
2023-03-06,0.21478425
2023-03-07,0.21297945000000001
2023-03-08,0.21108555
2023-03-09,0.2096310375
2023-03-10,0.2082503
2023-03-11,0.2068442625
2023-03-12,0.204717825
2023-03-13,0.2029087
2023-03-14,0.202901175
2023-03-15,0.2096139
2023-03-16,0.2060797
2023-03-17,0.20798195
2023-03-18,0.2102388625
2023-03-19,0.21261925
2023-03-20,0.213926725
2023-03-21,0.2161463125
2023-03-22,0.217820325
2023-03-23,0.2183166125
2023-03-24,0.2161801625
2023-03-25,0.21352945
2023-03-26,0.2131590875
2023-03-27,0.216569075
2023-03-28,0.2191069125
2023-03-29,0.2253415875
2023-03-30,0.2236686875
2023-03-31,0.2234462625
2023-04-01,0.228126475
2023-04-02,0.230227675
2023-04-03,0.2289302875
2023-04-04,0.2258333875
2023-04-05,0.2426878375
2023-04-06,0.2395311
2023-04-07,0.2346938625
2023-04-08,0.228912975
2023-04-09,0.224708975
2023-04-10,0.222932725
2023-04-11,0.219833525
2023-04-12,0.2172764625
2023-04-13,0.2151743625
2023-04-14,0.2119944875
2023-04-15,0.210477525
2023-04-16,0.208706925
2023-04-17,0.2073102875
2023-04-18,0.209929725
2023-04-19,0.2095366125
2023-04-20,0.21402565
2023-04-21,0.2203970625
2023-04-22,0.2208464375
2023-04-23,0.217213325
2023-04-24,0.2137341625
2023-04-25,0.2096486375
2023-04-26,0.2066179625
2023-04-27,0.2057215875
2023-04-28,0.2106414
2023-04-29,0.2100553875
2023-04-30,0.2174916875
2023-05-01,0.2081735125
2023-05-02,0.2050256
2023-05-03,0.201704975
2023-05-04,0.20283255
2023-05-05,0.2027612
2023-05-06,0.20076645
2023-05-07,0.20054275
2023-05-08,0.19839384999999998
2023-05-09,0.195681
2023-05-10,0.1940488125
2023-05-11,0.1975232125
2023-05-12,0.196764475
2023-05-13,0.1967251375
2023-05-14,0.1954913375
2023-05-15,0.195192925
2023-05-16,0.19655224999999998
2023-05-17,0.2037263125
2023-05-18,0.2090113125
2023-05-19,0.2162366875
2023-05-20,0.229113025
2023-05-21,0.2245647
2023-05-22,0.2233309125
2023-05-23,0.2231440875
2023-05-24,0.2303333125
2023-05-25,0.2287792
2023-05-26,0.25096045
2023-05-27,0.2465766875
2023-05-28,0.2401567125
2023-05-29,0.232615125
2023-05-30,0.22749735000000001
2023-05-31,0.2234294875
2023-06-01,0.2219294625
2023-06-02,0.222266025
2023-06-03,0.2218254125
2023-06-04,0.2205526375
2023-06-05,0.2173485125
2023-06-06,0.214352975
2023-06-07,0.21228325
2023-06-08,0.21444487499999998
2023-06-09,0.22413155
2023-06-10,0.237187325
2023-06-11,0.2433124875
2023-06-12,0.2378069875
2023-06-13,0.2395795
2023-06-14,0.28822393749999997
2023-06-15,0.3391528625
2023-06-16,0.3652150875
2023-06-17,0.379113375
2023-06-18,0.3676884
2023-06-19,0.372179875
2023-06-20,0.3764611875
2023-06-21,0.370444025
2023-06-22,0.3734499375
2023-06-23,0.3686099375
2023-06-24,0.3609424625
2023-06-25,0.3549071375
2023-06-26,0.35022035
2023-06-27,0.3491263125
2023-06-28,0.35199635
2023-06-29,0.3524809875
2023-06-30,0.3584440375
2023-07-01,0.3692365875
2023-07-02,0.3807605625
2023-07-03,0.4036697125
2023-07-04,0.4036100375
2023-07-05,0.3996695875
2023-07-06,0.4025452875
2023-07-07,0.4034087625
2023-07-08,0.39814115
2023-07-09,0.39254547500000003
2023-07-10,0.39218098749999997
2023-07-11,0.391
2023-07-12,0.3903087
2023-07-13,0.395474175
2023-07-14,0.3953587125
2023-07-15,0.3882762875
2023-07-16,0.3835148625
2023-07-17,0.3859381375
2023-07-18,0.38403445
2023-07-19,0.37587098750000003
2023-07-20,0.36747555
2023-07-21,0.362834075
2023-07-22,0.3648017625
2023-07-23,0.366797375
2023-07-24,0.369155825
2023-07-25,0.36552873750000003
2023-07-26,0.3624332375
2023-07-27,0.3591363125
2023-07-28,0.35616525
2023-07-29,0.351245775
2023-07-30,0.3450443375
2023-07-31,0.3413423
2023-08-01,0.3337049125
2023-08-02,0.3303240375
2023-08-03,0.3299710125
2023-08-04,0.33087725
2023-08-05,0.3309620875
2023-08-06,0.33400406250000003
2023-08-07,0.3370707375
2023-08-08,0.3382132375
2023-08-09,0.3387211875
2023-08-10,0.34469154999999996
2023-08-11,0.3481831125
2023-08-12,0.3519714125
2023-08-13,0.35791721249999997
2023-08-14,0.3597461
2023-08-15,0.362016575
2023-08-16,0.36426765
2023-08-17,0.3611703875
2023-08-18,0.3630311875
2023-08-19,0.370114075
2023-08-20,0.36659926249999997
2023-08-21,0.3729505625
2023-08-22,0.3905393125
2023-08-23,0.39920198749999997
2023-08-24,0.39847865
2023-08-25,0.397276625
2023-08-26,0.4021117375
2023-08-27,0.4107750375
2023-08-28,0.416242275
2023-08-29,0.4123086875
2023-08-30,0.40498948749999997
2023-08-31,0.400751925
2023-09-01,0.39944040000000003
2023-09-02,0.3967519875
2023-09-03,0.3914702875
2023-09-04,0.38701205
2023-09-05,0.379060825
2023-09-06,0.37138385
2023-09-07,0.36740805
2023-09-08,0.3682054125
2023-09-09,0.363709675
2023-09-10,0.36067045
2023-09-11,0.365269075
2023-09-12,0.3737403125
2023-09-13,0.37784273749999997
2023-09-14,0.3751368625
2023-09-15,0.3675985375
2023-09-16,0.3604741125
2023-09-17,0.3551986875
2023-09-18,0.3643515625
2023-09-19,0.3710913
2023-09-20,0.3752731125
2023-09-21,0.3795380625
2023-09-22,0.3793410625
2023-09-23,0.375598075
2023-09-24,0.37104498750000003
2023-09-25,0.3660848875
2023-09-26,0.3603170125
2023-09-27,0.3539176125
2023-09-28,0.346472825
2023-09-29,0.33912035
2023-09-30,0.3349830125
2023-10-01,0.33936818750000003
2023-10-02,0.3503307
2023-10-03,0.350521075
2023-10-04,0.349543375
2023-10-05,0.3596002125
2023-10-06,0.39299995
2023-10-07,0.3994132625
2023-10-08,0.399531525
2023-10-09,0.40025385
2023-10-10,0.397021025
2023-10-11,0.392327675
2023-10-12,0.3870395625
2023-10-13,0.3809421
2023-10-14,0.373799175
2023-10-15,0.3666377
2023-10-16,0.360092125
2023-10-17,0.3534732125
2023-10-18,0.347554375
2023-10-19,0.34070145
2023-10-20,0.3343628125
2023-10-21,0.32907811249999996
2023-10-22,0.3231192
2023-10-23,0.320401225
2023-10-24,0.321493275
2023-10-25,0.3206391
2023-10-26,0.3189154125
2023-10-27,0.3157420875
2023-10-28,0.3138216625
2023-10-29,0.3122851875
2023-10-30,0.3099759125
2023-10-31,0.309159475
2023-11-01,0.30894155
2023-11-02,0.30760505
2023-11-03,0.30656415000000004
2023-11-04,0.3056948125
2023-11-05,0.3051496375
2023-11-06,0.30442605
2023-11-07,0.3022602375
2023-11-08,0.3019254875
2023-11-09,0.301447825
2023-11-10,0.3014530875
2023-11-11,0.30127405
2023-11-12,0.30004205
2023-11-13,0.2991322125
2023-11-14,0.298308575
2023-11-15,0.296444875
2023-11-16,0.2977205625
2023-11-17,0.31065755
2023-11-18,0.3174636625
2023-11-19,0.3098857
2023-11-20,0.3058743625
2023-11-21,0.30347277500000003
2023-11-22,0.3019093
2023-11-23,0.300414525
2023-11-24,0.29990248750000004
2023-11-25,0.30006299999999997
2023-11-26,0.299736575
2023-11-27,0.29901927500000003
2023-11-28,0.2970472125
2023-11-29,0.295690675
2023-11-30,0.2945524
2023-12-01,0.2938866125
2023-12-02,0.29297295
2023-12-03,0.2924063125
2023-12-04,0.2909433875
2023-12-05,0.2907254125
2023-12-06,0.2904787
2023-12-07,0.30196965
2023-12-08,0.30425538750000003
2023-12-09,0.3008428875
2023-12-10,0.29864192500000003
2023-12-11,0.2969103375
2023-12-12,0.2952050375
2023-12-13,0.29406425
2023-12-14,0.29018116250000003
2023-12-15,0.2904057125
2023-12-16,0.2899814875
2023-12-17,0.2895819
2023-12-18,0.288315725
2023-12-19,0.287341275
2023-12-20,0.2863192375
2023-12-21,0.2853178625
2023-12-22,0.28175425
2023-12-23,0.281468325
2023-12-24,0.28221871249999997
2023-12-25,0.28183885
2023-12-26,0.2811767375
2023-12-27,0.2799821625
2023-12-28,0.2782964625
2023-12-29,0.2767905875
2023-12-30,0.2727569125
2023-12-31,0.2725679875
2024-01-01,0.27242048750000003
2024-01-02,0.2723475875
2024-01-03,0.2715814125
2024-01-04,0.27219445000000003
2024-01-05,0.2707229875
2024-01-06,0.26943665
2024-01-07,0.267349
2024-01-08,0.266679375
2024-01-09,0.266049325
2024-01-10,0.2642084875
2024-01-11,0.2628127125
2024-01-12,0.26319545
2024-01-13,0.2624003125
2024-01-14,0.2616717875
2024-01-15,0.25812151250000004
2024-01-16,0.2585784125
2024-01-17,0.258785375
2024-01-18,0.2587328875
2024-01-19,0.2574146125
2024-01-20,0.2578836125
2024-01-21,0.256656525
2024-01-22,0.2555536625
2024-01-23,0.25159797500000003
2024-01-24,0.2518890375
2024-01-25,0.2521987125
2024-01-26,0.2521375
2024-01-27,0.2518380375
2024-01-28,0.2519081125
2024-01-29,0.249519925
2024-01-30,0.24743605
2024-01-31,0.245981275
2024-02-01,0.2461681
2024-02-02,0.246595625
2024-02-03,0.24853063749999998
2024-02-04,0.247727275
2024-02-05,0.2476785125
2024-02-06,0.2449939125
2024-02-07,0.242357675
2024-02-08,0.2423854
2024-02-09,0.241634725
2024-02-10,0.24065311250000002
2024-02-11,0.2407224
2024-02-12,0.2406841625
2024-02-13,0.2392183125
2024-02-14,0.2391187125
2024-02-15,0.2432387125
2024-02-16,0.2370946125
2024-02-17,0.235454825
2024-02-18,0.2340076
2024-02-19,0.2328226625
2024-02-20,0.2340652125
2024-02-21,0.2427977
2024-02-22,0.24760545
2024-02-23,0.247952125
2024-02-24,0.2440996875
2024-02-25,0.243045425
2024-02-26,0.2400761375
2024-02-27,0.2398915125
2024-02-28,0.2391301375
2024-02-29,0.23752053750000002
2024-03-01,0.2343596875
2024-03-02,0.23188865
2024-03-03,0.2305940375
2024-03-04,0.2297311625
2024-03-05,0.2274948
2024-03-06,0.2266403125
2024-03-07,0.2252631875
2024-03-08,0.224427525
2024-03-09,0.2222600625
2024-03-10,0.220295525
2024-03-11,0.218489025
2024-03-12,0.2168898125
2024-03-13,0.21472505
2024-03-14,0.2136123125
2024-03-15,0.2120466
2024-03-16,0.21139378749999999
2024-03-17,0.20913742500000002
2024-03-18,0.207050825
2024-03-19,0.2064927625
2024-03-20,0.2076904375
2024-03-21,0.205114675
2024-03-22,0.20230352499999998
2024-03-23,0.2058410625
2024-03-24,0.20100335
2024-03-25,0.209952925
2024-03-26,0.22585585
2024-03-27,0.216563425
2024-03-28,0.212618425
2024-03-29,0.208264275
2024-03-30,0.2091046125
2024-03-31,0.22132165
2024-04-01,0.23352005
2024-04-02,0.2308036125
2024-04-03,0.22868017499999999
2024-04-04,0.2319386125
2024-04-05,0.236961575
2024-04-06,0.23830613750000001
2024-04-07,0.23881675
2024-04-08,0.2346869125
2024-04-09,0.2322155875
2024-04-10,0.2289919125
2024-04-11,0.22763965
2024-04-12,0.223590575
2024-04-13,0.2191656875
2024-04-14,0.2156816875
2024-04-15,0.213164825
2024-04-16,0.21026058749999998
2024-04-17,0.2082498875
2024-04-18,0.2100086625
2024-04-19,0.2102569
2024-04-20,0.2119225625
2024-04-21,0.21859230000000002
2024-04-22,0.2314690375
2024-04-23,0.2324134625
2024-04-24,0.225292075
2024-04-25,0.218925025
2024-04-26,0.224676525
2024-04-27,0.2469958625
2024-04-28,0.25645245
2024-04-29,0.24643856249999999
2024-04-30,0.241459075
2024-05-01,0.247398175
2024-05-02,0.24620205
2024-05-03,0.2420127125
2024-05-04,0.24102795
2024-05-05,0.26150405
2024-05-06,0.2829984125
2024-05-07,0.28298955
2024-05-08,0.2764961625
2024-05-09,0.27304775
2024-05-10,0.2741780625
2024-05-11,0.26666275
2024-05-12,0.2621820625
2024-05-13,0.2565284125
2024-05-14,0.25290202500000003
2024-05-15,0.250708325
2024-05-16,0.2483893
2024-05-17,0.25202861249999997
2024-05-18,0.2756136125
2024-05-19,0.2754274
2024-05-20,0.270013025
2024-05-21,0.2644722875
2024-05-22,0.257491825
2024-05-23,0.2530999125
2024-05-24,0.2494966625
2024-05-25,0.24695297500000002
2024-05-26,0.2634357
2024-05-27,0.3027007625
2024-05-28,0.3474672875
2024-05-29,0.338369525
2024-05-30,0.34173288749999997
2024-05-31,0.3363360125
2024-06-01,0.32429858749999996
2024-06-02,0.330637775
2024-06-03,0.33298028749999997
2024-06-04,0.3384636625
2024-06-05,0.3412613875
2024-06-06,0.340309525
2024-06-07,0.33682285
2024-06-08,0.3426668125
2024-06-09,0.35689015
2024-06-10,0.362000875
2024-06-11,0.3689101875
2024-06-12,0.3699453625
2024-06-13,0.37812317500000003
2024-06-14,0.390804775
2024-06-15,0.400331275
2024-06-16,0.41027695
2024-06-17,0.41984325
2024-06-18,0.4254887
2024-06-19,0.42620481250000003
2024-06-20,0.4246443625
2024-06-21,0.41927000000000003
2024-06-22,0.415038225
2024-06-23,0.4100252875
2024-06-24,0.404806875
2024-06-25,0.4041124625
2024-06-26,0.4005374375
2024-06-27,0.39955925
2024-06-28,0.39626725
2024-06-29,0.394901625
2024-06-30,0.3958275625
2024-07-01,0.40984995
2024-07-02,0.4196072375
2024-07-03,0.4167292625
2024-07-04,0.41263505
2024-07-05,0.4115081625
2024-07-06,0.4086761375
2024-07-07,0.403516675
2024-07-08,0.40438955
2024-07-09,0.404615625
2024-07-10,0.4091685875
2024-07-11,0.4147741
2024-07-12,0.4125445375
2024-07-13,0.407708625
2024-07-14,0.4042679
2024-07-15,0.39973987499999997
2024-07-16,0.40397015000000003
2024-07-17,0.39940955
2024-07-18,0.3939883
2024-07-19,0.3900367125
2024-07-20,0.39165581250000003
2024-07-21,0.388800125
2024-07-22,0.3867838875
2024-07-23,0.3824162375
2024-07-24,0.3774303
2024-07-25,0.37290455
2024-07-26,0.3631863
2024-07-27,0.354111675
2024-07-28,0.3476278875
2024-07-29,0.3507664875
2024-07-30,0.3496516125
2024-07-31,0.3512174625
2024-08-01,0.3573998625
2024-08-02,0.3709795125
2024-08-03,0.3757496375
2024-08-04,0.3757644875
2024-08-05,0.3824501125
2024-08-06,0.39072775
2024-08-07,0.3899055875
2024-08-08,0.3868839
2024-08-09,0.3825983
2024-08-10,0.37952936249999997
2024-08-11,0.3771759625
2024-08-12,0.3895619375
2024-08-13,0.389481275
2024-08-14,0.3837420875
2024-08-15,0.3797822
2024-08-16,0.3860628125
2024-08-17,0.389154475
2024-08-18,0.39230981249999997
2024-08-19,0.40284142500000003
2024-08-20,0.41434555
2024-08-21,0.4171950125
2024-08-22,0.42014875
2024-08-23,0.415603975
2024-08-24,0.4124209125
2024-08-25,0.4094943625
2024-08-26,0.40686001250000003
2024-08-27,0.39990425
2024-08-28,0.391982975
2024-08-29,0.3852751375
2024-08-30,0.3833787625
2024-08-31,0.384542725
2024-09-01,0.3835643875
2024-09-02,0.380638175
2024-09-03,0.3868687625
2024-09-04,0.3816916
2024-09-05,0.374838675
2024-09-06,0.368962125
2024-09-07,0.3651967875
2024-09-08,0.3597426625
2024-09-09,0.35658625
2024-09-10,0.3521600875
2024-09-11,0.3489589625
2024-09-12,0.343075975
2024-09-13,0.3349746125
2024-09-14,0.32954325
2024-09-15,0.331659725
2024-09-16,0.329211725
2024-09-17,0.3254684625
2024-09-18,0.3223342125
2024-09-19,0.3173537625
2024-09-20,0.314153375
2024-09-21,0.3159424875
2024-09-22,0.3204792375
2024-09-23,0.3170818875
2024-09-24,0.3170276875
2024-09-25,0.32793432499999997
2024-09-26,0.331746775
2024-09-27,0.3270474375
2024-09-28,0.32487153750000003
2024-09-29,0.3311568125
2024-09-30,0.3408141125
2024-10-01,0.3531166375
2024-10-02,0.351396575
2024-10-03,0.351808125
2024-10-04,0.3520116625
2024-10-05,0.3545806625
2024-10-06,0.3508077375
2024-10-07,0.3442917375
2024-10-08,0.3395569125
2024-10-09,0.33889585
2024-10-10,0.337755025
2024-10-11,0.343963775
2024-10-12,0.340808425
2024-10-13,0.3363019375
2024-10-14,0.33215105
2024-10-15,0.3283391375
2024-10-16,0.3257527875
2024-10-17,0.3229448375
2024-10-18,0.3218261
2024-10-19,0.3223278125
2024-10-20,0.3200761125
2024-10-21,0.3168419125
2024-10-22,0.314211175
2024-10-23,0.31332155
2024-10-24,0.31952505
2024-10-25,0.3169509125
2024-10-26,0.313301475
2024-10-27,0.3114195
2024-10-28,0.3100448375
2024-10-29,0.30936555
2024-10-30,0.3089705
2024-10-31,0.3054059625
2024-11-01,0.304385025
2024-11-02,0.30463375
2024-11-03,0.3036992125
2024-11-04,0.3030706625
2024-11-05,0.3031661
2024-11-06,0.303934425
2024-11-07,0.30230460000000003
2024-11-08,0.3007471375
2024-11-09,0.29830375
2024-11-10,0.297904775
2024-11-11,0.2967868125
2024-11-12,0.29552313750000003
2024-11-13,0.294607775
2024-11-14,0.29338135
2024-11-15,0.2911980375
2024-11-16,0.28917397499999997
2024-11-17,0.2842886375
2024-11-18,0.2838503625
2024-11-19,0.28346445
2024-11-20,0.2825592625
2024-11-21,0.2818954875
2024-11-22,0.2816396375
2024-11-23,0.2787622625
2024-11-24,0.276328525
2024-11-25,0.2734616
2024-11-26,0.2742332875
2024-11-27,0.27298211250000004
2024-11-28,0.2718733625
2024-11-29,0.27086715
2024-11-30,0.2688415375
2024-12-01,0.2674839125
2024-12-02,0.2662197
2024-12-03,0.2634416875
2024-12-04,0.2642772375
2024-12-05,0.2643257875
2024-12-06,0.2648858875
2024-12-07,0.265040525
2024-12-08,0.2625776625
2024-12-09,0.2604595125
2024-12-10,0.25893065
2024-12-11,0.2572355375
2024-12-12,0.2573859125
2024-12-13,0.2542853375
2024-12-14,0.254369275
2024-12-15,0.2541333375
2024-12-16,0.2541093
2024-12-17,0.2527721
2024-12-18,0.251802425
2024-12-19,0.25000465
2024-12-20,0.2495003375
2024-12-21,0.24766275
2024-12-22,0.2483657
2024-12-23,0.24837905
2024-12-24,0.245816025
2024-12-25,0.2439423875
2024-12-26,0.242244225
2024-12-27,0.241415075
2024-12-28,0.2410514125
2024-12-29,0.2414267875
2024-12-30,0.2420736875
2024-12-31,0.24229695
2025-01-01,0.2410019125
2025-01-02,0.2396081875
2025-01-03,0.238643875
2025-01-04,0.239604875
2025-01-05,0.2381979125
2025-01-06,0.2364443125
2025-01-07,0.23650425
2025-01-08,0.236591325
2025-01-09,0.2367577125
2025-01-10,0.23516861249999998
2025-01-11,0.2335936375
2025-01-12,0.2332033375
2025-01-13,0.23275176250000001
2025-01-14,0.2325265125
2025-01-15,0.23176839999999999
2025-01-16,0.230891625
2025-01-17,0.229660825
2025-01-18,0.2285077
2025-01-19,0.227667975
2025-01-20,0.2247365
2025-01-21,0.2246418375
2025-01-22,0.22601905
2025-01-23,0.2262978
2025-01-24,0.2265802375
2025-01-25,0.225261625
2025-01-26,0.22441345000000001
2025-01-27,0.2238062875
2025-01-28,0.220587575
2025-01-29,0.2208623875
2025-01-30,0.220603625
2025-01-31,0.2212664875
2025-02-01,0.2212666375
2025-02-02,0.2198083375
2025-02-03,0.21846945
2025-02-04,0.2173793
2025-02-05,0.21672180000000002
2025-02-06,0.2168284875
2025-02-07,0.216910375
2025-02-08,0.2163777
2025-02-09,0.21577345
2025-02-10,0.2136568125
2025-02-11,0.2127410375
2025-02-12,0.2121077625
2025-02-13,0.21155993750000002
2025-02-14,0.2112947875
2025-02-15,0.21041915
2025-02-16,0.2092854125
2025-02-17,0.2081719
2025-02-18,0.207246325
2025-02-19,0.2061068375
2025-02-20,0.204370775
2025-02-21,0.20237768750000001
2025-02-22,0.20207295
2025-02-23,0.2030484375
2025-02-24,0.2026412
2025-02-25,0.2010985
2025-02-26,0.19959132499999999
2025-02-27,0.198459225
2025-02-28,0.19669345
2025-03-01,0.193810775
2025-03-02,0.1931044625
2025-03-03,0.19167119999999999
2025-03-04,0.1907540625
2025-03-05,0.1901281
2025-03-06,0.19006842499999999
2025-03-07,0.1875207125
2025-03-08,0.18571176250000002
2025-03-09,0.18522175
2025-03-10,0.183919
2025-03-11,0.1837454125
2025-03-12,0.1828463375
2025-03-13,0.18378355
2025-03-14,0.189849125
2025-03-15,0.19136681249999998
2025-03-16,0.195125875
2025-03-17,0.19403403749999998
2025-03-18,0.1931408125
2025-03-19,0.1906999125
2025-03-20,0.1889396625
2025-03-21,0.1900916125
2025-03-22,0.18965537500000001
2025-03-23,0.1874843625
2025-03-24,0.185226275
2025-03-25,0.1838113
2025-03-26,0.182210775
2025-03-27,0.18147185
2025-03-28,0.17999045
2025-03-29,0.17886897499999999
2025-03-30,0.1779707625
2025-03-31,0.17664605
2025-04-01,0.1779354625
2025-04-02,0.1797478375
2025-04-03,0.18019855
2025-04-04,0.179681675
2025-04-05,0.1772044125
2025-04-06,0.180775075
2025-04-07,0.17985642500000001
2025-04-08,0.17708055
2025-04-09,0.17487965
2025-04-10,0.17543475
2025-04-11,0.18386098750000002
2025-04-12,0.1841514
2025-04-13,0.1821412625
2025-04-14,0.179415525
2025-04-15,0.18044855
2025-04-16,0.18311565
2025-04-17,0.18745985
2025-04-18,0.1860537625
2025-04-19,0.183489125
2025-04-20,0.1814032375
2025-04-21,0.1878524375
2025-04-22,0.215269475
2025-04-23,0.2341843375
2025-04-24,0.23162563749999998
2025-04-25,0.22365065
2025-04-26,0.2181334
2025-04-27,0.2229650375
2025-04-28,0.2461674875
2025-04-29,0.235584525
2025-04-30,0.2262327125
2025-05-01,0.2239887125
2025-05-02,0.2230962125
2025-05-03,0.216640275
2025-05-04,0.2140024875
2025-05-05,0.2117589125
2025-05-06,0.211616475
2025-05-07,0.21056516249999999
2025-05-08,0.212012525
2025-05-09,0.2106618125
2025-05-10,0.2106407375
2025-05-11,0.2184032375
2025-05-12,0.2245358125
2025-05-13,0.2437512
2025-05-14,0.2574025375
2025-05-15,0.2598432625
2025-05-16,0.255717075
2025-05-17,0.2620532
2025-05-18,0.2682255
2025-05-19,0.27007685
2025-05-20,0.27977968750000004
2025-05-21,0.2877743
2025-05-22,0.297669825
2025-05-23,0.2878576375
2025-05-24,0.2836258125
2025-05-25,0.291668225
2025-05-26,0.315114075
2025-05-27,0.3134762
2025-05-28,0.30637045
2025-05-29,0.3143831875
2025-05-30,0.3410786
2025-05-31,0.3428307625
2025-06-01,0.3519856375
2025-06-02,0.3395697875
2025-06-03,0.3358190625
2025-06-04,0.332228225
2025-06-05,0.329675625
2025-06-06,0.3282031125
2025-06-07,0.3249378
2025-06-08,0.3238682875
2025-06-09,0.3205378625
2025-06-10,0.318145775
2025-06-11,0.316526775
2025-06-12,0.314821925
2025-06-13,0.3120756375
2025-06-14,0.31271743750000003
2025-06-15,0.3224708375
2025-06-16,0.3246218
2025-06-17,0.320654375
2025-06-18,0.3193878875
2025-06-19,0.3164206125
2025-06-20,0.3139550375
2025-06-21,0.317123575
2025-06-22,0.323686975
2025-06-23,0.3264573625
2025-06-24,0.3260385125
2025-06-25,0.330917675
2025-06-26,0.325033675
2025-06-27,0.320022675
2025-06-28,0.316840825
2025-06-29,0.315701425
2025-06-30,0.32113545
2025-07-01,0.3261193125
2025-07-02,0.3293350375
2025-07-03,0.3232642
2025-07-04,0.32149191250000003
2025-07-05,0.32084748750000003
2025-07-06,0.3225351125
2025-07-07,0.3215689
2025-07-08,0.32615147499999997
2025-07-09,0.332603775
2025-07-10,0.33126327499999997
2025-07-11,0.324679575
2025-07-12,0.320215675
2025-07-13,0.31660425000000003
2025-07-14,0.3138859625
2025-07-15,0.3193856
2025-07-16,0.3248717375
2025-07-17,0.3244237625
2025-07-18,0.3206427625
2025-07-19,0.3191600125
2025-07-20,0.32085494999999997
2025-07-21,0.320403375
2025-07-22,0.3216888875
2025-07-23,0.3172869875
2025-07-24,0.3175993625
2025-07-25,0.31546423749999997
2025-07-26,0.3172981
2025-07-27,0.3219951375
2025-07-28,0.3243994
2025-07-29,0.319423075
2025-07-30,0.3141315125
2025-07-31,0.3123844
2025-08-01,0.3149775125
2025-08-02,0.32503363749999997
2025-08-03,0.332257325
2025-08-04,0.3395990125
2025-08-05,0.3475668125
2025-08-06,0.34084355
2025-08-07,0.339026125
2025-08-08,0.33763
2025-08-09,0.33736038749999997
2025-08-10,0.33698086250000003
2025-08-11,0.335886225
2025-08-12,0.3366847125
2025-08-13,0.343301625
2025-08-14,0.3439591375
2025-08-15,0.3424472875
2025-08-16,0.3413409125
2025-08-17,0.3464209125
2025-08-18,0.3493710125
2025-08-19,0.3538322625
2025-08-20,0.34994405
2025-08-21,0.3493211375
2025-08-22,0.3474709875
2025-08-23,0.343642125
2025-08-24,0.346004125
2025-08-25,0.3428277
2025-08-26,0.34339425
2025-08-27,0.343480325
2025-08-28,0.34397805000000004
2025-08-29,0.3465261625
2025-08-30,0.353574275
2025-08-31,0.3481827875
2025-09-01,0.3410997625
2025-09-02,0.3370942375
2025-09-03,0.3363381125
2025-09-04,0.3446653375
2025-09-05,0.345169125
2025-09-06,0.3431999625
2025-09-07,0.3462799125
2025-09-08,0.3447039125
2025-09-09,0.344740875
2025-09-10,0.3482893625
2025-09-11,0.346408775
2025-09-12,0.360191425
2025-09-13,0.369096525
2025-09-14,0.38105465
2025-09-15,0.389588
2025-09-16,0.3957872625
2025-09-17,0.39381252499999997
2025-09-18,0.3965109375
2025-09-19,0.3916373875
2025-09-20,0.38479005
2025-09-21,0.3781522625
2025-09-22,0.3759034
2025-09-23,0.3747059125
2025-09-24,0.36773503750000003
2025-09-25,0.36029695
2025-09-26,0.3537697375
2025-09-27,0.3497122625
2025-09-28,0.3460618125
2025-09-29,0.3415215125
2025-09-30,0.3385338375
2025-10-01,0.346184675
2025-10-02,0.3468414125
2025-10-03,0.3446067625
2025-10-04,0.341789675
2025-10-05,0.33885045
2025-10-06,0.34086685
2025-10-07,0.3426255125
2025-10-08,0.3415849875
2025-10-09,0.33850987499999996
2025-10-10,0.336071075
2025-10-11,0.3426733
2025-10-12,0.338549275
2025-10-13,0.33372562499999997
2025-10-14,0.328867725
2025-10-15,0.3251239375
2025-10-16,0.321158475
2025-10-17,0.317318175
2025-10-18,0.31453645
2025-10-19,0.309624925
2025-10-20,0.3093456625
2025-10-21,0.30875026250000004
2025-10-22,0.3076893875
2025-10-23,0.3069164625
2025-10-24,0.3029002375
2025-10-25,0.3014250375
2025-10-26,0.298899725
2025-10-27,0.2972490125
2025-10-28,0.2977382625
2025-10-29,0.29915372500000004
2025-10-30,0.302189425
2025-10-31,0.30754295
2025-11-01,0.309136325
2025-11-02,0.30558585
2025-11-03,0.3023431625
2025-11-04,0.2977581625
2025-11-05,0.2983596375
2025-11-06,0.2989305875
2025-11-07,0.2986271375
2025-11-08,0.2978301375
2025-11-09,0.2964019625
2025-11-10,0.2939099
2025-11-11,0.2920012125
2025-11-12,0.2876060625
2025-11-13,0.2864407875
2025-11-14,0.2852921625
2025-11-15,0.28462696249999997
2025-11-16,0.2836142125
2025-11-17,0.2833138
2025-11-18,0.282281775
2025-11-19,0.281143775
2025-11-20,0.2793772
2025-11-21,0.2775408125
2025-11-22,0.27673135
2025-11-23,0.275804575
2025-11-24,0.27455605
2025-11-25,0.2730629
2025-11-26,0.271549775
2025-11-27,0.2701227375
2025-11-28,0.268721775
2025-11-29,0.2690122125
2025-11-30,0.2690585125
2025-12-01,0.268507875
2025-12-02,0.2680745
2025-12-03,0.266524875
2025-12-04,0.264959
2025-12-05,0.2610256125
2025-12-06,0.261387575
2025-12-07,0.2612155
2025-12-08,0.2606896625
2025-12-09,0.2600296375
2025-12-10,0.259107925
2025-12-11,0.2575056625
2025-12-12,0.25685855
2025-12-13,0.2549587125
2025-12-14,0.253682375
2025-12-15,0.253230425
2025-12-16,0.2531641875
2025-12-17,0.252390425
2025-12-18,0.2514969625
2025-12-19,0.2509955125
2025-12-20,0.2511053625
2025-12-21,0.24965665
2025-12-22,0.24951104999999998
2025-12-23,0.2483343875
2025-12-24,0.2493082875
2025-12-25,0.24818371250000001
2025-12-26,0.247125025
2025-12-27,0.2445264125
2025-12-28,0.24318805
2025-12-29,0.2420912875
2025-12-30,0.2416991
2025-12-31,0.24178563749999998
2026-01-01,0.2418243625
2026-01-02,0.241371175
2026-01-03,0.2411580375
2026-01-04,0.2397237625
2026-01-05,0.23822305
2026-01-06,0.2363491125
2026-01-07,0.2373455
2026-01-08,0.237672525
2026-01-09,0.23721785
2026-01-10,0.2361440875
2026-01-11,0.2352603875
2026-01-12,0.2341798875
2026-01-13,0.2336178
2026-01-14,0.2321970375
2026-01-15,0.23134878749999999
2026-01-16,0.231210725
2026-01-17,0.2302818
2026-01-18,0.2299591375
2026-01-19,0.2294104375
2026-01-20,0.2282468
2026-01-21,0.2268035
2026-01-22,0.22456223749999998
2026-01-23,0.224731375
2026-01-24,0.224129975
2026-01-25,0.224737575
2026-01-26,0.224093475
2026-01-27,0.2233018125
2026-01-28,0.22201945
2026-01-29,0.221752725
2026-01-30,0.22154445
2026-01-31,0.2196879625
2026-02-01,0.2195316625
2026-02-02,0.2204642125
2026-02-03,0.2189204
2026-02-04,0.21758405
2026-02-05,0.2151147125
2026-02-06,0.21438385000000001
2026-02-07,0.2136858125
2026-02-08,0.2127899375
2026-02-09,0.21274961250000002
2026-02-10,0.2129412125
2026-02-11,0.2123112625
2026-02-12,0.21170962499999998
2026-02-13,0.2102750625
2026-02-14,0.2094667375
2026-02-15,0.208706
2026-02-16,0.2066277875
2026-02-17,0.205521925
2026-02-18,0.2051486375
2026-02-19,0.203701925
2026-02-20,0.2030634875
2026-02-21,0.2018091
2026-02-22,0.2003940375
2026-02-23,0.199321125
2026-02-24,0.1986066125
2026-02-25,0.197920275
2026-02-26,0.1970560375
2026-02-27,0.1962002875
2026-02-28,0.1953413
2026-03-01,0.193857325
2026-03-02,0.192812225
2026-03-03,0.191755675
2026-03-04,0.190996525
2026-03-05,0.189349875
2026-03-06,0.1886636
2026-03-07,0.1876031125
2026-03-08,0.1874282125
2026-03-09,0.185577625
2026-03-10,0.1838217375
2026-03-11,0.1844154375
2026-03-12,0.18979921249999998
2026-03-13,0.1992945
2026-03-14,0.202941125
2026-03-15,0.2291817625
2026-03-16,0.242103875
2026-03-17,0.241779425
2026-03-18,0.2350153625
2026-03-19,0.2334537625
2026-03-20,0.2311210625
2026-03-21,0.23328125
2026-03-22,0.2285041625
2026-03-23,0.22536182500000002
2026-03-24,0.2226861875
2026-03-25,0.220804725
2026-03-26,0.2182011
2026-03-27,0.216148475
2026-03-28,0.23386812499999998
2026-03-29,0.23098412499999998
2026-03-30,0.231834925
2026-03-31,0.2343594
2026-04-01,0.2365920125
2026-04-02,0.251787875
2026-04-03,0.2710265375
2026-04-04,0.27120347499999997
2026-04-05,0.26709361249999997
2026-04-06,0.261079675
2026-04-07,0.259037575
2026-04-08,0.254289625
2026-04-09,0.2524651875
2026-04-10,0.2496070625
2026-04-11,0.24583225
2026-04-12,0.243643025
2026-04-13,0.2462101625
2026-04-14,0.2473358
2026-04-15,0.2548088
2026-04-16,0.2515978
2026-04-17,0.2497486125
2026-04-18,0.2555924875
2026-04-19,0.2637294375
2026-04-20,0.2654998375
2026-04-21,0.265218975
2026-04-22,0.26521436249999997
2026-04-23,0.263996275
2026-04-24,0.258439425
2026-04-25,0.2567160375
2026-04-26,0.2619671875
2026-04-27,0.2805898625
2026-04-28,0.3066433375
2026-04-29,0.3036400625
2026-04-30,0.2960756875
2026-05-01,0.295218575
2026-05-02,0.3032224
2026-05-03,0.30100685
2026-05-04,0.2994952875
2026-05-05,0.293457275
2026-05-06,0.2913131125
2026-05-07,0.289100025
2026-05-08,0.2852527875
2026-05-09,0.283336975
2026-05-10,0.2821327375
2026-05-11,0.2814494375
2026-05-12,0.2797177625
2026-05-13,0.2807907375
2026-05-14,0.2835080125
2026-05-15,0.2911466125
2026-05-16,0.29673985
2026-05-17,0.3006367625
2026-05-18,0.2975531
2026-05-19,0.300534875
2026-05-20,0.303050725
2026-05-21,0.2979852375
2026-05-22,0.2956581625
2026-05-23,0.315184625
2026-05-24,0.3236749375
2026-05-25,0.3254441125
2026-05-26,0.3263420625
2026-05-27,0.322099975
2026-05-28,0.3162499625
2026-05-29,0.309901625
2026-05-30,0.3064458
2026-05-31,0.30474535
2026-06-01,0.305901725
2026-06-02,0.3074741875
2026-06-03,0.318617275
2026-06-04,0.3191779
2026-06-05,0.31753115
2026-06-06,0.3131642625
2026-06-07,0.3182143125
2026-06-08,0.3211689375
2026-06-09,0.32035905
2026-06-10,0.316085675
2026-06-11,0.3121232
2026-06-12,0.310553525
2026-06-13,0.313304525
2026-06-14,0.3220409125
2026-06-15,0.3201002625
2026-06-16,0.3166536625
2026-06-17,0.319713275
2026-06-18,0.322216925
2026-06-19,0.3240662375
2026-06-20,0.3295964375
2026-06-21,0.33577085
2026-06-22,0.33748265
2026-06-23,0.336001175
2026-06-24,0.33864903749999997
2026-06-25,0.33474
2026-06-26,0.3304661
2026-06-27,0.3305048625
2026-06-28,0.3289242
2026-06-29,0.330338825
2026-06-30,0.3289904625
2026-07-01,0.3261930625
2026-07-02,0.3263623
2026-07-03,0.3283667125
2026-07-04,0.3252171875
2026-07-05,0.325475925
2026-07-06,0.327033275
2026-07-07,0.328001125
2026-07-08,0.3348573
2026-07-09,0.33565195000000003
2026-07-10,0.3302556
2026-07-11,0.3290364375
2026-07-12,0.3286845875
2026-07-13,0.328933275
2026-07-14,0.325457775
2026-07-15,0.3274455375
2026-07-16,0.32671537500000003
2026-07-17,0.3246330375
2026-07-18,0.3242948375
2026-07-19,0.32350035
2026-07-20,0.32888755000000003
2026-07-21,0.3280447875
2026-07-22,0.32790756249999997
2026-07-23,0.32866085
2026-07-24,0.32516125
2026-07-25,0.3224875
2026-07-26,0.31792485
2026-07-27,0.31533690000000003
2026-07-28,0.3174962
2026-07-29,0.3203851125
2026-07-30,0.3215831875
2026-07-31,0.321250375
2026-08-01,0.326648575
2026-08-02,0.3245644375
2026-08-03,0.324157125
2026-08-04,0.3329312
2026-08-05,0.3442976125
2026-08-06,0.3407996
2026-08-07,0.3367042375
2026-08-08,0.3342708875
2026-08-09,0.3322652125
2026-08-10,0.330781325
2026-08-11,0.3349949125
2026-08-12,0.3364850875
2026-08-13,0.33282985
2026-08-14,0.329196975
2026-08-15,0.32750645
2026-08-16,0.327116725
2026-08-17,0.3290205
2026-08-18,0.3290410375
2026-08-19,0.329078175
2026-08-20,0.32940437499999997
2026-08-21,0.3286077125
2026-08-22,0.3248456375
2026-08-23,0.3292098125
2026-08-24,0.3297465625
2026-08-25,0.3291815875
2026-08-26,0.32851101250000003
2026-08-27,0.3280202
2026-08-28,0.3305985375
2026-08-29,0.32897753750000003
2026-08-30,0.3257694875
2026-08-31,0.3258762625
2026-09-01,0.33110636250000003
2026-09-02,0.3301579875
2026-09-03,0.328151675
2026-09-04,0.3272328625
2026-09-05,0.3251437125
2026-09-06,0.326690325
2026-09-07,0.324337325
2026-09-08,0.3238170875
2026-09-09,0.3220209125
2026-09-10,0.3193302375
2026-09-11,0.3246506125
2026-09-12,0.34119713749999997
2026-09-13,0.3314601375
2026-09-14,0.325644425
2026-09-15,0.3219455875
2026-09-16,0.3232085625
2026-09-17,0.32941668749999997
2026-09-18,0.3235696875
2026-09-19,0.3181381875
2026-09-20,0.3166105375
