date,sm_rootzone
2015-03-31,0.180065425
2015-04-01,0.1868020125
2015-04-02,0.2209622875
2015-04-03,0.2365333
2015-04-04,0.23330925
2015-04-05,0.23668971249999998
2015-04-06,0.2387938625
2015-04-07,0.2438271125
2015-04-08,0.234773425
2015-04-09,0.2311671625
2015-04-10,0.22751555
2015-04-11,0.22450884999999998
2015-04-12,0.223303575
2015-04-13,0.2209686625
2015-04-14,0.2182129875
2015-04-15,0.21695575
2015-04-16,0.2167250375
2015-04-17,0.2174088875
2015-04-18,0.2161114375
2015-04-19,0.213434675
2015-04-20,0.2126454625
2015-04-21,0.2109512625
2015-04-22,0.21121735
2015-04-23,0.213302025
2015-04-24,0.2156062125
2015-04-25,0.2165415125
2015-04-26,0.21747205
2015-04-27,0.216398375
2015-04-28,0.21399836249999998
2015-04-29,0.212455025
2015-04-30,0.2115628625
2015-05-01,0.2136387125
2015-05-02,0.2166988
2015-05-03,0.2165644
2015-05-04,0.2134508125
2015-05-05,0.21108464999999998
2015-05-06,0.2092754875
2015-05-07,0.2112862
2015-05-08,0.213325275
2015-05-09,0.210712825
2015-05-10,0.2102805125
2015-05-11,0.216001625
2015-05-12,0.221214775
2015-05-13,0.219425225
2015-05-14,0.21497336250000001
2015-05-15,0.2256663375
2015-05-16,0.2441610875
2015-05-17,0.2386906125
2015-05-18,0.2354857625
2015-05-19,0.232196975
2015-05-20,0.2283527875
2015-05-21,0.2262926875
2015-05-22,0.2248119
2015-05-23,0.2281839625
2015-05-24,0.2396645875
2015-05-25,0.2372298875
2015-05-26,0.23294495
2015-05-27,0.2308041875
2015-05-28,0.25314225
2015-05-29,0.27255525
2015-05-30,0.2798333
2015-05-31,0.2709520625
2015-06-01,0.2652202
2015-06-02,0.26196675
2015-06-03,0.260759875
2015-06-04,0.256876525
2015-06-05,0.25386065
2015-06-06,0.2523941125
2015-06-07,0.2505501
2015-06-08,0.2483143125
2015-06-09,0.2459927625
2015-06-10,0.264435875
2015-06-11,0.31264898750000003
2015-06-12,0.32901345
2015-06-13,0.3279724625
2015-06-14,0.323590475
2015-06-15,0.32219315
2015-06-16,0.3295114
2015-06-17,0.32723253750000003
2015-06-18,0.32225905
2015-06-19,0.3230509125
2015-06-20,0.3288053125
2015-06-21,0.3254106875
2015-06-22,0.33879055
2015-06-23,0.3472202125
2015-06-24,0.352477725
2015-06-25,0.35550165
2015-06-26,0.3580936125
2015-06-27,0.3569245625
2015-06-28,0.3541489
2015-06-29,0.350348225
2015-06-30,0.3467784375
2015-07-01,0.3432497375
2015-07-02,0.34569222499999996
2015-07-03,0.3453892
2015-07-04,0.34097751249999997
2015-07-05,0.34022162499999997
2015-07-06,0.34642986249999996
2015-07-07,0.3554081375
2015-07-08,0.373999975
2015-07-09,0.384445675
2015-07-10,0.3875823
2015-07-11,0.3812906625
2015-07-12,0.37602785
2015-07-13,0.374547725
2015-07-14,0.372775225
2015-07-15,0.37889103749999997
2015-07-16,0.3852229125
2015-07-17,0.39280115
2015-07-18,0.405091825
2015-07-19,0.40933025
2015-07-20,0.4120264375
2015-07-21,0.4105023125
2015-07-22,0.4077414625
2015-07-23,0.4085522625
2015-07-24,0.4141984125
2015-07-25,0.413784375
2015-07-26,0.416636
2015-07-27,0.4213072375
2015-07-28,0.42118093749999996
2015-07-29,0.4180923
2015-07-30,0.417684175
2015-07-31,0.4192012
2015-08-01,0.4190886625
2015-08-02,0.41608545
2015-08-03,0.412279675
2015-08-04,0.4094873125
2015-08-05,0.4072675
2015-08-06,0.40439505
2015-08-07,0.40250684999999997
2015-08-08,0.401699275
2015-08-09,0.40027595
2015-08-10,0.399378425
2015-08-11,0.3978155125
2015-08-12,0.3954528375
2015-08-13,0.393656575
2015-08-14,0.3940989875
2015-08-15,0.39267465
2015-08-16,0.3895710625
2015-08-17,0.3883527625
2015-08-18,0.3926405875
2015-08-19,0.402434675
2015-08-20,0.41033205
2015-08-21,0.4138687
2015-08-22,0.4098825
2015-08-23,0.405842575
2015-08-24,0.4026548875
2015-08-25,0.4001810375
2015-08-26,0.40113485
2015-08-27,0.403530075
2015-08-28,0.40083148749999997
2015-08-29,0.3996594125
2015-08-30,0.403874475
2015-08-31,0.41029095000000004
2015-09-01,0.41119525
2015-09-02,0.4101116875
2015-09-03,0.409469275
2015-09-04,0.40853185000000003
2015-09-05,0.4072572875
2015-09-06,0.4057436375
2015-09-07,0.4044773
2015-09-08,0.40168475
2015-09-09,0.4019998125
2015-09-10,0.4048431875
2015-09-11,0.4041198375
2015-09-12,0.4069535
2015-09-13,0.4043304625
2015-09-14,0.4062455875
2015-09-15,0.4026994125
2015-09-16,0.3988444625
2015-09-17,0.3957414875
2015-09-18,0.3961106375
2015-09-19,0.3983497125
2015-09-20,0.400361925
2015-09-21,0.403201875
2015-09-22,0.4035793875
2015-09-23,0.4035913
2015-09-24,0.400350875
2015-09-25,0.3969259125
2015-09-26,0.393391
2015-09-27,0.3900474625
2015-09-28,0.386958425
2015-09-29,0.3839868375
2015-09-30,0.38144242500000003
2015-10-01,0.37989388749999997
2015-10-02,0.3782479375
2015-10-03,0.3766137875
2015-10-04,0.3760671875
2015-10-05,0.37632685
2015-10-06,0.378184425
2015-10-07,0.378969075
2015-10-08,0.3889687375
2015-10-09,0.389650575
2015-10-10,0.3856487625
2015-10-11,0.3832113625
2015-10-12,0.380926875
2015-10-13,0.381557275
2015-10-14,0.378875525
2015-10-15,0.3763075625
2015-10-16,0.37357045
2015-10-17,0.3709364
2015-10-18,0.3684333875
2015-10-19,0.3659360875
2015-10-20,0.3634816125
2015-10-21,0.3608793375
2015-10-22,0.35872205
2015-10-23,0.3573190125
2015-10-24,0.3553712375
2015-10-25,0.353218225
2015-10-26,0.3510183625
2015-10-27,0.3489006875
2015-10-28,0.34679902500000004
2015-10-29,0.3453367125
2015-10-30,0.3443663125
2015-10-31,0.349857975
2015-11-01,0.34844755
2015-11-02,0.3459211125
2015-11-03,0.3436095125
2015-11-04,0.341322825
2015-11-05,0.3391483
2015-11-06,0.3373995375
2015-11-07,0.3355576875
2015-11-08,0.3335874125
2015-11-09,0.3317997
2015-11-10,0.330124975
2015-11-11,0.32843225
2015-11-12,0.3264074375
2015-11-13,0.3242243875
2015-11-14,0.3225257375
2015-11-15,0.3209409875
2015-11-16,0.319320075
2015-11-17,0.3183764625
2015-11-18,0.318806175
2015-11-19,0.3170172375
2015-11-20,0.314948475
2015-11-21,0.3127218
2015-11-22,0.3109139625
2015-11-23,0.3092012
2015-11-24,0.3075228875
2015-11-25,0.3059674625
2015-11-26,0.3046074
2015-11-27,0.3031596875
2015-11-28,0.3017934875
2015-11-29,0.300262975
2015-11-30,0.2988223625
2015-12-01,0.29786375
2015-12-02,0.29705241250000003
2015-12-03,0.2961390625
2015-12-04,0.2951932375
2015-12-05,0.2937893125
2015-12-06,0.29251945
2015-12-07,0.291481825
2015-12-08,0.2906723
2015-12-09,0.2894226125
2015-12-10,0.287989275
2015-12-11,0.286783525
2015-12-12,0.2857224
2015-12-13,0.2847406
2015-12-14,0.283619625
2015-12-15,0.28221643750000003
2015-12-16,0.28104725
2015-12-17,0.2798596375
2015-12-18,0.279334075
2015-12-19,0.2784786625
2015-12-20,0.277421575
2015-12-21,0.276520775
2015-12-22,0.2753497
2015-12-23,0.2740694125
2015-12-24,0.2729255
2015-12-25,0.27212308749999997
2015-12-26,0.2709840875
2015-12-27,0.2700566125
2015-12-28,0.269311925
2015-12-29,0.2684931375
2015-12-30,0.2677059375
2015-12-31,0.2668873125
2016-01-01,0.265696925
2016-01-02,0.264451275
2016-01-03,0.26331415
2016-01-04,0.2623541875
2016-01-05,0.2614095375
2016-01-06,0.260413025
2016-01-07,0.2594196875
2016-01-08,0.258556175
2016-01-09,0.257692175
2016-01-10,0.256942725
2016-01-11,0.25576234999999997
2016-01-12,0.2545820875
2016-01-13,0.25369475
2016-01-14,0.2528285625
2016-01-15,0.2518500625
2016-01-16,0.2509759375
2016-01-17,0.250014775
2016-01-18,0.248965225
2016-01-19,0.2478986625
2016-01-20,0.2471001125
2016-01-21,0.2477021375
2016-01-22,0.2465267875
2016-01-23,0.2452137625
2016-01-24,0.24390725
2016-01-25,0.2426988375
2016-01-26,0.24155052500000002
2016-01-27,0.2405434875
2016-01-28,0.23987321250000002
2016-01-29,0.239212475
2016-01-30,0.238251125
2016-01-31,0.23738462500000002
2016-02-01,0.2364018625
2016-02-02,0.2350626625
2016-02-03,0.233879275
2016-02-04,0.2325514625
2016-02-05,0.2312481
2016-02-06,0.2300490125
2016-02-07,0.2289469125
2016-02-08,0.2278885375
2016-02-09,0.2283975625
2016-02-10,0.2303769
2016-02-11,0.2294801125
2016-02-12,0.230465775
2016-02-13,0.2303825875
2016-02-14,0.2294693
2016-02-15,0.2284611625
2016-02-16,0.22796915
2016-02-17,0.2272132625
2016-02-18,0.2269677125
2016-02-19,0.2250592875
2016-02-20,0.2240080875
2016-02-21,0.2220087
2016-02-22,0.220230975
2016-02-23,0.219684025
2016-02-24,0.229324325
2016-02-25,0.2321001
2016-02-26,0.2285276
2016-02-27,0.2269554125
2016-02-28,0.2244739625
2016-02-29,0.2219264625
2016-03-01,0.21975482500000001
2016-03-02,0.21769975
2016-03-03,0.2158372375
2016-03-04,0.21411955
2016-03-05,0.212422775
2016-03-06,0.21129745
2016-03-07,0.2109356375
2016-03-08,0.2090387125
2016-03-09,0.2073143125
2016-03-10,0.2057807125
2016-03-11,0.2044137125
2016-03-12,0.20308861250000002
2016-03-13,0.2026494375
2016-03-14,0.201069375
2016-03-15,0.1994799625
2016-03-16,0.198114825
2016-03-17,0.19659089999999999
2016-03-18,0.1953973875
2016-03-19,0.1954534875
2016-03-20,0.1944582
2016-03-21,0.195354375
2016-03-22,0.1958350375
2016-03-23,0.1939111625
2016-03-24,0.1920201375
2016-03-25,0.190110325
2016-03-26,0.18863295
2016-03-27,0.187456525
2016-03-28,0.1935699375
2016-03-29,0.2050766125
2016-03-30,0.2078472875
2016-03-31,0.223922025
2016-04-01,0.248678925
2016-04-02,0.24215325
2016-04-03,0.2466711125
2016-04-04,0.2644722875
2016-04-05,0.25990435
2016-04-06,0.2514907125
2016-04-07,0.2454206625
2016-04-08,0.241122825
2016-04-09,0.237691025
2016-04-10,0.2342569625
2016-04-11,0.2307516375
2016-04-12,0.22783106250000001
2016-04-13,0.225155875
2016-04-14,0.22272316250000002
2016-04-15,0.22063425
2016-04-16,0.2222092375
2016-04-17,0.223834325
2016-04-18,0.22135935
2016-04-19,0.2184104
2016-04-20,0.2153239375
2016-04-21,0.21278775
2016-04-22,0.210648475
2016-04-23,0.2087135875
2016-04-24,0.2066672125
2016-04-25,0.2047471625
2016-04-26,0.202875525
2016-04-27,0.2011672
2016-04-28,0.19961965
2016-04-29,0.1984433875
2016-04-30,0.197168625
2016-05-01,0.197647475
2016-05-02,0.2227179
2016-05-03,0.2360226375
2016-05-04,0.228107275
2016-05-05,0.223089025
2016-05-06,0.22545875
2016-05-07,0.23008143749999999
2016-05-08,0.22844065
2016-05-09,0.2253303625
2016-05-10,0.2225445875
2016-05-11,0.2202969
2016-05-12,0.2183472625
2016-05-13,0.241726375
2016-05-14,0.25355125
2016-05-15,0.2431618625
2016-05-16,0.237374475
2016-05-17,0.2360835125
2016-05-18,0.2400970375
2016-05-19,0.2441270375
2016-05-20,0.279200725
2016-05-21,0.3093273875
2016-05-22,0.304654725
2016-05-23,0.2945584625
2016-05-24,0.2948664875
2016-05-25,0.3090671875
2016-05-26,0.3066761
2016-05-27,0.303006775
2016-05-28,0.3132301625
2016-05-29,0.322766475
2016-05-30,0.3174369875
2016-05-31,0.3181130375
2016-06-01,0.315063325
2016-06-02,0.309671275
2016-06-03,0.3051453875
2016-06-04,0.301105675
2016-06-05,0.2988834125
2016-06-06,0.29938987499999997
2016-06-07,0.3074551625
2016-06-08,0.3193674875
2016-06-09,0.31678598750000003
2016-06-10,0.31349595
2016-06-11,0.332848325
2016-06-12,0.3624131625
2016-06-13,0.35727895
2016-06-14,0.354440675
2016-06-15,0.3497933125
2016-06-16,0.34673045
2016-06-17,0.3466622
2016-06-18,0.3462014875
2016-06-19,0.342360225
2016-06-20,0.33970535
2016-06-21,0.337163125
2016-06-22,0.335872875
2016-06-23,0.3425125875
2016-06-24,0.339982925
2016-06-25,0.3356769875
2016-06-26,0.3385314
2016-06-27,0.3352867
2016-06-28,0.33541335
2016-06-29,0.3441843125
2016-06-30,0.3386066
2016-07-01,0.3381078375
2016-07-02,0.3423935375
2016-07-03,0.3492908
2016-07-04,0.3566007125
2016-07-05,0.3603439625
2016-07-06,0.3617021125
2016-07-07,0.3633437
2016-07-08,0.361415875
2016-07-09,0.359514525
2016-07-10,0.3578945375
2016-07-11,0.355961675
2016-07-12,0.3534626125
2016-07-13,0.3519613625
2016-07-14,0.3500355
2016-07-15,0.353878125
2016-07-16,0.3681991125
2016-07-17,0.3747460375
2016-07-18,0.381374825
2016-07-19,0.3863824875
2016-07-20,0.3884860125
2016-07-21,0.3836316
2016-07-22,0.3819135125
2016-07-23,0.38557155
2016-07-24,0.3840030125
2016-07-25,0.386436075
2016-07-26,0.38477515
2016-07-27,0.38053431249999997
2016-07-28,0.3785653125
2016-07-29,0.3839294875
2016-07-30,0.3837270375
2016-07-31,0.4024021625
2016-08-01,0.3982282125
2016-08-02,0.3957265625
2016-08-03,0.39209375
2016-08-04,0.3885578
2016-08-05,0.385560025
2016-08-06,0.38335845
2016-08-07,0.38089295
2016-08-08,0.3778755
2016-08-09,0.377253175
2016-08-10,0.38464105
2016-08-11,0.3825288125
2016-08-12,0.3784758875
2016-08-13,0.3809612875
2016-08-14,0.38756325
2016-08-15,0.3879433125
2016-08-16,0.3864772625
2016-08-17,0.391053525
2016-08-18,0.3858227875
2016-08-19,0.381393675
2016-08-20,0.380866625
2016-08-21,0.38951175
2016-08-22,0.38533575
2016-08-23,0.3811962625
2016-08-24,0.3786582625
2016-08-25,0.382297625
2016-08-26,0.3938472625
2016-08-27,0.3963135875
2016-08-28,0.4015376375
2016-08-29,0.3967657375
2016-08-30,0.393533775
2016-08-31,0.392514125
2016-09-01,0.395569125
2016-09-02,0.3951085875
2016-09-03,0.3935764375
2016-09-04,0.3901924875
2016-09-05,0.3874912375
2016-09-06,0.3848237125
2016-09-07,0.381234575
2016-09-08,0.378863
2016-09-09,0.3765750875
2016-09-10,0.37424585
2016-09-11,0.374640625
2016-09-12,0.38007206250000003
2016-09-13,0.3863166375
2016-09-14,0.3845738125
2016-09-15,0.3801901
2016-09-16,0.376573775
2016-09-17,0.37594343750000003
2016-09-18,0.374776025
2016-09-19,0.3737230625
2016-09-20,0.37356975000000003
2016-09-21,0.373733425
2016-09-22,0.3741682625
2016-09-23,0.3744929
2016-09-24,0.3731957125
2016-09-25,0.372930525
2016-09-26,0.37310981249999997
2016-09-27,0.376244175
2016-09-28,0.3817524875
2016-09-29,0.3813543875
2016-09-30,0.379802
2016-10-01,0.383005675
2016-10-02,0.3831891125
2016-10-03,0.38561215
2016-10-04,0.3842940875
2016-10-05,0.3888658625
2016-10-06,0.3869164625
2016-10-07,0.38607105
2016-10-08,0.3867953
2016-10-09,0.3855380625
2016-10-10,0.3856672375
2016-10-11,0.38813785
2016-10-12,0.3896704875
2016-10-13,0.3865372125
2016-10-14,0.38474094999999997
2016-10-15,0.3821680125
2016-10-16,0.3791491125
2016-10-17,0.37620705
2016-10-18,0.3731654875
2016-10-19,0.3702995
2016-10-20,0.36726536249999997
2016-10-21,0.3646903125
2016-10-22,0.36213475
2016-10-23,0.3596860875
2016-10-24,0.3572825375
2016-10-25,0.3547471875
2016-10-26,0.35315015
2016-10-27,0.3533740125
2016-10-28,0.356756375
2016-10-29,0.3580456375
2016-10-30,0.355619125
2016-10-31,0.3525277125
2016-11-01,0.349634025
2016-11-02,0.34639193749999997
2016-11-03,0.35080315
2016-11-04,0.3576441625
2016-11-05,0.373956925
2016-11-06,0.3836934875
2016-11-07,0.37602355
2016-11-08,0.371652575
2016-11-09,0.369708125
2016-11-10,0.3682728125
2016-11-11,0.366105075
2016-11-12,0.364325175
2016-11-13,0.3620740125
2016-11-14,0.3601936625
2016-11-15,0.3582820875
2016-11-16,0.3565547875
2016-11-17,0.3546157625
2016-11-18,0.3528932875
2016-11-19,0.351044525
2016-11-20,0.3493916375
2016-11-21,0.34785533750000003
2016-11-22,0.3463272125
2016-11-23,0.3448861
2016-11-24,0.3432292125
2016-11-25,0.3418707625
2016-11-26,0.34069771249999997
2016-11-27,0.3391794
2016-11-28,0.337606675
2016-11-29,0.336919175
2016-11-30,0.3353337125
2016-12-01,0.3337588
2016-12-02,0.33216341250000003
2016-12-03,0.33057369999999997
2016-12-04,0.3288925875
2016-12-05,0.327391125
2016-12-06,0.3258029375
2016-12-07,0.3240767
2016-12-08,0.3224208
2016-12-09,0.32086926250000003
2016-12-10,0.31898685
2016-12-11,0.3178482875
2016-12-12,0.316240625
2016-12-13,0.31489988750000003
2016-12-14,0.3137405
2016-12-15,0.312632575
2016-12-16,0.3112455375
2016-12-17,0.3098142125
2016-12-18,0.3087732875
2016-12-19,0.3081544375
2016-12-20,0.30726145
2016-12-21,0.306280225
2016-12-22,0.3052750375
2016-12-23,0.30386345000000003
2016-12-24,0.3026810625
2016-12-25,0.3013883
2016-12-26,0.3002166125
2016-12-27,0.2995109
2016-12-28,0.29831853750000004
2016-12-29,0.296957125
2016-12-30,0.2955656625
2016-12-31,0.29485598749999997
2017-01-01,0.2936291875
2017-01-02,0.29240285
2017-01-03,0.291050225
2017-01-04,0.2899670375
2017-01-05,0.2889978625
2017-01-06,0.2873825125
2017-01-07,0.285737475
2017-01-08,0.2844233
2017-01-09,0.2830524
2017-01-10,0.281706125
2017-01-11,0.280541975
2017-01-12,0.2793623375
2017-01-13,0.27803195
2017-01-14,0.276680625
2017-01-15,0.27555019999999997
2017-01-16,0.2743166875
2017-01-17,0.27301482499999996
2017-01-18,0.2717665875
2017-01-19,0.270556625
2017-01-20,0.2696978125
2017-01-21,0.2685351
2017-01-22,0.2669400125
2017-01-23,0.265494375
2017-01-24,0.263793375
2017-01-25,0.2623144125
2017-01-26,0.2606459375
2017-01-27,0.2597097875
2017-01-28,0.2595556875
2017-01-29,0.25838442500000003
2017-01-30,0.2572598875
2017-01-31,0.256295025
2017-02-01,0.2548460375
2017-02-02,0.25313015
2017-02-03,0.2515297375
2017-02-04,0.2502720125
2017-02-05,0.2499321
2017-02-06,0.2493965625
2017-02-07,0.24832632500000001
2017-02-08,0.2469567125
2017-02-09,0.2451745375
2017-02-10,0.2446094125
2017-02-11,0.2440237375
2017-02-12,0.2443673875
2017-02-13,0.24427185
2017-02-14,0.2428280625
2017-02-15,0.2406140625
2017-02-16,0.23879985
2017-02-17,0.23720041249999999
2017-02-18,0.2354782875
2017-02-19,0.2344121375
2017-02-20,0.2337343
2017-02-21,0.23314946250000002
2017-02-22,0.2322606375
2017-02-23,0.23287235
2017-02-24,0.23132915
2017-02-25,0.228749125
2017-02-26,0.2266855625
2017-02-27,0.2249827
2017-02-28,0.22314177500000001
2017-03-01,0.2219618125
2017-03-02,0.22063755
2017-03-03,0.21955098750000002
2017-03-04,0.2185899125
2017-03-05,0.2240254625
2017-03-06,0.2383153625
2017-03-07,0.2329368
2017-03-08,0.233621525
2017-03-09,0.2447514125
2017-03-10,0.242881925
2017-03-11,0.2548713375
2017-03-12,0.256589
2017-03-13,0.25228123750000003
2017-03-14,0.2467399125
2017-03-15,0.2427136
2017-03-16,0.23952955
2017-03-17,0.23689735
2017-03-18,0.2406575375
2017-03-19,0.2547769125
2017-03-20,0.2553941
2017-03-21,0.2517668125
2017-03-22,0.2473605625
2017-03-23,0.243763575
2017-03-24,0.240065975
2017-03-25,0.2401597125
2017-03-26,0.2403075875
2017-03-27,0.2373192
2017-03-28,0.236856775
2017-03-29,0.2389978375
2017-03-30,0.24525762499999998
2017-03-31,0.2461357625
2017-04-01,0.2396618625
2017-04-02,0.2356679375
2017-04-03,0.24468737499999998
2017-04-04,0.2499657875
2017-04-05,0.2607932
2017-04-06,0.27377835
2017-04-07,0.264005775
2017-04-08,0.2574935625
2017-04-09,0.2531744875
2017-04-10,0.2492184625
2017-04-11,0.2455624625
2017-04-12,0.242056775
2017-04-13,0.2387513875
2017-04-14,0.2366224875
2017-04-15,0.23312675
2017-04-16,0.2306795375
2017-04-17,0.227893275
2017-04-18,0.226170925
2017-04-19,0.236995925
2017-04-20,0.255916975
2017-04-21,0.259625275
2017-04-22,0.272730175
2017-04-23,0.29537585
2017-04-24,0.301718
2017-04-25,0.3068554875
2017-04-26,0.2976817125
2017-04-27,0.291375825
2017-04-28,0.28632185
2017-04-29,0.2850680375
2017-04-30,0.289625925
2017-05-01,0.2869558375
2017-05-02,0.2907743625
2017-05-03,0.2862666375
2017-05-04,0.2815125875
2017-05-05,0.2770989125
2017-05-06,0.2735377875
2017-05-07,0.271135275
2017-05-08,0.2680254125
2017-05-09,0.2693040375
2017-05-10,0.28334187499999997
2017-05-11,0.2765145375
2017-05-12,0.2710542875
2017-05-13,0.2688461875
2017-05-14,0.27273298749999997
2017-05-15,0.285483675
2017-05-16,0.2929322875
2017-05-17,0.294044475
2017-05-18,0.291087075
2017-05-19,0.28721043749999997
2017-05-20,0.282760275
2017-05-21,0.280057825
2017-05-22,0.2762202625
2017-05-23,0.2733283375
2017-05-24,0.2695248375
2017-05-25,0.2657759875
2017-05-26,0.26350045
2017-05-27,0.26393774999999997
2017-05-28,0.26254725
2017-05-29,0.2621411
2017-05-30,0.285053325
2017-05-31,0.2847030375
2017-06-01,0.3032202375
2017-06-02,0.319234825
2017-06-03,0.3087685
2017-06-04,0.3159372875
2017-06-05,0.3352890375
2017-06-06,0.325243025
2017-06-07,0.3198850375
2017-06-08,0.3240829875
2017-06-09,0.331748775
2017-06-10,0.3315662375
2017-06-11,0.3463495625
2017-06-12,0.3694058875
2017-06-13,0.3680828875
2017-06-14,0.3629165125
2017-06-15,0.361744775
2017-06-16,0.370798575
2017-06-17,0.372936175
2017-06-18,0.3705615375
2017-06-19,0.383878925
2017-06-20,0.3931376
2017-06-21,0.389566275
2017-06-22,0.3891917
2017-06-23,0.3856486875
2017-06-24,0.3824748875
2017-06-25,0.3803796625
2017-06-26,0.3768549
2017-06-27,0.37389035
2017-06-28,0.3709232
2017-06-29,0.3678442875
2017-06-30,0.368971025
2017-07-01,0.375051925
2017-07-02,0.377369225
2017-07-03,0.37993235000000003
2017-07-04,0.3856991375
2017-07-05,0.3844495625
2017-07-06,0.3808168375
2017-07-07,0.3772004375
2017-07-08,0.373609725
2017-07-09,0.3722206125
2017-07-10,0.3770829125
2017-07-11,0.3797246875
2017-07-12,0.382946425
2017-07-13,0.388078
2017-07-14,0.38401718749999997
2017-07-15,0.380636075
2017-07-16,0.3783787125
2017-07-17,0.3867501125
2017-07-18,0.382161875
2017-07-19,0.395026125
2017-07-20,0.40411355
2017-07-21,0.4064095375
2017-07-22,0.4039118625
2017-07-23,0.40383645
2017-07-24,0.4078098
2017-07-25,0.4124072375
2017-07-26,0.4130837875
2017-07-27,0.412585175
2017-07-28,0.4107323375
2017-07-29,0.4094888375
2017-07-30,0.4097980375
2017-07-31,0.405278925
2017-08-01,0.40156071249999997
2017-08-02,0.4027301125
2017-08-03,0.40457160000000003
2017-08-04,0.401780075
2017-08-05,0.4035501
2017-08-06,0.4019308625
2017-08-07,0.3990388125
2017-08-08,0.39606385
2017-08-09,0.3937543125
2017-08-10,0.396619875
2017-08-11,0.4009189625
2017-08-12,0.41405225
2017-08-13,0.4139533875
2017-08-14,0.4118931
2017-08-15,0.4158147375
2017-08-16,0.41332855
2017-08-17,0.412880025
2017-08-18,0.410913425
2017-08-19,0.41112985
2017-08-20,0.40855795
2017-08-21,0.408826275
2017-08-22,0.41313305
2017-08-23,0.411626525
2017-08-24,0.4101233625
2017-08-25,0.407000225
2017-08-26,0.405550525
2017-08-27,0.4060245625
2017-08-28,0.40371643749999997
2017-08-29,0.4007234375
2017-08-30,0.39918926250000003
2017-08-31,0.4037555125
2017-09-01,0.405845525
2017-09-02,0.4046341
2017-09-03,0.4060087875
2017-09-04,0.4071875
2017-09-05,0.4041153625
2017-09-06,0.40222525
2017-09-07,0.4017701
2017-09-08,0.4004072125
2017-09-09,0.4000054625
2017-09-10,0.404972125
2017-09-11,0.41232040000000003
2017-09-12,0.4136717
2017-09-13,0.4098141
2017-09-14,0.40622695
2017-09-15,0.4027040625
2017-09-16,0.40007658749999997
2017-09-17,0.4004377
2017-09-18,0.4042109125
2017-09-19,0.40441075
2017-09-20,0.4035863625
2017-09-21,0.400518725
2017-09-22,0.39711785
2017-09-23,0.394412175
2017-09-24,0.3924345375
2017-09-25,0.3912649875
2017-09-26,0.3959768125
2017-09-27,0.4005496625
2017-09-28,0.400379375
2017-09-29,0.400328475
2017-09-30,0.40191205
2017-10-01,0.4022949
2017-10-02,0.40002595
2017-10-03,0.397357425
2017-10-04,0.3963855875
2017-10-05,0.3947290625
2017-10-06,0.39405389999999996
2017-10-07,0.3942092125
2017-10-08,0.3926021125
2017-10-09,0.3937722875
2017-10-10,0.3909567
2017-10-11,0.387497525
2017-10-12,0.3844743
2017-10-13,0.3818154875
2017-10-14,0.3786992875
2017-10-15,0.37699085
2017-10-16,0.37446524999999997
2017-10-17,0.372050175
2017-10-18,0.3745320625
2017-10-19,0.3865945
2017-10-20,0.40334118750000003
2017-10-21,0.4202772
2017-10-22,0.415543425
2017-10-23,0.4096878
2017-10-24,0.4062527875
2017-10-25,0.4035441375
2017-10-26,0.4007115
2017-10-27,0.39825715
2017-10-28,0.39606955
2017-10-29,0.39588515
2017-10-30,0.398730925
2017-10-31,0.3980594
2017-11-01,0.39472615
2017-11-02,0.39203319999999997
2017-11-03,0.3894321625
2017-11-04,0.3870015
2017-11-05,0.38476183750000004
2017-11-06,0.3820603625
2017-11-07,0.379519275
2017-11-08,0.37739885
2017-11-09,0.3749840625
2017-11-10,0.372767275
2017-11-11,0.370710925
2017-11-12,0.3689232125
2017-11-13,0.367152625
2017-11-14,0.3651768125
2017-11-15,0.3646872125
2017-11-16,0.3651925125
2017-11-17,0.3638126
2017-11-18,0.3617501
2017-11-19,0.359089
2017-11-20,0.3573430875
2017-11-21,0.3555863125
2017-11-22,0.354192425
2017-11-23,0.352858375
2017-11-24,0.351423325
2017-11-25,0.349717125
2017-11-26,0.348074325
2017-11-27,0.346854725
2017-11-28,0.345741025
2017-11-29,0.344641525
2017-11-30,0.343278525
2017-12-01,0.341777475
2017-12-02,0.339969425
2017-12-03,0.3381851125
2017-12-04,0.33647625
2017-12-05,0.3350628375
2017-12-06,0.33448835
2017-12-07,0.3356408375
2017-12-08,0.345480625
2017-12-09,0.36027825
2017-12-10,0.3643261125
2017-12-11,0.363657225
2017-12-12,0.35917211250000003
2017-12-13,0.357837225
2017-12-14,0.3572687625
2017-12-15,0.3567574375
2017-12-16,0.3553606125
2017-12-17,0.3541477
2017-12-18,0.352901275
2017-12-19,0.3514281875
2017-12-20,0.3500112125
2017-12-21,0.3485913
2017-12-22,0.3478479125
2017-12-23,0.3470028375
2017-12-24,0.34618555
2017-12-25,0.345174025
2017-12-26,0.344648225
2017-12-27,0.3428561125
2017-12-28,0.34111294999999997
2017-12-29,0.3395510875
2017-12-30,0.337864875
2017-12-31,0.3363483625
2018-01-01,0.335589125
2018-01-02,0.3353444875
2018-01-03,0.33462926249999997
2018-01-04,0.3332233625
2018-01-05,0.33190095000000003
2018-01-06,0.3305547625
2018-01-07,0.3287436875
2018-01-08,0.32715105
2018-01-09,0.3261110625
2018-01-10,0.325225675
2018-01-11,0.3246892
2018-01-12,0.3242002875
2018-01-13,0.32357281250000003
2018-01-14,0.3231397375
2018-01-15,0.32217772499999997
2018-01-16,0.321031925
2018-01-17,0.32017161250000004
2018-01-18,0.3192329125
2018-01-19,0.31844865
2018-01-20,0.3169083125
2018-01-21,0.31541305
2018-01-22,0.314087875
2018-01-23,0.3130165625
2018-01-24,0.311201425
2018-01-25,0.31006717500000003
2018-01-26,0.308239275
2018-01-27,0.306953275
2018-01-28,0.30550662500000003
2018-01-29,0.30425685
2018-01-30,0.303132675
2018-01-31,0.3027456
2018-02-01,0.30222648750000003
2018-02-02,0.30120607499999996
2018-02-03,0.3000463875
2018-02-04,0.299609575
2018-02-05,0.2988447875
2018-02-06,0.29785208750000003
2018-02-07,0.296071325
2018-02-08,0.2961494
2018-02-09,0.2954941125
2018-02-10,0.2937986875
2018-02-11,0.291609875
2018-02-12,0.289678175
2018-02-13,0.2873017375
2018-02-14,0.2852505625
2018-02-15,0.2832557875
2018-02-16,0.2818560125
2018-02-17,0.2805990875
2018-02-18,0.2797744125
2018-02-19,0.27859305
2018-02-20,0.276868075
2018-02-21,0.2753949375
2018-02-22,0.2737995125
2018-02-23,0.2719270375
2018-02-24,0.27070628750000003
2018-02-25,0.2694673875
2018-02-26,0.268960975
2018-02-27,0.26652397499999997
2018-02-28,0.2644822625
2018-03-01,0.2621261875
2018-03-02,0.260081575
2018-03-03,0.2579143
2018-03-04,0.2555941
2018-03-05,0.2532957875
2018-03-06,0.2508658875
2018-03-07,0.248022325
2018-03-08,0.245523025
2018-03-09,0.243322175
2018-03-10,0.24110635
2018-03-11,0.2395259
2018-03-12,0.2373899
2018-03-13,0.234623325
2018-03-14,0.2327974875
2018-03-15,0.2309701
2018-03-16,0.2304552625
2018-03-17,0.22930215
2018-03-18,0.227111325
2018-03-19,0.2247294
2018-03-20,0.2219934
2018-03-21,0.21927997500000002
2018-03-22,0.2172601125
2018-03-23,0.215410825
2018-03-24,0.2132735875
2018-03-25,0.2117175125
2018-03-26,0.2101819125
2018-03-27,0.2089623375
2018-03-28,0.207696975
2018-03-29,0.20617495
2018-03-30,0.2090425625
2018-03-31,0.2194155875
2018-04-01,0.21616975
2018-04-02,0.2127701875
2018-04-03,0.2095545875
2018-04-04,0.2069813
2018-04-05,0.20534875
2018-04-06,0.2070755625
2018-04-07,0.216723625
2018-04-08,0.2225679125
2018-04-09,0.2179393625
2018-04-10,0.2138663375
2018-04-11,0.21279320000000002
2018-04-12,0.2109949125
2018-04-13,0.2093309125
2018-04-14,0.2110814625
2018-04-15,0.2131329375
2018-04-16,0.2077658875
2018-04-17,0.2102037875
2018-04-18,0.22454885
2018-04-19,0.2281171125
2018-04-20,0.2279266625
2018-04-21,0.2365993375
2018-04-22,0.2553715875
2018-04-23,0.2525386875
2018-04-24,0.243587475
2018-04-25,0.238275675
2018-04-26,0.23695525
2018-04-27,0.236735975
2018-04-28,0.2325956875
2018-04-29,0.2368835
2018-04-30,0.2517647875
2018-05-01,0.270125725
2018-05-02,0.269551
2018-05-03,0.268661025
2018-05-04,0.265139775
2018-05-05,0.2725478125
2018-05-06,0.2890876875
2018-05-07,0.29193104999999997
2018-05-08,0.29319745
2018-05-09,0.2935988875
2018-05-10,0.3137404375
2018-05-11,0.31626755
2018-05-12,0.3144936125
2018-05-13,0.30924455
2018-05-14,0.314680375
2018-05-15,0.3128504625
2018-05-16,0.3154273875
2018-05-17,0.3157152
2018-05-18,0.3183136125
2018-05-19,0.3388110625
2018-05-20,0.337814075
2018-05-21,0.350181225
2018-05-22,0.34496621250000004
2018-05-23,0.343102425
2018-05-24,0.3455074
2018-05-25,0.3428173625
2018-05-26,0.3396991875
2018-05-27,0.33483945
2018-05-28,0.3305947
2018-05-29,0.3272914375
2018-05-30,0.32516903750000004
2018-05-31,0.3316043
2018-06-01,0.34336905
2018-06-02,0.343781475
2018-06-03,0.3408194875
2018-06-04,0.34273675
2018-06-05,0.343872975
2018-06-06,0.336982425
2018-06-07,0.33838911250000003
2018-06-08,0.342724225
2018-06-09,0.35444454999999997
2018-06-10,0.3691575375
2018-06-11,0.37848495
2018-06-12,0.388596875
2018-06-13,0.38414617500000003
2018-06-14,0.3807813625
2018-06-15,0.3853404125
2018-06-16,0.3925671125
2018-06-17,0.38949374999999997
2018-06-18,0.385776525
2018-06-19,0.388223175
2018-06-20,0.3928465125
2018-06-21,0.387295675
2018-06-22,0.3833552125
2018-06-23,0.3847826875
2018-06-24,0.3839484875
2018-06-25,0.38811245
2018-06-26,0.3870578375
2018-06-27,0.3847611625
2018-06-28,0.38153485
2018-06-29,0.379998775
2018-06-30,0.3769972
2018-07-01,0.375101325
2018-07-02,0.37492245
2018-07-03,0.3824523125
2018-07-04,0.38769285
2018-07-05,0.385121875
2018-07-06,0.381520725
2018-07-07,0.3785599375
2018-07-08,0.375795175
2018-07-09,0.37292525
2018-07-10,0.3709638625
2018-07-11,0.3693410125
2018-07-12,0.3688904625
2018-07-13,0.3716262
2018-07-14,0.379989325
2018-07-15,0.38249082500000003
2018-07-16,0.3820612875
2018-07-17,0.3776664
2018-07-18,0.374494125
2018-07-19,0.3707662875
2018-07-20,0.3698809375
2018-07-21,0.3737152625
2018-07-22,0.3781715625
2018-07-23,0.38171555
2018-07-24,0.38850637499999996
2018-07-25,0.387956875
2018-07-26,0.38561592499999997
2018-07-27,0.3851444625
2018-07-28,0.3889597125
2018-07-29,0.3872764125
2018-07-30,0.3842430625
2018-07-31,0.3812398125
2018-08-01,0.3809420625
2018-08-02,0.38002990000000003
2018-08-03,0.379305725
2018-08-04,0.3767175375
2018-08-05,0.3760173
2018-08-06,0.378749175
2018-08-07,0.3744814375
2018-08-08,0.370759425
2018-08-09,0.36751551250000003
2018-08-10,0.36483625
2018-08-11,0.36253006249999997
2018-08-12,0.360535925
2018-08-13,0.3605697625
2018-08-14,0.3653563375
2018-08-15,0.3705289
2018-08-16,0.366211025
2018-08-17,0.3739155625
2018-08-18,0.3724476
2018-08-19,0.3708765375
2018-08-20,0.3692127625
2018-08-21,0.3753221
2018-08-22,0.37562202499999997
2018-08-23,0.37163270000000004
2018-08-24,0.3699627625
2018-08-25,0.3695748375
2018-08-26,0.36854885
2018-08-27,0.366572775
2018-08-28,0.36496825
2018-08-29,0.3615245125
2018-08-30,0.359093825
2018-08-31,0.357133875
2018-09-01,0.3548758375
2018-09-02,0.3536935
2018-09-03,0.3518001125
2018-09-04,0.35484715
2018-09-05,0.354853225
2018-09-06,0.3499911625
2018-09-07,0.3457121625
2018-09-08,0.342819725
2018-09-09,0.3413063625
2018-09-10,0.34060075
2018-09-11,0.340291525
2018-09-12,0.3448942
2018-09-13,0.3478424625
2018-09-14,0.3460517875
2018-09-15,0.3437590125
2018-09-16,0.341615375
2018-09-17,0.337970875
2018-09-18,0.3353047
2018-09-19,0.337097425
2018-09-20,0.3456387875
2018-09-21,0.342478975
2018-09-22,0.3373470875
2018-09-23,0.3338269
2018-09-24,0.334913
2018-09-25,0.335219
2018-09-26,0.3384656125
2018-09-27,0.3363067125
2018-09-28,0.334215525
2018-09-29,0.3315098125
2018-09-30,0.328867375
2018-10-01,0.326058525
2018-10-02,0.3227663625
2018-10-03,0.320177525
2018-10-04,0.31778185000000003
2018-10-05,0.3154279
2018-10-06,0.3126569
2018-10-07,0.3093659875
2018-10-08,0.30732702500000003
2018-10-09,0.3069069625
2018-10-10,0.3089425625
2018-10-11,0.3214143
2018-10-12,0.3280432625
2018-10-13,0.328866425
2018-10-14,0.32514185
2018-10-15,0.3209538
2018-10-16,0.3178276875
2018-10-17,0.3152343875
2018-10-18,0.3129369125
2018-10-19,0.3107071
2018-10-20,0.3084978375
2018-10-21,0.3061842875
2018-10-22,0.3042037375
2018-10-23,0.3018090875
2018-10-24,0.2997458875
2018-10-25,0.2977274875
2018-10-26,0.2953440125
2018-10-27,0.29340555
2018-10-28,0.29644739999999997
2018-10-29,0.3017903625
2018-10-30,0.3027295375
2018-10-31,0.301802575
2018-11-01,0.29797948750000003
2018-11-02,0.29452714999999996
2018-11-03,0.292634925
2018-11-04,0.29060225
2018-11-05,0.28922315
2018-11-06,0.289156825
2018-11-07,0.2878191375
2018-11-08,0.2854798875
2018-11-09,0.283442825
2018-11-10,0.2817398375
2018-11-11,0.28011213749999997
2018-11-12,0.278486625
2018-11-13,0.276916175
2018-11-14,0.27545005
2018-11-15,0.27479815
2018-11-16,0.27379652499999996
2018-11-17,0.27219555
2018-11-18,0.2707021625
2018-11-19,0.269013525
2018-11-20,0.2682261875
2018-11-21,0.26819585
2018-11-22,0.2662660875
2018-11-23,0.26457746249999997
2018-11-24,0.26339996250000003
2018-11-25,0.2619917875
2018-11-26,0.2605047375
2018-11-27,0.25865296249999997
2018-11-28,0.256930475
2018-11-29,0.255442675
2018-11-30,0.2540514125
2018-12-01,0.2529725625
2018-12-02,0.2531170875
2018-12-03,0.2516922625
2018-12-04,0.25018125
2018-12-05,0.2490038375
2018-12-06,0.248372025
2018-12-07,0.2473738375
2018-12-08,0.24628624999999998
2018-12-09,0.2450208125
2018-12-10,0.2439618
2018-12-11,0.24269603750000002
2018-12-12,0.2416452375
2018-12-13,0.2405507875
2018-12-14,0.239506625
2018-12-15,0.238865575
2018-12-16,0.238696525
2018-12-17,0.2428828625
2018-12-18,0.245494725
2018-12-19,0.243861525
2018-12-20,0.2417735375
2018-12-21,0.24026255
2018-12-22,0.238734475
2018-12-23,0.2373358875
2018-12-24,0.2361248375
2018-12-25,0.235161675
2018-12-26,0.235018375
2018-12-27,0.2336155875
2018-12-28,0.232273425
2018-12-29,0.2317662625
2018-12-30,0.230827825
2018-12-31,0.2297341875
2019-01-01,0.2286017625
2019-01-02,0.22813719999999998
2019-01-03,0.2279227
2019-01-04,0.2269708375
2019-01-05,0.22583905
2019-01-06,0.2246483625
2019-01-07,0.2235675
2019-01-08,0.2226930875
2019-01-09,0.2220903125
2019-01-10,0.22150045
2019-01-11,0.220718225
2019-01-12,0.22036955
2019-01-13,0.219745625
2019-01-14,0.2189220875
2019-01-15,0.2181648125
2019-01-16,0.21725465
2019-01-17,0.216334475
2019-01-18,0.216474675
2019-01-19,0.2167868
2019-01-20,0.2165134875
2019-01-21,0.21592715
2019-01-22,0.2147859375
2019-01-23,0.213611125
2019-01-24,0.2125276875
2019-01-25,0.21204095
2019-01-26,0.2108407625
2019-01-27,0.2099135875
2019-01-28,0.2092355375
2019-01-29,0.20878215
2019-01-30,0.2077963
2019-01-31,0.20690345
2019-02-01,0.205953275
2019-02-02,0.205163775
2019-02-03,0.2054565375
2019-02-04,0.2055210875
2019-02-05,0.20462025
2019-02-06,0.20384365
2019-02-07,0.20280825
2019-02-08,0.201688625
2019-02-09,0.2006215375
2019-02-10,0.1997690375
2019-02-11,0.2010667
2019-02-12,0.2018839625
2019-02-13,0.2008261125
2019-02-14,0.1998296875
2019-02-15,0.198574775
2019-02-16,0.19805876249999999
2019-02-17,0.202013075
2019-02-18,0.2061451125
2019-02-19,0.2050664625
2019-02-20,0.206650625
2019-02-21,0.2042935625
2019-02-22,0.202571675
2019-02-23,0.2036366
2019-02-24,0.202443225
2019-02-25,0.2148064625
2019-02-26,0.22403745
2019-02-27,0.2445907375
2019-02-28,0.2446804125
2019-03-01,0.2393880375
2019-03-02,0.2333540375
2019-03-03,0.231714975
2019-03-04,0.2291254
2019-03-05,0.2302638625
2019-03-06,0.23187885
2019-03-07,0.2290626875
2019-03-08,0.2263921125
2019-03-09,0.2242280375
2019-03-10,0.2226161375
2019-03-11,0.221944025
2019-03-12,0.2198563375
2019-03-13,0.2176709
2019-03-14,0.215915475
2019-03-15,0.214472725
2019-03-16,0.2148248375
2019-03-17,0.21820143749999998
2019-03-18,0.2337525875
2019-03-19,0.2281590375
2019-03-20,0.22361865
2019-03-21,0.220243825
2019-03-22,0.2174299
2019-03-23,0.2148615875
2019-03-24,0.21184967500000002
2019-03-25,0.20934215
2019-03-26,0.207374575
2019-03-27,0.20525846250000002
2019-03-28,0.20372484999999999
2019-03-29,0.20213815
2019-03-30,0.20101093750000001
2019-03-31,0.2048432625
2019-04-01,0.213106725
2019-04-02,0.2206341375
2019-04-03,0.2315832625
2019-04-04,0.228593825
2019-04-05,0.2237309125
2019-04-06,0.23284775
2019-04-07,0.2437534375
2019-04-08,0.24260652500000002
2019-04-09,0.2431633375
2019-04-10,0.242634675
2019-04-11,0.2403218375
2019-04-12,0.237882375
2019-04-13,0.23627455
2019-04-14,0.239515
2019-04-15,0.23396055
2019-04-16,0.2299243625
2019-04-17,0.2265811
2019-04-18,0.2233932375
2019-04-19,0.22034185
2019-04-20,0.2175450625
2019-04-21,0.2153369375
2019-04-22,0.2137129125
2019-04-23,0.211324125
2019-04-24,0.209272
2019-04-25,0.2080291875
2019-04-26,0.205919525
2019-04-27,0.204068375
2019-04-28,0.202319725
2019-04-29,0.2004448875
2019-04-30,0.1986926375
2019-05-01,0.197364375
2019-05-02,0.19602275
2019-05-03,0.2034316
2019-05-04,0.22992915
2019-05-05,0.2254126625
2019-05-06,0.2188291375
2019-05-07,0.2141440375
2019-05-08,0.2105540125
2019-05-09,0.2076694
2019-05-10,0.2061082875
2019-05-11,0.2047831125
2019-05-12,0.2028550875
2019-05-13,0.204089325
2019-05-14,0.2116094375
2019-05-15,0.209089575
2019-05-16,0.2090374
2019-05-17,0.2084528875
2019-05-18,0.2069699375
2019-05-19,0.2117948375
2019-05-20,0.2101504625
2019-05-21,0.2060798125
2019-05-22,0.2074693625
2019-05-23,0.22203385
2019-05-24,0.2340332125
2019-05-25,0.2516524875
2019-05-26,0.2415716375
2019-05-27,0.2351306875
2019-05-28,0.2301877875
2019-05-29,0.22624360000000002
2019-05-30,0.22276408749999999
2019-05-31,0.220853525
2019-06-01,0.2240451875
2019-06-02,0.2301375375
2019-06-03,0.2430814125
2019-06-04,0.2509086
2019-06-05,0.267902875
2019-06-06,0.2610044625
2019-06-07,0.2568429
2019-06-08,0.25729335
2019-06-09,0.2613053875
2019-06-10,0.2567178625
2019-06-11,0.2520940875
2019-06-12,0.2491445
2019-06-13,0.2500063375
2019-06-14,0.26148605
2019-06-15,0.2773467
2019-06-16,0.28949542500000003
2019-06-17,0.280118625
2019-06-18,0.27942079999999997
2019-06-19,0.2809374875
2019-06-20,0.27893725
2019-06-21,0.2765722625
2019-06-22,0.2725178375
2019-06-23,0.2677729125
2019-06-24,0.263669425
2019-06-25,0.261193825
2019-06-26,0.2609837375
2019-06-27,0.2597558875
2019-06-28,0.2589439125
2019-06-29,0.2572067875
2019-06-30,0.2563396375
2019-07-01,0.25434525
2019-07-02,0.2524157
2019-07-03,0.250691175
2019-07-04,0.24905925
2019-07-05,0.2481544875
2019-07-06,0.2520791
2019-07-07,0.25924623750000003
2019-07-08,0.2733977
2019-07-09,0.29310115000000003
2019-07-10,0.2958623
2019-07-11,0.30397505
2019-07-12,0.3263053625
2019-07-13,0.3379620125
2019-07-14,0.3535452
2019-07-15,0.3495879
2019-07-16,0.34349575
2019-07-17,0.3380302875
2019-07-18,0.3484378
2019-07-19,0.353619975
2019-07-20,0.35007315
2019-07-21,0.344447025
2019-07-22,0.342257875
2019-07-23,0.343329625
2019-07-24,0.34104485
2019-07-25,0.348133675
2019-07-26,0.35770413749999996
2019-07-27,0.3560866625
2019-07-28,0.3525292125
2019-07-29,0.3491946875
2019-07-30,0.3583797125
2019-07-31,0.3648585875
2019-08-01,0.35993615
2019-08-02,0.3552140625
2019-08-03,0.354524075
2019-08-04,0.35432565
2019-08-05,0.3561525375
2019-08-06,0.3593710875
2019-08-07,0.355916325
2019-08-08,0.3594676625
2019-08-09,0.3579316375
2019-08-10,0.3541785375
2019-08-11,0.3559582625
2019-08-12,0.3631134125
2019-08-13,0.3690437625
2019-08-14,0.381312975
2019-08-15,0.3859456625
2019-08-16,0.3848385375
2019-08-17,0.380494275
2019-08-18,0.37683115
2019-08-19,0.37325615
2019-08-20,0.3706214625
2019-08-21,0.3683409125
2019-08-22,0.3709631375
2019-08-23,0.36967995
2019-08-24,0.3776090375
2019-08-25,0.375879325
2019-08-26,0.3714721375
2019-08-27,0.3673969875
2019-08-28,0.3647052125
2019-08-29,0.362628825
2019-08-30,0.3597996375
2019-08-31,0.3626636125
2019-09-01,0.367411875
2019-09-02,0.3715971
2019-09-03,0.3738135625
2019-09-04,0.3717689625
2019-09-05,0.3693589875
2019-09-06,0.36574392499999997
2019-09-07,0.3630418375
2019-09-08,0.36213065
2019-09-09,0.3620410125
2019-09-10,0.36045811250000004
2019-09-11,0.3590939125
2019-09-12,0.363545275
2019-09-13,0.3636341625
2019-09-14,0.36029096250000003
2019-09-15,0.35710023750000003
2019-09-16,0.3554377
2019-09-17,0.352921175
2019-09-18,0.349544
2019-09-19,0.3465612125
2019-09-20,0.34379055000000003
2019-09-21,0.34418095000000004
2019-09-22,0.3475009375
2019-09-23,0.3512278375
2019-09-24,0.352628825
2019-09-25,0.36980630000000003
2019-09-26,0.364570575
2019-09-27,0.3596255625
2019-09-28,0.3583063375
2019-09-29,0.3610620375
2019-09-30,0.36516105
2019-10-01,0.36642562500000003
2019-10-02,0.36621705
2019-10-03,0.3626037625
2019-10-04,0.3595421375
2019-10-05,0.3576260625
2019-10-06,0.359463775
2019-10-07,0.359192875
2019-10-08,0.359580675
2019-10-09,0.3593618875
2019-10-10,0.3661077375
2019-10-11,0.362979025
2019-10-12,0.359095975
2019-10-13,0.35597008750000003
2019-10-14,0.35319865
2019-10-15,0.35067545
2019-10-16,0.349821625
2019-10-17,0.348323025
2019-10-18,0.3455530875
2019-10-19,0.3427519
2019-10-20,0.3402167125
2019-10-21,0.3381379875
2019-10-22,0.336237525
2019-10-23,0.33655134999999997
2019-10-24,0.3422561125
2019-10-25,0.3528589375
2019-10-26,0.3634532625
2019-10-27,0.3575532625
2019-10-28,0.353305725
2019-10-29,0.35025826250000003
2019-10-30,0.347703375
2019-10-31,0.3455367375
2019-11-01,0.3434982625
2019-11-02,0.3413726
2019-11-03,0.33928233750000003
2019-11-04,0.33729560000000003
2019-11-05,0.3355242875
2019-11-06,0.3340004
2019-11-07,0.3325037375
2019-11-08,0.338723775
2019-11-09,0.3446675875
2019-11-10,0.3582073625
2019-11-11,0.3593570625
2019-11-12,0.3534338875
2019-11-13,0.349899375
2019-11-14,0.3471310125
2019-11-15,0.3448438625
2019-11-16,0.3430447875
2019-11-17,0.3415343625
2019-11-18,0.3402356
2019-11-19,0.33885545
2019-11-20,0.33752411250000003
2019-11-21,0.3359452375
2019-11-22,0.3343408875
2019-11-23,0.33256865
2019-11-24,0.330926
2019-11-25,0.3292488875
2019-11-26,0.32767445
2019-11-27,0.326131025
2019-11-28,0.324415075
2019-11-29,0.322863875
2019-11-30,0.3213533
2019-12-01,0.320020975
2019-12-02,0.3187561875
2019-12-03,0.3174933625
2019-12-04,0.316192525
2019-12-05,0.3146378125
2019-12-06,0.3128122625
2019-12-07,0.3109942875
2019-12-08,0.309508425
2019-12-09,0.3083178875
2019-12-10,0.30727765
2019-12-11,0.306127725
2019-12-12,0.305073525
2019-12-13,0.30384964999999997
2019-12-14,0.302634975
2019-12-15,0.301393175
2019-12-16,0.3000072375
2019-12-17,0.29847545
2019-12-18,0.297192075
2019-12-19,0.2961777875
2019-12-20,0.295232875
2019-12-21,0.294407325
2019-12-22,0.293359775
2019-12-23,0.2922285625
2019-12-24,0.2909945375
2019-12-25,0.28983875
2019-12-26,0.289365325
2019-12-27,0.2910614875
2019-12-28,0.2897743125
2019-12-29,0.28800265
2019-12-30,0.28673195
2019-12-31,0.285418925
2020-01-01,0.2837170125
2020-01-02,0.28299857500000003
2020-01-03,0.29903545
2020-01-04,0.3021836625
2020-01-05,0.29811365
2020-01-06,0.29519845
2020-01-07,0.2931632
2020-01-08,0.2916850125
2020-01-09,0.2920008125
2020-01-10,0.291288275
2020-01-11,0.2896565125
2020-01-12,0.2881210125
2020-01-13,0.2871336875
2020-01-14,0.2862781375
2020-01-15,0.2849937375
2020-01-16,0.2835634
2020-01-17,0.2820596875
2020-01-18,0.2804396125
2020-01-19,0.2790679625
2020-01-20,0.2780487
2020-01-21,0.2767240625
2020-01-22,0.2753331375
2020-01-23,0.2743734125
2020-01-24,0.27312651250000003
2020-01-25,0.271970375
2020-01-26,0.2709558125
2020-01-27,0.270134225
2020-01-28,0.269229275
2020-01-29,0.2684429875
2020-01-30,0.26802945
2020-01-31,0.2670499625
2020-02-01,0.2656002125
2020-02-02,0.26410135
2020-02-03,0.2624205125
2020-02-04,0.2608834625
2020-02-05,0.2596821875
2020-02-06,0.25816665
2020-02-07,0.2566507625
2020-02-08,0.25518871249999997
2020-02-09,0.2546476875
2020-02-10,0.2535099
2020-02-11,0.2519590625
2020-02-12,0.2504543875
2020-02-13,0.24911021249999998
2020-02-14,0.2479846625
2020-02-15,0.24686155
2020-02-16,0.245989675
2020-02-17,0.2448027
2020-02-18,0.243305225
2020-02-19,0.2420499625
2020-02-20,0.24073311249999998
2020-02-21,0.2393305125
2020-02-22,0.237705175
2020-02-23,0.2361965375
2020-02-24,0.23497635
2020-02-25,0.2349678875
2020-02-26,0.2362539625
2020-02-27,0.2350560375
2020-02-28,0.2331016625
2020-02-29,0.2310697375
2020-03-01,0.2291158
2020-03-02,0.227510775
2020-03-03,0.227054475
2020-03-04,0.22913082499999998
2020-03-05,0.227116375
2020-03-06,0.2260961625
2020-03-07,0.2257309375
2020-03-08,0.2252162375
2020-03-09,0.222687725
2020-03-10,0.22015435
2020-03-11,0.21794985
2020-03-12,0.216112225
2020-03-13,0.2141681125
2020-03-14,0.2121954375
2020-03-15,0.2103517
2020-03-16,0.208769575
2020-03-17,0.2071370875
2020-03-18,0.2053907625
2020-03-19,0.2037797375
2020-03-20,0.20254815
2020-03-21,0.201361925
2020-03-22,0.201042125
2020-03-23,0.1994268625
2020-03-24,0.1979094375
2020-03-25,0.19615625
2020-03-26,0.19441995
2020-03-27,0.19288205
2020-03-28,0.1914005125
2020-03-29,0.1898209375
2020-03-30,0.1882434625
2020-03-31,0.1866272125
2020-04-01,0.1852120375
2020-04-02,0.18696390000000002
2020-04-03,0.191703625
2020-04-04,0.1935178875
2020-04-05,0.19083825
2020-04-06,0.1886772625
2020-04-07,0.1866138875
2020-04-08,0.186566575
2020-04-09,0.18638915
2020-04-10,0.184389375
2020-04-11,0.1830975375
2020-04-12,0.1827123125
2020-04-13,0.18106935
2020-04-14,0.179455525
2020-04-15,0.1798221875
2020-04-16,0.1809081625
2020-04-17,0.1790762875
2020-04-18,0.199034675
2020-04-19,0.21459838750000002
2020-04-20,0.21030936249999999
2020-04-21,0.2113317875
2020-04-22,0.2094787875
2020-04-23,0.2138231625
2020-04-24,0.2179541875
2020-04-25,0.2216836875
2020-04-26,0.2531882125
2020-04-27,0.24608744999999999
2020-04-28,0.2402501125
2020-04-29,0.2363773
2020-04-30,0.232724875
2020-05-01,0.2332272875
2020-05-02,0.2361608
2020-05-03,0.235387975
2020-05-04,0.23173773749999999
2020-05-05,0.22861485
2020-05-06,0.2364783
2020-05-07,0.2414883125
2020-05-08,0.239550425
2020-05-09,0.24125236249999998
2020-05-10,0.2370806375
2020-05-11,0.23429565
2020-05-12,0.2302688
2020-05-13,0.2328197625
2020-05-14,0.2372690875
2020-05-15,0.25224355
2020-05-16,0.27178215
2020-05-17,0.26013245
2020-05-18,0.25285295
2020-05-19,0.25235745
2020-05-20,0.2728589375
2020-05-21,0.27519472500000003
2020-05-22,0.268241575
2020-05-23,0.26326545
2020-05-24,0.2590855875
2020-05-25,0.257180125
2020-05-26,0.2550283625
2020-05-27,0.2681918125
2020-05-28,0.284568825
2020-05-29,0.2793300125
2020-05-30,0.2831553625
2020-05-31,0.2827656375
2020-06-01,0.27890973750000003
2020-06-02,0.27642856250000003
2020-06-03,0.293279775
2020-06-04,0.3179845375
2020-06-05,0.330304975
2020-06-06,0.3210335375
2020-06-07,0.315760125
2020-06-08,0.31963481250000003
2020-06-09,0.3343994875
2020-06-10,0.3401572125
2020-06-11,0.3444726875
2020-06-12,0.3491154
2020-06-13,0.3594247
2020-06-14,0.3581665375
2020-06-15,0.351407875
2020-06-16,0.3518695375
2020-06-17,0.36233286249999996
2020-06-18,0.367189025
2020-06-19,0.366522325
2020-06-20,0.36214986250000003
2020-06-21,0.3593256125
2020-06-22,0.35701761249999997
2020-06-23,0.35600805
2020-06-24,0.3533254125
2020-06-25,0.351233
2020-06-26,0.3501019625
2020-06-27,0.3581729125
2020-06-28,0.37034066250000003
2020-06-29,0.366434025
2020-06-30,0.3615698125
2020-07-01,0.3591410625
2020-07-02,0.3586432625
2020-07-03,0.3594007375
2020-07-04,0.360885525
2020-07-05,0.3624731375
2020-07-06,0.361301425
2020-07-07,0.3580868375
2020-07-08,0.3562377375
2020-07-09,0.3549112625
2020-07-10,0.3552734875
2020-07-11,0.3631196375
2020-07-12,0.3768388875
2020-07-13,0.38618895
2020-07-14,0.3803726875
2020-07-15,0.3767207125
2020-07-16,0.37290565
2020-07-17,0.3697787875
2020-07-18,0.36819063750000003
2020-07-19,0.36928805
2020-07-20,0.3853321875
2020-07-21,0.39812108749999997
2020-07-22,0.3982852625
2020-07-23,0.3977725375
2020-07-24,0.397993775
2020-07-25,0.393635525
2020-07-26,0.3896728
2020-07-27,0.3882600625
2020-07-28,0.3915569
2020-07-29,0.39550005
2020-07-30,0.39297292500000003
2020-07-31,0.392040425
2020-08-01,0.393052175
2020-08-02,0.3928973125
2020-08-03,0.391934175
2020-08-04,0.3927846625
2020-08-05,0.3913246125
2020-08-06,0.3882981625
2020-08-07,0.3859340875
2020-08-08,0.3824140375
2020-08-09,0.3792902125
2020-08-10,0.3763413
2020-08-11,0.37409085
2020-08-12,0.371803075
2020-08-13,0.3693633625
2020-08-14,0.3718567125
2020-08-15,0.373233375
2020-08-16,0.37138795
2020-08-17,0.3707522875
2020-08-18,0.3687658625
2020-08-19,0.37208946249999997
2020-08-20,0.3795535375
2020-08-21,0.3813791625
2020-08-22,0.3841317875
2020-08-23,0.3818558125
2020-08-24,0.38732455
2020-08-25,0.3951349
2020-08-26,0.39037971250000003
2020-08-27,0.386609875
2020-08-28,0.3869081375
2020-08-29,0.38576755
2020-08-30,0.3845246
2020-08-31,0.38465466249999997
2020-09-01,0.3915240875
2020-09-02,0.3889819625
2020-09-03,0.3845551
2020-09-04,0.380967575
2020-09-05,0.3780428375
2020-09-06,0.3751421625
2020-09-07,0.3730992375
2020-09-08,0.37132
2020-09-09,0.37505695
2020-09-10,0.377870475
2020-09-11,0.375290225
2020-09-12,0.3728606125
2020-09-13,0.3712442375
2020-09-14,0.37217208749999997
2020-09-15,0.371952525
2020-09-16,0.3722219125
2020-09-17,0.3700315125
2020-09-18,0.3665055
2020-09-19,0.36352521250000003
2020-09-20,0.366927625
2020-09-21,0.3730607
2020-09-22,0.38180775
2020-09-23,0.39043635
2020-09-24,0.391509525
2020-09-25,0.39292153750000003
2020-09-26,0.3960806625
2020-09-27,0.3968476375
2020-09-28,0.3933755625
2020-09-29,0.3900835875
2020-09-30,0.3903324875
2020-10-01,0.3904778125
2020-10-02,0.3877284
2020-10-03,0.385070725
2020-10-04,0.3830397125
2020-10-05,0.3815430125
2020-10-06,0.3802416
2020-10-07,0.377962675
2020-10-08,0.3753201
2020-10-09,0.37288145
2020-10-10,0.3705212
2020-10-11,0.3680054625
2020-10-12,0.365552575
2020-10-13,0.3698789625
2020-10-14,0.366908
2020-10-15,0.36390303749999997
2020-10-16,0.36137225
2020-10-17,0.3601798
2020-10-18,0.3652259875
2020-10-19,0.363324675
2020-10-20,0.36068395000000003
2020-10-21,0.3592402125
2020-10-22,0.3728538875
2020-10-23,0.4006713375
2020-10-24,0.40157838749999997
2020-10-25,0.394853475
2020-10-26,0.39152285
2020-10-27,0.388434025
2020-10-28,0.3856813125
2020-10-29,0.3838233
2020-10-30,0.3849359375
2020-10-31,0.400295925
2020-11-01,0.39720885
2020-11-02,0.393773575
2020-11-03,0.39103215
2020-11-04,0.3890072
2020-11-05,0.3866891625
2020-11-06,0.384306225
2020-11-07,0.38213851249999997
2020-11-08,0.380005875
2020-11-09,0.3773540375
2020-11-10,0.37481705
2020-11-11,0.3722382875
2020-11-12,0.3700934875
2020-11-13,0.367852475
2020-11-14,0.3659712375
2020-11-15,0.36398993749999997
2020-11-16,0.361772275
2020-11-17,0.3602716125
2020-11-18,0.35870055
2020-11-19,0.356885375
2020-11-20,0.35539205
2020-11-21,0.3582365625
2020-11-22,0.357551
2020-11-23,0.3551834125
2020-11-24,0.3530484625
2020-11-25,0.3518163125
2020-11-26,0.351239825
2020-11-27,0.3498472875
2020-11-28,0.347992275
2020-11-29,0.34614545
2020-11-30,0.3446384125
2020-12-01,0.3430524625
2020-12-02,0.341105
2020-12-03,0.340086125
2020-12-04,0.33908515
2020-12-05,0.3382569125
2020-12-06,0.3373112125
2020-12-07,0.3354391875
2020-12-08,0.3349058125
2020-12-09,0.33435421249999997
2020-12-10,0.3333680625
2020-12-11,0.332328675
2020-12-12,0.331268075
2020-12-13,0.330014875
2020-12-14,0.328185125
2020-12-15,0.326506875
2020-12-16,0.325545125
2020-12-17,0.3245020875
2020-12-18,0.3230941625
2020-12-19,0.32146235
2020-12-20,0.3202666625
2020-12-21,0.3192593125
2020-12-22,0.3175977625
2020-12-23,0.3164856
2020-12-24,0.31585878749999996
2020-12-25,0.314895825
2020-12-26,0.314010325
2020-12-27,0.3127756875
2020-12-28,0.311737775
2020-12-29,0.3104070125
2020-12-30,0.309561725
2020-12-31,0.30855113749999996
2021-01-01,0.307116375
2021-01-02,0.305714725
2021-01-03,0.304159825
2021-01-04,0.3025921375
2021-01-05,0.3011494125
2021-01-06,0.2990532875
2021-01-07,0.2984039125
2021-01-08,0.2973650625
2021-01-09,0.29595295
2021-01-10,0.294823475
2021-01-11,0.293942675
2021-01-12,0.29241113750000003
2021-01-13,0.2909508375
2021-01-14,0.2898703375
2021-01-15,0.2890457875
2021-01-16,0.287842775
2021-01-17,0.2871437375
2021-01-18,0.2864302375
2021-01-19,0.285734725
2021-01-20,0.285699625
2021-01-21,0.285349075
2021-01-22,0.28389145
2021-01-23,0.283076125
2021-01-24,0.28199881250000003
2021-01-25,0.28109875
2021-01-26,0.2799424875
2021-01-27,0.27863197500000003
2021-01-28,0.27720670000000003
2021-01-29,0.27590498750000003
2021-01-30,0.27480155
2021-01-31,0.2739858875
2021-02-01,0.2730658125
2021-02-02,0.2720238125
2021-02-03,0.270894375
2021-02-04,0.2704754625
2021-02-05,0.2685901375
2021-02-06,0.266834425
2021-02-07,0.2663514
2021-02-08,0.265137075
2021-02-09,0.263772475
2021-02-10,0.26247945
2021-02-11,0.26174325
2021-02-12,0.2618758
2021-02-13,0.2603672875
2021-02-14,0.2590068875
2021-02-15,0.2577592375
2021-02-16,0.25708565
2021-02-17,0.256563475
2021-02-18,0.2545745
2021-02-19,0.25275885
2021-02-20,0.25136813750000003
2021-02-21,0.2499208375
2021-02-22,0.2481762875
2021-02-23,0.2474888625
2021-02-24,0.246289425
2021-02-25,0.2450910375
2021-02-26,0.243520375
2021-02-27,0.241855825
2021-02-28,0.2409892375
2021-03-01,0.239295475
2021-03-02,0.23735681250000001
2021-03-03,0.2360611125
2021-03-04,0.2343221375
2021-03-05,0.2331512625
2021-03-06,0.23239635
2021-03-07,0.23274353750000001
2021-03-08,0.2315351125
2021-03-09,0.2303947375
2021-03-10,0.2306987625
2021-03-11,0.22947713749999998
2021-03-12,0.2272869625
2021-03-13,0.225382
2021-03-14,0.22308965
2021-03-15,0.220543025
2021-03-16,0.218147475
2021-03-17,0.21611867499999998
2021-03-18,0.214237075
2021-03-19,0.21283945
2021-03-20,0.2109924625
2021-03-21,0.2097514
2021-03-22,0.207862425
2021-03-23,0.2056662375
2021-03-24,0.204382125
2021-03-25,0.20267145
2021-03-26,0.200833425
2021-03-27,0.199158725
2021-03-28,0.198144725
2021-03-29,0.1985027875
2021-03-30,0.198777875
2021-03-31,0.1978417
2021-04-01,0.195761575
2021-04-02,0.1940944375
2021-04-03,0.192589825
2021-04-04,0.1917602875
2021-04-05,0.190519125
2021-04-06,0.18897406249999998
2021-04-07,0.18766605
2021-04-08,0.1863255125
2021-04-09,0.1853205375
2021-04-10,0.184174475
2021-04-11,0.1829348875
2021-04-12,0.18178368749999999
2021-04-13,0.1807664125
2021-04-14,0.179306475
2021-04-15,0.1784749625
2021-04-16,0.1800483125
2021-04-17,0.1843196375
2021-04-18,0.182924275
2021-04-19,0.1796695875
2021-04-20,0.177932075
2021-04-21,0.1767241125
2021-04-22,0.1755771625
2021-04-23,0.1744129625
2021-04-24,0.172820575
2021-04-25,0.1715441625
2021-04-26,0.170497225
2021-04-27,0.16953315
2021-04-28,0.16900285
2021-04-29,0.168173975
2021-04-30,0.16688501249999999
2021-05-01,0.169202575
2021-05-02,0.1749900125
2021-05-03,0.175100825
2021-05-04,0.17329521250000002
2021-05-05,0.1723428
2021-05-06,0.16812074999999999
2021-05-07,0.168851725
2021-05-08,0.1681209375
2021-05-09,0.1711890375
2021-05-10,0.1761103625
2021-05-11,0.1835792875
2021-05-12,0.1928809875
2021-05-13,0.1889841125
2021-05-14,0.1863271125
2021-05-15,0.1884211
2021-05-16,0.1888219375
2021-05-17,0.1853064
2021-05-18,0.18689606250000002
2021-05-19,0.1907319
2021-05-20,0.1869126875
2021-05-21,0.1836099375
2021-05-22,0.182084525
2021-05-23,0.1814562375
2021-05-24,0.1974771375
2021-05-25,0.2169499375
2021-05-26,0.2096825375
2021-05-27,0.20569995
2021-05-28,0.20222255
2021-05-29,0.199719225
2021-05-30,0.198158
2021-05-31,0.2041096125
2021-06-01,0.2184854375
2021-06-02,0.220950275
2021-06-03,0.2236903125
2021-06-04,0.2216543375
2021-06-05,0.2334579375
2021-06-06,0.263647375
2021-06-07,0.2738336375
2021-06-08,0.271652375
2021-06-09,0.2738530875
2021-06-10,0.270594475
2021-06-11,0.26869845
2021-06-12,0.2744936
2021-06-13,0.279510075
2021-06-14,0.2786279375
2021-06-15,0.2747724625
2021-06-16,0.2730865375
2021-06-17,0.27436499999999997
2021-06-18,0.28579140000000003
2021-06-19,0.29674695
2021-06-20,0.29657885
2021-06-21,0.2970292125
2021-06-22,0.2934098625
2021-06-23,0.289244425
2021-06-24,0.28598952499999997
2021-06-25,0.2831753
2021-06-26,0.281241875
2021-06-27,0.2802870375
2021-06-28,0.284056925
2021-06-29,0.2935838625
2021-06-30,0.320387225
2021-07-01,0.3378537125
2021-07-02,0.3429257
2021-07-03,0.3423818125
2021-07-04,0.34335645
2021-07-05,0.3419911
2021-07-06,0.342755925
2021-07-07,0.3506539875
2021-07-08,0.3529446875
2021-07-09,0.3500955625
2021-07-10,0.355857825
2021-07-11,0.361240725
2021-07-12,0.3706813625
2021-07-13,0.3659079875
2021-07-14,0.3610068375
2021-07-15,0.3577544875
2021-07-16,0.3590272
2021-07-17,0.3635735625
2021-07-18,0.363412525
2021-07-19,0.3675167375
2021-07-20,0.3708424375
2021-07-21,0.37207515
2021-07-22,0.37700725
2021-07-23,0.3770645125
2021-07-24,0.3770282625
2021-07-25,0.374305825
2021-07-26,0.3707485
2021-07-27,0.36801703750000003
2021-07-28,0.369346825
2021-07-29,0.3811329625
2021-07-30,0.3867042125
2021-07-31,0.38601053750000003
2021-08-01,0.385469125
2021-08-02,0.384187875
2021-08-03,0.3829652375
2021-08-04,0.38174637499999997
2021-08-05,0.38105665
2021-08-06,0.39044205
2021-08-07,0.3898066625
2021-08-08,0.3880496625
2021-08-09,0.3856544
2021-08-10,0.384836175
2021-08-11,0.38365312500000004
2021-08-12,0.38649195000000003
2021-08-13,0.3892653625
2021-08-14,0.39040956250000003
2021-08-15,0.391003
2021-08-16,0.391999625
2021-08-17,0.39240455
2021-08-18,0.39195693750000005
2021-08-19,0.392419525
2021-08-20,0.3919099
2021-08-21,0.38967375
2021-08-22,0.386506925
2021-08-23,0.385837325
2021-08-24,0.388526875
2021-08-25,0.3904036875
2021-08-26,0.3920816125
2021-08-27,0.389483575
2021-08-28,0.3862327125
2021-08-29,0.3847923125
2021-08-30,0.387067475
2021-08-31,0.3875475375
2021-09-01,0.3871818
2021-09-02,0.3883459625
2021-09-03,0.385563
2021-09-04,0.3875956
2021-09-05,0.3986146875
2021-09-06,0.399368
2021-09-07,0.3951505625
2021-09-08,0.3915266125
2021-09-09,0.3889431
2021-09-10,0.3882625625
2021-09-11,0.387864075
2021-09-12,0.3851244
2021-09-13,0.3828143875
2021-09-14,0.3818131
2021-09-15,0.384834175
2021-09-16,0.38773845
2021-09-17,0.3851268875
2021-09-18,0.3859306375
2021-09-19,0.3881418375
2021-09-20,0.387485825
2021-09-21,0.386884775
2021-09-22,0.3848899
2021-09-23,0.381829175
2021-09-24,0.3796588
2021-09-25,0.380396325
2021-09-26,0.3824095375
2021-09-27,0.385864475
2021-09-28,0.385311175
2021-09-29,0.38563555
2021-09-30,0.38208
2021-10-01,0.3784495875
2021-10-02,0.3755359
2021-10-03,0.3740153625
2021-10-04,0.37324453750000003
2021-10-05,0.37436871250000003
2021-10-06,0.3733423125
2021-10-07,0.3698575125
2021-10-08,0.3674015375
2021-10-09,0.367007725
2021-10-10,0.3674228
2021-10-11,0.364224525
2021-10-12,0.3661099375
2021-10-13,0.37663491250000003
2021-10-14,0.3730243875
2021-10-15,0.37118212500000003
2021-10-16,0.3757946
2021-10-17,0.3778437375
2021-10-18,0.3819439125
2021-10-19,0.38785878749999997
2021-10-20,0.3867003
2021-10-21,0.3854554375
2021-10-22,0.38159563750000003
2021-10-23,0.3783501
2021-10-24,0.37582815
2021-10-25,0.3734918
2021-10-26,0.3715021125
2021-10-27,0.3707495875
2021-10-28,0.3695810125
2021-10-29,0.367310675
2021-10-30,0.364494875
2021-10-31,0.362054625
2021-11-01,0.35966078749999997
2021-11-02,0.3582439
2021-11-03,0.3580923625
2021-11-04,0.35560603749999997
2021-11-05,0.3532463125
2021-11-06,0.351374375
2021-11-07,0.34927635
2021-11-08,0.346719
2021-11-09,0.344606875
2021-11-10,0.3426007375
2021-11-11,0.3401051375
2021-11-12,0.33869265
2021-11-13,0.34063825
2021-11-14,0.3396476375
2021-11-15,0.343272925
2021-11-16,0.3431264
2021-11-17,0.3402149875
2021-11-18,0.337836275
2021-11-19,0.3361907
2021-11-20,0.334265525
2021-11-21,0.3325837625
2021-11-22,0.3309135125
2021-11-23,0.329326025
2021-11-24,0.3280321875
2021-11-25,0.32613375
2021-11-26,0.3244334375
2021-11-27,0.32291233750000004
2021-11-28,0.3212836125
2021-11-29,0.3195762625
2021-11-30,0.3181426875
2021-12-01,0.3170121375
2021-12-02,0.31573924999999997
2021-12-03,0.315352975
2021-12-04,0.3192129375
2021-12-05,0.326492975
2021-12-06,0.35350135
2021-12-07,0.35632780000000003
2021-12-08,0.3499047125
2021-12-09,0.34850505
2021-12-10,0.3502215875
2021-12-11,0.3482820375
2021-12-12,0.3463402375
2021-12-13,0.345462625
2021-12-14,0.3436630625
2021-12-15,0.3421578
2021-12-16,0.34236375
2021-12-17,0.34119695
2021-12-18,0.3401426125
2021-12-19,0.33949511250000003
2021-12-20,0.3386493875
2021-12-21,0.33706603749999997
2021-12-22,0.3359109125
2021-12-23,0.334914875
2021-12-24,0.3346636
2021-12-25,0.3333060625
2021-12-26,0.3319642125
2021-12-27,0.3304139125
2021-12-28,0.3289538
2021-12-29,0.3269235625
2021-12-30,0.3255196625
2021-12-31,0.3239656875
2022-01-01,0.32287785
2022-01-02,0.32234307500000003
2022-01-03,0.321342225
2022-01-04,0.3197455625
2022-01-05,0.318134375
2022-01-06,0.3166287375
2022-01-07,0.3148655875
2022-01-08,0.313213625
2022-01-09,0.3119358375
2022-01-10,0.3104889625
2022-01-11,0.3089841625
2022-01-12,0.3088307125
2022-01-13,0.309299075
2022-01-14,0.310074725
2022-01-15,0.3097183
2022-01-16,0.30833140000000003
2022-01-17,0.306197975
2022-01-18,0.304670575
2022-01-19,0.3027688
2022-01-20,0.3017838
2022-01-21,0.3007590125
2022-01-22,0.300224375
2022-01-23,0.2990308875
2022-01-24,0.3003336
2022-01-25,0.2995834875
2022-01-26,0.29810946250000003
2022-01-27,0.29762832499999997
2022-01-28,0.2959426875
2022-01-29,0.294408875
2022-01-30,0.293966875
2022-01-31,0.2926818
2022-02-01,0.2912824875
2022-02-02,0.2898779375
2022-02-03,0.2890462875
2022-02-04,0.2904316
2022-02-05,0.298579625
2022-02-06,0.294709975
2022-02-07,0.2919199
2022-02-08,0.28971615
2022-02-09,0.2878302
2022-02-10,0.2863029875
2022-02-11,0.2852595625
2022-02-12,0.2837397625
2022-02-13,0.281932
2022-02-14,0.2802088875
2022-02-15,0.2785813125
2022-02-16,0.2768902125
2022-02-17,0.2753013625
2022-02-18,0.2737438
2022-02-19,0.27197155
2022-02-20,0.2705001375
2022-02-21,0.269063325
2022-02-22,0.2672717625
2022-02-23,0.265936875
2022-02-24,0.26450972500000003
2022-02-25,0.2628464
2022-02-26,0.261019025
2022-02-27,0.2592055
2022-02-28,0.2579113625
2022-03-01,0.2557092
2022-03-02,0.2533813
2022-03-03,0.2511633625
2022-03-04,0.24900506249999999
2022-03-05,0.2472271125
2022-03-06,0.2450317625
2022-03-07,0.243509475
2022-03-08,0.2420906625
2022-03-09,0.24020255000000001
2022-03-10,0.2380895
2022-03-11,0.235694775
2022-03-12,0.233356825
2022-03-13,0.23116165
2022-03-14,0.229519425
2022-03-15,0.22749635
2022-03-16,0.2257905875
2022-03-17,0.2237751375
2022-03-18,0.2217845625
2022-03-19,0.2203301375
2022-03-20,0.2183465625
2022-03-21,0.216473425
2022-03-22,0.214821275
2022-03-23,0.213272025
2022-03-24,0.211707875
2022-03-25,0.21025125
2022-03-26,0.20937335
2022-03-27,0.20872142500000002
2022-03-28,0.2107848875
2022-03-29,0.2120792
2022-03-30,0.211195975
2022-03-31,0.209162625
2022-04-01,0.2074361875
2022-04-02,0.206190575
2022-04-03,0.20503015
2022-04-04,0.2030336625
2022-04-05,0.201247325
2022-04-06,0.1995646625
2022-04-07,0.1977513125
2022-04-08,0.1959900875
2022-04-09,0.1947668125
2022-04-10,0.1942465375
2022-04-11,0.19384255
2022-04-12,0.1919650125
2022-04-13,0.19040805
2022-04-14,0.18945705
2022-04-15,0.188488975
2022-04-16,0.1874065875
2022-04-17,0.18617335000000002
2022-04-18,0.18500283750000002
2022-04-19,0.1850263
2022-04-20,0.1985330625
2022-04-21,0.20357835000000002
2022-04-22,0.2101799125
2022-04-23,0.2043208625
2022-04-24,0.2005315375
2022-04-25,0.1992903625
2022-04-26,0.1962757125
2022-04-27,0.193908225
2022-04-28,0.1931246375
2022-04-29,0.1913882125
2022-04-30,0.1918273
2022-05-01,0.1934575375
2022-05-02,0.192140575
2022-05-03,0.1977172875
2022-05-04,0.2080993125
2022-05-05,0.201554725
2022-05-06,0.2018145875
2022-05-07,0.2022723875
2022-05-08,0.1990051
2022-05-09,0.2005967625
2022-05-10,0.2089964
2022-05-11,0.2129086625
2022-05-12,0.2277165875
2022-05-13,0.2467267625
2022-05-14,0.2439246625
2022-05-15,0.236065775
2022-05-16,0.2308958625
2022-05-17,0.22860305
2022-05-18,0.225939525
2022-05-19,0.2364776125
2022-05-20,0.2400235
2022-05-21,0.2367602375
2022-05-22,0.2353066875
2022-05-23,0.2322799375
2022-05-24,0.23250285
2022-05-25,0.239246375
2022-05-26,0.2412481625
2022-05-27,0.2519373375
2022-05-28,0.256924575
2022-05-29,0.2653820375
2022-05-30,0.2754705125
2022-05-31,0.2690691625
2022-06-01,0.264633625
2022-06-02,0.2630657625
2022-06-03,0.2638549375
2022-06-04,0.265021375
2022-06-05,0.2642438125
2022-06-06,0.26183460000000003
2022-06-07,0.2651605625
2022-06-08,0.26766222500000003
2022-06-09,0.2788984625
2022-06-10,0.2808965875
2022-06-11,0.2756765375
2022-06-12,0.2743879875
2022-06-13,0.2813343375
2022-06-14,0.2859756
2022-06-15,0.2942675
2022-06-16,0.3029418125
2022-06-17,0.3267122
2022-06-18,0.334788025
2022-06-19,0.3567615
2022-06-20,0.3709578625
2022-06-21,0.3612545875
2022-06-22,0.35532081249999997
2022-06-23,0.35214065
2022-06-24,0.349688475
2022-06-25,0.3463786125
2022-06-26,0.3442161875
2022-06-27,0.3412017125
2022-06-28,0.341704075
2022-06-29,0.34535648750000003
2022-06-30,0.35161275000000003
2022-07-01,0.356205375
2022-07-02,0.3500534625
2022-07-03,0.3481216
2022-07-04,0.3476707875
2022-07-05,0.3502254
2022-07-06,0.3538269375
2022-07-07,0.3486945125
2022-07-08,0.3446765
2022-07-09,0.3394788625
2022-07-10,0.333704475
2022-07-11,0.3286214125
2022-07-12,0.3241559375
2022-07-13,0.3229004375
2022-07-14,0.32216622500000003
2022-07-15,0.3221706
2022-07-16,0.31483442500000003
2022-07-17,0.30830485
2022-07-18,0.3048801875
2022-07-19,0.302675675
2022-07-20,0.30177025
2022-07-21,0.2993809625
2022-07-22,0.297305625
2022-07-23,0.3019315375
2022-07-24,0.3030354875
2022-07-25,0.3113662625
2022-07-26,0.31329799999999997
2022-07-27,0.312969225
2022-07-28,0.308537725
2022-07-29,0.3045940625
2022-07-30,0.30121725
2022-07-31,0.3005670875
2022-08-01,0.300079475
2022-08-02,0.30694088750000004
2022-08-03,0.3138496125
2022-08-04,0.3132524
2022-08-05,0.3174781125
2022-08-06,0.3261644375
2022-08-07,0.32342925
2022-08-08,0.3203770375
2022-08-09,0.3164792125
2022-08-10,0.313315625
2022-08-11,0.310469575
2022-08-12,0.312588425
2022-08-13,0.31326455
2022-08-14,0.312019525
2022-08-15,0.31005435000000003
2022-08-16,0.3066821625
2022-08-17,0.3047372375
2022-08-18,0.3105333875
2022-08-19,0.328566225
2022-08-20,0.3235711
2022-08-21,0.3189577
2022-08-22,0.32110085
2022-08-23,0.3315182125
2022-08-24,0.32653865
2022-08-25,0.32169165
2022-08-26,0.32277265
2022-08-27,0.3245183
2022-08-28,0.3230627625
2022-08-29,0.318859
2022-08-30,0.3157311625
2022-08-31,0.31343791249999997
2022-09-01,0.31106935
2022-09-02,0.3141777125
2022-09-03,0.31684216249999997
2022-09-04,0.3254619625
2022-09-05,0.3299914875
2022-09-06,0.3292865625
2022-09-07,0.33170598749999997
2022-09-08,0.3345958875
2022-09-09,0.3431091
2022-09-10,0.3487178875
2022-09-11,0.351093425
2022-09-12,0.3541234125
2022-09-13,0.36432205
2022-09-14,0.36748685
2022-09-15,0.36515956250000003
2022-09-16,0.362035925
2022-09-17,0.360138825
2022-09-18,0.3650830375
2022-09-19,0.37038365
2022-09-20,0.364482375
2022-09-21,0.3608578
2022-09-22,0.3602585125
2022-09-23,0.3629839375
2022-09-24,0.363748125
2022-09-25,0.3635577625
2022-09-26,0.3673211375
2022-09-27,0.371452075
2022-09-28,0.36788587500000003
2022-09-29,0.3643005875
2022-09-30,0.363810875
2022-10-01,0.3738798125
2022-10-02,0.3841023125
2022-10-03,0.38435623750000003
2022-10-04,0.3861996625
2022-10-05,0.3847996125
2022-10-06,0.3814199875
2022-10-07,0.378622675
2022-10-08,0.37538635
2022-10-09,0.3735068
2022-10-10,0.372729325
2022-10-11,0.370985375
2022-10-12,0.3683464625
2022-10-13,0.3668934875
2022-10-14,0.365570475
2022-10-15,0.3626148
2022-10-16,0.3598785375
2022-10-17,0.3570348125
2022-10-18,0.3548713
2022-10-19,0.352042825
2022-10-20,0.3495724625
2022-10-21,0.3471539
2022-10-22,0.3444489125
2022-10-23,0.35381785
2022-10-24,0.3857877875
2022-10-25,0.3919175125
2022-10-26,0.383997625
2022-10-27,0.3793148
2022-10-28,0.37643245000000003
2022-10-29,0.37412622500000003
2022-10-30,0.3715335375
2022-10-31,0.3692098625
2022-11-01,0.3666756625
2022-11-02,0.364489825
2022-11-03,0.363054775
2022-11-04,0.3608123375
2022-11-05,0.3586732
2022-11-06,0.3561906875
2022-11-07,0.353936925
2022-11-08,0.3519058875
2022-11-09,0.3498534375
2022-11-10,0.34830095
2022-11-11,0.34650755
2022-11-12,0.3437881375
2022-11-13,0.3421449
2022-11-14,0.3406670625
2022-11-15,0.338360675
2022-11-16,0.3363028875
2022-11-17,0.33474815
2022-11-18,0.333067125
2022-11-19,0.33147360000000003
2022-11-20,0.328625275
2022-11-21,0.3261343
2022-11-22,0.3235627125
2022-11-23,0.322227875
2022-11-24,0.3207000625
2022-11-25,0.31896345
2022-11-26,0.317549175
2022-11-27,0.31614345
2022-11-28,0.314435075
2022-11-29,0.312739925
2022-11-30,0.3110999125
2022-12-01,0.3097013625
2022-12-02,0.3085082625
2022-12-03,0.30658575
2022-12-04,0.305278
2022-12-05,0.3038747375
2022-12-06,0.3022157875
2022-12-07,0.3009146
2022-12-08,0.2995994125
2022-12-09,0.29847065
2022-12-10,0.29734072500000003
2022-12-11,0.2956518375
2022-12-12,0.2946963375
2022-12-13,0.2938868625
2022-12-14,0.2922867
2022-12-15,0.2917561625
2022-12-16,0.29086255
2022-12-17,0.289836625
2022-12-18,0.288569525
2022-12-19,0.2872992375
2022-12-20,0.28660122499999996
2022-12-21,0.2858924625
2022-12-22,0.28419615
2022-12-23,0.2832298
2022-12-24,0.281893675
2022-12-25,0.281078125
2022-12-26,0.280237275
2022-12-27,0.2797053625
2022-12-28,0.27924357499999997
2022-12-29,0.2779979375
2022-12-30,0.27636126250000004
2022-12-31,0.2756703
2023-01-01,0.2747088125
2023-01-02,0.272942275
2023-01-03,0.2711721
2023-01-04,0.2701608625
2023-01-05,0.2691072375
2023-01-06,0.2681087375
2023-01-07,0.2657154
2023-01-08,0.26507295
2023-01-09,0.2645514
2023-01-10,0.2628608125
2023-01-11,0.261452175
2023-01-12,0.260461525
2023-01-13,0.2594575625
2023-01-14,0.2586237375
2023-01-15,0.256896525
2023-01-16,0.25574976250000003
2023-01-17,0.254644025
2023-01-18,0.25347668749999996
2023-01-19,0.2522139125
2023-01-20,0.25214905
2023-01-21,0.250970675
2023-01-22,0.2499452875
2023-01-23,0.2490213375
2023-01-24,0.2481362625
2023-01-25,0.2480327125
2023-01-26,0.24694625
2023-01-27,0.24582575
2023-01-28,0.246408375
2023-01-29,0.2457911875
2023-01-30,0.2449039
2023-01-31,0.2443525625
2023-02-01,0.24433926250000002
2023-02-02,0.2440331
2023-02-03,0.2428367125
2023-02-04,0.2418477875
2023-02-05,0.24203901249999998
2023-02-06,0.241436175
2023-02-07,0.2405957875
2023-02-08,0.23920041250000001
2023-02-09,0.2389917125
2023-02-10,0.2393134
2023-02-11,0.237896175
2023-02-12,0.2367877
2023-02-13,0.237060075
2023-02-14,0.2349478625
2023-02-15,0.2336089625
2023-02-16,0.2337631625
2023-02-17,0.2326322
2023-02-18,0.233063275
2023-02-19,0.2316704125
2023-02-20,0.2304774625
2023-02-21,0.23098973750000001
2023-02-22,0.2296615625
2023-02-23,0.228200825
2023-02-24,0.2266183375
2023-02-25,0.2252788625
2023-02-26,0.224729225
2023-02-27,0.2227626
2023-02-28,0.22118545
2023-03-01,0.220716725
2023-03-02,0.21919036249999999
2023-03-03,0.2175912375
2023-03-04,0.2163109
2023-03-05,0.2150732875
2023-03-06,0.21450195
2023-03-07,0.2124072625
2023-03-08,0.2107727625
2023-03-09,0.210271925
2023-03-10,0.2093641875
2023-03-11,0.2087363375
2023-03-12,0.2072279
2023-03-13,0.205373
2023-03-14,0.204304975
2023-03-15,0.2046471375
2023-03-16,0.20688842500000001
2023-03-17,0.20734872499999998
2023-03-18,0.2053103
2023-03-19,0.2136034375
2023-03-20,0.21412509999999998
2023-03-21,0.2141703
2023-03-22,0.214821975
2023-03-23,0.212228325
2023-03-24,0.21041235
2023-03-25,0.2086008625
2023-03-26,0.206758025
2023-03-27,0.2063838375
2023-03-28,0.204244825
2023-03-29,0.2037885375
2023-03-30,0.2054344375
2023-03-31,0.208759675
2023-04-01,0.2188873
2023-04-02,0.2139465125
2023-04-03,0.2105510875
2023-04-04,0.2078279875
2023-04-05,0.2056623625
2023-04-06,0.203878925
2023-04-07,0.2020324375
2023-04-08,0.1998984125
2023-04-09,0.1977772125
2023-04-10,0.1964282
2023-04-11,0.195099025
2023-04-12,0.1937398
2023-04-13,0.19204965
2023-04-14,0.1906703125
2023-04-15,0.1901299375
2023-04-16,0.1892672125
2023-04-17,0.1876340625
2023-04-18,0.187491675
2023-04-19,0.1861830125
2023-04-20,0.1847821875
2023-04-21,0.1843481625
2023-04-22,0.18505693750000002
2023-04-23,0.185612375
2023-04-24,0.1840863125
2023-04-25,0.182327775
2023-04-26,0.1811968375
2023-04-27,0.1818339625
2023-04-28,0.1835723125
2023-04-29,0.18302445
2023-04-30,0.1838231625
2023-05-01,0.1824014
2023-05-02,0.1813058
2023-05-03,0.1820364
2023-05-04,0.1811192875
2023-05-05,0.17882015
2023-05-06,0.1766346375
2023-05-07,0.174839325
2023-05-08,0.1735602
2023-05-09,0.1723274375
2023-05-10,0.1712064375
2023-05-11,0.17014893749999999
2023-05-12,0.1699852875
2023-05-13,0.17140316249999998
2023-05-14,0.174975925
2023-05-15,0.1581445875
2023-05-16,0.1567039375
2023-05-17,0.1650605375
2023-05-18,0.1710550625
2023-05-19,0.1709028625
2023-05-20,0.17071
2023-05-21,0.1699763875
2023-05-22,0.169711525
2023-05-23,0.1816249125
2023-05-24,0.1934223
2023-05-25,0.1901058125
2023-05-26,0.1863928875
2023-05-27,0.19298785
2023-05-28,0.1942582625
2023-05-29,0.1896921375
2023-05-30,0.1864740875
2023-05-31,0.184161025
2023-06-01,0.182752525
2023-06-02,0.182120125
2023-06-03,0.1805961625
2023-06-04,0.179697225
2023-06-05,0.179651675
2023-06-06,0.1783345875
2023-06-07,0.177783125
2023-06-08,0.19430324999999998
2023-06-09,0.2243451625
2023-06-10,0.2233247125
2023-06-11,0.228900575
2023-06-12,0.22909422499999998
2023-06-13,0.2309277375
2023-06-14,0.2267996875
2023-06-15,0.2259479
2023-06-16,0.240344775
2023-06-17,0.260674675
2023-06-18,0.2698185375
2023-06-19,0.2729672375
2023-06-20,0.26772705
2023-06-21,0.2639224125
2023-06-22,0.2606722125
2023-06-23,0.2578769125
2023-06-24,0.2544818875
2023-06-25,0.2518492625
2023-06-26,0.2503058
2023-06-27,0.26317355
2023-06-28,0.2879704625
2023-06-29,0.28932484999999997
2023-06-30,0.296890075
2023-07-01,0.3057142375
2023-07-02,0.301720025
2023-07-03,0.296751375
2023-07-04,0.30256635
2023-07-05,0.3055839
2023-07-06,0.304950075
2023-07-07,0.302044625
2023-07-08,0.2992642
2023-07-09,0.29777312499999997
2023-07-10,0.29763751250000003
2023-07-11,0.296075075
2023-07-12,0.2943004
2023-07-13,0.2928740875
2023-07-14,0.29147687499999997
2023-07-15,0.289200975
2023-07-16,0.287811725
2023-07-17,0.287763075
2023-07-18,0.29297
2023-07-19,0.2941144
2023-07-20,0.28909115
2023-07-21,0.294322125
2023-07-22,0.2944282125
2023-07-23,0.2922887125
2023-07-24,0.2946013875
2023-07-25,0.30016007499999997
2023-07-26,0.296286375
2023-07-27,0.29179927499999997
2023-07-28,0.289285975
2023-07-29,0.287250425
2023-07-30,0.2920658375
2023-07-31,0.2969087
2023-08-01,0.30057805000000004
2023-08-02,0.29777705
2023-08-03,0.30395475
2023-08-04,0.3081569125
2023-08-05,0.30538835
2023-08-06,0.324818275
2023-08-07,0.35985208750000003
2023-08-08,0.36998205
2023-08-09,0.3629826625
2023-08-10,0.3584397125
2023-08-11,0.355492075
2023-08-12,0.3541687
2023-08-13,0.35691015
2023-08-14,0.3564959625
2023-08-15,0.36691465
2023-08-16,0.38364631250000003
2023-08-17,0.3841959125
2023-08-18,0.3792818
2023-08-19,0.37327265
2023-08-20,0.3700172375
2023-08-21,0.3683729
2023-08-22,0.368078375
2023-08-23,0.3670364875
2023-08-24,0.3665114875
2023-08-25,0.3670031875
2023-08-26,0.3718382875
2023-08-27,0.376137575
2023-08-28,0.3835579375
2023-08-29,0.3787546125
2023-08-30,0.3777067875
2023-08-31,0.38363155
2023-09-01,0.3824268625
2023-09-02,0.38137115
2023-09-03,0.3869842
2023-09-04,0.382587
2023-09-05,0.380266275
2023-09-06,0.3841249375
2023-09-07,0.38660361249999997
2023-09-08,0.3892625625
2023-09-09,0.38589595
2023-09-10,0.3833755375
2023-09-11,0.38390006249999997
2023-09-12,0.3874427
2023-09-13,0.389775125
2023-09-14,0.3856196375
2023-09-15,0.3817129
2023-09-16,0.3780369875
2023-09-17,0.3773392
2023-09-18,0.3864157875
2023-09-19,0.3867010375
2023-09-20,0.3857253875
2023-09-21,0.38635875
2023-09-22,0.384681625
2023-09-23,0.38310537499999997
2023-09-24,0.3813599375
2023-09-25,0.3785055375
2023-09-26,0.3752858875
2023-09-27,0.3725486125
2023-09-28,0.37027652499999997
2023-09-29,0.37033985
2023-09-30,0.3689948375
2023-10-01,0.36671195
2023-10-02,0.3641856875
2023-10-03,0.3648643375
2023-10-04,0.373911675
2023-10-05,0.394786975
2023-10-06,0.39251166249999997
2023-10-07,0.3923637125
2023-10-08,0.3898574625
2023-10-09,0.388245175
2023-10-10,0.385180225
2023-10-11,0.3834318125
2023-10-12,0.3809970875
2023-10-13,0.37851595
2023-10-14,0.37613376249999997
2023-10-15,0.3736719875
2023-10-16,0.371169975
2023-10-17,0.3687625375
2023-10-18,0.3665210625
2023-10-19,0.3642304875
2023-10-20,0.3615387
2023-10-21,0.359076875
2023-10-22,0.35571200000000003
2023-10-23,0.3575106125
2023-10-24,0.367483275
2023-10-25,0.363470525
2023-10-26,0.35977844999999997
2023-10-27,0.356528825
2023-10-28,0.35418115
2023-10-29,0.3519580375
2023-10-30,0.3487790375
2023-10-31,0.3461773
2023-11-01,0.342953375
2023-11-02,0.3410523125
2023-11-03,0.3393705375
2023-11-04,0.3368227375
2023-11-05,0.3346754
2023-11-06,0.3323954125
2023-11-07,0.3302601125
2023-11-08,0.3286741625
2023-11-09,0.326456975
2023-11-10,0.3241124125
2023-11-11,0.3217971125
2023-11-12,0.32022941250000003
2023-11-13,0.31858716249999997
2023-11-14,0.31680225
2023-11-15,0.315213175
2023-11-16,0.3172823375
2023-11-17,0.3508492125
2023-11-18,0.35573272499999997
2023-11-19,0.351618475
2023-11-20,0.3486295
2023-11-21,0.3466551625
2023-11-22,0.3452137375
2023-11-23,0.344024125
2023-11-24,0.34305435
2023-11-25,0.342665525
2023-11-26,0.3409200375
2023-11-27,0.3394550625
2023-11-28,0.3367200375
2023-11-29,0.335714475
2023-11-30,0.3341489625
2023-12-01,0.3323692625
2023-12-02,0.3309673375
2023-12-03,0.3310415875
2023-12-04,0.33035685
2023-12-05,0.33154265
2023-12-06,0.3323945875
2023-12-07,0.3433820375
2023-12-08,0.3423718625
2023-12-09,0.34158385
2023-12-10,0.3400847875
2023-12-11,0.339863825
2023-12-12,0.3379907125
2023-12-13,0.3366057625
2023-12-14,0.3336534625
2023-12-15,0.33293195000000003
2023-12-16,0.3322636125
2023-12-17,0.3306433
2023-12-18,0.3287667625
2023-12-19,0.3281127875
2023-12-20,0.326114175
2023-12-21,0.324563475
2023-12-22,0.32330393749999997
2023-12-23,0.32248395
2023-12-24,0.321555875
2023-12-25,0.320291
2023-12-26,0.3191863875
2023-12-27,0.318129125
2023-12-28,0.316046725
2023-12-29,0.31405255
2023-12-30,0.31210930000000003
2023-12-31,0.3102266375
2024-01-01,0.3086448625
2024-01-02,0.30637468749999996
2024-01-03,0.3047845375
2024-01-04,0.303780125
2024-01-05,0.3023086875
2024-01-06,0.30094604999999996
2024-01-07,0.2991941
2024-01-08,0.297944625
2024-01-09,0.29675
2024-01-10,0.29410043750000003
2024-01-11,0.2920790625
2024-01-12,0.290234
2024-01-13,0.28898115
2024-01-14,0.2877337875
2024-01-15,0.285678875
2024-01-16,0.2846099125
2024-01-17,0.28356565
2024-01-18,0.2819109875
2024-01-19,0.28008917499999997
2024-01-20,0.2774911375
2024-01-21,0.2761877625
2024-01-22,0.2747949875
2024-01-23,0.2713962625
2024-01-24,0.271534725
2024-01-25,0.2714400375
2024-01-26,0.26821265
2024-01-27,0.26607447500000003
2024-01-28,0.265160375
2024-01-29,0.26374878749999997
2024-01-30,0.2625498625
2024-01-31,0.2617664875
2024-02-01,0.2625484125
2024-02-02,0.2654860125
2024-02-03,0.26085975
2024-02-04,0.2585762625
2024-02-05,0.25801633749999997
2024-02-06,0.25635405
2024-02-07,0.2548241
2024-02-08,0.252906325
2024-02-09,0.25155292500000004
2024-02-10,0.250388225
2024-02-11,0.2489163625
2024-02-12,0.24672665
2024-02-13,0.247191025
2024-02-14,0.2460538375
2024-02-15,0.2456877375
2024-02-16,0.2426335625
2024-02-17,0.24158885
2024-02-18,0.2405155
2024-02-19,0.2398112
2024-02-20,0.2383681875
2024-02-21,0.24029525000000002
2024-02-22,0.24373735
2024-02-23,0.2452971
2024-02-24,0.23972805
2024-02-25,0.238010025
2024-02-26,0.2361393625
2024-02-27,0.2350010625
2024-02-28,0.231622825
2024-02-29,0.2303260125
2024-03-01,0.22786705
2024-03-02,0.225647825
2024-03-03,0.220774975
2024-03-04,0.22043095000000001
2024-03-05,0.2195754875
2024-03-06,0.2180572375
2024-03-07,0.2155585875
2024-03-08,0.2146008375
2024-03-09,0.213043775
2024-03-10,0.211590375
2024-03-11,0.2083037875
2024-03-12,0.2068266375
2024-03-13,0.2056231875
2024-03-14,0.2060439625
2024-03-15,0.20532509999999998
2024-03-16,0.203260875
2024-03-17,0.201904775
2024-03-18,0.2005048125
2024-03-19,0.1983521875
2024-03-20,0.1987411625
2024-03-21,0.20033105
2024-03-22,0.1955362375
2024-03-23,0.19557188749999999
2024-03-24,0.2106240125
2024-03-25,0.2135082125
2024-03-26,0.203211825
2024-03-27,0.200755325
2024-03-28,0.203508925
2024-03-29,0.2014207125
2024-03-30,0.198888875
2024-03-31,0.20249230000000001
2024-04-01,0.1999659625
2024-04-02,0.1974479
2024-04-03,0.1951489875
2024-04-04,0.1926090875
2024-04-05,0.19158197500000002
2024-04-06,0.1902867
2024-04-07,0.1900878125
2024-04-08,0.1897497875
2024-04-09,0.1877819875
2024-04-10,0.1868700375
2024-04-11,0.185967925
2024-04-12,0.1840932
2024-04-13,0.1827048
2024-04-14,0.1812120625
2024-04-15,0.1793666
2024-04-16,0.1814214625
2024-04-17,0.1847284875
2024-04-18,0.1851368375
2024-04-19,0.181104975
2024-04-20,0.17716305
2024-04-21,0.17557775
2024-04-22,0.1745079875
2024-04-23,0.1735297875
2024-04-24,0.1721380875
2024-04-25,0.1711116
2024-04-26,0.17000428750000002
2024-04-27,0.169198925
2024-04-28,0.16781413750000002
2024-04-29,0.1672149625
2024-04-30,0.16656893749999999
2024-05-01,0.1654508375
2024-05-02,0.1790176
2024-05-03,0.181504
2024-05-04,0.1794511
2024-05-05,0.1892002875
2024-05-06,0.19670997499999998
2024-05-07,0.2169418875
2024-05-08,0.20565719999999998
2024-05-09,0.1977608875
2024-05-10,0.19475604999999999
2024-05-11,0.20196545
2024-05-12,0.20532781249999998
2024-05-13,0.1982322125
2024-05-14,0.1938810125
2024-05-15,0.1913973875
2024-05-16,0.189459875
2024-05-17,0.18772045
2024-05-18,0.1940477625
2024-05-19,0.1962648125
2024-05-20,0.1964275
2024-05-21,0.19511345
2024-05-22,0.190192925
2024-05-23,0.188829875
2024-05-24,0.1864091625
2024-05-25,0.18935103749999999
2024-05-26,0.203201625
2024-05-27,0.21590115000000001
2024-05-28,0.2589052875
2024-05-29,0.2507764125
2024-05-30,0.240872325
2024-05-31,0.2355516875
2024-06-01,0.231967675
2024-06-02,0.22885402500000002
2024-06-03,0.2302734
2024-06-04,0.2302407
2024-06-05,0.22743845000000001
2024-06-06,0.2270817125
2024-06-07,0.237793275
2024-06-08,0.2517778375
2024-06-09,0.2491631
2024-06-10,0.25412887500000003
2024-06-11,0.26273955
2024-06-12,0.261318025
2024-06-13,0.2819165125
2024-06-14,0.2947201875
2024-06-15,0.288881075
2024-06-16,0.28672651250000003
2024-06-17,0.28178175
2024-06-18,0.284512775
2024-06-19,0.299801025
2024-06-20,0.3090437875
2024-06-21,0.30487485
2024-06-22,0.2997428125
2024-06-23,0.2971255
2024-06-24,0.29466895
2024-06-25,0.2927233
2024-06-26,0.3028353875
2024-06-27,0.314872975
2024-06-28,0.31516679999999997
2024-06-29,0.3204539625
2024-06-30,0.3272088
2024-07-01,0.347395725
2024-07-02,0.3662777625
2024-07-03,0.3652460875
2024-07-04,0.3599006625
2024-07-05,0.359384125
2024-07-06,0.3573303
2024-07-07,0.353956125
2024-07-08,0.3546611375
2024-07-09,0.35499405
2024-07-10,0.3552745375
2024-07-11,0.3561345625
2024-07-12,0.3568041625
2024-07-13,0.35530995
2024-07-14,0.353135675
2024-07-15,0.359182025
2024-07-16,0.35907880000000003
2024-07-17,0.3558457
2024-07-18,0.3575045375
2024-07-19,0.3596717
2024-07-20,0.356438525
2024-07-21,0.3536896375
2024-07-22,0.3531535125
2024-07-23,0.348968975
2024-07-24,0.345844625
2024-07-25,0.344279075
2024-07-26,0.3412136375
2024-07-27,0.34036351249999997
2024-07-28,0.33745025
2024-07-29,0.33440905
2024-07-30,0.3327601375
2024-07-31,0.334997375
2024-08-01,0.3649376875
2024-08-02,0.3918535125
2024-08-03,0.39576917500000003
2024-08-04,0.3914658
2024-08-05,0.3842811625
2024-08-06,0.3828847125
2024-08-07,0.381742125
2024-08-08,0.3823978
2024-08-09,0.381255525
2024-08-10,0.3795293625
2024-08-11,0.3793274375
2024-08-12,0.378850275
2024-08-13,0.3785560125
2024-08-14,0.38009525
2024-08-15,0.37799695
2024-08-16,0.376327725
2024-08-17,0.380701125
2024-08-18,0.3880983875
2024-08-19,0.4102266875
2024-08-20,0.4132316625
2024-08-21,0.420948675
2024-08-22,0.426542175
2024-08-23,0.42317235000000003
2024-08-24,0.41977565
2024-08-25,0.4182071375
2024-08-26,0.4174954125
2024-08-27,0.4158191875
2024-08-28,0.4138793375
2024-08-29,0.4136870375
2024-08-30,0.41107345
2024-08-31,0.40967395
2024-09-01,0.40803948749999996
2024-09-02,0.4094010125
2024-09-03,0.41064195
2024-09-04,0.40654815
2024-09-05,0.4049289875
2024-09-06,0.4046982125
2024-09-07,0.404762825
2024-09-08,0.4017958875
2024-09-09,0.397327225
2024-09-10,0.3935571875
2024-09-11,0.39487266249999997
2024-09-12,0.39571881249999996
2024-09-13,0.392546025
2024-09-14,0.4051200125
2024-09-15,0.4091438625
2024-09-16,0.4062228125
2024-09-17,0.4016556
2024-09-18,0.398063575
2024-09-19,0.3947616
2024-09-20,0.3927666625
2024-09-21,0.3933808625
2024-09-22,0.391280025
2024-09-23,0.3954357625
2024-09-24,0.4007984375
2024-09-25,0.404396125
2024-09-26,0.4049584375
2024-09-27,0.4017086875
2024-09-28,0.3978695875
2024-09-29,0.3957015
2024-09-30,0.3943114375
2024-10-01,0.394101725
2024-10-02,0.3959217
2024-10-03,0.403276025
2024-10-04,0.40547845
2024-10-05,0.4113280875
2024-10-06,0.408226575
2024-10-07,0.405143775
2024-10-08,0.401644925
2024-10-09,0.4005719125
2024-10-10,0.40159778749999997
2024-10-11,0.398483425
2024-10-12,0.3967318875
2024-10-13,0.3936139375
2024-10-14,0.3908211
2024-10-15,0.3881841125
2024-10-16,0.385017925
2024-10-17,0.382133675
2024-10-18,0.3790618375
2024-10-19,0.3769848125
2024-10-20,0.37445845
2024-10-21,0.370369725
2024-10-22,0.3687308375
2024-10-23,0.3697027875
2024-10-24,0.3712065875
2024-10-25,0.369593725
2024-10-26,0.3672107875
2024-10-27,0.363177325
2024-10-28,0.3600326
2024-10-29,0.3581326125
2024-10-30,0.3554334875
2024-10-31,0.3534101
2024-11-01,0.348818625
2024-11-02,0.346961625
2024-11-03,0.34541675
2024-11-04,0.343201275
2024-11-05,0.34825585000000003
2024-11-06,0.3621466875
2024-11-07,0.354428625
2024-11-08,0.34962105
2024-11-09,0.34662831250000004
2024-11-10,0.3433912375
2024-11-11,0.3410220375
2024-11-12,0.33887335
2024-11-13,0.3366457625
2024-11-14,0.3321234125
2024-11-15,0.32975699999999997
2024-11-16,0.32770245
2024-11-17,0.324465025
2024-11-18,0.322058375
2024-11-19,0.319078475
2024-11-20,0.31602176249999997
2024-11-21,0.3133743875
2024-11-22,0.312691275
2024-11-23,0.3108972875
2024-11-24,0.3091349125
2024-11-25,0.3059781
2024-11-26,0.3046593125
2024-11-27,0.3032708125
2024-11-28,0.3003309875
2024-11-29,0.2980583375
2024-11-30,0.2990081625
2024-12-01,0.300137725
2024-12-02,0.2976375625
2024-12-03,0.294081325
2024-12-04,0.29249075
2024-12-05,0.291730575
2024-12-06,0.2894220375
2024-12-07,0.2871047375
2024-12-08,0.2861982625
2024-12-09,0.284309
2024-12-10,0.2825512625
2024-12-11,0.2815733
2024-12-12,0.2800452125
2024-12-13,0.2788367375
2024-12-14,0.278172975
2024-12-15,0.2771435625
2024-12-16,0.2742814125
2024-12-17,0.2733180375
2024-12-18,0.2722186625
2024-12-19,0.2706803
2024-12-20,0.27371602500000003
2024-12-21,0.2845661375
2024-12-22,0.2802413125
2024-12-23,0.271755525
2024-12-24,0.268406675
2024-12-25,0.268051275
2024-12-26,0.266849
2024-12-27,0.266187725
2024-12-28,0.264603375
2024-12-29,0.263429975
2024-12-30,0.2601706125
2024-12-31,0.25746421249999996
2025-01-01,0.2563598875
2025-01-02,0.256102925
2025-01-03,0.2559015625
2025-01-04,0.2543143625
2025-01-05,0.253189675
2025-01-06,0.252733075
2025-01-07,0.24968783749999998
2025-01-08,0.2471962
2025-01-09,0.24740835
2025-01-10,0.2467958375
2025-01-11,0.2457777875
2025-01-12,0.2427705875
2025-01-13,0.24201385
2025-01-14,0.24139188749999999
2025-01-15,0.2386958625
2025-01-16,0.23605675
2025-01-17,0.235787225
2025-01-18,0.235236825
2025-01-19,0.234549675
2025-01-20,0.2329686375
2025-01-21,0.23274424999999999
2025-01-22,0.2337857625
2025-01-23,0.2337517125
2025-01-24,0.2334619375
2025-01-25,0.23285287500000001
2025-01-26,0.23160035
2025-01-27,0.23044385
2025-01-28,0.2291706375
2025-01-29,0.22809505
2025-01-30,0.228728925
2025-01-31,0.2281481875
2025-02-01,0.227805025
2025-02-02,0.2270562625
2025-02-03,0.2259691375
2025-02-04,0.2247874375
2025-02-05,0.22356535
2025-02-06,0.222352175
2025-02-07,0.222167
2025-02-08,0.219322625
2025-02-09,0.2170551875
2025-02-10,0.2175859375
2025-02-11,0.217097425
2025-02-12,0.216632
2025-02-13,0.21480245
2025-02-14,0.2134615375
2025-02-15,0.2132573
2025-02-16,0.2115589875
2025-02-17,0.2100944875
2025-02-18,0.2097029875
2025-02-19,0.2093646125
2025-02-20,0.20887211249999998
2025-02-21,0.2048267
2025-02-22,0.2042244625
2025-02-23,0.20525337500000002
2025-02-24,0.20350332499999998
2025-02-25,0.2015715375
2025-02-26,0.20014065
2025-02-27,0.1992221625
2025-02-28,0.1984177
2025-03-01,0.19707615
2025-03-02,0.1959120875
2025-03-03,0.1951502
2025-03-04,0.193615075
2025-03-05,0.192096475
2025-03-06,0.1907550875
2025-03-07,0.18932885
2025-03-08,0.18793955
2025-03-09,0.1868467875
2025-03-10,0.1856584875
2025-03-11,0.1850118875
2025-03-12,0.1840899375
2025-03-13,0.183295275
2025-03-14,0.1821815625
2025-03-15,0.1815554125
2025-03-16,0.18120225
2025-03-17,0.1780962375
2025-03-18,0.1777675625
2025-03-19,0.1771653625
2025-03-20,0.175656875
2025-03-21,0.1757330875
2025-03-22,0.17475515
2025-03-23,0.1736598875
2025-03-24,0.17235548750000002
2025-03-25,0.1711694
2025-03-26,0.1703699375
2025-03-27,0.1698599125
2025-03-28,0.1688362875
2025-03-29,0.167821625
2025-03-30,0.1672743625
2025-03-31,0.1661785375
2025-04-01,0.165331725
2025-04-02,0.1643212
2025-04-03,0.1636961625
2025-04-04,0.163453975
2025-04-05,0.1628458875
2025-04-06,0.16236535
2025-04-07,0.16083635
2025-04-08,0.1606316
2025-04-09,0.1602083
2025-04-10,0.1592986
2025-04-11,0.1582262125
2025-04-12,0.157387475
2025-04-13,0.1566896125
2025-04-14,0.1560162
2025-04-15,0.15521815
2025-04-16,0.15629071249999998
2025-04-17,0.1599329875
2025-04-18,0.1629443
2025-04-19,0.1635535125
2025-04-20,0.1636649
2025-04-21,0.16489555
2025-04-22,0.162931825
2025-04-23,0.161621175
2025-04-24,0.1601000875
2025-04-25,0.1587321
2025-04-26,0.15792219999999998
2025-04-27,0.1580846875
2025-04-28,0.164601625
2025-04-29,0.1707728125
2025-04-30,0.160955625
2025-05-01,0.15895575
2025-05-02,0.15936025
2025-05-03,0.1579855
2025-05-04,0.159002175
2025-05-05,0.1596883
2025-05-06,0.1601333125
2025-05-07,0.160142475
2025-05-08,0.1575462625
2025-05-09,0.1571339625
2025-05-10,0.1573341625
2025-05-11,0.160251975
2025-05-12,0.16691865
2025-05-13,0.1640774375
2025-05-14,0.1666584875
2025-05-15,0.1687864375
2025-05-16,0.1690242625
2025-05-17,0.1714617625
2025-05-18,0.180403575
2025-05-19,0.180538275
2025-05-20,0.18692995
2025-05-21,0.195061875
2025-05-22,0.2033552625
2025-05-23,0.19834195
2025-05-24,0.196513375
2025-05-25,0.1967433
2025-05-26,0.2003298125
2025-05-27,0.2062756
2025-05-28,0.2008940875
2025-05-29,0.23085655
2025-05-30,0.25772744999999997
2025-05-31,0.2553902625
2025-06-01,0.2636677625
2025-06-02,0.2747657375
2025-06-03,0.269656975
2025-06-04,0.2722306625
2025-06-05,0.263711875
2025-06-06,0.26127805
2025-06-07,0.26208685
2025-06-08,0.2581029125
2025-06-09,0.25434524999999997
2025-06-10,0.26101684999999997
2025-06-11,0.273512225
2025-06-12,0.268801425
2025-06-13,0.2650022875
2025-06-14,0.2640876875
2025-06-15,0.2635414
2025-06-16,0.2616182625
2025-06-17,0.26936957499999997
2025-06-18,0.27731941250000003
2025-06-19,0.278945
2025-06-20,0.276143775
2025-06-21,0.2734529
2025-06-22,0.2712272625
2025-06-23,0.2708390625
2025-06-24,0.269382625
2025-06-25,0.2687228375
2025-06-26,0.263968
2025-06-27,0.2635346375
2025-06-28,0.2609326125
2025-06-29,0.2573518125
2025-06-30,0.25578205
2025-07-01,0.25919425
2025-07-02,0.2578781625
2025-07-03,0.25415715
2025-07-04,0.2521407375
2025-07-05,0.251496275
2025-07-06,0.25075775
2025-07-07,0.256413875
2025-07-08,0.2987008875
2025-07-09,0.3308642625
2025-07-10,0.3367106625
2025-07-11,0.3338958625
2025-07-12,0.33565754999999997
2025-07-13,0.34674035000000003
2025-07-14,0.3617680375
2025-07-15,0.3566323
2025-07-16,0.3575713375
2025-07-17,0.36234187500000004
2025-07-18,0.3640998125
2025-07-19,0.36064865
2025-07-20,0.364128875
2025-07-21,0.367049475
2025-07-22,0.371554625
2025-07-23,0.3729357875
2025-07-24,0.392901475
2025-07-25,0.3929178375
2025-07-26,0.38907542500000003
2025-07-27,0.3900951125
2025-07-28,0.38917295
2025-07-29,0.38810290000000003
2025-07-30,0.385863075
2025-07-31,0.3852909
2025-08-01,0.3834132
2025-08-02,0.38159797500000003
2025-08-03,0.3807344875
2025-08-04,0.3828119
2025-08-05,0.387514325
2025-08-06,0.386726725
2025-08-07,0.3860384375
2025-08-08,0.3840167
2025-08-09,0.38141251249999997
2025-08-10,0.378576325
2025-08-11,0.3750402875
2025-08-12,0.374724875
2025-08-13,0.38776575
2025-08-14,0.386393825
2025-08-15,0.3845157375
2025-08-16,0.3912677
2025-08-17,0.3939978375
2025-08-18,0.3916073375
2025-08-19,0.3881187625
2025-08-20,0.3849934875
2025-08-21,0.38444685
2025-08-22,0.38229155
2025-08-23,0.38198745
2025-08-24,0.380473725
2025-08-25,0.3778161125
2025-08-26,0.3760023
2025-08-27,0.37257885
2025-08-28,0.3694296875
2025-08-29,0.36785795
2025-08-30,0.3683600375
2025-08-31,0.36888896250000003
2025-09-01,0.363972675
2025-09-02,0.362194925
2025-09-03,0.36043175
2025-09-04,0.3599699
2025-09-05,0.35752875
2025-09-06,0.364073975
2025-09-07,0.37760618749999997
2025-09-08,0.3712542
2025-09-09,0.3673239125
2025-09-10,0.3669661125
2025-09-11,0.3683966875
2025-09-12,0.3726730875
2025-09-13,0.3724076875
2025-09-14,0.3736694
2025-09-15,0.374634375
2025-09-16,0.37488272499999997
2025-09-17,0.3721603
2025-09-18,0.368785725
2025-09-19,0.3694511125
2025-09-20,0.37238465
2025-09-21,0.370812775
2025-09-22,0.3857758375
2025-09-23,0.3792988125
2025-09-24,0.378706125
2025-09-25,0.3815524625
2025-09-26,0.3786110375
2025-09-27,0.376415125
2025-09-28,0.3767472375
2025-09-29,0.3748161875
2025-09-30,0.3792748125
2025-10-01,0.3903741375
2025-10-02,0.390039025
2025-10-03,0.3873466625
2025-10-04,0.38304945
2025-10-05,0.3802170375
2025-10-06,0.37741165
2025-10-07,0.3754166625
2025-10-08,0.3749712125
2025-10-09,0.3741849125
2025-10-10,0.3744164375
2025-10-11,0.3763952125
2025-10-12,0.375887525
2025-10-13,0.3713080125
2025-10-14,0.3667400375
2025-10-15,0.3629962625
2025-10-16,0.3592139
2025-10-17,0.3567316
2025-10-18,0.35419405
2025-10-19,0.3497403
2025-10-20,0.34637875
2025-10-21,0.3430367875
2025-10-22,0.3386494875
2025-10-23,0.3348858125
2025-10-24,0.3313426125
2025-10-25,0.3289061125
2025-10-26,0.3264418375
2025-10-27,0.3224870375
2025-10-28,0.319268375
2025-10-29,0.316563975
2025-10-30,0.31570872499999997
2025-10-31,0.3147146
2025-11-01,0.3120202125
2025-11-02,0.3252544375
2025-11-03,0.3197076625
2025-11-04,0.3113995375
2025-11-05,0.3106277125
2025-11-06,0.3085588875
2025-11-07,0.30517315
2025-11-08,0.3019958
2025-11-09,0.2998046875
2025-11-10,0.29789245
2025-11-11,0.2958921875
2025-11-12,0.292778775
2025-11-13,0.29053015
2025-11-14,0.2889848
2025-11-15,0.2875261375
2025-11-16,0.2859335625
2025-11-17,0.28314595
2025-11-18,0.28179350000000003
2025-11-19,0.2801519375
2025-11-20,0.2784921875
2025-11-21,0.2763200875
2025-11-22,0.2746561625
2025-11-23,0.2725392
2025-11-24,0.2704667
2025-11-25,0.2696907125
2025-11-26,0.2679029375
2025-11-27,0.266094425
2025-11-28,0.2637931875
2025-11-29,0.2628323875
2025-11-30,0.262695575
2025-12-01,0.260344425
2025-12-02,0.258598775
2025-12-03,0.2576595125
2025-12-04,0.2568566
2025-12-05,0.2557766125
2025-12-06,0.25328513750000003
2025-12-07,0.2523806375
2025-12-08,0.2523965125
2025-12-09,0.2503021625
2025-12-10,0.24822075
2025-12-11,0.2482664625
2025-12-12,0.2464902
2025-12-13,0.2448802625
2025-12-14,0.24329875
2025-12-15,0.2420609875
2025-12-16,0.2413615125
2025-12-17,0.239779025
2025-12-18,0.2381684125
2025-12-19,0.2369955625
2025-12-20,0.236693425
2025-12-21,0.23602295
2025-12-22,0.2328942
2025-12-23,0.232030375
2025-12-24,0.233019525
2025-12-25,0.2313913875
2025-12-26,0.2297528875
2025-12-27,0.2283215625
2025-12-28,0.2276775
2025-12-29,0.226657025
2025-12-30,0.2259215125
2025-12-31,0.225046775
2026-01-01,0.2250854875
2026-01-02,0.2245636125
2026-01-03,0.22405295
2026-01-04,0.222984875
2026-01-05,0.222048725
2026-01-06,0.22112085
2026-01-07,0.2185543
2026-01-08,0.218003925
2026-01-09,0.2177857875
2026-01-10,0.215704975
2026-01-11,0.21411934999999999
2026-01-12,0.2139391125
2026-01-13,0.2131634125
2026-01-14,0.2122995625
2026-01-15,0.210711275
2026-01-16,0.2098255
2026-01-17,0.2088432125
2026-01-18,0.20810857500000002
2026-01-19,0.20732335
2026-01-20,0.207464325
2026-01-21,0.2067687125
2026-01-22,0.2061143625
2026-01-23,0.205566325
2026-01-24,0.2049573125
2026-01-25,0.206228675
2026-01-26,0.204859775
2026-01-27,0.2036714
2026-01-28,0.2041743125
2026-01-29,0.20354896249999999
2026-01-30,0.202959225
2026-01-31,0.201140925
2026-02-01,0.2010837875
2026-02-02,0.2030615375
2026-02-03,0.201609325
2026-02-04,0.2004484125
2026-02-05,0.201549675
2026-02-06,0.2004297
2026-02-07,0.199556175
2026-02-08,0.19908755
2026-02-09,0.1987191375
2026-02-10,0.1990404375
2026-02-11,0.19806717499999998
2026-02-12,0.1968856875
2026-02-13,0.1968473125
2026-02-14,0.1956727875
2026-02-15,0.19452295
2026-02-16,0.194771725
2026-02-17,0.1943448625
2026-02-18,0.1953753875
2026-02-19,0.1939363125
2026-02-20,0.192626525
2026-02-21,0.19218079999999998
2026-02-22,0.19197885
2026-02-23,0.1919282375
2026-02-24,0.1906338875
2026-02-25,0.1902374625
2026-02-26,0.191066975
2026-02-27,0.189539825
2026-02-28,0.1880781125
2026-03-01,0.18833363749999998
2026-03-02,0.1873724625
2026-03-03,0.1862319875
2026-03-04,0.1842750375
2026-03-05,0.1833379125
2026-03-06,0.1845437625
2026-03-07,0.182521975
2026-03-08,0.1808898375
2026-03-09,0.1802980625
2026-03-10,0.17951876249999998
2026-03-11,0.1787544
2026-03-12,0.1769208
2026-03-13,0.1799082
2026-03-14,0.17714615
2026-03-15,0.1759438875
2026-03-16,0.1752475125
2026-03-17,0.174465275
2026-03-18,0.186881525
2026-03-19,0.2055912
2026-03-20,0.1901741125
2026-03-21,0.1932269125
2026-03-22,0.1860541875
2026-03-23,0.1831026
2026-03-24,0.180533775
2026-03-25,0.1807885625
2026-03-26,0.1809620375
2026-03-27,0.1790848625
2026-03-28,0.178638925
2026-03-29,0.1775096875
2026-03-30,0.1773152625
2026-03-31,0.1805035
2026-04-01,0.183926325
2026-04-02,0.179491725
2026-04-03,0.17714685
2026-04-04,0.1757368625
2026-04-05,0.1740989125
2026-04-06,0.1737002
2026-04-07,0.17561013749999999
2026-04-08,0.17546272499999999
2026-04-09,0.1785134375
2026-04-10,0.1767081875
2026-04-11,0.1746499875
2026-04-12,0.173063525
2026-04-13,0.1715641625
2026-04-14,0.17020261250000002
2026-04-15,0.169664775
2026-04-16,0.1690630125
2026-04-17,0.168510825
2026-04-18,0.16904463749999998
2026-04-19,0.1696132375
2026-04-20,0.1669280625
2026-04-21,0.1649916375
2026-04-22,0.164346125
2026-04-23,0.1635934375
2026-04-24,0.1625837
2026-04-25,0.16178345
2026-04-26,0.168133275
2026-04-27,0.1833227125
2026-04-28,0.1816662125
2026-04-29,0.1881233625
2026-04-30,0.1895846
2026-05-01,0.1870871375
2026-05-02,0.1866910375
2026-05-03,0.189899975
2026-05-04,0.19551427500000002
2026-05-05,0.19597648750000002
2026-05-06,0.1982345
2026-05-07,0.1963876
2026-05-08,0.19341015
2026-05-09,0.1926081875
2026-05-10,0.1936165125
2026-05-11,0.1976482
2026-05-12,0.1943219875
2026-05-13,0.19410555000000002
2026-05-14,0.201438625
2026-05-15,0.2067044625
2026-05-16,0.2086356125
2026-05-17,0.2096181
2026-05-18,0.20954040000000002
2026-05-19,0.2071968625
2026-05-20,0.205753075
2026-05-21,0.20649355
2026-05-22,0.2081719
2026-05-23,0.205954625
2026-05-24,0.2069146625
2026-05-25,0.22814645
2026-05-26,0.24683615
2026-05-27,0.2475073875
2026-05-28,0.2449075125
2026-05-29,0.2396883125
2026-05-30,0.2356755625
2026-05-31,0.23098435
2026-06-01,0.23115655
2026-06-02,0.23609360000000001
2026-06-03,0.23124543749999998
2026-06-04,0.2278845625
2026-06-05,0.229594775
2026-06-06,0.2333989125
2026-06-07,0.23095693750000001
2026-06-08,0.2274799625
2026-06-09,0.2311104
2026-06-10,0.238288725
2026-06-11,0.2428864375
2026-06-12,0.2492818875
2026-06-13,0.2569385875
2026-06-14,0.25839650000000003
2026-06-15,0.258500525
2026-06-16,0.2631715875
2026-06-17,0.260951675
2026-06-18,0.2590608
2026-06-19,0.254783725
2026-06-20,0.25163165
2026-06-21,0.2540905375
2026-06-22,0.2574808125
2026-06-23,0.2559383125
2026-06-24,0.25382543750000003
2026-06-25,0.25238832499999997
2026-06-26,0.2504184875
2026-06-27,0.2471232
2026-06-28,0.2454662625
2026-06-29,0.247331
2026-06-30,0.245906375
2026-07-01,0.2449705375
2026-07-02,0.2440640375
2026-07-03,0.24694577499999998
2026-07-04,0.253172825
2026-07-05,0.2529204
2026-07-06,0.24828265
2026-07-07,0.254652125
2026-07-08,0.26756605
2026-07-09,0.2841535625
2026-07-10,0.2867222625
2026-07-11,0.2850453125
2026-07-12,0.2934673
2026-07-13,0.3087611625
2026-07-14,0.3011505125
2026-07-15,0.3041606375
2026-07-16,0.303796675
2026-07-17,0.3065208625
2026-07-18,0.3045347
2026-07-19,0.306441025
2026-07-20,0.3108669
2026-07-21,0.30901707500000003
2026-07-22,0.3099937625
2026-07-23,0.3160876125
2026-07-24,0.3136103625
2026-07-25,0.3096701125
2026-07-26,0.3059467125
2026-07-27,0.3064715375
2026-07-28,0.3066624625
2026-07-29,0.310741525
2026-07-30,0.3158306375
2026-07-31,0.3146890875
2026-08-01,0.313373425
2026-08-02,0.3122353375
2026-08-03,0.312072175
2026-08-04,0.316390675
2026-08-05,0.3226148875
2026-08-06,0.3341925375
2026-08-07,0.3302650375
2026-08-08,0.3317074
2026-08-09,0.328801475
2026-08-10,0.3357709625
2026-08-11,0.342151275
2026-08-12,0.3400709125
2026-08-13,0.3354086125
2026-08-14,0.3321114
2026-08-15,0.3297800125
2026-08-16,0.3320148125
2026-08-17,0.3369092875
2026-08-18,0.339325475
2026-08-19,0.3360209125
2026-08-20,0.334256675
2026-08-21,0.336511775
2026-08-22,0.3508161
2026-08-23,0.35649255
2026-08-24,0.3505595375
2026-08-25,0.348667075
2026-08-26,0.346257
2026-08-27,0.3470173875
2026-08-28,0.351991375
2026-08-29,0.353651
2026-08-30,0.34852035
2026-08-31,0.3461094125
2026-09-01,0.3459074125
2026-09-02,0.3453709875
2026-09-03,0.3464012125
2026-09-04,0.3437428875
2026-09-05,0.3425692375
2026-09-06,0.34417688750000003
2026-09-07,0.34258685
2026-09-08,0.34188348749999997
2026-09-09,0.342559225
2026-09-10,0.3392582125
2026-09-11,0.3373459125
2026-09-12,0.3336898
2026-09-13,0.33075822499999996
2026-09-14,0.3277654
2026-09-15,0.32273904999999997
2026-09-16,0.32070611250000003
2026-09-17,0.31962055
2026-09-18,0.3172372625
2026-09-19,0.318016125
2026-09-20,0.3346922125
