date,sm_rootzone
2015-03-31,0.160091675
2015-04-01,0.16664515
2015-04-02,0.1912229
2015-04-03,0.204497475
2015-04-04,0.2061257125
2015-04-05,0.226626525
2015-04-06,0.2488875625
2015-04-07,0.2430794375
2015-04-08,0.2340639
2015-04-09,0.229870175
2015-04-10,0.22534115
2015-04-11,0.22354755
2015-04-12,0.2270267375
2015-04-13,0.226316875
2015-04-14,0.2217377625
2015-04-15,0.2189241125
2015-04-16,0.2172514625
2015-04-17,0.214769125
2015-04-18,0.216035175
2015-04-19,0.2111839875
2015-04-20,0.21494188749999998
2015-04-21,0.21517796250000001
2015-04-22,0.2190832625
2015-04-23,0.22071015
2015-04-24,0.2191844
2015-04-25,0.2204172625
2015-04-26,0.2219886625
2015-04-27,0.2240582875
2015-04-28,0.2231002375
2015-04-29,0.22112199999999999
2015-04-30,0.22020699999999999
2015-05-01,0.22169535
2015-05-02,0.2201930625
2015-05-03,0.2209513375
2015-05-04,0.2182649625
2015-05-05,0.2155402125
2015-05-06,0.2133267
2015-05-07,0.2164284125
2015-05-08,0.230026
2015-05-09,0.227558525
2015-05-10,0.236159425
2015-05-11,0.251340975
2015-05-12,0.2599034375
2015-05-13,0.258770025
2015-05-14,0.25231926250000003
2015-05-15,0.26400405
2015-05-16,0.289426275
2015-05-17,0.285222275
2015-05-18,0.2826964625
2015-05-19,0.2791635375
2015-05-20,0.27518963750000003
2015-05-21,0.27287015
2015-05-22,0.274570775
2015-05-23,0.2827875625
2015-05-24,0.284029525
2015-05-25,0.27989346249999997
2015-05-26,0.280582875
2015-05-27,0.2883832375
2015-05-28,0.2982319875
2015-05-29,0.3016080125
2015-05-30,0.3096337375
2015-05-31,0.3070391
2015-06-01,0.3019939125
2015-06-02,0.3028755625
2015-06-03,0.304171125
2015-06-04,0.2996164
2015-06-05,0.2951204375
2015-06-06,0.2918838375
2015-06-07,0.28791125
2015-06-08,0.2849430125
2015-06-09,0.2818356625
2015-06-10,0.2963954
2015-06-11,0.335628775
2015-06-12,0.3748966375
2015-06-13,0.3847962
2015-06-14,0.3867466125
2015-06-15,0.387866975
2015-06-16,0.389936225
2015-06-17,0.3858568125
2015-06-18,0.3829280125
2015-06-19,0.3820414125
2015-06-20,0.3847593125
2015-06-21,0.38299733750000003
2015-06-22,0.3876797125
2015-06-23,0.3912876
2015-06-24,0.3909451375
2015-06-25,0.3909630875
2015-06-26,0.3898319125
2015-06-27,0.387701525
2015-06-28,0.3845901625
2015-06-29,0.3803927875
2015-06-30,0.3761211125
2015-07-01,0.371829475
2015-07-02,0.3689924
2015-07-03,0.3674229
2015-07-04,0.3637589
2015-07-05,0.3634454875
2015-07-06,0.3704471875
2015-07-07,0.381851625
2015-07-08,0.3955148875
2015-07-09,0.3998875625
2015-07-10,0.400949
2015-07-11,0.3997385375
2015-07-12,0.3958642625
2015-07-13,0.3924463
2015-07-14,0.394137525
2015-07-15,0.399139425
2015-07-16,0.4067530875
2015-07-17,0.412423925
2015-07-18,0.4144149375
2015-07-19,0.418226125
2015-07-20,0.4194879875
2015-07-21,0.4179180875
2015-07-22,0.415050425
2015-07-23,0.41248901250000003
2015-07-24,0.4136185875
2015-07-25,0.413784375
2015-07-26,0.4133248375
2015-07-27,0.415692
2015-07-28,0.413322675
2015-07-29,0.4102798
2015-07-30,0.4095207125
2015-07-31,0.4122889625
2015-08-01,0.4125274
2015-08-02,0.41060755
2015-08-03,0.40791565
2015-08-04,0.4080835
2015-08-05,0.406824975
2015-08-06,0.40369315
2015-08-07,0.40149976249999997
2015-08-08,0.4040186375
2015-08-09,0.4015577
2015-08-10,0.4010263875
2015-08-11,0.398532675
2015-08-12,0.3960326875
2015-08-13,0.3946179
2015-08-14,0.392115325
2015-08-15,0.38930244999999997
2015-08-16,0.3874348375
2015-08-17,0.3863996625
2015-08-18,0.3920759875
2015-08-19,0.4007257
2015-08-20,0.40850101250000004
2015-08-21,0.4150131
2015-08-22,0.4099435375
2015-08-23,0.4075668375
2015-08-24,0.4086210875
2015-08-25,0.408161375
2015-08-26,0.40861166250000003
2015-08-27,0.4088096375
2015-08-28,0.40582111249999997
2015-08-29,0.403413075
2015-08-30,0.4054919
2015-08-31,0.411740525
2015-09-01,0.4155897625
2015-09-02,0.413071875
2015-09-03,0.4115902625
2015-09-04,0.4103018875
2015-09-05,0.4094240625
2015-09-06,0.40688805
2015-09-07,0.4060184375
2015-09-08,0.4037752375
2015-09-09,0.4046701
2015-09-10,0.4085053125
2015-09-11,0.4075530375
2015-09-12,0.40651098750000003
2015-09-13,0.4069092
2015-09-14,0.40859544999999997
2015-09-15,0.4062546875
2015-09-16,0.40200305000000003
2015-09-17,0.399281525
2015-09-18,0.4012375875
2015-09-19,0.400653775
2015-09-20,0.401231675
2015-09-21,0.4033239375
2015-09-22,0.40281646249999997
2015-09-23,0.4033319
2015-09-24,0.4012816625
2015-09-25,0.3977193875
2015-09-26,0.39423023749999997
2015-09-27,0.3910698125
2015-09-28,0.3879197375
2015-09-29,0.3851922875
2015-09-30,0.38220535
2015-10-01,0.3797718375
2015-10-02,0.3779122375
2015-10-03,0.37653749999999997
2015-10-04,0.3747701875
2015-10-05,0.3750909
2015-10-06,0.3774672625
2015-10-07,0.3808916875
2015-10-08,0.383399275
2015-10-09,0.3809530625
2015-10-10,0.3772259
2015-10-11,0.3741781375
2015-10-12,0.3723819375
2015-10-13,0.3727834875
2015-10-14,0.370193275
2015-10-15,0.3675642875
2015-10-16,0.364628775
2015-10-17,0.361628525
2015-10-18,0.3588051
2015-10-19,0.355590625
2015-10-20,0.3523274375
2015-10-21,0.349191125
2015-10-22,0.3460877875
2015-10-23,0.3436929125
2015-10-24,0.34096692500000003
2015-10-25,0.3379441875
2015-10-26,0.3349661375
2015-10-27,0.3324517375
2015-10-28,0.330289025
2015-10-29,0.3285978125
2015-10-30,0.3266355875
2015-10-31,0.3313337875
2015-11-01,0.3307626
2015-11-02,0.327702125
2015-11-03,0.3246276125
2015-11-04,0.32194415
2015-11-05,0.319250825
2015-11-06,0.316815425
2015-11-07,0.3141495875
2015-11-08,0.311324825
2015-11-09,0.30894205
2015-11-10,0.3066569625
2015-11-11,0.3043386125
2015-11-12,0.3020391375
2015-11-13,0.2997645375
2015-11-14,0.2976386375
2015-11-15,0.29551985000000003
2015-11-16,0.29347168749999997
2015-11-17,0.29213137499999997
2015-11-18,0.29159976249999997
2015-11-19,0.2898718125
2015-11-20,0.2875589625
2015-11-21,0.2852102125
2015-11-22,0.282868325
2015-11-23,0.280499425
2015-11-24,0.2783480625
2015-11-25,0.27633487500000004
2015-11-26,0.27448656250000003
2015-11-27,0.2729015
2015-11-28,0.270986
2015-11-29,0.2690129875
2015-11-30,0.267145125
2015-12-01,0.2654845875
2015-12-02,0.2642765125
2015-12-03,0.2633326875
2015-12-04,0.262432625
2015-12-05,0.2606472375
2015-12-06,0.2595757375
2015-12-07,0.258766975
2015-12-08,0.257575975
2015-12-09,0.25583802499999997
2015-12-10,0.254831925
2015-12-11,0.2533744125
2015-12-12,0.2521530625
2015-12-13,0.2508661
2015-12-14,0.2499663375
2015-12-15,0.2487310375
2015-12-16,0.24736350000000001
2015-12-17,0.2461071875
2015-12-18,0.24545192500000002
2015-12-19,0.24452025
2015-12-20,0.2433716
2015-12-21,0.2426309875
2015-12-22,0.2414904625
2015-12-23,0.2402407
2015-12-24,0.2389518125
2015-12-25,0.2379739125
2015-12-26,0.236834925
2015-12-27,0.23550305
2015-12-28,0.234384575
2015-12-29,0.233611575
2015-12-30,0.233160025
2015-12-31,0.232722875
2016-01-01,0.2316850625
2016-01-02,0.2302182125
2016-01-03,0.2289361
2016-01-04,0.2281058375
2016-01-05,0.2272450875
2016-01-06,0.2262257375
2016-01-07,0.2257587875
2016-01-08,0.225330175
2016-01-09,0.22435175
2016-01-10,0.22358705
2016-01-11,0.222559225
2016-01-12,0.221630725
2016-01-13,0.2209417625
2016-01-14,0.2208766375
2016-01-15,0.2199363
2016-01-16,0.2190850875
2016-01-17,0.218253625
2016-01-18,0.217013325
2016-01-19,0.2157179
2016-01-20,0.2165215
2016-01-21,0.2179932875
2016-01-22,0.217008675
2016-01-23,0.2165272625
2016-01-24,0.2159302625
2016-01-25,0.214569275
2016-01-26,0.213436175
2016-01-27,0.2123529
2016-01-28,0.2117589
2016-01-29,0.211265975
2016-01-30,0.21033517499999999
2016-01-31,0.2102544875
2016-02-01,0.210065175
2016-02-02,0.209038775
2016-02-03,0.2080995625
2016-02-04,0.207076925
2016-02-05,0.2058727375
2016-02-06,0.20484144999999998
2016-02-07,0.2041818875
2016-02-08,0.20316167499999999
2016-02-09,0.20276278749999999
2016-02-10,0.2052914375
2016-02-11,0.2054703875
2016-02-12,0.20636451249999999
2016-02-13,0.205678625
2016-02-14,0.2047882
2016-02-15,0.20416913750000001
2016-02-16,0.2031354875
2016-02-17,0.202127825
2016-02-18,0.2028206625
2016-02-19,0.2022931875
2016-02-20,0.2018904625
2016-02-21,0.199730875
2016-02-22,0.197792925
2016-02-23,0.19623888750000001
2016-02-24,0.20753475
2016-02-25,0.2109666875
2016-02-26,0.2076536
2016-02-27,0.20649338750000001
2016-02-28,0.2041798
2016-02-29,0.20206715
2016-03-01,0.20003285
2016-03-02,0.1980540875
2016-03-03,0.196313625
2016-03-04,0.1944662375
2016-03-05,0.1928914875
2016-03-06,0.1920942625
2016-03-07,0.1936398125
2016-03-08,0.1913919125
2016-03-09,0.1893852375
2016-03-10,0.1875693375
2016-03-11,0.18609553750000002
2016-03-12,0.18474755
2016-03-13,0.1827214375
2016-03-14,0.1811948125
2016-03-15,0.17961302499999998
2016-03-16,0.1788506125
2016-03-17,0.1775250375
2016-03-18,0.1761865625
2016-03-19,0.1761435
2016-03-20,0.175209225
2016-03-21,0.17408362500000002
2016-03-22,0.1731909875
2016-03-23,0.17225895
2016-03-24,0.1710087875
2016-03-25,0.16968645
2016-03-26,0.168437975
2016-03-27,0.1672691375
2016-03-28,0.1716888375
2016-03-29,0.1853546375
2016-03-30,0.20317045
2016-03-31,0.21728445000000002
2016-04-01,0.2295520375
2016-04-02,0.2243157375
2016-04-03,0.2427724875
2016-04-04,0.275740925
2016-04-05,0.27110429999999996
2016-04-06,0.26181326250000003
2016-04-07,0.255140525
2016-04-08,0.2499042625
2016-04-09,0.24528226250000001
2016-04-10,0.24103185
2016-04-11,0.2375265625
2016-04-12,0.2334463125
2016-04-13,0.22948175
2016-04-14,0.233282225
2016-04-15,0.2432554125
2016-04-16,0.2520096625
2016-04-17,0.262530625
2016-04-18,0.2583847875
2016-04-19,0.251895825
2016-04-20,0.2458491625
2016-04-21,0.2406808125
2016-04-22,0.2368478375
2016-04-23,0.2325554375
2016-04-24,0.22876195
2016-04-25,0.2253999375
2016-04-26,0.2221092125
2016-04-27,0.220248325
2016-04-28,0.219013575
2016-04-29,0.21621988749999999
2016-04-30,0.21417455
2016-05-01,0.2154316
2016-05-02,0.225243225
2016-05-03,0.2327191
2016-05-04,0.238399325
2016-05-05,0.2367761625
2016-05-06,0.24460852500000002
2016-05-07,0.2552813
2016-05-08,0.25395334999999997
2016-05-09,0.24897382499999998
2016-05-10,0.2458447625
2016-05-11,0.2435131625
2016-05-12,0.247194
2016-05-13,0.280827
2016-05-14,0.289653525
2016-05-15,0.29003687499999997
2016-05-16,0.2889186625
2016-05-17,0.2839274625
2016-05-18,0.28149409999999997
2016-05-19,0.2804734875
2016-05-20,0.300990275
2016-05-21,0.327073375
2016-05-22,0.3298317375
2016-05-23,0.3248929625
2016-05-24,0.3217372125
2016-05-25,0.32737775
2016-05-26,0.3252613
2016-05-27,0.323758725
2016-05-28,0.3288704
2016-05-29,0.3330509125
2016-05-30,0.33074265
2016-05-31,0.3371407375
2016-06-01,0.3354948375
2016-06-02,0.3304537625
2016-06-03,0.3253633
2016-06-04,0.32103365
2016-06-05,0.317300775
2016-06-06,0.3187990375
2016-06-07,0.32382785
2016-06-08,0.3322611625
2016-06-09,0.3287336
2016-06-10,0.326328575
2016-06-11,0.3325431625
2016-06-12,0.3552873
2016-06-13,0.3519536
2016-06-14,0.3522891875
2016-06-15,0.3522194875
2016-06-16,0.3503467625
2016-06-17,0.34890525
2016-06-18,0.3469339
2016-06-19,0.34394715
2016-06-20,0.3389424125
2016-06-21,0.335789875
2016-06-22,0.336529
2016-06-23,0.34629675
2016-06-24,0.3421649375
2016-06-25,0.3377522
2016-06-26,0.3443755
2016-06-27,0.3504997125
2016-06-28,0.349268325
2016-06-29,0.34885347499999997
2016-06-30,0.34577823750000003
2016-07-01,0.34581351250000003
2016-07-02,0.3551956625
2016-07-03,0.3603839375
2016-07-04,0.36587805
2016-07-05,0.367164625
2016-07-06,0.3667832875
2016-07-07,0.371614
2016-07-08,0.3774223375
2016-07-09,0.3823264
2016-07-10,0.3775631125
2016-07-11,0.3735550625
2016-07-12,0.3695453625
2016-07-13,0.36552640000000003
2016-07-14,0.36366160000000003
2016-07-15,0.362835025
2016-07-16,0.3780563
2016-07-17,0.378347125
2016-07-18,0.377972125
2016-07-19,0.3804773375
2016-07-20,0.3821231
2016-07-21,0.380640875
2016-07-22,0.3787702
2016-07-23,0.3818484125
2016-07-24,0.3798678875
2016-07-25,0.383765825
2016-07-26,0.3848972375
2016-07-27,0.3823348375
2016-07-28,0.3883309625
2016-07-29,0.3971893875
2016-07-30,0.3970784875
2016-07-31,0.4079105625
2016-08-01,0.405949175
2016-08-02,0.406606075
2016-08-03,0.4029122375
2016-08-04,0.399986625
2016-08-05,0.39672945
2016-08-06,0.3950772
2016-08-07,0.3931610125
2016-08-08,0.3910895875
2016-08-09,0.38970435
2016-08-10,0.39327755
2016-08-11,0.39159252499999997
2016-08-12,0.38732595
2016-08-13,0.387553075
2016-08-14,0.3958792875
2016-08-15,0.3999672375
2016-08-16,0.3975704
2016-08-17,0.4000256875
2016-08-18,0.39474916250000003
2016-08-19,0.3901217
2016-08-20,0.3876110125
2016-08-21,0.387085625
2016-08-22,0.383901425
2016-08-23,0.380677475
2016-08-24,0.3783835875
2016-08-25,0.3818551375
2016-08-26,0.39151265
2016-08-27,0.3881043375
2016-08-28,0.388827075
2016-08-29,0.3857794
2016-08-30,0.383066225
2016-08-31,0.381283675
2016-09-01,0.382293975
2016-09-02,0.381879225
2016-09-03,0.3795841125
2016-09-04,0.3765358625
2016-09-05,0.3737735625
2016-09-06,0.3715790875
2016-09-07,0.36910385
2016-09-08,0.36696113750000003
2016-09-09,0.364291775
2016-09-10,0.3604213875
2016-09-11,0.359351325
2016-09-12,0.3753571
2016-09-13,0.37923655
2016-09-14,0.385657175
2016-09-15,0.3832723875
2016-09-16,0.3795339625
2016-09-17,0.38110089999999996
2016-09-18,0.381871375
2016-09-19,0.3815813625
2016-09-20,0.38498330000000003
2016-09-21,0.3841246625
2016-09-22,0.3843153375
2016-09-23,0.38218335000000003
2016-09-24,0.3828697875
2016-09-25,0.3824215125
2016-09-26,0.3832263875
2016-09-27,0.3814321625
2016-09-28,0.380730175
2016-09-29,0.37973695
2016-09-30,0.37963415
2016-10-01,0.38201385
2016-10-02,0.379313375
2016-10-03,0.37728085
2016-10-04,0.3755813
2016-10-05,0.38390673750000004
2016-10-06,0.3860772375
2016-10-07,0.387276475
2016-10-08,0.3862765125
2016-10-09,0.383157675
2016-10-10,0.3806166
2016-10-11,0.38005066249999997
2016-10-12,0.3799811375
2016-10-13,0.377442975
2016-10-14,0.374639625
2016-10-15,0.37153265
2016-10-16,0.3679949375
2016-10-17,0.3647476875
2016-10-18,0.3611263
2016-10-19,0.357619425
2016-10-20,0.3516098375
2016-10-21,0.3501486875
2016-10-22,0.3480051125
2016-10-23,0.3437406625
2016-10-24,0.3411082
2016-10-25,0.3388169875
2016-10-26,0.334625975
2016-10-27,0.337520125
2016-10-28,0.340551525
2016-10-29,0.3408947875
2016-10-30,0.337659525
2016-10-31,0.3336526125
2016-11-01,0.3301943625
2016-11-02,0.326738625
2016-11-03,0.3286321125
2016-11-04,0.341836075
2016-11-05,0.3552039
2016-11-06,0.3676107125
2016-11-07,0.361665025
2016-11-08,0.35740085
2016-11-09,0.3558378875
2016-11-10,0.35463145
2016-11-11,0.35177708750000003
2016-11-12,0.3494936125
2016-11-13,0.3446637125
2016-11-14,0.34260025
2016-11-15,0.34023095
2016-11-16,0.337801725
2016-11-17,0.335664325
2016-11-18,0.3332247125
2016-11-19,0.3315895625
2016-11-20,0.329784075
2016-11-21,0.3267982125
2016-11-22,0.324781825
2016-11-23,0.322806625
2016-11-24,0.32089035
2016-11-25,0.31873845
2016-11-26,0.317382275
2016-11-27,0.31520785
2016-11-28,0.313070525
2016-11-29,0.312123625
2016-11-30,0.3099888625
2016-12-01,0.3079409125
2016-12-02,0.30599458749999997
2016-12-03,0.3042217625
2016-12-04,0.30205237500000004
2016-12-05,0.299894775
2016-12-06,0.2976657
2016-12-07,0.295085
2016-12-08,0.2929865875
2016-12-09,0.2909620125
2016-12-10,0.2891864375
2016-12-11,0.2878800375
2016-12-12,0.28608925
2016-12-13,0.283863525
2016-12-14,0.28200225
2016-12-15,0.280070325
2016-12-16,0.27862225
2016-12-17,0.2770841
2016-12-18,0.27572275
2016-12-19,0.2742189
2016-12-20,0.27256294999999997
2016-12-21,0.2712765375
2016-12-22,0.2699814625
2016-12-23,0.26794425
2016-12-24,0.2664261625
2016-12-25,0.264889275
2016-12-26,0.2637328375
2016-12-27,0.2617911625
2016-12-28,0.2593781
2016-12-29,0.2581692875
2016-12-30,0.256930425
2016-12-31,0.256190225
2017-01-01,0.254978675
2017-01-02,0.253599725
2017-01-03,0.252208975
2017-01-04,0.2510800125
2017-01-05,0.24927921249999999
2017-01-06,0.248320025
2017-01-07,0.247193775
2017-01-08,0.245727
2017-01-09,0.244157725
2017-01-10,0.24272755000000001
2017-01-11,0.24196776250000002
2017-01-12,0.2401777625
2017-01-13,0.2383514625
2017-01-14,0.237229025
2017-01-15,0.2362283125
2017-01-16,0.23578825
2017-01-17,0.2339523125
2017-01-18,0.2323454875
2017-01-19,0.2313262875
2017-01-20,0.2308107625
2017-01-21,0.2300600625
2017-01-22,0.2287930125
2017-01-23,0.227606775
2017-01-24,0.2266229625
2017-01-25,0.22555595
2017-01-26,0.224330025
2017-01-27,0.2239737125
2017-01-28,0.22323213749999998
2017-01-29,0.222732225
2017-01-30,0.2223554
2017-01-31,0.22199325
2017-02-01,0.220818925
2017-02-02,0.2196981125
2017-02-03,0.2186317875
2017-02-04,0.218312475
2017-02-05,0.21675185
2017-02-06,0.2158272
2017-02-07,0.215115575
2017-02-08,0.2142113625
2017-02-09,0.213039525
2017-02-10,0.2107883125
2017-02-11,0.2089132625
2017-02-12,0.208272725
2017-02-13,0.20873415
2017-02-14,0.2077939
2017-02-15,0.2061215625
2017-02-16,0.2047422375
2017-02-17,0.20330299999999998
2017-02-18,0.2019318375
2017-02-19,0.200942
2017-02-20,0.2005082875
2017-02-21,0.199923475
2017-02-22,0.203719075
2017-02-23,0.211204875
2017-02-24,0.2078840125
2017-02-25,0.204708925
2017-02-26,0.2026224625
2017-02-27,0.200812775
2017-02-28,0.19866667500000001
2017-03-01,0.1970899875
2017-03-02,0.19544530000000002
2017-03-03,0.193733125
2017-03-04,0.19282545
2017-03-05,0.1945378625
2017-03-06,0.1974141875
2017-03-07,0.195499375
2017-03-08,0.19441405
2017-03-09,0.1952442625
2017-03-10,0.201652675
2017-03-11,0.2170447625
2017-03-12,0.22110465
2017-03-13,0.2161713125
2017-03-14,0.2119727625
2017-03-15,0.2088162125
2017-03-16,0.2061357
2017-03-17,0.203610325
2017-03-18,0.2028691625
2017-03-19,0.20264522499999998
2017-03-20,0.2119828375
2017-03-21,0.20663895
2017-03-22,0.2040103625
2017-03-23,0.20160355
2017-03-24,0.19920295
2017-03-25,0.2079941875
2017-03-26,0.2142150625
2017-03-27,0.2097312875
2017-03-28,0.2099479
2017-03-29,0.2162698875
2017-03-30,0.2327607
2017-03-31,0.2499123
2017-04-01,0.2403408625
2017-04-02,0.23363852499999999
2017-04-03,0.235455825
2017-04-04,0.23887263749999998
2017-04-05,0.2465720125
2017-04-06,0.2456258875
2017-04-07,0.2402402375
2017-04-08,0.23478085
2017-04-09,0.2314459875
2017-04-10,0.2275281
2017-04-11,0.2230862875
2017-04-12,0.2199849375
2017-04-13,0.21703815
2017-04-14,0.2147642625
2017-04-15,0.2124358375
2017-04-16,0.21194934999999998
2017-04-17,0.209346225
2017-04-18,0.2072805375
2017-04-19,0.2203180625
2017-04-20,0.246738825
2017-04-21,0.24448855
2017-04-22,0.2556174625
2017-04-23,0.2809105125
2017-04-24,0.2853300875
2017-04-25,0.296891475
2017-04-26,0.3050364375
2017-04-27,0.295327875
2017-04-28,0.28865645
2017-04-29,0.28660918750000003
2017-04-30,0.2959583375
2017-05-01,0.2952108375
2017-05-02,0.3014402375
2017-05-03,0.2940638875
2017-05-04,0.289721825
2017-05-05,0.2857811625
2017-05-06,0.28154865
2017-05-07,0.2784595125
2017-05-08,0.2767839625
2017-05-09,0.2746293375
2017-05-10,0.2775435375
2017-05-11,0.2745461375
2017-05-12,0.270703325
2017-05-13,0.2697312
2017-05-14,0.267926475
2017-05-15,0.2813943125
2017-05-16,0.2964112625
2017-05-17,0.2938308375
2017-05-18,0.2912244
2017-05-19,0.2869205125
2017-05-20,0.2871090625
2017-05-21,0.2840861375
2017-05-22,0.2799434
2017-05-23,0.2764868875
2017-05-24,0.27399565
2017-05-25,0.27004845
2017-05-26,0.2686426625
2017-05-27,0.269232525
2017-05-28,0.2657515625
2017-05-29,0.2663372625
2017-05-30,0.2807503375
2017-05-31,0.2927444125
2017-06-01,0.31986755
2017-06-02,0.3280696625
2017-06-03,0.32436295
2017-06-04,0.3221934
2017-06-05,0.32651522499999996
2017-06-06,0.32235912499999997
2017-06-07,0.3171995
2017-06-08,0.315354975
2017-06-09,0.3135450375
2017-06-10,0.3143238125
2017-06-11,0.3262384875
2017-06-12,0.359121475
2017-06-13,0.363261125
2017-06-14,0.36412195
2017-06-15,0.3659257
2017-06-16,0.37494895
2017-06-17,0.3867148625
2017-06-18,0.3937549
2017-06-19,0.4087812625
2017-06-20,0.408487925
2017-06-21,0.4044435875
2017-06-22,0.404160575
2017-06-23,0.40131945
2017-06-24,0.3983440375
2017-06-25,0.3976221125
2017-06-26,0.3936090625
2017-06-27,0.3907512875
2017-06-28,0.3883640125
2017-06-29,0.3866431
2017-06-30,0.386076125
2017-07-01,0.38626713749999997
2017-07-02,0.3872721875
2017-07-03,0.3890418125
2017-07-04,0.397341575
2017-07-05,0.39615305
2017-07-06,0.393054375
2017-07-07,0.3906434625
2017-07-08,0.3876935875
2017-07-09,0.387067425
2017-07-10,0.39159405
2017-07-11,0.3983251875
2017-07-12,0.4000820625
2017-07-13,0.4032146875
2017-07-14,0.3993675125
2017-07-15,0.396856175
2017-07-16,0.3959263125
2017-07-17,0.3968514
2017-07-18,0.396413575
2017-07-19,0.39961905
2017-07-20,0.4073179
2017-07-21,0.4089272625
2017-07-22,0.4084131875
2017-07-23,0.40798685
2017-07-24,0.4095035375
2017-07-25,0.413627925
2017-07-26,0.41364835
2017-07-27,0.410860925
2017-07-28,0.40942008750000003
2017-07-29,0.40915315
2017-07-30,0.4070972375
2017-07-31,0.4042260875
2017-08-01,0.40169801250000003
2017-08-02,0.4020892625
2017-08-03,0.40158085
2017-08-04,0.4050912625
2017-08-05,0.4054574625
2017-08-06,0.4020834625
2017-08-07,0.39839789999999997
2017-08-08,0.3950720375
2017-08-09,0.39363225
2017-08-10,0.398008425
2017-08-11,0.4095707125
2017-08-12,0.4188435125
2017-08-13,0.4175239625
2017-08-14,0.4146396875
2017-08-15,0.4149602375
2017-08-16,0.41322175
2017-08-17,0.41400915
2017-08-18,0.4135379125
2017-08-19,0.414029025
2017-08-20,0.41165548750000003
2017-08-21,0.40978760000000003
2017-08-22,0.41000498750000003
2017-08-23,0.411199275
2017-08-24,0.411649275
2017-08-25,0.4107081
2017-08-26,0.4091821
2017-08-27,0.4097477
2017-08-28,0.4084772
2017-08-29,0.4058809125
2017-08-30,0.403827925
2017-08-31,0.4073718625
2017-09-01,0.4074171875
2017-09-02,0.4059921125
2017-09-03,0.4082060625
2017-09-04,0.4089727875
2017-09-05,0.4060227
2017-09-06,0.40401054999999997
2017-09-07,0.4029450375
2017-09-08,0.40120065
2017-09-09,0.3992882875
2017-09-10,0.4071999125
2017-09-11,0.4155247375
2017-09-12,0.4132291875
2017-09-13,0.4111263625
2017-09-14,0.4084852625
2017-09-15,0.40545065
2017-09-16,0.402991
2017-09-17,0.4015515875
2017-09-18,0.4015864125
2017-09-19,0.403067975
2017-09-20,0.4027624
2017-09-21,0.399847325
2017-09-22,0.39653805
2017-09-23,0.39364923749999997
2017-09-24,0.3915037625
2017-09-25,0.3913718
2017-09-26,0.39173485
2017-09-27,0.3949649375
2017-09-28,0.39900605
2017-09-29,0.4046314625
2017-09-30,0.4050553625
2017-10-01,0.4041564625
2017-10-02,0.4039932375
2017-10-03,0.400882225
2017-10-04,0.399025375
2017-10-05,0.3969263375
2017-10-06,0.39918085
2017-10-07,0.4045089125
2017-10-08,0.40248982499999997
2017-10-09,0.4006692375
2017-10-10,0.3978689375
2017-10-11,0.39444026249999997
2017-10-12,0.3912949875
2017-10-13,0.3889108375
2017-10-14,0.385886175
2017-10-15,0.3839336125
2017-10-16,0.3806450625
2017-10-17,0.37876405
2017-10-18,0.37970478750000003
2017-10-19,0.3889290875
2017-10-20,0.40616405
2017-10-21,0.41969735
2017-10-22,0.41446004999999997
2017-10-23,0.40910796250000003
2017-10-24,0.40544405
2017-10-25,0.4025981125
2017-10-26,0.3999333125
2017-10-27,0.39726535
2017-10-28,0.3948488375
2017-10-29,0.393138575
2017-10-30,0.39599962499999997
2017-10-31,0.39454985
2017-11-01,0.391094575
2017-11-02,0.388203225
2017-11-03,0.38503765
2017-11-04,0.38269854999999997
2017-11-05,0.380321525
2017-11-06,0.377574275
2017-11-07,0.374941625
2017-11-08,0.3725465625
2017-11-09,0.36987237500000003
2017-11-10,0.36744195
2017-11-11,0.3649583375
2017-11-12,0.36252975
2017-11-13,0.3609575625
2017-11-14,0.35841715
2017-11-15,0.3582938
2017-11-16,0.3593636125
2017-11-17,0.3577396125
2017-11-18,0.3556008125
2017-11-19,0.352497225
2017-11-20,0.35102595000000003
2017-11-21,0.3489487375
2017-11-22,0.346639325
2017-11-23,0.344710175
2017-11-24,0.342176525
2017-11-25,0.34111115
2017-11-26,0.3396819875
2017-11-27,0.3374858
2017-11-28,0.33618902500000003
2017-11-29,0.3342655625
2017-11-30,0.33183445
2017-12-01,0.3294178625
2017-12-02,0.3276555875
2017-12-03,0.3252761625
2017-12-04,0.323002725
2017-12-05,0.32105525
2017-12-06,0.31955001250000004
2017-12-07,0.3178796
2017-12-08,0.32451505
2017-12-09,0.34169305
2017-12-10,0.352607375
2017-12-11,0.3506414875
2017-12-12,0.3468887625
2017-12-13,0.3463931125
2017-12-14,0.345031225
2017-12-15,0.34438255
2017-12-16,0.3429094125
2017-12-17,0.341742275
2017-12-18,0.3407858125
2017-12-19,0.338931225
2017-12-20,0.337376925
2017-12-21,0.3352704
2017-12-22,0.33477115
2017-12-23,0.3342769875
2017-12-24,0.33251365
2017-12-25,0.330922325
2017-12-26,0.3283976125
2017-12-27,0.3268496375
2017-12-28,0.325121725
2017-12-29,0.3231173625
2017-12-30,0.3217515875
2017-12-31,0.3205402625
2018-01-01,0.318957025
2018-01-02,0.3182851625
2018-01-03,0.31738685
2018-01-04,0.315507925
2018-01-05,0.3139566125
2018-01-06,0.312259475
2018-01-07,0.3104636375
2018-01-08,0.30835222500000004
2018-01-09,0.3070681
2018-01-10,0.3059233
2018-01-11,0.304593375
2018-01-12,0.3036314625
2018-01-13,0.30274456250000004
2018-01-14,0.30162485
2018-01-15,0.300678075
2018-01-16,0.2991813625
2018-01-17,0.2980768875
2018-01-18,0.2969093125
2018-01-19,0.2960792625
2018-01-20,0.294523675
2018-01-21,0.2931504875
2018-01-22,0.2912607125
2018-01-23,0.2897469125
2018-01-24,0.2877181625
2018-01-25,0.286736475
2018-01-26,0.284984875
2018-01-27,0.283561525
2018-01-28,0.28176395
2018-01-29,0.2802090125
2018-01-30,0.2785965375
2018-01-31,0.27712607499999997
2018-02-01,0.275691425
2018-02-02,0.2745184625
2018-02-03,0.27320618750000003
2018-02-04,0.2713808
2018-02-05,0.2697462875
2018-02-06,0.2677007125
2018-02-07,0.2662556125
2018-02-08,0.2666694125
2018-02-09,0.2654495375
2018-02-10,0.26355575
2018-02-11,0.2613822125
2018-02-12,0.2597099125
2018-02-13,0.25719615
2018-02-14,0.2548702875
2018-02-15,0.2524940625
2018-02-16,0.2506594
2018-02-17,0.24908207500000001
2018-02-18,0.247769075
2018-02-19,0.24622915
2018-02-20,0.2431690625
2018-02-21,0.24110081249999998
2018-02-22,0.2391849375
2018-02-23,0.2370988375
2018-02-24,0.234558225
2018-02-25,0.2325487125
2018-02-26,0.23292735
2018-02-27,0.2310091625
2018-02-28,0.228303675
2018-03-01,0.225810275
2018-03-02,0.2235444125
2018-03-03,0.22117876250000001
2018-03-04,0.2188890875
2018-03-05,0.2168806875
2018-03-06,0.2145346875
2018-03-07,0.2117521875
2018-03-08,0.2083755
2018-03-09,0.2063043375
2018-03-10,0.2042334875
2018-03-11,0.2020961
2018-03-12,0.2003339375
2018-03-13,0.19852102500000002
2018-03-14,0.19711481250000001
2018-03-15,0.195707025
2018-03-16,0.1950548625
2018-03-17,0.193726325
2018-03-18,0.1921839625
2018-03-19,0.190297925
2018-03-20,0.188553775
2018-03-21,0.1869694875
2018-03-22,0.1855447125
2018-03-23,0.1842142375
2018-03-24,0.18220667499999998
2018-03-25,0.180871875
2018-03-26,0.1810681375
2018-03-27,0.18206872500000001
2018-03-28,0.18074233750000002
2018-03-29,0.17918976250000002
2018-03-30,0.18150041249999999
2018-03-31,0.1919726625
2018-04-01,0.1939071875
2018-04-02,0.1908128
2018-04-03,0.1895961
2018-04-04,0.186999925
2018-04-05,0.1865499125
2018-04-06,0.18838355
2018-04-07,0.1908981125
2018-04-08,0.19139420000000001
2018-04-09,0.189367275
2018-04-10,0.187132925
2018-04-11,0.18541132500000002
2018-04-12,0.18458195
2018-04-13,0.1828416625
2018-04-14,0.1909703875
2018-04-15,0.19888886249999999
2018-04-16,0.19134742500000002
2018-04-17,0.192419675
2018-04-18,0.1996769875
2018-04-19,0.203962475
2018-04-20,0.2037491125
2018-04-21,0.21235310000000002
2018-04-22,0.2223592
2018-04-23,0.2205715375
2018-04-24,0.215610475
2018-04-25,0.2168752
2018-04-26,0.23091277500000001
2018-04-27,0.2428166125
2018-04-28,0.2355864
2018-04-29,0.24819023750000002
2018-04-30,0.2630181375
2018-05-01,0.276442875
2018-05-02,0.283421225
2018-05-03,0.2848811
2018-05-04,0.2857544125
2018-05-05,0.294627275
2018-05-06,0.30213395
2018-05-07,0.3082121625
2018-05-08,0.3092191875
2018-05-09,0.3128249625
2018-05-10,0.321903875
2018-05-11,0.3195176625
2018-05-12,0.3203072
2018-05-13,0.31560745
2018-05-14,0.3177016125
2018-05-15,0.31928965
2018-05-16,0.3214699
2018-05-17,0.3206285375
2018-05-18,0.333068875
2018-05-19,0.341511875
2018-05-20,0.3388211625
2018-05-21,0.3515392875
2018-05-22,0.3514054
2018-05-23,0.3486261
2018-05-24,0.3493983875
2018-05-25,0.3516522125
2018-05-26,0.35315745
2018-05-27,0.3480993375
2018-05-28,0.3442055375
2018-05-29,0.3455867
2018-05-30,0.34170955000000003
2018-05-31,0.3532107375
2018-06-01,0.3714910125
2018-06-02,0.3777628
2018-06-03,0.3739005375
2018-06-04,0.3742461625
2018-06-05,0.377900075
2018-06-06,0.3711621125
2018-06-07,0.367426575
2018-06-08,0.3661006625
2018-06-09,0.37440305
2018-06-10,0.38826155
2018-06-11,0.3878691125
2018-06-12,0.400040975
2018-06-13,0.3968109625
2018-06-14,0.39550609999999997
2018-06-15,0.405253125
2018-06-16,0.4051403625
2018-06-17,0.4014719
2018-06-18,0.397892
2018-06-19,0.40129995
2018-06-20,0.39875167499999997
2018-06-21,0.394131625
2018-06-22,0.3915796875
2018-06-23,0.3892077375
2018-06-24,0.386634025
2018-06-25,0.3855184625
2018-06-26,0.3855472
2018-06-27,0.383113225
2018-06-28,0.3796275125
2018-06-29,0.3786407375
2018-06-30,0.37539503750000003
2018-07-01,0.374902975
2018-07-02,0.374510475
2018-07-03,0.37895806249999997
2018-07-04,0.379895625
2018-07-05,0.377309375
2018-07-06,0.3737997875
2018-07-07,0.3711746625
2018-07-08,0.369569575
2018-07-09,0.3658451875
2018-07-10,0.3643415375
2018-07-11,0.361879475
2018-07-12,0.3639313625
2018-07-13,0.3684828875
2018-07-14,0.3796383375
2018-07-15,0.3865191375
2018-07-16,0.3834193125
2018-07-17,0.37757485
2018-07-18,0.3732429
2018-07-19,0.369805
2018-07-20,0.371788275
2018-07-21,0.3752869125
2018-07-22,0.3759742875
2018-07-23,0.3809373625
2018-07-24,0.3845696125
2018-07-25,0.3837149125
2018-07-26,0.3807788875
2018-07-27,0.377393
2018-07-28,0.37850744999999997
2018-07-29,0.377983825
2018-07-30,0.37432485
2018-07-31,0.3736409375
2018-08-01,0.377905525
2018-08-02,0.3753454625
2018-08-03,0.37266815
2018-08-04,0.3703088375
2018-08-05,0.3683268625
2018-08-06,0.37279825
2018-08-07,0.3696901625
2018-08-08,0.3665174875
2018-08-09,0.3630599375
2018-08-10,0.3597550625
2018-08-11,0.3576625125
2018-08-12,0.3548901875
2018-08-13,0.3564346375
2018-08-14,0.3592986125
2018-08-15,0.363754
2018-08-16,0.365264975
2018-08-17,0.3753956625
2018-08-18,0.3707844125
2018-08-19,0.37119694999999997
2018-08-20,0.368678725
2018-08-21,0.371049675
2018-08-22,0.368419875
2018-08-23,0.3648883375
2018-08-24,0.36388975
2018-08-25,0.3658974625
2018-08-26,0.3656039125
2018-08-27,0.36472645
2018-08-28,0.3619317375
2018-08-29,0.357816625
2018-08-30,0.3545162125
2018-08-31,0.3525257
2018-09-01,0.3493521875
2018-09-02,0.3464150125
2018-09-03,0.3441706875
2018-09-04,0.3453867
2018-09-05,0.3501687875
2018-09-06,0.346863125
2018-09-07,0.34159228750000004
2018-09-08,0.338333625
2018-09-09,0.3345161875
2018-09-10,0.3321931625
2018-09-11,0.3368582875
2018-09-12,0.3408811375
2018-09-13,0.3404267125
2018-09-14,0.34394610000000003
2018-09-15,0.3416533
2018-09-16,0.3387467125
2018-09-17,0.335163275
2018-09-18,0.331886725
2018-09-19,0.330673475
2018-09-20,0.3390012125
2018-09-21,0.33782507500000003
2018-09-22,0.33336455
2018-09-23,0.329935875
2018-09-24,0.3315103
2018-09-25,0.3335405375
2018-09-26,0.3369855
2018-09-27,0.340274
2018-09-28,0.3391288625
2018-09-29,0.3363621125
2018-09-30,0.333185625
2018-10-01,0.3294002125
2018-10-02,0.32549771250000004
2018-10-03,0.3223442875
2018-10-04,0.32168810000000003
2018-10-05,0.3209363625
2018-10-06,0.31912665
2018-10-07,0.315576325
2018-10-08,0.312515
2018-10-09,0.31035545
2018-10-10,0.3148477
2018-10-11,0.3206971375
2018-10-12,0.3256628875
2018-10-13,0.32648605
2018-10-14,0.3231582125
2018-10-15,0.3191990375
2018-10-16,0.316088175
2018-10-17,0.3132049625
2018-10-18,0.310526025
2018-10-19,0.3071060375
2018-10-20,0.303874425
2018-10-21,0.3011336625
2018-10-22,0.29787135
2018-10-23,0.2944238375
2018-10-24,0.29165874999999997
2018-10-25,0.2888926375
2018-10-26,0.2857309625
2018-10-27,0.2830600625
2018-10-28,0.28594936249999997
2018-10-29,0.2889577375
2018-10-30,0.2887372375
2018-10-31,0.2875966125
2018-11-01,0.2837735625
2018-11-02,0.28056535
2018-11-03,0.2780932875
2018-11-04,0.276457325
2018-11-05,0.2769856125
2018-11-06,0.2758816875
2018-11-07,0.2735216375
2018-11-08,0.270510975
2018-11-09,0.2678941125
2018-11-10,0.2655655
2018-11-11,0.2637242125
2018-11-12,0.261900325
2018-11-13,0.26005521249999997
2018-11-14,0.2582228875
2018-11-15,0.2564876125
2018-11-16,0.2553181375
2018-11-17,0.254274125
2018-11-18,0.2530630125
2018-11-19,0.2516414
2018-11-20,0.2506480875
2018-11-21,0.249679325
2018-11-22,0.2476351125
2018-11-23,0.2459464875
2018-11-24,0.24465455
2018-11-25,0.24296405
2018-11-26,0.2412329
2018-11-27,0.2398770375
2018-11-28,0.23795616249999998
2018-11-29,0.2363615625
2018-11-30,0.23495505
2018-12-01,0.23370835
2018-12-02,0.2326321625
2018-12-03,0.2312989125
2018-12-04,0.229955725
2018-12-05,0.2296328
2018-12-06,0.2292832875
2018-12-07,0.2283766375
2018-12-08,0.226938075
2018-12-09,0.22609228750000002
2018-12-10,0.2251706125
2018-12-11,0.2240421625
2018-12-12,0.2231287125
2018-12-13,0.222179225
2018-12-14,0.220898525
2018-12-15,0.2199828125
2018-12-16,0.2198671625
2018-12-17,0.2226420875
2018-12-18,0.2285498125
2018-12-19,0.2275346125
2018-12-20,0.225889125
2018-12-21,0.2245231375
2018-12-22,0.223124725
2018-12-23,0.2218024375
2018-12-24,0.2206219125
2018-12-25,0.2200020625
2018-12-26,0.2199045375
2018-12-27,0.21940205000000002
2018-12-28,0.2187389125
2018-12-29,0.2185902875
2018-12-30,0.2174000625
2018-12-31,0.216138625
2019-01-01,0.215021425
2019-01-02,0.214328025
2019-01-03,0.2138998625
2019-01-04,0.2130395625
2019-01-05,0.212129025
2019-01-06,0.2102822125
2019-01-07,0.2101016125
2019-01-08,0.2098985875
2019-01-09,0.209295825
2019-01-10,0.20838555
2019-01-11,0.207633825
2019-01-12,0.2076284625
2019-01-13,0.2073326125
2019-01-14,0.20686
2019-01-15,0.206003575
2019-01-16,0.2049942125
2019-01-17,0.2042876625
2019-01-18,0.203786975
2019-01-19,0.20452635
2019-01-20,0.2034977375
2019-01-21,0.202491775
2019-01-22,0.2027925375
2019-01-23,0.2017016375
2019-01-24,0.2006868875
2019-01-25,0.1994982125
2019-01-26,0.198610825
2019-01-27,0.1981567
2019-01-28,0.19766938750000002
2019-01-29,0.19739145
2019-01-30,0.1966039875
2019-01-31,0.195634825
2019-02-01,0.1945244375
2019-02-02,0.1936892
2019-02-03,0.1935165625
2019-02-04,0.1945653
2019-02-05,0.1939390875
2019-02-06,0.193536325
2019-02-07,0.19296635
2019-02-08,0.1918161875
2019-02-09,0.19184774999999998
2019-02-10,0.1912165125
2019-02-11,0.1909959
2019-02-12,0.1909205125
2019-02-13,0.189809275
2019-02-14,0.1887670625
2019-02-15,0.1874129625
2019-02-16,0.1869045875
2019-02-17,0.1887379375
2019-02-18,0.190756625
2019-02-19,0.1892659875
2019-02-20,0.188744425
2019-02-21,0.1872724
2019-02-22,0.185993
2019-02-23,0.1851048
2019-02-24,0.184353925
2019-02-25,0.19820488749999998
2019-02-26,0.1978839
2019-02-27,0.21250915
2019-02-28,0.2294826375
2019-03-01,0.2257772
2019-03-02,0.220750275
2019-03-03,0.21728775
2019-03-04,0.215110225
2019-03-05,0.216393625
2019-03-06,0.214872925
2019-03-07,0.21230856250000002
2019-03-08,0.2094090625
2019-03-09,0.207161075
2019-03-10,0.20539659999999998
2019-03-11,0.20374029999999999
2019-03-12,0.2018051875
2019-03-13,0.199650275
2019-03-14,0.19751335
2019-03-15,0.1959333
2019-03-16,0.19575135
2019-03-17,0.1959693875
2019-03-18,0.202235575
2019-03-19,0.1994801375
2019-03-20,0.1965801
2019-03-21,0.1944946375
2019-03-22,0.19439675
2019-03-23,0.19393415
2019-03-24,0.1909375
2019-03-25,0.1884910125
2019-03-26,0.1864853125
2019-03-27,0.186368075
2019-03-28,0.1878709625
2019-03-29,0.185727325
2019-03-30,0.18479085
2019-03-31,0.190667875
2019-04-01,0.2040201375
2019-04-02,0.21442382499999998
2019-04-03,0.22021546250000001
2019-04-04,0.21537971250000001
2019-04-05,0.21192824999999998
2019-04-06,0.223509375
2019-04-07,0.239000325
2019-04-08,0.2357324375
2019-04-09,0.2378533
2019-04-10,0.2392395875
2019-04-11,0.2350270375
2019-04-12,0.2357079875
2019-04-13,0.23422225
2019-04-14,0.235326475
2019-04-15,0.230321325
2019-04-16,0.2268421
2019-04-17,0.223964225
2019-04-18,0.2205627375
2019-04-19,0.2174884375
2019-04-20,0.2152943625
2019-04-21,0.213536425
2019-04-22,0.214025725
2019-04-23,0.2105154
2019-04-24,0.207639275
2019-04-25,0.2051758125
2019-04-26,0.202753325
2019-04-27,0.20092505
2019-04-28,0.1987644125
2019-04-29,0.19643945000000002
2019-04-30,0.194282875
2019-05-01,0.1923137125
2019-05-02,0.1913383125
2019-05-03,0.1994795875
2019-05-04,0.222421825
2019-05-05,0.217996875
2019-05-06,0.213458025
2019-05-07,0.210130975
2019-05-08,0.2073039
2019-05-09,0.2044726875
2019-05-10,0.202079975
2019-05-11,0.2000910125
2019-05-12,0.1983842625
2019-05-13,0.202288775
2019-05-14,0.21558436250000002
2019-05-15,0.2115615125
2019-05-16,0.21011315
2019-05-17,0.210543325
2019-05-18,0.2173230375
2019-05-19,0.234347325
2019-05-20,0.2362658875
2019-05-21,0.230440475
2019-05-22,0.23005235
2019-05-23,0.2413514875
2019-05-24,0.24765167500000002
2019-05-25,0.25781705
2019-05-26,0.2518713
2019-05-27,0.2533572875
2019-05-28,0.2547162875
2019-05-29,0.249444575
2019-05-30,0.2453318625
2019-05-31,0.2524468375
2019-06-01,0.275711425
2019-06-02,0.2815749375
2019-06-03,0.2929624125
2019-06-04,0.3032081
2019-06-05,0.3188825
2019-06-06,0.3158293
2019-06-07,0.3144143375
2019-06-08,0.3137966375
2019-06-09,0.3131547625
2019-06-10,0.3089181875
2019-06-11,0.3044851375
2019-06-12,0.30020805
2019-06-13,0.299864425
2019-06-14,0.3135490375
2019-06-15,0.3282347875
2019-06-16,0.329977
2019-06-17,0.3251625625
2019-06-18,0.3237018
2019-06-19,0.3252643
2019-06-20,0.3269566625
2019-06-21,0.3267736875
2019-06-22,0.323909475
2019-06-23,0.3187983125
2019-06-24,0.313916625
2019-06-25,0.3104644625
2019-06-26,0.30939988749999997
2019-06-27,0.30994205
2019-06-28,0.3142570125
2019-06-29,0.315144425
2019-06-30,0.3125530125
2019-07-01,0.310543375
2019-07-02,0.306965875
2019-07-03,0.30357815
2019-07-04,0.301786
2019-07-05,0.299660525
2019-07-06,0.3009148625
2019-07-07,0.3029169
2019-07-08,0.307440075
2019-07-09,0.3185986
2019-07-10,0.323862175
2019-07-11,0.3396501
2019-07-12,0.35871502499999997
2019-07-13,0.37993895
2019-07-14,0.39488127500000003
2019-07-15,0.3951506375
2019-07-16,0.3995870375
2019-07-17,0.392488925
2019-07-18,0.3903842
2019-07-19,0.3926367
2019-07-20,0.388326925
2019-07-21,0.385401625
2019-07-22,0.38396015
2019-07-23,0.385352325
2019-07-24,0.3870348375
2019-07-25,0.394260975
2019-07-26,0.3928298625
2019-07-27,0.3919905875
2019-07-28,0.388189
2019-07-29,0.3849460625
2019-07-30,0.385769225
2019-07-31,0.3867396875
2019-08-01,0.3862422875
2019-08-02,0.3829392875
2019-08-03,0.383775175
2019-08-04,0.3825239125
2019-08-05,0.3807497
2019-08-06,0.378658175
2019-08-07,0.377339675
2019-08-08,0.37800707499999997
2019-08-09,0.3750215
2019-08-10,0.3710242375
2019-08-11,0.3694317875
2019-08-12,0.3716278
2019-08-13,0.381403375
2019-08-14,0.38802685
2019-08-15,0.3891347625
2019-08-16,0.3883328125
2019-08-17,0.385422875
2019-08-18,0.38160713749999997
2019-08-19,0.3774370625
2019-08-20,0.3739326
2019-08-21,0.3713469125
2019-08-22,0.3769598375
2019-08-23,0.37772133750000003
2019-08-24,0.3851468875
2019-08-25,0.3809452375
2019-08-26,0.376965325
2019-08-27,0.37221878750000004
2019-08-28,0.36980165
2019-08-29,0.3694189875
2019-08-30,0.365231775
2019-08-31,0.3650745125
2019-09-01,0.3670761875
2019-09-02,0.3722685
2019-09-03,0.376941625
2019-09-04,0.3765449875
2019-09-05,0.3749589625
2019-09-06,0.371053975
2019-09-07,0.368596025
2019-09-08,0.366082675
2019-09-09,0.3636431625
2019-09-10,0.361099
2019-09-11,0.3588345
2019-09-12,0.3596237625
2019-09-13,0.3603688
2019-09-14,0.357193425
2019-09-15,0.3536059875
2019-09-16,0.3507074875
2019-09-17,0.3475806125
2019-09-18,0.34391353750000003
2019-09-19,0.340518725
2019-09-20,0.3370614125
2019-09-21,0.335269825
2019-09-22,0.3369876375
2019-09-23,0.342560875
2019-09-24,0.3495312875
2019-09-25,0.3714695125
2019-09-26,0.36690517500000003
2019-09-27,0.3621585375
2019-09-28,0.3629297625
2019-09-29,0.3675470125
2019-09-30,0.3696776625
2019-10-01,0.3693095375
2019-10-02,0.368048125
2019-10-03,0.36631165
2019-10-04,0.36404346249999997
2019-10-05,0.3610135
2019-10-06,0.361279575
2019-10-07,0.361771625
2019-10-08,0.3625714
2019-10-09,0.36369538749999997
2019-10-10,0.373874475
2019-10-11,0.3695860875
2019-10-12,0.3651994625
2019-10-13,0.3613869375
2019-10-14,0.3578068125
2019-10-15,0.3543833
2019-10-16,0.3522783125
2019-10-17,0.35102385
2019-10-18,0.346911125
2019-10-19,0.34296550000000003
2019-10-20,0.339514825
2019-10-21,0.3364137375
2019-10-22,0.3347268875
2019-10-23,0.334232025
2019-10-24,0.35376124999999997
2019-10-25,0.3588251375
2019-10-26,0.37134205
2019-10-27,0.366525425
2019-10-28,0.362293175
2019-10-29,0.359138875
2019-10-30,0.3562025125
2019-10-31,0.3535170875
2019-11-01,0.350807225
2019-11-02,0.3479033625
2019-11-03,0.345141725
2019-11-04,0.3425904125
2019-11-05,0.3400714125
2019-11-06,0.338028725
2019-11-07,0.3356928375
2019-11-08,0.3385864125
2019-11-09,0.3475057125
2019-11-10,0.3559033
2019-11-11,0.3562900375
2019-11-12,0.3518012125
2019-11-13,0.3483887625
2019-11-14,0.34526945
2019-11-15,0.3431349
2019-11-16,0.34110695
2019-11-17,0.338635175
2019-11-18,0.336604
2019-11-19,0.334567725
2019-11-20,0.332610775
2019-11-21,0.33016216249999997
2019-11-22,0.3286951375
2019-11-23,0.32683133750000004
2019-11-24,0.3250819
2019-11-25,0.3226113375
2019-11-26,0.3203197125
2019-11-27,0.317952325
2019-11-28,0.31545815
2019-11-29,0.3131135125
2019-11-30,0.3115571625
2019-12-01,0.3094008625
2019-12-02,0.307464675
2019-12-03,0.3056678
2019-12-04,0.3032378125
2019-12-05,0.3003861
2019-12-06,0.2982706125
2019-12-07,0.29616275
2019-12-08,0.2942801875
2019-12-09,0.29316595
2019-12-10,0.29198833750000003
2019-12-11,0.290334875
2019-12-12,0.28879238749999997
2019-12-13,0.28674455
2019-12-14,0.284843225
2019-12-15,0.28303683749999997
2019-12-16,0.2813152125
2019-12-17,0.2796461125
2019-12-18,0.2781949125
2019-12-19,0.2768906625
2019-12-20,0.2758389625
2019-12-21,0.2745403875
2019-12-22,0.2731113625
2019-12-23,0.271537675
2019-12-24,0.2702883375
2019-12-25,0.2688274
2019-12-26,0.2676368125
2019-12-27,0.268722625
2019-12-28,0.267649075
2019-12-29,0.2655874875
2019-12-30,0.2642404625
2019-12-31,0.2626985875
2020-01-01,0.2609966625
2020-01-02,0.2600493375
2020-01-03,0.2738737375
2020-01-04,0.27445845
2020-01-05,0.2718838
2020-01-06,0.27009775
2020-01-07,0.2682608375
2020-01-08,0.26692001249999997
2020-01-09,0.2676325375
2020-01-10,0.2668131875
2020-01-11,0.264952525
2020-01-12,0.26343228750000003
2020-01-13,0.2624297125
2020-01-14,0.2615131
2020-01-15,0.259908275
2020-01-16,0.258218525
2020-01-17,0.2563486375
2020-01-18,0.254698025
2020-01-19,0.2532576875
2020-01-20,0.25210875
2020-01-21,0.2506925375
2020-01-22,0.24923299999999998
2020-01-23,0.247853625
2020-01-24,0.24642363750000001
2020-01-25,0.245236975
2020-01-26,0.2441918875
2020-01-27,0.2432406375
2020-01-28,0.242282275
2020-01-29,0.2414501875
2020-01-30,0.2407162375
2020-01-31,0.239584175
2020-02-01,0.23806575
2020-02-02,0.2364219
2020-02-03,0.2349928375
2020-02-04,0.2337075625
2020-02-05,0.2322163625
2020-02-06,0.2306932
2020-02-07,0.2292765
2020-02-08,0.227707625
2020-02-09,0.22699115
2020-02-10,0.22569311250000001
2020-02-11,0.2239973125
2020-02-12,0.222240875
2020-02-13,0.2206601875
2020-02-14,0.2194430875
2020-02-15,0.21893795
2020-02-16,0.2181271375
2020-02-17,0.2169249125
2020-02-18,0.2162742875
2020-02-19,0.2149503625
2020-02-20,0.2136564
2020-02-21,0.212146975
2020-02-22,0.2104987625
2020-02-23,0.2087993625
2020-02-24,0.20741133750000001
2020-02-25,0.207128225
2020-02-26,0.207041025
2020-02-27,0.2059804
2020-02-28,0.204537225
2020-02-29,0.20287911250000001
2020-03-01,0.2011693375
2020-03-02,0.199671125
2020-03-03,0.1983069125
2020-03-04,0.197339175
2020-03-05,0.1962325875
2020-03-06,0.19509028750000001
2020-03-07,0.195793225
2020-03-08,0.19534715
2020-03-09,0.1932993125
2020-03-10,0.19123895
2020-03-11,0.1894158875
2020-03-12,0.187784275
2020-03-13,0.1860996
2020-03-14,0.1845083625
2020-03-15,0.182985075
2020-03-16,0.1812808875
2020-03-17,0.17981624999999998
2020-03-18,0.1785276625
2020-03-19,0.177115
2020-03-20,0.1761733
2020-03-21,0.177123325
2020-03-22,0.1808089625
2020-03-23,0.17860623750000001
2020-03-24,0.1768370625
2020-03-25,0.17532801250000002
2020-03-26,0.17382820000000002
2020-03-27,0.17224455
2020-03-28,0.1706561875
2020-03-29,0.1691376625
2020-03-30,0.1677890375
2020-03-31,0.1665390375
2020-04-01,0.1653756125
2020-04-02,0.165609225
2020-04-03,0.16782365
2020-04-04,0.16742535
2020-04-05,0.1658367125
2020-04-06,0.1647057
2020-04-07,0.1633366
2020-04-08,0.162991775
2020-04-09,0.1629669
2020-04-10,0.1617682125
2020-04-11,0.1639859125
2020-04-12,0.1712071625
2020-04-13,0.16851136249999998
2020-04-14,0.1660277875
2020-04-15,0.17450451250000001
2020-04-16,0.1932982875
2020-04-17,0.1908179375
2020-04-18,0.195746375
2020-04-19,0.2006747375
2020-04-20,0.2069753
2020-04-21,0.213086525
2020-04-22,0.2115082125
2020-04-23,0.2155779
2020-04-24,0.21853401249999999
2020-04-25,0.215519125
2020-04-26,0.227408475
2020-04-27,0.231095675
2020-04-28,0.2327275375
2020-04-29,0.2374606625
2020-04-30,0.2337853625
2020-05-01,0.2326550875
2020-05-02,0.2356114625
2020-05-03,0.236944375
2020-05-04,0.23387395
2020-05-05,0.2322006625
2020-05-06,0.2499899625
2020-05-07,0.2621105625
2020-05-08,0.2628658625
2020-05-09,0.2635606875
2020-05-10,0.2591372375
2020-05-11,0.2549942
2020-05-12,0.2506621875
2020-05-13,0.2539760625
2020-05-14,0.2692972875
2020-05-15,0.2833791
2020-05-16,0.2807695625
2020-05-17,0.2776189875
2020-05-18,0.27182725
2020-05-19,0.271919225
2020-05-20,0.291337325
2020-05-21,0.301973875
2020-05-22,0.29538695
2020-05-23,0.2900141125
2020-05-24,0.287466925
2020-05-25,0.284645925
2020-05-26,0.283409725
2020-05-27,0.2998080125
2020-05-28,0.3200607625
2020-05-29,0.31549333749999997
2020-05-30,0.32574265
2020-05-31,0.3315327
2020-06-01,0.3332767875
2020-06-02,0.3351901625
2020-06-03,0.3456632
2020-06-04,0.3703832125
2020-06-05,0.3807352625
2020-06-06,0.3807564375
2020-06-07,0.382853025
2020-06-08,0.3866056375
2020-06-09,0.3916504625
2020-06-10,0.393410375
2020-06-11,0.39671877499999997
2020-06-12,0.3982792
2020-06-13,0.40127955
2020-06-14,0.400891175
2020-06-15,0.3963145
2020-06-16,0.394395775
2020-06-17,0.4019446875
2020-06-18,0.4053055
2020-06-19,0.4020295375
2020-06-20,0.398008025
2020-06-21,0.3946955125
2020-06-22,0.390922625
2020-06-23,0.3880972875
2020-06-24,0.3856893125
2020-06-25,0.3826661
2020-06-26,0.38194705
2020-06-27,0.3857150375
2020-06-28,0.3885749
2020-06-29,0.3862094125
2020-06-30,0.3818182
2020-07-01,0.3790842875
2020-07-02,0.37909003750000003
2020-07-03,0.3776960625
2020-07-04,0.38090505
2020-07-05,0.38290465
2020-07-06,0.379795075
2020-07-07,0.3765041875
2020-07-08,0.3738006125
2020-07-09,0.3735422375
2020-07-10,0.3763001
2020-07-11,0.38495495
2020-07-12,0.3928911375
2020-07-13,0.3960156
2020-07-14,0.39172525
2020-07-15,0.3903620875
2020-07-16,0.3872947125
2020-07-17,0.3848087
2020-07-18,0.3834036625
2020-07-19,0.38610325
2020-07-20,0.39889725
2020-07-21,0.4101602875
2020-07-22,0.4122317875
2020-07-23,0.4079958875
2020-07-24,0.40811035
2020-07-25,0.4051101375
2020-07-26,0.402307075
2020-07-27,0.402527025
2020-07-28,0.40394705
2020-07-29,0.406074375
2020-07-30,0.4049052875
2020-07-31,0.4045068375
2020-08-01,0.40332135
2020-08-02,0.4012133625
2020-08-03,0.4002807375
2020-08-04,0.3997732
2020-08-05,0.3971381875
2020-08-06,0.3952866875
2020-08-07,0.3926632375
2020-08-08,0.3896619625
2020-08-09,0.3891168625
2020-08-10,0.3866715
2020-08-11,0.3834902625
2020-08-12,0.380836275
2020-08-13,0.3783202875
2020-08-14,0.3851928875
2020-08-15,0.3897128875
2020-08-16,0.384785175
2020-08-17,0.3816013
2020-08-18,0.379126575
2020-08-19,0.3806648875
2020-08-20,0.3846957625
2020-08-21,0.3874369
2020-08-22,0.390509975
2020-08-23,0.388295
2020-08-24,0.39004062500000003
2020-08-25,0.3919000375
2020-08-26,0.3888385625
2020-08-27,0.3856028
2020-08-28,0.3880678125
2020-08-29,0.387934325
2020-08-30,0.3867829
2020-08-31,0.38813366250000003
2020-09-01,0.398817775
2020-09-02,0.39386475
2020-09-03,0.3894837
2020-09-04,0.386414975
2020-09-05,0.3836123
2020-09-06,0.379811375
2020-09-07,0.37734117500000003
2020-09-08,0.37769815
2020-09-09,0.3813283125
2020-09-10,0.3858203
2020-09-11,0.3847354125
2020-09-12,0.383755375
2020-09-13,0.383359725
2020-09-14,0.3844401375
2020-09-15,0.3854717875
2020-09-16,0.38590905
2020-09-17,0.3876096125
2020-09-18,0.3862046125
2020-09-19,0.3823545625
2020-09-20,0.385467075
2020-09-21,0.3925461875
2020-09-22,0.3983177625
2020-09-23,0.40192622499999997
2020-09-24,0.402205925
2020-09-25,0.4031449125
2020-09-26,0.4092642375
2020-09-27,0.40906995
2020-09-28,0.406040375
2020-09-29,0.4031145875
2020-09-30,0.4009068125
2020-10-01,0.4015709625
2020-10-02,0.40109511249999996
2020-10-03,0.3985442375
2020-10-04,0.39816115
2020-10-05,0.39796146250000003
2020-10-06,0.3971178125
2020-10-07,0.39470155
2020-10-08,0.392562525
2020-10-09,0.3894830125
2020-10-10,0.3867107875
2020-10-11,0.384423925
2020-10-12,0.38142173749999997
2020-10-13,0.3793546875
2020-10-14,0.37668888749999996
2020-10-15,0.373760225
2020-10-16,0.370863225
2020-10-17,0.3678854875
2020-10-18,0.366111
2020-10-19,0.3642859875
2020-10-20,0.3605771
2020-10-21,0.3602778125
2020-10-22,0.367269175
2020-10-23,0.3963072875
2020-10-24,0.3989844
2020-10-25,0.3925493875
2020-10-26,0.3893561125
2020-10-27,0.3857179625
2020-10-28,0.3827058375
2020-10-29,0.380359575
2020-10-30,0.380556675
2020-10-31,0.3936431125
2020-11-01,0.3915783625
2020-11-02,0.388005725
2020-11-03,0.38509648750000003
2020-11-04,0.38294945
2020-11-05,0.38014315
2020-11-06,0.37792805
2020-11-07,0.3758061125
2020-11-08,0.373642975
2020-11-09,0.3706401875
2020-11-10,0.36775225
2020-11-11,0.3651277
2020-11-12,0.362662475
2020-11-13,0.3595516875
2020-11-14,0.356617625
2020-11-15,0.3538733625
2020-11-16,0.3510148125
2020-11-17,0.3492395125
2020-11-18,0.3472564625
2020-11-19,0.344983525
2020-11-20,0.343276575
2020-11-21,0.3412535375
2020-11-22,0.33942355
2020-11-23,0.3368423375
2020-11-24,0.3343869875
2020-11-25,0.3329869875
2020-11-26,0.333188675
2020-11-27,0.3313231125
2020-11-28,0.32846102499999996
2020-11-29,0.3253019375
2020-11-30,0.32304725
2020-12-01,0.320683075
2020-12-02,0.3183999
2020-12-03,0.317030125
2020-12-04,0.3158460375
2020-12-05,0.314498975
2020-12-06,0.3136143125
2020-12-07,0.31215427500000004
2020-12-08,0.3111326375
2020-12-09,0.3100011625
2020-12-10,0.30648205
2020-12-11,0.3046645
2020-12-12,0.302901975
2020-12-13,0.3018623875
2020-12-14,0.3005209125
2020-12-15,0.297683025
2020-12-16,0.29669077499999996
2020-12-17,0.2956019625
2020-12-18,0.292897
2020-12-19,0.2911889
2020-12-20,0.2897796
2020-12-21,0.288283975
2020-12-22,0.28572215
2020-12-23,0.2839691
2020-12-24,0.2828082375
2020-12-25,0.28141805
2020-12-26,0.28037996249999997
2020-12-27,0.2791605625
2020-12-28,0.27809215
2020-12-29,0.276151025
2020-12-30,0.27466487500000003
2020-12-31,0.273196525
2021-01-01,0.27092252499999997
2021-01-02,0.2687884625
2021-01-03,0.2670504375
2021-01-04,0.2660015875
2021-01-05,0.26500135
2021-01-06,0.26377495
2021-01-07,0.262042225
2021-01-08,0.260148875
2021-01-09,0.2589046125
2021-01-10,0.257744625
2021-01-11,0.25744365
2021-01-12,0.2562935875
2021-01-13,0.25509268749999997
2021-01-14,0.254271575
2021-01-15,0.25330969999999997
2021-01-16,0.2516412875
2021-01-17,0.2511253625
2021-01-18,0.25051105
2021-01-19,0.250914175
2021-01-20,0.2499711875
2021-01-21,0.2490331875
2021-01-22,0.24781205
2021-01-23,0.24669156250000002
2021-01-24,0.2460719875
2021-01-25,0.2456068125
2021-01-26,0.244763375
2021-01-27,0.2431018875
2021-01-28,0.2425616125
2021-01-29,0.2419541875
2021-01-30,0.2421172
2021-01-31,0.241042175
2021-02-01,0.24005345
2021-02-02,0.23933185
2021-02-03,0.23844655
2021-02-04,0.2392406875
2021-02-05,0.2370502
2021-02-06,0.235012225
2021-02-07,0.235078525
2021-02-08,0.233917575
2021-02-09,0.232705575
2021-02-10,0.2316338125
2021-02-11,0.2309739125
2021-02-12,0.2287413375
2021-02-13,0.2275685125
2021-02-14,0.22638358749999998
2021-02-15,0.224990975
2021-02-16,0.224195325
2021-02-17,0.2234900625
2021-02-18,0.222576825
2021-02-19,0.221661425
2021-02-20,0.21994265
2021-02-21,0.2179079
2021-02-22,0.21574371250000002
2021-02-23,0.2140416
2021-02-24,0.21244545
2021-02-25,0.2114683125
2021-02-26,0.20992816250000002
2021-02-27,0.2083933
2021-02-28,0.2070613125
2021-03-01,0.2052836375
2021-03-02,0.20326105
2021-03-03,0.2012253
2021-03-04,0.199760975
2021-03-05,0.19818573750000001
2021-03-06,0.1980411875
2021-03-07,0.1988614125
2021-03-08,0.19891945
2021-03-09,0.1976875375
2021-03-10,0.196816625
2021-03-11,0.19526695
2021-03-12,0.1933819125
2021-03-13,0.192865525
2021-03-14,0.19152685
2021-03-15,0.18890395
2021-03-16,0.1864931125
2021-03-17,0.1848992
2021-03-18,0.1834677375
2021-03-19,0.1822226875
2021-03-20,0.1810852625
2021-03-21,0.1791041375
2021-03-22,0.17810015
2021-03-23,0.17653721249999998
2021-03-24,0.175222575
2021-03-25,0.1736721375
2021-03-26,0.17220795
2021-03-27,0.171265675
2021-03-28,0.170183
2021-03-29,0.1708233625
2021-03-30,0.17282268750000002
2021-03-31,0.1778603375
2021-04-01,0.1732777375
2021-04-02,0.1715877375
2021-04-03,0.170022075
2021-04-04,0.16830752499999999
2021-04-05,0.1672113125
2021-04-06,0.1659790625
2021-04-07,0.1651822125
2021-04-08,0.1651692125
2021-04-09,0.16569771249999998
2021-04-10,0.1640862875
2021-04-11,0.1623736375
2021-04-12,0.161962525
2021-04-13,0.1611359625
2021-04-14,0.1596608
2021-04-15,0.1591115625
2021-04-16,0.162371025
2021-04-17,0.16841235
2021-04-18,0.1689396
2021-04-19,0.1660206
2021-04-20,0.1643593875
2021-04-21,0.1637083625
2021-04-22,0.164506925
2021-04-23,0.1638081125
2021-04-24,0.1626353625
2021-04-25,0.16105375
2021-04-26,0.1598771
2021-04-27,0.158905425
2021-04-28,0.1582225125
2021-04-29,0.1580878875
2021-04-30,0.1585842375
2021-05-01,0.162389525
2021-05-02,0.1691611625
2021-05-03,0.170012025
2021-05-04,0.172349175
2021-05-05,0.1692986875
2021-05-06,0.1670526125
2021-05-07,0.16737925
2021-05-08,0.165214125
2021-05-09,0.16777105
2021-05-10,0.173760525
2021-05-11,0.175118275
2021-05-12,0.186907175
2021-05-13,0.1940271375
2021-05-14,0.1985417625
2021-05-15,0.1974924375
2021-05-16,0.203737375
2021-05-17,0.2087744375
2021-05-18,0.2138125625
2021-05-19,0.2208756375
2021-05-20,0.2159349
2021-05-21,0.2120981
2021-05-22,0.20923753750000001
2021-05-23,0.20714441249999999
2021-05-24,0.2181756875
2021-05-25,0.24137165
2021-05-26,0.2383996
2021-05-27,0.23473745
2021-05-28,0.23149655
2021-05-29,0.2287033
2021-05-30,0.2262952125
2021-05-31,0.233810825
2021-06-01,0.2548623875
2021-06-02,0.26558225
2021-06-03,0.2591975375
2021-06-04,0.255185525
2021-06-05,0.2856735
2021-06-06,0.3167326875
2021-06-07,0.3097070625
2021-06-08,0.3121491875
2021-06-09,0.3169134
2021-06-10,0.31927
2021-06-11,0.3304813125
2021-06-12,0.3405488875
2021-06-13,0.34745745
2021-06-14,0.3469110125
2021-06-15,0.342231575
2021-06-16,0.3380432
2021-06-17,0.33649877499999997
2021-06-18,0.34220313750000003
2021-06-19,0.34777235
2021-06-20,0.34636826249999997
2021-06-21,0.3433091
2021-06-22,0.3410172875
2021-06-23,0.33698917500000003
2021-06-24,0.33310865
2021-06-25,0.328966925
2021-06-26,0.3256449375
2021-06-27,0.3229506125
2021-06-28,0.32011345
2021-06-29,0.329014775
2021-06-30,0.350309725
2021-07-01,0.3678677375
2021-07-02,0.38090481249999997
2021-07-03,0.3804830125
2021-07-04,0.378253275
2021-07-05,0.3764912375
2021-07-06,0.3760200875
2021-07-07,0.381080025
2021-07-08,0.3821195125
2021-07-09,0.37971285
2021-07-10,0.3821945
2021-07-11,0.3813823375
2021-07-12,0.38116415000000003
2021-07-13,0.38078531250000003
2021-07-14,0.3775168375
2021-07-15,0.37356259999999997
2021-07-16,0.373233125
2021-07-17,0.379488475
2021-07-18,0.3812347875
2021-07-19,0.38498805
2021-07-20,0.3856282125
2021-07-21,0.3845568125
2021-07-22,0.387886775
2021-07-23,0.3888900875
2021-07-24,0.387190625
2021-07-25,0.384544475
2021-07-26,0.3817348375
2021-07-27,0.38077341249999996
2021-07-28,0.3781358625
2021-07-29,0.3823994375
2021-07-30,0.3842780375
2021-07-31,0.38215005
2021-08-01,0.3843247
2021-08-02,0.388612925
2021-08-03,0.3894807375
2021-08-04,0.387849875
2021-08-05,0.38505446249999997
2021-08-06,0.3913881
2021-08-07,0.3945369
2021-08-08,0.3924289625
2021-08-09,0.3914374875
2021-08-10,0.3891238875
2021-08-11,0.3874525625
2021-08-12,0.390154075
2021-08-13,0.390318225
2021-08-14,0.39095884999999997
2021-08-15,0.39449725
2021-08-16,0.393662825
2021-08-17,0.394388175
2021-08-18,0.3921247625
2021-08-19,0.3932587625
2021-08-20,0.396762175
2021-08-21,0.39478545
2021-08-22,0.39087095
2021-08-23,0.39107108749999997
2021-08-24,0.401008575
2021-08-25,0.40311423749999997
2021-08-26,0.402701725
2021-08-27,0.4009734375
2021-08-28,0.39929423750000004
2021-08-29,0.3995018
2021-08-30,0.40215845
2021-08-31,0.3996782875
2021-09-01,0.4013267
2021-09-02,0.4003698625
2021-09-03,0.39694605
2021-09-04,0.395331775
2021-09-05,0.3962495625
2021-09-06,0.3974301125
2021-09-07,0.3970426625
2021-09-08,0.3940900875
2021-09-09,0.3923611
2021-09-10,0.39145165
2021-09-11,0.39167877500000003
2021-09-12,0.38983935
2021-09-13,0.38740728750000003
2021-09-14,0.38553625
2021-09-15,0.38484945
2021-09-16,0.3899052
2021-09-17,0.387064775
2021-09-18,0.3865562625
2021-09-19,0.3860361375
2021-09-20,0.3848613
2021-09-21,0.386442275
2021-09-22,0.3848899
2021-09-23,0.382241175
2021-09-24,0.3790332
2021-09-25,0.3799233
2021-09-26,0.38045640000000003
2021-09-27,0.3793795
2021-09-28,0.38062675
2021-09-29,0.3816530125
2021-09-30,0.3791808125
2021-10-01,0.3757792875
2021-10-02,0.3696459875
2021-10-03,0.37074996250000003
2021-10-04,0.3757927625
2021-10-05,0.38367657499999996
2021-10-06,0.3832299875
2021-10-07,0.3784329625
2021-10-08,0.37539713750000003
2021-10-09,0.372729775
2021-10-10,0.3701083625
2021-10-11,0.3668185125
2021-10-12,0.3642636125
2021-10-13,0.3651908
2021-10-14,0.3632435
2021-10-15,0.35868517499999997
2021-10-16,0.35907095
2021-10-17,0.36231025
2021-10-18,0.370850775
2021-10-19,0.3743699875
2021-10-20,0.375134125
2021-10-21,0.377337775
2021-10-22,0.3719978375
2021-10-23,0.3678825625
2021-10-24,0.364124675
2021-10-25,0.360933825
2021-10-26,0.357784475
2021-10-27,0.35440743750000003
2021-10-28,0.35194187499999996
2021-10-29,0.3497478125
2021-10-30,0.345543475
2021-10-31,0.3406617875
2021-11-01,0.3377796875
2021-11-02,0.33581347500000003
2021-11-03,0.3345633125
2021-11-04,0.3316497625
2021-11-05,0.3286644125
2021-11-06,0.3257548625
2021-11-07,0.3228939125
2021-11-08,0.3191463625
2021-11-09,0.316439175
2021-11-10,0.3138531625
2021-11-11,0.31138808749999997
2021-11-12,0.30909057500000003
2021-11-13,0.3111888
2021-11-14,0.3104423125
2021-11-15,0.31161095
2021-11-16,0.3074513375
2021-11-17,0.304951925
2021-11-18,0.30263426250000003
2021-11-19,0.3000121375
2021-11-20,0.2975376375
2021-11-21,0.295276025
2021-11-22,0.29356
2021-11-23,0.291560525
2021-11-24,0.2886339875
2021-11-25,0.2865219125
2021-11-26,0.2843638625
2021-11-27,0.28255285
2021-11-28,0.2803900625
2021-11-29,0.27825545
2021-11-30,0.276455675
2021-12-01,0.273784
2021-12-02,0.271626125
2021-12-03,0.270461625
2021-12-04,0.27210904999999996
2021-12-05,0.2832953625
2021-12-06,0.315506975
2021-12-07,0.3253677
2021-12-08,0.321828525
2021-12-09,0.31904035
2021-12-10,0.3215045625
2021-12-11,0.3192140375
2021-12-12,0.3168297375
2021-12-13,0.3156011875
2021-12-14,0.314442475
2021-12-15,0.31318135
2021-12-16,0.3111748
2021-12-17,0.3091687625
2021-12-18,0.3079313125
2021-12-19,0.3068565875
2021-12-20,0.3057361625
2021-12-21,0.3043207
2021-12-22,0.3031197375
2021-12-23,0.30189485
2021-12-24,0.299980375
2021-12-25,0.298683875
2021-12-26,0.2972046875
2021-12-27,0.29560861250000003
2021-12-28,0.294102725
2021-12-29,0.2926675625
2021-12-30,0.2917214625
2021-12-31,0.2905489375
2022-01-01,0.2890796375
2022-01-02,0.287690375
2022-01-03,0.2856519125
2022-01-04,0.2839636875
2022-01-05,0.28224571249999997
2022-01-06,0.2801449625
2022-01-07,0.2783970875
2022-01-08,0.276653575
2022-01-09,0.2752079375
2022-01-10,0.273776325
2022-01-11,0.2707914125
2022-01-12,0.2715992375
2022-01-13,0.27041967499999997
2022-01-14,0.2689827875
2022-01-15,0.2696487375
2022-01-16,0.2686127875
2022-01-17,0.2663725375
2022-01-18,0.264692575
2022-01-19,0.2629891125
2022-01-20,0.261653175
2022-01-21,0.26038425
2022-01-22,0.25878151250000003
2022-01-23,0.25769482499999996
2022-01-24,0.2589212125
2022-01-25,0.25864415
2022-01-26,0.257658425
2022-01-27,0.25687211249999997
2022-01-28,0.255689975
2022-01-29,0.254644475
2022-01-30,0.254553425
2022-01-31,0.253375175
2022-02-01,0.251945325
2022-02-02,0.2504034375
2022-02-03,0.2490224875
2022-02-04,0.252338025
2022-02-05,0.2650865875
2022-02-06,0.2614000375
2022-02-07,0.2597848875
2022-02-08,0.2574896
2022-02-09,0.2555884
2022-02-10,0.254534175
2022-02-11,0.253528925
2022-02-12,0.2517344375
2022-02-13,0.2496215125
2022-02-14,0.2475932375
2022-02-15,0.245416375
2022-02-16,0.2435955375
2022-02-17,0.2418159375
2022-02-18,0.239571725
2022-02-19,0.237280675
2022-02-20,0.236190775
2022-02-21,0.2346547625
2022-02-22,0.2326724375
2022-02-23,0.2306967125
2022-02-24,0.2290254
2022-02-25,0.22750705000000002
2022-02-26,0.2256186125
2022-02-27,0.223293925
2022-02-28,0.2214123375
2022-03-01,0.219347525
2022-03-02,0.21705775
2022-03-03,0.2150458125
2022-03-04,0.2128417125
2022-03-05,0.210888275
2022-03-06,0.2087616375
2022-03-07,0.206857875
2022-03-08,0.2050041875
2022-03-09,0.2032381125
2022-03-10,0.2012319125
2022-03-11,0.1991347125
2022-03-12,0.1972316375
2022-03-13,0.195295875
2022-03-14,0.1935926
2022-03-15,0.19188235
2022-03-16,0.190413075
2022-03-17,0.18875619999999999
2022-03-18,0.1871623625
2022-03-19,0.1856697625
2022-03-20,0.18402955
2022-03-21,0.182553125
2022-03-22,0.18130535
2022-03-23,0.1799926
2022-03-24,0.1786954875
2022-03-25,0.177551675
2022-03-26,0.1767347875
2022-03-27,0.1763041375
2022-03-28,0.1787261625
2022-03-29,0.1828738875
2022-03-30,0.18370725
2022-03-31,0.1833295
2022-04-01,0.1816183375
2022-04-02,0.1804413625
2022-04-03,0.179319075
2022-04-04,0.17767355
2022-04-05,0.17621528749999998
2022-04-06,0.17503615
2022-04-07,0.173718725
2022-04-08,0.1724229
2022-04-09,0.1713598375
2022-04-10,0.17958285
2022-04-11,0.1891199375
2022-04-12,0.186738875
2022-04-13,0.1840527625
2022-04-14,0.18272792499999999
2022-04-15,0.181347875
2022-04-16,0.1795407125
2022-04-17,0.177834425
2022-04-18,0.1760841125
2022-04-19,0.17468085
2022-04-20,0.2002572875
2022-04-21,0.20967426249999999
2022-04-22,0.2226005625
2022-04-23,0.22352402500000002
2022-04-24,0.2173696125
2022-04-25,0.2128783125
2022-04-26,0.20983315
2022-04-27,0.207419875
2022-04-28,0.2055453
2022-04-29,0.2034350125
2022-04-30,0.2016311
2022-05-01,0.2009496
2022-05-02,0.20132635
2022-05-03,0.2238632125
2022-05-04,0.24264521249999998
2022-05-05,0.2387709
2022-05-06,0.2341784625
2022-05-07,0.23112678749999999
2022-05-08,0.22735595
2022-05-09,0.2269029
2022-05-10,0.2397581
2022-05-11,0.257273625
2022-05-12,0.2691900125
2022-05-13,0.286857375
2022-05-14,0.2898993875
2022-05-15,0.2821702
2022-05-16,0.277320725
2022-05-17,0.28042188749999997
2022-05-18,0.28151965
2022-05-19,0.29603267499999997
2022-05-20,0.3118313375
2022-05-21,0.31024655
2022-05-22,0.30906765
2022-05-23,0.30714718750000003
2022-05-24,0.306637675
2022-05-25,0.3135414125
2022-05-26,0.3205481
2022-05-27,0.3188395125
2022-05-28,0.31654065
2022-05-29,0.3170025
2022-05-30,0.319629475
2022-05-31,0.321193175
2022-06-01,0.3240971125
2022-06-02,0.3245739375
2022-06-03,0.3226470375
2022-06-04,0.32753665
2022-06-05,0.32987185
2022-06-06,0.3273100625
2022-06-07,0.3326044125
2022-06-08,0.3375322125
2022-06-09,0.35505508750000003
2022-06-10,0.36098995
2022-06-11,0.354671275
2022-06-12,0.352070475
2022-06-13,0.3586353875
2022-06-14,0.363185075
2022-06-15,0.365541275
2022-06-16,0.371148625
2022-06-17,0.4006868
2022-06-18,0.4099681125
2022-06-19,0.4123645125
2022-06-20,0.4131789125
2022-06-21,0.40851105
2022-06-22,0.405506975
2022-06-23,0.4044478125
2022-06-24,0.403262075
2022-06-25,0.4002421375
2022-06-26,0.398354375
2022-06-27,0.3963469875
2022-06-28,0.3966814625
2022-06-29,0.39967779999999997
2022-06-30,0.4048811625
2022-07-01,0.4044384125
2022-07-02,0.400376975
2022-07-03,0.3986282
2022-07-04,0.39691088750000003
2022-07-05,0.3968257625
2022-07-06,0.3972381875
2022-07-07,0.3933722375
2022-07-08,0.390498675
2022-07-09,0.389085175
2022-07-10,0.38797995
2022-07-11,0.3853383125
2022-07-12,0.3814679375
2022-07-13,0.3809448875
2022-07-14,0.38417792500000003
2022-07-15,0.383556675
2022-07-16,0.3780821
2022-07-17,0.3735972
2022-07-18,0.3697453125
2022-07-19,0.3673424375
2022-07-20,0.36431603749999997
2022-07-21,0.3619419875
2022-07-22,0.3605990625
2022-07-23,0.3636686125
2022-07-24,0.36498615
2022-07-25,0.3671676375
2022-07-26,0.36548305000000003
2022-07-27,0.361415875
2022-07-28,0.36151625
2022-07-29,0.3580456
2022-07-30,0.3551723375
2022-07-31,0.356627875
2022-08-01,0.3604584875
2022-08-02,0.3626964875
2022-08-03,0.3665229625
2022-08-04,0.3686723375
2022-08-05,0.372699675
2022-08-06,0.3833391375
2022-08-07,0.3801309
2022-08-08,0.3760869
2022-08-09,0.3714261
2022-08-10,0.3678658
2022-08-11,0.3642568
2022-08-12,0.365536425
2022-08-13,0.3669907125
2022-08-14,0.3644639625
2022-08-15,0.3610645125
2022-08-16,0.3574786625
2022-08-17,0.3541146875
2022-08-18,0.3513964375
2022-08-19,0.3563982625
2022-08-20,0.3553094
2022-08-21,0.35637225
2022-08-22,0.35798135
2022-08-23,0.3638210875
2022-08-24,0.3627630375
2022-08-25,0.35756505
2022-08-26,0.3577000375
2022-08-27,0.358881075
2022-08-28,0.3567541625
2022-08-29,0.3527030125
2022-08-30,0.3484917625
2022-08-31,0.345618675
2022-09-01,0.343707875
2022-09-02,0.3441154625
2022-09-03,0.34902295
2022-09-04,0.3607097625
2022-09-05,0.36800115
2022-09-06,0.37045475
2022-09-07,0.37270635
2022-09-08,0.3740398875
2022-09-09,0.3719634625
2022-09-10,0.3730251125
2022-09-11,0.37376797500000003
2022-09-12,0.37486007499999996
2022-09-13,0.38186965
2022-09-14,0.39234342499999997
2022-09-15,0.3921981625
2022-09-16,0.3888608625
2022-09-17,0.3861855625
2022-09-18,0.38928348749999997
2022-09-19,0.3949960875
2022-09-20,0.3887285625
2022-09-21,0.384707275
2022-09-22,0.3839707
2022-09-23,0.3844683
2022-09-24,0.3832183375
2022-09-25,0.383729875
2022-09-26,0.3830834625
2022-09-27,0.3830792875
2022-09-28,0.381740875
2022-09-29,0.3780182125
2022-09-30,0.375087125
2022-10-01,0.3792509125
2022-10-02,0.39197585
2022-10-03,0.39532731249999997
2022-10-04,0.395690625
2022-10-05,0.3957706625
2022-10-06,0.39228425
2022-10-07,0.3894869125
2022-10-08,0.3875476
2022-10-09,0.3852866
2022-10-10,0.3837766625
2022-10-11,0.3820022125
2022-10-12,0.38058400000000003
2022-10-13,0.3801838875
2022-10-14,0.378265775
2022-10-15,0.375371175
2022-10-16,0.372406
2022-10-17,0.3697759
2022-10-18,0.367429275
2022-10-19,0.364860225
2022-10-20,0.3620694
2022-10-21,0.35900995
2022-10-22,0.35491645
2022-10-23,0.3584107625
2022-10-24,0.3860319375
2022-10-25,0.3974259375
2022-10-26,0.3905894125
2022-10-27,0.3868679
2022-10-28,0.3834057
2022-10-29,0.381053725
2022-10-30,0.378354225
2022-10-31,0.3758932125
2022-11-01,0.37331325
2022-11-02,0.3708069875
2022-11-03,0.368959925
2022-11-04,0.3662139625
2022-11-05,0.364029025
2022-11-06,0.3614549875
2022-11-07,0.3589113
2022-11-08,0.35625466250000004
2022-11-09,0.3530120125
2022-11-10,0.35057452499999997
2022-11-11,0.3477435125
2022-11-12,0.3440628
2022-11-13,0.34153455
2022-11-14,0.3386529125
2022-11-15,0.33572087500000003
2022-11-16,0.33309856250000003
2022-11-17,0.3306740375
2022-11-18,0.3282453625
2022-11-19,0.32591939999999997
2022-11-20,0.3234067875
2022-11-21,0.3210683875
2022-11-22,0.3185273375
2022-11-23,0.3162616625
2022-11-24,0.314001425
2022-11-25,0.3126615875
2022-11-26,0.31101840000000003
2022-11-27,0.3092312125
2022-11-28,0.307171875
2022-11-29,0.305293625
2022-11-30,0.3031958375
2022-12-01,0.3011106625
2022-12-02,0.2991546125
2022-12-03,0.297247375
2022-12-04,0.29499356250000003
2022-12-05,0.2927205375
2022-12-06,0.290817475
2022-12-07,0.289073775
2022-12-08,0.2869193625
2022-12-09,0.28569905
2022-12-10,0.2842029
2022-12-11,0.2822546125
2022-12-12,0.280643
2022-12-13,0.279223175
2022-12-14,0.277699275
2022-12-15,0.276741525
2022-12-16,0.27490185
2022-12-17,0.2734486875
2022-12-18,0.271784875
2022-12-19,0.2695990375
2022-12-20,0.268290675
2022-12-21,0.26701735
2022-12-22,0.266145
2022-12-23,0.264430975
2022-12-24,0.2621030375
2022-12-25,0.2609670625
2022-12-26,0.260080425
2022-12-27,0.25867877499999997
2022-12-28,0.25807962500000003
2022-12-29,0.2569865875
2022-12-30,0.2554719875
2022-12-31,0.2547657625
2023-01-01,0.2538195375
2023-01-02,0.252304775
2023-01-03,0.25075583749999997
2023-01-04,0.2495309875
2023-01-05,0.2488969625
2023-01-06,0.2481960375
2023-01-07,0.246466425
2023-01-08,0.2459460375
2023-01-09,0.2452413875
2023-01-10,0.2440696125
2023-01-11,0.2430271875
2023-01-12,0.2415787625
2023-01-13,0.2405671875
2023-01-14,0.2397715
2023-01-15,0.2387996125
2023-01-16,0.238156375
2023-01-17,0.2373863375
2023-01-18,0.2363944625
2023-01-19,0.2353682
2023-01-20,0.2365622
2023-01-21,0.23549825
2023-01-22,0.2344805125
2023-01-23,0.2347772625
2023-01-24,0.233876925
2023-01-25,0.23368945
2023-01-26,0.2330912625
2023-01-27,0.23248195
2023-01-28,0.233873275
2023-01-29,0.2334468375
2023-01-30,0.2327808
2023-01-31,0.231672525
2023-02-01,0.2315142375
2023-02-02,0.2305824875
2023-02-03,0.2295920625
2023-02-04,0.228839675
2023-02-05,0.2281535125
2023-02-06,0.2272454875
2023-02-07,0.2261152
2023-02-08,0.2248724125
2023-02-09,0.22483158749999999
2023-02-10,0.224161425
2023-02-11,0.2233545625
2023-02-12,0.222536
2023-02-13,0.2217783875
2023-02-14,0.22055882500000001
2023-02-15,0.21995995
2023-02-16,0.2184967625
2023-02-17,0.21760227499999998
2023-02-18,0.2175069625
2023-02-19,0.21621325
2023-02-20,0.2151271375
2023-02-21,0.214502625
2023-02-22,0.2137161125
2023-02-23,0.2126597375
2023-02-24,0.2110467625
2023-02-25,0.20969965
2023-02-26,0.2081123875
2023-02-27,0.2060924
2023-02-28,0.2044160375
2023-03-01,0.2029783875
2023-03-02,0.2019097875
2023-03-03,0.20052430000000002
2023-03-04,0.198893
2023-03-05,0.19760197499999999
2023-03-06,0.195626825
2023-03-07,0.193822025
2023-03-08,0.19237065
2023-03-09,0.1907483
2023-03-10,0.1901304875
2023-03-11,0.18951790000000002
2023-03-12,0.1875593125
2023-03-13,0.1861622
2023-03-14,0.1851552
2023-03-15,0.1854973625
2023-03-16,0.187708125
2023-03-17,0.185597325
2023-03-18,0.1840090375
2023-03-19,0.193805175
2023-03-20,0.1863769875
2023-03-21,0.187482675
2023-03-22,0.1874705875
2023-03-23,0.18596035
2023-03-24,0.1851743125
2023-03-25,0.1835688125
2023-03-26,0.18386985
2023-03-27,0.18530380000000002
2023-03-28,0.18272232500000002
2023-03-29,0.18267036250000002
2023-03-30,0.185575125
2023-03-31,0.1930660125
2023-04-01,0.1958770375
2023-04-02,0.1919815
2023-04-03,0.1895855
2023-04-04,0.18777032500000002
2023-04-05,0.1870543
2023-04-06,0.18609481249999998
2023-04-07,0.1848205125
2023-04-08,0.1827933
2023-04-09,0.1808704625
2023-04-10,0.18037595
2023-04-11,0.179290925
2023-04-12,0.1782139625
2023-04-13,0.1766917
2023-04-14,0.1752894625
2023-04-15,0.1744134
2023-04-16,0.17398555
2023-04-17,0.173420525
2023-04-18,0.172393125
2023-04-19,0.1711454875
2023-04-20,0.1699582875
2023-04-21,0.18122775
2023-04-22,0.1903364875
2023-04-23,0.1873366125
2023-04-24,0.1848263875
2023-04-25,0.1824727375
2023-04-26,0.181090025
2023-04-27,0.1822840875
2023-04-28,0.186402825
2023-04-29,0.1851149125
2023-04-30,0.1862721875
2023-05-01,0.186826475
2023-05-02,0.1851433875
2023-05-03,0.1828909
2023-05-04,0.1806767875
2023-05-05,0.180376525
2023-05-06,0.1787556125
2023-05-07,0.1773722625
2023-05-08,0.175856625
2023-05-09,0.1745780875
2023-05-10,0.1734342
2023-05-11,0.17243015
2023-05-12,0.172876825
2023-05-13,0.17311213749999999
2023-05-14,0.17415195
2023-05-15,0.1633478625
2023-05-16,0.163700075
2023-05-17,0.1689438875
2023-05-18,0.172298675
2023-05-19,0.172901775
2023-05-20,0.173372675
2023-05-21,0.1758128625
2023-05-22,0.181117475
2023-05-23,0.2066798625
2023-05-24,0.231851575
2023-05-25,0.2258724125
2023-05-26,0.22597420000000001
2023-05-27,0.2276558125
2023-05-28,0.225615075
2023-05-29,0.2211710375
2023-05-30,0.2175562375
2023-05-31,0.214716725
2023-06-01,0.21258345
2023-06-02,0.211478025
2023-06-03,0.2090080125
2023-06-04,0.2073232625
2023-06-05,0.208361075
2023-06-06,0.20557155
2023-06-07,0.2036391375
2023-06-08,0.2138268625
2023-06-09,0.225001275
2023-06-10,0.2172440625
2023-06-11,0.2222324625
2023-06-12,0.2308947625
2023-06-13,0.2307446375
2023-06-14,0.23496315
2023-06-15,0.24493747500000002
2023-06-16,0.2642018875
2023-06-17,0.2839900875
2023-06-18,0.30395245
2023-06-19,0.32550325
2023-06-20,0.3261377125
2023-06-21,0.325018625
2023-06-22,0.322043075
2023-06-23,0.318225425
2023-06-24,0.3155475625
2023-06-25,0.313037
2023-06-26,0.310578025
2023-06-27,0.3125815
2023-06-28,0.3318089875
2023-06-29,0.3456755875
2023-06-30,0.3560789125
2023-07-01,0.367436025
2023-07-02,0.3736499875
2023-07-03,0.373808275
2023-07-04,0.38375834999999997
2023-07-05,0.3876304125
2023-07-06,0.38486035
2023-07-07,0.3820006625
2023-07-08,0.3776333375
2023-07-09,0.37408235
2023-07-10,0.372893875
2023-07-11,0.3702938125
2023-07-12,0.3670848125
2023-07-13,0.3667724125
2023-07-14,0.36601605000000004
2023-07-15,0.3643504875
2023-07-16,0.362717125
2023-07-17,0.3621039
2023-07-18,0.3635266375
2023-07-19,0.36323669999999997
2023-07-20,0.3600292625
2023-07-21,0.3675032625
2023-07-22,0.36597667500000003
2023-07-23,0.363760875
2023-07-24,0.3621062625
2023-07-25,0.3620192
2023-07-26,0.359289925
2023-07-27,0.355443675
2023-07-28,0.3498328375
2023-07-29,0.3463477125
2023-07-30,0.3447849375
2023-07-31,0.342288325
2023-08-01,0.3428144
2023-08-02,0.33836545
2023-08-03,0.337295225
2023-08-04,0.33698075
2023-08-05,0.33302201249999996
2023-08-06,0.35115495
2023-08-07,0.3839762125
2023-08-08,0.3967307
2023-08-09,0.3918370375
2023-08-10,0.38869787499999997
2023-08-11,0.3858570625
2023-08-12,0.38486936250000003
2023-08-13,0.38719885
2023-08-14,0.3858233625
2023-08-15,0.3923052625
2023-08-16,0.399744325
2023-08-17,0.3948923375
2023-08-18,0.3912599625
2023-08-19,0.387585375
2023-08-20,0.3858406
2023-08-21,0.386454575
2023-08-22,0.3929959875
2023-08-23,0.396012925
2023-08-24,0.3932753875
2023-08-25,0.393629775
2023-08-26,0.39733572500000003
2023-08-27,0.3967217125
2023-08-28,0.39780965
2023-08-29,0.395936
2023-08-30,0.392385725
2023-08-31,0.390833725
2023-09-01,0.3901630625
2023-09-02,0.3907858125
2023-09-03,0.39485773750000003
2023-09-04,0.3945804125
2023-09-05,0.3918477
2023-09-06,0.3939058375
2023-09-07,0.395941975
2023-09-08,0.3964342
2023-09-09,0.393769475
2023-09-10,0.39140165
2023-09-11,0.3921856
2023-09-12,0.3970252125
2023-09-13,0.3961075125
2023-09-14,0.392180925
2023-09-15,0.388457275
2023-09-16,0.3846135125
2023-09-17,0.3820236375
2023-09-18,0.3869651125
2023-09-19,0.38709777500000003
2023-09-20,0.3870071375
2023-09-21,0.38780831250000003
2023-09-22,0.3865432125
2023-09-23,0.3867369875
2023-09-24,0.3854950625
2023-09-25,0.3827779875
2023-09-26,0.3794667875
2023-09-27,0.3761191625
2023-09-28,0.3750983125
2023-09-29,0.3759245625
2023-09-30,0.37509835
2023-10-01,0.3719457
2023-10-02,0.36952625
2023-10-03,0.36878585
2023-10-04,0.370951475
2023-10-05,0.3979150375
2023-10-06,0.4085029
2023-10-07,0.411681325
2023-10-08,0.40534512500000003
2023-10-09,0.4024511375
2023-10-10,0.399843925
2023-10-11,0.3975614375
2023-10-12,0.39549293750000003
2023-10-13,0.3932254375
2023-10-14,0.390248125
2023-10-15,0.3875422125
2023-10-16,0.3843688375
2023-10-17,0.3806186125
2023-10-18,0.37744635
2023-10-19,0.37402665
2023-10-20,0.3716247625
2023-10-21,0.36897985
2023-10-22,0.3655386625
2023-10-23,0.3656893125
2023-10-24,0.3676511
2023-10-25,0.3647522625
2023-10-26,0.360953375
2023-10-27,0.3578258125
2023-10-28,0.35492885
2023-10-29,0.352003825
2023-10-30,0.3485654125
2023-10-31,0.3449413375
2023-11-01,0.3397643375
2023-11-02,0.3363373375
2023-11-03,0.333267
2023-11-04,0.3305056125
2023-11-05,0.3279615375
2023-11-06,0.3253306125
2023-11-07,0.3222645125
2023-11-08,0.320220775
2023-11-09,0.3172711625
2023-11-10,0.3149571375
2023-11-11,0.3126723375
2023-11-12,0.30976190000000003
2023-11-13,0.3072956625
2023-11-14,0.3047172875
2023-11-15,0.302197425
2023-11-16,0.3026186375
2023-11-17,0.3290749
2023-11-18,0.337452675
2023-11-19,0.33481856249999997
2023-11-20,0.3328519
2023-11-21,0.3307097375
2023-11-22,0.328764775
2023-11-23,0.3277277625
2023-11-24,0.3261933875
2023-11-25,0.3243854875
2023-11-26,0.322563725
2023-11-27,0.3208240875
2023-11-28,0.3201032
2023-11-29,0.3186704125
2023-11-30,0.316998075
2023-12-01,0.31445545
2023-12-02,0.312183775
2023-12-03,0.3105948
2023-12-04,0.3093912625
2023-12-05,0.3097836125
2023-12-06,0.3091706875
2023-12-07,0.32398808749999997
2023-12-08,0.3263958875
2023-12-09,0.3252264375
2023-12-10,0.3229796875
2023-12-11,0.3229876125
2023-12-12,0.3212518
2023-12-13,0.3195922
2023-12-14,0.3171129125
2023-12-15,0.31602522499999997
2023-12-16,0.31515852499999997
2023-12-17,0.3135687125
2023-12-18,0.31181427500000003
2023-12-19,0.3098174875
2023-12-20,0.30749845
2023-12-21,0.305566275
2023-12-22,0.304886575
2023-12-23,0.3037766875
2023-12-24,0.3028486
2023-12-25,0.3015837125
2023-12-26,0.29985351250000003
2023-12-27,0.29716355
2023-12-28,0.2951574375
2023-12-29,0.293071725
2023-12-30,0.2914184125
2023-12-31,0.2894594375
2024-01-01,0.28764875
2024-01-02,0.285348075
2024-01-03,0.2831933375
2024-01-04,0.280571525
2024-01-05,0.2785507625
2024-01-06,0.2766540375
2024-01-07,0.2736814
2024-01-08,0.272523475
2024-01-09,0.27145095
2024-01-10,0.26947275
2024-01-11,0.2675734625
2024-01-12,0.2652858875
2024-01-13,0.264048275
2024-01-14,0.262800925
2024-01-15,0.26117325
2024-01-16,0.2605773125
2024-01-17,0.2598992625
2024-01-18,0.257924175
2024-01-19,0.2562397
2024-01-20,0.254450375
2024-01-21,0.2531088625
2024-01-22,0.2516779375
2024-01-23,0.2503849125
2024-01-24,0.25049285
2024-01-25,0.25062705
2024-01-26,0.248505925
2024-01-27,0.246161775
2024-01-28,0.2458885125
2024-01-29,0.2443167
2024-01-30,0.24297285000000002
2024-01-31,0.2425709375
2024-02-01,0.241903275
2024-02-02,0.2417051875
2024-02-03,0.2404511125
2024-02-04,0.238152375
2024-02-05,0.23768401249999999
2024-02-06,0.2362582375
2024-02-07,0.2344993875
2024-02-08,0.2320780875
2024-02-09,0.230945925
2024-02-10,0.23001775
2024-02-11,0.22918675
2024-02-12,0.2277981
2024-02-13,0.227453775
2024-02-14,0.22635475
2024-02-15,0.225958125
2024-02-16,0.2239415375
2024-02-17,0.2221568
2024-02-18,0.22062565
2024-02-19,0.21991373749999998
2024-02-20,0.2189284875
2024-02-21,0.21809372500000002
2024-02-22,0.22764695
2024-02-23,0.2356383125
2024-02-24,0.2307100875
2024-02-25,0.2285495625
2024-02-26,0.2264347875
2024-02-27,0.2242665125
2024-02-28,0.220438125
2024-02-29,0.2179969
2024-03-01,0.2163314125
2024-03-02,0.2146843625
2024-03-03,0.2117723
2024-03-04,0.210566125
2024-03-05,0.2090164
2024-03-06,0.2068420125
2024-03-07,0.2042976375
2024-03-08,0.2019665375
2024-03-09,0.200028025
2024-03-10,0.19839152499999999
2024-03-11,0.1964934875
2024-03-12,0.1944899
2024-03-13,0.1926760875
2024-03-14,0.191525225
2024-03-15,0.1896085375
2024-03-16,0.1872544
2024-03-17,0.185570225
2024-03-18,0.1837506625
2024-03-19,0.183184975
2024-03-20,0.1848175125
2024-03-21,0.180288625
2024-03-22,0.17755375
2024-03-23,0.180099475
2024-03-24,0.188994675
2024-03-25,0.1871486625
2024-03-26,0.1830320625
2024-03-27,0.18321535
2024-03-28,0.1852441625
2024-03-29,0.1851014375
2024-03-30,0.19067962500000002
2024-03-31,0.202042175
2024-04-01,0.189986725
2024-04-02,0.18750677500000001
2024-04-03,0.1853223375
2024-04-04,0.182652725
2024-04-05,0.1813051875
2024-04-06,0.179918375
2024-04-07,0.17937615
2024-04-08,0.17839725
2024-04-09,0.1762616125
2024-04-10,0.174991075
2024-04-11,0.1736616875
2024-04-12,0.1731221375
2024-04-13,0.172016
2024-04-14,0.171064975
2024-04-15,0.169799325
2024-04-16,0.17097684999999999
2024-04-17,0.180822225
2024-04-18,0.191362425
2024-04-19,0.18504175
2024-04-20,0.17945187499999998
2024-04-21,0.17731725
2024-04-22,0.17569052500000001
2024-04-23,0.1746437
2024-04-24,0.17334355
2024-04-25,0.173118125
2024-04-26,0.17187349999999998
2024-04-27,0.1708316125
2024-04-28,0.1696070375
2024-04-29,0.1682830625
2024-04-30,0.1670038
2024-05-01,0.165756
2024-05-02,0.1691070125
2024-05-03,0.1701362125
2024-05-04,0.174537775
2024-05-05,0.199942475
2024-05-06,0.214913725
2024-05-07,0.2148437875
2024-05-08,0.20784685
2024-05-09,0.203963575
2024-05-10,0.20446065
2024-05-11,0.20626845
2024-05-12,0.2078302625
2024-05-13,0.20314555
2024-05-14,0.2011823375
2024-05-15,0.1991869875
2024-05-16,0.197371525
2024-05-17,0.1956702875
2024-05-18,0.2018144875
2024-05-19,0.2050386125
2024-05-20,0.2072383625
2024-05-21,0.2062447625
2024-05-22,0.2126004625
2024-05-23,0.2108940875
2024-05-24,0.2063982125
2024-05-25,0.2111405875
2024-05-26,0.2276767
2024-05-27,0.24398495
2024-05-28,0.29136075
2024-05-29,0.281393175
2024-05-30,0.2741059625
2024-05-31,0.27003655
2024-06-01,0.266788225
2024-06-02,0.2650249875
2024-06-03,0.27540888750000003
2024-06-04,0.2942894625
2024-06-05,0.2913804125
2024-06-06,0.2945637
2024-06-07,0.3158267375
2024-06-08,0.3256380125
2024-06-09,0.319811275
2024-06-10,0.320237575
2024-06-11,0.3243392625
2024-06-12,0.320766275
2024-06-13,0.3390149125
2024-06-14,0.35052157500000003
2024-06-15,0.349962
2024-06-16,0.35125595
2024-06-17,0.351377075
2024-06-18,0.3590519625
2024-06-19,0.3766748
2024-06-20,0.37847128750000003
2024-06-21,0.3743633625
2024-06-22,0.3701621375
2024-06-23,0.368323025
2024-06-24,0.3659580125
2024-06-25,0.3643328125
2024-06-26,0.36980623749999997
2024-06-27,0.3789751375
2024-06-28,0.3798488125
2024-06-29,0.3772929625
2024-06-30,0.3812249125
2024-07-01,0.3991688125
2024-07-02,0.40772065
2024-07-03,0.407390875
2024-07-04,0.40357129999999997
2024-07-05,0.4017425125
2024-07-06,0.4002075125
2024-07-07,0.40070905
2024-07-08,0.4009563125
2024-07-09,0.3987562625
2024-07-10,0.3978771
2024-07-11,0.39649406249999997
2024-07-12,0.3943102625
2024-07-13,0.391839475
2024-07-14,0.390519725
2024-07-15,0.396413475
2024-07-16,0.3975919875
2024-07-17,0.3945877625
2024-07-18,0.3975893625
2024-07-19,0.4030829625
2024-07-20,0.3997429625
2024-07-21,0.396734675
2024-07-22,0.3952067375
2024-07-23,0.39154100000000003
2024-07-24,0.3876384625
2024-07-25,0.3870952375
2024-07-26,0.385296275
2024-07-27,0.3825388125
2024-07-28,0.3788778625
2024-07-29,0.37791185
2024-07-30,0.3769495875
2024-07-31,0.3765317875
2024-08-01,0.39090815
2024-08-02,0.4105913125
2024-08-03,0.4117451375
2024-08-04,0.407243375
2024-08-05,0.40413285
2024-08-06,0.40453695
2024-08-07,0.4020515875
2024-08-08,0.399686
2024-08-09,0.3976434625
2024-08-10,0.39507805
2024-08-11,0.39347235
2024-08-12,0.3962147625
2024-08-13,0.3994758
2024-08-14,0.4013965
2024-08-15,0.400656225
2024-08-16,0.39813255
2024-08-17,0.396204025
2024-08-18,0.400458
2024-08-19,0.41164575000000003
2024-08-20,0.4141624625
2024-08-21,0.4255415875
2024-08-22,0.4246501
2024-08-23,0.4223026
2024-08-24,0.419760375
2024-08-25,0.41817661250000004
2024-08-26,0.4166561625
2024-08-27,0.415117275
2024-08-28,0.41368096249999997
2024-08-29,0.4140837375
2024-08-30,0.4121263125
2024-08-31,0.40917041249999997
2024-09-01,0.4073528375
2024-09-02,0.4079514125
2024-09-03,0.4110692
2024-09-04,0.4081808375
2024-09-05,0.4063786
2024-09-06,0.403157075
2024-09-07,0.4056631
2024-09-08,0.40617515
2024-09-09,0.4005620875
2024-09-10,0.39630375
2024-09-11,0.3925991
2024-09-12,0.38973735
2024-09-13,0.3866103625
2024-09-14,0.395232325
2024-09-15,0.401743325
2024-09-16,0.4003481875
2024-09-17,0.3958114875
2024-09-18,0.3915633375
2024-09-19,0.3891768875
2024-09-20,0.3856102875
2024-09-21,0.3842408625
2024-09-22,0.3830707875
2024-09-23,0.38376278750000004
2024-09-24,0.3881641625
2024-09-25,0.39563757499999996
2024-09-26,0.4009148625
2024-09-27,0.3975735625
2024-09-28,0.3928341875
2024-09-29,0.3914900625
2024-09-30,0.39182425
2024-10-01,0.39002763749999997
2024-10-02,0.391176225
2024-10-03,0.398454225
2024-10-04,0.40111445
2024-10-05,0.404446375
2024-10-06,0.4007955375
2024-10-07,0.3983688875
2024-10-08,0.39436648750000003
2024-10-09,0.3926220375
2024-10-10,0.39061144999999997
2024-10-11,0.38951125000000003
2024-10-12,0.3898043875
2024-10-13,0.3854810125
2024-10-14,0.3826118625
2024-10-15,0.380035925
2024-10-16,0.3762441125
2024-10-17,0.37429065
2024-10-18,0.3721038125
2024-10-19,0.367631175
2024-10-20,0.3633042375
2024-10-21,0.35891039999999996
2024-10-22,0.3560965375
2024-10-23,0.3553595375
2024-10-24,0.35622245
2024-10-25,0.3529005875
2024-10-26,0.34864085
2024-10-27,0.343661325
2024-10-28,0.3390212625
2024-10-29,0.3331997375
2024-10-30,0.3306379625
2024-10-31,0.328629825
2024-11-01,0.3237637
2024-11-02,0.3219677125
2024-11-03,0.319781975
2024-11-04,0.31666625
2024-11-05,0.325855925
2024-11-06,0.3487037
2024-11-07,0.3404973375
2024-11-08,0.3349878625
2024-11-09,0.328424575
2024-11-10,0.3254163625
2024-11-11,0.32261995
2024-11-12,0.3182129625
2024-11-13,0.3144137
2024-11-14,0.311310425
2024-11-15,0.308730375
2024-11-16,0.3062638375
2024-11-17,0.302660225
2024-11-18,0.30081815
2024-11-19,0.29844858750000003
2024-11-20,0.294247475
2024-11-21,0.2904861875
2024-11-22,0.2890554125
2024-11-23,0.28669685
2024-11-24,0.284491975
2024-11-25,0.281457225
2024-11-26,0.2797417125
2024-11-27,0.2782158625
2024-11-28,0.27600847500000003
2024-11-29,0.2739036625
2024-11-30,0.2717102
2024-12-01,0.269620125
2024-12-02,0.2673030625
2024-12-03,0.26324332500000003
2024-12-04,0.2611644625
2024-12-05,0.26060265
2024-12-06,0.2587671375
2024-12-07,0.2567550125
2024-12-08,0.25536025
2024-12-09,0.2539897875
2024-12-10,0.25272032499999997
2024-12-11,0.2506056
2024-12-12,0.2493979625
2024-12-13,0.24783088749999999
2024-12-14,0.24699165
2024-12-15,0.245870675
2024-12-16,0.2422074625
2024-12-17,0.241579775
2024-12-18,0.2410602
2024-12-19,0.23824775
2024-12-20,0.2387581375
2024-12-21,0.240880225
2024-12-22,0.238279625
2024-12-23,0.233791675
2024-12-24,0.2312972875
2024-12-25,0.229805125
2024-12-26,0.2281603375
2024-12-27,0.2268047875
2024-12-28,0.225983375
2024-12-29,0.2250693875
2024-12-30,0.2248312375
2024-12-31,0.22455097499999999
2025-01-01,0.2219818
2025-01-02,0.221442575
2025-01-03,0.22098181249999999
2025-01-04,0.2181205125
2025-01-05,0.2176061875
2025-01-06,0.2177294
2025-01-07,0.21623296250000001
2025-01-08,0.214946725
2025-01-09,0.213846625
2025-01-10,0.2136613625
2025-01-11,0.21326895
2025-01-12,0.2093386
2025-01-13,0.209070125
2025-01-14,0.208768575
2025-01-15,0.2077358
2025-01-16,0.2066682875
2025-01-17,0.2053459375
2025-01-18,0.2053525
2025-01-19,0.2050925875
2025-01-20,0.203366575
2025-01-21,0.2035465375
2025-01-22,0.2035428625
2025-01-23,0.2026238
2025-01-24,0.2017084125
2025-01-25,0.201801225
2025-01-26,0.2019448875
2025-01-27,0.20199385
2025-01-28,0.20114023749999999
2025-01-29,0.20088865
2025-01-30,0.2021328625
2025-01-31,0.201376675
2025-02-01,0.2007435625
2025-02-02,0.2003991375
2025-02-03,0.199518025
2025-02-04,0.1986644125
2025-02-05,0.1983349625
2025-02-06,0.19840349999999998
2025-02-07,0.1987905625
2025-02-08,0.1972278875
2025-02-09,0.19605910000000001
2025-02-10,0.1964143625
2025-02-11,0.19579615
2025-02-12,0.195315475
2025-02-13,0.1938826375
2025-02-14,0.19316735
2025-02-15,0.1921467875
2025-02-16,0.1910817
2025-02-17,0.1900673125
2025-02-18,0.1912017125
2025-02-19,0.1912142625
2025-02-20,0.19040137499999998
2025-02-21,0.187546125
2025-02-22,0.1875694875
2025-02-23,0.18877385
2025-02-24,0.1875655375
2025-02-25,0.1859083875
2025-02-26,0.1844164875
2025-02-27,0.18323095
2025-02-28,0.182174725
2025-03-01,0.1805890375
2025-03-02,0.17947075
2025-03-03,0.17868595
2025-03-04,0.177257675
2025-03-05,0.1757619375
2025-03-06,0.1737872875
2025-03-07,0.1728417375
2025-03-08,0.1720398875
2025-03-09,0.17139726249999998
2025-03-10,0.1698580375
2025-03-11,0.1682500875
2025-03-12,0.1671145375
2025-03-13,0.16622067499999998
2025-03-14,0.1645805625
2025-03-15,0.1641756375
2025-03-16,0.165714575
2025-03-17,0.1681932625
2025-03-18,0.1673534375
2025-03-19,0.1659120125
2025-03-20,0.162885275
2025-03-21,0.1620459375
2025-03-22,0.160900175
2025-03-23,0.1603771125
2025-03-24,0.1590040375
2025-03-25,0.1577340125
2025-03-26,0.1572474
2025-03-27,0.15663055
2025-03-28,0.15546959999999999
2025-03-29,0.1543481125
2025-03-30,0.1541365625
2025-03-31,0.1534755875
2025-04-01,0.152941575
2025-04-02,0.152426975
2025-04-03,0.1518934875
2025-04-04,0.1510791
2025-04-05,0.150226875
2025-04-06,0.150837325
2025-04-07,0.148759025
2025-04-08,0.148188025
2025-04-09,0.1476198125
2025-04-10,0.1471983625
2025-04-11,0.1472246375
2025-04-12,0.146363
2025-04-13,0.1456117375
2025-04-14,0.1451977
2025-04-15,0.1451320875
2025-04-16,0.1529032625
2025-04-17,0.171087175
2025-04-18,0.1650194875
2025-04-19,0.1624091
2025-04-20,0.1701575125
2025-04-21,0.180200125
2025-04-22,0.1726440375
2025-04-23,0.169372625
2025-04-24,0.167767625
2025-04-25,0.16634625
2025-04-26,0.16481155
2025-04-27,0.164844325
2025-04-28,0.17629748750000002
2025-04-29,0.1788599625
2025-04-30,0.17027875
2025-05-01,0.1701785875
2025-05-02,0.1705907
2025-05-03,0.16835385
2025-05-04,0.167547075
2025-05-05,0.166295375
2025-05-06,0.16634365
2025-05-07,0.1667342875
2025-05-08,0.1646034625
2025-05-09,0.163611325
2025-05-10,0.163910675
2025-05-11,0.173077
2025-05-12,0.2029904125
2025-05-13,0.1980282375
2025-05-14,0.1965275875
2025-05-15,0.1976713375
2025-05-16,0.200991425
2025-05-17,0.210447975
2025-05-18,0.21250805
2025-05-19,0.211803525
2025-05-20,0.2240164375
2025-05-21,0.2351162
2025-05-22,0.247849875
2025-05-23,0.243004425
2025-05-24,0.2395965875
2025-05-25,0.239887525
2025-05-26,0.2401704875
2025-05-27,0.240760425
2025-05-28,0.2383544125
2025-05-29,0.2648684125
2025-05-30,0.2946918625
2025-05-31,0.2984124
2025-06-01,0.3067891125
2025-06-02,0.3117530375
2025-06-03,0.31218321250000003
2025-06-04,0.3156571875
2025-06-05,0.3108005125
2025-06-06,0.309114375
2025-06-07,0.3118762875
2025-06-08,0.307220975
2025-06-09,0.3031276
2025-06-10,0.3110199
2025-06-11,0.321607925
2025-06-12,0.31337235
2025-06-13,0.31047346249999996
2025-06-14,0.311512
2025-06-15,0.31133191250000003
2025-06-16,0.309973375
2025-06-17,0.31186532499999997
2025-06-18,0.3137726625
2025-06-19,0.311903975
2025-06-20,0.3085992125
2025-06-21,0.305969375
2025-06-22,0.305025475
2025-06-23,0.304179525
2025-06-24,0.3065225375
2025-06-25,0.30978425
2025-06-26,0.3057770875
2025-06-27,0.302246175
2025-06-28,0.298499775
2025-06-29,0.295819225
2025-06-30,0.294005325
2025-07-01,0.29399955
2025-07-02,0.2912491
2025-07-03,0.2870550875
2025-07-04,0.2851912625
2025-07-05,0.2833566125
2025-07-06,0.2827401875
2025-07-07,0.2850851375
2025-07-08,0.3074442
2025-07-09,0.3407367
2025-07-10,0.344782575
2025-07-11,0.337786875
2025-07-12,0.335581275
2025-07-13,0.3429103875
2025-07-14,0.3580143875
2025-07-15,0.3540840875
2025-07-16,0.3630339875
2025-07-17,0.3772802
2025-07-18,0.3719428125
2025-07-19,0.36801863749999997
2025-07-20,0.373329925
2025-07-21,0.3715813625
2025-07-22,0.373507775
2025-07-23,0.3704485875
2025-07-24,0.3818083375
2025-07-25,0.379169675
2025-07-26,0.37392346249999997
2025-07-27,0.3752635625
2025-07-28,0.3806280375
2025-07-29,0.3781846875
2025-07-30,0.374754675
2025-07-31,0.3738925625
2025-08-01,0.3725947375
2025-08-02,0.3707032
2025-08-03,0.37000754999999996
2025-08-04,0.3758538875
2025-08-05,0.381273475
2025-08-06,0.3859485
2025-08-07,0.39084495
2025-08-08,0.38769407499999997
2025-08-09,0.38370135
2025-08-10,0.380254825
2025-08-11,0.3778631625
2025-08-12,0.3788905375
2025-08-13,0.391382075
2025-08-14,0.3913224
2025-08-15,0.392770775
2025-08-16,0.400178825
2025-08-17,0.4009558625
2025-08-18,0.3987332
2025-08-19,0.394130725
2025-08-20,0.3894490625
2025-08-21,0.389161825
2025-08-22,0.3872811625
2025-08-23,0.38629043750000003
2025-08-24,0.3840747875
2025-08-25,0.382988825
2025-08-26,0.390742275
2025-08-27,0.3896991875
2025-08-28,0.38426126250000003
2025-08-29,0.382002825
2025-08-30,0.3815741375
2025-08-31,0.3792191875
2025-09-01,0.3765459375
2025-09-02,0.3764466375
2025-09-03,0.3734932875
2025-09-04,0.3703916375
2025-09-05,0.3684845875
2025-09-06,0.3741142625
2025-09-07,0.388104225
2025-09-08,0.3802874125
2025-09-09,0.3764333875
2025-09-10,0.3767775125
2025-09-11,0.3784675
2025-09-12,0.380760275
2025-09-13,0.3846910125
2025-09-14,0.39715266250000003
2025-09-15,0.3978429625
2025-09-16,0.39575675
2025-09-17,0.392103525
2025-09-18,0.3899038875
2025-09-19,0.38849408750000003
2025-09-20,0.38723145000000003
2025-09-21,0.3870176125
2025-09-22,0.3937256625
2025-09-23,0.38958326249999997
2025-09-24,0.38761725
2025-09-25,0.38814423750000004
2025-09-26,0.3856606125
2025-09-27,0.383418925
2025-09-28,0.38277445
2025-09-29,0.3804924375
2025-09-30,0.3820518875
2025-10-01,0.3921594125
2025-10-02,0.3904052375
2025-10-03,0.3884147625
2025-10-04,0.385170425
2025-10-05,0.3824448125
2025-10-06,0.383011625
2025-10-07,0.384541425
2025-10-08,0.3842790625
2025-10-09,0.3838132375
2025-10-10,0.383648
2025-10-11,0.38626765
2025-10-12,0.38310492500000004
2025-10-13,0.3790289625
2025-10-14,0.3752697125
2025-10-15,0.371968425
2025-10-16,0.3677130625
2025-10-17,0.3645899
2025-10-18,0.361258875
2025-10-19,0.3561489875
2025-10-20,0.3490337625
2025-10-21,0.342868925
2025-10-22,0.337779725
2025-10-23,0.3331005375
2025-10-24,0.3300608875
2025-10-25,0.3264494625
2025-10-26,0.323039125
2025-10-27,0.3194963
2025-10-28,0.3153163625
2025-10-29,0.3126119375
2025-10-30,0.311726175
2025-10-31,0.31297508749999997
2025-11-01,0.315331375
2025-11-02,0.32269095000000003
2025-11-03,0.31754092500000003
2025-11-04,0.308836075
2025-11-05,0.3071487125
2025-11-06,0.30501883750000003
2025-11-07,0.30085491249999996
2025-11-08,0.2967009875
2025-11-09,0.2951202125
2025-11-10,0.293177475
2025-11-11,0.2909636
2025-11-12,0.286583725
2025-11-13,0.283617925
2025-11-14,0.2812028125
2025-11-15,0.28041553750000003
2025-11-16,0.2792044125
2025-11-17,0.276142175
2025-11-18,0.2739199375
2025-11-19,0.2713934
2025-11-20,0.2690164875
2025-11-21,0.2666155125
2025-11-22,0.2646311375
2025-11-23,0.262697275
2025-11-24,0.26067055
2025-11-25,0.25942155
2025-11-26,0.25690135
2025-11-27,0.2544519625
2025-11-28,0.2528602625
2025-11-29,0.2511670375
2025-11-30,0.24968746249999998
2025-12-01,0.2463292375
2025-12-02,0.243515475
2025-12-03,0.2425762
2025-12-04,0.2416664625
2025-12-05,0.2405254625
2025-12-06,0.239628525
2025-12-07,0.2375948875
2025-12-08,0.2367562375
2025-12-09,0.2335785375
2025-12-10,0.23052055
2025-12-11,0.230947725
2025-12-12,0.22924012500000002
2025-12-13,0.2275233875
2025-12-14,0.2265140875
2025-12-15,0.22532973750000002
2025-12-16,0.2245234375
2025-12-17,0.2229256875
2025-12-18,0.2213761125
2025-12-19,0.22071445
2025-12-20,0.220091875
2025-12-21,0.2194137375
2025-12-22,0.21795585
2025-12-23,0.2170233375
2025-12-24,0.2163187875
2025-12-25,0.21481272499999998
2025-12-26,0.213311525
2025-12-27,0.2117734125
2025-12-28,0.2107097125
2025-12-29,0.20974265
2025-12-30,0.2093428375
2025-12-31,0.208231575
2026-01-01,0.20719455
2026-01-02,0.2058639625
2026-01-03,0.204659
2026-01-04,0.2042623375
2026-01-05,0.203928925
2026-01-06,0.203596125
2026-01-07,0.2033336625
2026-01-08,0.202180575
2026-01-09,0.201909
2026-01-10,0.199431475
2026-01-11,0.19726602499999998
2026-01-12,0.1977571375
2026-01-13,0.1968670125
2026-01-14,0.1959803
2026-01-15,0.1962154375
2026-01-16,0.1956882625
2026-01-17,0.1949119125
2026-01-18,0.1932541125
2026-01-19,0.1917517375
2026-01-20,0.19357885
2026-01-21,0.1933257125
2026-01-22,0.19306808749999999
2026-01-23,0.19226827500000002
2026-01-24,0.19204075
2026-01-25,0.193472325
2026-01-26,0.192027125
2026-01-27,0.19081585
2026-01-28,0.19255475
2026-01-29,0.1917386875
2026-01-30,0.1909277
2026-01-31,0.189956225
2026-02-01,0.19037975000000001
2026-02-02,0.191533525
2026-02-03,0.19045515
2026-02-04,0.18969097499999998
2026-02-05,0.190784575
2026-02-06,0.1896493625
2026-02-07,0.1888521125
2026-02-08,0.1879181375
2026-02-09,0.1880914
2026-02-10,0.1887865625
2026-02-11,0.1881642375
2026-02-12,0.1872726625
2026-02-13,0.18709695
2026-02-14,0.185869025
2026-02-15,0.184589475
2026-02-16,0.1851739375
2026-02-17,0.1849225875
2026-02-18,0.1845340125
2026-02-19,0.183468775
2026-02-20,0.1825557125
2026-02-21,0.1819192625
2026-02-22,0.18118323749999998
2026-02-23,0.180758825
2026-02-24,0.1792889625
2026-02-25,0.1788544125
2026-02-26,0.1789362375
2026-02-27,0.17816442500000002
2026-02-28,0.177297775
2026-03-01,0.176050325
2026-03-02,0.1747458125
2026-03-03,0.17334595
2026-03-04,0.1723274
2026-03-05,0.17130635
2026-03-06,0.1705361625
2026-03-07,0.16937649999999999
2026-03-08,0.169171075
2026-03-09,0.1675646125
2026-03-10,0.1661749375
2026-03-11,0.164907075
2026-03-12,0.165789525
2026-03-13,0.178176325
2026-03-14,0.161582175
2026-03-15,0.16238645000000002
2026-03-16,0.16202575
2026-03-17,0.1605339875
2026-03-18,0.1705393625
2026-03-19,0.19122505
2026-03-20,0.1874656875
2026-03-21,0.18775665
2026-03-22,0.1769141875
2026-03-23,0.1749544125
2026-03-24,0.17362155
2026-03-25,0.17377715
2026-03-26,0.1738743375
2026-03-27,0.17163857500000002
2026-03-28,0.1746487625
2026-03-29,0.1737407625
2026-03-30,0.1737523125
2026-03-31,0.1784817375
2026-04-01,0.182987925
2026-04-02,0.1741587875
2026-04-03,0.173599175
2026-04-04,0.171609375
2026-04-05,0.170574125
2026-04-06,0.1693895875
2026-04-07,0.169010725
2026-04-08,0.169107425
2026-04-09,0.1715020375
2026-04-10,0.17001721250000001
2026-04-11,0.1676233375
2026-04-12,0.16566301249999998
2026-04-13,0.16678815
2026-04-14,0.169126875
2026-04-15,0.1656974875
2026-04-16,0.1637072
2026-04-17,0.1621326625
2026-04-18,0.1638719125
2026-04-19,0.16663012500000002
2026-04-20,0.16341855
2026-04-21,0.1625883625
2026-04-22,0.1619428375
2026-04-23,0.1606713875
2026-04-24,0.159249675
2026-04-25,0.1580832125
2026-04-26,0.164593225
2026-04-27,0.1934164
2026-04-28,0.2040584875
2026-04-29,0.212377225
2026-04-30,0.2140520625
2026-05-01,0.2086325625
2026-05-02,0.21059392500000002
2026-05-03,0.22136358750000001
2026-05-04,0.241809425
2026-05-05,0.23624445
2026-05-06,0.2411956375
2026-05-07,0.2470773125
2026-05-08,0.2417805125
2026-05-09,0.23887285
2026-05-10,0.2385612625
2026-05-11,0.24193681250000001
2026-05-12,0.239617675
2026-05-13,0.2371735
2026-05-14,0.2398984
2026-05-15,0.24116645
2026-05-16,0.2439368
2026-05-17,0.2538609625
2026-05-18,0.26702027500000003
2026-05-19,0.26330345
2026-05-20,0.2595479375
2026-05-21,0.256450825
2026-05-22,0.25738911249999996
2026-05-23,0.2624655125
2026-05-24,0.267339475
2026-05-25,0.27647865
2026-05-26,0.2965874125
2026-05-27,0.30505591249999997
2026-05-28,0.3112756375
2026-05-29,0.3044237125
2026-05-30,0.2993047125
2026-05-31,0.2942930875
2026-06-01,0.2907955375
2026-06-02,0.28949935
2026-06-03,0.2846511875
2026-06-04,0.2839758625
2026-06-05,0.2870440875
2026-06-06,0.283745325
2026-06-07,0.28182209999999996
2026-06-08,0.280778925
2026-06-09,0.2819068875
2026-06-10,0.287872175
2026-06-11,0.2910050375
2026-06-12,0.29685115
2026-06-13,0.29786263749999997
2026-06-14,0.2961009625
2026-06-15,0.296678025
2026-06-16,0.2979006125
2026-06-17,0.298625625
2026-06-18,0.302929825
2026-06-19,0.3013306375
2026-06-20,0.297110475
2026-06-21,0.3043835125
2026-06-22,0.313389025
2026-06-23,0.3088405375
2026-06-24,0.30646826250000003
2026-06-25,0.303261125
2026-06-26,0.3016269875
2026-06-27,0.29629466250000003
2026-06-28,0.2915249125
2026-06-29,0.29203925000000003
2026-06-30,0.2891497625
2026-07-01,0.2910520625
2026-07-02,0.29289977500000003
2026-07-03,0.29476685
2026-07-04,0.3081121
2026-07-05,0.3145201375
2026-07-06,0.309241525
2026-07-07,0.3174572875
2026-07-08,0.3350861875
2026-07-09,0.341862275
2026-07-10,0.3428135875
2026-07-11,0.3443715
2026-07-12,0.3590343125
2026-07-13,0.3612819
2026-07-14,0.3552124125
2026-07-15,0.36571458749999997
2026-07-16,0.3631991375
2026-07-17,0.3611625875
2026-07-18,0.3633726
2026-07-19,0.35854980000000003
2026-07-20,0.3616939125
2026-07-21,0.35811985
2026-07-22,0.3574028
2026-07-23,0.36546505
2026-07-24,0.3604090625
2026-07-25,0.35535490000000003
2026-07-26,0.3566059
2026-07-27,0.352720925
2026-07-28,0.34989061250000003
2026-07-29,0.3493615625
2026-07-30,0.3517040625
2026-07-31,0.3494791375
2026-08-01,0.3469732875
2026-08-02,0.3454537125
2026-08-03,0.34373415
2026-08-04,0.34649625
2026-08-05,0.3501417375
2026-08-06,0.3558752875
2026-08-07,0.3550910625
2026-08-08,0.3549007625
2026-08-09,0.354192075
2026-08-10,0.35669075
2026-08-11,0.36093485000000003
2026-08-12,0.3606092375
2026-08-13,0.35556543749999997
2026-08-14,0.3530616875
2026-08-15,0.3506234875
2026-08-16,0.347121
2026-08-17,0.34765148749999997
2026-08-18,0.346344525
2026-08-19,0.34326887500000003
2026-08-20,0.341702975
2026-08-21,0.3439275375
2026-08-22,0.3603681
2026-08-23,0.3739333375
2026-08-24,0.3705638125
2026-08-25,0.3661994375
2026-08-26,0.3624160375
2026-08-27,0.3634511125
2026-08-28,0.3684098125
2026-08-29,0.3718699875
2026-08-30,0.3671665875
2026-08-31,0.3637790875
2026-09-01,0.367193425
2026-09-02,0.3703953875
2026-09-03,0.3698844625
2026-09-04,0.367241425
2026-09-05,0.3654879625
2026-09-06,0.3650051375
2026-09-07,0.3623469875
2026-09-08,0.36115535
2026-09-09,0.3625329875
2026-09-10,0.3623142625
2026-09-11,0.3635910375
2026-09-12,0.3594161125
2026-09-13,0.356698175
2026-09-14,0.35384265
2026-09-15,0.3504032375
2026-09-16,0.35117791249999997
2026-09-17,0.3495888125
2026-09-18,0.3475107125
2026-09-19,0.34825905
2026-09-20,0.3612272125
